SYMBOL,SERIES,OPEN_PRICE,HIGH_PRICE,LOW_PRICE,CLOSE_PRICE,PREV_CLOSE,TTL_TRD_QNTY,TURNOVER_LACS,DATE
20MICRONS,EQ,208.0,210.58,203.5,204.56,207.87,70093,144.16,2026-10-07
21STCENMGM,EQ,38.4,39.12,37.69,39.12,38.36,7291,2.83,2026-10-07
360ONE,EQ,1060.2,1070.8,1053.7,1063.0,1069.5,246152,2621.34,2026-10-07
3BBLACKBIO,EQ,1606.0,1667.9,1576.5,1615.5,1575.1,11520,187.78,2026-10-07
3MINDIA,EQ,30910.0,31250.0,30475.0,30825.0,30840.0,12866,3963.32,2026-10-07
3PLAND,EQ,30.75,30.9,30.36,30.8,30.75,282,0.09,2026-10-07
5PAISA,EQ,349.05,352.95,344.3,348.0,349.7,25160,87.78,2026-10-07
63MOONS,EQ,791.0,806.7,775.95,783.2,792.95,164400,1298.2,2026-10-07
A2ZINFRA,EQ,13.71,14.28,13.71,14.1,14.0,177440,24.91,2026-10-07
AAATECH,EQ,103.51,111.0,103.51,106.79,103.53,416475,444.16,2026-10-07
AADHARHFC,EQ,451.05,460.25,443.15,455.05,453.8,218913,987.08,2026-10-07
AAKASH,EQ,8.21,8.4,8.15,8.24,8.21,80907,6.65,2026-10-07
AAREYDRUGS,EQ,108.1,110.0,104.48,108.81,107.85,497489,540.29,2026-10-07
AARON,EQ,123.63,124.0,120.5,122.5,122.31,6844,8.41,2026-10-07
AARTIDRUGS,EQ,425.0,429.95,415.0,417.55,428.8,147075,617.78,2026-10-07
AARTIIND,EQ,481.75,492.9,478.4,491.25,481.15,570690,2782.23,2026-10-07
AARTIPHARM,EQ,980.05,980.5,950.0,953.35,975.0,522298,5023.32,2026-10-07
AARVI,EQ,139.3,141.9,136.0,140.71,138.82,11004,15.4,2026-10-07
AASTHA,EQ,29.7,31.0,29.62,30.12,29.54,579923,175.71,2026-10-07
AAVAS,EQ,1218.0,1236.6,1194.0,1231.7,1215.1,44345,541.49,2026-10-07
ABANSENT,EQ,27.51,27.78,26.75,27.66,27.51,3518,0.96,2026-10-07
ABB,EQ,7122.5,7122.5,6989.0,7005.0,7122.5,133622,9384.33,2026-10-07
ABBOTINDIA,EQ,26150.0,26200.0,25950.0,26095.0,26115.0,8952,2332.76,2026-10-07
ABCAPITAL,EQ,377.5,380.2,370.05,372.1,378.9,4394040,16364.33,2026-10-07
ABCOTS,EQ,195.0,195.0,192.0,192.07,193.34,6530,12.7,2026-10-07
ABDL,EQ,719.6,719.6,690.3,694.25,714.65,398467,2803.66,2026-10-07
ABFRL,EQ,45.49,45.55,44.48,44.62,45.68,4104346,1845.38,2026-10-07
ABGSEC,EQ,113.01,113.56,112.99,112.99,112.93,15,0.02,2026-10-07
ABLBL,EQ,73.0,76.46,72.61,73.69,73.16,8210032,6141.29,2026-10-07
ABMKNO,EQ,165.87,169.99,164.0,169.0,165.87,482,0.81,2026-10-07
ABREL,EQ,1080.9,1090.0,1040.2,1049.4,1078.0,209940,2227.03,2026-10-07
ABSL10BANK,EQ,163.61,163.61,163.61,163.61,163.1,1,0.0,2026-10-07
ABSLAMC,EQ,1009.65,1040.4,1009.65,1015.5,1009.65,201360,2073.8,2026-10-07
ABSLBANETF,EQ,56.15,56.8,56.15,56.5,56.46,274613,155.38,2026-10-07
ABSLLIQUID,EQ,999.99,1000.01,999.99,999.99,999.99,7796,77.96,2026-10-07
ABSLMSCIN,EQ,27.71,28.0,27.71,27.89,27.82,2595,0.72,2026-10-07
ABSLNN50ET,EQ,75.17,75.17,73.1,73.35,75.28,30721,22.57,2026-10-07
ABSLPSE,EQ,9.97,9.97,9.63,9.65,9.75,54550,5.28,2026-10-07
ACC,EQ,1180.0,1182.7,1160.1,1165.5,1177.0,95185,1112.88,2026-10-07
ACCELYA,EQ,1102.8,1108.5,1097.0,1100.1,1097.5,50002,550.29,2026-10-07
ACCURACY,EQ,4.08,4.19,3.97,4.17,4.1,106788,4.4,2026-10-07
ACE,EQ,1251.0,1263.0,1235.9,1249.9,1252.2,245926,3079.64,2026-10-07
ACEINTEG,EQ,17.35,17.35,16.37,16.84,17.03,885,0.15,2026-10-07
ACEVECTOR,EQ,25.8,31.11,25.27,31.11,25.93,66714951,19609.11,2026-10-07
ACGL,EQ,1740.0,1784.3,1696.5,1703.8,1723.7,481,8.33,2026-10-07
ACI,EQ,471.4,478.05,466.85,476.2,474.5,110914,525.57,2026-10-07
ACL,EQ,39.94,39.94,39.2,39.41,39.67,2786,1.1,2026-10-07
ACMESOLAR,EQ,450.0,450.0,433.4,436.15,448.2,813273,3551.91,2026-10-07
ACUTAAS,EQ,3160.0,3194.1,3136.1,3174.2,3156.7,209529,6620.42,2026-10-07
ADANIENSOL,EQ,1349.9,1370.5,1305.1,1318.8,1350.1,1468657,19585.31,2026-10-07
ADANIENT,EQ,2827.0,2848.3,2732.0,2743.0,2849.9,1738033,48078.79,2026-10-07
ADANIGREEN,EQ,1313.0,1377.8,1310.7,1341.4,1313.0,6420423,86998.54,2026-10-07
ADANIPORTS,EQ,1782.5,1786.0,1739.4,1750.1,1783.4,1187835,20948.61,2026-10-07
ADANIPOWER,EQ,202.0,203.45,196.0,196.94,202.4,18844725,37407.42,2026-10-07
ADDIND,EQ,80.48,81.0,71.65,73.88,78.9,315,0.25,2026-10-07
ADFFOODS,EQ,295.0,297.9,290.35,291.7,293.1,217579,638.12,2026-10-07
ADL,EQ,76.2,76.2,71.23,72.29,76.2,443,0.32,2026-10-07
ADOR,EQ,1549.8,1574.9,1517.0,1552.1,1535.0,26360,408.08,2026-10-07
ADSL,EQ,102.39,104.28,101.32,102.04,103.82,137109,140.69,2026-10-07
ADVAIT,EQ,1958.0,1958.0,1883.2,1910.8,1946.9,29825,570.0,2026-10-07
ADVANCE,EQ,118.34,120.0,115.28,117.49,117.76,100984,118.42,2026-10-07
ADVANIHOTR,EQ,47.94,48.4,47.5,47.91,47.51,14589,7.0,2026-10-07
ADVENTHTL,EQ,122.5,125.45,120.15,121.77,122.21,121576,149.71,2026-10-07
ADVENZYMES,EQ,273.1,274.95,269.25,270.05,273.1,186349,505.92,2026-10-07
ADVIKCA,EQ,0.99,1.01,0.95,0.98,0.99,559603,5.46,2026-10-07
AEGISLOG,EQ,1399.1,1481.0,1383.4,1460.2,1395.9,1713087,24844.85,2026-10-07
AEGISVOPAK,EQ,294.0,301.8,290.5,294.25,293.35,1371001,4074.81,2026-10-07
AEPL,EQ,14.66,15.8,14.66,15.04,15.2,37730,5.72,2026-10-07
AEQUS,EQ,284.75,292.15,278.55,288.15,286.1,4796952,13682.67,2026-10-07
AEROENTER,EQ,131.9,131.9,128.2,129.01,132.56,422833,548.54,2026-10-07
AEROFLEX,EQ,566.4,567.0,550.35,563.85,560.75,1019697,5707.27,2026-10-07
AERONEU,EQ,69.5,71.0,69.31,70.21,69.97,40034,28.11,2026-10-07
AEROPLANE,EQ,208.4,219.7,208.4,218.44,209.24,1610248,3466.8,2026-10-07
AETHER,EQ,1781.1,1807.9,1770.5,1787.6,1799.8,273746,4901.01,2026-10-07
AFCONS,EQ,240.95,245.7,240.17,244.38,242.15,230744,561.81,2026-10-07
AFFLE,EQ,1450.2,1453.0,1428.0,1436.0,1450.2,116544,1678.23,2026-10-07
AFFORDABLE,EQ,163.0,168.0,161.86,165.3,163.67,6653,10.96,2026-10-07
AFIL,EQ,7.93,7.95,6.95,7.54,7.9,1086225,80.66,2026-10-07
AFSL,EQ,201.01,202.5,201.0,201.0,201.0,1915,3.85,2026-10-07
AGARIND,EQ,396.5,397.35,387.55,388.9,396.5,18567,72.76,2026-10-07
AGARWALEYE,EQ,480.25,490.0,479.1,483.25,486.85,199969,966.85,2026-10-07
AGI,EQ,786.0,795.75,773.3,787.5,786.4,85348,670.31,2026-10-07
AGIIL,EQ,259.0,259.65,255.3,257.15,259.1,199474,513.54,2026-10-07
AGL,EQ,12.71,13.13,12.51,12.63,12.77,853864,109.1,2026-10-07
AGRITECH,EQ,89.99,89.99,86.15,87.1,87.68,4222,3.69,2026-10-07
AGROPHOS,EQ,21.92,23.97,21.92,23.38,21.92,29816,6.9,2026-10-07
AHCL,EQ,28.18,28.18,28.18,28.18,29.66,2139001,602.77,2026-10-07
AHLADA,EQ,39.78,39.79,35.75,38.8,38.33,9920,3.73,2026-10-07
AHLEAST,EQ,134.16,138.88,134.15,134.95,135.74,804,1.09,2026-10-07
AHLUCONT,EQ,574.95,574.95,558.0,561.5,576.05,28075,158.59,2026-10-07
AIAENG,EQ,3933.0,3933.0,3825.6,3858.0,3914.7,45135,1747.38,2026-10-07
AIIL,EQ,554.7,555.8,545.45,549.65,550.15,81517,449.54,2026-10-07
AIRAN,EQ,15.4,15.77,15.12,15.32,15.4,45744,7.04,2026-10-07
AIROLAM,EQ,88.02,95.11,88.02,91.07,88.29,15611,14.57,2026-10-07
AJANTPHARM,EQ,3573.4,3611.0,3529.3,3569.8,3573.4,93213,3336.48,2026-10-07
AJAXENGG,EQ,589.0,589.0,579.0,582.75,585.85,33509,195.41,2026-10-07
AJMERA,EQ,116.5,118.85,115.01,117.99,116.24,151319,177.57,2026-10-07
AJOONI,EQ,3.06,3.11,2.95,3.01,3.08,1091559,32.91,2026-10-07
AKASH,EQ,25.15,25.9,24.4,24.66,24.81,5765,1.45,2026-10-07
AKCAPIT,EQ,1730.0,1751.0,1689.4,1747.2,1709.1,683,11.82,2026-10-07
AKG,EQ,9.42,9.46,9.32,9.38,9.38,30881,2.89,2026-10-07
AKSHAR,EQ,0.41,0.43,0.41,0.42,0.41,1144299,4.8,2026-10-07
AKUMS,EQ,819.8,833.0,814.65,822.55,814.65,153950,1269.2,2026-10-07
ALANKIT,EQ,7.58,8.25,7.55,7.71,7.58,177413,13.77,2026-10-07
ALBERTDAVD,EQ,827.3,838.55,807.2,812.75,839.1,4818,39.41,2026-10-07
ALEMBICLTD,EQ,105.0,105.28,102.81,103.57,104.99,360068,374.11,2026-10-07
ALFREDHE,EQ,2727.2,2770.0,2727.2,2769.6,2750.0,10,0.27,2026-10-07
ALGOQUANT,EQ,70.56,73.73,69.37,70.2,70.56,1930088,1378.68,2026-10-07
ALICON,EQ,871.2,909.0,855.0,901.4,866.9,131461,1168.56,2026-10-07
ALIVUS,EQ,1389.9,1389.9,1361.6,1370.2,1384.0,79355,1091.49,2026-10-07
ALKEM,EQ,5297.0,5404.5,5292.0,5350.5,5292.0,205152,10973.54,2026-10-07
ALKYLAMINE,EQ,1925.2,1930.0,1886.1,1918.9,1962.2,189986,3624.93,2026-10-07
ALLCARGO,EQ,10.5,10.52,10.22,10.28,10.5,3180670,328.61,2026-10-07
ALLDIGI,EQ,772.1,790.0,768.65,783.8,768.1,4506,35.16,2026-10-07
ALLTIME,EQ,184.79,188.8,181.55,184.43,184.36,66197,121.99,2026-10-07
ALOKINDS,EQ,8.0,8.5,7.95,8.29,7.83,63108260,5224.63,2026-10-07
ALPA,EQ,59.0,59.68,57.42,57.71,58.73,8674,5.04,2026-10-07
ALPHA,EQ,52.78,53.0,52.25,52.84,52.7,1387540,732.2,2026-10-07
ALPHAETF,EQ,25.37,25.61,25.37,25.49,25.61,221770,56.55,2026-10-07
ALPINETEX,EQ,45.79,47.59,45.79,46.04,46.44,107857,50.27,2026-10-07
ALPL30IETF,EQ,25.97,25.99,25.71,25.78,25.98,122033,31.49,2026-10-07
ALUFLUOR,EQ,617.25,658.95,609.7,649.15,619.45,22254,142.65,2026-10-07
AMAGI,EQ,558.55,568.95,557.2,561.45,564.15,140264,787.52,2026-10-07
AMAL,EQ,754.95,817.0,753.7,798.05,753.7,69704,554.28,2026-10-07
AMARJOTHI,EQ,150.45,150.45,147.05,147.12,149.05,636,0.95,2026-10-07
AMBER,EQ,6810.0,6925.0,6767.5,6925.0,6869.0,91287,6256.48,2026-10-07
AMBICAAGAR,EQ,24.1,25.25,23.0,23.53,24.42,15438,3.64,2026-10-07
AMBIKCO,EQ,1535.1,1554.0,1495.0,1504.9,1532.7,5825,87.88,2026-10-07
AMBUJACEM,EQ,362.4,362.75,352.45,356.9,361.55,3466426,12352.51,2026-10-07
AMJLAND,EQ,38.0,38.0,36.81,37.35,37.66,1369,0.51,2026-10-07
AMNPLST,EQ,185.61,185.61,170.4,172.6,186.92,40282,70.73,2026-10-07
AMRUTANJAN,EQ,522.0,526.95,517.0,521.55,523.7,21130,110.12,2026-10-07
ANANDRATHI,EQ,2149.0,2167.5,2120.9,2127.2,2142.0,282649,6054.13,2026-10-07
ANANTRAJ,EQ,613.7,622.55,601.55,612.15,608.9,2034133,12485.63,2026-10-07
ANDHRAPAP,EQ,70.82,70.98,69.85,70.07,70.48,190578,133.89,2026-10-07
ANDHRSUGAR,EQ,94.56,95.95,92.8,93.37,94.42,274458,257.41,2026-10-07
ANDREWYU,EQ,25.0,25.29,24.31,24.63,24.95,138603,34.18,2026-10-07
ANGELONE,EQ,293.5,306.25,291.25,302.0,295.0,13538340,40747.5,2026-10-07
ANIKINDS,EQ,46.0,47.77,44.83,45.65,45.4,14635,6.76,2026-10-07
ANNAPURNA,EQ,131.6,131.6,129.0,129.4,130.35,40448,52.55,2026-10-07
ANNU,EQ,44.4,46.0,43.84,45.53,44.33,414110,187.01,2026-10-07
ANSALBU,EQ,84.81,86.9,82.3,84.5,85.57,2446,2.07,2026-10-07
ANTELOPUS,EQ,1113.9,1160.0,1107.7,1130.2,1100.6,378318,4304.92,2026-10-07
ANTGRAPHIC,EQ,0.69,0.71,0.69,0.7,0.69,46847,0.33,2026-10-07
ANTHEM,EQ,892.0,892.9,881.3,887.05,890.35,163476,1449.44,2026-10-07
ANUHPHR,EQ,87.98,88.0,85.0,85.51,87.57,52996,45.64,2026-10-07
ANUP,EQ,1575.0,1577.0,1535.0,1547.0,1575.9,11000,170.99,2026-10-07
ANURAS,EQ,1166.0,1172.0,1159.5,1165.1,1170.2,55559,647.11,2026-10-07
AONEGOLD,EQ,13.72,13.78,13.65,13.69,13.69,135587,18.58,2026-10-07
AONELIQUID,EQ,1080.02,1080.03,1080.0,1080.02,1079.86,14450,156.06,2026-10-07
AONENIFTY,EQ,9.62,9.62,9.32,9.34,9.39,124121,11.61,2026-10-07
AONESILVER,EQ,8.44,8.44,8.35,8.36,8.4,214616,18.0,2026-10-07
AONESTEELS,EQ,387.95,425.0,379.25,420.35,384.8,1184043,4835.46,2026-10-07
AONETMMQ50,EQ,10.06,10.06,9.91,10.0,10.01,367797,36.75,2026-10-07
AONETOTAL,EQ,11.48,11.48,11.27,11.3,11.37,95992,10.88,2026-10-07
APARINDS,EQ,18200.0,18308.0,17960.0,18160.0,18016.0,106708,19363.59,2026-10-07
APCL,EQ,95.0,95.0,92.6,92.64,93.58,3852,3.59,2026-10-07
APCOTEXIND,EQ,608.1,608.6,585.5,592.7,610.7,78154,464.5,2026-10-07
APEX,EQ,339.8,345.0,332.5,343.4,339.8,86812,296.38,2026-10-07
APLAPOLLO,EQ,2128.6,2156.5,2115.1,2135.0,2152.0,613418,13067.61,2026-10-07
APLLTD,EQ,834.1,839.0,821.25,833.8,834.2,135889,1129.37,2026-10-07
APOLLO,EQ,407.25,422.45,405.0,414.75,408.05,9053893,37795.27,2026-10-07
APOLLOHOSP,EQ,7850.0,7917.0,7822.0,7917.0,7914.5,545499,42961.33,2026-10-07
APOLLOPIPE,EQ,530.65,539.0,521.0,531.45,529.8,90308,477.49,2026-10-07
APOLLOTYRE,EQ,397.7,408.15,397.05,407.6,401.55,546102,2209.36,2026-10-07
APOLSINHOT,EQ,1205.9,1205.9,1173.0,1178.3,1174.7,270,3.19,2026-10-07
APTECHT,EQ,88.5,88.5,86.02,86.87,88.19,57268,49.98,2026-10-07
APTUS,EQ,223.35,224.5,217.29,219.46,223.9,1540789,3391.0,2026-10-07
AQYLON,EQ,15.98,16.1,15.35,15.79,15.46,280496,44.17,2026-10-07
ARCHIDPLY,EQ,102.52,103.4,100.61,102.73,101.67,10266,10.49,2026-10-07
ARCHIES,EQ,12.3,12.5,12.11,12.42,12.24,3247,0.4,2026-10-07
ARCIL,EQ,149.0,160.31,148.0,160.31,145.74,15925021,25079.49,2026-10-07
ARCL,EQ,230.0,236.99,224.0,229.99,226.99,1021,2.37,2026-10-07
ARDEE,EQ,50.0,51.0,49.29,50.79,50.22,1828318,919.96,2026-10-07
ARE&M,EQ,744.0,745.0,729.75,733.25,742.9,347787,2555.65,2026-10-07
ARENTERP,EQ,33.89,33.89,32.1,32.44,33.89,2252,0.73,2026-10-07
ARFIN,EQ,98.5,104.0,97.7,103.06,96.36,11566941,11708.83,2026-10-07
ARIHANT,EQ,930.0,940.0,920.0,929.9,914.9,1486,13.83,2026-10-07
ARIHANTCAP,EQ,94.49,98.0,93.43,97.38,94.13,1292989,1250.1,2026-10-07
ARIHANTSUP,EQ,220.0,237.0,219.99,231.18,220.26,5577,12.88,2026-10-07
ARIS,EQ,143.66,144.5,139.72,142.31,143.66,1545690,2202.34,2026-10-07
ARKADE,EQ,120.51,122.48,119.1,119.73,121.24,112810,135.97,2026-10-07
ARMANFIN,EQ,1742.9,1750.9,1716.0,1741.2,1743.7,19584,339.18,2026-10-07
ARMEE,EQ,273.95,273.95,263.05,269.95,271.05,959155,2565.95,2026-10-07
AROGRANITE,EQ,23.08,23.15,22.41,22.53,22.97,3406,0.77,2026-10-07
ARROWGREEN,EQ,896.15,905.8,887.65,893.35,891.75,19826,177.63,2026-10-07
ARSSBL,EQ,551.5,574.7,545.1,571.15,551.55,606937,3434.04,2026-10-07
ARTEMISMED,EQ,316.0,323.15,316.0,318.3,318.35,249720,796.72,2026-10-07
ARVEE,EQ,211.5,217.95,209.01,211.79,216.89,5579,11.89,2026-10-07
ARVIND,EQ,534.65,535.5,526.3,529.3,534.65,382759,2030.75,2026-10-07
ARVINDFASN,EQ,405.0,408.8,396.0,397.95,406.4,139446,560.28,2026-10-07
ARVSMART,EQ,600.45,618.45,597.2,612.5,603.8,102437,625.09,2026-10-07
ARYAMAN,EQ,620.0,620.0,605.0,610.0,620.9,91,0.55,2026-10-07
ASAHIINDIA,EQ,961.0,981.5,950.0,976.25,956.95,142786,1385.15,2026-10-07
ASAL,EQ,426.2,430.5,420.05,423.3,426.2,9378,39.76,2026-10-07
ASALCBR,EQ,595.0,600.0,586.0,590.1,598.7,22603,134.49,2026-10-07
ASHAPURMIN,EQ,500.0,504.9,479.5,488.0,502.9,732922,3567.62,2026-10-07
ASHIANA,EQ,385.0,385.0,376.0,379.2,382.95,18452,70.13,2026-10-07
ASHIMASYN,EQ,15.1,15.1,14.07,14.51,14.88,127326,18.52,2026-10-07
ASHOKA,EQ,106.4,106.8,103.75,104.03,106.42,569916,597.29,2026-10-07
ASHOKAMET,EQ,14.64,14.98,14.42,14.61,14.71,15077,2.22,2026-10-07
ASHOKLEY,EQ,152.91,153.41,148.64,149.2,153.7,11928149,17914.47,2026-10-07
ASIANENE,EQ,465.6,484.0,459.25,480.15,463.75,246810,1168.58,2026-10-07
ASIANHOTNR,EQ,331.0,335.05,325.25,330.25,328.65,6603,21.87,2026-10-07
ASIANPAINT,EQ,2371.8,2403.2,2360.2,2372.1,2424.2,522763,12409.49,2026-10-07
ASIANTILES,EQ,47.8,48.69,47.1,47.19,48.1,299617,142.25,2026-10-07
ASIANTNE,EQ,9.2,9.25,8.5,9.07,9.06,31919,2.87,2026-10-07
ASKAUTOLTD,EQ,606.75,632.7,602.0,626.55,609.75,298688,1857.11,2026-10-07
ASMS,EQ,6.09,6.09,5.8,5.95,5.98,159330,9.49,2026-10-07
ASPINWALL,EQ,241.99,241.99,238.01,241.65,238.35,1484,3.56,2026-10-07
ASSAMENT,EQ,780.0,838.95,780.0,789.55,799.0,26,0.21,2026-10-07
ASTAR,EQ,642.0,650.0,627.0,645.05,639.8,162,1.04,2026-10-07
ASTEC,EQ,724.95,773.7,714.9,748.2,704.7,414236,3121.69,2026-10-07
ASTERDM,EQ,685.05,690.05,676.3,680.3,684.7,1205263,8204.4,2026-10-07
ASTRAL,EQ,1401.3,1448.0,1390.2,1427.7,1402.3,759824,10912.93,2026-10-07
ASTRAMICRO,EQ,1704.6,1723.9,1688.0,1701.1,1705.9,197596,3365.76,2026-10-07
ASTRAZEN,EQ,6000.5,6000.5,5802.0,5918.0,5980.5,6175,363.51,2026-10-07
ATALREAL,EQ,12.33,12.33,11.75,12.12,12.36,1832761,219.15,2026-10-07
ATAM,EQ,55.4,56.9,53.6,55.26,54.2,6950,3.85,2026-10-07
ATGL,EQ,588.45,595.45,580.2,581.9,588.45,570256,3345.09,2026-10-07
ATHERENERG,EQ,1436.0,1466.0,1418.4,1455.0,1446.0,4057014,58801.37,2026-10-07
ATL,EQ,24.67,26.0,24.24,25.67,24.71,381121,96.42,2026-10-07
ATLANTAA,EQ,35.37,35.94,35.25,35.47,35.34,22881,8.13,2026-10-07
ATLANTAELE,EQ,1869.0,1938.5,1857.6,1875.8,1869.3,281587,5368.73,2026-10-07
ATLASCYCLE,EQ,92.93,93.98,91.35,92.1,92.93,3586,3.31,2026-10-07
ATUL,EQ,6000.0,6025.0,5917.0,5999.5,6000.0,45518,2727.27,2026-10-07
ATULAUTO,EQ,428.6,430.3,424.0,426.25,427.5,33902,144.74,2026-10-07
AUBANK,EQ,1018.4,1027.0,988.3,993.4,1028.0,1757696,17686.46,2026-10-07
AUGMONT,EQ,1153.0,1220.3,1137.5,1216.2,1162.2,653465,7806.2,2026-10-07
AURIONPRO,EQ,617.1,620.2,604.65,612.8,616.05,93995,575.34,2026-10-07
AUROPHARMA,EQ,1696.2,1698.9,1670.5,1682.0,1692.8,438151,7381.79,2026-10-07
AURUM,EQ,229.06,236.4,227.11,231.2,231.14,124143,287.13,2026-10-07
AURUS,EQ,4.38,4.4,4.2,4.29,4.29,14643,0.62,2026-10-07
AUSOMENT,EQ,144.3,144.3,131.33,141.68,137.48,11558,15.89,2026-10-07
AUSTENG,EQ,167.47,173.0,160.5,161.74,166.43,3616,5.97,2026-10-07
AUTOAXLES,EQ,1644.9,1679.8,1620.0,1651.4,1638.1,10364,170.44,2026-10-07
AUTOBEES,EQ,264.62,265.27,259.82,260.91,264.61,221367,578.22,2026-10-07
AUTOIETF,EQ,27.13,27.13,26.04,26.14,26.47,602318,157.66,2026-10-07
AUTOIND,EQ,85.0,85.72,83.0,83.38,85.82,66502,55.99,2026-10-07
AVADHSUGAR,EQ,880.1,947.95,880.1,937.55,873.3,570096,5249.55,2026-10-07
AVALON,EQ,2400.4,2475.0,2353.3,2429.7,2400.4,364773,8856.61,2026-10-07
AVANCE,EQ,0.78,0.8,0.77,0.78,0.77,3079223,24.19,2026-10-07
AVANTEL,EQ,150.97,154.29,150.03,153.28,151.08,734201,1118.83,2026-10-07
AVANTIFEED,EQ,714.1,730.0,707.0,722.3,714.1,237908,1713.44,2026-10-07
AVG,EQ,177.8,177.8,168.1,169.65,172.06,10293,17.59,2026-10-07
AVL,EQ,597.7,625.0,591.15,621.1,595.1,180605,1109.74,2026-10-07
AVONMORE,EQ,12.59,12.97,12.47,12.8,12.55,58913,7.5,2026-10-07
AVROIND,EQ,7.09,7.09,5.82,6.13,6.85,965865,58.77,2026-10-07
AVTNPL,EQ,89.3,89.58,87.81,88.75,90.18,129673,114.9,2026-10-07
AWFIS,EQ,244.91,256.2,241.0,250.75,243.54,1503516,3697.28,2026-10-07
AWHCL,EQ,357.1,357.1,346.0,348.7,355.2,114375,400.48,2026-10-07
AWL,EQ,185.81,188.85,183.53,187.11,185.93,2805362,5209.69,2026-10-07
AXISBANK,EQ,1240.2,1259.0,1230.2,1242.5,1248.0,9678421,120754.03,2026-10-07
AXISCADES,EQ,2268.0,2285.9,2223.3,2245.6,2288.5,122674,2760.35,2026-10-07
AXITA,EQ,7.52,7.58,7.4,7.44,7.51,551363,41.11,2026-10-07
AXTEL,EQ,450.0,450.0,431.5,435.5,447.95,2517,11.0,2026-10-07
AYE,EQ,165.07,169.9,163.0,167.63,165.56,614549,1024.69,2026-10-07
AYMSYNTEX,EQ,290.8,291.7,275.0,277.5,289.25,146550,411.3,2026-10-07
AZAD,EQ,3050.0,3064.9,2996.5,3048.2,3062.6,585882,17797.02,2026-10-07
AZADIND,EQ,81.89,83.5,81.0,82.85,80.94,39168,32.32,2026-10-07
BAGFILMS,EQ,4.16,4.16,4.05,4.12,4.11,62806,2.57,2026-10-07
BAIDFIN,EQ,10.11,10.75,10.0,10.21,10.32,43355,4.45,2026-10-07
BAJAJ-AUTO,EQ,9970.0,9997.0,9727.0,9884.0,10017.0,442314,43454.86,2026-10-07
BAJAJCON,EQ,491.5,492.7,481.05,483.0,493.5,191498,930.68,2026-10-07
BAJAJELEC,EQ,299.7,303.0,297.6,300.7,300.25,90029,270.48,2026-10-07
BAJAJFINSV,EQ,1740.0,1758.6,1728.1,1743.3,1752.4,990041,17240.69,2026-10-07
BAJAJHCARE,EQ,320.25,326.65,319.3,323.3,323.1,68139,220.1,2026-10-07
BAJAJHFL,EQ,82.11,84.41,81.7,84.08,82.36,4604045,3836.87,2026-10-07
BAJAJHIND,EQ,21.16,21.64,20.84,21.05,21.33,19089108,4056.14,2026-10-07
BAJAJHLDNG,EQ,10699.0,10779.0,10568.0,10662.0,10600.0,39078,4176.58,2026-10-07
BAJAJINDEF,EQ,211.5,211.5,200.0,203.96,207.21,11766,24.06,2026-10-07
BAJAJST,EQ,325.25,336.0,323.4,331.4,324.4,3314,10.92,2026-10-07
BAJEL,EQ,163.88,163.88,161.71,162.34,164.08,67793,110.33,2026-10-07
BAJFINANCE,EQ,969.15,984.4,952.3,963.85,963.1,11415155,110566.8,2026-10-07
BALAJEE,EQ,25.1,25.1,23.6,23.97,24.24,27282,6.53,2026-10-07
BALAJITELE,EQ,90.56,91.15,88.96,89.18,90.56,66329,59.56,2026-10-07
BALAMINES,EQ,2269.2,2269.2,2132.1,2155.9,2287.7,709751,15521.54,2026-10-07
BALAXI,EQ,22.95,23.49,22.22,22.38,22.67,15155,3.43,2026-10-07
BALKRISHNA,EQ,16.06,16.68,15.57,16.0,16.21,9533,1.54,2026-10-07
BALKRISIND,EQ,2079.0,2079.0,2002.0,2006.6,2082.7,295283,5964.96,2026-10-07
BALMLAWRIE,EQ,158.2,159.95,154.1,158.88,158.78,346197,544.68,2026-10-07
BALRAMCHIN,EQ,692.05,710.0,687.6,706.6,691.3,1646549,11549.45,2026-10-07
BALUFORGE,EQ,525.15,525.9,505.7,507.5,526.95,538063,2763.93,2026-10-07
BANARBEADS,EQ,115.0,119.1,108.5,110.27,116.11,6818,7.61,2026-10-07
BANARISUG,EQ,3325.0,3395.0,3325.0,3375.3,3349.3,785,26.47,2026-10-07
BANCOINDIA,EQ,599.0,605.0,594.7,600.2,602.65,61310,367.78,2026-10-07
BANDHANBNK,EQ,164.15,167.59,161.33,162.99,164.15,10016167,16497.65,2026-10-07
BANG,EQ,33.49,34.35,33.01,33.64,33.49,31724,10.68,2026-10-07
BANK10ADD,EQ,16.28,16.42,16.25,16.35,16.32,1435058,233.94,2026-10-07
BANK10BETF,EQ,20.32,21.1,19.53,20.15,20.32,2073496,415.88,2026-10-07
BANKA,EQ,70.0,70.0,67.62,67.97,69.5,1011,0.7,2026-10-07
BANKADD,EQ,56.21,56.78,56.09,56.5,56.35,18139,10.26,2026-10-07
BANKBARODA,EQ,231.8,236.38,230.18,234.55,232.73,6320157,14785.87,2026-10-07
BANKBEES,EQ,578.0,578.0,566.0,570.22,569.45,819134,4672.56,2026-10-07
BANKBETA,EQ,57.45,57.45,56.49,57.03,56.88,325999,185.93,2026-10-07
BANKBETF,EQ,57.35,57.35,55.58,56.09,55.96,622872,351.09,2026-10-07
BANKETF,EQ,559.58,563.99,557.55,561.26,561.2,56453,316.59,2026-10-07
BANKIETF,EQ,56.45,56.93,56.15,56.59,56.48,523630,296.57,2026-10-07
BANKINDIA,EQ,132.59,135.19,130.26,133.55,132.16,9853574,13115.47,2026-10-07
BANKNIFTY1,EQ,58.47,58.47,56.74,57.1,57.05,1792830,1022.15,2026-10-07
BANKPSU,EQ,78.58,81.74,78.58,81.6,80.6,24524,19.9,2026-10-07
BANSALWIRE,EQ,327.8,330.9,320.15,324.0,325.7,110111,357.37,2026-10-07
BANSWRAS,EQ,102.85,107.34,102.85,105.44,105.09,11679,12.4,2026-10-07
BASF,EQ,3472.1,3495.4,3434.0,3453.8,3472.1,9472,327.13,2026-10-07
BASML,EQ,22.98,23.25,22.25,22.69,22.88,63299,14.42,2026-10-07
BATAINDIA,EQ,619.85,624.0,613.6,615.1,619.85,45932,283.84,2026-10-07
BATLIBOI,EQ,96.83,98.82,93.01,94.8,96.16,93592,89.46,2026-10-07
BAYERCROP,EQ,3535.0,3549.8,3478.0,3491.5,3533.4,26503,926.72,2026-10-07
BBETF0432,EQ,1362.86,1362.86,1334.02,1337.0,1336.14,756,10.1,2026-10-07
BBL,EQ,2070.0,2084.8,2037.0,2042.0,2068.8,18092,371.66,2026-10-07
BBNPNBETF,EQ,55.45,56.0,55.21,55.46,55.68,5391,2.99,2026-10-07
BBNPPGOLD,EQ,141.8,142.25,141.4,141.6,141.85,2058,2.92,2026-10-07
BBOX,EQ,840.95,893.1,815.85,884.85,839.95,2262486,19617.59,2026-10-07
BBTC,EQ,1301.3,1301.3,1263.2,1269.4,1298.2,113931,1451.39,2026-10-07
BBTCL,EQ,240.0,240.0,223.57,225.66,233.12,11763,26.83,2026-10-07
BCG,EQ,9.07,9.15,9.05,9.08,9.07,2283346,207.52,2026-10-07
BCLIND,EQ,32.03,32.09,31.12,31.55,32.03,331997,105.14,2026-10-07
BCONCEPTS,EQ,146.0,146.9,142.0,143.73,146.88,3493,5.03,2026-10-07
BCPL,EQ,67.24,67.98,66.1,66.43,67.24,8784,5.85,2026-10-07
BDL,EQ,1104.9,1104.9,1078.6,1085.0,1101.8,790105,8583.07,2026-10-07
BEARDSELL,EQ,22.89,22.89,21.96,22.22,22.5,47882,10.61,2026-10-07
BECTORFOOD,EQ,212.0,212.65,208.83,211.07,212.16,1387522,2928.76,2026-10-07
BEDMUTHA,EQ,110.5,110.5,107.0,110.08,106.23,6599,7.21,2026-10-07
BEEKAY,EQ,446.0,455.0,435.0,440.05,434.1,1282,5.69,2026-10-07
BEL,EQ,386.5,386.5,378.0,378.3,387.4,13636290,51809.24,2026-10-07
BELLACASA,EQ,242.13,270.2,239.13,251.77,242.13,12782,31.7,2026-10-07
BELRISE,EQ,236.7,247.25,233.66,246.31,236.81,3749664,9147.84,2026-10-07
BEML,EQ,2042.2,2042.6,1992.1,2006.2,2042.2,146910,2960.49,2026-10-07
BENARAS,EQ,10200.0,10348.0,10200.0,10201.0,10238.0,38,3.88,2026-10-07
BENGALASM,EQ,6145.0,6196.0,5960.5,6036.0,6110.5,226,13.73,2026-10-07
BEPL,EQ,129.6,129.6,126.82,127.61,128.63,541542,692.96,2026-10-07
BERGEPAINT,EQ,470.6,471.9,461.8,463.9,472.55,189882,884.74,2026-10-07
BESTAGRO,EQ,17.57,17.86,17.52,17.59,17.89,433321,76.56,2026-10-07
BETA,EQ,1980.0,2024.0,1980.0,1991.4,2001.4,9114,182.04,2026-10-07
BFINVEST,EQ,442.4,444.05,436.9,439.1,441.35,6355,27.97,2026-10-07
BFSI,EQ,26.54,26.54,25.77,25.99,25.9,149135,38.68,2026-10-07
BFUTILITIE,EQ,495.9,500.45,492.0,496.2,498.9,36837,182.78,2026-10-07
BHAGCHEM,EQ,240.48,240.95,234.1,235.82,239.91,174477,413.46,2026-10-07
BHAGERIA,EQ,393.0,403.6,370.55,377.55,393.55,173072,669.57,2026-10-07
BHAGYANGR,EQ,441.0,454.55,430.0,454.55,432.95,601005,2707.83,2026-10-07
BHANDARI,EQ,2.86,2.86,2.73,2.78,2.83,117426,3.28,2026-10-07
BHARATCOAL,EQ,32.05,32.32,31.85,32.09,32.05,3011307,964.68,2026-10-07
BHARATFORG,EQ,1871.0,1871.0,1826.9,1841.8,1880.0,410629,7576.78,2026-10-07
BHARATRAS,EQ,1005.3,1008.0,980.0,985.2,998.3,10022,98.94,2026-10-07
BHARATSE,EQ,206.15,207.54,203.61,204.59,206.14,52196,107.21,2026-10-07
BHARATWIRE,EQ,165.9,174.39,163.72,171.99,165.28,771202,1319.82,2026-10-07
BHARTIARTL,EQ,1823.0,1854.7,1810.5,1833.9,1810.5,13920833,255290.95,2026-10-07
BHARTIHEXA,EQ,1386.8,1485.0,1376.5,1477.9,1386.8,1512590,21921.58,2026-10-07
BHEL,EQ,451.5,455.95,446.6,448.5,452.0,14450998,65069.38,2026-10-07
BIGBLOC,EQ,37.5,37.66,36.3,36.47,37.22,55930,20.68,2026-10-07
BIKAJI,EQ,484.9,490.3,482.0,483.55,481.1,137074,666.07,2026-10-07
BIL,EQ,1092.85,1092.85,1070.0,1072.9,1092.85,5985,64.29,2026-10-07
BIMETAL,EQ,663.7,663.7,636.2,640.65,660.4,189,1.21,2026-10-07
BIOCON,EQ,368.4,368.4,358.4,360.0,369.1,4416752,15931.5,2026-10-07
BIOFILCHEM,EQ,30.12,30.65,30.0,30.43,30.11,2965,0.9,2026-10-07
BIRLACABLE,EQ,398.0,404.35,377.25,385.05,395.45,529869,2074.82,2026-10-07
BIRLACORPN,EQ,803.4,820.5,793.0,814.4,803.45,52418,422.71,2026-10-07
BIRLAMONEY,EQ,116.45,119.94,115.81,118.98,116.45,26003,30.76,2026-10-07
BIRLANU,EQ,1410.7,1411.9,1190.3,1321.3,1406.5,133938,1727.27,2026-10-07
BLACKBUCK,EQ,599.5,618.7,593.75,616.4,596.0,430095,2627.8,2026-10-07
BLACKROSE,EQ,109.4,113.0,108.41,110.78,107.65,28903,32.1,2026-10-07
BLAL,EQ,159.99,159.99,156.2,156.57,157.53,10214,16.07,2026-10-07
BLBLIMITED,EQ,16.48,17.45,16.0,16.91,16.09,91763,15.22,2026-10-07
BLEL,EQ,510.05,518.8,503.0,514.4,510.05,1287175,6601.9,2026-10-07
BLIL,EQ,65.48,65.5,65.01,65.28,65.21,28399,18.54,2026-10-07
BLKASHYAP,EQ,54.31,54.6,53.53,53.94,54.79,213929,115.67,2026-10-07
BLS,EQ,224.0,225.53,220.23,220.84,223.97,512069,1137.72,2026-10-07
BLSE,EQ,158.3,160.75,156.5,158.2,160.9,339932,538.71,2026-10-07
BLUECLOUDS,EQ,20.35,22.87,20.08,20.35,20.01,58789235,12597.02,2026-10-07
BLUECOAST,EQ,22.04,22.71,20.96,22.49,22.04,1424,0.3,2026-10-07
BLUEDART,EQ,4596.9,4620.8,4519.3,4555.2,4562.8,18776,856.11,2026-10-07
BLUEJET,EQ,540.0,546.0,535.7,541.35,538.15,207773,1123.93,2026-10-07
BLUESTARCO,EQ,1562.9,1575.0,1530.1,1530.1,1571.5,436486,6759.76,2026-10-07
BLUESTONE,EQ,812.65,835.0,805.4,831.1,813.85,707911,5823.5,2026-10-07
BLUSPRING,EQ,144.53,147.29,141.5,142.71,144.53,134332,193.41,2026-10-07
BMWVENTLTD,EQ,50.02,50.89,49.76,50.11,50.37,47119,23.66,2026-10-07
BNAGROCHEM,EQ,217.1,232.81,215.21,215.21,226.53,4312,9.35,2026-10-07
BNKETFAXIS,EQ,565.89,571.09,564.54,566.23,568.73,544,3.08,2026-10-07
BOHRAIND,EQ,14.35,15.04,14.03,14.21,14.38,7910,1.15,2026-10-07
BOMDYEING,EQ,102.91,102.91,101.01,101.63,102.91,416073,423.89,2026-10-07
BONLON,EQ,40.54,41.0,39.62,40.68,39.39,8552,3.46,2026-10-07
BORANA,EQ,271.0,273.85,268.55,270.7,269.6,14928,40.47,2026-10-07
BOROLTD,EQ,287.0,290.7,280.0,281.15,286.85,197203,560.68,2026-10-07
BORORENEW,EQ,447.9,448.0,433.8,438.1,449.85,357439,1570.95,2026-10-07
BOROSCI,EQ,113.5,116.46,113.32,115.03,113.27,42337,48.36,2026-10-07
BOSCH-HCIL,EQ,1993.0,1993.0,1928.2,1948.1,1976.9,34819,679.97,2026-10-07
BOSCHLTD,EQ,45000.0,45000.0,44305.0,44410.0,45000.0,21193,9445.26,2026-10-07
BPCL,EQ,297.0,298.65,294.75,296.35,300.5,6249901,18527.56,2026-10-07
BPL,EQ,44.02,44.9,44.01,44.22,44.45,24846,11.03,2026-10-07
BPLPHARMA,EQ,1884.9,1930.0,1827.2,1881.2,1836.4,8140,153.71,2026-10-07
BRAHMINFRA,EQ,152.5,152.5,142.5,142.98,145.58,3942,5.66,2026-10-07
BRIGADE,EQ,572.0,573.8,552.45,554.2,569.1,160210,894.34,2026-10-07
BRIGHOTEL,EQ,56.93,57.4,56.1,56.87,56.93,58031,32.98,2026-10-07
BRIGHTBR,EQ,235.0,242.0,232.0,234.0,235.0,1251,2.93,2026-10-07
BRITANNIA,EQ,4870.1,4873.2,4775.1,4780.0,4883.8,248082,11921.58,2026-10-07
BRNL,EQ,15.7,16.02,15.7,15.93,16.03,16693,2.65,2026-10-07
BROOKS,EQ,61.98,62.59,58.5,58.78,59.66,79202,47.71,2026-10-07
BSE,EQ,3265.0,3372.6,3246.5,3356.0,3305.0,6608257,219402.22,2026-10-07
BSE500IETF,EQ,37.63,37.91,37.28,37.4,37.62,132445,49.6,2026-10-07
BSHSL,EQ,80.1,81.7,78.0,78.25,80.1,7320,5.75,2026-10-07
BSL,EQ,119.01,121.68,119.01,120.04,119.76,1832,2.21,2026-10-07
BSLGOLDETF,EQ,129.78,129.78,128.85,128.99,129.39,395471,510.18,2026-10-07
BSLNIFTY,EQ,26.98,26.98,26.46,26.5,26.69,363149,96.43,2026-10-07
BSLSENETFG,EQ,73.69,73.8,72.96,73.15,73.7,1425,1.04,2026-10-07
BSOFT,EQ,278.0,281.8,275.2,278.05,279.45,958771,2668.19,2026-10-07
BTML,EQ,6.82,7.26,6.82,7.14,6.86,247593,17.79,2026-10-07
BUILDPRO,EQ,1311.6,1326.0,1275.6,1302.0,1301.5,111587,1454.78,2026-10-07
BUTTERFLY,EQ,549.3,549.3,537.1,545.0,543.25,7289,39.68,2026-10-07
BVCL,EQ,41.17,42.29,40.57,40.69,41.44,16533,6.8,2026-10-07
BYKE,EQ,29.98,30.2,29.16,30.01,29.46,32011,9.58,2026-10-07
CAMLINFINE,EQ,95.0,95.11,93.1,94.52,95.0,301825,283.77,2026-10-07
CAMPUS,EQ,208.68,208.84,204.36,208.37,208.68,310132,643.22,2026-10-07
CAMS,EQ,693.9,706.0,690.85,694.6,693.9,1014012,7078.66,2026-10-07
CANBK,EQ,117.95,120.25,116.51,119.15,117.82,17756429,21099.73,2026-10-07
CANFINHOME,EQ,733.85,736.0,718.55,727.0,734.75,448265,3250.7,2026-10-07
CANHLIFE,EQ,143.99,147.45,135.26,146.06,143.13,2983478,4193.87,2026-10-07
CANTABIL,EQ,229.84,229.95,226.63,228.22,229.84,43866,100.14,2026-10-07
CAPACITE,EQ,183.8,184.75,181.1,181.72,184.51,188388,344.49,2026-10-07
CAPILLARY,EQ,596.0,609.95,576.0,578.3,587.2,641459,3796.35,2026-10-07
CAPITALSFB,EQ,263.9,279.5,263.9,274.2,263.8,60125,163.57,2026-10-07
CAPLIPOINT,EQ,2675.2,2689.0,2610.0,2649.1,2679.7,103774,2746.8,2026-10-07
CARBORUNIV,EQ,1277.5,1277.5,1246.2,1256.7,1269.6,124207,1563.68,2026-10-07
CARERATING,EQ,1588.6,1613.7,1585.6,1595.9,1588.2,28480,455.7,2026-10-07
CARRARO,EQ,529.1,542.8,528.6,533.85,525.65,79447,425.66,2026-10-07
CARTRADE,EQ,2903.0,2956.0,2864.3,2914.7,2911.7,116560,3411.18,2026-10-07
CARYSIL,EQ,1030.0,1031.9,1004.4,1007.5,1033.1,74710,758.74,2026-10-07
CASHIETF,EQ,1084.99,1084.99,1082.69,1082.69,1082.55,111109,1202.99,2026-10-07
CASTROLIND,EQ,200.2,200.58,195.75,197.15,200.2,1731839,3423.13,2026-10-07
CCAVENUE,EQ,15.45,15.8,15.25,15.56,15.35,9135276,1423.18,2026-10-07
CCCL,EQ,13.23,13.5,12.91,12.99,13.1,388683,50.47,2026-10-07
CCHHL,EQ,13.0,13.0,12.66,12.81,12.81,10937,1.4,2026-10-07
CCL,EQ,1049.3,1064.8,1041.9,1052.3,1054.9,88140,929.77,2026-10-07
CDSL,EQ,1260.0,1282.5,1251.0,1275.0,1263.4,1021756,12975.43,2026-10-07
CEATLTD,EQ,3309.1,3328.7,3285.4,3301.9,3328.7,21968,726.26,2026-10-07
CEIGALL,EQ,374.9,376.45,364.5,372.8,376.2,279983,1040.5,2026-10-07
CEINSYS,EQ,708.95,713.8,687.5,691.15,718.45,65681,457.75,2026-10-07
CELEBRITY,EQ,6.59,6.59,5.97,6.02,6.35,77988,4.75,2026-10-07
CELLO,EQ,366.9,398.0,360.5,390.65,369.15,10572299,40999.11,2026-10-07
CEMNTGROWW,EQ,13.6,13.62,13.45,13.52,13.64,57250,7.74,2026-10-07
CEMPRO,EQ,1164.0,1168.0,1125.0,1137.8,1159.8,200455,2283.86,2026-10-07
CENTENKA,EQ,564.15,575.05,555.5,569.9,566.6,32539,184.78,2026-10-07
CENTEXT,EQ,17.81,18.1,17.71,17.82,17.88,77861,13.91,2026-10-07
CENTRALBK,EQ,30.19,30.57,29.99,30.44,30.19,3892597,1179.56,2026-10-07
CENTRUM,EQ,20.1,21.0,19.71,20.35,19.8,365385,74.39,2026-10-07
CENTUM,EQ,4452.0,4498.8,4330.1,4345.9,4451.0,78371,3429.63,2026-10-07
CENTURYPLY,EQ,689.95,689.95,676.85,683.5,679.85,44562,304.64,2026-10-07
CERA,EQ,5122.5,5138.0,5031.0,5038.5,5122.5,4104,208.1,2026-10-07
CESC,EQ,134.13,134.13,130.52,131.18,134.43,1268698,1672.85,2026-10-07
CEWATER,EQ,260.0,267.55,255.1,260.95,260.65,57581,151.33,2026-10-07
CGCL,EQ,246.0,252.0,242.52,250.74,246.88,1754021,4357.29,2026-10-07
CGPOWER,EQ,912.0,912.6,890.2,894.5,912.0,1854228,16714.32,2026-10-07
CGVAK,EQ,140.1,145.0,129.1,133.8,146.16,21785,29.49,2026-10-07
CHALET,EQ,818.2,851.95,817.55,847.4,818.2,186088,1555.13,2026-10-07
CHAMBLFERT,EQ,404.05,404.75,394.55,396.35,404.8,285277,1133.62,2026-10-07
CHEMBOND,EQ,190.0,195.9,186.11,188.56,191.83,2844,5.42,2026-10-07
CHEMCON,EQ,217.4,222.8,215.61,220.59,217.4,43863,96.6,2026-10-07
CHEMCRUX,EQ,80.0,91.45,78.52,87.16,80.21,44762,38.92,2026-10-07
CHEMFAB,EQ,330.0,335.8,322.25,331.8,338.5,2566,8.41,2026-10-07
CHEMICAL,EQ,28.65,29.05,28.3,28.36,28.63,280795,79.84,2026-10-07
CHEMPLASTS,EQ,208.95,235.9,206.89,228.22,210.24,5553053,12660.29,2026-10-07
CHENNPETRO,EQ,1410.0,1628.7,1410.0,1612.3,1405.7,20027812,313304.49,2026-10-07
CHEVIOT,EQ,1152.6,1159.4,1143.1,1148.4,1152.9,406,4.66,2026-10-07
CHOICEGOLD,EQ,145.91,145.91,144.3,145.27,145.91,6231,9.05,2026-10-07
CHOICEIN,EQ,727.9,730.0,720.05,723.7,727.15,176686,1279.72,2026-10-07
CHOLAFIN,EQ,1607.1,1612.4,1564.7,1564.7,1611.0,1859926,29481.61,2026-10-07
CHOLAHLDNG,EQ,1425.5,1441.0,1390.3,1402.7,1424.6,79925,1124.15,2026-10-07
CIEINDIA,EQ,379.95,380.45,373.1,378.7,379.0,213473,805.38,2026-10-07
CIFL,EQ,20.85,21.26,20.54,20.97,20.68,51091,10.69,2026-10-07
CINELINE,EQ,88.4,96.2,88.23,93.35,87.72,168792,156.97,2026-10-07
CINEVISTA,EQ,13.8,16.54,13.8,15.37,13.83,296344,46.53,2026-10-07
CIPLA,EQ,1338.5,1351.0,1324.7,1327.2,1340.2,847901,11299.48,2026-10-07
CLEAN,EQ,824.8,824.8,810.15,813.7,823.15,119533,976.83,2026-10-07
CLEANMAX,EQ,1390.0,1399.6,1364.2,1388.5,1392.5,159790,2204.16,2026-10-07
CLEDUCATE,EQ,53.98,53.98,52.5,53.12,53.98,82521,43.74,2026-10-07
CLSEL,EQ,294.85,297.9,286.75,295.15,291.95,95440,280.14,2026-10-07
CMLL,EQ,517.2,537.5,510.0,531.95,517.2,406067,2151.56,2026-10-07
CMPDI,EQ,209.31,213.7,207.1,209.05,210.06,685060,1439.08,2026-10-07
CMRGREEN,EQ,226.6,229.81,224.0,224.99,226.63,217711,493.64,2026-10-07
CMSINFO,EQ,221.9,221.9,215.56,218.37,220.35,529249,1154.65,2026-10-07
CNL,EQ,1048.6,1099.3,1048.6,1079.0,1070.0,6962,74.46,2026-10-07
COALINDIA,EQ,411.65,415.85,410.8,414.5,411.65,6400277,26484.71,2026-10-07
COASTCORP,EQ,36.69,37.4,36.27,36.98,36.18,39515,14.49,2026-10-07
COCHINSHIP,EQ,1282.0,1282.0,1246.4,1255.1,1282.0,929402,11699.63,2026-10-07
COCKERILL,EQ,7978.5,7990.0,7780.0,7856.0,7978.5,4026,316.07,2026-10-07
COFFEEDAY,EQ,30.05,31.65,29.71,30.63,30.03,1388015,425.15,2026-10-07
COFORGE,EQ,1843.0,1857.9,1822.2,1822.2,1849.7,1016382,18697.18,2026-10-07
COHANCE,EQ,456.7,475.5,453.2,455.45,457.0,1303279,6020.83,2026-10-07
COLPAL,EQ,1800.9,1800.9,1757.4,1757.4,1809.4,184471,3268.35,2026-10-07
COMFINTE,EQ,6.14,6.8,6.11,6.37,6.23,240186,15.28,2026-10-07
COMMOIETF,EQ,93.68,93.89,92.7,93.13,93.92,42418,39.6,2026-10-07
COMPEAU,EQ,361.2,362.0,361.2,362.0,358.1,2,0.01,2026-10-07
COMPUSOFT,EQ,12.92,13.39,12.8,13.25,12.9,10659,1.39,2026-10-07
COMSYN,EQ,263.8,269.0,260.0,260.85,263.0,80711,212.68,2026-10-07
CONCOR,EQ,446.5,446.55,439.65,439.75,445.85,967884,4286.27,2026-10-07
CONCORDBIO,EQ,1373.0,1379.5,1356.0,1359.7,1368.8,43657,596.07,2026-10-07
CONFIPET,EQ,86.99,92.97,86.68,91.75,86.67,5428764,4952.78,2026-10-07
CONS,EQ,11.33,11.37,11.28,11.29,11.4,101242,11.44,2026-10-07
CONSUMAXIS,EQ,113.5,113.68,112.82,113.24,113.5,1086,1.23,2026-10-07
CONSUMBEES,EQ,123.3,123.3,122.16,122.49,123.3,36101,44.26,2026-10-07
CONSUMER,EQ,11.33,11.34,11.24,11.26,11.31,47616,5.37,2026-10-07
CONSUMIETF,EQ,113.75,117.2,113.62,115.33,114.9,5681,6.47,2026-10-07
CONTROLPR,EQ,626.3,626.3,614.05,619.95,622.65,6352,39.33,2026-10-07
CORALFINAC,EQ,31.41,32.0,30.81,31.41,31.18,17279,5.41,2026-10-07
CORDELIA,EQ,104.6,109.53,103.62,109.52,104.32,1704234,1853.67,2026-10-07
COROMANDEL,EQ,1788.3,1788.3,1727.0,1745.5,1788.3,287433,5020.07,2026-10-07
CORONA,EQ,2035.1,2048.0,2012.7,2041.1,2038.3,7481,152.16,2026-10-07
COSMOFIRST,EQ,830.05,840.0,820.05,831.95,829.15,21384,177.32,2026-10-07
CPCAP,EQ,156.7,162.0,152.67,155.22,154.53,135716,214.04,2026-10-07
CPEDU,EQ,177.0,182.5,175.11,179.72,181.29,5737,10.22,2026-10-07
CPL,EQ,61.75,62.75,60.1,61.1,62.12,26794,16.43,2026-10-07
CPPLUS,EQ,4023.0,4099.0,3945.0,4064.9,3976.0,208910,8425.01,2026-10-07
CPSEETF,EQ,91.3,91.3,89.0,89.12,89.94,462683,413.58,2026-10-07
CRAFTSMAN,EQ,10300.0,10312.0,10103.0,10198.0,10348.0,32592,3318.03,2026-10-07
CRAMC,EQ,226.9,231.0,223.31,229.52,224.88,336654,766.38,2026-10-07
CRAVATEX,EQ,391.95,391.95,355.0,355.2,374.6,231,0.84,2026-10-07
CREATIVEYE,EQ,5.9,6.48,5.76,6.21,5.9,18883,1.15,2026-10-07
CREDITACC,EQ,1265.8,1274.6,1231.1,1239.6,1265.8,144021,1796.14,2026-10-07
CREST,EQ,363.45,367.1,353.0,362.85,359.9,6892,24.66,2026-10-07
CRISIL,EQ,4523.3,4525.0,4446.9,4509.1,4523.3,12717,571.44,2026-10-07
CRIZAC,EQ,168.51,169.85,166.22,166.91,168.85,148841,249.26,2026-10-07
CROMPTON,EQ,211.98,213.09,210.13,210.7,211.98,1159041,2453.06,2026-10-07
CROWN,EQ,112.39,113.49,111.56,112.44,112.38,2888,3.24,2026-10-07
CSBBANK,EQ,306.65,309.85,302.75,306.5,305.85,294926,904.12,2026-10-07
CSLFINANCE,EQ,211.0,211.0,206.0,206.94,207.48,5858,12.16,2026-10-07
CSM,EQ,94.84,94.84,91.3,91.82,92.86,68081,62.7,2026-10-07
CUB,EQ,224.0,226.3,219.37,222.12,223.75,2247151,5013.81,2026-10-07
CUMMINSIND,EQ,4925.0,4964.3,4850.0,4872.2,4919.0,631136,30986.37,2026-10-07
CUPID,EQ,325.0,345.0,325.0,343.95,324.2,41373811,140855.8,2026-10-07
CYBERTECH,EQ,140.3,142.72,136.02,137.7,143.1,84714,118.14,2026-10-07
CYIENT,EQ,1119.2,1137.6,1109.6,1115.0,1119.4,259473,2918.44,2026-10-07
CYIENTDLM,EQ,936.0,1014.65,935.3,988.3,939.0,1350010,13282.9,2026-10-07
DABUR,EQ,387.7,388.85,380.05,383.55,388.9,2429201,9332.75,2026-10-07
DALBHARAT,EQ,1661.0,1697.8,1637.0,1640.1,1682.6,50180,830.56,2026-10-07
DALMIASUG,EQ,453.0,463.95,439.95,447.65,453.0,310835,1398.99,2026-10-07
DAMCAPITAL,EQ,150.2,152.2,147.51,148.74,152.51,180999,270.6,2026-10-07
DANGEE,EQ,3.09,3.3,3.09,3.22,3.08,99955,3.25,2026-10-07
DATAMATICS,EQ,771.0,777.9,761.0,763.8,771.2,33965,260.4,2026-10-07
DATAPATTNS,EQ,4305.0,4307.6,4220.0,4233.4,4299.2,184614,7846.14,2026-10-07
DAVANGERE,EQ,2.27,2.45,2.27,2.36,2.27,9610415,226.52,2026-10-07
DBCORP,EQ,172.52,175.7,170.06,171.05,173.57,95488,164.6,2026-10-07
DBEIL,EQ,6.75,6.75,6.43,6.55,6.52,993302,64.62,2026-10-07
DBL,EQ,399.3,415.2,394.05,409.25,400.8,320390,1310.84,2026-10-07
DBOL,EQ,137.41,142.82,135.02,140.25,137.9,767613,1075.35,2026-10-07
DBREALTY,EQ,90.18,91.48,88.08,88.79,90.08,632706,567.63,2026-10-07
DCAL,EQ,153.86,153.9,151.3,152.46,153.57,105155,160.25,2026-10-07
DCBBANK,EQ,197.32,202.4,195.38,201.19,200.78,2087086,4160.94,2026-10-07
DCI,EQ,344.75,346.2,335.75,342.1,343.05,41119,140.38,2026-10-07
DCM,EQ,72.32,72.5,70.9,71.01,71.96,4425,3.16,2026-10-07
DCMFINSERV,EQ,5.23,5.29,5.11,5.15,5.21,11459,0.59,2026-10-07
DCMSHRIRAM,EQ,980.0,984.55,960.0,969.3,988.85,83135,810.46,2026-10-07
DCMSIL,EQ,79.94,83.18,78.2,79.22,78.87,82748,66.3,2026-10-07
DCMSRIND,EQ,39.78,40.7,39.37,39.81,39.78,347094,139.16,2026-10-07
DCW,EQ,46.0,47.18,45.65,46.6,46.37,1177308,547.94,2026-10-07
DCXINDIA,EQ,159.94,159.94,156.0,157.88,160.23,182014,287.87,2026-10-07
DDEVPLSTIK,EQ,251.0,256.0,247.05,254.05,249.79,50972,127.54,2026-10-07
DECCANCE,EQ,550.35,557.9,542.0,545.25,556.85,8087,44.25,2026-10-07
DECNGOLD,EQ,199.4,200.89,194.41,198.24,199.16,601356,1185.22,2026-10-07
DEEDEV,EQ,651.0,657.4,619.15,624.1,651.7,289726,1827.86,2026-10-07
DEEPA,EQ,215.4,242.4,215.14,227.06,214.04,21380382,49598.67,2026-10-07
DEEPAKFERT,EQ,1392.5,1421.0,1361.9,1415.4,1385.6,423588,5927.64,2026-10-07
DEEPAKNTR,EQ,1559.9,1561.5,1536.0,1553.9,1560.6,121384,1881.61,2026-10-07
DEEPINDS,EQ,749.9,808.5,749.9,795.6,748.95,817946,6469.7,2026-10-07
DEFENCE,EQ,77.96,77.96,76.8,76.96,78.1,192836,148.69,2026-10-07
DELHIVERY,EQ,407.5,407.5,398.15,398.15,407.5,1068381,4291.53,2026-10-07
DELTACORP,EQ,84.23,85.2,81.32,82.37,84.34,13502678,11220.75,2026-10-07
DELTAMAGNT,EQ,57.9,57.9,55.55,56.47,56.24,2179,1.22,2026-10-07
DEN,EQ,25.77,26.29,25.77,26.1,25.78,194499,50.72,2026-10-07
DENORA,EQ,735.3,746.55,713.0,720.65,729.1,6338,46.25,2026-10-07
DENTA,EQ,260.75,265.2,260.75,263.7,263.2,34985,92.25,2026-10-07
DEVIT,EQ,21.4,21.69,19.26,19.96,21.36,154703,30.99,2026-10-07
DEVX,EQ,40.0,40.88,39.5,40.37,39.62,174355,70.28,2026-10-07
DEVYANI,EQ,129.0,131.45,128.52,128.98,129.53,377773,489.75,2026-10-07
DGCONTENT,EQ,24.98,24.98,23.82,24.16,24.73,11162,2.71,2026-10-07
DHAMPURSUG,EQ,190.32,193.42,185.16,188.92,188.81,1200310,2274.72,2026-10-07
DHANBANK,EQ,28.9,34.16,28.41,32.83,28.83,18177967,5909.14,2026-10-07
DHANUKA,EQ,910.0,910.0,890.0,891.8,909.55,30723,275.03,2026-10-07
DHARMAJ,EQ,264.55,270.7,264.55,267.35,266.55,80497,216.06,2026-10-07
DHATRE,EQ,3.9,4.03,3.56,3.94,3.93,122281,4.79,2026-10-07
DHOOTTRANS,EQ,1476.0,1477.0,1431.6,1463.7,1474.1,902562,13126.55,2026-10-07
DHRUV,EQ,19.9,19.9,19.0,19.47,19.5,1692,0.33,2026-10-07
DHUNINV,EQ,970.5,990.5,962.0,971.95,966.9,581,5.71,2026-10-07
DIAMINESQ,EQ,242.2,246.0,237.0,239.04,244.54,3725,8.98,2026-10-07
DIAMONDYD,EQ,1082.3,1095.1,1070.8,1079.2,1088.2,1026,11.1,2026-10-07
DICIND,EQ,614.45,617.45,606.8,610.35,619.2,546,3.34,2026-10-07
DIFFNKG,EQ,453.0,461.7,445.1,452.85,454.1,89977,407.03,2026-10-07
DIGIDRIVE,EQ,17.7,18.37,17.61,18.1,17.95,14204,2.55,2026-10-07
DIGISPICE,EQ,15.05,15.3,15.05,15.28,15.12,26231,3.99,2026-10-07
DIGITIDE,EQ,73.25,79.44,73.25,75.7,74.01,447269,342.5,2026-10-07
DISAQ,EQ,11201.0,11899.0,11201.0,11419.0,11540.0,136,15.76,2026-10-07
DISHTV,EQ,2.14,2.16,2.12,2.14,2.12,611175,13.09,2026-10-07
DIVGIITTS,EQ,1111.2,1119.5,1080.0,1092.9,1119.2,116709,1279.92,2026-10-07
DIVIDEND,EQ,32.89,33.77,32.89,33.54,33.74,2894,0.97,2026-10-07
DIVISLAB,EQ,9500.5,9660.0,9494.0,9588.0,9550.0,422217,40406.51,2026-10-07
DIVOPPBEES,EQ,72.21,72.82,71.45,71.69,72.21,65803,47.22,2026-10-07
DIXON,EQ,13030.0,13072.0,12897.0,13024.0,13015.0,157095,20377.08,2026-10-07
DJML,EQ,73.86,75.68,71.01,72.62,73.87,236745,176.0,2026-10-07
DLF,EQ,664.95,666.45,652.4,656.0,666.1,3028905,19916.08,2026-10-07
DLINKINDIA,EQ,424.5,424.5,415.05,419.2,419.95,33251,139.1,2026-10-07
DMART,EQ,3567.1,3636.0,3560.2,3636.0,3581.9,406908,14683.76,2026-10-07
DMCC,EQ,352.25,364.3,348.15,356.05,355.8,373447,1331.88,2026-10-07
DNAMEDIA,EQ,2.36,2.56,2.31,2.47,2.42,63681,1.55,2026-10-07
DODLA,EQ,1024.9,1024.9,1007.3,1013.3,1019.9,10009,101.6,2026-10-07
DOLATALGO,EQ,62.25,62.82,60.2,61.68,62.46,198973,122.69,2026-10-07
DOLLAR,EQ,276.1,284.0,274.0,278.95,278.55,62881,176.07,2026-10-07
DOLLEX,EQ,37.66,37.98,36.5,37.49,36.92,29379,10.85,2026-10-07
DOLPHIN,EQ,630.05,660.0,630.05,652.9,643.35,34501,225.6,2026-10-07
DOMS,EQ,2070.0,2075.8,2052.1,2058.9,2073.2,8258,170.34,2026-10-07
DONEAR,EQ,80.5,81.2,80.11,80.86,80.39,8189,6.61,2026-10-07
DPABHUSHAN,EQ,2168.0,2344.5,2134.2,2262.7,2174.0,263103,5941.18,2026-10-07
DPWIRES,EQ,220.71,243.42,212.0,227.46,221.54,583596,1362.66,2026-10-07
DRAGARWQ,EQ,5200.0,5242.5,5154.0,5198.0,5195.0,1891,98.18,2026-10-07
DRCSYSTEMS,EQ,13.22,13.69,12.56,12.96,12.92,44519,5.77,2026-10-07
DREAMFOLKS,EQ,60.5,61.14,60.01,60.13,60.66,34299,20.76,2026-10-07
DREDGECORP,EQ,904.5,942.0,894.0,931.0,909.0,353668,3244.08,2026-10-07
DRREDDY,EQ,1208.0,1222.8,1192.2,1203.8,1208.0,1754646,21168.35,2026-10-07
DSSL,EQ,1034.4,1063.7,1018.0,1032.45,1013.05,61664,642.27,2026-10-07
DUCON,EQ,1.49,1.49,1.42,1.49,1.42,1241981,18.34,2026-10-07
DVL,EQ,274.55,279.75,274.05,275.9,278.6,3326,9.18,2026-10-07
DWARKESH,EQ,46.89,47.95,46.11,46.8,46.86,2479647,1166.49,2026-10-07
DYCL,EQ,442.6,446.0,436.45,441.05,446.05,142269,628.24,2026-10-07
DYNAMATECH,EQ,14180.0,14252.0,13660.0,13723.0,14279.0,29509,4106.13,2026-10-07
DYNPRO,EQ,220.22,230.99,217.6,226.7,221.55,7094,15.88,2026-10-07
EASEMYTRIP,EQ,5.85,6.07,5.75,5.86,5.8,27006843,1591.8,2026-10-07
EASTWEST,EQ,2.24,2.36,2.19,2.35,2.22,31194,0.7,2026-10-07
EBANK10,EQ,15.89,16.32,15.89,16.32,16.3,2218,0.36,2026-10-07
EBANKNIFTY,EQ,55.46,55.85,55.4,55.41,55.7,5366,2.99,2026-10-07
EBBETF0430,EQ,1612.8,1612.8,1602.7,1605.78,1607.48,20267,325.37,2026-10-07
EBBETF0431,EQ,1432.66,1432.66,1422.93,1423.34,1427.32,18357,261.46,2026-10-07
EBBETF0433,EQ,1301.26,1303.86,1295.21,1298.74,1301.26,1970,25.6,2026-10-07
EBGNG,EQ,688.2,735.0,682.2,731.35,685.15,1130382,8115.92,2026-10-07
ECAPINSURE,EQ,23.1,23.32,22.92,23.28,23.35,23880,5.53,2026-10-07
ECLERX,EQ,1917.5,1917.5,1868.8,1896.0,1917.2,122326,2314.42,2026-10-07
ECORECO,EQ,445.95,445.95,416.9,424.25,438.7,15821,66.96,2026-10-07
ECOSMOBLTY,EQ,111.0,113.87,105.92,108.24,110.42,37693,41.03,2026-10-07
EDELWEISS,EQ,136.43,136.88,133.02,133.8,135.53,2921934,3940.89,2026-10-07
EFCIL,EQ,171.24,174.49,169.01,173.8,170.1,240036,411.73,2026-10-07
EGOLD,EQ,146.8,147.1,146.05,146.5,147.05,184363,270.1,2026-10-07
EICHERMOT,EQ,7004.0,7050.0,6960.0,6960.0,7051.0,272452,19078.33,2026-10-07
EIDPARRY,EQ,698.0,701.75,691.0,699.55,699.2,336016,2341.16,2026-10-07
EIEL,EQ,185.54,188.95,182.82,187.41,185.54,406629,759.44,2026-10-07
EIHAHOTELS,EQ,299.0,299.35,292.1,297.3,297.8,10056,29.74,2026-10-07
EIHOTEL,EQ,299.2,301.2,295.6,296.5,300.7,92171,274.45,2026-10-07
EIMCOELECO,EQ,2378.0,2448.4,2240.0,2247.3,2371.8,103663,2417.06,2026-10-07
EKC,EQ,106.61,106.93,104.9,105.52,106.54,113485,119.91,2026-10-07
ELANTAS,EQ,14000.0,14100.0,13821.0,14022.0,13937.0,1960,273.95,2026-10-07
ELCIDIN,EQ,100710.0,102900.0,100710.0,102900.0,102975.0,6,6.07,2026-10-07
ELDEHSG,EQ,766.15,788.85,766.15,769.0,785.2,368,2.84,2026-10-07
ELECON,EQ,447.5,451.35,440.0,441.25,446.3,244794,1087.61,2026-10-07
ELECTCAST,EQ,79.14,79.89,76.85,78.73,78.97,2837104,2230.49,2026-10-07
ELECTHERM,EQ,749.9,749.9,710.0,722.95,735.25,8915,64.25,2026-10-07
ELEVATE,EQ,337.75,356.95,337.0,350.0,337.75,3710501,12959.12,2026-10-07
ELGIEQUIP,EQ,595.0,604.9,592.95,602.05,599.25,209835,1259.85,2026-10-07
ELGIRUBCO,EQ,56.5,58.5,55.51,57.85,55.97,113283,64.68,2026-10-07
ELIN,EQ,79.7,79.7,76.85,77.07,78.84,102293,79.43,2026-10-07
ELIQUID,EQ,1050.82,1050.84,1050.82,1050.83,1050.67,54380,571.44,2026-10-07
ELITECON,EQ,7.32,7.6,7.19,7.53,7.24,13067588,982.5,2026-10-07
ELLEN,EQ,348.35,367.9,345.15,365.75,348.2,1095985,3958.69,2026-10-07
ELM250,EQ,15.87,15.87,15.55,15.58,15.8,180389,28.31,2026-10-07
ELMDIV,EQ,34.54,34.57,34.29,34.51,34.49,396,0.14,2026-10-07
ELPROINTL,EQ,174.75,175.98,171.98,174.86,174.39,11930,20.81,2026-10-07
EMAMILTD,EQ,383.0,383.1,370.05,375.45,384.0,1517301,5686.73,2026-10-07
EMAMIREAL,EQ,68.5,69.9,68.5,69.12,68.43,5649,3.91,2026-10-07
EMBDL,EQ,57.49,57.89,56.66,57.19,57.33,1476759,845.2,2026-10-07
EMCURE,EQ,1913.9,1932.9,1901.2,1918.0,1922.4,39428,755.21,2026-10-07
EMETAL,EQ,12.57,12.6,12.32,12.42,12.57,11991,1.49,2026-10-07
EMIL,EQ,200.9,212.64,200.3,211.54,201.42,9094206,19079.78,2026-10-07
EMKAY,EQ,283.5,294.0,283.5,287.3,285.6,45122,130.53,2026-10-07
EMMBI,EQ,88.2,88.2,85.07,85.62,88.15,6091,5.23,2026-10-07
EMMVEE,EQ,296.0,311.35,292.25,305.8,296.5,3016282,9171.21,2026-10-07
EMPIND,EQ,1041.0,1048.0,1031.1,1032.9,1040.0,2791,29.04,2026-10-07
EMPOWER,EQ,1.7,1.76,1.7,1.76,1.68,27855807,488.91,2026-10-07
EMSLIMITED,EQ,334.25,334.25,326.3,328.95,334.25,96104,317.18,2026-10-07
EMUDHRA,EQ,605.0,620.75,581.35,605.5,607.9,633364,3801.99,2026-10-07
EMULTIMQ,EQ,40.56,40.96,40.25,40.72,40.56,46411,18.85,2026-10-07
ENDURANCE,EQ,2530.0,2537.0,2488.7,2513.4,2516.0,74772,1880.72,2026-10-07
ENERGY,EQ,36.27,37.95,36.27,36.98,37.21,133804,49.6,2026-10-07
ENERGYAXIS,EQ,18.51,18.51,18.35,18.4,18.42,14607,2.69,2026-10-07
ENERGYDEV,EQ,14.18,14.74,14.03,14.57,14.36,31805,4.61,2026-10-07
ENEXT50,EQ,70.26,70.26,69.15,69.61,69.92,1127,0.78,2026-10-07
ENGINERSIN,EQ,313.3,316.15,305.5,308.3,313.3,4102945,12736.89,2026-10-07
ENIFTY,EQ,23.59,23.59,22.76,22.85,23.02,3274,0.75,2026-10-07
ENIL,EQ,91.57,94.99,91.1,92.0,92.24,27588,25.36,2026-10-07
ENKEIWHEL,EQ,388.1,393.0,387.5,388.45,386.6,1670,6.5,2026-10-07
ENRIN,EQ,3300.0,3406.9,3276.3,3344.0,3307.5,426581,14311.58,2026-10-07
ENTERO,EQ,1720.8,1753.8,1701.0,1713.3,1721.6,67467,1163.06,2026-10-07
EPACK,EQ,174.5,176.27,170.3,171.84,173.75,304936,528.22,2026-10-07
EPACKPEB,EQ,246.32,271.4,245.22,267.44,247.82,3553592,9409.14,2026-10-07
EPIGRAL,EQ,1035.9,1040.0,1018.3,1030.0,1036.2,47054,482.49,2026-10-07
EPL,EQ,236.5,237.99,232.35,237.03,237.23,1184596,2783.37,2026-10-07
EQUAL200,EQ,13.11,13.12,13.0,13.03,13.13,28794,3.76,2026-10-07
EQUAL50,EQ,311.25,312.02,309.5,310.32,312.6,20284,63.14,2026-10-07
EQUAL50ADD,EQ,323.49,328.0,320.07,321.69,323.46,26775,86.45,2026-10-07
EQUITASBNK,EQ,67.95,69.2,67.36,68.92,67.96,1250396,854.29,2026-10-07
ERIS,EQ,1184.7,1221.9,1141.0,1145.8,1184.7,200276,2347.55,2026-10-07
ESABINDIA,EQ,5625.0,5710.0,5580.0,5627.0,5608.0,1884,106.48,2026-10-07
ESCORTS,EQ,2805.0,2805.0,2771.0,2785.5,2811.7,38964,1085.54,2026-10-07
ESDS,EQ,1359.0,1359.0,1309.0,1359.0,1294.3,2562254,34786.41,2026-10-07
ESENSEX,EQ,73.57,73.73,73.0,73.17,73.64,88,0.06,2026-10-07
ESG,EQ,39.85,39.85,38.61,38.73,38.88,9054,3.51,2026-10-07
ESILVER,EQ,218.0,219.73,218.0,218.59,220.35,103671,226.67,2026-10-07
ESSARSHPNG,EQ,17.0,17.03,16.4,16.66,16.72,151756,25.28,2026-10-07
ESSENTIA,EQ,1.02,1.02,1.0,1.0,1.01,2539275,25.65,2026-10-07
ESTER,EQ,93.87,96.0,93.07,94.55,93.87,60124,56.99,2026-10-07
ETERNAL,EQ,332.6,332.7,324.6,328.0,329.0,23804457,78334.12,2026-10-07
ETHOSLTD,EQ,2626.1,2683.9,2608.0,2634.8,2621.2,106641,2823.72,2026-10-07
EUREKAFORB,EQ,356.85,356.85,348.25,351.75,353.8,189362,666.26,2026-10-07
EUROBOND,EQ,141.0,145.0,140.0,140.27,143.4,6130,8.7,2026-10-07
EUROPRATIK,EQ,177.0,182.2,176.1,179.12,180.02,128345,230.01,2026-10-07
EUROTEXIND,EQ,16.98,16.98,15.7,16.12,16.33,5181,0.84,2026-10-07
EVEREADY,EQ,317.35,323.0,315.0,320.5,320.1,37818,121.05,2026-10-07
EVERESTIND,EQ,515.5,531.9,492.2,499.35,515.95,50453,256.65,2026-10-07
EVIETF,EQ,30.89,30.89,29.94,30.06,30.28,133851,40.25,2026-10-07
EVINDIA,EQ,31.3,31.3,29.92,30.07,30.28,102330,30.81,2026-10-07
EXCELINDUS,EQ,917.05,930.7,900.0,923.9,924.1,9779,89.61,2026-10-07
EXCELSOFT,EQ,81.8,83.45,81.18,81.71,82.1,363535,298.36,2026-10-07
EXICOM,EQ,156.17,156.59,153.32,153.78,156.17,467878,723.81,2026-10-07
EXIDEIND,EQ,407.0,409.55,401.0,402.95,405.75,1208162,4895.08,2026-10-07
EXPLEOSOL,EQ,889.0,889.0,855.0,862.65,878.85,10395,90.34,2026-10-07
EXXARO,EQ,6.12,6.24,6.1,6.13,6.14,178338,10.99,2026-10-07
FABTECH,EQ,141.04,143.83,140.4,143.03,141.04,47841,68.22,2026-10-07
FACT,EQ,754.0,756.55,745.1,746.95,759.0,53546,402.0,2026-10-07
FAIRCHEMOR,EQ,682.0,732.7,680.0,703.85,679.3,129286,911.32,2026-10-07
FAZE3Q,EQ,440.15,465.0,436.95,450.1,445.75,40232,182.79,2026-10-07
FCL,EQ,58.95,60.9,57.51,57.8,59.2,29767531,17580.55,2026-10-07
FCSSOFT,EQ,1.41,1.43,1.38,1.4,1.41,1991435,27.93,2026-10-07
FDC,EQ,331.75,337.7,326.15,328.55,333.65,84094,277.97,2026-10-07
FEDDERSHOL,EQ,64.9,65.48,62.65,63.43,64.25,5506060,3516.91,2026-10-07
FEDERALBNK,EQ,320.0,326.15,317.05,323.5,320.0,8632011,27920.51,2026-10-07
FEDFINA,EQ,150.99,151.8,148.21,148.56,150.72,497138,745.07,2026-10-07
FERMENTA,EQ,569.05,582.0,560.0,565.3,569.45,237475,1355.82,2026-10-07
FIBERWEB,EQ,26.1,27.18,26.01,26.36,26.47,14227,3.73,2026-10-07
FIEMIND,EQ,1784.3,1804.8,1768.1,1799.3,1779.5,39539,708.52,2026-10-07
FILATEX,EQ,111.29,114.58,109.8,111.63,111.36,2534868,2837.27,2026-10-07
FILATFASH,EQ,0.18,0.19,0.18,0.18,0.18,11810025,21.83,2026-10-07
FINCABLES,EQ,1481.1,1494.9,1463.4,1483.5,1474.0,409024,6047.27,2026-10-07
FINEORG,EQ,5537.0,5666.0,5372.0,5625.5,5537.0,67944,3776.1,2026-10-07
FINIETF,EQ,30.32,31.0,30.15,30.68,30.43,216077,65.64,2026-10-07
FINKURVE,EQ,69.05,69.59,67.0,67.53,69.31,30405,20.73,2026-10-07
FINOPB,EQ,128.29,129.26,127.24,128.76,128.29,55775,71.57,2026-10-07
FINPIPE,EQ,154.03,155.69,153.11,153.91,154.72,313175,483.21,2026-10-07
FIRSTCRY,EQ,178.01,178.01,171.2,172.2,177.57,1240460,2159.68,2026-10-07
FISCHER,EQ,32.7,34.0,32.5,32.63,33.14,427904,140.74,2026-10-07
FIVESTAR,EQ,514.6,518.4,507.0,509.35,514.35,641274,3289.16,2026-10-07
FLAIR,EQ,227.1,228.95,225.59,227.97,227.84,23639,53.67,2026-10-07
FLEXIADD,EQ,9.5,9.55,9.42,9.46,9.5,63186,5.98,2026-10-07
FLUOROCHEM,EQ,4588.7,4645.5,4538.9,4555.9,4577.2,126650,5829.14,2026-10-07
FMCGADD,EQ,45.27,46.18,44.92,45.0,45.27,8349,3.76,2026-10-07
FMCGIETF,EQ,48.39,49.5,47.8,48.01,48.39,697135,335.63,2026-10-07
FMGOETZE,EQ,448.5,448.65,440.0,441.15,448.5,80264,355.22,2026-10-07
FMNL,EQ,7.96,8.15,7.96,8.12,7.96,16045,1.3,2026-10-07
FOCUS,EQ,56.95,56.95,54.1,56.26,55.95,13940,7.75,2026-10-07
FOODSIN,EQ,50.78,51.0,49.51,50.05,50.78,39884,20.13,2026-10-07
FORCEMOT,EQ,17080.0,17080.0,16800.0,16956.0,17110.0,54188,9173.74,2026-10-07
FORTIS,EQ,760.15,782.45,753.45,779.1,764.0,1858360,14337.29,2026-10-07
FOSECOIND,EQ,6478.0,6496.5,6326.0,6373.0,6440.0,5439,348.05,2026-10-07
FRACTAL,EQ,741.0,741.0,718.0,721.3,742.15,114183,831.45,2026-10-07
FREDUN,EQ,1418.3,1547.3,1403.9,1473.9,1406.7,235127,3478.23,2026-10-07
FRONTSP,EQ,1401.9,1503.6,1389.2,1431.2,1392.5,79155,1146.22,2026-10-07
FSL,EQ,261.8,265.85,257.6,259.2,260.25,759122,1983.78,2026-10-07
FUSION,EQ,170.05,172.2,167.35,168.52,169.0,236190,399.97,2026-10-07
GABRIEL,EQ,1350.5,1363.7,1329.6,1346.9,1352.9,195774,2646.92,2026-10-07
GAEL,EQ,162.81,166.8,160.2,162.98,162.81,1506793,2462.62,2026-10-07
GAIL,EQ,171.01,171.22,168.56,170.71,172.08,7094410,12063.95,2026-10-07
GAJA,EQ,142.61,148.17,141.0,146.35,141.71,455062,656.9,2026-10-07
GALAPREC,EQ,1168.8,1193.0,1148.0,1161.4,1161.0,35302,411.89,2026-10-07
GALAXYSURF,EQ,2435.6,2503.1,2421.0,2434.0,2442.4,78369,1930.07,2026-10-07
GALLANTT,EQ,529.9,530.0,512.0,514.55,530.05,105150,545.44,2026-10-07
GANDHAR,EQ,283.75,301.0,282.25,299.2,282.5,1975725,5833.45,2026-10-07
GANDHITUBE,EQ,987.1,987.1,968.0,974.15,981.5,3166,30.83,2026-10-07
GANECOS,EQ,995.0,1023.9,975.2,998.9,990.1,55793,562.11,2026-10-07
GANESHCP,EQ,145.47,162.96,144.5,158.87,145.47,793413,1244.63,2026-10-07
GANESHHOU,EQ,713.8,717.95,690.55,701.1,713.65,23408,164.54,2026-10-07
GANGAFORGE,EQ,1.53,1.59,1.49,1.58,1.52,3374924,53.1,2026-10-07
GANGESSECU,EQ,114.1,115.07,112.58,113.96,115.82,220,0.25,2026-10-07
GARFIBRES,EQ,769.8,785.1,765.9,773.75,770.05,19905,154.43,2026-10-07
GARUDA,EQ,174.52,174.84,172.0,172.55,173.36,169830,293.67,2026-10-07
GATEWAY,EQ,51.0,52.25,50.75,51.65,50.91,900667,464.95,2026-10-07
GAUDIUMIVF,EQ,112.38,112.38,106.25,107.5,109.28,82459,89.26,2026-10-07
GAYAHWS,EQ,1.87,2.03,1.82,1.86,1.78,220163,4.13,2026-10-07
GAYAPROJ,EQ,21.5,21.76,20.88,21.05,21.46,357002,75.45,2026-10-07
GCSL,EQ,695.6,701.25,686.3,689.7,693.05,392492,2728.0,2026-10-07
GEECEE,EQ,374.0,375.0,362.05,363.45,369.6,82,0.3,2026-10-07
GEEKAYWIRE,EQ,33.0,34.0,32.2,33.14,32.72,249043,83.2,2026-10-07
GEMAROMA,EQ,152.87,154.93,151.03,153.2,152.23,29511,45.13,2026-10-07
GENCON,EQ,39.0,39.0,36.55,37.04,37.78,493852,185.02,2026-10-07
GENESYS,EQ,299.3,301.8,291.2,294.85,301.05,353278,1044.47,2026-10-07
GENUSPAPER,EQ,10.66,10.9,10.07,10.47,10.57,61249,6.45,2026-10-07
GENUSPOWER,EQ,304.0,307.2,298.8,301.05,307.2,1198764,3620.78,2026-10-07
GEOJITFSL,EQ,78.68,79.25,77.5,77.98,78.68,201903,158.09,2026-10-07
GERMAN,EQ,118.2,124.49,116.43,120.11,118.12,3650098,4399.44,2026-10-07
GESHIP,EQ,1530.6,1572.0,1530.6,1567.9,1532.6,464716,7242.4,2026-10-07
GFLLIMITED,EQ,55.9,58.05,55.27,57.83,55.86,117979,67.21,2026-10-07
GHCL,EQ,409.0,409.05,394.1,398.8,408.85,150335,598.78,2026-10-07
GHCLTEXTIL,EQ,132.46,133.01,128.41,130.04,131.58,251094,326.47,2026-10-07
GICHSGFIN,EQ,134.8,135.8,131.8,132.83,134.48,86892,115.48,2026-10-07
GICRE,EQ,315.0,318.35,311.5,316.55,314.25,681917,2149.09,2026-10-07
GILLANDERS,EQ,113.0,116.75,109.0,109.38,111.77,6732,7.52,2026-10-07
GILLETTE,EQ,7060.0,7284.0,7006.0,7223.5,7057.0,26580,1900.33,2026-10-07
GILT10BETA,EQ,26.5,26.5,25.98,26.15,26.45,1280,0.33,2026-10-07
GILT5BETA,EQ,66.29,66.29,65.14,66.25,66.0,2576,1.69,2026-10-07
GILT5YBEES,EQ,65.68,65.69,65.36,65.54,65.54,259323,169.88,2026-10-07
GIPCL,EQ,175.0,175.85,170.44,171.86,174.06,294942,509.94,2026-10-07
GKB,EQ,60.12,62.76,60.12,61.5,61.76,6765,4.16,2026-10-07
GKENERGY,EQ,115.4,116.1,113.16,114.63,114.45,284451,326.33,2026-10-07
GKSL,EQ,193.98,197.3,185.82,187.12,193.62,2501508,4752.83,2026-10-07
GKWLIMITED,EQ,1565.0,1565.0,1540.0,1550.6,1545.4,7210,111.73,2026-10-07
GLAND,EQ,3026.0,3171.0,3019.0,3150.6,3006.1,1341221,41757.32,2026-10-07
GLASSWALL,EQ,254.9,268.3,254.7,262.25,275.75,8768527,22876.18,2026-10-07
GLAXO,EQ,2760.0,2760.0,2613.3,2634.0,2755.0,125296,3318.87,2026-10-07
GLENMARK,EQ,2314.9,2326.8,2274.4,2282.3,2311.0,500247,11446.25,2026-10-07
GLFL,EQ,5.31,5.57,5.13,5.43,5.39,13354,0.71,2026-10-07
GLOBAL,EQ,142.62,145.49,141.25,144.79,142.62,84933,122.15,2026-10-07
GLOBALE,EQ,10.13,10.49,10.12,10.49,10.65,10724,1.09,2026-10-07
GLOBALVECT,EQ,130.77,133.75,124.0,125.94,130.77,12669,16.05,2026-10-07
GLOBE,EQ,2.05,2.13,2.05,2.11,2.08,150203,3.15,2026-10-07
GLOBECIVIL,EQ,42.9,42.9,40.65,40.89,42.29,17587,7.26,2026-10-07
GLOBUSSPR,EQ,810.0,823.45,794.0,796.85,812.7,85390,686.3,2026-10-07
GLOSTERLTD,EQ,555.8,555.8,545.2,552.9,551.6,268,1.48,2026-10-07
GLOTTIS,EQ,58.33,59.63,58.0,58.71,58.34,33195,19.38,2026-10-07
GMBREW,EQ,979.0,997.95,972.45,984.95,981.35,152275,1505.13,2026-10-07
GMDCLTD,EQ,490.0,491.55,474.0,477.1,491.55,1206725,5803.89,2026-10-07
GMMPFAUDLR,EQ,1429.9,1459.5,1427.0,1438.0,1425.7,171982,2476.59,2026-10-07
GMRAIRPORT,EQ,92.8,93.37,91.1,91.19,93.06,17042601,15710.47,2026-10-07
GMRP&UI,EQ,102.51,104.0,101.29,101.58,102.23,835605,857.54,2026-10-07
GNA,EQ,614.55,614.55,581.0,583.65,615.8,490734,2907.98,2026-10-07
GNFC,EQ,634.0,634.0,616.0,618.2,629.5,457948,2843.49,2026-10-07
GNRL,EQ,100.0,101.03,97.1,97.67,98.79,301438,297.07,2026-10-07
GOACARBON,EQ,419.5,420.0,405.1,407.8,414.65,11433,47.33,2026-10-07
GOCLCORP,EQ,373.95,374.0,360.65,367.85,372.45,78586,288.07,2026-10-07
GOCOLORS,EQ,305.95,309.9,300.45,306.15,306.45,62693,191.53,2026-10-07
GODAVARIB,EQ,228.3,228.6,224.02,226.24,228.57,34828,78.93,2026-10-07
GODFRYPHLP,EQ,1890.0,1893.0,1856.3,1862.4,1900.0,120245,2251.43,2026-10-07
GODIGIT,EQ,260.0,269.85,259.0,264.75,258.6,818602,2175.33,2026-10-07
GODREJAGRO,EQ,651.8,652.1,627.9,639.6,648.1,306889,1955.98,2026-10-07
GODREJCP,EQ,874.75,874.75,853.65,865.55,872.5,1332394,11506.96,2026-10-07
GODREJIND,EQ,1049.0,1049.0,1025.0,1029.0,1045.0,16388,169.07,2026-10-07
GODREJPROP,EQ,1604.8,1604.8,1570.1,1580.2,1610.0,196039,3108.81,2026-10-07
GOKEX,EQ,682.0,685.5,670.1,673.0,682.75,96561,654.37,2026-10-07
GOKUL,EQ,38.95,39.5,38.5,38.97,38.78,155203,60.45,2026-10-07
GOKULAGRO,EQ,210.35,224.12,209.01,212.42,210.95,777477,1676.43,2026-10-07
GOLD1,EQ,122.24,122.7,122.24,122.3,122.72,1190007,1456.16,2026-10-07
GOLD360,EQ,143.25,144.25,141.75,142.75,143.25,4696,6.71,2026-10-07
GOLDADD,EQ,14.31,14.31,14.23,14.24,14.29,3210535,457.36,2026-10-07
GOLDAXIS,EQ,122.21,122.54,121.84,121.9,122.34,342211,417.46,2026-10-07
GOLDBEES,EQ,121.46,121.48,121.01,121.08,121.46,13757920,16675.8,2026-10-07
GOLDBETA,EQ,124.0,124.0,123.15,123.25,123.75,591386,729.21,2026-10-07
GOLDBND,EQ,146.46,147.0,146.0,146.4,146.97,655,0.96,2026-10-07
GOLDCASE,EQ,23.14,23.16,23.04,23.05,23.14,18245796,4212.91,2026-10-07
GOLDETF,EQ,142.88,142.96,142.46,142.57,142.99,471931,673.24,2026-10-07
GOLDIAM,EQ,316.9,321.6,311.55,317.0,317.5,338407,1071.03,2026-10-07
GOLDIETF,EQ,125.9,125.98,125.38,125.44,125.85,3361037,4221.97,2026-10-07
GOODLUCK,EQ,492.25,506.65,485.0,501.95,491.3,264589,1309.39,2026-10-07
GOODYEAR,EQ,685.05,690.0,680.0,685.05,685.95,3651,25.03,2026-10-07
GOPAL,EQ,257.15,257.4,253.05,255.4,255.85,188529,480.54,2026-10-07
GOYALALUM,EQ,5.96,6.0,5.87,5.94,5.91,28011,1.66,2026-10-07
GPIL,EQ,218.0,218.0,212.95,214.31,218.98,1180059,2531.0,2026-10-07
GPPL,EQ,168.0,174.0,166.38,172.46,168.21,2205709,3775.19,2026-10-07
GPTHEALTH,EQ,148.0,148.57,145.74,146.34,148.01,53458,78.67,2026-10-07
GPTINFRA,EQ,121.62,134.97,120.2,130.06,121.62,1834242,2384.87,2026-10-07
GRANDOAK,EQ,37.0,37.0,34.4,34.96,36.17,7900,2.77,2026-10-07
GRANULES,EQ,839.4,850.7,822.2,845.3,836.4,1224602,10270.61,2026-10-07
GRAPHITE,EQ,853.0,853.3,831.0,834.05,851.2,656284,5519.76,2026-10-07
GRASIM,EQ,2945.5,2957.2,2901.6,2921.1,2969.0,235855,6898.7,2026-10-07
GRAUWEIL,EQ,83.22,83.22,79.4,81.05,82.32,509818,414.63,2026-10-07
GRAVITA,EQ,1499.0,1510.3,1457.1,1496.0,1500.9,271577,4036.5,2026-10-07
GREAVESCOT,EQ,222.0,222.78,208.62,212.0,222.78,2299772,4909.99,2026-10-07
GREENLAM,EQ,211.7,213.0,208.8,210.5,212.02,41475,87.3,2026-10-07
GREENPANEL,EQ,159.92,160.4,157.61,159.12,159.92,148744,237.06,2026-10-07
GREENPLY,EQ,312.15,313.0,308.1,310.75,315.3,53514,166.28,2026-10-07
GREENPOWER,EQ,8.73,8.75,8.63,8.65,8.74,1042099,90.43,2026-10-07
GRINDWELL,EQ,2033.1,2051.7,2008.2,2018.2,2033.1,20013,405.46,2026-10-07
GRINFRA,EQ,819.05,819.1,796.2,798.4,815.0,9539,76.58,2026-10-07
GRMOVER,EQ,79.04,82.17,78.41,81.19,79.04,1339846,1083.79,2026-10-07
GROBTEA,EQ,882.0,899.5,870.3,899.5,873.95,8,0.07,2026-10-07
GROWW,EQ,192.8,198.27,189.45,197.75,193.19,42404060,82959.68,2026-10-07
GROWWCAPM,EQ,11.1,11.2,10.96,11.09,11.15,419809,46.71,2026-10-07
GROWWCHEM,EQ,28.54,30.88,28.24,28.79,28.53,25492,7.25,2026-10-07
GROWWDEFNC,EQ,94.16,94.16,92.06,92.51,93.91,129442,119.8,2026-10-07
GROWWEV,EQ,30.48,31.0,29.85,30.29,30.33,202010,60.72,2026-10-07
GROWWGOLD,EQ,14.36,14.37,14.29,14.31,14.35,872235,124.94,2026-10-07
GROWWHOSPI,EQ,46.64,47.13,46.12,46.7,46.66,368000,170.91,2026-10-07
GROWWLIQID,EQ,111.06,111.06,111.05,111.05,111.03,243010,269.88,2026-10-07
GROWWLOVOL,EQ,9.88,9.88,9.71,9.76,9.89,50194,4.89,2026-10-07
GROWWMC150,EQ,217.81,221.17,217.81,220.32,220.9,545,1.2,2026-10-07
GROWWMETAL,EQ,11.95,12.0,11.75,11.77,11.97,317222,37.58,2026-10-07
GROWWMOM50,EQ,10.76,10.78,10.67,10.7,10.72,66102,7.1,2026-10-07
GROWWN200,EQ,10.81,10.81,10.64,10.71,10.76,18483,1.98,2026-10-07
GROWWNET,EQ,10.27,10.35,10.13,10.28,10.26,609947,62.63,2026-10-07
GROWWNIFTY,EQ,9.29,9.29,9.09,9.16,9.22,590124,54.07,2026-10-07
GROWWNXT50,EQ,69.79,71.25,69.65,70.39,70.73,3638,2.55,2026-10-07
GROWWPOWER,EQ,11.19,11.19,10.85,10.88,11.01,1801541,196.42,2026-10-07
GROWWPSE,EQ,95.45,95.45,93.2,93.53,94.5,4132,3.87,2026-10-07
GROWWPSUBK,EQ,79.57,83.39,79.3,81.42,80.43,4756,3.83,2026-10-07
GROWWRAIL,EQ,26.06,26.18,25.85,25.99,26.05,263211,68.43,2026-10-07
GROWWRLTY,EQ,9.45,9.6,9.2,9.21,9.45,207774,19.28,2026-10-07
GROWWSC250,EQ,10.38,10.42,10.23,10.36,10.38,68810,7.13,2026-10-07
GROWWSLVR,EQ,21.61,21.63,21.39,21.41,21.59,670479,144.22,2026-10-07
GRPLTD,EQ,1855.0,1874.8,1761.0,1847.0,1853.0,1760,32.02,2026-10-07
GRSE,EQ,2130.0,2130.1,2092.0,2102.0,2137.3,279451,5877.65,2026-10-07
GRWRHITECH,EQ,7082.0,7135.0,6834.0,6903.5,7102.5,84439,5835.75,2026-10-07
GSEC10ABSL,EQ,111.78,111.9,110.5,111.2,111.22,2388,2.66,2026-10-07
GSEC10ADD,EQ,26.53,26.53,26.53,26.53,26.5,16,0.0,2026-10-07
GSEC10YEAR,EQ,29.8,32.76,29.8,30.38,29.79,35846,10.89,2026-10-07
GSEC5IETF,EQ,65.96,66.0,65.38,65.69,65.64,8344,5.49,2026-10-07
GSFC,EQ,152.89,153.79,149.2,149.73,153.47,636088,960.32,2026-10-07
GSLSU,EQ,28.03,29.55,28.03,28.88,28.89,56663,16.38,2026-10-07
GSPCROP,EQ,478.6,487.45,470.75,482.8,476.65,240478,1159.74,2026-10-07
GSS,EQ,10.13,10.47,10.08,10.22,10.13,49526,5.07,2026-10-07
GTECJAINX,EQ,36.19,36.19,34.5,35.69,36.19,8987,3.19,2026-10-07
GTL,EQ,6.92,7.13,6.8,6.9,6.86,185291,12.85,2026-10-07
GTLINFRA,EQ,1.09,1.1,1.06,1.07,1.09,23200615,251.15,2026-10-07
GTPL,EQ,55.69,56.88,54.36,55.92,54.68,38975,21.83,2026-10-07
GUFICBIO,EQ,428.35,430.55,420.9,422.55,427.8,47029,199.84,2026-10-07
GUJALKALI,EQ,616.5,619.5,604.0,616.0,613.1,39319,240.59,2026-10-07
GUJAPOLLO,EQ,349.9,350.85,340.0,341.8,346.7,9355,32.26,2026-10-07
GUJENERGY,EQ,229.7,232.19,227.83,228.48,229.97,864847,1981.83,2026-10-07
GUJRAFFIA,EQ,43.12,43.88,40.05,42.37,41.86,4819,2.06,2026-10-07
GUJTHEM,EQ,387.8,389.4,378.95,379.5,390.0,270403,1037.33,2026-10-07
GULFOILLUB,EQ,1080.8,1120.0,1078.5,1118.6,1087.9,48522,536.47,2026-10-07
GULPOLY,EQ,166.25,167.88,164.55,166.63,167.92,45942,76.45,2026-10-07
GVPIL,EQ,730.05,731.6,698.15,698.15,734.85,322585,2278.61,2026-10-07
GVT&D,EQ,4260.0,4340.2,4201.2,4316.3,4245.1,660155,28418.5,2026-10-07
GYFTR,EQ,169.3,174.0,166.5,169.52,169.3,417740,708.25,2026-10-07
HAL,EQ,4819.9,4831.4,4732.1,4746.3,4816.0,515972,24671.97,2026-10-07
HALDER,EQ,261.73,270.0,260.0,262.9,263.84,20929,55.2,2026-10-07
HALDYNGL,EQ,143.0,143.83,139.4,140.78,142.27,31368,44.4,2026-10-07
HALEOSLABS,EQ,1590.0,1595.0,1553.3,1584.7,1587.8,987,15.61,2026-10-07
HAMPTON,EQ,8.6,8.6,8.01,8.24,8.09,6616,0.55,2026-10-07
HAPPSTMNDS,EQ,303.35,306.55,302.05,304.6,303.35,268376,817.41,2026-10-07
HAPPYFORGE,EQ,1990.0,1990.0,1908.8,1934.3,1989.4,115845,2238.6,2026-10-07
HARDWYN,EQ,9.25,9.39,9.0,9.17,9.22,1127620,103.69,2026-10-07
HARIOMPIPE,EQ,344.25,344.25,334.0,338.15,336.5,88249,298.49,2026-10-07
HARRMALAYA,EQ,178.5,178.5,169.1,173.9,175.08,4756,8.23,2026-10-07
HARSHA,EQ,464.65,468.95,458.05,460.4,464.65,71927,332.97,2026-10-07
HATHWAY,EQ,9.72,9.87,9.6,9.64,9.8,1787610,173.54,2026-10-07
HATSUN,EQ,1158.9,1196.9,1142.4,1148.1,1150.0,23655,274.68,2026-10-07
HAVELLS,EQ,1057.0,1072.4,1044.6,1060.5,1057.0,486342,5161.85,2026-10-07
HAVISHA,EQ,1.4,1.63,1.4,1.52,1.36,501425,7.6,2026-10-07
HAWKINCOOK,EQ,8079.5,8079.5,7902.0,7973.5,8009.5,1152,92.03,2026-10-07
HAZOOR,EQ,18.09,18.78,17.76,18.58,18.0,750654,138.2,2026-10-07
HBESD,EQ,74.0,81.79,74.0,77.06,75.03,9222,7.06,2026-10-07
HBLENGINE,EQ,764.0,768.5,755.5,762.45,764.3,707261,5382.32,2026-10-07
HBPOR,EQ,59.51,62.7,58.0,62.36,59.27,450,0.27,2026-10-07
HBSL,EQ,58.0,59.0,57.0,58.61,57.91,2210,1.29,2026-10-07
HCC,EQ,20.25,20.47,19.71,19.8,20.26,15774521,3161.92,2026-10-07
HCG,EQ,680.55,680.55,655.0,657.6,680.55,40147,266.73,2026-10-07
HCL-INSYS,EQ,10.03,10.28,10.01,10.05,10.15,144014,14.54,2026-10-07
HCLTECH,EQ,1196.1,1202.6,1172.8,1185.0,1204.4,1810295,21496.53,2026-10-07
HDBFS,EQ,617.1,618.7,597.0,600.1,616.75,905333,5514.0,2026-10-07
HDFCAMC,EQ,2345.0,2347.0,2300.0,2314.8,2352.4,727092,16858.04,2026-10-07
HDFCBANK,EQ,708.55,711.0,701.7,702.75,711.45,29944008,211151.52,2026-10-07
HDFCBSE500,EQ,35.82,35.82,35.4,35.55,35.71,3939885,1402.86,2026-10-07
HDFCGOLD,EQ,125.61,125.61,125.1,125.19,125.61,2294320,2874.23,2026-10-07
HDFCGROWTH,EQ,109.9,109.9,108.13,108.34,109.72,28884,31.44,2026-10-07
HDFCLIFE,EQ,545.85,548.35,538.35,546.05,543.95,2546074,13865.89,2026-10-07
HDFCLIQUID,EQ,1081.07,1081.07,1081.05,1081.05,1080.91,5757,62.24,2026-10-07
HDFCLOWVOL,EQ,19.26,19.3,19.19,19.2,19.35,6648,1.28,2026-10-07
HDFCMID150,EQ,22.23,22.27,22.01,22.05,22.2,534676,118.38,2026-10-07
HDFCMOMENT,EQ,30.13,30.25,29.87,30.07,30.13,188299,56.5,2026-10-07
HDFCNEXT50,EQ,71.48,71.54,70.85,71.03,71.54,73419,52.28,2026-10-07
HDFCNIF100,EQ,24.65,24.65,24.5,24.55,24.62,28070,6.89,2026-10-07
HDFCNIFBAN,EQ,56.52,57.0,56.33,56.71,56.61,1201046,681.78,2026-10-07
HDFCNIFIT,EQ,29.95,30.07,29.53,29.61,29.94,48236,14.37,2026-10-07
HDFCNIFTY,EQ,262.83,262.83,254.21,255.04,256.42,141675,362.43,2026-10-07
HDFCNIMEG,EQ,126.97,126.97,123.11,123.33,125.71,22551,27.83,2026-10-07
HDFCPSUBK,EQ,80.5,82.16,80.07,81.58,80.82,27744,22.65,2026-10-07
HDFCPVTBAN,EQ,26.88,27.8,26.88,27.75,27.57,63017,17.46,2026-10-07
HDFCQUAL,EQ,55.19,56.6,54.84,54.96,55.45,11128,6.12,2026-10-07
HDFCSENSEX,EQ,82.02,83.5,82.02,82.58,82.75,49142,40.61,2026-10-07
HDFCSILVER,EQ,210.4,210.4,208.67,208.83,210.63,1694939,3548.23,2026-10-07
HDFCSML250,EQ,180.11,181.5,179.51,180.77,180.96,944811,1706.28,2026-10-07
HDFCVALUE,EQ,118.39,119.04,118.0,118.56,118.58,3173,3.76,2026-10-07
HEADSUP,EQ,6.55,6.55,5.76,6.33,6.52,10540,0.65,2026-10-07
HEALTHADD,EQ,16.25,16.69,16.14,16.32,16.25,8415,1.36,2026-10-07
HEALTHAXIS,EQ,161.8,165.48,161.8,162.95,163.78,1463,2.39,2026-10-07
HEALTHCARE,EQ,21.44,22.35,20.97,21.04,21.02,44054,9.27,2026-10-07
HEALTHIETF,EQ,161.31,166.01,161.31,164.41,165.45,81056,133.42,2026-10-07
HEALTHX,EQ,284.95,289.0,280.15,284.15,284.95,1584,4.48,2026-10-07
HEALTHY,EQ,16.76,16.76,16.27,16.49,16.57,629906,103.9,2026-10-07
HECPROJECT,EQ,115.68,115.68,109.63,112.19,112.79,6842,7.63,2026-10-07
HEGAM,EQ,252.0,253.9,246.0,246.99,252.21,1261859,3141.47,2026-10-07
HEIDELBERG,EQ,129.3,129.3,127.01,127.49,127.78,120951,154.51,2026-10-07
HEMIPROP,EQ,114.01,114.17,112.11,112.87,113.53,153549,173.45,2026-10-07
HERANBA,EQ,169.8,172.36,168.51,169.27,169.0,30802,52.57,2026-10-07
HERITGFOOD,EQ,404.25,407.7,396.0,398.75,406.1,176695,708.58,2026-10-07
HEROMOTOCO,EQ,5075.0,5087.5,4968.0,5004.0,5075.0,397370,19912.78,2026-10-07
HEROMOTORS,EQ,167.9,172.85,167.52,170.84,167.52,39347591,67028.06,2026-10-07
HESTERBIO,EQ,2173.6,2204.9,2152.0,2167.2,2174.1,1902,41.39,2026-10-07
HEXATRADEX,EQ,156.3,158.01,153.01,157.01,155.85,472,0.74,2026-10-07
HEXT,EQ,495.45,507.1,495.45,505.5,500.3,146911,739.33,2026-10-07
HGINFRA,EQ,420.45,423.0,409.8,416.15,417.2,145611,606.32,2026-10-07
HGM,EQ,41.79,41.79,39.8,40.05,39.28,994,0.4,2026-10-07
HGS,EQ,361.0,366.6,358.8,363.0,361.4,12910,46.77,2026-10-07
HIKAL,EQ,226.7,228.45,222.3,225.24,226.43,303522,684.21,2026-10-07
HILINFRA,EQ,45.8,47.89,44.95,47.6,45.36,455922,213.55,2026-10-07
HILTON,EQ,16.61,16.88,16.5,16.58,16.75,64659,10.74,2026-10-07
HIMATSEIDE,EQ,65.0,67.45,62.85,63.22,65.36,635805,407.67,2026-10-07
HINDADH,EQ,370.3,392.0,370.3,384.8,384.35,1607,6.19,2026-10-07
HINDALCO,EQ,930.1,937.85,910.85,910.85,940.5,3792281,34868.94,2026-10-07
HINDALUMI,EQ,91.22,92.5,89.5,89.99,90.32,971,0.88,2026-10-07
HINDCOMPOS,EQ,401.45,418.65,398.1,403.75,401.45,47848,195.29,2026-10-07
HINDCOPPER,EQ,484.4,484.45,478.7,479.95,485.5,2085383,10028.54,2026-10-07
HINDOILEXP,EQ,166.5,173.0,165.81,171.88,166.35,584648,995.78,2026-10-07
HINDPETRO,EQ,347.5,347.8,342.55,343.15,351.0,4508391,15560.53,2026-10-07
HINDUNILVR,EQ,1888.0,1888.0,1864.3,1865.4,1895.2,620459,11613.55,2026-10-07
HINDWAREAP,EQ,170.75,171.14,166.31,170.19,170.75,113381,191.43,2026-10-07
HINDZINC,EQ,561.0,561.0,550.55,551.0,557.65,1999170,11087.64,2026-10-07
HIRECT,EQ,1142.1,1144.9,1110.0,1113.9,1146.8,33997,382.67,2026-10-07
HISARMETAL,EQ,145.0,148.6,144.22,145.1,145.3,148,0.21,2026-10-07
HITECH,EQ,74.68,74.77,73.26,73.9,74.68,418797,308.74,2026-10-07
HLEGLAS,EQ,450.0,469.45,450.0,469.45,447.1,322476,1509.63,2026-10-07
HLVLTD,EQ,6.13,6.34,6.03,6.12,6.13,166000,10.26,2026-10-07
HMAAGRO,EQ,25.0,25.0,24.29,24.91,24.56,1051851,259.26,2026-10-07
HNDFDS,EQ,582.65,582.65,574.0,580.4,584.75,36500,211.32,2026-10-07
HNGSNGBEES,EQ,466.5,466.5,460.0,463.23,460.99,54259,251.54,2026-10-07
HOMEFIRST,EQ,1098.4,1128.9,1081.3,1087.9,1111.5,154842,1708.96,2026-10-07
HONASA,EQ,471.4,480.9,465.0,477.05,478.3,1568100,7450.43,2026-10-07
HONAUT,EQ,33780.0,33825.0,33100.0,33345.0,33780.0,1997,667.51,2026-10-07
HONDAPOWER,EQ,1912.9,1912.9,1860.0,1871.4,1885.9,1393,26.11,2026-10-07
HORIZONIND,EQ,49.8,50.85,48.75,50.15,49.2,3368691,1690.81,2026-10-07
HPAL,EQ,34.37,35.01,33.73,34.62,34.37,52439,17.98,2026-10-07
HPIL,EQ,115.91,116.49,112.99,116.49,116.49,303,0.35,2026-10-07
HPL,EQ,272.7,272.7,265.0,266.3,272.7,65194,174.98,2026-10-07
HRYNSHP,EQ,95.88,97.94,93.5,94.1,95.9,2242,2.16,2026-10-07
HSBCGOLD,EQ,127.84,127.98,127.27,127.56,128.02,9682,12.36,2026-10-07
HSCL,EQ,666.0,676.05,664.05,672.95,668.55,1404959,9426.68,2026-10-07
HTEL,EQ,75.2,88.57,73.1,87.94,73.81,14238636,11906.76,2026-10-07
HTMEDIA,EQ,23.15,23.65,22.5,22.59,22.99,65585,14.89,2026-10-07
HUBTOWN,EQ,170.85,171.9,163.75,164.52,170.0,667640,1122.04,2026-10-07
HUDCO,EQ,160.69,164.0,159.38,161.79,161.04,2375175,3847.06,2026-10-07
HUHTAMAKI,EQ,233.45,236.0,229.32,231.19,233.45,51122,118.17,2026-10-07
HYBRIDETF,EQ,9.86,9.86,9.81,9.84,9.83,2500,0.25,2026-10-07
HYBRIDFIN,EQ,17.25,19.0,16.81,17.84,17.56,19378,3.47,2026-10-07
HYUNDAI,EQ,1989.0,1989.0,1935.0,1945.0,1989.0,498987,9750.4,2026-10-07
IBULLSLTD,EQ,31.6,32.49,31.2,32.49,30.95,22176156,7090.02,2026-10-07
ICEMAKE,EQ,633.0,682.8,627.1,673.35,631.2,68993,454.18,2026-10-07
ICICIAMC,EQ,3060.0,3086.2,3041.5,3058.5,3071.5,309677,9485.05,2026-10-07
ICICIB22,EQ,110.34,110.8,108.44,108.86,110.0,201006,218.87,2026-10-07
ICICIBANK,EQ,1343.0,1360.0,1329.9,1357.5,1342.8,14774121,199287.66,2026-10-07
ICICIGI,EQ,1586.1,1601.0,1574.6,1590.0,1598.3,875700,13897.71,2026-10-07
ICICIPRULI,EQ,458.0,459.0,453.7,457.5,459.5,837553,3824.38,2026-10-07
ICIL,EQ,474.8,476.25,465.15,471.1,473.15,317864,1495.49,2026-10-07
ICRA,EQ,4356.7,4412.0,4316.9,4346.3,4356.7,32161,1402.27,2026-10-07
IDBI,EQ,86.5,87.0,85.36,85.67,87.01,3041959,2621.6,2026-10-07
IDEA,EQ,13.18,13.4,13.09,13.18,13.21,377013597,49827.7,2026-10-07
IDEAFORGE,EQ,726.1,730.0,698.8,700.0,723.4,206429,1455.25,2026-10-07
IDFCFIRSTB,EQ,81.46,81.46,78.75,79.54,81.56,20250870,16166.64,2026-10-07
IDFNIFTYET,EQ,249.66,251.65,249.11,250.44,251.47,1077,2.7,2026-10-07
IEX,EQ,105.39,108.65,104.27,105.85,104.86,7531830,8041.98,2026-10-07
IFBAGRO,EQ,887.0,887.0,868.05,875.35,874.15,1100,9.59,2026-10-07
IFBIND,EQ,1212.3,1225.5,1204.3,1216.0,1212.3,24232,294.46,2026-10-07
IFCI,EQ,65.3,65.32,63.84,64.03,65.51,21013703,13533.19,2026-10-07
IFGLEXPOR,EQ,180.65,186.5,179.91,183.05,180.65,74229,135.86,2026-10-07
IGARASHI,EQ,401.4,410.0,398.3,403.45,401.4,53466,216.54,2026-10-07
IGCL,EQ,57.3,60.82,56.0,57.75,57.36,347013,197.01,2026-10-07
IGIL,EQ,319.15,321.85,313.7,317.05,319.6,430610,1369.25,2026-10-07
IGL,EQ,141.0,147.9,140.21,146.35,141.38,3700426,5389.25,2026-10-07
IGPL,EQ,590.95,590.95,580.0,586.25,589.5,46121,270.11,2026-10-07
IIFL,EQ,600.0,600.0,584.15,588.55,601.7,1169032,6909.16,2026-10-07
IIFLCAPS,EQ,344.25,348.5,344.0,346.85,345.15,319500,1107.54,2026-10-07
IITL,EQ,133.3,134.95,129.47,130.75,132.25,101253,134.93,2026-10-07
IKIO,EQ,194.99,195.84,188.25,191.05,195.87,128405,246.25,2026-10-07
IKS,EQ,1752.4,1759.0,1693.3,1737.4,1761.0,330080,5723.87,2026-10-07
IMAGICAA,EQ,50.26,50.26,48.15,48.72,49.92,532708,260.71,2026-10-07
IMFA,EQ,1184.1,1197.6,1167.1,1186.8,1190.6,51866,614.01,2026-10-07
IMPAL,EQ,1042.3,1049.9,995.2,1000.2,1036.5,5358,54.11,2026-10-07
INA,EQ,84.49,84.49,81.32,82.0,83.81,454479,374.45,2026-10-07
INCREDIBLE,EQ,31.03,31.68,31.0,31.47,31.42,2423,0.76,2026-10-07
INDBANK,EQ,25.3,26.3,25.12,26.11,25.23,39659,10.21,2026-10-07
INDGN,EQ,596.0,612.0,588.15,607.1,596.3,424853,2555.1,2026-10-07
INDHOTEL,EQ,736.65,743.0,728.5,731.3,736.0,3190796,23431.56,2026-10-07
INDIACEM,EQ,295.25,305.0,289.2,303.05,295.25,252820,754.72,2026-10-07
INDIAGLYCO,EQ,324.9,382.7,321.1,382.7,318.95,9155076,33091.59,2026-10-07
INDIAMART,EQ,1592.9,1623.4,1575.0,1605.3,1592.9,58405,936.99,2026-10-07
INDIANB,EQ,808.6,835.0,801.35,828.3,813.0,1140038,9379.09,2026-10-07
INDIANCARD,EQ,189.83,189.83,183.06,186.99,187.86,1881,3.49,2026-10-07
INDIANHUME,EQ,341.55,362.0,338.65,355.45,341.2,71231,251.58,2026-10-07
INDIASHLTR,EQ,639.5,639.5,622.35,633.85,636.35,93350,588.33,2026-10-07
INDIGO,EQ,5015.0,5069.5,4972.3,4990.0,5050.5,1618923,81476.69,2026-10-07
INDIGOPNTS,EQ,1051.1,1077.3,1050.0,1060.2,1062.4,25510,271.56,2026-10-07
INDIQUBE,EQ,195.39,198.96,192.0,194.57,197.32,11603,22.69,2026-10-07
INDNIPPON,EQ,1241.8,1253.9,1221.4,1231.4,1241.7,25913,319.83,2026-10-07
INDOAMIN,EQ,161.84,166.44,156.65,157.97,161.16,978954,1564.63,2026-10-07
INDOBORAX,EQ,491.75,491.75,476.05,480.9,491.75,53337,257.74,2026-10-07
INDOCO,EQ,249.45,249.45,244.6,246.55,247.15,75736,186.56,2026-10-07
INDOFARM,EQ,134.0,142.55,132.81,139.92,134.32,279082,390.45,2026-10-07
INDOKEM,EQ,597.05,600.0,575.0,580.95,596.85,4219,24.86,2026-10-07
INDOMIM,EQ,1358.0,1374.4,1337.0,1359.9,1350.2,606566,8223.25,2026-10-07
INDORAMA,EQ,95.1,96.84,93.8,95.99,95.1,554572,529.86,2026-10-07
INDOSTAR,EQ,200.0,203.45,195.5,200.12,199.55,353977,703.78,2026-10-07
INDOTECH,EQ,3351.0,3399.0,3306.0,3323.3,3352.8,10434,348.68,2026-10-07
INDOTHAI,EQ,40.57,40.71,40.3,40.71,38.78,270332,109.92,2026-10-07
INDOUS,EQ,75.8,76.96,74.7,74.93,75.53,4494,3.39,2026-10-07
INDOWIND,EQ,8.56,8.69,8.42,8.58,8.56,73286,6.28,2026-10-07
INDPRUD,EQ,6299.0,6305.0,6299.0,6305.0,6299.5,26,1.64,2026-10-07
INDRAMEDCO,EQ,335.15,336.6,327.75,329.4,335.15,158141,524.95,2026-10-07
INDSWFTLAB,EQ,403.4,404.9,388.0,391.1,400.45,262328,1036.32,2026-10-07
INDTERRAIN,EQ,29.43,29.49,29.15,29.22,29.22,10557,3.08,2026-10-07
INDUSINDBK,EQ,899.05,903.25,870.9,874.9,906.1,2429142,21403.19,2026-10-07
INDUSTOWER,EQ,392.0,392.0,381.3,385.05,389.1,2499487,9637.08,2026-10-07
INFOBEAN,EQ,148.93,149.0,145.4,147.24,149.46,123208,181.36,2026-10-07
INFOMEDIA,EQ,5.53,5.55,5.16,5.41,5.21,15879,0.87,2026-10-07
INFRA,EQ,11.58,11.58,11.45,11.47,11.59,8575,0.99,2026-10-07
INFRABEES,EQ,904.6,911.06,900.0,905.74,909.15,6075,55.02,2026-10-07
INFRAIETF,EQ,90.52,90.75,89.44,89.87,90.52,45001,40.52,2026-10-07
INFY,EQ,1006.0,1009.0,990.1,992.0,1013.85,7493993,74743.77,2026-10-07
INGERRAND,EQ,4130.8,4182.8,4089.1,4115.3,4130.8,6676,275.28,2026-10-07
INNOVACAP,EQ,1137.1,1188.0,1131.4,1166.2,1141.8,118590,1380.03,2026-10-07
INNOVANA,EQ,292.8,295.9,286.0,289.9,294.85,25709,75.24,2026-10-07
INNOVISION,EQ,255.0,256.85,253.3,256.0,256.5,6907,17.64,2026-10-07
INOXGREEN,EQ,146.59,147.66,134.0,135.87,146.59,7288865,10079.78,2026-10-07
INOXINDIA,EQ,2070.0,2139.9,2066.5,2082.0,2077.3,243029,5104.76,2026-10-07
INOXWIND,EQ,68.25,68.38,66.73,67.1,68.7,10148423,6851.74,2026-10-07
INSECTICID,EQ,580.0,590.0,575.55,586.6,584.15,5454,31.86,2026-10-07
INSPIRISYS,EQ,84.0,85.0,83.5,83.74,83.76,2054,1.73,2026-10-07
INSURADD,EQ,14.55,14.66,14.5,14.61,14.51,15407,2.25,2026-10-07
INSUREIETF,EQ,14.72,14.89,14.51,14.68,14.72,972530,142.27,2026-10-07
INTELLECT,EQ,603.0,603.0,589.0,591.35,601.4,199132,1185.24,2026-10-07
INTENTECH,EQ,80.6,83.05,78.51,80.92,84.1,77560,62.28,2026-10-07
INTERARCH,EQ,1699.9,1717.7,1680.0,1700.9,1685.6,55579,946.07,2026-10-07
INTERNET,EQ,13.77,13.97,13.72,13.86,13.78,317024,44.06,2026-10-07
INTLCONV,EQ,80.0,81.39,79.1,80.17,80.02,51206,40.96,2026-10-07
INVENTURE,EQ,0.85,0.86,0.82,0.83,0.85,1208290,10.18,2026-10-07
IOB,EQ,31.02,31.29,30.85,31.03,31.46,3152062,978.89,2026-10-07
IOC,EQ,130.6,131.19,129.7,130.0,131.6,7269916,9473.04,2026-10-07
IOLCP,EQ,216.5,224.0,216.3,220.22,214.9,6360102,14007.21,2026-10-07
IONEXCHANG,EQ,411.0,415.0,401.0,402.4,409.2,251291,1021.36,2026-10-07
IPCALAB,EQ,1940.0,1963.7,1928.0,1938.5,1945.5,135675,2638.28,2026-10-07
IPL,EQ,132.1,133.98,129.94,130.39,132.6,150722,198.24,2026-10-07
IPRINGLTD,EQ,144.99,149.7,140.5,144.94,143.67,1849,2.7,2026-10-07
IRB,EQ,17.75,17.83,17.3,17.44,17.84,10957532,1919.37,2026-10-07
IRCON,EQ,107.6,108.18,106.12,106.66,107.86,2229186,2385.72,2026-10-07
IRCTC,EQ,455.0,458.15,449.7,453.65,454.8,759796,3450.61,2026-10-07
IREDA,EQ,109.0,109.42,107.12,107.33,109.0,4512835,4882.25,2026-10-07
IRFC,EQ,76.9,77.2,76.04,76.15,77.1,5212579,3994.25,2026-10-07
IRIS,EQ,223.5,226.0,220.99,223.23,221.57,6950,15.5,2026-10-07
IRISDOREME,EQ,58.86,61.03,57.44,59.26,58.45,344405,203.92,2026-10-07
IRMENERGY,EQ,264.0,266.4,257.0,263.0,262.1,34474,90.02,2026-10-07
ISGEC,EQ,906.4,906.6,895.05,901.75,905.0,73566,662.94,2026-10-07
ISHANCH,EQ,50.04,50.04,46.56,47.08,47.92,3669,1.74,2026-10-07
ISTLTD,EQ,637.2,645.95,637.2,638.45,637.2,9,0.06,2026-10-07
IT,EQ,30.41,31.25,30.33,30.74,31.19,185562,57.4,2026-10-07
ITADD,EQ,29.76,29.87,29.42,29.58,29.79,36632,10.79,2026-10-07
ITAXIS,EQ,309.0,310.52,305.01,306.14,307.77,1354,4.16,2026-10-07
ITBEES,EQ,31.49,31.49,30.83,30.9,31.17,6866825,2133.33,2026-10-07
ITBETA,EQ,295.0,296.25,291.46,291.72,295.0,214,0.63,2026-10-07
ITC,EQ,265.7,267.15,262.45,265.7,266.7,50025295,132608.59,2026-10-07
ITCHOTELS,EQ,160.0,161.9,158.6,159.17,160.21,1030272,1647.09,2026-10-07
ITDC,EQ,677.0,685.0,667.1,671.75,675.25,75732,510.7,2026-10-07
ITETF,EQ,30.12,30.12,29.41,29.48,29.72,225664,66.72,2026-10-07
ITI,EQ,246.79,248.16,245.0,245.84,247.84,101191,249.19,2026-10-07
ITIETF,EQ,31.17,31.31,30.77,30.91,31.22,1350791,420.34,2026-10-07
ITL,EQ,363.1,379.9,346.25,372.8,366.75,2896,10.67,2026-10-07
IVALUE,EQ,230.71,236.1,227.21,232.04,229.45,134884,312.89,2026-10-07
IVC,EQ,7.81,8.08,7.81,7.95,8.0,143556,11.42,2026-10-07
IVZBANKNF,EQ,54.83,55.39,54.57,55.21,55.12,956,0.52,2026-10-07
IVZINGOLD,EQ,128.2,128.2,127.05,127.7,128.2,135055,172.32,2026-10-07
IVZINNIFTY,EQ,267.84,267.84,258.91,261.59,261.31,421,1.1,2026-10-07
IVZSENSEX,EQ,75.03,75.49,72.5,74.74,73.2,255,0.19,2026-10-07
IWP,EQ,37.38,38.4,36.95,37.1,37.38,22715,8.52,2026-10-07
IXIGO,EQ,160.19,160.31,157.32,158.27,160.13,821667,1304.69,2026-10-07
IZMO,EQ,868.0,900.0,861.0,889.95,864.3,118878,1050.9,2026-10-07
J&KBANK,EQ,139.51,140.96,137.71,139.4,139.5,2306193,3208.41,2026-10-07
JAGRAN,EQ,62.02,62.46,61.64,62.05,61.72,71301,44.2,2026-10-07
JAGSNPHARM,EQ,234.8,243.46,234.8,235.4,233.63,164193,391.45,2026-10-07
JAIBALAJI,EQ,67.37,67.37,65.0,67.37,64.17,432731,291.17,2026-10-07
JAICORPLTD,EQ,89.0,93.8,88.51,90.9,90.17,1110175,1019.29,2026-10-07
JAINREC,EQ,290.0,300.9,287.15,295.15,290.15,1303023,3855.36,2026-10-07
JAIPURKURT,EQ,28.0,29.75,27.26,28.5,27.37,220174,63.45,2026-10-07
JAMNAAUTO,EQ,144.4,154.0,142.5,151.77,144.21,12310484,18566.56,2026-10-07
JARO,EQ,416.0,416.0,410.05,414.4,413.85,103527,429.23,2026-10-07
JASH,EQ,596.0,599.0,580.05,586.15,594.95,192190,1132.42,2026-10-07
JAYAGROGN,EQ,219.8,219.8,212.0,213.0,219.16,7226,15.54,2026-10-07
JAYBARMARU,EQ,134.36,137.5,129.31,132.78,134.37,1041373,1389.83,2026-10-07
JAYKAY,EQ,241.5,273.0,236.4,263.45,240.02,6198201,16181.66,2026-10-07
JAYNECOIND,EQ,93.9,96.0,93.05,95.24,94.45,2969185,2806.46,2026-10-07
JAYSREETEA,EQ,85.79,86.9,83.0,83.41,85.74,23661,19.96,2026-10-07
JBMA,EQ,557.0,557.0,545.0,547.0,555.65,141136,775.68,2026-10-07
JENBURPH,EQ,902.7,908.0,886.8,891.4,905.55,4187,37.52,2026-10-07
JETFREIGHT,EQ,19.8,19.98,19.29,19.72,19.8,89485,17.56,2026-10-07
JGCHEM,EQ,670.0,677.2,651.15,654.95,665.45,393554,2608.95,2026-10-07
JINDALPHOT,EQ,1012.0,1040.0,1012.0,1032.8,1024.8,1436,14.75,2026-10-07
JINDALPOLY,EQ,668.0,670.95,643.55,653.25,658.35,6873,44.83,2026-10-07
JINDALSAW,EQ,282.4,283.4,278.15,281.9,282.4,693527,1952.83,2026-10-07
JINDALSTEL,EQ,1080.6,1082.6,1055.6,1061.0,1085.9,904316,9611.75,2026-10-07
JINDRILL,EQ,590.7,610.0,590.7,598.1,590.7,198826,1193.64,2026-10-07
JINDWORLD,EQ,45.62,46.17,44.15,44.83,45.39,2495710,1129.84,2026-10-07
JIOFIN,EQ,217.45,218.78,215.55,216.44,217.9,10207060,22173.26,2026-10-07
JISLDVREQS,EQ,19.34,20.0,18.52,19.18,18.96,43706,8.51,2026-10-07
JISLJALEQS,EQ,26.66,29.35,26.56,27.95,26.65,26460467,7395.38,2026-10-07
JITFINFRA,EQ,272.0,283.95,271.2,278.3,275.1,20154,55.9,2026-10-07
JKCEMENT,EQ,4960.0,5081.5,4952.0,5047.0,4960.0,39360,1977.54,2026-10-07
JKIL,EQ,448.9,449.95,440.4,442.2,448.3,112056,497.02,2026-10-07
JKIPL,EQ,95.52,100.29,95.05,100.29,95.52,84237,84.21,2026-10-07
JKLAKSHMI,EQ,479.85,479.95,469.1,471.65,478.45,107094,506.75,2026-10-07
JKPAPER,EQ,393.45,393.45,378.65,384.5,393.45,449194,1721.08,2026-10-07
JKTYRE,EQ,339.85,341.3,333.05,333.4,339.35,756641,2537.79,2026-10-07
JLHL,EQ,255.1,255.9,248.5,250.0,253.85,70500,177.43,2026-10-07
JMA,EQ,88.4,89.5,87.01,88.69,86.92,12195,10.8,2026-10-07
JMFINANCIL,EQ,123.68,125.34,122.8,124.92,124.0,1531478,1904.24,2026-10-07
JNKINDIA,EQ,444.15,452.45,435.0,444.75,440.95,138580,617.29,2026-10-07
JNPR,EQ,281.1,283.0,275.75,280.65,280.6,822016,2303.63,2026-10-07
JOCIL,EQ,149.19,155.0,146.4,149.04,148.47,2527,3.76,2026-10-07
JPOLYINVST,EQ,923.9,949.25,890.1,901.1,923.9,4656,42.06,2026-10-07
JPPOWER,EQ,15.0,15.12,14.73,14.86,15.0,44222342,6597.3,2026-10-07
JSFB,EQ,499.85,509.4,491.55,500.1,499.85,357814,1792.03,2026-10-07
JSL,EQ,751.0,754.6,730.05,732.15,750.95,546010,4014.19,2026-10-07
JSLL,EQ,444.8,448.25,407.25,417.2,441.25,3700090,15588.69,2026-10-07
JSWCEMENT,EQ,115.77,116.4,110.81,112.14,113.2,4530075,5091.48,2026-10-07
JSWDULUX,EQ,3025.0,3101.4,2993.2,3028.1,3004.8,29702,903.2,2026-10-07
JSWENERGY,EQ,494.9,494.9,481.45,485.45,494.9,2337109,11397.05,2026-10-07
JSWHL,EQ,11403.0,11403.0,11216.0,11272.0,11313.0,1285,145.05,2026-10-07
JSWINFRA,EQ,355.0,365.75,351.05,353.9,363.05,4533527,16218.2,2026-10-07
JSWSTEEL,EQ,1249.0,1253.0,1225.9,1230.0,1259.6,1830488,22549.68,2026-10-07
JTEKTINDIA,EQ,115.9,115.9,114.0,114.46,115.38,53296,61.14,2026-10-07
JTLIND,EQ,84.6,90.0,82.03,88.2,84.53,7721553,6641.92,2026-10-07
JUBLCPL,EQ,1966.0,2042.8,1966.0,1988.0,2003.5,3874,77.44,2026-10-07
JUBLFOOD,EQ,455.55,467.0,455.55,460.6,449.75,2597754,12012.09,2026-10-07
JUBLINGREA,EQ,638.6,647.1,627.0,642.55,644.25,322660,2055.41,2026-10-07
JUBLPHARMA,EQ,991.2,993.8,971.0,974.6,989.2,69406,679.32,2026-10-07
JUNIORBEES,EQ,760.39,762.8,749.3,752.0,758.79,404636,3048.52,2026-10-07
JUNIPER,EQ,222.0,223.65,215.21,216.34,218.36,62425,136.19,2026-10-07
JUSTDIAL,EQ,657.0,664.45,653.0,657.4,658.95,50927,334.91,2026-10-07
JWL,EQ,223.67,226.9,221.8,223.56,224.64,478354,1071.85,2026-10-07
JYOTHYLAB,EQ,185.0,193.95,182.59,191.44,183.32,808049,1528.26,2026-10-07
JYOTICNC,EQ,1075.0,1081.0,1056.0,1071.0,1073.1,699558,7490.55,2026-10-07
JYOTIRES,EQ,849.6,850.0,833.35,842.95,849.6,5832,49.36,2026-10-07
JYOTISTRUC,EQ,8.96,9.26,8.8,9.03,8.94,2917830,260.44,2026-10-07
KAJARIACER,EQ,1217.7,1254.5,1201.2,1226.2,1213.8,238403,2940.16,2026-10-07
KAKATCEM,EQ,105.44,107.3,104.45,105.95,105.44,1531,1.62,2026-10-07
KALAMANDIR,EQ,77.01,77.55,76.11,77.01,77.36,218600,168.27,2026-10-07
KALPATARU,EQ,270.0,270.0,264.4,267.3,269.8,25781,68.91,2026-10-07
KALYANKJIL,EQ,547.4,581.2,542.55,569.0,548.15,18559247,105388.72,2026-10-07
KAMAHOLD,EQ,2231.5,2255.9,2230.0,2236.2,2253.3,299,6.71,2026-10-07
KAMANWALA,EQ,17.0,17.0,17.0,17.0,17.4,2,0.0,2026-10-07
KAMATHOTEL,EQ,263.4,266.39,256.44,262.89,258.82,124340,326.65,2026-10-07
KAMDHENU,EQ,37.42,39.5,37.13,38.08,37.31,1810766,696.89,2026-10-07
KAMOPAINTS,EQ,4.17,4.17,4.06,4.07,4.11,107923,4.42,2026-10-07
KANANIIND,EQ,1.35,1.36,1.32,1.33,1.35,74612,1.0,2026-10-07
KANCHI,EQ,379.5,380.0,372.0,378.15,371.65,621,2.35,2026-10-07
KANCOTEA,EQ,52.99,52.99,50.99,52.55,50.47,252,0.13,2026-10-07
KANOHAR,EQ,1030.0,1131.0,1011.2,1091.05,942.5,18502805,199896.58,2026-10-07
KANPRPLA,EQ,250.9,257.0,245.25,250.96,250.9,8703,21.89,2026-10-07
KANSAINER,EQ,183.11,194.49,180.63,192.4,184.0,1839514,3442.43,2026-10-07
KAPSTON,EQ,550.0,550.0,543.0,545.45,547.25,29326,159.97,2026-10-07
KARAMTARA,EQ,443.0,443.0,412.4,416.65,438.8,3685569,15733.99,2026-10-07
KARMAENG,EQ,37.0,37.0,34.6,34.86,36.28,10214,3.6,2026-10-07
KARURVYSYA,EQ,326.1,331.55,320.7,330.1,325.2,2515356,8237.5,2026-10-07
KAYNES,EQ,3403.9,3429.0,3361.0,3365.0,3405.0,692436,23475.16,2026-10-07
KCP,EQ,155.0,155.87,152.75,154.33,154.41,189686,291.74,2026-10-07
KDDL,EQ,3965.0,4055.8,3965.0,3997.2,3999.9,18883,756.67,2026-10-07
KDGREEN,EQ,52.99,52.99,48.5,48.53,49.19,35828,17.57,2026-10-07
KEC,EQ,375.0,375.15,362.0,362.5,374.9,1716962,6273.28,2026-10-07
KECL,EQ,125.41,131.5,125.41,129.04,128.11,272071,350.09,2026-10-07
KEEPLEARN,EQ,1.81,1.95,1.7,1.86,1.79,116852,2.15,2026-10-07
KEI,EQ,4560.2,4688.9,4495.0,4677.7,4557.4,220874,10192.08,2026-10-07
KELLTONTEC,EQ,12.25,12.42,12.12,12.15,12.41,960616,117.47,2026-10-07
KENNAMET,EQ,4243.3,4301.8,4168.9,4180.9,4268.6,11863,499.18,2026-10-07
KERNEX,EQ,1754.9,1779.5,1702.1,1767.5,1749.7,149534,2609.86,2026-10-07
KESORAMIND,EQ,11.1,11.15,10.75,10.81,10.76,445320,48.59,2026-10-07
KEYFINSERV,EQ,254.95,254.95,238.66,240.0,241.53,1376,3.38,2026-10-07
KFINTECH,EQ,860.0,871.7,858.0,858.0,863.8,388798,3361.96,2026-10-07
KHAICHEM,EQ,49.0,49.59,48.11,48.82,48.73,88182,43.07,2026-10-07
KHAITANLTD,EQ,142.01,159.0,141.61,150.76,145.6,9188,13.72,2026-10-07
KHANDSE,EQ,17.19,17.2,16.5,17.16,16.97,194,0.03,2026-10-07
KICL,EQ,4810.0,4932.3,4810.0,4881.9,4808.3,1534,74.79,2026-10-07
KILITCH,EQ,260.7,267.9,254.6,256.25,260.7,180989,471.92,2026-10-07
KIMS,EQ,700.0,704.2,686.1,693.95,693.4,692428,4814.3,2026-10-07
KINGFA,EQ,6932.0,6979.0,6760.0,6932.5,6932.0,9197,630.64,2026-10-07
KIOCL,EQ,339.3,354.0,337.8,349.35,344.6,127933,444.01,2026-10-07
KIRANVYPAR,EQ,177.0,212.46,169.96,191.35,177.05,22423,42.64,2026-10-07
KIRIINDUS,EQ,561.7,565.9,553.7,556.25,564.1,361713,2021.01,2026-10-07
KIRLFER,EQ,472.9,478.0,467.85,473.8,472.75,69152,327.41,2026-10-07
KIRLOSBROS,EQ,1733.5,1744.7,1710.0,1712.8,1745.3,43337,745.74,2026-10-07
KIRLOSENG,EQ,2270.0,2290.5,2206.1,2230.8,2266.1,364515,8148.89,2026-10-07
KIRLOSIND,EQ,3541.4,3579.6,3520.2,3531.2,3542.5,4656,165.09,2026-10-07
KIRLPNU,EQ,713.4,718.95,691.75,696.15,710.85,120760,848.56,2026-10-07
KISSHT,EQ,379.0,387.4,375.95,377.35,383.1,747467,2850.84,2026-10-07
KITEX,EQ,118.9,120.98,116.66,116.93,118.96,210532,247.78,2026-10-07
KJMCFIN,EQ,58.3,61.97,58.3,58.45,59.03,132,0.08,2026-10-07
KKCL,EQ,474.6,481.45,472.0,475.55,474.55,31242,149.0,2026-10-07
KLBRENG-B,EQ,533.0,538.85,514.05,524.35,528.4,179670,952.6,2026-10-07
KMCSHIL,EQ,172.5,185.18,170.36,183.22,170.36,1362750,2470.59,2026-10-07
KMEW,EQ,3210.3,3268.5,3178.0,3214.0,3202.3,92519,2975.06,2026-10-07
KNACK,EQ,198.98,214.8,197.1,211.86,197.34,4515449,9394.69,2026-10-07
KNAGRI,EQ,204.98,208.0,201.41,205.9,205.0,6941,14.27,2026-10-07
KNRCON,EQ,115.33,116.5,114.0,115.72,115.65,489996,564.16,2026-10-07
KOHINOOR,EQ,29.29,29.65,28.55,29.42,28.89,104662,30.52,2026-10-07
KOKUYOCMLN,EQ,76.4,76.4,72.1,73.0,74.57,68227,49.81,2026-10-07
KOLTEPATIL,EQ,434.55,438.0,427.0,435.9,433.55,33290,143.79,2026-10-07
KOPRAN,EQ,269.6,279.5,267.05,276.5,269.6,300819,827.98,2026-10-07
KOTAKBANK,EQ,432.05,441.5,429.0,440.0,431.9,37972097,166645.69,2026-10-07
KOTHARIPET,EQ,128.13,129.0,125.44,126.56,127.53,54672,69.46,2026-10-07
KOTHARIPRO,EQ,64.64,65.81,63.5,65.08,64.64,2939,1.9,2026-10-07
KOTIC,EQ,147.47,147.47,142.0,143.91,147.33,38655,55.91,2026-10-07
KOTYARK,EQ,29.5,31.8,29.22,31.1,29.98,539007,163.43,2026-10-07
KOVAI,EQ,5976.0,5992.0,5902.0,5919.5,5936.0,4156,246.29,2026-10-07
KPEL,EQ,215.51,216.53,212.0,212.89,215.47,125317,267.51,2026-10-07
KPIGREEN,EQ,325.7,341.5,320.0,334.45,326.8,1691178,5589.98,2026-10-07
KPIL,EQ,1456.9,1468.7,1431.6,1458.4,1451.5,171837,2494.62,2026-10-07
KPITTECH,EQ,493.9,496.95,483.4,484.25,492.7,1032082,5038.92,2026-10-07
KPL,EQ,3783.9,3783.9,3642.1,3681.2,3745.0,21347,790.79,2026-10-07
KPRMILL,EQ,1101.0,1114.9,1088.6,1101.3,1100.4,217508,2394.74,2026-10-07
KRBL,EQ,389.15,400.0,385.0,398.2,389.15,376596,1482.56,2026-10-07
KREBSBIO,EQ,58.15,61.97,58.15,59.72,58.86,30458,18.41,2026-10-07
KRIDHANINF,EQ,1.84,1.9,1.84,1.86,1.88,8557,0.16,2026-10-07
KRISHANA,EQ,194.65,194.65,190.2,191.38,193.66,413924,796.09,2026-10-07
KRISHIVAL,EQ,405.05,406.0,393.0,397.4,404.45,5354,21.47,2026-10-07
KRISHNADEF,EQ,1310.0,1310.0,1230.0,1242.1,1312.3,176515,2242.73,2026-10-07
KRITI,EQ,60.05,61.0,57.65,59.07,60.03,8290,4.86,2026-10-07
KRITIKA,EQ,4.9,4.98,4.83,4.95,4.95,75321,3.7,2026-10-07
KRITINUT,EQ,73.0,73.79,69.01,70.15,72.61,21419,15.16,2026-10-07
KRN,EQ,1457.4,1518.0,1454.0,1484.2,1462.3,516318,7712.59,2026-10-07
KROSS,EQ,253.75,269.9,250.1,263.9,253.2,1500938,3956.2,2026-10-07
KRSNAA,EQ,556.2,556.2,543.5,548.1,552.7,33805,185.4,2026-10-07
KRYSTAL,EQ,647.8,658.9,641.25,644.45,656.65,3241,21.0,2026-10-07
KSB,EQ,809.0,814.3,796.55,801.5,809.1,71157,572.5,2026-10-07
KSCL,EQ,717.55,722.75,705.65,710.75,717.45,87226,620.36,2026-10-07
KSE,EQ,180.0,180.0,174.6,176.84,176.86,5761,10.18,2026-10-07
KSHINTL,EQ,1040.9,1077.7,1033.0,1072.3,1034.1,340263,3610.32,2026-10-07
KSL,EQ,938.0,942.0,924.0,932.65,942.8,40147,374.88,2026-10-07
KSOLVES,EQ,251.44,254.79,243.82,246.44,248.96,29074,72.31,2026-10-07
KTKBANK,EQ,323.9,329.3,317.9,326.45,324.25,1917889,6237.64,2026-10-07
KUANTUM,EQ,75.31,77.29,75.0,76.72,75.31,68656,52.14,2026-10-07
KUSUMGAR,EQ,616.6,632.0,604.75,626.85,611.0,187736,1168.85,2026-10-07
KWIL,EQ,38.65,38.85,37.7,38.06,38.29,5607252,2145.6,2026-10-07
LAGNAM,EQ,73.59,74.0,72.01,72.26,73.59,2483,1.83,2026-10-07
LAHOTIOV,EQ,38.95,40.0,38.6,39.9,39.12,2408,0.95,2026-10-07
LAKSHMIMIL,EQ,7734.0,7734.0,7600.0,7715.0,7733.5,8,0.61,2026-10-07
LAL,EQ,8.5,8.75,8.35,8.61,8.5,11575,0.99,2026-10-07
LALITHAA,EQ,407.0,414.1,392.25,394.85,405.45,4147890,16628.15,2026-10-07
LALPATHLAB,EQ,1952.5,1970.0,1930.7,1945.1,1964.2,254536,4953.86,2026-10-07
LAMBODHARA,EQ,138.0,138.0,130.5,133.74,135.95,8366,11.25,2026-10-07
LANCER,EQ,11.25,11.34,10.9,10.98,11.28,198181,21.92,2026-10-07
LANDMARK,EQ,480.0,485.0,474.2,480.95,480.6,68685,329.41,2026-10-07
LAOPALA,EQ,159.07,159.9,154.31,155.04,159.07,100907,158.07,2026-10-07
LARGEMID50,EQ,34.36,34.53,34.28,34.37,34.63,2113,0.73,2026-10-07
LASERPOWER,EQ,279.85,287.8,273.5,284.55,278.8,786184,2212.18,2026-10-07
LATENTVIEW,EQ,234.44,235.99,229.1,230.08,233.28,638016,1476.3,2026-10-07
LATTEYS,EQ,22.1,22.59,21.35,21.87,21.89,69991,15.48,2026-10-07
LAURUSLABS,EQ,2052.0,2065.2,2035.6,2052.8,2050.0,1499990,30731.99,2026-10-07
LAXMICOT,EQ,12.89,13.19,12.77,12.8,12.63,2219,0.29,2026-10-07
LAXMIDENTL,EQ,190.54,198.0,190.0,197.12,190.53,107375,209.51,2026-10-07
LAXMIINDIA,EQ,112.1,113.49,110.0,110.81,111.59,64905,72.54,2026-10-07
LCCPROJECT,EQ,144.0,145.9,141.51,143.97,144.08,694750,996.14,2026-10-07
LCL,EQ,630.1,638.7,613.25,624.1,627.55,599031,3760.8,2026-10-07
LEAPIND,EQ,141.24,150.59,141.24,148.03,142.48,3817325,5651.56,2026-10-07
LEMERITE,EQ,20.0,20.3,19.06,19.26,19.8,151025,29.5,2026-10-07
LEMONTREE,EQ,109.8,113.55,108.81,112.52,110.12,6232616,6996.89,2026-10-07
LENSKART,EQ,688.0,691.95,679.5,681.3,684.85,1835430,12543.92,2026-10-07
LEXUS,EQ,10.81,10.99,9.0,9.48,10.81,242702,23.26,2026-10-07
LFIC,EQ,130.0,131.0,125.82,129.0,130.42,468,0.6,2026-10-07
LGBBROSLTD,EQ,1657.8,1724.9,1644.1,1715.8,1657.8,22620,384.47,2026-10-07
LGEINDIA,EQ,1757.4,1790.0,1751.5,1780.3,1758.6,371600,6567.28,2026-10-07
LGHL,EQ,228.0,228.0,212.0,215.12,213.69,33116,71.16,2026-10-07
LIBAS,EQ,11.88,11.99,11.28,11.55,11.51,15851,1.85,2026-10-07
LIBERTSHOE,EQ,218.57,219.54,215.11,216.48,218.57,11336,24.57,2026-10-07
LICHSGFIN,EQ,503.45,517.15,497.2,515.4,502.0,2958457,15079.44,2026-10-07
LICI,EQ,390.0,393.35,382.5,386.3,390.0,4216811,16308.61,2026-10-07
LICMFGOLD,EQ,131.65,132.55,131.65,132.25,132.0,455323,603.15,2026-10-07
LICNETFGSC,EQ,28.29,29.28,28.29,28.93,29.02,13335,3.86,2026-10-07
LICNETFN50,EQ,255.23,255.81,252.87,254.0,255.83,122,0.31,2026-10-07
LICNETFSEN,EQ,825.21,878.0,801.11,817.51,823.0,128,1.06,2026-10-07
LICNFNHGP,EQ,261.51,264.13,260.56,260.56,262.4,1019,2.67,2026-10-07
LICNMID100,EQ,59.58,60.5,59.45,59.58,59.62,15216,9.16,2026-10-07
LIKHITHA,EQ,225.01,237.19,224.41,234.14,226.66,53476,123.68,2026-10-07
LINC,EQ,86.2,87.8,86.05,86.84,88.25,22189,19.23,2026-10-07
LINCOLN,EQ,580.65,580.65,561.15,563.85,577.8,26964,153.0,2026-10-07
LINDEINDIA,EQ,6119.0,6119.0,6065.0,6094.0,6152.5,6366,387.88,2026-10-07
LIQGRWBEES,EQ,1058.01,1058.46,1056.99,1058.45,1058.31,45192,478.33,2026-10-07
LIQUID,EQ,1004.99,1004.99,999.99,999.99,999.99,138344,1383.44,2026-10-07
LIQUID1,EQ,1115.35,1128.0,1115.35,1125.82,1125.67,672408,7570.07,2026-10-07
LIQUIDADD,EQ,1148.01,1148.04,1148.01,1148.02,1147.87,321398,3689.74,2026-10-07
LIQUIDBEES,EQ,999.99,1000.01,999.3,1000.0,999.99,5245825,52458.6,2026-10-07
LIQUIDBETF,EQ,1101.9,1101.92,1101.9,1101.91,1101.75,282515,3113.06,2026-10-07
LIQUIDCASE,EQ,116.25,116.27,116.25,116.25,116.23,19441650,22602.62,2026-10-07
LIQUIDETF,EQ,1000.0,1000.01,999.99,1000.0,1000.0,93403,934.03,2026-10-07
LIQUIDIETF,EQ,999.96,1000.01,999.96,999.99,999.99,355024,3550.24,2026-10-07
LIQUIDPLUS,EQ,1106.46,1106.48,1106.46,1106.47,1106.32,309194,3421.13,2026-10-07
LIQUIDSBI,EQ,999.99,1000.01,999.99,1000.01,999.99,1677,16.77,2026-10-07
LIQUIDSHRI,EQ,1124.54,1124.56,1124.54,1124.55,1124.42,599,6.74,2026-10-07
LKPSEC,EQ,14.3,14.3,13.01,13.65,14.3,17851,2.42,2026-10-07
LLOYDSENGG,EQ,101.35,103.4,100.05,101.1,101.15,10569722,10757.21,2026-10-07
LLOYDSENT,EQ,78.66,79.8,77.72,78.98,78.83,1865814,1472.77,2026-10-07
LLOYDSME,EQ,1853.6,1854.7,1827.0,1844.5,1858.2,251085,4632.25,2026-10-07
LMW,EQ,16999.0,17350.0,16600.0,16819.0,16910.0,2818,473.58,2026-10-07
LODHA,EQ,1129.9,1141.0,1109.4,1109.4,1135.6,1923289,21612.79,2026-10-07
LOKESHMACH,EQ,446.9,475.0,445.0,465.45,455.7,252924,1179.58,2026-10-07
LORDSCHLO,EQ,140.0,140.59,137.0,139.5,139.21,11087,15.42,2026-10-07
LOTUSCHO,EQ,590.0,693.5,581.9,646.85,579.65,106548,687.72,2026-10-07
LOTUSEYE,EQ,115.0,116.89,114.1,114.84,115.37,3251,3.74,2026-10-07
LOVABLE,EQ,71.0,71.0,68.56,68.73,69.0,2482,1.71,2026-10-07
LOWVOL,EQ,192.83,192.87,191.97,192.52,193.43,911,1.75,2026-10-07
LOWVOL1,EQ,19.85,19.85,19.54,19.57,19.85,169816,33.38,2026-10-07
LOWVOLIETF,EQ,20.88,20.88,20.5,20.53,20.69,900530,185.04,2026-10-07
LOYALTEX,EQ,207.0,209.0,205.2,208.02,207.0,432,0.89,2026-10-07
LPDC,EQ,6.35,6.35,6.18,6.25,6.23,11999,0.75,2026-10-07
LT,EQ,3750.0,3758.1,3684.6,3701.5,3770.0,1609969,59768.77,2026-10-07
LTF,EQ,264.0,266.75,258.85,260.25,264.4,7005951,18336.68,2026-10-07
LTFOODS,EQ,408.05,421.9,407.35,418.2,408.15,487332,2022.78,2026-10-07
LTGILTBEES,EQ,29.54,29.58,29.47,29.51,29.54,949721,280.17,2026-10-07
LTGILTCASE,EQ,30.16,30.16,29.98,30.06,30.08,305490,91.82,2026-10-07
LTM,EQ,3971.0,4008.0,3905.6,3930.0,3971.1,255181,10112.74,2026-10-07
LTTS,EQ,3246.0,3291.0,3216.6,3252.1,3246.0,46255,1508.99,2026-10-07
LUMAXIND,EQ,5434.5,5464.5,5370.5,5401.5,5435.5,7449,402.96,2026-10-07
LUMAXTECH,EQ,1862.9,1900.9,1810.0,1849.2,1856.9,202771,3771.49,2026-10-07
LUMINO,EQ,101.6,109.6,101.5,108.9,101.67,13878425,14908.15,2026-10-07
LUPIN,EQ,2029.3,2030.8,2001.5,2012.9,2029.3,787301,15864.63,2026-10-07
LUXIND,EQ,1177.9,1200.0,1142.9,1157.5,1177.0,23431,273.71,2026-10-07
LXCHEM,EQ,188.1,193.77,185.3,190.35,188.86,2013189,3829.59,2026-10-07
M&M,EQ,2823.6,2837.9,2800.0,2800.0,2855.0,3361287,94631.76,2026-10-07
M&MFIN,EQ,327.4,331.0,319.9,321.75,327.75,2047176,6661.79,2026-10-07
MAANALU,EQ,104.0,105.34,102.0,103.99,105.03,47078,48.81,2026-10-07
MACPOWER,EQ,2090.1,2108.9,2030.0,2062.9,2090.1,27342,563.55,2026-10-07
MADHAV,EQ,34.9,34.9,33.6,33.62,33.93,847,0.29,2026-10-07
MADHAVIPL,EQ,7.48,7.48,7.2,7.39,7.35,48422,3.55,2026-10-07
MADHUCON,EQ,4.0,4.05,3.85,3.93,3.96,25147,0.98,2026-10-07
MADRASFERT,EQ,58.98,59.3,58.64,58.89,58.98,12364,7.29,2026-10-07
MAFANG,EQ,280.4,297.0,276.13,295.01,276.13,1807873,5263.55,2026-10-07
MAFATIND,EQ,115.85,116.7,115.11,115.95,115.64,20020,23.21,2026-10-07
MAGADSUGAR,EQ,554.35,570.0,552.05,562.3,552.45,52127,293.51,2026-10-07
MAGNUM,EQ,18.37,18.37,18.11,18.18,18.19,4625,0.84,2026-10-07
MAHABANK,EQ,80.8,84.5,79.89,84.15,80.8,20883267,17277.1,2026-10-07
MAHAPEXLTD,EQ,50.0,52.98,50.0,51.66,50.84,2223,1.15,2026-10-07
MAHEPC,EQ,98.97,99.8,96.61,98.37,98.97,7692,7.61,2026-10-07
MAHESHWARI,EQ,71.44,71.44,70.25,71.2,71.44,2771,1.96,2026-10-07
MAHKTECH,EQ,22.45,23.25,22.2,23.0,22.25,1477196,339.49,2026-10-07
MAHLIFE,EQ,356.95,360.95,348.5,351.1,352.2,259250,916.97,2026-10-07
MAHLOG,EQ,415.7,419.3,407.55,411.15,415.05,118205,487.14,2026-10-07
MAHSCOOTER,EQ,12300.0,12376.0,12180.0,12242.0,12315.0,5400,662.58,2026-10-07
MAHSEAMLES,EQ,682.5,698.9,671.7,692.75,685.7,368489,2533.83,2026-10-07
MAITHANALL,EQ,915.0,922.95,904.0,905.75,911.0,34492,314.35,2026-10-07
MAKEINDIA,EQ,157.0,157.0,154.81,155.25,157.0,23264,36.15,2026-10-07
MAKERSL,EQ,183.0,185.8,178.61,179.21,183.0,351,0.64,2026-10-07
MALLCOM,EQ,903.3,925.0,898.0,902.1,903.3,2789,25.17,2026-10-07
MALUPAPER,EQ,32.5,32.97,30.2,31.08,32.4,30035,9.33,2026-10-07
MAMATA,EQ,395.5,397.95,390.05,395.95,395.65,72502,285.0,2026-10-07
MANAKALUCO,EQ,33.24,33.87,32.0,32.21,33.24,84982,27.53,2026-10-07
MANAKCOAT,EQ,130.89,133.19,128.1,129.25,129.32,194836,253.49,2026-10-07
MANAKSIA,EQ,59.5,59.5,57.96,58.26,59.05,19558,11.48,2026-10-07
MANALIPETC,EQ,93.0,93.0,87.7,90.48,92.36,3975432,3560.04,2026-10-07
MANAPPURAM,EQ,310.2,315.9,308.0,308.9,310.2,4398209,13722.28,2026-10-07
MANBA,EQ,142.15,142.4,139.2,141.74,141.35,48842,68.96,2026-10-07
MANCREDIT,EQ,239.99,244.07,236.0,240.56,231.9,119524,288.55,2026-10-07
MANGALAM,EQ,32.49,33.95,31.6,33.09,31.86,78218,25.97,2026-10-07
MANGLMCEM,EQ,991.7,1000.45,961.65,971.1,988.1,50762,495.37,2026-10-07
MANIKA,EQ,53.5,61.0,42.0,58.64,51.52,18085851,9925.14,2026-10-07
MANINDS,EQ,922.0,929.0,890.05,905.75,922.05,333776,3047.59,2026-10-07
MANINFRA,EQ,123.0,123.36,121.2,122.52,123.24,764088,933.73,2026-10-07
MANIPALHOS,EQ,691.15,704.65,677.0,699.15,690.5,443752,3075.46,2026-10-07
MANKIND,EQ,2500.9,2530.0,2480.1,2500.0,2500.0,242210,6076.28,2026-10-07
MANOMAY,EQ,242.99,244.96,234.0,236.9,240.14,186922,445.31,2026-10-07
MANORAMA,EQ,1999.8,2043.0,1987.1,1996.0,1985.6,175806,3542.83,2026-10-07
MANORG,EQ,449.0,449.0,434.1,438.0,436.1,6074,26.75,2026-10-07
MANUFGBEES,EQ,155.0,156.0,153.05,153.85,155.23,9035,13.93,2026-10-07
MANYAVAR,EQ,507.4,509.85,491.65,500.2,505.4,276295,1382.87,2026-10-07
MAPMYINDIA,EQ,895.0,904.8,888.0,896.0,896.6,53855,483.0,2026-10-07
MARALOVER,EQ,59.7,59.7,57.4,58.48,57.99,3783,2.21,2026-10-07
MARATHON,EQ,376.45,382.25,369.0,377.7,374.6,88066,330.83,2026-10-07
MARICO,EQ,794.0,795.8,783.4,787.25,794.15,1064427,8390.73,2026-10-07
MARINE,EQ,476.7,490.85,471.1,476.4,478.85,1413767,6792.21,2026-10-07
MARKOLINES,EQ,170.66,171.44,166.23,169.6,170.41,187834,317.62,2026-10-07
MARKSANS,EQ,325.8,329.0,318.45,325.45,324.4,2155353,6979.13,2026-10-07
MARSONS,EQ,123.0,138.95,122.38,132.45,119.24,19136401,25101.14,2026-10-07
MARUTI,EQ,11561.0,11597.0,11383.0,11450.0,11625.0,628155,71989.83,2026-10-07
MASFIN,EQ,264.3,286.65,263.9,270.25,266.9,1010890,2753.56,2026-10-07
MASKINVEST,EQ,144.99,145.0,144.99,144.99,147.49,20,0.03,2026-10-07
MASPTOP50,EQ,113.82,118.0,111.32,116.81,111.05,1568731,1821.19,2026-10-07
MASTEK,EQ,1619.0,1640.7,1598.1,1624.9,1616.3,51331,833.99,2026-10-07
MASTERTR,EQ,82.52,91.34,81.51,82.94,82.62,1651954,1410.87,2026-10-07
MATRIMONY,EQ,512.95,527.95,507.85,517.5,509.6,14894,77.85,2026-10-07
MAWANASUG,EQ,147.98,155.5,147.32,151.66,147.89,526482,804.54,2026-10-07
MAXESTATES,EQ,569.9,570.05,548.0,550.5,564.95,56627,314.83,2026-10-07
MAXHEALTH,EQ,900.0,911.25,891.6,908.0,902.5,2002385,18058.05,2026-10-07
MAXIND,EQ,165.9,165.99,160.25,162.27,165.84,33743,55.28,2026-10-07
MAYURUNIQ,EQ,760.95,767.4,748.0,762.85,761.15,78870,598.28,2026-10-07
MAZDOCK,EQ,2101.0,2102.5,2052.4,2064.4,2101.0,437816,9055.71,2026-10-07
MBAPL,EQ,167.0,169.15,165.21,168.02,166.95,341290,572.78,2026-10-07
MBEL,EQ,255.0,300.74,250.26,290.6,255.41,7111495,20481.03,2026-10-07
MBLINFRA,EQ,25.88,25.94,24.7,25.06,25.05,104724,26.6,2026-10-07
MCCHRLS-B,EQ,665.0,688.0,658.2,672.55,674.25,737,4.91,2026-10-07
MCL,EQ,56.0,56.0,54.13,55.27,54.82,51630,28.5,2026-10-07
MCLEODRUSS,EQ,42.01,43.36,41.71,42.0,42.6,156711,66.74,2026-10-07
MCLOUD,EQ,24.98,25.2,24.6,24.76,24.85,1192358,296.84,2026-10-07
MCX,EQ,3305.0,3374.6,3267.8,3362.6,3310.0,2369566,79023.33,2026-10-07
MEDANTA,EQ,1300.0,1300.1,1258.8,1294.1,1300.8,463494,5919.88,2026-10-07
MEDIASSIST,EQ,306.45,307.05,298.4,300.0,306.25,245485,738.65,2026-10-07
MEDICO,EQ,22.5,22.56,21.85,22.37,22.17,215603,48.0,2026-10-07
MEDPLUS,EQ,654.0,654.0,641.75,647.3,651.45,54469,352.27,2026-10-07
MEESHO,EQ,236.99,240.34,234.0,236.52,238.22,13483541,32015.38,2026-10-07
MEGASTAR,EQ,291.41,312.99,288.27,309.06,289.97,16694,51.24,2026-10-07
MEIL,EQ,262.4,275.6,260.25,274.4,263.45,48196,130.69,2026-10-07
MENONBE,EQ,309.65,313.75,294.0,301.45,304.95,224158,683.99,2026-10-07
MERCANTILE,EQ,22.85,22.85,21.8,22.33,22.85,614,0.14,2026-10-07
MERCURYEV,EQ,37.49,39.29,36.8,37.88,36.97,366184,138.97,2026-10-07
METAL,EQ,12.99,12.99,12.42,12.46,12.72,2702556,337.65,2026-10-07
METALIETF,EQ,12.63,12.63,12.38,12.39,12.63,8614564,1073.85,2026-10-07
METROBRAND,EQ,827.0,827.4,807.0,825.1,818.85,25599,209.49,2026-10-07
METROGLOBL,EQ,130.0,132.0,127.21,132.0,130.0,93,0.12,2026-10-07
METROPOLIS,EQ,550.0,550.0,539.15,541.45,552.65,119688,649.46,2026-10-07
MFML,EQ,19.46,19.46,18.31,18.39,19.19,3198,0.59,2026-10-07
MFSL,EQ,1355.8,1358.0,1331.3,1345.1,1361.0,795124,10692.44,2026-10-07
MGEL,EQ,15.75,16.03,15.53,15.71,15.78,65032,10.26,2026-10-07
MGL,EQ,1035.0,1058.9,1034.9,1041.6,1039.8,80050,838.73,2026-10-07
MHRIL,EQ,197.2,197.2,193.61,195.07,196.71,31279,61.0,2026-10-07
MID150,EQ,22.0,22.77,22.0,22.26,22.31,73710,16.43,2026-10-07
MID150BEES,EQ,228.52,229.8,225.62,226.35,227.52,787083,1785.3,2026-10-07
MID150CASE,EQ,11.15,11.15,10.9,11.02,11.06,1101337,121.54,2026-10-07
MIDBANKADD,EQ,16.33,16.48,16.22,16.34,16.48,7255,1.19,2026-10-07
MIDCAP,EQ,16.98,17.62,16.82,17.32,17.42,481540,83.67,2026-10-07
MIDCAPADD,EQ,22.2,22.2,21.77,21.83,22.21,29293,6.42,2026-10-07
MIDCAPBETA,EQ,222.62,223.5,220.66,223.5,222.14,341,0.76,2026-10-07
MIDCAPETF,EQ,22.98,23.0,22.28,22.34,22.42,2046221,457.98,2026-10-07
MIDCAPIETF,EQ,22.72,22.8,22.48,22.61,22.73,772286,174.84,2026-10-07
MIDHANI,EQ,458.35,462.0,452.6,458.7,462.35,942710,4315.14,2026-10-07
MIDQ50ADD,EQ,23.83,23.83,23.62,23.74,23.83,25074,5.94,2026-10-07
MIDSELIETF,EQ,18.98,18.98,18.34,18.47,18.67,152569,28.31,2026-10-07
MIDSMALL,EQ,50.45,50.45,49.89,50.3,50.32,195314,97.93,2026-10-07
MIDWESTLTD,EQ,1049.0,1100.0,1030.0,1067.15,1006.2,203806,2176.81,2026-10-07
MIIL,EQ,680.05,686.95,661.0,667.5,675.5,41690,280.13,2026-10-07
MINDACORP,EQ,657.0,657.0,636.8,639.45,659.6,280732,1809.78,2026-10-07
MINDTECK,EQ,145.0,146.9,137.59,140.12,143.72,90917,127.87,2026-10-07
MIRZAINT,EQ,27.4,28.04,27.4,27.85,27.72,31847,8.88,2026-10-07
MITCON,EQ,79.35,79.98,76.74,78.49,79.35,5529,4.33,2026-10-07
MITTAL,EQ,0.71,0.73,0.71,0.72,0.71,400267,2.87,2026-10-07
MKEXIM,EQ,65.88,65.88,61.5,62.0,64.59,8508,5.37,2026-10-07
MKPL,EQ,4.04,4.05,3.77,3.93,3.99,250065,9.8,2026-10-07
MLKFOOD,EQ,85.0,86.0,84.0,85.7,84.66,4910,4.19,2026-10-07
MMFL,EQ,579.45,583.1,560.0,566.05,579.15,36751,208.61,2026-10-07
MMP,EQ,485.0,504.0,470.6,498.8,480.55,191291,942.79,2026-10-07
MMTC,EQ,57.46,57.46,55.96,56.2,57.01,650861,366.92,2026-10-07
MMWL,EQ,17.99,17.99,17.99,17.99,17.14,23177,4.17,2026-10-07
MNC,EQ,32.26,32.26,31.02,31.16,31.48,51266,15.99,2026-10-07
MOALPHA50,EQ,54.7,55.06,54.55,54.91,54.34,13783,7.58,2026-10-07
MOBANK10,EQ,16.3,16.41,16.22,16.25,16.43,6503,1.06,2026-10-07
MOBIKWIK,EQ,260.0,265.8,247.0,256.08,242.14,74766600,192517.87,2026-10-07
MOCAPITAL,EQ,52.84,53.29,52.35,52.91,52.89,708911,375.46,2026-10-07
MODEFENCE,EQ,102.41,102.41,100.64,100.93,102.41,843928,856.26,2026-10-07
MODINATUR,EQ,319.9,326.7,295.0,299.6,317.5,21897,66.99,2026-10-07
MODIRUBBER,EQ,122.49,122.5,118.4,118.87,118.58,2663,3.22,2026-10-07
MODIS,EQ,381.1,385.0,375.65,382.8,380.85,16179,61.63,2026-10-07
MODTHREAD,EQ,46.98,50.98,45.2,45.21,48.99,2248,1.08,2026-10-07
MOENERGY,EQ,37.15,37.17,36.62,36.81,37.11,123817,45.69,2026-10-07
MOGOLD,EQ,145.9,145.9,144.7,144.95,145.35,17936,26.02,2026-10-07
MOGSEC,EQ,64.95,65.21,60.83,64.87,64.86,114334,74.1,2026-10-07
MOHEALTH,EQ,51.85,51.85,50.34,50.39,50.86,24333,12.29,2026-10-07
MOHITE,EQ,2.54,2.54,2.42,2.47,2.49,13164,0.33,2026-10-07
MOHITIND,EQ,23.45,23.59,22.28,22.57,22.78,3094,0.7,2026-10-07
MOIL,EQ,238.5,238.8,235.42,236.4,239.2,206935,490.01,2026-10-07
MOINFRA,EQ,56.77,57.0,55.92,56.18,56.67,1784,1.0,2026-10-07
MOIPO,EQ,46.53,46.94,46.14,46.71,46.74,43101,20.07,2026-10-07
MOKSH,EQ,9.5,9.57,9.3,9.52,9.31,29775,2.82,2026-10-07
MOL,EQ,60.25,62.54,59.41,61.06,60.25,1173615,718.94,2026-10-07
MOLBIO,EQ,1499.0,1559.9,1496.4,1544.7,1501.1,1450584,22279.5,2026-10-07
MOLDTKPAC,EQ,679.9,690.1,654.95,667.2,678.0,124269,833.39,2026-10-07
MOLOWVOL,EQ,34.25,34.29,33.99,34.17,34.25,200296,68.1,2026-10-07
MOM100,EQ,64.75,64.75,63.9,64.14,64.6,229691,147.64,2026-10-07
MOM30IETF,EQ,30.48,30.5,30.1,30.19,30.47,603947,182.78,2026-10-07
MOM50,EQ,238.05,238.23,235.85,236.09,238.46,5672,13.44,2026-10-07
MOMENTUM,EQ,30.25,30.5,29.96,30.17,30.25,28164,8.47,2026-10-07
MOMENTUM30,EQ,29.74,29.86,29.6,29.74,29.8,6630,1.97,2026-10-07
MOMENTUM50,EQ,53.5,53.5,52.82,52.97,53.24,307418,163.12,2026-10-07
MOMETAL,EQ,12.6,12.62,12.32,12.35,12.62,67825,8.41,2026-10-07
MOMGF,EQ,153.08,153.27,151.95,152.85,153.92,271,0.41,2026-10-07
MOMIDMTM,EQ,62.45,62.51,61.86,62.23,62.14,35623,22.12,2026-10-07
MOMMIDCAP,EQ,12.49,12.63,12.49,12.56,12.61,665148,83.62,2026-10-07
MOMNC,EQ,30.28,30.36,30.12,30.18,30.72,1515,0.46,2026-10-07
MOMOMENTUM,EQ,60.72,60.72,59.78,59.98,60.72,32652,19.64,2026-10-07
MOMSBELIEF,EQ,234.99,236.98,226.11,229.68,232.64,161231,372.89,2026-10-07
MON100,EQ,338.69,338.69,331.0,332.06,330.43,903342,3004.95,2026-10-07
MON50EQUAL,EQ,31.85,31.85,31.1,31.15,31.79,37853,11.8,2026-10-07
MONARCH,EQ,346.95,350.85,343.15,347.15,344.65,26938,93.49,2026-10-07
MONEXT50,EQ,70.14,70.14,69.22,69.51,69.8,3439,2.4,2026-10-07
MONEYVIEW,EQ,50.6,60.6,49.33,60.46,50.5,424471169,238425.97,2026-10-07
MONIFTY100,EQ,23.31,24.13,23.31,23.84,23.91,24568,5.85,2026-10-07
MONIFTY500,EQ,23.3,23.3,22.54,22.59,22.74,473388,107.18,2026-10-07
MONQ50,EQ,223.9,263.04,219.5,258.57,219.2,2886068,7047.4,2026-10-07
MONTECARLO,EQ,527.4,529.0,519.2,525.7,524.3,25560,134.05,2026-10-07
MOOILGAS,EQ,10.74,11.15,10.58,10.98,10.74,7581,0.81,2026-10-07
MOPSE,EQ,95.35,96.9,94.41,95.53,94.99,141,0.13,2026-10-07
MOQUALITY,EQ,191.38,191.38,187.6,188.19,191.38,1042,1.96,2026-10-07
MOREALTY,EQ,83.96,84.02,82.55,82.77,83.96,264689,220.0,2026-10-07
MOREPENLAB,EQ,145.3,150.7,145.14,146.97,143.96,19889954,29473.13,2026-10-07
MOSCHIP,EQ,197.9,197.94,194.61,195.2,197.7,800419,1567.34,2026-10-07
MOSERVICE,EQ,29.3,29.46,29.21,29.25,29.33,1645,0.48,2026-10-07
MOSILVER,EQ,218.58,218.58,216.01,216.16,218.15,19408,42.09,2026-10-07
MOSMALL250,EQ,18.39,18.39,17.78,17.95,17.95,959527,172.46,2026-10-07
MOTHERSON,EQ,158.73,159.98,156.99,159.2,160.0,11181774,17714.49,2026-10-07
MOTILALOFS,EQ,1080.0,1090.25,1059.7,1067.9,1081.15,1232877,13257.79,2026-10-07
MOTISONS,EQ,17.7,17.85,17.52,17.68,17.61,12310506,2179.02,2026-10-07
MOTOGENFIN,EQ,26.29,26.29,25.06,25.3,25.77,769,0.2,2026-10-07
MOTOUR,EQ,76.84,77.1,75.99,76.15,76.55,6633,5.07,2026-10-07
MOVALUE,EQ,107.39,107.39,106.01,106.5,106.86,75533,80.41,2026-10-07
MPHASIS,EQ,2307.4,2317.7,2274.6,2289.0,2298.0,277155,6350.25,2026-10-07
MPIMANIPAL,EQ,367.7,383.9,363.35,377.6,366.05,1218935,4578.23,2026-10-07
MPSLTD,EQ,2683.9,2748.4,2655.1,2697.1,2681.2,11251,303.74,2026-10-07
MRF,EQ,123800.0,123825.0,123000.0,123075.0,124080.0,2173,2677.66,2026-10-07
MRPL,EQ,174.71,184.39,174.26,182.86,174.72,23675207,43003.77,2026-10-07
MSCI360,EQ,9.58,9.6,9.51,9.51,9.56,8657,0.83,2026-10-07
MSCIADD,EQ,27.83,27.89,27.83,27.88,28.03,1216,0.34,2026-10-07
MSCIINDIA,EQ,28.2,28.77,28.09,28.18,28.37,13733,3.87,2026-10-07
MSL,EQ,140.0,167.0,140.0,145.69,140.0,5392,8.59,2026-10-07
MSPL,EQ,32.19,32.5,30.8,30.95,32.34,1440578,450.27,2026-10-07
MSTCLTD,EQ,712.95,718.15,695.0,698.75,714.3,105257,744.1,2026-10-07
MSUMI,EQ,33.25,33.69,32.96,33.57,33.31,9270659,3097.79,2026-10-07
MTNL,EQ,23.35,23.94,23.07,23.55,23.28,1009450,237.63,2026-10-07
MUFIN,EQ,136.0,137.5,132.01,135.17,135.17,2030615,2750.22,2026-10-07
MUFTI,EQ,69.1,70.76,69.1,69.96,69.61,29247,20.47,2026-10-07
MUKANDLTD,EQ,179.91,190.7,179.8,185.92,181.55,781279,1457.6,2026-10-07
MUKESHB,EQ,123.0,123.0,123.0,123.0,128.0,27,0.03,2026-10-07
MUKTAARTS,EQ,57.75,57.75,55.11,56.5,57.04,821,0.46,2026-10-07
MULTICAP,EQ,16.21,16.21,15.9,15.95,16.02,84694,13.54,2026-10-07
MUNJALAU,EQ,105.33,107.88,104.51,105.44,105.33,284403,302.06,2026-10-07
MUNJALSHOW,EQ,124.82,127.5,122.81,125.58,124.82,19287,24.17,2026-10-07
MURUDCERA,EQ,27.41,28.45,27.41,27.97,27.97,4833,1.35,2026-10-07
MUTHOOTCAP,EQ,214.0,218.0,209.01,213.53,216.42,11849,25.16,2026-10-07
MUTHOOTFIN,EQ,2695.2,2695.2,2639.3,2654.4,2686.0,629510,16747.38,2026-10-07
MUTHOOTMF,EQ,176.5,177.03,171.0,172.91,176.76,183906,319.85,2026-10-07
MVELECTRO,EQ,936.35,939.1,895.55,920.25,933.1,1018816,9384.33,2026-10-07
MVGJL,EQ,202.0,223.0,201.31,212.39,203.16,454478,978.1,2026-10-07
MWL,EQ,41.98,42.25,41.1,42.04,41.66,450623,188.51,2026-10-07
NACLIND,EQ,137.0,137.38,131.1,132.6,136.63,360736,480.88,2026-10-07
NAGREEKCAP,EQ,28.25,28.25,26.62,27.25,27.25,2978,0.81,2026-10-07
NAGREEKEXP,EQ,21.13,22.69,21.13,21.63,21.97,4318,0.94,2026-10-07
NAHARCAP,EQ,237.0,244.99,237.0,241.99,234.66,1588,3.85,2026-10-07
NAHARINDUS,EQ,128.84,136.45,126.61,133.93,127.66,43058,57.38,2026-10-07
NAHARPOLY,EQ,221.5,229.1,220.36,222.13,220.36,1434,3.2,2026-10-07
NAHARSPING,EQ,256.8,268.75,255.05,264.3,257.4,14820,39.11,2026-10-07
NAM-INDIA,EQ,1066.0,1073.5,1041.7,1047.2,1073.5,929248,9777.11,2026-10-07
NARMADA,EQ,12.0,12.1,11.13,11.35,12.1,476829,54.89,2026-10-07
NATCOPHARM,EQ,822.0,826.05,808.0,810.1,823.65,499574,4051.4,2026-10-07
NATHBIOGEN,EQ,138.6,140.79,135.3,136.87,138.31,7113,9.79,2026-10-07
NATIONALUM,EQ,337.25,337.25,321.05,321.3,337.25,9475375,30817.82,2026-10-07
NATIONSTD,EQ,112.4,112.4,108.05,110.21,110.79,2651,2.93,2026-10-07
NAUKRI,EQ,1242.7,1250.7,1210.0,1225.3,1241.0,1008055,12367.39,2026-10-07
NAVA,EQ,578.0,583.9,565.5,570.45,575.0,382335,2188.03,2026-10-07
NAVINFLUOR,EQ,8520.0,8600.0,8440.0,8490.0,8536.0,111760,9511.95,2026-10-07
NAVKARCORP,EQ,85.9,86.79,85.0,85.88,85.96,140083,120.44,2026-10-07
NAVKARURB,EQ,0.86,0.87,0.84,0.86,0.85,450278,3.85,2026-10-07
NAVNETEDUL,EQ,124.05,124.89,123.1,123.95,124.27,39099,48.52,2026-10-07
NAZARA,EQ,379.55,383.6,377.8,378.45,379.55,421680,1601.94,2026-10-07
NBCC,EQ,76.8,77.49,76.2,76.74,77.05,3629902,2791.43,2026-10-07
NBIFIN,EQ,1850.1,1870.6,1825.0,1839.3,1828.1,263,4.85,2026-10-07
NCC,EQ,128.39,128.6,125.86,126.88,128.47,2936319,3740.47,2026-10-07
NCLIND,EQ,170.0,170.0,163.55,163.93,166.8,90517,150.19,2026-10-07
NDGL,EQ,2372.1,2449.9,2340.0,2383.7,2371.8,133,3.17,2026-10-07
NDL,EQ,2.56,2.65,2.56,2.6,2.57,675000,17.58,2026-10-07
NDLVENTURE,EQ,122.91,122.98,116.35,120.26,122.91,6270,7.53,2026-10-07
NDRAUTO,EQ,704.7,724.9,700.6,716.6,704.7,9538,68.31,2026-10-07
NDTV,EQ,67.4,67.57,65.39,66.48,67.08,78838,52.42,2026-10-07
NECCLTD,EQ,19.49,19.5,18.5,18.87,19.38,53154,9.97,2026-10-07
NECLIFE,EQ,10.95,10.95,10.55,10.59,10.95,134919,14.36,2026-10-07
NELCAST,EQ,128.77,149.37,125.72,146.29,124.48,6710048,9680.43,2026-10-07
NELCO,EQ,919.1,926.0,900.2,915.8,924.15,132674,1210.66,2026-10-07
NEOGEN,EQ,2440.0,2465.0,2407.2,2431.3,2429.2,79815,1947.48,2026-10-07
NEPHROPLUS,EQ,640.0,645.3,632.1,641.6,634.55,96021,613.77,2026-10-07
NESCO,EQ,1043.8,1043.8,1023.1,1028.9,1037.1,31143,321.8,2026-10-07
NESTLEIND,EQ,1326.3,1336.6,1313.1,1324.0,1341.4,1409917,18676.54,2026-10-07
NETF,EQ,250.98,250.98,246.09,246.55,247.59,2948,7.28,2026-10-07
NETWEB,EQ,4735.0,4756.9,4667.3,4685.4,4746.2,594452,27970.51,2026-10-07
NETWORK18,EQ,26.1,26.18,25.61,25.7,26.22,1600704,413.95,2026-10-07
NEULANDLAB,EQ,21815.0,22150.0,21585.0,21655.0,21905.0,41495,9067.5,2026-10-07
NEWGEN,EQ,457.85,459.1,445.1,447.75,456.6,447153,2022.51,2026-10-07
NEXT30ADD,EQ,40.19,40.25,39.81,39.96,40.29,15717,6.29,2026-10-07
NEXT50,EQ,719.99,727.23,715.75,718.03,723.61,34559,248.48,2026-10-07
NEXT50ADD,EQ,70.14,70.33,69.78,69.98,70.56,5182,3.63,2026-10-07
NEXT50BETA,EQ,75.4,75.8,74.72,75.08,75.5,50862,38.26,2026-10-07
NEXT50ETF,EQ,71.29,71.29,69.82,70.11,70.59,7372,5.17,2026-10-07
NEXT50IETF,EQ,73.98,73.98,72.8,73.4,74.04,489870,360.24,2026-10-07
NEXTMEDIA,EQ,3.57,3.63,3.52,3.53,3.56,10136,0.36,2026-10-07
NFL,EQ,64.85,64.85,63.05,63.76,64.91,411261,262.43,2026-10-07
NGIL,EQ,36.94,38.4,36.0,37.37,36.15,7919,2.99,2026-10-07
NGLFINE,EQ,3122.1,3250.3,3080.5,3134.2,3122.1,10470,330.91,2026-10-07
NH,EQ,1729.0,1735.5,1710.2,1723.2,1723.8,98272,1695.07,2026-10-07
NHPC,EQ,73.0,73.17,72.1,72.5,73.11,4518389,3283.15,2026-10-07
NIACL,EQ,161.5,161.73,158.3,159.29,160.72,767464,1226.55,2026-10-07
NIBE,EQ,1241.9,1358.0,1225.0,1270.1,1240.9,243742,3138.07,2026-10-07
NIBL,EQ,31.9,32.75,31.1,31.37,31.22,11787,3.72,2026-10-07
NICCOPAR,EQ,79.0,79.0,76.65,76.91,79.0,506,0.39,2026-10-07
NIF100BEES,EQ,252.01,252.91,250.95,251.24,253.11,34167,86.03,2026-10-07
NIF100IETF,EQ,27.18,27.18,26.42,26.51,26.65,166779,44.21,2026-10-07
NIF500BETA,EQ,35.27,36.49,35.27,35.36,35.99,8319,2.98,2026-10-07
NIFTY1,EQ,252.01,252.72,250.01,251.29,252.54,275401,694.35,2026-10-07
NIFTY100EW,EQ,33.59,33.6,32.98,33.38,33.37,75880,25.15,2026-10-07
NIFTYADD,EQ,242.32,242.32,237.71,238.12,239.92,3953,9.44,2026-10-07
NIFTYAXIS,EQ,254.0,254.0,250.05,250.5,251.28,7095,17.8,2026-10-07
NIFTYBEES,EQ,258.59,258.99,257.13,257.59,258.89,5897585,15214.33,2026-10-07
NIFTYBETA,EQ,252.4,252.42,250.54,250.97,252.39,31322,78.72,2026-10-07
NIFTYBETF,EQ,233.37,234.63,231.98,232.77,233.91,17439,40.81,2026-10-07
NIFTYCASE,EQ,9.33,9.33,9.06,9.09,9.11,547456,49.81,2026-10-07
NIFTYETF,EQ,253.76,253.76,245.74,246.38,247.58,424784,1048.67,2026-10-07
NIFTYIETF,EQ,261.5,261.5,256.1,256.5,257.79,357999,919.05,2026-10-07
NIFTYJBLK,EQ,11.94,11.94,11.57,11.61,11.65,58269,6.77,2026-10-07
NIFTYQLITY,EQ,20.1,20.28,19.71,19.78,20.1,37884,7.51,2026-10-07
NIITLTD,EQ,87.0,87.3,84.5,84.99,86.78,90289,77.4,2026-10-07
NIITMTS,EQ,205.87,207.65,201.34,203.37,204.99,79330,162.3,2026-10-07
NILAINFRA,EQ,6.77,6.77,6.6,6.63,6.7,100097,6.67,2026-10-07
NILASPACES,EQ,11.25,11.45,11.11,11.35,11.17,381883,43.17,2026-10-07
NILE,EQ,1253.0,1269.0,1236.7,1258.6,1238.0,1892,23.6,2026-10-07
NILKAMAL,EQ,1810.0,1840.4,1797.2,1831.7,1811.5,9830,178.85,2026-10-07
NIMBSPROJ,EQ,186.68,195.0,182.0,191.61,191.57,33135,61.77,2026-10-07
NINSYS,EQ,822.55,854.95,805.0,829.75,822.55,6983,57.67,2026-10-07
NIPPOBATRY,EQ,322.5,322.5,314.2,316.05,319.45,764,2.42,2026-10-07
NIRAJ,EQ,27.0,28.19,27.0,27.52,27.48,6955,1.91,2026-10-07
NIRLON,EQ,615.9,622.95,615.5,620.1,619.0,4288,26.49,2026-10-07
NITCO,EQ,83.5,83.67,81.81,82.75,83.77,606001,502.28,2026-10-07
NITINSPIN,EQ,618.0,620.25,611.2,615.6,616.35,35647,219.27,2026-10-07
NITIRAJ,EQ,201.0,215.0,201.0,213.86,203.29,655,1.38,2026-10-07
NITTAGELA,EQ,1700.0,1700.0,1645.9,1668.4,1668.1,2334,38.87,2026-10-07
NIVABUPA,EQ,75.91,77.91,75.3,77.38,76.56,648650,497.58,2026-10-07
NKIND,EQ,60.0,60.0,58.0,58.99,57.06,177,0.1,2026-10-07
NLCINDIA,EQ,254.9,255.4,247.1,250.35,254.9,1073810,2691.27,2026-10-07
NMDC,EQ,73.8,73.8,72.44,72.8,74.38,15148455,11044.71,2026-10-07
NOCIL,EQ,172.4,175.75,170.65,172.82,171.83,561575,971.43,2026-10-07
NOIDATOLL,EQ,3.68,3.74,3.53,3.67,3.67,48814,1.78,2026-10-07
NORBTEAEXP,EQ,64.21,65.38,61.2,61.36,64.21,2475,1.55,2026-10-07
NORTHARC,EQ,298.6,299.9,291.75,293.75,298.2,1102834,3262.53,2026-10-07
NOVAAGRI,EQ,22.85,22.85,22.01,22.24,22.64,21493,4.84,2026-10-07
NOVARTIND,EQ,2052.0,2093.9,2000.0,2010.4,2051.2,59356,1214.51,2026-10-07
NPBET,EQ,279.83,283.2,279.83,281.53,281.1,936,2.63,2026-10-07
NPST,EQ,1846.0,1903.6,1821.0,1854.9,1835.5,107305,2012.73,2026-10-07
NRAIL,EQ,651.0,669.1,648.0,660.9,658.25,10667,70.45,2026-10-07
NRBBEARING,EQ,536.95,546.15,526.5,529.95,536.95,287108,1539.03,2026-10-07
NSIL,EQ,5212.0,5344.5,5212.0,5266.5,5297.5,1544,81.59,2026-10-07
NSLNISP,EQ,40.82,40.93,40.28,40.55,40.9,2418385,981.13,2026-10-07
NTCIND,EQ,134.09,138.9,131.8,132.53,134.76,1528,2.06,2026-10-07
NTPC,EQ,320.15,321.7,315.9,316.75,321.45,6330699,20177.22,2026-10-07
NTPCGREEN,EQ,90.0,90.05,88.27,88.51,90.13,1950927,1731.99,2026-10-07
NUCLEUS,EQ,657.7,657.7,616.5,628.85,638.05,59350,375.23,2026-10-07
NUVAMA,EQ,1839.7,1855.0,1788.9,1825.9,1838.8,241969,4425.29,2026-10-07
NUVOCO,EQ,325.0,329.6,322.05,324.75,326.5,80863,262.59,2026-10-07
NV20,EQ,13.48,13.48,13.07,13.08,13.23,103954,13.66,2026-10-07
NV20BEES,EQ,136.5,136.5,131.12,131.77,134.0,29941,39.42,2026-10-07
NV20IETF,EQ,12.96,12.96,12.7,12.83,12.85,190085,24.4,2026-10-07
NYKAA,EQ,337.0,346.45,337.0,341.25,338.2,6078112,20824.61,2026-10-07
OAL,EQ,514.8,529.4,508.55,515.6,511.35,18150,94.09,2026-10-07
OBCL,EQ,57.44,57.8,56.01,57.56,57.44,3158,1.81,2026-10-07
OBEROIRLTY,EQ,1742.9,1752.0,1728.2,1736.0,1751.8,299046,5203.15,2026-10-07
ODIGMA,EQ,20.8,21.17,20.62,20.9,20.91,9333,1.94,2026-10-07
ODYCORP,EQ,6.6,6.99,6.6,6.7,6.85,3117,0.21,2026-10-07
OFSS,EQ,10519.0,10733.0,10406.0,10576.0,10482.0,201807,21371.6,2026-10-07
OIL,EQ,449.45,455.0,446.15,453.75,447.85,1445019,6526.4,2026-10-07
OILIETF,EQ,10.77,10.84,10.75,10.78,10.82,313749,33.86,2026-10-07
OLAELEC,EQ,36.35,37.1,35.93,36.32,35.96,61427676,22360.33,2026-10-07
OLECTRA,EQ,1101.0,1101.0,1079.0,1084.1,1102.9,243414,2647.19,2026-10-07
OMAXAUTO,EQ,209.29,213.96,205.11,206.85,209.29,44859,93.95,2026-10-07
OMAXE,EQ,107.01,108.1,106.31,107.01,107.71,214830,230.72,2026-10-07
OMFREIGHT,EQ,105.0,107.1,104.6,106.63,105.0,42234,44.64,2026-10-07
OMINFRAL,EQ,74.73,74.74,71.5,72.45,73.33,41871,30.59,2026-10-07
OMNI,EQ,657.0,688.75,647.95,657.55,656.95,972976,6500.09,2026-10-07
OMPOWER,EQ,162.0,169.86,157.0,165.75,153.5,1118196,1835.42,2026-10-07
ONEGLOBAL,EQ,564.0,587.0,552.05,585.0,564.0,16214,93.51,2026-10-07
ONEPOINT,EQ,78.65,80.75,78.32,78.77,78.65,2116511,1682.77,2026-10-07
ONESOURCE,EQ,1529.1,1548.0,1510.6,1528.6,1535.8,101988,1558.06,2026-10-07
ONGC,EQ,223.91,224.92,220.63,221.88,224.2,14223609,31545.71,2026-10-07
ONIDA,EQ,31.06,31.29,30.16,30.67,31.11,188758,58.07,2026-10-07
ONIXSOLAR,EQ,344.0,355.1,339.0,355.1,338.2,98805,345.69,2026-10-07
ONWARDTEC,EQ,297.0,301.3,291.95,297.4,294.6,38634,114.93,2026-10-07
OPTIEMUS,EQ,879.05,897.45,856.9,861.9,889.9,1054981,9259.64,2026-10-07
OPTIFIN,EQ,14.49,14.78,14.01,14.58,14.42,23183,3.33,2026-10-07
ORBTEXP,EQ,242.1,251.0,238.0,242.9,246.85,7332,17.91,2026-10-07
ORCHASP,EQ,1.29,1.35,1.29,1.33,1.29,181892,2.41,2026-10-07
ORCHPHARMA,EQ,1007.8,1069.5,993.75,1023.95,1006.55,198749,2065.98,2026-10-07
ORICONENT,EQ,52.27,53.0,51.01,52.27,52.27,66002,34.57,2026-10-07
ORIENTALTL,EQ,4.87,4.89,4.78,4.83,4.87,18666,0.9,2026-10-07
ORIENTBELL,EQ,416.05,440.4,405.25,432.55,413.55,57426,246.42,2026-10-07
ORIENTCABL,EQ,400.6,423.9,396.2,418.4,396.4,8304312,34169.03,2026-10-07
ORIENTCEM,EQ,115.32,116.19,112.41,113.21,115.76,165155,187.75,2026-10-07
ORIENTCER,EQ,44.13,44.45,42.3,42.87,44.14,68168,29.55,2026-10-07
ORIENTELEC,EQ,160.7,162.31,158.76,160.73,160.7,120865,193.66,2026-10-07
ORIENTHOT,EQ,144.76,145.0,142.7,143.06,143.61,343678,495.01,2026-10-07
ORIENTPPR,EQ,16.3,16.3,15.95,15.99,16.26,259318,41.64,2026-10-07
ORIENTTECH,EQ,229.0,258.2,227.01,239.8,226.35,14171312,35305.11,2026-10-07
ORIRAIL,EQ,123.5,123.5,119.17,120.66,122.96,41071,49.68,2026-10-07
ORISSAMINE,EQ,3639.0,3639.0,3551.0,3581.3,3609.0,3643,130.9,2026-10-07
ORKLAINDIA,EQ,541.0,566.0,539.0,562.75,545.0,66329,369.3,2026-10-07
ORTINGLOBE,EQ,14.68,15.1,14.1,14.9,14.39,6452,0.97,2026-10-07
OSWALAGRO,EQ,32.69,33.63,32.1,32.74,32.85,45081,14.93,2026-10-07
OSWALGREEN,EQ,19.27,19.47,18.89,18.99,19.27,74952,14.33,2026-10-07
OSWALPUMPS,EQ,264.9,269.95,262.85,264.6,264.8,226913,602.17,2026-10-07
OSWALSEEDS,EQ,12.29,12.5,12.01,12.2,12.13,39106,4.76,2026-10-07
PACEDIGITK,EQ,167.0,168.0,163.56,165.45,166.28,525452,866.63,2026-10-07
PACIFICI,EQ,141.0,141.0,130.0,138.59,138.99,453,0.6,2026-10-07
PAGEIND,EQ,37970.0,37970.0,37300.0,37570.0,37970.0,10168,3820.28,2026-10-07
PAISALO,EQ,83.31,85.48,83.11,84.23,83.1,11691827,9902.81,2026-10-07
PAKKA,EQ,69.13,72.9,68.66,72.37,69.13,208422,147.31,2026-10-07
PALASHSECU,EQ,87.9,87.99,84.1,87.99,86.8,205,0.18,2026-10-07
PALREDTEC,EQ,41.62,43.42,39.54,43.42,41.62,1810,0.73,2026-10-07
PANACEABIO,EQ,361.7,365.0,355.55,357.6,363.2,46154,166.47,2026-10-07
PANAMAPET,EQ,508.65,551.85,497.45,537.0,504.1,1895756,10107.25,2026-10-07
PANCHMAHQ,EQ,296.4,296.4,285.0,285.0,296.4,6,0.02,2026-10-07
PANORAMA,EQ,62.9,67.0,62.9,66.29,63.05,2007982,1313.6,2026-10-07
PANSARI,EQ,260.0,273.9,251.1,271.0,265.7,368,0.96,2026-10-07
PARACABLES,EQ,58.08,59.35,57.0,57.49,58.22,958244,556.65,2026-10-07
PARADEEP,EQ,156.0,157.38,153.41,155.38,156.76,1126425,1747.6,2026-10-07
PARAGMILK,EQ,306.95,314.7,301.35,311.8,308.7,2455573,7636.94,2026-10-07
PARAS,EQ,1321.9,1321.9,1278.0,1286.1,1323.3,560761,7240.23,2026-10-07
PARASPETRO,EQ,2.02,2.09,1.99,2.03,2.02,192904,3.91,2026-10-07
PARIN,EQ,709.2,709.2,685.55,704.3,700.05,10043,70.29,2026-10-07
PARKHOSPS,EQ,274.0,275.9,270.0,272.8,274.85,689821,1881.96,2026-10-07
PARKHOTELS,EQ,103.0,104.49,102.68,103.62,103.19,73659,76.41,2026-10-07
PARNAXLAB,EQ,111.0,115.99,111.0,111.54,115.34,2587,2.91,2026-10-07
PASHUPATI,EQ,71.45,75.04,68.15,69.6,69.91,3311365,2327.33,2026-10-07
PASUPTAC,EQ,70.5,73.09,69.56,70.5,70.89,76842,54.51,2026-10-07
PATANJALI,EQ,362.45,363.0,354.0,360.95,363.0,3163358,11360.95,2026-10-07
PATELENG,EQ,25.85,26.09,25.62,25.74,25.93,1235700,318.95,2026-10-07
PATELRMART,EQ,225.88,233.39,223.0,227.86,227.01,234782,537.84,2026-10-07
PATINTLOG,EQ,13.48,13.48,13.1,13.11,13.15,21004,2.77,2026-10-07
PAUSHAKLTD,EQ,722.85,722.85,692.5,697.55,704.3,40665,288.31,2026-10-07
PAVNAIND,EQ,15.84,15.84,15.25,15.3,15.65,20734,3.21,2026-10-07
PAYTM,EQ,1686.5,1774.0,1680.1,1732.0,1694.0,5016093,87321.04,2026-10-07
PBMPOLY,EQ,56.26,66.9,56.26,57.75,58.75,315,0.19,2026-10-07
PCBL,EQ,328.7,329.0,323.65,326.9,327.7,499455,1630.58,2026-10-07
PCJEWELLER,EQ,12.95,13.25,12.87,13.14,12.93,208486730,27252.17,2026-10-07
PDMJEPAPER,EQ,96.22,97.59,95.7,96.36,96.16,73269,70.76,2026-10-07
PDSL,EQ,348.35,348.4,337.15,342.0,347.4,76936,263.09,2026-10-07
PEARLPOLY,EQ,16.85,17.95,16.85,17.55,17.2,9697,1.71,2026-10-07
PENIND,EQ,177.85,182.95,175.23,180.85,177.85,368396,658.06,2026-10-07
PENINLAND,EQ,14.4,14.72,14.4,14.66,14.66,75236,11.0,2026-10-07
PERMAGN,EQ,855.0,895.0,846.3,881.6,846.75,6857,60.16,2026-10-07
PERNIASPOP,EQ,516.5,535.0,516.5,531.45,518.6,46942,248.32,2026-10-07
PERSISTENT,EQ,5513.5,5529.0,5447.5,5507.0,5521.0,298344,16404.84,2026-10-07
PETRONET,EQ,295.0,299.6,294.25,297.0,297.5,3121238,9274.9,2026-10-07
PFC,EQ,322.9,332.25,321.95,325.55,322.6,15838626,51784.71,2026-10-07
PFIZER,EQ,3870.0,3870.1,3802.0,3815.1,3852.2,11656,445.56,2026-10-07
PFOCUS,EQ,294.85,296.1,265.0,284.0,292.7,8031093,22184.2,2026-10-07
PFS,EQ,27.48,27.51,26.9,27.12,27.29,890156,241.76,2026-10-07
PGEL,EQ,523.65,531.0,519.2,522.0,527.65,987708,5187.01,2026-10-07
PGHH,EQ,6900.0,7012.0,6840.0,6921.0,6865.0,11952,828.75,2026-10-07
PGHL,EQ,5305.5,5329.5,5192.0,5234.0,5306.0,10836,567.68,2026-10-07
PGIL,EQ,1265.0,1311.0,1261.4,1273.1,1266.7,177377,2275.6,2026-10-07
PHARMABEES,EQ,27.3,27.5,27.08,27.16,27.3,3016478,820.84,2026-10-07
PHOENIXLTD,EQ,1861.0,1886.3,1845.0,1845.5,1883.5,277954,5173.06,2026-10-07
PHOENXINTL,EQ,28.5,28.99,28.49,28.98,28.01,517,0.15,2026-10-07
PICCADIL,EQ,592.55,602.0,584.0,589.0,594.2,56998,336.31,2026-10-07
PIDILITIND,EQ,1515.0,1515.0,1483.1,1488.5,1520.5,537272,8036.5,2026-10-07
PIGL,EQ,96.0,98.61,96.0,97.09,98.42,30138,29.16,2026-10-07
PIIND,EQ,2259.0,2259.0,2197.8,2210.0,2250.0,167302,3700.59,2026-10-07
PILANIINVS,EQ,4094.5,4095.0,4053.0,4076.3,4067.1,1469,59.81,2026-10-07
PILITA,EQ,7.38,7.5,7.3,7.32,7.35,22080,1.62,2026-10-07
PINELABS,EQ,173.0,184.7,171.54,177.67,172.73,40833328,73457.4,2026-10-07
PIONEEREMB,EQ,20.3,20.79,20.1,20.7,20.6,329,0.07,2026-10-07
PIRAMALFIN,EQ,2018.0,2022.7,1970.2,1981.5,2018.5,377333,7533.97,2026-10-07
PITTIENG,EQ,1122.0,1149.8,1115.0,1118.4,1122.0,86462,980.1,2026-10-07
PIXTRANS,EQ,1784.0,1808.8,1756.1,1788.4,1796.7,24831,442.21,2026-10-07
PLASTIBLEN,EQ,205.0,207.0,200.2,205.09,202.4,47821,97.52,2026-10-07
PLATIND,EQ,203.63,207.0,200.0,200.56,203.58,50708,102.87,2026-10-07
PLAZACABLE,EQ,58.69,59.0,56.7,58.2,58.07,42724,24.75,2026-10-07
PML,EQ,481.2,493.95,468.5,483.85,481.2,29,0.14,2026-10-07
PNB,EQ,111.6,115.1,110.55,114.59,111.92,18275898,20753.83,2026-10-07
PNBGILTS,EQ,71.5,72.64,71.0,71.52,71.42,343479,247.01,2026-10-07
PNBHOUSING,EQ,1105.1,1139.7,1105.1,1131.0,1102.1,1125058,12696.34,2026-10-07
PNC,EQ,18.8,18.8,16.86,17.49,17.41,15085,2.65,2026-10-07
PNCINFRA,EQ,138.74,139.0,135.85,136.93,138.74,441404,605.23,2026-10-07
PNGJL,EQ,587.8,603.95,582.6,597.05,588.6,424424,2534.23,2026-10-07
PNGSREVA,EQ,551.45,653.0,549.9,631.0,547.2,4514798,27954.24,2026-10-07
POCL,EQ,448.45,450.95,438.0,448.4,447.25,181018,808.31,2026-10-07
PODDARMENT,EQ,255.0,257.7,252.6,254.8,253.3,2146,5.46,2026-10-07
POEL,EQ,133.71,137.7,131.57,135.86,133.71,42710,57.68,2026-10-07
POKARNA,EQ,712.0,712.2,698.3,704.45,709.9,31826,224.43,2026-10-07
POLICYBZR,EQ,1034.5,1041.2,1012.0,1040.0,1034.9,3508117,36056.03,2026-10-07
POLYCAB,EQ,8130.5,8335.5,8038.0,8310.0,8147.0,531310,43402.66,2026-10-07
POLYMED,EQ,1635.0,1641.0,1599.5,1615.0,1633.8,114735,1865.78,2026-10-07
POLYPLEX,EQ,1028.3,1030.0,1010.4,1023.3,1034.3,38428,392.57,2026-10-07
POLYSPIN,EQ,28.95,29.97,28.24,29.0,28.95,155,0.05,2026-10-07
PONNIERODE,EQ,375.0,379.8,362.15,365.4,374.55,76407,284.59,2026-10-07
POONAWALLA,EQ,459.7,459.7,447.85,448.9,460.45,1030916,4654.45,2026-10-07
POWERGRID,EQ,256.6,256.65,252.85,253.05,257.2,4339989,11042.22,2026-10-07
POWERICA,EQ,600.05,613.6,590.0,600.95,601.7,167821,1010.12,2026-10-07
POWERINDIA,EQ,31470.0,31825.0,31300.0,31610.0,31640.0,47440,14990.93,2026-10-07
POWERMECH,EQ,2414.5,2449.4,2401.0,2429.3,2426.0,26530,643.14,2026-10-07
PPL,EQ,252.65,252.95,246.05,247.6,252.65,28315,70.68,2026-10-07
PPLPHARMA,EQ,200.06,205.1,199.99,203.01,200.52,2298287,4659.08,2026-10-07
PRABHA,EQ,220.91,229.0,220.01,225.82,221.33,156054,352.49,2026-10-07
PRADPME,EQ,572.2,653.1,572.2,620.9,544.25,514852,3234.78,2026-10-07
PRAENG,EQ,20.4,20.58,17.67,19.37,19.7,299127,57.24,2026-10-07
PRAJIND,EQ,315.05,315.9,299.2,300.4,315.05,649176,1977.57,2026-10-07
PRAKASH,EQ,119.35,119.4,117.11,118.31,119.7,264927,313.73,2026-10-07
PRAKASHSTL,EQ,3.53,3.57,3.41,3.43,3.53,93821,3.26,2026-10-07
PRANAV,EQ,90.29,95.88,89.1,94.22,90.9,3367704,3137.18,2026-10-07
PRASOLCHEM,EQ,824.2,889.95,821.45,878.9,821.45,609936,5277.28,2026-10-07
PRAVEG,EQ,249.03,253.5,241.0,242.27,247.81,28238,70.1,2026-10-07
PRAXIS,EQ,4.48,4.63,4.48,4.51,4.45,29494,1.35,2026-10-07
PRECAM,EQ,112.65,115.98,109.0,113.85,113.27,155014,176.3,2026-10-07
PRECOT,EQ,595.8,635.95,595.1,613.1,604.5,996,6.03,2026-10-07
PRECWIRE,EQ,515.0,522.05,509.35,516.6,515.15,455686,2355.7,2026-10-07
PREMCO,EQ,405.85,405.85,389.5,397.15,405.9,1232,4.91,2026-10-07
PREMEXPLN,EQ,685.9,693.9,682.1,687.05,685.1,200274,1372.79,2026-10-07
PREMIERENE,EQ,900.15,917.7,894.35,910.0,907.0,918753,8362.92,2026-10-07
PREMIERPOL,EQ,98.01,103.89,97.32,101.23,97.23,809457,818.02,2026-10-07
PRESTIGE,EQ,1467.5,1467.5,1425.5,1429.3,1467.7,589957,8502.88,2026-10-07
PRICOLLTD,EQ,681.0,687.0,658.65,661.25,677.65,609345,4051.42,2026-10-07
PRIMESECU,EQ,301.5,302.95,294.25,295.8,297.05,4970,14.75,2026-10-07
PRIMO,EQ,27.44,27.44,25.25,25.62,26.97,277273,73.2,2026-10-07
PRINCEPIPE,EQ,256.55,262.0,253.15,256.65,258.2,104909,270.74,2026-10-07
PRIORITY,EQ,315.0,342.7,305.3,319.55,311.85,1457432,4755.32,2026-10-07
PRISMX,EQ,0.5,0.51,0.49,0.49,0.49,159772,0.79,2026-10-07
PRITI,EQ,32.8,32.9,31.25,32.2,31.66,2193,0.71,2026-10-07
PRITIKAUTO,EQ,16.02,16.78,16.01,16.18,16.33,143879,23.44,2026-10-07
PRIVISCL,EQ,3504.9,3545.0,3476.0,3519.2,3504.9,78112,2746.96,2026-10-07
PROSTARM,EQ,133.52,133.76,130.5,131.36,132.91,115044,151.88,2026-10-07
PROTEAN,EQ,685.0,696.0,666.95,669.95,689.25,469531,3191.87,2026-10-07
PROZONER,EQ,52.98,55.5,50.99,54.06,52.45,710014,377.01,2026-10-07
PRSMJOHNSN,EQ,103.75,103.75,100.21,100.71,103.48,332140,335.71,2026-10-07
PRUDENT,EQ,3172.0,3247.5,3170.7,3223.3,3204.3,19841,639.47,2026-10-07
PRUDMOULI,EQ,14.77,14.77,13.32,13.54,13.81,17056,2.38,2026-10-07
PSB,EQ,21.1,21.26,20.87,21.06,21.05,1039235,218.62,2026-10-07
PSPPROJECT,EQ,762.5,785.0,760.0,765.6,761.75,36096,278.75,2026-10-07
PSUBANK,EQ,82.09,82.09,79.32,80.92,80.09,2565596,2070.05,2026-10-07
PSUBANKADD,EQ,79.03,82.1,79.03,81.72,80.6,20961,17.08,2026-10-07
PSUBNKBEES,EQ,89.5,90.62,88.45,90.12,89.11,1982905,1781.97,2026-10-07
PSUBNKIETF,EQ,81.24,82.49,80.36,82.34,81.24,65713,53.71,2026-10-07
PTC,EQ,150.8,152.14,149.35,151.72,157.14,1807621,2731.02,2026-10-07
PTCIL,EQ,23850.0,24800.0,23755.0,24685.0,23125.0,117090,28398.34,2026-10-07
PTL,EQ,38.25,38.41,37.94,38.2,38.23,62207,23.66,2026-10-07
PUNJABCHEM,EQ,1035.2,1051.9,1030.6,1044.1,1039.0,1977,20.55,2026-10-07
PURVA,EQ,208.99,211.95,206.82,209.68,210.75,58462,122.24,2026-10-07
PVP,EQ,52.85,52.85,52.85,52.85,50.34,65062,34.39,2026-10-07
PVRINOX,EQ,1287.0,1374.8,1276.0,1343.8,1249.4,5065408,67868.95,2026-10-07
PVSL,EQ,95.4,97.0,93.0,95.37,94.57,10323,9.81,2026-10-07
PVTBANIETF,EQ,28.09,28.09,27.22,27.5,27.41,6335925,1742.08,2026-10-07
PVTBANK,EQ,27.19,27.34,27.06,27.19,27.14,33373,9.07,2026-10-07
PVTBANKADD,EQ,27.42,27.74,27.36,27.48,27.55,1861463,511.73,2026-10-07
PVTBKGROWW,EQ,27.16,27.5,26.76,26.99,27.06,20502,5.56,2026-10-07
PWL,EQ,131.02,140.2,130.7,139.57,131.86,34917953,48293.38,2026-10-07
PYRAMID,EQ,157.84,157.9,148.21,151.27,159.71,114998,174.25,2026-10-07
QGOLDHALF,EQ,121.85,121.85,120.89,121.3,121.86,146528,177.91,2026-10-07
QNIFTY,EQ,255.0,255.0,248.2,249.49,250.58,9876,24.65,2026-10-07
QPOWER,EQ,1664.0,1666.0,1595.0,1615.0,1648.8,318497,5186.67,2026-10-07
QUADFUTURE,EQ,547.4,549.0,531.25,534.4,547.4,209072,1124.04,2026-10-07
QUAL30IETF,EQ,19.7,19.98,19.54,19.62,19.83,305676,59.81,2026-10-07
QUALITY30,EQ,19.32,19.36,19.2,19.24,19.4,53091,10.22,2026-10-07
QUESS,EQ,332.25,342.75,324.1,328.4,334.45,239909,798.56,2026-10-07
QUICKHEAL,EQ,141.12,145.85,139.14,140.97,140.42,65681,93.39,2026-10-07
QUINTEGRA,EQ,1.54,1.54,1.54,1.54,1.47,1590,0.02,2026-10-07
RACE,EQ,107.99,107.99,102.24,103.75,108.75,90297,94.91,2026-10-07
RACLGEAR,EQ,1603.0,1618.0,1568.1,1589.5,1593.4,15992,253.87,2026-10-07
RADAAN,EQ,2.98,2.98,2.87,2.89,2.98,7107,0.21,2026-10-07
RADIANTCMS,EQ,34.82,35.4,34.2,34.52,34.82,104256,36.17,2026-10-07
RADICO,EQ,4451.0,4531.2,4425.3,4495.0,4460.1,460029,20663.87,2026-10-07
RADIOCITY,EQ,6.04,6.04,5.81,5.87,6.01,24410,1.43,2026-10-07
RAILTEL,EQ,258.45,258.45,252.9,254.65,257.65,317218,807.39,2026-10-07
RAIN,EQ,211.14,220.89,210.26,218.95,212.63,4431420,9648.61,2026-10-07
RAINBOW,EQ,1237.0,1288.7,1198.0,1270.7,1239.7,409464,5061.92,2026-10-07
RAJMET,EQ,3.13,3.13,3.05,3.1,3.08,156016,4.83,2026-10-07
RAJOOENG,EQ,57.74,62.9,56.76,62.37,56.95,2912369,1771.13,2026-10-07
RAJPALAYAM,EQ,768.0,768.0,710.0,743.8,743.95,1936,14.26,2026-10-07
RAJRATAN,EQ,468.0,471.8,455.6,460.6,467.3,74372,345.49,2026-10-07
RAJSREESUG,EQ,28.69,30.15,27.08,27.4,29.58,368626,103.55,2026-10-07
RALLIS,EQ,199.9,200.47,197.75,200.03,200.3,320141,638.81,2026-10-07
RAMANEWS,EQ,29.59,29.59,28.61,28.98,28.88,7824,2.29,2026-10-07
RAMAPHO,EQ,119.9,119.9,114.5,115.17,117.99,60428,70.32,2026-10-07
RAMBHAJO,EQ,329.45,363.35,327.25,360.8,330.35,1711528,6113.09,2026-10-07
RAMCOCEM,EQ,850.25,850.25,833.5,845.0,848.25,165100,1388.58,2026-10-07
RAMCOIND,EQ,299.0,302.5,295.75,299.7,297.75,90554,270.61,2026-10-07
RAMCOSYS,EQ,563.5,578.0,557.05,574.35,563.5,49520,282.48,2026-10-07
RAMKY,EQ,288.1,288.1,278.1,281.7,286.65,35235,99.26,2026-10-07
RAMRAT,EQ,639.05,641.5,630.55,637.4,641.2,113963,725.39,2026-10-07
RANASUG,EQ,13.7,14.1,13.7,13.82,13.81,266483,36.88,2026-10-07
RANEHOLDIN,EQ,1535.8,1555.0,1510.0,1536.6,1547.4,6257,95.69,2026-10-07
RATEGAIN,EQ,848.05,863.05,845.55,854.55,854.45,173482,1482.92,2026-10-07
RATNAMANI,EQ,2617.0,2617.0,2511.0,2524.3,2601.2,50917,1299.63,2026-10-07
RATNAVEER,EQ,336.0,351.9,334.35,336.45,335.25,5211840,17823.13,2026-10-07
RAYMOND,EQ,1287.5,1289.2,1193.7,1206.7,1294.3,1774220,21852.59,2026-10-07
RAYMONDLSL,EQ,649.6,651.4,623.1,624.85,649.85,167854,1059.69,2026-10-07
RAYMONDREL,EQ,702.45,726.5,690.3,701.8,707.8,1304100,9219.76,2026-10-07
RBA,EQ,95.39,96.6,93.4,96.08,95.1,3125930,2976.99,2026-10-07
RBLBANK,EQ,412.5,416.8,410.3,412.0,414.5,1657559,6846.72,2026-10-07
RCF,EQ,108.7,108.7,107.02,107.58,108.94,451969,486.92,2026-10-07
RECLTD,EQ,300.0,306.85,297.45,298.9,300.0,6950416,20902.69,2026-10-07
REDINGTON,EQ,406.0,411.0,401.5,406.5,405.7,2508651,10179.74,2026-10-07
REDTAPE,EQ,114.7,114.7,112.95,113.63,114.8,146070,166.31,2026-10-07
REFEX,EQ,263.0,275.0,262.4,266.35,265.15,191336,510.34,2026-10-07
REGAAL,EQ,86.79,86.79,84.67,85.49,85.94,166086,141.84,2026-10-07
REGENCERAM,EQ,32.06,32.96,31.1,31.66,33.28,9795,3.12,2026-10-07
RELAXO,EQ,290.55,292.0,285.95,287.75,290.5,77339,222.74,2026-10-07
RELCHEMQ,EQ,113.27,114.99,113.01,114.19,113.4,995,1.13,2026-10-07
RELIABLE,EQ,144.0,144.0,139.0,141.58,139.3,8871,12.46,2026-10-07
RELIANCE,EQ,1212.0,1220.8,1203.5,1207.7,1218.0,11880731,143825.08,2026-10-07
RELIGARE,EQ,226.2,228.79,223.86,224.92,227.75,1529143,3440.97,2026-10-07
RELTD,EQ,146.6,150.79,145.0,148.58,147.25,539786,806.42,2026-10-07
REMSONSIND,EQ,104.99,110.88,101.0,104.02,108.67,869358,907.2,2026-10-07
RENTOMOJO,EQ,551.4,643.5,550.0,618.95,545.2,18424264,112539.3,2026-10-07
RENUKA,EQ,22.58,23.27,22.45,22.78,22.65,11798511,2706.49,2026-10-07
REPCOHOME,EQ,326.45,342.5,325.8,339.8,326.45,156577,529.05,2026-10-07
REPL,EQ,57.01,57.01,54.05,55.3,56.83,5726,3.22,2026-10-07
REPRO,EQ,297.85,304.9,287.0,295.7,296.35,20376,60.04,2026-10-07
RESPONIND,EQ,156.0,166.23,155.8,159.73,156.31,443322,716.46,2026-10-07
RGL,EQ,163.62,170.19,162.68,168.47,163.62,600665,1003.37,2026-10-07
RHETAN,EQ,17.41,17.41,17.4,17.4,16.59,12917219,2248.51,2026-10-07
RHIM,EQ,377.25,381.7,366.8,369.45,373.4,402448,1501.05,2026-10-07
RHL,EQ,162.01,165.98,162.01,165.87,165.25,1867,3.06,2026-10-07
RICOAUTO,EQ,122.85,126.19,120.53,123.45,121.83,908338,1122.92,2026-10-07
RIIL,EQ,682.0,740.45,675.0,705.05,681.7,440480,3170.66,2026-10-07
RIR,EQ,184.8,188.35,181.1,183.81,183.49,593105,1093.75,2026-10-07
RISHABH,EQ,689.0,690.0,670.15,674.2,688.4,103620,702.93,2026-10-07
RITCO,EQ,286.4,288.95,282.0,284.05,285.55,43301,123.45,2026-10-07
RITES,EQ,203.5,203.79,199.65,200.74,203.51,441765,888.54,2026-10-07
RKDL,EQ,17.27,17.69,16.86,16.93,17.27,4504,0.77,2026-10-07
RKFORGE,EQ,734.0,734.0,714.0,716.4,732.65,562430,4053.12,2026-10-07
RKSWAMY,EQ,89.48,89.5,86.77,88.16,87.87,15829,13.92,2026-10-07
RMC,EQ,198.0,202.0,195.0,196.41,196.05,76677,150.74,2026-10-07
RML,EQ,1380.0,1392.0,1330.0,1336.4,1394.4,54933,740.94,2026-10-07
ROHLTD,EQ,300.7,304.35,296.0,297.25,300.75,6645,19.86,2026-10-07
ROLEXRINGS,EQ,189.0,189.04,182.61,183.67,188.18,2364465,4372.37,2026-10-07
ROML,EQ,43.0,43.3,41.12,43.2,42.99,451,0.19,2026-10-07
ROSSARI,EQ,429.0,431.65,421.6,422.9,427.45,38540,164.27,2026-10-07
ROSSELLIND,EQ,51.0,53.2,49.82,52.26,50.68,42281,22.06,2026-10-07
ROSSTECH,EQ,1615.0,1643.4,1581.4,1622.4,1612.1,141894,2288.09,2026-10-07
ROTO,EQ,62.24,63.16,61.9,62.35,62.24,280036,174.91,2026-10-07
ROUTE,EQ,431.95,433.0,424.4,426.5,430.8,127804,546.59,2026-10-07
RPEL,EQ,1859.9,1925.0,1751.0,1820.9,1835.6,249601,4628.57,2026-10-07
RPGLIFE,EQ,2940.0,2948.9,2860.0,2892.8,2933.2,15914,462.03,2026-10-07
RPOWER,EQ,20.59,20.72,20.2,20.32,20.49,20012310,4097.24,2026-10-07
RPPINFRA,EQ,50.25,52.5,50.25,51.43,51.53,48709,25.09,2026-10-07
RPSGVENT,EQ,887.0,916.4,861.0,870.15,833.1,134474,1205.27,2026-10-07
RPTECH,EQ,958.3,969.0,933.5,939.7,958.25,216975,2049.98,2026-10-07
RRECL,EQ,127.4,127.4,124.0,124.0,125.17,309,0.38,2026-10-07
RRIL,EQ,16.66,16.66,15.62,16.07,16.18,18854,3.0,2026-10-07
RRKABEL,EQ,2785.0,2789.0,2683.3,2722.5,2789.7,502681,13697.53,2026-10-07
RSL,EQ,177.0,177.0,174.0,174.51,176.06,174318,305.35,2026-10-07
RSSOFTWARE,EQ,30.15,30.79,29.6,30.04,30.44,14524,4.38,2026-10-07
RSWM,EQ,205.25,208.67,203.0,203.83,207.03,33308,68.4,2026-10-07
RSYSTEMS,EQ,248.65,255.3,242.8,252.35,246.3,1316807,3294.67,2026-10-07
RTNINDIA,EQ,26.21,26.21,25.45,25.78,26.13,959214,246.77,2026-10-07
RTNPOWER,EQ,6.71,6.76,6.68,6.7,6.75,6903506,463.87,2026-10-07
RUBFILA,EQ,63.11,65.56,63.11,64.9,63.59,34378,22.24,2026-10-07
RUBICON,EQ,1596.8,1596.8,1553.7,1575.6,1596.8,147284,2314.65,2026-10-07
RUBYMILLS,EQ,510.05,523.8,490.0,509.8,512.8,12360,63.34,2026-10-07
RUCHINFRA,EQ,5.07,5.08,4.9,4.94,4.98,68197,3.38,2026-10-07
RUCHIRA,EQ,103.99,103.99,101.48,103.15,102.78,9650,9.93,2026-10-07
RUDRA,EQ,18.2,21.1,17.61,19.46,17.81,599677,123.06,2026-10-07
RUNWALENTR,EQ,289.0,293.7,275.0,279.1,290.6,866944,2484.84,2026-10-07
RUPA,EQ,128.35,131.48,126.9,127.62,128.99,114842,147.88,2026-10-07
RUSHIL,EQ,15.55,15.84,15.07,15.17,15.54,208821,31.97,2026-10-07
RUSTOMJEE,EQ,370.4,382.0,360.0,379.3,368.55,77255,290.2,2026-10-07
RVHL,EQ,37.85,37.99,37.0,37.38,37.26,11908,4.45,2026-10-07
RVNL,EQ,198.0,198.25,194.65,195.87,198.78,2797757,5494.04,2026-10-07
RVTH,EQ,725.05,743.0,725.05,726.75,756.2,467,3.4,2026-10-07
S&SPOWER,EQ,286.0,293.5,274.0,290.6,286.0,8966,25.43,2026-10-07
SAATVIKGL,EQ,406.8,421.75,399.0,405.3,402.5,150423,619.22,2026-10-07
SADBHAV,EQ,6.85,7.19,6.66,6.92,6.85,141726,9.88,2026-10-07
SADBHIN,EQ,2.58,2.63,2.54,2.6,2.56,74920,1.93,2026-10-07
SAFARI,EQ,1324.9,1345.0,1306.4,1319.2,1318.0,25293,335.56,2026-10-07
SAGARDEEP,EQ,22.22,23.78,22.11,22.18,23.14,8512,1.91,2026-10-07
SAGCEM,EQ,146.0,150.8,143.2,143.91,146.6,43307,63.61,2026-10-07
SAGILITY,EQ,43.88,44.35,43.0,43.11,43.88,8174501,3560.86,2026-10-07
SAHLIBHFI,EQ,78.9,79.4,75.15,76.31,76.71,13656,10.57,2026-10-07
SAHYADRI,EQ,352.5,363.0,345.2,352.1,354.05,5520,19.4,2026-10-07
SAICAPI,EQ,153.16,153.16,140.0,146.08,150.16,639,0.93,2026-10-07
SAIL,EQ,176.72,177.35,173.62,174.31,178.1,8859876,15546.08,2026-10-07
SAILIFE,EQ,1558.0,1590.0,1544.1,1561.8,1558.1,656465,10300.92,2026-10-07
SAIPARENT,EQ,524.0,528.9,515.4,521.65,522.9,127845,668.12,2026-10-07
SAKAR,EQ,1056.6,1058.5,1011.1,1020.1,1048.5,62173,639.32,2026-10-07
SAKHTISUG,EQ,18.98,19.3,18.52,18.63,18.88,147331,27.89,2026-10-07
SAKSOFT,EQ,142.74,142.74,137.3,139.08,142.74,207978,291.35,2026-10-07
SAKUMA,EQ,1.53,1.53,1.48,1.5,1.51,993343,14.89,2026-10-07
SALASAR,EQ,4.15,4.22,4.13,4.17,4.22,2607156,108.91,2026-10-07
SALONA,EQ,269.0,284.0,269.0,276.55,274.2,118,0.32,2026-10-07
SALSTEEL,EQ,89.2,93.23,85.41,86.44,89.6,989979,884.45,2026-10-07
SALZERELEC,EQ,524.95,528.45,518.35,521.0,524.95,29076,151.62,2026-10-07
SAMBANDAM,EQ,105.25,105.25,105.25,105.25,102.15,101,0.11,2026-10-07
SAMBHAAV,EQ,5.58,5.58,4.99,5.1,5.25,81651,4.17,2026-10-07
SAMBHV,EQ,161.24,162.2,157.41,158.32,162.19,1552880,2482.56,2026-10-07
SAMHI,EQ,151.6,151.6,146.0,147.25,149.73,665337,985.09,2026-10-07
SAMMAANCAP,EQ,134.9,135.1,132.0,132.94,134.4,2802056,3748.31,2026-10-07
SAMPANN,EQ,24.05,24.05,23.56,23.96,23.99,4119,0.99,2026-10-07
SANATHAN,EQ,525.65,530.95,512.9,522.85,525.65,33869,176.42,2026-10-07
SANDESH,EQ,1000.0,1025.0,997.65,1002.05,1017.4,1150,11.62,2026-10-07
SANDHAR,EQ,561.85,565.95,553.1,561.3,558.1,92072,515.76,2026-10-07
SANDUMA,EQ,182.88,182.9,179.67,181.19,183.38,317131,573.93,2026-10-07
SANGAMIND,EQ,636.9,649.4,620.55,624.05,642.4,27370,173.09,2026-10-07
SANGHVIMOV,EQ,423.95,423.95,408.25,410.65,419.5,213148,880.23,2026-10-07
SANOFI,EQ,3047.0,3051.8,3010.0,3023.8,3047.0,8729,263.93,2026-10-07
SANOFICONR,EQ,3725.0,3757.4,3701.0,3722.9,3736.5,4089,152.27,2026-10-07
SANSERA,EQ,4226.0,4328.0,4209.2,4261.7,4232.9,125963,5388.19,2026-10-07
SANSTAR,EQ,103.55,105.09,102.6,104.23,104.07,85775,89.3,2026-10-07
SAPPHIRE,EQ,215.9,216.8,213.64,215.03,215.16,168957,363.28,2026-10-07
SAPPL,EQ,318.95,329.9,306.1,317.9,314.1,2022,6.41,2026-10-07
SARDAEN,EQ,500.9,505.0,497.5,499.35,500.7,189889,951.92,2026-10-07
SAREGAMA,EQ,502.2,507.9,496.1,503.75,503.7,160898,809.75,2026-10-07
SARLAPOLY,EQ,97.67,97.69,96.0,96.7,96.44,14965,14.48,2026-10-07
SARVESHWAR,EQ,3.6,3.69,3.57,3.61,3.58,2446544,89.2,2026-10-07
SASKEN,EQ,1684.3,1708.6,1656.0,1665.1,1679.5,11590,194.2,2026-10-07
SATIA,EQ,69.59,71.22,68.5,69.0,69.26,97840,67.92,2026-10-07
SATIN,EQ,229.9,239.4,221.25,223.79,228.35,1191616,2763.88,2026-10-07
SAURASHCEM,EQ,51.2,51.95,50.25,50.6,51.47,74227,37.98,2026-10-07
SAYAJIHOTL,EQ,309.0,312.0,309.0,309.0,307.35,108,0.33,2026-10-07
SAYAJIIND,EQ,115.0,118.0,115.0,116.0,118.0,104,0.12,2026-10-07
SBC,EQ,61.8,62.62,61.05,61.77,61.7,13158768,8121.47,2026-10-07
SBCL,EQ,1111.6,1129.1,1088.6,1099.3,1099.6,169999,1876.13,2026-10-07
SBFC,EQ,83.27,83.5,80.81,81.1,83.28,1102475,903.65,2026-10-07
SBGLP,EQ,23.44,23.44,22.4,22.72,22.78,26934,6.11,2026-10-07
SBIBPB,EQ,46.86,47.26,46.1,46.74,46.61,320442,149.77,2026-10-07
SBICARD,EQ,569.4,569.95,555.65,557.4,569.4,1197820,6723.27,2026-10-07
SBIETFCON,EQ,111.09,116.2,111.09,113.42,113.94,1877,2.13,2026-10-07
SBIETFIT,EQ,311.29,311.97,307.64,308.87,311.04,1886,5.84,2026-10-07
SBIETFPB,EQ,275.86,278.99,275.01,277.45,275.91,1284,3.56,2026-10-07
SBIETFQLTY,EQ,211.96,211.96,206.0,206.3,207.8,3175,6.55,2026-10-07
SBIFUNDS,EQ,501.95,503.0,494.3,501.2,502.85,1247454,6211.24,2026-10-07
SBILIFE,EQ,1735.0,1750.5,1701.8,1726.1,1750.0,1030112,17770.0,2026-10-07
SBILIQETF,EQ,1059.06,1059.06,1059.04,1059.04,1058.89,135422,1434.17,2026-10-07
SBIMIDMOM,EQ,61.86,67.67,61.0,61.62,61.56,73965,45.53,2026-10-07
SBIN,EQ,955.0,966.0,945.6,954.0,958.75,12523009,119492.14,2026-10-07
SBINEQWETF,EQ,32.01,32.01,31.12,31.31,32.01,55730,17.44,2026-10-07
SBINMID150,EQ,22.08,22.11,21.83,21.93,21.98,638981,140.46,2026-10-07
SBISILVER,EQ,216.04,216.04,214.14,214.32,216.04,428404,919.57,2026-10-07
SBISMLETF,EQ,17.82,18.0,17.79,17.95,17.9,24521,4.39,2026-10-07
SBIVALETF,EQ,13.95,14.02,13.81,13.87,13.95,32602500,4523.72,2026-10-07
SCHAEFFLER,EQ,3818.1,3827.8,3762.4,3797.0,3818.1,59517,2261.22,2026-10-07
SCHAND,EQ,147.4,147.4,143.24,144.15,145.16,9369,13.58,2026-10-07
SCHNEIDER,EQ,1276.0,1276.0,1240.0,1256.2,1274.0,119136,1493.72,2026-10-07
SCI,EQ,288.05,289.0,283.9,285.35,289.0,1736876,4972.19,2026-10-07
SCILAL,EQ,37.86,38.4,37.36,37.85,37.68,227035,85.99,2026-10-07
SCODATUBES,EQ,124.0,124.0,122.21,122.88,124.37,97607,120.09,2026-10-07
SDBL,EQ,74.1,74.5,72.97,73.08,74.02,340034,249.61,2026-10-07
SEAMECLTD,EQ,1580.0,1633.9,1564.1,1610.9,1584.9,36641,585.27,2026-10-07
SECLEDBETA,EQ,13.97,13.97,13.85,13.89,13.97,4846,0.67,2026-10-07
SECMARK,EQ,142.0,142.99,130.41,139.69,137.0,4492,6.31,2026-10-07
SECURKLOUD,EQ,16.88,16.88,14.5,15.34,15.71,46860,7.1,2026-10-07
SEDEMAC,EQ,3398.0,3478.4,3360.2,3425.6,3399.6,116377,3987.77,2026-10-07
SEIL,EQ,187.41,190.55,184.01,185.98,186.16,90576,170.17,2026-10-07
SEJALLTD,EQ,683.9,704.1,666.45,680.55,676.55,13851,94.58,2026-10-07
SEKURITIND,EQ,110.44,111.18,109.04,109.99,110.08,11947,13.12,2026-10-07
SELECTIPO,EQ,46.47,46.88,46.41,46.55,46.64,29492,13.76,2026-10-07
SEMAC,EQ,235.55,239.0,233.0,236.38,235.55,605,1.42,2026-10-07
SENCO,EQ,318.75,326.3,315.0,320.6,318.75,1246457,4007.15,2026-10-07
SENORES,EQ,1399.9,1424.0,1380.0,1389.6,1388.6,197473,2766.0,2026-10-07
SENSEXADD,EQ,75.17,75.48,75.0,75.12,75.35,1342,1.01,2026-10-07
SENSEXAXIS,EQ,75.65,75.96,75.3,75.32,75.78,3227,2.44,2026-10-07
SENSEXBETA,EQ,812.54,812.54,801.3,804.11,809.72,1318,10.62,2026-10-07
SENSEXETF,EQ,75.31,75.46,74.86,75.05,75.41,38979,29.28,2026-10-07
SENSEXIETF,EQ,842.0,842.0,834.7,836.45,838.12,5013,41.99,2026-10-07
SEPC,EQ,5.06,5.08,5.0,5.03,5.05,3570447,179.99,2026-10-07
SERVOTECH,EQ,72.06,72.29,70.75,71.15,72.06,332097,236.97,2026-10-07
SESHAPAPER,EQ,234.05,235.0,230.2,231.31,233.87,260189,603.55,2026-10-07
SETF10GILT,EQ,260.01,260.92,259.98,260.15,259.78,979,2.55,2026-10-07
SETFGOLD,EQ,125.42,125.42,124.87,124.92,125.36,4215605,5268.94,2026-10-07
SETFNIF50,EQ,245.43,245.43,243.2,243.65,245.14,502526,1225.77,2026-10-07
SETFNIFBK,EQ,565.58,568.64,561.61,566.09,565.47,83760,474.36,2026-10-07
SETFNN50,EQ,746.3,751.67,743.85,746.57,751.83,20385,152.36,2026-10-07
SETL,EQ,431.0,437.0,423.3,429.8,428.3,300178,1292.28,2026-10-07
SFL,EQ,625.9,628.9,615.4,620.05,623.4,81571,506.72,2026-10-07
SGFIN,EQ,666.0,674.0,656.0,663.7,662.15,231759,1542.72,2026-10-07
SGIL,EQ,612.0,615.6,603.0,604.55,603.2,1736,10.53,2026-10-07
SGL,EQ,8.65,9.27,8.61,9.09,8.8,13291,1.19,2026-10-07
SGLRES,EQ,2.17,2.25,2.16,2.18,2.26,32083,0.7,2026-10-07
SGMART,EQ,743.0,774.8,736.55,752.25,742.85,152651,1156.06,2026-10-07
SGRL,EQ,728.75,728.75,705.0,715.1,719.05,9538,67.91,2026-10-07
SHADOWFAX,EQ,289.7,296.35,287.0,292.85,288.0,5496570,16074.67,2026-10-07
SHAH,EQ,3.09,3.09,3.0,3.01,3.09,855584,26.0,2026-10-07
SHAILY,EQ,3085.0,3119.2,3064.2,3085.3,3100.3,60556,1873.38,2026-10-07
SHAKTIPUMP,EQ,451.0,454.7,445.0,447.4,449.35,441292,1981.47,2026-10-07
SHALBY,EQ,136.3,136.95,134.15,134.62,136.51,37417,50.64,2026-10-07
SHANKARA,EQ,125.58,125.89,118.1,119.98,125.58,102791,123.75,2026-10-07
SHANKESH,EQ,91.79,99.72,91.36,96.51,92.21,6866799,6641.96,2026-10-07
SHANTI,EQ,5.21,5.75,5.21,5.46,5.49,3096,0.17,2026-10-07
SHANTIGEAR,EQ,603.0,603.0,581.25,586.05,602.3,24891,147.0,2026-10-07
SHANTIGOLD,EQ,340.0,351.0,335.3,341.05,336.65,3025042,10388.32,2026-10-07
SHARDACROP,EQ,744.0,749.0,732.0,742.05,741.75,70577,522.44,2026-10-07
SHARDAMOTR,EQ,928.9,933.95,916.25,924.85,928.55,42593,393.96,2026-10-07
SHAREINDIA,EQ,212.1,212.9,206.0,207.27,211.4,791105,1654.22,2026-10-07
SHARIABEES,EQ,424.7,424.99,415.87,419.52,424.7,6324,26.61,2026-10-07
SHBAJRG,EQ,162.65,172.0,161.3,168.8,162.8,3337,5.58,2026-10-07
SHEMAROO,EQ,111.61,113.13,110.1,111.11,111.76,4319,4.82,2026-10-07
SHERVANI,EQ,334.0,334.0,318.55,321.05,304.0,80,0.26,2026-10-07
SHILCTECH,EQ,4095.0,4100.0,3990.6,4000.9,4094.2,15948,641.61,2026-10-07
SHILGRAVQ,EQ,145.31,149.0,145.0,145.82,145.31,1823,2.67,2026-10-07
SHILPAMED,EQ,1072.4,1086.8,1055.1,1071.2,1073.7,433185,4635.22,2026-10-07
SHINDL,EQ,158.61,158.61,156.05,157.72,158.69,144798,227.6,2026-10-07
SHIPROCKET,EQ,130.93,134.5,127.76,133.11,131.43,4177506,5497.87,2026-10-07
SHIVAAGRO,EQ,39.19,40.0,38.0,39.4,39.02,1305,0.51,2026-10-07
SHIVACEM,EQ,13.29,13.47,12.96,13.0,13.19,98539,12.9,2026-10-07
SHIVALIK,EQ,388.1,388.1,363.35,365.05,386.25,64876,240.2,2026-10-07
SHIVAMAUTO,EQ,17.23,17.23,16.65,16.68,16.6,16767,2.81,2026-10-07
SHIVAMILLS,EQ,60.99,61.22,57.0,58.33,58.31,4377,2.62,2026-10-07
SHIVATEX,EQ,172.0,172.0,166.05,166.41,169.99,1492,2.5,2026-10-07
SHIVAUM,EQ,553.45,553.6,540.0,551.4,552.65,30704,167.93,2026-10-07
SHK,EQ,141.61,143.0,139.85,141.62,142.32,190745,270.47,2026-10-07
SHOPERSTOP,EQ,400.7,400.7,389.25,392.4,398.15,16537,65.29,2026-10-07
SHRADDHA,EQ,167.9,171.95,162.51,163.31,166.72,13589,22.73,2026-10-07
SHRADHA,EQ,30.7,31.8,29.5,30.78,29.83,10199,3.14,2026-10-07
SHREDIGCEM,EQ,65.0,65.9,64.5,64.55,65.12,31054,20.13,2026-10-07
SHREECEM,EQ,21905.0,22160.0,21690.0,21780.0,22210.0,43001,9426.77,2026-10-07
SHREEJISPG,EQ,796.9,808.0,796.9,802.1,796.5,1943741,15604.62,2026-10-07
SHREEPUSHK,EQ,505.0,521.85,505.0,517.5,510.1,50642,260.95,2026-10-07
SHREERAMA,EQ,44.0,44.99,43.0,43.36,43.53,69271,30.21,2026-10-07
SHREYANIND,EQ,130.47,130.47,127.1,129.0,128.94,1866,2.41,2026-10-07
SHRIKRISH,EQ,37.4,37.4,34.0,34.82,34.05,2195,0.81,2026-10-07
SHRINGARMS,EQ,223.99,225.0,219.2,221.03,223.32,376220,833.73,2026-10-07
SHRIPISTON,EQ,4370.0,4475.9,4359.8,4411.6,4405.0,52243,2311.32,2026-10-07
SHRIRAMFIN,EQ,959.0,960.0,930.0,948.0,965.05,6096545,57490.96,2026-10-07
SHRIRAMPPS,EQ,68.0,69.05,67.13,68.05,68.13,195953,133.28,2026-10-07
SHRJAGP,EQ,685.0,698.8,650.0,657.1,674.6,548,3.68,2026-10-07
SHUKRAPHAR,EQ,73.33,74.1,67.61,68.32,72.58,7458018,5269.3,2026-10-07
SHYAMCENT,EQ,4.9,5.0,4.9,4.98,5.03,28322,1.41,2026-10-07
SHYAMMETL,EQ,1061.6,1072.0,1043.7,1067.3,1054.0,514924,5457.1,2026-10-07
SHYAMTEL,EQ,10.73,11.5,10.73,11.15,10.73,12879,1.42,2026-10-07
SICAGEN,EQ,51.1,52.88,51.1,51.53,51.87,684,0.36,2026-10-07
SIEL,EQ,31.99,31.99,31.31,31.5,31.0,28,0.01,2026-10-07
SIEMENS,EQ,3848.0,3848.0,3772.0,3793.0,3854.0,247482,9448.13,2026-10-07
SIGACHI,EQ,29.94,30.85,29.1,29.36,29.89,1800981,535.28,2026-10-07
SIGMA,EQ,45.91,47.5,44.42,45.71,45.24,120221,55.28,2026-10-07
SIGNATURE,EQ,717.6,722.4,710.1,712.5,719.35,202718,1448.82,2026-10-07
SIGNPOST,EQ,260.05,273.35,258.45,267.45,262.1,64335,171.02,2026-10-07
SIKA,EQ,1034.4,1080.0,1019.1,1068.6,1029.3,41214,436.66,2026-10-07
SIL,EQ,16.0,16.15,15.36,15.62,16.0,45067,7.07,2026-10-07
SILGO,EQ,68.89,70.5,68.5,70.16,69.51,121566,85.31,2026-10-07
SILINV,EQ,455.0,465.6,455.0,464.1,459.4,1814,8.39,2026-10-07
SILVER,EQ,219.0,219.98,218.19,218.35,220.17,343714,752.83,2026-10-07
SILVER001,EQ,22.31,22.31,22.02,22.03,22.31,720276,159.48,2026-10-07
SILVER1,EQ,21.37,21.37,21.19,21.2,21.37,3026025,643.56,2026-10-07
SILVER360,EQ,216.58,216.58,214.67,215.26,216.58,3199,6.9,2026-10-07
SILVERADD,EQ,21.2,21.23,21.03,21.06,21.23,1385049,292.43,2026-10-07
SILVERAG,EQ,214.75,214.75,212.68,212.92,214.75,102052,217.62,2026-10-07
SILVERAXIS,EQ,219.8,219.8,217.16,217.45,219.09,60109,131.19,2026-10-07
SILVERBEES,EQ,210.03,210.48,208.81,209.02,210.7,9348467,19597.0,2026-10-07
SILVERBETA,EQ,212.69,212.69,210.84,210.93,212.69,171833,363.21,2026-10-07
SILVERBND,EQ,222.18,222.18,218.66,219.27,221.55,1979,4.35,2026-10-07
SILVERCASE,EQ,22.21,22.31,22.12,22.14,22.32,7131280,1584.73,2026-10-07
SILVERIETF,EQ,219.59,219.69,218.02,218.21,219.99,1010939,2213.22,2026-10-07
SILVERTUC,EQ,138.0,138.69,134.5,135.11,137.68,93387,126.67,2026-10-07
SIMPLEXINF,EQ,256.62,259.39,251.0,255.77,259.13,97421,249.63,2026-10-07
SIMPLXREA,EQ,114.03,119.43,114.03,119.43,113.75,35,0.04,2026-10-07
SINCLAIR,EQ,74.6,75.7,73.8,75.1,75.93,49396,36.98,2026-10-07
SINDHUTRAD,EQ,21.99,22.04,21.51,21.68,22.0,279761,60.98,2026-10-07
SINGERIND,EQ,75.95,78.0,75.0,77.45,74.93,148424,114.11,2026-10-07
SINTERCOM,EQ,76.93,79.09,76.01,76.83,76.93,1252,0.97,2026-10-07
SIRCA,EQ,408.0,418.0,407.0,413.7,406.6,164236,680.45,2026-10-07
SIS,EQ,419.45,419.95,411.55,413.3,416.7,68801,286.91,2026-10-07
SIYSIL,EQ,553.45,559.05,547.65,554.45,553.45,21674,120.05,2026-10-07
SJS,EQ,1979.3,2012.7,1954.0,1982.6,1981.4,250455,4974.05,2026-10-07
SJVN,EQ,57.42,57.42,56.2,56.36,57.26,2057481,1164.76,2026-10-07
SKFINDIA,EQ,1461.9,1461.9,1420.0,1428.9,1461.9,25808,370.66,2026-10-07
SKFINDUS,EQ,2751.0,2771.1,2697.0,2745.1,2774.6,57387,1577.11,2026-10-07
SKIPPER,EQ,551.0,563.15,539.2,541.35,551.5,546134,3005.52,2026-10-07
SKMEGGPROD,EQ,211.98,218.8,208.55,215.37,210.05,217480,466.12,2026-10-07
SKYGOLD,EQ,864.9,894.8,863.15,876.95,857.65,1648118,14506.6,2026-10-07
SKYWAYS,EQ,115.0,116.85,113.9,114.72,113.51,1464352,1685.42,2026-10-07
SMALL250,EQ,17.86,18.03,17.77,17.93,17.96,648384,116.4,2026-10-07
SMALLADD,EQ,17.98,18.11,17.96,18.04,17.98,19696,3.55,2026-10-07
SMALLCAP,EQ,49.2,49.2,47.53,48.45,48.24,1047947,506.78,2026-10-07
SMALLGROWW,EQ,48.4,48.68,48.07,48.67,48.29,5745,2.77,2026-10-07
SMALLIETF,EQ,18.01,18.19,17.88,17.91,18.01,161366,28.99,2026-10-07
SMARTWORKS,EQ,507.95,507.95,487.05,489.35,503.9,72760,359.3,2026-10-07
SMCGLOBAL,EQ,112.97,114.22,109.1,110.24,110.55,6234957,6948.34,2026-10-07
SML100CASE,EQ,10.99,11.1,10.9,11.06,10.99,1414994,156.33,2026-10-07
SMLMAH,EQ,6197.0,6199.0,6000.0,6095.0,6135.5,45255,2752.42,2026-10-07
SMLT,EQ,73.69,77.5,70.16,73.94,74.06,39657,29.1,2026-10-07
SMSPHARMA,EQ,467.95,477.0,465.05,468.85,472.2,259092,1218.3,2026-10-07
SNOWMAN,EQ,33.75,35.0,33.75,34.32,34.24,136788,46.85,2026-10-07
SNXT30BEES,EQ,40.07,40.07,39.78,39.83,40.16,5999,2.39,2026-10-07
SNXT50BETA,EQ,89.62,90.83,89.34,89.63,90.07,2278,2.05,2026-10-07
SOBHA,EQ,1191.3,1203.1,1183.7,1197.9,1190.7,45852,547.95,2026-10-07
SOFTTECH,EQ,461.55,475.1,452.05,458.05,461.55,933,4.33,2026-10-07
SOLARA,EQ,682.0,696.0,680.15,683.7,682.65,154430,1061.88,2026-10-07
SOLARINDS,EQ,20100.0,20150.0,19770.0,20050.0,20071.0,158117,31665.53,2026-10-07
SOLARWORLD,EQ,131.0,134.48,128.51,131.25,130.39,268163,353.05,2026-10-07
SOLEX,EQ,697.7,700.0,651.6,670.15,690.85,81896,558.43,2026-10-07
SOMANYCERA,EQ,623.15,623.4,611.1,621.15,625.0,53562,331.11,2026-10-07
SOMATEX,EQ,82.8,82.8,79.3,80.95,79.09,6475,5.22,2026-10-07
SOMICONVEY,EQ,84.0,85.97,83.0,83.37,84.05,4092,3.43,2026-10-07
SONACOMS,EQ,819.45,826.05,809.1,810.5,820.0,1762964,14446.5,2026-10-07
SONAL,EQ,83.2,83.21,80.05,80.46,83.19,456,0.37,2026-10-07
SONATSOFTW,EQ,252.0,252.85,246.5,248.1,252.05,451388,1125.31,2026-10-07
SOTL,EQ,776.95,807.2,764.45,803.8,775.5,583613,4621.53,2026-10-07
SOUTHBANK,EQ,47.0,47.8,46.11,47.47,47.23,16144912,7601.32,2026-10-07
SOUTHWEST,EQ,200.0,200.0,191.8,193.95,199.72,50103,97.98,2026-10-07
SPAL,EQ,964.0,969.95,941.1,960.3,949.65,20423,195.28,2026-10-07
SPANDANA,EQ,216.6,222.0,213.5,218.19,218.12,83177,182.07,2026-10-07
SPARC,EQ,196.0,201.49,192.75,196.79,196.89,1072170,2111.6,2026-10-07
SPCENET,EQ,3.31,3.6,3.25,3.33,3.31,595175,20.06,2026-10-07
SPENCERS,EQ,28.3,29.7,27.3,27.87,28.3,89839,25.72,2026-10-07
SPIC,EQ,63.25,63.79,62.56,63.06,63.05,186038,117.33,2026-10-07
SPLIL,EQ,29.6,29.62,28.76,29.05,29.49,3456,1.01,2026-10-07
SPLPETRO,EQ,817.25,826.85,804.35,806.65,819.6,88589,721.8,2026-10-07
SPMLINFRA,EQ,162.25,162.33,159.1,160.02,162.63,79572,127.71,2026-10-07
SPORTKING,EQ,203.21,205.9,199.43,201.71,202.8,167019,337.18,2026-10-07
SRD,EQ,38.48,38.48,37.6,37.81,38.29,9969,3.78,2026-10-07
SRF,EQ,2475.0,2475.0,2434.9,2460.0,2470.0,200571,4928.55,2026-10-07
SRGHFL,EQ,120.0,128.67,120.0,126.61,122.55,31389,39.33,2026-10-07
SRHHYPOLTD,EQ,552.45,558.9,545.0,549.15,548.65,11610,64.03,2026-10-07
SRM,EQ,418.45,423.0,413.6,421.45,418.45,28711,120.43,2026-10-07
SRTL,EQ,36.77,38.0,36.67,37.74,36.67,21134,7.92,2026-10-07
SSDL,EQ,69.29,69.99,65.51,66.2,68.57,88459,60.07,2026-10-07
SSRETAIL,EQ,712.75,734.4,710.1,720.3,712.75,6037276,43673.1,2026-10-07
SSWL,EQ,427.0,432.25,416.2,424.2,424.7,845591,3590.91,2026-10-07
STANLEY,EQ,136.54,137.95,134.13,135.0,136.54,100560,136.21,2026-10-07
STAR,EQ,1085.1,1109.0,1076.7,1100.6,1088.7,202258,2221.12,2026-10-07
STARCEMENT,EQ,175.13,177.0,174.5,174.88,176.41,61630,108.1,2026-10-07
STARHEALTH,EQ,552.0,557.8,545.75,553.85,550.55,231180,1280.53,2026-10-07
STARPAPER,EQ,154.98,154.99,150.65,151.5,154.14,2332,3.55,2026-10-07
STARTECK,EQ,271.9,278.75,267.0,273.7,272.5,1371,3.69,2026-10-07
STCINDIA,EQ,106.38,106.38,104.23,104.5,105.86,10396,10.91,2026-10-07
STEAMHOUSE,EQ,119.85,126.8,117.0,125.17,118.42,22137870,27003.19,2026-10-07
STEELCAS,EQ,369.6,380.0,368.85,373.3,369.6,147905,553.92,2026-10-07
STEELCITY,EQ,82.0,82.98,80.16,81.54,82.72,2134,1.73,2026-10-07
STEELXIND,EQ,11.49,11.52,10.45,10.9,11.46,9407776,1019.88,2026-10-07
STEL,EQ,584.8,585.0,565.5,568.6,575.95,1840,10.54,2026-10-07
STERTOOLS,EQ,218.45,221.89,218.0,218.79,218.45,12744,28.0,2026-10-07
STLNETWORK,EQ,48.54,49.43,48.2,49.43,47.08,2388042,1172.33,2026-10-07
STLSTRINF,EQ,22.8,22.94,21.75,22.5,21.75,1738,0.39,2026-10-07
STOVEKRAFT,EQ,813.5,829.0,803.95,817.35,813.45,146813,1197.02,2026-10-07
STUDDS,EQ,402.6,425.0,400.1,420.45,407.05,66382,275.87,2026-10-07
STYL,EQ,364.15,374.45,364.15,369.7,369.7,34514,127.98,2026-10-07
STYLAMIND,EQ,3303.5,3370.0,3282.8,3351.6,3303.5,20834,695.91,2026-10-07
STYLEBAAZA,EQ,375.0,388.5,371.55,379.9,375.45,1166930,4479.69,2026-10-07
STYRENIX,EQ,2030.0,2045.0,1990.0,2001.3,2042.9,27957,562.41,2026-10-07
SUBEXLTD,EQ,19.58,19.58,19.01,19.15,19.59,3615891,697.63,2026-10-07
SUBROS,EQ,679.0,682.9,672.55,675.5,682.95,16311,110.45,2026-10-07
SUDARCOLOR,EQ,377.0,377.0,362.5,364.55,368.3,6417,23.53,2026-10-07
SUDARSCHEM,EQ,1244.0,1302.8,1213.0,1226.6,1238.6,637859,8001.59,2026-10-07
SUDEEPPHRM,EQ,1148.0,1180.0,1118.6,1170.4,1158.4,204466,2351.82,2026-10-07
SUKHJITS,EQ,149.75,152.78,148.57,149.56,147.84,7332,11.02,2026-10-07
SULA,EQ,134.83,135.0,132.5,133.41,134.01,105581,140.75,2026-10-07
SUMEDHA,EQ,43.0,44.95,42.01,43.05,43.45,1640,0.7,2026-10-07
SUMEETINDS,EQ,12.0,12.0,12.0,12.0,11.43,927372,111.28,2026-10-07
SUMICHEM,EQ,416.0,426.85,416.0,421.95,418.05,221961,937.79,2026-10-07
SUMIT,EQ,52.98,52.98,50.02,50.48,51.88,22368,11.31,2026-10-07
SUMMITSEC,EQ,1330.0,1336.9,1305.0,1320.4,1321.0,979,12.95,2026-10-07
SUNCLAY,EQ,1152.9,1152.9,1130.0,1131.8,1152.8,6000,68.23,2026-10-07
SUNDARAM,EQ,1.1,1.1,1.07,1.07,1.09,173216,1.87,2026-10-07
SUNDARMFIN,EQ,4377.0,4377.0,4280.0,4301.2,4347.8,27263,1172.46,2026-10-07
SUNDRMBRAK,EQ,675.1,690.0,666.0,667.05,680.1,1279,8.59,2026-10-07
SUNDRMFAST,EQ,1134.0,1165.9,1120.1,1127.0,1140.3,163076,1858.17,2026-10-07
SUNDROP,EQ,754.4,755.95,745.0,745.9,746.8,6576,49.23,2026-10-07
SUNFLAG,EQ,460.05,479.1,455.0,474.4,459.05,829970,3903.96,2026-10-07
SUNLOC,EQ,70.0,70.0,70.0,70.0,68.0,4,0.0,2026-10-07
SUNPHARMA,EQ,1797.1,1804.2,1772.1,1781.0,1804.1,1150689,20507.19,2026-10-07
SUNRAKSHAK,EQ,359.25,361.3,355.0,356.9,356.75,1331,4.75,2026-10-07
SUNSHIEL,EQ,1075.0,1109.0,1062.7,1103.5,1047.4,863,9.39,2026-10-07
SUNSHINE,EQ,450.7,460.15,448.0,448.9,447.2,346574,1566.72,2026-10-07
SUNTECK,EQ,278.85,280.3,276.6,278.15,279.6,31359,87.24,2026-10-07
SUNTV,EQ,633.35,646.8,631.1,636.5,632.1,1153473,7360.0,2026-10-07
SUPERHOUSE,EQ,158.0,158.0,152.0,154.93,155.27,2011,3.12,2026-10-07
SUPRAJIT,EQ,469.8,470.0,462.25,465.15,471.2,43978,205.01,2026-10-07
SUPREME,EQ,31.35,31.35,29.54,29.98,30.27,8982,2.72,2026-10-07
SUPREMEIND,EQ,3500.0,3631.8,3475.5,3550.0,3497.9,381975,13692.73,2026-10-07
SUPREMEINF,EQ,64.45,64.45,53.51,54.67,61.4,415360,238.04,2026-10-07
SUPRIYA,EQ,923.25,923.25,887.0,889.25,915.35,167121,1500.7,2026-10-07
SURAJEST,EQ,206.87,212.5,201.05,208.26,205.53,71351,146.16,2026-10-07
SURAJLTD,EQ,182.01,186.9,180.01,181.7,187.4,1170,2.13,2026-10-07
SURAKSHA,EQ,332.0,334.2,320.0,321.7,332.0,42345,137.59,2026-10-07
SURANASOL,EQ,23.67,24.9,23.56,24.36,23.67,23472,5.64,2026-10-07
SURANAT&P,EQ,15.76,16.1,15.62,15.76,15.76,11832,1.87,2026-10-07
SURYALA,EQ,377.0,381.5,376.25,376.25,376.3,406,1.53,2026-10-07
SURYALAXMI,EQ,57.28,58.0,56.14,56.64,57.0,478,0.27,2026-10-07
SURYAROSNI,EQ,221.0,221.59,218.01,218.34,221.35,273102,598.96,2026-10-07
SURYODAY,EQ,149.64,156.74,149.64,155.54,151.47,489416,756.96,2026-10-07
SUTLEJTEX,EQ,37.05,37.45,36.15,36.57,37.04,15927,5.85,2026-10-07
SUVEN,EQ,309.0,316.9,305.0,305.55,309.15,311351,964.07,2026-10-07
SUVIDHAA,EQ,2.08,2.11,2.05,2.1,2.07,63248,1.33,2026-10-07
SUYOG,EQ,667.75,689.95,652.1,672.85,667.25,16252,109.14,2026-10-07
SUZLON,EQ,39.16,39.19,38.2,38.34,39.16,73531474,28408.63,2026-10-07
SVGLOBAL,EQ,135.0,140.0,135.0,138.95,140.92,1283,1.77,2026-10-07
SVLL,EQ,831.0,834.4,811.0,824.9,835.6,251,2.07,2026-10-07
SVPGLOB,EQ,3.15,3.15,2.98,3.0,3.11,30415,0.91,2026-10-07
SWANCORP,EQ,268.1,284.0,268.1,271.85,268.85,1528441,4209.24,2026-10-07
SWARAJENG,EQ,3565.0,3566.9,3516.6,3546.1,3537.8,10449,369.73,2026-10-07
SWARNSAR,EQ,40.62,41.61,39.56,40.01,40.62,7872,3.18,2026-10-07
SWELECTES,EQ,617.5,619.35,597.0,608.8,613.8,24148,146.43,2026-10-07
SWIGGY,EQ,244.0,253.6,242.6,246.0,244.2,16172713,40258.73,2026-10-07
SWSOLAR,EQ,172.54,173.55,167.45,168.11,172.54,833681,1416.07,2026-10-07
SYMBIOTEC,EQ,1149.4,1165.0,1122.2,1135.6,1149.5,492318,5646.69,2026-10-07
SYMPHONY,EQ,557.0,565.65,553.0,558.1,556.95,46171,257.76,2026-10-07
SYNCOMF,EQ,23.29,25.49,22.9,24.94,23.22,40584346,10081.93,2026-10-07
SYNGENE,EQ,362.0,362.0,357.8,360.3,363.2,414606,1491.81,2026-10-07
SYRMA,EQ,1690.7,1769.5,1690.7,1746.7,1685.1,1814188,31648.49,2026-10-07
TAALTECH,EQ,1110.6,1130.0,1070.5,1087.9,1093.4,128291,1406.47,2026-10-07
TAINWALCHM,EQ,205.0,205.0,196.56,200.4,201.12,488,0.97,2026-10-07
TAJGVK,EQ,321.0,329.0,317.5,320.45,318.3,67467,217.75,2026-10-07
TAKE,EQ,11.89,12.12,11.54,12.12,11.55,269087,32.27,2026-10-07
TALBROAUTO,EQ,430.05,432.35,412.25,417.05,429.45,181320,758.36,2026-10-07
TANAA,EQ,310.85,363.0,308.0,349.25,309.3,447847,1551.57,2026-10-07
TANLA,EQ,491.0,501.6,488.0,494.55,492.15,309236,1533.77,2026-10-07
TARACHAND,EQ,46.23,47.35,46.23,46.26,46.42,48497,22.53,2026-10-07
TARAPUR,EQ,11.61,12.25,11.08,11.52,11.61,32875,3.83,2026-10-07
TARC,EQ,124.1,124.39,121.23,122.24,124.1,240407,294.37,2026-10-07
TARIL,EQ,283.95,294.15,278.35,289.15,283.65,3041176,8796.85,2026-10-07
TARMAT,EQ,56.82,58.78,56.0,56.78,56.79,18146,10.41,2026-10-07
TARSONS,EQ,333.45,352.45,331.25,341.7,331.65,230964,795.47,2026-10-07
TASTYBITE,EQ,9450.0,9464.5,9328.5,9373.0,9413.0,402,37.75,2026-10-07
TATACAP,EQ,322.9,322.9,317.3,320.55,322.1,1129597,3613.46,2026-10-07
TATACHEM,EQ,618.8,618.8,608.8,609.8,616.55,451020,2764.02,2026-10-07
TATACOMM,EQ,1672.2,1688.0,1622.0,1659.6,1681.8,612618,10181.53,2026-10-07
TATACONSUM,EQ,968.0,972.4,962.75,968.5,976.0,532061,5155.03,2026-10-07
TATAELXSI,EQ,3100.0,3134.0,3077.3,3082.5,3093.0,178378,5527.85,2026-10-07
TATAGOLD,EQ,14.28,14.29,14.23,14.23,14.28,34413035,4904.97,2026-10-07
TATAINVEST,EQ,624.15,625.95,613.7,615.3,624.15,221891,1370.67,2026-10-07
TATAPOWER,EQ,350.9,350.9,341.0,345.15,351.65,5227497,18044.97,2026-10-07
TATASTEEL,EQ,177.79,178.25,174.6,175.64,178.69,18846203,33180.61,2026-10-07
TATATECH,EQ,702.5,706.85,695.0,697.6,703.1,297761,2086.43,2026-10-07
TATSILV,EQ,21.35,21.4,21.2,21.21,21.4,35402176,7533.14,2026-10-07
TATVA,EQ,1880.2,2000.0,1866.7,1991.2,1877.4,278517,5441.89,2026-10-07
TBOTEK,EQ,1682.0,1772.5,1676.4,1704.5,1693.2,1938711,33375.38,2026-10-07
TCC,EQ,46.89,47.51,45.65,46.1,47.09,360773,166.42,2026-10-07
TCI,EQ,890.0,897.95,882.9,885.6,888.0,69647,619.04,2026-10-07
TCIEXP,EQ,500.7,509.5,495.0,499.75,501.4,25483,127.87,2026-10-07
TCIFINANCE,EQ,14.49,14.49,14.1,14.21,14.16,7931,1.13,2026-10-07
TCPLPACK,EQ,4023.0,4055.0,3967.0,4031.5,4007.9,3112,124.89,2026-10-07
TCS,EQ,2085.2,2105.0,2076.0,2080.3,2100.0,1349758,28194.9,2026-10-07
TDPOWERSYS,EQ,818.0,834.7,805.15,821.1,816.0,2690340,21999.82,2026-10-07
TEAMGTY,EQ,235.02,240.9,235.02,238.95,235.02,206,0.49,2026-10-07
TEAMLEASE,EQ,1130.0,1139.5,1093.0,1101.0,1130.3,19351,214.15,2026-10-07
TECH,EQ,30.5,31.06,30.42,30.48,30.71,12303,3.76,2026-10-07
TECHM,EQ,1504.0,1513.0,1486.2,1491.1,1504.5,1254257,18788.99,2026-10-07
TECHNOCRAF,EQ,469.0,488.65,467.25,486.4,467.25,876756,4213.75,2026-10-07
TECHNOE,EQ,996.7,999.1,980.5,988.3,996.2,69665,688.94,2026-10-07
TECHNVISN,EQ,4211.9,4213.5,4080.1,4213.5,4012.9,581,24.45,2026-10-07
TECILCHEM,EQ,9.78,9.85,9.33,9.4,9.24,24062,2.33,2026-10-07
TEGA,EQ,2108.2,2167.3,2085.5,2123.6,2092.5,488724,10425.32,2026-10-07
TEJASNET,EQ,473.0,477.45,465.0,466.7,475.85,1065621,5009.15,2026-10-07
TEMBO,EQ,58.25,58.25,55.35,56.42,58.25,1221774,697.4,2026-10-07
TEMPSENS,EQ,515.7,603.0,514.9,578.0,515.5,9435714,53900.73,2026-10-07
TENNIND,EQ,494.15,496.0,479.15,480.4,494.15,556746,2690.3,2026-10-07
TERAI,EQ,122.0,122.0,100.3,113.5,120.0,337,0.37,2026-10-07
TERASOFT,EQ,238.0,242.68,224.61,226.04,237.77,32809,75.02,2026-10-07
TEXINFRA,EQ,127.0,127.0,120.2,121.24,125.42,149902,183.74,2026-10-07
TEXMOPIPES,EQ,54.0,54.5,52.23,52.58,53.8,93443,50.0,2026-10-07
TEXRAIL,EQ,117.45,117.7,113.7,114.74,117.38,2010213,2325.28,2026-10-07
TFCILTD,EQ,141.29,154.0,141.26,152.24,140.65,19824302,29765.9,2026-10-07
TFL,EQ,11.99,12.21,11.65,12.16,11.99,3999,0.49,2026-10-07
TGBHOTELS,EQ,9.7,9.7,9.35,9.4,9.37,3766,0.36,2026-10-07
TGVSL,EQ,125.49,127.0,123.0,126.26,125.48,482160,604.98,2026-10-07
THACKER,EQ,939.65,1000.0,939.65,980.0,939.65,39,0.38,2026-10-07
THAKDEV,EQ,134.39,134.39,134.39,134.39,135.06,2,0.0,2026-10-07
THANGAMAYL,EQ,4758.5,4870.0,4666.0,4803.0,4758.5,51777,2489.5,2026-10-07
THEINVEST,EQ,91.26,92.63,89.9,90.2,90.81,4177,3.79,2026-10-07
THEJO,EQ,2074.2,2120.0,2074.2,2100.4,2098.9,3998,83.93,2026-10-07
THELEELA,EQ,580.0,607.25,576.5,602.45,582.7,627331,3746.16,2026-10-07
THEMISMED,EQ,114.05,117.98,113.4,115.47,113.49,77738,89.93,2026-10-07
THERMAX,EQ,3262.0,3277.2,3200.0,3230.4,3225.1,103486,3359.78,2026-10-07
THOMASCOOK,EQ,100.8,101.61,99.89,100.54,101.09,327879,329.81,2026-10-07
THOMASCOTT,EQ,281.65,287.65,272.5,278.85,280.8,29314,82.35,2026-10-07
THYROCARE,EQ,532.4,532.4,510.5,513.05,529.8,315757,1629.05,2026-10-07
TI,EQ,543.1,563.15,542.6,551.55,547.8,1058902,5866.45,2026-10-07
TIGERLOGS,EQ,25.99,26.3,25.11,26.17,25.86,52827,13.71,2026-10-07
TIIL,EQ,2825.5,2825.5,2688.1,2715.4,2819.1,40230,1096.74,2026-10-07
TIINDIA,EQ,2470.3,2472.0,2355.5,2388.0,2472.7,556889,13337.23,2026-10-07
TIMETECHNO,EQ,183.0,185.22,180.64,183.62,183.07,2467633,4525.74,2026-10-07
TIMEX,EQ,733.7,744.6,715.0,724.45,731.7,336138,2445.07,2026-10-07
TIMKEN,EQ,3157.0,3178.8,3096.0,3132.0,3156.9,39160,1225.84,2026-10-07
TINNARUBR,EQ,954.95,957.75,926.0,930.55,950.25,25287,237.02,2026-10-07
TIPSFILMS,EQ,338.7,342.0,325.15,328.75,334.55,6753,22.45,2026-10-07
TIPSMUSIC,EQ,653.1,657.9,638.0,639.9,653.1,226714,1464.65,2026-10-07
TIRUMALCHM,EQ,148.9,152.9,146.8,147.91,148.53,270559,403.73,2026-10-07
TITAGARH,EQ,804.85,808.45,796.65,799.75,804.85,199471,1599.62,2026-10-07
TITAN,EQ,4439.0,4440.0,4335.6,4377.0,4550.0,2951280,129133.01,2026-10-07
TMB,EQ,878.95,884.6,861.05,877.35,878.95,153612,1343.0,2026-10-07
TMCV,EQ,432.5,433.8,424.05,427.9,433.8,5489931,23544.32,2026-10-07
TMPV,EQ,285.6,286.65,280.8,283.0,285.8,9266278,26255.27,2026-10-07
TNIDETF,EQ,82.2,85.12,82.2,84.55,84.01,55773,47.22,2026-10-07
TNPETRO,EQ,126.49,127.39,123.54,125.78,126.03,475976,596.06,2026-10-07
TNPL,EQ,146.0,146.52,143.0,143.35,145.94,74131,106.7,2026-10-07
TOKYOPLAST,EQ,73.69,73.69,70.0,70.87,71.1,771,0.55,2026-10-07
TOLINS,EQ,90.0,90.95,88.0,90.08,90.19,55327,49.55,2026-10-07
TOP100CASE,EQ,10.1,10.1,9.92,9.97,10.03,452981,45.23,2026-10-07
TOP10ADD,EQ,83.84,84.18,83.31,83.76,83.84,110150,92.46,2026-10-07
TOP15IETF,EQ,9.26,9.35,9.2,9.24,9.3,68504,6.33,2026-10-07
TOP20,EQ,8.4,8.41,8.34,8.35,8.4,12952,1.08,2026-10-07
TORNTPHARM,EQ,4765.0,4791.3,4679.0,4716.2,4772.0,241200,11368.99,2026-10-07
TORNTPOWER,EQ,1238.9,1247.8,1223.2,1236.5,1234.9,175635,2164.66,2026-10-07
TOUCHWOOD,EQ,60.37,60.37,59.01,59.61,58.95,951,0.57,2026-10-07
TOYAMSL,EQ,0.69,0.71,0.69,0.71,0.68,374839,2.66,2026-10-07
TPLPLASTEH,EQ,69.64,69.8,68.16,68.6,69.18,108731,75.03,2026-10-07
TRACXN,EQ,35.0,35.0,33.02,33.89,34.34,357771,121.83,2026-10-07
TRANSCOR,EQ,24.54,25.5,24.16,25.38,23.91,12826,3.2,2026-10-07
TRANSRAILL,EQ,485.0,486.9,476.0,479.3,482.4,770841,3718.35,2026-10-07
TRAVELFOOD,EQ,1191.3,1197.1,1180.2,1189.6,1197.9,67434,802.12,2026-10-07
TREEHOUSE,EQ,5.8,6.0,5.7,5.78,5.82,10445,0.61,2026-10-07
TREJHARA,EQ,135.81,135.81,125.75,127.48,130.39,22107,28.54,2026-10-07
TREL,EQ,27.0,27.33,26.0,26.71,26.64,85309,22.77,2026-10-07
TRENT,EQ,2897.0,2909.0,2876.8,2890.3,2906.0,1317846,38129.9,2026-10-07
TRF,EQ,197.03,198.95,193.07,198.02,196.3,5575,10.91,2026-10-07
TRIDENT,EQ,22.56,22.68,22.26,22.31,22.56,2433694,544.53,2026-10-07
TRIGYN,EQ,51.0,52.45,51.0,51.63,51.7,9705,5.01,2026-10-07
TRITONV,EQ,1070.1,1099.0,1042.9,1050.2,1093.0,3421,36.26,2026-10-07
TRITURBINE,EQ,530.1,543.0,528.9,531.45,536.1,337921,1808.92,2026-10-07
TRIVENI,EQ,243.0,249.04,240.64,245.13,241.97,621686,1527.93,2026-10-07
TRU,EQ,4.3,4.3,4.15,4.25,4.12,29133,1.24,2026-10-07
TRUALT,EQ,445.35,456.95,439.95,448.85,444.35,132449,595.06,2026-10-07
TSFINV,EQ,415.0,416.4,407.2,409.6,417.95,59688,246.02,2026-10-07
TTKHLTCARE,EQ,1040.4,1050.5,1026.7,1046.6,1033.7,13651,142.04,2026-10-07
TTKPRESTIG,EQ,521.0,521.75,515.3,517.85,522.85,16239,84.13,2026-10-07
TTL,EQ,7.3,7.5,7.25,7.29,7.38,99784,7.35,2026-10-07
TTML,EQ,34.08,34.2,33.84,34.01,34.18,1417779,482.16,2026-10-07
TURTLEMINT,EQ,68.91,72.35,67.88,72.28,68.91,1668511,1182.52,2026-10-07
TUTIALKA,EQ,54.0,54.95,54.0,54.7,54.0,2110,1.15,2026-10-07
TVSELECT,EQ,404.05,404.05,395.0,397.0,404.2,27384,109.42,2026-10-07
TVSHLTD,EQ,11722.0,11809.0,11600.0,11735.0,11763.0,4318,506.16,2026-10-07
TVSMOTOR,EQ,3982.8,3995.0,3870.8,3926.0,3981.0,673718,26557.82,2026-10-07
TVSSCS,EQ,131.0,132.6,128.13,130.4,130.67,475200,620.89,2026-10-07
TVSSRICHAK,EQ,4367.2,4419.1,4321.3,4354.1,4390.1,3851,168.7,2026-10-07
TVTODAY,EQ,101.15,103.0,100.62,101.3,101.48,15356,15.6,2026-10-07
TWCGOLDETF,EQ,147.0,147.0,145.5,145.99,146.53,3563,5.2,2026-10-07
UBL,EQ,1192.0,1192.0,1178.4,1185.7,1178.3,48162,570.71,2026-10-07
UCOBANK,EQ,23.2,23.53,22.95,23.4,23.27,3707604,862.54,2026-10-07
UDAYJEW,EQ,168.0,168.01,160.5,161.13,160.33,7798,12.69,2026-10-07
UDS,EQ,215.4,219.7,213.01,218.11,215.4,108092,235.07,2026-10-07
UEL,EQ,179.62,183.8,176.05,177.64,179.62,7247,12.98,2026-10-07
UFLEX,EQ,641.55,655.0,633.1,643.15,641.25,115503,741.67,2026-10-07
UFO,EQ,58.47,58.48,56.55,56.88,57.38,20402,11.69,2026-10-07
UGROCAP,EQ,82.9,82.9,80.76,81.28,82.97,212716,173.36,2026-10-07
UJJIVANSFB,EQ,65.2,67.19,64.72,64.94,65.19,15595871,10263.48,2026-10-07
ULTRACEMCO,EQ,10730.0,10812.0,10595.0,10658.0,10750.0,287808,30731.67,2026-10-07
ULTRAMAR,EQ,409.3,411.95,405.1,409.6,408.8,24466,99.74,2026-10-07
UMESLTD,EQ,4.39,4.7,4.39,4.51,4.45,58235,2.64,2026-10-07
UMIYA-MRO,EQ,93.69,93.69,92.1,92.22,92.55,4126,3.81,2026-10-07
UNICHEMLAB,EQ,552.85,557.9,541.35,546.2,548.1,44644,245.81,2026-10-07
UNIDT,EQ,230.0,235.01,226.0,227.34,226.13,32104,73.53,2026-10-07
UNIECOM,EQ,82.0,83.24,81.72,82.61,81.84,138686,114.51,2026-10-07
UNIENTER,EQ,87.1,89.85,86.12,86.72,87.09,2646,2.31,2026-10-07
UNIINFO,EQ,11.02,11.5,10.53,11.45,11.0,8580,0.97,2026-10-07
UNIMECH,EQ,1892.5,1892.5,1840.1,1854.5,1873.1,143988,2687.35,2026-10-07
UNIONBANK,EQ,167.67,174.9,165.44,173.15,168.44,13484976,23158.33,2026-10-07
UNIONGOLD,EQ,143.75,144.0,143.15,143.5,143.35,2520,3.62,2026-10-07
UNIPARTS,EQ,825.0,832.1,806.2,812.3,824.7,59608,487.26,2026-10-07
UNITDSPR,EQ,1348.3,1355.4,1338.0,1344.0,1358.0,998614,13427.35,2026-10-07
UNITECH,EQ,3.98,4.21,3.95,4.1,4.0,5044354,207.58,2026-10-07
UNITEDPOLY,EQ,49.99,49.99,47.61,48.1,48.49,98385,47.66,2026-10-07
UNITEDTEA,EQ,415.95,418.0,401.6,408.85,415.95,4211,17.3,2026-10-07
UNIVCABLES,EQ,1667.0,1669.5,1597.7,1633.1,1649.2,99488,1621.2,2026-10-07
UNOMINDA,EQ,1115.7,1123.9,1100.0,1104.8,1120.0,277168,3072.47,2026-10-07
UPL,EQ,510.0,510.0,494.6,495.0,509.55,2175673,10865.55,2026-10-07
URBANCO,EQ,170.5,173.01,167.75,168.23,173.54,6144587,10425.08,2026-10-07
URJA,EQ,8.51,8.7,8.48,8.51,8.6,491846,42.07,2026-10-07
USHAMART,EQ,519.0,523.4,510.0,520.25,516.7,962383,4956.28,2026-10-07
USK,EQ,19.36,19.36,18.0,18.4,18.64,11444,2.1,2026-10-07
UTIAMC,EQ,889.0,901.0,879.05,892.3,888.2,71137,632.61,2026-10-07
UTKARSHBNK,EQ,14.3,14.43,13.85,13.98,13.52,21411872,2996.95,2026-10-07
UTLSOLAR,EQ,417.5,442.0,410.85,431.75,418.85,407571,1764.99,2026-10-07
UTTAMSUGAR,EQ,302.35,312.7,299.4,308.3,302.8,345726,1065.2,2026-10-07
V2RETAIL,EQ,171.34,171.97,157.35,163.95,172.19,3074441,5153.5,2026-10-07
VADILALIND,EQ,7309.5,7309.5,7198.0,7247.0,7309.5,2509,181.97,2026-10-07
VADILENT,EQ,9860.0,9910.0,9860.0,9910.0,9860.0,2,0.2,2026-10-07
VAIBHAVGBL,EQ,201.43,201.89,199.01,200.75,202.43,92278,184.94,2026-10-07
VAISHALI,EQ,8.4,8.4,7.76,8.1,8.17,181758,14.68,2026-10-07
VAKRANGEE,EQ,5.19,5.22,5.15,5.19,5.19,577018,29.87,2026-10-07
VAL30IETF,EQ,14.34,14.37,14.21,14.29,14.34,339782,48.48,2026-10-07
VALIANTORG,EQ,496.8,505.0,477.0,479.85,496.8,109561,536.77,2026-10-07
VALUE,EQ,15.24,15.24,15.09,15.14,15.25,22990,3.49,2026-10-07
VALUEAXIS,EQ,31.01,31.05,30.75,30.93,30.93,52045,16.06,2026-10-07
VAML,EQ,401.25,401.8,393.05,394.0,401.05,3370906,13375.14,2026-10-07
VARDHACRLC,EQ,44.0,44.49,43.35,43.72,43.63,29518,12.94,2026-10-07
VARDMNPOLY,EQ,5.31,5.6,5.24,5.4,5.44,164823,8.89,2026-10-07
VARMORA,EQ,132.84,137.3,130.35,136.31,132.84,1844068,2475.28,2026-10-07
VARROC,EQ,814.45,826.8,810.0,823.75,814.45,166445,1361.36,2026-10-07
VASCONEQ,EQ,32.12,32.51,32.05,32.33,32.31,206540,66.65,2026-10-07
VASWANI,EQ,43.66,44.24,43.2,43.8,43.41,13762,5.99,2026-10-07
VBL,EQ,438.0,444.05,435.0,440.75,439.3,3591044,15837.97,2026-10-07
VEDAVAAG,EQ,23.5,23.51,22.11,22.84,23.24,60838,13.81,2026-10-07
VEDL,EQ,264.5,265.2,258.8,261.4,265.6,10190251,26618.13,2026-10-07
VEDPOWER,EQ,32.39,32.63,31.87,32.42,32.53,7685828,2479.31,2026-10-07
VEEDOL,EQ,1390.0,1401.0,1361.0,1383.0,1392.4,6459,89.57,2026-10-07
VEEGALAND,EQ,149.95,153.0,141.1,143.63,148.64,2096377,3086.15,2026-10-07
VENKEYS,EQ,1687.9,1692.9,1649.8,1655.6,1694.8,40836,680.05,2026-10-07
VENTIVE,EQ,587.9,587.9,575.05,582.4,582.35,12530,72.89,2026-10-07
VENUSPIPES,EQ,2243.0,2269.8,2185.7,2238.5,2240.3,114368,2541.73,2026-10-07
VERTOZ,EQ,33.49,34.93,32.1,33.06,33.52,65720,22.26,2026-10-07
VESUVIUS,EQ,403.0,415.55,399.1,409.7,404.4,176659,723.04,2026-10-07
VETO,EQ,140.0,140.8,138.0,138.49,138.54,42720,59.3,2026-10-07
VGCL,EQ,47.58,49.98,47.58,49.98,47.6,5350,2.65,2026-10-07
VGL,EQ,64.98,65.86,62.51,62.92,63.76,23868,15.17,2026-10-07
VGUARD,EQ,304.9,305.3,301.2,302.15,306.3,223851,679.19,2026-10-07
VHL,EQ,3599.0,3611.0,3528.0,3598.8,3574.2,611,21.93,2026-10-07
VIDHIING,EQ,353.05,354.0,348.0,348.2,352.3,4118,14.41,2026-10-07
VIDYAWIRES,EQ,96.9,100.62,95.6,100.62,95.83,4647269,4618.9,2026-10-07
VIJAYA,EQ,1470.0,1490.6,1445.3,1462.4,1466.7,86569,1267.41,2026-10-07
VIJSOLX,EQ,614.05,617.65,614.05,615.85,620.0,43,0.26,2026-10-07
VIKASECO,EQ,1.02,1.03,1.01,1.02,1.02,1107129,11.33,2026-10-07
VIKASLIFE,EQ,1.19,1.21,1.19,1.19,1.2,1837662,22.02,2026-10-07
VIKRAMSOLR,EQ,151.5,151.89,148.51,148.94,151.5,1900464,2846.69,2026-10-07
VIKRAN,EQ,57.99,59.09,57.47,57.85,58.13,651511,379.16,2026-10-07
VIMTALABS,EQ,579.9,582.9,564.85,567.2,577.4,140574,803.37,2026-10-07
VINATIORGA,EQ,1191.0,1195.8,1138.5,1142.3,1179.5,71386,822.26,2026-10-07
VINCOFE,EQ,187.21,187.26,181.6,184.19,187.21,740150,1363.19,2026-10-07
VINDHYATEL,EQ,2822.5,2907.1,2779.0,2810.1,2829.7,74369,2114.13,2026-10-07
VINEETLAB,EQ,37.2,38.15,36.5,36.65,36.52,113429,41.7,2026-10-07
VINNY,EQ,0.91,0.92,0.88,0.89,0.9,283034,2.55,2026-10-07
VINYLINDIA,EQ,213.0,220.0,211.8,215.53,212.77,2527,5.44,2026-10-07
VIPCLOTHNG,EQ,20.2,20.78,19.97,20.02,20.3,24616,4.94,2026-10-07
VIPIND,EQ,287.9,287.9,279.95,281.1,288.1,110534,313.01,2026-10-07
VIRAT,EQ,347.7,382.45,338.05,382.45,347.7,11252,42.09,2026-10-07
VIRINCHI,EQ,13.33,14.4,12.73,12.97,13.16,67989,8.95,2026-10-07
VISACHROME,EQ,36.0,36.0,35.01,35.22,35.22,8536,3.03,2026-10-07
VISHAL,EQ,17.99,17.99,17.01,17.13,17.5,50885,8.83,2026-10-07
VISHNU,EQ,693.7,693.8,680.0,683.4,695.55,58238,399.58,2026-10-07
VISHWARAJ,EQ,5.72,5.82,5.46,5.51,5.72,363908,20.33,2026-10-07
VISL,EQ,30.5,30.71,29.22,29.44,30.75,35144526,10395.27,2026-10-07
VITAL,EQ,50.53,53.11,50.53,52.87,53.18,2966,1.5,2026-10-07
VIVIANA,EQ,827.65,844.0,800.0,817.85,824.2,36092,297.55,2026-10-07
VIVIDHA,EQ,0.51,0.52,0.5,0.5,0.51,268981,1.38,2026-10-07
VIVOBIOT,EQ,13.87,16.0,12.8,15.1,13.87,116917,16.38,2026-10-07
VIYASH,EQ,234.0,242.67,232.16,240.77,233.23,3081129,7377.13,2026-10-07
VLEGOV,EQ,9.7,9.7,9.25,9.37,9.37,46813,4.4,2026-10-07
VLSFINANCE,EQ,228.0,238.1,228.0,229.97,233.9,9462,21.81,2026-10-07
VMART,EQ,795.9,813.55,781.15,806.2,793.0,85019,680.2,2026-10-07
VMM,EQ,100.95,101.6,99.78,100.5,100.95,11200804,11285.17,2026-10-07
VMSTMT,EQ,45.75,46.44,45.32,45.76,46.58,16555,7.58,2026-10-07
VOEPL,EQ,510.0,534.85,503.55,526.9,511.15,108377,567.12,2026-10-07
VOGL,EQ,31.32,31.38,30.75,31.11,31.41,10673746,3316.2,2026-10-07
VOITHPAPR,EQ,1413.0,1444.9,1410.0,1410.8,1425.0,561,7.92,2026-10-07
VOLTAMP,EQ,10525.0,10639.0,10380.0,10512.0,10539.0,10933,1151.29,2026-10-07
VOLTAS,EQ,1071.9,1072.7,1052.3,1056.8,1067.9,316203,3356.5,2026-10-07
VPRPL,EQ,28.66,28.7,28.01,28.32,28.77,214064,60.81,2026-10-07
VRAJ,EQ,121.1,124.51,119.8,121.86,121.6,8639,10.51,2026-10-07
VRLLOG,EQ,284.95,287.65,283.5,285.1,284.95,135316,385.58,2026-10-07
VSSL,EQ,389.75,395.0,382.9,393.75,389.75,60271,234.75,2026-10-07
VSTIND,EQ,202.51,202.87,200.1,201.33,202.64,67992,136.8,2026-10-07
VSTL,EQ,108.56,108.56,106.25,106.84,108.56,21084,22.68,2026-10-07
VSTTILLERS,EQ,4392.9,4462.1,4342.5,4375.6,4426.3,5439,238.9,2026-10-07
VTL,EQ,549.4,551.45,533.7,536.4,549.4,192444,1037.02,2026-10-07
VTMLTD,EQ,35.98,36.28,33.55,34.11,35.92,174164,61.11,2026-10-07
WAAREEENER,EQ,2389.9,2426.0,2362.3,2401.0,2398.0,429460,10304.42,2026-10-07
WAAREEINDO,EQ,209.8,211.87,204.02,207.15,208.05,99686,207.55,2026-10-07
WAAREERTL,EQ,824.0,824.85,810.0,812.45,825.95,89013,725.63,2026-10-07
WABAG,EQ,2009.5,2053.6,1990.8,1998.3,2006.9,363620,7325.78,2026-10-07
WAKEFIT,EQ,136.1,136.76,133.7,134.42,135.98,406287,548.81,2026-10-07
WALCHANNAG,EQ,203.0,230.0,201.02,223.99,204.17,8077353,18074.4,2026-10-07
WANBURY,EQ,197.5,207.37,195.89,198.7,197.87,462234,931.44,2026-10-07
WATERBASE,EQ,44.8,46.0,44.11,45.07,44.8,25171,11.26,2026-10-07
WCIL,EQ,87.67,93.4,87.6,92.54,87.76,265462,242.55,2026-10-07
WEALTH,EQ,855.25,866.3,820.1,833.45,855.15,1099,9.19,2026-10-07
WEBELSOLAR,EQ,70.26,72.36,68.44,69.13,70.89,2402205,1685.53,2026-10-07
WEIZMANIND,EQ,73.0,73.84,71.0,73.52,70.39,3781,2.76,2026-10-07
WEL,EQ,76.0,76.2,74.82,74.96,74.62,212210,159.75,2026-10-07
WELCORP,EQ,2660.9,2720.0,2625.3,2704.6,2660.9,1200738,32209.82,2026-10-07
WELENT,EQ,716.15,749.2,713.5,740.75,718.3,323309,2396.53,2026-10-07
WELSPLSOL,EQ,52.0,52.4,50.64,51.31,51.99,572744,293.19,2026-10-07
WELSPUNLIV,EQ,237.86,245.5,232.43,235.86,237.86,5454238,12995.6,2026-10-07
WENDT,EQ,8070.5,8134.5,7953.5,7991.0,8097.5,4727,379.84,2026-10-07
WESTLIFE,EQ,595.05,603.95,581.3,586.4,594.6,86911,515.61,2026-10-07
WEWIN,EQ,52.85,52.85,50.75,52.85,51.92,3048,1.6,2026-10-07
WEWORK,EQ,657.65,683.25,657.65,673.15,664.9,134408,904.69,2026-10-07
WHBRADY,EQ,487.4,492.25,451.0,467.8,485.0,255,1.22,2026-10-07
WHEELS,EQ,2295.9,2315.8,2242.0,2283.9,2289.0,62357,1424.23,2026-10-07
WHIRLPOOL,EQ,865.8,865.8,840.1,845.5,867.8,242471,2074.08,2026-10-07
WILLAMAGOR,EQ,22.4,22.4,20.91,21.63,21.88,2518,0.54,2026-10-07
WINDLAS,EQ,1038.5,1042.2,1011.7,1022.0,1036.2,78586,805.6,2026-10-07
WINDMACHIN,EQ,296.5,305.0,291.05,303.05,294.85,131722,395.84,2026-10-07
WIPL,EQ,163.21,166.64,162.0,163.27,161.65,1223,2.0,2026-10-07
WIPRO,EQ,160.6,162.2,158.7,159.6,161.84,12404246,19855.2,2026-10-07
WOCKPHARMA,EQ,2175.0,2197.0,2130.4,2150.4,2176.4,463533,10006.35,2026-10-07
WONDERLA,EQ,513.45,524.0,509.35,519.6,509.7,102613,530.49,2026-10-07
WORTHPERI,EQ,136.55,147.3,136.55,143.26,141.09,41500,59.43,2026-10-07
WPIL,EQ,440.0,444.5,434.0,435.5,444.15,26484,116.25,2026-10-07
WSI,EQ,51.79,52.89,51.07,52.1,51.79,39915,20.73,2026-10-07
WSTCSTPAPR,EQ,758.0,765.65,728.0,732.3,753.05,210582,1576.14,2026-10-07
XCHANGING,EQ,62.25,62.25,60.55,61.04,61.86,38682,23.72,2026-10-07
XELPMOC,EQ,85.7,93.45,83.21,91.32,85.62,23701,21.09,2026-10-07
XPROINDIA,EQ,1143.8,1148.1,1121.0,1130.0,1136.1,20541,232.51,2026-10-07
XTGLOBAL,EQ,28.1,28.29,27.12,27.2,27.61,46806,12.94,2026-10-07
XTRANET,EQ,304.0,315.3,294.55,302.65,300.3,787101,2421.1,2026-10-07
YASHO,EQ,4339.6,4468.6,4294.9,4337.6,4282.8,60414,2643.29,2026-10-07
YATHARTH,EQ,1058.9,1068.4,1022.3,1032.7,1058.8,271988,2837.07,2026-10-07
YATRA,EQ,101.0,102.19,100.36,101.59,101.48,417216,422.85,2026-10-07
YESBANK,EQ,20.89,20.93,20.63,20.79,20.86,73908969,15347.6,2026-10-07
YOGI,EQ,161.0,162.0,161.0,161.86,161.0,345,0.56,2026-10-07
YUKEN,EQ,1251.0,1263.3,1213.3,1216.5,1238.6,14333,176.45,2026-10-07
ZAGGLE,EQ,172.28,175.02,170.26,172.22,171.88,1255445,2165.64,2026-10-07
ZEEL,EQ,72.5,72.69,69.83,70.12,72.42,16790305,11910.49,2026-10-07
ZEELEARN,EQ,6.4,6.45,6.19,6.29,6.37,281457,17.86,2026-10-07
ZEEMEDIA,EQ,7.27,7.27,7.15,7.21,7.22,668835,48.15,2026-10-07
ZENITHEXPO,EQ,188.0,188.0,186.63,186.63,187.56,20,0.04,2026-10-07
ZENITHSTL,EQ,5.32,5.32,5.11,5.28,5.25,10316,0.54,2026-10-07
ZENSARTECH,EQ,445.75,446.45,436.25,439.3,445.45,485832,2136.4,2026-10-07
ZENTEC,EQ,1608.0,1608.0,1572.0,1580.2,1614.3,157459,2503.54,2026-10-07
ZFCVINDIA,EQ,2190.1,2208.0,2134.1,2172.2,2187.4,62876,1360.96,2026-10-07
ZFSTEERING,EQ,715.0,718.55,685.5,691.7,710.25,2425,16.95,2026-10-07
ZIMLAB,EQ,140.0,152.5,136.47,146.61,138.57,846341,1244.87,2026-10-07
ZODIAC,EQ,211.0,221.19,205.05,214.34,212.65,8614,18.51,2026-10-07
ZODIACLOTH,EQ,66.97,68.97,66.7,67.71,66.67,518,0.35,2026-10-07
ZOTA,EQ,1278.0,1358.6,1251.6,1342.1,1278.6,166584,2196.55,2026-10-07
ZSARACOM,EQ,9950.0,10300.0,9950.0,10282.0,9961.0,12,1.22,2026-10-07
ZUARI,EQ,217.9,219.46,213.35,216.19,218.28,34045,73.67,2026-10-07
ZUARIIND,EQ,289.9,289.9,279.6,281.45,288.45,53991,152.78,2026-10-07
ZYDUSLIFE,EQ,1165.0,1167.4,1147.6,1153.0,1159.5,1143059,13217.16,2026-10-07
ZYDUSWELL,EQ,505.7,513.0,498.3,507.55,502.4,147985,747.62,2026-10-07
