SYMBOL,SERIES,OPEN_PRICE,HIGH_PRICE,LOW_PRICE,CLOSE_PRICE,PREV_CLOSE,TTL_TRD_QNTY,TURNOVER_LACS,DATE
20MICRONS,EQ,226.0,227.23,218.79,219.28,224.8,108144,238.71,2026-09-08
21STCENMGM,EQ,38.7,39.04,38.29,38.59,38.28,4103,1.6,2026-09-08
360ONE,EQ,1125.0,1128.2,1104.3,1110.0,1136.9,1123388,12487.15,2026-09-08
3BBLACKBIO,EQ,1563.0,1569.5,1428.1,1455.3,1521.3,26241,386.84,2026-09-08
3MINDIA,EQ,32840.0,33330.0,32620.0,33145.0,32840.0,2158,714.38,2026-09-08
3PLAND,EQ,32.15,32.5,31.8,32.4,32.15,3698,1.19,2026-09-08
5PAISA,EQ,337.0,342.0,335.0,337.4,339.85,16944,57.19,2026-09-08
63MOONS,EQ,881.4,899.4,860.2,868.25,872.7,536543,4702.11,2026-09-08
A2ZINFRA,EQ,15.56,16.0,15.5,15.8,15.76,117039,18.34,2026-09-08
AAATECH,EQ,92.07,93.42,91.65,92.64,92.07,6650,6.13,2026-09-08
AADHARHFC,EQ,477.15,482.95,468.2,479.65,478.95,279151,1327.24,2026-09-08
AAKASH,EQ,8.7,8.7,8.25,8.49,8.59,73817,6.23,2026-09-08
AAREYDRUGS,EQ,98.47,99.2,94.21,98.03,97.31,142520,138.85,2026-09-08
AARON,EQ,123.35,126.02,123.35,125.01,125.54,6054,7.54,2026-09-08
AARTIDRUGS,EQ,421.5,427.9,419.2,421.5,423.0,60740,257.24,2026-09-08
AARTIIND,EQ,490.7,504.75,486.5,503.7,490.7,766682,3821.36,2026-09-08
AARTIPHARM,EQ,866.9,889.7,861.55,867.0,862.65,453073,3958.0,2026-09-08
AARVI,EQ,143.02,143.96,140.67,142.16,143.36,16061,22.74,2026-09-08
AASTHA,EQ,76.51,78.71,75.22,76.85,77.36,387228,295.09,2026-09-08
AAVAS,EQ,1300.0,1314.8,1290.0,1293.5,1306.2,35998,469.01,2026-09-08
ABANSENT,EQ,28.39,28.39,27.21,27.77,28.39,2970,0.83,2026-09-08
ABB,EQ,7389.0,7472.0,7340.0,7387.0,7434.0,167057,12368.86,2026-09-08
ABBOTINDIA,EQ,25860.0,26065.0,25440.0,25555.0,25940.0,11086,2845.74,2026-09-08
ABCAPITAL,EQ,400.0,401.0,394.45,396.95,403.25,3482938,13847.13,2026-09-08
ABCOTS,EQ,214.7,214.7,203.1,207.99,212.01,7227,15.12,2026-09-08
ABDL,EQ,600.95,603.0,591.35,594.5,600.0,204726,1219.0,2026-09-08
ABFRL,EQ,53.07,53.07,51.63,52.24,53.21,2646472,1382.3,2026-09-08
ABGSEC,EQ,114.61,114.61,113.73,114.17,114.51,255,0.29,2026-09-08
ABLBL,EQ,85.29,85.56,84.05,84.52,85.55,303999,256.83,2026-09-08
ABMKNO,EQ,189.98,189.98,183.6,187.13,189.64,913,1.7,2026-09-08
ABREL,EQ,1379.8,1380.0,1358.1,1372.1,1377.8,53107,726.48,2026-09-08
ABSL10BANK,EQ,166.75,167.72,166.75,167.31,165.62,1397,2.34,2026-09-08
ABSLAMC,EQ,1040.0,1045.6,1024.1,1037.8,1041.9,65443,676.66,2026-09-08
ABSLBANETF,EQ,58.5,58.62,58.3,58.31,58.66,16937,9.89,2026-09-08
ABSLLIQUID,EQ,1000.0,1000.01,999.99,1000.0,1000.0,728,7.28,2026-09-08
ABSLMSCIN,EQ,29.37,29.55,29.03,29.34,29.23,370,0.11,2026-09-08
ABSLNN50ET,EQ,76.83,77.15,76.11,76.85,77.15,9982,7.67,2026-09-08
ABSLPSE,EQ,10.09,10.18,9.99,10.13,10.11,37126,3.76,2026-09-08
ACC,EQ,1267.9,1268.0,1255.7,1262.8,1268.7,116620,1471.03,2026-09-08
ACCELYA,EQ,1122.4,1133.0,1121.0,1124.4,1127.1,4962,55.92,2026-09-08
ACE,EQ,1122.2,1148.0,1105.0,1121.2,1113.2,238203,2671.63,2026-09-08
ACEINTEG,EQ,17.17,18.39,17.17,17.37,17.54,1771,0.31,2026-09-08
ACGL,EQ,1822.0,1822.0,1762.7,1780.5,1799.4,246,4.38,2026-09-08
ACI,EQ,512.0,512.0,483.65,484.7,509.35,688998,3387.73,2026-09-08
ACL,EQ,43.96,43.97,42.0,42.29,43.49,29632,12.62,2026-09-08
ACMESOLAR,EQ,413.15,417.65,404.45,412.6,413.15,1281765,5283.05,2026-09-08
ACUTAAS,EQ,3181.6,3235.5,3161.5,3182.1,3181.6,174805,5598.19,2026-09-08
ADANIENSOL,EQ,1390.4,1412.0,1370.0,1407.7,1390.4,1308434,18217.15,2026-09-08
ADANIENT,EQ,2933.0,2968.8,2918.0,2953.1,2950.0,971374,28640.27,2026-09-08
ADANIGREEN,EQ,1288.0,1301.3,1275.5,1292.0,1288.0,678024,8736.44,2026-09-08
ADANIPORTS,EQ,1694.0,1713.1,1685.2,1710.0,1694.3,1217135,20774.97,2026-09-08
ADANIPOWER,EQ,205.2,209.4,204.12,208.4,204.49,17837173,36965.11,2026-09-08
ADDIND,EQ,82.9,83.0,75.26,79.87,80.81,279,0.22,2026-09-08
ADFFOODS,EQ,267.0,274.35,261.85,273.7,266.15,228769,618.12,2026-09-08
ADL,EQ,74.85,75.0,72.55,74.69,72.57,176,0.13,2026-09-08
ADOR,EQ,1645.0,1650.0,1600.0,1626.2,1644.1,44887,727.89,2026-09-08
ADROITINFO,EQ,10.25,11.25,9.76,10.63,10.31,123641,13.01,2026-09-08
ADSL,EQ,101.55,102.0,99.75,101.23,101.46,91732,92.28,2026-09-08
ADVAIT,EQ,2111.9,2172.9,2084.7,2153.9,2096.4,66017,1411.83,2026-09-08
ADVANCE,EQ,118.14,118.14,114.58,115.53,116.43,79416,91.96,2026-09-08
ADVANIHOTR,EQ,49.8,49.8,49.0,49.14,49.12,27336,13.43,2026-09-08
ADVENTHTL,EQ,132.19,134.24,129.0,132.78,133.19,300842,396.34,2026-09-08
ADVENZYMES,EQ,297.75,301.75,296.3,298.85,297.85,180305,540.08,2026-09-08
ADVIKCA,EQ,1.1,1.1,1.06,1.07,1.1,819602,8.84,2026-09-08
AEGISLOG,EQ,1253.8,1273.9,1232.0,1268.1,1253.7,316136,3961.59,2026-09-08
AEGISVOPAK,EQ,285.0,291.8,284.0,290.65,285.35,584529,1684.8,2026-09-08
AEPL,EQ,18.1,18.5,17.08,18.11,18.02,46457,8.32,2026-09-08
AEQUS,EQ,233.86,239.75,229.7,231.9,233.86,2864307,6704.25,2026-09-08
AEROENTER,EQ,157.0,159.6,150.25,152.65,154.73,1601272,2479.64,2026-09-08
AEROFLEX,EQ,561.65,584.15,545.1,573.5,558.15,1971688,11191.01,2026-09-08
AERONEU,EQ,76.0,78.0,73.25,74.13,77.28,46937,35.68,2026-09-08
AEROPLANE,EQ,197.0,202.0,193.36,199.31,198.03,592688,1180.06,2026-09-08
AETHER,EQ,1622.0,1647.6,1592.6,1642.9,1619.5,130630,2118.46,2026-09-08
AFCONS,EQ,292.05,294.75,279.35,280.25,293.2,828684,2355.88,2026-09-08
AFFLE,EQ,1622.2,1647.7,1593.1,1609.4,1623.2,146367,2367.54,2026-09-08
AFFORDABLE,EQ,160.55,168.03,159.32,164.23,160.03,38881,63.9,2026-09-08
AFIL,EQ,9.15,9.28,9.02,9.07,9.14,338110,30.83,2026-09-08
AFSL,EQ,202.5,205.7,201.0,201.16,202.78,15736,31.7,2026-09-08
AGARIND,EQ,436.75,449.65,432.1,440.9,440.2,47875,209.07,2026-09-08
AGARWALEYE,EQ,518.25,523.8,512.8,519.7,518.25,424854,2212.57,2026-09-08
AGI,EQ,730.0,786.85,730.0,783.8,732.65,359947,2763.34,2026-09-08
AGIIL,EQ,276.55,276.55,270.05,271.65,277.15,297151,813.97,2026-09-08
AGL,EQ,13.57,16.23,13.55,16.02,13.58,54467549,8462.18,2026-09-08
AGRITECH,EQ,104.4,104.4,98.01,99.75,100.07,4390,4.41,2026-09-08
AGROPHOS,EQ,25.0,25.48,23.03,23.44,24.82,114226,27.03,2026-09-08
AHCL,EQ,15.54,15.69,15.41,15.61,15.48,1454613,226.24,2026-09-08
AHLADA,EQ,37.0,37.74,36.0,36.3,36.8,14208,5.23,2026-09-08
AHLEAST,EQ,137.01,138.51,134.25,135.38,135.82,10422,14.16,2026-09-08
AHLUCONT,EQ,595.0,609.0,592.1,607.15,597.05,45142,271.11,2026-09-08
AIAENG,EQ,4246.0,4283.4,4200.0,4259.0,4224.0,25860,1099.64,2026-09-08
AIIL,EQ,517.0,529.6,510.55,526.2,514.95,142504,742.7,2026-09-08
AIRAN,EQ,16.67,17.95,16.25,17.15,16.44,568993,97.56,2026-09-08
AIROLAM,EQ,88.8,90.5,86.0,88.67,86.22,11457,10.2,2026-09-08
AJANTPHARM,EQ,3513.4,3597.0,3483.3,3579.3,3513.6,112843,4008.84,2026-09-08
AJAXENGG,EQ,605.0,612.9,583.1,594.1,596.2,126111,753.34,2026-09-08
AJMERA,EQ,116.43,119.9,116.02,118.1,117.54,329876,386.38,2026-09-08
AJOONI,EQ,3.54,3.55,3.41,3.44,3.49,693541,24.07,2026-09-08
AKASH,EQ,25.69,25.69,25.0,25.09,25.69,6216,1.57,2026-09-08
AKCAPIT,EQ,1751.9,1775.0,1738.1,1772.2,1733.5,628,10.97,2026-09-08
AKG,EQ,9.39,9.95,9.38,9.83,9.38,13409,1.3,2026-09-08
AKI,EQ,8.21,8.34,7.15,7.15,7.94,3982236,299.84,2026-09-08
AKSHAR,EQ,0.43,0.44,0.42,0.42,0.42,1977218,8.47,2026-09-08
AKUMS,EQ,754.05,757.75,733.15,736.6,754.65,199035,1473.56,2026-09-08
ALANKIT,EQ,8.04,8.23,7.85,7.99,8.16,95801,7.67,2026-09-08
ALBERTDAVD,EQ,863.0,867.8,840.0,844.05,863.0,6478,55.08,2026-09-08
ALEMBICLTD,EQ,109.1,112.08,107.24,109.73,108.05,1417837,1560.16,2026-09-08
ALGOQUANT,EQ,63.89,64.4,63.5,63.7,63.89,926998,590.73,2026-09-08
ALICON,EQ,681.75,700.0,670.0,695.45,681.75,29919,205.9,2026-09-08
ALIVUS,EQ,1390.7,1399.8,1364.6,1372.0,1388.9,105792,1460.86,2026-09-08
ALKALI,EQ,86.99,93.95,85.0,87.34,78.66,516831,466.72,2026-09-08
ALKEM,EQ,5172.5,5206.5,5129.5,5181.0,5242.5,75997,3939.66,2026-09-08
ALKYLAMINE,EQ,1999.9,2015.0,1960.1,1970.7,1986.3,55726,1103.7,2026-09-08
ALLCARGO,EQ,12.67,13.24,12.6,13.02,12.67,25792094,3359.47,2026-09-08
ALLDIGI,EQ,810.3,813.6,801.55,804.9,810.3,4118,33.17,2026-09-08
ALLTIME,EQ,215.0,216.0,209.5,211.46,214.65,38728,82.31,2026-09-08
ALMONDZ,EQ,19.95,20.0,19.02,19.61,19.2,368472,71.98,2026-09-08
ALOKINDS,EQ,7.64,7.89,7.38,7.46,7.6,28757241,2187.03,2026-09-08
ALPA,EQ,62.0,65.0,61.7,63.17,62.17,28762,18.21,2026-09-08
ALPHA,EQ,53.98,54.23,53.42,54.14,53.97,719525,389.66,2026-09-08
ALPHAETF,EQ,26.5,26.8,26.5,26.71,26.57,826651,220.78,2026-09-08
ALPINETEX,EQ,63.17,64.75,62.0,62.6,63.17,266877,169.05,2026-09-08
ALPL30IETF,EQ,27.5,27.5,27.41,27.46,27.49,160858,44.15,2026-09-08
ALUFLUOR,EQ,502.5,506.0,498.0,503.75,499.15,5727,28.64,2026-09-08
AMAGI,EQ,568.15,578.85,564.5,576.15,575.15,161239,920.6,2026-09-08
AMAL,EQ,764.0,764.0,745.15,757.85,758.85,4498,33.98,2026-09-08
AMARJOTHI,EQ,161.0,162.9,161.0,161.05,160.0,574,0.93,2026-09-08
AMBER,EQ,7405.5,7430.5,7278.0,7308.0,7439.0,137462,10066.39,2026-09-08
AMBICAAGAR,EQ,27.0,27.2,25.01,25.44,26.83,42539,11.07,2026-09-08
AMBIKCO,EQ,1658.9,1658.9,1613.5,1631.9,1642.8,19513,318.46,2026-09-08
AMBUJACEM,EQ,398.0,400.95,395.15,398.3,398.6,986589,3922.04,2026-09-08
AMDIND,EQ,61.99,61.99,59.01,60.02,60.3,34539,20.84,2026-09-08
AMJLAND,EQ,39.7,39.71,37.3,39.05,39.08,19625,7.55,2026-09-08
AMNPLST,EQ,173.7,173.7,165.52,167.82,168.22,5113,8.64,2026-09-08
AMRUTANJAN,EQ,503.0,503.85,493.0,500.45,500.3,42167,210.0,2026-09-08
ANANDRATHI,EQ,2235.0,2235.0,2202.9,2229.5,2224.0,119591,2660.42,2026-09-08
ANANTRAJ,EQ,641.0,641.0,623.05,625.85,638.25,1005063,6341.48,2026-09-08
ANDHRAPAP,EQ,73.91,79.79,67.0,72.09,72.2,29596575,22015.95,2026-09-08
ANDHRSUGAR,EQ,99.99,100.99,97.01,98.79,99.4,505786,497.31,2026-09-08
ANDREWYU,EQ,27.35,27.79,26.8,27.18,27.35,60113,16.35,2026-09-08
ANGELONE,EQ,303.8,304.15,296.5,298.0,303.8,2591770,7754.07,2026-09-08
ANIKINDS,EQ,44.77,45.9,44.51,45.21,44.77,7198,3.26,2026-09-08
ANMOL,EQ,10.49,11.48,10.0,11.38,10.09,221539,23.72,2026-09-08
ANNAPURNA,EQ,143.8,143.86,138.59,139.9,143.8,41641,58.97,2026-09-08
ANSALBU,EQ,89.99,89.99,80.0,82.5,79.24,1815,1.51,2026-09-08
ANTELOPUS,EQ,987.5,1127.5,971.4,1099.15,985.3,9401224,102263.44,2026-09-08
ANTGRAPHIC,EQ,0.75,0.75,0.71,0.72,0.73,360294,2.59,2026-09-08
ANTHEM,EQ,939.2,959.9,920.0,957.8,933.5,898858,8499.47,2026-09-08
ANUHPHR,EQ,92.0,99.5,91.79,95.53,90.29,1749719,1679.51,2026-09-08
ANUP,EQ,1768.3,1775.9,1717.0,1725.6,1770.6,22344,388.82,2026-09-08
ANURAS,EQ,1243.9,1245.5,1222.5,1233.4,1233.6,137762,1697.64,2026-09-08
AONEGOLD,EQ,14.45,14.45,14.15,14.2,14.19,152998,21.81,2026-09-08
AONELIQUID,EQ,1075.94,1075.95,1075.92,1075.94,1075.79,29072,312.8,2026-09-08
AONENIFTY,EQ,9.58,9.96,9.58,9.79,9.83,396075,38.77,2026-09-08
AONESILVER,EQ,8.85,8.98,8.81,8.82,8.79,236317,20.97,2026-09-08
AONETMMQ50,EQ,10.36,10.4,10.3,10.35,10.31,70002,7.25,2026-09-08
AONETOTAL,EQ,11.99,11.99,11.8,11.81,11.84,195028,23.05,2026-09-08
APARINDS,EQ,17789.0,17812.0,17372.0,17635.0,17728.0,114178,19993.48,2026-09-08
APCL,EQ,100.0,101.96,100.0,100.32,99.93,5545,5.58,2026-09-08
APCOTEXIND,EQ,630.05,633.05,601.0,612.15,631.6,262125,1606.63,2026-09-08
APEX,EQ,366.5,387.95,366.05,384.2,368.2,296621,1128.06,2026-09-08
APLAPOLLO,EQ,2204.6,2204.8,2165.0,2185.0,2215.0,922548,20115.86,2026-09-08
APLLTD,EQ,802.0,810.95,792.6,808.5,799.55,200271,1606.23,2026-09-08
APOLLO,EQ,408.0,424.0,405.8,417.9,403.95,15479622,64591.56,2026-09-08
APOLLOHOSP,EQ,8761.5,8850.0,8745.0,8837.5,8760.0,324848,28620.01,2026-09-08
APOLLOPIPE,EQ,600.6,603.95,586.2,591.2,601.0,87773,521.73,2026-09-08
APOLLOTYRE,EQ,420.8,421.2,410.05,411.5,420.8,568041,2349.45,2026-09-08
APOLSINHOT,EQ,1204.9,1218.9,1201.4,1209.1,1204.9,372,4.5,2026-09-08
APOORVA,EQ,25.25,26.51,25.0,25.3,25.25,1205,0.3,2026-09-08
APTUS,EQ,256.0,257.86,252.1,256.96,256.89,511661,1309.35,2026-09-08
AQYLON,EQ,23.53,24.65,22.37,23.1,23.54,2178820,517.23,2026-09-08
ARCHIDPLY,EQ,104.66,105.25,102.0,103.77,103.62,24405,25.28,2026-09-08
ARCHIES,EQ,12.95,13.22,12.89,13.14,12.88,11407,1.5,2026-09-08
ARCL,EQ,222.2,239.8,222.2,224.92,233.87,905,2.03,2026-09-08
ARDEE,EQ,56.2,56.2,54.51,54.74,56.09,3009161,1654.89,2026-09-08
ARE&M,EQ,842.95,845.1,834.15,837.8,842.95,289450,2425.92,2026-09-08
ARENTERP,EQ,34.7,36.0,32.3,33.34,34.76,1192,0.4,2026-09-08
ARFIN,EQ,97.0,97.16,91.03,91.36,95.27,1199300,1114.15,2026-09-08
ARIHANT,EQ,932.55,959.3,910.4,919.55,961.25,922,8.51,2026-09-08
ARIHANTCAP,EQ,78.7,78.88,77.18,78.54,78.36,80820,63.06,2026-09-08
ARIHANTSUP,EQ,234.1,239.1,231.65,232.6,233.75,1802,4.22,2026-09-08
ARIS,EQ,134.52,134.52,126.0,127.22,126.32,3067027,3963.19,2026-09-08
ARKADE,EQ,124.0,125.99,122.5,123.09,124.82,94801,117.87,2026-09-08
ARMANFIN,EQ,2025.0,2050.1,2001.0,2037.5,2033.8,14516,293.35,2026-09-08
AROGRANITE,EQ,24.5,24.95,23.86,24.1,24.29,10845,2.63,2026-09-08
ARSSBL,EQ,513.05,515.55,508.4,513.65,516.3,101733,520.66,2026-09-08
ARTEMISMED,EQ,347.5,350.0,338.6,342.05,343.5,474334,1633.33,2026-09-08
ARTNIRMAN,EQ,40.41,41.1,40.41,40.41,40.21,6,0.0,2026-09-08
ARVEE,EQ,164.74,196.71,163.61,193.74,163.93,59140,111.03,2026-09-08
ARVIND,EQ,560.65,584.3,555.8,581.35,564.5,1015936,5836.17,2026-09-08
ARVINDFASN,EQ,441.3,443.05,430.0,440.35,439.2,107507,471.32,2026-09-08
ARVSMART,EQ,648.2,653.55,626.0,629.65,646.8,40077,254.55,2026-09-08
ARYAMAN,EQ,639.0,639.0,639.0,639.0,630.0,1,0.01,2026-09-08
ASAHIINDIA,EQ,954.95,963.9,950.0,955.6,954.65,89970,859.05,2026-09-08
ASAL,EQ,470.0,472.0,466.0,468.45,470.1,10901,51.18,2026-09-08
ASALCBR,EQ,708.0,710.2,689.95,696.15,707.8,38235,266.53,2026-09-08
ASHAPURMIN,EQ,535.9,559.95,535.9,549.35,538.15,373033,2053.37,2026-09-08
ASHIANA,EQ,350.4,350.85,345.0,346.3,349.75,18213,63.28,2026-09-08
ASHIMASYN,EQ,17.6,17.61,17.3,17.36,17.75,100643,17.59,2026-09-08
ASHOKA,EQ,115.46,115.6,113.56,114.27,115.5,633887,725.37,2026-09-08
ASHOKAMET,EQ,14.5,15.25,14.04,14.44,14.3,61968,8.92,2026-09-08
ASHOKLEY,EQ,170.0,170.17,167.75,169.0,170.0,7997004,13527.12,2026-09-08
ASIANENE,EQ,519.0,565.7,507.6,553.55,511.8,1715686,9410.51,2026-09-08
ASIANHOTNR,EQ,388.8,423.8,384.8,405.75,382.65,142759,577.2,2026-09-08
ASIANPAINT,EQ,2499.0,2499.0,2474.1,2481.6,2500.9,373248,9288.37,2026-09-08
ASIANTILES,EQ,49.45,50.5,49.41,50.04,49.85,2076110,1037.92,2026-09-08
ASIANTNE,EQ,9.89,9.89,9.37,9.69,9.5,1503,0.15,2026-09-08
ASKAUTOLTD,EQ,609.0,621.0,601.2,610.15,611.5,464451,2818.48,2026-09-08
ASPINWALL,EQ,255.05,256.95,253.8,254.15,260.65,416,1.06,2026-09-08
ASTAR,EQ,590.0,597.0,590.0,596.95,597.9,18,0.11,2026-09-08
ASTEC,EQ,551.2,662.8,551.2,662.8,552.35,1270916,8000.76,2026-09-08
ASTERDM,EQ,795.65,795.65,782.6,790.35,795.65,537709,4243.01,2026-09-08
ASTRAL,EQ,1498.2,1507.4,1485.0,1500.8,1498.2,613597,9177.81,2026-09-08
ASTRAMICRO,EQ,1748.0,1783.3,1708.3,1757.3,1711.6,793737,13852.7,2026-09-08
ASTRAZEN,EQ,6860.0,6924.0,6830.0,6875.5,6851.0,2698,185.41,2026-09-08
ATALREAL,EQ,26.01,26.07,21.2,21.2,26.5,10577296,2452.79,2026-09-08
ATAM,EQ,54.55,55.98,54.54,55.34,54.27,7609,4.21,2026-09-08
ATGL,EQ,604.4,612.0,602.0,609.4,603.7,458452,2778.97,2026-09-08
ATHERENERG,EQ,1607.3,1613.4,1568.0,1578.0,1599.3,2413864,38258.28,2026-09-08
ATL,EQ,25.45,26.44,24.85,25.82,25.03,362830,93.61,2026-09-08
ATLANTAA,EQ,37.8,39.02,36.92,38.3,37.66,71064,27.14,2026-09-08
ATLANTAELE,EQ,1940.1,1948.0,1882.3,1922.3,1938.1,151171,2886.21,2026-09-08
ATLASCYCLE,EQ,95.6,113.38,95.0,113.03,94.49,1077562,1183.48,2026-09-08
ATUL,EQ,6335.0,6356.5,6305.0,6314.5,6312.5,12993,821.63,2026-09-08
ATULAUTO,EQ,460.05,463.9,457.3,458.9,459.1,80477,370.32,2026-09-08
AUBANK,EQ,1055.7,1074.8,1051.4,1073.7,1053.0,1353347,14433.71,2026-09-08
AUGMONT,EQ,899.0,909.95,882.8,893.4,891.6,693093,6188.19,2026-09-08
AURIONPRO,EQ,673.0,684.3,667.75,672.1,668.7,115133,777.63,2026-09-08
AUROPHARMA,EQ,1660.5,1698.8,1655.0,1692.0,1660.0,1055813,17757.97,2026-09-08
AURUM,EQ,225.85,228.0,223.78,227.26,225.14,56616,128.12,2026-09-08
AURUS,EQ,4.94,4.94,4.73,4.78,4.94,24602,1.18,2026-09-08
AUSOMENT,EQ,161.0,161.0,152.56,155.86,156.21,6145,9.57,2026-09-08
AUSTENG,EQ,125.95,129.5,121.0,121.41,125.0,11816,14.47,2026-09-08
AUTOAXLES,EQ,1666.6,1685.0,1658.1,1664.4,1666.6,4754,79.32,2026-09-08
AUTOBEES,EQ,286.69,288.0,284.05,286.83,286.85,187168,534.57,2026-09-08
AUTOIETF,EQ,28.81,28.95,28.51,28.82,28.81,366585,105.15,2026-09-08
AUTOIND,EQ,85.0,87.78,84.21,87.03,84.73,227265,196.73,2026-09-08
AVADHSUGAR,EQ,839.7,844.5,825.0,836.25,839.7,59362,494.16,2026-09-08
AVALON,EQ,2350.0,2360.0,2280.8,2290.3,2352.5,355629,8247.0,2026-09-08
AVANCE,EQ,0.84,0.85,0.83,0.84,0.83,3518500,29.54,2026-09-08
AVANTEL,EQ,156.97,160.6,156.0,156.44,156.74,942769,1489.93,2026-09-08
AVANTIFEED,EQ,786.95,847.9,784.75,837.15,786.55,1080144,8955.61,2026-09-08
AVL,EQ,604.0,617.0,589.95,614.6,599.25,157929,956.12,2026-09-08
AVONMORE,EQ,14.35,14.35,14.0,14.06,14.1,152135,21.46,2026-09-08
AVROIND,EQ,8.4,8.88,8.19,8.58,8.5,820338,69.69,2026-09-08
AVTNPL,EQ,90.96,91.58,88.9,90.35,90.1,162418,146.25,2026-09-08
AWFIS,EQ,254.0,255.85,250.1,253.0,255.2,167070,423.13,2026-09-08
AWHCL,EQ,370.5,372.45,361.0,365.75,370.5,73249,268.98,2026-09-08
AWL,EQ,187.95,188.31,186.0,187.52,188.27,819467,1533.11,2026-09-08
AXISBANK,EQ,1262.8,1264.9,1239.5,1244.9,1266.0,3623260,45155.9,2026-09-08
AXISCADES,EQ,1778.0,1861.0,1778.0,1848.6,1778.0,309618,5668.33,2026-09-08
AXITA,EQ,8.03,8.04,7.97,7.99,8.0,573251,45.86,2026-09-08
AXTEL,EQ,390.0,411.85,388.0,408.85,391.65,2822,11.39,2026-09-08
AYE,EQ,185.37,188.83,183.51,184.78,184.06,556286,1034.11,2026-09-08
AYMSYNTEX,EQ,316.85,330.0,311.4,320.1,315.2,137382,445.0,2026-09-08
AZAD,EQ,2885.0,2885.8,2800.0,2822.1,2868.0,256205,7249.02,2026-09-08
AZADIND,EQ,90.25,91.0,89.0,89.86,89.88,43050,38.68,2026-09-08
BAGFILMS,EQ,4.81,4.88,4.64,4.7,4.81,121873,5.79,2026-09-08
BAIDFIN,EQ,11.05,12.95,11.02,12.05,10.89,1092523,132.4,2026-09-08
BAJAJ-AUTO,EQ,11727.0,11883.0,11716.0,11880.0,11800.0,192942,22787.96,2026-09-08
BAJAJCON,EQ,526.0,527.6,512.0,514.1,526.0,589132,3042.33,2026-09-08
BAJAJELEC,EQ,341.05,341.85,335.0,339.95,342.1,97393,329.82,2026-09-08
BAJAJFINSV,EQ,1938.6,1951.9,1933.0,1938.1,1938.6,707710,13730.59,2026-09-08
BAJAJHCARE,EQ,328.85,338.7,328.85,336.7,328.8,196328,656.67,2026-09-08
BAJAJHFL,EQ,83.51,84.2,82.58,84.01,84.04,3509185,2928.66,2026-09-08
BAJAJHIND,EQ,22.8,23.17,22.4,22.66,22.77,22885945,5198.33,2026-09-08
BAJAJHLDNG,EQ,11094.0,11124.0,10970.0,11046.0,10956.0,28503,3151.19,2026-09-08
BAJAJINDEF,EQ,225.6,226.89,220.02,220.95,222.26,7155,15.87,2026-09-08
BAJAJST,EQ,365.6,369.7,361.75,365.0,366.4,3242,11.83,2026-09-08
BAJEL,EQ,187.3,187.3,182.12,183.62,187.45,105390,193.47,2026-09-08
BAJFINANCE,EQ,1058.8,1059.6,1050.0,1054.1,1060.0,3608327,38051.05,2026-09-08
BALAJEE,EQ,26.49,26.49,25.11,25.46,25.73,31666,8.13,2026-09-08
BALAJITELE,EQ,92.82,95.0,91.9,93.42,91.81,310562,291.09,2026-09-08
BALAMINES,EQ,2575.0,2581.2,2452.0,2475.4,2566.8,202112,5041.54,2026-09-08
BALAXI,EQ,24.24,24.75,23.2,23.34,24.24,67891,16.24,2026-09-08
BALKRISHNA,EQ,17.4,17.4,16.8,17.03,16.9,27420,4.66,2026-09-08
BALKRISIND,EQ,2279.4,2305.5,2237.2,2258.0,2287.1,360643,8157.99,2026-09-08
BALMLAWRIE,EQ,177.98,177.98,175.71,176.38,177.98,143306,253.06,2026-09-08
BALPHARMA,EQ,93.78,97.6,93.0,95.38,92.69,126694,121.7,2026-09-08
BALRAMCHIN,EQ,712.05,742.0,702.8,711.45,711.55,3169872,22719.31,2026-09-08
BALUFORGE,EQ,552.3,557.7,540.1,541.65,557.6,787147,4299.75,2026-09-08
BANARBEADS,EQ,112.0,113.95,109.05,109.99,111.13,539,0.59,2026-09-08
BANARISUG,EQ,3824.6,3824.6,3720.1,3743.6,3832.3,1142,43.07,2026-09-08
BANCOINDIA,EQ,625.0,631.7,622.65,628.3,626.95,76891,482.32,2026-09-08
BANDHANBNK,EQ,165.95,172.4,163.3,171.58,164.7,20828794,35408.99,2026-09-08
BANG,EQ,34.11,34.65,33.45,33.52,34.61,11655,3.92,2026-09-08
BANK10ADD,EQ,16.85,16.9,16.65,16.69,16.91,45774,7.66,2026-09-08
BANK10BETF,EQ,20.69,20.69,20.49,20.52,20.76,715,0.15,2026-09-08
BANKA,EQ,82.0,83.5,78.52,79.1,82.0,2035,1.66,2026-09-08
BANKADD,EQ,58.67,58.67,58.14,58.41,58.71,6667,3.89,2026-09-08
BANKBARODA,EQ,236.8,237.7,234.54,236.6,237.0,7992697,18820.67,2026-09-08
BANKBEES,EQ,593.7,593.77,588.3,589.09,591.58,329432,1942.77,2026-09-08
BANKBETA,EQ,59.05,59.08,58.8,58.88,59.04,22057,13.0,2026-09-08
BANKBETF,EQ,58.1,58.13,57.68,57.87,58.19,9059,5.24,2026-09-08
BANKETF,EQ,582.09,582.09,578.45,579.02,581.69,11089,64.32,2026-09-08
BANKIETF,EQ,58.61,58.8,58.31,58.43,58.68,108948,63.69,2026-09-08
BANKINDIA,EQ,142.04,142.39,139.73,140.86,142.02,4588957,6463.29,2026-09-08
BANKNIFTY1,EQ,59.32,59.32,59.0,59.06,59.32,104424,61.75,2026-09-08
BANKPSU,EQ,84.94,85.14,84.6,84.89,84.91,13314,11.3,2026-09-08
BANSALWIRE,EQ,320.0,321.0,312.45,314.9,317.4,77638,244.74,2026-09-08
BANSWRAS,EQ,115.95,116.0,113.1,115.0,115.32,23714,27.19,2026-09-08
BASF,EQ,3785.2,3811.4,3744.2,3788.8,3788.0,25345,957.49,2026-09-08
BATAINDIA,EQ,669.0,670.4,659.9,663.85,669.45,107016,710.17,2026-09-08
BATLIBOI,EQ,89.59,89.6,86.42,87.63,88.83,41932,36.96,2026-09-08
BAYERCROP,EQ,3980.0,3997.8,3972.5,3984.9,3987.4,8994,358.51,2026-09-08
BBETF0432,EQ,1347.99,1349.89,1345.0,1345.75,1346.06,1247,16.8,2026-09-08
BBL,EQ,2250.2,2291.7,2219.9,2240.1,2239.1,33928,765.41,2026-09-08
BBNPNBETF,EQ,57.72,58.29,57.1,57.13,57.78,3715,2.13,2026-09-08
BBNPPGOLD,EQ,147.4,147.8,146.65,147.6,146.6,659,0.97,2026-09-08
BBOX,EQ,780.0,781.15,756.25,770.9,774.25,344888,2646.27,2026-09-08
BBTC,EQ,1476.2,1490.0,1469.0,1477.5,1471.9,36957,545.84,2026-09-08
BBTCL,EQ,229.55,235.0,225.55,229.89,231.6,4569,10.46,2026-09-08
BCG,EQ,9.7,11.18,9.67,10.57,9.62,67429127,7123.88,2026-09-08
BCLIND,EQ,36.48,36.88,35.77,36.0,36.48,353778,127.53,2026-09-08
BCONCEPTS,EQ,173.55,173.76,164.83,166.33,173.98,10620,17.9,2026-09-08
BCPL,EQ,70.56,74.0,68.06,71.04,68.39,72707,52.39,2026-09-08
BDL,EQ,1250.1,1262.0,1234.3,1242.5,1241.7,1571035,19594.75,2026-09-08
BEARDSELL,EQ,25.2,25.25,24.06,24.77,24.99,44012,10.8,2026-09-08
BECTORFOOD,EQ,230.69,232.65,227.93,230.35,230.65,650239,1498.75,2026-09-08
BEDMUTHA,EQ,108.0,111.99,107.79,108.0,107.76,2251,2.44,2026-09-08
BEEKAY,EQ,429.95,435.65,420.25,427.6,428.3,3407,14.52,2026-09-08
BEL,EQ,408.0,416.0,406.5,410.55,404.0,23225496,95830.23,2026-09-08
BELLACASA,EQ,243.0,243.0,239.4,241.18,240.87,4006,9.65,2026-09-08
BELRISE,EQ,230.41,230.95,225.0,227.17,230.29,5392903,12224.93,2026-09-08
BEML,EQ,2120.0,2205.0,2095.1,2105.6,2097.2,1462432,31554.93,2026-09-08
BENARAS,EQ,10120.0,10250.0,10120.0,10250.0,10134.0,57,5.81,2026-09-08
BENGALASM,EQ,6349.5,6350.0,6206.0,6222.0,6302.0,252,15.77,2026-09-08
BEPL,EQ,125.8,134.5,125.75,133.84,126.84,5773995,7631.4,2026-09-08
BERGEPAINT,EQ,484.5,485.65,476.15,479.45,484.5,224801,1078.76,2026-09-08
BESTAGRO,EQ,20.4,20.4,19.41,19.6,20.07,802902,158.24,2026-09-08
BETA,EQ,2115.0,2173.9,2115.0,2139.8,2123.9,13277,284.92,2026-09-08
BFINVEST,EQ,458.0,460.95,445.25,451.15,458.95,25262,114.52,2026-09-08
BFSI,EQ,26.29,27.04,26.29,26.78,26.97,94175,25.24,2026-09-08
BFUTILITIE,EQ,526.0,537.2,523.0,526.55,529.4,40778,215.74,2026-09-08
BHAGCHEM,EQ,259.4,261.6,258.35,259.05,260.75,67906,176.25,2026-09-08
BHAGYANGR,EQ,385.9,392.05,380.0,392.05,373.4,194589,760.37,2026-09-08
BHANDARI,EQ,3.0,3.04,2.97,3.01,2.98,113309,3.4,2026-09-08
BHARATCOAL,EQ,33.7,33.89,33.5,33.51,33.75,2353977,791.6,2026-09-08
BHARATFORG,EQ,1954.5,2027.5,1930.5,2003.7,1955.0,1947343,38834.23,2026-09-08
BHARATRAS,EQ,1166.1,1176.9,1152.0,1159.5,1161.0,8773,102.34,2026-09-08
BHARATSE,EQ,227.65,228.79,221.75,226.85,227.65,230364,519.91,2026-09-08
BHARATWIRE,EQ,179.2,179.59,175.0,176.19,180.0,68008,120.04,2026-09-08
BHARTIARTL,EQ,1846.2,1848.8,1829.0,1844.0,1854.0,4169706,76625.82,2026-09-08
BHARTIHEXA,EQ,1519.0,1558.0,1519.0,1549.3,1528.7,66216,1022.56,2026-09-08
BHEL,EQ,422.5,426.7,419.85,422.15,421.45,4160694,17615.67,2026-09-08
BIGBLOC,EQ,41.0,42.1,41.0,41.19,41.43,19372,8.0,2026-09-08
BIKAJI,EQ,579.0,590.2,577.4,583.7,580.25,95487,557.18,2026-09-08
BIL,EQ,947.0,947.0,907.0,936.85,931.15,14559,134.72,2026-09-08
BIMETAL,EQ,606.0,628.5,606.0,612.5,620.1,91,0.57,2026-09-08
BIOCON,EQ,392.15,399.9,390.9,392.3,391.4,2791301,11037.5,2026-09-08
BIOFILCHEM,EQ,32.7,32.7,31.5,31.52,32.04,12623,4.04,2026-09-08
BIRLACABLE,EQ,339.9,339.9,339.9,339.9,357.75,50176,170.55,2026-09-08
BIRLACORPN,EQ,868.15,882.0,853.0,854.3,868.15,58996,508.76,2026-09-08
BIRLAMONEY,EQ,125.8,125.93,124.25,124.85,125.96,23168,28.99,2026-09-08
BIRLANU,EQ,1444.0,1457.3,1425.0,1433.2,1448.9,6962,100.27,2026-09-08
BIRLAPREC,EQ,58.3,58.39,53.1,54.5,58.12,463466,254.35,2026-09-08
BLACKBUCK,EQ,583.6,583.6,572.0,573.4,583.6,216364,1245.43,2026-09-08
BLAL,EQ,160.79,163.07,159.49,161.92,158.98,33224,53.54,2026-09-08
BLBLIMITED,EQ,16.9,16.94,16.42,16.88,16.87,119368,19.79,2026-09-08
BLEL,EQ,477.75,485.0,448.0,451.05,478.3,2671760,12419.96,2026-09-08
BLIL,EQ,73.07,73.17,72.3,72.43,72.79,74366,53.98,2026-09-08
BLKASHYAP,EQ,57.05,57.29,55.92,56.8,56.85,295619,167.39,2026-09-08
BLS,EQ,238.5,240.13,236.05,237.7,239.17,495662,1179.31,2026-09-08
BLSE,EQ,321.95,324.7,315.1,322.05,319.45,434327,1389.14,2026-09-08
BLUECLOUDS,EQ,19.85,20.1,19.56,19.75,19.69,1221023,242.38,2026-09-08
BLUECOAST,EQ,22.66,22.66,21.5,22.1,22.44,2241,0.5,2026-09-08
BLUEDART,EQ,4988.8,4996.0,4921.0,4987.2,4988.8,6858,340.19,2026-09-08
BLUEJET,EQ,570.7,584.8,565.05,581.5,569.05,529236,3050.22,2026-09-08
BLUESTARCO,EQ,1490.0,1492.7,1442.1,1460.9,1496.0,1169742,17145.39,2026-09-08
BLUESTONE,EQ,872.0,884.8,850.1,868.7,870.0,627130,5434.24,2026-09-08
BLUSPRING,EQ,138.28,138.32,123.48,123.61,137.19,705528,897.63,2026-09-08
BMWVENTLTD,EQ,55.98,55.98,54.5,54.8,55.21,51941,28.51,2026-09-08
BNAGROCHEM,EQ,203.01,215.0,203.01,214.0,213.46,1621,3.44,2026-09-08
BNKETFAXIS,EQ,588.11,589.35,585.07,585.23,588.11,883,5.17,2026-09-08
BODALCHEM,EQ,185.0,186.0,174.34,184.05,171.18,5497858,9923.32,2026-09-08
BOHRAIND,EQ,12.76,13.01,12.76,13.0,12.51,17513,2.26,2026-09-08
BOMDYEING,EQ,112.0,116.89,111.05,114.27,112.21,1292100,1481.76,2026-09-08
BONLON,EQ,41.5,41.93,40.1,40.88,40.08,1232,0.5,2026-09-08
BORANA,EQ,335.0,335.0,315.0,319.95,325.25,22287,71.86,2026-09-08
BOROLTD,EQ,252.17,257.4,252.17,255.54,254.24,95659,243.72,2026-09-08
BORORENEW,EQ,510.0,513.9,501.2,503.35,513.65,342669,1733.44,2026-09-08
BOROSCI,EQ,130.65,132.5,127.0,129.63,130.65,41466,53.63,2026-09-08
BOSCH-HCIL,EQ,1854.0,1854.0,1786.5,1794.0,1849.1,52669,957.39,2026-09-08
BOSCHLTD,EQ,48200.0,48955.0,48100.0,48785.0,48025.0,33665,16383.47,2026-09-08
BPCL,EQ,311.1,314.25,301.4,303.85,312.9,4641011,14196.66,2026-09-08
BPL,EQ,49.6,50.0,48.62,48.65,48.77,25319,12.39,2026-09-08
BPLPHARMA,EQ,1575.0,1575.0,1548.0,1568.8,1548.7,939,14.73,2026-09-08
BRAHMINFRA,EQ,162.99,162.99,156.75,159.13,158.66,8497,13.54,2026-09-08
BRIGADE,EQ,675.8,689.95,669.0,687.0,679.05,319215,2172.78,2026-09-08
BRIGHOTEL,EQ,57.79,57.99,57.0,57.14,57.34,109899,62.89,2026-09-08
BRIGHTBR,EQ,255.9,265.0,250.05,259.25,259.1,357,0.93,2026-09-08
BRITANNIA,EQ,5036.0,5091.5,5012.0,5064.0,5042.5,280231,14176.99,2026-09-08
BRNL,EQ,17.38,17.38,17.0,17.12,17.09,17393,2.97,2026-09-08
BROOKS,EQ,69.7,69.75,61.52,63.3,67.7,64342,42.25,2026-09-08
BSE,EQ,3440.0,3442.2,3362.0,3394.0,3446.2,2850676,96817.43,2026-09-08
BSE500IETF,EQ,40.05,40.25,39.05,39.19,39.26,131875,51.64,2026-09-08
BSHSL,EQ,93.0,93.0,89.0,91.17,92.51,8027,7.37,2026-09-08
BSL,EQ,122.02,124.99,120.3,123.33,122.63,3612,4.41,2026-09-08
BSLGOLDETF,EQ,134.02,135.24,133.34,133.97,133.82,592588,793.83,2026-09-08
BSLNIFTY,EQ,28.62,28.62,27.76,27.88,27.93,630053,175.5,2026-09-08
BSLSENETFG,EQ,77.92,78.5,76.13,76.54,78.72,22029,16.86,2026-09-08
BSOFT,EQ,282.8,283.7,280.3,281.65,282.45,463798,1306.44,2026-09-08
BTML,EQ,8.37,8.49,7.48,8.02,8.49,2823219,223.16,2026-09-08
BUILDPRO,EQ,1281.6,1320.0,1221.7,1301.1,1271.4,139888,1770.35,2026-09-08
BURNPUR,EQ,19.47,19.47,19.47,19.47,20.49,58100,11.31,2026-09-08
BUTTERFLY,EQ,614.9,630.0,609.7,614.55,614.9,20105,124.21,2026-09-08
BVCL,EQ,42.2,43.79,41.9,42.68,42.3,55539,23.82,2026-09-08
CAMLINFINE,EQ,102.7,106.62,101.62,104.15,101.68,1119448,1170.54,2026-09-08
CAMPUS,EQ,217.5,219.02,216.2,216.81,218.77,248017,539.33,2026-09-08
CAMS,EQ,737.2,739.0,728.7,729.5,736.5,608207,4448.17,2026-09-08
CANBK,EQ,124.02,124.84,123.85,124.68,124.0,8644820,10749.43,2026-09-08
CANFINHOME,EQ,805.45,811.85,795.0,797.6,805.45,328192,2648.07,2026-09-08
CANHLIFE,EQ,152.0,154.71,148.61,154.16,153.97,988311,1503.11,2026-09-08
CANTABIL,EQ,238.6,239.28,235.35,236.87,238.83,59495,140.75,2026-09-08
CAPACITE,EQ,205.05,206.82,198.65,199.72,205.8,572086,1153.71,2026-09-08
CAPILLARY,EQ,475.7,485.1,457.1,460.55,473.8,547944,2573.07,2026-09-08
CAPITALSFB,EQ,281.95,281.95,275.0,277.0,277.9,23273,64.61,2026-09-08
CAPLIPOINT,EQ,2830.0,2850.4,2747.1,2770.1,2814.0,127691,3568.53,2026-09-08
CARBORUNIV,EQ,1095.1,1126.8,1087.4,1095.9,1104.0,94132,1040.95,2026-09-08
CARERATING,EQ,1740.0,1742.8,1705.0,1721.1,1729.3,27991,482.39,2026-09-08
CARRARO,EQ,540.4,548.0,535.55,538.85,540.45,56002,303.18,2026-09-08
CARTRADE,EQ,3186.0,3225.7,3110.0,3176.7,3179.9,308717,9790.24,2026-09-08
CARYSIL,EQ,1151.0,1194.0,1140.0,1155.0,1152.6,147684,1722.29,2026-09-08
CASHIETF,EQ,1078.61,1078.63,1078.61,1078.61,1078.48,66567,718.01,2026-09-08
CASTROLIND,EQ,189.01,190.45,188.3,189.46,189.01,1388206,2628.44,2026-09-08
CCAVENUE,EQ,16.0,16.1,15.29,15.36,15.94,10150351,1584.52,2026-09-08
CCCL,EQ,14.37,14.4,14.0,14.09,14.14,123596,17.51,2026-09-08
CCHHL,EQ,12.65,12.99,12.42,12.69,12.65,29869,3.81,2026-09-08
CCL,EQ,1097.0,1137.0,1086.5,1130.6,1097.4,160147,1793.25,2026-09-08
CDSL,EQ,1415.0,1417.0,1395.0,1400.0,1414.9,975781,13679.85,2026-09-08
CEATLTD,EQ,3321.0,3346.3,3304.0,3313.2,3336.1,33715,1119.09,2026-09-08
CEIGALL,EQ,371.35,381.7,371.35,374.85,370.3,891724,3363.89,2026-09-08
CEINSYS,EQ,710.0,716.45,696.1,702.2,708.75,48187,340.31,2026-09-08
CELEBRITY,EQ,6.6,6.84,6.6,6.74,6.72,36318,2.45,2026-09-08
CELLO,EQ,340.25,348.95,336.0,343.95,338.95,285798,976.56,2026-09-08
CEMNTGROWW,EQ,14.61,14.78,14.33,14.38,14.54,325637,47.03,2026-09-08
CEMPRO,EQ,1319.0,1323.8,1265.5,1285.1,1316.9,280343,3606.06,2026-09-08
CENTENKA,EQ,609.95,611.65,586.55,589.2,607.05,78032,463.99,2026-09-08
CENTEXT,EQ,20.94,21.56,20.6,21.39,20.92,124246,26.38,2026-09-08
CENTRALBK,EQ,30.96,31.04,30.78,30.96,30.96,3623098,1120.01,2026-09-08
CENTRUM,EQ,22.47,22.85,22.25,22.57,22.47,122608,27.58,2026-09-08
CENTUM,EQ,4375.0,4400.0,4250.0,4287.4,4376.9,92553,4008.79,2026-09-08
CENTURYPLY,EQ,745.0,749.5,738.0,744.1,739.3,22632,168.3,2026-09-08
CERA,EQ,5744.0,5788.0,5710.0,5761.5,5743.5,3298,189.84,2026-09-08
CESC,EQ,145.47,146.66,143.9,146.05,145.44,1580615,2297.03,2026-09-08
CEWATER,EQ,267.5,269.9,262.15,267.0,265.25,37639,100.31,2026-09-08
CFEL,EQ,31.56,32.75,31.5,32.21,32.48,6645,2.15,2026-09-08
CGCL,EQ,276.8,278.8,268.15,270.75,275.7,4044474,10975.98,2026-09-08
CGPOWER,EQ,894.9,915.0,892.0,910.7,895.0,2618950,23788.14,2026-09-08
CGVAK,EQ,147.27,152.99,144.0,146.54,147.27,3883,5.71,2026-09-08
CHALET,EQ,907.35,907.35,885.65,897.75,908.75,180696,1618.29,2026-09-08
CHAMBLFERT,EQ,416.85,420.3,415.0,418.65,418.05,398881,1667.68,2026-09-08
CHEMBOND,EQ,190.0,199.0,187.2,197.72,184.4,63405,122.88,2026-09-08
CHEMCRUX,EQ,81.35,85.2,81.35,83.52,82.25,3060,2.55,2026-09-08
CHEMFAB,EQ,364.45,364.45,350.15,354.9,356.05,2418,8.6,2026-09-08
CHEMICAL,EQ,30.15,30.21,30.05,30.13,30.05,218836,65.92,2026-09-08
CHEMPLASTS,EQ,184.0,187.32,178.25,180.76,185.53,811176,1481.3,2026-09-08
CHENNPETRO,EQ,1429.2,1475.0,1415.1,1457.8,1430.2,1138754,16590.2,2026-09-08
CHEVIOT,EQ,1225.0,1234.9,1208.0,1214.6,1217.1,2630,32.25,2026-09-08
CHOICEGOLD,EQ,153.32,153.32,150.0,151.01,150.14,2464,3.72,2026-09-08
CHOICEIN,EQ,755.9,757.95,750.1,753.45,755.65,306449,2311.87,2026-09-08
CHOLAFIN,EQ,1834.0,1834.0,1810.0,1823.4,1848.2,1040914,18967.12,2026-09-08
CHOLAHLDNG,EQ,1510.8,1533.3,1500.0,1526.2,1520.7,134033,2040.79,2026-09-08
CIEINDIA,EQ,386.0,386.35,382.5,383.4,383.55,126785,487.08,2026-09-08
CIFL,EQ,20.4,20.69,19.86,20.16,19.89,309086,62.73,2026-09-08
CINELINE,EQ,99.4,99.4,94.04,95.39,98.71,72166,69.25,2026-09-08
CINEVISTA,EQ,14.35,14.82,14.1,14.21,14.25,16065,2.29,2026-09-08
CIPLA,EQ,1393.4,1398.4,1377.2,1384.0,1395.0,728795,10073.2,2026-09-08
CLEAN,EQ,846.0,849.7,827.9,830.25,844.4,165910,1384.24,2026-09-08
CLEANMAX,EQ,1390.0,1403.7,1352.2,1399.2,1380.4,90317,1245.98,2026-09-08
CLEDUCATE,EQ,62.47,62.47,58.1,59.11,60.97,12338,7.35,2026-09-08
CLSEL,EQ,299.05,308.0,296.0,305.65,299.65,125406,381.08,2026-09-08
CMLL,EQ,490.25,496.0,481.0,484.35,490.25,273491,1330.07,2026-09-08
CMPDI,EQ,239.5,243.99,236.12,236.85,240.12,1033476,2473.74,2026-09-08
CMRGREEN,EQ,224.4,226.5,221.0,222.16,221.03,274736,615.09,2026-09-08
CMSINFO,EQ,239.9,241.0,236.0,236.58,239.02,427822,1014.38,2026-09-08
CNL,EQ,1209.5,1215.0,1131.0,1149.2,1209.5,64047,740.61,2026-09-08
COALINDIA,EQ,418.1,423.6,416.05,420.25,418.85,5273145,22144.13,2026-09-08
COASTCORP,EQ,40.99,41.37,40.0,40.69,40.44,64164,25.99,2026-09-08
COCHINSHIP,EQ,1506.0,1531.5,1505.0,1528.2,1506.4,875111,13320.74,2026-09-08
COCKERILL,EQ,8029.0,8409.0,8006.0,8325.5,8065.5,11751,970.14,2026-09-08
COFFEEDAY,EQ,31.0,34.24,30.7,34.24,31.13,2194138,730.75,2026-09-08
COFORGE,EQ,1935.0,1954.4,1914.1,1950.0,1935.0,1594561,30846.28,2026-09-08
COHANCE,EQ,451.8,460.5,448.1,451.6,449.55,1832601,8289.33,2026-09-08
COLPAL,EQ,1814.0,1841.3,1799.1,1819.9,1813.5,214109,3900.79,2026-09-08
COMFINTE,EQ,6.13,6.28,6.01,6.11,6.11,47608,2.93,2026-09-08
COMMOIETF,EQ,98.77,101.4,98.0,98.68,99.07,46454,45.86,2026-09-08
COMPEAU,EQ,353.0,370.0,345.0,369.0,353.0,1017,3.74,2026-09-08
COMPUSOFT,EQ,13.14,13.28,13.0,13.15,13.16,23897,3.14,2026-09-08
COMSYN,EQ,295.5,307.2,286.1,301.85,294.2,1546418,4582.46,2026-09-08
CONCOR,EQ,503.0,512.8,499.05,502.0,503.9,924971,4670.72,2026-09-08
CONCORDBIO,EQ,1443.2,1492.0,1437.8,1470.5,1443.2,201961,2957.28,2026-09-08
CONFIPET,EQ,82.88,85.0,82.0,82.49,82.18,3653848,3040.82,2026-09-08
CONS,EQ,11.9,11.98,11.81,11.88,11.93,28902,3.44,2026-09-08
CONSUMAXIS,EQ,119.07,119.67,116.0,119.07,119.07,2055,2.44,2026-09-08
CONSUMBEES,EQ,128.42,129.68,127.83,129.15,129.07,78677,101.43,2026-09-08
CONSUMER,EQ,11.97,11.99,11.89,11.98,11.95,353916,42.34,2026-09-08
CONSUMIETF,EQ,119.99,120.24,119.35,119.96,120.02,18938,22.69,2026-09-08
CONTROLPR,EQ,600.95,602.0,592.5,593.3,600.2,12773,76.27,2026-09-08
CORALFINAC,EQ,32.84,33.87,32.0,32.58,32.68,19540,6.37,2026-09-08
CORDELIA,EQ,110.0,110.49,104.25,106.72,109.08,2061326,2198.49,2026-09-08
CORDSCABLE,EQ,314.85,376.0,303.0,372.75,313.35,1937988,6911.16,2026-09-08
COROMANDEL,EQ,1979.0,1979.1,1940.5,1951.1,1974.6,61408,1198.07,2026-09-08
CORONA,EQ,2093.4,2107.5,2054.8,2093.2,2071.4,9813,204.33,2026-09-08
COSMOFIRST,EQ,935.4,935.4,905.0,909.15,926.3,40826,372.27,2026-09-08
CPCAP,EQ,140.0,142.0,136.1,137.36,135.89,88590,123.48,2026-09-08
CPEDU,EQ,198.5,198.5,189.2,191.35,195.31,1581,3.01,2026-09-08
CPL,EQ,62.35,67.8,62.35,66.78,62.28,201784,134.42,2026-09-08
CPPLUS,EQ,3762.5,3850.0,3690.0,3828.8,3752.9,169118,6435.29,2026-09-08
CPSEETF,EQ,94.24,94.4,93.34,94.23,93.47,1324882,1245.9,2026-09-08
CRAFTSMAN,EQ,11343.0,11542.0,11297.0,11406.0,11297.0,22659,2589.7,2026-09-08
CRAMC,EQ,246.85,247.2,238.0,242.25,249.25,1912939,4597.73,2026-09-08
CRAVATEX,EQ,337.95,339.9,315.0,317.35,322.05,1220,3.99,2026-09-08
CREATIVEYE,EQ,6.01,6.23,5.95,6.09,6.18,7155,0.43,2026-09-08
CREDITACC,EQ,1425.0,1429.9,1392.5,1417.1,1427.2,105678,1488.55,2026-09-08
CREST,EQ,366.0,368.0,356.5,362.35,370.65,7147,25.86,2026-09-08
CRISIL,EQ,4786.6,4819.9,4603.1,4754.5,4786.6,26735,1275.11,2026-09-08
CRIZAC,EQ,173.8,178.36,170.97,171.94,162.15,1555453,2732.03,2026-09-08
CROMPTON,EQ,230.8,234.4,227.56,231.9,231.02,3241817,7503.59,2026-09-08
CROWN,EQ,117.35,117.35,114.01,115.58,115.39,11590,13.43,2026-09-08
CSBBANK,EQ,323.0,323.0,311.15,312.85,321.15,635441,2002.35,2026-09-08
CSLFINANCE,EQ,245.64,248.46,240.5,241.85,243.61,37446,90.8,2026-09-08
CSM,EQ,95.0,95.24,93.0,94.13,93.57,51809,48.71,2026-09-08
CUB,EQ,238.6,239.17,232.16,232.97,238.48,1107925,2604.84,2026-09-08
CUBEXTUB,EQ,76.82,80.0,76.82,78.88,76.25,63102,49.7,2026-09-08
CUMMINSIND,EQ,5007.0,5040.0,4965.0,5040.0,5030.0,457631,22877.8,2026-09-08
CUPID,EQ,281.0,282.35,272.2,274.8,280.95,7752087,21444.24,2026-09-08
CURAA,EQ,84.0,84.0,76.0,78.0,77.96,671,0.52,2026-09-08
CYBERMEDIA,EQ,26.41,26.82,23.92,23.92,26.57,116773,28.56,2026-09-08
CYIENT,EQ,1100.0,1100.0,1078.0,1086.3,1105.4,261931,2852.36,2026-09-08
CYIENTDLM,EQ,867.3,1009.0,867.3,976.25,865.35,3128714,29432.83,2026-09-08
DABUR,EQ,375.25,377.95,373.75,375.0,375.5,2107745,7912.47,2026-09-08
DALBHARAT,EQ,1713.9,1739.2,1671.8,1700.5,1713.9,143709,2438.56,2026-09-08
DALMIASUG,EQ,448.05,457.2,439.0,450.35,447.8,113835,510.26,2026-09-08
DAMCAPITAL,EQ,142.67,147.2,142.67,145.29,143.38,353726,514.2,2026-09-08
DANGEE,EQ,2.9,2.96,2.77,2.88,2.89,27055,0.77,2026-09-08
DATAMATICS,EQ,752.0,760.85,733.85,739.0,756.3,113101,846.08,2026-09-08
DATAPATTNS,EQ,4617.1,4950.0,4617.1,4932.3,4590.8,2894206,140614.25,2026-09-08
DAVANGERE,EQ,2.03,2.03,1.92,1.93,1.96,31289677,611.91,2026-09-08
DBCORP,EQ,194.65,195.51,193.4,195.3,195.24,29713,57.89,2026-09-08
DBEIL,EQ,7.56,7.69,6.77,7.26,7.5,719710,52.39,2026-09-08
DBL,EQ,392.0,394.95,390.15,393.55,391.85,49330,193.65,2026-09-08
DBOL,EQ,126.8,127.5,125.01,126.12,127.52,83928,105.8,2026-09-08
DBREALTY,EQ,101.0,103.35,100.88,101.19,100.88,799147,813.14,2026-09-08
DCAL,EQ,172.0,174.89,170.51,173.98,171.53,138425,239.01,2026-09-08
DCBBANK,EQ,221.0,234.8,219.91,229.55,221.31,6352270,14658.86,2026-09-08
DCI,EQ,353.0,353.0,300.25,300.75,351.25,1111658,3428.27,2026-09-08
DCMFINSERV,EQ,5.31,5.32,5.06,5.11,5.33,11363,0.58,2026-09-08
DCMNVL,EQ,186.3,187.98,177.35,180.44,183.01,40184,74.05,2026-09-08
DCMSHRIRAM,EQ,1008.0,1015.9,1005.8,1008.2,1011.2,45553,459.81,2026-09-08
DCMSIL,EQ,68.0,71.98,67.89,69.09,67.42,61329,42.54,2026-09-08
DCMSRIND,EQ,44.99,45.09,43.11,43.78,44.53,167918,74.18,2026-09-08
DCW,EQ,47.99,49.25,46.85,47.65,47.99,2432635,1171.03,2026-09-08
DCXINDIA,EQ,173.95,178.15,173.17,174.09,173.67,482554,848.63,2026-09-08
DDEVPLSTIK,EQ,274.95,274.95,268.9,269.45,274.75,76809,207.98,2026-09-08
DECCANCE,EQ,570.85,578.15,564.0,567.75,573.15,11865,67.35,2026-09-08
DECNGOLD,EQ,215.77,224.5,214.0,223.22,215.77,1302537,2873.49,2026-09-08
DEEDEV,EQ,682.6,710.0,663.65,701.6,677.05,328658,2267.52,2026-09-08
DEEP,EQ,35.57,36.35,34.76,35.56,35.57,9972,3.55,2026-09-08
DEEPA,EQ,221.0,222.0,193.0,194.37,177.0,50931963,103691.91,2026-09-08
DEEPAKFERT,EQ,1349.9,1366.7,1341.0,1345.9,1344.2,238040,3212.01,2026-09-08
DEEPAKNTR,EQ,1642.0,1659.9,1620.1,1647.8,1642.1,310426,5107.79,2026-09-08
DEEPINDS,EQ,789.55,823.0,771.4,818.7,785.2,946974,7631.0,2026-09-08
DEFENCE,EQ,82.51,83.9,82.5,83.81,82.04,281076,234.92,2026-09-08
DELHIVERY,EQ,452.8,458.2,450.25,454.9,453.8,2214615,10075.06,2026-09-08
DELTACORP,EQ,56.2,56.36,55.2,55.44,56.2,536646,298.36,2026-09-08
DELTAMAGNT,EQ,56.72,58.98,56.72,58.44,58.38,2793,1.6,2026-09-08
DEN,EQ,27.9,27.99,26.55,27.18,27.9,336140,92.01,2026-09-08
DENORA,EQ,825.15,833.95,800.15,805.95,814.35,5325,43.42,2026-09-08
DENTA,EQ,282.6,282.75,276.15,279.65,280.65,79481,222.28,2026-09-08
DEVIT,EQ,24.39,24.39,23.9,23.99,24.27,36964,8.9,2026-09-08
DEVX,EQ,33.06,34.5,33.0,33.75,33.0,85260,28.76,2026-09-08
DEVYANI,EQ,138.67,139.79,135.8,137.99,138.8,868338,1194.23,2026-09-08
DGCONTENT,EQ,24.43,25.0,24.43,24.54,24.55,7305,1.81,2026-09-08
DHAMPURSUG,EQ,172.49,173.75,166.95,168.88,171.28,450077,763.47,2026-09-08
DHANBANK,EQ,31.36,31.42,30.95,31.11,31.36,342786,106.77,2026-09-08
DHANUKA,EQ,1028.0,1028.0,989.15,994.05,1023.7,37513,375.25,2026-09-08
DHARMAJ,EQ,270.0,271.05,265.55,269.75,270.05,42227,113.76,2026-09-08
DHATRE,EQ,4.98,4.98,4.32,4.69,4.57,77720,3.66,2026-09-08
DHOOTTRANS,EQ,1551.7,1608.5,1537.0,1597.6,1551.7,2321905,36808.68,2026-09-08
DHRUV,EQ,22.8,23.4,22.8,23.4,22.8,391,0.09,2026-09-08
DHUNINV,EQ,1041.65,1041.65,1008.75,1014.5,1036.5,301,3.07,2026-09-08
DIAMINESQ,EQ,240.0,247.49,240.0,245.07,242.29,7999,19.57,2026-09-08
DIAMONDYD,EQ,1148.7,1168.3,1125.0,1129.3,1142.2,30348,343.07,2026-09-08
DICIND,EQ,613.0,638.3,613.0,622.85,625.35,6121,38.14,2026-09-08
DIFFNKG,EQ,454.4,459.75,441.0,442.5,454.4,273122,1222.23,2026-09-08
DIGIDRIVE,EQ,17.84,18.3,17.52,17.73,17.73,29631,5.29,2026-09-08
DIGISPICE,EQ,16.97,17.1,16.71,16.91,16.97,42404,7.15,2026-09-08
DIGITIDE,EQ,96.06,96.06,92.49,93.42,95.77,293637,275.32,2026-09-08
DIGJAMLMTD,EQ,51.19,54.0,51.19,51.78,49.94,20727,10.92,2026-09-08
DISAQ,EQ,11899.0,11994.0,11800.0,11926.0,11758.0,492,58.43,2026-09-08
DISHTV,EQ,2.53,2.57,2.49,2.54,2.52,1298327,32.94,2026-09-08
DIVGIITTS,EQ,1175.9,1213.0,1152.3,1189.3,1175.9,105696,1248.85,2026-09-08
DIVIDEND,EQ,35.17,35.37,35.14,35.24,35.32,3316,1.17,2026-09-08
DIVISLAB,EQ,9375.5,9588.0,9253.0,9575.0,9315.0,838906,79475.76,2026-09-08
DIVOPPBEES,EQ,76.36,76.36,75.61,75.74,76.06,60917,46.17,2026-09-08
DIXON,EQ,14128.0,14229.0,14052.0,14100.0,14180.0,129101,18261.36,2026-09-08
DJML,EQ,74.48,77.0,72.68,76.08,75.07,156457,118.06,2026-09-08
DLF,EQ,672.4,676.4,665.0,675.1,672.7,2425538,16328.59,2026-09-08
DLINKINDIA,EQ,449.95,449.95,440.05,443.0,445.7,31082,137.7,2026-09-08
DMART,EQ,3697.1,3743.0,3680.5,3720.2,3710.0,500898,18549.54,2026-09-08
DMCC,EQ,295.75,295.75,289.25,290.4,293.3,36462,106.4,2026-09-08
DNAMEDIA,EQ,2.62,2.79,2.53,2.61,2.63,19650,0.52,2026-09-08
DODLA,EQ,1082.1,1087.9,1070.0,1081.7,1073.1,27293,293.88,2026-09-08
DOLATALGO,EQ,69.96,70.95,68.9,70.7,69.96,128937,90.03,2026-09-08
DOLLAR,EQ,262.05,265.95,260.0,264.75,262.05,70109,184.5,2026-09-08
DOLPHIN,EQ,726.95,731.0,680.35,687.75,720.4,73643,520.48,2026-09-08
DOMS,EQ,2194.0,2215.3,2170.0,2191.4,2201.5,38304,839.04,2026-09-08
DONEAR,EQ,88.7,91.49,86.16,86.79,89.13,60206,52.36,2026-09-08
DPABHUSHAN,EQ,1424.8,1437.9,1400.2,1411.6,1424.7,10491,148.39,2026-09-08
DRAGARWQ,EQ,5320.0,5351.0,5236.0,5267.5,5323.5,898,47.5,2026-09-08
DRCSYSTEMS,EQ,13.55,13.55,12.86,12.9,13.25,67911,8.89,2026-09-08
DREAMFOLKS,EQ,65.12,66.35,64.96,65.14,65.94,44900,29.36,2026-09-08
DREDGECORP,EQ,1054.2,1068.0,1037.5,1049.1,1054.2,90354,949.91,2026-09-08
DRREDDY,EQ,1146.5,1154.5,1144.0,1151.0,1144.2,587270,6751.3,2026-09-08
DSSL,EQ,1041.3,1082.0,1024.6,1061.7,1040.4,28453,301.88,2026-09-08
DUCON,EQ,1.79,1.98,1.78,1.8,1.79,2913978,54.79,2026-09-08
DVL,EQ,300.1,300.1,290.55,292.05,298.2,14117,41.56,2026-09-08
DWARKESH,EQ,47.5,48.55,46.61,47.96,47.38,2299108,1094.21,2026-09-08
DYCL,EQ,462.95,475.0,452.35,460.6,461.05,1016331,4736.25,2026-09-08
DYNAMATECH,EQ,11520.0,11689.0,11450.0,11584.0,11569.0,10021,1158.01,2026-09-08
DYNPRO,EQ,230.3,238.45,230.0,233.28,233.2,15809,36.78,2026-09-08
EASEMYTRIP,EQ,5.98,6.08,5.88,5.94,6.01,28001359,1665.52,2026-09-08
EASTWEST,EQ,2.31,2.4,2.28,2.36,2.36,43991,1.02,2026-09-08
EBANK10,EQ,16.72,16.72,16.5,16.54,16.65,2754,0.46,2026-09-08
EBANKNIFTY,EQ,57.62,57.67,57.23,57.48,57.78,177,0.1,2026-09-08
EBBETF0430,EQ,1614.88,1618.84,1610.0,1613.61,1612.3,12172,196.72,2026-09-08
EBBETF0431,EQ,1439.51,1440.99,1432.02,1435.18,1435.08,4062,58.33,2026-09-08
EBBETF0433,EQ,1312.56,1312.97,1305.0,1306.94,1310.01,19196,250.92,2026-09-08
EBGNG,EQ,626.0,675.0,617.0,665.15,619.1,1683816,10995.96,2026-09-08
ECAPINSURE,EQ,24.01,24.01,23.65,23.73,23.9,23253,5.51,2026-09-08
ECLERX,EQ,1907.8,1959.0,1888.0,1945.1,1888.8,168424,3253.24,2026-09-08
ECORECO,EQ,451.05,464.65,446.05,450.4,456.0,10266,46.39,2026-09-08
ECOSMOBLTY,EQ,112.68,113.5,111.5,111.87,111.75,40799,45.77,2026-09-08
EDELWEISS,EQ,134.0,139.8,127.48,138.8,132.72,23439200,31670.57,2026-09-08
EFCIL,EQ,193.0,193.0,185.82,186.53,191.74,188815,355.13,2026-09-08
EGOLD,EQ,154.4,154.4,151.3,152.25,151.95,41468,63.21,2026-09-08
EICHERMOT,EQ,7700.0,7747.5,7655.0,7747.5,7672.0,461637,35595.28,2026-09-08
EIDPARRY,EQ,778.1,785.1,760.0,763.7,777.7,251904,1938.5,2026-09-08
EIEL,EQ,198.03,200.0,195.68,196.2,198.33,1029574,2036.49,2026-09-08
EIHAHOTELS,EQ,296.45,299.9,293.0,295.7,296.45,11850,35.13,2026-09-08
EIHOTEL,EQ,291.9,307.5,291.45,295.75,294.0,1038216,3078.69,2026-09-08
EIMCOELECO,EQ,2278.5,2305.0,2250.0,2258.2,2268.0,16406,372.37,2026-09-08
EKC,EQ,104.6,104.6,102.3,103.14,104.7,162005,167.5,2026-09-08
EKI,EQ,74.0,74.0,70.45,70.81,71.37,11471,8.18,2026-09-08
ELANTAS,EQ,13250.0,13999.0,13187.0,13891.0,13054.0,9941,1349.84,2026-09-08
ELCIDIN,EQ,108915.0,108915.0,106500.0,106500.0,108950.0,2,2.15,2026-09-08
ELDEHSG,EQ,777.05,797.0,777.05,795.7,788.85,158,1.24,2026-09-08
ELECON,EQ,426.9,428.0,420.0,421.15,426.7,163985,693.11,2026-09-08
ELECTCAST,EQ,80.35,81.5,79.32,79.9,80.51,1318866,1058.47,2026-09-08
ELECTHERM,EQ,966.4,981.3,961.2,964.6,966.4,6936,67.35,2026-09-08
ELGIEQUIP,EQ,644.9,645.5,635.1,638.2,642.4,286900,1833.94,2026-09-08
ELGIRUBCO,EQ,57.68,59.85,57.0,59.12,57.68,45091,26.16,2026-09-08
ELIN,EQ,97.6,100.0,95.38,98.42,96.14,349113,343.72,2026-09-08
ELIQUID,EQ,1046.84,1046.84,1046.82,1046.84,1046.71,60179,629.97,2026-09-08
ELITECON,EQ,7.84,7.84,7.84,7.84,8.25,1895127,148.58,2026-09-08
ELLEN,EQ,322.95,329.05,316.65,322.8,321.7,868357,2787.71,2026-09-08
ELM250,EQ,16.74,16.76,16.27,16.47,16.41,107056,17.67,2026-09-08
ELMDIV,EQ,36.24,36.24,36.04,36.13,36.26,7,0.0,2026-09-08
ELPROINTL,EQ,177.95,177.95,174.01,174.17,175.05,4832,8.46,2026-09-08
EMAMILTD,EQ,367.4,372.5,362.2,363.65,367.55,860617,3158.06,2026-09-08
EMAMIREAL,EQ,67.62,67.7,65.7,66.18,67.62,12331,8.18,2026-09-08
EMBDL,EQ,59.23,59.23,57.57,58.12,59.1,1639752,953.93,2026-09-08
EMCURE,EQ,1944.0,1955.0,1916.0,1925.8,1926.8,93609,1808.07,2026-09-08
EMETAL,EQ,13.23,13.29,13.13,13.2,13.17,6040,0.8,2026-09-08
EMIL,EQ,179.75,189.8,175.65,186.02,178.24,6303918,11667.66,2026-09-08
EMKAY,EQ,265.0,265.15,260.0,260.7,265.15,19955,52.19,2026-09-08
EMMVEE,EQ,325.65,332.75,323.25,331.25,325.2,1236466,4064.74,2026-09-08
EMPIND,EQ,1204.9,1204.9,1169.2,1176.8,1192.1,17717,209.78,2026-09-08
EMPOWER,EQ,2.01,2.02,2.0,2.01,1.93,19565972,394.88,2026-09-08
EMSLIMITED,EQ,385.0,385.0,376.0,378.4,385.55,164742,624.42,2026-09-08
EMUDHRA,EQ,505.0,517.15,493.8,509.1,502.45,173359,876.09,2026-09-08
EMULTIMQ,EQ,41.79,42.14,41.72,42.09,42.0,12316,5.18,2026-09-08
ENDURANCE,EQ,2770.0,2784.3,2702.0,2735.3,2763.2,81560,2229.71,2026-09-08
ENERGY,EQ,38.22,38.5,38.17,38.45,38.15,383910,147.39,2026-09-08
ENERGYAXIS,EQ,19.03,19.8,19.03,19.18,19.03,20874,3.98,2026-09-08
ENERGYDEV,EQ,15.43,15.65,15.25,15.33,15.43,15162,2.33,2026-09-08
ENEXT50,EQ,72.27,72.86,72.27,72.85,72.63,254,0.18,2026-09-08
ENGINERSIN,EQ,277.6,281.95,271.45,279.2,277.05,2925037,8115.05,2026-09-08
ENIFTY,EQ,23.4,23.95,23.4,23.89,24.01,1719,0.41,2026-09-08
ENIL,EQ,101.4,103.19,99.57,100.21,101.34,73276,74.02,2026-09-08
ENKEIWHEL,EQ,395.0,410.0,390.0,396.6,395.15,4351,17.37,2026-09-08
ENRIN,EQ,3109.0,3249.8,3086.0,3200.1,3121.9,824146,26269.06,2026-09-08
ENTERO,EQ,1895.1,1920.0,1841.2,1851.8,1898.4,114511,2142.72,2026-09-08
EPACK,EQ,186.31,190.24,186.0,187.38,186.33,327225,616.13,2026-09-08
EPACKPEB,EQ,233.0,238.8,231.01,234.0,230.44,560975,1319.63,2026-09-08
EPIGRAL,EQ,1215.0,1215.0,1172.4,1189.8,1179.8,30444,361.57,2026-09-08
EPL,EQ,248.1,252.6,245.95,248.1,248.95,3071783,7628.59,2026-09-08
EQUAL200,EQ,14.06,14.06,13.69,13.74,13.72,23344,3.21,2026-09-08
EQUAL50,EQ,327.1,327.47,326.46,327.03,327.67,3692,12.07,2026-09-08
EQUAL50ADD,EQ,345.41,345.41,336.95,337.41,338.64,39565,133.5,2026-09-08
EQUITASBNK,EQ,73.2,73.22,72.3,72.54,73.35,1142583,829.36,2026-09-08
ERIS,EQ,1322.9,1333.8,1315.1,1324.7,1324.3,28743,380.63,2026-09-08
ESABINDIA,EQ,6109.0,6117.5,6010.0,6067.0,6092.0,4719,285.63,2026-09-08
ESCORTS,EQ,2980.3,3029.3,2962.2,3013.2,2957.4,65334,1962.72,2026-09-08
ESDS,EQ,1189.0,1308.05,1140.6,1308.05,1090.05,12761472,157842.17,2026-09-08
ESENSEX,EQ,76.77,76.77,76.3,76.46,76.77,204,0.16,2026-09-08
ESG,EQ,41.66,41.66,40.53,40.54,40.84,34414,13.96,2026-09-08
ESILVER,EQ,230.04,233.59,229.69,230.45,230.04,52737,121.85,2026-09-08
ESSARSHPNG,EQ,16.5,16.86,15.9,16.05,16.41,303769,49.46,2026-09-08
ESSENTIA,EQ,1.1,1.15,1.05,1.05,1.1,8096583,87.52,2026-09-08
ESTER,EQ,91.5,92.39,91.02,91.43,91.54,49070,44.9,2026-09-08
ETERNAL,EQ,320.8,324.3,320.5,321.6,320.8,10662039,34351.96,2026-09-08
ETHOSLTD,EQ,2779.0,2800.0,2736.7,2761.5,2746.6,17259,477.16,2026-09-08
EUREKAFORB,EQ,407.9,412.05,404.55,408.55,406.2,101526,415.29,2026-09-08
EUROBOND,EQ,154.8,155.79,148.25,154.63,150.78,2142,3.29,2026-09-08
EUROPRATIK,EQ,257.0,259.6,254.55,256.95,257.0,162490,418.2,2026-09-08
EVEREADY,EQ,329.9,351.55,324.4,348.85,327.15,421499,1448.84,2026-09-08
EVIETF,EQ,32.27,34.18,32.0,32.48,32.27,211175,68.27,2026-09-08
EVINDIA,EQ,32.64,32.64,32.15,32.4,32.38,176645,57.07,2026-09-08
EXCELINDUS,EQ,1004.0,1004.0,984.1,993.0,1002.6,8141,81.11,2026-09-08
EXCELSOFT,EQ,69.8,69.9,68.5,69.06,68.26,244261,168.73,2026-09-08
EXICOM,EQ,184.75,189.17,180.12,181.65,184.33,2500549,4628.88,2026-09-08
EXIDEIND,EQ,424.95,427.2,415.55,418.15,425.75,1399882,5873.55,2026-09-08
EXPLEOSOL,EQ,899.95,903.9,881.7,887.95,899.55,20997,186.66,2026-09-08
EXXARO,EQ,6.41,6.6,6.41,6.51,6.59,254975,16.63,2026-09-08
FABTECH,EQ,148.2,149.39,146.5,146.91,148.47,57323,84.68,2026-09-08
FACT,EQ,795.0,823.3,786.65,791.2,793.3,402032,3221.6,2026-09-08
FAZE3Q,EQ,500.0,500.0,494.0,497.3,500.9,7008,34.85,2026-09-08
FCL,EQ,58.84,59.5,56.7,58.44,56.66,51043359,29784.72,2026-09-08
FCSSOFT,EQ,1.46,1.46,1.41,1.42,1.43,1283392,18.41,2026-09-08
FDC,EQ,343.0,347.5,341.95,345.95,342.15,62726,216.33,2026-09-08
FEDDERSHOL,EQ,48.3,48.89,47.99,48.0,48.03,3577049,1722.35,2026-09-08
FEDERALBNK,EQ,343.05,345.9,341.45,344.15,342.0,3571930,12289.78,2026-09-08
FEDFINA,EQ,167.0,167.89,161.51,162.3,165.45,676777,1105.13,2026-09-08
FERMENTA,EQ,490.0,495.45,472.2,480.7,496.5,124807,600.58,2026-09-08
FIBERWEB,EQ,26.42,26.42,25.73,26.03,26.42,5777,1.5,2026-09-08
FIEMIND,EQ,2068.8,2074.0,2035.0,2038.2,2068.8,36919,753.84,2026-09-08
FILATEX,EQ,76.59,77.24,74.86,76.44,76.59,704694,536.49,2026-09-08
FILATFASH,EQ,0.18,0.19,0.18,0.18,0.18,9975185,18.22,2026-09-08
FINCABLES,EQ,1235.1,1311.8,1230.2,1302.3,1227.0,1806357,23282.34,2026-09-08
FINEORG,EQ,5120.0,5207.0,5082.0,5196.0,5125.0,11446,588.97,2026-09-08
FINIETF,EQ,32.73,32.73,32.44,32.56,32.71,252671,82.31,2026-09-08
FINKURVE,EQ,72.05,72.05,66.1,69.09,71.45,130557,89.83,2026-09-08
FINOPB,EQ,137.71,142.37,137.5,139.97,138.9,223021,313.45,2026-09-08
FINPIPE,EQ,157.0,159.17,156.71,157.86,157.16,256537,404.61,2026-09-08
FIRSTCRY,EQ,178.0,178.03,174.6,176.24,177.03,570947,1003.02,2026-09-08
FISCHER,EQ,35.71,36.29,35.4,35.56,35.72,300427,107.13,2026-09-08
FIVESTAR,EQ,524.05,528.75,518.5,524.15,526.2,145895,763.96,2026-09-08
FLAIR,EQ,240.2,250.0,234.95,236.96,240.22,634998,1532.17,2026-09-08
FLEXIADD,EQ,10.18,10.18,9.93,9.97,9.98,45204,4.5,2026-09-08
FLUOROCHEM,EQ,4539.0,4684.9,4486.0,4676.6,4530.5,136156,6265.41,2026-09-08
FMCGADD,EQ,45.91,46.24,45.7,46.07,45.93,34188,15.76,2026-09-08
FMCGIETF,EQ,49.32,49.5,48.92,49.31,49.17,2380827,1174.07,2026-09-08
FMGOETZE,EQ,482.1,482.1,466.75,469.25,482.05,572679,2713.32,2026-09-08
FMNL,EQ,9.43,9.79,9.41,9.52,9.77,50081,4.77,2026-09-08
FOODSIN,EQ,56.8,57.99,55.25,56.08,57.4,32938,18.67,2026-09-08
FORCEMOT,EQ,17750.0,17865.0,17590.0,17625.0,17829.0,47183,8339.77,2026-09-08
FORTIS,EQ,908.05,913.0,902.35,908.0,910.0,768379,6966.71,2026-09-08
FOSECOIND,EQ,6128.5,6198.5,6015.5,6095.5,6128.5,8459,515.94,2026-09-08
FRACTAL,EQ,802.0,804.65,791.2,794.75,801.2,133560,1064.51,2026-09-08
FREDUN,EQ,1409.9,1430.0,1320.1,1356.8,1405.5,97274,1328.8,2026-09-08
FRONTSP,EQ,1261.8,1267.4,1246.0,1258.2,1268.0,10954,137.64,2026-09-08
FSL,EQ,261.0,261.0,256.5,257.8,259.6,339117,874.85,2026-09-08
FUSION,EQ,200.52,203.33,197.82,202.06,200.52,508211,1017.91,2026-09-08
GABRIEL,EQ,1360.1,1395.0,1346.1,1389.6,1363.5,196279,2702.88,2026-09-08
GAEL,EQ,165.89,170.3,164.35,167.3,165.48,561039,942.42,2026-09-08
GAIL,EQ,175.09,176.2,173.84,175.09,176.0,4347861,7594.78,2026-09-08
GAJA,EQ,156.9,157.2,152.54,153.64,155.42,555867,856.6,2026-09-08
GALAPREC,EQ,1028.0,1058.4,1020.0,1054.9,1037.4,21610,224.77,2026-09-08
GALAXYSURF,EQ,2170.0,2283.4,2166.3,2251.9,2136.6,159336,3559.44,2026-09-08
GALLANTT,EQ,571.0,571.7,556.3,561.65,572.45,120655,679.33,2026-09-08
GANDHAR,EQ,263.15,265.95,261.3,264.05,264.85,528915,1392.41,2026-09-08
GANDHITUBE,EQ,904.0,904.0,878.0,892.95,898.55,4925,44.0,2026-09-08
GANECOS,EQ,990.0,1044.3,978.5,1040.4,990.0,156348,1584.56,2026-09-08
GANESHCP,EQ,170.95,172.04,167.5,169.71,169.59,620162,1051.73,2026-09-08
GANESHHOU,EQ,756.1,761.95,745.1,750.8,758.75,15289,114.67,2026-09-08
GANGAFORGE,EQ,1.64,1.64,1.58,1.59,1.63,3936325,63.07,2026-09-08
GANGESSECU,EQ,120.4,121.8,116.5,118.63,121.89,1524,1.8,2026-09-08
GARFIBRES,EQ,819.25,821.75,802.0,819.15,819.25,24619,200.44,2026-09-08
GARUDA,EQ,183.0,198.39,181.15,183.61,178.63,12283756,23532.39,2026-09-08
GATEWAY,EQ,54.44,54.96,53.5,53.94,53.96,1065075,575.68,2026-09-08
GAYAHWS,EQ,1.97,1.98,1.92,1.94,1.92,242919,4.75,2026-09-08
GAYAPROJ,EQ,22.4,23.28,22.3,23.26,22.18,2694235,622.76,2026-09-08
GCSL,EQ,602.9,608.8,595.65,598.25,601.85,518013,3111.74,2026-09-08
GEEKAYWIRE,EQ,30.55,30.87,29.4,29.51,30.14,124885,37.01,2026-09-08
GEMAROMA,EQ,160.24,164.69,157.3,161.86,158.19,81302,130.7,2026-09-08
GENCON,EQ,42.3,42.66,41.31,41.89,41.98,282549,119.6,2026-09-08
GENESYS,EQ,240.25,288.19,239.5,288.19,240.16,8754555,24077.94,2026-09-08
GENUSPAPER,EQ,13.48,13.79,12.67,12.86,13.22,169810,22.37,2026-09-08
GENUSPOWER,EQ,337.0,338.2,331.85,333.65,336.4,1390800,4645.14,2026-09-08
GEOJITFSL,EQ,82.95,83.04,77.85,81.08,82.78,342199,278.97,2026-09-08
GESHIP,EQ,1375.0,1397.7,1374.4,1383.8,1376.7,760052,10514.51,2026-09-08
GFLLIMITED,EQ,62.9,63.59,59.21,60.17,62.17,299897,187.27,2026-09-08
GFSTEELS,EQ,16.5,16.5,16.5,16.5,15.0,5204,0.86,2026-09-08
GHCL,EQ,434.0,434.05,428.5,433.05,433.35,90776,392.07,2026-09-08
GHCLTEXTIL,EQ,133.52,134.29,131.18,131.96,133.36,403571,533.4,2026-09-08
GICHSGFIN,EQ,140.42,141.9,138.5,138.73,140.42,63413,88.25,2026-09-08
GICL,EQ,24.01,24.8,23.2,24.53,24.42,695516,165.85,2026-09-08
GICRE,EQ,351.0,353.15,346.2,348.1,349.8,937332,3266.21,2026-09-08
GILLANDERS,EQ,104.63,104.63,100.11,101.81,104.63,1739,1.77,2026-09-08
GILLETTE,EQ,7360.0,7564.0,7311.5,7530.5,7380.5,40115,3017.47,2026-09-08
GILT10BETA,EQ,26.66,26.77,26.33,26.7,26.4,500082,132.67,2026-09-08
GILT5BETA,EQ,67.18,67.18,65.96,66.8,66.94,198804,132.26,2026-09-08
GILT5YBEES,EQ,67.66,68.3,66.15,66.33,66.31,124132,82.33,2026-09-08
GIPCL,EQ,201.8,201.98,198.2,201.1,200.72,325313,650.39,2026-09-08
GKB,EQ,68.95,71.77,65.0,71.52,65.25,7204,4.96,2026-09-08
GKENERGY,EQ,131.3,133.88,127.51,129.61,129.46,362678,468.59,2026-09-08
GKSL,EQ,176.34,179.8,174.0,175.19,176.34,381320,671.75,2026-09-08
GKWLIMITED,EQ,1550.0,1584.0,1550.0,1551.7,1550.6,508,7.94,2026-09-08
GLAND,EQ,2979.9,2979.9,2901.9,2959.3,2974.3,709554,20872.9,2026-09-08
GLAXO,EQ,2978.0,3001.3,2921.2,2928.2,2957.8,50684,1500.38,2026-09-08
GLENMARK,EQ,2469.9,2492.0,2439.0,2474.5,2451.9,447432,11058.26,2026-09-08
GLFL,EQ,5.72,5.73,5.35,5.35,5.63,11524,0.62,2026-09-08
GLOBAL,EQ,120.49,129.4,120.46,126.62,120.15,385486,484.43,2026-09-08
GLOBALE,EQ,11.15,11.74,10.85,10.91,11.4,4731,0.53,2026-09-08
GLOBALVECT,EQ,141.0,142.43,138.26,139.29,139.64,6915,9.7,2026-09-08
GLOBE,EQ,1.84,1.88,1.84,1.87,1.86,407651,7.64,2026-09-08
GLOBECIVIL,EQ,47.0,47.0,45.0,45.34,46.15,27306,12.44,2026-09-08
GLOBUSSPR,EQ,894.0,894.5,852.1,861.45,895.1,241474,2083.94,2026-09-08
GLOSTERLTD,EQ,603.4,614.5,591.1,598.8,603.4,641,3.84,2026-09-08
GLOTTIS,EQ,59.63,60.86,56.8,57.13,59.62,135316,78.19,2026-09-08
GMBREW,EQ,941.4,941.4,921.35,927.75,941.4,20463,190.25,2026-09-08
GMDCLTD,EQ,558.1,576.1,552.75,568.85,557.6,1454970,8250.12,2026-09-08
GMMPFAUDLR,EQ,1262.8,1308.6,1235.7,1285.2,1235.7,1155005,14821.6,2026-09-08
GMRAIRPORT,EQ,95.94,97.28,95.74,97.0,95.94,8949771,8660.48,2026-09-08
GMRP&UI,EQ,93.57,96.05,91.75,95.61,93.57,1548311,1452.8,2026-09-08
GNA,EQ,546.9,564.0,543.8,553.4,543.2,227103,1260.3,2026-09-08
GNFC,EQ,599.9,601.0,586.15,589.1,597.9,1037637,6128.0,2026-09-08
GNRL,EQ,115.0,117.8,106.7,108.95,113.96,634510,708.2,2026-09-08
GOACARBON,EQ,387.0,393.0,382.15,386.25,382.55,28685,111.11,2026-09-08
GOCLCORP,EQ,433.55,441.9,433.0,435.6,436.95,183004,799.04,2026-09-08
GOCOLORS,EQ,330.5,330.95,325.45,327.45,329.7,59977,196.58,2026-09-08
GODAVARIB,EQ,244.95,246.89,240.0,244.37,244.95,57244,139.27,2026-09-08
GODFRYPHLP,EQ,2024.0,2036.9,2003.0,2010.0,2029.0,129795,2610.94,2026-09-08
GODIGIT,EQ,255.05,261.45,254.5,259.15,256.6,158238,408.89,2026-09-08
GODREJAGRO,EQ,665.5,675.0,655.35,673.6,665.5,422780,2820.55,2026-09-08
GODREJCP,EQ,866.5,870.95,855.15,865.0,861.9,1437045,12437.64,2026-09-08
GODREJIND,EQ,1152.0,1155.0,1130.2,1144.0,1159.8,63806,728.31,2026-09-08
GODREJPROP,EQ,1920.0,1926.3,1885.1,1906.6,1922.2,507608,9674.45,2026-09-08
GOKEX,EQ,774.0,783.6,768.4,781.3,776.95,106564,828.35,2026-09-08
GOKUL,EQ,43.8,44.4,42.02,42.54,42.85,154949,66.74,2026-09-08
GOKULAGRO,EQ,231.45,240.0,229.79,233.15,231.69,875102,2055.87,2026-09-08
GOLD1,EQ,127.06,127.9,126.54,127.09,126.71,1041351,1323.48,2026-09-08
GOLD360,EQ,148.4,149.55,147.55,148.25,147.85,11492,17.07,2026-09-08
GOLDADD,EQ,14.92,14.92,14.72,14.79,14.74,4359148,644.59,2026-09-08
GOLDAXIS,EQ,127.0,127.67,126.3,126.86,126.22,2600077,3305.66,2026-09-08
GOLDBEES,EQ,126.0,126.7,125.29,125.84,125.58,19795291,24947.61,2026-09-08
GOLDBETA,EQ,128.25,129.0,127.5,128.15,128.0,736226,944.89,2026-09-08
GOLDBND,EQ,152.69,153.17,151.26,152.36,151.8,24203,36.8,2026-09-08
GOLDCASE,EQ,23.93,24.15,23.85,23.95,23.9,10295437,2469.09,2026-09-08
GOLDETF,EQ,149.44,149.44,147.36,147.88,147.84,1246818,1844.48,2026-09-08
GOLDIAM,EQ,339.45,343.9,335.6,338.2,340.45,583593,1979.15,2026-09-08
GOLDIETF,EQ,131.25,131.3,129.8,130.38,130.01,3793599,4948.91,2026-09-08
GOODLUCK,EQ,480.0,528.8,465.05,515.65,479.75,1569090,7868.36,2026-09-08
GOODYEAR,EQ,730.8,734.85,723.5,725.2,730.8,4216,30.66,2026-09-08
GOPAL,EQ,267.7,267.7,263.0,264.2,266.3,91892,242.6,2026-09-08
GOYALALUM,EQ,6.33,6.33,6.13,6.21,6.16,45367,2.82,2026-09-08
GPIL,EQ,243.8,247.06,242.5,245.71,244.05,1287350,3157.1,2026-09-08
GPPL,EQ,160.9,162.96,159.56,160.58,160.98,560277,901.31,2026-09-08
GPTHEALTH,EQ,161.37,164.4,159.0,160.7,161.37,145874,236.34,2026-09-08
GPTINFRA,EQ,111.2,113.0,110.5,111.42,111.76,143162,159.78,2026-09-08
GRADIENTE,EQ,2.62,2.67,2.52,2.54,2.64,1367910,35.49,2026-09-08
GRANDOAK,EQ,36.25,36.25,34.36,34.56,35.86,772,0.27,2026-09-08
GRANULES,EQ,869.0,899.85,865.0,895.35,867.3,2111998,18709.85,2026-09-08
GRAPHITE,EQ,718.0,743.9,713.0,734.25,717.1,1208880,8877.37,2026-09-08
GRASIM,EQ,3302.4,3318.2,3277.0,3306.8,3302.4,875447,28864.58,2026-09-08
GRAUWEIL,EQ,71.88,73.2,70.53,72.01,71.45,306863,220.82,2026-09-08
GRAVISSHO,EQ,28.67,28.67,28.67,28.67,28.66,105,0.03,2026-09-08
GRAVITA,EQ,1665.0,1690.0,1665.0,1682.3,1676.9,218722,3674.89,2026-09-08
GREAVESCOT,EQ,195.5,195.8,192.31,193.06,194.45,467258,902.92,2026-09-08
GREENLAM,EQ,235.8,238.0,234.74,235.53,236.87,41593,98.08,2026-09-08
GREENPANEL,EQ,162.6,164.44,160.5,161.69,162.55,351454,570.39,2026-09-08
GREENPLY,EQ,305.35,305.35,297.35,299.35,302.2,104416,313.63,2026-09-08
GREENPOWER,EQ,9.19,9.29,9.1,9.14,9.23,2268132,207.83,2026-09-08
GRINDWELL,EQ,1933.0,1939.8,1910.0,1922.8,1932.9,12837,247.56,2026-09-08
GRINFRA,EQ,860.0,865.25,853.4,859.3,862.6,12337,106.15,2026-09-08
GRMOVER,EQ,85.15,88.91,85.01,88.17,85.8,1436766,1242.4,2026-09-08
GROBTEA,EQ,966.0,966.0,966.0,966.0,959.15,2,0.02,2026-09-08
GROWW,EQ,194.78,195.58,193.0,195.24,194.73,18712196,36365.04,2026-09-08
GROWWCAPM,EQ,11.54,11.59,11.4,11.43,11.56,463030,53.02,2026-09-08
GROWWCHEM,EQ,29.93,30.43,29.9,30.21,30.08,109416,33.0,2026-09-08
GROWWDEFNC,EQ,98.0,101.0,97.75,99.97,97.75,484787,482.76,2026-09-08
GROWWEV,EQ,32.76,32.76,32.0,32.23,32.37,312881,100.58,2026-09-08
GROWWGOLD,EQ,14.86,14.97,14.8,14.85,14.81,1485087,220.85,2026-09-08
GROWWHOSPI,EQ,52.0,52.24,51.76,51.89,52.1,210204,109.1,2026-09-08
GROWWLIQID,EQ,110.67,110.67,110.66,110.66,110.65,218348,241.63,2026-09-08
GROWWLOVOL,EQ,10.28,10.42,10.17,10.2,10.28,7226,0.74,2026-09-08
GROWWMC150,EQ,231.0,232.5,229.19,230.25,230.1,932,2.15,2026-09-08
GROWWMETAL,EQ,12.4,12.68,12.4,12.48,12.52,669401,84.07,2026-09-08
GROWWMOM50,EQ,11.2,11.2,10.96,11.05,11.0,94566,10.46,2026-09-08
GROWWN200,EQ,11.55,11.55,11.16,11.17,11.27,82183,9.19,2026-09-08
GROWWNET,EQ,10.7,11.06,10.09,10.86,10.79,657563,71.04,2026-09-08
GROWWNIFTY,EQ,9.36,9.66,9.36,9.58,9.6,1090198,104.42,2026-09-08
GROWWNXT50,EQ,73.15,74.85,72.11,74.6,72.79,4677,3.43,2026-09-08
GROWWPOWER,EQ,11.23,11.38,11.21,11.34,11.2,1997010,225.8,2026-09-08
GROWWPSE,EQ,96.0,99.6,96.0,98.16,97.95,1672,1.64,2026-09-08
GROWWPSUBK,EQ,84.67,85.48,83.51,84.49,84.67,4854,4.1,2026-09-08
GROWWRAIL,EQ,28.22,28.22,27.7,27.79,28.0,468337,130.25,2026-09-08
GROWWRLTY,EQ,10.07,10.35,9.91,10.03,10.05,177073,17.68,2026-09-08
GROWWSC250,EQ,10.8,10.8,10.58,10.64,10.67,115196,12.28,2026-09-08
GROWWSLVR,EQ,22.9,22.94,22.55,22.65,22.53,1107262,252.1,2026-09-08
GRPLTD,EQ,2042.0,2042.0,1962.0,2001.4,2004.1,981,19.53,2026-09-08
GRSE,EQ,2518.0,2568.9,2512.0,2525.7,2506.6,348575,8856.86,2026-09-08
GRWRHITECH,EQ,7006.0,7049.0,6900.5,6975.5,6951.5,21656,1507.96,2026-09-08
GSEC10ABSL,EQ,112.93,112.93,111.72,112.93,111.61,10,0.01,2026-09-08
GSEC10ADD,EQ,26.81,26.83,26.47,26.83,26.81,520,0.14,2026-09-08
GSEC10IETF,EQ,262.18,262.18,262.18,262.18,261.92,100,0.26,2026-09-08
GSEC10YEAR,EQ,30.49,30.51,30.29,30.3,30.35,3501,1.06,2026-09-08
GSEC5IETF,EQ,66.72,67.11,66.2,66.24,66.5,8567,5.71,2026-09-08
GSFC,EQ,162.2,162.33,160.42,160.81,162.02,877506,1413.26,2026-09-08
GSLSU,EQ,30.5,30.5,28.24,29.3,29.45,71165,20.82,2026-09-08
GSPCROP,EQ,600.0,606.7,480.8,531.0,600.95,2530958,13108.67,2026-09-08
GSS,EQ,11.34,11.34,10.83,10.96,11.02,29086,3.2,2026-09-08
GTL,EQ,7.3,7.3,6.71,7.02,7.25,459766,32.63,2026-09-08
GTLINFRA,EQ,1.21,1.22,1.17,1.18,1.2,35870401,425.72,2026-09-08
GTPL,EQ,59.0,59.13,57.67,58.08,58.91,26510,15.47,2026-09-08
GUFICBIO,EQ,448.0,451.0,436.8,440.3,448.0,66969,297.83,2026-09-08
GUJALKALI,EQ,709.0,730.0,707.85,718.75,707.85,57495,410.81,2026-09-08
GUJAPOLLO,EQ,348.05,348.6,341.5,342.2,345.2,4003,13.77,2026-09-08
GUJENERGY,EQ,261.93,262.9,258.91,260.18,261.93,1104625,2875.58,2026-09-08
GUJRAFFIA,EQ,40.0,42.0,40.0,41.95,40.9,2702,1.11,2026-09-08
GUJTHEM,EQ,432.75,470.05,431.85,453.25,429.3,1824251,8288.31,2026-09-08
GULFOILLUB,EQ,1059.6,1061.0,1047.0,1057.6,1052.8,37689,397.65,2026-09-08
GULPOLY,EQ,183.04,184.2,180.0,181.96,183.04,195570,356.39,2026-09-08
GVPIL,EQ,662.45,673.8,651.35,656.2,655.15,214560,1420.22,2026-09-08
GVT&D,EQ,4636.1,4793.0,4610.0,4750.0,4367.2,4274212,201163.8,2026-09-08
GYFTR,EQ,189.65,190.0,186.0,186.02,186.34,16980,31.75,2026-09-08
HAL,EQ,4904.1,5072.0,4903.7,5031.1,4855.2,2553021,128251.78,2026-09-08
HALDER,EQ,281.6,297.0,281.6,293.55,286.6,27910,79.74,2026-09-08
HALEOSLABS,EQ,1497.4,1497.4,1445.5,1448.1,1462.0,465,6.78,2026-09-08
HAMPTON,EQ,8.19,9.65,7.71,8.59,8.11,371915,31.89,2026-09-08
HAPPSTMNDS,EQ,341.25,349.35,338.1,345.65,343.5,1486882,5105.32,2026-09-08
HAPPYFORGE,EQ,2259.9,2260.0,2171.5,2230.3,2231.4,46944,1041.68,2026-09-08
HARDWYN,EQ,9.25,9.25,9.01,9.14,9.17,1019996,93.15,2026-09-08
HARIOMPIPE,EQ,367.4,377.0,358.0,371.7,365.2,141126,519.84,2026-09-08
HARRMALAYA,EQ,193.0,193.0,189.0,189.92,189.85,9200,17.51,2026-09-08
HARSHA,EQ,461.05,468.9,451.15,466.8,455.45,211797,980.99,2026-09-08
HATHWAY,EQ,10.39,10.39,10.26,10.29,10.38,1064614,109.63,2026-09-08
HATSUN,EQ,1132.8,1218.2,1132.8,1198.0,1132.8,180176,2138.87,2026-09-08
HAVELLS,EQ,1147.0,1147.6,1135.4,1140.0,1150.0,1045920,11931.05,2026-09-08
HAVISHA,EQ,1.35,1.35,1.32,1.33,1.32,20675,0.28,2026-09-08
HAWKINCOOK,EQ,8395.0,8395.0,8171.0,8212.0,8254.0,843,69.29,2026-09-08
HAZOOR,EQ,20.0,20.13,19.66,19.97,19.85,346036,68.56,2026-09-08
HBESD,EQ,75.0,76.66,72.51,76.66,74.1,618,0.45,2026-09-08
HBLENGINE,EQ,704.9,733.85,698.1,731.25,703.9,1986289,14250.08,2026-09-08
HBPOR,EQ,60.5,62.0,57.03,61.79,60.46,232,0.14,2026-09-08
HBSL,EQ,53.5,56.0,53.26,54.01,52.43,5599,3.07,2026-09-08
HCC,EQ,23.52,24.1,23.06,23.86,23.54,35951505,8521.28,2026-09-08
HCG,EQ,690.95,697.6,676.55,690.6,687.9,145459,998.36,2026-09-08
HCL-INSYS,EQ,10.1,10.2,10.01,10.12,9.99,327856,33.28,2026-09-08
HCLTECH,EQ,1281.4,1290.0,1268.2,1277.0,1282.8,2241262,28663.55,2026-09-08
HDBFS,EQ,686.0,689.95,677.7,683.1,685.05,489696,3345.86,2026-09-08
HDFCAMC,EQ,2443.5,2454.0,2433.0,2447.3,2432.0,550618,13454.44,2026-09-08
HDFCBANK,EQ,707.1,708.9,703.0,703.0,710.5,19883515,140133.51,2026-09-08
HDFCBSE500,EQ,37.37,37.59,37.11,37.35,37.19,566492,211.04,2026-09-08
HDFCGOLD,EQ,130.15,130.9,129.5,130.18,129.88,2855085,3718.1,2026-09-08
HDFCGROWTH,EQ,117.25,118.09,117.0,117.33,117.39,28461,33.39,2026-09-08
HDFCLIFE,EQ,539.9,547.8,533.65,533.8,533.2,3149035,16961.89,2026-09-08
HDFCLIQUID,EQ,1077.01,1077.01,1076.99,1077.0,1076.85,18237,196.41,2026-09-08
HDFCLOWVOL,EQ,20.27,20.32,20.25,20.29,20.35,13711,2.78,2026-09-08
HDFCMID150,EQ,23.75,23.75,23.3,23.42,23.38,171590,40.13,2026-09-08
HDFCMOMENT,EQ,31.0,31.3,30.98,31.23,31.0,162218,50.56,2026-09-08
HDFCNEXT50,EQ,74.6,74.78,74.1,74.5,74.38,139965,104.2,2026-09-08
HDFCNIF100,EQ,26.31,26.31,25.62,25.71,25.76,11976,3.08,2026-09-08
HDFCNIFBAN,EQ,58.84,58.84,58.42,58.55,58.84,38001,22.27,2026-09-08
HDFCNIFIT,EQ,32.75,32.75,31.8,32.0,32.06,34099,10.91,2026-09-08
HDFCNIFTY,EQ,268.29,273.0,266.83,267.23,268.29,528289,1411.91,2026-09-08
HDFCNIMEG,EQ,132.19,132.71,131.0,131.8,131.56,2236,2.95,2026-09-08
HDFCPSUBK,EQ,84.9,85.33,84.41,84.59,85.07,53433,45.38,2026-09-08
HDFCPVTBAN,EQ,28.16,28.25,27.99,28.04,28.25,154092,43.34,2026-09-08
HDFCQUAL,EQ,58.17,58.65,58.06,58.25,58.12,3179,1.85,2026-09-08
HDFCSENSEX,EQ,86.69,86.69,85.98,85.99,86.47,29581,25.46,2026-09-08
HDFCSILVER,EQ,223.38,224.2,220.01,221.31,219.9,2108714,4680.89,2026-09-08
HDFCSML250,EQ,186.51,187.2,185.69,186.57,186.73,830158,1547.64,2026-09-08
HDFCVALUE,EQ,124.25,126.33,123.4,123.92,124.54,12289,15.23,2026-09-08
HEADSUP,EQ,7.0,7.67,6.75,7.04,7.02,10080,0.72,2026-09-08
HEALTHADD,EQ,16.74,17.0,16.63,16.67,16.68,18688,3.13,2026-09-08
HEALTHAXIS,EQ,168.0,169.68,168.0,169.31,168.11,989,1.67,2026-09-08
HEALTHCARE,EQ,21.67,21.88,21.62,21.82,21.64,25981,5.65,2026-09-08
HEALTHIETF,EQ,169.45,171.3,169.07,170.85,169.45,50246,85.63,2026-09-08
HEALTHX,EQ,301.35,312.4,300.0,302.6,296.9,3540,10.76,2026-09-08
HEALTHY,EQ,17.45,17.45,16.93,17.09,17.03,209540,35.75,2026-09-08
HECPROJECT,EQ,120.48,140.2,118.02,122.98,118.17,139918,189.22,2026-09-08
HEIDELBERG,EQ,161.49,161.49,158.62,159.72,160.56,341014,546.26,2026-09-08
HEMIPROP,EQ,124.5,125.44,124.05,124.41,125.08,227721,283.61,2026-09-08
HERANBA,EQ,170.0,175.99,169.21,172.8,169.62,32314,55.55,2026-09-08
HERITGFOOD,EQ,385.0,385.15,376.5,382.15,384.15,264313,1007.82,2026-09-08
HEROMOTOCO,EQ,5305.0,5339.5,5285.0,5333.5,5270.0,393029,20881.91,2026-09-08
HESTERBIO,EQ,2354.7,2369.9,2290.0,2318.3,2362.7,5572,129.88,2026-09-08
HEXATRADEX,EQ,159.98,165.9,157.11,157.34,158.58,1576,2.51,2026-09-08
HEXT,EQ,523.8,524.45,508.75,518.85,522.85,253225,1303.13,2026-09-08
HGINFRA,EQ,488.35,488.35,477.85,484.55,488.7,39924,192.87,2026-09-08
HGM,EQ,53.4,53.4,48.05,50.16,50.81,4218,2.11,2026-09-08
HGS,EQ,395.1,398.4,382.8,387.95,395.55,23781,92.74,2026-09-08
HIKAL,EQ,246.2,253.8,238.19,246.01,243.0,6560890,16183.52,2026-09-08
HILINFRA,EQ,44.22,44.22,43.5,43.7,43.72,30137,13.16,2026-09-08
HILTON,EQ,18.66,18.99,18.5,18.65,18.64,31756,5.94,2026-09-08
HIMATSEIDE,EQ,70.15,70.24,68.8,69.46,70.15,362515,250.81,2026-09-08
HINDADH,EQ,357.75,372.65,357.75,363.7,361.25,744,2.71,2026-09-08
HINDALCO,EQ,1014.0,1024.7,1007.5,1009.0,1006.0,3094146,31390.88,2026-09-08
HINDALUMI,EQ,100.5,100.5,94.5,97.9,96.25,4275,4.16,2026-09-08
HINDCOMPOS,EQ,398.5,400.0,382.75,395.35,398.75,9174,35.8,2026-09-08
HINDCON,EQ,24.83,24.83,24.25,24.39,24.25,18698,4.57,2026-09-08
HINDCOPPER,EQ,520.0,537.0,520.0,532.85,509.1,24876043,131964.99,2026-09-08
HINDOILEXP,EQ,188.48,194.99,187.01,193.66,188.85,1852355,3562.17,2026-09-08
HINDPETRO,EQ,353.4,355.95,346.0,347.0,356.9,3433819,12020.42,2026-09-08
HINDUNILVR,EQ,1967.0,1990.8,1956.7,1980.0,1960.0,1256067,24891.1,2026-09-08
HINDWAREAP,EQ,182.54,182.54,180.0,180.28,182.54,45845,82.93,2026-09-08
HINDZINC,EQ,593.05,606.7,593.0,595.5,589.15,6893194,41287.11,2026-09-08
HIRECT,EQ,1214.2,1305.0,1214.2,1281.4,1211.9,252304,3231.22,2026-09-08
HISARMETAL,EQ,165.2,165.26,160.24,160.26,162.02,2922,4.72,2026-09-08
HITECH,EQ,75.86,75.9,74.5,75.4,75.96,377605,283.74,2026-09-08
HLEGLAS,EQ,345.0,345.0,328.15,334.5,336.25,315202,1066.12,2026-09-08
HLVLTD,EQ,6.5,6.5,6.3,6.4,6.41,134222,8.55,2026-09-08
HMAAGRO,EQ,20.8,21.08,19.9,20.01,20.66,2220160,454.29,2026-09-08
HNDFDS,EQ,627.55,637.6,620.0,623.5,628.9,300961,1883.34,2026-09-08
HNGSNGBEES,EQ,477.51,477.51,466.0,466.97,469.32,66894,312.78,2026-09-08
HOMEFIRST,EQ,1245.1,1248.1,1225.5,1237.1,1233.7,560479,6923.97,2026-09-08
HONASA,EQ,468.95,483.0,468.95,476.05,468.9,1012735,4833.46,2026-09-08
HONAUT,EQ,35335.0,35725.0,34970.0,35060.0,35565.0,2407,845.5,2026-09-08
HONDAPOWER,EQ,2017.0,2018.2,1976.0,1981.7,1999.8,2018,40.15,2026-09-08
HORIZONIND,EQ,54.82,55.74,54.25,55.54,54.85,2922955,1608.48,2026-09-08
HPAL,EQ,35.5,36.18,35.17,35.42,35.7,57000,20.32,2026-09-08
HPIL,EQ,121.87,127.9,121.87,122.0,121.87,198,0.25,2026-09-08
HPL,EQ,301.55,305.55,300.3,303.0,301.55,66069,199.84,2026-09-08
HRYNSHP,EQ,101.98,101.98,96.0,100.62,100.98,878,0.87,2026-09-08
HSBCGOLD,EQ,133.41,133.41,132.05,132.67,132.11,2291,3.05,2026-09-08
HSCL,EQ,676.3,680.5,667.15,670.65,672.65,1689241,11371.42,2026-09-08
HTMEDIA,EQ,25.74,26.15,25.11,25.41,25.7,111032,28.38,2026-09-08
HUBTOWN,EQ,188.48,190.0,184.59,185.56,189.91,331640,619.01,2026-09-08
HUDCO,EQ,178.1,178.99,177.0,178.26,179.24,1157634,2062.25,2026-09-08
HUHTAMAKI,EQ,248.55,253.2,247.5,250.7,250.05,122791,307.07,2026-09-08
HYBRIDETF,EQ,10.08,10.1,10.05,10.07,10.05,7198,0.73,2026-09-08
HYUNDAI,EQ,2200.0,2222.0,2198.9,2220.0,2210.0,485596,10737.85,2026-09-08
IBULLSLTD,EQ,25.51,26.39,25.23,25.95,25.7,15254328,3963.37,2026-09-08
ICDSLTD,EQ,65.1,66.0,60.59,61.26,67.32,22358,13.87,2026-09-08
ICEMAKE,EQ,723.9,733.0,720.0,730.35,724.75,9205,67.04,2026-09-08
ICICIAMC,EQ,3001.0,3031.9,2983.8,3013.0,3013.7,309852,9330.53,2026-09-08
ICICIB22,EQ,113.49,114.48,113.46,113.91,113.84,437422,497.8,2026-09-08
ICICIBANK,EQ,1424.0,1424.9,1396.3,1399.4,1427.5,12123411,170103.03,2026-09-08
ICICIGI,EQ,1500.0,1503.3,1474.5,1484.4,1493.4,458407,6796.91,2026-09-08
ICICIPRULI,EQ,476.85,478.35,466.25,469.3,470.65,1191834,5606.32,2026-09-08
ICIL,EQ,451.75,453.45,437.95,450.85,453.7,292038,1303.34,2026-09-08
ICRA,EQ,4949.9,4955.0,4833.1,4854.4,4929.4,25803,1254.67,2026-09-08
IDBI,EQ,91.3,92.0,79.05,81.11,90.75,69073713,57198.69,2026-09-08
IDEA,EQ,15.58,15.58,15.31,15.42,15.6,355940344,54957.32,2026-09-08
IDEAFORGE,EQ,771.0,799.0,771.0,775.2,765.45,409710,3216.41,2026-09-08
IDFCFIRSTB,EQ,86.44,87.1,86.02,86.5,86.44,11728338,10169.26,2026-09-08
IDFNIFTYET,EQ,262.3,262.54,261.02,261.92,262.43,1235,3.24,2026-09-08
IEX,EQ,117.5,117.75,116.0,116.54,117.5,4316644,5036.4,2026-09-08
IFBAGRO,EQ,914.2,914.2,884.05,887.05,896.25,3184,28.31,2026-09-08
IFBIND,EQ,1314.0,1314.9,1290.0,1296.0,1313.6,30359,395.15,2026-09-08
IFCI,EQ,103.4,103.59,91.77,92.61,102.51,217424506,206252.08,2026-09-08
IFGLEXPOR,EQ,203.97,205.56,195.0,198.22,203.79,36372,72.54,2026-09-08
IGARASHI,EQ,412.05,417.5,412.05,415.6,415.15,27204,113.01,2026-09-08
IGCL,EQ,73.47,73.47,72.1,72.54,72.48,177043,128.55,2026-09-08
IGIL,EQ,318.0,320.05,314.35,318.1,318.0,321958,1022.91,2026-09-08
IGL,EQ,153.25,154.49,152.7,154.02,154.8,834619,1282.03,2026-09-08
IGPL,EQ,564.35,590.0,560.15,584.55,558.8,152994,889.29,2026-09-08
IIFL,EQ,660.2,675.8,616.4,628.0,654.05,6784526,43683.56,2026-09-08
IIFLCAPS,EQ,341.95,341.95,339.0,339.4,340.45,419363,1427.55,2026-09-08
IITL,EQ,141.01,159.15,139.08,149.88,140.1,155404,229.86,2026-09-08
IKIO,EQ,202.0,226.78,201.98,219.73,202.98,2263360,4970.33,2026-09-08
IKS,EQ,1800.0,1813.2,1769.8,1780.0,1788.0,67890,1212.84,2026-09-08
IMAGICAA,EQ,56.5,56.51,54.3,54.43,54.86,653308,358.76,2026-09-08
IMFA,EQ,1287.0,1315.0,1283.1,1306.7,1286.9,74407,964.09,2026-09-08
IMPAL,EQ,1130.9,1170.0,1090.5,1151.5,1114.2,15807,178.89,2026-09-08
INA,EQ,92.77,95.69,90.38,93.12,92.77,1060998,994.29,2026-09-08
INCREDIBLE,EQ,32.48,32.48,31.31,31.78,32.34,2176,0.69,2026-09-08
INDBANK,EQ,28.68,28.68,27.6,27.69,28.16,60876,17.01,2026-09-08
INDGN,EQ,597.0,603.6,579.2,589.2,599.35,410036,2414.95,2026-09-08
INDHOTEL,EQ,712.6,723.55,712.6,720.0,716.2,996891,7172.18,2026-09-08
INDIACEM,EQ,356.0,357.55,352.4,353.45,356.1,40841,144.79,2026-09-08
INDIAMART,EQ,1700.1,1714.1,1681.0,1684.5,1706.4,122055,2058.97,2026-09-08
INDIANB,EQ,868.5,868.9,855.15,859.9,869.4,1120827,9644.67,2026-09-08
INDIANCARD,EQ,224.4,224.99,212.19,218.81,217.85,538,1.18,2026-09-08
INDIANHUME,EQ,393.6,395.0,385.6,388.9,394.9,33597,130.84,2026-09-08
INDIASHLTR,EQ,670.0,675.0,667.5,671.7,672.15,31956,214.4,2026-09-08
INDIGO,EQ,4971.0,5022.5,4952.0,5000.0,5001.0,435589,21768.08,2026-09-08
INDIGOPNTS,EQ,1172.0,1176.2,1131.0,1140.3,1178.0,52024,596.58,2026-09-08
INDIQUBE,EQ,203.61,206.85,198.02,205.09,202.13,59639,121.17,2026-09-08
INDNIPPON,EQ,1130.1,1135.9,1092.0,1122.3,1128.4,41478,460.19,2026-09-08
INDOBORAX,EQ,503.3,515.45,503.1,511.05,503.95,95162,485.27,2026-09-08
INDOCO,EQ,250.73,256.88,243.0,244.25,250.7,176170,433.45,2026-09-08
INDOFARM,EQ,141.0,150.19,138.92,144.16,131.65,2435816,3534.48,2026-09-08
INDOKEM,EQ,649.85,649.85,624.9,627.4,636.35,2468,15.63,2026-09-08
INDOMIM,EQ,951.0,989.0,943.75,968.95,946.7,2185054,21193.68,2026-09-08
INDORAMA,EQ,74.25,76.0,70.72,74.98,73.56,1050466,768.61,2026-09-08
INDOSTAR,EQ,253.95,254.55,250.0,251.29,253.08,35032,88.31,2026-09-08
INDOTECH,EQ,3679.9,3848.9,3600.0,3696.8,3666.6,26581,988.53,2026-09-08
INDOTHAI,EQ,39.4,39.4,39.4,39.4,37.53,59211,23.33,2026-09-08
INDOUS,EQ,78.81,83.0,78.05,78.85,78.74,13629,10.83,2026-09-08
INDOWIND,EQ,9.09,9.1,8.65,8.85,8.91,112368,10.01,2026-09-08
INDPRUD,EQ,6389.0,6389.0,6200.0,6210.0,6385.0,119,7.47,2026-09-08
INDRAMEDCO,EQ,351.95,356.2,348.45,355.15,351.4,126540,445.72,2026-09-08
INDSWFTLAB,EQ,368.7,401.45,368.7,388.3,368.7,2095086,8210.22,2026-09-08
INDTERRAIN,EQ,30.0,30.45,30.0,30.3,30.74,10452,3.16,2026-09-08
INDUSINDBK,EQ,991.6,1004.7,988.3,997.7,998.0,1055105,10520.15,2026-09-08
INDUSTOWER,EQ,376.45,376.95,370.0,373.05,376.45,2490099,9274.06,2026-09-08
INFOBEAN,EQ,159.2,160.13,157.1,158.61,159.73,202682,320.75,2026-09-08
INFOMEDIA,EQ,5.21,5.8,5.21,5.53,5.43,36530,2.02,2026-09-08
INFRA,EQ,11.97,12.04,11.95,12.01,11.98,31381,3.76,2026-09-08
INFRABEES,EQ,949.48,951.07,943.89,947.27,949.48,5487,51.88,2026-09-08
INFRAIETF,EQ,94.39,95.14,93.81,94.76,94.39,224272,211.82,2026-09-08
INFY,EQ,1095.0,1095.0,1078.9,1082.0,1087.5,6269037,67974.34,2026-09-08
INGERRAND,EQ,4754.0,4769.9,4692.3,4741.7,4730.3,10123,478.01,2026-09-08
INNOVACAP,EQ,1172.0,1185.8,1164.0,1171.8,1164.4,34248,401.28,2026-09-08
INNOVANA,EQ,300.6,314.4,300.1,300.55,301.65,32871,101.03,2026-09-08
INNOVISION,EQ,254.15,258.9,250.75,252.0,256.25,8849,22.35,2026-09-08
INOXGREEN,EQ,172.28,176.0,169.61,174.42,172.28,1008485,1752.15,2026-09-08
INOXINDIA,EQ,2243.4,2253.1,2137.7,2215.9,2231.4,203200,4453.36,2026-09-08
INOXWIND,EQ,75.67,76.08,74.5,75.71,75.6,9911582,7466.1,2026-09-08
INSECTICID,EQ,604.8,612.95,602.55,610.2,606.5,10805,65.83,2026-09-08
INSPIRISYS,EQ,89.0,91.99,87.5,90.52,88.75,3083,2.76,2026-09-08
INSUREIETF,EQ,15.13,15.14,14.93,14.98,15.06,272822,40.82,2026-09-08
INTELLECT,EQ,688.0,694.95,677.0,691.8,682.15,252434,1735.27,2026-09-08
INTENTECH,EQ,80.31,81.6,78.25,79.66,80.71,14588,11.64,2026-09-08
INTERARCH,EQ,1703.9,1765.9,1685.0,1753.5,1703.5,112094,1933.54,2026-09-08
INTERNET,EQ,14.24,14.79,14.24,14.6,14.53,103946,15.13,2026-09-08
INTLCONV,EQ,80.53,81.02,79.1,79.61,79.92,31494,25.18,2026-09-08
INVENTURE,EQ,0.92,0.93,0.92,0.92,0.92,362494,3.36,2026-09-08
IOB,EQ,33.1,33.45,32.9,33.34,33.1,1397088,464.06,2026-09-08
IOC,EQ,134.88,135.65,133.02,134.35,135.15,6954986,9339.39,2026-09-08
IOLCP,EQ,215.0,219.04,208.4,210.98,213.04,4116432,8753.59,2026-09-08
IONEXCHANG,EQ,436.0,437.9,420.85,431.75,439.1,513930,2204.69,2026-09-08
IPCALAB,EQ,1959.9,1996.9,1959.9,1967.2,1959.1,158357,3121.32,2026-09-08
IPL,EQ,136.7,136.79,133.9,134.65,136.63,129674,174.89,2026-09-08
IPRINGLTD,EQ,152.22,156.92,152.21,155.0,154.84,731,1.13,2026-09-08
IRB,EQ,19.25,19.3,19.1,19.25,19.25,5202171,998.35,2026-09-08
IRCON,EQ,117.8,118.25,116.61,116.89,117.71,803464,941.2,2026-09-08
IRCTC,EQ,474.5,474.9,472.0,472.45,474.5,412334,1949.06,2026-09-08
IREDA,EQ,112.5,112.95,111.8,112.2,112.95,3095995,3472.9,2026-09-08
IRFC,EQ,82.9,82.93,81.75,82.0,83.0,5883007,4836.62,2026-09-08
IRIS,EQ,261.42,268.13,253.0,254.67,260.35,21579,55.79,2026-09-08
IRISDOREME,EQ,62.1,62.5,60.71,61.62,62.15,321368,197.56,2026-09-08
IRMENERGY,EQ,282.0,287.45,280.0,282.25,284.5,76125,214.93,2026-09-08
ISFT,EQ,85.0,86.99,81.5,82.34,83.1,121968,101.71,2026-09-08
ISGEC,EQ,781.0,787.0,767.0,782.4,781.1,32844,256.19,2026-09-08
ISHANCH,EQ,44.95,45.57,43.85,44.32,44.3,16425,7.29,2026-09-08
ISTLTD,EQ,644.0,675.0,644.0,651.8,654.9,1022,6.77,2026-09-08
IT,EQ,33.32,33.82,33.01,33.27,33.32,602096,200.48,2026-09-08
ITADD,EQ,32.24,32.24,31.61,31.79,31.79,174245,55.44,2026-09-08
ITAXIS,EQ,329.0,331.5,328.05,329.35,330.42,1294,4.26,2026-09-08
ITBEES,EQ,33.64,33.64,33.01,33.27,33.33,5640650,1873.99,2026-09-08
ITBETA,EQ,314.14,316.55,314.0,315.0,316.25,226,0.71,2026-09-08
ITC,EQ,263.5,265.9,262.7,263.5,263.5,7406617,19585.91,2026-09-08
ITCHOTELS,EQ,158.0,158.98,156.05,156.84,157.77,1702422,2676.07,2026-09-08
ITDC,EQ,643.35,651.0,635.1,638.2,643.35,30593,195.4,2026-09-08
ITETF,EQ,31.93,31.94,31.52,31.7,31.78,127960,40.58,2026-09-08
ITI,EQ,270.6,271.65,266.95,270.2,270.6,142263,383.41,2026-09-08
ITIETF,EQ,33.37,33.5,33.1,33.24,33.36,325229,108.21,2026-09-08
ITL,EQ,362.65,370.0,358.4,369.65,364.45,3429,12.45,2026-09-08
IVALUE,EQ,227.06,238.8,227.06,235.31,227.02,253667,597.27,2026-09-08
IVC,EQ,10.25,10.38,9.82,10.02,10.28,1180267,118.87,2026-09-08
IVZBANKNF,EQ,56.77,56.95,56.7,56.8,57.05,1774,1.01,2026-09-08
IVZINGOLD,EQ,133.15,133.3,131.2,132.9,131.85,75534,100.17,2026-09-08
IVZINNIFTY,EQ,271.03,272.72,271.03,271.87,273.0,547,1.49,2026-09-08
IVZSENSEX,EQ,75.9,76.07,75.56,75.81,76.28,1324,1.0,2026-09-08
IWP,EQ,35.27,35.27,34.46,34.7,34.41,3329,1.16,2026-09-08
IXIGO,EQ,166.04,171.42,165.89,169.96,167.39,914622,1546.68,2026-09-08
IZMO,EQ,924.5,935.0,905.25,927.15,924.5,97787,898.54,2026-09-08
J&KBANK,EQ,147.88,148.5,145.8,147.03,147.88,1322470,1942.96,2026-09-08
JAGRAN,EQ,62.0,63.0,61.66,62.54,61.81,284044,176.9,2026-09-08
JAGSNPHARM,EQ,239.51,241.33,236.1,237.72,239.06,59503,142.05,2026-09-08
JAIBALAJI,EQ,69.98,70.54,67.5,67.86,69.71,645330,443.38,2026-09-08
JAICORPLTD,EQ,98.59,99.0,97.11,98.3,98.56,221980,217.33,2026-09-08
JAINREC,EQ,283.3,298.7,282.55,296.55,281.35,2755389,8012.51,2026-09-08
JAIPURKURT,EQ,25.09,25.97,25.09,25.71,25.49,7292,1.87,2026-09-08
JAMNAAUTO,EQ,127.38,129.4,125.65,128.92,126.61,2288474,2929.8,2026-09-08
JARO,EQ,444.0,448.1,440.0,441.4,443.4,90685,401.22,2026-09-08
JASH,EQ,513.0,521.0,504.75,518.7,511.15,195333,1001.67,2026-09-08
JAYAGROGN,EQ,228.3,256.0,227.21,249.04,228.33,266571,656.83,2026-09-08
JAYBARMARU,EQ,120.69,120.69,114.19,116.5,120.19,487526,565.9,2026-09-08
JAYKAY,EQ,158.73,162.39,156.28,159.87,158.73,301645,481.97,2026-09-08
JAYNECOIND,EQ,89.0,91.0,88.33,90.68,89.67,4627478,4161.46,2026-09-08
JAYSREETEA,EQ,99.0,99.06,92.74,94.41,98.61,161062,152.23,2026-09-08
JBMA,EQ,615.0,618.0,612.95,615.35,613.6,137066,843.29,2026-09-08
JENBURPH,EQ,1052.0,1052.0,1025.1,1039.9,1043.0,276,2.85,2026-09-08
JETFREIGHT,EQ,20.21,20.83,20.06,20.24,20.31,121792,24.87,2026-09-08
JGCHEM,EQ,582.0,623.0,582.0,611.2,581.35,571020,3473.02,2026-09-08
JHS,EQ,7.99,8.31,7.85,7.97,7.99,23839,1.94,2026-09-08
JINDALPHOT,EQ,1020.2,1039.0,1014.5,1015.5,1010.8,1280,13.05,2026-09-08
JINDALPOLY,EQ,706.0,706.0,680.0,683.8,699.1,11020,76.01,2026-09-08
JINDALSAW,EQ,309.55,310.95,297.35,307.6,309.55,2130770,6501.47,2026-09-08
JINDALSTEL,EQ,1147.9,1151.0,1135.0,1136.3,1147.9,443885,5071.01,2026-09-08
JINDRILL,EQ,665.4,684.0,656.3,678.0,664.15,424593,2851.0,2026-09-08
JINDWORLD,EQ,58.5,59.9,54.21,55.53,58.52,62255444,35431.53,2026-09-08
JIOFIN,EQ,234.75,234.75,232.6,233.15,234.4,8934543,20859.42,2026-09-08
JISLDVREQS,EQ,21.62,22.05,21.31,21.7,21.99,11464,2.48,2026-09-08
JISLJALEQS,EQ,32.51,32.54,30.9,31.12,32.51,3667616,1150.56,2026-09-08
JITFINFRA,EQ,300.0,309.9,300.0,306.5,301.0,11991,36.76,2026-09-08
JKCEMENT,EQ,5026.0,5170.0,4972.0,4990.5,5047.0,94515,4756.67,2026-09-08
JKIL,EQ,491.3,494.7,486.55,488.6,491.3,24752,121.2,2026-09-08
JKIPL,EQ,98.03,99.96,95.5,96.5,98.56,7414,7.16,2026-09-08
JKLAKSHMI,EQ,508.9,508.9,498.05,498.75,507.15,188056,941.34,2026-09-08
JKPAPER,EQ,420.05,423.85,412.05,415.3,420.05,703560,2943.9,2026-09-08
JKTYRE,EQ,368.0,368.45,363.05,364.1,368.45,354143,1291.48,2026-09-08
JLHL,EQ,285.4,287.0,280.35,283.35,285.4,33842,96.16,2026-09-08
JMA,EQ,91.79,91.79,88.35,89.14,90.04,7394,6.71,2026-09-08
JMFINANCIL,EQ,130.0,131.81,128.08,128.47,130.28,1725261,2228.25,2026-09-08
JNKINDIA,EQ,432.5,450.0,432.5,440.5,435.35,71281,315.4,2026-09-08
JNPR,EQ,259.05,267.5,252.5,264.1,260.65,742430,1947.02,2026-09-08
JOCIL,EQ,160.0,174.0,158.5,164.29,159.32,81439,135.9,2026-09-08
JPOLYINVST,EQ,1007.2,1011.9,983.9,994.45,1006.8,5471,54.68,2026-09-08
JPPOWER,EQ,16.79,16.79,16.45,16.49,16.79,31428211,5202.5,2026-09-08
JSFB,EQ,540.6,547.45,536.65,539.8,538.5,181108,981.27,2026-09-08
JSL,EQ,733.95,740.0,727.0,738.75,736.8,413278,3042.22,2026-09-08
JSLL,EQ,515.0,518.6,503.05,505.45,516.75,357058,1810.89,2026-09-08
JSWCEMENT,EQ,121.84,122.09,120.26,121.62,121.81,765295,928.21,2026-09-08
JSWDULUX,EQ,3199.0,3199.0,3156.1,3174.4,3186.8,37827,1201.18,2026-09-08
JSWENERGY,EQ,527.05,528.85,522.3,526.5,530.0,1912629,10050.1,2026-09-08
JSWHL,EQ,11548.0,11549.0,11222.0,11466.0,11372.0,1674,190.12,2026-09-08
JSWINFRA,EQ,330.0,335.9,328.8,332.0,330.85,1633475,5427.54,2026-09-08
JSWSTEEL,EQ,1306.4,1315.0,1295.7,1297.3,1302.0,1345313,17533.23,2026-09-08
JTEKTINDIA,EQ,121.5,122.46,120.1,121.28,121.3,94919,114.96,2026-09-08
JTLIND,EQ,89.25,90.4,87.76,89.55,89.51,3728512,3345.59,2026-09-08
JUBLCPL,EQ,2230.0,2230.0,2160.4,2177.8,2206.6,4836,106.16,2026-09-08
JUBLFOOD,EQ,473.0,484.0,471.5,480.4,475.4,1239794,5943.75,2026-09-08
JUBLINGREA,EQ,675.35,680.3,664.05,675.3,675.35,159391,1073.2,2026-09-08
JUBLPHARMA,EQ,956.0,1021.55,953.3,997.75,950.3,1366696,13657.58,2026-09-08
JUNIORBEES,EQ,788.78,790.0,783.46,787.59,786.26,233675,1841.71,2026-09-08
JUNIPER,EQ,217.5,217.5,212.72,215.75,215.33,71832,154.54,2026-09-08
JUSTDIAL,EQ,705.0,705.0,685.5,694.25,698.75,162622,1125.73,2026-09-08
JWL,EQ,244.0,245.15,241.5,242.41,244.99,476036,1158.35,2026-09-08
JYOTHYLAB,EQ,195.1,196.01,192.3,194.59,195.1,457936,887.81,2026-09-08
JYOTICNC,EQ,1020.0,1058.85,1012.45,1037.2,1020.65,1316914,13721.29,2026-09-08
JYOTIRES,EQ,875.95,880.0,866.5,873.95,868.75,8040,70.29,2026-09-08
JYOTISTRUC,EQ,10.29,10.85,10.05,10.42,10.16,14533173,1525.25,2026-09-08
KABRAEXTRU,EQ,639.5,677.75,639.0,656.45,634.5,524936,3471.12,2026-09-08
KAJARIACER,EQ,1220.4,1254.6,1213.7,1250.2,1220.5,255311,3173.87,2026-09-08
KAKATCEM,EQ,109.14,112.0,108.7,111.14,109.14,915,1.01,2026-09-08
KALAMANDIR,EQ,85.52,86.4,84.5,85.37,85.93,434600,369.76,2026-09-08
KALPATARU,EQ,275.35,275.35,271.0,272.15,275.9,25325,68.96,2026-09-08
KALYANKJIL,EQ,591.0,618.9,587.1,612.6,591.0,10713234,65220.6,2026-09-08
KAMAHOLD,EQ,2336.5,2336.5,2316.1,2318.7,2331.1,1318,30.62,2026-09-08
KAMANWALA,EQ,16.5,16.9,16.5,16.5,16.53,2514,0.41,2026-09-08
KAMATHOTEL,EQ,226.2,234.79,223.02,232.18,228.19,103818,236.99,2026-09-08
KAMOPAINTS,EQ,4.4,4.55,4.37,4.45,4.4,331028,14.76,2026-09-08
KANANIIND,EQ,1.51,1.54,1.51,1.53,1.52,86175,1.32,2026-09-08
KANCHI,EQ,403.05,407.0,394.0,403.95,403.05,862,3.47,2026-09-08
KANCOTEA,EQ,56.0,56.0,52.99,55.89,56.4,218,0.12,2026-09-08
KANPRPLA,EQ,238.1,246.0,233.55,242.1,240.1,25065,60.09,2026-09-08
KANSAINER,EQ,194.27,194.5,191.14,193.4,194.28,173879,335.95,2026-09-08
KAPSTON,EQ,570.4,577.05,561.0,573.65,566.5,21702,123.18,2026-09-08
KARMAENG,EQ,37.7,37.99,36.8,37.18,37.3,445,0.17,2026-09-08
KARURVYSYA,EQ,341.6,343.65,334.8,341.15,341.7,1450597,4922.55,2026-09-08
KAVDEFENCE,EQ,67.98,68.5,63.0,64.62,66.51,521569,343.42,2026-09-08
KAYNES,EQ,3614.0,3685.0,3581.0,3610.0,3604.0,686828,25079.13,2026-09-08
KCP,EQ,162.1,164.08,161.78,162.11,163.3,57528,93.54,2026-09-08
KDDL,EQ,3990.9,4013.7,3940.1,3965.7,3991.9,22322,889.75,2026-09-08
KDGREEN,EQ,48.9,48.9,47.01,47.36,48.57,35522,16.94,2026-09-08
KEC,EQ,401.65,407.25,401.65,405.7,401.65,468357,1896.91,2026-09-08
KECL,EQ,123.78,126.35,119.59,121.14,122.93,127638,155.11,2026-09-08
KEEPLEARN,EQ,1.95,1.95,1.75,1.91,1.91,20742,0.39,2026-09-08
KEI,EQ,4701.0,4783.0,4666.0,4697.5,4704.0,1080574,50960.0,2026-09-08
KELLTONTEC,EQ,13.69,14.09,13.56,13.69,13.62,1924147,264.95,2026-09-08
KENNAMET,EQ,4690.0,4770.0,4602.0,4654.4,4693.0,21053,982.92,2026-09-08
KERNEX,EQ,1774.8,1775.9,1713.0,1732.0,1769.3,171873,2984.7,2026-09-08
KEYFINSERV,EQ,246.05,264.6,246.05,250.25,248.6,624,1.56,2026-09-08
KFINTECH,EQ,922.5,929.65,915.6,925.1,922.5,382500,3526.97,2026-09-08
KHAICHEM,EQ,53.65,54.41,52.23,52.83,53.6,149643,79.17,2026-09-08
KHAITANLTD,EQ,159.0,164.0,155.0,160.99,162.35,5036,8.13,2026-09-08
KHANDSE,EQ,18.0,18.4,16.75,18.2,17.61,1221,0.22,2026-09-08
KICL,EQ,5166.0,5234.5,5074.5,5144.0,5196.0,982,50.39,2026-09-08
KIMS,EQ,762.25,771.65,759.0,764.5,764.55,737239,5637.07,2026-09-08
KINGFA,EQ,6099.0,6137.0,5993.5,6037.0,6056.5,12243,742.83,2026-09-08
KIOCL,EQ,376.5,379.15,372.1,377.1,376.5,54542,204.75,2026-09-08
KIRANVYPAR,EQ,205.0,208.43,198.01,203.33,204.65,2460,5.04,2026-09-08
KIRIINDUS,EQ,585.0,603.5,569.0,588.1,583.2,2404145,14169.57,2026-09-08
KIRLFER,EQ,457.85,465.3,457.35,459.9,460.1,63385,291.71,2026-09-08
KIRLOSBROS,EQ,1829.0,1860.9,1825.0,1853.3,1832.4,15551,287.24,2026-09-08
KIRLOSENG,EQ,2180.0,2285.0,2163.9,2272.8,2174.8,516056,11601.04,2026-09-08
KIRLOSIND,EQ,3705.1,3719.9,3670.0,3677.6,3715.1,2188,80.77,2026-09-08
KIRLPNU,EQ,758.1,762.0,742.0,745.0,760.15,249261,1884.45,2026-09-08
KISSHT,EQ,320.8,334.5,313.95,331.0,320.95,2316438,7584.31,2026-09-08
KITEX,EQ,126.71,129.4,125.51,127.1,127.77,304944,388.12,2026-09-08
KJMCFIN,EQ,61.84,64.89,61.54,62.54,61.84,1447,0.9,2026-09-08
KKCL,EQ,506.4,508.95,498.1,501.5,504.5,21476,107.69,2026-09-08
KLBRENG-B,EQ,461.2,463.45,450.05,459.7,461.2,189596,866.85,2026-09-08
KMCSHIL,EQ,138.59,138.59,134.61,137.59,135.73,73643,100.69,2026-09-08
KMEW,EQ,2983.8,3025.8,2944.0,2985.6,2961.6,59769,1784.82,2026-09-08
KMSUGAR,EQ,30.6,30.95,30.05,30.31,30.71,153322,46.57,2026-09-08
KNACK,EQ,185.93,186.69,182.7,183.91,185.93,638148,1176.69,2026-09-08
KNAGRI,EQ,202.5,203.96,199.81,202.25,201.18,5211,10.51,2026-09-08
KNRCON,EQ,122.0,122.47,118.55,119.72,122.75,860201,1033.84,2026-09-08
KOHINOOR,EQ,30.85,31.9,30.4,31.41,30.87,195203,60.98,2026-09-08
KOKUYOCMLN,EQ,79.0,80.84,78.7,79.04,79.43,19504,15.47,2026-09-08
KOLTEPATIL,EQ,444.4,448.0,437.2,441.95,443.6,46482,205.8,2026-09-08
KOPRAN,EQ,245.87,249.99,235.0,239.51,245.87,809220,1957.04,2026-09-08
KOTAKBANK,EQ,422.3,423.85,419.0,419.25,422.1,12406799,52274.13,2026-09-08
KOTHARIPET,EQ,133.0,150.6,131.2,144.29,133.27,660992,949.1,2026-09-08
KOTHARIPRO,EQ,67.9,67.9,66.3,66.43,66.16,5661,3.77,2026-09-08
KOTIC,EQ,133.02,137.0,132.9,136.63,131.86,8391,11.43,2026-09-08
KOVAI,EQ,6120.0,6128.0,5970.0,6107.0,6069.0,4468,270.36,2026-09-08
KPEL,EQ,242.0,242.21,235.0,235.88,241.85,359793,854.76,2026-09-08
KPIGREEN,EQ,303.55,304.45,290.55,292.05,302.6,1209981,3577.94,2026-09-08
KPIL,EQ,1430.9,1444.8,1393.3,1397.5,1424.4,132996,1875.58,2026-09-08
KPITTECH,EQ,562.25,563.35,556.4,562.0,562.25,1083793,6068.29,2026-09-08
KPL,EQ,3443.0,3710.0,3442.9,3661.4,3411.2,162467,5895.49,2026-09-08
KPRMILL,EQ,1154.8,1155.1,1118.1,1135.0,1154.7,257472,2918.37,2026-09-08
KRBL,EQ,429.4,438.7,425.2,431.05,427.3,611988,2655.52,2026-09-08
KREBSBIO,EQ,56.0,58.0,55.68,56.73,55.99,3193,1.81,2026-09-08
KRIDHANINF,EQ,2.03,2.03,1.95,1.97,1.99,50857,1.01,2026-09-08
KRISHANA,EQ,182.5,185.5,181.7,183.03,182.84,596621,1094.92,2026-09-08
KRISHIVAL,EQ,415.7,419.2,414.25,418.0,415.25,53879,224.89,2026-09-08
KRISHNADEF,EQ,1075.8,1122.0,1075.8,1111.6,1066.4,191647,2122.51,2026-09-08
KRITI,EQ,62.16,64.0,61.2,61.27,62.47,8096,5.0,2026-09-08
KRITIKA,EQ,5.5,5.5,5.25,5.32,5.35,81502,4.36,2026-09-08
KRITINUT,EQ,84.8,84.8,81.53,82.14,83.2,11169,9.25,2026-09-08
KRN,EQ,1639.9,1669.5,1591.0,1660.2,1625.4,211548,3455.93,2026-09-08
KROSS,EQ,208.5,212.09,205.36,211.28,209.13,229386,478.28,2026-09-08
KRSNAA,EQ,564.55,565.25,544.1,546.15,564.05,76502,422.0,2026-09-08
KRYSTAL,EQ,661.7,667.7,647.7,663.95,661.5,3892,25.63,2026-09-08
KSB,EQ,799.05,830.0,790.05,824.05,801.45,192730,1575.38,2026-09-08
KSCL,EQ,729.5,734.9,724.3,728.5,732.3,44628,325.41,2026-09-08
KSE,EQ,182.94,182.94,177.0,178.95,177.0,12354,22.0,2026-09-08
KSHINTL,EQ,1113.95,1197.0,1102.05,1176.75,1105.65,691489,8001.61,2026-09-08
KSHITIJPOL,EQ,3.4,3.63,3.31,3.62,3.46,4222263,151.55,2026-09-08
KSL,EQ,951.05,959.0,900.0,907.8,941.45,117932,1090.66,2026-09-08
KSOLVES,EQ,268.0,270.0,265.15,268.2,269.1,27200,72.65,2026-09-08
KSR,EQ,34.85,37.54,34.85,37.33,34.13,283946,103.47,2026-09-08
KTKBANK,EQ,333.6,335.7,328.0,334.25,333.6,2015693,6707.19,2026-09-08
KUANTUM,EQ,76.35,81.28,76.35,77.92,76.7,243518,192.84,2026-09-08
KUSUMGAR,EQ,570.95,573.95,561.0,565.8,571.9,131944,746.68,2026-09-08
KWIL,EQ,41.1,42.09,40.5,41.48,41.12,11896172,4921.48,2026-09-08
LADDERUP,EQ,50.0,50.0,45.0,45.19,50.0,331,0.16,2026-09-08
LAGNAM,EQ,77.4,77.4,74.15,74.51,74.55,688,0.51,2026-09-08
LAHOTIOV,EQ,44.01,44.9,40.1,41.38,44.0,7475,3.14,2026-09-08
LAKSHMIMIL,EQ,8045.0,8045.0,7751.0,7998.5,7734.0,9,0.72,2026-09-08
LAL,EQ,8.88,8.99,8.88,8.93,8.86,8099,0.72,2026-09-08
LALITHAA,EQ,319.0,322.4,312.4,318.75,317.75,7903836,25100.84,2026-09-08
LALPATHLAB,EQ,1881.4,1920.0,1881.4,1912.5,1901.9,90505,1724.12,2026-09-08
LAMBODHARA,EQ,136.15,140.0,131.0,138.7,134.6,15699,21.42,2026-09-08
LANCER,EQ,13.01,13.1,12.51,12.62,12.96,465876,59.3,2026-09-08
LANCORHOL,EQ,39.7,40.36,37.8,38.02,40.12,249193,96.83,2026-09-08
LANDMARK,EQ,495.0,506.0,490.85,497.95,494.1,81462,404.22,2026-09-08
LANDSMILL,EQ,0.59,0.62,0.57,0.58,0.58,5182259,30.58,2026-09-08
LAOPALA,EQ,171.2,171.78,169.3,169.92,171.96,82971,141.32,2026-09-08
LARGEMID50,EQ,36.08,36.15,35.97,36.14,36.15,1390,0.5,2026-09-08
LASA,EQ,6.7,6.83,6.65,6.69,6.68,35670,2.39,2026-09-08
LASERPOWER,EQ,313.95,317.15,303.8,305.3,310.7,507280,1564.09,2026-09-08
LATENTVIEW,EQ,261.75,262.05,256.95,258.05,261.7,358940,930.62,2026-09-08
LATTEYS,EQ,21.0,22.0,20.63,21.15,20.63,65125,13.75,2026-09-08
LAURUSLABS,EQ,1870.8,1952.0,1862.7,1946.9,1876.7,2115447,40759.15,2026-09-08
LAXMICOT,EQ,13.37,13.74,12.66,13.03,13.38,13257,1.73,2026-09-08
LAXMIDENTL,EQ,199.38,200.0,193.1,199.25,197.73,87536,173.63,2026-09-08
LAXMIINDIA,EQ,130.23,132.9,129.16,129.99,130.89,123289,161.24,2026-09-08
LCCINFOTEC,EQ,3.7,3.98,3.6,3.73,3.79,60140,2.27,2026-09-08
LCL,EQ,565.0,571.5,546.0,555.8,565.5,429052,2381.11,2026-09-08
LEAPIND,EQ,147.0,149.16,143.68,148.26,146.28,3493046,5138.09,2026-09-08
LEMERITE,EQ,20.7,21.0,20.4,20.67,20.72,159644,32.98,2026-09-08
LEMONTREE,EQ,106.7,107.32,105.39,105.73,107.28,2549945,2698.51,2026-09-08
LENSKART,EQ,688.0,697.6,682.85,695.75,688.0,3755569,25996.49,2026-09-08
LEXUS,EQ,13.58,13.7,13.03,13.47,13.38,5389,0.72,2026-09-08
LFIC,EQ,131.0,142.0,130.0,139.65,134.59,4098,5.68,2026-09-08
LGBBROSLTD,EQ,1735.4,1749.9,1698.4,1736.7,1731.7,28138,484.9,2026-09-08
LGEINDIA,EQ,1647.8,1680.0,1639.7,1672.2,1647.8,665219,11039.99,2026-09-08
LGHL,EQ,177.0,177.97,170.99,175.21,176.23,5650,9.87,2026-09-08
LIBAS,EQ,10.38,10.4,9.7,9.99,9.99,41124,4.09,2026-09-08
LIBERTSHOE,EQ,234.97,234.97,225.3,226.85,231.37,18116,41.38,2026-09-08
LICHSGFIN,EQ,551.0,563.0,545.4,563.0,552.0,2858992,15841.67,2026-09-08
LICI,EQ,414.1,416.25,409.75,410.75,411.5,6844270,28229.02,2026-09-08
LICMFGOLD,EQ,138.4,138.5,136.65,137.2,137.1,23699,32.61,2026-09-08
LICNETFGSC,EQ,29.45,29.61,29.2,29.38,29.4,20294,5.97,2026-09-08
LICNETFN50,EQ,266.72,266.99,264.8,266.6,266.1,1157,3.08,2026-09-08
LICNETFSEN,EQ,859.0,859.0,854.06,858.9,858.02,28,0.24,2026-09-08
LICNFNHGP,EQ,271.43,272.42,271.43,272.42,270.76,244,0.66,2026-09-08
LICNMID100,EQ,63.39,63.95,62.9,63.65,63.32,3570,2.27,2026-09-08
LIKHITHA,EQ,205.16,206.86,202.09,203.77,205.16,29995,61.13,2026-09-08
LINC,EQ,96.8,99.8,96.8,98.31,96.8,34538,34.08,2026-09-08
LINCOLN,EQ,637.35,648.4,633.45,639.8,632.35,110673,709.32,2026-09-08
LINDEINDIA,EQ,6367.0,6490.5,6330.5,6380.0,6372.5,90218,5740.66,2026-09-08
LIQGRWBEES,EQ,1054.68,1054.7,1054.68,1054.68,1054.56,35963,379.3,2026-09-08
LIQUID,EQ,999.99,1000.0,999.99,999.99,999.99,89026,890.25,2026-09-08
LIQUID1,EQ,1121.69,1121.71,1121.69,1121.7,1121.56,913015,10241.31,2026-09-08
LIQUIDADD,EQ,1143.76,1143.78,1143.76,1143.76,1143.64,459106,5251.1,2026-09-08
LIQUIDBEES,EQ,1000.0,1000.02,999.99,1000.0,999.99,2577615,25776.13,2026-09-08
LIQUIDBETA,EQ,1007.29,1007.29,1007.27,1007.29,1007.14,149342,1504.31,2026-09-08
LIQUIDBETF,EQ,1097.88,1097.9,1097.88,1097.89,1097.78,162025,1778.86,2026-09-08
LIQUIDCASE,EQ,115.81,115.83,115.81,115.82,115.81,16765740,19417.76,2026-09-08
LIQUIDETF,EQ,1000.0,1000.01,999.99,999.99,999.99,88307,883.07,2026-09-08
LIQUIDIETF,EQ,999.99,1000.01,999.98,999.99,999.99,347991,3479.9,2026-09-08
LIQUIDPLUS,EQ,1102.27,1102.27,1102.25,1102.26,1102.13,523752,5773.15,2026-09-08
LIQUIDSBI,EQ,1000.01,1000.01,999.99,999.99,999.99,823,8.23,2026-09-08
LIQUIDSHRI,EQ,1120.56,1120.56,1120.54,1120.55,1120.4,21607,242.12,2026-09-08
LKPSEC,EQ,16.61,16.61,15.15,15.35,15.42,7963,1.23,2026-09-08
LLOYDSENGG,EQ,83.11,83.6,81.48,81.81,83.19,3398406,2798.07,2026-09-08
LLOYDSENT,EQ,71.99,72.55,70.5,71.05,72.28,1174168,839.38,2026-09-08
LLOYDSME,EQ,1803.0,1821.0,1780.0,1799.3,1803.0,432002,7759.32,2026-09-08
LMW,EQ,18670.0,18734.0,18400.0,18603.0,18551.0,3287,610.45,2026-09-08
LODHA,EQ,1195.0,1226.2,1175.1,1212.0,1200.0,1308433,15732.21,2026-09-08
LOKESHMACH,EQ,359.85,371.6,348.45,363.5,357.7,66524,239.12,2026-09-08
LORDSCHLO,EQ,141.0,141.0,137.5,138.23,138.93,9111,12.59,2026-09-08
LOTUSCHO,EQ,596.45,613.95,580.0,590.1,596.45,8090,48.19,2026-09-08
LOTUSEYE,EQ,110.04,112.6,107.1,110.66,109.06,20174,22.23,2026-09-08
LOVABLE,EQ,72.0,72.0,70.02,70.41,70.96,8793,6.2,2026-09-08
LOWVOL,EQ,202.74,203.13,202.55,202.55,203.84,274,0.56,2026-09-08
LOWVOL1,EQ,20.82,20.95,20.72,20.85,20.82,574008,119.35,2026-09-08
LOWVOLIETF,EQ,22.08,22.08,21.7,21.73,21.84,2664933,579.69,2026-09-08
LOYALTEX,EQ,227.21,236.0,215.0,225.39,217.32,2534,5.73,2026-09-08
LPDC,EQ,6.44,6.46,6.2,6.29,6.32,34608,2.19,2026-09-08
LT,EQ,3988.7,3988.7,3946.1,3946.1,3999.0,1200872,47660.04,2026-09-08
LTF,EQ,311.1,311.9,308.3,308.3,312.5,1493719,4629.79,2026-09-08
LTFOODS,EQ,449.55,466.8,447.0,455.25,448.95,1285427,5902.85,2026-09-08
LTGILTBEES,EQ,30.61,30.61,29.86,29.89,29.87,907482,271.19,2026-09-08
LTGILTCASE,EQ,31.06,31.06,30.4,30.41,30.45,30740,9.36,2026-09-08
LTM,EQ,4445.0,4489.1,4405.0,4430.0,4448.0,167610,7461.13,2026-09-08
LTTS,EQ,3420.0,3440.0,3380.0,3389.1,3414.2,56454,1924.53,2026-09-08
LUMAXIND,EQ,6104.5,6199.0,6080.5,6133.0,6139.5,8457,519.4,2026-09-08
LUMAXTECH,EQ,1935.5,1965.0,1910.0,1955.9,1935.5,105255,2042.45,2026-09-08
LUMINO,EQ,116.23,118.0,107.2,108.12,114.82,21758832,24531.83,2026-09-08
LUPIN,EQ,2114.7,2116.0,2094.6,2104.7,2105.0,713131,15003.62,2026-09-08
LUXIND,EQ,1159.4,1169.9,1121.1,1128.4,1159.4,28385,322.5,2026-09-08
LXCHEM,EQ,171.25,186.0,170.87,184.52,171.99,3239876,5876.17,2026-09-08
M&M,EQ,3145.0,3163.0,3096.3,3160.0,3160.0,1784671,55947.61,2026-09-08
M&MFIN,EQ,373.0,381.45,368.75,374.35,372.35,2955284,11041.84,2026-09-08
MAANALU,EQ,116.5,119.78,113.3,114.34,115.27,54608,62.78,2026-09-08
MACPOWER,EQ,1808.8,1890.0,1808.8,1874.1,1813.7,25766,480.17,2026-09-08
MADHAV,EQ,36.2,36.2,35.01,35.84,35.0,147,0.05,2026-09-08
MADHAVIPL,EQ,7.91,8.07,7.86,8.03,7.91,95079,7.6,2026-09-08
MADRASFERT,EQ,65.0,66.2,64.16,64.37,64.56,63088,40.96,2026-09-08
MAFANG,EQ,221.6,240.0,219.6,234.98,219.37,1170160,2727.98,2026-09-08
MAFATIND,EQ,121.0,122.28,119.41,120.56,121.83,51795,62.61,2026-09-08
MAGADSUGAR,EQ,573.95,578.05,559.75,563.8,573.95,15988,90.42,2026-09-08
MAGNUM,EQ,18.8,19.39,18.51,18.99,19.12,51361,9.74,2026-09-08
MAHABANK,EQ,84.55,85.9,84.0,84.79,85.0,10148334,8619.05,2026-09-08
MAHAPEXLTD,EQ,55.98,57.6,54.5,55.41,55.94,13567,7.51,2026-09-08
MAHEPC,EQ,105.0,105.0,102.0,102.75,103.17,10915,11.25,2026-09-08
MAHKTECH,EQ,23.61,23.61,23.01,23.09,23.04,801802,186.22,2026-09-08
MAHLIFE,EQ,360.25,368.95,356.3,366.15,360.15,64994,235.76,2026-09-08
MAHLOG,EQ,401.0,409.8,401.0,408.85,403.2,124819,506.37,2026-09-08
MAHSCOOTER,EQ,13493.0,13493.0,13203.0,13267.0,13493.0,2328,309.52,2026-09-08
MAHSEAMLES,EQ,690.35,694.85,676.05,680.65,688.95,209156,1431.0,2026-09-08
MAITHANALL,EQ,1119.4,1119.4,1058.45,1061.2,1103.85,147472,1586.61,2026-09-08
MAKEINDIA,EQ,167.84,167.84,164.6,165.46,164.92,31695,52.33,2026-09-08
MAKERSL,EQ,191.0,191.0,182.01,184.63,186.75,1226,2.31,2026-09-08
MALLCOM,EQ,962.55,999.9,962.55,981.65,977.3,3595,35.43,2026-09-08
MALUPAPER,EQ,33.44,34.77,33.1,34.59,33.07,95722,32.88,2026-09-08
MAMATA,EQ,410.45,428.9,410.0,425.7,413.5,107076,450.88,2026-09-08
MANAKALUCO,EQ,39.65,41.8,38.11,39.22,39.44,260095,104.2,2026-09-08
MANAKCOAT,EQ,120.8,124.0,118.15,122.93,121.15,184446,224.52,2026-09-08
MANAKSIA,EQ,67.9,70.0,65.01,67.72,66.36,256172,174.95,2026-09-08
MANALIPETC,EQ,86.0,93.0,85.0,90.08,86.16,8519441,7662.87,2026-09-08
MANAPPURAM,EQ,328.05,329.0,323.4,325.0,325.6,2253307,7344.65,2026-09-08
MANBA,EQ,132.0,134.38,129.5,130.67,130.79,73039,95.67,2026-09-08
MANCREDIT,EQ,225.96,227.39,218.1,221.22,226.94,142107,318.56,2026-09-08
MANGALAM,EQ,30.1,30.1,28.83,29.33,29.57,14010,4.12,2026-09-08
MANGLMCEM,EQ,1084.6,1095.0,1054.0,1062.5,1090.2,72542,778.39,2026-09-08
MANINDS,EQ,829.4,844.4,809.5,821.7,819.4,728342,6026.33,2026-09-08
MANINFRA,EQ,124.75,131.0,123.15,127.75,124.42,4913934,6329.76,2026-09-08
MANIPALHOS,EQ,729.75,729.95,710.3,718.95,727.25,1687125,12133.13,2026-09-08
MANKIND,EQ,2318.0,2330.8,2301.0,2309.0,2318.0,186335,4303.48,2026-09-08
MANOMAY,EQ,238.49,240.0,223.0,232.8,234.48,157491,367.09,2026-09-08
MANORAMA,EQ,2003.6,2149.5,1986.1,2132.9,2003.6,623511,13095.06,2026-09-08
MANORG,EQ,498.65,505.45,476.15,496.75,494.7,10371,50.91,2026-09-08
MANUFGBEES,EQ,163.16,163.65,162.43,162.66,162.77,8323,13.57,2026-09-08
MANYAVAR,EQ,588.7,588.7,576.2,579.55,586.25,167065,971.0,2026-09-08
MAPMYINDIA,EQ,976.0,980.8,963.5,968.8,976.0,118765,1152.13,2026-09-08
MARALOVER,EQ,65.5,68.89,64.0,65.83,64.26,144795,97.02,2026-09-08
MARATHON,EQ,463.95,467.4,443.65,446.35,459.5,161308,729.99,2026-09-08
MARICO,EQ,806.55,825.45,801.35,823.9,806.0,1525669,12451.16,2026-09-08
MARINE,EQ,415.5,432.3,413.8,416.45,419.95,520027,2192.36,2026-09-08
MARKOLINES,EQ,174.9,178.25,172.96,177.17,175.36,335864,592.83,2026-09-08
MARKSANS,EQ,337.5,349.95,331.6,335.9,335.05,5090238,17266.19,2026-09-08
MARSONS,EQ,129.0,133.89,128.5,131.07,128.83,4113139,5419.97,2026-09-08
MARUTI,EQ,12758.0,12758.0,12582.0,12641.0,12760.0,356860,45122.38,2026-09-08
MASFIN,EQ,293.05,297.1,289.3,290.15,295.25,252561,734.72,2026-09-08
MASPTOP50,EQ,85.9,98.78,85.0,97.01,85.9,1379821,1316.28,2026-09-08
MASTEK,EQ,1691.7,1703.9,1647.9,1654.2,1691.7,82667,1375.12,2026-09-08
MASTERTR,EQ,88.0,100.0,87.79,92.09,88.86,4022552,3819.64,2026-09-08
MATRIMONY,EQ,519.4,522.45,514.0,516.05,521.45,13400,69.29,2026-09-08
MAWANASUG,EQ,143.23,146.11,142.11,142.51,145.11,122119,175.02,2026-09-08
MAXESTATES,EQ,539.0,545.0,534.0,538.15,543.2,63067,339.72,2026-09-08
MAXHEALTH,EQ,992.5,996.9,982.4,993.0,992.0,1922846,19067.97,2026-09-08
MAXIND,EQ,147.18,150.73,147.0,147.22,147.69,38514,57.02,2026-09-08
MAYURUNIQ,EQ,709.05,752.35,702.0,740.55,712.4,248868,1822.9,2026-09-08
MAZDOCK,EQ,2454.2,2479.5,2435.6,2466.4,2454.2,588746,14490.49,2026-09-08
MBAPL,EQ,163.0,168.48,161.5,164.37,163.01,1449405,2405.15,2026-09-08
MBEL,EQ,271.75,272.4,261.75,267.7,268.05,199642,533.09,2026-09-08
MBLINFRA,EQ,22.85,24.25,22.84,23.97,23.35,57023,13.45,2026-09-08
MCCHRLS-B,EQ,684.45,684.45,659.0,670.0,679.9,165,1.1,2026-09-08
MCL,EQ,58.0,59.95,58.0,59.35,57.02,108593,64.0,2026-09-08
MCLEODRUSS,EQ,45.26,45.9,44.7,44.96,45.17,241071,109.18,2026-09-08
MCLOUD,EQ,26.08,26.2,25.81,25.92,25.97,1633160,423.71,2026-09-08
MCX,EQ,3350.0,3366.4,3279.9,3342.0,3330.2,1433417,47657.32,2026-09-08
MEDANTA,EQ,1425.8,1434.9,1403.4,1428.6,1422.6,185231,2627.13,2026-09-08
MEDIASSIST,EQ,336.5,338.9,330.0,331.25,336.5,123852,411.39,2026-09-08
MEDICAMEQ,EQ,282.0,287.8,275.0,285.75,279.25,60359,169.79,2026-09-08
MEDICAPQ,EQ,27.0,27.9,25.0,25.62,26.9,772,0.21,2026-09-08
MEDICO,EQ,41.11,41.11,39.03,39.28,40.77,200705,79.45,2026-09-08
MEDPLUS,EQ,656.0,667.0,655.8,663.45,659.7,76126,504.31,2026-09-08
MEESHO,EQ,210.3,213.9,208.71,211.06,210.3,18323130,38767.44,2026-09-08
MEGASTAR,EQ,309.0,309.0,287.25,288.85,300.1,5602,16.38,2026-09-08
MEIL,EQ,276.95,290.0,276.95,286.7,279.25,58432,165.91,2026-09-08
MENNPIS,EQ,82.99,85.8,82.24,84.28,81.72,357684,301.48,2026-09-08
MERCANTILE,EQ,24.92,27.2,23.73,24.72,24.43,327810,82.08,2026-09-08
MERCURYEV,EQ,37.68,38.75,36.75,38.38,37.4,1533143,589.66,2026-09-08
METAL,EQ,13.61,13.61,13.1,13.28,13.28,1452499,193.53,2026-09-08
METALIETF,EQ,13.48,13.48,13.1,13.25,13.24,3282875,436.54,2026-09-08
METROBRAND,EQ,934.55,952.0,926.2,948.55,934.5,29527,279.04,2026-09-08
METROGLOBL,EQ,140.0,140.0,138.0,139.9,140.0,220,0.31,2026-09-08
METROPOLIS,EQ,578.0,588.75,577.3,582.2,577.75,280010,1639.13,2026-09-08
MFML,EQ,19.0,19.7,18.62,18.69,18.62,4416,0.84,2026-09-08
MFSL,EQ,1511.0,1527.0,1485.0,1498.7,1520.0,589318,8835.72,2026-09-08
MGEL,EQ,15.9,16.2,15.41,15.5,15.72,5958460,924.02,2026-09-08
MGL,EQ,1088.0,1105.0,1088.0,1103.2,1092.1,89561,985.89,2026-09-08
MHRIL,EQ,205.0,208.04,204.7,205.71,205.53,94722,195.16,2026-09-08
MID150,EQ,23.49,23.52,23.37,23.48,23.49,93482,21.91,2026-09-08
MID150BEES,EQ,242.99,242.99,237.91,239.02,239.11,441323,1054.33,2026-09-08
MID150CASE,EQ,11.79,11.79,11.59,11.63,11.63,1363301,158.36,2026-09-08
MIDBANKADD,EQ,17.38,17.47,17.38,17.43,17.38,3817,0.66,2026-09-08
MIDCAP,EQ,18.8,18.8,18.39,18.5,18.43,230507,42.57,2026-09-08
MIDCAPADD,EQ,23.12,23.26,23.06,23.1,23.12,7072,1.63,2026-09-08
MIDCAPBETA,EQ,233.28,233.98,232.77,233.87,233.48,1364,3.18,2026-09-08
MIDCAPETF,EQ,24.2,24.2,23.53,23.63,23.61,1090161,257.38,2026-09-08
MIDCAPIETF,EQ,23.91,24.0,23.8,23.91,23.9,958438,228.72,2026-09-08
MIDHANI,EQ,422.5,482.4,421.0,477.0,419.9,36384306,170834.39,2026-09-08
MIDQ50ADD,EQ,25.42,26.01,24.42,24.92,24.92,31070,7.72,2026-09-08
MIDSELIETF,EQ,19.78,19.93,19.75,19.89,19.78,139612,27.75,2026-09-08
MIDSMALL,EQ,52.26,52.26,51.69,51.97,51.74,150944,78.37,2026-09-08
MIDWESTLTD,EQ,1066.5,1093.0,1058.1,1078.4,1062.6,11134,119.45,2026-09-08
MIIL,EQ,719.0,725.85,700.5,704.6,710.15,68291,486.93,2026-09-08
MILKYMIST,EQ,278.0,288.45,270.65,275.97,276.01,15671478,43785.64,2026-09-08
MINDACORP,EQ,692.0,711.0,690.05,708.3,695.55,176980,1243.86,2026-09-08
MINDTECK,EQ,168.74,171.97,160.1,165.0,168.74,59413,97.95,2026-09-08
MIRZAINT,EQ,31.05,31.4,30.5,30.73,31.01,63648,19.63,2026-09-08
MITCON,EQ,81.5,84.99,79.03,80.74,80.58,7581,6.14,2026-09-08
MITTAL,EQ,0.95,1.05,0.85,0.86,0.92,5554006,53.32,2026-09-08
MKEXIM,EQ,60.2,66.0,60.2,64.01,61.35,15243,9.68,2026-09-08
MKPL,EQ,4.04,4.06,3.98,3.99,4.03,93480,3.75,2026-09-08
MLKFOOD,EQ,85.8,87.99,82.1,84.87,85.8,2618,2.21,2026-09-08
MMFL,EQ,615.0,623.05,603.3,615.85,618.1,85647,527.34,2026-09-08
MMP,EQ,454.75,485.0,449.5,478.5,444.95,482392,2296.14,2026-09-08
MMTC,EQ,63.95,64.35,62.95,63.19,63.82,1051849,668.61,2026-09-08
MMWL,EQ,14.63,14.99,13.77,13.99,14.34,57368,8.08,2026-09-08
MNC,EQ,33.04,33.14,32.87,33.11,33.04,44458,14.69,2026-09-08
MOALPHA50,EQ,55.91,56.37,55.91,56.34,56.19,14388,8.1,2026-09-08
MOBANK10,EQ,16.94,16.94,16.64,16.65,16.78,5927,0.99,2026-09-08
MOBIKWIK,EQ,193.61,197.8,191.9,194.14,194.24,670210,1305.64,2026-09-08
MOCAPITAL,EQ,55.48,55.51,54.27,54.52,54.82,486310,265.15,2026-09-08
MODEFENCE,EQ,110.0,110.0,107.24,109.72,107.24,2477617,2707.63,2026-09-08
MODINATUR,EQ,345.95,358.0,340.35,353.6,344.8,9512,33.15,2026-09-08
MODIRUBBER,EQ,128.15,133.0,117.31,124.72,128.99,6704,8.29,2026-09-08
MODIS,EQ,383.0,387.55,369.5,376.0,383.05,38222,145.56,2026-09-08
MODISONLTD,EQ,481.75,499.35,475.05,499.35,475.6,243641,1197.56,2026-09-08
MODTHREAD,EQ,54.7,56.6,52.7,52.96,54.7,10826,5.85,2026-09-08
MOENERGY,EQ,38.07,38.52,37.65,38.4,37.89,203649,77.93,2026-09-08
MOGOLD,EQ,152.35,152.35,148.5,150.6,150.25,25620,38.73,2026-09-08
MOGSEC,EQ,65.67,65.67,65.4,65.4,65.2,10746,7.03,2026-09-08
MOHEALTH,EQ,51.89,52.65,51.53,52.6,51.89,44974,23.55,2026-09-08
MOHITE,EQ,2.84,2.84,2.71,2.71,2.81,31496,0.87,2026-09-08
MOHITIND,EQ,23.58,24.85,23.5,23.5,23.73,10507,2.49,2026-09-08
MOIL,EQ,247.51,253.3,247.0,251.49,247.22,793529,1990.38,2026-09-08
MOINFRA,EQ,58.51,58.58,58.21,58.5,58.51,1767,1.03,2026-09-08
MOIPO,EQ,48.66,48.95,48.4,48.7,48.66,31298,15.31,2026-09-08
MOKSH,EQ,10.01,10.28,9.66,10.0,10.13,105124,10.58,2026-09-08
MOL,EQ,65.75,67.68,64.85,65.82,65.73,1508309,1001.34,2026-09-08
MOLBIO,EQ,1127.2,1155.0,1110.2,1117.5,1127.2,322070,3618.73,2026-09-08
MOLDTKPAC,EQ,695.0,708.95,694.0,697.55,697.6,30371,212.29,2026-09-08
MOLOWVOL,EQ,35.93,35.93,35.57,35.67,35.93,9592,3.42,2026-09-08
MOM100,EQ,67.83,68.11,67.62,67.91,67.83,202648,137.5,2026-09-08
MOM30IETF,EQ,31.23,31.65,31.23,31.53,31.23,786727,247.42,2026-09-08
MOM50,EQ,246.55,248.82,246.55,247.72,249.1,4005,9.93,2026-09-08
MOMENTUM,EQ,31.22,31.8,31.15,31.46,31.18,166053,52.08,2026-09-08
MOMENTUM30,EQ,30.83,31.12,30.73,30.98,30.76,683196,211.67,2026-09-08
MOMENTUM50,EQ,54.87,55.03,53.85,54.92,54.33,461988,253.04,2026-09-08
MOMETAL,EQ,13.24,14.49,12.97,13.18,13.2,11452,1.51,2026-09-08
MOMGF,EQ,162.05,162.65,161.24,161.24,161.86,1441,2.33,2026-09-08
MOMIDMTM,EQ,64.93,64.99,64.12,64.87,64.44,57210,37.03,2026-09-08
MOMMIDCAP,EQ,13.0,13.11,12.97,13.09,12.96,923584,120.85,2026-09-08
MOMNC,EQ,32.0,32.1,31.97,32.1,32.02,1922,0.61,2026-09-08
MOMOMENTUM,EQ,63.3,63.3,62.06,62.43,62.06,72915,45.54,2026-09-08
MON100,EQ,339.71,349.0,331.4,344.7,336.35,1241705,4264.22,2026-09-08
MON50EQUAL,EQ,32.85,32.9,32.7,32.84,33.08,2791,0.92,2026-09-08
MONARCH,EQ,382.9,385.05,378.65,382.45,383.25,164913,631.86,2026-09-08
MONEXT50,EQ,72.69,72.88,72.39,72.83,72.41,3270,2.37,2026-09-08
MONEYBOXX,EQ,59.0,59.0,56.0,56.01,56.83,8469,4.77,2026-09-08
MONIFTY100,EQ,25.04,25.06,24.9,24.94,25.15,9124,2.28,2026-09-08
MONIFTY500,EQ,23.83,23.83,23.65,23.72,23.78,1370066,324.89,2026-09-08
MONQ50,EQ,168.19,196.9,164.0,195.77,164.09,1072859,2029.9,2026-09-08
MONTECARLO,EQ,576.7,576.7,554.8,558.5,575.45,99569,561.64,2026-09-08
MOOILGAS,EQ,11.11,11.13,11.02,11.05,11.12,5658,0.63,2026-09-08
MOPSE,EQ,99.0,99.46,98.92,99.46,99.05,158,0.16,2026-09-08
MOQUALITY,EQ,198.72,199.75,197.98,199.27,197.14,227,0.45,2026-09-08
MOREALTY,EQ,96.0,96.0,88.63,89.78,89.89,721102,644.7,2026-09-08
MOREPENLAB,EQ,119.5,122.55,116.0,117.16,118.88,18553011,22099.29,2026-09-08
MOSCHIP,EQ,212.8,217.74,212.66,214.26,212.6,1305405,2805.98,2026-09-08
MOSERVICE,EQ,30.96,30.96,30.4,30.45,30.65,4837,1.47,2026-09-08
MOSILVER,EQ,229.0,231.19,227.43,229.24,227.8,21905,50.25,2026-09-08
MOSMALL250,EQ,18.08,18.67,18.08,18.58,18.55,921584,171.23,2026-09-08
MOTHERSON,EQ,162.8,164.5,161.17,163.85,162.0,10426788,16983.11,2026-09-08
MOTILALOFS,EQ,1060.0,1060.2,1035.2,1051.5,1055.0,940774,9867.49,2026-09-08
MOTISONS,EQ,16.8,16.86,15.83,16.13,16.77,23666142,3847.27,2026-09-08
MOTOGENFIN,EQ,32.23,32.25,25.3,27.45,31.37,337537,93.05,2026-09-08
MOTOUR,EQ,77.01,77.5,76.86,77.49,77.37,7406,5.72,2026-09-08
MOVALUE,EQ,112.5,112.61,111.5,111.69,112.05,38358,42.87,2026-09-08
MPHASIS,EQ,2374.0,2374.0,2335.1,2355.0,2369.1,346120,8145.09,2026-09-08
MPSLTD,EQ,2625.0,2759.6,2606.0,2749.1,2635.7,16092,437.11,2026-09-08
MRF,EQ,128750.0,129290.0,128000.0,128245.0,128890.0,2712,3484.89,2026-09-08
MRPL,EQ,174.43,176.26,170.75,172.96,173.19,5180617,8984.94,2026-09-08
MSCI360,EQ,10.12,10.12,10.02,10.02,10.07,1670,0.17,2026-09-08
MSCIADD,EQ,29.15,29.28,29.15,29.27,29.3,600,0.18,2026-09-08
MSCIINDIA,EQ,29.57,29.59,29.4,29.47,29.6,6105,1.8,2026-09-08
MSL,EQ,149.0,150.0,140.0,140.1,144.0,616,0.92,2026-09-08
MSPL,EQ,34.78,35.2,34.53,34.95,34.78,279294,97.21,2026-09-08
MSTCLTD,EQ,790.7,805.0,754.35,778.55,785.65,557776,4319.63,2026-09-08
MSUMI,EQ,36.65,36.77,36.34,36.61,36.9,5851346,2139.59,2026-09-08
MTNL,EQ,26.14,26.14,25.3,25.35,26.05,971725,248.07,2026-09-08
MUFIN,EQ,136.24,138.33,135.0,135.35,136.17,616664,842.07,2026-09-08
MUFTI,EQ,74.0,74.8,73.3,73.91,74.0,41870,30.88,2026-09-08
MUKANDLTD,EQ,136.42,138.2,135.45,137.66,136.9,72527,99.38,2026-09-08
MUKESHB,EQ,133.45,135.0,133.45,133.45,133.84,1371,1.85,2026-09-08
MUKKA,EQ,32.53,32.78,30.34,30.72,32.15,1863127,577.43,2026-09-08
MULTICAP,EQ,16.75,16.8,16.65,16.69,16.69,59576,9.94,2026-09-08
MUNJALAU,EQ,115.99,115.99,112.3,112.8,116.04,319567,362.35,2026-09-08
MUNJALSHOW,EQ,128.12,130.59,126.0,128.75,129.21,35204,45.28,2026-09-08
MURUDCERA,EQ,29.02,29.93,28.0,29.08,29.33,26685,7.68,2026-09-08
MUTHOOTCAP,EQ,244.8,244.8,231.1,234.39,239.07,12823,30.15,2026-09-08
MUTHOOTFIN,EQ,2890.0,2899.7,2868.8,2899.7,2880.0,560448,16160.92,2026-09-08
MUTHOOTMF,EQ,196.54,202.45,196.2,201.57,197.93,146026,291.5,2026-09-08
MVELECTRO,EQ,820.0,917.8,815.2,883.25,806.45,18775267,160883.27,2026-09-08
MVGJL,EQ,233.99,233.99,205.25,210.72,215.88,3734364,8198.18,2026-09-08
MWL,EQ,38.93,39.35,37.51,37.65,38.5,242086,92.21,2026-09-08
NACLIND,EQ,164.6,164.99,160.0,161.0,164.58,314539,509.89,2026-09-08
NAGREEKCAP,EQ,23.25,24.29,22.31,23.38,23.75,3780,0.87,2026-09-08
NAGREEKEXP,EQ,22.5,22.87,22.05,22.39,22.31,12111,2.72,2026-09-08
NAHARCAP,EQ,255.25,259.85,255.2,258.9,257.85,1771,4.56,2026-09-08
NAHARINDUS,EQ,140.8,140.8,135.73,137.43,139.05,13028,17.9,2026-09-08
NAHARPOLY,EQ,238.02,244.9,234.0,243.18,238.38,11880,28.4,2026-09-08
NAHARSPING,EQ,285.0,294.5,276.0,277.55,286.15,100649,280.89,2026-09-08
NAM-INDIA,EQ,1194.0,1195.0,1180.0,1188.9,1195.0,664071,7888.72,2026-09-08
NARMADA,EQ,14.38,14.99,13.96,14.78,14.39,852012,124.15,2026-09-08
NATCOPHARM,EQ,838.3,846.85,823.4,825.75,838.3,302502,2514.51,2026-09-08
NATHBIOGEN,EQ,152.27,153.95,149.98,152.01,152.65,17414,26.44,2026-09-08
NATIONALUM,EQ,370.7,378.3,367.8,371.05,365.9,5469151,20402.11,2026-09-08
NATIONSTD,EQ,106.0,109.96,104.82,109.95,104.73,18469,19.95,2026-09-08
NAUKRI,EQ,1274.5,1298.3,1251.9,1292.0,1302.5,2345489,30155.27,2026-09-08
NAVA,EQ,559.95,559.95,551.0,554.55,556.25,133022,738.12,2026-09-08
NAVINFLUOR,EQ,8552.0,8754.0,8505.5,8731.0,8603.5,118511,10285.78,2026-09-08
NAVKARCORP,EQ,95.5,96.97,94.11,94.75,96.02,224450,213.52,2026-09-08
NAVNETEDUL,EQ,131.6,131.6,130.0,130.16,131.84,32431,42.29,2026-09-08
NAZARA,EQ,368.0,370.7,366.0,368.4,370.3,510005,1879.3,2026-09-08
NBCC,EQ,85.54,86.1,84.88,86.0,86.0,4783728,4087.47,2026-09-08
NBIFIN,EQ,2000.0,2024.0,1962.0,1970.0,1967.7,5642,111.11,2026-09-08
NCC,EQ,150.6,152.5,147.55,148.65,150.67,3150554,4732.76,2026-09-08
NCLIND,EQ,177.65,177.65,175.82,176.65,178.3,11552,20.4,2026-09-08
NDGL,EQ,2820.0,2849.0,2775.0,2775.0,2790.0,230,6.44,2026-09-08
NDL,EQ,3.02,3.03,2.91,2.92,2.98,1104958,32.75,2026-09-08
NDLVENTURE,EQ,121.1,128.8,121.1,126.18,120.57,23689,29.63,2026-09-08
NDRAUTO,EQ,717.1,727.15,710.05,717.65,721.45,10845,77.92,2026-09-08
NDTV,EQ,73.8,74.8,72.15,73.03,72.87,43052,31.35,2026-09-08
NEAGI,EQ,3449.0,3470.0,3449.0,3470.0,3449.0,10,0.35,2026-09-08
NECLIFE,EQ,12.2,12.45,12.08,12.15,12.07,240705,29.47,2026-09-08
NELCAST,EQ,114.8,115.9,113.0,114.18,114.77,53757,61.47,2026-09-08
NELCO,EQ,933.0,1019.0,917.6,973.1,933.2,1910138,18815.65,2026-09-08
NEOGEN,EQ,2223.2,2250.0,2175.7,2213.0,2207.1,88409,1950.96,2026-09-08
NEPHROPLUS,EQ,713.0,748.6,707.1,744.1,710.85,659007,4837.95,2026-09-08
NESCO,EQ,1085.0,1140.0,1072.6,1117.1,1076.0,221569,2470.37,2026-09-08
NESTLEIND,EQ,1397.4,1415.1,1392.9,1400.5,1398.0,1260068,17687.25,2026-09-08
NETF,EQ,259.9,262.98,256.77,257.91,258.45,957,2.47,2026-09-08
NETWEB,EQ,5186.0,5228.5,5071.5,5087.5,5157.0,812405,41600.2,2026-09-08
NETWORK18,EQ,27.5,27.63,27.18,27.3,27.64,3399137,932.06,2026-09-08
NEULANDLAB,EQ,23010.0,24100.0,23010.0,23995.0,22870.0,82211,19486.85,2026-09-08
NEWGEN,EQ,519.0,520.4,513.0,514.0,520.7,474948,2450.01,2026-09-08
NEXT30ADD,EQ,42.32,42.6,42.32,42.6,42.49,3405,1.44,2026-09-08
NEXT50,EQ,749.0,755.16,749.0,753.77,748.99,16777,126.18,2026-09-08
NEXT50ADD,EQ,73.12,73.49,73.03,73.49,73.04,1994,1.46,2026-09-08
NEXT50BETA,EQ,78.66,78.9,78.03,78.52,78.66,59886,47.11,2026-09-08
NEXT50ETF,EQ,73.23,73.85,73.0,73.46,73.23,27338,20.07,2026-09-08
NEXT50IETF,EQ,78.7,78.7,76.52,77.13,76.79,316266,243.31,2026-09-08
NEXTMEDIA,EQ,3.76,3.91,3.72,3.86,3.76,31530,1.2,2026-09-08
NFL,EQ,70.2,71.28,70.11,70.35,70.32,444515,313.21,2026-09-08
NGIL,EQ,40.11,40.11,36.91,37.73,40.11,37163,14.16,2026-09-08
NGLFINE,EQ,2887.3,2911.8,2736.6,2811.6,2873.0,9484,266.29,2026-09-08
NH,EQ,1910.0,1924.0,1887.0,1897.4,1911.8,126279,2398.76,2026-09-08
NHPC,EQ,75.76,76.0,74.9,75.9,76.0,10135531,7649.0,2026-09-08
NIACL,EQ,231.2,232.0,199.52,205.22,231.2,45314645,94045.1,2026-09-08
NIBE,EQ,1310.0,1357.8,1310.0,1331.5,1318.0,44934,600.53,2026-09-08
NIBL,EQ,31.0,31.85,30.3,30.36,30.71,21715,6.65,2026-09-08
NICCOPAR,EQ,81.25,83.0,80.11,80.33,79.27,1268,1.03,2026-09-08
NIF100BEES,EQ,265.38,265.38,262.92,263.3,264.6,36800,96.97,2026-09-08
NIF100IETF,EQ,28.52,28.52,27.68,27.77,27.83,62921,17.47,2026-09-08
NIF500BETA,EQ,37.42,38.02,37.27,37.27,37.24,663,0.25,2026-09-08
NIFTY1,EQ,270.8,270.8,261.56,263.3,264.2,4034945,10596.45,2026-09-08
NIFTY100EW,EQ,35.18,35.18,34.64,34.77,34.85,20398,7.1,2026-09-08
NIFTYADD,EQ,250.39,250.59,249.02,250.03,250.91,13681,34.19,2026-09-08
NIFTYAXIS,EQ,267.6,267.6,262.15,262.77,263.61,413555,1085.8,2026-09-08
NIFTYBEES,EQ,271.64,271.64,269.79,270.05,271.21,6629541,17917.49,2026-09-08
NIFTYBETA,EQ,263.89,265.22,257.29,262.87,263.89,31042,81.67,2026-09-08
NIFTYBETF,EQ,245.57,245.57,243.0,243.84,245.2,1024082,2492.23,2026-09-08
NIFTYCASE,EQ,9.79,9.79,9.5,9.52,9.56,1090577,103.83,2026-09-08
NIFTYETF,EQ,258.47,259.33,257.1,257.53,258.42,278731,718.93,2026-09-08
NIFTYIETF,EQ,274.0,274.0,268.36,268.88,269.6,673504,1811.03,2026-09-08
NIFTYJBLK,EQ,12.61,12.61,12.12,12.14,12.31,158149,19.22,2026-09-08
NIFTYQLITY,EQ,21.19,21.19,21.0,21.04,21.09,28811,6.08,2026-09-08
NIITLTD,EQ,97.02,99.37,95.01,95.34,97.22,233060,224.15,2026-09-08
NIITMTS,EQ,221.0,225.0,220.21,223.51,220.72,89450,199.65,2026-09-08
NILAINFRA,EQ,6.67,7.0,6.4,6.62,6.71,372115,25.09,2026-09-08
NILASPACES,EQ,12.23,13.2,12.18,12.78,12.23,3152074,401.9,2026-09-08
NILE,EQ,1478.0,1491.0,1460.5,1471.7,1459.0,2585,38.22,2026-09-08
NILKAMAL,EQ,2060.0,2134.0,2060.0,2112.0,2063.2,26213,552.64,2026-09-08
NIMBSPROJ,EQ,150.0,150.68,147.41,148.46,143.51,763,1.14,2026-09-08
NINSYS,EQ,715.0,715.0,703.2,709.1,705.85,3691,26.16,2026-09-08
NIPPOBATRY,EQ,321.2,329.9,320.0,324.6,325.25,2175,7.05,2026-09-08
NIRAJ,EQ,29.55,29.55,28.0,28.18,28.88,31085,8.87,2026-09-08
NIRLON,EQ,624.55,628.85,619.05,619.65,615.15,10847,67.28,2026-09-08
NITCO,EQ,93.85,94.39,92.46,93.46,93.84,414124,386.1,2026-09-08
NITINSPIN,EQ,628.0,664.4,619.8,655.1,627.45,527875,3431.25,2026-09-08
NITIRAJ,EQ,235.95,235.95,224.0,230.92,231.04,8585,19.66,2026-09-08
NITTAGELA,EQ,1703.0,1706.0,1654.2,1670.5,1677.8,3735,62.8,2026-09-08
NIVABUPA,EQ,81.09,81.1,80.01,80.55,80.67,309739,249.26,2026-09-08
NKIND,EQ,65.8,65.8,58.65,61.05,57.21,3020,1.84,2026-09-08
NLCINDIA,EQ,269.3,272.7,268.35,272.25,269.3,725528,1964.28,2026-09-08
NMDC,EQ,84.06,84.78,83.74,84.71,83.85,12129471,10225.19,2026-09-08
NOCIL,EQ,172.0,186.8,171.35,185.07,172.23,6480440,11824.03,2026-09-08
NOIDATOLL,EQ,4.02,4.05,3.93,3.99,4.02,39452,1.57,2026-09-08
NORBTEAEXP,EQ,67.8,69.86,66.12,69.75,67.71,1346,0.9,2026-09-08
NORTHARC,EQ,307.9,313.9,302.85,310.85,306.0,1487186,4609.63,2026-09-08
NOVARTIND,EQ,1659.0,1856.0,1640.1,1822.0,1639.6,551700,9936.4,2026-09-08
NPBET,EQ,287.28,287.6,285.87,285.87,287.34,99,0.28,2026-09-08
NPST,EQ,1748.3,1753.5,1692.2,1716.5,1740.4,22167,380.7,2026-09-08
NRAIL,EQ,599.9,648.3,589.95,644.35,589.95,144623,914.32,2026-09-08
NRBBEARING,EQ,484.0,492.0,475.0,489.6,483.0,360511,1746.7,2026-09-08
NSIL,EQ,5656.0,5723.0,5650.0,5660.0,5677.0,973,55.23,2026-09-08
NSLNISP,EQ,46.19,46.25,44.81,45.02,45.87,4004951,1827.72,2026-09-08
NTCIND,EQ,139.0,139.0,133.32,136.8,134.57,3656,4.94,2026-09-08
NTPC,EQ,330.0,333.2,328.65,330.8,332.0,7351373,24347.79,2026-09-08
NTPCGREEN,EQ,88.16,88.6,87.5,88.44,88.16,1452819,1279.37,2026-09-08
NUCLEUS,EQ,712.3,720.45,712.3,717.45,718.4,8575,61.53,2026-09-08
NUVAMA,EQ,1832.5,1849.9,1786.7,1836.4,1832.4,249041,4542.67,2026-09-08
NUVOCO,EQ,347.9,347.9,339.1,339.85,345.1,115833,396.97,2026-09-08
NV20,EQ,13.82,13.82,13.71,13.75,13.82,408358,56.15,2026-09-08
NV20BEES,EQ,138.43,138.43,137.26,137.75,138.43,14767,20.35,2026-09-08
NV20IETF,EQ,13.56,13.56,13.4,13.42,13.49,703019,94.37,2026-09-08
NYKAA,EQ,333.1,341.55,333.1,341.0,332.7,5740245,19470.66,2026-09-08
OAL,EQ,530.25,545.95,500.0,530.95,537.35,79913,414.1,2026-09-08
OBCL,EQ,55.26,56.5,55.05,55.63,55.03,4553,2.53,2026-09-08
OBEROIRLTY,EQ,1852.0,1857.2,1820.4,1833.8,1847.5,261690,4808.77,2026-09-08
ODIGMA,EQ,22.98,22.98,21.41,21.99,22.46,18658,4.12,2026-09-08
ODYCORP,EQ,7.1,7.45,7.1,7.27,7.26,3697,0.27,2026-09-08
OFSS,EQ,11750.0,11815.0,11636.0,11780.0,11847.0,101559,11912.37,2026-09-08
OIL,EQ,486.4,501.3,482.8,495.4,487.0,2619912,12936.66,2026-09-08
OILIETF,EQ,11.15,11.31,11.15,11.21,11.26,1003926,112.66,2026-09-08
OLAELEC,EQ,37.96,38.0,37.38,37.63,37.96,20686084,7781.34,2026-09-08
OLECTRA,EQ,1215.7,1224.0,1200.0,1213.7,1207.4,234825,2839.64,2026-09-08
OMAXAUTO,EQ,177.63,178.86,167.35,170.75,177.63,109441,189.62,2026-09-08
OMAXE,EQ,129.11,131.85,126.2,127.58,129.82,799127,1025.43,2026-09-08
OMINFRAL,EQ,84.8,84.8,80.75,81.96,83.64,46884,38.78,2026-09-08
OMNI,EQ,524.95,539.75,518.55,525.9,519.55,328386,1728.41,2026-09-08
OMPOWER,EQ,171.73,171.73,168.31,170.0,170.31,34886,59.19,2026-09-08
ONEGLOBAL,EQ,522.0,537.65,513.05,531.2,522.0,23535,123.14,2026-09-08
ONEPOINT,EQ,57.83,58.25,56.07,56.36,57.73,279089,159.3,2026-09-08
ONESOURCE,EQ,1560.0,1645.7,1557.5,1579.5,1552.3,707456,11374.92,2026-09-08
ONGC,EQ,234.8,238.0,232.22,236.0,233.7,7965065,18709.25,2026-09-08
ONIDA,EQ,34.85,35.74,34.12,34.76,34.81,340380,118.85,2026-09-08
ONIXSOLAR,EQ,434.0,444.35,425.0,444.3,423.2,435163,1915.02,2026-09-08
ONWARDTEC,EQ,283.85,292.0,282.35,286.3,283.85,48760,140.21,2026-09-08
OPTIEMUS,EQ,562.9,569.4,552.4,556.35,560.45,75184,418.71,2026-09-08
OPTIFIN,EQ,14.43,15.15,14.36,14.52,14.43,56239,8.25,2026-09-08
ORCHASP,EQ,1.32,1.38,1.29,1.36,1.29,185912,2.5,2026-09-08
ORCHPHARMA,EQ,945.0,968.5,937.35,965.8,947.1,26453,254.32,2026-09-08
ORICONENT,EQ,52.25,55.48,52.25,53.16,52.92,38106,20.5,2026-09-08
ORIENTALTL,EQ,5.21,5.21,5.03,5.11,5.12,86230,4.41,2026-09-08
ORIENTBELL,EQ,415.15,424.95,407.0,410.3,415.1,37419,156.05,2026-09-08
ORIENTCEM,EQ,126.8,127.59,125.01,126.42,126.56,378422,479.09,2026-09-08
ORIENTCER,EQ,44.9,45.9,43.86,45.0,44.6,68672,30.59,2026-09-08
ORIENTELEC,EQ,177.84,177.84,174.5,175.54,176.38,83726,146.82,2026-09-08
ORIENTHOT,EQ,139.0,141.68,138.37,140.54,139.11,428985,602.98,2026-09-08
ORIENTPPR,EQ,18.96,18.99,18.09,18.29,18.81,387404,71.91,2026-09-08
ORIENTTECH,EQ,235.16,237.0,232.0,233.43,235.16,60257,140.65,2026-09-08
ORIRAIL,EQ,127.28,130.99,126.7,128.38,127.28,67864,87.32,2026-09-08
ORISSAMINE,EQ,4197.9,4260.0,4178.0,4198.7,4189.9,4495,189.68,2026-09-08
ORKLAINDIA,EQ,593.0,597.55,588.05,589.85,590.7,48821,289.96,2026-09-08
ORTINGLOBE,EQ,16.2,16.2,15.32,15.93,15.44,57526,9.26,2026-09-08
OSWALAGRO,EQ,36.13,36.85,35.64,36.21,36.61,70117,25.3,2026-09-08
OSWALGREEN,EQ,20.38,20.44,20.01,20.29,20.27,100368,20.32,2026-09-08
OSWALPUMPS,EQ,274.0,277.7,272.05,274.8,274.4,394684,1083.72,2026-09-08
OSWALSEEDS,EQ,12.25,12.5,11.86,12.14,12.06,40865,4.96,2026-09-08
PACEDIGITK,EQ,162.0,164.0,156.73,160.31,161.09,946446,1531.76,2026-09-08
PACIFICI,EQ,140.0,140.0,140.0,140.0,140.0,4,0.01,2026-09-08
PAGEIND,EQ,35700.0,36540.0,35505.0,35915.0,35825.0,24215,8731.96,2026-09-08
PAISALO,EQ,78.76,78.85,76.71,77.72,79.41,10883081,8469.85,2026-09-08
PAKKA,EQ,77.01,80.1,77.01,78.54,77.22,229029,179.93,2026-09-08
PALASHSECU,EQ,90.98,91.9,88.0,88.14,89.2,285,0.26,2026-09-08
PALREDTEC,EQ,55.84,56.0,53.32,53.32,56.12,6675,3.71,2026-09-08
PANACEABIO,EQ,379.1,398.0,377.6,391.85,378.4,101506,392.64,2026-09-08
PANAMAPET,EQ,481.2,489.1,473.0,483.15,481.35,160244,771.39,2026-09-08
PANCHMAHQ,EQ,299.45,318.0,253.95,290.0,296.85,394,1.12,2026-09-08
PANORAMA,EQ,49.41,50.04,46.26,48.38,48.87,288476,141.84,2026-09-08
PANSARI,EQ,301.2,301.2,290.0,290.8,300.45,2968,8.87,2026-09-08
PARACABLES,EQ,65.56,69.5,64.85,69.05,65.61,4828599,3291.69,2026-09-08
PARADEEP,EQ,158.69,166.5,157.98,159.79,157.98,8713293,14200.94,2026-09-08
PARAGMILK,EQ,251.6,256.5,246.3,254.4,250.25,917296,2319.24,2026-09-08
PARAS,EQ,1496.5,1563.9,1496.0,1504.0,1489.4,2631639,40310.05,2026-09-08
PARASPETRO,EQ,2.17,2.17,2.1,2.13,2.15,148151,3.16,2026-09-08
PARKHOSPS,EQ,286.9,286.9,281.7,282.25,286.8,230408,654.25,2026-09-08
PARKHOTELS,EQ,112.0,114.19,110.71,113.11,111.21,228241,256.61,2026-09-08
PARNAXLAB,EQ,126.73,129.35,125.15,125.9,132.99,2682,3.4,2026-09-08
PASHUPATI,EQ,82.5,87.0,79.2,81.02,81.34,227818,187.93,2026-09-08
PATANJALI,EQ,342.0,342.8,339.0,342.0,340.9,1412377,4818.01,2026-09-08
PATELENG,EQ,27.0,27.22,26.72,26.93,27.1,1875076,505.21,2026-09-08
PATELRMART,EQ,217.8,218.79,214.17,215.2,217.99,90636,196.05,2026-09-08
PAUSHAKLTD,EQ,767.0,780.95,744.35,770.7,763.1,36424,275.78,2026-09-08
PAVNAIND,EQ,16.25,16.68,16.1,16.18,16.09,26923,4.38,2026-09-08
PAYTM,EQ,1654.5,1676.7,1636.0,1670.0,1664.0,2338072,38884.24,2026-09-08
PCBL,EQ,325.0,334.7,321.9,328.8,317.45,6607816,21642.55,2026-09-08
PCJEWELLER,EQ,14.23,14.44,13.18,13.52,13.93,1114322441,151753.71,2026-09-08
PDMJEPAPER,EQ,102.4,104.72,98.1,99.61,101.43,699525,708.69,2026-09-08
PDSL,EQ,351.15,351.6,344.25,346.2,349.6,91940,319.58,2026-09-08
PEARLPOLY,EQ,15.69,15.87,15.52,15.64,15.3,3250,0.51,2026-09-08
PENIND,EQ,176.0,182.5,175.5,180.62,175.96,1266398,2278.24,2026-09-08
PENINLAND,EQ,16.06,16.28,15.3,15.67,16.17,117089,18.59,2026-09-08
PERMAGN,EQ,874.8,900.0,856.2,863.1,872.0,3734,32.68,2026-09-08
PERNIASPOP,EQ,559.95,566.9,540.5,557.3,568.55,703695,3885.1,2026-09-08
PERSISTENT,EQ,5550.0,5600.0,5491.0,5560.0,5540.0,330550,18385.84,2026-09-08
PETRONET,EQ,290.95,291.0,285.0,285.8,290.95,1543809,4430.84,2026-09-08
PFC,EQ,352.05,356.5,351.15,355.9,353.1,6879445,24377.07,2026-09-08
PFIZER,EQ,4530.0,4580.8,4300.0,4310.7,4596.5,186580,8159.25,2026-09-08
PFOCUS,EQ,315.0,324.9,309.3,313.15,311.75,2434717,7761.74,2026-09-08
PFS,EQ,27.4,27.79,27.11,27.71,27.39,1295363,358.11,2026-09-08
PGEL,EQ,557.85,562.0,551.05,553.7,559.55,1171922,6504.66,2026-09-08
PGHH,EQ,7635.0,7848.0,7562.0,7736.0,7634.5,28369,2184.64,2026-09-08
PGHL,EQ,5675.0,5675.0,5585.5,5603.0,5667.0,4338,244.03,2026-09-08
PGIL,EQ,2285.0,2389.9,2270.1,2366.8,2257.2,107491,2523.05,2026-09-08
PHARMABEES,EQ,28.08,28.08,27.34,27.66,27.4,4041902,1115.23,2026-09-08
PHOENIXLTD,EQ,1910.7,1915.0,1885.0,1885.0,1905.0,329961,6253.01,2026-09-08
PHOENXINTL,EQ,30.0,30.8,29.15,29.81,29.68,2165,0.65,2026-09-08
PICCADIL,EQ,618.0,623.85,605.1,608.3,617.95,114816,705.72,2026-09-08
PIDILITIND,EQ,1579.8,1593.0,1565.0,1593.0,1575.0,738063,11639.05,2026-09-08
PIGL,EQ,98.35,98.58,95.5,96.13,98.35,44872,43.42,2026-09-08
PIIND,EQ,2416.4,2428.4,2390.1,2395.0,2430.0,98267,2359.75,2026-09-08
PILANIINVS,EQ,4335.9,4369.0,4250.1,4261.7,4298.7,1047,45.02,2026-09-08
PILITA,EQ,7.85,7.97,7.56,7.75,7.85,89087,6.91,2026-09-08
PINELABS,EQ,163.99,173.94,162.35,169.55,164.49,38342385,65433.71,2026-09-08
PIONEEREMB,EQ,21.64,21.89,20.36,21.02,21.74,23006,4.84,2026-09-08
PIRAMALFIN,EQ,2285.0,2309.9,2236.6,2298.5,2261.0,481431,11021.82,2026-09-08
PITTIENG,EQ,1199.9,1199.9,1135.6,1171.3,1176.2,219301,2550.61,2026-09-08
PIXTRANS,EQ,1754.8,1754.8,1710.0,1722.0,1754.9,16266,281.51,2026-09-08
PKTEA,EQ,999.0,1115.0,963.15,972.75,963.15,61700,644.16,2026-09-08
PLASTIBLEN,EQ,196.78,196.78,190.0,191.23,193.14,26956,51.99,2026-09-08
PLATIND,EQ,233.01,235.93,230.3,232.47,233.73,52015,121.18,2026-09-08
PLAZACABLE,EQ,58.3,59.98,56.1,56.84,59.05,245887,140.87,2026-09-08
PML,EQ,505.0,505.0,480.05,482.15,489.75,105,0.51,2026-09-08
PNB,EQ,115.75,116.68,114.95,116.0,115.6,11972532,13916.72,2026-09-08
PNBGILTS,EQ,83.0,84.98,80.75,81.26,81.87,596996,491.09,2026-09-08
PNBHOUSING,EQ,1182.0,1185.0,1166.5,1167.1,1182.1,524914,6168.1,2026-09-08
PNC,EQ,16.3,17.4,16.05,16.66,16.35,4645,0.77,2026-09-08
PNCINFRA,EQ,181.9,182.05,175.6,177.06,181.71,585027,1038.57,2026-09-08
PNGJL,EQ,621.9,632.45,615.0,627.45,618.95,958774,6020.17,2026-09-08
PNGSREVA,EQ,540.85,554.7,530.25,546.55,540.15,252382,1371.26,2026-09-08
POCL,EQ,472.4,477.35,466.5,469.45,467.95,198450,933.68,2026-09-08
PODDARMENT,EQ,280.0,333.4,280.0,311.45,277.85,276944,883.7,2026-09-08
POEL,EQ,149.5,149.5,143.52,144.12,145.39,16681,24.22,2026-09-08
POKARNA,EQ,806.0,814.9,782.0,786.65,803.0,161959,1282.52,2026-09-08
POLICYBZR,EQ,1787.0,1827.9,1775.9,1826.0,1792.0,1108483,20164.7,2026-09-08
POLYCAB,EQ,8301.0,8433.0,8301.0,8373.5,8261.0,604579,50653.68,2026-09-08
POLYMED,EQ,1700.3,1751.0,1682.3,1730.1,1701.1,127092,2196.59,2026-09-08
POLYPLEX,EQ,1175.0,1177.6,1141.5,1149.6,1180.0,51471,594.24,2026-09-08
POLYSPIN,EQ,29.28,29.28,28.99,29.0,29.42,683,0.2,2026-09-08
PONNIERODE,EQ,387.95,387.95,376.0,378.55,386.85,14432,54.81,2026-09-08
POONAWALLA,EQ,460.0,460.0,452.35,455.25,459.15,418071,1903.09,2026-09-08
POWERGRID,EQ,265.65,267.25,263.0,265.75,266.45,7385483,19596.96,2026-09-08
POWERICA,EQ,512.1,533.1,509.0,530.7,512.1,111394,583.86,2026-09-08
POWERINDIA,EQ,31500.0,31570.0,30550.0,31135.0,31775.0,278064,86323.74,2026-09-08
POWERMECH,EQ,2359.8,2443.4,2351.0,2415.1,2359.8,50094,1205.19,2026-09-08
PPLPHARMA,EQ,220.65,231.93,220.37,226.62,219.66,21040344,47594.85,2026-09-08
PRABHA,EQ,244.8,260.0,244.05,253.55,243.39,1160678,2937.43,2026-09-08
PRAENG,EQ,24.74,24.74,22.5,22.69,24.25,88785,20.74,2026-09-08
PRAJIND,EQ,336.5,340.0,334.0,338.85,336.55,279523,941.5,2026-09-08
PRAKASH,EQ,125.99,129.89,125.11,127.3,125.08,682134,869.38,2026-09-08
PRAKASHSTL,EQ,3.83,3.94,3.68,3.75,3.75,174917,6.65,2026-09-08
PRAVEG,EQ,264.55,279.0,259.2,270.75,264.55,122995,332.64,2026-09-08
PRAXIS,EQ,4.74,4.84,4.65,4.69,4.66,112712,5.34,2026-09-08
PRECAM,EQ,123.96,124.39,121.1,121.71,123.98,137481,167.98,2026-09-08
PRECOT,EQ,693.0,702.45,676.05,682.9,693.9,4798,32.91,2026-09-08
PRECWIRE,EQ,462.0,489.6,460.95,480.2,460.95,1098914,5275.92,2026-09-08
PREMCO,EQ,391.95,392.9,385.1,392.0,391.95,212,0.82,2026-09-08
PREMEXPLN,EQ,663.1,678.8,663.1,677.7,663.25,317368,2140.29,2026-09-08
PREMIERENE,EQ,990.0,998.0,982.3,988.8,990.0,355380,3512.2,2026-09-08
PREMIERPOL,EQ,90.9,92.89,89.9,90.56,91.45,184768,168.49,2026-09-08
PRESTIGE,EQ,1549.1,1566.0,1532.0,1561.6,1550.0,505136,7846.98,2026-09-08
PRICOLLTD,EQ,782.0,782.2,755.05,758.6,779.35,294938,2242.13,2026-09-08
PRIMESECU,EQ,278.15,286.2,276.35,279.45,278.9,34338,96.93,2026-09-08
PRIMO,EQ,20.88,21.14,19.26,20.41,20.87,198332,40.37,2026-09-08
PRINCEPIPE,EQ,284.0,290.0,278.05,285.75,283.95,329475,930.69,2026-09-08
PRISMX,EQ,0.54,0.57,0.54,0.55,0.54,127960,0.71,2026-09-08
PRIVISCL,EQ,3382.6,3497.0,3352.5,3469.6,3382.6,101601,3479.46,2026-09-08
PROSTARM,EQ,138.8,139.03,135.0,135.23,138.86,122880,167.53,2026-09-08
PROTEAN,EQ,513.0,514.85,498.0,499.65,515.4,211683,1064.47,2026-09-08
PROZONER,EQ,48.0,49.4,47.5,48.92,48.01,189943,92.21,2026-09-08
PRSMJOHNSN,EQ,112.1,113.99,111.35,112.27,112.21,316056,356.13,2026-09-08
PRUDENT,EQ,3367.7,3390.0,3255.1,3277.5,3367.7,39653,1307.51,2026-09-08
PSB,EQ,22.9,23.01,22.77,22.86,22.98,519212,118.73,2026-09-08
PSPPROJECT,EQ,870.0,886.45,858.85,875.4,869.05,37405,327.24,2026-09-08
PSUBANK,EQ,84.43,84.99,83.9,84.22,84.42,41388,34.85,2026-09-08
PSUBANKADD,EQ,85.06,85.4,84.9,85.12,85.39,14460,12.31,2026-09-08
PSUBNKBEES,EQ,95.6,95.6,93.71,93.97,94.21,1124101,1056.61,2026-09-08
PSUBNKIETF,EQ,85.65,85.67,85.0,85.1,85.42,79437,67.7,2026-09-08
PTC,EQ,155.36,155.45,153.33,154.2,154.78,1017313,1565.99,2026-09-08
PTCIL,EQ,23760.0,24085.0,23625.0,23730.0,23755.0,23447,5595.32,2026-09-08
PTL,EQ,38.82,38.93,38.11,38.43,38.69,65200,25.2,2026-09-08
PUNJABCHEM,EQ,1090.0,1105.8,1081.5,1094.9,1098.4,2946,32.27,2026-09-08
PURVA,EQ,223.02,223.02,214.8,216.39,223.02,301966,656.65,2026-09-08
PVP,EQ,63.37,67.22,62.51,64.07,65.16,2145805,1385.15,2026-09-08
PVRINOX,EQ,1161.5,1243.0,1153.6,1231.3,1156.5,1863426,22690.31,2026-09-08
PVSL,EQ,100.54,103.93,99.52,101.63,100.54,25283,25.51,2026-09-08
PVTBANIETF,EQ,27.92,28.0,27.75,27.8,28.02,824898,229.96,2026-09-08
PVTBANK,EQ,27.68,27.74,27.6,27.62,27.87,2839,0.79,2026-09-08
PVTBANKADD,EQ,28.21,28.21,27.8,27.93,28.24,61827,17.35,2026-09-08
PVTBKGROWW,EQ,28.19,28.19,27.55,27.7,27.9,9783,2.71,2026-09-08
PWL,EQ,129.67,129.67,126.16,126.63,129.67,5315731,6762.22,2026-09-08
PYRAMID,EQ,151.64,153.6,151.0,151.67,151.3,26098,39.72,2026-09-08
QGOLDHALF,EQ,126.0,127.47,125.79,126.09,125.79,263070,332.05,2026-09-08
QNIFTY,EQ,267.0,267.0,258.51,261.76,262.18,5892,15.39,2026-09-08
QPOWER,EQ,1500.0,1525.0,1450.1,1519.7,1482.5,292715,4360.39,2026-09-08
QUADFUTURE,EQ,418.9,444.0,415.0,441.0,415.65,1096145,4779.11,2026-09-08
QUAL30IETF,EQ,20.76,21.0,20.76,20.9,20.82,35378,7.4,2026-09-08
QUALITY30,EQ,20.36,20.57,20.36,20.47,20.49,4104,0.84,2026-09-08
QUESS,EQ,340.0,347.9,324.0,337.5,339.6,850090,2832.02,2026-09-08
QUICKHEAL,EQ,154.49,161.0,152.8,153.44,153.16,147505,228.97,2026-09-08
QUINT,EQ,39.01,41.0,39.01,39.85,39.3,7175,2.86,2026-09-08
RACE,EQ,101.92,101.92,96.25,97.5,99.92,4268,4.19,2026-09-08
RACLGEAR,EQ,1575.0,1580.8,1527.2,1540.2,1573.7,21693,335.13,2026-09-08
RADAAN,EQ,3.0,3.03,2.92,2.98,3.0,17012,0.51,2026-09-08
RADHIKAJWE,EQ,94.21,97.5,86.37,87.96,94.28,8196082,7410.38,2026-09-08
RADIANTCMS,EQ,43.0,43.39,41.03,41.24,42.72,426592,178.43,2026-09-08
RADICO,EQ,4450.1,4497.6,4424.0,4485.0,4444.0,139858,6230.79,2026-09-08
RADIOCITY,EQ,6.25,6.25,6.0,6.11,6.23,55539,3.41,2026-09-08
RAILTEL,EQ,270.0,271.0,264.75,266.3,270.05,456353,1218.11,2026-09-08
RAIN,EQ,212.9,222.35,212.42,217.81,211.38,6812552,14854.9,2026-09-08
RAINBOW,EQ,1469.9,1479.0,1444.7,1449.9,1469.9,65166,946.61,2026-09-08
RAJMET,EQ,3.16,3.3,3.1,3.25,3.15,595934,19.15,2026-09-08
RAJPALAYAM,EQ,779.5,786.0,770.4,785.0,775.65,468,3.66,2026-09-08
RAJRATAN,EQ,491.7,499.8,486.3,496.8,488.8,73019,360.35,2026-09-08
RAJSREESUG,EQ,35.5,36.3,35.03,35.49,35.68,19238,6.82,2026-09-08
RAJTV,EQ,8.83,8.84,8.36,8.64,8.47,56918,4.85,2026-09-08
RALLIS,EQ,206.2,206.91,204.68,205.29,206.15,425909,876.47,2026-09-08
RAMANEWS,EQ,32.89,34.3,32.66,33.74,32.64,151147,51.05,2026-09-08
RAMAPHO,EQ,125.88,125.88,124.0,124.74,124.2,14324,17.9,2026-09-08
RAMBHAJO,EQ,273.01,283.95,266.94,275.04,276.32,848380,2336.16,2026-09-08
RAMCOCEM,EQ,876.0,881.9,865.0,871.45,871.5,201465,1755.42,2026-09-08
RAMCOIND,EQ,322.0,324.35,318.75,321.5,323.05,73261,235.27,2026-09-08
RAMCOSYS,EQ,605.0,616.0,589.75,609.15,604.35,99742,602.89,2026-09-08
RAMKY,EQ,337.15,340.65,335.2,337.6,339.6,21327,72.07,2026-09-08
RAMRAT,EQ,527.65,536.9,509.1,531.25,527.2,272615,1431.08,2026-09-08
RANASUG,EQ,15.1,15.15,14.9,14.9,14.99,228040,34.19,2026-09-08
RANEHOLDIN,EQ,1669.8,1738.0,1657.8,1691.8,1673.0,23261,396.2,2026-09-08
RATEGAIN,EQ,858.4,871.0,847.0,862.7,856.5,295189,2541.77,2026-09-08
RATNAMANI,EQ,2680.0,2819.0,2640.0,2803.8,2658.5,145586,4034.5,2026-09-08
RATNAVEER,EQ,309.35,309.35,295.05,297.8,306.45,2092906,6276.83,2026-09-08
RAYMOND,EQ,775.0,869.0,775.0,857.8,772.4,13357784,112720.18,2026-09-08
RAYMONDLSL,EQ,672.0,727.7,667.85,696.85,672.9,990648,7010.91,2026-09-08
RAYMONDREL,EQ,554.3,592.2,549.3,582.5,553.7,872805,5029.47,2026-09-08
RBA,EQ,96.41,96.83,95.01,95.54,96.41,2625931,2512.74,2026-09-08
RBLBANK,EQ,413.0,419.1,413.0,418.5,415.0,1994199,8321.51,2026-09-08
RCF,EQ,113.9,115.74,113.25,113.73,113.92,863763,985.95,2026-09-08
RECLTD,EQ,316.8,318.0,314.0,317.85,316.4,4604418,14552.05,2026-09-08
REDINGTON,EQ,379.0,379.9,369.6,373.55,378.2,3067237,11492.27,2026-09-08
REDTAPE,EQ,118.9,118.9,115.0,115.58,118.81,398356,463.61,2026-09-08
REFEX,EQ,278.0,278.8,275.0,275.85,277.15,155563,430.45,2026-09-08
REGAAL,EQ,87.17,88.69,87.0,87.3,88.16,102928,90.18,2026-09-08
REGENCERAM,EQ,34.46,36.8,34.1,34.23,35.0,880,0.31,2026-09-08
RELAXO,EQ,338.0,341.9,331.15,333.7,338.05,81314,271.66,2026-09-08
RELCHEMQ,EQ,112.25,116.99,112.25,114.09,113.33,937,1.06,2026-09-08
RELIABLE,EQ,140.16,142.0,134.93,140.67,138.12,53257,73.72,2026-09-08
RELIANCE,EQ,1304.1,1306.8,1288.0,1294.9,1309.5,9799528,126823.21,2026-09-08
RELIGARE,EQ,253.51,256.54,252.4,254.61,255.45,439324,1117.12,2026-09-08
RELTD,EQ,158.39,160.58,154.26,155.39,159.21,109145,172.11,2026-09-08
REMSONSIND,EQ,98.68,102.0,96.25,97.26,97.86,115898,114.58,2026-09-08
RENUKA,EQ,25.15,25.73,24.97,25.19,25.15,20638935,5213.98,2026-09-08
REPCOHOME,EQ,356.8,365.95,356.8,361.35,358.75,64962,234.7,2026-09-08
REPRO,EQ,325.1,326.3,318.0,319.4,324.25,4269,13.7,2026-09-08
RESPONIND,EQ,147.0,149.45,142.98,148.23,148.15,474819,695.51,2026-09-08
RETAIL,EQ,16.13,17.75,16.13,17.23,16.59,5303,0.92,2026-09-08
RGL,EQ,151.61,153.09,146.1,150.0,153.1,854180,1270.9,2026-09-08
RHETAN,EQ,28.01,28.01,28.0,28.0,26.68,9758911,2733.28,2026-09-08
RHIM,EQ,372.0,373.5,369.25,371.7,373.8,98879,367.43,2026-09-08
RHL,EQ,166.16,169.7,166.0,166.66,166.16,116,0.2,2026-09-08
RICOAUTO,EQ,135.6,136.25,131.28,132.38,135.47,670884,889.54,2026-09-08
RIIL,EQ,732.95,739.45,727.2,729.7,732.4,35438,258.89,2026-09-08
RIR,EQ,191.16,193.01,179.07,183.84,191.95,1449221,2681.46,2026-09-08
RISHABH,EQ,803.9,822.8,800.05,808.3,809.95,227115,1846.59,2026-09-08
RITCO,EQ,319.8,328.15,315.4,318.45,319.8,121488,392.44,2026-09-08
RITES,EQ,215.0,215.8,212.75,212.97,215.8,171667,366.82,2026-09-08
RKDL,EQ,18.78,18.78,18.28,18.36,18.25,7175,1.33,2026-09-08
RKEC,EQ,20.88,20.88,19.55,20.45,20.3,73451,14.9,2026-09-08
RKFORGE,EQ,706.25,709.8,695.1,701.3,706.25,527188,3698.77,2026-09-08
RKSWAMY,EQ,93.57,96.0,93.21,94.34,93.66,19078,17.96,2026-09-08
RMC,EQ,233.55,239.7,224.1,226.19,233.31,94977,217.96,2026-09-08
RML,EQ,1351.0,1423.5,1350.9,1390.0,1388.2,207077,2878.11,2026-09-08
ROHLTD,EQ,307.0,310.0,298.0,308.0,303.9,33605,102.57,2026-09-08
ROLEXRINGS,EQ,177.0,178.0,174.05,175.52,175.67,831437,1460.65,2026-09-08
ROML,EQ,42.5,43.6,42.0,42.26,43.01,2078,0.88,2026-09-08
ROSSARI,EQ,458.55,458.95,453.5,454.6,458.5,48650,221.42,2026-09-08
ROSSELLIND,EQ,56.93,57.6,56.15,56.51,56.92,33600,19.09,2026-09-08
ROSSTECH,EQ,1160.0,1228.7,1151.0,1218.0,1148.2,407001,4881.31,2026-09-08
ROTO,EQ,63.8,67.45,63.19,65.44,63.59,1146304,755.6,2026-09-08
ROUTE,EQ,512.05,512.1,500.55,502.55,512.05,56368,284.51,2026-09-08
RPEL,EQ,1689.0,1719.0,1679.1,1692.6,1681.2,101435,1723.5,2026-09-08
RPGLIFE,EQ,2673.0,2870.0,2642.1,2802.6,2673.4,28308,781.17,2026-09-08
RPOWER,EQ,22.02,22.04,21.57,21.71,21.94,14966105,3256.45,2026-09-08
RPPINFRA,EQ,54.2,55.86,53.5,53.68,54.28,31611,17.16,2026-09-08
RPSGVENT,EQ,803.4,825.95,803.4,819.05,816.5,13979,114.23,2026-09-08
RPTECH,EQ,854.95,864.8,791.45,817.95,853.4,737587,6027.9,2026-09-08
RRECL,EQ,132.27,133.0,127.05,130.01,132.27,532,0.69,2026-09-08
RRIL,EQ,16.79,17.29,15.61,16.12,16.54,75307,12.33,2026-09-08
RRKABEL,EQ,2388.1,2468.0,2388.1,2448.5,2387.1,665066,16255.83,2026-09-08
RSL,EQ,187.69,192.0,186.05,190.21,186.05,297716,563.69,2026-09-08
RSSOFTWARE,EQ,29.59,29.93,29.0,29.09,29.59,31601,9.29,2026-09-08
RSYSTEMS,EQ,251.44,251.44,245.0,245.89,250.72,82877,204.67,2026-09-08
RTNINDIA,EQ,28.14,28.3,27.62,28.05,28.14,1114969,311.85,2026-09-08
RTNPOWER,EQ,7.3,7.31,7.22,7.28,7.32,12658598,919.18,2026-09-08
RTSPOWR,EQ,93.0,93.0,87.31,88.17,89.68,1123,0.99,2026-09-08
RUBFILA,EQ,70.96,71.39,69.53,70.18,70.96,91354,64.15,2026-09-08
RUBICON,EQ,1751.0,1870.0,1741.9,1860.6,1748.4,316261,5779.29,2026-09-08
RUBYMILLS,EQ,447.7,458.8,439.55,450.3,457.0,38798,173.65,2026-09-08
RUCHINFRA,EQ,5.71,5.76,5.55,5.63,5.62,35307,1.99,2026-09-08
RUCHIRA,EQ,108.0,113.97,108.0,112.17,107.88,233548,261.48,2026-09-08
RUDRA,EQ,20.04,20.78,19.55,19.77,20.04,44191,8.87,2026-09-08
RUPA,EQ,142.92,143.0,141.05,142.18,142.92,68578,97.3,2026-09-08
RUSHIL,EQ,16.0,16.34,15.67,16.07,16.04,285323,45.81,2026-09-08
RUSTOMJEE,EQ,367.0,369.0,351.05,357.55,366.9,588269,2094.88,2026-09-08
RVHL,EQ,40.8,40.8,39.6,39.99,40.2,5622,2.25,2026-09-08
RVNL,EQ,210.05,211.3,207.0,207.5,210.05,2884655,6027.15,2026-09-08
RVTH,EQ,713.95,779.0,713.0,752.45,717.5,5687,42.48,2026-09-08
S&SPOWER,EQ,339.4,350.7,330.4,350.7,334.0,5869,20.38,2026-09-08
SAATVIKGL,EQ,416.6,421.95,412.2,415.95,421.0,60306,250.58,2026-09-08
SAB,EQ,192.6,192.6,183.0,192.5,192.6,169,0.32,2026-09-08
SADBHAV,EQ,8.03,8.07,7.85,7.99,8.02,253373,20.16,2026-09-08
SAFARI,EQ,1530.0,1540.9,1510.4,1533.7,1537.8,27701,423.98,2026-09-08
SAGARDEEP,EQ,24.8,24.8,23.4,23.98,23.64,8342,2.0,2026-09-08
SAGCEM,EQ,153.64,155.5,151.1,151.82,153.64,108825,166.56,2026-09-08
SAGILITY,EQ,45.9,46.05,45.19,45.7,45.95,14824946,6753.95,2026-09-08
SAHLIBHFI,EQ,86.54,88.48,84.0,84.95,86.54,25629,22.03,2026-09-08
SAHYADRI,EQ,391.3,395.0,373.05,385.0,394.55,18574,70.91,2026-09-08
SAICAPI,EQ,142.0,155.0,142.0,151.11,141.6,716,1.08,2026-09-08
SAIL,EQ,188.5,190.8,186.05,186.1,187.9,19246316,36222.29,2026-09-08
SAILIFE,EQ,1579.6,1657.2,1574.0,1647.1,1579.6,1414082,23120.91,2026-09-08
SAIPARENT,EQ,520.75,534.0,518.0,529.7,516.45,63249,334.44,2026-09-08
SAKAR,EQ,1140.0,1211.0,1112.05,1157.85,1109.2,580120,6782.85,2026-09-08
SAKHTISUG,EQ,19.88,20.24,19.65,19.93,19.96,106321,21.18,2026-09-08
SAKSOFT,EQ,150.52,151.98,149.2,149.98,151.77,215339,323.82,2026-09-08
SAKUMA,EQ,1.63,1.64,1.61,1.63,1.62,612558,9.97,2026-09-08
SALASAR,EQ,5.05,5.19,5.0,5.14,5.09,4457217,225.67,2026-09-08
SALONA,EQ,260.8,263.75,251.95,259.3,263.45,508,1.31,2026-09-08
SALSTEEL,EQ,81.5,83.4,78.35,79.63,81.8,555238,449.8,2026-09-08
SALZERELEC,EQ,551.6,572.95,544.0,550.55,551.1,56573,313.79,2026-09-08
SAMBANDAM,EQ,119.99,120.0,118.0,118.0,120.4,168,0.2,2026-09-08
SAMBHAAV,EQ,5.85,6.02,5.66,5.96,5.85,13109,0.77,2026-09-08
SAMBHV,EQ,134.75,134.83,126.98,128.67,133.53,1530368,1986.13,2026-09-08
SAMHI,EQ,155.77,158.09,153.42,155.61,155.77,806381,1256.19,2026-09-08
SAMMAANCAP,EQ,155.0,155.33,152.67,153.0,155.92,2524388,3880.77,2026-09-08
SAMPANN,EQ,24.54,24.74,23.81,24.35,24.54,11876,2.88,2026-09-08
SANATHAN,EQ,473.7,479.9,467.85,470.5,470.9,111078,525.54,2026-09-08
SANDESH,EQ,1053.9,1064.7,1051.0,1051.1,1053.9,1472,15.52,2026-09-08
SANDHAR,EQ,624.7,627.8,615.35,626.35,620.4,80151,498.22,2026-09-08
SANDUMA,EQ,196.45,198.85,195.39,196.57,195.17,382799,753.43,2026-09-08
SANGAMIND,EQ,576.8,587.0,566.6,580.0,576.3,19148,110.02,2026-09-08
SANGHVIMOV,EQ,437.95,445.85,428.45,441.2,438.6,224364,987.11,2026-09-08
SANOFI,EQ,3130.0,3132.5,3111.0,3114.9,3122.0,11823,368.41,2026-09-08
SANOFICONR,EQ,4106.0,4129.9,4040.5,4075.6,4106.0,2771,112.8,2026-09-08
SANSERA,EQ,4020.0,4094.3,3957.7,4033.6,3896.3,397756,16024.52,2026-09-08
SANSTAR,EQ,110.93,110.93,108.8,109.62,110.01,136076,149.18,2026-09-08
SAPPHIRE,EQ,228.5,232.52,224.9,226.61,228.18,415672,943.77,2026-09-08
SAPPL,EQ,290.0,290.0,280.0,282.7,276.6,651,1.85,2026-09-08
SARDAEN,EQ,512.5,524.0,510.4,519.85,512.5,757903,3946.75,2026-09-08
SAREGAMA,EQ,494.0,501.7,487.8,497.1,494.3,266717,1326.71,2026-09-08
SARLAPOLY,EQ,100.96,102.19,100.0,101.47,101.78,34886,35.2,2026-09-08
SARVESHWAR,EQ,3.8,4.03,3.75,4.03,3.67,13974925,560.38,2026-09-08
SASKEN,EQ,1840.1,1917.9,1825.0,1894.3,1826.6,30095,564.34,2026-09-08
SATIA,EQ,68.01,69.7,66.0,67.83,68.19,274991,186.56,2026-09-08
SATIN,EQ,217.88,220.48,214.75,217.49,216.94,141022,305.12,2026-09-08
SAURASHCEM,EQ,55.92,56.66,55.25,56.11,55.8,84201,47.22,2026-09-08
SAYAJIHOTL,EQ,322.9,322.9,305.0,320.0,323.0,3,0.01,2026-09-08
SAYAJIIND,EQ,116.01,118.5,116.0,116.01,116.5,5307,6.17,2026-09-08
SBC,EQ,46.99,47.58,46.62,46.77,46.87,8596009,4033.78,2026-09-08
SBCL,EQ,1092.1,1131.3,1066.2,1105.2,1092.1,354867,3903.85,2026-09-08
SBFC,EQ,98.98,99.29,96.39,97.35,98.48,589867,577.5,2026-09-08
SBGLP,EQ,24.01,24.95,23.81,23.81,23.81,13937,3.33,2026-09-08
SBIBPB,EQ,49.32,49.32,48.7,48.87,49.08,21067,10.3,2026-09-08
SBICARD,EQ,671.0,675.0,661.35,668.0,674.65,2340386,15593.11,2026-09-08
SBIETFCON,EQ,119.35,120.15,118.79,119.88,119.35,9270,11.06,2026-09-08
SBIETFIT,EQ,342.25,342.25,330.05,331.6,333.91,6150,20.41,2026-09-08
SBIETFPB,EQ,283.47,283.55,280.87,281.99,283.54,1134,3.2,2026-09-08
SBIETFQLTY,EQ,219.37,220.73,219.37,219.53,219.42,847,1.86,2026-09-08
SBIFUNDS,EQ,557.8,558.5,553.05,555.7,557.8,466279,2589.57,2026-09-08
SBILIFE,EQ,1734.6,1739.9,1696.6,1696.6,1732.0,528949,9055.42,2026-09-08
SBILIQETF,EQ,1055.02,1055.04,1055.02,1055.03,1054.91,69986,738.37,2026-09-08
SBIMIDMOM,EQ,63.54,64.17,63.54,64.09,63.53,38459,24.64,2026-09-08
SBIN,EQ,1004.9,1011.2,1002.1,1008.0,1005.9,7084768,71390.95,2026-09-08
SBINEQWETF,EQ,32.93,32.94,32.75,32.88,32.93,32039,10.53,2026-09-08
SBINMID150,EQ,23.41,23.41,23.08,23.17,23.15,18315,4.24,2026-09-08
SBISILVER,EQ,227.6,229.64,225.55,226.79,225.27,852049,1937.61,2026-09-08
SBISMLETF,EQ,18.59,18.64,18.41,18.57,18.5,37294,6.92,2026-09-08
SBIVALETF,EQ,14.65,14.66,14.57,14.57,14.6,5637,0.82,2026-09-08
SCHAEFFLER,EQ,3991.2,4000.5,3911.7,3954.6,3999.6,50833,2007.74,2026-09-08
SCHAND,EQ,133.95,138.0,133.01,136.64,133.34,21528,29.07,2026-09-08
SCHNEIDER,EQ,1193.6,1235.3,1186.4,1229.7,1193.6,180626,2195.51,2026-09-08
SCI,EQ,293.6,294.8,288.05,288.75,293.75,1262000,3663.99,2026-09-08
SCILAL,EQ,39.1,39.49,37.0,38.77,39.27,305630,118.08,2026-09-08
SCODATUBES,EQ,130.3,131.2,128.61,129.85,130.33,117731,152.86,2026-09-08
SDBL,EQ,75.02,75.17,72.1,72.39,75.02,493821,361.94,2026-09-08
SEAMECLTD,EQ,1791.6,1799.0,1740.0,1782.6,1779.9,67665,1202.91,2026-09-08
SECMARK,EQ,142.8,144.3,133.06,139.33,143.24,1810,2.5,2026-09-08
SECURKLOUD,EQ,17.49,17.49,16.7,16.99,17.12,17022,2.88,2026-09-08
SEDEMAC,EQ,2890.0,2930.0,2850.0,2867.5,2876.2,50300,1452.89,2026-09-08
SEIL,EQ,203.89,203.89,197.1,198.59,200.17,123244,245.59,2026-09-08
SEJALLTD,EQ,669.65,672.45,646.1,651.35,666.05,7849,51.27,2026-09-08
SEKURITIND,EQ,114.7,114.84,112.7,113.19,114.16,28488,32.34,2026-09-08
SELECTIPO,EQ,48.59,48.9,48.39,48.88,48.47,44164,21.52,2026-09-08
SELMC,EQ,28.42,29.5,26.5,28.81,26.83,148529,41.38,2026-09-08
SEMAC,EQ,294.95,294.95,279.0,285.95,282.0,890,2.52,2026-09-08
SENCO,EQ,368.0,369.5,359.05,361.85,365.1,591895,2142.52,2026-09-08
SENORES,EQ,1504.0,1532.0,1486.0,1509.8,1497.5,373922,5633.46,2026-09-08
SENSEXADD,EQ,78.45,78.54,77.91,78.31,78.54,1883,1.47,2026-09-08
SENSEXAXIS,EQ,79.77,79.77,78.5,78.74,78.99,1850,1.46,2026-09-08
SENSEXBETA,EQ,843.5,844.0,839.0,841.3,843.38,1117,9.39,2026-09-08
SENSEXETF,EQ,78.98,78.98,78.0,78.19,78.59,39123,30.59,2026-09-08
SENSEXIETF,EQ,873.01,876.37,871.0,872.03,876.69,6871,59.95,2026-09-08
SEPC,EQ,5.37,5.4,5.32,5.34,5.41,5736412,307.17,2026-09-08
SERVOTECH,EQ,79.03,79.9,77.85,79.06,79.03,228870,180.0,2026-09-08
SESHAPAPER,EQ,243.8,249.2,240.0,243.98,242.37,134513,328.59,2026-09-08
SETF10GILT,EQ,264.63,265.32,263.0,265.02,263.32,691,1.83,2026-09-08
SETFGOLD,EQ,130.5,130.66,129.25,129.84,129.56,5603290,7274.06,2026-09-08
SETFNIF50,EQ,256.73,256.73,255.03,255.36,256.36,810044,2068.97,2026-09-08
SETFNIFBK,EQ,602.02,602.02,583.0,584.23,587.34,101600,593.03,2026-09-08
SETFNN50,EQ,778.2,783.9,778.18,781.42,780.05,23683,185.03,2026-09-08
SETL,EQ,388.55,407.0,384.1,404.5,388.55,899191,3576.24,2026-09-08
SFL,EQ,652.0,707.0,645.45,675.95,642.7,2942072,20108.5,2026-09-08
SGFIN,EQ,675.05,685.45,668.55,676.15,677.6,164770,1113.51,2026-09-08
SGIL,EQ,605.5,606.55,585.05,588.5,600.85,16342,97.82,2026-09-08
SGL,EQ,10.03,10.39,9.75,9.87,9.83,2966,0.29,2026-09-08
SGLRES,EQ,2.62,2.62,2.4,2.52,2.5,36452,0.91,2026-09-08
SGMART,EQ,810.4,830.45,806.0,809.5,810.4,180042,1465.96,2026-09-08
SGRL,EQ,715.0,722.0,685.0,696.0,714.2,14245,100.25,2026-09-08
SHADOWFAX,EQ,248.9,255.85,244.75,249.75,250.2,4847985,12161.28,2026-09-08
SHAH,EQ,3.49,3.49,3.34,3.36,3.46,1797981,60.67,2026-09-08
SHAILY,EQ,3347.0,3419.9,3308.1,3407.8,3348.7,108977,3675.22,2026-09-08
SHAKTIPUMP,EQ,467.0,477.45,466.95,473.0,466.95,379871,1793.67,2026-09-08
SHALBY,EQ,152.04,153.01,149.2,149.82,151.24,58413,87.93,2026-09-08
SHANKARA,EQ,147.5,148.73,147.5,148.34,148.26,67386,99.95,2026-09-08
SHANKESH,EQ,103.5,106.7,93.22,94.89,102.37,10007242,9899.59,2026-09-08
SHANTI,EQ,6.6,6.67,6.15,6.46,6.5,43412,2.81,2026-09-08
SHANTIGEAR,EQ,638.85,704.0,632.15,704.0,640.0,498009,3422.33,2026-09-08
SHANTIGOLD,EQ,273.0,273.97,260.02,264.26,270.72,1505201,3994.24,2026-09-08
SHARDACROP,EQ,770.2,803.25,764.3,795.9,767.45,193168,1528.75,2026-09-08
SHARDAMOTR,EQ,890.05,897.9,882.0,890.75,890.05,29480,262.09,2026-09-08
SHAREINDIA,EQ,171.74,172.59,168.62,170.91,171.86,191854,327.65,2026-09-08
SHARIABEES,EQ,447.05,447.05,444.41,446.23,447.05,6020,26.86,2026-09-08
SHBAJRG,EQ,161.99,163.66,155.11,155.89,161.97,3110,4.92,2026-09-08
SHERVANI,EQ,325.0,325.15,324.1,324.9,305.15,27,0.09,2026-09-08
SHILCTECH,EQ,4187.0,4247.8,4153.4,4212.5,4187.0,14040,589.64,2026-09-08
SHILGRAVQ,EQ,151.95,156.0,149.0,150.21,150.25,4455,6.78,2026-09-08
SHILPAMED,EQ,949.85,965.0,937.1,959.9,939.5,714579,6815.66,2026-09-08
SHINDL,EQ,164.0,167.0,159.03,160.65,162.77,369555,595.72,2026-09-08
SHIPROCKET,EQ,139.5,144.5,132.61,134.77,135.21,29791766,41494.02,2026-09-08
SHIVAAGRO,EQ,45.0,45.0,40.12,42.96,41.41,6565,2.82,2026-09-08
SHIVACEM,EQ,16.07,16.2,15.9,16.12,16.07,57311,9.16,2026-09-08
SHIVALIK,EQ,315.0,323.9,308.65,320.75,316.85,56701,178.81,2026-09-08
SHIVAMAUTO,EQ,17.87,17.87,17.0,17.03,17.33,22462,3.87,2026-09-08
SHIVAMILLS,EQ,62.99,63.49,59.75,62.63,60.99,7314,4.54,2026-09-08
SHIVATEX,EQ,184.49,184.49,174.01,177.7,179.46,14001,25.04,2026-09-08
SHIVAUM,EQ,460.0,470.0,451.5,461.2,453.7,14907,68.25,2026-09-08
SHK,EQ,147.82,149.89,144.1,145.59,148.0,599257,876.39,2026-09-08
SHOPERSTOP,EQ,378.0,397.95,374.05,380.8,376.3,46488,179.9,2026-09-08
SHRADDHA,EQ,158.7,158.7,151.14,154.75,154.92,2821,4.37,2026-09-08
SHRADHA,EQ,31.6,32.0,30.15,30.65,31.47,23256,7.15,2026-09-08
SHREDIGCEM,EQ,72.9,73.22,71.0,72.6,72.04,73777,53.52,2026-09-08
SHREECEM,EQ,23500.0,23560.0,23130.0,23160.0,23365.0,13107,3056.07,2026-09-08
SHREEJISPG,EQ,702.8,710.3,695.0,698.2,699.8,621205,4364.15,2026-09-08
SHREEPUSHK,EQ,528.0,545.2,505.1,510.05,514.9,233531,1229.06,2026-09-08
SHREERAMA,EQ,43.57,43.7,41.43,42.27,43.84,80828,34.37,2026-09-08
SHREYANIND,EQ,132.21,136.45,132.21,133.0,134.2,8325,11.18,2026-09-08
SHRIKRISH,EQ,39.6,39.95,36.0,37.15,39.22,2279,0.84,2026-09-08
SHRINGARMS,EQ,218.8,219.8,216.5,217.44,218.59,289705,631.2,2026-09-08
SHRIPISTON,EQ,4488.0,4513.5,4428.2,4438.2,4491.5,29385,1309.34,2026-09-08
SHRIRAMFIN,EQ,1030.0,1031.9,1017.2,1029.0,1037.0,2574351,26417.83,2026-09-08
SHRIRAMPPS,EQ,75.5,75.75,74.26,74.63,75.5,244665,182.83,2026-09-08
SHRJAGP,EQ,650.0,680.0,630.0,638.1,644.1,616,4.01,2026-09-08
SHUKRAPHAR,EQ,53.37,56.0,52.21,54.11,53.07,6791172,3696.1,2026-09-08
SHYAMMETL,EQ,1082.5,1099.0,1076.7,1081.9,1082.3,228641,2494.97,2026-09-08
SHYAMTEL,EQ,11.43,11.68,11.01,11.47,11.0,6998,0.79,2026-09-08
SICAGEN,EQ,59.45,59.9,57.11,57.84,58.53,16231,9.46,2026-09-08
SIEL,EQ,30.94,30.94,29.3,30.2,30.79,1617,0.5,2026-09-08
SIEMENS,EQ,3911.0,3998.8,3911.0,3951.3,3927.0,349820,13888.09,2026-09-08
SIGACHI,EQ,34.25,35.82,33.62,34.7,34.41,6169969,2158.3,2026-09-08
SIGMA,EQ,48.29,48.29,47.0,47.21,47.45,49956,23.72,2026-09-08
SIGNATURE,EQ,795.0,802.0,780.5,785.2,799.95,184905,1471.44,2026-09-08
SIGNPOST,EQ,266.8,276.25,261.0,264.55,269.5,244701,657.43,2026-09-08
SIKA,EQ,986.1,1025.2,978.1,1015.15,986.1,46112,464.93,2026-09-08
SIL,EQ,19.17,19.48,18.97,19.1,19.17,43242,8.31,2026-09-08
SILGO,EQ,73.76,73.76,71.2,71.49,73.15,91013,65.75,2026-09-08
SILINV,EQ,469.9,479.9,460.0,462.4,472.05,801,3.74,2026-09-08
SILLYMONKS,EQ,16.4,16.5,16.0,16.29,15.94,17501,2.85,2026-09-08
SILVER,EQ,231.76,233.6,229.8,231.1,229.65,776377,1799.48,2026-09-08
SILVER001,EQ,23.8,23.99,23.17,23.28,23.35,15632,3.68,2026-09-08
SILVER1,EQ,22.6,22.7,22.32,22.46,22.32,8172584,1837.48,2026-09-08
SILVER360,EQ,227.01,229.95,226.2,227.28,226.55,8908,20.33,2026-09-08
SILVERADD,EQ,22.6,22.6,22.18,22.3,22.15,5232857,1168.19,2026-09-08
SILVERAG,EQ,227.9,227.9,224.11,225.22,223.98,218393,493.94,2026-09-08
SILVERAXIS,EQ,233.44,233.44,228.71,229.96,228.63,517480,1195.06,2026-09-08
SILVERBEES,EQ,222.3,223.65,220.01,221.17,219.96,16238547,36029.28,2026-09-08
SILVERBETA,EQ,223.66,226.0,222.19,223.41,222.04,267736,600.5,2026-09-08
SILVERBND,EQ,233.89,234.36,230.8,231.9,230.34,8152,18.96,2026-09-08
SILVERCASE,EQ,23.59,23.76,23.32,23.45,23.31,10441296,2459.78,2026-09-08
SILVERIETF,EQ,232.0,233.65,229.8,230.88,229.68,2517714,5826.69,2026-09-08
SILVERTUC,EQ,163.5,165.21,160.2,161.1,163.56,413174,672.86,2026-09-08
SIMPLEXINF,EQ,258.3,264.7,256.0,257.4,260.35,70097,182.09,2026-09-08
SIMPLXREA,EQ,140.5,140.5,134.62,134.62,141.7,5,0.01,2026-09-08
SINCLAIR,EQ,86.0,86.79,83.56,84.03,84.45,45494,38.74,2026-09-08
SINDHUTRAD,EQ,25.25,25.44,24.87,25.0,25.25,1484833,371.71,2026-09-08
SINGERIND,EQ,75.04,77.98,73.65,75.75,74.97,123756,94.05,2026-09-08
SINTERCOM,EQ,81.44,84.9,78.0,79.2,81.43,4179,3.47,2026-09-08
SIRCA,EQ,437.0,438.25,432.5,434.4,436.85,156436,680.48,2026-09-08
SIS,EQ,428.65,435.9,426.5,427.75,428.65,478616,2061.36,2026-09-08
SIYSIL,EQ,564.05,569.25,551.2,554.05,563.55,25896,144.17,2026-09-08
SJS,EQ,2332.3,2351.3,2258.2,2286.8,2332.3,155758,3559.63,2026-09-08
SJVN,EQ,65.56,66.19,64.75,65.87,65.56,2380457,1559.15,2026-09-08
SKFINDIA,EQ,1554.8,1554.9,1524.7,1534.8,1546.6,21578,330.97,2026-09-08
SKFINDUS,EQ,3024.0,3048.0,2916.6,2953.8,3016.1,38591,1142.77,2026-09-08
SKIPPER,EQ,605.0,614.0,595.0,604.7,604.4,1156716,7001.64,2026-09-08
SKMEGGPROD,EQ,246.5,256.9,246.5,253.35,246.85,186137,470.22,2026-09-08
SKYGOLD,EQ,789.05,833.25,789.05,820.0,788.15,1443541,11765.66,2026-09-08
SKYWAYS,EQ,114.44,115.72,106.82,110.22,113.91,6417199,7107.09,2026-09-08
SMALL250,EQ,18.6,18.62,18.48,18.58,18.56,253505,47.06,2026-09-08
SMALLADD,EQ,18.69,18.69,18.53,18.62,18.57,94164,17.5,2026-09-08
SMALLCAP,EQ,49.49,49.49,49.17,49.45,49.27,1556365,768.12,2026-09-08
SMALLGROWW,EQ,49.22,49.64,49.13,49.55,49.22,2937,1.45,2026-09-08
SMALLIETF,EQ,18.54,18.61,18.48,18.59,18.54,16170,3.0,2026-09-08
SMARTWORKS,EQ,534.55,555.0,531.1,552.65,538.95,156782,860.4,2026-09-08
SMCGLOBAL,EQ,86.0,86.77,83.39,85.31,84.95,1381128,1175.01,2026-09-08
SML100CASE,EQ,11.72,11.72,11.23,11.46,11.44,1008122,115.28,2026-09-08
SMLMAH,EQ,6360.5,6360.5,6260.5,6313.5,6393.5,45422,2869.33,2026-09-08
SMLT,EQ,64.75,65.49,61.31,62.17,63.84,12918,8.15,2026-09-08
SMSPHARMA,EQ,402.7,409.4,394.15,399.15,397.95,634613,2540.13,2026-09-08
SNOWMAN,EQ,36.69,37.26,36.0,36.83,36.67,118533,43.62,2026-09-08
SNXT30BEES,EQ,42.35,42.48,42.22,42.25,42.36,5301,2.25,2026-09-08
SNXT50BETA,EQ,94.5,95.44,92.9,94.36,94.03,1928,1.81,2026-09-08
SOBHA,EQ,1255.0,1262.4,1242.0,1255.6,1250.1,33085,414.59,2026-09-08
SOFTTECH,EQ,421.0,447.0,421.0,438.0,432.45,4536,19.91,2026-09-08
SOLARA,EQ,708.0,719.0,683.05,701.8,697.05,800696,5643.27,2026-09-08
SOLARINDS,EQ,22130.0,22495.0,21925.0,22455.0,21950.0,217218,48546.76,2026-09-08
SOLARWORLD,EQ,152.88,153.0,147.56,147.99,147.9,555468,823.93,2026-09-08
SOLEX,EQ,720.15,729.5,710.6,725.05,718.45,15357,110.76,2026-09-08
SOMANYCERA,EQ,556.95,564.0,555.4,562.65,559.4,68944,385.27,2026-09-08
SOMATEX,EQ,89.62,89.62,84.01,85.27,86.72,7555,6.45,2026-09-08
SOMICONVEY,EQ,94.0,94.0,91.06,91.64,92.37,7510,6.9,2026-09-08
SONACOMS,EQ,785.95,805.9,778.2,804.0,788.0,1137878,9021.39,2026-09-08
SONAL,EQ,88.98,88.98,88.5,88.85,88.98,120,0.11,2026-09-08
SONATSOFTW,EQ,284.5,284.8,273.0,274.25,283.85,918276,2537.34,2026-09-08
SOTL,EQ,713.5,713.55,678.0,681.35,705.75,523435,3583.15,2026-09-08
SOUTHBANK,EQ,46.6,46.99,46.4,46.82,46.54,4494492,2098.28,2026-09-08
SOUTHWEST,EQ,222.46,234.4,217.35,230.38,222.26,606636,1380.57,2026-09-08
SPAL,EQ,1056.0,1080.6,1038.2,1048.9,1065.9,32767,343.75,2026-09-08
SPANDANA,EQ,238.88,240.75,236.22,239.74,238.88,48135,114.53,2026-09-08
SPARC,EQ,205.87,206.96,201.25,203.27,205.87,627055,1280.52,2026-09-08
SPCENET,EQ,3.56,3.65,3.5,3.61,3.56,512719,18.22,2026-09-08
SPELS,EQ,147.64,149.5,145.21,146.6,147.64,25492,37.5,2026-09-08
SPENCERS,EQ,28.45,29.7,28.45,29.41,28.78,20201,5.87,2026-09-08
SPIC,EQ,70.92,72.5,70.58,71.07,71.02,720567,515.23,2026-09-08
SPLIL,EQ,30.8,30.99,30.8,30.8,31.09,421,0.13,2026-09-08
SPLPETRO,EQ,809.0,831.1,783.15,828.4,802.5,904826,7359.07,2026-09-08
SPMLINFRA,EQ,180.21,183.44,175.0,176.31,180.21,311586,554.67,2026-09-08
SPORTKING,EQ,224.0,224.0,208.71,215.6,221.85,571188,1228.69,2026-09-08
SRD,EQ,39.62,40.08,39.14,39.39,39.01,15302,6.08,2026-09-08
SREEL,EQ,279.4,292.0,276.0,287.51,279.4,26819,76.46,2026-09-08
SRF,EQ,2546.0,2546.0,2517.0,2522.0,2546.0,167100,4220.31,2026-09-08
SRGHFL,EQ,242.1,243.75,233.1,236.65,245.85,1881,4.49,2026-09-08
SRHHYPOLTD,EQ,525.1,540.0,525.1,527.9,531.6,13080,69.43,2026-09-08
SRM,EQ,462.9,465.0,450.15,461.05,460.05,82127,376.61,2026-09-08
SRTL,EQ,37.69,38.1,37.06,37.61,37.98,26612,10.03,2026-09-08
SSDL,EQ,56.2,57.99,56.2,57.12,57.11,10042,5.74,2026-09-08
SSWL,EQ,375.0,376.9,360.65,373.1,371.3,822533,3032.92,2026-09-08
STANLEY,EQ,137.0,141.8,135.53,138.59,137.16,112955,155.39,2026-09-08
STAR,EQ,1169.0,1206.9,1155.3,1187.4,1178.8,491962,5836.72,2026-09-08
STARCEMENT,EQ,195.0,196.34,193.7,194.83,194.4,289777,563.79,2026-09-08
STARHEALTH,EQ,565.95,573.9,558.05,572.1,565.95,252143,1429.94,2026-09-08
STARPAPER,EQ,163.0,166.0,158.57,159.33,162.61,34432,55.71,2026-09-08
STARTECK,EQ,247.0,247.0,246.7,246.9,247.2,66,0.16,2026-09-08
STCINDIA,EQ,114.02,114.68,113.15,113.72,114.27,11336,12.91,2026-09-08
STEELCAS,EQ,329.95,332.8,319.35,331.6,326.85,76516,248.2,2026-09-08
STEELCITY,EQ,85.0,85.0,82.5,83.22,84.99,5527,4.6,2026-09-08
STEELXIND,EQ,11.22,12.08,11.02,11.53,11.23,12644699,1472.93,2026-09-08
STEL,EQ,615.1,615.1,597.2,601.4,596.7,2050,12.37,2026-09-08
STLNETWORK,EQ,31.82,31.82,30.5,31.62,30.31,6414014,2017.7,2026-09-08
STLSTRINF,EQ,18.76,19.75,18.06,18.11,19.07,3074,0.57,2026-09-08
STOVEKRAFT,EQ,855.0,864.95,829.1,839.45,849.25,77207,646.8,2026-09-08
STUDDS,EQ,419.95,429.95,418.85,421.85,419.95,53941,228.38,2026-09-08
STYL,EQ,384.65,394.15,377.0,383.35,380.2,142359,549.47,2026-09-08
STYLAMIND,EQ,3360.0,3400.0,3328.1,3349.9,3370.7,21577,725.17,2026-09-08
STYLEBAAZA,EQ,401.3,401.45,386.05,387.3,399.5,404411,1588.55,2026-09-08
STYRENIX,EQ,2067.0,2145.0,2063.0,2114.9,2063.7,63027,1332.44,2026-09-08
SUBEXLTD,EQ,16.72,19.58,16.7,19.23,16.74,31292634,5889.82,2026-09-08
SUBROS,EQ,703.3,708.25,695.0,697.85,704.75,36208,253.04,2026-09-08
SUDARCOLOR,EQ,386.9,390.0,380.0,385.35,386.8,8513,32.69,2026-09-08
SUDARSCHEM,EQ,1240.1,1249.5,1213.3,1221.7,1239.8,146481,1802.81,2026-09-08
SUDEEPPHRM,EQ,1327.0,1362.9,1311.1,1344.2,1323.3,192353,2575.26,2026-09-08
SUKHJITS,EQ,160.88,163.0,157.55,160.49,160.55,66512,106.64,2026-09-08
SULA,EQ,146.51,147.99,145.25,146.5,147.09,152179,222.84,2026-09-08
SUMEDHA,EQ,39.7,40.25,38.6,38.72,39.7,230,0.09,2026-09-08
SUMEETINDS,EQ,11.35,11.7,11.25,11.39,11.29,1209924,138.13,2026-09-08
SUMICHEM,EQ,489.95,495.95,481.5,486.7,487.9,141520,690.8,2026-09-08
SUMIT,EQ,52.87,52.87,47.7,49.06,51.31,26995,13.47,2026-09-08
SUMMITSEC,EQ,1435.3,1436.8,1400.0,1404.1,1419.8,2339,32.92,2026-09-08
SUNCLAY,EQ,1291.0,1313.5,1288.1,1293.4,1299.4,4262,55.24,2026-09-08
SUNDARAM,EQ,1.22,1.23,1.2,1.21,1.2,200955,2.43,2026-09-08
SUNDARMFIN,EQ,4708.3,4739.9,4650.1,4712.7,4708.3,33937,1597.76,2026-09-08
SUNDRMFAST,EQ,1200.4,1278.0,1199.0,1255.0,1200.5,289846,3634.54,2026-09-08
SUNDROP,EQ,665.0,665.0,655.15,659.3,659.45,5103,33.73,2026-09-08
SUNFLAG,EQ,342.9,342.9,336.5,338.3,338.4,94593,321.47,2026-09-08
SUNLOC,EQ,79.98,80.0,76.97,79.72,79.98,1618,1.29,2026-09-08
SUNPHARMA,EQ,1892.0,1895.6,1876.8,1885.9,1895.0,1422627,26838.22,2026-09-08
SUNRAKSHAK,EQ,370.15,375.0,361.05,373.75,370.15,10927,40.56,2026-09-08
SUNSHIEL,EQ,1268.6,1284.8,1230.0,1239.4,1268.6,2607,32.66,2026-09-08
SUNSHINE,EQ,486.5,495.9,471.5,489.15,486.3,2339186,11349.09,2026-09-08
SUNTECK,EQ,294.4,297.3,290.3,295.9,294.0,114285,336.12,2026-09-08
SUNTV,EQ,453.1,458.85,449.0,453.5,452.85,262935,1192.15,2026-09-08
SUPERHOUSE,EQ,170.62,172.0,167.02,170.7,170.62,1114,1.89,2026-09-08
SUPRAJIT,EQ,473.2,477.4,468.55,475.6,473.2,38920,184.34,2026-09-08
SUPREME,EQ,37.23,38.0,36.54,37.16,37.41,12225,4.54,2026-09-08
SUPREMEIND,EQ,3598.0,3598.0,3521.7,3553.0,3598.0,151985,5419.53,2026-09-08
SUPREMEINF,EQ,85.07,86.21,83.15,85.1,85.77,72493,61.6,2026-09-08
SUPRIYA,EQ,910.0,925.1,898.5,915.65,909.1,265504,2423.02,2026-09-08
SURAJEST,EQ,176.9,178.8,173.01,173.92,176.09,218552,381.53,2026-09-08
SURAJLTD,EQ,200.0,207.98,198.25,200.2,200.0,3043,6.17,2026-09-08
SURAKSHA,EQ,338.0,345.0,335.05,340.1,338.9,74971,255.15,2026-09-08
SURANASOL,EQ,25.86,26.23,25.62,26.03,25.86,22239,5.79,2026-09-08
SURANAT&P,EQ,16.25,16.6,16.25,16.42,16.43,42233,6.93,2026-09-08
SURYALA,EQ,410.05,410.1,409.95,410.0,421.4,1077,4.42,2026-09-08
SURYALAXMI,EQ,59.0,59.29,56.31,58.32,58.85,8399,4.84,2026-09-08
SURYAROSNI,EQ,215.6,220.08,215.0,216.02,215.81,346599,750.98,2026-09-08
SURYODAY,EQ,151.22,157.17,151.22,154.86,152.21,270869,420.26,2026-09-08
SUVEN,EQ,376.45,380.0,368.0,369.9,377.15,468826,1748.07,2026-09-08
SUVIDHAA,EQ,2.23,2.38,2.05,2.31,2.21,151860,3.43,2026-09-08
SUYOG,EQ,724.8,740.0,705.55,713.65,718.5,38569,277.23,2026-09-08
SUZLON,EQ,45.47,45.77,45.27,45.5,45.55,24929892,11339.57,2026-09-08
SVGLOBAL,EQ,154.0,159.0,140.1,152.87,151.09,8612,12.86,2026-09-08
SVPGLOB,EQ,3.67,3.67,3.48,3.51,3.6,51940,1.84,2026-09-08
SWANCORP,EQ,279.45,280.4,275.25,276.8,278.1,756303,2097.47,2026-09-08
SWARAJENG,EQ,3650.0,3664.9,3603.1,3632.6,3648.0,8188,297.75,2026-09-08
SWARNSAR,EQ,39.2,44.38,38.0,41.62,37.58,232263,96.58,2026-09-08
SWELECTES,EQ,573.6,608.0,573.6,583.8,572.35,31409,186.01,2026-09-08
SWIGGY,EQ,276.45,280.0,274.6,275.7,276.45,25774897,71417.79,2026-09-08
SWSOLAR,EQ,185.0,186.64,183.5,184.08,185.13,493784,913.25,2026-09-08
SYMBIOTEC,EQ,1105.0,1108.6,1071.1,1094.1,1098.7,556915,6057.54,2026-09-08
SYMPHONY,EQ,587.4,653.0,585.2,613.05,573.4,4900203,30728.16,2026-09-08
SYNCOMF,EQ,20.4,21.5,20.4,20.97,20.27,12467529,2634.49,2026-09-08
SYNGENE,EQ,389.3,390.65,383.5,387.55,389.3,482134,1867.82,2026-09-08
SYRMA,EQ,1627.0,1660.0,1592.2,1639.2,1634.8,2823789,46021.12,2026-09-08
TAALTECH,EQ,4499.0,4550.0,4437.1,4532.2,4439.1,7902,355.48,2026-09-08
TAINWALCHM,EQ,207.44,218.0,207.44,212.34,208.48,2390,5.06,2026-09-08
TAJGVK,EQ,329.35,338.4,326.9,332.75,329.2,102199,339.31,2026-09-08
TAKE,EQ,15.23,15.23,14.79,15.23,14.51,882460,134.03,2026-09-08
TALBROAUTO,EQ,431.8,431.8,420.0,424.0,431.8,150372,637.97,2026-09-08
TANAA,EQ,284.45,286.4,272.8,276.95,282.0,9918,27.97,2026-09-08
TANLA,EQ,519.0,520.2,510.8,512.95,520.2,296264,1525.7,2026-09-08
TARACHAND,EQ,48.7,49.0,47.5,47.68,47.43,31732,15.2,2026-09-08
TARAPUR,EQ,12.65,13.49,12.55,12.83,12.71,19300,2.52,2026-09-08
TARC,EQ,136.49,136.49,130.6,131.53,134.9,643556,856.78,2026-09-08
TARIL,EQ,298.4,299.9,295.5,297.15,299.65,569307,1691.36,2026-09-08
TARMAT,EQ,61.91,66.0,61.6,62.25,61.91,52108,33.28,2026-09-08
TARSONS,EQ,326.6,330.2,321.15,325.15,328.55,67588,219.41,2026-09-08
TASTYBITE,EQ,9883.0,9947.0,9826.0,9853.0,9901.0,999,98.61,2026-09-08
TATACAP,EQ,368.05,369.2,365.15,368.05,369.95,542958,1997.32,2026-09-08
TATACHEM,EQ,611.6,614.95,605.5,607.7,613.35,313943,1912.02,2026-09-08
TATACOMM,EQ,1746.9,1760.0,1718.2,1752.8,1738.5,257972,4493.46,2026-09-08
TATACONSUM,EQ,1015.0,1018.7,1007.9,1014.1,1015.0,720871,7306.95,2026-09-08
TATAELXSI,EQ,3505.0,3505.3,3462.2,3492.0,3497.0,92045,3201.57,2026-09-08
TATAGOLD,EQ,14.78,14.89,14.73,14.79,14.76,43973894,6517.26,2026-09-08
TATAINVEST,EQ,626.9,626.9,621.0,622.05,627.8,120345,750.28,2026-09-08
TATAPOWER,EQ,364.65,367.2,362.25,365.55,365.7,2879558,10509.5,2026-09-08
TATASTEEL,EQ,185.9,186.5,183.61,184.15,185.61,24272812,44901.94,2026-09-08
TATATECH,EQ,785.0,803.6,781.75,798.5,785.1,944323,7519.11,2026-09-08
TATSILV,EQ,22.53,22.73,22.34,22.44,22.31,41067114,9259.68,2026-09-08
TATVA,EQ,1715.0,1732.0,1656.0,1680.2,1695.8,40980,687.65,2026-09-08
TBOTEK,EQ,1690.0,1702.5,1669.6,1694.5,1705.4,83697,1409.39,2026-09-08
TBZ,EQ,555.3,555.3,555.3,555.3,528.9,188891,1048.91,2026-09-08
TCC,EQ,41.0,49.29,39.37,49.07,41.08,6862837,3245.13,2026-09-08
TCI,EQ,863.0,880.0,860.0,872.5,863.95,21900,190.95,2026-09-08
TCIEXP,EQ,549.1,556.85,545.35,550.45,549.1,35817,197.19,2026-09-08
TCPLPACK,EQ,3919.8,3920.3,3802.2,3874.7,3862.4,9186,355.07,2026-09-08
TCS,EQ,2270.0,2274.5,2244.0,2255.5,2270.0,2148114,48623.09,2026-09-08
TDPOWERSYS,EQ,736.0,778.85,736.0,768.8,734.15,2089519,16057.39,2026-09-08
TEAMGTY,EQ,243.0,243.0,235.0,235.02,235.03,620,1.46,2026-09-08
TEAMLEASE,EQ,1285.0,1285.6,1243.8,1256.5,1279.2,14408,180.45,2026-09-08
TECH,EQ,32.85,33.01,32.6,32.79,32.78,18853,6.18,2026-09-08
TECHM,EQ,1556.1,1569.9,1541.4,1559.0,1564.0,1575629,24477.38,2026-09-08
TECHNOCRAF,EQ,393.25,406.95,389.1,403.85,388.95,1678026,6702.94,2026-09-08
TECHNOE,EQ,962.5,970.0,960.55,964.7,962.5,80436,776.55,2026-09-08
TECHNVISN,EQ,4770.5,4956.0,4680.0,4797.5,4792.5,314,15.0,2026-09-08
TECILCHEM,EQ,9.54,9.7,9.21,9.26,9.5,9254,0.86,2026-09-08
TEGA,EQ,1613.0,1695.0,1593.0,1632.4,1603.5,535802,8848.29,2026-09-08
TEJASNET,EQ,595.7,604.95,583.4,590.05,593.6,2903328,17172.28,2026-09-08
TEMBO,EQ,59.4,59.62,58.0,58.17,58.43,869954,510.89,2026-09-08
TEMPSENS,EQ,546.0,573.75,537.35,571.35,546.2,4308131,24136.52,2026-09-08
TENNIND,EQ,517.0,530.0,515.05,525.7,515.45,622292,3261.79,2026-09-08
TERAI,EQ,130.0,130.0,130.0,130.0,130.7,1,0.0,2026-09-08
TERASOFT,EQ,273.25,280.05,270.4,272.35,273.25,13276,36.47,2026-09-08
TEXINFRA,EQ,121.0,121.3,117.5,120.03,119.26,1152328,1381.08,2026-09-08
TEXMOPIPES,EQ,54.95,54.95,52.05,52.52,54.18,469063,249.6,2026-09-08
TEXRAIL,EQ,119.88,121.87,117.71,118.26,119.46,1773204,2110.13,2026-09-08
TFCILTD,EQ,140.51,143.85,139.33,140.89,140.9,7108611,10052.27,2026-09-08
TFL,EQ,12.11,12.4,11.94,12.06,11.91,7174,0.87,2026-09-08
TGBHOTELS,EQ,9.6,9.79,9.06,9.21,9.56,24346,2.29,2026-09-08
TGVSL,EQ,110.91,111.85,108.62,109.47,110.52,103553,113.86,2026-09-08
THACKER,EQ,1017.0,1017.0,1017.0,1017.0,1016.0,7,0.07,2026-09-08
THAKDEV,EQ,148.0,148.0,148.0,148.0,149.99,1,0.0,2026-09-08
THANGAMAYL,EQ,5462.5,5507.0,5336.0,5366.5,5474.0,54304,2936.73,2026-09-08
THEINVEST,EQ,96.51,98.99,95.05,96.28,97.89,8569,8.31,2026-09-08
THEJO,EQ,2160.2,2168.9,2130.0,2134.1,2160.2,2282,49.0,2026-09-08
THELEELA,EQ,550.0,550.4,538.55,542.5,543.5,367701,1995.89,2026-09-08
THEMISMED,EQ,132.0,134.9,129.01,132.17,133.07,335531,443.24,2026-09-08
THERMAX,EQ,3593.0,3655.2,3580.5,3629.6,3622.0,195564,7092.41,2026-09-08
THOMASCOOK,EQ,112.0,112.53,108.8,109.91,112.52,680651,748.23,2026-09-08
THOMASCOTT,EQ,261.85,261.85,253.0,255.3,259.65,56062,143.83,2026-09-08
THYROCARE,EQ,573.1,577.0,566.6,569.45,573.15,161195,920.25,2026-09-08
TI,EQ,532.0,542.0,531.15,540.35,533.25,208328,1118.94,2026-09-08
TIGERLOGS,EQ,28.32,28.76,27.59,27.82,28.08,39299,10.97,2026-09-08
TIIL,EQ,3198.0,3239.0,3109.0,3141.0,3166.4,27206,863.81,2026-09-08
TIINDIA,EQ,2683.4,2683.4,2626.2,2638.7,2683.0,545195,14437.74,2026-09-08
TIMETECHNO,EQ,184.2,188.0,183.16,186.54,184.53,2793802,5167.07,2026-09-08
TIMEX,EQ,633.0,637.0,599.0,607.1,628.3,839127,5120.74,2026-09-08
TIMKEN,EQ,3085.0,3120.0,3080.2,3098.9,3098.7,12524,388.05,2026-09-08
TINNARUBR,EQ,1027.45,1027.45,997.0,1019.0,1012.9,59543,600.54,2026-09-08
TIPSFILMS,EQ,328.15,336.0,325.0,331.1,328.15,2076,6.88,2026-09-08
TIPSMUSIC,EQ,643.7,663.8,641.15,644.9,643.7,300602,1958.02,2026-09-08
TIRUMALCHM,EQ,155.5,159.8,153.0,157.9,154.98,259105,405.92,2026-09-08
TITAGARH,EQ,897.0,897.9,874.0,880.8,896.45,606235,5370.38,2026-09-08
TITAN,EQ,4975.0,5015.5,4969.0,4987.0,4995.0,432671,21595.84,2026-09-08
TMB,EQ,936.45,936.8,920.15,926.8,936.45,66320,614.37,2026-09-08
TMCV,EQ,459.0,460.45,453.25,456.05,459.65,4623711,21090.34,2026-09-08
TMPV,EQ,306.1,306.65,302.45,306.45,307.0,6921996,21094.42,2026-09-08
TNIDETF,EQ,89.8,90.69,89.29,89.67,89.81,49101,44.09,2026-09-08
TNPETRO,EQ,131.51,146.99,130.25,139.18,131.73,6949799,9841.94,2026-09-08
TNPL,EQ,160.55,164.8,158.41,161.41,159.5,734222,1186.55,2026-09-08
TNTELE,EQ,8.97,9.08,8.69,8.99,8.97,18800,1.68,2026-09-08
TOKYOPLAST,EQ,73.0,78.5,73.0,78.5,75.99,669,0.51,2026-09-08
TOLINS,EQ,92.26,94.94,91.11,92.23,92.26,22178,20.35,2026-09-08
TOP100CASE,EQ,10.62,10.62,10.41,10.43,10.47,1095097,114.26,2026-09-08
TOP10ADD,EQ,87.15,87.15,86.55,86.63,87.19,278950,241.85,2026-09-08
TOP15IETF,EQ,9.77,9.77,9.67,9.68,9.74,62782,6.08,2026-09-08
TOP20,EQ,8.81,8.81,8.77,8.78,8.83,36389,3.2,2026-09-08
TORNTPHARM,EQ,4900.0,4983.5,4887.0,4960.0,4914.0,258478,12766.17,2026-09-08
TORNTPOWER,EQ,1275.0,1283.9,1257.6,1270.2,1275.7,254564,3227.9,2026-09-08
TOTAL,EQ,72.03,74.12,72.03,73.72,74.14,5858,4.31,2026-09-08
TOUCHWOOD,EQ,64.99,64.99,60.2,61.06,62.0,666,0.41,2026-09-08
TOYAMSL,EQ,0.62,0.64,0.61,0.62,0.61,594749,3.7,2026-09-08
TPLPLASTEH,EQ,68.98,69.33,66.07,67.69,68.61,187605,126.94,2026-09-08
TRACXN,EQ,29.5,30.0,28.3,29.01,29.68,387852,113.4,2026-09-08
TRANSCOR,EQ,26.0,26.0,24.35,24.99,25.14,1072,0.27,2026-09-08
TRANSRAILL,EQ,419.55,423.55,416.05,419.0,419.55,433538,1819.74,2026-09-08
TRAVELFOOD,EQ,1285.0,1304.0,1275.1,1295.5,1285.3,26045,334.84,2026-09-08
TREEHOUSE,EQ,6.02,6.36,6.02,6.07,6.1,20165,1.23,2026-09-08
TREJHARA,EQ,147.19,149.8,146.01,149.11,147.19,5344,7.9,2026-09-08
TREL,EQ,26.7,27.75,26.0,26.72,27.18,161113,43.39,2026-09-08
TRENT,EQ,2800.5,2812.8,2770.4,2793.6,2814.5,588825,16454.35,2026-09-08
TRF,EQ,238.0,238.0,230.42,230.98,235.13,6386,14.8,2026-09-08
TRIDENT,EQ,23.98,23.98,23.81,23.86,23.98,1764542,421.44,2026-09-08
TRIGYN,EQ,59.05,59.83,56.06,56.92,59.88,48367,27.95,2026-09-08
TRITONV,EQ,1159.0,1159.0,1113.7,1124.6,1140.5,2113,23.86,2026-09-08
TRITURBINE,EQ,567.9,585.0,566.0,580.6,568.75,374569,2161.3,2026-09-08
TRIVENI,EQ,277.1,278.2,269.85,272.75,276.1,341771,931.59,2026-09-08
TRU,EQ,4.01,4.15,3.97,4.06,4.1,168620,6.8,2026-09-08
TRUALT,EQ,424.0,425.5,410.85,415.7,424.1,139457,583.21,2026-09-08
TSFINV,EQ,403.6,429.2,403.6,422.3,403.6,141657,594.23,2026-09-08
TTKHLTCARE,EQ,1092.5,1213.1,1090.0,1191.0,1091.1,215583,2525.31,2026-09-08
TTKPRESTIG,EQ,550.0,561.3,545.0,549.2,548.0,162558,899.26,2026-09-08
TTL,EQ,6.79,7.15,6.61,6.83,6.74,146579,9.99,2026-09-08
TTML,EQ,37.3,37.31,36.3,36.49,37.35,1566480,576.08,2026-09-08
TURTLEMINT,EQ,140.86,141.91,137.0,139.86,142.42,933717,1297.93,2026-09-08
TUTIALKA,EQ,61.0,61.0,59.01,59.91,59.74,11623,6.94,2026-09-08
TVSELECT,EQ,417.1,424.95,410.3,411.75,418.8,14200,58.78,2026-09-08
TVSHLTD,EQ,13743.0,13743.0,13300.0,13377.0,13748.0,7053,944.98,2026-09-08
TVSMOTOR,EQ,4139.0,4156.8,4078.0,4133.2,4132.0,613492,25224.59,2026-09-08
TVSSCS,EQ,128.1,128.68,126.75,127.23,129.05,365615,466.33,2026-09-08
TVSSRICHAK,EQ,5341.0,5500.0,5280.0,5340.0,5305.0,13318,718.44,2026-09-08
TVTODAY,EQ,110.74,113.43,110.18,110.99,110.68,18635,20.82,2026-09-08
TWCGOLDETF,EQ,158.9,158.9,151.04,151.52,151.22,2782,4.22,2026-09-08
UBL,EQ,1291.0,1293.9,1245.9,1252.5,1291.0,288599,3631.21,2026-09-08
UCOBANK,EQ,24.42,24.45,24.14,24.18,24.42,3477238,843.87,2026-09-08
UDAYJEW,EQ,169.8,175.8,155.0,167.17,167.58,314708,530.32,2026-09-08
UDS,EQ,216.76,221.0,206.21,215.77,217.84,498239,1066.33,2026-09-08
UEL,EQ,218.05,218.05,218.05,218.05,229.52,3358,7.32,2026-09-08
UFLEX,EQ,683.55,695.0,663.35,686.75,682.7,338932,2303.8,2026-09-08
UFO,EQ,65.3,65.79,63.7,64.83,64.51,45753,29.6,2026-09-08
UGARSUGAR,EQ,54.49,54.85,52.66,53.29,54.19,256047,137.46,2026-09-08
UGROCAP,EQ,85.5,85.89,84.64,85.06,85.42,115764,98.62,2026-09-08
UJJIVANSFB,EQ,64.93,65.47,63.71,64.86,65.09,8048113,5207.96,2026-09-08
ULTRACEMCO,EQ,11175.0,11215.0,10995.0,11009.0,11175.0,338272,37398.95,2026-09-08
ULTRAMAR,EQ,429.4,438.5,419.2,421.45,429.4,110114,469.26,2026-09-08
UMESLTD,EQ,5.14,5.18,5.0,5.08,5.09,4272,0.22,2026-09-08
UMIYA-MRO,EQ,105.82,105.82,98.0,98.93,104.82,45864,45.49,2026-09-08
UNICHEMLAB,EQ,567.0,575.2,552.4,555.6,569.75,72969,407.88,2026-09-08
UNIECOM,EQ,85.36,85.7,83.26,84.13,85.36,324519,273.48,2026-09-08
UNIENTER,EQ,93.9,95.45,93.26,93.55,92.85,7826,7.32,2026-09-08
UNIINFO,EQ,11.06,11.2,10.85,11.05,11.06,4379,0.48,2026-09-08
UNIMECH,EQ,1514.0,1640.0,1494.2,1629.6,1495.7,939028,14868.82,2026-09-08
UNIONBANK,EQ,184.41,185.15,181.4,183.22,186.04,5714683,10460.28,2026-09-08
UNIONGOLD,EQ,149.55,150.25,148.45,148.85,148.75,739,1.1,2026-09-08
UNIPARTS,EQ,903.95,907.0,890.0,898.0,902.1,107199,962.82,2026-09-08
UNITDSPR,EQ,1431.8,1441.9,1426.9,1440.0,1440.0,506102,7266.22,2026-09-08
UNITECH,EQ,4.25,4.25,4.01,4.04,4.22,8195532,336.33,2026-09-08
UNITEDPOLY,EQ,42.99,43.0,41.5,42.78,42.88,129764,55.13,2026-09-08
UNITEDTEA,EQ,442.0,446.1,440.1,441.85,441.95,906,4.0,2026-09-08
UNIVCABLES,EQ,1480.4,1556.8,1480.4,1524.7,1487.6,181704,2775.08,2026-09-08
UNOMINDA,EQ,1240.0,1241.0,1221.0,1237.0,1241.7,561339,6924.61,2026-09-08
UPHOT,EQ,1350.0,1396.5,1350.0,1396.5,1330.0,173,2.41,2026-09-08
UPL,EQ,575.5,576.75,569.95,576.75,573.0,1635290,9376.02,2026-09-08
URBANCO,EQ,176.06,177.0,169.52,171.77,176.06,4580702,7874.98,2026-09-08
URJA,EQ,9.06,9.14,9.06,9.08,9.12,432845,39.36,2026-09-08
USHAMART,EQ,497.1,508.45,497.1,499.85,500.3,358059,1796.95,2026-09-08
USK,EQ,21.0,21.15,20.56,20.88,20.9,7056,1.48,2026-09-08
UTIAMC,EQ,889.95,905.4,889.9,900.45,889.95,354889,3191.38,2026-09-08
UTKARSHBNK,EQ,15.29,16.49,14.94,15.69,15.03,102828979,16318.45,2026-09-08
UTLSOLAR,EQ,410.2,440.0,410.2,435.2,417.3,384255,1650.88,2026-09-08
UTTAMSUGAR,EQ,285.4,289.9,281.05,287.55,284.0,175245,500.44,2026-09-08
V2RETAIL,EQ,222.2,223.62,218.5,220.17,222.42,921453,2028.31,2026-09-08
VADILALIND,EQ,7450.0,7575.0,7375.5,7534.5,7505.5,15038,1126.35,2026-09-08
VADILENT,EQ,10999.0,10999.0,10225.0,10364.0,10730.0,36,3.74,2026-09-08
VAIBHAVGBL,EQ,216.6,217.95,214.5,215.98,216.49,166004,358.39,2026-09-08
VAISHALI,EQ,8.54,8.56,8.3,8.34,8.37,71384,5.98,2026-09-08
VAKRANGEE,EQ,5.69,5.7,5.58,5.62,5.66,1093585,61.41,2026-09-08
VAL30IETF,EQ,15.06,15.06,14.99,15.0,15.06,89195,13.4,2026-09-08
VALUE,EQ,16.04,16.06,15.96,15.98,16.04,5909,0.95,2026-09-08
VALUEAXIS,EQ,32.2,33.03,32.2,32.62,32.8,19912,6.5,2026-09-08
VAML,EQ,440.15,443.9,435.5,436.6,438.9,4740328,20837.47,2026-09-08
VARDMNPOLY,EQ,5.94,6.0,5.8,5.89,5.89,124199,7.32,2026-09-08
VARROC,EQ,829.95,861.0,815.8,849.45,827.05,257449,2155.56,2026-09-08
VASCONEQ,EQ,29.94,30.15,29.76,29.87,30.09,224163,66.99,2026-09-08
VASUPRADA,EQ,103.0,103.0,103.0,103.0,108.0,25,0.03,2026-09-08
VASWANI,EQ,44.79,47.0,44.79,46.5,45.85,8518,3.94,2026-09-08
VBL,EQ,405.0,408.4,403.65,405.7,405.95,3722223,15096.51,2026-09-08
VEDAVAAG,EQ,18.16,19.4,17.25,18.83,18.15,59851,11.28,2026-09-08
VEDL,EQ,269.3,272.8,269.15,272.0,268.0,5812809,15758.22,2026-09-08
VEDPOWER,EQ,34.3,34.82,34.15,34.28,34.12,8548535,2942.84,2026-09-08
VEEDOL,EQ,1450.0,1462.8,1450.0,1454.0,1456.3,4738,68.93,2026-09-08
VENKEYS,EQ,1648.3,1742.0,1644.5,1709.0,1648.3,184656,3166.5,2026-09-08
VENTIVE,EQ,585.15,585.6,567.35,571.5,580.55,29250,168.09,2026-09-08
VENUSPIPES,EQ,1825.0,1987.0,1785.0,1949.9,1805.4,1040708,19939.67,2026-09-08
VERANDA,EQ,241.6,243.14,229.66,232.73,241.81,527402,1233.33,2026-09-08
VERTOZ,EQ,38.0,38.97,37.1,38.38,37.04,43682,16.54,2026-09-08
VESUVIUS,EQ,417.7,422.4,416.1,421.85,419.55,26333,110.84,2026-09-08
VGCL,EQ,51.0,52.99,49.25,50.66,50.98,3078,1.56,2026-09-08
VGL,EQ,53.0,53.67,52.5,53.26,53.52,14201,7.54,2026-09-08
VGUARD,EQ,330.35,332.65,327.3,330.05,332.55,379892,1255.11,2026-09-08
VHL,EQ,3576.0,3680.0,3576.0,3631.4,3620.8,754,27.44,2026-09-08
VIDHIING,EQ,350.85,360.0,335.1,356.45,349.0,64248,225.74,2026-09-08
VIDYAWIRES,EQ,87.5,90.89,86.66,89.09,88.15,1044051,930.22,2026-09-08
VIJAYA,EQ,1495.0,1520.0,1486.1,1503.0,1497.5,74840,1126.82,2026-09-08
VIJSOLX,EQ,685.15,716.0,656.8,663.9,682.1,1872,12.55,2026-09-08
VIKASECO,EQ,1.07,1.08,1.05,1.05,1.07,1994967,21.11,2026-09-08
VIKASLIFE,EQ,1.29,1.3,1.28,1.28,1.29,1456406,18.77,2026-09-08
VIKRAMSOLR,EQ,166.0,169.8,165.1,169.28,165.81,1795539,3006.11,2026-09-08
VIKRAN,EQ,60.46,60.46,59.02,59.14,60.6,631175,374.98,2026-09-08
VIMTALABS,EQ,642.2,647.7,622.0,625.8,640.65,186817,1173.92,2026-09-08
VINATIORGA,EQ,1303.5,1368.0,1299.2,1347.8,1298.9,165778,2218.1,2026-09-08
VINCOFE,EQ,178.9,181.8,175.28,178.34,178.88,2118171,3786.73,2026-09-08
VINDHYATEL,EQ,2789.0,2824.5,2690.0,2793.7,2765.0,91884,2537.43,2026-09-08
VINEETLAB,EQ,37.9,38.3,35.66,36.94,37.28,36332,13.5,2026-09-08
VINNY,EQ,1.01,1.01,0.99,1.0,1.01,592112,5.94,2026-09-08
VINYLINDIA,EQ,231.0,231.5,221.0,224.57,228.68,7437,16.8,2026-09-08
VIPCLOTHNG,EQ,20.36,20.55,19.94,20.26,20.16,147574,29.82,2026-09-08
VIPIND,EQ,321.0,321.05,308.1,309.6,320.5,401325,1258.2,2026-09-08
VIRAT,EQ,445.0,476.5,420.05,460.35,433.2,18049,82.73,2026-09-08
VIRINCHI,EQ,14.3,14.74,13.75,14.05,14.31,133932,18.94,2026-09-08
VISACHROME,EQ,36.99,37.61,36.1,36.93,36.73,19729,7.3,2026-09-08
VISAKAIND,EQ,92.4,94.8,91.2,93.12,92.17,236688,220.82,2026-09-08
VISHAL,EQ,18.4,18.75,18.25,18.39,18.24,38439,7.09,2026-09-08
VISHNU,EQ,736.5,742.0,712.6,731.55,726.5,302725,2208.55,2026-09-08
VISHWARAJ,EQ,5.98,6.04,5.82,5.86,5.96,498550,29.33,2026-09-08
VISL,EQ,34.8,35.41,33.8,33.97,34.64,18095772,6211.59,2026-09-08
VITAL,EQ,55.11,59.0,55.1,55.4,56.59,69680,38.67,2026-09-08
VIVIANA,EQ,794.9,794.9,725.1,740.85,776.55,27600,208.38,2026-09-08
VIVIDHA,EQ,0.53,0.54,0.52,0.52,0.51,277142,1.46,2026-09-08
VIVOBIOT,EQ,19.0,19.98,18.56,19.01,18.99,4329,0.83,2026-09-08
VIYASH,EQ,264.0,264.8,260.8,261.95,263.65,2245212,5896.11,2026-09-08
VLEGOV,EQ,10.33,10.69,10.26,10.36,10.47,46709,4.86,2026-09-08
VLSFINANCE,EQ,245.01,248.8,244.75,246.08,244.43,7058,17.34,2026-09-08
VMART,EQ,834.4,834.4,823.5,824.65,826.2,67280,555.42,2026-09-08
VMM,EQ,104.5,105.01,103.05,103.9,104.0,8285305,8610.34,2026-09-08
VMSTMT,EQ,44.45,45.37,44.2,44.83,44.58,25350,11.34,2026-09-08
VOEPL,EQ,543.0,554.75,524.6,549.7,543.15,111664,608.94,2026-09-08
VOGL,EQ,37.1,37.29,36.5,36.65,36.94,20555985,7575.0,2026-09-08
VOITHPAPR,EQ,1480.0,1493.0,1465.0,1490.8,1475.5,189,2.79,2026-09-08
VOLTAMP,EQ,11098.0,11401.0,11031.0,11365.0,11067.0,26698,3010.14,2026-09-08
VOLTAS,EQ,1165.0,1169.2,1141.3,1144.8,1167.2,819033,9406.62,2026-09-08
VPRPL,EQ,35.46,37.9,34.61,36.35,34.27,1388778,504.98,2026-09-08
VRAJ,EQ,123.7,123.7,121.0,121.44,122.14,11216,13.66,2026-09-08
VRLLOG,EQ,294.0,296.9,292.8,293.75,292.75,83373,245.59,2026-09-08
VSSL,EQ,354.0,363.3,351.3,356.6,356.45,71289,254.21,2026-09-08
VSTIND,EQ,206.96,207.5,205.5,206.74,206.96,87161,179.75,2026-09-08
VSTL,EQ,122.9,126.0,120.99,124.44,121.75,18277,22.63,2026-09-08
VSTTILLERS,EQ,4145.9,4163.9,4119.2,4127.5,4131.9,3982,164.47,2026-09-08
VTL,EQ,587.0,590.0,582.5,584.4,590.2,143998,843.97,2026-09-08
VTMLTD,EQ,56.88,57.0,55.35,56.58,56.49,2878,1.63,2026-09-08
WAAREEENER,EQ,2593.0,2613.5,2570.0,2571.0,2593.0,335895,8703.95,2026-09-08
WAAREEINDO,EQ,267.4,267.4,261.2,262.05,265.55,52149,137.63,2026-09-08
WAAREERTL,EQ,848.35,852.6,843.0,845.25,852.6,78934,668.12,2026-09-08
WABAG,EQ,2018.0,2019.0,1995.1,2008.4,2008.0,157426,3160.43,2026-09-08
WAKEFIT,EQ,156.01,156.89,152.0,153.05,155.34,722263,1112.86,2026-09-08
WALCHANNAG,EQ,226.0,227.98,214.85,219.1,223.36,752985,1682.92,2026-09-08
WANBURY,EQ,250.8,256.7,246.6,247.7,250.55,103951,260.74,2026-09-08
WARDINMOBI,EQ,5.89,5.91,5.64,5.77,5.77,211281,12.28,2026-09-08
WATERBASE,EQ,48.05,49.8,47.3,48.03,48.49,30587,14.89,2026-09-08
WCIL,EQ,82.88,83.39,81.76,82.48,82.78,95413,78.75,2026-09-08
WEALTH,EQ,839.3,844.8,831.6,835.75,839.25,964,8.08,2026-09-08
WEBELSOLAR,EQ,75.0,76.12,74.3,75.01,75.21,1637073,1228.74,2026-09-08
WEIZMANIND,EQ,73.4,75.0,73.29,73.61,73.37,1221,0.9,2026-09-08
WEL,EQ,72.19,72.19,68.62,69.39,72.23,1428171,986.34,2026-09-08
WELCORP,EQ,2611.1,2641.7,2575.5,2599.5,2597.9,1053885,27483.0,2026-09-08
WELENT,EQ,791.95,800.0,778.8,790.0,783.5,285056,2255.28,2026-09-08
WELSPLSOL,EQ,59.0,59.28,56.55,57.11,58.99,788167,454.23,2026-09-08
WELSPUNLIV,EQ,212.0,212.8,204.52,207.87,211.95,3413743,7075.73,2026-09-08
WENDT,EQ,8350.0,8578.0,8290.0,8419.0,8340.0,9265,781.16,2026-09-08
WESTLIFE,EQ,533.0,541.45,523.0,538.25,533.05,37260,198.2,2026-09-08
WEWIN,EQ,41.97,42.85,41.5,41.85,41.97,888,0.37,2026-09-08
WEWORK,EQ,669.8,677.35,663.5,667.35,675.35,82239,552.01,2026-09-08
WHBRADY,EQ,484.3,493.0,480.0,481.5,495.5,96,0.47,2026-09-08
WHEELS,EQ,1760.9,2106.4,1760.9,2106.4,1755.4,3912924,78367.13,2026-09-08
WHIRLPOOL,EQ,816.0,818.25,796.1,805.0,815.35,322780,2593.18,2026-09-08
WILLAMAGOR,EQ,25.35,25.35,23.6,23.73,23.76,2699,0.66,2026-09-08
WINDLAS,EQ,1164.0,1164.0,1123.25,1146.1,1154.75,113115,1285.72,2026-09-08
WINDMACHIN,EQ,310.8,311.5,302.45,305.6,310.5,27781,85.46,2026-09-08
WIPL,EQ,165.11,169.4,165.11,167.99,164.52,105,0.18,2026-09-08
WIPRO,EQ,172.8,172.9,171.13,171.5,172.8,6948945,11933.26,2026-09-08
WOCKPHARMA,EQ,2200.0,2240.0,2166.0,2224.0,2208.0,1343981,29653.89,2026-09-08
WONDERLA,EQ,528.6,532.0,515.0,518.4,526.3,43440,227.08,2026-09-08
WORTHPERI,EQ,156.4,156.4,152.0,155.99,154.99,2963,4.56,2026-09-08
WPIL,EQ,435.85,436.4,428.0,428.6,435.3,20429,88.12,2026-09-08
WSI,EQ,60.98,61.32,59.05,59.75,61.0,54961,32.98,2026-09-08
WSTCSTPAPR,EQ,689.8,699.15,676.2,681.2,687.5,353728,2435.31,2026-09-08
XCHANGING,EQ,64.3,65.85,63.7,64.08,64.3,212407,137.48,2026-09-08
XELPMOC,EQ,79.5,79.5,77.02,77.61,78.08,16538,12.89,2026-09-08
XPROINDIA,EQ,1362.0,1398.8,1345.0,1389.7,1362.0,161994,2233.7,2026-09-08
XTGLOBAL,EQ,31.99,31.99,31.0,31.11,32.0,32037,9.99,2026-09-08
XTRANET,EQ,281.0,291.99,260.56,266.7,279.83,10431097,29021.03,2026-09-08
YASHO,EQ,3987.8,4135.0,3960.0,4079.9,3987.8,39513,1600.61,2026-09-08
YATHARTH,EQ,994.8,994.8,953.8,969.9,994.8,264267,2582.54,2026-09-08
YATRA,EQ,114.09,115.73,112.6,113.64,114.97,1684406,1920.55,2026-09-08
YESBANK,EQ,22.44,22.57,22.38,22.52,22.42,38612501,8674.6,2026-09-08
YOGI,EQ,163.25,163.25,155.0,155.05,163.25,376,0.59,2026-09-08
YUKEN,EQ,1016.0,1050.95,968.1,1017.35,1005.6,23733,243.21,2026-09-08
ZAGGLE,EQ,182.7,183.6,179.0,180.11,183.49,529099,956.47,2026-09-08
ZEEL,EQ,85.8,87.52,85.5,86.31,85.99,16984775,14685.68,2026-09-08
ZEEMEDIA,EQ,7.86,8.2,7.51,7.94,7.94,2288521,179.76,2026-09-08
ZENITHEXPO,EQ,198.54,200.53,197.0,197.0,196.57,176,0.35,2026-09-08
ZENITHSTL,EQ,6.04,6.29,6.04,6.1,6.03,134814,8.31,2026-09-08
ZENSARTECH,EQ,454.05,454.9,448.0,450.55,453.85,259747,1171.61,2026-09-08
ZENTEC,EQ,1808.0,1864.8,1804.1,1825.0,1794.6,581636,10692.72,2026-09-08
ZFCVINDIA,EQ,2491.7,2537.9,2472.2,2517.4,2491.7,77922,1957.23,2026-09-08
ZFSTEERING,EQ,675.0,683.1,666.5,670.3,668.5,10448,70.52,2026-09-08
ZIMLAB,EQ,130.45,133.89,125.56,129.1,129.16,49305,63.2,2026-09-08
ZODIAC,EQ,238.0,243.0,233.41,235.28,237.16,10361,24.43,2026-09-08
ZODIACLOTH,EQ,72.02,72.59,70.0,71.5,71.85,4375,3.12,2026-09-08
ZOTA,EQ,1100.1,1120.0,1086.1,1113.1,1089.7,49560,548.29,2026-09-08
ZSARACOM,EQ,11699.0,11699.0,11150.0,11276.0,11706.0,55,6.22,2026-09-08
ZUARI,EQ,227.56,229.89,225.87,227.96,226.85,74087,168.76,2026-09-08
ZUARIIND,EQ,282.35,282.7,274.2,278.45,280.4,33313,92.75,2026-09-08
ZYDUSLIFE,EQ,1161.7,1167.7,1142.0,1145.5,1156.9,2009363,23256.52,2026-09-08
ZYDUSWELL,EQ,555.35,562.95,554.7,558.15,555.35,321731,1797.03,2026-09-08
