SYMBOL,SERIES,OPEN_PRICE,HIGH_PRICE,LOW_PRICE,CLOSE_PRICE,PREV_CLOSE,TTL_TRD_QNTY,TURNOVER_LACS,DATE
20MICRONS,EQ,208.28,227.88,207.41,220.12,208.28,561790,1242.32,2026-09-21
21STCENMGM,EQ,38.97,39.5,38.3,39.47,38.98,776,0.3,2026-09-21
360ONE,EQ,1073.3,1085.9,1062.8,1072.7,1073.1,573949,6164.9,2026-09-21
3BBLACKBIO,EQ,1333.9,1419.7,1306.3,1407.8,1319.3,9258,127.11,2026-09-21
3MINDIA,EQ,33915.0,34890.0,33855.0,34725.0,34095.0,4444,1539.74,2026-09-21
3PLAND,EQ,31.09,31.97,30.35,31.5,31.09,1083,0.33,2026-09-21
5PAISA,EQ,322.5,322.5,312.0,314.1,321.35,30462,96.31,2026-09-21
63MOONS,EQ,883.8,905.0,883.45,892.05,884.75,281652,2522.3,2026-09-21
A2ZINFRA,EQ,14.81,15.18,14.59,14.68,14.89,73672,10.87,2026-09-21
AAATECH,EQ,88.98,96.0,86.0,94.16,86.95,118069,109.52,2026-09-21
AADHARHFC,EQ,461.0,470.25,460.3,466.05,461.65,141533,658.8,2026-09-21
AAKASH,EQ,8.88,9.19,8.85,8.97,8.88,80878,7.31,2026-09-21
AAREYDRUGS,EQ,103.0,103.99,100.06,102.37,102.13,206096,212.16,2026-09-21
AARON,EQ,118.0,124.0,118.0,120.74,119.92,9458,11.43,2026-09-21
AARTIDRUGS,EQ,427.7,440.85,427.7,435.5,431.8,114136,498.15,2026-09-21
AARTIIND,EQ,483.0,502.0,481.05,499.8,491.15,805286,3971.68,2026-09-21
AARTIPHARM,EQ,820.0,871.2,811.2,846.45,820.4,2420466,20123.86,2026-09-21
AARVI,EQ,140.0,141.3,134.5,136.1,139.95,29434,40.13,2026-09-21
AASTHA,EQ,76.0,76.69,73.63,74.21,76.25,243196,183.57,2026-09-21
AAVAS,EQ,1285.0,1323.8,1285.0,1321.2,1284.6,84855,1112.75,2026-09-21
ABANSENT,EQ,26.45,27.05,26.34,27.01,26.07,8248,2.21,2026-09-21
ABB,EQ,7240.0,7330.0,7221.0,7271.0,7270.5,161482,11737.89,2026-09-21
ABBOTINDIA,EQ,27200.0,27300.0,26815.0,26960.0,27270.0,7355,1989.78,2026-09-21
ABCAPITAL,EQ,405.1,405.45,400.95,403.4,410.05,1591907,6406.31,2026-09-21
ABCOTS,EQ,214.9,214.9,205.0,208.01,209.85,2489,5.17,2026-09-21
ABDL,EQ,649.95,664.0,641.7,656.3,647.6,423120,2775.03,2026-09-21
ABFRL,EQ,50.15,50.56,49.7,49.85,50.16,2352382,1179.62,2026-09-21
ABGSEC,EQ,114.31,114.31,113.6,114.01,114.2,15,0.02,2026-09-21
ABLBL,EQ,81.5,81.52,80.6,80.89,81.17,411431,332.89,2026-09-21
ABMKNO,EQ,170.5,177.9,170.5,175.67,170.5,251,0.44,2026-09-21
ABREL,EQ,1266.2,1288.7,1233.2,1237.1,1266.2,99442,1242.74,2026-09-21
ABSL10BANK,EQ,166.04,169.8,165.64,168.75,166.04,224,0.37,2026-09-21
ABSLAMC,EQ,1064.3,1068.9,1026.2,1034.3,1060.4,174676,1821.84,2026-09-21
ABSLBANETF,EQ,58.32,58.32,57.79,57.87,57.72,15503,8.98,2026-09-21
ABSLLIQUID,EQ,1000.01,1000.01,999.99,999.99,1000.0,5774,57.74,2026-09-21
ABSLMSCIN,EQ,28.8,28.94,28.8,28.8,28.69,106,0.03,2026-09-21
ABSLNN50ET,EQ,73.97,76.4,73.97,76.21,75.87,5550,4.23,2026-09-21
ABSLPSE,EQ,10.1,10.1,9.92,10.05,10.05,64109,6.44,2026-09-21
ACC,EQ,1260.0,1272.0,1251.0,1256.3,1259.7,66808,841.5,2026-09-21
ACCELYA,EQ,1123.0,1125.0,1115.2,1119.9,1123.0,7474,83.74,2026-09-21
ACE,EQ,1243.0,1268.0,1220.5,1230.4,1229.2,604926,7543.6,2026-09-21
ACEINTEG,EQ,17.37,18.04,17.02,17.89,17.37,4464,0.79,2026-09-21
ACGL,EQ,1737.2,1768.9,1708.0,1714.3,1737.2,2468,42.61,2026-09-21
ACI,EQ,469.95,476.25,458.0,466.25,467.15,373995,1740.02,2026-09-21
ACL,EQ,42.97,43.65,42.1,42.68,42.66,8165,3.47,2026-09-21
ACMESOLAR,EQ,439.0,464.45,437.5,458.1,435.25,6919009,31413.82,2026-09-21
ACUTAAS,EQ,3460.0,3509.9,3399.0,3425.7,3440.3,327627,11334.8,2026-09-21
ADANIENSOL,EQ,1421.1,1432.4,1397.6,1397.6,1436.1,1943661,27407.78,2026-09-21
ADANIENT,EQ,2995.6,3015.9,2973.0,2975.0,3020.0,782730,23437.54,2026-09-21
ADANIGREEN,EQ,1332.0,1332.0,1300.1,1303.6,1334.5,644395,8466.47,2026-09-21
ADANIPORTS,EQ,1793.7,1796.8,1766.7,1787.1,1824.0,2317822,41368.92,2026-09-21
ADANIPOWER,EQ,207.64,210.55,205.38,206.55,206.6,11494497,23870.86,2026-09-21
ADDIND,EQ,82.65,82.65,75.0,77.74,82.65,207,0.16,2026-09-21
ADFFOODS,EQ,259.9,268.7,257.5,267.9,261.45,124948,328.75,2026-09-21
ADOR,EQ,1585.0,1587.9,1564.7,1576.4,1592.1,13795,217.46,2026-09-21
ADROITINFO,EQ,11.18,11.49,10.9,11.25,11.14,43930,4.89,2026-09-21
ADSL,EQ,96.29,99.0,95.52,96.94,96.29,77436,75.32,2026-09-21
ADVAIT,EQ,2038.0,2075.0,2002.3,2005.5,2003.6,41422,838.94,2026-09-21
ADVANCE,EQ,110.48,111.56,106.5,107.83,110.48,184028,199.67,2026-09-21
ADVANIHOTR,EQ,47.8,48.81,47.1,47.9,47.89,7324,3.51,2026-09-21
ADVENTHTL,EQ,129.15,129.15,125.7,126.64,129.15,169507,214.69,2026-09-21
ADVENZYMES,EQ,288.7,297.8,287.0,294.05,287.8,395562,1157.02,2026-09-21
ADVIKCA,EQ,0.98,1.03,0.95,0.96,0.98,427767,4.19,2026-09-21
AEGISLOG,EQ,1422.0,1500.2,1416.4,1486.0,1415.4,1793245,26242.71,2026-09-21
AEGISVOPAK,EQ,317.0,320.95,309.2,318.3,314.95,2864123,9073.25,2026-09-21
AEPL,EQ,17.0,17.0,16.21,16.45,15.92,46972,7.78,2026-09-21
AEQUS,EQ,233.23,233.23,228.95,231.57,231.67,1065725,2464.08,2026-09-21
AEROENTER,EQ,126.11,126.89,121.44,122.36,125.49,554242,682.92,2026-09-21
AEROFLEX,EQ,510.9,524.8,500.65,515.5,510.9,931850,4775.98,2026-09-21
AERONEU,EQ,65.41,68.0,65.41,66.1,67.09,26383,17.56,2026-09-21
AEROPLANE,EQ,201.0,204.9,194.0,201.03,201.49,511901,1026.57,2026-09-21
AETHER,EQ,1650.0,1663.9,1629.2,1639.6,1630.0,127672,2102.37,2026-09-21
AFCONS,EQ,260.75,262.85,256.0,256.75,263.4,734601,1897.97,2026-09-21
AFFLE,EQ,1596.0,1617.9,1566.2,1600.2,1603.5,133554,2129.27,2026-09-21
AFFORDABLE,EQ,177.0,177.0,167.61,168.63,172.31,10396,17.67,2026-09-21
AFIL,EQ,8.4,8.85,8.4,8.72,8.61,264836,23.08,2026-09-21
AFSL,EQ,201.02,201.94,201.0,201.03,201.0,1897,3.81,2026-09-21
AGARIND,EQ,413.55,414.8,407.0,408.55,412.65,46529,190.84,2026-09-21
AGARWALEYE,EQ,502.0,504.7,487.2,490.3,500.45,235519,1161.9,2026-09-21
AGI,EQ,744.05,824.0,744.0,819.35,745.05,1015912,8160.15,2026-09-21
AGIIL,EQ,275.0,277.15,267.65,271.15,270.45,2842048,7720.27,2026-09-21
AGL,EQ,13.87,14.26,13.62,13.81,13.8,1690058,234.77,2026-09-21
AGRITECH,EQ,97.0,100.9,97.0,98.71,98.33,810,0.8,2026-09-21
AGROPHOS,EQ,24.24,24.24,23.2,23.85,23.64,4603,1.08,2026-09-21
AHCL,EQ,23.16,27.48,23.15,26.24,22.9,130243729,32809.86,2026-09-21
AHLADA,EQ,37.33,38.5,36.6,36.97,37.33,2702,1.0,2026-09-21
AHLEAST,EQ,135.85,135.85,134.03,135.0,135.59,41,0.06,2026-09-21
AHLUCONT,EQ,584.7,589.3,575.85,580.2,584.7,41107,238.63,2026-09-21
AIAENG,EQ,3984.0,4023.8,3908.1,3941.0,3973.3,75488,2975.8,2026-09-21
AIIL,EQ,553.9,565.0,551.15,559.4,559.0,155515,870.69,2026-09-21
AIRAN,EQ,16.5,17.49,16.4,16.66,16.69,142877,24.17,2026-09-21
AIROLAM,EQ,90.01,90.01,86.04,88.24,89.0,2208,1.95,2026-09-21
AJANTPHARM,EQ,3563.6,3590.0,3521.2,3542.1,3563.6,135281,4813.0,2026-09-21
AJAXENGG,EQ,559.7,569.2,555.6,562.6,559.75,39739,224.12,2026-09-21
AJMERA,EQ,116.0,120.0,115.0,118.25,115.6,412869,488.43,2026-09-21
AJOONI,EQ,3.26,3.34,3.02,3.18,3.28,624857,19.69,2026-09-21
AKASH,EQ,23.56,25.1,23.56,24.77,24.29,9830,2.45,2026-09-21
AKCAPIT,EQ,1731.4,1762.0,1722.1,1758.1,1746.4,1244,21.84,2026-09-21
AKG,EQ,10.2,10.67,10.0,10.03,10.37,29577,2.99,2026-09-21
AKSHAR,EQ,0.41,0.42,0.41,0.41,0.41,400298,1.65,2026-09-21
AKUMS,EQ,785.0,830.0,779.7,821.45,783.7,825339,6758.21,2026-09-21
ALANKIT,EQ,7.74,7.8,7.36,7.66,7.74,129953,9.94,2026-09-21
ALBERTDAVD,EQ,833.0,844.9,833.0,841.75,833.6,1552,13.02,2026-09-21
ALEMBICLTD,EQ,102.95,105.39,102.21,103.54,102.63,427143,444.27,2026-09-21
ALFREDHE,EQ,2750.5,2828.8,2709.2,2735.0,2830.0,19,0.52,2026-09-21
ALGOQUANT,EQ,72.72,74.8,68.21,72.9,72.27,1874697,1331.5,2026-09-21
ALICON,EQ,729.35,753.25,721.35,738.25,729.35,65933,489.77,2026-09-21
ALIVUS,EQ,1439.0,1446.0,1390.2,1400.4,1430.8,255956,3625.92,2026-09-21
ALKALI,EQ,94.95,103.0,92.31,98.63,87.66,644643,640.63,2026-09-21
ALKEM,EQ,5395.0,5411.0,5316.5,5364.0,5466.5,94968,5104.77,2026-09-21
ALKYLAMINE,EQ,1851.4,1916.2,1851.4,1867.9,1863.0,38425,723.63,2026-09-21
ALLCARGO,EQ,11.06,11.23,10.8,10.98,11.11,5674569,626.93,2026-09-21
ALLDIGI,EQ,775.0,800.0,775.0,787.9,776.3,5376,42.07,2026-09-21
ALLTIME,EQ,207.51,208.92,205.01,206.39,208.4,25494,52.78,2026-09-21
ALMONDZ,EQ,18.9,19.35,18.15,18.41,18.52,278732,51.31,2026-09-21
ALOKINDS,EQ,7.09,7.2,6.99,7.13,7.05,12305596,875.41,2026-09-21
ALPA,EQ,62.0,62.0,59.1,59.62,59.35,8962,5.37,2026-09-21
ALPHA,EQ,53.72,53.94,53.4,53.6,53.72,802826,430.18,2026-09-21
ALPHAETF,EQ,26.5,26.5,26.2,26.23,26.33,218555,57.51,2026-09-21
ALPINETEX,EQ,52.73,54.39,51.34,52.11,52.66,228368,119.93,2026-09-21
ALPL30IETF,EQ,27.19,27.34,27.04,27.25,27.04,1861040,506.41,2026-09-21
ALUFLUOR,EQ,536.0,547.95,517.45,543.85,537.15,9713,52.17,2026-09-21
AMAGI,EQ,569.5,574.2,554.5,564.5,569.5,461059,2591.37,2026-09-21
AMAL,EQ,717.2,730.0,715.0,721.05,722.4,15150,109.51,2026-09-21
AMARJOTHI,EQ,147.5,149.8,145.57,149.39,147.07,167,0.25,2026-09-21
AMBER,EQ,7125.0,7214.5,7090.0,7098.0,7125.0,120913,8642.5,2026-09-21
AMBICAAGAR,EQ,25.5,25.5,24.73,24.9,24.89,31069,7.76,2026-09-21
AMBIKCO,EQ,1610.0,1629.0,1604.2,1619.4,1602.0,18461,298.36,2026-09-21
AMBUJACEM,EQ,389.1,395.95,389.1,390.75,388.3,1048624,4120.49,2026-09-21
AMJLAND,EQ,38.5,38.5,36.24,37.11,37.18,4372,1.61,2026-09-21
AMNPLST,EQ,170.66,180.0,169.05,170.54,171.51,2465,4.25,2026-09-21
AMRUTANJAN,EQ,490.0,497.0,490.0,496.05,493.8,20929,103.46,2026-09-21
ANANDRATHI,EQ,2229.0,2234.7,2190.1,2211.2,2229.4,160196,3539.36,2026-09-21
ANANTRAJ,EQ,606.0,611.7,594.0,595.2,606.15,648055,3894.18,2026-09-21
ANDHRAPAP,EQ,75.0,76.5,71.68,72.69,74.62,713908,530.43,2026-09-21
ANDHRSUGAR,EQ,94.1,96.18,93.0,95.0,94.1,247392,233.08,2026-09-21
ANDREWYU,EQ,25.81,26.8,25.81,26.42,26.27,75516,19.89,2026-09-21
ANGELONE,EQ,299.2,302.0,295.2,296.15,299.1,2858120,8503.45,2026-09-21
ANIKINDS,EQ,44.89,44.97,43.01,43.95,44.59,1045,0.47,2026-09-21
ANNAPURNA,EQ,133.9,133.9,130.0,130.56,132.55,33364,43.77,2026-09-21
ANNU,EQ,51.55,54.8,51.55,52.69,50.46,1874052,997.05,2026-09-21
ANSALBU,EQ,77.39,77.53,75.1,75.1,78.97,1036,0.79,2026-09-21
ANTELOPUS,EQ,1131.0,1158.3,1092.1,1100.8,1104.85,612491,6875.98,2026-09-21
ANTGRAPHIC,EQ,0.72,0.74,0.71,0.73,0.71,177453,1.29,2026-09-21
ANTHEM,EQ,939.7,947.0,914.5,917.45,928.5,363184,3367.06,2026-09-21
ANUHPHR,EQ,93.94,96.98,92.1,93.66,93.48,192258,181.74,2026-09-21
ANUP,EQ,1640.3,1655.0,1629.0,1632.1,1638.3,12383,202.96,2026-09-21
ANURAS,EQ,1200.0,1208.9,1150.1,1160.8,1207.7,6030650,70586.06,2026-09-21
AONEGOLD,EQ,14.16,14.38,14.16,14.2,14.3,244203,34.73,2026-09-21
AONELIQUID,EQ,1077.72,1077.74,1077.7,1077.73,1077.58,11402,122.88,2026-09-21
AONENIFTY,EQ,9.89,9.89,9.4,9.68,9.65,120347,11.64,2026-09-21
AONESILVER,EQ,8.9,9.04,8.84,8.89,8.96,344504,30.63,2026-09-21
AONETMMQ50,EQ,10.0,10.33,9.99,10.15,10.19,26691,2.71,2026-09-21
AONETOTAL,EQ,11.73,11.78,11.62,11.69,11.68,154502,18.09,2026-09-21
APARINDS,EQ,18800.0,19128.0,18548.0,18945.0,18858.0,122426,23082.71,2026-09-21
APCL,EQ,104.7,104.7,93.2,93.99,97.85,25128,24.02,2026-09-21
APCOTEXIND,EQ,608.1,628.65,605.0,608.7,604.85,140490,866.77,2026-09-21
APEX,EQ,345.25,357.65,343.05,351.65,345.35,160070,562.51,2026-09-21
APLAPOLLO,EQ,2224.2,2229.0,2178.7,2181.1,2270.1,594021,13039.9,2026-09-21
APLLTD,EQ,845.75,867.85,845.0,848.75,845.75,242136,2072.09,2026-09-21
APOLLO,EQ,372.45,398.5,372.4,385.45,370.7,12586221,48945.99,2026-09-21
APOLLOHOSP,EQ,8889.0,8974.5,8826.5,8912.0,8944.5,209388,18669.29,2026-09-21
APOLLOPIPE,EQ,549.8,557.0,534.2,539.5,543.6,468130,2563.21,2026-09-21
APOLLOTYRE,EQ,410.0,413.8,408.35,409.3,409.3,446863,1834.3,2026-09-21
APOLSINHOT,EQ,1210.2,1220.0,1208.0,1215.9,1214.9,506,6.14,2026-09-21
APOORVA,EQ,32.6,32.6,31.2,32.31,31.05,493,0.16,2026-09-21
APTECHT,EQ,96.0,97.4,94.0,94.72,92.05,237859,227.76,2026-09-21
APTUS,EQ,239.17,240.47,234.5,237.27,237.68,1262350,2998.77,2026-09-21
AQYLON,EQ,18.05,18.87,18.05,18.87,17.98,1116565,205.19,2026-09-21
ARCHIDPLY,EQ,105.04,106.99,102.51,104.84,104.8,18328,19.36,2026-09-21
ARCHIES,EQ,12.12,13.69,12.12,12.62,12.29,171077,21.84,2026-09-21
ARCIL,EQ,134.9,137.9,131.65,135.18,136.37,1716516,2330.45,2026-09-21
ARCL,EQ,263.31,264.65,248.9,251.64,262.0,2013,5.11,2026-09-21
ARDEE,EQ,49.28,49.58,48.5,48.68,49.28,1672278,819.89,2026-09-21
ARE&M,EQ,796.0,801.8,791.1,794.3,796.0,308363,2452.11,2026-09-21
ARENTERP,EQ,34.25,34.49,33.68,34.49,33.02,147,0.05,2026-09-21
ARFIN,EQ,90.45,92.5,87.8,91.18,89.62,1951163,1763.15,2026-09-21
ARIHANT,EQ,928.85,971.95,907.55,957.35,936.35,686,6.47,2026-09-21
ARIHANTCAP,EQ,81.5,83.27,80.31,81.61,80.29,323910,265.5,2026-09-21
ARIHANTSUP,EQ,229.05,230.2,222.6,229.3,227.2,892,2.04,2026-09-21
ARIS,EQ,135.0,143.1,133.7,142.09,133.33,3954422,5511.6,2026-09-21
ARKADE,EQ,119.63,124.0,119.34,123.44,118.85,135746,166.08,2026-09-21
ARMANFIN,EQ,1970.6,1979.5,1935.4,1966.0,1961.0,13289,260.32,2026-09-21
AROGRANITE,EQ,22.7,23.68,22.7,23.22,23.15,1426,0.33,2026-09-21
ARROWGREEN,EQ,906.0,906.0,864.9,876.05,889.25,33667,295.3,2026-09-21
ARSSBL,EQ,502.0,505.5,495.05,496.1,502.05,76777,382.83,2026-09-21
ARTEMISMED,EQ,338.5,344.8,335.0,339.05,338.5,339752,1152.75,2026-09-21
ARTNIRMAN,EQ,39.8,40.9,39.78,40.09,39.0,216,0.09,2026-09-21
ARVEE,EQ,177.54,208.87,174.93,208.87,174.06,60933,123.86,2026-09-21
ARVIND,EQ,554.0,558.35,535.45,538.55,552.6,360504,1958.8,2026-09-21
ARVINDFASN,EQ,425.95,435.0,421.1,427.6,428.1,130718,560.36,2026-09-21
ARVSMART,EQ,554.0,594.0,550.5,574.4,550.1,70686,399.54,2026-09-21
ARYAMAN,EQ,610.6,624.9,600.6,624.85,629.25,295,1.79,2026-09-21
ASAHIINDIA,EQ,958.0,961.45,950.0,950.25,961.05,38500,366.7,2026-09-21
ASAL,EQ,450.25,456.9,445.4,450.4,449.7,13831,62.23,2026-09-21
ASALCBR,EQ,663.7,669.0,649.5,651.9,659.55,19717,129.2,2026-09-21
ASHAPURMIN,EQ,527.0,541.85,519.25,532.25,525.35,391419,2082.37,2026-09-21
ASHIANA,EQ,361.7,414.35,355.55,405.55,354.75,1011498,3999.66,2026-09-21
ASHIMASYN,EQ,15.8,16.1,15.6,15.94,15.65,41229,6.55,2026-09-21
ASHOKA,EQ,113.1,115.79,111.96,112.66,113.43,910465,1032.89,2026-09-21
ASHOKAMET,EQ,15.11,15.11,14.5,14.73,15.1,25503,3.76,2026-09-21
ASHOKLEY,EQ,163.0,163.19,160.87,161.75,163.0,7883370,12749.14,2026-09-21
ASIANENE,EQ,492.5,519.0,480.25,483.5,492.25,345467,1708.94,2026-09-21
ASIANHOTNR,EQ,374.9,396.95,370.05,375.1,374.9,4133,15.66,2026-09-21
ASIANPAINT,EQ,2450.0,2463.8,2440.3,2440.3,2451.3,268147,6581.15,2026-09-21
ASIANTILES,EQ,51.0,52.14,50.67,51.26,50.65,3127035,1606.15,2026-09-21
ASIANTNE,EQ,9.28,9.59,9.1,9.2,9.28,6572,0.61,2026-09-21
ASKAUTOLTD,EQ,666.0,672.0,647.6,655.1,656.25,515955,3405.77,2026-09-21
ASMS,EQ,6.77,6.83,6.62,6.68,6.66,206240,13.84,2026-09-21
ASPINWALL,EQ,252.0,252.0,247.2,249.15,251.55,329,0.82,2026-09-21
ASTAR,EQ,814.95,848.0,725.3,726.15,807.35,16464,126.69,2026-09-21
ASTEC,EQ,728.0,728.0,712.1,719.45,726.7,22784,163.88,2026-09-21
ASTERDM,EQ,756.0,770.5,753.2,756.75,755.05,610419,4647.81,2026-09-21
ASTRAL,EQ,1421.8,1426.1,1400.9,1400.9,1427.7,184200,2597.6,2026-09-21
ASTRAMICRO,EQ,1637.7,1662.1,1622.6,1657.9,1631.2,197687,3254.56,2026-09-21
ASTRAZEN,EQ,6700.0,6783.0,6624.0,6650.0,6751.5,4522,302.68,2026-09-21
ATALREAL,EQ,14.6,14.85,13.75,14.05,14.36,10437394,1465.66,2026-09-21
ATAM,EQ,57.73,60.35,56.73,59.05,57.58,12300,7.24,2026-09-21
ATGL,EQ,657.65,659.05,629.15,638.4,660.7,3827345,24452.35,2026-09-21
ATHERENERG,EQ,1621.0,1628.2,1576.0,1593.0,1640.0,2234418,35725.5,2026-09-21
ATL,EQ,24.8,24.8,23.9,24.29,24.24,94816,22.92,2026-09-21
ATLANTAA,EQ,36.04,36.21,35.1,35.38,36.04,16179,5.73,2026-09-21
ATLANTAELE,EQ,1676.0,1706.8,1667.8,1695.4,1666.1,53263,896.86,2026-09-21
ATLASCYCLE,EQ,88.0,89.19,87.5,88.42,88.19,4438,3.93,2026-09-21
ATUL,EQ,6120.0,6150.0,6058.5,6086.0,6170.5,19435,1186.41,2026-09-21
ATULAUTO,EQ,450.0,458.0,442.0,449.0,446.45,87157,390.04,2026-09-21
AUBANK,EQ,1046.8,1046.8,1037.2,1038.0,1058.6,704386,7339.07,2026-09-21
AUGMONT,EQ,877.0,907.2,875.15,887.2,874.35,682991,6079.45,2026-09-21
AURIONPRO,EQ,689.05,701.9,682.2,687.05,685.6,79040,546.15,2026-09-21
AUROPHARMA,EQ,1709.8,1738.9,1706.4,1713.4,1734.0,902487,15541.47,2026-09-21
AURUM,EQ,219.69,222.01,217.99,218.9,219.78,162802,358.2,2026-09-21
AURUS,EQ,5.02,5.02,4.79,4.8,4.87,17917,0.88,2026-09-21
AUSOMENT,EQ,149.5,151.0,145.0,146.97,152.15,2770,4.13,2026-09-21
AUSTENG,EQ,133.25,140.29,128.0,135.71,131.41,16930,22.78,2026-09-21
AUTOAXLES,EQ,1705.2,1707.0,1672.0,1694.0,1701.2,2043,34.57,2026-09-21
AUTOBEES,EQ,289.77,289.77,275.64,281.25,282.71,119583,336.88,2026-09-21
AUTOIETF,EQ,28.35,28.37,28.15,28.24,28.35,245414,69.35,2026-09-21
AUTOIND,EQ,78.73,86.2,76.73,83.76,78.34,657852,545.27,2026-09-21
AVADHSUGAR,EQ,730.45,743.35,713.05,732.55,730.45,90364,657.61,2026-09-21
AVALON,EQ,2550.0,2563.9,2441.1,2485.9,2537.7,1046903,25972.02,2026-09-21
AVANCE,EQ,0.8,0.86,0.79,0.84,0.8,11259765,93.49,2026-09-21
AVANTEL,EQ,149.2,150.28,144.0,145.01,147.23,952266,1394.8,2026-09-21
AVANTIFEED,EQ,772.35,784.75,764.3,767.0,774.45,232387,1795.11,2026-09-21
AVL,EQ,634.6,640.9,626.75,629.3,636.95,53731,339.99,2026-09-21
AVONMORE,EQ,12.56,13.27,12.07,13.01,12.46,197718,25.63,2026-09-21
AVROIND,EQ,8.05,8.05,7.81,7.91,7.94,41632,3.29,2026-09-21
AVTNPL,EQ,85.2,93.0,84.41,90.04,85.7,583544,513.51,2026-09-21
AWFIS,EQ,279.8,282.6,270.15,271.35,275.75,353912,978.05,2026-09-21
AWHCL,EQ,364.9,370.0,362.35,364.55,364.9,84142,308.02,2026-09-21
AWL,EQ,185.6,187.05,182.7,183.56,186.98,1572742,2902.79,2026-09-21
AXISBANK,EQ,1248.0,1254.3,1242.0,1250.0,1257.0,3680283,45952.01,2026-09-21
AXISCADES,EQ,1800.0,1878.8,1782.7,1839.7,1811.2,160111,2941.34,2026-09-21
AXITA,EQ,8.04,8.08,8.0,8.0,7.99,483958,38.79,2026-09-21
AXTEL,EQ,437.85,442.0,425.65,434.0,440.05,10440,45.2,2026-09-21
AYE,EQ,186.29,192.5,185.55,187.11,185.72,1101931,2083.5,2026-09-21
AYMSYNTEX,EQ,281.0,289.8,279.95,288.35,283.15,59080,167.69,2026-09-21
AZAD,EQ,2816.0,2816.0,2750.0,2764.9,2790.3,249265,6920.7,2026-09-21
AZADIND,EQ,82.18,82.18,73.41,75.36,82.18,53291,40.68,2026-09-21
BAGFILMS,EQ,4.35,4.53,4.26,4.31,4.35,82491,3.61,2026-09-21
BAIDFIN,EQ,10.71,11.33,10.46,10.75,10.89,43787,4.75,2026-09-21
BAJAJ-AUTO,EQ,11470.0,11533.0,11450.0,11460.0,11414.0,93033,10685.09,2026-09-21
BAJAJCON,EQ,511.3,524.4,508.9,515.3,512.15,602599,3112.88,2026-09-21
BAJAJELEC,EQ,324.4,328.0,322.35,326.0,323.05,95027,309.34,2026-09-21
BAJAJFINSV,EQ,1860.2,1864.0,1849.2,1849.8,1852.5,269959,5013.73,2026-09-21
BAJAJHCARE,EQ,333.95,344.9,331.65,335.6,330.55,154070,520.31,2026-09-21
BAJAJHFL,EQ,85.2,85.47,83.84,83.98,85.58,2158279,1820.92,2026-09-21
BAJAJHIND,EQ,19.59,20.38,19.15,20.18,19.53,19485794,3859.17,2026-09-21
BAJAJHLDNG,EQ,11282.0,11434.0,11227.0,11409.0,11282.0,54157,6163.86,2026-09-21
BAJAJINDEF,EQ,214.94,218.61,214.3,214.81,214.94,11941,25.66,2026-09-21
BAJAJST,EQ,351.05,356.95,343.05,345.2,352.2,7423,25.85,2026-09-21
BAJEL,EQ,172.8,173.99,169.0,172.11,171.91,100841,172.75,2026-09-21
BAJFINANCE,EQ,1035.0,1037.7,1021.3,1021.3,1040.3,4170558,42852.63,2026-09-21
BALAJEE,EQ,25.0,25.39,24.29,25.14,25.31,20323,5.06,2026-09-21
BALAJITELE,EQ,95.24,97.49,93.0,93.55,95.25,100725,95.8,2026-09-21
BALAMINES,EQ,2180.0,2217.0,2120.9,2130.7,2171.5,107775,2334.95,2026-09-21
BALAXI,EQ,23.55,24.0,23.1,23.41,23.55,7765,1.82,2026-09-21
BALKRISHNA,EQ,16.42,16.87,16.12,16.21,16.43,4799,0.78,2026-09-21
BALKRISIND,EQ,2259.0,2259.0,2200.5,2216.8,2265.3,180232,3996.88,2026-09-21
BALMLAWRIE,EQ,166.84,167.41,165.7,166.01,167.41,54022,89.77,2026-09-21
BALPHARMA,EQ,100.67,110.4,98.51,109.37,100.67,127891,136.86,2026-09-21
BALRAMCHIN,EQ,672.6,678.0,661.1,663.65,672.6,554898,3693.53,2026-09-21
BALUFORGE,EQ,524.15,529.5,513.15,518.65,522.15,478789,2492.44,2026-09-21
BANARBEADS,EQ,113.05,114.0,109.7,111.03,113.05,2623,2.93,2026-09-21
BANARISUG,EQ,3315.0,3340.0,3280.0,3305.4,3316.7,438,14.5,2026-09-21
BANCOINDIA,EQ,600.1,605.85,595.05,599.3,604.0,59193,355.14,2026-09-21
BANDHANBNK,EQ,176.0,181.26,175.63,179.0,175.0,15271152,27454.65,2026-09-21
BANG,EQ,34.0,34.4,33.2,33.45,33.5,9880,3.34,2026-09-21
BANK10ADD,EQ,16.71,16.78,16.6,16.75,16.62,2665845,446.79,2026-09-21
BANK10BETF,EQ,20.37,20.99,20.37,20.59,20.47,931,0.19,2026-09-21
BANKA,EQ,79.57,79.57,76.31,78.55,79.96,273,0.21,2026-09-21
BANKADD,EQ,57.8,58.07,57.72,57.8,57.63,12873,7.43,2026-09-21
BANKBARODA,EQ,234.0,234.51,232.52,233.64,234.94,4397710,10263.95,2026-09-21
BANKBEES,EQ,575.3,586.5,575.3,585.29,583.58,362471,2120.32,2026-09-21
BANKBETA,EQ,58.37,58.59,58.24,58.42,58.37,45066,26.31,2026-09-21
BANKBETF,EQ,57.58,57.98,57.11,57.37,57.3,8337,4.79,2026-09-21
BANKETF,EQ,571.38,577.45,571.38,575.91,574.99,60317,347.67,2026-09-21
BANKIETF,EQ,57.73,58.21,57.73,58.02,57.9,144828,84.05,2026-09-21
BANKINDIA,EQ,139.22,139.61,138.2,138.63,140.0,2616892,3624.92,2026-09-21
BANKNIFTY1,EQ,60.0,60.0,58.46,58.61,58.54,153870,90.23,2026-09-21
BANKPSU,EQ,82.21,84.08,82.21,84.01,83.89,5563,4.66,2026-09-21
BANSALWIRE,EQ,312.0,316.5,305.0,316.1,310.6,43684,136.85,2026-09-21
BANSWRAS,EQ,111.2,113.55,110.61,113.07,108.49,17308,19.48,2026-09-21
BASF,EQ,3601.1,3714.5,3555.0,3663.8,3605.7,60650,2205.07,2026-09-21
BATAINDIA,EQ,640.0,643.2,633.2,635.2,638.3,98799,629.4,2026-09-21
BATLIBOI,EQ,81.11,85.79,81.11,85.08,81.09,52074,44.07,2026-09-21
BAYERCROP,EQ,3781.0,3793.1,3725.0,3775.1,3779.5,64891,2436.47,2026-09-21
BBETF0432,EQ,1340.56,1344.5,1340.55,1342.07,1337.8,1005,13.48,2026-09-21
BBL,EQ,2220.0,2220.0,2181.0,2187.0,2207.9,18106,396.65,2026-09-21
BBNPNBETF,EQ,57.03,57.89,55.63,56.87,56.75,445,0.25,2026-09-21
BBNPPGOLD,EQ,147.95,149.0,146.1,146.6,147.95,2230,3.28,2026-09-21
BBOX,EQ,808.45,842.5,805.0,831.35,801.15,1120154,9313.83,2026-09-21
BBTC,EQ,1512.1,1517.7,1475.0,1484.6,1512.1,85944,1283.51,2026-09-21
BBTCL,EQ,226.2,236.55,226.2,235.61,230.53,3687,8.65,2026-09-21
BCG,EQ,10.3,10.46,9.53,9.67,10.26,17102834,1693.17,2026-09-21
BCLIND,EQ,33.14,33.42,32.77,33.32,33.06,381682,126.55,2026-09-21
BCONCEPTS,EQ,151.99,154.65,150.3,151.94,153.1,10265,15.58,2026-09-21
BCPL,EQ,66.1,72.0,66.05,70.26,66.92,26463,18.35,2026-09-21
BDL,EQ,1180.0,1182.9,1164.3,1175.0,1196.6,841005,9868.59,2026-09-21
BEARDSELL,EQ,23.9,24.61,23.87,24.21,23.87,7917,1.92,2026-09-21
BECTORFOOD,EQ,221.55,229.02,219.1,225.68,221.55,1086317,2438.54,2026-09-21
BEDMUTHA,EQ,104.74,104.74,101.43,103.47,104.74,2512,2.58,2026-09-21
BEEKAY,EQ,441.9,444.8,417.15,429.7,430.05,586,2.52,2026-09-21
BEL,EQ,394.35,399.15,393.1,398.5,393.3,9754868,38713.73,2026-09-21
BELLACASA,EQ,262.53,279.8,258.5,273.31,262.53,25104,67.87,2026-09-21
BELRISE,EQ,242.5,245.4,239.5,241.89,240.18,2979428,7206.37,2026-09-21
BEML,EQ,2151.0,2155.0,2090.5,2097.9,2135.0,264454,5585.08,2026-09-21
BENARAS,EQ,10450.0,10600.0,10301.0,10373.0,10588.0,93,9.63,2026-09-21
BENGALASM,EQ,6207.0,6274.5,6204.0,6215.5,6199.5,280,17.45,2026-09-21
BEPL,EQ,128.95,131.2,127.05,128.1,128.95,849603,1097.51,2026-09-21
BERGEPAINT,EQ,460.8,463.0,448.1,450.6,458.65,860289,3910.6,2026-09-21
BESTAGRO,EQ,18.5,19.71,18.41,18.54,18.51,985182,187.11,2026-09-21
BETA,EQ,2053.0,2089.8,2033.9,2074.6,2055.2,10479,216.5,2026-09-21
BFINVEST,EQ,448.2,448.2,440.0,444.5,445.25,9316,41.27,2026-09-21
BFSI,EQ,26.73,26.73,26.49,26.63,26.58,151394,40.3,2026-09-21
BFUTILITIE,EQ,543.9,543.9,530.05,532.35,542.0,30707,164.4,2026-09-21
BHAGCHEM,EQ,248.45,248.45,242.4,245.75,246.85,144638,352.81,2026-09-21
BHAGERIA,EQ,351.05,368.2,348.0,361.4,334.75,595911,2149.6,2026-09-21
BHAGYANGR,EQ,458.9,458.9,424.4,432.85,446.7,337107,1449.14,2026-09-21
BHANDARI,EQ,3.0,3.0,2.96,2.96,2.99,120842,3.59,2026-09-21
BHARATCOAL,EQ,32.85,32.85,32.19,32.27,32.69,3903649,1269.98,2026-09-21
BHARATFORG,EQ,1964.9,1981.8,1942.2,1968.9,1962.1,685946,13470.87,2026-09-21
BHARATRAS,EQ,1168.6,1173.7,1094.5,1109.1,1168.8,39610,444.37,2026-09-21
BHARATSE,EQ,214.19,216.0,211.0,212.36,214.02,65528,139.9,2026-09-21
BHARATWIRE,EQ,173.05,173.22,168.46,170.47,173.05,102819,174.99,2026-09-21
BHARTIARTL,EQ,1854.8,1854.8,1822.0,1830.2,1893.3,9716580,178142.86,2026-09-21
BHARTIHEXA,EQ,1540.0,1546.4,1512.1,1522.0,1540.1,101028,1545.76,2026-09-21
BHEL,EQ,433.0,438.3,430.2,433.4,439.9,5111793,22208.53,2026-09-21
BIGBLOC,EQ,40.8,40.8,38.47,39.61,40.4,77799,30.88,2026-09-21
BIKAJI,EQ,571.6,576.9,555.3,558.95,580.25,114530,645.8,2026-09-21
BIL,EQ,1069.0,1069.0,1030.3,1044.35,1040.85,4951,51.63,2026-09-21
BIMETAL,EQ,646.6,679.0,622.35,662.4,640.2,2287,15.24,2026-09-21
BIOCON,EQ,388.3,396.15,387.6,395.0,385.0,3037626,11956.98,2026-09-21
BIOFILCHEM,EQ,32.28,33.27,32.28,32.61,32.83,15663,5.11,2026-09-21
BIRLACABLE,EQ,413.9,413.9,389.05,389.05,409.5,332162,1312.47,2026-09-21
BIRLACORPN,EQ,823.95,840.3,820.35,825.05,823.6,56704,470.19,2026-09-21
BIRLAMONEY,EQ,120.49,123.45,120.15,120.77,120.49,17830,21.69,2026-09-21
BIRLANU,EQ,1380.1,1428.3,1370.0,1388.8,1380.1,5565,77.36,2026-09-21
BLACKBUCK,EQ,634.6,636.85,620.75,629.95,632.4,672779,4225.15,2026-09-21
BLAL,EQ,163.8,166.77,163.03,165.24,162.99,38216,63.24,2026-09-21
BLBLIMITED,EQ,16.01,16.2,15.67,15.99,16.0,161431,25.9,2026-09-21
BLEL,EQ,440.9,444.0,434.35,439.55,440.4,317773,1394.13,2026-09-21
BLIL,EQ,67.1,67.69,65.16,67.38,67.1,126705,84.69,2026-09-21
BLKASHYAP,EQ,52.24,52.9,49.3,51.56,52.74,333000,173.19,2026-09-21
BLS,EQ,226.6,233.8,224.01,232.54,226.5,2011798,4632.21,2026-09-21
BLSE,EQ,317.15,323.85,315.3,317.25,316.5,213407,680.44,2026-09-21
BLUECLOUDS,EQ,19.42,19.49,18.96,19.07,19.34,850913,162.39,2026-09-21
BLUECOAST,EQ,20.99,21.9,20.5,20.56,20.99,794,0.16,2026-09-21
BLUEDART,EQ,4821.2,4849.8,4794.0,4806.2,4821.0,5084,244.65,2026-09-21
BLUEJET,EQ,579.0,592.0,575.1,579.65,575.25,555419,3238.6,2026-09-21
BLUESTARCO,EQ,1536.8,1580.0,1535.5,1565.0,1531.8,624210,9773.34,2026-09-21
BLUESTONE,EQ,833.0,858.0,828.35,845.45,827.5,478364,4050.98,2026-09-21
BLUSPRING,EQ,123.91,124.53,121.5,121.89,123.34,111691,136.77,2026-09-21
BMWVENTLTD,EQ,51.95,52.8,49.95,50.47,51.9,204056,104.83,2026-09-21
BNAGROCHEM,EQ,202.86,207.0,202.0,206.6,207.0,263,0.54,2026-09-21
BNKETFAXIS,EQ,582.48,583.82,581.29,582.54,581.87,629,3.66,2026-09-21
BODALCHEM,EQ,194.3,200.79,194.15,197.71,191.23,3601741,7159.95,2026-09-21
BOHRAIND,EQ,12.71,13.47,12.02,12.7,12.71,4942,0.63,2026-09-21
BOMDYEING,EQ,110.81,111.3,109.3,110.02,111.3,324885,358.65,2026-09-21
BONLON,EQ,39.14,40.97,38.01,39.35,39.13,49258,19.37,2026-09-21
BORANA,EQ,298.95,300.7,295.05,296.85,297.1,11436,33.98,2026-09-21
BOROLTD,EQ,260.0,267.0,255.76,261.14,259.21,101036,261.9,2026-09-21
BORORENEW,EQ,462.0,477.35,462.0,473.75,459.5,469661,2218.39,2026-09-21
BOROSCI,EQ,120.0,121.19,118.45,119.11,119.56,25850,30.88,2026-09-21
BOSCH-HCIL,EQ,1675.6,1709.9,1675.6,1685.7,1694.0,13525,228.46,2026-09-21
BOSCHLTD,EQ,47460.0,48180.0,47460.0,47565.0,47000.0,15873,7598.62,2026-09-21
BPCL,EQ,313.0,315.95,310.85,312.75,314.0,3153498,9851.35,2026-09-21
BPL,EQ,45.93,47.32,44.2,44.96,45.79,92113,42.18,2026-09-21
BPLPHARMA,EQ,1521.0,1560.2,1516.0,1541.7,1509.7,902,13.97,2026-09-21
BRAHMINFRA,EQ,165.8,165.8,157.68,160.92,162.36,10294,16.5,2026-09-21
BRIGADE,EQ,621.0,630.15,605.8,608.75,621.7,204755,1254.69,2026-09-21
BRIGHOTEL,EQ,57.11,57.15,56.1,56.4,56.23,66152,37.3,2026-09-21
BRIGHTBR,EQ,250.0,259.0,240.15,253.5,248.45,1405,3.53,2026-09-21
BRITANNIA,EQ,5001.5,5030.5,4991.5,5023.0,4998.0,166876,8370.83,2026-09-21
BRNL,EQ,16.25,16.25,16.0,16.1,16.25,14486,2.33,2026-09-21
BROOKS,EQ,63.8,63.8,59.0,59.09,61.53,86961,51.89,2026-09-21
BSE,EQ,3258.0,3258.0,3085.1,3161.0,3266.4,6738927,212859.78,2026-09-21
BSE500IETF,EQ,38.76,39.39,38.63,38.78,38.76,73756,28.62,2026-09-21
BSHSL,EQ,89.9,89.9,83.35,84.93,87.87,6448,5.49,2026-09-21
BSL,EQ,120.63,130.98,118.0,126.15,118.26,18835,23.83,2026-09-21
BSLGOLDETF,EQ,134.53,134.53,133.4,133.72,134.53,281479,377.12,2026-09-21
BSLNIFTY,EQ,28.14,28.14,26.77,27.56,27.46,1747702,481.71,2026-09-21
BSLSENETFG,EQ,75.0,75.9,75.0,75.5,75.15,4629,3.5,2026-09-21
BSOFT,EQ,280.4,284.9,278.0,284.15,280.4,791424,2233.85,2026-09-21
BTML,EQ,7.27,7.54,7.09,7.13,7.25,330019,24.01,2026-09-21
BUILDPRO,EQ,1259.7,1313.5,1259.4,1280.0,1253.8,63580,821.0,2026-09-21
BUTTERFLY,EQ,590.0,592.0,572.05,574.35,585.8,28059,163.09,2026-09-21
BVCL,EQ,40.56,41.49,40.56,41.09,40.76,8821,3.62,2026-09-21
BYKE,EQ,31.64,31.64,29.57,30.44,30.25,51750,15.98,2026-09-21
CAMLINFINE,EQ,97.95,99.51,96.54,98.75,97.28,581240,570.31,2026-09-21
CAMPUS,EQ,212.12,213.4,209.0,211.16,212.12,484658,1023.26,2026-09-21
CAMS,EQ,715.0,716.15,703.25,703.85,708.05,620900,4396.14,2026-09-21
CANBK,EQ,123.23,123.99,122.95,123.7,123.78,5171600,6385.85,2026-09-21
CANFINHOME,EQ,781.0,783.0,766.05,769.9,778.5,290056,2243.65,2026-09-21
CANHLIFE,EQ,153.49,153.59,149.8,152.97,153.59,830360,1265.22,2026-09-21
CANTABIL,EQ,243.2,243.33,238.6,241.08,242.63,115259,278.04,2026-09-21
CAPACITE,EQ,194.29,196.18,192.3,195.02,195.71,134305,260.96,2026-09-21
CAPILLARY,EQ,493.95,524.9,484.05,510.15,484.05,907446,4650.81,2026-09-21
CAPITALSFB,EQ,280.2,287.95,274.35,282.0,278.9,21782,60.73,2026-09-21
CAPLIPOINT,EQ,2760.0,2818.9,2749.0,2756.6,2748.6,91962,2555.94,2026-09-21
CARBORUNIV,EQ,1175.0,1229.0,1151.6,1178.9,1124.4,3767733,44833.75,2026-09-21
CARERATING,EQ,1653.6,1666.3,1617.1,1627.6,1668.6,29682,485.89,2026-09-21
CARRARO,EQ,518.85,535.0,518.85,528.35,524.65,49204,259.36,2026-09-21
CARTRADE,EQ,2989.9,2990.1,2907.7,2918.0,2988.9,162985,4786.23,2026-09-21
CARYSIL,EQ,1125.7,1139.0,1058.3,1064.9,1131.3,202364,2198.64,2026-09-21
CASHIETF,EQ,1080.39,1080.41,1080.39,1080.39,1080.26,121101,1308.38,2026-09-21
CASTROLIND,EQ,197.14,197.2,193.15,193.5,197.14,2910985,5674.47,2026-09-21
CCAVENUE,EQ,15.9,16.28,15.82,16.0,16.08,6402972,1026.16,2026-09-21
CCCL,EQ,13.62,13.97,13.51,13.55,13.76,167235,22.89,2026-09-21
CCHHL,EQ,12.73,13.3,12.71,13.02,13.01,24687,3.23,2026-09-21
CCL,EQ,1060.0,1079.5,1055.0,1071.0,1065.6,135661,1447.84,2026-09-21
CDSL,EQ,1390.0,1394.4,1353.3,1361.0,1390.0,838882,11456.65,2026-09-21
CEATLTD,EQ,3471.2,3485.0,3375.5,3392.7,3468.9,46913,1601.0,2026-09-21
CEIGALL,EQ,374.0,382.0,370.45,379.95,373.75,225114,850.05,2026-09-21
CEINSYS,EQ,689.0,721.35,681.1,709.65,675.35,124570,884.36,2026-09-21
CELEBRITY,EQ,6.83,6.88,6.26,6.64,6.83,22013,1.46,2026-09-21
CELLO,EQ,324.6,325.0,314.6,321.95,322.45,424795,1357.2,2026-09-21
CEMNTGROWW,EQ,14.36,14.38,14.11,14.25,14.22,41440,5.91,2026-09-21
CEMPRO,EQ,1263.0,1274.8,1248.1,1256.5,1263.5,95870,1208.09,2026-09-21
CENTENKA,EQ,563.0,574.0,559.05,571.9,561.45,30416,172.73,2026-09-21
CENTEXT,EQ,19.16,19.46,19.0,19.35,19.16,142614,27.45,2026-09-21
CENTRALBK,EQ,31.73,31.73,31.4,31.49,31.73,4219951,1330.88,2026-09-21
CENTRUM,EQ,21.7,22.0,21.7,21.85,21.94,95806,20.92,2026-09-21
CENTUM,EQ,4351.5,4805.0,4350.0,4739.2,4333.3,296060,13751.3,2026-09-21
CENTURYPLY,EQ,722.9,724.65,701.0,703.35,722.65,328751,2340.53,2026-09-21
CERA,EQ,5600.0,5640.0,5520.0,5528.0,5645.0,6394,356.28,2026-09-21
CESC,EQ,141.8,144.33,141.12,143.47,141.53,1377220,1972.09,2026-09-21
CEWATER,EQ,278.0,281.0,272.0,279.6,279.25,113308,314.81,2026-09-21
CGCL,EQ,272.95,273.0,267.1,268.85,270.65,1696131,4569.7,2026-09-21
CGPOWER,EQ,903.0,919.75,903.0,910.0,892.0,2999705,27375.45,2026-09-21
CGVAK,EQ,145.01,151.0,143.6,145.77,149.8,7324,10.63,2026-09-21
CHALET,EQ,864.0,865.6,854.6,860.05,865.65,34551,297.23,2026-09-21
CHAMBLFERT,EQ,415.0,420.0,413.25,417.2,414.9,498363,2076.99,2026-09-21
CHEMBOND,EQ,192.77,197.59,183.5,187.04,192.77,10827,20.41,2026-09-21
CHEMCRUX,EQ,78.4,82.4,78.4,79.23,80.78,3926,3.14,2026-09-21
CHEMFAB,EQ,370.0,377.4,356.15,359.3,369.4,1644,5.93,2026-09-21
CHEMICAL,EQ,29.44,29.79,29.28,29.39,29.43,198730,58.47,2026-09-21
CHEMPLASTS,EQ,171.48,191.0,170.0,181.17,171.48,1444196,2660.16,2026-09-21
CHENNPETRO,EQ,1420.4,1435.1,1370.0,1375.5,1416.6,1280837,17757.45,2026-09-21
CHEVIOT,EQ,1170.0,1179.9,1160.0,1168.4,1174.7,711,8.3,2026-09-21
CHOICEGOLD,EQ,151.99,151.99,150.03,150.99,151.99,1577,2.38,2026-09-21
CHOICEIN,EQ,762.75,793.0,756.1,782.05,763.85,966736,7528.75,2026-09-21
CHOLAFIN,EQ,1806.0,1806.0,1763.5,1764.0,1800.0,922958,16419.51,2026-09-21
CHOLAHLDNG,EQ,1500.0,1507.5,1460.2,1474.8,1507.7,147817,2202.25,2026-09-21
CIEINDIA,EQ,388.0,398.0,381.5,395.15,387.15,393005,1539.28,2026-09-21
CIFL,EQ,20.0,20.48,19.82,20.02,19.98,62696,12.55,2026-09-21
CINELINE,EQ,89.34,92.0,87.21,90.31,90.36,27241,24.43,2026-09-21
CINEVISTA,EQ,14.98,14.98,13.87,14.14,14.13,3492,0.49,2026-09-21
CIPLA,EQ,1383.2,1405.2,1378.3,1386.1,1394.5,895131,12456.49,2026-09-21
CLEAN,EQ,851.9,861.9,831.3,834.9,851.9,305977,2577.98,2026-09-21
CLEANMAX,EQ,1280.9,1365.0,1269.3,1340.5,1279.4,217581,2886.33,2026-09-21
CLEDUCATE,EQ,55.07,56.99,53.4,56.75,54.81,3957,2.19,2026-09-21
CLSEL,EQ,292.0,294.3,291.2,293.25,294.9,19164,56.14,2026-09-21
CMLL,EQ,477.7,483.65,473.3,475.95,477.7,112991,540.45,2026-09-21
CMPDI,EQ,216.02,216.3,208.46,209.96,214.58,1509024,3176.83,2026-09-21
CMRGREEN,EQ,232.0,233.19,226.6,229.9,231.87,489891,1125.65,2026-09-21
CMSINFO,EQ,232.95,235.49,229.8,232.14,230.93,664959,1546.77,2026-09-21
CNL,EQ,1132.0,1168.1,1125.5,1139.4,1127.1,14256,162.62,2026-09-21
COALINDIA,EQ,411.7,415.4,410.45,414.7,409.9,3442984,14242.47,2026-09-21
COASTCORP,EQ,38.84,39.7,38.26,38.94,38.84,58205,22.67,2026-09-21
COCHINSHIP,EQ,1373.8,1392.5,1363.1,1385.0,1398.0,784923,10862.72,2026-09-21
COCKERILL,EQ,8164.0,8174.0,8023.0,8055.0,8164.0,2331,188.53,2026-09-21
COFFEEDAY,EQ,30.99,30.99,29.82,30.15,30.52,441914,133.63,2026-09-21
COFORGE,EQ,1809.0,1819.4,1791.0,1814.0,1841.0,1932416,34900.79,2026-09-21
COHANCE,EQ,438.45,482.25,435.55,460.45,438.0,8798590,41154.18,2026-09-21
COLPAL,EQ,1892.3,1903.0,1879.4,1892.0,1917.8,720315,13603.39,2026-09-21
COMFINTE,EQ,5.98,6.06,5.63,5.72,5.98,306160,17.83,2026-09-21
COMMOIETF,EQ,97.0,98.32,97.0,97.49,97.5,46028,44.88,2026-09-21
COMPEAU,EQ,332.2,375.0,332.2,366.6,365.0,251,0.9,2026-09-21
COMPUSOFT,EQ,14.0,14.0,13.24,13.35,13.63,34472,4.67,2026-09-21
COMSYN,EQ,306.0,315.4,298.4,304.1,306.55,1469714,4446.62,2026-09-21
CONCOR,EQ,498.6,501.95,487.05,487.05,504.55,885349,4358.46,2026-09-21
CONCORDBIO,EQ,1536.0,1592.0,1512.7,1579.4,1494.4,561323,8792.13,2026-09-21
CONFIPET,EQ,92.01,93.2,87.62,88.96,91.95,3635567,3274.85,2026-09-21
CONS,EQ,11.93,11.93,11.82,11.91,11.88,363516,43.11,2026-09-21
CONSUMAXIS,EQ,118.5,119.0,118.5,119.0,118.57,256,0.3,2026-09-21
CONSUMBEES,EQ,127.55,128.74,127.04,128.5,128.32,52804,67.82,2026-09-21
CONSUMER,EQ,11.8,12.04,11.79,11.84,11.8,241218,28.49,2026-09-21
CONSUMIETF,EQ,119.09,120.97,118.99,119.56,119.09,4929,5.88,2026-09-21
CONTROLPR,EQ,606.0,606.9,593.0,598.95,600.9,24493,146.89,2026-09-21
CORALFINAC,EQ,31.6,32.55,31.6,32.1,32.56,5416,1.74,2026-09-21
CORDELIA,EQ,115.72,118.53,112.54,113.67,115.15,1540969,1769.08,2026-09-21
CORDSCABLE,EQ,364.15,366.6,351.0,355.35,364.15,76339,271.91,2026-09-21
COROMANDEL,EQ,1976.2,1990.0,1936.1,1940.8,1999.5,87865,1710.33,2026-09-21
CORONA,EQ,2227.0,2247.9,2193.1,2212.9,2201.8,20909,464.06,2026-09-21
COSMOFIRST,EQ,866.7,883.95,865.0,866.45,871.25,33052,287.53,2026-09-21
CPCAP,EQ,148.5,158.5,146.61,156.9,145.19,308581,468.6,2026-09-21
CPEDU,EQ,171.52,184.82,171.52,182.28,171.66,12653,22.48,2026-09-21
CPL,EQ,64.47,64.47,63.19,63.75,64.49,14296,9.15,2026-09-21
CPPLUS,EQ,3349.9,3505.0,3338.8,3482.3,3355.1,287297,9816.89,2026-09-21
CPSEETF,EQ,92.38,93.04,91.3,92.72,92.58,1087863,1008.78,2026-09-21
CRAFTSMAN,EQ,11194.0,11442.0,10916.0,11006.0,11138.0,16767,1849.81,2026-09-21
CRAMC,EQ,235.55,235.9,228.6,231.1,234.0,694974,1606.45,2026-09-21
CRAVATEX,EQ,338.95,338.95,316.05,335.75,324.55,1412,4.61,2026-09-21
CREATIVEYE,EQ,5.5,5.84,5.5,5.55,5.7,7944,0.44,2026-09-21
CREDITACC,EQ,1385.0,1409.8,1378.7,1393.0,1387.6,98303,1371.09,2026-09-21
CREST,EQ,361.6,370.0,356.2,367.05,365.75,2355,8.58,2026-09-21
CRESTO,EQ,16.4,16.49,15.75,16.01,16.39,16432,2.63,2026-09-21
CRISIL,EQ,4558.9,4650.0,4540.0,4605.6,4577.5,76809,3528.95,2026-09-21
CRIZAC,EQ,175.25,177.8,173.5,176.49,173.73,124288,218.23,2026-09-21
CROMPTON,EQ,226.53,226.69,225.05,225.05,227.12,1491613,3369.4,2026-09-21
CROWN,EQ,108.0,127.9,108.0,121.38,108.48,283904,345.08,2026-09-21
CSBBANK,EQ,336.0,336.0,330.1,334.8,336.15,261155,871.77,2026-09-21
CSLFINANCE,EQ,218.0,222.15,218.0,220.46,218.24,15570,34.32,2026-09-21
CSM,EQ,112.03,113.0,106.88,108.19,109.85,714274,786.36,2026-09-21
CUB,EQ,236.0,237.74,233.1,234.94,235.79,846007,1992.6,2026-09-21
CUBEXTUB,EQ,84.49,89.0,81.6,87.38,85.32,179090,154.21,2026-09-21
CUMMINSIND,EQ,5100.0,5135.0,5050.0,5067.0,5099.5,281295,14286.51,2026-09-21
CUPID,EQ,266.3,271.3,246.45,251.3,265.0,51831010,132336.75,2026-09-21
CYIENT,EQ,1085.7,1086.1,1055.1,1060.8,1073.3,156528,1671.19,2026-09-21
CYIENTDLM,EQ,945.0,968.7,906.0,912.4,940.7,432427,4023.1,2026-09-21
DABUR,EQ,390.0,392.8,386.8,386.8,395.25,2097526,8194.62,2026-09-21
DALBHARAT,EQ,1765.0,1814.4,1757.1,1764.4,1761.4,123783,2195.48,2026-09-21
DALMIASUG,EQ,392.95,393.15,377.6,384.1,390.5,204296,782.95,2026-09-21
DAMCAPITAL,EQ,137.92,138.99,136.25,137.32,137.92,129171,177.07,2026-09-21
DANGEE,EQ,2.75,2.76,2.6,2.7,2.73,58514,1.57,2026-09-21
DATAMATICS,EQ,766.0,779.9,762.3,773.85,765.95,71980,556.53,2026-09-21
DATAPATTNS,EQ,4532.4,4595.0,4476.0,4511.8,4513.3,382692,17374.61,2026-09-21
DAVANGERE,EQ,2.11,2.17,2.05,2.14,2.06,7958622,168.67,2026-09-21
DBCORP,EQ,184.0,186.99,181.52,182.62,184.06,74685,136.54,2026-09-21
DBEIL,EQ,7.3,7.3,6.94,6.99,7.12,139104,9.79,2026-09-21
DBL,EQ,427.1,433.65,418.55,421.3,425.5,1171769,5003.31,2026-09-21
DBOL,EQ,117.23,117.23,112.35,113.31,116.27,65811,74.97,2026-09-21
DBREALTY,EQ,96.43,97.36,95.0,95.29,95.68,851636,817.58,2026-09-21
DCAL,EQ,171.5,171.9,168.5,170.5,170.52,131392,224.12,2026-09-21
DCBBANK,EQ,218.2,220.54,216.47,218.77,218.35,550532,1203.26,2026-09-21
DCI,EQ,275.0,281.9,271.65,272.55,278.95,45619,125.59,2026-09-21
DCM,EQ,78.21,78.21,75.51,76.01,77.21,23462,17.89,2026-09-21
DCMFINSERV,EQ,4.9,5.1,4.83,4.9,5.18,33088,1.62,2026-09-21
DCMNVL,EQ,175.0,184.99,173.1,180.01,180.2,9225,16.47,2026-09-21
DCMSHRIRAM,EQ,993.3,1008.9,981.0,984.2,995.0,29489,291.72,2026-09-21
DCMSIL,EQ,69.05,70.74,68.6,69.6,70.26,84258,58.57,2026-09-21
DCMSRIND,EQ,38.3,38.88,37.2,38.1,38.24,173540,65.88,2026-09-21
DCW,EQ,45.15,45.65,44.7,45.47,45.18,879647,398.04,2026-09-21
DCXINDIA,EQ,163.1,164.99,159.02,162.02,163.1,408177,659.12,2026-09-21
DDEVPLSTIK,EQ,256.6,262.0,254.05,259.9,254.95,70963,184.13,2026-09-21
DECCANCE,EQ,576.4,576.4,555.25,567.2,567.45,73820,416.41,2026-09-21
DECNGOLD,EQ,218.25,221.63,215.05,217.04,217.21,650192,1413.87,2026-09-21
DEEDEV,EQ,679.0,702.15,672.55,681.1,668.75,284817,1969.39,2026-09-21
DEEPA,EQ,189.0,189.7,182.15,183.06,188.31,1313474,2441.77,2026-09-21
DEEPAKFERT,EQ,1347.1,1383.1,1338.6,1365.9,1343.2,202462,2766.88,2026-09-21
DEEPAKNTR,EQ,1586.3,1602.0,1570.1,1586.3,1586.3,177305,2805.85,2026-09-21
DEEPINDS,EQ,747.0,763.35,720.55,726.3,743.35,326239,2413.08,2026-09-21
DEFENCE,EQ,76.75,80.29,76.75,79.02,78.72,289451,228.38,2026-09-21
DELHIVERY,EQ,426.75,437.6,425.85,435.0,428.0,3248908,14020.59,2026-09-21
DELTACORP,EQ,58.5,64.0,58.36,61.59,58.34,6078214,3756.56,2026-09-21
DELTAMAGNT,EQ,54.95,55.9,53.5,54.9,54.95,2200,1.19,2026-09-21
DEN,EQ,26.51,26.94,26.12,26.42,26.62,335491,88.78,2026-09-21
DENORA,EQ,799.65,820.95,774.0,813.4,782.25,4096,32.98,2026-09-21
DENTA,EQ,280.7,283.95,275.1,276.05,279.35,71325,197.99,2026-09-21
DEVIT,EQ,23.05,23.49,23.0,23.15,23.13,13344,3.09,2026-09-21
DEVX,EQ,31.51,36.3,31.51,35.13,32.21,509090,174.19,2026-09-21
DEVYANI,EQ,139.68,144.0,139.06,143.22,140.62,2842118,4040.43,2026-09-21
DGCONTENT,EQ,24.7,24.9,24.01,24.06,24.49,2164,0.52,2026-09-21
DHAMPURSUG,EQ,157.19,163.8,154.5,162.29,156.22,666472,1065.77,2026-09-21
DHANBANK,EQ,29.67,29.74,29.25,29.44,29.47,255637,75.4,2026-09-21
DHANUKA,EQ,970.05,986.6,962.25,975.6,973.3,16809,163.78,2026-09-21
DHARMAJ,EQ,273.4,284.0,270.35,281.25,276.15,59080,163.58,2026-09-21
DHATRE,EQ,4.4,4.55,4.0,4.22,4.18,40600,1.69,2026-09-21
DHOOTTRANS,EQ,1595.1,1666.6,1560.1,1582.3,1590.7,1741468,27983.95,2026-09-21
DHRUV,EQ,21.0,21.9,20.75,20.95,21.4,4718,0.99,2026-09-21
DHUNINV,EQ,1013.2,1013.2,975.3,981.65,1001.95,483,4.77,2026-09-21
DIAMINESQ,EQ,256.77,256.77,251.5,255.56,256.77,1120,2.85,2026-09-21
DIAMONDYD,EQ,1088.2,1107.7,1068.0,1099.3,1088.1,14344,155.63,2026-09-21
DICIND,EQ,636.0,640.0,621.0,627.9,632.5,2572,16.09,2026-09-21
DIFFNKG,EQ,448.8,455.0,441.1,444.05,445.8,107625,482.55,2026-09-21
DIGIDRIVE,EQ,17.98,17.98,17.31,17.56,17.43,16106,2.85,2026-09-21
DIGISPICE,EQ,16.9,17.25,16.15,16.31,16.99,291927,48.18,2026-09-21
DIGITIDE,EQ,84.05,84.87,82.62,83.56,83.45,103678,86.63,2026-09-21
DISAQ,EQ,12061.0,12160.0,12000.0,12134.0,12062.0,106,12.79,2026-09-21
DISHTV,EQ,2.56,2.58,2.44,2.45,2.56,3772636,93.51,2026-09-21
DIVGIITTS,EQ,1139.0,1159.7,1105.0,1124.4,1130.2,54047,607.74,2026-09-21
DIVIDEND,EQ,35.02,35.02,34.73,34.89,34.85,1031,0.36,2026-09-21
DIVISLAB,EQ,9418.0,9461.5,9375.5,9410.5,9375.0,380343,35783.47,2026-09-21
DIVOPPBEES,EQ,75.45,75.45,73.88,74.93,74.71,21581,16.11,2026-09-21
DIXON,EQ,13128.0,13415.0,13125.0,13350.0,13005.0,219611,29201.69,2026-09-21
DJML,EQ,76.5,79.0,74.85,76.15,77.65,31884,24.22,2026-09-21
DLF,EQ,645.1,660.95,644.0,660.25,644.35,3148346,20690.7,2026-09-21
DLINKINDIA,EQ,430.65,436.05,424.0,425.7,430.05,38767,165.72,2026-09-21
DMART,EQ,3732.0,3814.6,3732.0,3800.4,3749.9,647006,24460.93,2026-09-21
DMCC,EQ,282.0,287.0,276.3,285.4,280.65,37984,107.26,2026-09-21
DNAMEDIA,EQ,2.36,2.63,2.36,2.45,2.47,31826,0.78,2026-09-21
DODLA,EQ,1090.7,1090.7,1061.1,1065.1,1083.6,10027,107.37,2026-09-21
DOLATALGO,EQ,67.32,68.4,66.51,66.79,67.32,86318,58.15,2026-09-21
DOLLAR,EQ,272.25,279.0,271.0,275.25,273.25,81750,225.45,2026-09-21
DOLLEX,EQ,39.2,39.2,37.0,37.6,37.2,47083,17.95,2026-09-21
DOLPHIN,EQ,678.35,714.7,664.0,684.0,665.5,72539,503.38,2026-09-21
DOMS,EQ,2105.3,2115.3,2072.0,2083.1,2105.3,13031,272.69,2026-09-21
DONEAR,EQ,84.41,84.41,82.1,82.61,83.79,19132,15.83,2026-09-21
DPABHUSHAN,EQ,1457.8,1487.8,1418.0,1422.6,1448.3,17753,255.92,2026-09-21
DRAGARWQ,EQ,5400.0,5400.0,5221.0,5280.5,5371.5,9326,493.33,2026-09-21
DRCSYSTEMS,EQ,12.87,12.87,12.26,12.72,12.63,63841,7.98,2026-09-21
DREAMFOLKS,EQ,64.76,65.0,62.12,63.48,64.76,64545,41.16,2026-09-21
DREDGECORP,EQ,998.9,1009.9,988.3,994.7,992.3,36397,362.82,2026-09-21
DRREDDY,EQ,1185.0,1211.9,1185.0,1198.3,1185.0,1718834,20670.58,2026-09-21
DSFCL,EQ,25.78,27.44,25.55,27.44,26.14,102112,27.44,2026-09-21
DSSL,EQ,1015.0,1041.9,1001.3,1032.9,1013.4,27894,286.8,2026-09-21
DUCON,EQ,1.24,1.35,1.2,1.33,1.23,10514128,137.75,2026-09-21
DVL,EQ,291.8,291.8,282.55,283.45,290.0,6158,17.49,2026-09-21
DWARKESH,EQ,41.4,41.4,40.35,40.93,41.15,1227282,501.81,2026-09-21
DYCL,EQ,458.0,467.1,456.1,457.7,457.4,260984,1201.43,2026-09-21
DYNAMATECH,EQ,12180.0,12205.0,11933.0,12169.0,12061.0,10449,1261.4,2026-09-21
DYNPRO,EQ,226.71,232.18,226.71,229.98,229.89,14246,32.79,2026-09-21
EASEMYTRIP,EQ,5.78,5.83,5.77,5.79,5.76,4895490,283.95,2026-09-21
EASTWEST,EQ,2.3,2.47,2.05,2.38,2.25,284514,6.37,2026-09-21
EBANK10,EQ,16.55,16.64,16.45,16.64,16.57,51,0.01,2026-09-21
EBANKNIFTY,EQ,58.38,58.38,56.73,57.13,56.96,311,0.18,2026-09-21
EBBETF0430,EQ,1603.0,1614.87,1603.0,1609.4,1610.9,13749,221.27,2026-09-21
EBBETF0431,EQ,1431.0,1439.9,1425.0,1432.0,1431.44,23740,339.71,2026-09-21
EBBETF0433,EQ,1307.1,1307.1,1302.0,1302.06,1303.19,1353,17.64,2026-09-21
EBGNG,EQ,702.6,706.9,671.9,690.45,703.05,727792,4980.47,2026-09-21
ECAPINSURE,EQ,23.68,23.69,23.44,23.6,23.61,24770,5.83,2026-09-21
ECLERX,EQ,1915.0,1962.8,1902.5,1951.2,1915.6,118274,2288.64,2026-09-21
ECORECO,EQ,432.1,447.95,420.1,422.75,432.1,11131,47.77,2026-09-21
ECOSMOBLTY,EQ,109.0,110.0,107.62,109.6,108.12,42617,46.38,2026-09-21
EDELWEISS,EQ,137.01,142.95,135.79,139.52,136.25,12504087,17568.09,2026-09-21
EFCIL,EQ,178.65,181.02,178.0,178.43,178.67,82310,147.57,2026-09-21
EGOLD,EQ,153.15,153.15,151.1,151.8,152.8,343079,520.78,2026-09-21
EICHERMOT,EQ,7550.0,7569.5,7490.0,7512.5,7516.0,251852,18934.77,2026-09-21
EIDPARRY,EQ,700.0,705.0,692.15,700.9,700.7,222482,1556.63,2026-09-21
EIEL,EQ,200.99,204.8,199.43,203.89,200.01,651755,1324.14,2026-09-21
EIHAHOTELS,EQ,305.0,307.0,293.05,298.85,303.5,44457,133.24,2026-09-21
EIHOTEL,EQ,315.3,317.45,306.1,309.0,317.9,307454,952.78,2026-09-21
EIMCOELECO,EQ,2249.9,2299.0,2240.0,2288.0,2248.4,11832,269.68,2026-09-21
EKC,EQ,101.7,101.7,99.55,100.06,101.07,82556,82.83,2026-09-21
EKI,EQ,68.0,70.9,67.57,69.99,68.34,11595,8.05,2026-09-21
ELANTAS,EQ,14230.0,14949.0,14123.0,14793.0,14228.0,6739,984.04,2026-09-21
ELCIDIN,EQ,105200.0,106610.0,105200.0,105870.0,105130.0,7,7.4,2026-09-21
ELDEHSG,EQ,789.9,789.9,765.15,781.9,781.7,62,0.48,2026-09-21
ELECON,EQ,419.0,424.1,412.6,413.45,421.2,170863,712.16,2026-09-21
ELECTCAST,EQ,73.37,74.15,72.75,73.63,73.38,1039883,763.36,2026-09-21
ELECTHERM,EQ,930.0,930.0,896.9,902.25,925.5,18744,169.99,2026-09-21
ELGIEQUIP,EQ,609.55,614.8,601.5,612.2,609.55,203148,1234.68,2026-09-21
ELGIRUBCO,EQ,60.52,61.48,59.4,59.86,61.6,27506,16.52,2026-09-21
ELIN,EQ,88.53,90.99,88.01,89.38,88.53,63326,56.36,2026-09-21
ELIQUID,EQ,1048.56,1048.56,1048.54,1048.54,1048.4,1883,19.74,2026-09-21
ELITECON,EQ,8.27,8.38,7.65,8.35,7.99,5457008,445.69,2026-09-21
ELLEN,EQ,375.0,382.0,368.3,373.45,373.1,450746,1691.05,2026-09-21
ELM250,EQ,16.15,16.44,16.11,16.37,16.15,641186,104.95,2026-09-21
ELMDIV,EQ,35.71,35.77,35.49,35.75,35.5,116,0.04,2026-09-21
ELPROINTL,EQ,172.53,175.0,170.1,171.4,172.53,12983,22.48,2026-09-21
EMAMILTD,EQ,373.0,382.4,370.5,380.6,368.45,1621062,6132.49,2026-09-21
EMAMIREAL,EQ,67.1,68.8,66.1,66.99,67.18,6794,4.55,2026-09-21
EMBDL,EQ,53.88,59.26,53.88,58.89,53.88,5985106,3457.63,2026-09-21
EMCURE,EQ,2045.0,2045.0,1997.0,2009.3,2003.8,169313,3412.67,2026-09-21
EMETAL,EQ,13.31,13.31,12.98,13.03,13.05,5581,0.73,2026-09-21
EMIL,EQ,197.28,197.78,188.81,191.28,196.28,3557184,6912.83,2026-09-21
EMKAY,EQ,245.05,257.0,245.05,255.0,248.9,34634,87.57,2026-09-21
EMMVEE,EQ,330.1,354.8,330.1,340.6,328.0,11448479,39574.9,2026-09-21
EMPIND,EQ,1057.1,1068.0,1050.0,1054.2,1057.1,1740,18.35,2026-09-21
EMPOWER,EQ,2.27,2.27,2.27,2.27,2.38,632555,14.36,2026-09-21
EMSLIMITED,EQ,367.0,372.0,363.1,364.3,366.65,119216,437.97,2026-09-21
EMUDHRA,EQ,627.0,671.0,616.6,662.0,613.45,1925129,12448.45,2026-09-21
EMULTIMQ,EQ,41.47,41.67,40.79,41.38,41.35,10085,4.17,2026-09-21
ENDURANCE,EQ,2745.0,2780.0,2702.7,2756.4,2732.0,90302,2487.22,2026-09-21
ENERGY,EQ,38.14,38.9,37.38,38.18,38.14,911858,348.25,2026-09-21
ENERGYAXIS,EQ,19.01,19.4,18.85,18.96,18.96,9280,1.76,2026-09-21
ENERGYDEV,EQ,14.7,14.99,14.41,14.57,14.68,8262,1.21,2026-09-21
ENEXT50,EQ,72.3,72.32,71.67,72.32,71.6,204,0.15,2026-09-21
ENGINERSIN,EQ,268.25,286.9,268.25,285.25,266.35,10639611,29975.93,2026-09-21
ENIFTY,EQ,24.19,24.19,23.01,23.62,23.6,764,0.18,2026-09-21
ENIL,EQ,101.9,101.9,99.6,100.03,101.9,9030,9.06,2026-09-21
ENKEIWHEL,EQ,372.0,393.05,372.0,388.2,395.1,1376,5.33,2026-09-21
ENRIN,EQ,3229.0,3264.0,3184.0,3214.7,3228.0,205501,6612.46,2026-09-21
ENTERO,EQ,1748.0,1800.0,1740.9,1795.5,1732.3,268431,4756.92,2026-09-21
EPACK,EQ,178.24,182.54,178.24,179.67,178.84,339166,611.79,2026-09-21
EPACKPEB,EQ,228.53,247.9,225.87,241.57,226.26,1887825,4574.76,2026-09-21
EPIGRAL,EQ,1109.8,1124.9,1095.1,1111.0,1105.3,23879,264.8,2026-09-21
EPL,EQ,240.1,242.7,236.0,239.65,239.35,3816913,9137.09,2026-09-21
EQUAL200,EQ,13.66,13.66,13.57,13.6,13.6,27634,3.75,2026-09-21
EQUAL50,EQ,330.25,330.25,323.25,324.67,323.77,6572,21.33,2026-09-21
EQUAL50ADD,EQ,334.35,336.48,333.6,335.27,334.35,12609,42.26,2026-09-21
EQUITASBNK,EQ,74.45,74.46,72.2,72.43,74.09,1503921,1094.14,2026-09-21
ERIS,EQ,1321.3,1330.9,1291.0,1295.3,1321.3,60013,780.51,2026-09-21
ESABINDIA,EQ,5650.0,5650.0,5491.0,5561.0,5627.5,6922,383.35,2026-09-21
ESCORTS,EQ,2798.0,2859.3,2797.2,2819.8,2798.2,59112,1677.51,2026-09-21
ESDS,EQ,1564.55,1642.75,1564.55,1642.75,1564.55,801393,12844.88,2026-09-21
ESENSEX,EQ,75.69,75.69,75.2,75.69,75.51,3036,2.29,2026-09-21
ESG,EQ,39.44,40.32,39.44,40.32,40.24,2906,1.17,2026-09-21
ESILVER,EQ,234.95,234.95,231.3,231.52,234.3,104277,241.49,2026-09-21
ESSARSHPNG,EQ,16.43,16.8,16.05,16.15,16.19,72288,11.73,2026-09-21
ESSENTIA,EQ,1.04,1.04,1.02,1.02,1.03,935528,9.65,2026-09-21
ESTER,EQ,89.35,89.35,86.9,87.17,87.67,24442,21.42,2026-09-21
ETERNAL,EQ,326.85,336.5,326.85,335.9,326.85,20274532,67516.3,2026-09-21
ETHOSLTD,EQ,2660.0,2686.9,2575.0,2593.8,2661.5,34401,901.78,2026-09-21
EUREKAFORB,EQ,387.4,388.3,377.45,378.45,385.3,122274,465.3,2026-09-21
EUROBOND,EQ,156.5,156.5,150.0,153.34,148.05,1620,2.47,2026-09-21
EUROPRATIK,EQ,231.7,237.4,222.15,224.0,231.75,312956,712.55,2026-09-21
EVEREADY,EQ,331.0,338.85,320.0,321.85,331.0,218147,706.83,2026-09-21
EVIETF,EQ,32.04,32.04,31.71,31.87,32.04,109071,34.76,2026-09-21
EVINDIA,EQ,32.8,32.8,31.2,31.81,32.0,157500,50.19,2026-09-21
EXCELINDUS,EQ,965.0,969.6,948.1,953.5,958.2,5505,52.5,2026-09-21
EXCELSOFT,EQ,78.5,82.5,78.05,81.83,78.08,941399,763.94,2026-09-21
EXICOM,EQ,164.0,168.0,159.78,161.61,163.68,1175635,1919.37,2026-09-21
EXIDEIND,EQ,434.75,437.3,430.7,434.5,435.85,1810338,7859.0,2026-09-21
EXPLEOSOL,EQ,886.85,889.9,876.4,883.15,881.95,10828,95.58,2026-09-21
EXXARO,EQ,6.25,6.35,6.17,6.21,6.25,199375,12.41,2026-09-21
FABTECH,EQ,145.25,148.48,145.25,147.23,147.93,50235,73.9,2026-09-21
FACT,EQ,764.5,822.35,764.5,801.75,764.2,1321888,10615.4,2026-09-21
FAZE3Q,EQ,440.25,444.0,420.0,427.9,442.95,37779,162.26,2026-09-21
FCL,EQ,57.3,58.34,55.43,55.75,57.02,14444022,8148.79,2026-09-21
FCSSOFT,EQ,1.41,1.41,1.39,1.4,1.41,1254958,17.58,2026-09-21
FDC,EQ,350.15,365.6,350.15,362.4,352.5,203702,735.15,2026-09-21
FEDDERSHOL,EQ,54.0,63.48,54.0,61.49,52.9,35766255,21623.31,2026-09-21
FEDERALBNK,EQ,333.1,335.35,328.8,332.0,332.75,4137418,13707.97,2026-09-21
FEDFINA,EQ,155.25,156.9,150.71,151.74,155.25,710264,1090.54,2026-09-21
FERMENTA,EQ,474.35,478.9,461.35,474.25,474.15,50477,237.68,2026-09-21
FIBERWEB,EQ,26.1,26.91,25.57,26.27,26.1,8360,2.18,2026-09-21
FIEMIND,EQ,1949.0,1949.0,1890.1,1901.1,1937.3,53900,1027.05,2026-09-21
FILATEX,EQ,94.7,103.0,92.91,102.2,93.83,13909256,13979.29,2026-09-21
FILATFASH,EQ,0.18,0.18,0.17,0.17,0.17,23267733,41.45,2026-09-21
FINCABLES,EQ,1411.2,1424.9,1395.0,1399.7,1411.2,398902,5613.36,2026-09-21
FINEORG,EQ,5144.0,5199.0,5125.0,5149.5,5199.0,15057,775.2,2026-09-21
FINIETF,EQ,33.08,33.08,32.04,32.19,32.28,130385,41.96,2026-09-21
FINKURVE,EQ,73.7,73.7,70.2,71.05,73.1,17519,12.56,2026-09-21
FINOPB,EQ,135.49,136.49,134.3,134.82,135.48,108299,146.35,2026-09-21
FINPIPE,EQ,154.75,155.24,151.97,152.16,154.63,224529,342.94,2026-09-21
FIRSTCRY,EQ,170.25,173.09,169.55,170.43,172.15,961798,1644.77,2026-09-21
FISCHER,EQ,34.14,35.94,32.5,32.87,33.15,1545886,515.95,2026-09-21
FIVESTAR,EQ,532.75,536.95,518.7,524.95,538.45,764807,4007.66,2026-09-21
FLAIR,EQ,235.23,240.0,233.1,238.8,235.23,45167,107.01,2026-09-21
FLEXIADD,EQ,9.79,9.79,9.59,9.67,9.79,301133,29.19,2026-09-21
FLUOROCHEM,EQ,4610.0,4610.0,4512.2,4560.0,4586.7,147437,6722.25,2026-09-21
FMCGADD,EQ,45.94,46.33,45.94,46.21,46.02,7063,3.26,2026-09-21
FMCGIETF,EQ,49.99,49.99,49.0,49.6,49.28,1172062,579.87,2026-09-21
FMGOETZE,EQ,446.15,446.15,437.3,439.1,446.15,101671,448.95,2026-09-21
FMNL,EQ,9.2,9.27,8.78,8.85,9.24,61329,5.44,2026-09-21
FOODSIN,EQ,55.9,55.9,53.0,53.15,54.57,52098,28.17,2026-09-21
FORCEMOT,EQ,17490.0,17699.0,17452.0,17485.0,17488.0,37594,6605.77,2026-09-21
FORTIS,EQ,887.2,906.5,887.2,893.5,886.0,916405,8253.88,2026-09-21
FOSECOIND,EQ,6748.0,6799.5,6544.5,6643.0,6677.5,18684,1240.74,2026-09-21
FRACTAL,EQ,762.05,764.35,745.0,760.9,764.35,355031,2683.3,2026-09-21
FREDUN,EQ,1316.4,1360.0,1302.0,1348.2,1303.5,94914,1269.24,2026-09-21
FRONTSP,EQ,1204.3,1208.0,1170.0,1173.5,1198.4,16517,194.66,2026-09-21
FSL,EQ,272.05,272.75,268.15,269.45,273.45,331530,898.36,2026-09-21
FUSION,EQ,185.05,187.9,182.73,184.67,185.12,213462,395.7,2026-09-21
GABRIEL,EQ,1326.0,1330.0,1281.6,1290.3,1321.8,216108,2800.48,2026-09-21
GAEL,EQ,157.5,162.84,156.51,161.25,156.95,524434,837.19,2026-09-21
GAIL,EQ,173.6,174.38,172.61,172.61,173.9,3734893,6466.96,2026-09-21
GAJA,EQ,143.0,168.33,141.5,162.71,142.5,18146677,29298.0,2026-09-21
GALAPREC,EQ,1015.0,1052.0,1003.3,1042.4,1011.2,29299,302.1,2026-09-21
GALAXYSURF,EQ,2234.9,2254.3,2175.1,2188.5,2215.2,35803,787.1,2026-09-21
GALLANTT,EQ,554.05,554.1,541.0,546.85,547.15,41459,226.0,2026-09-21
GANDHAR,EQ,276.2,277.95,265.2,267.65,276.2,534706,1453.67,2026-09-21
GANDHITUBE,EQ,897.95,912.0,888.85,909.3,899.2,4655,41.97,2026-09-21
GANECOS,EQ,1002.0,1018.6,991.7,1008.2,1002.0,63820,641.2,2026-09-21
GANESHCP,EQ,171.4,176.99,169.08,171.4,169.2,122957,213.17,2026-09-21
GANESHHOU,EQ,741.45,748.55,733.05,742.45,741.45,13488,99.92,2026-09-21
GANGAFORGE,EQ,1.57,1.61,1.56,1.58,1.55,2230854,35.49,2026-09-21
GANGESSECU,EQ,114.53,116.87,114.2,114.2,114.15,128,0.15,2026-09-21
GARFIBRES,EQ,822.45,822.45,798.45,800.45,819.0,44283,356.04,2026-09-21
GARUDA,EQ,175.5,178.88,174.65,176.77,175.53,325038,574.65,2026-09-21
GATEWAY,EQ,53.2,53.88,52.11,52.51,52.87,406583,214.4,2026-09-21
GAUDIUMIVF,EQ,117.38,117.9,110.6,112.25,116.22,368076,416.14,2026-09-21
GAYAHWS,EQ,1.94,1.95,1.82,1.9,1.9,213431,4.09,2026-09-21
GAYAPROJ,EQ,25.2,25.9,24.33,24.59,24.72,1304113,328.5,2026-09-21
GCSL,EQ,618.6,639.0,618.55,635.1,618.55,2124554,13506.87,2026-09-21
GEEKAYWIRE,EQ,33.69,33.72,27.8,30.9,33.25,1028113,308.54,2026-09-21
GEMAROMA,EQ,150.57,153.85,148.45,150.58,149.1,200645,300.14,2026-09-21
GENCON,EQ,41.5,41.5,39.11,40.54,40.01,285795,114.4,2026-09-21
GENESYS,EQ,289.05,295.5,272.4,279.09,285.19,639081,1819.37,2026-09-21
GENUSPAPER,EQ,11.4,11.7,11.2,11.49,11.41,52641,6.03,2026-09-21
GENUSPOWER,EQ,310.75,312.9,305.2,310.9,310.75,1093688,3384.86,2026-09-21
GEOJITFSL,EQ,81.89,82.74,80.61,81.94,81.99,191462,156.53,2026-09-21
GESHIP,EQ,1437.8,1487.8,1434.0,1485.0,1432.1,1170270,17185.76,2026-09-21
GFLLIMITED,EQ,56.6,58.6,56.4,57.0,56.43,123439,71.22,2026-09-21
GHCL,EQ,425.9,427.9,420.0,421.55,421.7,45084,189.9,2026-09-21
GHCLTEXTIL,EQ,125.49,131.51,121.2,129.52,124.51,741104,946.98,2026-09-21
GICHSGFIN,EQ,138.17,140.0,138.0,139.28,139.35,41626,57.89,2026-09-21
GICRE,EQ,349.1,349.1,345.1,346.2,351.0,205977,715.22,2026-09-21
GILLANDERS,EQ,104.0,108.0,101.2,107.03,104.52,5873,6.21,2026-09-21
GILLETTE,EQ,7073.0,7119.5,6922.0,7048.0,7073.0,67264,4728.07,2026-09-21
GILT10BETA,EQ,26.66,26.66,26.14,26.64,26.66,185,0.05,2026-09-21
GILT5BETA,EQ,66.6,66.6,65.61,66.46,66.59,166,0.11,2026-09-21
GILT5YBEES,EQ,64.48,69.0,64.48,65.84,65.8,231749,152.63,2026-09-21
GIPCL,EQ,189.8,192.89,186.0,189.36,188.35,313414,593.76,2026-09-21
GKB,EQ,67.44,69.7,64.05,69.11,67.44,3766,2.48,2026-09-21
GKENERGY,EQ,120.34,128.3,119.26,126.59,119.77,1430370,1797.04,2026-09-21
GKSL,EQ,184.24,186.99,182.0,183.21,181.25,127464,233.95,2026-09-21
GKWLIMITED,EQ,1569.1,1587.1,1556.1,1571.4,1587.1,63,0.99,2026-09-21
GLAND,EQ,2965.0,3008.0,2916.2,2940.2,2961.9,279128,8277.01,2026-09-21
GLASSWALL,EQ,274.38,305.39,261.66,295.21,269.51,77218755,217464.23,2026-09-21
GLAXO,EQ,2837.0,2875.1,2835.7,2862.9,2838.8,21828,624.04,2026-09-21
GLENMARK,EQ,2425.0,2473.6,2424.0,2450.0,2447.4,405696,9966.53,2026-09-21
GLFL,EQ,5.25,5.25,4.96,5.19,5.06,3048,0.16,2026-09-21
GLOBAL,EQ,130.26,136.97,129.01,130.6,130.16,545418,732.03,2026-09-21
GLOBALE,EQ,11.5,11.5,10.8,11.16,11.0,3542,0.4,2026-09-21
GLOBALVECT,EQ,133.55,135.8,130.61,133.56,131.58,3880,5.17,2026-09-21
GLOBE,EQ,2.15,2.48,2.03,2.25,2.07,7221088,165.58,2026-09-21
GLOBECIVIL,EQ,43.0,43.0,41.6,42.14,42.26,17533,7.4,2026-09-21
GLOBUSSPR,EQ,819.75,836.9,819.75,830.8,819.75,51319,426.79,2026-09-21
GLOSTERLTD,EQ,585.0,587.2,545.0,578.5,586.2,7626,43.08,2026-09-21
GLOTTIS,EQ,58.62,58.88,57.6,57.76,59.48,23320,13.56,2026-09-21
GMBREW,EQ,953.95,961.0,941.0,947.0,953.95,23836,226.12,2026-09-21
GMDCLTD,EQ,558.45,561.85,553.2,557.9,556.45,632829,3527.66,2026-09-21
GMMPFAUDLR,EQ,1462.8,1533.6,1441.6,1507.2,1467.0,894431,13430.42,2026-09-21
GMRAIRPORT,EQ,101.2,101.28,98.15,98.7,99.3,27536721,27366.41,2026-09-21
GMRP&UI,EQ,92.0,93.89,92.0,92.43,92.31,645124,598.84,2026-09-21
GNA,EQ,569.0,572.85,560.7,564.85,558.55,309236,1751.96,2026-09-21
GNFC,EQ,588.9,598.85,582.75,589.9,588.9,600276,3543.31,2026-09-21
GNRL,EQ,98.9,100.99,97.0,97.17,98.43,153726,151.19,2026-09-21
GOACARBON,EQ,381.0,394.0,376.3,389.1,377.6,33473,129.15,2026-09-21
GOCLCORP,EQ,450.0,454.8,442.05,453.45,446.1,695358,3124.7,2026-09-21
GOCOLORS,EQ,306.6,315.0,304.0,306.7,306.0,70857,218.48,2026-09-21
GODAVARIB,EQ,242.0,246.5,241.01,242.47,241.01,58564,142.49,2026-09-21
GODFRYPHLP,EQ,1997.0,2004.0,1972.0,1980.0,2018.0,121765,2415.26,2026-09-21
GODIGIT,EQ,236.7,243.65,231.65,241.45,239.0,992938,2384.11,2026-09-21
GODREJAGRO,EQ,666.7,679.9,657.25,660.65,661.6,190635,1277.9,2026-09-21
GODREJCP,EQ,879.0,891.0,866.1,867.5,880.0,975825,8578.91,2026-09-21
GODREJIND,EQ,1098.9,1115.9,1098.9,1101.7,1107.4,32225,356.27,2026-09-21
GODREJPROP,EQ,1704.0,1720.9,1696.0,1696.9,1691.1,398829,6798.41,2026-09-21
GOKEX,EQ,727.8,731.65,687.4,694.7,727.75,707582,4954.21,2026-09-21
GOKUL,EQ,39.71,40.8,39.33,39.56,40.43,140580,56.54,2026-09-21
GOKULAGRO,EQ,224.2,226.42,219.1,221.16,224.24,255643,566.56,2026-09-21
GOLD1,EQ,127.68,127.86,126.45,126.65,127.68,1133879,1437.93,2026-09-21
GOLD360,EQ,149.05,149.5,147.75,147.85,149.1,27960,41.44,2026-09-21
GOLDADD,EQ,14.94,14.94,14.73,14.75,14.86,2125583,314.11,2026-09-21
GOLDAXIS,EQ,127.66,127.66,126.29,126.44,127.67,993544,1257.91,2026-09-21
GOLDBEES,EQ,126.64,126.64,125.41,125.57,126.48,19462259,24470.47,2026-09-21
GOLDBETA,EQ,128.6,128.65,127.7,127.9,128.6,670062,857.78,2026-09-21
GOLDBND,EQ,153.5,154.7,151.07,152.07,153.21,27619,41.98,2026-09-21
GOLDCASE,EQ,24.07,24.12,23.9,23.91,24.07,9562302,2291.1,2026-09-21
GOLDETF,EQ,148.94,148.94,147.55,147.7,148.57,1078228,1594.12,2026-09-21
GOLDIAM,EQ,327.95,335.2,322.4,323.35,326.75,399675,1307.63,2026-09-21
GOLDIETF,EQ,131.16,131.2,129.91,130.01,131.16,6363757,8291.68,2026-09-21
GOODLUCK,EQ,518.8,529.9,513.7,523.9,517.25,603046,3169.57,2026-09-21
GOODYEAR,EQ,700.6,715.4,700.1,708.2,704.85,4530,32.09,2026-09-21
GOPAL,EQ,256.35,259.7,254.0,257.05,256.75,47564,121.71,2026-09-21
GOYALALUM,EQ,5.7,6.19,5.41,6.09,5.77,260850,15.12,2026-09-21
GPIL,EQ,234.0,239.6,232.6,236.8,233.47,1413064,3345.95,2026-09-21
GPPL,EQ,160.35,165.2,160.25,164.99,160.35,1724551,2822.04,2026-09-21
GPTHEALTH,EQ,167.7,170.9,162.36,165.32,166.21,209098,346.31,2026-09-21
GPTINFRA,EQ,120.0,120.0,117.9,118.42,118.96,107219,127.01,2026-09-21
GRANDOAK,EQ,34.01,35.73,32.57,33.07,34.23,3205,1.07,2026-09-21
GRANULES,EQ,879.25,890.3,871.0,875.15,875.5,597035,5245.77,2026-09-21
GRAPHITE,EQ,834.7,837.95,811.0,812.8,830.85,994540,8164.77,2026-09-21
GRASIM,EQ,3204.9,3217.3,3166.0,3166.0,3209.2,187000,5959.8,2026-09-21
GRAUWEIL,EQ,85.96,88.2,84.01,85.34,86.62,1292053,1113.56,2026-09-21
GRAVITA,EQ,1604.0,1610.5,1552.1,1580.0,1598.4,272538,4305.83,2026-09-21
GREAVESCOT,EQ,196.85,200.5,195.5,198.58,197.35,705324,1398.6,2026-09-21
GREENLAM,EQ,232.7,233.1,227.49,228.76,231.51,26178,60.07,2026-09-21
GREENPANEL,EQ,157.83,167.95,157.1,165.45,157.83,456355,744.45,2026-09-21
GREENPLY,EQ,291.0,292.85,288.15,289.9,292.85,76796,223.04,2026-09-21
GREENPOWER,EQ,9.08,9.23,8.95,9.04,9.05,1967532,179.26,2026-09-21
GRINDWELL,EQ,1895.6,1993.8,1888.1,1966.8,1895.6,78264,1536.18,2026-09-21
GRINFRA,EQ,839.9,874.95,819.0,824.85,825.9,156865,1318.49,2026-09-21
GRMOVER,EQ,81.64,83.84,79.45,82.43,81.64,1190032,974.15,2026-09-21
GROBTEA,EQ,921.9,956.1,901.0,910.0,921.9,80,0.73,2026-09-21
GROWW,EQ,192.0,192.23,189.2,190.59,191.76,15975276,30413.29,2026-09-21
GROWWCAPM,EQ,11.29,11.29,11.01,11.14,11.24,432426,48.11,2026-09-21
GROWWCHEM,EQ,29.3,29.78,29.11,29.33,29.3,70882,20.82,2026-09-21
GROWWDEFNC,EQ,94.94,94.94,93.52,94.02,93.86,285993,268.68,2026-09-21
GROWWEV,EQ,31.14,31.94,31.14,31.79,31.94,207906,66.03,2026-09-21
GROWWGOLD,EQ,14.94,14.94,14.81,14.83,14.94,1248087,185.44,2026-09-21
GROWWHOSPI,EQ,53.01,53.24,52.62,53.07,53.01,160395,85.06,2026-09-21
GROWWLIQID,EQ,110.84,110.84,110.83,110.83,110.81,198488,220.0,2026-09-21
GROWWLOVOL,EQ,10.12,10.26,9.92,10.14,10.12,15923,1.61,2026-09-21
GROWWMC150,EQ,230.79,231.9,227.7,230.34,228.5,311,0.71,2026-09-21
GROWWMETAL,EQ,12.37,12.5,12.37,12.4,12.37,202193,25.1,2026-09-21
GROWWMOM50,EQ,10.99,11.04,10.71,10.94,10.88,82654,9.02,2026-09-21
GROWWN200,EQ,11.23,11.23,10.98,11.15,11.12,70815,7.88,2026-09-21
GROWWNET,EQ,11.14,11.14,10.0,11.0,10.92,674180,73.2,2026-09-21
GROWWNIFTY,EQ,9.48,9.71,9.44,9.5,9.48,583664,55.35,2026-09-21
GROWWNXT50,EQ,72.64,73.3,71.73,72.32,72.64,5500,3.98,2026-09-21
GROWWPOWER,EQ,11.3,11.3,11.2,11.22,11.21,926836,104.13,2026-09-21
GROWWPSE,EQ,99.98,100.97,96.37,97.31,98.36,3638,3.55,2026-09-21
GROWWPSUBK,EQ,84.29,84.29,82.22,83.64,83.61,3551,2.96,2026-09-21
GROWWRAIL,EQ,27.65,27.7,27.26,27.32,27.44,612833,168.21,2026-09-21
GROWWRLTY,EQ,9.75,9.75,9.49,9.55,9.54,127032,12.13,2026-09-21
GROWWSC250,EQ,10.65,10.65,10.45,10.56,10.54,140528,14.86,2026-09-21
GROWWSLVR,EQ,22.96,22.96,22.69,22.76,22.92,1133065,258.06,2026-09-21
GRPLTD,EQ,2020.5,2020.5,1985.0,1992.7,2008.2,1408,28.15,2026-09-21
GRSE,EQ,2408.0,2418.8,2366.1,2372.2,2411.8,180334,4303.86,2026-09-21
GRWRHITECH,EQ,6720.0,6770.0,6431.5,6454.5,6724.5,33465,2198.84,2026-09-21
GSEC10ADD,EQ,26.35,26.35,26.35,26.35,26.3,371,0.1,2026-09-21
GSEC10IETF,EQ,263.97,264.86,262.04,264.57,263.97,333,0.88,2026-09-21
GSEC10YEAR,EQ,30.92,30.92,30.0,30.11,30.31,455,0.14,2026-09-21
GSEC5IETF,EQ,66.07,66.24,65.7,65.77,66.4,15621,10.31,2026-09-21
GSFC,EQ,152.49,152.8,150.57,150.75,151.92,566471,856.78,2026-09-21
GSLSU,EQ,28.05,29.44,27.61,29.44,28.04,82466,23.88,2026-09-21
GSPCROP,EQ,485.3,496.65,480.05,490.9,482.1,252005,1237.25,2026-09-21
GSS,EQ,10.64,10.84,9.87,10.82,10.37,48215,5.1,2026-09-21
GTECJAINX,EQ,26.83,27.8,26.13,26.39,26.86,3167,0.85,2026-09-21
GTL,EQ,7.12,7.13,7.02,7.04,7.09,106754,7.53,2026-09-21
GTLINFRA,EQ,1.15,1.16,1.13,1.13,1.15,26356401,301.05,2026-09-21
GTPL,EQ,54.91,55.69,54.15,55.06,56.96,62970,34.5,2026-09-21
GUFICBIO,EQ,433.3,446.7,433.3,435.65,436.0,56909,250.73,2026-09-21
GUJALKALI,EQ,636.5,645.0,628.0,629.5,638.7,74364,471.37,2026-09-21
GUJAPOLLO,EQ,354.0,354.0,344.0,344.2,350.1,3426,11.85,2026-09-21
GUJENERGY,EQ,244.5,245.04,238.01,238.52,244.64,919345,2213.0,2026-09-21
GUJRAFFIA,EQ,40.3,41.4,39.14,40.33,40.25,4036,1.63,2026-09-21
GUJTHEM,EQ,431.5,431.5,405.0,413.7,427.4,495483,2059.74,2026-09-21
GULFOILLUB,EQ,1072.0,1081.7,1054.4,1058.4,1070.1,48310,514.43,2026-09-21
GULPOLY,EQ,169.99,173.91,167.2,169.52,169.99,80260,136.44,2026-09-21
GVPIL,EQ,659.7,688.9,658.0,688.9,656.1,340873,2315.13,2026-09-21
GVT&D,EQ,4399.0,4458.3,4366.1,4366.1,4385.0,207424,9109.23,2026-09-21
GYFTR,EQ,168.05,176.38,167.79,169.95,171.05,69219,118.01,2026-09-21
HAL,EQ,4850.0,4888.9,4825.0,4826.0,4800.3,784570,38081.43,2026-09-21
HALDER,EQ,279.2,290.0,279.0,283.5,280.95,1229,3.53,2026-09-21
HALEOSLABS,EQ,1519.4,1554.0,1481.5,1487.6,1497.6,2181,33.05,2026-09-21
HAMPTON,EQ,8.31,8.31,7.9,8.04,8.22,35931,2.88,2026-09-21
HAPPSTMNDS,EQ,322.0,322.85,316.6,317.8,321.55,569666,1817.49,2026-09-21
HAPPYFORGE,EQ,2148.0,2159.8,2100.0,2109.1,2148.3,49217,1040.0,2026-09-21
HARDWYN,EQ,9.19,9.19,9.05,9.15,9.16,432254,39.44,2026-09-21
HARIOMPIPE,EQ,362.9,365.0,357.15,358.85,362.9,54304,195.68,2026-09-21
HARRMALAYA,EQ,182.0,182.0,176.1,178.18,178.49,5760,10.28,2026-09-21
HARSHA,EQ,446.3,476.8,446.0,467.9,440.45,776655,3632.43,2026-09-21
HATHWAY,EQ,9.95,10.03,9.94,9.97,9.98,885696,88.45,2026-09-21
HATSUN,EQ,1144.9,1157.4,1119.0,1130.7,1139.1,39695,448.31,2026-09-21
HAVELLS,EQ,1108.6,1113.4,1100.5,1103.1,1132.4,647751,7176.6,2026-09-21
HAVISHA,EQ,1.33,1.35,1.31,1.34,1.33,5848,0.08,2026-09-21
HAWKINCOOK,EQ,8286.0,8370.0,8124.0,8166.0,8286.0,2754,225.57,2026-09-21
HAZOOR,EQ,19.86,20.3,19.0,19.11,19.3,531038,104.27,2026-09-21
HBESD,EQ,71.0,73.0,70.0,73.0,73.57,425,0.3,2026-09-21
HBLENGINE,EQ,757.3,765.0,748.3,749.85,760.0,898330,6790.07,2026-09-21
HBPOR,EQ,60.5,63.48,60.5,61.79,61.0,139,0.09,2026-09-21
HBSL,EQ,53.73,53.73,51.13,53.25,52.68,447,0.24,2026-09-21
HCC,EQ,21.71,22.21,21.47,21.83,21.77,17293181,3769.74,2026-09-21
HCG,EQ,705.0,714.4,695.1,701.35,708.25,67828,477.01,2026-09-21
HCL-INSYS,EQ,10.93,11.2,10.57,10.7,10.47,754421,82.76,2026-09-21
HCLTECH,EQ,1242.3,1284.9,1237.3,1281.0,1249.3,2751906,35065.66,2026-09-21
HDBFS,EQ,692.65,699.0,677.75,680.95,698.4,980082,6716.29,2026-09-21
HDFCAMC,EQ,2434.9,2456.2,2412.4,2440.0,2425.0,503235,12273.86,2026-09-21
HDFCBANK,EQ,731.0,742.65,729.05,739.5,731.0,35482683,262241.76,2026-09-21
HDFCBSE500,EQ,37.65,37.65,36.56,36.93,36.91,8114475,2989.94,2026-09-21
HDFCGOLD,EQ,130.6,130.63,129.65,129.83,130.64,3260630,4235.83,2026-09-21
HDFCGROWTH,EQ,114.77,115.37,114.2,114.73,114.77,6937,7.95,2026-09-21
HDFCLIFE,EQ,551.65,565.9,551.65,559.4,550.95,2831490,15927.74,2026-09-21
HDFCLIQUID,EQ,1078.63,1078.78,1078.6,1078.77,1078.63,26611,287.07,2026-09-21
HDFCLOWVOL,EQ,19.9,20.06,19.9,20.04,19.9,4701,0.94,2026-09-21
HDFCMID150,EQ,24.0,24.0,23.08,23.11,23.12,281669,65.19,2026-09-21
HDFCMOMENT,EQ,30.86,30.86,30.54,30.64,30.72,190756,58.45,2026-09-21
HDFCNEXT50,EQ,73.88,74.03,73.68,73.84,73.88,91037,67.2,2026-09-21
HDFCNIF100,EQ,25.3,25.6,25.23,25.41,25.35,18894,4.79,2026-09-21
HDFCNIFBAN,EQ,57.85,58.31,57.85,58.17,57.99,34156,19.88,2026-09-21
HDFCNIFIT,EQ,30.76,31.02,30.5,30.93,30.69,104650,32.28,2026-09-21
HDFCNIFTY,EQ,270.14,270.14,263.16,264.79,263.56,185018,489.42,2026-09-21
HDFCNIMEG,EQ,129.9,130.73,129.9,129.91,129.9,4318,5.62,2026-09-21
HDFCPSUBK,EQ,82.55,84.25,82.55,84.02,84.13,17132,14.39,2026-09-21
HDFCPVTBAN,EQ,28.52,28.52,27.83,27.87,27.83,49216,13.76,2026-09-21
HDFCQUAL,EQ,55.59,57.85,55.59,57.26,56.72,4127,2.36,2026-09-21
HDFCSENSEX,EQ,82.66,86.48,82.66,85.05,84.78,57336,48.63,2026-09-21
HDFCSILVER,EQ,223.95,223.95,221.19,222.04,223.95,2869389,6374.93,2026-09-21
HDFCSML250,EQ,185.61,185.68,182.75,184.23,184.55,1161673,2143.29,2026-09-21
HDFCVALUE,EQ,121.77,122.54,121.72,122.33,121.96,7089,8.67,2026-09-21
HEADSUP,EQ,6.9,7.0,6.71,6.91,6.71,17425,1.19,2026-09-21
HEALTHADD,EQ,16.8,17.01,16.8,16.99,16.8,36459,6.18,2026-09-21
HEALTHAXIS,EQ,169.67,172.0,165.3,171.79,169.67,2060,3.52,2026-09-21
HEALTHCARE,EQ,22.28,22.28,21.9,22.06,21.84,43070,9.5,2026-09-21
HEALTHIETF,EQ,171.0,173.55,170.91,172.96,170.91,162357,280.16,2026-09-21
HEALTHX,EQ,293.75,303.7,293.65,297.0,300.0,1668,4.96,2026-09-21
HEALTHY,EQ,17.56,17.56,17.1,17.33,17.14,629404,108.88,2026-09-21
HECPROJECT,EQ,119.68,120.5,116.0,118.1,119.77,21092,24.96,2026-09-21
HEIDELBERG,EQ,146.92,147.01,141.41,141.67,145.92,176823,252.14,2026-09-21
HEMIPROP,EQ,120.61,122.09,119.5,120.02,120.77,166831,201.45,2026-09-21
HERANBA,EQ,169.0,169.0,165.94,167.08,167.02,22561,37.69,2026-09-21
HERITGFOOD,EQ,416.1,429.9,416.05,421.5,418.1,544761,2304.75,2026-09-21
HEROMOTOCO,EQ,5308.0,5425.0,5308.0,5419.0,5285.5,355000,19149.87,2026-09-21
HESTERBIO,EQ,2200.0,2236.4,2158.5,2188.8,2195.6,3227,70.61,2026-09-21
HEXATRADEX,EQ,161.9,161.9,158.0,159.84,158.29,804,1.29,2026-09-21
HEXT,EQ,520.85,524.5,512.1,515.25,524.55,151434,780.63,2026-09-21
HGINFRA,EQ,442.95,445.95,440.35,442.65,442.45,50346,223.09,2026-09-21
HGM,EQ,48.7,49.59,45.6,46.46,48.51,3323,1.56,2026-09-21
HGS,EQ,380.0,384.95,376.0,377.8,379.4,7901,29.97,2026-09-21
HIKAL,EQ,226.04,235.0,226.04,229.15,226.04,555365,1283.5,2026-09-21
HILINFRA,EQ,45.0,45.0,43.25,43.37,43.92,80219,35.24,2026-09-21
HILTON,EQ,16.45,16.79,16.28,16.44,16.38,101060,16.7,2026-09-21
HIMATSEIDE,EQ,64.99,65.17,62.1,62.76,64.66,754907,478.4,2026-09-21
HINDADH,EQ,378.0,387.9,378.0,383.9,374.9,5897,22.6,2026-09-21
HINDALCO,EQ,987.0,993.5,976.0,981.2,986.5,3348127,32867.28,2026-09-21
HINDALUMI,EQ,97.4,97.4,92.0,93.26,94.27,3325,3.11,2026-09-21
HINDCOMPOS,EQ,380.5,382.95,374.05,379.25,378.65,4347,16.48,2026-09-21
HINDCON,EQ,23.81,25.0,23.65,24.44,23.81,60207,14.75,2026-09-21
HINDCOPPER,EQ,504.5,507.0,497.2,503.95,497.4,4883834,24516.92,2026-09-21
HINDOILEXP,EQ,181.07,181.5,176.01,176.63,180.29,319216,566.78,2026-09-21
HINDPETRO,EQ,356.85,359.85,355.5,357.6,359.0,1629936,5823.96,2026-09-21
HINDUNILVR,EQ,1940.0,1966.6,1939.0,1947.0,1932.0,864547,16911.85,2026-09-21
HINDWAREAP,EQ,173.0,180.0,170.3,176.57,172.08,133778,232.69,2026-09-21
HINDZINC,EQ,590.95,595.0,585.9,591.8,596.0,4306457,25442.39,2026-09-21
HIRECT,EQ,1240.0,1262.8,1230.1,1241.2,1242.8,34369,426.02,2026-09-21
HISARMETAL,EQ,159.0,168.94,157.0,159.02,154.53,1020,1.66,2026-09-21
HITECH,EQ,76.14,76.27,74.35,74.96,76.14,474659,356.09,2026-09-21
HLEGLAS,EQ,452.0,469.2,449.2,469.2,446.9,192390,895.43,2026-09-21
HLVLTD,EQ,6.75,6.95,6.6,6.73,6.75,155327,10.48,2026-09-21
HMAAGRO,EQ,24.24,25.5,23.64,23.95,23.77,5464569,1338.71,2026-09-21
HNDFDS,EQ,625.0,625.0,611.6,617.75,625.7,72898,451.11,2026-09-21
HNGSNGBEES,EQ,474.88,474.88,461.7,463.13,463.3,72356,336.0,2026-09-21
HOMEFIRST,EQ,1250.0,1273.9,1226.1,1257.7,1241.3,492496,6168.77,2026-09-21
HONASA,EQ,471.55,476.5,465.55,473.6,479.55,510820,2408.61,2026-09-21
HONAUT,EQ,35350.0,35430.0,34455.0,34685.0,35445.0,2807,973.61,2026-09-21
HONDAPOWER,EQ,1910.0,1939.9,1910.0,1920.6,1930.3,2380,45.79,2026-09-21
HORIZONIND,EQ,53.84,54.32,52.51,52.74,54.23,2727392,1454.64,2026-09-21
HPAL,EQ,34.65,36.32,34.65,35.93,34.76,71507,25.56,2026-09-21
HPIL,EQ,119.01,119.1,115.0,119.1,118.99,106,0.13,2026-09-21
HPL,EQ,286.0,287.95,282.1,283.15,284.3,67643,192.54,2026-09-21
HRYNSHP,EQ,97.2,101.25,97.2,99.99,97.19,714,0.71,2026-09-21
HSBCGOLD,EQ,132.91,134.32,131.54,131.63,132.91,38800,51.78,2026-09-21
HSCL,EQ,678.0,692.8,672.1,676.45,675.35,2961942,20287.62,2026-09-21
HTEL,EQ,72.0,75.56,70.0,72.52,76.77,3432660,2500.09,2026-09-21
HTMEDIA,EQ,23.11,24.3,23.11,24.04,23.69,70538,16.97,2026-09-21
HUBTOWN,EQ,178.0,179.09,174.5,175.73,177.69,198714,349.59,2026-09-21
HUDCO,EQ,175.45,177.0,173.0,173.23,174.92,1093890,1906.59,2026-09-21
HUHTAMAKI,EQ,245.7,247.95,242.75,243.75,245.0,70715,173.24,2026-09-21
HYBRIDETF,EQ,10.09,10.09,9.95,9.98,10.0,6761,0.68,2026-09-21
HYUNDAI,EQ,2170.0,2178.0,2136.2,2144.0,2208.8,379622,8177.71,2026-09-21
IBULLSLTD,EQ,30.85,31.43,28.88,29.09,30.39,13436977,4047.17,2026-09-21
ICEMAKE,EQ,682.45,695.6,682.45,693.7,685.6,11131,76.95,2026-09-21
ICICIAMC,EQ,3233.0,3287.0,3179.1,3207.8,3206.7,424027,13638.1,2026-09-21
ICICIB22,EQ,114.0,114.0,111.98,112.66,112.46,314225,353.71,2026-09-21
ICICIBANK,EQ,1347.8,1352.0,1340.4,1345.0,1338.9,5705598,76712.89,2026-09-21
ICICIGI,EQ,1459.9,1514.5,1459.9,1509.1,1458.1,1427947,21476.93,2026-09-21
ICICIPRULI,EQ,492.2,500.0,491.05,493.0,492.0,997211,4948.65,2026-09-21
ICIL,EQ,446.0,454.0,433.2,436.15,447.35,270588,1189.34,2026-09-21
ICRA,EQ,4575.4,4601.8,4518.8,4545.7,4544.7,27497,1251.66,2026-09-21
IDBI,EQ,83.0,84.73,82.2,83.06,83.06,9995146,8343.08,2026-09-21
IDEA,EQ,14.02,14.14,13.82,13.84,13.92,298632816,41702.15,2026-09-21
IDEAFORGE,EQ,735.0,766.05,731.6,766.05,729.6,454606,3451.17,2026-09-21
IDFCFIRSTB,EQ,85.92,86.55,85.2,85.8,85.92,20239022,17363.48,2026-09-21
IDFNIFTYET,EQ,258.0,260.0,256.41,259.6,259.0,2258,5.85,2026-09-21
IEX,EQ,115.46,115.56,113.7,113.82,115.46,1812910,2072.86,2026-09-21
IFBAGRO,EQ,888.0,891.6,868.0,870.0,888.0,3810,33.23,2026-09-21
IFBIND,EQ,1231.9,1258.4,1215.0,1222.3,1225.1,19644,242.12,2026-09-21
IFCI,EQ,75.35,75.5,73.71,74.25,76.51,48066936,35772.8,2026-09-21
IFGLEXPOR,EQ,200.4,200.4,192.15,197.9,199.03,24139,47.46,2026-09-21
IGARASHI,EQ,427.95,433.3,421.6,424.25,432.35,61316,260.8,2026-09-21
IGCL,EQ,65.87,66.87,64.52,65.55,67.05,157829,103.68,2026-09-21
IGIL,EQ,332.25,332.4,322.1,323.8,330.95,390809,1277.14,2026-09-21
IGL,EQ,148.56,149.42,147.8,148.85,148.56,740058,1101.3,2026-09-21
IGPL,EQ,549.95,594.35,543.35,576.75,550.15,250011,1445.95,2026-09-21
IIFL,EQ,600.0,611.9,596.0,608.1,600.2,1001538,6064.74,2026-09-21
IIFLCAPS,EQ,345.4,345.8,343.0,344.4,345.1,329452,1134.1,2026-09-21
IITL,EQ,143.0,146.39,141.94,143.02,143.37,96953,139.23,2026-09-21
IKIO,EQ,210.97,215.78,210.01,211.68,210.25,182568,387.74,2026-09-21
IKS,EQ,1780.0,1797.0,1769.7,1782.8,1779.9,158305,2822.36,2026-09-21
IMAGICAA,EQ,52.9,53.64,52.5,52.87,52.82,507838,268.92,2026-09-21
IMFA,EQ,1256.3,1261.0,1228.2,1238.0,1252.2,117437,1454.89,2026-09-21
IMPAL,EQ,1068.4,1086.0,1055.1,1077.2,1065.6,861,9.22,2026-09-21
INA,EQ,93.0,93.4,90.31,90.72,91.7,346998,318.67,2026-09-21
INCREDIBLE,EQ,32.37,33.18,32.32,33.11,32.37,2085,0.68,2026-09-21
INDBANK,EQ,25.95,26.19,25.05,25.47,25.56,44312,11.25,2026-09-21
INDGN,EQ,603.05,606.4,594.0,595.95,600.1,193265,1157.1,2026-09-21
INDHOTEL,EQ,748.05,755.0,741.0,745.0,732.75,2983659,22309.82,2026-09-21
INDIACEM,EQ,344.7,347.3,340.0,345.0,344.8,94362,324.66,2026-09-21
INDIAGLYCO,EQ,266.0,269.4,252.0,255.8,263.7,512474,1322.25,2026-09-21
INDIAMART,EQ,1650.0,1656.0,1630.0,1631.4,1646.3,49716,813.3,2026-09-21
INDIANB,EQ,842.5,849.55,838.4,841.0,839.8,363123,3059.62,2026-09-21
INDIANCARD,EQ,210.01,210.9,205.0,206.05,210.0,1297,2.67,2026-09-21
INDIANHUME,EQ,367.7,369.6,361.95,362.95,365.3,11855,43.26,2026-09-21
INDIASHLTR,EQ,683.0,688.0,672.55,674.6,681.85,33541,226.77,2026-09-21
INDIGO,EQ,4925.0,5030.5,4925.0,4941.0,4920.0,447018,22196.87,2026-09-21
INDIGOPNTS,EQ,1105.0,1134.5,1088.3,1130.5,1099.7,58521,654.69,2026-09-21
INDIQUBE,EQ,195.75,195.75,186.36,188.34,192.85,33260,63.34,2026-09-21
INDNIPPON,EQ,1248.0,1276.5,1227.2,1238.6,1260.0,45736,566.75,2026-09-21
INDOBORAX,EQ,470.2,475.5,458.35,463.85,472.6,42128,197.23,2026-09-21
INDOCO,EQ,250.2,259.0,247.1,257.59,249.01,208896,529.21,2026-09-21
INDOFARM,EQ,137.6,144.98,136.78,143.36,136.78,313924,447.67,2026-09-21
INDOKEM,EQ,641.2,641.2,612.1,614.6,620.0,3491,21.62,2026-09-21
INDOMIM,EQ,1067.0,1161.45,1065.25,1161.45,1055.9,4392066,49887.58,2026-09-21
INDORAMA,EQ,91.5,109.26,91.09,106.55,91.05,13822935,14347.27,2026-09-21
INDOSTAR,EQ,241.05,241.08,234.0,235.45,241.05,38098,90.67,2026-09-21
INDOTECH,EQ,3380.0,3416.8,3250.0,3313.5,3394.7,13972,464.33,2026-09-21
INDOTHAI,EQ,34.73,35.23,33.0,34.08,33.56,2524843,875.46,2026-09-21
INDOUS,EQ,79.92,79.92,77.07,78.5,78.0,3873,3.06,2026-09-21
INDOWIND,EQ,9.1,9.15,8.81,8.92,8.92,64785,5.82,2026-09-21
INDPRUD,EQ,6260.0,6300.0,6260.0,6295.5,6227.5,31,1.95,2026-09-21
INDRAMEDCO,EQ,362.75,371.7,359.8,365.95,362.9,219559,806.05,2026-09-21
INDSWFTLAB,EQ,372.9,386.0,371.0,379.4,373.25,762788,2881.9,2026-09-21
INDTERRAIN,EQ,29.5,29.7,28.16,29.02,28.91,27878,8.03,2026-09-21
INDUSINDBK,EQ,961.0,966.0,956.0,956.0,966.3,588104,5651.87,2026-09-21
INDUSTOWER,EQ,376.0,380.7,374.25,377.65,375.9,1695335,6406.74,2026-09-21
INFOBEAN,EQ,151.01,154.0,151.01,152.45,151.27,116567,177.68,2026-09-21
INFOMEDIA,EQ,5.11,5.52,5.11,5.48,5.28,17981,0.97,2026-09-21
INFRA,EQ,11.9,11.9,11.83,11.85,11.85,17816,2.11,2026-09-21
INFRABEES,EQ,935.62,941.87,934.0,936.29,935.62,11294,105.72,2026-09-21
INFRAIETF,EQ,92.97,94.57,92.84,93.16,92.96,304453,283.68,2026-09-21
INFY,EQ,1041.5,1044.5,1030.3,1038.5,1051.4,6074358,62993.13,2026-09-21
INGERRAND,EQ,4155.7,4237.3,4149.6,4206.4,4155.7,22846,957.25,2026-09-21
INNOVACAP,EQ,1179.8,1228.9,1179.8,1198.3,1179.8,109529,1322.54,2026-09-21
INNOVANA,EQ,304.85,309.0,298.0,304.5,303.25,19663,60.06,2026-09-21
INNOVISION,EQ,252.45,255.5,252.45,253.3,253.1,8382,21.27,2026-09-21
INOXGREEN,EQ,172.06,173.2,170.0,172.34,171.32,1375416,2361.43,2026-09-21
INOXINDIA,EQ,2098.8,2139.0,2075.0,2089.2,2098.8,182791,3834.66,2026-09-21
INOXWIND,EQ,75.6,78.0,75.52,77.5,76.8,11293611,8691.99,2026-09-21
INSECTICID,EQ,605.55,608.95,592.0,598.95,605.6,31293,187.6,2026-09-21
INSPIRISYS,EQ,85.75,87.31,85.4,87.15,83.16,9461,8.22,2026-09-21
INSUREIETF,EQ,15.05,15.26,14.98,15.22,15.11,54726,8.3,2026-09-21
INTELLECT,EQ,651.0,668.0,642.7,659.1,647.45,221574,1453.3,2026-09-21
INTENTECH,EQ,79.94,82.4,76.1,81.26,78.14,29981,23.99,2026-09-21
INTERARCH,EQ,1705.8,1718.0,1680.5,1709.4,1705.8,32288,548.97,2026-09-21
INTERNET,EQ,15.08,15.08,14.62,14.8,14.72,152314,22.42,2026-09-21
INTLCONV,EQ,76.4,77.18,74.55,75.35,76.6,31548,23.96,2026-09-21
INVENTURE,EQ,0.89,0.9,0.89,0.89,0.89,490044,4.39,2026-09-21
IOB,EQ,32.29,32.29,32.0,32.06,32.17,1390442,446.18,2026-09-21
IOC,EQ,136.9,137.71,136.34,136.53,137.0,8616145,11794.18,2026-09-21
IOLCP,EQ,203.14,209.01,200.54,202.91,203.15,2431309,4963.39,2026-09-21
IONEXCHANG,EQ,441.15,446.05,430.1,432.25,442.3,202622,888.16,2026-09-21
IPCALAB,EQ,2012.0,2033.9,2000.8,2008.2,2009.6,173299,3491.57,2026-09-21
IPL,EQ,134.9,136.9,134.02,134.43,134.67,270227,365.29,2026-09-21
IPRINGLTD,EQ,140.0,144.14,136.0,140.42,139.95,725,1.01,2026-09-21
IRB,EQ,18.5,18.56,18.02,18.1,18.48,17302777,3150.09,2026-09-21
IRCON,EQ,110.0,110.58,108.39,108.85,109.85,1555449,1697.58,2026-09-21
IRCTC,EQ,475.0,479.85,470.0,470.7,476.75,528264,2496.65,2026-09-21
IREDA,EQ,112.7,113.13,110.55,111.0,114.32,2970335,3320.13,2026-09-21
IRFC,EQ,81.5,81.7,80.16,80.22,81.5,5213459,4204.57,2026-09-21
IRIS,EQ,242.45,248.65,235.91,245.37,238.09,21086,50.96,2026-09-21
IRISDOREME,EQ,65.39,66.72,63.15,64.81,64.58,1328423,859.87,2026-09-21
IRMENERGY,EQ,270.15,275.2,269.1,271.75,270.2,37451,101.63,2026-09-21
ISFT,EQ,94.1,94.1,90.5,92.09,95.16,165042,150.78,2026-09-21
ISGEC,EQ,785.0,858.8,772.85,852.85,786.25,592841,4974.84,2026-09-21
ISHANCH,EQ,51.04,52.0,48.21,49.7,51.04,18167,9.14,2026-09-21
ISTLTD,EQ,663.85,675.0,631.05,652.0,663.85,943,6.19,2026-09-21
IT,EQ,31.14,32.94,31.14,32.14,31.94,196482,62.79,2026-09-21
ITADD,EQ,30.01,30.78,30.01,30.63,30.5,1516443,464.59,2026-09-21
ITAXIS,EQ,315.5,326.88,315.0,321.5,316.58,5158,16.43,2026-09-21
ITBEES,EQ,31.76,32.17,31.47,32.12,31.94,7886356,2521.04,2026-09-21
ITBETA,EQ,302.94,304.51,300.22,304.29,302.55,299,0.9,2026-09-21
ITC,EQ,263.55,267.95,263.55,267.0,262.3,8662786,23107.93,2026-09-21
ITCHOTELS,EQ,157.99,160.25,155.24,155.86,158.8,2084859,3283.61,2026-09-21
ITDC,EQ,656.0,660.75,647.0,651.95,658.3,51090,333.67,2026-09-21
ITETF,EQ,30.37,30.66,30.24,30.59,30.47,176129,53.74,2026-09-21
ITI,EQ,256.9,258.0,253.6,255.25,256.3,88140,224.78,2026-09-21
ITIETF,EQ,32.8,32.8,31.75,32.13,32.0,319188,102.15,2026-09-21
ITL,EQ,357.0,367.0,357.0,363.9,356.85,93,0.34,2026-09-21
IVALUE,EQ,223.52,225.0,200.88,221.33,222.03,653589,1400.77,2026-09-21
IVC,EQ,7.97,7.98,7.74,7.83,7.9,205327,16.16,2026-09-21
IVZBANKNF,EQ,56.34,56.44,56.06,56.39,56.06,477,0.27,2026-09-21
IVZINGOLD,EQ,134.25,135.65,131.95,132.05,133.75,28217,37.46,2026-09-21
IVZINNIFTY,EQ,274.45,274.45,268.24,268.95,267.76,164,0.44,2026-09-21
IVZSENSEX,EQ,73.8,75.69,73.8,75.13,74.56,357,0.27,2026-09-21
IWP,EQ,33.21,34.93,33.21,33.84,34.73,8119,2.76,2026-09-21
IXIGO,EQ,165.5,165.98,160.2,160.98,165.65,394229,637.76,2026-09-21
IZMO,EQ,922.55,936.0,906.05,930.1,934.35,95496,877.67,2026-09-21
J&KBANK,EQ,146.25,146.85,143.43,145.95,146.58,2978836,4325.58,2026-09-21
JAGRAN,EQ,62.6,62.65,61.8,62.53,62.36,143003,89.07,2026-09-21
JAGSNPHARM,EQ,230.0,231.88,226.0,226.81,228.42,50279,114.7,2026-09-21
JAIBALAJI,EQ,62.5,64.44,62.2,63.56,64.48,1218072,771.08,2026-09-21
JAICORPLTD,EQ,94.4,98.0,93.88,95.02,94.42,438368,419.46,2026-09-21
JAINREC,EQ,279.15,280.0,271.0,272.75,276.25,816718,2234.46,2026-09-21
JAIPURKURT,EQ,24.85,25.0,24.21,24.9,24.85,2845,0.7,2026-09-21
JAMNAAUTO,EQ,126.05,130.5,126.05,129.24,125.03,1916078,2469.96,2026-09-21
JARO,EQ,467.7,484.7,461.2,474.85,465.4,123709,581.43,2026-09-21
JASH,EQ,551.0,596.9,541.0,575.9,521.15,14684581,85298.95,2026-09-21
JAYAGROGN,EQ,228.8,235.7,224.12,235.12,227.39,23470,53.92,2026-09-21
JAYBARMARU,EQ,112.8,112.8,109.0,109.85,111.15,237132,261.84,2026-09-21
JAYKAY,EQ,169.69,190.76,169.68,187.56,167.18,4432715,8234.15,2026-09-21
JAYNECOIND,EQ,89.26,92.77,88.02,91.6,89.26,4272968,3898.0,2026-09-21
JAYSREETEA,EQ,89.45,90.74,89.45,90.26,89.38,24305,21.9,2026-09-21
JBMA,EQ,598.0,603.25,590.1,592.05,599.1,171182,1018.46,2026-09-21
JENBURPH,EQ,983.0,999.7,959.0,979.6,979.9,1336,13.14,2026-09-21
JETFREIGHT,EQ,22.44,22.65,20.55,21.47,22.14,445321,97.29,2026-09-21
JGCHEM,EQ,619.0,623.7,598.1,618.0,612.4,273375,1675.56,2026-09-21
JHS,EQ,8.54,8.84,8.5,8.54,8.54,49785,4.29,2026-09-21
JINDALPHOT,EQ,1134.9,1134.9,1101.0,1111.8,1125.6,1383,15.35,2026-09-21
JINDALPOLY,EQ,730.0,767.0,726.7,741.5,718.45,43706,325.35,2026-09-21
JINDALSAW,EQ,291.0,295.8,289.4,293.05,289.5,1096972,3211.1,2026-09-21
JINDALSTEL,EQ,1138.0,1143.5,1127.1,1130.6,1119.5,708371,8063.64,2026-09-21
JINDRILL,EQ,597.0,597.9,572.95,576.5,594.85,248501,1445.17,2026-09-21
JINDWORLD,EQ,49.79,50.85,48.95,49.81,49.7,4890463,2443.72,2026-09-21
JIOFIN,EQ,230.8,231.75,229.55,229.97,229.89,5862734,13533.94,2026-09-21
JISLDVREQS,EQ,21.57,21.57,20.61,21.0,20.94,20356,4.28,2026-09-21
JISLJALEQS,EQ,30.58,31.56,29.81,30.96,30.42,4549822,1405.83,2026-09-21
JITFINFRA,EQ,284.0,287.45,276.35,282.25,284.75,10338,29.14,2026-09-21
JKCEMENT,EQ,5064.5,5108.0,5001.5,5087.0,5064.5,22433,1136.98,2026-09-21
JKIL,EQ,480.5,488.0,477.25,479.5,486.55,46135,222.61,2026-09-21
JKIPL,EQ,97.59,103.53,97.59,101.9,98.6,23622,23.94,2026-09-21
JKLAKSHMI,EQ,530.85,532.85,514.15,515.75,530.2,71926,374.32,2026-09-21
JKPAPER,EQ,432.0,432.85,422.1,422.9,430.6,228863,976.02,2026-09-21
JKTYRE,EQ,352.5,352.5,344.05,346.9,349.35,404612,1404.0,2026-09-21
JLHL,EQ,279.75,280.3,273.1,275.55,280.05,83129,229.93,2026-09-21
JMA,EQ,91.58,91.58,85.35,88.3,90.21,18388,16.31,2026-09-21
JMFINANCIL,EQ,125.65,126.56,124.56,126.26,126.3,1592218,2008.07,2026-09-21
JNKINDIA,EQ,413.9,419.15,406.05,409.0,413.9,96858,397.32,2026-09-21
JNPR,EQ,265.15,276.45,263.0,270.9,265.15,727077,1976.41,2026-09-21
JOCIL,EQ,143.0,145.95,142.72,143.28,145.95,4573,6.55,2026-09-21
JPOLYINVST,EQ,985.9,994.4,972.3,974.75,980.75,1529,14.99,2026-09-21
JPPOWER,EQ,16.05,17.49,16.05,16.48,15.37,587859403,99029.51,2026-09-21
JSFB,EQ,528.0,537.25,521.9,531.3,527.3,835023,4425.05,2026-09-21
JSL,EQ,745.0,754.35,739.5,751.45,750.95,1036372,7739.02,2026-09-21
JSLL,EQ,505.1,510.5,505.0,508.1,510.4,223216,1133.91,2026-09-21
JSWCEMENT,EQ,119.0,119.75,115.9,116.36,117.44,3863414,4542.96,2026-09-21
JSWDULUX,EQ,3199.8,3205.0,3129.4,3159.5,3188.8,10870,342.2,2026-09-21
JSWENERGY,EQ,519.0,522.15,514.55,517.0,526.0,1672819,8646.0,2026-09-21
JSWHL,EQ,11326.0,11326.0,11141.0,11205.0,11282.0,1081,121.15,2026-09-21
JSWINFRA,EQ,349.0,350.95,345.95,349.6,348.25,4303920,15009.9,2026-09-21
JSWSTEEL,EQ,1281.3,1287.0,1268.6,1268.6,1275.6,942361,12000.87,2026-09-21
JTEKTINDIA,EQ,117.98,118.0,115.0,115.37,117.77,197576,229.24,2026-09-21
JTLIND,EQ,87.3,91.0,87.3,88.92,87.67,1807365,1611.75,2026-09-21
JUBLCPL,EQ,2036.0,2145.0,2001.0,2111.4,2000.1,19744,413.49,2026-09-21
JUBLFOOD,EQ,498.0,503.6,485.7,487.05,500.0,2200207,10820.43,2026-09-21
JUBLINGREA,EQ,624.9,631.75,614.05,627.25,624.9,278328,1739.8,2026-09-21
JUBLPHARMA,EQ,1074.0,1091.85,1045.0,1049.25,1065.4,304587,3266.88,2026-09-21
JUNIORBEES,EQ,787.3,787.3,777.0,782.31,781.11,240546,1881.34,2026-09-21
JUNIPER,EQ,225.0,229.32,221.05,222.92,224.33,164455,368.91,2026-09-21
JUSTDIAL,EQ,665.95,693.0,663.35,682.7,669.0,143726,980.05,2026-09-21
JWL,EQ,230.0,232.9,227.5,228.06,230.13,493430,1130.95,2026-09-21
JYOTHYLAB,EQ,195.07,197.4,194.4,194.67,195.07,307776,603.9,2026-09-21
JYOTICNC,EQ,1058.2,1134.6,1057.8,1113.85,1049.7,5723374,63394.57,2026-09-21
JYOTIRES,EQ,844.5,845.0,835.2,842.45,841.0,3142,26.38,2026-09-21
JYOTISTRUC,EQ,9.22,9.3,9.02,9.08,9.29,2712203,248.41,2026-09-21
KABRAEXTRU,EQ,674.25,691.8,655.2,676.1,681.6,165822,1118.42,2026-09-21
KAJARIACER,EQ,1196.5,1205.9,1190.1,1200.5,1202.7,96077,1152.27,2026-09-21
KAKATCEM,EQ,106.6,109.0,104.21,108.85,107.33,2724,2.91,2026-09-21
KALAMANDIR,EQ,78.26,79.83,77.52,79.14,78.26,385894,304.2,2026-09-21
KALPATARU,EQ,274.0,276.95,268.0,269.9,274.45,42859,116.78,2026-09-21
KALYANKJIL,EQ,587.0,588.95,579.1,581.5,581.85,4439649,25869.45,2026-09-21
KAMAHOLD,EQ,2249.9,2250.0,2241.0,2250.0,2249.9,2972,66.84,2026-09-21
KAMANWALA,EQ,16.43,17.5,16.43,17.4,16.51,1743,0.3,2026-09-21
KAMATHOTEL,EQ,229.5,237.65,229.5,236.44,229.3,97551,229.56,2026-09-21
KAMDHENU,EQ,41.0,43.25,40.05,42.48,41.05,3044269,1291.42,2026-09-21
KAMOPAINTS,EQ,4.48,4.5,4.3,4.34,4.39,250874,10.93,2026-09-21
KANANIIND,EQ,1.42,1.44,1.4,1.42,1.42,137903,1.96,2026-09-21
KANCHI,EQ,380.05,393.0,380.0,384.95,386.65,1378,5.28,2026-09-21
KANCOTEA,EQ,55.0,55.0,52.5,54.59,55.62,82,0.04,2026-09-21
KANOHAR,EQ,784.05,881.8,763.0,866.95,786.8,11408025,95245.39,2026-09-21
KANPRPLA,EQ,243.0,259.8,238.7,254.8,246.1,23278,58.33,2026-09-21
KANSAINER,EQ,183.96,183.96,181.78,182.27,183.96,104622,191.21,2026-09-21
KAPSTON,EQ,584.3,584.3,575.0,577.95,584.3,30688,177.63,2026-09-21
KARAMTARA,EQ,350.0,373.8,338.65,356.95,355.55,9825881,35402.35,2026-09-21
KARMAENG,EQ,42.7,42.7,40.14,41.02,41.27,3351,1.39,2026-09-21
KARURVYSYA,EQ,333.65,336.0,322.65,326.15,332.15,1986921,6466.33,2026-09-21
KAYNES,EQ,3549.0,3674.0,3507.7,3650.0,3515.0,1131072,40548.01,2026-09-21
KCP,EQ,161.85,162.56,157.9,159.42,161.95,158936,254.02,2026-09-21
KDDL,EQ,3858.4,4045.0,3822.6,4006.8,3858.4,64856,2568.85,2026-09-21
KDGREEN,EQ,49.52,54.28,48.61,51.41,49.35,113250,59.12,2026-09-21
KEC,EQ,406.2,407.3,402.0,403.3,404.25,321934,1301.31,2026-09-21
KECL,EQ,121.16,123.18,117.91,118.43,122.78,77327,92.8,2026-09-21
KEEPLEARN,EQ,1.96,1.96,1.84,1.88,1.86,17927,0.34,2026-09-21
KEI,EQ,4619.5,4630.0,4586.5,4596.0,4650.0,221739,10216.7,2026-09-21
KELLTONTEC,EQ,13.65,13.89,13.61,13.69,13.61,1386412,190.24,2026-09-21
KENNAMET,EQ,4285.0,4385.0,4274.2,4348.3,4281.5,18761,812.65,2026-09-21
KERNEX,EQ,1745.0,1796.0,1725.0,1779.7,1732.5,168299,2961.7,2026-09-21
KEYFINSERV,EQ,240.3,253.95,240.3,241.45,245.95,1436,3.47,2026-09-21
KFINTECH,EQ,915.0,917.85,892.2,896.7,930.0,586492,5292.68,2026-09-21
KHAICHEM,EQ,50.47,50.66,49.2,49.55,49.94,179886,89.66,2026-09-21
KHAITANLTD,EQ,158.5,158.5,148.0,149.65,152.13,1645,2.48,2026-09-21
KHANDSE,EQ,17.5,17.82,16.59,17.15,18.09,5959,1.02,2026-09-21
KICL,EQ,4959.0,5017.5,4910.0,4954.0,5009.5,632,31.34,2026-09-21
KIMS,EQ,811.8,818.95,785.0,788.85,809.85,451093,3601.77,2026-09-21
KINGFA,EQ,5820.0,6097.5,5746.5,6062.0,5828.0,19618,1166.56,2026-09-21
KIOCL,EQ,342.35,343.2,339.0,341.0,340.65,33595,114.67,2026-09-21
KIRANVYPAR,EQ,209.8,211.5,207.0,207.89,207.34,12755,26.75,2026-09-21
KIRIINDUS,EQ,533.75,557.4,530.05,537.5,531.75,558634,3041.63,2026-09-21
KIRLFER,EQ,479.25,487.0,470.35,480.5,480.65,174585,840.78,2026-09-21
KIRLOSBROS,EQ,1811.9,1827.3,1790.4,1797.0,1811.4,17281,312.37,2026-09-21
KIRLOSENG,EQ,2160.1,2182.9,2122.1,2132.4,2160.1,328154,7032.17,2026-09-21
KIRLOSIND,EQ,3701.1,3769.1,3655.0,3722.2,3699.8,7613,282.24,2026-09-21
KIRLPNU,EQ,695.0,726.0,683.0,714.45,698.65,206889,1483.44,2026-09-21
KISSHT,EQ,357.0,368.85,353.8,362.5,356.05,1819776,6601.06,2026-09-21
KITEX,EQ,118.5,119.5,116.0,116.12,119.5,383610,449.24,2026-09-21
KJMCFIN,EQ,63.2,65.0,60.58,64.97,63.2,935,0.6,2026-09-21
KKCL,EQ,487.2,490.45,485.0,486.0,485.6,12670,61.63,2026-09-21
KLBRENG-B,EQ,471.45,475.0,456.5,460.0,471.0,352527,1633.3,2026-09-21
KMCSHIL,EQ,155.0,163.25,152.72,160.45,150.26,1236500,1977.58,2026-09-21
KMEW,EQ,2990.0,3038.0,2841.1,2878.9,2885.6,185363,5425.44,2026-09-21
KMSUGAR,EQ,28.86,29.38,26.84,28.69,28.62,150001,42.78,2026-09-21
KNACK,EQ,182.74,186.74,182.0,182.66,182.6,756687,1386.63,2026-09-21
KNAGRI,EQ,198.5,207.9,198.0,202.63,196.06,9916,20.15,2026-09-21
KNRCON,EQ,124.0,126.99,121.76,121.93,124.8,1476166,1825.85,2026-09-21
KOHINOOR,EQ,30.9,31.54,30.55,30.76,30.55,69856,21.66,2026-09-21
KOKUYOCMLN,EQ,78.99,78.99,76.0,76.25,77.79,19586,15.07,2026-09-21
KOLTEPATIL,EQ,430.0,432.8,414.0,426.4,431.75,78892,335.13,2026-09-21
KOPRAN,EQ,279.5,286.53,275.89,282.98,277.6,1273097,3591.84,2026-09-21
KOTAKBANK,EQ,415.2,420.6,414.55,414.8,412.5,8470861,35384.56,2026-09-21
KOTHARIPET,EQ,136.47,138.0,135.42,136.05,136.47,40964,56.09,2026-09-21
KOTHARIPRO,EQ,63.12,64.5,63.11,63.23,63.11,2075,1.32,2026-09-21
KOTIC,EQ,145.0,154.85,142.35,145.25,144.41,73582,109.39,2026-09-21
KOVAI,EQ,6266.5,6334.5,6102.0,6179.0,6226.0,5056,314.97,2026-09-21
KPEL,EQ,216.88,234.9,216.81,232.32,216.88,1006990,2313.55,2026-09-21
KPIGREEN,EQ,284.5,324.7,283.9,321.4,284.45,18325693,58096.52,2026-09-21
KPIL,EQ,1445.5,1460.6,1435.0,1439.1,1445.5,270284,3899.07,2026-09-21
KPITTECH,EQ,536.0,538.1,526.95,536.8,532.0,2223576,11841.95,2026-09-21
KPL,EQ,3478.9,3949.0,3447.2,3844.9,3471.2,171018,6453.97,2026-09-21
KPRMILL,EQ,1140.0,1146.4,1107.5,1119.3,1141.4,344897,3856.99,2026-09-21
KRBL,EQ,392.45,397.25,386.15,393.15,392.45,258237,1014.54,2026-09-21
KREBSBIO,EQ,56.45,58.9,55.4,56.22,57.31,7354,4.16,2026-09-21
KRIDHANINF,EQ,1.9,1.9,1.79,1.86,1.83,29022,0.54,2026-09-21
KRISHANA,EQ,177.33,183.0,174.5,182.4,179.89,1006347,1807.37,2026-09-21
KRISHIVAL,EQ,420.0,421.0,414.0,417.1,419.3,3900,16.31,2026-09-21
KRISHNADEF,EQ,1030.0,1045.5,1010.3,1037.6,1030.0,55862,574.55,2026-09-21
KRITI,EQ,60.63,60.63,58.2,59.01,59.44,22902,13.48,2026-09-21
KRITIKA,EQ,5.2,5.24,5.06,5.1,5.2,95290,4.87,2026-09-21
KRITINUT,EQ,81.34,84.5,80.8,81.29,81.34,3282,2.68,2026-09-21
KRN,EQ,1466.3,1466.3,1407.2,1416.5,1446.2,145432,2068.4,2026-09-21
KROSS,EQ,238.0,261.74,237.5,256.93,239.19,5129120,13139.6,2026-09-21
KRSNAA,EQ,542.0,557.7,536.0,554.65,541.15,108712,594.88,2026-09-21
KRYSTAL,EQ,646.35,662.0,625.6,652.2,646.35,23952,153.4,2026-09-21
KSB,EQ,822.05,823.1,801.0,802.6,813.1,109844,890.78,2026-09-21
KSCL,EQ,698.75,714.85,694.9,710.65,696.35,62802,444.98,2026-09-21
KSE,EQ,180.0,184.59,179.27,180.32,178.37,8468,15.25,2026-09-21
KSHINTL,EQ,1046.95,1067.05,1017.0,1032.15,1046.95,279845,2907.88,2026-09-21
KSHITIJPOL,EQ,4.4,4.41,4.4,4.4,4.2,5953754,262.42,2026-09-21
KSL,EQ,955.05,976.8,935.4,944.45,955.05,60394,573.91,2026-09-21
KSOLVES,EQ,251.1,253.8,249.3,252.15,251.6,29265,73.47,2026-09-21
KTKBANK,EQ,313.8,316.0,311.15,314.55,313.8,1337604,4195.74,2026-09-21
KUANTUM,EQ,80.0,82.9,77.56,80.74,78.77,352233,284.82,2026-09-21
KUSUMGAR,EQ,591.0,618.0,585.25,610.35,591.2,375724,2272.44,2026-09-21
KWIL,EQ,41.25,42.6,41.25,42.09,41.22,10076147,4231.18,2026-09-21
LAGNAM,EQ,73.7,76.5,71.64,75.5,72.34,19310,14.4,2026-09-21
LAHOTIOV,EQ,40.45,40.45,39.5,39.89,39.26,3167,1.27,2026-09-21
LAKSHMIMIL,EQ,7655.0,7750.0,7600.0,7750.0,7654.0,40,3.05,2026-09-21
LAL,EQ,8.98,8.98,8.55,8.61,8.86,19956,1.73,2026-09-21
LALITHAA,EQ,304.0,320.1,301.7,320.1,304.9,11305222,35921.83,2026-09-21
LALPATHLAB,EQ,1896.9,1935.0,1896.9,1920.4,1896.9,214308,4107.99,2026-09-21
LAMBODHARA,EQ,123.9,123.9,119.0,120.61,120.21,10938,13.34,2026-09-21
LANCER,EQ,12.16,12.5,11.75,11.8,12.11,455614,54.97,2026-09-21
LANDMARK,EQ,504.65,508.95,492.25,502.1,504.5,61438,307.3,2026-09-21
LANDSMILL,EQ,0.56,0.57,0.55,0.55,0.56,2426075,13.47,2026-09-21
LAOPALA,EQ,163.68,164.78,161.21,161.59,162.6,118158,191.57,2026-09-21
LARGEMID50,EQ,35.63,35.66,35.52,35.63,35.55,638,0.23,2026-09-21
LASERPOWER,EQ,281.0,281.8,273.8,275.95,280.75,401148,1112.76,2026-09-21
LATENTVIEW,EQ,254.2,257.0,252.0,252.45,255.35,364836,927.43,2026-09-21
LATTEYS,EQ,21.0,21.0,20.0,20.19,20.69,60828,12.32,2026-09-21
LAURUSLABS,EQ,1966.6,2023.5,1963.8,2017.5,1954.0,2170267,43466.83,2026-09-21
LAXMICOT,EQ,13.44,13.44,12.72,12.94,12.72,9765,1.27,2026-09-21
LAXMIDENTL,EQ,196.35,197.98,194.02,194.9,197.95,48994,95.95,2026-09-21
LAXMIINDIA,EQ,125.1,127.85,124.5,125.32,126.98,76654,96.67,2026-09-21
LCCINFOTEC,EQ,3.61,3.61,3.38,3.53,3.44,231987,8.1,2026-09-21
LCCPROJECT,EQ,152.44,155.13,140.57,141.33,155.78,4713207,6865.9,2026-09-21
LCL,EQ,542.0,573.75,537.2,560.35,538.6,670596,3743.87,2026-09-21
LEAPIND,EQ,144.52,147.5,141.54,145.9,140.47,4214622,6100.81,2026-09-21
LEMERITE,EQ,17.73,19.26,17.73,18.35,18.35,264103,48.83,2026-09-21
LEMONTREE,EQ,107.69,108.87,105.77,105.99,106.47,3924930,4201.51,2026-09-21
LENSKART,EQ,687.9,698.3,682.1,683.85,707.2,44904580,307199.26,2026-09-21
LEXUS,EQ,12.82,13.5,12.8,13.24,13.0,11858,1.58,2026-09-21
LFIC,EQ,132.74,136.99,129.01,132.52,132.74,1658,2.21,2026-09-21
LGBBROSLTD,EQ,1735.1,1736.4,1718.7,1731.4,1730.4,19176,331.57,2026-09-21
LGEINDIA,EQ,1689.4,1693.9,1649.0,1656.3,1696.9,668976,11096.36,2026-09-21
LGHL,EQ,185.0,185.0,176.01,177.2,181.12,5975,10.87,2026-09-21
LIBAS,EQ,12.1,12.87,12.01,12.79,12.1,230732,29.14,2026-09-21
LIBERTSHOE,EQ,221.28,223.59,219.0,220.75,221.28,11622,25.65,2026-09-21
LICHSGFIN,EQ,548.3,574.15,543.65,568.0,548.15,3749732,21162.05,2026-09-21
LICI,EQ,400.2,402.2,396.05,400.0,407.7,7381704,29478.53,2026-09-21
LICMFGOLD,EQ,137.65,138.0,136.35,136.45,137.65,32725,44.8,2026-09-21
LICNETFGSC,EQ,29.48,29.48,29.04,29.27,29.28,33660,9.83,2026-09-21
LICNETFN50,EQ,266.02,266.02,262.3,264.18,263.39,1273,3.35,2026-09-21
LICNETFSEN,EQ,838.0,849.11,838.0,843.34,838.84,8,0.07,2026-09-21
LICNFNHGP,EQ,268.0,276.65,268.0,270.2,268.0,313,0.85,2026-09-21
LICNMID100,EQ,62.07,63.59,61.8,62.5,63.34,3405,2.13,2026-09-21
LIKHITHA,EQ,221.5,225.37,217.1,218.6,220.78,31041,68.52,2026-09-21
LINC,EQ,91.0,93.7,90.26,91.57,91.81,152127,140.03,2026-09-21
LINCOLN,EQ,603.0,607.95,593.6,601.55,604.85,12962,77.88,2026-09-21
LINDEINDIA,EQ,6241.0,6296.0,6206.5,6276.5,6241.5,13582,849.39,2026-09-21
LIQGRWBEES,EQ,1056.3,1056.32,1056.3,1056.31,1056.18,425677,4496.51,2026-09-21
LIQUID,EQ,999.99,1000.0,999.99,999.99,999.99,127521,1275.2,2026-09-21
LIQUID1,EQ,1123.38,1123.53,1123.3,1123.51,1123.38,944633,10613.14,2026-09-21
LIQUIDADD,EQ,1145.61,1145.64,1145.61,1145.63,1145.47,463275,5307.43,2026-09-21
LIQUIDBEES,EQ,999.99,1000.01,999.99,1000.0,999.99,6636668,66367.18,2026-09-21
LIQUIDBETA,EQ,1008.81,1008.83,1008.81,1008.83,1008.29,503,5.07,2026-09-21
LIQUIDBETF,EQ,1099.63,1099.65,1099.63,1099.64,1099.49,224892,2472.99,2026-09-21
LIQUIDCASE,EQ,116.02,116.02,116.0,116.01,116.0,17997111,20878.53,2026-09-21
LIQUIDETF,EQ,1000.0,1000.01,999.99,1000.0,1000.0,51555,515.55,2026-09-21
LIQUIDIETF,EQ,1000.01,1000.01,999.99,999.99,999.99,523089,5230.89,2026-09-21
LIQUIDPLUS,EQ,1104.0,1106.8,1102.81,1104.06,1103.91,113378,1251.78,2026-09-21
LIQUIDSBI,EQ,999.99,1000.01,999.99,999.99,999.99,1854,18.54,2026-09-21
LIQUIDSHRI,EQ,1122.28,1122.3,1122.28,1122.28,1122.13,11584,130.01,2026-09-21
LKPSEC,EQ,15.66,15.66,15.02,15.06,15.01,1423,0.22,2026-09-21
LLOYDSENGG,EQ,82.39,85.5,81.11,85.01,82.43,6822209,5699.59,2026-09-21
LLOYDSENT,EQ,68.3,70.92,67.23,70.49,68.84,3129294,2171.53,2026-09-21
LLOYDSME,EQ,1826.7,1839.8,1812.7,1824.6,1826.7,229204,4184.0,2026-09-21
LMW,EQ,17725.0,17833.0,17261.0,17313.0,17759.0,3342,581.62,2026-09-21
LODHA,EQ,1137.8,1150.7,1127.0,1138.0,1144.7,451750,5147.81,2026-09-21
LOKESHMACH,EQ,340.0,349.5,332.05,336.15,344.8,23872,80.79,2026-09-21
LORDSCHLO,EQ,138.0,140.0,133.2,138.3,136.06,17089,23.26,2026-09-21
LOTUSCHO,EQ,588.0,588.0,570.3,577.8,575.1,683,3.96,2026-09-21
LOTUSEYE,EQ,112.65,116.86,112.1,114.68,115.1,6158,7.03,2026-09-21
LOVABLE,EQ,70.0,71.39,69.21,70.44,69.67,7906,5.55,2026-09-21
LOWVOL,EQ,203.63,203.63,200.04,200.33,199.64,1649,3.3,2026-09-21
LOWVOL1,EQ,19.86,20.57,19.86,20.48,20.37,732784,150.26,2026-09-21
LOWVOLIETF,EQ,21.24,21.65,21.24,21.5,21.41,2902659,622.98,2026-09-21
LOYALTEX,EQ,202.54,202.54,202.54,202.54,201.35,1,0.0,2026-09-21
LPDC,EQ,7.19,7.28,6.72,6.87,7.07,164963,11.61,2026-09-21
LT,EQ,3885.0,3908.7,3883.0,3904.8,3885.0,947371,36933.83,2026-09-21
LTF,EQ,311.0,311.25,306.3,307.8,312.8,2617760,8076.69,2026-09-21
LTFOODS,EQ,423.2,433.45,418.0,430.8,423.2,404149,1724.58,2026-09-21
LTGILTBEES,EQ,29.03,30.27,29.03,29.75,29.78,948555,282.28,2026-09-21
LTGILTCASE,EQ,30.9,30.9,30.27,30.3,30.29,314405,95.29,2026-09-21
LTM,EQ,4240.0,4317.0,4190.5,4280.0,4275.1,271418,11577.15,2026-09-21
LTTS,EQ,3347.5,3348.2,3294.2,3307.0,3347.5,44214,1463.52,2026-09-21
LUMAXIND,EQ,5867.0,5884.0,5750.0,5778.0,5851.0,6682,387.15,2026-09-21
LUMAXTECH,EQ,2106.0,2116.9,2062.2,2068.8,2102.7,74594,1552.76,2026-09-21
LUMINO,EQ,112.19,115.0,110.56,113.36,111.52,15597333,17637.25,2026-09-21
LUPIN,EQ,2084.0,2129.0,2080.0,2124.5,2083.0,429137,9074.6,2026-09-21
LUXIND,EQ,1150.0,1247.9,1128.0,1192.4,1139.2,328369,3979.68,2026-09-21
LXCHEM,EQ,178.0,180.4,177.25,177.62,178.24,400018,714.75,2026-09-21
M&M,EQ,3065.0,3088.0,3055.3,3055.3,3052.0,1056850,32415.81,2026-09-21
M&MFIN,EQ,351.05,355.65,348.2,354.7,353.3,1057055,3729.31,2026-09-21
MAANALU,EQ,104.77,106.19,103.16,105.12,104.77,30746,32.27,2026-09-21
MACPOWER,EQ,2111.0,2175.0,1817.7,1955.3,2104.5,221525,4458.05,2026-09-21
MADHAV,EQ,34.5,36.76,34.5,35.25,35.46,338,0.12,2026-09-21
MADHAVIPL,EQ,8.1,8.1,7.64,7.74,7.8,63684,4.97,2026-09-21
MADHUCON,EQ,4.2,4.25,3.93,4.02,4.07,20283,0.82,2026-09-21
MADRASFERT,EQ,61.28,62.78,60.6,61.43,61.28,38859,23.98,2026-09-21
MAFANG,EQ,253.8,254.95,231.9,243.36,248.07,1641244,4023.17,2026-09-21
MAFATIND,EQ,120.0,123.8,119.58,122.59,119.56,28628,34.73,2026-09-21
MAGADSUGAR,EQ,507.4,507.6,487.2,488.8,504.75,46046,226.6,2026-09-21
MAGNUM,EQ,19.6,19.6,18.88,19.27,19.19,2087,0.4,2026-09-21
MAHABANK,EQ,83.44,83.7,81.65,82.2,83.54,7904383,6508.27,2026-09-21
MAHAPEXLTD,EQ,54.72,57.0,53.02,54.36,54.72,2770,1.53,2026-09-21
MAHEPC,EQ,103.84,103.84,97.15,99.27,102.64,48613,48.41,2026-09-21
MAHESHWARI,EQ,68.3,73.1,68.3,72.0,68.7,10336,7.45,2026-09-21
MAHKTECH,EQ,22.34,22.45,21.2,21.77,21.8,1119768,245.86,2026-09-21
MAHLIFE,EQ,367.75,368.5,358.1,362.65,366.4,96705,350.77,2026-09-21
MAHLOG,EQ,391.7,401.6,386.6,399.3,392.75,79972,317.06,2026-09-21
MAHSCOOTER,EQ,13580.0,13771.0,13455.0,13609.0,13729.0,4184,570.87,2026-09-21
MAHSEAMLES,EQ,723.95,734.7,698.0,706.95,717.55,261787,1870.71,2026-09-21
MAITHANALL,EQ,1001.0,1007.95,990.0,998.25,1009.1,38649,385.39,2026-09-21
MAKEINDIA,EQ,163.0,163.18,162.17,162.68,162.62,31148,50.67,2026-09-21
MAKERSL,EQ,191.83,195.34,184.88,190.37,190.88,2737,5.18,2026-09-21
MALLCOM,EQ,982.0,982.0,951.1,967.8,968.9,2310,22.4,2026-09-21
MALUPAPER,EQ,32.32,32.65,31.9,32.12,32.16,4195,1.35,2026-09-21
MAMATA,EQ,400.2,409.9,398.35,404.3,403.75,32416,130.75,2026-09-21
MANAKALUCO,EQ,35.35,36.36,35.35,35.43,35.87,53690,19.31,2026-09-21
MANAKCOAT,EQ,130.0,138.89,128.9,135.19,129.22,1171795,1583.91,2026-09-21
MANAKSIA,EQ,65.0,65.33,63.0,63.27,64.26,27252,17.44,2026-09-21
MANALIPETC,EQ,84.1,89.1,84.1,86.71,82.92,5278521,4576.6,2026-09-21
MANAPPURAM,EQ,319.15,320.0,313.8,315.1,319.15,2669726,8443.06,2026-09-21
MANBA,EQ,136.0,139.06,133.0,136.73,133.76,464372,631.2,2026-09-21
MANCREDIT,EQ,224.85,229.02,219.69,226.68,223.39,129481,287.62,2026-09-21
MANGALAM,EQ,34.44,34.64,32.1,32.66,34.26,118280,39.31,2026-09-21
MANGLMCEM,EQ,1030.8,1032.1,1005.1,1010.1,1030.8,35115,356.11,2026-09-21
MANINDS,EQ,860.0,879.0,853.5,859.75,851.55,780257,6746.3,2026-09-21
MANINFRA,EQ,125.99,126.41,122.21,123.22,125.64,1182512,1472.41,2026-09-21
MANIPALHOS,EQ,739.0,751.3,733.2,747.15,738.95,482247,3584.05,2026-09-21
MANKIND,EQ,2312.7,2452.0,2303.0,2437.8,2300.7,1342757,32512.95,2026-09-21
MANOMAY,EQ,233.9,233.9,220.29,224.96,229.68,172762,393.3,2026-09-21
MANORAMA,EQ,1969.9,1979.9,1912.0,1923.0,1966.9,125476,2427.04,2026-09-21
MANORG,EQ,456.95,465.35,451.2,464.15,456.95,5142,23.55,2026-09-21
MANUFGBEES,EQ,161.76,161.76,160.04,160.43,160.16,6537,10.48,2026-09-21
MANUGRAPH,EQ,19.0,20.51,17.9,18.85,18.09,505868,96.96,2026-09-21
MANYAVAR,EQ,539.9,551.1,533.8,536.7,544.25,168703,910.99,2026-09-21
MAPMYINDIA,EQ,910.6,913.9,889.1,900.5,899.4,103519,932.82,2026-09-21
MARALOVER,EQ,59.05,61.0,55.25,56.87,59.36,36696,21.12,2026-09-21
MARATHON,EQ,408.0,426.8,408.0,417.65,409.0,78220,329.18,2026-09-21
MARICO,EQ,807.0,829.75,804.25,824.4,803.9,1672296,13787.22,2026-09-21
MARINE,EQ,380.0,421.0,376.15,415.8,379.2,1825343,7317.98,2026-09-21
MARKOLINES,EQ,170.69,173.1,169.01,169.76,169.71,174363,298.89,2026-09-21
MARKSANS,EQ,322.2,339.0,321.2,338.1,320.15,3189102,10659.02,2026-09-21
MARSONS,EQ,128.99,134.0,125.91,127.33,128.62,1829501,2365.7,2026-09-21
MARUTI,EQ,12129.0,12229.0,12129.0,12153.0,12103.0,339171,41339.75,2026-09-21
MASFIN,EQ,287.0,293.0,285.2,292.15,288.95,130822,378.95,2026-09-21
MASKINVEST,EQ,150.72,150.72,145.0,145.0,143.55,147,0.21,2026-09-21
MASPTOP50,EQ,129.8,148.9,106.0,113.25,124.48,8891022,10736.9,2026-09-21
MASTEK,EQ,1589.7,1601.8,1571.7,1589.2,1588.2,37730,599.51,2026-09-21
MASTERTR,EQ,88.0,90.7,87.16,87.68,89.74,142481,126.47,2026-09-21
MATRIMONY,EQ,537.75,555.8,518.4,549.8,535.55,34526,189.37,2026-09-21
MAWANASUG,EQ,126.9,128.2,123.53,125.45,128.21,110224,138.42,2026-09-21
MAXESTATES,EQ,591.0,623.0,583.05,597.9,594.0,314471,1898.28,2026-09-21
MAXHEALTH,EQ,1053.8,1072.6,1050.6,1066.6,1049.3,965254,10246.37,2026-09-21
MAXIND,EQ,151.0,157.9,148.4,152.0,152.69,64212,97.99,2026-09-21
MAYURUNIQ,EQ,745.0,760.0,729.4,751.25,743.4,87870,652.6,2026-09-21
MAZDOCK,EQ,2268.0,2278.0,2222.1,2232.0,2280.0,639638,14373.22,2026-09-21
MBAPL,EQ,159.89,161.5,158.1,160.76,159.82,542430,868.78,2026-09-21
MBEL,EQ,253.95,257.5,249.0,255.05,252.25,100586,255.37,2026-09-21
MBLINFRA,EQ,23.38,23.38,21.3,21.76,22.29,28502,6.3,2026-09-21
MCCHRLS-B,EQ,680.95,680.95,664.0,664.65,655.0,5524,36.72,2026-09-21
MCL,EQ,57.0,57.0,55.35,55.75,55.94,33392,18.71,2026-09-21
MCLEODRUSS,EQ,46.54,46.54,46.54,46.54,44.33,32416,15.09,2026-09-21
MCLOUD,EQ,25.22,25.8,24.81,25.0,25.3,738192,186.57,2026-09-21
MCX,EQ,3250.0,3268.0,3155.5,3209.0,3260.0,1267161,40688.11,2026-09-21
MEDANTA,EQ,1499.4,1527.0,1467.6,1508.1,1499.4,321886,4837.04,2026-09-21
MEDIASSIST,EQ,325.8,339.4,318.05,336.6,324.85,757836,2474.63,2026-09-21
MEDICO,EQ,34.9,35.4,33.9,34.06,34.89,177622,61.01,2026-09-21
MEDPLUS,EQ,655.7,665.45,655.0,660.7,659.65,66888,441.62,2026-09-21
MEESHO,EQ,216.0,221.2,216.0,219.15,214.44,10943685,23979.22,2026-09-21
MEGASTAR,EQ,265.6,287.8,265.6,275.95,281.8,5230,14.48,2026-09-21
MEIL,EQ,271.85,274.8,261.5,267.25,271.85,77033,206.34,2026-09-21
MERCANTILE,EQ,23.98,23.98,22.22,22.82,22.7,200,0.05,2026-09-21
MERCURYEV,EQ,39.91,41.95,39.4,39.81,39.91,422185,169.86,2026-09-21
METAL,EQ,12.82,13.47,12.82,13.12,13.15,3423679,450.3,2026-09-21
METALIETF,EQ,12.75,13.22,12.75,13.05,13.08,5144235,673.36,2026-09-21
METROBRAND,EQ,935.0,949.9,935.0,939.05,940.85,70488,662.81,2026-09-21
METROGLOBL,EQ,132.1,136.0,128.1,132.01,132.01,1357,1.8,2026-09-21
METROPOLIS,EQ,602.4,607.85,591.0,593.4,597.45,185451,1109.1,2026-09-21
MFML,EQ,19.87,22.47,18.51,18.82,18.83,5880,1.14,2026-09-21
MFSL,EQ,1551.3,1591.8,1545.7,1569.0,1559.0,534288,8447.61,2026-09-21
MGEL,EQ,15.64,15.99,15.64,15.78,15.64,287061,45.62,2026-09-21
MGL,EQ,1079.5,1083.9,1070.5,1077.8,1081.7,65214,702.94,2026-09-21
MHRIL,EQ,199.3,202.22,195.5,201.37,199.29,126373,251.57,2026-09-21
MID150,EQ,23.18,23.31,23.14,23.2,23.18,32686,7.59,2026-09-21
MID150BEES,EQ,239.85,239.85,235.02,236.51,236.52,357778,846.22,2026-09-21
MID150CASE,EQ,11.55,11.56,11.37,11.52,11.51,990181,114.04,2026-09-21
MIDBANKADD,EQ,17.25,17.25,17.06,17.12,17.24,1877,0.32,2026-09-21
MIDCAP,EQ,17.83,18.32,17.83,18.26,18.29,259071,47.34,2026-09-21
MIDCAPADD,EQ,23.7,23.7,22.86,22.96,23.75,26602,6.1,2026-09-21
MIDCAPBETA,EQ,229.75,231.64,229.75,230.76,230.9,2371,5.47,2026-09-21
MIDCAPETF,EQ,23.95,24.37,23.21,23.34,23.37,1201911,280.85,2026-09-21
MIDCAPIETF,EQ,24.29,24.29,23.61,23.63,23.7,3170629,749.39,2026-09-21
MIDHANI,EQ,420.05,427.4,413.45,418.55,417.3,1295356,5447.7,2026-09-21
MIDQ50ADD,EQ,23.84,24.5,23.84,24.39,24.46,39203,9.57,2026-09-21
MIDSELIETF,EQ,20.12,20.12,19.53,19.7,19.63,162353,31.92,2026-09-21
MIDSMALL,EQ,50.11,51.7,50.11,51.37,51.4,243055,124.77,2026-09-21
MIDWESTLTD,EQ,994.5,1003.0,975.1,988.3,980.8,11386,112.6,2026-09-21
MIIL,EQ,699.0,716.95,698.5,703.6,711.35,69729,492.27,2026-09-21
MILKYMIST,EQ,276.0,287.77,274.22,287.77,274.07,5777865,16428.08,2026-09-21
MINDACORP,EQ,691.45,693.4,678.0,679.6,691.45,165847,1133.26,2026-09-21
MINDTECK,EQ,160.0,163.9,155.0,155.72,158.33,27074,42.54,2026-09-21
MIRZAINT,EQ,29.98,30.48,29.0,29.16,29.14,85455,25.0,2026-09-21
MITCON,EQ,82.0,82.0,79.01,79.86,80.01,7031,5.64,2026-09-21
MITTAL,EQ,0.78,0.78,0.75,0.76,0.77,3580935,27.63,2026-09-21
MKEXIM,EQ,67.0,72.0,65.1,65.87,67.43,20923,14.0,2026-09-21
MKPL,EQ,4.03,4.05,3.96,3.98,3.97,65516,2.63,2026-09-21
MLKFOOD,EQ,83.0,83.01,80.5,81.62,79.82,2971,2.44,2026-09-21
MMFL,EQ,625.0,630.0,612.0,612.85,628.55,33645,207.55,2026-09-21
MMP,EQ,470.35,484.0,460.0,477.7,466.85,78037,369.54,2026-09-21
MMTC,EQ,60.3,60.68,59.64,59.79,60.27,750235,450.69,2026-09-21
MMWL,EQ,12.62,13.37,12.62,13.19,12.89,10663,1.38,2026-09-21
MNC,EQ,32.5,32.79,32.28,32.58,32.69,23255,7.58,2026-09-21
MOALPHA50,EQ,56.01,56.01,55.42,55.69,55.74,13071,7.27,2026-09-21
MOBANK10,EQ,16.66,16.74,16.63,16.73,16.66,3418,0.57,2026-09-21
MOBIKWIK,EQ,213.0,217.44,208.4,209.57,212.48,2664277,5679.43,2026-09-21
MOCAPITAL,EQ,53.59,54.01,52.45,52.93,53.58,738794,390.81,2026-09-21
MODEFENCE,EQ,104.46,104.5,102.25,103.27,103.28,940365,972.09,2026-09-21
MODINATUR,EQ,370.0,370.0,345.1,349.75,359.05,3899,13.95,2026-09-21
MODIRUBBER,EQ,123.5,124.7,121.15,123.51,120.24,898,1.1,2026-09-21
MODIS,EQ,347.6,353.4,346.0,346.6,352.4,17300,60.26,2026-09-21
MODTHREAD,EQ,47.0,48.74,46.99,47.05,47.99,1914,0.91,2026-09-21
MOENERGY,EQ,38.0,38.19,37.9,37.99,38.0,68265,25.93,2026-09-21
MOGOLD,EQ,151.9,151.9,150.0,150.05,151.35,22834,34.35,2026-09-21
MOGSEC,EQ,63.49,65.5,63.49,65.3,65.12,37124,24.15,2026-09-21
MOHEALTH,EQ,53.13,53.89,51.9,53.06,52.09,351554,185.44,2026-09-21
MOHITE,EQ,2.48,2.54,2.42,2.47,2.45,39594,0.98,2026-09-21
MOHITIND,EQ,23.2,23.99,23.2,23.75,23.62,992,0.23,2026-09-21
MOIL,EQ,244.0,245.99,240.6,241.35,243.88,321012,777.3,2026-09-21
MOINFRA,EQ,58.26,58.6,58.15,58.41,58.26,504,0.29,2026-09-21
MOIPO,EQ,49.48,49.56,48.3,48.42,48.99,1127,0.55,2026-09-21
MOKSH,EQ,10.29,10.29,9.9,9.94,10.17,45995,4.6,2026-09-21
MOL,EQ,63.78,64.41,61.85,62.18,63.05,755720,477.24,2026-09-21
MOLBIO,EQ,1295.0,1298.8,1205.4,1218.8,1288.3,1799711,22172.11,2026-09-21
MOLDTKPAC,EQ,665.0,667.0,643.0,644.85,658.3,68804,446.36,2026-09-21
MOLOWVOL,EQ,35.4,36.0,35.27,35.4,35.58,1049,0.37,2026-09-21
MOM100,EQ,66.75,67.34,65.61,67.1,66.95,160047,107.35,2026-09-21
MOM30IETF,EQ,31.18,31.18,30.85,30.91,31.08,355487,110.09,2026-09-21
MOM50,EQ,250.0,250.0,244.36,244.97,247.42,12352,30.29,2026-09-21
MOMENTUM,EQ,30.02,31.0,30.02,30.76,30.79,15131,4.66,2026-09-21
MOMENTUM30,EQ,29.89,30.95,29.89,30.3,30.5,13079,3.97,2026-09-21
MOMENTUM50,EQ,53.97,54.23,53.75,53.81,53.97,357763,192.71,2026-09-21
MOMETAL,EQ,13.17,13.17,12.9,12.95,13.04,1390,0.18,2026-09-21
MOMGF,EQ,160.03,163.0,157.23,162.18,159.63,6953,11.04,2026-09-21
MOMIDMTM,EQ,64.19,64.48,63.79,64.03,63.9,29095,18.6,2026-09-21
MOMMIDCAP,EQ,13.16,13.18,12.68,12.85,12.9,916953,117.94,2026-09-21
MOMNC,EQ,31.73,31.73,31.52,31.65,31.54,5469,1.73,2026-09-21
MOMOMENTUM,EQ,61.81,61.81,61.28,61.32,61.55,53672,32.95,2026-09-21
MON100,EQ,338.58,340.79,327.51,330.24,330.33,1631814,5454.82,2026-09-21
MON50EQUAL,EQ,32.48,33.29,32.39,32.66,32.37,15791,5.14,2026-09-21
MONARCH,EQ,368.65,374.4,360.0,361.7,366.15,38716,139.92,2026-09-21
MONEXT50,EQ,72.71,72.71,71.87,72.25,72.35,1952,1.41,2026-09-21
MONEYBOXX,EQ,57.21,57.21,57.21,57.21,54.49,19171,10.97,2026-09-21
MONIFTY100,EQ,24.83,25.6,24.63,24.82,24.83,7639,1.89,2026-09-21
MONIFTY500,EQ,24.03,24.03,22.98,23.47,23.45,427282,100.2,2026-09-21
MONQ50,EQ,386.39,471.99,317.04,317.04,396.3,4302943,15899.51,2026-09-21
MONTECARLO,EQ,529.25,537.9,521.55,534.65,553.05,113839,604.23,2026-09-21
MOOILGAS,EQ,11.17,11.37,10.97,11.05,10.98,2234,0.25,2026-09-21
MOPSE,EQ,98.73,101.3,97.78,101.3,98.73,1207,1.18,2026-09-21
MOQUALITY,EQ,194.5,199.98,193.18,193.74,194.5,754,1.46,2026-09-21
MOREALTY,EQ,85.27,85.9,84.54,85.65,85.27,343110,293.77,2026-09-21
MOREPENLAB,EQ,120.9,126.8,120.8,122.35,120.9,17854846,22133.78,2026-09-21
MOSCHIP,EQ,208.91,210.4,205.7,206.05,208.89,984883,2039.96,2026-09-21
MOSERVICE,EQ,30.29,30.43,30.2,30.43,30.35,1352,0.41,2026-09-21
MOSILVER,EQ,231.98,231.98,228.91,229.59,231.3,24559,56.41,2026-09-21
MOSMALL250,EQ,18.87,18.87,18.11,18.36,18.41,660816,121.64,2026-09-21
MOTHERSON,EQ,163.12,163.88,160.5,162.91,162.57,7264642,11804.15,2026-09-21
MOTILALOFS,EQ,1001.0,1009.8,993.2,995.0,1010.0,277400,2777.24,2026-09-21
MOTISONS,EQ,18.25,18.6,17.7,17.94,18.3,44194528,8024.04,2026-09-21
MOTOGENFIN,EQ,26.99,28.84,25.71,26.45,26.19,202867,55.27,2026-09-21
MOTOUR,EQ,79.29,79.29,77.71,78.01,77.95,32523,25.53,2026-09-21
MOVALUE,EQ,111.46,111.83,110.48,110.66,110.91,22034,24.42,2026-09-21
MPHASIS,EQ,2300.4,2313.7,2257.1,2296.2,2300.4,206512,4726.57,2026-09-21
MPIMANIPAL,EQ,342.4,358.8,332.35,336.6,341.35,862556,2973.41,2026-09-21
MPSLTD,EQ,2667.0,2676.8,2595.4,2617.2,2667.3,8887,233.48,2026-09-21
MRF,EQ,125780.0,125780.0,124700.0,124855.0,125670.0,2449,3062.51,2026-09-21
MRPL,EQ,167.45,170.37,165.5,167.03,165.38,4653785,7813.08,2026-09-21
MSCI360,EQ,10.0,10.0,9.84,9.86,9.96,1161,0.12,2026-09-21
MSCIADD,EQ,28.88,29.03,28.88,28.96,28.8,936,0.27,2026-09-21
MSCIINDIA,EQ,28.53,29.31,28.53,29.22,29.27,7564,2.2,2026-09-21
MSL,EQ,138.0,138.0,136.0,136.0,141.43,192,0.26,2026-09-21
MSPL,EQ,34.2,34.2,32.8,33.28,34.15,384149,127.74,2026-09-21
MSTCLTD,EQ,724.05,735.0,700.0,729.85,724.05,155179,1127.25,2026-09-21
MSUMI,EQ,35.67,36.15,35.5,35.6,35.67,8870613,3170.3,2026-09-21
MTNL,EQ,23.95,23.97,23.59,23.65,23.8,446564,106.02,2026-09-21
MUFIN,EQ,133.73,134.19,131.4,132.17,133.45,335463,445.12,2026-09-21
MUFTI,EQ,73.4,74.33,72.12,72.73,73.63,35798,26.14,2026-09-21
MUKANDLTD,EQ,134.44,137.0,133.4,136.03,134.78,55661,75.18,2026-09-21
MUKESHB,EQ,127.0,127.0,126.35,126.42,133.0,18,0.02,2026-09-21
MULTICAP,EQ,16.75,16.75,16.46,16.49,16.48,246684,40.71,2026-09-21
MUNJALAU,EQ,103.99,106.41,103.16,105.71,103.99,274319,288.21,2026-09-21
MUNJALSHOW,EQ,127.2,129.0,125.04,128.53,125.8,22362,28.51,2026-09-21
MURUDCERA,EQ,28.12,28.99,27.5,28.3,28.26,33166,9.4,2026-09-21
MUTHOOTCAP,EQ,233.8,233.99,228.03,228.87,234.28,8660,19.95,2026-09-21
MUTHOOTFIN,EQ,2826.0,2874.2,2814.0,2854.2,2841.1,433892,12364.4,2026-09-21
MUTHOOTMF,EQ,192.8,195.0,187.3,188.75,189.28,130793,247.79,2026-09-21
MVELECTRO,EQ,837.85,916.0,817.15,882.2,832.75,4254269,37272.17,2026-09-21
MVGJL,EQ,215.7,222.9,212.35,214.51,214.47,394003,856.25,2026-09-21
MWL,EQ,42.49,45.0,40.77,42.56,42.52,2523325,1096.56,2026-09-21
NACLIND,EQ,150.3,151.39,143.16,143.9,146.75,523366,760.71,2026-09-21
NAGREEKCAP,EQ,28.19,29.78,27.21,29.06,28.19,62641,18.2,2026-09-21
NAGREEKEXP,EQ,21.17,21.84,21.07,21.65,21.13,970,0.21,2026-09-21
NAHARCAP,EQ,245.9,256.3,245.0,255.75,247.5,386,0.97,2026-09-21
NAHARINDUS,EQ,131.0,136.99,130.15,131.7,131.29,35091,46.65,2026-09-21
NAHARPOLY,EQ,227.0,229.3,221.9,223.41,227.02,5331,12.03,2026-09-21
NAHARSPING,EQ,269.2,282.75,268.0,279.9,269.2,24459,67.46,2026-09-21
NAM-INDIA,EQ,1155.0,1158.0,1135.1,1146.7,1155.0,654535,7527.72,2026-09-21
NARMADA,EQ,13.7,14.0,13.46,13.47,13.72,425194,57.56,2026-09-21
NATCOPHARM,EQ,817.2,818.95,806.05,816.3,813.4,451347,3666.22,2026-09-21
NATHBIOGEN,EQ,149.0,152.9,145.02,151.8,147.34,109938,162.0,2026-09-21
NATIONALUM,EQ,355.3,357.4,351.55,352.5,350.5,2961381,10471.84,2026-09-21
NATIONSTD,EQ,108.6,115.0,108.6,114.76,109.94,14633,16.47,2026-09-21
NAUKRI,EQ,1265.0,1305.3,1251.4,1296.4,1251.2,1697517,21838.9,2026-09-21
NAVA,EQ,562.4,566.9,553.5,554.65,562.3,189000,1053.94,2026-09-21
NAVINFLUOR,EQ,8590.0,8594.0,8405.0,8486.5,8590.0,99240,8414.82,2026-09-21
NAVKARCORP,EQ,88.91,89.49,87.82,88.58,88.91,222333,197.0,2026-09-21
NAVKARURB,EQ,0.85,0.87,0.82,0.87,0.83,546782,4.71,2026-09-21
NAVNETEDUL,EQ,126.41,128.0,125.42,126.82,126.89,139117,175.63,2026-09-21
NAZARA,EQ,370.2,372.7,366.2,367.25,369.35,444543,1641.06,2026-09-21
NBCC,EQ,83.1,84.07,82.91,83.15,82.4,4386703,3657.99,2026-09-21
NBIFIN,EQ,1960.9,1998.4,1920.0,1945.0,1970.8,6083,117.63,2026-09-21
NCC,EQ,137.0,139.42,135.69,136.03,137.13,3358897,4625.17,2026-09-21
NCLIND,EQ,174.66,178.0,174.62,175.68,174.66,20336,35.8,2026-09-21
NDGL,EQ,2690.0,2720.0,2500.0,2580.6,2649.5,285,7.37,2026-09-21
NDL,EQ,2.77,2.84,2.74,2.79,2.78,839999,23.21,2026-09-21
NDLVENTURE,EQ,125.95,126.0,122.1,124.64,123.0,3793,4.7,2026-09-21
NDRAUTO,EQ,725.95,740.0,724.05,732.2,726.0,30458,223.6,2026-09-21
NDTV,EQ,71.75,72.49,71.17,71.57,71.72,42775,30.69,2026-09-21
NEAGI,EQ,3291.5,3470.0,3291.5,3470.0,3308.0,2,0.07,2026-09-21
NECLIFE,EQ,10.99,11.2,10.85,10.93,10.98,97081,10.65,2026-09-21
NELCAST,EQ,108.8,108.89,107.0,107.57,108.34,38639,41.64,2026-09-21
NELCO,EQ,1009.0,1019.45,982.0,986.35,1011.85,192418,1919.83,2026-09-21
NEOGEN,EQ,2499.7,2499.7,2334.0,2359.8,2488.4,392319,9312.27,2026-09-21
NEPHROPLUS,EQ,747.05,759.8,735.2,751.6,743.35,144405,1083.24,2026-09-21
NESCO,EQ,1106.7,1115.4,1075.6,1081.9,1111.3,36766,401.92,2026-09-21
NESTLEIND,EQ,1360.0,1390.0,1360.0,1385.0,1372.4,573071,7894.46,2026-09-21
NETF,EQ,255.42,255.9,252.55,254.72,254.15,2142,5.45,2026-09-21
NETWEB,EQ,4683.5,4744.0,4610.5,4718.0,4664.5,888237,41732.35,2026-09-21
NETWORK18,EQ,27.2,27.32,26.56,26.79,27.0,2783445,747.99,2026-09-21
NEULANDLAB,EQ,22810.0,23050.0,22505.0,22610.0,22840.0,54186,12277.0,2026-09-21
NEWGEN,EQ,493.8,497.0,487.85,494.1,497.3,382959,1881.55,2026-09-21
NEXT30ADD,EQ,42.36,42.4,42.21,42.21,42.36,6028,2.55,2026-09-21
NEXT50,EQ,748.15,748.3,745.0,745.51,745.6,17073,127.35,2026-09-21
NEXT50ADD,EQ,72.8,72.8,72.4,72.68,72.45,3586,2.6,2026-09-21
NEXT50BETA,EQ,77.8,78.25,77.12,78.02,77.88,106078,82.7,2026-09-21
NEXT50ETF,EQ,72.49,73.0,72.49,72.89,72.85,4590,3.34,2026-09-21
NEXT50IETF,EQ,74.86,76.51,74.86,76.35,76.39,408516,311.63,2026-09-21
NEXTMEDIA,EQ,3.82,3.88,3.75,3.82,3.82,4591,0.18,2026-09-21
NFL,EQ,66.79,67.66,66.54,66.83,66.79,479142,321.01,2026-09-21
NGIL,EQ,39.5,40.99,38.0,38.16,38.04,54121,21.27,2026-09-21
NGLFINE,EQ,2769.0,2799.9,2706.2,2731.6,2768.2,3252,89.45,2026-09-21
NH,EQ,1918.9,1932.9,1896.0,1896.9,1928.5,78926,1507.51,2026-09-21
NHPC,EQ,76.17,76.69,75.54,75.8,76.95,10406252,7902.27,2026-09-21
NIACL,EQ,186.62,188.79,184.47,186.56,187.66,2009703,3750.78,2026-09-21
NIBE,EQ,1350.0,1413.0,1350.0,1371.1,1287.0,286554,3955.9,2026-09-21
NIBL,EQ,30.22,31.68,30.22,30.62,30.97,9643,2.98,2026-09-21
NICCOPAR,EQ,80.5,82.99,80.0,82.1,80.45,203,0.17,2026-09-21
NIF100BEES,EQ,259.0,261.53,254.2,260.86,260.72,13331,34.74,2026-09-21
NIF100IETF,EQ,27.26,27.6,27.26,27.5,27.4,46412,12.73,2026-09-21
NIF500BETA,EQ,37.57,37.57,36.71,36.76,36.66,54731,20.12,2026-09-21
NIFTY1,EQ,266.16,266.16,259.29,260.41,259.67,97523,253.76,2026-09-21
NIFTY100EW,EQ,33.45,35.37,33.45,34.36,34.31,49706,17.15,2026-09-21
NIFTYADD,EQ,244.13,247.75,244.13,247.27,246.79,20913,51.7,2026-09-21
NIFTYAXIS,EQ,252.74,262.0,252.74,260.51,259.23,7644,19.87,2026-09-21
NIFTYBEES,EQ,267.8,267.98,265.62,267.76,266.53,4153608,11102.15,2026-09-21
NIFTYBETA,EQ,253.27,262.37,253.27,260.56,259.77,24189,62.93,2026-09-21
NIFTYBETF,EQ,246.8,246.8,240.26,241.37,240.79,1380,3.33,2026-09-21
NIFTYCASE,EQ,9.6,9.6,9.37,9.41,9.37,761751,71.7,2026-09-21
NIFTYETF,EQ,248.14,255.73,248.14,255.39,254.51,107334,273.83,2026-09-21
NIFTYIETF,EQ,269.0,269.0,264.81,266.09,265.13,614840,1634.46,2026-09-21
NIFTYJBLK,EQ,12.27,12.27,11.96,11.99,11.98,128099,15.38,2026-09-21
NIFTYQLITY,EQ,20.61,20.88,20.51,20.64,20.61,48220,9.95,2026-09-21
NIITLTD,EQ,91.57,91.57,89.77,90.56,91.57,129190,117.22,2026-09-21
NIITMTS,EQ,217.16,219.0,214.26,215.26,217.16,98518,212.85,2026-09-21
NILAINFRA,EQ,6.63,6.72,6.51,6.62,6.63,89195,5.9,2026-09-21
NILASPACES,EQ,12.62,12.62,12.07,12.12,12.3,1440599,176.1,2026-09-21
NILE,EQ,1450.0,1471.9,1450.0,1458.6,1462.2,1251,18.29,2026-09-21
NILKAMAL,EQ,1878.1,1914.7,1832.1,1888.6,1887.5,37771,711.53,2026-09-21
NIMBSPROJ,EQ,185.46,194.73,176.19,186.85,185.46,31986,60.48,2026-09-21
NINSYS,EQ,707.5,726.7,707.1,713.9,707.5,2165,15.48,2026-09-21
NIPPOBATRY,EQ,320.0,325.0,315.0,318.15,319.8,3425,10.93,2026-09-21
NIRAJ,EQ,27.72,29.2,27.4,28.75,27.74,48575,13.87,2026-09-21
NIRLON,EQ,600.45,611.95,590.4,594.15,600.4,2305,13.77,2026-09-21
NITCO,EQ,87.0,90.42,85.98,89.47,87.0,989237,877.59,2026-09-21
NITINSPIN,EQ,622.3,629.75,607.25,610.8,619.2,140230,862.14,2026-09-21
NITIRAJ,EQ,233.49,233.5,226.1,227.85,232.01,1714,3.93,2026-09-21
NITTAGELA,EQ,1706.0,1759.9,1692.2,1725.8,1711.4,2941,50.35,2026-09-21
NIVABUPA,EQ,79.98,82.03,79.59,80.48,79.59,957679,775.85,2026-09-21
NKIND,EQ,59.74,59.74,54.6,57.82,57.8,181,0.1,2026-09-21
NLCINDIA,EQ,268.8,268.95,263.8,266.65,268.8,1193291,3180.64,2026-09-21
NMDC,EQ,80.09,80.85,79.8,79.8,79.15,8513163,6833.49,2026-09-21
NOCIL,EQ,195.88,198.44,192.5,194.57,194.56,1373559,2685.69,2026-09-21
NOIDATOLL,EQ,4.05,4.05,3.96,3.97,4.0,34732,1.39,2026-09-21
NORBTEAEXP,EQ,66.15,66.3,63.33,66.2,65.5,1978,1.29,2026-09-21
NORTHARC,EQ,313.6,324.55,310.5,319.15,313.6,1666629,5308.09,2026-09-21
NOVAAGRI,EQ,22.62,23.45,22.31,23.28,22.9,52136,12.05,2026-09-21
NOVARTIND,EQ,2088.0,2088.0,1981.9,2004.1,2046.8,36483,736.75,2026-09-21
NPBET,EQ,284.56,284.86,283.81,283.81,283.0,48,0.14,2026-09-21
NPST,EQ,1820.0,1841.8,1770.0,1789.6,1828.5,67676,1214.42,2026-09-21
NRAIL,EQ,625.2,643.9,612.4,627.15,625.2,12067,75.16,2026-09-21
NRBBEARING,EQ,531.1,538.0,522.5,528.5,525.5,1157056,6142.37,2026-09-21
NSIL,EQ,5501.0,5585.0,5487.0,5527.0,5507.5,1399,77.36,2026-09-21
NSLNISP,EQ,42.61,43.5,41.86,42.44,42.6,3530136,1501.4,2026-09-21
NTCIND,EQ,132.85,135.0,130.0,130.68,132.85,2096,2.78,2026-09-21
NTPC,EQ,325.0,328.75,324.85,326.4,323.65,5098202,16672.99,2026-09-21
NTPCGREEN,EQ,88.9,91.45,88.07,91.26,88.55,3954703,3575.35,2026-09-21
NUCLEUS,EQ,685.35,687.95,681.5,683.95,686.25,8584,58.69,2026-09-21
NUVAMA,EQ,1705.2,1739.0,1672.0,1687.1,1713.7,171604,2902.18,2026-09-21
NUVOCO,EQ,328.6,331.55,324.0,330.55,328.6,116680,383.68,2026-09-21
NV20,EQ,13.24,13.78,13.24,13.57,13.58,85835,11.62,2026-09-21
NV20BEES,EQ,135.38,136.5,135.11,136.18,135.32,248722,337.27,2026-09-21
NV20IETF,EQ,13.33,13.33,13.11,13.27,13.2,626876,82.93,2026-09-21
NYKAA,EQ,327.0,337.55,323.95,336.0,332.15,4082160,13444.39,2026-09-21
OAL,EQ,514.15,562.0,514.15,548.85,514.15,72796,397.2,2026-09-21
OBCL,EQ,57.02,59.0,57.01,58.77,57.02,8699,5.1,2026-09-21
OBEROIRLTY,EQ,1765.0,1827.7,1754.3,1821.0,1785.0,960192,17299.44,2026-09-21
ODIGMA,EQ,20.88,22.05,20.88,20.95,21.0,32329,6.9,2026-09-21
ODYCORP,EQ,7.24,7.29,6.86,6.92,7.07,31893,2.21,2026-09-21
OFSS,EQ,11787.0,11787.0,10900.0,10911.0,11896.0,565241,63089.06,2026-09-21
OIL,EQ,475.7,482.3,475.0,478.35,475.7,830047,3982.5,2026-09-21
OILIETF,EQ,11.14,11.22,11.02,11.19,11.14,834684,93.08,2026-09-21
OLAELEC,EQ,36.4,37.25,36.4,37.0,36.39,32915914,12138.96,2026-09-21
OLECTRA,EQ,1206.0,1213.4,1188.0,1205.8,1198.8,217191,2611.14,2026-09-21
OMAXAUTO,EQ,183.0,194.7,179.65,191.43,182.16,114325,216.67,2026-09-21
OMAXE,EQ,117.5,118.3,113.12,114.0,117.31,573183,659.2,2026-09-21
OMINFRAL,EQ,78.33,80.0,77.71,79.11,78.33,44681,35.31,2026-09-21
OMNI,EQ,545.0,564.0,538.05,551.35,556.15,788403,4365.64,2026-09-21
OMPOWER,EQ,171.1,172.39,169.01,170.5,172.37,68711,117.79,2026-09-21
ONEGLOBAL,EQ,536.1,544.0,528.05,538.8,538.75,4470,24.1,2026-09-21
ONEPOINT,EQ,60.14,61.34,59.22,60.03,59.64,2880019,1735.16,2026-09-21
ONESOURCE,EQ,1595.5,1643.0,1587.0,1599.2,1594.9,319894,5175.09,2026-09-21
ONGC,EQ,232.8,236.0,232.32,235.63,232.8,6114044,14342.71,2026-09-21
ONIDA,EQ,33.82,34.53,32.62,34.31,32.89,976325,331.05,2026-09-21
ONIXSOLAR,EQ,339.55,368.0,339.55,339.55,357.4,854678,2958.05,2026-09-21
ONWARDTEC,EQ,287.2,295.0,282.25,290.05,287.2,43217,124.97,2026-09-21
OPTIEMUS,EQ,590.1,610.9,582.95,590.75,590.1,188741,1122.74,2026-09-21
OPTIFIN,EQ,14.38,14.95,13.6,13.93,14.01,29633,4.25,2026-09-21
ORCHASP,EQ,1.4,1.46,1.4,1.43,1.4,146394,2.09,2026-09-21
ORCHPHARMA,EQ,975.0,1096.65,975.0,1081.8,989.7,573549,6154.55,2026-09-21
ORICONENT,EQ,52.0,55.88,51.9,54.84,52.75,87385,47.44,2026-09-21
ORIENTALTL,EQ,5.07,5.24,5.0,5.08,4.96,62323,3.17,2026-09-21
ORIENTBELL,EQ,395.45,395.8,388.5,392.55,393.25,6089,23.9,2026-09-21
ORIENTCEM,EQ,122.4,126.0,122.4,125.07,124.55,1146986,1433.81,2026-09-21
ORIENTCER,EQ,46.52,48.98,45.52,47.53,46.52,233655,111.14,2026-09-21
ORIENTELEC,EQ,168.0,169.6,165.89,168.01,167.36,137603,230.74,2026-09-21
ORIENTHOT,EQ,144.9,147.54,142.75,144.06,143.45,1833650,2659.76,2026-09-21
ORIENTPPR,EQ,17.2,17.43,17.06,17.15,17.2,85259,14.7,2026-09-21
ORIENTTECH,EQ,236.4,238.69,233.99,235.04,236.35,81509,191.99,2026-09-21
ORIRAIL,EQ,117.2,118.5,115.85,116.41,117.09,47701,55.88,2026-09-21
ORISSAMINE,EQ,3833.9,3859.3,3801.5,3820.8,3821.2,4696,179.51,2026-09-21
ORKLAINDIA,EQ,597.7,598.0,574.2,579.05,595.65,121518,711.49,2026-09-21
ORTINGLOBE,EQ,15.21,16.4,15.21,15.36,15.83,11750,1.82,2026-09-21
OSWALAGRO,EQ,33.88,35.13,33.82,34.76,33.88,44442,15.49,2026-09-21
OSWALGREEN,EQ,19.89,20.19,19.12,19.75,19.44,142638,28.31,2026-09-21
OSWALPUMPS,EQ,279.5,281.7,275.1,276.2,278.1,196422,544.6,2026-09-21
OSWALSEEDS,EQ,14.1,14.1,13.25,13.58,13.72,105897,14.56,2026-09-21
PACEDIGITK,EQ,156.24,157.7,154.12,154.86,156.17,311826,482.77,2026-09-21
PACIFICI,EQ,140.05,144.0,139.0,143.6,147.99,252,0.35,2026-09-21
PAGEIND,EQ,35975.0,36300.0,35495.0,35950.0,36400.0,15472,5571.82,2026-09-21
PAISALO,EQ,89.99,94.88,89.82,92.85,89.51,34251160,32032.1,2026-09-21
PAKKA,EQ,79.7,79.7,77.76,78.67,78.56,90442,71.07,2026-09-21
PALASHSECU,EQ,86.21,88.0,86.2,86.89,86.11,296,0.26,2026-09-21
PALREDTEC,EQ,46.56,48.4,44.11,48.25,46.1,2136,1.0,2026-09-21
PANACEABIO,EQ,371.15,379.15,367.8,376.15,367.9,53943,201.98,2026-09-21
PANAMAPET,EQ,473.85,491.95,470.2,475.15,470.2,175393,846.44,2026-09-21
PANCHMAHQ,EQ,301.0,301.0,301.0,301.0,296.4,25,0.08,2026-09-21
PANORAMA,EQ,53.25,56.42,53.19,54.89,53.26,436211,239.58,2026-09-21
PANSARI,EQ,271.1,287.9,271.1,279.6,284.95,869,2.45,2026-09-21
PARACABLES,EQ,61.9,62.22,60.67,61.03,62.02,845879,519.0,2026-09-21
PARADEEP,EQ,156.63,157.18,154.05,155.73,155.62,1949055,3028.41,2026-09-21
PARAGMILK,EQ,268.0,284.7,267.85,272.4,268.5,1706560,4707.82,2026-09-21
PARAS,EQ,1379.0,1415.0,1342.9,1406.5,1372.7,955531,13258.81,2026-09-21
PARASPETRO,EQ,2.15,2.2,2.12,2.14,2.14,112884,2.43,2026-09-21
PARKHOSPS,EQ,284.25,287.5,282.5,284.7,282.05,324336,927.47,2026-09-21
PARKHOTELS,EQ,107.6,108.0,105.41,106.19,107.38,160120,170.72,2026-09-21
PARNAXLAB,EQ,128.84,129.0,117.0,118.42,128.2,12660,15.21,2026-09-21
PASHUPATI,EQ,81.0,81.0,79.6,80.19,80.26,25989,20.87,2026-09-21
PASUPTAC,EQ,70.8,71.5,69.25,71.17,69.98,103537,73.06,2026-09-21
PATANJALI,EQ,369.0,400.45,365.25,396.2,367.0,23162107,90421.98,2026-09-21
PATELENG,EQ,25.46,25.99,25.46,25.75,25.62,2618475,671.84,2026-09-21
PATELRMART,EQ,206.79,207.0,202.0,203.41,205.77,30352,62.25,2026-09-21
PATINTLOG,EQ,14.49,16.0,14.49,14.64,14.0,355563,53.55,2026-09-21
PAUSHAKLTD,EQ,715.05,718.65,699.95,705.25,716.35,16567,117.36,2026-09-21
PAVNAIND,EQ,16.24,16.7,15.25,15.7,15.67,238415,38.18,2026-09-21
PAYTM,EQ,1823.0,1829.3,1792.0,1810.0,1849.9,5052267,91647.14,2026-09-21
PBMPOLY,EQ,64.7,65.0,64.7,65.0,65.0,101,0.07,2026-09-21
PCBL,EQ,336.7,354.5,336.0,344.35,336.7,3337001,11595.88,2026-09-21
PCJEWELLER,EQ,12.75,13.09,12.54,12.79,12.72,304134029,38905.91,2026-09-21
PDMJEPAPER,EQ,102.0,102.01,96.35,98.18,101.59,190713,188.56,2026-09-21
PDSL,EQ,351.15,355.0,346.0,353.85,351.15,89692,314.05,2026-09-21
PEARLPOLY,EQ,17.09,17.94,17.07,17.94,17.09,26444,4.7,2026-09-21
PENIND,EQ,170.15,174.0,169.95,171.07,171.43,240599,412.93,2026-09-21
PENINLAND,EQ,15.26,17.25,15.15,16.19,15.36,273095,44.28,2026-09-21
PERMAGN,EQ,859.85,872.0,820.0,836.65,848.15,8152,68.41,2026-09-21
PERNIASPOP,EQ,542.05,568.0,528.0,533.35,546.45,205958,1108.9,2026-09-21
PERSISTENT,EQ,5416.0,5458.0,5380.5,5449.0,5416.0,352582,19134.46,2026-09-21
PETRONET,EQ,287.0,289.65,286.6,287.5,292.6,1124206,3236.62,2026-09-21
PFC,EQ,342.6,348.05,342.6,344.75,342.55,9174012,31761.56,2026-09-21
PFIZER,EQ,4012.5,4045.0,4000.0,4035.7,4002.4,16758,675.13,2026-09-21
PFOCUS,EQ,347.9,355.0,339.0,352.65,344.35,4581441,15891.38,2026-09-21
PFS,EQ,26.18,27.13,26.1,26.73,26.17,591952,158.87,2026-09-21
PGEL,EQ,531.6,538.9,528.05,536.55,529.15,853299,4558.81,2026-09-21
PGHH,EQ,7490.0,7521.0,7410.0,7426.0,7486.0,18595,1388.28,2026-09-21
PGHL,EQ,5500.0,5555.0,5479.5,5503.5,5503.5,3243,178.99,2026-09-21
PGIL,EQ,1146.1,1153.9,1130.4,1138.4,1146.1,114831,1312.08,2026-09-21
PHARMABEES,EQ,26.81,28.18,26.81,27.76,27.5,9884121,2746.81,2026-09-21
PHOENIXLTD,EQ,1902.9,1942.0,1899.9,1929.0,1877.9,344969,6645.98,2026-09-21
PHOENXINTL,EQ,28.5,29.6,27.8,27.95,29.0,6553,1.85,2026-09-21
PICCADIL,EQ,587.0,599.85,587.0,591.2,589.4,106204,628.7,2026-09-21
PIDILITIND,EQ,1598.0,1598.0,1573.2,1573.2,1572.1,240443,3803.26,2026-09-21
PIGL,EQ,98.01,102.5,98.01,101.05,99.49,42185,42.19,2026-09-21
PIIND,EQ,2324.0,2342.7,2315.7,2321.8,2366.8,68758,1602.36,2026-09-21
PILANIINVS,EQ,4060.0,4063.8,3942.8,4027.1,4067.0,4122,165.21,2026-09-21
PILITA,EQ,7.82,7.82,7.22,7.3,7.48,107388,7.97,2026-09-21
PINELABS,EQ,194.49,196.1,191.46,193.7,192.04,18744636,36230.54,2026-09-21
PIONEEREMB,EQ,22.22,23.35,22.03,22.32,21.95,15501,3.5,2026-09-21
PIRAMALFIN,EQ,2300.1,2304.8,2216.0,2220.4,2300.2,206541,4674.5,2026-09-21
PITTIENG,EQ,1154.0,1154.0,1122.9,1134.4,1146.1,44508,504.6,2026-09-21
PIXTRANS,EQ,1741.1,1755.3,1723.2,1730.7,1741.1,4685,81.41,2026-09-21
PLASTIBLEN,EQ,185.0,190.0,181.06,185.67,186.63,22944,42.57,2026-09-21
PLATIND,EQ,214.05,216.37,210.5,211.08,214.05,29543,62.69,2026-09-21
PLAZACABLE,EQ,63.6,63.6,60.0,61.7,61.06,165579,101.82,2026-09-21
PML,EQ,496.75,510.1,486.7,490.85,496.15,329,1.63,2026-09-21
PNB,EQ,117.23,118.58,116.64,118.0,117.27,8624424,10161.35,2026-09-21
PNBGILTS,EQ,77.81,77.81,76.5,76.88,79.18,203792,157.22,2026-09-21
PNBHOUSING,EQ,1128.4,1154.6,1120.2,1141.1,1133.1,1155761,13156.57,2026-09-21
PNC,EQ,16.5,17.48,16.05,16.66,16.86,9859,1.63,2026-09-21
PNCINFRA,EQ,138.0,141.25,135.57,140.47,138.87,1464046,2021.38,2026-09-21
PNGJL,EQ,609.9,614.95,600.0,601.55,604.75,197069,1194.06,2026-09-21
PNGSREVA,EQ,499.1,520.0,494.45,511.05,495.75,124155,634.44,2026-09-21
POCL,EQ,471.0,478.0,464.5,472.85,469.95,436490,2059.77,2026-09-21
PODDARMENT,EQ,288.95,297.95,282.0,289.15,284.15,4695,13.56,2026-09-21
POEL,EQ,137.16,141.0,135.91,137.31,137.16,15324,21.05,2026-09-21
POKARNA,EQ,741.0,750.6,730.25,732.9,746.85,65660,484.24,2026-09-21
POLICYBZR,EQ,1745.0,1804.4,1745.0,1793.0,1743.0,814918,14526.76,2026-09-21
POLYCAB,EQ,8352.5,8429.0,8331.0,8369.5,8400.0,211821,17755.95,2026-09-21
POLYMED,EQ,1728.0,1728.0,1695.1,1706.2,1726.0,72056,1228.73,2026-09-21
POLYPLEX,EQ,1090.1,1113.0,1090.1,1107.7,1079.3,41946,463.02,2026-09-21
POLYSPIN,EQ,29.6,30.5,29.6,30.0,29.6,1116,0.34,2026-09-21
PONNIERODE,EQ,353.2,358.05,347.55,354.1,356.6,9895,35.06,2026-09-21
POONAWALLA,EQ,477.0,480.75,467.1,471.0,479.4,1639275,7741.69,2026-09-21
POWERGRID,EQ,267.75,269.05,266.1,266.1,270.3,6934502,18576.58,2026-09-21
POWERICA,EQ,578.8,584.5,565.0,568.1,576.3,138170,797.44,2026-09-21
POWERINDIA,EQ,32480.0,32595.0,31805.0,31870.0,32700.0,64069,20519.02,2026-09-21
POWERMECH,EQ,2390.6,2483.0,2378.5,2444.2,2371.4,66185,1619.4,2026-09-21
PPLPHARMA,EQ,208.75,216.7,207.68,214.66,208.16,4330760,9233.13,2026-09-21
PRABHA,EQ,234.0,241.4,228.56,230.12,233.01,178939,420.6,2026-09-21
PRAENG,EQ,22.8,23.25,22.1,22.26,22.69,23976,5.35,2026-09-21
PRAJIND,EQ,316.0,316.95,311.55,312.15,316.05,256433,803.59,2026-09-21
PRAKASH,EQ,118.0,122.7,117.36,120.09,118.51,884307,1055.92,2026-09-21
PRAKASHSTL,EQ,3.65,3.77,3.48,3.69,3.65,246595,8.99,2026-09-21
PRANAV,EQ,107.98,109.48,104.05,105.25,107.55,4031316,4279.48,2026-09-21
PRASOLCHEM,EQ,697.05,708.9,671.8,681.4,703.4,439599,3026.23,2026-09-21
PRAVEG,EQ,249.85,254.9,245.0,252.3,247.45,20738,52.18,2026-09-21
PRAXIS,EQ,4.23,4.29,4.1,4.22,4.09,82844,3.52,2026-09-21
PRECAM,EQ,116.34,118.38,115.72,117.42,116.41,86106,100.79,2026-09-21
PRECOT,EQ,700.0,700.0,665.05,689.85,659.65,4262,29.54,2026-09-21
PRECWIRE,EQ,478.4,485.0,466.05,473.7,478.4,384630,1821.19,2026-09-21
PREMCO,EQ,386.2,402.1,386.2,397.0,400.1,2104,8.22,2026-09-21
PREMEXPLN,EQ,666.05,676.95,666.05,675.15,668.25,165042,1110.66,2026-09-21
PREMIERENE,EQ,910.0,919.9,887.2,919.9,902.0,1174173,10633.97,2026-09-21
PREMIERPOL,EQ,81.43,81.9,78.15,79.3,81.43,302709,240.86,2026-09-21
PRESTIGE,EQ,1442.2,1478.0,1442.2,1474.0,1435.1,294871,4322.27,2026-09-21
PRICOLLTD,EQ,763.65,771.45,753.1,756.5,767.5,139811,1061.74,2026-09-21
PRIMESECU,EQ,296.85,302.9,289.8,298.7,296.85,107501,320.0,2026-09-21
PRIMO,EQ,21.5,22.7,21.26,22.31,21.35,104017,22.79,2026-09-21
PRINCEPIPE,EQ,272.0,272.35,265.2,266.1,269.8,116219,311.5,2026-09-21
PRIORITY,EQ,230.71,239.39,228.0,231.88,232.06,383630,891.11,2026-09-21
PRISMX,EQ,0.56,0.57,0.54,0.55,0.55,117129,0.65,2026-09-21
PRITI,EQ,33.43,33.9,32.58,32.93,33.43,7923,2.61,2026-09-21
PRIVISCL,EQ,3453.2,3545.0,3453.2,3525.6,3444.9,94831,3330.82,2026-09-21
PROSTARM,EQ,129.53,130.84,128.0,128.4,129.53,67958,87.68,2026-09-21
PROTEAN,EQ,493.0,588.35,491.5,588.35,490.3,7996314,44827.81,2026-09-21
PROZONER,EQ,52.75,53.23,52.31,52.9,53.17,95345,50.43,2026-09-21
PRSMJOHNSN,EQ,117.22,117.8,115.86,116.44,117.05,335784,391.91,2026-09-21
PRUDENT,EQ,3501.6,3545.0,3387.0,3426.8,3501.6,18107,625.73,2026-09-21
PRUDMOULI,EQ,14.3,14.6,14.0,14.19,14.27,8065,1.14,2026-09-21
PSB,EQ,22.15,22.2,21.85,21.95,22.1,571381,125.39,2026-09-21
PSPPROJECT,EQ,806.9,839.6,805.55,820.15,810.1,54262,447.77,2026-09-21
PSUBANK,EQ,83.21,83.31,82.8,83.07,83.0,89624,74.48,2026-09-21
PSUBANKADD,EQ,84.01,84.51,83.71,83.97,84.28,11188,9.39,2026-09-21
PSUBNKBEES,EQ,93.18,93.18,91.77,92.76,92.65,1668788,1546.92,2026-09-21
PSUBNKIETF,EQ,86.44,86.44,84.0,84.2,84.34,61409,51.72,2026-09-21
PTC,EQ,156.0,158.38,155.8,156.28,156.23,1151478,1804.43,2026-09-21
PTCIL,EQ,22750.0,22810.0,22190.0,22300.0,22805.0,15720,3524.22,2026-09-21
PTL,EQ,38.34,38.64,38.1,38.3,38.33,60413,23.08,2026-09-21
PUNJABCHEM,EQ,1085.0,1088.0,1053.0,1064.8,1075.7,5762,61.6,2026-09-21
PURVA,EQ,214.5,216.3,212.27,214.94,213.43,166913,357.55,2026-09-21
PVP,EQ,59.46,62.24,57.1,62.24,59.28,821802,496.35,2026-09-21
PVRINOX,EQ,1328.7,1357.8,1322.6,1349.3,1324.7,460503,6194.56,2026-09-21
PVSL,EQ,98.2,101.19,97.5,99.38,98.77,49218,48.92,2026-09-21
PVTBANIETF,EQ,27.0,27.81,27.0,27.68,27.7,496635,137.63,2026-09-21
PVTBANK,EQ,27.41,27.61,27.4,27.54,27.32,5671,1.56,2026-09-21
PVTBANKADD,EQ,27.94,28.01,27.72,27.9,27.86,28385,7.92,2026-09-21
PVTBKGROWW,EQ,27.7,27.7,27.16,27.6,27.7,4612,1.27,2026-09-21
PWL,EQ,136.0,137.2,132.7,134.76,136.6,8286541,11094.45,2026-09-21
PYRAMID,EQ,154.56,159.45,153.01,157.67,154.49,24917,38.93,2026-09-21
QGOLDHALF,EQ,127.67,127.67,125.73,125.82,126.67,135062,170.07,2026-09-21
QNIFTY,EQ,259.99,259.99,256.4,258.5,257.62,5809,15.0,2026-09-21
QPOWER,EQ,1560.0,1561.0,1466.1,1486.4,1536.1,513453,7704.22,2026-09-21
QUADFUTURE,EQ,528.5,541.1,527.65,536.0,528.2,590777,3157.98,2026-09-21
QUAL30IETF,EQ,20.44,20.55,20.32,20.51,20.35,66447,13.55,2026-09-21
QUALITY30,EQ,19.92,20.15,19.92,20.14,19.92,9283,1.86,2026-09-21
QUESS,EQ,351.65,369.5,348.8,363.1,351.65,955604,3470.37,2026-09-21
QUICKHEAL,EQ,152.95,156.38,150.72,151.79,152.46,109269,167.2,2026-09-21
QUINT,EQ,73.45,77.02,68.7,76.73,70.02,621549,469.76,2026-09-21
RACE,EQ,96.67,103.75,96.67,99.99,96.8,127219,127.65,2026-09-21
RACLGEAR,EQ,1750.8,1788.9,1707.7,1716.7,1760.9,32520,565.19,2026-09-21
RADAAN,EQ,2.8,2.89,2.78,2.82,2.8,26190,0.73,2026-09-21
RADIANTCMS,EQ,35.42,35.69,35.06,35.24,35.42,359805,127.35,2026-09-21
RADICO,EQ,4475.0,4539.9,4376.1,4480.0,4535.4,421324,18818.66,2026-09-21
RADIOCITY,EQ,6.2,6.2,6.01,6.02,6.01,25723,1.55,2026-09-21
RAILTEL,EQ,266.0,267.7,258.85,260.25,265.0,418713,1098.1,2026-09-21
RAIN,EQ,207.49,215.95,207.32,212.18,206.92,3399674,7230.86,2026-09-21
RAINBOW,EQ,1441.4,1452.3,1435.1,1439.6,1454.7,93792,1350.0,2026-09-21
RAJMET,EQ,3.18,3.22,3.11,3.12,3.15,201344,6.36,2026-09-21
RAJPALAYAM,EQ,794.95,795.0,762.0,768.55,790.65,668,5.18,2026-09-21
RAJRATAN,EQ,457.15,458.15,446.1,452.75,452.6,172848,778.28,2026-09-21
RAJSREESUG,EQ,31.65,32.45,31.5,32.32,31.87,9103,2.91,2026-09-21
RAJTV,EQ,8.89,8.89,8.17,8.87,8.6,33575,2.91,2026-09-21
RALLIS,EQ,203.99,205.75,201.73,202.15,203.8,422822,858.43,2026-09-21
RAMANEWS,EQ,31.18,32.75,31.0,32.14,31.33,17745,5.69,2026-09-21
RAMAPHO,EQ,122.83,122.83,118.66,120.98,120.87,10559,12.72,2026-09-21
RAMBHAJO,EQ,294.91,308.4,285.01,304.03,290.85,1449014,4316.92,2026-09-21
RAMCOCEM,EQ,884.9,898.0,874.3,885.1,869.75,373061,3303.27,2026-09-21
RAMCOIND,EQ,332.0,333.05,325.05,326.15,332.1,47191,154.51,2026-09-21
RAMCOSYS,EQ,567.0,572.65,556.3,564.2,567.25,43600,244.68,2026-09-21
RAMKY,EQ,320.9,324.85,313.4,317.0,319.35,18240,57.76,2026-09-21
RAMRAT,EQ,555.0,562.45,547.55,550.1,554.75,121420,673.14,2026-09-21
RANASUG,EQ,14.25,14.5,14.16,14.18,14.43,644017,91.96,2026-09-21
RANEHOLDIN,EQ,1598.4,1612.2,1565.0,1570.8,1598.4,4422,70.05,2026-09-21
RATEGAIN,EQ,844.0,856.9,832.2,842.3,858.4,399753,3361.63,2026-09-21
RATNAMANI,EQ,2859.0,2861.1,2756.0,2776.9,2859.1,38783,1087.95,2026-09-21
RATNAVEER,EQ,302.0,338.0,296.9,334.55,299.25,20650744,67709.23,2026-09-21
RAYMOND,EQ,978.0,1120.0,969.95,1084.95,978.0,6712338,70421.27,2026-09-21
RAYMONDLSL,EQ,646.0,657.9,641.55,646.15,648.35,166495,1080.02,2026-09-21
RAYMONDREL,EQ,590.0,604.6,582.2,585.45,588.3,383796,2276.47,2026-09-21
RBA,EQ,95.1,97.74,94.8,95.22,95.12,2385766,2285.19,2026-09-21
RBLBANK,EQ,408.0,409.9,401.1,402.4,415.9,2214016,8953.3,2026-09-21
RCF,EQ,109.34,110.69,108.5,108.74,109.08,1035395,1131.7,2026-09-21
RECLTD,EQ,312.0,313.45,310.2,310.2,312.0,3372052,10509.5,2026-09-21
REDINGTON,EQ,400.0,404.85,390.7,392.05,399.85,2361062,9319.51,2026-09-21
REDTAPE,EQ,118.0,118.73,116.02,116.41,117.35,274468,321.27,2026-09-21
REFEX,EQ,281.95,297.0,278.65,293.2,271.85,7460060,21419.91,2026-09-21
REGAAL,EQ,83.47,84.18,82.03,83.44,84.03,100047,83.24,2026-09-21
REGENCERAM,EQ,33.99,34.63,30.55,31.02,32.55,3642,1.19,2026-09-21
RELAXO,EQ,294.8,302.4,292.05,293.55,291.25,309755,912.09,2026-09-21
RELCHEMQ,EQ,122.09,122.1,115.99,118.72,119.7,3056,3.58,2026-09-21
RELIABLE,EQ,142.1,142.1,139.22,141.01,140.2,18190,25.63,2026-09-21
RELIANCE,EQ,1234.1,1249.1,1232.5,1247.4,1226.4,10007218,124175.97,2026-09-21
RELIGARE,EQ,253.02,256.0,250.0,253.21,253.02,1257880,3185.87,2026-09-21
RELTD,EQ,146.9,147.4,140.88,143.93,147.59,159643,230.23,2026-09-21
REMSONSIND,EQ,98.0,99.78,95.1,96.02,98.66,91799,88.55,2026-09-21
RENTOMOJO,EQ,511.8,547.75,509.0,539.75,512.75,11613872,61362.57,2026-09-21
RENUKA,EQ,23.0,23.15,22.51,22.98,23.06,9697832,2217.86,2026-09-21
REPCOHOME,EQ,353.0,365.8,348.7,362.15,354.5,174095,624.7,2026-09-21
REPL,EQ,61.0,61.0,57.36,59.25,58.12,2410,1.42,2026-09-21
REPRO,EQ,308.85,310.35,292.75,299.4,305.25,14235,42.83,2026-09-21
RESPONIND,EQ,159.9,164.61,157.47,160.26,159.18,141725,227.82,2026-09-21
RETAIL,EQ,17.69,18.0,15.81,17.89,17.69,9611,1.67,2026-09-21
RGL,EQ,153.39,162.85,152.1,161.55,153.4,1369947,2190.23,2026-09-21
RHETAN,EQ,18.6,18.6,18.6,18.6,19.57,556175,103.45,2026-09-21
RHIM,EQ,368.7,373.2,366.15,368.0,368.7,62663,231.53,2026-09-21
RHL,EQ,180.0,180.0,175.1,176.5,179.55,369,0.65,2026-09-21
RICOAUTO,EQ,130.55,131.39,128.1,128.43,130.58,446934,578.7,2026-09-21
RIIL,EQ,706.0,711.0,697.9,705.35,703.15,46189,324.98,2026-09-21
RIR,EQ,201.0,204.39,191.72,194.45,198.93,1429184,2789.56,2026-09-21
RISHABH,EQ,764.0,771.95,723.0,748.05,764.7,223888,1665.15,2026-09-21
RITCO,EQ,292.15,295.3,275.85,283.6,291.45,68500,194.69,2026-09-21
RITES,EQ,207.23,208.34,202.0,203.23,207.23,426251,868.6,2026-09-21
RKDL,EQ,18.5,18.79,18.11,18.66,18.49,15740,2.93,2026-09-21
RKEC,EQ,18.95,18.95,18.01,18.36,18.13,15156,2.78,2026-09-21
RKFORGE,EQ,725.0,725.0,712.65,716.5,724.1,318768,2286.66,2026-09-21
RKSWAMY,EQ,90.49,91.16,88.02,88.79,89.4,13837,12.3,2026-09-21
RMC,EQ,231.45,231.45,215.0,216.64,228.18,31414,69.02,2026-09-21
RML,EQ,1324.3,1366.5,1294.0,1345.6,1324.5,59658,795.76,2026-09-21
ROHLTD,EQ,304.0,311.4,303.05,308.5,304.9,29047,89.56,2026-09-21
ROLEXRINGS,EQ,172.98,176.75,171.23,172.68,172.08,761410,1326.36,2026-09-21
ROML,EQ,41.35,41.7,40.0,40.71,41.35,4860,1.98,2026-09-21
ROSSARI,EQ,439.8,446.85,438.2,441.0,437.95,31023,136.96,2026-09-21
ROSSELLIND,EQ,51.35,54.78,51.35,51.96,52.64,44609,23.47,2026-09-21
ROSSTECH,EQ,1381.2,1384.1,1310.1,1359.7,1374.3,270345,3649.82,2026-09-21
ROTO,EQ,62.68,64.9,62.5,62.75,62.68,680320,432.36,2026-09-21
ROUTE,EQ,465.9,475.05,463.35,469.2,464.4,187504,879.63,2026-09-21
RPEL,EQ,1640.1,1700.0,1625.1,1692.2,1652.4,60653,1013.67,2026-09-21
RPGLIFE,EQ,2809.0,2828.8,2746.1,2760.2,2802.4,5208,144.51,2026-09-21
RPOWER,EQ,21.0,21.82,20.95,21.0,21.13,21400566,4565.73,2026-09-21
RPPINFRA,EQ,53.59,55.76,53.35,53.56,53.81,28064,15.09,2026-09-21
RPSGVENT,EQ,841.0,850.0,833.45,843.4,843.45,13946,117.45,2026-09-21
RPTECH,EQ,798.0,816.4,772.45,811.9,798.05,204985,1640.63,2026-09-21
RRECL,EQ,152.0,152.0,135.0,138.8,138.89,590,0.83,2026-09-21
RRIL,EQ,15.62,16.39,15.62,16.38,15.55,41111,6.62,2026-09-21
RRKABEL,EQ,2440.1,2456.2,2404.3,2411.7,2450.8,119993,2907.47,2026-09-21
RSL,EQ,182.0,201.7,180.85,197.88,181.21,1078964,2095.79,2026-09-21
RSSOFTWARE,EQ,30.5,30.5,29.7,30.23,30.26,3836,1.16,2026-09-21
RSWM,EQ,224.0,235.0,214.3,231.4,220.4,334017,752.89,2026-09-21
RSYSTEMS,EQ,241.95,246.21,239.35,243.08,242.15,94887,230.56,2026-09-21
RTNINDIA,EQ,26.55,28.4,26.34,27.08,26.54,1763256,473.45,2026-09-21
RTNPOWER,EQ,7.18,7.41,7.1,7.11,7.14,24044976,1739.05,2026-09-21
RTSPOWR,EQ,91.98,91.99,85.0,87.96,87.28,2020,1.78,2026-09-21
RUBFILA,EQ,68.68,68.79,66.66,67.88,67.36,63758,43.44,2026-09-21
RUBICON,EQ,1751.1,1764.3,1718.5,1732.6,1751.1,191378,3326.42,2026-09-21
RUBYMILLS,EQ,477.95,490.0,458.1,462.3,467.1,28552,135.74,2026-09-21
RUCHINFRA,EQ,5.3,5.33,4.42,4.98,5.2,248941,12.24,2026-09-21
RUCHIRA,EQ,109.99,110.5,108.6,109.13,108.84,31769,34.75,2026-09-21
RUDRA,EQ,20.26,20.96,20.08,20.23,20.68,46760,9.49,2026-09-21
RUPA,EQ,138.4,140.6,135.66,137.22,137.16,129985,178.76,2026-09-21
RUSHIL,EQ,17.26,17.26,16.17,16.28,17.26,382402,63.12,2026-09-21
RUSTOMJEE,EQ,353.8,359.8,348.45,354.45,353.75,25052,88.23,2026-09-21
RVHL,EQ,40.7,40.7,39.55,40.01,39.48,8424,3.38,2026-09-21
RVNL,EQ,214.01,214.28,209.35,209.71,214.29,6562323,13866.85,2026-09-21
RVTH,EQ,676.55,710.0,676.3,679.35,697.3,869,6.0,2026-09-21
S&SPOWER,EQ,318.05,330.0,317.95,322.5,319.0,1044,3.39,2026-09-21
SAATVIKGL,EQ,411.95,434.0,404.0,431.6,411.8,308836,1308.95,2026-09-21
SAB,EQ,170.0,174.15,170.0,174.15,174.15,67,0.11,2026-09-21
SADBHAV,EQ,7.6,7.79,7.45,7.5,7.73,265516,20.08,2026-09-21
SADBHIN,EQ,2.55,2.55,2.44,2.49,2.54,166393,4.12,2026-09-21
SAFARI,EQ,1503.0,1512.5,1480.0,1485.7,1501.0,17267,257.99,2026-09-21
SAGARDEEP,EQ,23.67,24.47,23.28,23.39,23.62,5933,1.41,2026-09-21
SAGCEM,EQ,151.79,154.86,151.79,152.7,151.79,33847,51.66,2026-09-21
SAGILITY,EQ,46.0,46.7,45.7,45.95,45.66,22615132,10467.05,2026-09-21
SAHLIBHFI,EQ,75.25,79.49,74.95,76.56,76.56,26916,20.62,2026-09-21
SAHYADRI,EQ,366.95,378.5,363.45,370.95,365.35,4122,15.17,2026-09-21
SAICAPI,EQ,157.0,158.0,144.0,156.99,158.4,658,1.0,2026-09-21
SAIL,EQ,178.0,179.8,175.1,177.3,177.33,7044243,12461.84,2026-09-21
SAILIFE,EQ,1614.0,1631.0,1601.0,1608.0,1600.5,368349,5945.71,2026-09-21
SAIPARENT,EQ,514.1,516.5,507.55,510.85,510.75,25492,130.16,2026-09-21
SAKAR,EQ,1188.0,1227.0,1136.05,1158.45,1179.8,115377,1353.05,2026-09-21
SAKHTISUG,EQ,18.12,18.53,18.1,18.21,18.37,138837,25.41,2026-09-21
SAKSOFT,EQ,141.14,148.0,138.78,146.62,141.14,765678,1107.99,2026-09-21
SAKUMA,EQ,1.53,1.55,1.51,1.53,1.51,515929,7.86,2026-09-21
SALASAR,EQ,4.87,4.95,4.81,4.86,4.89,3750594,182.73,2026-09-21
SALONA,EQ,260.0,267.95,255.5,261.05,263.4,286,0.75,2026-09-21
SALSTEEL,EQ,84.01,85.69,80.4,82.26,82.26,886703,737.89,2026-09-21
SALZERELEC,EQ,553.2,558.9,544.25,546.65,550.45,35869,198.01,2026-09-21
SAMBANDAM,EQ,100.0,105.0,100.0,101.0,100.0,165,0.17,2026-09-21
SAMBHAAV,EQ,6.12,7.0,5.96,6.06,6.09,102625,6.28,2026-09-21
SAMBHV,EQ,151.1,161.63,148.4,155.13,147.57,59833915,93241.14,2026-09-21
SAMHI,EQ,154.01,170.0,151.75,160.26,161.98,3518283,5623.5,2026-09-21
SAMMAANCAP,EQ,144.08,146.29,142.4,142.88,143.92,3543402,5106.58,2026-09-21
SAMPANN,EQ,24.55,24.66,23.9,24.07,24.67,12516,3.02,2026-09-21
SANATHAN,EQ,475.0,487.5,475.0,479.9,480.85,51399,247.24,2026-09-21
SANDESH,EQ,1021.0,1060.0,1021.0,1048.3,1025.8,405,4.2,2026-09-21
SANDHAR,EQ,601.25,607.1,589.3,591.45,601.25,87770,522.66,2026-09-21
SANDUMA,EQ,185.0,186.52,182.46,183.15,185.4,365579,673.63,2026-09-21
SANGAMIND,EQ,570.1,592.4,569.5,578.8,580.0,27954,162.78,2026-09-21
SANGHVIMOV,EQ,430.7,440.8,425.1,436.65,430.7,171389,742.68,2026-09-21
SANOFI,EQ,3087.4,3104.9,3072.8,3077.3,3087.4,10577,325.91,2026-09-21
SANOFICONR,EQ,4033.4,4081.0,3975.0,3997.6,4033.4,4033,162.35,2026-09-21
SANSERA,EQ,4269.0,4328.0,4173.0,4297.0,4259.9,250668,10702.36,2026-09-21
SANSTAR,EQ,115.14,115.88,111.8,112.34,115.7,93532,105.96,2026-09-21
SAPPHIRE,EQ,230.0,241.9,228.37,238.37,230.11,2643733,6309.85,2026-09-21
SAPPL,EQ,285.0,285.0,276.1,282.4,276.15,1982,5.6,2026-09-21
SARDAEN,EQ,507.15,511.4,501.1,503.25,505.95,221255,1117.75,2026-09-21
SAREGAMA,EQ,500.0,502.5,484.5,488.2,499.9,195004,958.66,2026-09-21
SARLAPOLY,EQ,97.55,98.75,97.54,98.68,97.48,17802,17.49,2026-09-21
SARVESHWAR,EQ,3.77,3.83,3.68,3.69,3.74,1468908,54.55,2026-09-21
SASKEN,EQ,1748.9,1748.9,1702.8,1710.0,1719.6,16201,278.82,2026-09-21
SATIA,EQ,68.46,69.95,67.15,67.68,68.46,78084,52.98,2026-09-21
SATIN,EQ,219.32,222.0,217.22,221.12,219.32,97493,214.58,2026-09-21
SAURASHCEM,EQ,52.75,53.53,52.75,53.22,53.51,27366,14.59,2026-09-21
SAYAJIHOTL,EQ,306.1,325.0,306.1,319.35,319.0,295,0.94,2026-09-21
SAYAJIIND,EQ,114.0,120.75,113.0,120.42,115.0,2967,3.5,2026-09-21
SBC,EQ,49.44,49.97,49.15,49.2,49.24,9905984,4913.46,2026-09-21
SBCL,EQ,1116.8,1186.0,1111.9,1144.1,1096.2,526873,6091.33,2026-09-21
SBFC,EQ,92.3,92.64,91.09,91.28,92.36,481423,440.8,2026-09-21
SBGLP,EQ,22.5,25.5,22.02,23.22,22.23,609815,146.27,2026-09-21
SBIBPB,EQ,48.21,48.64,48.04,48.14,48.21,26697,12.87,2026-09-21
SBICARD,EQ,642.1,643.65,636.2,637.0,651.15,950045,6074.65,2026-09-21
SBIETFCON,EQ,118.45,119.97,117.99,118.85,118.45,2803,3.33,2026-09-21
SBIETFIT,EQ,319.24,321.88,316.7,321.44,319.25,5816,18.57,2026-09-21
SBIETFPB,EQ,279.97,284.44,277.49,279.37,279.97,13302,37.31,2026-09-21
SBIETFQLTY,EQ,214.68,215.57,214.17,215.52,215.27,1104,2.37,2026-09-21
SBIFUNDS,EQ,560.95,560.95,551.5,552.6,561.35,780698,4335.73,2026-09-21
SBILIFE,EQ,1744.0,1774.4,1734.3,1756.0,1731.0,707336,12474.86,2026-09-21
SBILIQETF,EQ,1056.78,1056.78,1056.76,1056.76,1056.62,354886,3750.3,2026-09-21
SBIMIDMOM,EQ,64.57,65.27,62.74,63.26,63.33,44003,27.83,2026-09-21
SBIN,EQ,993.6,997.5,989.1,996.0,996.2,3590054,35678.89,2026-09-21
SBINEQWETF,EQ,32.21,32.99,32.2,32.73,32.2,86419,28.16,2026-09-21
SBINMID150,EQ,23.29,23.29,22.8,22.96,22.94,16749,3.84,2026-09-21
SBISILVER,EQ,229.3,229.3,226.85,227.75,229.44,901122,2052.72,2026-09-21
SBISMLETF,EQ,18.54,18.54,18.25,18.32,18.38,23593,4.32,2026-09-21
SBIVALETF,EQ,14.52,14.52,14.4,14.5,14.41,5653,0.82,2026-09-21
SCHAEFFLER,EQ,4195.7,4203.0,4081.1,4118.2,4217.6,46136,1902.5,2026-09-21
SCHAND,EQ,134.0,136.8,133.05,134.28,133.87,24738,33.32,2026-09-21
SCHNEIDER,EQ,1226.9,1245.0,1215.1,1235.2,1213.5,267404,3299.24,2026-09-21
SCI,EQ,278.4,286.9,278.2,280.55,277.05,2506605,7085.36,2026-09-21
SCILAL,EQ,37.09,38.9,36.84,38.23,36.83,473523,180.63,2026-09-21
SCODATUBES,EQ,127.8,131.9,127.5,129.28,128.51,177565,230.14,2026-09-21
SDBL,EQ,68.1,68.69,67.15,68.11,68.06,202446,137.38,2026-09-21
SEAMECLTD,EQ,1740.0,1764.6,1692.0,1698.8,1726.3,26750,459.18,2026-09-21
SECLEDBETA,EQ,14.45,14.7,14.35,14.38,14.25,13378,1.93,2026-09-21
SECMARK,EQ,142.0,144.4,140.0,140.21,144.1,1055,1.48,2026-09-21
SECURKLOUD,EQ,16.84,17.24,16.55,16.85,16.84,9692,1.63,2026-09-21
SEDEMAC,EQ,3179.5,3188.8,3056.1,3088.0,3147.8,86428,2677.06,2026-09-21
SEIL,EQ,190.74,192.18,183.01,184.79,192.19,271525,507.31,2026-09-21
SEJALLTD,EQ,701.15,710.0,678.7,678.9,714.4,14548,100.11,2026-09-21
SEKURITIND,EQ,114.78,115.0,113.46,113.6,113.44,16775,19.13,2026-09-21
SELECTIPO,EQ,48.44,48.94,48.26,48.48,48.44,73362,35.56,2026-09-21
SEMAC,EQ,286.95,286.95,273.4,284.2,273.7,395,1.11,2026-09-21
SENCO,EQ,349.8,350.05,340.1,341.9,348.0,295921,1021.33,2026-09-21
SENORES,EQ,1402.1,1413.0,1380.1,1395.1,1402.6,125365,1755.88,2026-09-21
SENSEXADD,EQ,77.51,77.51,77.0,77.08,77.29,256,0.2,2026-09-21
SENSEXAXIS,EQ,76.3,77.98,76.3,77.68,77.23,1436,1.11,2026-09-21
SENSEXBETA,EQ,837.03,837.03,826.76,829.42,832.87,1062,8.8,2026-09-21
SENSEXETF,EQ,77.0,77.48,76.99,77.27,77.16,26799,20.7,2026-09-21
SENSEXIETF,EQ,859.96,864.9,857.0,863.3,858.7,7331,63.13,2026-09-21
SEPC,EQ,5.23,5.25,5.05,5.09,5.23,8173787,419.81,2026-09-21
SERVOTECH,EQ,72.8,73.0,71.67,71.8,72.8,416214,299.79,2026-09-21
SESHAPAPER,EQ,249.77,253.25,246.12,247.61,249.77,43315,107.97,2026-09-21
SETF10GILT,EQ,263.57,263.65,262.01,262.08,262.26,1646,4.32,2026-09-21
SETFGOLD,EQ,130.52,130.52,129.35,129.53,130.52,5447109,7062.03,2026-09-21
SETFNIF50,EQ,245.65,253.09,245.65,252.78,251.95,1556822,3933.43,2026-09-21
SETFNIFBK,EQ,576.57,581.99,576.57,580.4,579.47,21859,126.82,2026-09-21
SETFNN50,EQ,770.75,778.0,770.75,776.38,774.62,23064,178.82,2026-09-21
SETL,EQ,402.85,414.8,393.75,408.65,402.35,842098,3408.49,2026-09-21
SFL,EQ,658.0,668.3,639.0,643.5,657.3,160382,1038.74,2026-09-21
SGFIN,EQ,626.0,632.2,619.0,623.25,630.95,156987,981.82,2026-09-21
SGIL,EQ,589.0,609.2,589.0,598.1,589.3,14075,84.74,2026-09-21
SGL,EQ,9.24,9.98,9.24,9.43,9.35,6094,0.58,2026-09-21
SGLRES,EQ,2.54,2.55,2.34,2.48,2.43,35437,0.87,2026-09-21
SGMART,EQ,726.0,747.85,713.2,730.4,733.55,128659,936.92,2026-09-21
SGRL,EQ,708.4,740.0,702.05,720.75,697.75,40973,298.97,2026-09-21
SHADOWFAX,EQ,251.5,274.8,248.4,272.75,251.55,13465306,35865.78,2026-09-21
SHAH,EQ,3.29,3.34,3.27,3.29,3.28,501891,16.56,2026-09-21
SHAILY,EQ,3396.9,3400.0,3210.0,3265.1,3149.8,838692,27626.22,2026-09-21
SHAKTIPUMP,EQ,462.25,474.7,460.0,470.95,460.95,474292,2209.68,2026-09-21
SHALBY,EQ,138.0,140.95,136.35,138.32,137.66,112394,155.51,2026-09-21
SHANKARA,EQ,149.5,149.5,146.03,147.46,149.26,32968,48.69,2026-09-21
SHANKESH,EQ,93.0,94.55,91.0,91.54,93.06,4927004,4556.84,2026-09-21
SHANTI,EQ,6.19,6.3,5.38,5.61,6.19,293132,16.56,2026-09-21
SHANTIGEAR,EQ,707.0,712.0,689.0,691.3,700.05,48594,339.26,2026-09-21
SHANTIGOLD,EQ,253.28,263.4,249.63,258.69,251.27,1318969,3414.03,2026-09-21
SHARDACROP,EQ,745.25,753.55,738.2,745.75,743.1,103522,770.77,2026-09-21
SHARDAMOTR,EQ,967.0,969.9,944.0,957.75,967.05,72546,696.54,2026-09-21
SHAREINDIA,EQ,226.0,228.63,222.01,227.11,228.15,2975929,6692.87,2026-09-21
SHARIABEES,EQ,438.88,443.95,436.59,440.74,438.88,4779,21.02,2026-09-21
SHBAJRG,EQ,152.03,156.98,152.03,152.27,155.0,33,0.05,2026-09-21
SHERVANI,EQ,352.5,352.5,343.0,343.0,352.5,12,0.04,2026-09-21
SHILCTECH,EQ,4088.2,4109.2,3948.0,3976.7,4067.9,19753,787.99,2026-09-21
SHILGRAVQ,EQ,155.0,169.8,151.56,156.52,154.69,13631,21.91,2026-09-21
SHILPAMED,EQ,1021.1,1075.0,1017.6,1070.8,1021.1,1476205,15562.52,2026-09-21
SHINDL,EQ,162.6,166.0,159.21,163.0,161.64,364484,585.49,2026-09-21
SHIPROCKET,EQ,122.8,125.88,121.65,122.49,121.59,5005139,6204.89,2026-09-21
SHIVAAGRO,EQ,42.2,42.2,39.0,41.75,41.79,284,0.11,2026-09-21
SHIVACEM,EQ,15.45,15.89,15.02,15.67,15.45,40457,6.27,2026-09-21
SHIVALIK,EQ,392.0,407.7,383.35,398.95,372.1,224744,897.31,2026-09-21
SHIVAMAUTO,EQ,20.7,20.7,17.79,18.23,19.42,778455,147.11,2026-09-21
SHIVAMILLS,EQ,61.58,61.58,59.1,60.15,61.58,2401,1.44,2026-09-21
SHIVATEX,EQ,168.51,174.48,168.51,172.35,168.51,1605,2.76,2026-09-21
SHIVAUM,EQ,471.0,475.9,470.0,472.55,468.3,356,1.68,2026-09-21
SHK,EQ,134.3,136.91,134.01,136.26,137.04,373278,505.75,2026-09-21
SHOPERSTOP,EQ,398.6,406.55,393.15,394.95,399.75,51648,206.0,2026-09-21
SHRADDHA,EQ,146.95,149.79,146.95,148.11,147.14,4559,6.74,2026-09-21
SHRADHA,EQ,30.94,30.94,29.4,29.99,30.0,21343,6.39,2026-09-21
SHREDIGCEM,EQ,68.99,68.99,66.61,67.08,68.51,54062,36.65,2026-09-21
SHREECEM,EQ,22450.0,22700.0,22355.0,22550.0,22600.0,34945,7841.65,2026-09-21
SHREEJISPG,EQ,710.9,717.9,707.55,709.5,708.05,1291118,9167.44,2026-09-21
SHREEPUSHK,EQ,518.35,522.65,508.0,513.25,514.3,32596,167.59,2026-09-21
SHREERAMA,EQ,44.12,45.36,42.22,43.24,44.53,77571,33.7,2026-09-21
SHREYANIND,EQ,131.2,134.8,131.2,132.29,131.13,3414,4.54,2026-09-21
SHRIKRISH,EQ,37.65,37.65,37.0,37.26,36.98,9,0.0,2026-09-21
SHRINGARMS,EQ,210.67,212.85,207.12,207.9,210.67,215276,451.44,2026-09-21
SHRIPISTON,EQ,4611.0,4622.9,4482.9,4508.7,4576.6,64275,2916.1,2026-09-21
SHRIRAMFIN,EQ,1019.0,1019.0,1005.3,1011.8,1010.0,2189525,22170.32,2026-09-21
SHRIRAMPPS,EQ,71.22,71.93,70.25,71.76,71.22,249267,177.71,2026-09-21
SHRJAGP,EQ,622.05,639.0,622.05,639.0,637.65,251,1.58,2026-09-21
SHUKRAPHAR,EQ,56.0,56.49,55.0,55.33,55.93,635277,352.87,2026-09-21
SHYAMMETL,EQ,1111.0,1114.5,1071.0,1097.5,1100.0,2877181,31148.22,2026-09-21
SHYAMTEL,EQ,11.45,11.55,10.58,11.18,11.4,6254,0.68,2026-09-21
SICAGEN,EQ,51.5,54.85,51.5,52.22,52.77,18576,9.76,2026-09-21
SIEL,EQ,30.0,30.0,29.0,29.03,30.0,20,0.01,2026-09-21
SIEMENS,EQ,3880.0,3919.0,3851.5,3887.0,3913.9,196942,7673.89,2026-09-21
SIGACHI,EQ,30.0,31.3,29.32,31.12,29.6,9429401,2866.34,2026-09-21
SIGMA,EQ,47.04,47.9,45.88,46.76,47.03,88827,41.47,2026-09-21
SIGNATURE,EQ,760.0,785.0,752.4,761.9,756.95,201080,1526.44,2026-09-21
SIGNPOST,EQ,267.3,273.95,265.5,269.15,271.5,29471,79.54,2026-09-21
SIKA,EQ,1027.05,1094.05,1025.0,1085.25,1021.5,64616,693.48,2026-09-21
SIL,EQ,16.48,16.58,15.64,15.7,16.13,66522,10.66,2026-09-21
SILGO,EQ,70.8,72.47,68.6,70.02,70.8,74391,52.31,2026-09-21
SILINV,EQ,446.9,459.0,435.0,443.0,446.9,524,2.32,2026-09-21
SILVER,EQ,233.7,233.7,231.3,232.01,233.88,653421,1517.08,2026-09-21
SILVER001,EQ,23.78,23.99,23.1,23.55,23.78,24447,5.76,2026-09-21
SILVER1,EQ,22.79,22.79,22.46,22.54,22.79,8541439,1926.54,2026-09-21
SILVER360,EQ,229.98,229.98,227.66,228.25,229.98,16663,38.07,2026-09-21
SILVERADD,EQ,22.68,22.68,22.32,22.39,22.6,2309558,517.65,2026-09-21
SILVERAG,EQ,228.0,228.0,225.35,226.13,228.18,156380,353.79,2026-09-21
SILVERAXIS,EQ,233.33,233.33,230.16,230.95,232.82,367629,849.26,2026-09-21
SILVERBEES,EQ,223.99,223.99,221.26,222.21,224.07,14139354,31426.23,2026-09-21
SILVERBETA,EQ,225.98,225.98,223.5,224.32,226.15,550300,1234.94,2026-09-21
SILVERBND,EQ,235.98,235.98,232.3,233.58,235.48,4663,10.88,2026-09-21
SILVERCASE,EQ,23.68,23.69,23.48,23.56,23.73,4882618,1150.76,2026-09-21
SILVERIETF,EQ,233.64,233.64,231.28,232.0,233.89,2637498,6121.11,2026-09-21
SILVERTUC,EQ,144.12,160.9,142.52,160.7,146.28,1166674,1796.21,2026-09-21
SIMPLEXINF,EQ,249.0,258.5,249.0,250.7,251.4,82236,209.03,2026-09-21
SIMPLXREA,EQ,130.0,130.0,120.15,120.17,124.2,13,0.02,2026-09-21
SINCLAIR,EQ,81.93,85.47,81.93,83.71,81.93,45303,38.19,2026-09-21
SINDHUTRAD,EQ,24.76,24.76,23.9,23.99,24.72,832166,201.82,2026-09-21
SINGERIND,EQ,76.98,77.59,75.52,75.98,76.28,15555,11.9,2026-09-21
SINTERCOM,EQ,76.0,79.4,73.5,73.91,77.1,2741,2.05,2026-09-21
SIRCA,EQ,406.2,409.95,402.5,404.55,406.25,83629,338.18,2026-09-21
SIS,EQ,428.25,436.55,418.2,420.55,428.25,408293,1746.82,2026-09-21
SIYSIL,EQ,527.45,536.8,524.05,530.0,527.4,18552,98.45,2026-09-21
SJS,EQ,2422.8,2422.8,2305.7,2329.6,2422.8,203624,4762.83,2026-09-21
SJVN,EQ,64.0,64.75,63.2,63.35,63.95,2552770,1628.88,2026-09-21
SKFINDIA,EQ,1525.0,1544.8,1518.4,1532.5,1552.6,55845,855.07,2026-09-21
SKFINDUS,EQ,2969.1,3005.0,2861.2,2880.0,2984.2,39736,1157.33,2026-09-21
SKIPPER,EQ,563.0,569.0,556.6,560.35,566.2,387867,2179.63,2026-09-21
SKMEGGPROD,EQ,230.8,231.8,228.0,229.05,229.75,72043,165.44,2026-09-21
SKYGOLD,EQ,785.0,799.9,765.05,794.75,783.7,685236,5375.34,2026-09-21
SKYWAYS,EQ,126.0,137.38,123.4,126.03,124.43,29247327,38345.83,2026-09-21
SMALL250,EQ,18.75,18.75,18.31,18.36,18.38,611921,112.4,2026-09-21
SMALLADD,EQ,18.69,18.69,18.31,18.35,18.32,22501,4.15,2026-09-21
SMALLCAP,EQ,49.08,49.38,48.89,48.98,49.09,1013260,496.7,2026-09-21
SMALLGROWW,EQ,48.65,49.24,48.54,48.91,48.51,12173,5.96,2026-09-21
SMALLIETF,EQ,18.35,18.42,18.3,18.38,18.35,33769,6.2,2026-09-21
SMARTWORKS,EQ,551.0,555.5,535.9,540.25,547.35,146404,789.7,2026-09-21
SMCGLOBAL,EQ,81.57,82.36,80.51,81.53,80.94,355859,289.9,2026-09-21
SML100CASE,EQ,11.55,11.55,11.26,11.28,11.32,1335443,150.88,2026-09-21
SMLMAH,EQ,6315.0,6600.0,6260.0,6464.0,6292.5,58379,3755.33,2026-09-21
SMLT,EQ,63.0,63.0,59.1,59.98,61.42,5630,3.41,2026-09-21
SMSPHARMA,EQ,445.0,474.4,445.0,466.5,442.95,2234101,10336.73,2026-09-21
SNOWMAN,EQ,35.0,35.77,35.0,35.21,35.25,61455,21.67,2026-09-21
SNXT30BEES,EQ,42.18,42.2,42.05,42.14,42.14,10033,4.23,2026-09-21
SNXT50BETA,EQ,90.53,95.38,90.53,94.34,92.86,11653,11.01,2026-09-21
SOBHA,EQ,1206.1,1228.8,1205.0,1214.0,1215.2,49708,605.58,2026-09-21
SOFTTECH,EQ,543.0,545.0,510.0,521.0,525.7,13205,69.54,2026-09-21
SOLARA,EQ,740.0,765.0,735.0,753.25,742.05,535832,4037.47,2026-09-21
SOLARINDS,EQ,18790.0,19370.0,18730.0,19265.0,18555.0,215492,41252.01,2026-09-21
SOLARWORLD,EQ,134.46,144.9,133.46,140.82,133.56,697795,986.06,2026-09-21
SOLEX,EQ,699.0,707.0,687.2,692.05,695.1,30301,211.09,2026-09-21
SOMANYCERA,EQ,572.6,602.0,572.6,589.45,572.6,391433,2317.18,2026-09-21
SOMATEX,EQ,80.55,82.45,80.0,80.11,80.95,4898,3.94,2026-09-21
SOMICONVEY,EQ,94.38,95.0,91.21,92.46,94.25,8785,8.19,2026-09-21
SONACOMS,EQ,810.0,817.2,793.2,795.25,808.0,2121116,17096.27,2026-09-21
SONAL,EQ,84.01,84.01,84.01,84.01,84.07,1,0.0,2026-09-21
SONATSOFTW,EQ,274.0,279.05,272.4,278.8,274.0,544521,1504.02,2026-09-21
SOTL,EQ,709.0,734.55,706.75,724.7,708.05,275324,1994.27,2026-09-21
SOUTHBANK,EQ,45.83,45.84,44.86,45.52,46.07,12134977,5502.03,2026-09-21
SOUTHWEST,EQ,197.68,197.68,187.0,189.49,196.11,259791,495.3,2026-09-21
SPAL,EQ,980.8,993.0,970.3,973.1,994.3,37851,370.15,2026-09-21
SPANDANA,EQ,229.25,231.99,226.1,228.63,229.25,92860,213.15,2026-09-21
SPARC,EQ,193.92,198.33,193.0,196.1,193.92,661924,1294.54,2026-09-21
SPCENET,EQ,3.24,3.24,3.15,3.17,3.13,572688,18.34,2026-09-21
SPENCERS,EQ,28.38,28.68,27.85,28.03,28.38,29292,8.23,2026-09-21
SPIC,EQ,67.15,67.79,66.31,66.74,68.7,415696,279.25,2026-09-21
SPLIL,EQ,30.8,30.8,30.17,30.26,30.3,2098,0.64,2026-09-21
SPLPETRO,EQ,871.35,878.8,851.1,865.6,865.7,259805,2250.68,2026-09-21
SPMLINFRA,EQ,168.49,171.49,167.01,167.99,168.23,61419,103.38,2026-09-21
SPORTKING,EQ,204.98,209.77,199.1,206.87,203.85,380293,780.63,2026-09-21
SRD,EQ,39.4,40.79,39.1,40.47,39.15,58374,23.39,2026-09-21
SRF,EQ,2530.9,2563.0,2530.9,2540.0,2512.0,103302,2636.86,2026-09-21
SRGHFL,EQ,128.8,134.8,126.0,132.5,128.15,23224,30.43,2026-09-21
SRHHYPOLTD,EQ,525.0,627.7,519.8,627.7,523.1,292484,1737.13,2026-09-21
SRM,EQ,424.4,425.2,418.3,421.0,423.85,33287,140.22,2026-09-21
SRTL,EQ,37.7,38.7,35.75,38.36,38.02,31356,11.8,2026-09-21
SSDL,EQ,62.8,62.99,59.25,60.28,61.35,23409,14.23,2026-09-21
SSWL,EQ,375.0,375.0,360.0,361.75,372.4,395944,1446.13,2026-09-21
STANLEY,EQ,137.59,138.95,134.7,135.11,137.45,100336,136.09,2026-09-21
STAR,EQ,1230.0,1260.9,1217.4,1235.1,1219.8,421704,5238.68,2026-09-21
STARCEMENT,EQ,194.5,196.42,192.76,193.5,194.25,130269,253.75,2026-09-21
STARHEALTH,EQ,543.9,549.1,540.65,542.9,547.05,225057,1224.42,2026-09-21
STARPAPER,EQ,157.98,163.0,155.03,159.13,158.82,5456,8.61,2026-09-21
STARTECK,EQ,238.05,258.95,230.0,251.85,240.0,557,1.33,2026-09-21
STCINDIA,EQ,112.0,112.64,110.96,111.04,111.54,11730,13.05,2026-09-21
STEAMHOUSE,EQ,98.6,107.48,97.51,105.05,97.98,15807064,16130.63,2026-09-21
STEELCAS,EQ,320.8,324.0,314.8,317.45,319.9,53864,171.3,2026-09-21
STEELCITY,EQ,86.7,87.6,84.5,86.07,85.39,9607,8.22,2026-09-21
STEELXIND,EQ,11.54,11.71,11.19,11.22,11.74,4542687,516.79,2026-09-21
STEL,EQ,654.2,668.9,652.55,662.75,654.2,14231,93.87,2026-09-21
STLNETWORK,EQ,45.09,45.09,45.09,45.09,42.95,1786378,805.48,2026-09-21
STLSTRINF,EQ,23.13,24.9,22.28,24.04,23.47,10848,2.61,2026-09-21
STOVEKRAFT,EQ,829.6,839.8,812.1,815.1,829.3,54074,444.32,2026-09-21
STUDDS,EQ,409.0,457.5,407.0,430.5,407.1,979709,4324.72,2026-09-21
STYL,EQ,360.0,363.45,347.8,350.15,360.35,87851,310.87,2026-09-21
STYLAMIND,EQ,3295.0,3295.0,3161.2,3195.5,3295.5,54413,1749.96,2026-09-21
STYLEBAAZA,EQ,388.0,403.05,385.55,394.75,386.75,1044725,4153.41,2026-09-21
STYRENIX,EQ,2075.0,2135.0,2071.9,2096.1,2067.9,29094,613.21,2026-09-21
SUBEXLTD,EQ,20.2,20.45,19.52,19.61,20.11,6353746,1263.2,2026-09-21
SUBROS,EQ,717.95,724.45,710.2,714.9,720.3,21479,154.14,2026-09-21
SUDARCOLOR,EQ,379.45,411.0,373.0,402.0,379.6,13352,53.15,2026-09-21
SUDARSCHEM,EQ,1263.5,1274.9,1249.5,1257.9,1263.5,126679,1597.73,2026-09-21
SUDEEPPHRM,EQ,1160.0,1165.0,1123.1,1144.0,1155.0,99336,1134.17,2026-09-21
SUKHJITS,EQ,163.89,168.4,162.01,163.31,161.95,34664,57.32,2026-09-21
SULA,EQ,132.6,135.59,132.6,134.46,134.49,193406,260.38,2026-09-21
SUMEDHA,EQ,42.61,45.05,42.6,43.9,44.4,232,0.1,2026-09-21
SUMEETINDS,EQ,9.62,10.03,9.52,10.03,9.56,2044872,204.19,2026-09-21
SUMICHEM,EQ,459.8,464.5,450.6,454.55,460.85,587566,2692.5,2026-09-21
SUMIT,EQ,47.2,51.0,47.2,49.54,49.43,29404,14.19,2026-09-21
SUMMITSEC,EQ,1410.0,1410.0,1380.0,1388.5,1412.0,2750,38.34,2026-09-21
SUNCLAY,EQ,1254.8,1274.7,1250.0,1251.8,1254.6,1759,22.07,2026-09-21
SUNDARAM,EQ,1.21,1.21,1.16,1.17,1.16,408031,4.82,2026-09-21
SUNDARMFIN,EQ,4751.3,4751.3,4636.4,4679.5,4730.6,18298,855.68,2026-09-21
SUNDRMFAST,EQ,1228.2,1236.3,1201.0,1207.4,1228.2,88454,1073.87,2026-09-21
SUNDROP,EQ,653.0,714.4,653.0,707.95,663.4,220799,1537.49,2026-09-21
SUNFLAG,EQ,348.9,357.6,345.4,352.85,345.1,201915,713.71,2026-09-21
SUNLOC,EQ,72.1,73.0,72.0,73.0,73.49,176,0.13,2026-09-21
SUNPHARMA,EQ,1832.2,1891.5,1832.2,1868.9,1837.3,2534364,47514.73,2026-09-21
SUNRAKSHAK,EQ,366.0,369.8,364.0,365.0,368.5,5230,19.12,2026-09-21
SUNSHIEL,EQ,1236.0,1236.0,1200.0,1208.4,1233.3,1192,14.56,2026-09-21
SUNSHINE,EQ,401.9,432.0,385.25,430.1,398.3,3745440,15249.0,2026-09-21
SUNTECK,EQ,294.05,294.95,286.2,290.0,294.05,96896,280.61,2026-09-21
SUNTV,EQ,451.7,460.75,447.2,457.55,451.7,346139,1573.68,2026-09-21
SUPERHOUSE,EQ,165.1,170.45,164.55,169.49,165.1,5695,9.54,2026-09-21
SUPRAJIT,EQ,501.5,502.0,479.65,480.85,499.05,119711,581.1,2026-09-21
SUPREME,EQ,32.64,32.64,31.51,31.96,32.0,9585,3.09,2026-09-21
SUPREMEIND,EQ,3500.0,3563.3,3488.8,3500.0,3580.3,134302,4735.06,2026-09-21
SUPREMEINF,EQ,80.21,85.77,80.0,80.95,79.88,76681,63.38,2026-09-21
SUPRIYA,EQ,912.0,965.25,903.65,957.7,906.3,538805,5053.18,2026-09-21
SURAJEST,EQ,193.79,222.96,193.0,216.41,192.25,2686641,5835.3,2026-09-21
SURAJLTD,EQ,200.79,200.79,195.02,198.0,200.79,81,0.16,2026-09-21
SURAKSHA,EQ,335.1,360.0,335.1,349.1,335.1,289082,1016.12,2026-09-21
SURANASOL,EQ,25.61,26.31,25.36,26.03,25.5,45295,11.77,2026-09-21
SURANAT&P,EQ,16.11,16.45,16.05,16.1,16.39,20949,3.4,2026-09-21
SURYALA,EQ,390.0,390.0,381.0,382.0,395.0,2010,7.71,2026-09-21
SURYALAXMI,EQ,57.76,58.47,56.0,57.74,57.76,2980,1.7,2026-09-21
SURYAROSNI,EQ,211.0,212.23,210.0,211.18,210.62,273968,578.14,2026-09-21
SURYODAY,EQ,146.63,147.84,145.01,146.94,146.63,178777,260.87,2026-09-21
SUVEN,EQ,338.0,342.75,331.75,337.9,341.55,586343,1976.75,2026-09-21
SUVIDHAA,EQ,2.25,2.26,2.16,2.22,2.22,82191,1.84,2026-09-21
SUYOG,EQ,647.45,655.0,644.0,648.2,649.4,11834,76.78,2026-09-21
SUZLON,EQ,43.14,43.63,43.11,43.34,43.14,26003443,11280.04,2026-09-21
SVGLOBAL,EQ,156.5,177.5,152.3,160.65,147.92,97506,167.87,2026-09-21
SVLL,EQ,814.0,816.05,814.0,816.0,815.85,489,3.99,2026-09-21
SVPGLOB,EQ,3.52,3.52,3.32,3.35,3.49,80543,2.7,2026-09-21
SWANCORP,EQ,294.7,306.7,291.2,302.2,294.95,1484157,4463.05,2026-09-21
SWARAJENG,EQ,3629.0,3629.0,3558.2,3572.4,3625.1,4769,171.0,2026-09-21
SWARNSAR,EQ,40.0,40.0,36.31,37.07,38.96,8227,3.12,2026-09-21
SWELECTES,EQ,558.35,578.0,556.05,572.6,556.8,6196,35.1,2026-09-21
SWIGGY,EQ,276.4,281.85,271.15,272.7,273.05,20354755,55992.02,2026-09-21
SWSOLAR,EQ,175.4,176.34,172.21,173.27,176.06,972340,1688.82,2026-09-21
SYMBIOTEC,EQ,1104.7,1171.0,1104.7,1156.05,1095.1,1302847,14945.19,2026-09-21
SYMPHONY,EQ,595.3,599.0,590.05,597.8,598.65,46973,279.72,2026-09-21
SYNCOMF,EQ,20.04,20.5,19.62,19.85,20.04,6029044,1208.74,2026-09-21
SYNGENE,EQ,369.95,387.05,360.4,385.15,369.05,3622808,13664.38,2026-09-21
SYRMA,EQ,1721.0,1727.4,1658.0,1713.3,1728.9,1838433,31165.8,2026-09-21
TAALTECH,EQ,5500.0,5799.0,5500.0,5714.6,5416.3,42768,2442.32,2026-09-21
TAINWALCHM,EQ,213.0,235.72,211.6,219.54,213.11,30823,69.28,2026-09-21
TAJGVK,EQ,332.7,336.95,327.5,328.8,334.7,50247,166.57,2026-09-21
TAKE,EQ,15.89,16.75,15.17,16.47,15.96,387896,64.02,2026-09-21
TALBROAUTO,EQ,482.0,485.8,462.2,467.3,476.7,382592,1807.51,2026-09-21
TANAA,EQ,266.35,319.6,266.35,319.6,266.35,226450,689.5,2026-09-21
TANLA,EQ,490.0,495.2,484.0,493.4,489.25,340336,1669.92,2026-09-21
TARACHAND,EQ,48.48,48.48,47.02,47.2,47.69,21410,10.16,2026-09-21
TARAPUR,EQ,12.78,12.78,11.41,12.31,12.55,49094,5.96,2026-09-21
TARC,EQ,133.09,133.82,129.5,129.97,133.09,219430,289.05,2026-09-21
TARIL,EQ,280.15,282.7,276.8,278.25,279.85,579858,1614.88,2026-09-21
TARMAT,EQ,57.76,58.63,52.98,54.76,57.76,45062,24.73,2026-09-21
TARSONS,EQ,305.9,356.85,305.05,341.3,306.1,5943251,20328.5,2026-09-21
TASTYBITE,EQ,9966.0,9966.0,9771.0,9798.0,9901.0,1033,101.63,2026-09-21
TATACAP,EQ,350.0,351.0,341.05,343.7,351.35,1938288,6654.78,2026-09-21
TATACHEM,EQ,687.6,698.5,668.6,694.7,693.25,3253162,22466.78,2026-09-21
TATACOMM,EQ,1771.0,1789.6,1725.0,1732.7,1780.1,110793,1938.99,2026-09-21
TATACONSUM,EQ,998.9,1015.5,997.2,1000.6,996.0,688026,6935.03,2026-09-21
TATAELXSI,EQ,3306.9,3318.0,3266.7,3287.0,3266.7,336930,11074.23,2026-09-21
TATAGOLD,EQ,14.85,14.86,14.75,14.76,14.85,34757654,5138.85,2026-09-21
TATAINVEST,EQ,700.95,700.95,678.0,680.5,702.35,591111,4058.63,2026-09-21
TATAPOWER,EQ,367.3,369.6,365.65,367.15,374.8,2875538,10549.13,2026-09-21
TATASTEEL,EQ,184.55,186.87,183.34,183.4,185.54,9933718,18344.31,2026-09-21
TATATECH,EQ,717.6,730.6,706.85,724.9,722.45,1034878,7453.04,2026-09-21
TATSILV,EQ,22.74,22.74,22.47,22.55,22.74,33649809,7590.73,2026-09-21
TATVA,EQ,1760.0,1770.0,1707.7,1761.2,1770.2,46562,811.94,2026-09-21
TBOTEK,EQ,1715.0,1723.6,1684.0,1704.9,1710.6,181669,3092.52,2026-09-21
TBZ,EQ,600.0,633.7,585.6,633.7,603.55,817339,4989.95,2026-09-21
TCC,EQ,49.86,50.78,43.81,45.99,49.85,929852,438.17,2026-09-21
TCI,EQ,832.45,838.0,801.0,807.25,829.8,54661,445.73,2026-09-21
TCIEXP,EQ,481.5,493.45,481.45,482.6,485.35,19535,95.01,2026-09-21
TCIFINANCE,EQ,15.58,15.7,15.11,15.41,15.58,12625,1.95,2026-09-21
TCPLPACK,EQ,3802.6,3969.0,3802.6,3881.1,3844.2,4846,188.6,2026-09-21
TCS,EQ,2090.0,2145.0,2075.3,2128.7,2105.0,2330811,49470.97,2026-09-21
TDPOWERSYS,EQ,740.0,759.6,736.05,747.3,763.75,1983807,14806.78,2026-09-21
TEAMGTY,EQ,236.12,242.99,235.0,241.9,238.5,124,0.29,2026-09-21
TEAMLEASE,EQ,1219.0,1235.0,1211.2,1217.0,1219.0,7485,91.29,2026-09-21
TECH,EQ,32.18,32.55,31.15,31.71,31.55,37388,11.8,2026-09-21
TECHM,EQ,1529.0,1560.6,1525.1,1558.5,1537.1,970714,15061.48,2026-09-21
TECHNOCRAF,EQ,442.4,446.95,431.1,437.65,440.8,746751,3282.03,2026-09-21
TECHNOE,EQ,1038.85,1057.25,1003.1,1012.25,1030.45,260242,2673.43,2026-09-21
TECHNVISN,EQ,4349.0,4494.5,4132.0,4154.5,4349.0,611,25.71,2026-09-21
TECILCHEM,EQ,9.8,10.25,9.3,9.46,9.77,30565,2.9,2026-09-21
TEGA,EQ,1950.0,2149.0,1933.3,2129.0,1943.0,4580597,95772.45,2026-09-21
TEJASNET,EQ,518.4,524.35,512.05,516.85,518.3,1011267,5236.36,2026-09-21
TEMBO,EQ,56.19,59.0,56.19,57.8,56.19,1803580,1047.49,2026-09-21
TEMPSENS,EQ,534.0,540.8,521.5,526.85,531.6,1206038,6392.37,2026-09-21
TENNIND,EQ,520.4,524.55,510.0,514.1,517.9,421176,2163.76,2026-09-21
TERAI,EQ,134.0,134.0,104.5,118.0,120.0,565,0.68,2026-09-21
TERASOFT,EQ,253.0,253.0,239.95,248.65,236.6,17978,44.43,2026-09-21
TEXINFRA,EQ,111.75,115.0,111.75,114.06,113.54,49717,56.6,2026-09-21
TEXMOPIPES,EQ,62.07,62.5,60.4,60.67,61.49,128122,78.84,2026-09-21
TEXRAIL,EQ,114.66,117.99,113.51,114.43,114.66,1594208,1849.05,2026-09-21
TFCILTD,EQ,140.0,142.31,139.54,140.06,139.62,7478679,10514.6,2026-09-21
TFL,EQ,12.0,12.14,11.62,12.08,11.99,3627,0.43,2026-09-21
TGBHOTELS,EQ,9.45,9.78,9.3,9.54,9.41,3162,0.3,2026-09-21
TGVSL,EQ,103.0,108.0,102.4,107.0,102.59,321059,340.59,2026-09-21
THACKER,EQ,1090.0,1090.0,1077.9,1077.9,1030.0,19,0.21,2026-09-21
THAKDEV,EQ,127.51,127.51,115.1,118.42,127.51,242,0.29,2026-09-21
THANGAMAYL,EQ,5010.5,5019.5,4885.0,4930.5,5044.5,61957,3057.57,2026-09-21
THEINVEST,EQ,94.27,96.0,93.62,95.39,94.27,4410,4.19,2026-09-21
THEJO,EQ,2177.0,2210.0,2121.0,2141.8,2199.7,14218,307.52,2026-09-21
THELEELA,EQ,540.55,544.5,534.45,537.45,540.55,64441,346.47,2026-09-21
THEMISMED,EQ,124.88,128.4,122.5,123.92,123.97,89760,113.34,2026-09-21
THERMAX,EQ,3537.0,3597.8,3492.3,3578.2,3551.9,142451,5064.52,2026-09-21
THOMASCOOK,EQ,106.0,106.07,104.04,105.03,106.04,409652,430.65,2026-09-21
THOMASCOTT,EQ,234.0,238.0,234.0,236.7,236.55,30163,71.08,2026-09-21
THYROCARE,EQ,555.35,575.0,551.1,571.45,555.8,350735,1991.65,2026-09-21
TI,EQ,570.0,583.0,561.8,579.55,568.7,1306840,7545.58,2026-09-21
TIGERLOGS,EQ,26.0,26.94,25.0,25.66,26.13,97602,25.5,2026-09-21
TIIL,EQ,3050.0,3094.0,3035.0,3043.4,3054.1,13134,401.53,2026-09-21
TIINDIA,EQ,2601.0,2614.2,2569.1,2588.0,2600.0,95386,2474.5,2026-09-21
TIMETECHNO,EQ,180.1,181.9,178.21,180.23,179.24,3679418,6629.18,2026-09-21
TIMEX,EQ,714.2,726.5,700.0,709.65,714.2,923419,6599.63,2026-09-21
TIMKEN,EQ,3124.2,3161.8,3112.2,3136.8,3124.2,15710,492.32,2026-09-21
TINNARUBR,EQ,1018.75,1035.0,1007.05,1029.35,1018.75,23597,241.48,2026-09-21
TIPSFILMS,EQ,316.5,331.2,316.5,320.7,320.35,1624,5.25,2026-09-21
TIPSMUSIC,EQ,657.7,665.0,653.95,660.0,657.7,194431,1285.21,2026-09-21
TIRUMALCHM,EQ,158.89,160.0,155.5,156.75,158.54,237889,373.8,2026-09-21
TITAGARH,EQ,841.5,857.0,838.2,841.05,837.65,378131,3197.79,2026-09-21
TITAN,EQ,4816.5,4880.0,4780.0,4875.0,4798.5,665067,32222.0,2026-09-21
TMB,EQ,900.0,905.0,882.35,886.35,895.75,96755,860.4,2026-09-21
TMCV,EQ,440.1,445.45,437.2,444.5,442.9,4676841,20694.67,2026-09-21
TMPV,EQ,303.8,303.8,299.1,301.65,303.8,8488497,25570.49,2026-09-21
TNIDETF,EQ,88.35,89.0,87.93,88.77,88.34,22420,19.81,2026-09-21
TNPETRO,EQ,125.44,132.49,125.44,130.35,125.73,1264954,1651.69,2026-09-21
TNPL,EQ,148.35,149.5,144.99,145.48,148.34,107767,158.23,2026-09-21
TNTELE,EQ,8.77,9.4,8.77,9.24,8.86,76872,7.04,2026-09-21
TOKYOPLAST,EQ,75.49,77.0,74.99,77.0,75.67,1664,1.27,2026-09-21
TOLINS,EQ,88.61,90.77,87.73,89.39,88.02,39906,35.65,2026-09-21
TOP100CASE,EQ,10.51,10.51,10.3,10.35,10.3,512640,53.01,2026-09-21
TOP10ADD,EQ,84.8,85.55,84.4,85.39,84.8,648918,552.91,2026-09-21
TOP15IETF,EQ,9.52,9.6,9.48,9.52,9.49,210301,20.01,2026-09-21
TOP20,EQ,8.62,8.97,8.62,8.67,8.62,15557,1.35,2026-09-21
TORNTPHARM,EQ,4860.0,4986.5,4848.5,4970.0,4840.0,361244,17904.21,2026-09-21
TORNTPOWER,EQ,1250.0,1269.8,1250.0,1262.0,1258.8,121302,1532.16,2026-09-21
TOUCHWOOD,EQ,68.95,68.95,60.0,61.78,60.93,1496,0.94,2026-09-21
TOYAMSL,EQ,0.8,0.8,0.79,0.8,0.77,2102598,16.81,2026-09-21
TPLPLASTEH,EQ,65.9,66.19,64.87,65.03,65.34,121925,79.88,2026-09-21
TRACXN,EQ,30.2,32.73,30.01,31.98,31.0,202599,64.71,2026-09-21
TRANSCOR,EQ,23.68,24.97,23.0,24.97,23.79,1441,0.35,2026-09-21
TRANSRAILL,EQ,410.0,415.7,407.35,414.2,408.75,230286,948.85,2026-09-21
TRAVELFOOD,EQ,1256.0,1256.0,1223.0,1228.5,1256.1,18464,228.05,2026-09-21
TREEHOUSE,EQ,5.88,6.15,5.8,5.84,5.87,40526,2.39,2026-09-21
TREJHARA,EQ,134.4,134.92,128.07,132.25,132.37,12952,17.09,2026-09-21
TREL,EQ,30.0,30.93,26.32,26.68,29.66,730196,204.05,2026-09-21
TRENT,EQ,2813.9,2836.9,2801.0,2815.5,2824.0,592996,16728.97,2026-09-21
TRF,EQ,215.0,219.5,214.01,216.43,215.25,8163,17.64,2026-09-21
TRIDENT,EQ,23.21,23.29,22.96,23.02,23.22,2844566,655.16,2026-09-21
TRIGYN,EQ,54.1,57.98,53.81,56.02,53.56,42782,24.23,2026-09-21
TRITONV,EQ,1078.5,1110.0,1051.3,1063.9,1084.3,1541,16.7,2026-09-21
TRITURBINE,EQ,567.8,572.2,553.25,555.65,567.8,298822,1674.94,2026-09-21
TRIVENI,EQ,239.0,241.2,234.45,238.75,238.8,471883,1126.01,2026-09-21
TRU,EQ,4.11,4.3,4.0,4.12,4.21,122417,5.03,2026-09-21
TRUALT,EQ,425.05,425.05,412.0,415.05,421.7,279871,1169.06,2026-09-21
TSFINV,EQ,455.65,465.0,451.0,460.35,455.65,114026,524.93,2026-09-21
TTKHLTCARE,EQ,1046.0,1091.9,1045.0,1073.3,1050.0,29530,317.91,2026-09-21
TTKPRESTIG,EQ,530.85,535.5,517.05,524.9,530.85,117081,613.58,2026-09-21
TTL,EQ,7.36,7.5,7.13,7.42,7.24,296583,21.82,2026-09-21
TTML,EQ,35.8,35.92,35.26,35.36,35.73,893060,316.49,2026-09-21
TURTLEMINT,EQ,134.12,135.4,130.4,131.17,134.12,407901,537.97,2026-09-21
TUTIALKA,EQ,56.56,57.9,55.33,56.56,56.56,3395,1.92,2026-09-21
TVSELECT,EQ,403.15,407.0,395.0,396.0,403.15,39019,155.94,2026-09-21
TVSHLTD,EQ,12875.0,12875.0,12581.0,12729.0,12812.0,3141,398.91,2026-09-21
TVSMOTOR,EQ,4173.1,4208.1,4155.0,4155.0,4171.3,183197,7655.9,2026-09-21
TVSSCS,EQ,133.81,133.85,131.51,132.85,133.85,415337,550.65,2026-09-21
TVSSRICHAK,EQ,4850.0,4901.0,4513.5,4592.0,4844.5,21008,968.63,2026-09-21
TVTODAY,EQ,108.0,112.0,107.26,107.64,109.29,33099,35.74,2026-09-21
TWCGOLDETF,EQ,151.1,154.8,150.16,151.46,152.54,2676,4.06,2026-09-21
UBL,EQ,1251.5,1260.0,1225.0,1227.8,1251.5,102377,1262.68,2026-09-21
UCOBANK,EQ,23.75,23.84,23.51,23.62,23.75,3228395,765.38,2026-09-21
UDAYJEW,EQ,152.55,158.5,149.0,151.08,152.2,30400,46.39,2026-09-21
UDS,EQ,190.03,202.89,190.03,198.48,189.82,166785,330.74,2026-09-21
UEL,EQ,203.73,209.5,196.0,198.29,203.73,24543,49.56,2026-09-21
UFLEX,EQ,655.0,663.95,654.2,656.15,659.45,40593,267.1,2026-09-21
UFO,EQ,60.11,61.5,60.11,60.87,60.95,25437,15.47,2026-09-21
UGARSUGAR,EQ,56.79,58.28,54.53,55.8,56.79,351249,195.95,2026-09-21
UGROCAP,EQ,84.29,85.27,81.88,82.29,83.74,192175,159.02,2026-09-21
UJJIVANSFB,EQ,65.02,65.25,64.1,64.79,65.02,4816181,3112.43,2026-09-21
ULTRACEMCO,EQ,11014.0,11146.0,10983.0,11100.0,11014.0,152231,16870.01,2026-09-21
ULTRAMAR,EQ,430.0,438.5,424.65,435.0,424.4,40322,173.81,2026-09-21
UMESLTD,EQ,4.58,4.82,4.06,4.25,4.39,83442,3.65,2026-09-21
UMIYA-MRO,EQ,97.0,100.85,96.0,98.33,98.01,5576,5.46,2026-09-21
UNICHEMLAB,EQ,534.7,554.85,521.55,540.65,545.7,72661,388.69,2026-09-21
UNIDT,EQ,222.01,229.68,220.6,222.44,224.01,13261,29.79,2026-09-21
UNIECOM,EQ,82.51,83.49,80.32,81.11,83.21,388179,316.01,2026-09-21
UNIENTER,EQ,90.72,92.0,90.71,91.82,90.71,793,0.73,2026-09-21
UNIINFO,EQ,11.23,11.46,10.9,11.33,11.23,1365,0.15,2026-09-21
UNIMECH,EQ,1591.3,1703.0,1570.0,1698.4,1591.3,608531,10066.46,2026-09-21
UNIONBANK,EQ,177.11,178.87,177.03,178.09,176.56,4110898,7306.31,2026-09-21
UNIONGOLD,EQ,148.1,150.75,147.1,148.3,149.65,1870,2.78,2026-09-21
UNIPARTS,EQ,831.5,859.0,820.05,854.85,831.5,121769,1026.37,2026-09-21
UNITDSPR,EQ,1384.0,1411.0,1379.5,1397.0,1371.0,773709,10841.13,2026-09-21
UNITECH,EQ,4.31,4.34,4.11,4.13,4.31,3203657,134.3,2026-09-21
UNITEDPOLY,EQ,46.0,46.55,42.01,46.05,45.85,681850,310.28,2026-09-21
UNITEDTEA,EQ,438.9,438.9,418.6,430.05,431.65,1273,5.48,2026-09-21
UNIVCABLES,EQ,1476.5,1487.9,1434.1,1477.5,1477.0,85373,1247.92,2026-09-21
UNOMINDA,EQ,1259.9,1259.9,1220.7,1227.5,1284.0,716308,8835.02,2026-09-21
UPHOT,EQ,1450.0,1450.0,1450.0,1450.0,1500.0,1,0.01,2026-09-21
UPL,EQ,564.2,569.2,559.9,559.9,580.0,2691176,15164.51,2026-09-21
URBANCO,EQ,168.3,174.25,166.54,173.4,169.11,6489690,11139.06,2026-09-21
URJA,EQ,9.24,9.35,9.0,9.06,9.15,565619,51.73,2026-09-21
USHAMART,EQ,510.0,542.6,505.2,533.9,507.2,3336342,17665.24,2026-09-21
USK,EQ,19.76,20.65,19.76,20.12,20.07,24203,4.89,2026-09-21
UTIAMC,EQ,890.05,928.0,890.05,924.8,895.0,129186,1181.47,2026-09-21
UTKARSHBNK,EQ,14.23,14.24,13.93,14.0,14.17,4746656,667.29,2026-09-21
UTLSOLAR,EQ,426.0,426.0,413.5,422.05,418.65,168108,702.1,2026-09-21
UTTAMSUGAR,EQ,259.45,261.15,253.1,256.05,260.25,131313,335.85,2026-09-21
V2RETAIL,EQ,212.9,214.44,210.0,210.85,214.03,707901,1498.02,2026-09-21
VADILALIND,EQ,7350.0,7650.0,7310.5,7415.0,7362.0,16279,1219.91,2026-09-21
VADILENT,EQ,10570.0,10570.0,10500.0,10500.0,10540.0,57,5.99,2026-09-21
VAIBHAVGBL,EQ,208.42,211.35,207.12,208.01,209.9,183735,383.34,2026-09-21
VAISHALI,EQ,9.09,9.12,8.16,8.24,8.79,464234,39.3,2026-09-21
VAKRANGEE,EQ,5.35,5.35,5.11,5.16,5.3,1936392,100.53,2026-09-21
VAL30IETF,EQ,14.82,14.93,14.8,14.84,14.88,83251,12.38,2026-09-21
VALIANTORG,EQ,432.4,442.1,412.2,422.95,426.65,125042,533.82,2026-09-21
VALUE,EQ,15.98,15.98,15.79,15.8,15.8,14398,2.28,2026-09-21
VALUEAXIS,EQ,32.13,32.47,32.01,32.16,32.13,38978,12.55,2026-09-21
VAML,EQ,415.15,422.0,411.75,413.05,416.5,9228590,38470.86,2026-09-21
VARDMNPOLY,EQ,5.79,5.96,5.7,5.79,5.69,136697,7.99,2026-09-21
VARROC,EQ,864.8,879.9,854.8,872.55,861.55,233688,2035.32,2026-09-21
VASCONEQ,EQ,30.0,32.81,30.0,32.18,30.35,1379202,441.99,2026-09-21
VASUPRADA,EQ,98.0,98.0,98.0,98.0,102.0,684,0.67,2026-09-21
VASWANI,EQ,48.3,48.3,45.11,46.1,46.47,14873,6.83,2026-09-21
VBL,EQ,422.0,431.15,422.0,425.0,421.95,4940296,21154.76,2026-09-21
VEDAVAAG,EQ,23.0,23.67,21.7,22.85,22.21,65171,14.73,2026-09-21
VEDL,EQ,264.5,264.5,259.0,260.5,267.6,6600043,17217.19,2026-09-21
VEDPOWER,EQ,31.17,31.25,30.7,30.78,31.17,5959497,1842.27,2026-09-21
VEEDOL,EQ,1377.7,1389.7,1355.0,1357.0,1377.7,9774,133.38,2026-09-21
VENKEYS,EQ,1659.9,1659.9,1632.0,1640.3,1646.8,42692,701.9,2026-09-21
VENTIVE,EQ,555.05,561.0,554.0,556.75,557.35,24379,135.74,2026-09-21
VENUSPIPES,EQ,2287.0,2347.9,2211.1,2231.2,2282.9,488921,11167.22,2026-09-21
VENUSREM,EQ,1570.1,1645.3,1560.0,1593.2,1582.2,33871,542.53,2026-09-21
VERANDA,EQ,223.0,232.5,218.43,229.17,221.76,339186,774.41,2026-09-21
VERTOZ,EQ,36.2,39.7,36.2,36.93,37.04,34552,12.79,2026-09-21
VESUVIUS,EQ,404.0,406.8,397.05,397.75,405.95,43139,172.88,2026-09-21
VETO,EQ,143.8,147.38,140.1,143.78,139.15,365390,528.22,2026-09-21
VGCL,EQ,50.29,50.29,46.55,47.14,48.42,2795,1.35,2026-09-21
VGL,EQ,66.7,71.49,66.7,69.03,66.27,478309,330.39,2026-09-21
VGUARD,EQ,325.4,328.45,322.1,324.95,325.4,255648,830.86,2026-09-21
VHL,EQ,3350.0,3410.0,3331.0,3339.1,3377.1,459,15.41,2026-09-21
VIDHIING,EQ,340.6,356.95,340.25,354.45,344.55,48745,170.97,2026-09-21
VIDYAWIRES,EQ,87.48,87.63,84.9,85.45,86.87,473456,405.73,2026-09-21
VIJAYA,EQ,1555.3,1573.9,1543.3,1556.1,1558.9,107149,1670.28,2026-09-21
VIJSOLX,EQ,631.0,634.95,615.2,634.95,631.5,121,0.76,2026-09-21
VIKASECO,EQ,1.05,1.06,1.04,1.04,1.04,1076975,11.3,2026-09-21
VIKASLIFE,EQ,1.21,1.28,1.21,1.23,1.21,2362237,29.07,2026-09-21
VIKRAMSOLR,EQ,166.0,167.75,163.5,163.75,165.42,1112179,1837.87,2026-09-21
VIKRAN,EQ,56.3,56.99,55.9,56.16,56.31,653079,367.91,2026-09-21
VIMTALABS,EQ,601.5,629.0,597.3,616.05,603.1,276255,1704.28,2026-09-21
VINATIORGA,EQ,1230.1,1240.1,1215.8,1222.1,1234.9,62279,761.38,2026-09-21
VINCOFE,EQ,174.0,178.0,172.5,176.33,174.19,1599235,2808.91,2026-09-21
VINDHYATEL,EQ,2709.0,2895.0,2700.0,2853.2,2660.0,171023,4813.45,2026-09-21
VINEETLAB,EQ,37.27,37.27,34.95,35.54,36.78,94270,33.82,2026-09-21
VINNY,EQ,0.98,0.98,0.93,0.93,0.96,565418,5.34,2026-09-21
VINYLINDIA,EQ,225.0,225.0,215.29,216.69,222.68,6663,14.58,2026-09-21
VIPCLOTHNG,EQ,21.32,21.47,20.8,21.25,20.8,66170,13.99,2026-09-21
VIPIND,EQ,302.2,304.5,294.1,295.9,299.1,238038,709.57,2026-09-21
VIRAT,EQ,387.0,396.45,365.0,371.95,390.85,8187,31.19,2026-09-21
VIRINCHI,EQ,14.02,14.23,13.82,13.98,14.17,28467,3.98,2026-09-21
VISACHROME,EQ,31.23,31.59,29.5,31.59,30.09,38525,11.93,2026-09-21
VISAKAIND,EQ,97.36,98.0,95.0,95.42,97.36,198835,191.02,2026-09-21
VISHAL,EQ,18.27,18.47,18.04,18.17,18.22,26263,4.78,2026-09-21
VISHNU,EQ,725.95,729.9,710.9,716.5,722.15,64952,467.09,2026-09-21
VISHWARAJ,EQ,5.45,5.45,5.26,5.27,5.31,196853,10.43,2026-09-21
VISL,EQ,30.7,31.3,30.6,30.68,30.91,14393797,4457.12,2026-09-21
VITAL,EQ,56.95,56.95,53.21,54.9,55.4,3023,1.66,2026-09-21
VIVIANA,EQ,701.1,742.95,701.1,732.6,718.8,39938,288.45,2026-09-21
VIVIDHA,EQ,0.51,0.53,0.51,0.52,0.51,231678,1.21,2026-09-21
VIVOBIOT,EQ,16.36,16.98,16.02,16.21,16.77,13414,2.2,2026-09-21
VIYASH,EQ,249.9,252.7,247.0,251.65,249.65,1602344,4011.15,2026-09-21
VLEGOV,EQ,10.19,10.5,10.05,10.09,10.19,47887,4.87,2026-09-21
VLSFINANCE,EQ,234.65,243.0,231.85,238.14,238.2,2499,5.98,2026-09-21
VMART,EQ,805.4,818.0,798.65,808.8,808.15,71017,575.92,2026-09-21
VMM,EQ,101.7,102.48,100.55,101.65,102.65,6538236,6659.35,2026-09-21
VMSTMT,EQ,49.5,50.5,48.3,48.62,49.64,41216,20.22,2026-09-21
VOEPL,EQ,510.05,514.15,490.2,494.4,506.75,36231,180.39,2026-09-21
VOGL,EQ,34.5,34.53,33.81,33.87,34.26,14800747,5043.01,2026-09-21
VOITHPAPR,EQ,1445.1,1445.1,1429.0,1432.4,1457.5,1522,21.9,2026-09-21
VOLTAMP,EQ,10825.0,10969.0,10721.0,10802.0,10879.0,11529,1247.29,2026-09-21
VOLTAS,EQ,1125.0,1158.8,1125.0,1142.1,1110.9,887002,10169.42,2026-09-21
VPRPL,EQ,34.72,35.4,33.78,33.96,34.72,319837,109.68,2026-09-21
VRAJ,EQ,131.94,132.3,127.0,128.65,127.74,27611,35.66,2026-09-21
VRLLOG,EQ,293.55,294.45,291.0,292.25,293.6,96495,282.26,2026-09-21
VSSL,EQ,404.7,417.05,402.0,410.8,404.7,146996,603.26,2026-09-21
VSTIND,EQ,208.7,208.7,206.12,206.76,208.92,77120,159.57,2026-09-21
VSTL,EQ,113.45,115.95,110.66,114.48,113.54,6093,6.9,2026-09-21
VSTTILLERS,EQ,4261.2,4324.1,4192.2,4290.7,4240.0,11400,484.29,2026-09-21
VTL,EQ,575.7,576.9,552.15,554.15,578.05,235586,1321.95,2026-09-21
VTMLTD,EQ,47.5,49.0,45.51,46.26,47.5,37450,17.7,2026-09-21
WAAREEENER,EQ,2546.3,2553.6,2495.0,2499.0,2560.7,492008,12346.4,2026-09-21
WAAREEINDO,EQ,261.8,274.15,254.6,255.1,267.95,273231,728.51,2026-09-21
WAAREERTL,EQ,814.95,817.25,807.0,813.9,819.65,85244,691.9,2026-09-21
WABAG,EQ,2126.0,2155.7,2085.1,2099.5,2132.6,393829,8301.73,2026-09-21
WAKEFIT,EQ,147.19,148.29,145.3,146.66,146.85,144051,211.02,2026-09-21
WALCHANNAG,EQ,203.5,205.8,200.7,201.18,202.71,281568,570.76,2026-09-21
WANBURY,EQ,222.75,231.95,220.25,227.55,222.75,165372,375.54,2026-09-21
WARDINMOBI,EQ,5.79,5.79,5.6,5.61,5.72,282494,15.99,2026-09-21
WATERBASE,EQ,46.62,47.0,44.49,44.99,45.96,37593,17.18,2026-09-21
WCIL,EQ,95.86,97.71,94.75,95.59,96.86,244766,236.49,2026-09-21
WEALTH,EQ,841.0,856.0,811.5,822.55,841.55,1198,10.0,2026-09-21
WEBELSOLAR,EQ,73.66,73.84,71.16,72.03,72.94,1266424,912.3,2026-09-21
WEIZMANIND,EQ,74.0,74.0,71.0,71.76,71.48,1520,1.1,2026-09-21
WEL,EQ,74.89,76.58,74.27,76.58,72.94,430400,327.72,2026-09-21
WELCORP,EQ,2758.0,2797.6,2666.2,2762.7,2660.1,2544698,69361.08,2026-09-21
WELENT,EQ,830.0,841.9,772.0,784.7,823.35,2139760,16920.07,2026-09-21
WELSPLSOL,EQ,56.97,57.94,55.0,55.74,55.65,658809,367.76,2026-09-21
WELSPUNLIV,EQ,215.0,218.2,214.28,215.87,214.66,2702207,5838.94,2026-09-21
WENDT,EQ,8767.5,8888.5,8615.0,8640.5,8767.5,5926,514.24,2026-09-21
WESTLIFE,EQ,568.5,568.5,551.2,564.1,564.4,84362,474.46,2026-09-21
WEWIN,EQ,42.15,44.4,42.15,42.4,43.0,1839,0.79,2026-09-21
WEWORK,EQ,681.0,695.4,667.6,672.35,681.2,210715,1422.72,2026-09-21
WHBRADY,EQ,475.0,571.25,415.0,472.55,476.05,467,2.24,2026-09-21
WHEELS,EQ,2209.0,2247.0,2130.0,2174.9,2175.7,153183,3349.3,2026-09-21
WHIRLPOOL,EQ,725.6,741.0,720.05,723.65,717.7,316569,2306.43,2026-09-21
WILLAMAGOR,EQ,24.89,24.89,23.4,23.67,24.36,2097,0.49,2026-09-21
WINDLAS,EQ,1111.0,1140.0,1085.6,1129.4,1109.45,132476,1480.26,2026-09-21
WINDMACHIN,EQ,303.05,303.05,294.0,295.85,300.05,17092,50.87,2026-09-21
WIPL,EQ,166.5,166.5,165.21,165.44,165.21,31,0.05,2026-09-21
WIPRO,EQ,165.24,165.5,163.34,164.55,166.83,9282035,15263.29,2026-09-21
WOCKPHARMA,EQ,2096.0,2225.0,2090.0,2187.3,2086.1,1771282,38673.09,2026-09-21
WONDERLA,EQ,527.85,529.4,509.95,511.95,527.85,74597,384.81,2026-09-21
WORTHPERI,EQ,149.99,153.0,146.04,148.33,147.52,2150,3.2,2026-09-21
WPIL,EQ,426.1,450.45,426.1,446.95,433.7,209534,932.65,2026-09-21
WSI,EQ,58.59,59.6,56.01,57.32,58.59,20228,11.58,2026-09-21
WSTCSTPAPR,EQ,777.0,777.0,755.0,760.25,768.3,192861,1471.98,2026-09-21
XCHANGING,EQ,62.95,62.95,61.1,61.31,62.16,61650,37.92,2026-09-21
XELPMOC,EQ,75.7,75.7,72.5,73.88,74.39,9857,7.26,2026-09-21
XPROINDIA,EQ,1228.9,1228.9,1185.0,1195.1,1223.0,65058,782.62,2026-09-21
XTGLOBAL,EQ,28.95,30.79,28.95,30.01,29.54,35773,10.73,2026-09-21
XTRANET,EQ,314.88,343.37,311.67,341.43,312.16,2349427,7809.0,2026-09-21
YASHO,EQ,4050.8,4050.8,3933.7,3945.8,4002.0,11108,441.33,2026-09-21
YATHARTH,EQ,1139.5,1147.5,1112.9,1125.3,1139.5,558832,6298.31,2026-09-21
YATRA,EQ,105.1,105.4,103.11,103.69,104.83,338002,351.85,2026-09-21
YESBANK,EQ,22.95,23.28,22.93,23.17,22.72,52755958,12216.0,2026-09-21
YOGI,EQ,162.0,162.0,162.0,162.0,163.98,70,0.11,2026-09-21
YUKEN,EQ,1149.9,1149.9,1102.55,1125.8,1139.2,15947,179.05,2026-09-21
ZAGGLE,EQ,178.56,185.57,178.56,180.01,178.56,1280485,2327.73,2026-09-21
ZEEL,EQ,78.62,79.0,77.25,77.68,78.62,9517177,7402.65,2026-09-21
ZEELEARN,EQ,6.8,7.0,6.71,6.77,6.86,185411,12.62,2026-09-21
ZEEMEDIA,EQ,7.32,7.46,7.25,7.31,7.32,770808,56.39,2026-09-21
ZENITHEXPO,EQ,196.5,197.0,196.0,197.0,203.95,200,0.39,2026-09-21
ZENITHSTL,EQ,5.51,5.71,5.11,5.31,5.58,255470,13.56,2026-09-21
ZENSARTECH,EQ,437.0,437.95,431.6,436.4,436.45,914306,3968.53,2026-09-21
ZENTEC,EQ,1699.0,1701.0,1657.7,1687.2,1687.4,166893,2806.83,2026-09-21
ZFCVINDIA,EQ,2394.0,2394.0,2341.0,2362.6,2387.0,123925,2932.55,2026-09-21
ZFSTEERING,EQ,711.85,711.85,682.2,693.65,697.85,4044,27.98,2026-09-21
ZIMLAB,EQ,134.0,136.52,130.55,133.65,135.51,101668,135.11,2026-09-21
ZODIAC,EQ,226.0,233.07,225.0,230.26,222.25,16631,38.32,2026-09-21
ZODIACLOTH,EQ,69.86,70.89,69.32,69.51,69.52,3194,2.23,2026-09-21
ZOTA,EQ,1160.0,1324.4,1138.9,1287.8,1144.5,401249,4970.79,2026-09-21
ZSARACOM,EQ,10400.0,10400.0,10000.0,10282.0,10400.0,32,3.26,2026-09-21
ZUARI,EQ,221.0,224.5,218.25,222.84,220.77,70147,155.56,2026-09-21
ZUARIIND,EQ,258.05,281.8,258.05,272.6,262.45,115028,310.18,2026-09-21
ZYDUSLIFE,EQ,1155.0,1173.5,1152.1,1161.0,1160.0,864429,10043.23,2026-09-21
ZYDUSWELL,EQ,522.7,533.35,520.0,530.45,522.25,131531,692.23,2026-09-21
