SYMBOL,SERIES,OPEN_PRICE,HIGH_PRICE,LOW_PRICE,CLOSE_PRICE,PREV_CLOSE,TTL_TRD_QNTY,TURNOVER_LACS,DATE
20MICRONS,EQ,217.7,217.8,212.16,213.87,219.21,65908,141.69,2026-09-24
21STCENMGM,EQ,40.0,40.0,39.16,39.77,39.92,3133,1.25,2026-09-24
360ONE,EQ,1099.5,1103.0,1066.9,1080.8,1108.0,1356395,14639.16,2026-09-24
3BBLACKBIO,EQ,1425.0,1425.0,1391.0,1406.0,1431.6,6962,98.03,2026-09-24
3MINDIA,EQ,34600.0,34790.0,34285.0,34590.0,34615.0,1608,556.14,2026-09-24
3PLAND,EQ,31.5,31.5,30.51,30.52,30.91,302,0.09,2026-09-24
5PAISA,EQ,318.15,318.15,305.15,308.4,318.15,26049,80.92,2026-09-24
63MOONS,EQ,849.15,891.9,840.2,862.9,852.95,561321,4890.73,2026-09-24
A2ZINFRA,EQ,14.9,15.15,14.71,14.74,14.79,236843,35.19,2026-09-24
AAATECH,EQ,94.16,95.98,90.25,91.84,93.56,128773,121.03,2026-09-24
AADHARHFC,EQ,454.2,454.2,444.3,446.7,454.55,183120,819.38,2026-09-24
AAKASH,EQ,9.12,9.5,8.91,9.09,9.13,288598,26.59,2026-09-24
AAREYDRUGS,EQ,101.75,101.78,99.5,100.26,102.63,350999,352.24,2026-09-24
AARON,EQ,122.6,125.0,115.5,116.68,122.6,48639,57.64,2026-09-24
AARTIDRUGS,EQ,436.35,450.2,434.6,437.25,436.25,387992,1720.27,2026-09-24
AARTIIND,EQ,487.65,492.2,484.05,489.45,491.35,291316,1421.1,2026-09-24
AARTIPHARM,EQ,934.5,957.0,923.35,934.25,940.1,800441,7546.21,2026-09-24
AARVI,EQ,137.16,138.48,135.25,135.85,136.48,8657,11.81,2026-09-24
AASTHA,EQ,96.0,96.0,80.8,80.8,89.77,3696534,3048.94,2026-09-24
AAVAS,EQ,1270.0,1270.0,1243.0,1256.4,1285.8,88763,1115.68,2026-09-24
ABANSENT,EQ,27.34,27.34,26.35,27.25,26.86,2166,0.58,2026-09-24
ABB,EQ,7080.0,7144.5,7062.5,7129.0,7120.0,141360,10059.58,2026-09-24
ABBOTINDIA,EQ,26910.0,27225.0,26780.0,26860.0,26935.0,4496,1213.17,2026-09-24
ABCAPITAL,EQ,394.6,401.7,388.5,390.1,402.45,4053381,15958.85,2026-09-24
ABCOTS,EQ,202.0,207.9,200.98,201.58,203.57,5289,10.65,2026-09-24
ABDL,EQ,660.0,722.0,650.0,712.15,656.4,6590774,45708.41,2026-09-24
ABFRL,EQ,49.0,49.0,47.94,48.06,49.09,5072424,2447.52,2026-09-24
ABGSEC,EQ,113.62,114.1,113.56,113.95,114.39,1465,1.67,2026-09-24
ABLBL,EQ,80.0,80.08,77.78,78.59,79.81,942973,742.56,2026-09-24
ABMKNO,EQ,172.01,174.99,167.2,170.8,171.41,1253,2.11,2026-09-24
ABREL,EQ,1200.0,1262.9,1189.6,1211.8,1206.4,500792,6181.35,2026-09-24
ABSL10BANK,EQ,162.16,164.51,162.16,164.16,166.32,292,0.48,2026-09-24
ABSLAMC,EQ,1020.0,1030.3,1013.7,1024.2,1026.6,67545,689.74,2026-09-24
ABSLBANETF,EQ,59.11,59.11,56.81,57.26,57.95,153368,87.61,2026-09-24
ABSLLIQUID,EQ,1000.0,1000.01,999.99,1000.01,1000.0,5882,58.82,2026-09-24
ABSLMSCIN,EQ,28.81,28.81,28.45,28.51,29.03,539,0.15,2026-09-24
ABSLNN50ET,EQ,75.0,76.13,75.0,75.26,76.24,4562,3.45,2026-09-24
ABSLPSE,EQ,10.02,10.22,9.89,9.97,10.02,123310,12.32,2026-09-24
ACC,EQ,1247.0,1247.1,1230.5,1236.1,1251.4,89640,1108.96,2026-09-24
ACCELYA,EQ,1124.6,1124.6,1115.0,1120.9,1124.6,5200,58.25,2026-09-24
ACE,EQ,1250.0,1254.4,1234.0,1241.0,1253.9,270648,3364.38,2026-09-24
ACEINTEG,EQ,17.78,17.87,17.49,17.71,17.43,920,0.16,2026-09-24
ACGL,EQ,1731.8,1760.0,1700.0,1716.5,1731.8,781,13.47,2026-09-24
ACI,EQ,470.0,496.0,470.0,491.4,474.6,435141,2109.3,2026-09-24
ACL,EQ,42.58,42.79,42.1,42.56,42.58,4530,1.92,2026-09-24
ACMESOLAR,EQ,454.8,459.45,444.15,446.65,452.3,1545806,6981.25,2026-09-24
ACUTAAS,EQ,3232.0,3366.6,3232.0,3283.7,3265.2,321801,10666.07,2026-09-24
ADANIENSOL,EQ,1367.0,1371.4,1335.1,1340.5,1380.0,1837547,24798.79,2026-09-24
ADANIENT,EQ,2978.0,2978.0,2898.2,2900.0,2993.2,1082462,31726.2,2026-09-24
ADANIGREEN,EQ,1295.0,1309.8,1277.8,1280.1,1300.9,2379526,30810.27,2026-09-24
ADANIPORTS,EQ,1802.4,1802.4,1775.0,1785.3,1807.3,1589739,28407.34,2026-09-24
ADANIPOWER,EQ,203.8,203.8,198.8,199.48,204.8,20283670,40843.46,2026-09-24
ADDIND,EQ,74.05,80.0,73.55,76.99,74.05,128,0.1,2026-09-24
ADFFOODS,EQ,266.8,273.9,264.2,271.65,268.05,85764,232.26,2026-09-24
ADL,EQ,78.9,78.9,68.0,69.82,69.87,1669,1.2,2026-09-24
ADOR,EQ,1597.0,1655.0,1590.0,1612.9,1598.0,33616,548.58,2026-09-24
ADROITINFO,EQ,13.88,13.91,12.61,12.73,13.53,170767,22.61,2026-09-24
ADSL,EQ,97.1,98.69,95.62,96.27,97.78,123273,119.16,2026-09-24
ADVAIT,EQ,1975.0,1980.9,1915.3,1922.4,1976.8,34484,670.56,2026-09-24
ADVANCE,EQ,118.0,122.49,118.0,118.67,119.37,197531,237.03,2026-09-24
ADVANIHOTR,EQ,47.57,48.48,47.55,47.75,47.57,15922,7.6,2026-09-24
ADVENTHTL,EQ,128.57,128.78,126.0,127.04,130.36,133111,169.23,2026-09-24
ADVENZYMES,EQ,295.0,300.05,291.85,292.75,297.0,205547,609.7,2026-09-24
ADVIKCA,EQ,1.01,1.03,0.96,0.99,1.01,177622,1.78,2026-09-24
AEGISLOG,EQ,1405.8,1405.8,1348.4,1369.7,1404.5,547668,7492.2,2026-09-24
AEGISVOPAK,EQ,300.8,300.8,283.6,289.1,302.8,2451978,7090.69,2026-09-24
AEPL,EQ,16.49,16.56,16.0,16.13,16.49,12427,2.0,2026-09-24
AEQUS,EQ,241.51,247.0,239.52,242.79,243.94,1907443,4641.39,2026-09-24
AEROENTER,EQ,125.9,129.67,120.0,126.86,126.51,501763,636.54,2026-09-24
AEROFLEX,EQ,515.0,546.0,515.0,527.2,520.8,1258585,6716.6,2026-09-24
AERONEU,EQ,68.2,80.64,68.0,80.64,67.2,88367,68.33,2026-09-24
AEROPLANE,EQ,202.8,207.47,201.34,201.98,205.74,177483,361.34,2026-09-24
AETHER,EQ,1648.0,1659.0,1629.0,1646.2,1648.2,112531,1849.06,2026-09-24
AFCONS,EQ,254.0,262.5,252.95,253.75,258.3,845057,2171.61,2026-09-24
AFFLE,EQ,1574.3,1598.5,1555.7,1588.1,1584.3,99024,1557.78,2026-09-24
AFFORDABLE,EQ,174.65,183.38,169.47,177.35,174.65,60546,108.35,2026-09-24
AFIL,EQ,8.45,8.45,8.0,8.04,8.22,510964,41.3,2026-09-24
AFSL,EQ,207.4,207.4,201.2,203.47,204.56,1319,2.68,2026-09-24
AGARIND,EQ,408.7,410.0,396.1,400.05,408.65,28830,115.75,2026-09-24
AGARWALEYE,EQ,492.15,506.25,491.0,502.1,494.8,355015,1780.32,2026-09-24
AGI,EQ,837.0,837.0,819.0,821.35,837.2,93291,771.74,2026-09-24
AGIIL,EQ,268.0,273.3,267.05,271.45,268.8,1792301,4828.04,2026-09-24
AGL,EQ,14.49,14.6,13.61,13.68,14.22,1874610,260.73,2026-09-24
AGRITECH,EQ,93.0,98.5,93.0,95.76,97.83,2897,2.79,2026-09-24
AGROPHOS,EQ,24.25,24.3,23.1,24.27,24.25,13144,3.1,2026-09-24
AHCL,EQ,29.68,30.68,28.18,28.65,29.68,49040894,14342.22,2026-09-24
AHLADA,EQ,39.15,39.89,37.2,38.76,39.15,4123,1.6,2026-09-24
AHLEAST,EQ,135.57,143.0,135.55,136.41,136.36,3028,4.21,2026-09-24
AHLUCONT,EQ,578.0,590.0,571.3,582.75,580.6,46626,271.79,2026-09-24
AIAENG,EQ,3955.0,4033.6,3912.4,3953.4,3970.0,311377,12333.67,2026-09-24
AIIL,EQ,562.6,562.6,548.75,551.6,561.45,147739,817.74,2026-09-24
AIRAN,EQ,16.45,17.5,16.38,16.58,16.78,30585,5.12,2026-09-24
AIROLAM,EQ,91.24,91.24,87.01,88.34,90.79,2630,2.38,2026-09-24
AJANTPHARM,EQ,3521.1,3594.0,3521.1,3539.5,3568.1,37012,1316.0,2026-09-24
AJAXENGG,EQ,555.0,588.0,555.0,575.2,569.15,1346962,7750.53,2026-09-24
AJMERA,EQ,119.01,121.78,116.82,120.51,120.63,338485,405.73,2026-09-24
AJOONI,EQ,3.3,3.32,3.18,3.18,3.28,340761,11.01,2026-09-24
AKASH,EQ,24.65,25.4,24.5,24.51,24.76,589,0.15,2026-09-24
AKCAPIT,EQ,1746.2,1760.0,1698.2,1729.2,1753.9,1647,28.63,2026-09-24
AKG,EQ,10.0,10.33,9.6,9.76,9.97,36898,3.65,2026-09-24
AKSHAR,EQ,0.41,0.42,0.4,0.41,0.41,1589240,6.52,2026-09-24
AKUMS,EQ,824.0,836.8,813.3,817.6,823.3,218858,1804.8,2026-09-24
ALANKIT,EQ,8.04,8.1,7.8,7.91,8.04,80891,6.43,2026-09-24
ALBERTDAVD,EQ,863.6,886.0,863.6,871.1,878.55,2557,22.41,2026-09-24
ALEMBICLTD,EQ,105.0,107.85,104.5,107.18,106.04,1227728,1305.2,2026-09-24
ALFREDHE,EQ,2796.9,2830.0,2780.0,2786.8,2796.9,20,0.56,2026-09-24
ALGOQUANT,EQ,72.0,75.35,71.72,73.37,72.1,1563012,1148.46,2026-09-24
ALICON,EQ,735.65,741.85,714.45,737.8,739.05,46506,339.72,2026-09-24
ALIVUS,EQ,1390.0,1396.7,1357.3,1370.0,1383.1,39065,537.32,2026-09-24
ALKALI,EQ,99.96,99.96,96.0,96.37,101.63,55361,54.33,2026-09-24
ALKEM,EQ,5372.0,5447.0,5261.5,5326.0,5417.5,165474,8844.73,2026-09-24
ALKYLAMINE,EQ,1879.0,1895.7,1841.1,1862.5,1883.0,25203,470.31,2026-09-24
ALLCARGO,EQ,11.4,11.42,10.88,10.95,11.38,6441937,711.86,2026-09-24
ALLDIGI,EQ,780.25,784.1,762.0,771.65,780.25,4525,35.05,2026-09-24
ALLTIME,EQ,205.25,207.1,198.25,201.03,205.36,150765,302.3,2026-09-24
ALMONDZ,EQ,19.24,20.35,19.24,19.86,19.55,448919,89.47,2026-09-24
ALOKINDS,EQ,7.6,7.6,7.4,7.48,7.64,13073959,978.97,2026-09-24
ALPA,EQ,60.69,61.6,58.61,59.07,60.39,87569,52.57,2026-09-24
ALPHA,EQ,53.35,53.4,52.52,52.82,53.42,870366,461.8,2026-09-24
ALPHAETF,EQ,26.56,26.56,26.0,26.03,26.5,573387,150.26,2026-09-24
ALPINETEX,EQ,52.46,52.46,50.0,50.65,52.44,290128,148.36,2026-09-24
ALPL30IETF,EQ,27.13,27.13,26.69,26.8,27.23,154939,41.7,2026-09-24
ALUFLUOR,EQ,577.55,577.55,562.55,565.8,577.55,4903,27.76,2026-09-24
AMAGI,EQ,576.5,581.45,560.15,562.15,578.7,155822,882.71,2026-09-24
AMAL,EQ,700.05,714.35,685.0,687.65,704.3,14729,102.26,2026-09-24
AMARJOTHI,EQ,148.12,148.55,147.0,147.0,148.12,1266,1.86,2026-09-24
AMBER,EQ,7025.5,7050.0,6911.0,6911.0,7064.5,86469,6038.07,2026-09-24
AMBICAAGAR,EQ,25.57,25.87,24.32,25.39,25.45,140237,35.18,2026-09-24
AMBIKCO,EQ,1569.9,1578.0,1551.6,1556.5,1582.7,3932,61.42,2026-09-24
AMBUJACEM,EQ,390.0,390.9,382.65,384.1,392.75,912389,3523.74,2026-09-24
AMJLAND,EQ,37.6,38.5,37.23,37.32,37.97,1615,0.61,2026-09-24
AMNPLST,EQ,170.0,171.0,160.8,164.09,169.0,7235,11.85,2026-09-24
AMRUTANJAN,EQ,507.25,525.6,505.0,510.2,510.05,75103,387.98,2026-09-24
ANANDRATHI,EQ,2168.0,2185.0,2161.5,2167.4,2169.2,212941,4620.46,2026-09-24
ANANTRAJ,EQ,625.0,636.0,621.05,624.1,631.8,1717068,10786.34,2026-09-24
ANDHRAPAP,EQ,70.53,74.48,70.16,73.62,71.19,812860,591.59,2026-09-24
ANDHRSUGAR,EQ,95.0,95.14,92.51,92.98,95.2,192709,180.57,2026-09-24
ANDREWYU,EQ,28.25,28.28,26.3,26.85,28.09,181022,49.1,2026-09-24
ANGELONE,EQ,296.0,297.75,289.8,290.7,300.0,3663688,10737.79,2026-09-24
ANIKINDS,EQ,44.98,44.98,42.91,43.0,44.98,4476,1.95,2026-09-24
ANNAPURNA,EQ,132.4,132.4,128.42,131.17,130.68,34805,45.24,2026-09-24
ANNU,EQ,51.8,52.35,49.52,49.8,53.04,1047458,529.4,2026-09-24
ANSALBU,EQ,103.3,103.3,93.0,94.9,100.14,12729,12.18,2026-09-24
ANTELOPUS,EQ,1161.2,1177.0,1119.1,1130.95,1161.2,379382,4320.58,2026-09-24
ANTGRAPHIC,EQ,0.72,0.73,0.71,0.71,0.73,107802,0.77,2026-09-24
ANTHEM,EQ,877.0,898.55,876.2,885.6,881.9,404794,3600.49,2026-09-24
ANUHPHR,EQ,92.11,93.6,90.2,90.78,93.39,72865,66.65,2026-09-24
ANUP,EQ,1695.5,1715.0,1665.0,1670.1,1698.4,29114,491.34,2026-09-24
ANURAS,EQ,1189.5,1199.0,1172.0,1177.2,1193.4,215684,2556.44,2026-09-24
AONEGOLD,EQ,14.15,14.15,13.95,13.95,14.09,363524,50.92,2026-09-24
AONELIQUID,EQ,1078.15,1078.17,1078.14,1078.16,1078.01,50840,548.13,2026-09-24
AONENIFTY,EQ,9.44,9.79,9.44,9.59,9.69,159547,15.3,2026-09-24
AONESILVER,EQ,8.8,8.9,8.63,8.64,8.8,455481,39.54,2026-09-24
AONETMMQ50,EQ,10.26,10.26,10.07,10.11,10.21,133465,13.59,2026-09-24
AONETOTAL,EQ,11.98,11.98,11.54,11.57,11.72,182637,21.2,2026-09-24
APARINDS,EQ,17876.0,18143.0,17705.0,17804.0,17876.0,78141,13988.46,2026-09-24
APCL,EQ,96.99,96.99,93.63,95.27,95.93,6625,6.25,2026-09-24
APCOTEXIND,EQ,610.0,626.0,600.35,602.85,609.8,107799,661.16,2026-09-24
APEX,EQ,361.0,361.05,347.25,348.9,362.5,64058,226.0,2026-09-24
APLAPOLLO,EQ,2177.0,2204.9,2158.2,2184.8,2195.0,469774,10259.49,2026-09-24
APLLTD,EQ,840.0,858.4,834.95,850.0,844.4,354230,3013.97,2026-09-24
APOLLO,EQ,401.0,407.8,396.8,399.05,404.6,5160852,20731.89,2026-09-24
APOLLOHOSP,EQ,9069.0,9069.0,8888.5,8888.5,9069.0,383106,34384.89,2026-09-24
APOLLOPIPE,EQ,519.85,524.35,503.25,510.5,522.45,71129,363.47,2026-09-24
APOLLOTYRE,EQ,405.5,405.5,396.2,397.95,405.7,432811,1731.94,2026-09-24
APOLSINHOT,EQ,1214.0,1233.9,1214.0,1217.1,1214.0,406,4.96,2026-09-24
APOORVA,EQ,35.58,35.58,32.61,33.7,34.32,2496,0.83,2026-09-24
APTECHT,EQ,92.49,93.8,91.15,92.1,92.06,109778,101.56,2026-09-24
APTUS,EQ,248.0,248.0,238.81,240.92,251.33,2030314,4902.31,2026-09-24
AQYLON,EQ,18.3,19.5,18.05,18.99,18.81,489420,92.27,2026-09-24
ARCHIDPLY,EQ,109.96,109.96,106.21,106.47,109.77,5897,6.35,2026-09-24
ARCHIES,EQ,12.99,13.15,12.6,12.66,12.93,3236,0.42,2026-09-24
ARCIL,EQ,145.0,157.0,145.0,148.62,149.76,9331667,14203.91,2026-09-24
ARCL,EQ,268.5,268.5,245.45,256.85,255.79,5963,15.08,2026-09-24
ARDEE,EQ,51.3,51.35,49.11,49.62,52.25,3091839,1552.86,2026-09-24
ARE&M,EQ,809.0,809.05,793.0,795.4,812.85,302626,2421.23,2026-09-24
ARENTERP,EQ,34.5,34.8,33.1,34.77,34.98,282,0.1,2026-09-24
ARFIN,EQ,88.71,92.0,88.51,89.42,91.42,1135122,1022.14,2026-09-24
ARIHANT,EQ,889.4,895.0,871.4,890.4,900.8,5086,45.05,2026-09-24
ARIHANTCAP,EQ,95.0,95.39,91.22,91.95,94.06,779218,724.91,2026-09-24
ARIHANTSUP,EQ,239.85,247.85,239.85,243.1,239.95,6222,15.11,2026-09-24
ARIS,EQ,143.9,143.9,139.0,141.92,143.72,767528,1084.44,2026-09-24
ARKADE,EQ,127.47,128.89,123.2,124.73,127.73,186335,234.21,2026-09-24
ARMANFIN,EQ,1958.0,1959.9,1869.0,1897.5,1968.9,39659,754.07,2026-09-24
AROGRANITE,EQ,24.13,24.13,23.7,23.97,24.23,1397,0.33,2026-09-24
ARROWGREEN,EQ,900.0,915.05,886.0,895.95,900.0,30653,276.02,2026-09-24
ARSSBL,EQ,508.8,509.0,495.0,497.45,510.8,139770,698.51,2026-09-24
ARTEMISMED,EQ,339.0,342.65,331.1,332.7,341.9,212640,714.59,2026-09-24
ARTNIRMAN,EQ,40.21,40.21,38.6,39.97,40.01,316,0.12,2026-09-24
ARVEE,EQ,237.8,237.8,219.27,224.25,242.18,27441,61.94,2026-09-24
ARVIND,EQ,541.1,571.9,541.1,565.7,548.25,1035806,5831.09,2026-09-24
ARVINDFASN,EQ,422.0,422.05,413.2,414.25,425.45,112586,469.63,2026-09-24
ARVSMART,EQ,630.0,637.9,618.55,622.75,634.05,168728,1058.29,2026-09-24
ARYAMAN,EQ,611.05,615.0,610.0,615.0,611.05,885,5.44,2026-09-24
ASAHIINDIA,EQ,965.0,994.9,960.0,965.4,971.3,181631,1780.8,2026-09-24
ASAL,EQ,451.0,454.8,439.0,441.7,452.0,8394,37.32,2026-09-24
ASALCBR,EQ,657.9,664.4,647.1,651.0,657.9,20912,136.51,2026-09-24
ASHAPURMIN,EQ,530.85,531.65,509.0,510.75,532.85,441922,2279.63,2026-09-24
ASHIANA,EQ,387.0,395.9,386.0,388.5,391.05,30140,117.83,2026-09-24
ASHIMASYN,EQ,15.99,16.25,15.7,15.8,15.81,52805,8.4,2026-09-24
ASHOKA,EQ,112.1,115.0,111.1,113.05,112.8,391179,438.68,2026-09-24
ASHOKAMET,EQ,15.75,16.1,14.71,15.68,15.54,143518,22.25,2026-09-24
ASHOKLEY,EQ,160.0,160.6,157.0,157.3,162.89,8138134,12934.25,2026-09-24
ASIANENE,EQ,490.0,496.0,470.05,474.65,489.7,252857,1213.82,2026-09-24
ASIANHOTNR,EQ,392.65,398.25,381.05,389.5,390.45,5722,22.08,2026-09-24
ASIANPAINT,EQ,2430.0,2437.8,2391.0,2392.7,2455.0,259577,6264.16,2026-09-24
ASIANTILES,EQ,50.9,50.9,49.32,50.35,51.16,2851492,1427.55,2026-09-24
ASIANTNE,EQ,9.75,9.75,9.02,9.19,9.24,3593,0.33,2026-09-24
ASKAUTOLTD,EQ,650.5,654.95,637.7,642.75,651.25,201541,1301.19,2026-09-24
ASMS,EQ,6.45,6.55,6.34,6.41,6.47,201114,12.98,2026-09-24
ASPINWALL,EQ,257.0,260.05,252.15,258.95,255.55,6938,17.77,2026-09-24
ASTAR,EQ,695.0,726.25,663.0,679.25,708.95,713,4.95,2026-09-24
ASTEC,EQ,747.7,756.8,721.0,728.8,757.45,67021,493.7,2026-09-24
ASTERDM,EQ,752.0,780.0,752.0,768.65,760.05,1555012,11987.69,2026-09-24
ASTRAL,EQ,1387.8,1402.3,1384.0,1392.0,1394.8,539189,7520.92,2026-09-24
ASTRAMICRO,EQ,1604.1,1609.0,1591.0,1596.2,1602.1,225496,3608.13,2026-09-24
ASTRAZEN,EQ,6706.0,6706.0,6543.0,6591.0,6706.0,4758,314.82,2026-09-24
ATALREAL,EQ,14.3,14.83,14.3,14.6,14.36,5678874,828.22,2026-09-24
ATAM,EQ,59.24,60.42,57.0,58.08,59.24,7448,4.32,2026-09-24
ATGL,EQ,623.9,623.9,611.1,612.4,625.25,634187,3915.14,2026-09-24
ATHERENERG,EQ,1489.0,1524.5,1481.0,1499.0,1499.4,3276318,49324.25,2026-09-24
ATL,EQ,25.99,26.17,24.91,25.18,25.93,294106,74.48,2026-09-24
ATLANTAA,EQ,35.65,35.83,35.06,35.65,35.83,6973,2.48,2026-09-24
ATLANTAELE,EQ,1676.0,1676.0,1577.0,1587.2,1656.3,107385,1722.68,2026-09-24
ATLASCYCLE,EQ,100.0,101.55,96.32,97.89,100.46,8923,8.81,2026-09-24
ATUL,EQ,6100.0,6208.5,6098.5,6135.5,6118.0,22896,1407.63,2026-09-24
ATULAUTO,EQ,457.75,457.75,445.0,447.55,457.75,48768,219.82,2026-09-24
AUBANK,EQ,1034.1,1034.1,999.2,1000.1,1053.0,3448868,34789.6,2026-09-24
AUGMONT,EQ,879.95,895.0,858.6,864.1,886.3,448654,3926.99,2026-09-24
AURIONPRO,EQ,680.0,704.0,675.25,682.55,689.4,115289,796.01,2026-09-24
AUROPHARMA,EQ,1719.7,1740.0,1710.0,1716.0,1721.5,819753,14156.97,2026-09-24
AURUM,EQ,223.0,223.0,219.9,220.22,223.19,67430,148.77,2026-09-24
AURUS,EQ,4.85,4.85,4.51,4.63,4.67,17035,0.79,2026-09-24
AUSOMENT,EQ,147.63,149.0,140.3,145.66,147.63,8104,11.74,2026-09-24
AUSTENG,EQ,164.4,171.97,164.19,169.04,164.19,33265,55.91,2026-09-24
AUTOAXLES,EQ,1687.8,1700.0,1668.6,1683.6,1682.0,4622,77.99,2026-09-24
AUTOBEES,EQ,280.0,281.29,277.0,277.2,280.54,179921,500.83,2026-09-24
AUTOIETF,EQ,28.06,28.2,27.61,27.7,28.2,1031747,286.76,2026-09-24
AUTOIND,EQ,87.5,89.54,84.0,84.32,87.79,768484,661.97,2026-09-24
AVADHSUGAR,EQ,731.05,737.0,719.95,724.1,730.8,33701,245.27,2026-09-24
AVALON,EQ,2427.9,2470.0,2280.0,2316.1,2445.6,373474,8818.42,2026-09-24
AVANCE,EQ,0.84,0.84,0.8,0.8,0.83,4330582,35.45,2026-09-24
AVANTEL,EQ,153.0,160.0,151.38,155.34,146.17,19469119,30482.26,2026-09-24
AVANTIFEED,EQ,762.0,764.15,747.2,749.75,767.2,161012,1214.02,2026-09-24
AVL,EQ,624.1,630.0,617.0,628.05,624.4,83082,519.4,2026-09-24
AVONMORE,EQ,13.64,13.64,13.01,13.1,13.48,174612,23.13,2026-09-24
AVROIND,EQ,7.24,7.24,6.99,7.08,7.13,132690,9.41,2026-09-24
AVTNPL,EQ,95.3,96.7,91.91,92.93,96.88,418880,393.29,2026-09-24
AWFIS,EQ,269.25,269.9,257.8,262.4,269.05,717703,1880.1,2026-09-24
AWHCL,EQ,383.05,387.8,377.95,381.05,387.95,96746,370.62,2026-09-24
AWL,EQ,188.49,189.33,183.7,184.69,186.18,3163547,5872.75,2026-09-24
AXISBANK,EQ,1225.2,1225.2,1175.0,1186.5,1243.2,10890660,129781.14,2026-09-24
AXISCADES,EQ,1930.0,1959.0,1905.2,1923.1,1940.2,118651,2291.08,2026-09-24
AXITA,EQ,8.11,8.12,7.95,8.0,8.0,1313832,105.27,2026-09-24
AXTEL,EQ,449.5,459.9,435.0,442.3,450.35,1962,8.77,2026-09-24
AYE,EQ,181.99,181.99,170.6,171.99,180.66,1306567,2275.1,2026-09-24
AYMSYNTEX,EQ,296.95,296.95,283.15,285.4,292.8,47064,134.67,2026-09-24
AZAD,EQ,2705.0,2739.3,2667.9,2678.3,2713.2,194120,5251.28,2026-09-24
AZADIND,EQ,84.0,88.9,81.06,83.77,80.93,39928,33.57,2026-09-24
BAGFILMS,EQ,4.35,4.38,4.25,4.29,4.34,43213,1.85,2026-09-24
BAIDFIN,EQ,10.55,10.63,10.29,10.45,10.55,40141,4.17,2026-09-24
BAJAJ-AUTO,EQ,11341.0,11383.0,11201.0,11208.0,11400.0,106766,12025.13,2026-09-24
BAJAJCON,EQ,504.0,514.1,499.5,501.7,505.85,542706,2736.44,2026-09-24
BAJAJELEC,EQ,326.15,328.0,320.15,321.45,329.4,85820,277.56,2026-09-24
BAJAJFINSV,EQ,1818.0,1818.0,1760.9,1762.3,1846.5,1520045,27042.54,2026-09-24
BAJAJHCARE,EQ,354.0,364.4,348.3,350.15,352.7,310385,1107.65,2026-09-24
BAJAJHFL,EQ,83.28,83.39,82.08,82.96,83.52,4579123,3784.22,2026-09-24
BAJAJHIND,EQ,20.48,20.48,19.7,19.9,20.52,9500176,1902.02,2026-09-24
BAJAJHLDNG,EQ,11390.0,11390.0,10898.0,10917.0,11449.0,43678,4863.11,2026-09-24
BAJAJINDEF,EQ,220.05,223.59,217.83,218.37,221.9,11131,24.44,2026-09-24
BAJAJST,EQ,347.0,349.1,345.0,347.0,349.8,3155,10.93,2026-09-24
BAJEL,EQ,174.02,174.02,168.0,172.11,174.06,114747,196.01,2026-09-24
BAJFINANCE,EQ,1005.0,1015.0,974.0,982.0,1043.2,13385656,132373.03,2026-09-24
BALAJEE,EQ,24.95,26.4,24.95,25.38,25.68,38348,9.77,2026-09-24
BALAJITELE,EQ,93.0,97.3,92.76,93.82,94.18,173922,165.46,2026-09-24
BALAMINES,EQ,2259.1,2308.4,2209.1,2226.0,2271.2,182755,4114.84,2026-09-24
BALAXI,EQ,22.5,23.25,22.5,22.73,22.94,20375,4.64,2026-09-24
BALKRISHNA,EQ,16.15,16.4,15.5,15.9,16.15,4835,0.77,2026-09-24
BALKRISIND,EQ,2185.0,2201.7,2161.1,2167.8,2199.6,49847,1087.66,2026-09-24
BALMLAWRIE,EQ,167.0,167.0,161.05,164.25,167.43,123861,203.65,2026-09-24
BALPHARMA,EQ,106.25,108.99,103.0,105.02,108.28,37460,39.9,2026-09-24
BALRAMCHIN,EQ,674.8,677.5,657.0,659.4,676.4,578395,3845.46,2026-09-24
BALUFORGE,EQ,502.55,506.95,495.15,498.1,506.25,319506,1599.48,2026-09-24
BANARBEADS,EQ,116.99,119.64,113.1,115.86,113.28,7965,9.29,2026-09-24
BANARISUG,EQ,3334.6,3334.6,3300.0,3306.5,3342.8,550,18.2,2026-09-24
BANCOINDIA,EQ,608.0,612.35,600.2,602.35,611.75,54525,330.48,2026-09-24
BANDHANBNK,EQ,186.0,189.28,182.62,182.9,191.38,19300035,35871.72,2026-09-24
BANG,EQ,32.38,32.4,31.45,31.61,31.78,10834,3.43,2026-09-24
BANK10ADD,EQ,16.54,16.89,16.36,16.53,16.59,116459,19.14,2026-09-24
BANK10BETF,EQ,20.32,20.32,20.05,20.17,20.46,6777,1.37,2026-09-24
BANKA,EQ,76.5,76.5,76.5,76.5,76.5,51,0.04,2026-09-24
BANKADD,EQ,57.78,57.78,56.78,56.9,58.01,33277,18.96,2026-09-24
BANKBARODA,EQ,234.5,236.22,233.77,234.3,236.87,3751372,8806.11,2026-09-24
BANKBEES,EQ,586.0,586.0,570.93,575.88,585.57,806404,4651.17,2026-09-24
BANKBETA,EQ,59.88,59.88,57.36,57.5,58.42,151910,87.56,2026-09-24
BANKBETF,EQ,57.64,57.64,56.31,56.52,57.64,22513,12.75,2026-09-24
BANKETF,EQ,570.73,570.96,565.21,566.53,576.92,36849,209.2,2026-09-24
BANKIETF,EQ,57.41,57.65,56.97,57.06,58.02,463705,265.3,2026-09-24
BANKINDIA,EQ,138.26,138.75,137.11,137.76,139.65,3672188,5055.42,2026-09-24
BANKNIFTY1,EQ,60.14,60.14,57.21,57.55,58.68,1004664,579.31,2026-09-24
BANKPSU,EQ,84.0,84.14,83.25,83.44,84.16,4131,3.45,2026-09-24
BANSALWIRE,EQ,316.1,330.0,316.1,323.35,315.9,223728,725.3,2026-09-24
BANSWRAS,EQ,111.85,114.62,108.62,109.34,111.28,102020,113.1,2026-09-24
BASF,EQ,3570.0,3579.9,3509.7,3523.9,3580.4,13349,471.4,2026-09-24
BATAINDIA,EQ,637.2,638.95,626.0,627.0,637.2,89666,564.79,2026-09-24
BATLIBOI,EQ,82.5,84.5,81.5,83.77,84.28,18593,15.52,2026-09-24
BAYERCROP,EQ,3762.6,3764.9,3725.0,3736.3,3762.6,20014,748.67,2026-09-24
BBETF0432,EQ,1335.36,1342.94,1335.0,1335.53,1340.66,621,8.31,2026-09-24
BBL,EQ,2215.0,2242.0,2185.0,2203.1,2231.1,14261,314.12,2026-09-24
BBNPNBETF,EQ,56.46,57.04,55.87,55.87,57.19,1140,0.64,2026-09-24
BBNPPGOLD,EQ,147.1,147.2,143.15,144.9,146.4,19352,28.11,2026-09-24
BBOX,EQ,803.0,809.7,791.75,795.4,809.85,282103,2256.46,2026-09-24
BBTC,EQ,1450.2,1450.2,1429.1,1437.4,1450.2,36159,520.42,2026-09-24
BBTCL,EQ,232.69,234.02,223.52,229.17,231.3,5451,12.49,2026-09-24
BCG,EQ,9.54,9.61,9.4,9.46,9.59,4054174,385.11,2026-09-24
BCLIND,EQ,33.99,34.09,33.14,33.48,34.14,428082,143.86,2026-09-24
BCONCEPTS,EQ,153.99,154.0,150.05,151.32,153.06,5900,8.99,2026-09-24
BCPL,EQ,70.8,72.99,67.71,68.4,69.47,26282,18.25,2026-09-24
BDL,EQ,1170.0,1183.0,1152.1,1155.0,1161.0,2015425,23596.65,2026-09-24
BEARDSELL,EQ,25.25,25.25,23.89,24.11,24.75,18314,4.43,2026-09-24
BECTORFOOD,EQ,220.77,221.0,215.0,215.68,219.3,540566,1175.15,2026-09-24
BEDMUTHA,EQ,104.96,108.0,102.1,103.05,104.89,527,0.55,2026-09-24
BEEKAY,EQ,427.5,427.5,423.0,426.4,423.25,745,3.17,2026-09-24
BEL,EQ,394.0,398.05,392.0,392.0,396.05,5841116,23116.21,2026-09-24
BELLACASA,EQ,284.0,284.0,268.02,272.34,284.12,14031,38.92,2026-09-24
BELRISE,EQ,246.0,250.61,242.21,243.63,249.78,2808239,6948.37,2026-09-24
BEML,EQ,2078.2,2089.0,2030.0,2044.4,2095.4,193556,3983.02,2026-09-24
BENARAS,EQ,10470.0,10550.0,10215.0,10299.0,10470.0,83,8.58,2026-09-24
BENGALASM,EQ,6153.0,6179.5,6120.5,6126.0,6182.5,142,8.72,2026-09-24
BEPL,EQ,130.2,131.04,126.0,127.09,130.49,995288,1273.91,2026-09-24
BERGEPAINT,EQ,457.85,457.85,444.35,449.4,459.75,671583,3011.76,2026-09-24
BESTAGRO,EQ,18.48,18.75,18.01,18.19,18.59,400243,73.26,2026-09-24
BETA,EQ,2190.5,2197.9,2080.0,2093.4,2187.8,16148,341.26,2026-09-24
BFINVEST,EQ,446.7,447.4,436.2,439.55,446.7,13440,59.44,2026-09-24
BFSI,EQ,26.58,26.75,25.94,26.04,26.58,682471,177.94,2026-09-24
BFUTILITIE,EQ,525.0,529.0,518.0,525.45,530.5,32590,170.81,2026-09-24
BHAGCHEM,EQ,244.5,247.4,243.25,244.85,247.0,104144,254.5,2026-09-24
BHAGERIA,EQ,340.0,361.95,335.25,359.65,351.75,243343,854.7,2026-09-24
BHAGYANGR,EQ,448.9,453.4,429.35,432.3,444.65,137809,608.9,2026-09-24
BHANDARI,EQ,2.97,2.97,2.91,2.93,2.95,61014,1.79,2026-09-24
BHARATCOAL,EQ,32.49,32.49,32.0,32.13,32.62,3636614,1171.61,2026-09-24
BHARATFORG,EQ,1965.0,2023.2,1965.0,1998.9,2004.0,1248669,24983.91,2026-09-24
BHARATRAS,EQ,1136.4,1136.4,1105.0,1114.0,1134.0,11034,123.59,2026-09-24
BHARATSE,EQ,220.05,220.06,214.44,217.55,220.05,75195,163.19,2026-09-24
BHARATWIRE,EQ,170.1,170.11,164.1,165.34,170.1,119874,200.45,2026-09-24
BHARTIARTL,EQ,1829.7,1829.9,1795.8,1795.8,1833.2,4567379,82559.32,2026-09-24
BHARTIHEXA,EQ,1511.0,1519.9,1496.8,1507.2,1525.2,27837,419.08,2026-09-24
BHEL,EQ,421.4,422.65,415.35,415.35,423.1,5474876,22930.55,2026-09-24
BIGBLOC,EQ,40.4,40.95,39.52,40.56,39.97,22890,9.23,2026-09-24
BIKAJI,EQ,591.1,591.9,570.95,575.2,591.1,146636,853.1,2026-09-24
BIL,EQ,1036.55,1043.95,1001.0,1010.25,1034.95,8544,87.29,2026-09-24
BIMETAL,EQ,661.0,661.0,645.0,659.1,660.65,137,0.9,2026-09-24
BIOCON,EQ,390.9,394.8,384.9,387.0,395.0,1708424,6658.42,2026-09-24
BIOFILCHEM,EQ,32.05,32.63,32.05,32.33,32.29,9891,3.2,2026-09-24
BIRLACABLE,EQ,361.05,364.75,343.95,345.2,361.9,371183,1300.67,2026-09-24
BIRLACORPN,EQ,831.0,849.75,828.85,840.9,839.95,60283,507.45,2026-09-24
BIRLAMONEY,EQ,120.34,120.5,117.6,118.66,120.34,16031,19.02,2026-09-24
BIRLANU,EQ,1407.3,1445.9,1385.2,1421.3,1407.3,9067,127.26,2026-09-24
BLACKBUCK,EQ,610.0,610.0,588.0,592.95,616.05,482807,2883.01,2026-09-24
BLAL,EQ,165.33,167.8,162.05,162.83,165.33,16847,27.52,2026-09-24
BLBLIMITED,EQ,17.26,17.5,16.84,17.12,17.33,159672,27.5,2026-09-24
BLEL,EQ,464.0,464.35,442.2,447.3,469.6,611687,2753.97,2026-09-24
BLIL,EQ,67.3,67.3,66.66,66.73,67.28,49766,33.27,2026-09-24
BLKASHYAP,EQ,53.21,53.39,52.4,52.85,53.97,162477,85.89,2026-09-24
BLS,EQ,229.8,229.8,220.96,223.9,230.07,979443,2202.9,2026-09-24
BLSE,EQ,321.75,328.0,320.35,326.7,322.45,346574,1125.87,2026-09-24
BLUECLOUDS,EQ,19.66,20.41,19.5,20.06,19.73,2344649,470.91,2026-09-24
BLUECOAST,EQ,20.82,21.79,20.69,20.72,20.82,724,0.15,2026-09-24
BLUEDART,EQ,4785.0,4839.0,4740.0,4793.0,4799.5,4436,211.54,2026-09-24
BLUEJET,EQ,582.0,592.0,571.85,573.45,585.75,392347,2285.9,2026-09-24
BLUESTARCO,EQ,1522.6,1545.6,1514.1,1525.0,1532.6,204703,3131.54,2026-09-24
BLUESTONE,EQ,862.45,862.55,790.05,807.15,855.5,6798097,56092.77,2026-09-24
BLUSPRING,EQ,132.59,142.75,131.32,140.56,132.59,1598336,2222.65,2026-09-24
BMWVENTLTD,EQ,51.49,52.9,50.01,52.23,51.2,112493,57.92,2026-09-24
BNAGROCHEM,EQ,207.0,215.0,200.0,207.99,206.88,646,1.31,2026-09-24
BNKETFAXIS,EQ,575.6,575.6,572.01,573.8,584.85,1115,6.4,2026-09-24
BODALCHEM,EQ,197.53,202.79,189.56,195.08,199.53,2298596,4471.58,2026-09-24
BOHRAIND,EQ,13.11,15.0,13.11,14.93,13.64,36086,5.24,2026-09-24
BOMDYEING,EQ,111.04,111.97,109.0,109.63,111.52,395572,435.84,2026-09-24
BONLON,EQ,40.91,42.49,39.5,41.32,40.93,43963,18.19,2026-09-24
BORANA,EQ,296.0,298.95,289.35,291.0,295.5,53011,154.75,2026-09-24
BOROLTD,EQ,263.0,267.9,258.0,259.31,267.5,268071,703.57,2026-09-24
BORORENEW,EQ,472.95,472.95,458.0,459.75,475.0,247809,1152.5,2026-09-24
BOROSCI,EQ,116.3,118.0,114.08,115.77,117.74,136780,158.62,2026-09-24
BOSCH-HCIL,EQ,1755.0,1795.0,1725.0,1730.0,1769.8,18011,316.27,2026-09-24
BOSCHLTD,EQ,47890.0,48080.0,47145.0,47750.0,47955.0,14604,6979.14,2026-09-24
BPCL,EQ,312.4,313.95,306.7,307.1,315.75,3225066,9986.8,2026-09-24
BPL,EQ,45.9,45.9,44.11,44.85,45.09,39207,17.51,2026-09-24
BPLPHARMA,EQ,1539.9,1590.2,1539.9,1581.7,1545.5,2856,44.74,2026-09-24
BRAHMINFRA,EQ,157.0,157.0,151.5,153.13,154.55,18627,28.6,2026-09-24
BRIGADE,EQ,616.0,616.0,598.8,606.2,616.45,181473,1100.98,2026-09-24
BRIGHOTEL,EQ,57.0,57.44,55.49,56.11,57.05,159327,90.03,2026-09-24
BRIGHTBR,EQ,249.85,249.85,235.1,240.5,251.1,6586,15.84,2026-09-24
BRITANNIA,EQ,4935.0,4959.5,4885.0,4895.0,4929.0,184523,9094.94,2026-09-24
BRNL,EQ,16.66,16.92,16.12,16.71,16.66,10532,1.74,2026-09-24
BROOKS,EQ,61.0,61.35,58.67,59.4,61.0,26893,16.2,2026-09-24
BSE,EQ,3235.0,3308.0,3175.0,3183.8,3270.7,5659943,183503.87,2026-09-24
BSE500IETF,EQ,38.72,38.72,38.13,38.29,38.72,1552777,592.81,2026-09-24
BSHSL,EQ,86.64,87.8,85.21,87.16,85.57,2701,2.35,2026-09-24
BSL,EQ,123.62,124.24,120.55,120.9,124.24,3988,4.87,2026-09-24
BSLGOLDETF,EQ,131.6,132.41,131.36,131.48,132.9,2075169,2732.74,2026-09-24
BSLNIFTY,EQ,28.24,28.24,26.9,27.15,27.56,909838,247.47,2026-09-24
BSLSENETFG,EQ,75.32,75.75,74.36,74.42,75.32,9258,6.91,2026-09-24
BSOFT,EQ,280.0,280.35,276.0,277.7,281.1,673742,1872.62,2026-09-24
BTML,EQ,7.3,7.3,6.95,6.97,7.15,123057,8.69,2026-09-24
BUILDPRO,EQ,1292.3,1300.5,1255.0,1272.6,1292.3,194395,2489.48,2026-09-24
BUTTERFLY,EQ,566.0,573.1,562.5,568.3,566.0,13853,78.68,2026-09-24
BVCL,EQ,41.75,42.14,41.0,41.18,42.12,3050,1.26,2026-09-24
BYKE,EQ,30.92,30.92,29.6,30.05,30.35,17342,5.23,2026-09-24
CAMLINFINE,EQ,98.1,98.34,96.6,97.25,98.69,330848,322.78,2026-09-24
CAMPUS,EQ,211.0,211.4,207.78,210.95,211.05,372182,781.05,2026-09-24
CAMS,EQ,718.45,725.0,705.0,710.6,723.9,989945,7093.78,2026-09-24
CANBK,EQ,124.95,126.2,124.57,125.9,126.0,9112129,11422.8,2026-09-24
CANFINHOME,EQ,757.95,759.9,740.05,743.15,757.95,224170,1673.51,2026-09-24
CANHLIFE,EQ,143.0,154.88,135.68,151.51,151.63,4556970,6680.43,2026-09-24
CANTABIL,EQ,238.73,239.8,236.2,238.52,238.55,104044,247.89,2026-09-24
CAPACITE,EQ,195.3,196.88,191.3,192.57,198.25,202408,392.96,2026-09-24
CAPILLARY,EQ,544.45,574.9,523.15,567.55,545.55,780150,4406.35,2026-09-24
CAPITALSFB,EQ,284.6,287.4,279.6,280.55,284.6,47408,134.31,2026-09-24
CAPLIPOINT,EQ,2775.0,2990.0,2770.0,2867.4,2793.8,1241321,36321.95,2026-09-24
CARBORUNIV,EQ,1264.0,1368.9,1257.1,1296.5,1264.5,3529279,46820.66,2026-09-24
CARERATING,EQ,1638.3,1638.3,1610.0,1616.8,1639.6,22146,358.47,2026-09-24
CARRARO,EQ,549.85,554.0,541.2,550.05,554.6,82085,450.02,2026-09-24
CARTRADE,EQ,2989.1,3099.0,2963.6,3004.8,3001.8,374113,11374.55,2026-09-24
CARYSIL,EQ,1083.7,1084.4,1040.1,1047.9,1085.1,78532,829.86,2026-09-24
CASHIETF,EQ,1080.83,1080.85,1080.83,1080.84,1080.68,272120,2941.2,2026-09-24
CASTROLIND,EQ,193.2,195.9,192.11,194.8,193.23,2326661,4530.6,2026-09-24
CCAVENUE,EQ,16.0,16.26,15.82,15.99,16.09,9133232,1463.85,2026-09-24
CCCL,EQ,13.26,13.48,13.03,13.31,13.26,125757,16.59,2026-09-24
CCHHL,EQ,13.39,13.85,13.1,13.49,13.42,57882,7.83,2026-09-24
CCL,EQ,1045.0,1050.1,1029.8,1039.5,1043.2,114687,1188.79,2026-09-24
CDSL,EQ,1339.0,1347.3,1318.1,1320.0,1351.1,1232299,16426.46,2026-09-24
CEATLTD,EQ,3408.9,3429.8,3335.0,3353.8,3432.2,30034,1015.14,2026-09-24
CEIGALL,EQ,387.0,390.0,379.65,382.55,388.85,154717,594.44,2026-09-24
CEINSYS,EQ,701.4,713.65,688.35,695.5,712.05,49272,345.96,2026-09-24
CELEBRITY,EQ,6.36,6.85,6.21,6.56,6.65,61846,4.01,2026-09-24
CELLO,EQ,324.0,344.0,320.15,339.8,324.1,2264566,7653.28,2026-09-24
CEMNTGROWW,EQ,14.39,14.39,14.1,14.14,14.28,55125,7.83,2026-09-24
CEMPRO,EQ,1305.0,1305.0,1254.5,1268.5,1311.2,173946,2217.83,2026-09-24
CENTENKA,EQ,581.95,581.95,565.0,567.55,580.55,18962,108.23,2026-09-24
CENTEXT,EQ,19.0,19.1,18.61,18.82,18.79,95536,18.0,2026-09-24
CENTRALBK,EQ,31.5,31.52,31.08,31.19,31.63,2898783,905.71,2026-09-24
CENTRUM,EQ,21.35,21.5,21.0,21.06,21.21,257403,54.43,2026-09-24
CENTUM,EQ,4822.3,4959.0,4766.8,4837.6,4826.1,91384,4427.47,2026-09-24
CENTURYPLY,EQ,711.9,722.15,689.55,694.25,711.9,132522,923.32,2026-09-24
CERA,EQ,5480.0,5521.5,5475.0,5492.5,5520.0,2719,149.56,2026-09-24
CESC,EQ,142.44,142.44,139.6,139.89,142.56,1219300,1716.74,2026-09-24
CEWATER,EQ,273.0,275.8,266.25,268.75,274.4,44723,121.54,2026-09-24
CGCL,EQ,268.0,269.5,256.25,259.4,268.6,1779349,4636.06,2026-09-24
CGPOWER,EQ,877.1,896.4,877.1,886.7,895.0,1340393,11911.13,2026-09-24
CGVAK,EQ,151.0,151.0,141.81,148.11,148.67,2570,3.74,2026-09-24
CHALET,EQ,884.0,897.0,866.6,894.9,884.05,129562,1147.49,2026-09-24
CHAMBLFERT,EQ,419.6,421.5,415.45,418.2,419.6,269494,1127.92,2026-09-24
CHEMBOND,EQ,197.83,197.83,191.0,191.59,193.68,6927,13.35,2026-09-24
CHEMCRUX,EQ,78.0,79.9,77.77,78.61,78.16,3216,2.54,2026-09-24
CHEMFAB,EQ,352.0,375.0,350.0,358.2,351.6,5232,18.87,2026-09-24
CHEMICAL,EQ,29.56,29.68,29.1,29.13,29.56,153885,45.07,2026-09-24
CHEMPLASTS,EQ,198.0,198.0,187.93,192.65,199.4,231387,447.15,2026-09-24
CHENNPETRO,EQ,1385.7,1398.2,1360.8,1372.7,1388.6,873065,12006.96,2026-09-24
CHEVIOT,EQ,1190.0,1194.0,1165.0,1166.6,1176.7,588,6.94,2026-09-24
CHOICEGOLD,EQ,149.9,149.98,147.23,148.1,149.87,32937,49.05,2026-09-24
CHOICEIN,EQ,749.0,759.0,745.75,749.5,751.85,178798,1344.43,2026-09-24
CHOLAFIN,EQ,1630.0,1712.0,1629.9,1681.7,1774.0,4152387,69777.71,2026-09-24
CHOLAHLDNG,EQ,1451.0,1456.4,1405.4,1432.6,1472.4,415789,5931.23,2026-09-24
CIEINDIA,EQ,384.35,391.95,382.1,388.95,384.2,203748,792.87,2026-09-24
CIFL,EQ,21.9,22.5,21.16,21.76,21.34,224279,48.96,2026-09-24
CINELINE,EQ,88.23,90.25,88.23,89.17,90.01,17998,16.07,2026-09-24
CINEVISTA,EQ,14.21,14.4,14.0,14.11,14.1,21066,2.97,2026-09-24
CIPLA,EQ,1375.0,1419.0,1364.6,1399.0,1383.0,1580784,22105.81,2026-09-24
CLEAN,EQ,831.3,831.3,811.35,815.45,836.6,221209,1813.26,2026-09-24
CLEANMAX,EQ,1453.0,1453.0,1373.8,1385.2,1457.5,285889,4031.97,2026-09-24
CLEDUCATE,EQ,56.28,56.28,54.5,55.07,56.31,5647,3.1,2026-09-24
CLSEL,EQ,292.8,298.85,290.3,292.4,296.25,34504,101.48,2026-09-24
CMLL,EQ,509.0,523.0,502.5,506.25,504.65,600592,3073.17,2026-09-24
CMPDI,EQ,210.0,211.76,205.1,206.71,213.53,927444,1930.59,2026-09-24
CMRGREEN,EQ,227.73,227.73,219.91,220.72,227.73,411849,919.92,2026-09-24
CMSINFO,EQ,234.0,234.0,230.1,232.32,234.12,516478,1194.97,2026-09-24
CNL,EQ,1156.9,1156.9,1101.0,1106.9,1146.1,10193,114.6,2026-09-24
COALINDIA,EQ,422.0,423.85,418.8,422.0,424.55,3565762,15021.16,2026-09-24
COASTCORP,EQ,38.0,38.48,37.2,37.68,38.04,26291,9.94,2026-09-24
COCHINSHIP,EQ,1365.0,1385.0,1358.1,1370.0,1370.0,557426,7661.6,2026-09-24
COCKERILL,EQ,8176.0,8176.0,7922.0,7955.5,8144.0,4221,336.86,2026-09-24
COFFEEDAY,EQ,30.99,31.35,30.6,30.7,31.0,401197,123.76,2026-09-24
COFORGE,EQ,1762.0,1803.4,1758.1,1785.9,1782.4,1123720,20056.62,2026-09-24
COHANCE,EQ,459.0,464.45,451.1,454.15,461.45,349978,1598.97,2026-09-24
COLPAL,EQ,1875.0,1885.7,1852.2,1854.8,1886.7,374034,6976.4,2026-09-24
COMFINTE,EQ,5.75,5.83,5.6,5.69,5.73,139714,7.94,2026-09-24
COMMOIETF,EQ,98.01,98.88,96.8,96.98,98.01,49039,47.68,2026-09-24
COMPEAU,EQ,373.0,375.0,365.0,365.0,364.4,276,1.03,2026-09-24
COMPUSOFT,EQ,13.48,13.59,13.2,13.3,13.35,29910,4.02,2026-09-24
COMSYN,EQ,299.7,308.0,290.0,292.5,299.3,326769,978.97,2026-09-24
CONCOR,EQ,462.9,472.9,457.55,466.3,464.65,2952951,13784.23,2026-09-24
CONCORDBIO,EQ,1548.5,1548.5,1472.7,1478.8,1560.3,317814,4754.87,2026-09-24
CONFIPET,EQ,88.8,90.43,85.41,86.29,89.12,2532139,2223.66,2026-09-24
CONS,EQ,11.71,11.98,11.62,11.73,11.86,13268,1.56,2026-09-24
CONSUMAXIS,EQ,118.5,118.5,116.96,117.33,118.44,829,0.97,2026-09-24
CONSUMBEES,EQ,129.78,129.78,126.67,127.1,128.81,40878,52.09,2026-09-24
CONSUMER,EQ,12.07,12.11,11.58,11.63,11.91,167936,19.65,2026-09-24
CONSUMIETF,EQ,119.25,119.25,117.85,118.21,119.51,9801,11.63,2026-09-24
CONTROLPR,EQ,585.05,588.2,578.35,584.65,584.55,14635,85.34,2026-09-24
CORALFINAC,EQ,32.25,32.25,31.2,31.29,31.9,15514,4.88,2026-09-24
CORDELIA,EQ,112.0,112.5,107.33,107.97,112.97,945738,1034.15,2026-09-24
CORDSCABLE,EQ,365.0,373.9,360.95,366.75,369.65,92945,340.77,2026-09-24
COROMANDEL,EQ,1943.0,1957.4,1922.2,1942.5,1956.0,368429,7147.15,2026-09-24
CORONA,EQ,2163.4,2163.4,2101.0,2111.0,2163.4,45427,973.68,2026-09-24
COSMOFIRST,EQ,867.2,871.65,850.0,857.25,867.2,29882,257.36,2026-09-24
CPCAP,EQ,153.5,157.78,152.5,154.6,152.95,24807,38.33,2026-09-24
CPEDU,EQ,180.0,182.89,175.0,179.17,179.52,1697,3.0,2026-09-24
CPL,EQ,62.8,62.99,61.96,62.54,62.46,23312,14.61,2026-09-24
CPPLUS,EQ,3819.8,3874.6,3752.0,3800.1,3831.9,318527,12143.95,2026-09-24
CPSEETF,EQ,95.53,95.53,91.9,92.72,93.2,766534,711.64,2026-09-24
CRAFTSMAN,EQ,10720.0,11005.0,10640.0,10710.0,10904.0,50498,5468.4,2026-09-24
CRAMC,EQ,230.0,232.3,227.45,228.8,230.35,322477,740.14,2026-09-24
CRAVATEX,EQ,341.7,410.0,340.95,361.45,341.7,14410,56.24,2026-09-24
CREATIVEYE,EQ,6.25,6.35,5.66,6.26,6.19,37615,2.18,2026-09-24
CREDITACC,EQ,1345.8,1345.9,1311.2,1315.1,1349.6,153580,2029.25,2026-09-24
CREST,EQ,362.6,364.95,360.0,364.15,366.0,1486,5.36,2026-09-24
CRESTO,EQ,21.8,24.16,20.5,24.13,20.14,495249,116.88,2026-09-24
CRISIL,EQ,4588.9,4599.0,4489.0,4503.5,4605.8,14052,637.41,2026-09-24
CRIZAC,EQ,176.5,192.89,174.35,186.1,176.5,1104991,2056.05,2026-09-24
CROMPTON,EQ,222.78,223.3,218.65,219.8,223.43,1694754,3743.58,2026-09-24
CROWN,EQ,124.5,125.99,113.6,117.94,122.53,49383,58.38,2026-09-24
CSBBANK,EQ,336.0,336.0,325.3,333.75,336.4,347821,1152.01,2026-09-24
CSLFINANCE,EQ,216.95,220.18,210.99,211.73,216.95,66295,141.2,2026-09-24
CSM,EQ,103.0,104.4,101.0,101.57,103.93,242909,249.6,2026-09-24
CUB,EQ,225.0,228.37,218.95,220.52,225.34,3679351,8219.58,2026-09-24
CUBEXTUB,EQ,138.4,138.4,125.82,138.4,125.82,807577,1112.02,2026-09-24
CUMMINSIND,EQ,5003.5,5011.5,4958.0,4973.0,5010.0,164357,8189.48,2026-09-24
CUPID,EQ,274.9,276.95,263.5,266.3,273.85,30961528,83060.5,2026-09-24
CYIENT,EQ,1064.1,1085.0,1044.0,1057.8,1072.2,225594,2400.3,2026-09-24
CYIENTDLM,EQ,952.1,968.0,905.6,912.7,963.5,311196,2899.57,2026-09-24
DABUR,EQ,387.2,388.9,383.45,385.7,387.4,836163,3226.79,2026-09-24
DALBHARAT,EQ,1748.0,1750.0,1711.2,1721.2,1744.0,18355,316.9,2026-09-24
DALMIASUG,EQ,402.75,409.35,396.95,399.5,407.75,110048,442.92,2026-09-24
DAMCAPITAL,EQ,140.11,140.3,136.75,137.2,140.39,157626,217.63,2026-09-24
DANGEE,EQ,2.75,2.97,2.74,2.97,2.7,7561092,213.51,2026-09-24
DATAMATICS,EQ,784.9,788.5,772.55,783.95,789.85,47138,368.67,2026-09-24
DATAPATTNS,EQ,4390.0,4464.0,4370.8,4395.5,4422.4,291150,12837.24,2026-09-24
DAVANGERE,EQ,2.18,2.23,2.16,2.19,2.2,5520097,120.57,2026-09-24
DBCORP,EQ,182.0,182.79,179.2,180.31,182.22,51129,92.42,2026-09-24
DBEIL,EQ,6.78,6.81,6.43,6.64,6.8,203483,13.51,2026-09-24
DBL,EQ,412.4,416.3,411.25,412.6,413.55,80854,333.64,2026-09-24
DBOL,EQ,116.0,116.05,112.0,113.2,115.63,103725,118.47,2026-09-24
DBREALTY,EQ,100.3,104.27,97.4,100.22,101.48,2505139,2529.54,2026-09-24
DCAL,EQ,172.2,174.0,167.22,168.19,173.33,120226,204.36,2026-09-24
DCBBANK,EQ,218.4,218.99,206.69,213.35,223.69,2863570,6091.42,2026-09-24
DCI,EQ,265.0,318.9,264.3,302.4,268.6,1477566,4490.32,2026-09-24
DCM,EQ,76.85,76.85,74.3,75.07,75.34,14020,10.53,2026-09-24
DCMFINSERV,EQ,5.01,5.16,4.91,4.99,5.01,2209,0.11,2026-09-24
DCMNVL,EQ,177.94,179.0,176.27,178.64,179.43,2461,4.39,2026-09-24
DCMSHRIRAM,EQ,978.0,982.5,969.0,975.6,980.0,30872,301.09,2026-09-24
DCMSIL,EQ,79.45,85.2,74.1,85.2,77.46,396594,319.96,2026-09-24
DCMSRIND,EQ,38.0,38.2,37.55,37.88,38.01,63506,24.02,2026-09-24
DCW,EQ,50.02,50.47,48.11,48.36,50.02,1887262,930.48,2026-09-24
DCXINDIA,EQ,164.0,165.0,161.1,162.28,164.73,254929,415.63,2026-09-24
DDEVPLSTIK,EQ,264.0,264.0,255.15,257.75,262.6,45580,117.97,2026-09-24
DECCANCE,EQ,560.0,569.45,555.1,555.95,560.45,9295,51.98,2026-09-24
DECNGOLD,EQ,220.35,220.75,213.0,214.51,222.44,1062301,2294.28,2026-09-24
DEEDEV,EQ,714.6,719.8,675.6,675.6,711.15,126760,873.79,2026-09-24
DEEPA,EQ,193.95,198.3,190.1,194.18,196.4,2050357,3973.94,2026-09-24
DEEPAKFERT,EQ,1385.0,1393.8,1351.9,1361.4,1386.2,150002,2055.94,2026-09-24
DEEPAKNTR,EQ,1634.0,1634.0,1596.1,1600.9,1635.8,90646,1460.19,2026-09-24
DEEPINDS,EQ,772.9,784.9,746.5,766.0,772.9,320720,2442.75,2026-09-24
DEFENCE,EQ,80.68,80.68,78.1,78.32,79.1,136239,106.94,2026-09-24
DELHIVERY,EQ,430.0,432.15,424.15,426.3,435.0,4190544,17907.19,2026-09-24
DELTACORP,EQ,68.85,74.8,68.85,72.68,68.65,28302261,20650.33,2026-09-24
DELTAMAGNT,EQ,54.4,56.37,53.4,54.45,56.57,3290,1.79,2026-09-24
DEN,EQ,26.99,26.99,26.4,26.52,26.84,269872,71.81,2026-09-24
DENORA,EQ,791.0,800.0,782.0,783.9,795.65,1375,10.87,2026-09-24
DENTA,EQ,275.8,276.4,268.85,270.1,274.8,83961,228.17,2026-09-24
DEVIT,EQ,23.71,23.71,22.25,22.59,23.24,101583,23.03,2026-09-24
DEVX,EQ,34.1,36.6,34.1,36.13,35.0,160466,56.97,2026-09-24
DEVYANI,EQ,137.66,139.32,135.81,137.5,140.11,963555,1326.92,2026-09-24
DGCONTENT,EQ,25.0,25.15,22.55,23.77,24.9,23265,5.5,2026-09-24
DHAMPURSUG,EQ,166.5,167.81,163.37,164.64,168.39,278678,460.34,2026-09-24
DHANBANK,EQ,30.0,30.0,29.22,29.68,30.01,361353,106.78,2026-09-24
DHANUKA,EQ,985.5,985.5,960.0,967.6,982.65,14336,139.05,2026-09-24
DHARMAJ,EQ,299.5,304.0,292.0,300.55,299.1,51334,153.4,2026-09-24
DHATRE,EQ,4.12,4.39,4.1,4.23,4.15,23807,1.0,2026-09-24
DHOOTTRANS,EQ,1608.0,1629.6,1553.0,1587.6,1615.4,1317047,20953.26,2026-09-24
DHRUV,EQ,21.4,22.0,20.87,20.94,21.07,4787,1.01,2026-09-24
DHUNINV,EQ,1014.4,1014.4,975.3,991.2,1001.75,710,6.99,2026-09-24
DIAMINESQ,EQ,253.65,253.65,243.49,246.84,249.38,2830,7.01,2026-09-24
DIAMONDYD,EQ,1100.6,1100.6,1053.1,1065.3,1088.0,8496,91.28,2026-09-24
DICIND,EQ,660.0,675.0,642.0,647.75,665.65,4423,29.19,2026-09-24
DIFFNKG,EQ,437.0,440.95,425.1,427.25,439.3,87483,377.92,2026-09-24
DIGIDRIVE,EQ,17.9,18.3,17.81,17.88,17.9,12856,2.31,2026-09-24
DIGISPICE,EQ,16.25,16.94,16.1,16.21,16.5,65448,10.66,2026-09-24
DIGITIDE,EQ,81.5,81.5,79.04,79.76,81.13,152820,122.47,2026-09-24
DISAQ,EQ,11999.0,12100.0,11846.0,12008.0,12088.0,67,8.0,2026-09-24
DISHTV,EQ,2.47,2.47,2.42,2.43,2.46,1510220,36.86,2026-09-24
DIVGIITTS,EQ,1175.0,1185.0,1148.9,1156.6,1177.1,58655,683.47,2026-09-24
DIVIDEND,EQ,35.0,35.0,34.67,34.71,35.0,6313,2.2,2026-09-24
DIVISLAB,EQ,9540.5,9740.0,9540.0,9602.0,9624.0,666667,64257.71,2026-09-24
DIVOPPBEES,EQ,75.48,75.48,74.0,74.43,74.86,38679,28.74,2026-09-24
DIXON,EQ,13100.0,13315.0,13091.0,13299.0,13200.0,185172,24498.29,2026-09-24
DJML,EQ,70.7,76.19,70.7,74.44,72.7,85690,63.5,2026-09-24
DLF,EQ,666.75,681.0,666.55,670.4,675.0,5074007,34285.8,2026-09-24
DLINKINDIA,EQ,424.0,426.7,414.45,418.9,426.1,52544,220.64,2026-09-24
DMART,EQ,3818.0,3832.1,3780.1,3787.5,3834.8,429727,16349.69,2026-09-24
DMCC,EQ,299.0,306.9,289.9,295.05,296.3,246754,741.76,2026-09-24
DNAMEDIA,EQ,2.5,2.51,2.46,2.48,2.5,23613,0.59,2026-09-24
DODLA,EQ,1049.5,1058.0,1038.7,1045.7,1048.6,12559,131.63,2026-09-24
DOLATALGO,EQ,68.76,69.0,66.42,66.7,68.72,120296,81.03,2026-09-24
DOLLAR,EQ,273.2,274.7,265.35,269.5,274.45,50023,135.19,2026-09-24
DOLLEX,EQ,38.0,38.0,35.5,37.0,37.75,37243,13.56,2026-09-24
DOLPHIN,EQ,729.9,729.9,680.4,685.3,723.55,60219,419.18,2026-09-24
DOMS,EQ,2130.0,2133.9,2100.0,2109.0,2141.5,13316,281.67,2026-09-24
DONEAR,EQ,83.79,83.79,81.9,82.22,83.13,15332,12.65,2026-09-24
DPABHUSHAN,EQ,1450.0,1461.4,1395.0,1405.6,1455.9,22814,325.63,2026-09-24
DRAGARWQ,EQ,5180.0,5300.0,5115.0,5159.0,5202.0,5598,291.49,2026-09-24
DRCSYSTEMS,EQ,12.8,12.8,12.18,12.55,12.67,61393,7.68,2026-09-24
DREAMFOLKS,EQ,63.9,64.5,62.94,64.13,63.91,39635,25.41,2026-09-24
DREDGECORP,EQ,1015.0,1016.4,989.2,996.5,1017.5,44839,448.08,2026-09-24
DRREDDY,EQ,1210.9,1213.9,1197.0,1200.4,1211.2,1667696,20096.34,2026-09-24
DSFCL,EQ,31.25,31.76,30.25,31.58,30.25,164659,51.58,2026-09-24
DSSL,EQ,1038.0,1046.7,1011.9,1022.1,1030.4,22654,232.92,2026-09-24
DUCON,EQ,1.64,1.68,1.54,1.64,1.6,9358405,154.89,2026-09-24
DVL,EQ,292.2,299.95,284.3,293.8,292.2,17896,52.72,2026-09-24
DWARKESH,EQ,41.65,41.8,40.47,40.74,41.86,929163,380.17,2026-09-24
DYCL,EQ,476.5,483.7,465.0,473.2,476.9,626764,2975.48,2026-09-24
DYNAMATECH,EQ,12516.0,12630.0,12350.0,12551.0,12561.0,23951,2989.24,2026-09-24
DYNPRO,EQ,235.13,236.93,232.0,232.85,234.58,7401,17.23,2026-09-24
EASEMYTRIP,EQ,5.84,5.86,5.77,5.8,5.87,9371481,543.37,2026-09-24
EASTWEST,EQ,2.41,2.42,2.34,2.36,2.39,32844,0.78,2026-09-24
EBANK10,EQ,16.64,16.64,16.3,16.58,16.64,583,0.1,2026-09-24
EBANKNIFTY,EQ,56.64,56.64,55.89,55.89,57.21,10879,6.11,2026-09-24
EBBETF0430,EQ,1612.97,1612.97,1602.26,1603.95,1609.69,14910,239.29,2026-09-24
EBBETF0431,EQ,1428.0,1433.58,1427.48,1430.1,1431.06,3485,49.86,2026-09-24
EBBETF0433,EQ,1306.92,1311.69,1300.0,1301.38,1309.84,3112,40.65,2026-09-24
EBGNG,EQ,711.6,712.05,674.1,676.65,715.15,778533,5353.37,2026-09-24
ECAPINSURE,EQ,23.54,23.6,23.24,23.43,23.71,123588,28.85,2026-09-24
ECLERX,EQ,1910.0,1920.8,1880.0,1890.1,1924.2,63177,1199.23,2026-09-24
ECORECO,EQ,425.0,425.0,417.0,419.25,419.55,7233,30.44,2026-09-24
ECOSMOBLTY,EQ,109.0,110.74,107.0,108.04,109.11,33055,35.73,2026-09-24
EDELWEISS,EQ,140.6,142.8,138.0,139.01,142.03,5585348,7836.32,2026-09-24
EFCIL,EQ,182.8,184.0,178.0,181.2,183.08,167623,302.53,2026-09-24
EGOLD,EQ,150.5,150.5,149.1,149.3,150.9,32162,48.06,2026-09-24
EICHERMOT,EQ,7437.0,7460.0,7333.0,7338.5,7470.0,258170,19049.07,2026-09-24
EIDPARRY,EQ,701.05,703.15,687.65,689.55,701.4,184152,1278.92,2026-09-24
EIEL,EQ,202.49,202.49,199.41,201.63,203.32,353347,710.57,2026-09-24
EIHAHOTELS,EQ,296.85,296.85,285.6,288.6,296.85,16256,47.54,2026-09-24
EIHOTEL,EQ,299.0,301.15,295.25,296.9,301.15,85796,255.81,2026-09-24
EIMCOELECO,EQ,2270.0,2329.8,2250.5,2304.4,2297.8,29400,675.84,2026-09-24
EKC,EQ,111.0,115.0,110.37,111.5,113.66,1474664,1659.94,2026-09-24
EKI,EQ,83.98,99.04,83.5,99.04,82.54,665973,642.67,2026-09-24
ELANTAS,EQ,14499.0,14499.0,13623.0,13849.0,14308.0,2753,383.52,2026-09-24
ELCIDIN,EQ,104850.0,104850.0,104810.0,104830.0,105800.0,3,3.15,2026-09-24
ELDEHSG,EQ,789.25,789.25,733.0,760.0,779.75,873,6.61,2026-09-24
ELECON,EQ,463.0,468.5,450.15,459.1,466.6,1947203,8960.07,2026-09-24
ELECTCAST,EQ,73.3,73.31,71.44,72.56,74.22,1426253,1034.11,2026-09-24
ELECTHERM,EQ,909.2,920.0,875.0,887.7,904.65,5994,53.59,2026-09-24
ELGIEQUIP,EQ,608.55,617.5,604.45,608.8,614.7,188186,1150.96,2026-09-24
ELGIRUBCO,EQ,59.9,59.94,57.0,57.15,59.35,39799,23.09,2026-09-24
ELIN,EQ,89.96,89.99,88.2,89.5,89.95,58154,51.69,2026-09-24
ELIQUID,EQ,1044.65,1048.98,1044.6,1048.98,1048.83,51098,535.79,2026-09-24
ELITECON,EQ,9.2,9.58,9.2,9.55,9.13,14696070,1402.36,2026-09-24
ELLEN,EQ,368.0,370.0,353.1,357.7,371.3,1000879,3616.17,2026-09-24
ELM250,EQ,15.88,16.3,15.88,16.11,16.2,292300,47.35,2026-09-24
ELMDIV,EQ,35.48,35.49,35.19,35.25,35.76,870,0.31,2026-09-24
ELPROINTL,EQ,171.5,174.4,170.45,172.01,171.5,3141,5.4,2026-09-24
EMAMILTD,EQ,390.0,397.3,388.0,390.5,391.45,1756668,6889.63,2026-09-24
EMAMIREAL,EQ,69.75,69.9,68.0,69.03,69.58,6575,4.53,2026-09-24
EMBDL,EQ,60.4,60.99,58.2,58.81,61.22,2396537,1426.59,2026-09-24
EMCURE,EQ,1980.0,1991.4,1943.5,1952.1,1981.7,47459,931.64,2026-09-24
EMETAL,EQ,12.89,13.99,12.83,12.92,13.23,7559,0.98,2026-09-24
EMIL,EQ,191.62,194.4,188.11,189.16,191.32,2792300,5344.79,2026-09-24
EMKAY,EQ,267.15,276.0,266.05,272.55,270.6,39396,106.87,2026-09-24
EMMVEE,EQ,329.55,331.15,316.05,317.6,333.1,3608599,11604.24,2026-09-24
EMPIND,EQ,1046.0,1063.9,1046.0,1051.6,1074.8,1192,12.52,2026-09-24
EMPOWER,EQ,1.96,2.13,1.96,1.96,2.06,20949300,412.04,2026-09-24
EMSLIMITED,EQ,366.7,366.7,357.2,358.6,366.35,98178,353.61,2026-09-24
EMUDHRA,EQ,640.1,667.0,638.75,659.4,637.8,1009718,6597.63,2026-09-24
EMULTIMQ,EQ,41.12,41.58,41.02,41.3,41.32,71774,29.67,2026-09-24
ENDURANCE,EQ,2645.0,2698.9,2636.0,2663.2,2669.6,92156,2464.39,2026-09-24
ENERGY,EQ,38.89,38.89,37.59,37.64,38.13,142872,53.92,2026-09-24
ENERGYAXIS,EQ,18.84,19.0,18.72,18.77,18.92,13067,2.45,2026-09-24
ENERGYDEV,EQ,14.69,14.95,14.64,14.91,14.71,17824,2.64,2026-09-24
ENEXT50,EQ,72.16,72.52,70.77,71.53,72.16,1833,1.31,2026-09-24
ENGINERSIN,EQ,303.5,305.65,295.0,296.65,306.2,4627761,13869.19,2026-09-24
ENIFTY,EQ,24.24,24.24,23.28,23.37,23.65,7421,1.73,2026-09-24
ENIL,EQ,100.02,101.46,99.65,99.66,100.17,4809,4.82,2026-09-24
ENKEIWHEL,EQ,399.0,405.35,381.5,385.75,399.45,2549,9.98,2026-09-24
ENRIN,EQ,3191.7,3281.7,3158.5,3215.4,3214.4,372166,12019.61,2026-09-24
ENTERO,EQ,1835.0,1875.0,1780.0,1852.2,1842.5,247589,4582.68,2026-09-24
EPACK,EQ,184.0,185.88,179.1,180.12,184.82,287195,521.15,2026-09-24
EPACKPEB,EQ,253.01,258.97,241.3,246.29,253.95,815923,2051.48,2026-09-24
EPIGRAL,EQ,1091.0,1099.0,1065.0,1071.0,1093.6,32669,353.01,2026-09-24
EPL,EQ,238.0,240.25,234.3,238.05,239.1,1071636,2545.91,2026-09-24
EQUAL200,EQ,13.98,13.98,13.42,13.42,13.64,37157,5.01,2026-09-24
EQUAL50,EQ,317.03,331.66,317.03,320.14,325.16,4296,13.79,2026-09-24
EQUAL50ADD,EQ,333.0,334.29,330.54,331.12,334.44,19683,65.4,2026-09-24
EQUITASBNK,EQ,69.0,70.77,68.52,70.21,72.27,2416236,1689.27,2026-09-24
ERIS,EQ,1266.0,1284.1,1264.5,1274.6,1269.9,47023,598.76,2026-09-24
ESABINDIA,EQ,5604.5,5656.5,5476.0,5528.0,5604.5,3824,211.67,2026-09-24
ESCORTS,EQ,2804.0,2861.9,2789.1,2822.9,2796.9,321127,9066.99,2026-09-24
ESDS,EQ,1724.0,1859.2,1704.05,1853.15,1770.7,2468558,45030.63,2026-09-24
ESENSEX,EQ,75.21,75.21,74.33,74.47,75.54,318,0.24,2026-09-24
ESG,EQ,39.93,40.02,39.6,39.67,40.29,7060,2.81,2026-09-24
ESILVER,EQ,225.9,228.52,225.42,225.69,229.58,16246,36.82,2026-09-24
ESSARSHPNG,EQ,16.37,16.43,16.08,16.18,16.38,82898,13.46,2026-09-24
ESSENTIA,EQ,1.04,1.05,1.02,1.03,1.03,1416593,14.68,2026-09-24
ESTER,EQ,88.0,88.51,84.91,86.89,88.32,100440,87.21,2026-09-24
ETERNAL,EQ,338.7,343.6,333.55,335.5,342.65,14989187,50808.26,2026-09-24
ETHOSLTD,EQ,2675.2,2697.0,2575.0,2605.7,2660.2,91793,2400.84,2026-09-24
EUREKAFORB,EQ,379.9,379.9,368.6,375.1,378.45,223143,833.43,2026-09-24
EUROBOND,EQ,151.0,152.9,148.5,148.57,152.22,704,1.06,2026-09-24
EUROPRATIK,EQ,220.0,220.45,211.0,211.65,220.15,192201,413.94,2026-09-24
EVEREADY,EQ,325.0,328.1,324.5,326.05,328.5,25369,82.67,2026-09-24
EVIETF,EQ,31.75,32.47,31.19,31.42,31.76,625125,196.25,2026-09-24
EVINDIA,EQ,32.35,32.35,31.3,31.35,31.72,849271,266.63,2026-09-24
EXCELINDUS,EQ,968.0,969.9,943.0,950.0,963.3,8092,77.25,2026-09-24
EXCELSOFT,EQ,80.2,85.0,80.18,81.69,80.94,1877150,1564.54,2026-09-24
EXICOM,EQ,166.95,166.95,163.0,164.64,168.09,700884,1153.31,2026-09-24
EXIDEIND,EQ,426.0,436.8,421.9,426.55,425.95,3273879,14066.63,2026-09-24
EXPLEOSOL,EQ,872.45,884.7,862.0,871.55,872.45,10007,87.43,2026-09-24
EXXARO,EQ,6.3,6.3,6.16,6.24,6.27,102930,6.42,2026-09-24
FABTECH,EQ,146.64,148.5,145.02,146.47,148.64,41003,60.07,2026-09-24
FACT,EQ,795.0,795.0,775.85,777.8,796.7,86883,680.53,2026-09-24
FAZE3Q,EQ,444.0,444.0,421.0,422.0,438.05,16274,69.77,2026-09-24
FCL,EQ,56.55,58.42,55.13,56.07,56.81,19880015,11273.4,2026-09-24
FCSSOFT,EQ,1.36,1.37,1.33,1.33,1.36,2041112,27.54,2026-09-24
FDC,EQ,348.9,353.15,343.5,345.7,349.95,159649,552.63,2026-09-24
FEDDERSHOL,EQ,68.01,69.75,63.5,64.71,67.22,9579140,6326.97,2026-09-24
FEDERALBNK,EQ,328.0,332.7,325.95,329.5,331.3,6031916,19864.05,2026-09-24
FEDFINA,EQ,151.01,154.48,150.25,152.71,153.42,956440,1458.36,2026-09-24
FERMENTA,EQ,482.2,511.65,460.0,478.05,475.5,580390,2862.39,2026-09-24
FIBERWEB,EQ,26.69,28.68,25.9,26.57,26.48,40274,10.86,2026-09-24
FIEMIND,EQ,1929.7,1935.0,1903.5,1917.2,1924.5,53114,1018.16,2026-09-24
FILATEX,EQ,107.42,108.75,104.41,105.32,108.72,4644101,4932.79,2026-09-24
FILATFASH,EQ,0.19,0.19,0.18,0.18,0.18,47083777,89.45,2026-09-24
FINCABLES,EQ,1465.0,1490.9,1450.1,1480.0,1470.2,791508,11704.77,2026-09-24
FINEORG,EQ,5059.0,5124.0,4968.0,5062.5,5096.5,21083,1067.42,2026-09-24
FINIETF,EQ,33.17,33.17,31.08,31.25,32.37,969293,304.43,2026-09-24
FINKURVE,EQ,69.2,71.0,69.1,70.18,70.12,15875,11.09,2026-09-24
FINOPB,EQ,132.1,132.68,129.0,129.28,132.68,213176,277.37,2026-09-24
FINPIPE,EQ,154.0,155.2,151.88,154.04,154.16,343672,526.86,2026-09-24
FIRSTCRY,EQ,180.05,190.8,173.3,179.63,180.41,31265673,56340.92,2026-09-24
FISCHER,EQ,34.98,35.01,33.86,34.23,35.03,505113,173.54,2026-09-24
FIVESTAR,EQ,540.0,540.0,516.35,524.85,549.7,1610174,8488.31,2026-09-24
FLAIR,EQ,238.99,248.0,237.26,242.96,240.79,132147,321.27,2026-09-24
FLEXIADD,EQ,9.73,9.89,9.63,9.68,9.74,61962,6.01,2026-09-24
FLUOROCHEM,EQ,4476.4,4532.8,4430.3,4475.9,4476.4,66948,3003.8,2026-09-24
FMCGADD,EQ,46.23,46.47,45.92,46.0,45.86,20150,9.31,2026-09-24
FMCGIETF,EQ,49.71,49.71,49.03,49.2,49.71,1127021,556.36,2026-09-24
FMGOETZE,EQ,452.95,472.2,448.25,468.45,453.55,295065,1359.46,2026-09-24
FMNL,EQ,8.12,8.36,7.7,8.09,8.1,76249,6.09,2026-09-24
FOODSIN,EQ,53.15,53.5,52.6,52.98,53.41,69602,36.96,2026-09-24
FORCEMOT,EQ,17300.0,17456.0,17112.0,17142.0,17352.0,56971,9822.29,2026-09-24
FORTIS,EQ,891.6,897.15,877.35,877.35,894.0,906861,8054.8,2026-09-24
FOSECOIND,EQ,6555.0,6648.0,6440.0,6477.0,6555.0,9084,593.1,2026-09-24
FRACTAL,EQ,758.0,758.95,745.4,749.25,761.65,173105,1301.44,2026-09-24
FREDUN,EQ,1394.0,1400.8,1352.7,1360.3,1394.0,30132,413.96,2026-09-24
FRONTSP,EQ,1451.8,1569.8,1451.8,1510.4,1394.6,1615746,24539.9,2026-09-24
FSL,EQ,267.85,267.95,261.0,262.15,267.85,468349,1235.08,2026-09-24
FUSION,EQ,184.0,184.0,176.01,176.8,184.2,456966,816.46,2026-09-24
GABRIEL,EQ,1415.0,1436.6,1389.2,1397.3,1428.1,329569,4653.91,2026-09-24
GAEL,EQ,163.0,164.8,159.48,162.59,163.19,652362,1063.48,2026-09-24
GAIL,EQ,172.1,173.85,171.84,173.85,172.95,6183667,10686.71,2026-09-24
GAJA,EQ,148.8,148.8,145.15,145.94,150.04,448375,658.93,2026-09-24
GALAPREC,EQ,1164.2,1179.5,1111.0,1117.1,1164.2,74133,846.32,2026-09-24
GALAXYSURF,EQ,2205.0,2267.7,2194.7,2246.6,2222.0,35010,785.3,2026-09-24
GALLANTT,EQ,550.0,556.4,542.55,545.25,556.45,40560,222.76,2026-09-24
GANDHAR,EQ,266.0,267.85,261.7,262.7,268.4,311752,824.3,2026-09-24
GANDHITUBE,EQ,994.75,994.75,967.4,979.1,995.05,14867,145.68,2026-09-24
GANECOS,EQ,1035.0,1048.4,1000.0,1014.0,1036.6,83366,854.92,2026-09-24
GANESHCP,EQ,164.97,166.13,161.49,161.92,164.48,179057,291.56,2026-09-24
GANESHHOU,EQ,746.1,746.1,725.0,736.85,746.1,50131,369.44,2026-09-24
GANGAFORGE,EQ,1.56,1.57,1.51,1.52,1.55,2658153,40.91,2026-09-24
GANGESSECU,EQ,114.5,116.98,112.0,112.1,115.63,2357,2.67,2026-09-24
GARFIBRES,EQ,783.0,799.9,764.05,781.95,787.15,36667,286.48,2026-09-24
GARUDA,EQ,183.39,183.9,176.97,178.21,184.48,333762,599.62,2026-09-24
GATEWAY,EQ,52.5,52.98,52.2,52.37,52.67,421697,221.43,2026-09-24
GAUDIUMIVF,EQ,119.7,123.0,114.61,115.85,117.69,292066,343.56,2026-09-24
GAYAHWS,EQ,1.87,1.9,1.85,1.85,1.88,188295,3.52,2026-09-24
GAYAPROJ,EQ,24.0,24.47,22.97,23.01,24.17,1415515,334.22,2026-09-24
GCSL,EQ,640.0,648.0,631.1,633.3,642.7,336550,2145.46,2026-09-24
GEEKAYWIRE,EQ,33.41,33.66,33.2,33.41,33.25,152650,50.93,2026-09-24
GEMAROMA,EQ,154.2,157.6,150.25,155.18,154.94,47069,72.27,2026-09-24
GENCON,EQ,39.65,40.1,38.15,38.65,39.31,408402,160.25,2026-09-24
GENESYS,EQ,280.79,302.0,276.26,283.18,281.62,1214456,3532.92,2026-09-24
GENUSPAPER,EQ,11.21,11.48,11.07,11.2,11.34,50058,5.62,2026-09-24
GENUSPOWER,EQ,308.0,321.3,304.75,306.6,308.35,2744915,8578.31,2026-09-24
GEOJITFSL,EQ,80.8,80.8,78.5,79.17,81.98,478340,378.56,2026-09-24
GESHIP,EQ,1478.0,1498.5,1466.0,1482.6,1483.8,606281,9003.54,2026-09-24
GFLLIMITED,EQ,56.74,57.0,53.57,54.93,56.74,70943,38.96,2026-09-24
GHCL,EQ,430.0,430.0,419.0,421.3,424.0,167377,710.32,2026-09-24
GHCLTEXTIL,EQ,134.49,138.82,132.21,135.34,134.61,563475,766.88,2026-09-24
GICHSGFIN,EQ,138.98,139.9,137.02,137.96,139.48,76031,104.98,2026-09-24
GICRE,EQ,341.95,344.05,338.05,339.25,344.15,334321,1138.12,2026-09-24
GILLANDERS,EQ,105.96,106.49,101.0,103.76,104.91,2856,2.95,2026-09-24
GILLETTE,EQ,7094.0,7145.0,7032.5,7118.5,7094.0,16115,1145.23,2026-09-24
GILT10BETA,EQ,26.58,26.63,26.33,26.63,26.58,18,0.0,2026-09-24
GILT5BETA,EQ,66.6,66.6,65.76,66.49,66.25,962,0.64,2026-09-24
GILT5YBEES,EQ,66.05,66.05,65.65,65.84,66.05,383916,252.97,2026-09-24
GIPCL,EQ,190.0,192.28,185.05,186.42,191.64,245732,461.16,2026-09-24
GKB,EQ,74.0,74.0,66.71,67.68,69.73,2440,1.66,2026-09-24
GKENERGY,EQ,126.5,126.9,124.0,124.69,127.14,211202,263.86,2026-09-24
GKSL,EQ,177.71,179.95,170.0,170.85,177.71,352319,610.88,2026-09-24
GKWLIMITED,EQ,1602.9,1605.0,1561.4,1561.4,1605.0,224,3.59,2026-09-24
GLAND,EQ,2896.0,2933.2,2875.1,2897.4,2910.2,327302,9533.71,2026-09-24
GLASSWALL,EQ,287.0,287.0,260.27,272.07,286.41,12703984,34737.41,2026-09-24
GLAXO,EQ,2874.0,2880.0,2815.0,2829.2,2876.9,17953,511.23,2026-09-24
GLENMARK,EQ,2460.0,2470.0,2422.0,2430.4,2475.0,453221,11089.3,2026-09-24
GLFL,EQ,5.09,5.33,4.85,5.02,5.09,6547,0.33,2026-09-24
GLOBAL,EQ,134.45,143.0,134.01,141.0,134.45,873103,1217.53,2026-09-24
GLOBALE,EQ,11.39,11.64,10.78,10.8,11.34,4654,0.51,2026-09-24
GLOBALVECT,EQ,139.5,139.5,133.3,135.89,137.46,6163,8.46,2026-09-24
GLOBE,EQ,2.28,2.33,2.21,2.26,2.24,764992,17.37,2026-09-24
GLOBECIVIL,EQ,44.0,44.99,42.62,43.18,44.18,9764,4.26,2026-09-24
GLOBUSSPR,EQ,828.0,856.8,824.05,836.5,829.1,99347,836.15,2026-09-24
GLOSTERLTD,EQ,578.0,579.8,570.1,572.0,578.0,420,2.41,2026-09-24
GLOTTIS,EQ,58.48,69.72,57.51,63.36,58.1,791242,515.04,2026-09-24
GMBREW,EQ,968.0,978.3,952.0,967.25,968.3,51293,496.08,2026-09-24
GMDCLTD,EQ,551.0,552.7,541.0,542.5,556.7,461347,2520.67,2026-09-24
GMMPFAUDLR,EQ,1415.0,1491.1,1415.0,1475.4,1432.6,403019,5934.28,2026-09-24
GMRAIRPORT,EQ,98.58,99.59,97.11,97.35,99.14,10723487,10570.03,2026-09-24
GMRP&UI,EQ,97.0,103.0,96.34,101.41,98.13,3555672,3552.19,2026-09-24
GNA,EQ,601.5,648.0,590.0,620.45,596.65,7316206,45858.62,2026-09-24
GNFC,EQ,620.0,635.0,616.0,625.1,623.05,1155725,7228.85,2026-09-24
GNRL,EQ,98.6,100.7,97.75,98.11,98.07,338664,332.61,2026-09-24
GOACARBON,EQ,399.05,409.8,399.0,404.75,402.35,18901,76.48,2026-09-24
GOCLCORP,EQ,385.95,398.2,377.0,380.25,392.75,198301,765.07,2026-09-24
GOCOLORS,EQ,315.05,323.9,311.6,318.35,317.55,85831,272.66,2026-09-24
GODAVARIB,EQ,238.9,242.0,234.5,238.65,239.43,69191,164.07,2026-09-24
GODFRYPHLP,EQ,1999.9,1999.9,1965.5,1974.0,2003.0,91758,1819.4,2026-09-24
GODIGIT,EQ,240.0,253.45,236.15,250.3,245.0,4077269,10047.6,2026-09-24
GODREJAGRO,EQ,671.0,698.4,666.55,676.05,670.05,851491,5840.67,2026-09-24
GODREJCP,EQ,875.5,884.7,871.2,875.0,879.75,692739,6075.79,2026-09-24
GODREJIND,EQ,1102.0,1109.1,1085.3,1099.0,1106.0,38073,418.51,2026-09-24
GODREJPROP,EQ,1680.0,1707.9,1665.7,1671.2,1707.6,481036,8100.69,2026-09-24
GOKEX,EQ,701.1,726.0,688.0,692.85,710.25,240932,1687.14,2026-09-24
GOKUL,EQ,40.42,40.6,39.4,39.92,40.42,137327,55.51,2026-09-24
GOKULAGRO,EQ,226.77,236.5,222.7,224.98,225.81,1505364,3417.59,2026-09-24
GOLD1,EQ,125.01,125.48,124.58,124.65,125.96,1257237,1571.16,2026-09-24
GOLD360,EQ,147.0,147.0,145.35,145.85,147.35,8851,12.93,2026-09-24
GOLDADD,EQ,14.6,14.61,14.48,14.5,14.65,6431488,936.07,2026-09-24
GOLDAXIS,EQ,124.6,125.14,124.17,124.24,125.69,2469888,3079.55,2026-09-24
GOLDBEES,EQ,124.0,124.28,123.22,123.43,124.73,20039975,24813.53,2026-09-24
GOLDBETA,EQ,126.6,126.6,125.7,125.8,127.1,346933,437.38,2026-09-24
GOLDBND,EQ,149.47,150.7,148.96,149.24,150.95,13781,20.61,2026-09-24
GOLDCASE,EQ,23.7,23.7,23.47,23.5,23.76,7324812,1727.08,2026-09-24
GOLDETF,EQ,145.82,146.14,145.16,145.32,146.79,675967,984.25,2026-09-24
GOLDIAM,EQ,328.95,328.95,320.0,321.7,332.6,306994,994.35,2026-09-24
GOLDIETF,EQ,128.72,128.72,127.79,127.88,129.21,5216625,6691.6,2026-09-24
GOODLUCK,EQ,534.9,541.6,528.0,530.45,537.1,378269,2019.02,2026-09-24
GOODYEAR,EQ,709.7,722.0,704.05,707.15,709.7,3213,22.9,2026-09-24
GOPAL,EQ,263.15,265.0,254.1,262.55,262.45,225147,584.23,2026-09-24
GOYALALUM,EQ,6.08,6.08,5.84,5.93,5.92,30595,1.81,2026-09-24
GPIL,EQ,234.0,234.88,228.1,229.78,234.68,836832,1938.32,2026-09-24
GPPL,EQ,163.5,165.89,162.0,163.27,164.12,1245571,2040.03,2026-09-24
GPTHEALTH,EQ,159.25,166.8,159.25,161.73,161.5,115656,189.44,2026-09-24
GPTINFRA,EQ,116.15,116.41,113.0,113.52,116.29,109085,124.89,2026-09-24
GRANDOAK,EQ,35.19,36.0,33.6,33.82,35.06,4199,1.44,2026-09-24
GRANULES,EQ,857.0,867.0,850.55,853.0,860.25,327434,2804.54,2026-09-24
GRAPHITE,EQ,817.25,824.55,803.5,814.7,821.0,1120162,9135.01,2026-09-24
GRASIM,EQ,3151.0,3203.7,3150.6,3166.5,3188.5,471338,14980.88,2026-09-24
GRAUWEIL,EQ,84.95,87.18,84.0,86.69,86.18,725531,621.58,2026-09-24
GRAVITA,EQ,1558.0,1560.8,1510.0,1515.4,1561.1,229386,3518.76,2026-09-24
GREAVESCOT,EQ,206.17,223.5,202.22,221.83,206.01,15910393,34767.08,2026-09-24
GREENLAM,EQ,227.83,228.88,225.02,227.0,227.83,14418,32.78,2026-09-24
GREENPANEL,EQ,168.0,170.04,165.48,166.61,169.08,216447,363.49,2026-09-24
GREENPLY,EQ,296.35,302.0,294.0,294.3,298.4,219169,651.83,2026-09-24
GREENPOWER,EQ,9.1,9.11,8.98,9.0,9.08,1935904,174.56,2026-09-24
GRINDWELL,EQ,1966.0,2038.0,1957.0,1981.0,1977.6,31249,626.54,2026-09-24
GRINFRA,EQ,820.05,822.95,798.3,810.3,825.65,26306,212.95,2026-09-24
GRMOVER,EQ,81.91,81.91,78.74,79.87,81.54,1104269,878.94,2026-09-24
GROBTEA,EQ,900.0,900.0,873.3,895.0,919.35,409,3.61,2026-09-24
GROWW,EQ,188.88,189.87,184.25,186.55,188.63,20205654,37655.05,2026-09-24
GROWWCAPM,EQ,11.34,11.34,11.13,11.2,11.29,561389,62.99,2026-09-24
GROWWCHEM,EQ,29.46,29.58,29.01,29.26,29.6,53263,15.59,2026-09-24
GROWWDEFNC,EQ,94.33,94.6,92.66,93.65,94.32,169368,159.09,2026-09-24
GROWWEV,EQ,31.88,31.88,31.0,31.17,31.5,381693,119.89,2026-09-24
GROWWGOLD,EQ,14.7,14.7,14.58,14.6,14.74,1393465,203.9,2026-09-24
GROWWHOSPI,EQ,53.0,53.2,52.46,52.8,53.2,178478,94.34,2026-09-24
GROWWLIQID,EQ,110.88,110.88,110.51,110.87,110.86,886909,983.31,2026-09-24
GROWWLOVOL,EQ,10.19,10.29,9.94,10.18,10.19,5013,0.51,2026-09-24
GROWWMC150,EQ,229.24,231.99,225.3,225.99,230.65,1334,3.05,2026-09-24
GROWWMETAL,EQ,12.91,12.91,12.27,12.37,12.6,434696,54.31,2026-09-24
GROWWMOM50,EQ,10.95,10.97,10.81,10.83,10.92,618257,67.21,2026-09-24
GROWWN200,EQ,11.15,11.25,10.92,10.97,11.15,91298,10.04,2026-09-24
GROWWNET,EQ,10.95,11.15,10.43,10.47,11.15,1693767,179.91,2026-09-24
GROWWNIFTY,EQ,9.74,9.74,9.34,9.38,9.51,1867295,175.34,2026-09-24
GROWWNXT50,EQ,71.0,72.5,71.0,71.76,72.02,10276,7.4,2026-09-24
GROWWPOWER,EQ,11.13,11.19,11.0,11.05,11.16,1471791,162.91,2026-09-24
GROWWPSE,EQ,98.0,98.0,95.85,96.61,96.84,4157,4.01,2026-09-24
GROWWPSUBK,EQ,83.6,84.29,81.93,82.72,83.6,6178,5.14,2026-09-24
GROWWRAIL,EQ,27.06,27.11,26.81,26.88,27.07,330298,88.88,2026-09-24
GROWWRLTY,EQ,9.68,9.86,9.52,9.59,9.74,211017,20.51,2026-09-24
GROWWSC250,EQ,10.66,10.66,10.45,10.5,10.62,129244,13.63,2026-09-24
GROWWSLVR,EQ,22.38,22.38,22.11,22.14,22.57,1491233,332.01,2026-09-24
GRPLTD,EQ,1951.0,2019.0,1951.0,1987.8,2001.2,1031,20.56,2026-09-24
GRSE,EQ,2365.0,2369.3,2333.5,2344.0,2380.6,197066,4635.5,2026-09-24
GRWRHITECH,EQ,6484.5,6484.5,6260.0,6342.5,6537.5,58487,3710.47,2026-09-24
GSEC10ADD,EQ,26.71,26.77,26.7,26.73,26.35,75,0.02,2026-09-24
GSEC10IETF,EQ,264.41,264.69,260.49,264.69,261.97,13,0.03,2026-09-24
GSEC10YEAR,EQ,30.47,30.47,29.91,29.99,30.44,12692,3.82,2026-09-24
GSEC5IETF,EQ,65.95,66.33,65.65,65.69,66.1,49706,32.83,2026-09-24
GSFC,EQ,154.4,155.92,153.62,155.35,155.34,657583,1018.9,2026-09-24
GSLSU,EQ,32.5,33.0,30.81,31.98,32.43,138130,44.07,2026-09-24
GSPCROP,EQ,485.75,493.95,482.05,490.4,488.85,234623,1146.88,2026-09-24
GSS,EQ,10.52,10.86,10.06,10.48,10.51,34851,3.65,2026-09-24
GTECJAINX,EQ,27.18,27.99,26.11,26.48,28.07,5666,1.53,2026-09-24
GTL,EQ,7.03,7.19,6.95,6.99,7.03,130935,9.21,2026-09-24
GTLINFRA,EQ,1.15,1.15,1.1,1.11,1.14,56159609,628.71,2026-09-24
GTPL,EQ,56.07,56.88,54.6,55.07,56.07,20897,11.58,2026-09-24
GUFICBIO,EQ,437.45,441.95,417.6,422.0,437.45,70169,300.07,2026-09-24
GUJALKALI,EQ,630.1,633.9,617.0,620.8,633.0,31043,193.94,2026-09-24
GUJAPOLLO,EQ,336.2,341.0,326.1,327.4,336.95,7272,24.04,2026-09-24
GUJENERGY,EQ,236.6,236.88,234.0,235.72,237.32,539851,1271.66,2026-09-24
GUJRAFFIA,EQ,39.6,40.99,39.0,39.75,40.0,5693,2.26,2026-09-24
GUJTHEM,EQ,413.4,423.9,406.05,410.45,410.75,232115,962.36,2026-09-24
GULFOILLUB,EQ,1093.9,1100.0,1074.4,1090.8,1098.7,38837,421.59,2026-09-24
GULPOLY,EQ,174.8,174.8,168.9,169.4,174.22,72219,123.03,2026-09-24
GVPIL,EQ,685.0,688.0,653.0,659.4,686.3,156642,1042.53,2026-09-24
GVT&D,EQ,4372.1,4405.0,4286.3,4286.3,4417.0,337791,14702.39,2026-09-24
GYFTR,EQ,172.41,172.41,166.78,169.67,168.03,46047,77.92,2026-09-24
HAL,EQ,4810.0,4846.7,4770.0,4774.2,4836.0,357585,17210.34,2026-09-24
HALDER,EQ,263.9,285.0,244.0,248.75,266.15,51353,134.52,2026-09-24
HALEOSLABS,EQ,1510.0,1530.0,1490.0,1503.4,1510.7,1264,18.9,2026-09-24
HAMPTON,EQ,8.09,8.16,7.02,7.87,8.09,17570,1.4,2026-09-24
HAPPSTMNDS,EQ,316.65,316.65,310.5,311.6,317.7,452183,1415.99,2026-09-24
HAPPYFORGE,EQ,2089.3,2114.2,2045.4,2084.8,2099.8,49345,1033.2,2026-09-24
HARDWYN,EQ,9.26,9.4,9.18,9.25,9.22,562340,52.17,2026-09-24
HARIOMPIPE,EQ,356.0,357.0,350.0,350.7,357.2,74089,261.13,2026-09-24
HARRMALAYA,EQ,178.78,178.78,174.1,174.88,178.03,7716,13.62,2026-09-24
HARSHA,EQ,461.95,473.6,454.4,457.55,464.5,311042,1448.54,2026-09-24
HATHWAY,EQ,10.1,10.1,9.92,9.96,10.1,1724774,172.34,2026-09-24
HATSUN,EQ,1147.1,1159.1,1131.0,1134.4,1155.7,13360,152.56,2026-09-24
HAVELLS,EQ,1092.0,1102.9,1087.0,1090.0,1096.5,374085,4097.88,2026-09-24
HAVISHA,EQ,1.34,1.39,1.33,1.36,1.38,63845,0.87,2026-09-24
HAWKINCOOK,EQ,8098.0,8135.0,7996.0,8063.5,7992.0,1556,125.1,2026-09-24
HAZOOR,EQ,18.99,19.4,18.14,18.53,19.05,294880,55.05,2026-09-24
HBESD,EQ,71.0,71.0,70.5,70.51,70.65,72,0.05,2026-09-24
HBLENGINE,EQ,758.0,777.85,747.5,775.3,764.35,1559409,11975.71,2026-09-24
HBPOR,EQ,61.5,61.5,60.0,61.39,62.0,98,0.06,2026-09-24
HBSL,EQ,57.0,57.0,55.0,55.02,55.68,2513,1.39,2026-09-24
HCC,EQ,21.93,21.93,21.5,21.62,22.17,9196586,1994.87,2026-09-24
HCG,EQ,714.4,714.4,698.0,701.05,712.7,28731,202.65,2026-09-24
HCL-INSYS,EQ,10.93,10.95,10.17,10.42,10.93,299474,31.69,2026-09-24
HCLTECH,EQ,1251.0,1263.3,1242.8,1243.6,1256.7,822109,10283.88,2026-09-24
HDBFS,EQ,669.0,670.75,658.0,661.0,670.8,344057,2277.33,2026-09-24
HDFCAMC,EQ,2427.8,2432.0,2380.3,2380.3,2448.3,680651,16355.53,2026-09-24
HDFCBANK,EQ,725.0,734.85,722.7,728.9,737.25,29575194,215886.98,2026-09-24
HDFCBSE500,EQ,36.96,36.96,36.31,36.46,36.92,1143323,416.77,2026-09-24
HDFCGOLD,EQ,128.45,128.45,127.59,127.64,128.94,11149352,14275.4,2026-09-24
HDFCGROWTH,EQ,113.01,114.15,111.26,113.14,114.12,8501,9.65,2026-09-24
HDFCLIFE,EQ,531.0,535.35,514.0,526.9,561.5,17905953,94449.99,2026-09-24
HDFCLIQUID,EQ,1079.21,1079.21,1079.19,1079.2,1079.06,69142,746.19,2026-09-24
HDFCLOWVOL,EQ,19.92,19.94,19.71,19.81,19.93,255306,50.59,2026-09-24
HDFCMID150,EQ,23.25,23.25,22.75,22.83,23.25,712472,163.3,2026-09-24
HDFCMOMENT,EQ,30.87,30.87,30.56,30.62,30.87,902796,278.3,2026-09-24
HDFCNEXT50,EQ,73.63,73.81,73.0,73.2,74.12,176717,129.84,2026-09-24
HDFCNIF100,EQ,25.45,25.45,25.05,25.15,25.45,81685,20.6,2026-09-24
HDFCNIFBAN,EQ,59.59,59.59,57.03,57.22,58.14,180088,103.11,2026-09-24
HDFCNIFIT,EQ,30.27,30.44,30.05,30.14,30.26,70506,21.32,2026-09-24
HDFCNIFTY,EQ,263.61,263.61,260.5,261.05,264.65,371359,973.12,2026-09-24
HDFCNIMEG,EQ,132.45,132.45,130.16,130.38,132.45,4647,6.09,2026-09-24
HDFCPSUBK,EQ,84.05,84.31,83.2,83.47,84.34,21540,18.05,2026-09-24
HDFCPVTBAN,EQ,27.88,27.88,27.31,27.43,27.95,209055,57.35,2026-09-24
HDFCQUAL,EQ,55.79,57.43,55.79,56.43,56.93,4239,2.39,2026-09-24
HDFCSENSEX,EQ,87.12,87.12,83.61,83.93,85.0,105623,88.66,2026-09-24
HDFCSILVER,EQ,217.9,218.24,215.52,215.69,220.13,3155092,6843.65,2026-09-24
HDFCSML250,EQ,185.99,186.03,182.82,183.3,185.99,1751528,3217.25,2026-09-24
HDFCVALUE,EQ,121.24,121.51,119.86,120.01,122.17,22769,27.5,2026-09-24
HEADSUP,EQ,6.77,6.88,6.61,6.85,6.77,6559,0.44,2026-09-24
HEALTHADD,EQ,16.96,17.09,16.9,16.96,16.9,60251,10.21,2026-09-24
HEALTHAXIS,EQ,173.6,173.6,170.5,172.51,173.88,15664,26.88,2026-09-24
HEALTHCARE,EQ,22.53,22.53,21.75,21.99,22.09,41755,9.22,2026-09-24
HEALTHIETF,EQ,172.89,173.5,170.33,172.12,172.89,81276,140.47,2026-09-24
HEALTHX,EQ,296.35,296.35,287.9,290.65,293.3,1859,5.4,2026-09-24
HEALTHY,EQ,17.79,17.79,17.1,17.22,17.36,734744,127.7,2026-09-24
HECPROJECT,EQ,115.35,117.25,114.3,115.66,115.42,3768,4.35,2026-09-24
HEGAM,EQ,239.9,243.45,231.7,235.25,237.3,1352882,3207.94,2026-09-24
HEIDELBERG,EQ,140.98,141.5,139.0,139.49,141.58,141046,197.77,2026-09-24
HEMIPROP,EQ,120.0,120.37,118.41,118.83,120.91,157275,187.7,2026-09-24
HERANBA,EQ,171.0,174.99,168.4,172.27,171.49,38960,66.82,2026-09-24
HERITGFOOD,EQ,425.45,425.45,412.0,414.1,424.05,191411,800.21,2026-09-24
HEROMOTOCO,EQ,5331.5,5368.0,5294.0,5296.0,5394.0,360294,19195.07,2026-09-24
HEROMOTORS,EQ,103.0,118.08,103.0,118.08,98.4,147638382,168282.01,2026-09-24
HESTERBIO,EQ,2237.8,2237.9,2187.1,2201.2,2241.8,1381,30.49,2026-09-24
HEXATRADEX,EQ,159.99,159.99,155.6,156.98,158.95,2011,3.16,2026-09-24
HEXT,EQ,500.0,503.4,490.05,499.35,500.0,129020,640.4,2026-09-24
HGINFRA,EQ,448.85,513.5,445.45,468.05,450.7,13068436,63556.0,2026-09-24
HGM,EQ,42.7,43.97,42.2,42.74,42.64,9113,3.95,2026-09-24
HGS,EQ,380.0,380.95,373.0,374.55,378.5,7542,28.42,2026-09-24
HIKAL,EQ,230.45,233.1,212.41,214.15,232.43,1623096,3554.44,2026-09-24
HILINFRA,EQ,43.56,43.79,43.0,43.17,43.56,44392,19.18,2026-09-24
HILTON,EQ,16.57,17.09,16.57,16.99,16.73,111251,18.8,2026-09-24
HIMATSEIDE,EQ,68.28,70.5,67.36,69.47,67.87,1816349,1254.06,2026-09-24
HINDADH,EQ,387.9,393.5,365.1,389.3,380.4,2664,10.23,2026-09-24
HINDALCO,EQ,983.5,991.9,976.5,982.0,1003.8,4331000,42561.28,2026-09-24
HINDALUMI,EQ,94.44,95.0,92.5,93.15,93.78,807,0.76,2026-09-24
HINDCOMPOS,EQ,394.5,394.5,378.5,381.8,389.1,673,2.58,2026-09-24
HINDCON,EQ,24.65,25.85,24.55,25.12,25.21,36583,9.25,2026-09-24
HINDCOPPER,EQ,504.1,507.4,493.6,495.7,513.0,5874882,29440.89,2026-09-24
HINDOILEXP,EQ,174.78,175.86,170.01,172.81,173.58,462300,796.84,2026-09-24
HINDPETRO,EQ,356.05,358.0,349.3,350.4,360.0,3088358,10904.15,2026-09-24
HINDUNILVR,EQ,1940.0,1953.0,1925.5,1933.5,1950.0,1257687,24311.97,2026-09-24
HINDWAREAP,EQ,174.0,179.5,169.05,170.31,177.02,200038,344.17,2026-09-24
HINDZINC,EQ,585.85,594.9,581.0,587.15,595.45,3299611,19463.13,2026-09-24
HIRECT,EQ,1239.0,1239.9,1210.1,1219.0,1239.9,25662,313.89,2026-09-24
HISARMETAL,EQ,155.0,158.8,151.5,152.75,156.13,1621,2.5,2026-09-24
HITECH,EQ,75.01,75.79,74.4,74.84,75.86,384829,288.53,2026-09-24
HLEGLAS,EQ,446.75,448.2,425.0,428.75,446.85,138846,603.99,2026-09-24
HLVLTD,EQ,6.69,6.69,6.45,6.5,6.59,118080,7.72,2026-09-24
HMAAGRO,EQ,23.5,23.58,23.05,23.22,23.61,1239989,287.65,2026-09-24
HNDFDS,EQ,616.0,622.95,608.0,618.25,621.1,38201,236.4,2026-09-24
HNGSNGBEES,EQ,461.52,462.0,458.05,460.02,461.52,105194,483.85,2026-09-24
HOMEFIRST,EQ,1207.2,1207.2,1153.3,1157.5,1205.8,89649,1048.6,2026-09-24
HONASA,EQ,483.6,492.0,470.1,472.95,484.9,677532,3250.76,2026-09-24
HONAUT,EQ,34275.0,34275.0,33200.0,33625.0,34275.0,2109,712.78,2026-09-24
HONDAPOWER,EQ,1930.0,1947.5,1900.2,1905.6,1931.7,2468,47.23,2026-09-24
HORIZONIND,EQ,52.32,53.54,51.52,51.81,53.28,3423391,1790.59,2026-09-24
HPAL,EQ,36.19,36.58,35.02,35.6,35.65,27216,9.69,2026-09-24
HPIL,EQ,115.1,118.02,115.1,115.38,116.49,1947,2.28,2026-09-24
HPL,EQ,283.9,283.9,271.05,274.35,280.55,141655,390.39,2026-09-24
HRYNSHP,EQ,99.5,99.5,98.01,98.02,99.52,199,0.2,2026-09-24
HSBCGOLD,EQ,131.0,131.56,129.37,130.3,131.04,34977,45.68,2026-09-24
HSCL,EQ,664.45,682.5,660.0,674.9,667.75,1849598,12495.98,2026-09-24
HTEL,EQ,70.1,71.32,69.0,69.37,71.27,1153090,803.95,2026-09-24
HTMEDIA,EQ,24.8,25.0,24.01,24.36,24.86,76333,18.62,2026-09-24
HUBTOWN,EQ,175.5,176.89,172.2,173.38,177.35,90456,157.72,2026-09-24
HUDCO,EQ,176.0,176.4,171.15,174.32,177.92,2632690,4570.84,2026-09-24
HUHTAMAKI,EQ,249.6,251.9,241.15,242.45,250.0,159453,389.76,2026-09-24
HYBRIDETF,EQ,10.02,10.02,9.94,9.94,10.02,23475,2.34,2026-09-24
HYUNDAI,EQ,2077.2,2109.5,2060.0,2060.6,2095.0,388850,8106.06,2026-09-24
IBULLSLTD,EQ,29.0,29.05,28.12,28.41,29.12,17487540,4984.13,2026-09-24
ICEMAKE,EQ,695.2,704.65,674.0,677.2,699.45,45798,314.61,2026-09-24
ICICIAMC,EQ,3145.0,3189.5,3132.4,3169.2,3179.0,160187,5070.68,2026-09-24
ICICIB22,EQ,111.1,113.55,111.1,112.03,113.36,272514,305.28,2026-09-24
ICICIBANK,EQ,1333.1,1347.8,1330.1,1334.5,1340.0,8653920,115583.91,2026-09-24
ICICIGI,EQ,1471.9,1583.9,1465.6,1577.0,1500.6,2743847,42834.25,2026-09-24
ICICIPRULI,EQ,452.0,472.85,445.35,464.5,484.5,7763087,35797.26,2026-09-24
ICIL,EQ,474.5,474.5,446.5,450.95,476.55,486239,2228.35,2026-09-24
ICRA,EQ,4529.0,4568.7,4421.0,4442.7,4533.3,42485,1907.57,2026-09-24
IDBI,EQ,83.0,83.25,81.35,82.6,83.39,9378785,7713.43,2026-09-24
IDEA,EQ,14.42,14.5,14.04,14.12,14.52,364050771,51884.39,2026-09-24
IDEAFORGE,EQ,713.0,732.05,704.0,726.35,720.45,304604,2188.99,2026-09-24
IDFCFIRSTB,EQ,84.5,85.49,83.3,83.76,87.9,40583451,34248.59,2026-09-24
IDFNIFTYET,EQ,257.7,262.9,255.05,262.64,259.52,934,2.4,2026-09-24
IEX,EQ,112.32,112.5,111.04,111.2,113.16,2660046,2972.19,2026-09-24
IFBAGRO,EQ,874.95,874.95,852.6,857.7,864.8,1923,16.58,2026-09-24
IFBIND,EQ,1251.0,1251.0,1215.0,1222.3,1258.7,26050,320.59,2026-09-24
IFCI,EQ,78.39,78.86,74.67,75.19,79.49,70782804,53949.55,2026-09-24
IFGLEXPOR,EQ,197.74,199.55,192.0,194.27,197.16,15647,30.52,2026-09-24
IGARASHI,EQ,431.0,431.0,415.1,418.35,431.8,42460,178.89,2026-09-24
IGCL,EQ,63.0,63.27,61.52,62.1,63.55,68708,42.9,2026-09-24
IGIL,EQ,327.0,332.45,324.1,325.25,331.65,375940,1229.65,2026-09-24
IGL,EQ,146.5,146.62,145.1,145.74,147.09,1180776,1722.3,2026-09-24
IGPL,EQ,590.0,604.7,577.5,586.4,588.95,186698,1108.67,2026-09-24
IIFL,EQ,624.2,631.45,615.3,617.55,633.3,929076,5794.23,2026-09-24
IIFLCAPS,EQ,352.4,356.0,347.1,347.7,353.05,660308,2309.98,2026-09-24
IITL,EQ,138.5,145.94,136.99,143.27,140.39,121783,170.5,2026-09-24
IKIO,EQ,207.89,208.0,202.75,205.03,207.89,115942,237.42,2026-09-24
IKS,EQ,1920.0,1940.0,1849.0,1868.3,1937.8,366105,6961.41,2026-09-24
IMAGICAA,EQ,52.84,52.84,50.7,51.48,52.84,595864,307.07,2026-09-24
IMFA,EQ,1260.0,1267.5,1229.6,1241.0,1266.1,64545,806.2,2026-09-24
IMPAL,EQ,1063.0,1086.0,1041.0,1056.0,1059.5,2370,25.05,2026-09-24
INA,EQ,91.4,93.8,90.16,92.33,91.47,422040,389.3,2026-09-24
INCREDIBLE,EQ,32.11,32.91,30.53,32.38,32.08,3055,0.98,2026-09-24
INDBANK,EQ,26.15,27.2,25.86,26.23,26.14,55645,14.62,2026-09-24
INDGN,EQ,597.4,609.9,591.2,594.1,598.4,434449,2616.03,2026-09-24
INDHOTEL,EQ,739.0,740.1,727.4,728.8,743.7,1140542,8373.01,2026-09-24
INDIACEM,EQ,337.2,339.7,329.0,330.1,340.05,144709,482.03,2026-09-24
INDIAGLYCO,EQ,256.9,309.2,255.4,306.0,257.7,4841031,14453.0,2026-09-24
INDIAMART,EQ,1657.5,1657.5,1619.0,1635.9,1652.4,92462,1510.4,2026-09-24
INDIANB,EQ,836.25,840.2,824.1,830.0,842.0,693067,5751.06,2026-09-24
INDIANCARD,EQ,210.0,213.94,206.21,209.21,208.64,212,0.44,2026-09-24
INDIANHUME,EQ,366.25,372.5,359.0,361.5,366.25,218801,797.83,2026-09-24
INDIASHLTR,EQ,661.4,662.0,642.7,653.05,667.15,98186,639.69,2026-09-24
INDIGO,EQ,4975.0,4975.0,4874.5,4890.0,5028.5,570454,28081.43,2026-09-24
INDIGOPNTS,EQ,1128.0,1145.0,1109.0,1117.8,1140.0,40553,458.26,2026-09-24
INDIQUBE,EQ,192.06,201.0,183.01,194.06,192.46,55539,107.45,2026-09-24
INDNIPPON,EQ,1250.0,1329.0,1250.0,1315.9,1260.7,98115,1267.52,2026-09-24
INDOBORAX,EQ,457.0,466.5,447.5,452.45,462.55,53425,243.81,2026-09-24
INDOCO,EQ,250.99,256.79,247.0,250.29,251.16,119939,301.73,2026-09-24
INDOFARM,EQ,142.6,142.6,137.42,139.17,144.03,94234,131.98,2026-09-24
INDOKEM,EQ,619.85,634.8,565.25,614.0,614.9,13353,79.22,2026-09-24
INDOMIM,EQ,1245.0,1314.45,1233.85,1311.15,1251.9,1984666,25647.98,2026-09-24
INDORAMA,EQ,99.19,107.44,98.0,101.72,100.0,2652171,2755.39,2026-09-24
INDOSTAR,EQ,227.09,227.19,216.72,217.95,227.26,101952,225.76,2026-09-24
INDOTECH,EQ,3200.0,3316.6,3180.0,3190.1,3286.8,12871,416.45,2026-09-24
INDOTHAI,EQ,30.8,32.3,30.11,32.29,30.77,2149890,685.14,2026-09-24
INDOUS,EQ,81.68,81.68,77.57,78.06,78.1,2897,2.27,2026-09-24
INDOWIND,EQ,8.94,9.07,8.8,8.82,8.94,87052,7.74,2026-09-24
INDPRUD,EQ,6348.0,6348.0,6180.0,6200.0,6225.0,62,3.84,2026-09-24
INDRAMEDCO,EQ,374.9,378.8,368.05,370.5,374.6,318831,1189.94,2026-09-24
INDSWFTLAB,EQ,403.0,419.8,393.6,401.25,405.05,641089,2610.29,2026-09-24
INDTERRAIN,EQ,29.1,30.74,28.6,29.89,29.37,21209,6.36,2026-09-24
INDUSINDBK,EQ,918.0,928.9,909.3,919.5,959.3,5861520,53886.83,2026-09-24
INDUSTOWER,EQ,382.0,384.85,376.55,379.85,384.8,3016883,11471.74,2026-09-24
INFOBEAN,EQ,151.0,151.9,150.0,150.24,151.81,83242,125.26,2026-09-24
INFOMEDIA,EQ,5.47,5.48,5.14,5.44,5.48,24243,1.32,2026-09-24
INFRA,EQ,11.87,11.87,11.7,11.71,11.87,23762,2.8,2026-09-24
INFRABEES,EQ,937.79,938.81,924.0,926.98,937.79,12622,117.23,2026-09-24
INFRAIETF,EQ,92.33,93.12,91.77,92.08,93.36,102501,94.72,2026-09-24
INFY,EQ,1015.0,1022.8,1005.2,1014.5,1020.5,6891893,69789.52,2026-09-24
INGERRAND,EQ,4227.1,4248.8,4199.7,4234.4,4228.4,13267,560.79,2026-09-24
INNOVACAP,EQ,1297.6,1322.9,1272.2,1295.3,1297.6,100699,1312.65,2026-09-24
INNOVANA,EQ,301.0,301.0,295.1,298.85,299.1,63451,189.09,2026-09-24
INNOVISION,EQ,254.4,257.9,254.0,254.2,257.05,7569,19.32,2026-09-24
INOXGREEN,EQ,172.0,175.39,172.0,174.64,174.81,883157,1538.08,2026-09-24
INOXINDIA,EQ,2160.0,2165.9,2055.0,2064.8,2168.9,166493,3498.14,2026-09-24
INOXWIND,EQ,74.36,75.06,72.81,73.09,75.02,9666599,7141.03,2026-09-24
INSECTICID,EQ,604.7,608.0,592.45,603.65,608.9,17869,107.62,2026-09-24
INSPIRISYS,EQ,92.0,92.0,88.0,89.0,91.69,4198,3.75,2026-09-24
INSUREIETF,EQ,14.58,14.94,14.57,14.89,15.21,1142256,169.17,2026-09-24
INTELLECT,EQ,664.0,664.0,635.0,638.7,668.05,266408,1720.35,2026-09-24
INTENTECH,EQ,83.69,85.4,80.8,82.86,83.69,21951,18.12,2026-09-24
INTERARCH,EQ,1696.0,1696.0,1668.9,1678.6,1693.1,36634,616.31,2026-09-24
INTERNET,EQ,15.25,15.25,13.93,14.14,15.03,1864942,265.39,2026-09-24
INTLCONV,EQ,81.26,84.0,80.0,80.04,80.99,97825,79.96,2026-09-24
INVENTURE,EQ,0.91,0.91,0.87,0.87,0.9,1164211,10.3,2026-09-24
IOB,EQ,32.09,32.13,31.81,31.92,32.13,1870230,597.14,2026-09-24
IOC,EQ,136.5,137.5,135.51,136.27,138.15,7245913,9891.0,2026-09-24
IOLCP,EQ,205.0,212.99,201.32,203.22,206.6,3583698,7421.57,2026-09-24
IONEXCHANG,EQ,427.1,427.45,417.25,420.55,430.1,141310,596.2,2026-09-24
IPCALAB,EQ,1968.9,2006.9,1962.6,1997.1,1962.6,272964,5449.9,2026-09-24
IPL,EQ,133.52,133.74,131.6,132.09,133.52,124508,165.07,2026-09-24
IPRINGLTD,EQ,133.01,149.0,133.0,144.31,136.89,7350,10.43,2026-09-24
IRB,EQ,17.8,17.95,17.74,17.88,18.03,9762664,1743.17,2026-09-24
IRCON,EQ,109.0,109.0,106.06,106.6,110.13,2596498,2777.58,2026-09-24
IRCTC,EQ,463.8,464.55,460.05,461.2,463.8,467961,2159.73,2026-09-24
IREDA,EQ,110.0,110.6,109.06,110.11,111.0,2509085,2760.16,2026-09-24
IRFC,EQ,80.5,80.5,79.41,79.86,81.0,5332621,4257.93,2026-09-24
IRIS,EQ,235.21,238.5,230.01,231.58,234.87,16400,38.2,2026-09-24
IRISDOREME,EQ,66.2,67.5,65.1,65.85,66.26,194217,128.07,2026-09-24
IRMENERGY,EQ,266.65,271.4,262.0,267.6,272.9,42249,113.07,2026-09-24
ISFT,EQ,105.32,106.7,98.0,102.14,107.63,195972,202.2,2026-09-24
ISGEC,EQ,856.1,879.85,826.95,850.1,867.85,129248,1092.06,2026-09-24
ISHANCH,EQ,49.87,50.9,48.8,49.9,49.87,6350,3.15,2026-09-24
ISTLTD,EQ,656.0,668.0,650.0,657.95,655.0,242,1.6,2026-09-24
IT,EQ,30.64,31.61,30.64,31.42,31.43,322846,101.41,2026-09-24
ITADD,EQ,30.32,30.32,29.85,29.95,30.17,36337,10.9,2026-09-24
ITAXIS,EQ,316.48,316.48,308.0,308.61,313.65,2557,7.96,2026-09-24
ITBEES,EQ,32.25,32.25,31.2,31.32,31.47,6899204,2169.52,2026-09-24
ITBETA,EQ,299.52,303.8,296.0,300.34,299.0,609,1.81,2026-09-24
ITC,EQ,268.7,270.3,266.7,268.0,270.15,7398276,19851.43,2026-09-24
ITCHOTELS,EQ,160.0,165.4,158.84,164.01,161.23,3509055,5745.55,2026-09-24
ITDC,EQ,697.5,697.5,681.0,685.75,702.65,82927,570.42,2026-09-24
ITETF,EQ,30.6,30.6,29.81,29.87,30.0,364066,108.99,2026-09-24
ITI,EQ,256.55,256.55,250.4,251.05,257.2,148833,375.24,2026-09-24
ITIETF,EQ,32.26,32.26,30.85,31.37,31.48,500721,157.67,2026-09-24
ITL,EQ,369.0,369.0,356.1,361.0,364.75,896,3.24,2026-09-24
IVALUE,EQ,230.29,242.5,230.29,234.43,233.07,310427,737.08,2026-09-24
IVC,EQ,7.87,7.87,7.64,7.7,7.83,209287,16.26,2026-09-24
IVZBANKNF,EQ,55.71,55.8,55.35,55.43,56.53,4530,2.52,2026-09-24
IVZINGOLD,EQ,131.0,131.0,129.5,130.05,131.25,37867,49.3,2026-09-24
IVZINNIFTY,EQ,276.2,276.2,262.73,265.8,269.47,1986,5.3,2026-09-24
IVZSENSEX,EQ,76.51,76.51,73.83,73.96,75.11,586,0.43,2026-09-24
IWP,EQ,35.51,36.0,34.2,34.29,35.34,4088,1.41,2026-09-24
IXIGO,EQ,163.9,163.91,158.8,159.31,163.9,576315,923.56,2026-09-24
IZMO,EQ,930.1,930.1,902.0,904.45,931.15,54182,493.93,2026-09-24
J&KBANK,EQ,148.7,149.0,146.7,147.07,149.25,897539,1326.59,2026-09-24
JAGRAN,EQ,63.0,63.4,62.5,62.89,63.41,133071,83.74,2026-09-24
JAGSNPHARM,EQ,227.9,249.84,226.76,243.97,225.63,9252736,22338.57,2026-09-24
JAIBALAJI,EQ,65.2,67.9,65.2,65.5,66.78,538884,357.88,2026-09-24
JAICORPLTD,EQ,96.1,96.1,93.63,94.46,96.73,322845,306.39,2026-09-24
JAINREC,EQ,300.0,300.0,290.1,291.35,302.95,1114138,3272.25,2026-09-24
JAIPURKURT,EQ,24.95,25.3,24.31,25.26,24.95,7243,1.82,2026-09-24
JAMNAAUTO,EQ,129.0,140.08,128.32,138.39,129.55,14203329,19523.48,2026-09-24
JARO,EQ,462.5,462.95,455.1,457.7,462.5,71823,330.51,2026-09-24
JASH,EQ,592.0,592.0,572.15,577.15,588.95,232284,1352.38,2026-09-24
JAYAGROGN,EQ,235.4,236.0,228.1,230.91,237.12,35664,82.36,2026-09-24
JAYBARMARU,EQ,119.0,121.9,117.69,121.9,116.1,262106,315.93,2026-09-24
JAYKAY,EQ,210.0,213.8,200.78,202.53,212.76,1010193,2087.3,2026-09-24
JAYNECOIND,EQ,91.77,91.77,89.1,89.53,91.36,1528484,1376.54,2026-09-24
JAYSREETEA,EQ,89.2,90.01,86.0,87.92,89.55,52622,46.02,2026-09-24
JBMA,EQ,599.7,599.7,590.4,593.05,601.8,133875,795.48,2026-09-24
JENBURPH,EQ,950.2,959.9,946.4,954.0,952.0,1281,12.22,2026-09-24
JETFREIGHT,EQ,21.28,21.94,21.1,21.21,21.67,125891,27.0,2026-09-24
JGCHEM,EQ,622.75,644.85,595.95,601.75,621.55,504302,3128.12,2026-09-24
JHS,EQ,8.4,8.79,8.02,8.18,8.47,100866,8.35,2026-09-24
JINDALPHOT,EQ,1084.8,1085.0,1060.0,1063.2,1084.8,1196,12.76,2026-09-24
JINDALPOLY,EQ,705.0,713.95,695.0,699.8,715.2,12636,88.86,2026-09-24
JINDALSAW,EQ,290.95,294.55,281.95,283.1,292.6,860596,2468.46,2026-09-24
JINDALSTEL,EQ,1157.3,1174.7,1152.3,1157.8,1175.3,598786,6949.56,2026-09-24
JINDRILL,EQ,606.7,606.7,588.6,591.95,606.8,134469,799.32,2026-09-24
JINDWORLD,EQ,51.78,51.78,48.41,49.17,52.2,5928392,2933.21,2026-09-24
JIOFIN,EQ,229.83,230.6,226.7,227.2,232.15,11460271,26193.13,2026-09-24
JISLDVREQS,EQ,21.0,21.0,20.02,20.14,20.36,22456,4.53,2026-09-24
JISLJALEQS,EQ,28.79,28.79,28.41,28.58,28.9,1294531,370.03,2026-09-24
JITFINFRA,EQ,284.0,284.95,275.1,278.3,280.45,20767,58.14,2026-09-24
JKCEMENT,EQ,5025.0,5229.0,4981.0,5184.5,5085.0,42384,2177.03,2026-09-24
JKIL,EQ,479.35,481.9,473.0,478.1,479.6,37906,180.21,2026-09-24
JKIPL,EQ,102.0,102.0,96.15,98.15,100.25,4895,4.83,2026-09-24
JKLAKSHMI,EQ,512.8,513.95,507.0,509.45,511.2,66329,338.51,2026-09-24
JKPAPER,EQ,414.7,414.85,408.1,411.15,415.25,222048,912.46,2026-09-24
JKTYRE,EQ,350.0,353.35,346.0,347.2,355.35,408047,1424.03,2026-09-24
JLHL,EQ,274.0,275.0,266.1,267.8,274.05,197581,532.12,2026-09-24
JMA,EQ,90.4,90.4,86.5,87.92,89.89,15096,13.33,2026-09-24
JMFINANCIL,EQ,127.65,127.65,125.34,127.03,127.51,3399939,4298.31,2026-09-24
JNKINDIA,EQ,418.4,435.0,413.5,422.45,418.4,255676,1091.12,2026-09-24
JNPR,EQ,265.75,265.75,254.3,257.7,267.3,807227,2083.11,2026-09-24
JOCIL,EQ,148.72,149.0,144.01,146.75,148.71,1650,2.43,2026-09-24
JPOLYINVST,EQ,971.0,978.95,955.0,964.8,978.95,2769,26.79,2026-09-24
JPPOWER,EQ,15.97,15.99,15.78,15.84,16.04,33648899,5338.77,2026-09-24
JSFB,EQ,543.0,544.25,519.65,522.7,546.6,631956,3341.69,2026-09-24
JSL,EQ,752.0,763.85,737.0,738.95,758.55,741423,5551.45,2026-09-24
JSLL,EQ,522.0,529.55,510.0,511.15,524.3,212822,1100.75,2026-09-24
JSWCEMENT,EQ,118.0,118.0,115.25,115.71,118.18,1180047,1372.79,2026-09-24
JSWDULUX,EQ,3164.6,3165.8,3106.0,3132.3,3160.9,27787,868.95,2026-09-24
JSWENERGY,EQ,520.0,520.0,508.1,510.0,521.0,1303485,6672.12,2026-09-24
JSWHL,EQ,11300.0,11300.0,11051.0,11116.0,11333.0,1304,145.47,2026-09-24
JSWINFRA,EQ,361.95,369.95,358.0,360.7,363.6,4464796,16255.89,2026-09-24
JSWSTEEL,EQ,1289.0,1298.4,1272.2,1273.2,1297.8,836579,10718.47,2026-09-24
JTEKTINDIA,EQ,119.89,119.89,117.65,118.28,119.99,72743,86.24,2026-09-24
JTLIND,EQ,90.35,92.2,89.24,90.1,91.31,1853584,1680.5,2026-09-24
JUBLCPL,EQ,2225.0,2245.0,2130.2,2160.3,2202.4,6373,138.2,2026-09-24
JUBLFOOD,EQ,484.65,484.75,476.05,478.9,483.3,339592,1633.4,2026-09-24
JUBLINGREA,EQ,640.95,649.0,631.8,635.35,640.95,284101,1821.51,2026-09-24
JUBLPHARMA,EQ,1059.0,1066.25,1038.1,1063.85,1058.0,114741,1211.39,2026-09-24
JUNIORBEES,EQ,780.62,781.54,772.08,773.76,784.54,322504,2505.73,2026-09-24
JUNIPER,EQ,221.0,221.99,217.51,218.41,221.77,69636,152.61,2026-09-24
JUSTDIAL,EQ,693.55,697.55,666.0,672.35,693.55,80570,546.73,2026-09-24
JWL,EQ,230.0,230.59,226.81,228.07,233.16,616463,1406.39,2026-09-24
JYOTHYLAB,EQ,194.3,194.44,191.8,192.86,194.11,207081,399.92,2026-09-24
JYOTICNC,EQ,1098.0,1100.0,1067.0,1072.55,1100.8,504405,5469.74,2026-09-24
JYOTIRES,EQ,852.3,861.95,830.05,833.0,848.45,5158,43.22,2026-09-24
JYOTISTRUC,EQ,9.28,9.28,9.03,9.08,9.33,2781040,253.87,2026-09-24
KABRAEXTRU,EQ,739.8,806.1,737.0,806.1,732.85,520858,4145.21,2026-09-24
KAJARIACER,EQ,1214.0,1239.1,1204.0,1221.8,1216.4,282539,3451.75,2026-09-24
KAKATCEM,EQ,107.99,109.59,105.9,105.99,107.97,656,0.7,2026-09-24
KALAMANDIR,EQ,78.79,79.8,78.01,78.47,79.99,255927,202.01,2026-09-24
KALPATARU,EQ,278.0,289.45,270.6,277.8,272.55,282261,791.19,2026-09-24
KALYANKJIL,EQ,583.1,588.6,570.35,573.6,584.25,3630749,21024.55,2026-09-24
KAMAHOLD,EQ,2230.1,2348.7,2172.3,2199.6,2239.2,20376,456.76,2026-09-24
KAMANWALA,EQ,16.02,17.4,16.02,16.99,16.5,2709,0.45,2026-09-24
KAMATHOTEL,EQ,238.6,240.3,231.25,235.69,240.35,38921,91.83,2026-09-24
KAMDHENU,EQ,41.3,41.3,39.0,40.34,40.77,748522,301.19,2026-09-24
KAMOPAINTS,EQ,4.24,4.34,4.17,4.21,4.27,268131,11.31,2026-09-24
KANANIIND,EQ,1.42,1.44,1.4,1.41,1.42,108081,1.54,2026-09-24
KANCHI,EQ,382.7,395.05,382.5,393.85,390.3,1215,4.72,2026-09-24
KANCOTEA,EQ,52.5,54.9,52.5,52.66,54.72,104,0.05,2026-09-24
KANOHAR,EQ,873.9,908.4,852.45,863.3,907.0,2625443,23111.73,2026-09-24
KANPRPLA,EQ,256.45,274.95,256.3,262.5,257.05,63305,168.29,2026-09-24
KANSAINER,EQ,182.58,182.91,179.01,179.41,182.58,146681,264.64,2026-09-24
KAPSTON,EQ,585.9,586.95,575.05,578.1,585.9,34980,202.84,2026-09-24
KARAMTARA,EQ,361.0,382.95,355.6,369.05,361.95,6731277,24955.44,2026-09-24
KARMAENG,EQ,39.71,40.8,39.02,39.43,40.18,7821,3.12,2026-09-24
KARURVYSYA,EQ,323.15,327.55,321.0,325.0,324.45,1136510,3690.39,2026-09-24
KAYNES,EQ,3430.0,3576.0,3415.3,3509.5,3458.0,1525539,53692.13,2026-09-24
KCP,EQ,157.05,160.98,156.0,159.18,157.05,111803,177.28,2026-09-24
KDDL,EQ,4237.2,4237.2,4066.5,4119.8,4251.9,67371,2784.76,2026-09-24
KDGREEN,EQ,51.69,51.69,49.61,50.22,50.03,16908,8.45,2026-09-24
KEC,EQ,398.0,399.5,394.0,395.4,402.4,378577,1501.19,2026-09-24
KECL,EQ,121.0,126.8,120.24,122.75,120.24,261030,324.03,2026-09-24
KEEPLEARN,EQ,1.88,1.94,1.81,1.82,1.84,32956,0.61,2026-09-24
KEI,EQ,4700.0,4706.5,4627.0,4636.5,4722.5,224864,10497.56,2026-09-24
KELLTONTEC,EQ,13.8,13.8,13.4,13.48,13.76,1468588,198.61,2026-09-24
KENNAMET,EQ,4254.0,4355.1,4250.0,4266.4,4316.7,11487,491.55,2026-09-24
KERNEX,EQ,1727.3,1749.9,1692.5,1700.8,1731.0,83450,1432.95,2026-09-24
KEYFINSERV,EQ,243.9,243.9,226.35,231.65,244.05,1614,3.78,2026-09-24
KFINTECH,EQ,902.2,911.0,893.05,897.95,911.95,432496,3896.13,2026-09-24
KHAICHEM,EQ,50.29,50.65,49.0,49.41,50.13,113281,56.29,2026-09-24
KHAITANLTD,EQ,153.14,153.14,148.1,150.34,153.14,774,1.17,2026-09-24
KHANDSE,EQ,18.32,18.48,17.5,18.07,18.0,729,0.13,2026-09-24
KICL,EQ,4950.0,5018.5,4920.5,4940.5,5000.0,831,41.24,2026-09-24
KIMS,EQ,795.0,811.2,795.0,800.45,798.05,260151,2089.49,2026-09-24
KINGFA,EQ,6239.0,6435.0,6185.5,6228.5,6240.5,14512,913.53,2026-09-24
KIOCL,EQ,349.35,353.0,339.3,340.65,349.35,42480,145.88,2026-09-24
KIRANVYPAR,EQ,218.65,218.65,196.04,203.41,215.1,1329,2.73,2026-09-24
KIRIINDUS,EQ,564.0,583.95,552.0,559.9,572.75,1422251,8091.88,2026-09-24
KIRLFER,EQ,475.1,485.85,473.2,478.2,478.1,109335,524.94,2026-09-24
KIRLOSBROS,EQ,1790.0,1793.6,1752.1,1768.4,1794.3,16227,287.85,2026-09-24
KIRLOSENG,EQ,2195.0,2254.0,2156.8,2164.5,2219.5,278809,6134.46,2026-09-24
KIRLOSIND,EQ,3681.0,3681.0,3616.1,3635.0,3681.0,4437,161.6,2026-09-24
KIRLPNU,EQ,705.0,710.1,692.1,697.75,711.95,71227,499.45,2026-09-24
KISSHT,EQ,351.0,351.0,335.1,337.3,355.15,1679730,5742.27,2026-09-24
KITEX,EQ,120.99,121.9,117.75,118.65,121.33,265979,317.1,2026-09-24
KJMCFIN,EQ,62.11,62.11,58.45,59.84,61.5,304,0.18,2026-09-24
KKCL,EQ,478.0,478.65,465.05,469.3,477.55,13783,65.03,2026-09-24
KLBRENG-B,EQ,513.5,524.45,508.45,517.9,518.6,189495,979.47,2026-09-24
KMCSHIL,EQ,162.0,162.16,155.11,157.92,162.2,211733,334.99,2026-09-24
KMEW,EQ,2950.0,3009.9,2876.0,2890.6,2996.6,62583,1831.94,2026-09-24
KMSUGAR,EQ,29.4,29.4,28.78,29.06,29.5,84745,24.7,2026-09-24
KNACK,EQ,182.9,184.77,179.25,182.25,184.25,805858,1467.02,2026-09-24
KNAGRI,EQ,214.9,215.0,208.04,213.63,211.63,8248,17.55,2026-09-24
KNRCON,EQ,120.49,123.1,119.5,120.03,121.77,1488078,1805.52,2026-09-24
KOHINOOR,EQ,31.74,32.59,30.6,30.82,31.75,127383,39.87,2026-09-24
KOKUYOCMLN,EQ,76.35,77.81,76.15,76.64,76.35,35121,27.02,2026-09-24
KOLTEPATIL,EQ,441.45,441.45,429.95,432.05,440.05,35712,155.34,2026-09-24
KOPRAN,EQ,279.42,284.84,267.3,270.81,279.42,379629,1051.1,2026-09-24
KOTAKBANK,EQ,407.0,410.0,404.3,405.0,413.25,12799846,52047.93,2026-09-24
KOTHARIPET,EQ,137.58,137.58,132.76,134.01,136.81,28073,37.77,2026-09-24
KOTHARIPRO,EQ,68.02,69.86,66.3,67.13,69.64,15513,10.59,2026-09-24
KOTIC,EQ,147.82,154.78,141.3,143.82,147.11,29000,42.61,2026-09-24
KOVAI,EQ,6199.0,6199.0,6036.5,6101.0,6160.5,3104,189.35,2026-09-24
KPEL,EQ,226.0,227.24,218.0,221.55,228.8,329639,732.06,2026-09-24
KPIGREEN,EQ,344.9,344.9,330.1,333.2,350.05,2039670,6854.44,2026-09-24
KPIL,EQ,1414.9,1427.0,1381.2,1399.6,1411.8,157152,2209.89,2026-09-24
KPITTECH,EQ,526.0,527.8,514.0,516.85,527.0,1561197,8137.8,2026-09-24
KPL,EQ,3743.0,3777.4,3602.0,3642.1,3724.5,34399,1268.79,2026-09-24
KPRMILL,EQ,1130.0,1141.9,1109.9,1113.8,1136.7,158616,1783.29,2026-09-24
KRBL,EQ,404.75,410.95,396.2,398.2,404.85,360627,1453.32,2026-09-24
KREBSBIO,EQ,57.54,57.89,55.51,57.66,57.54,3409,1.95,2026-09-24
KRIDHANINF,EQ,1.86,1.87,1.81,1.85,1.84,16428,0.3,2026-09-24
KRISHANA,EQ,190.98,191.8,183.2,184.51,188.15,631052,1181.16,2026-09-24
KRISHIVAL,EQ,418.15,419.0,410.0,411.3,417.35,8216,33.99,2026-09-24
KRISHNADEF,EQ,1034.9,1038.0,1012.0,1015.5,1032.9,45530,465.16,2026-09-24
KRITI,EQ,61.35,64.0,61.35,61.65,63.19,8298,5.14,2026-09-24
KRITIKA,EQ,5.0,5.1,4.99,5.02,5.0,99913,5.04,2026-09-24
KRITINUT,EQ,81.0,81.0,77.6,77.81,80.21,15010,11.89,2026-09-24
KRN,EQ,1411.8,1424.9,1394.2,1401.6,1412.6,107810,1520.62,2026-09-24
KROSS,EQ,276.0,279.34,268.11,272.9,278.56,1470381,4021.55,2026-09-24
KRSNAA,EQ,565.0,565.0,549.3,551.25,560.05,43526,241.19,2026-09-24
KRYSTAL,EQ,635.05,646.95,631.0,637.5,643.65,3949,25.29,2026-09-24
KSB,EQ,822.95,822.95,797.3,802.15,823.2,90671,728.92,2026-09-24
KSCL,EQ,712.85,819.95,704.4,783.85,710.7,19332004,153986.16,2026-09-24
KSE,EQ,184.0,184.0,178.81,181.11,178.79,6832,12.36,2026-09-24
KSHINTL,EQ,1048.0,1069.0,1023.0,1036.0,1046.8,248567,2595.86,2026-09-24
KSHITIJPOL,EQ,5.06,5.07,5.06,5.06,4.83,12906313,653.91,2026-09-24
KSL,EQ,995.15,997.65,972.5,974.2,998.25,110396,1085.03,2026-09-24
KSOLVES,EQ,257.55,258.35,247.35,249.15,259.05,54728,137.66,2026-09-24
KTKBANK,EQ,339.0,345.4,336.55,338.15,343.05,2049219,6985.62,2026-09-24
KUANTUM,EQ,83.0,83.99,79.1,80.17,82.87,87226,70.63,2026-09-24
KUSUMGAR,EQ,634.9,634.9,610.55,620.1,635.1,261170,1616.03,2026-09-24
KWIL,EQ,41.88,41.88,40.54,40.81,41.92,5527010,2272.93,2026-09-24
LAGNAM,EQ,74.0,75.0,72.81,74.99,75.0,2832,2.11,2026-09-24
LAHOTIOV,EQ,41.0,41.0,37.0,38.28,40.77,14264,5.53,2026-09-24
LAKSHMIMIL,EQ,8066.0,8066.0,7721.0,7780.5,7716.5,20,1.6,2026-09-24
LAL,EQ,8.72,9.49,8.47,9.07,8.57,163991,14.87,2026-09-24
LALITHAA,EQ,359.0,370.5,356.4,370.5,352.9,10872334,39913.5,2026-09-24
LALPATHLAB,EQ,1940.0,1976.2,1911.7,1961.3,1924.3,430163,8402.96,2026-09-24
LAMBODHARA,EQ,120.9,141.5,119.42,139.46,119.93,393605,537.53,2026-09-24
LANCER,EQ,11.85,11.85,11.11,11.59,11.78,340911,39.52,2026-09-24
LANDMARK,EQ,500.9,511.15,485.25,489.05,506.4,51104,252.16,2026-09-24
LANDSMILL,EQ,0.55,0.55,0.52,0.52,0.54,3840492,20.46,2026-09-24
LAOPALA,EQ,162.3,163.0,159.45,160.21,163.06,98696,159.23,2026-09-24
LARGEMID50,EQ,35.33,35.35,35.05,35.1,35.61,889,0.31,2026-09-24
LASERPOWER,EQ,284.75,285.4,270.4,274.5,287.4,834811,2304.04,2026-09-24
LATENTVIEW,EQ,252.9,252.9,245.0,245.4,253.4,335304,830.87,2026-09-24
LATTEYS,EQ,20.0,20.75,20.0,20.08,20.35,42119,8.47,2026-09-24
LAURUSLABS,EQ,2021.1,2055.3,2020.0,2026.2,2034.0,1388039,28328.55,2026-09-24
LAXMICOT,EQ,13.2,14.18,13.01,13.23,13.4,3757,0.5,2026-09-24
LAXMIDENTL,EQ,193.99,201.59,193.56,197.05,195.09,95949,189.65,2026-09-24
LAXMIINDIA,EQ,126.4,126.4,119.4,120.66,126.12,152816,186.12,2026-09-24
LCCINFOTEC,EQ,4.03,4.03,3.99,4.03,3.84,120873,4.87,2026-09-24
LCCPROJECT,EQ,146.35,146.35,141.87,144.22,146.59,1209866,1737.05,2026-09-24
LCL,EQ,572.6,589.0,571.8,575.55,577.55,218144,1265.82,2026-09-24
LEAPIND,EQ,146.45,148.16,142.11,143.09,148.62,1423067,2064.98,2026-09-24
LEMERITE,EQ,20.45,20.85,19.5,20.59,19.88,220522,44.93,2026-09-24
LEMONTREE,EQ,107.0,107.7,106.2,106.72,107.92,1819035,1941.41,2026-09-24
LENSKART,EQ,681.5,691.9,673.55,676.0,686.7,3191467,21826.14,2026-09-24
LEXUS,EQ,12.9,12.9,12.12,12.19,12.5,14276,1.79,2026-09-24
LFIC,EQ,136.5,136.99,131.0,136.36,136.14,1564,2.07,2026-09-24
LGBBROSLTD,EQ,1720.0,1764.9,1710.1,1745.3,1734.5,25762,447.84,2026-09-24
LGEINDIA,EQ,1685.0,1719.9,1669.9,1697.7,1694.2,527914,8982.74,2026-09-24
LGHL,EQ,171.3,192.0,171.3,181.48,176.62,38541,71.16,2026-09-24
LIBAS,EQ,12.0,12.56,11.15,12.02,12.09,241544,28.02,2026-09-24
LIBERTSHOE,EQ,241.4,242.34,235.0,237.84,235.48,45513,108.42,2026-09-24
LICHSGFIN,EQ,569.8,571.9,563.8,564.25,572.5,1297709,7366.1,2026-09-24
LICI,EQ,400.9,417.8,398.5,406.0,407.5,14741490,60211.73,2026-09-24
LICMFGOLD,EQ,135.7,135.7,134.2,134.5,135.9,24030,32.41,2026-09-24
LICNETFGSC,EQ,29.48,29.48,29.07,29.16,29.27,7011,2.04,2026-09-24
LICNETFN50,EQ,262.23,262.42,259.94,260.13,263.9,806,2.11,2026-09-24
LICNETFSEN,EQ,840.54,840.54,834.79,835.18,844.27,9,0.08,2026-09-24
LICNFNHGP,EQ,274.19,276.93,267.2,275.99,274.19,85,0.23,2026-09-24
LICNMID100,EQ,62.98,62.98,61.22,61.29,62.75,6888,4.25,2026-09-24
LIKHITHA,EQ,230.35,236.5,227.0,227.38,229.21,34331,78.63,2026-09-24
LINC,EQ,94.89,94.89,91.62,92.24,93.85,39577,36.45,2026-09-24
LINCOLN,EQ,603.0,604.35,590.1,594.65,603.55,16062,95.8,2026-09-24
LINDEINDIA,EQ,6270.0,6333.5,6166.5,6196.5,6286.0,11679,726.7,2026-09-24
LIQGRWBEES,EQ,1056.7,1056.72,1056.7,1056.71,1056.58,45129,476.88,2026-09-24
LIQUID,EQ,999.99,1000.0,999.99,999.99,999.99,297034,2970.31,2026-09-24
LIQUID1,EQ,1118.19,1130.0,1118.19,1123.96,1123.81,700510,7873.46,2026-09-24
LIQUIDADD,EQ,1146.07,1146.37,1146.07,1146.08,1145.93,658390,7545.7,2026-09-24
LIQUIDBEES,EQ,999.99,1000.01,999.99,999.99,1000.0,2147668,21476.63,2026-09-24
LIQUIDBETA,EQ,1009.22,1009.22,1009.22,1009.22,1009.1,99,1.0,2026-09-24
LIQUIDBETF,EQ,1100.04,1100.06,1100.04,1100.05,1099.9,232382,2556.32,2026-09-24
LIQUIDCASE,EQ,116.05,116.07,116.05,116.06,116.04,17169903,19927.1,2026-09-24
LIQUIDETF,EQ,1000.0,1000.01,999.99,1000.0,999.99,152036,1520.36,2026-09-24
LIQUIDIETF,EQ,994.95,1000.01,994.95,999.99,999.95,298668,2986.53,2026-09-24
LIQUIDPLUS,EQ,1104.36,1104.51,1104.36,1104.49,1104.36,1037533,11459.46,2026-09-24
LIQUIDSBI,EQ,1000.0,1000.01,999.99,1000.01,999.99,2977,29.77,2026-09-24
LIQUIDSHRI,EQ,1122.7,1122.72,1122.7,1122.71,1122.57,24624,276.46,2026-09-24
LKPSEC,EQ,15.58,15.58,15.0,15.02,15.27,2398,0.36,2026-09-24
LLOYDSENGG,EQ,90.25,93.0,90.1,90.91,91.52,10861920,9946.57,2026-09-24
LLOYDSENT,EQ,72.71,77.15,72.71,75.58,74.15,4465318,3382.61,2026-09-24
LLOYDSME,EQ,1870.0,1881.5,1816.0,1821.9,1890.9,278524,5148.9,2026-09-24
LMW,EQ,17145.0,17339.0,17049.0,17136.0,17126.0,2245,385.77,2026-09-24
LODHA,EQ,1153.0,1177.0,1148.9,1158.0,1162.5,1243527,14484.27,2026-09-24
LOKESHMACH,EQ,360.15,362.75,342.0,342.9,359.25,43467,152.25,2026-09-24
LORDSCHLO,EQ,140.0,140.0,132.2,134.5,137.38,12002,16.18,2026-09-24
LOTUSCHO,EQ,578.7,578.7,560.0,566.15,562.4,1318,7.48,2026-09-24
LOTUSEYE,EQ,115.0,115.86,112.5,113.23,115.24,3217,3.66,2026-09-24
LOVABLE,EQ,71.0,71.5,69.0,69.7,71.38,8216,5.73,2026-09-24
LOWVOL,EQ,204.09,204.09,197.73,198.01,200.09,1661,3.31,2026-09-24
LOWVOL1,EQ,20.49,20.49,20.12,20.16,20.39,302634,61.27,2026-09-24
LOWVOLIETF,EQ,21.58,21.58,21.1,21.2,21.4,628332,133.53,2026-09-24
LOYALTEX,EQ,240.9,240.9,221.27,223.98,231.23,6531,15.32,2026-09-24
LPDC,EQ,6.77,6.77,6.43,6.63,6.66,17312,1.15,2026-09-24
LT,EQ,3887.3,3907.0,3849.0,3858.4,3929.9,1649308,63850.85,2026-09-24
LTF,EQ,279.0,290.6,279.0,282.0,310.0,36077849,102756.17,2026-09-24
LTFOODS,EQ,426.95,433.85,423.0,424.5,430.0,257102,1100.87,2026-09-24
LTGILTBEES,EQ,30.0,30.0,29.61,29.62,29.79,1537754,456.26,2026-09-24
LTGILTCASE,EQ,30.38,30.38,30.22,30.22,30.37,275925,83.47,2026-09-24
LTM,EQ,4031.0,4089.0,4011.0,4038.0,4085.0,350005,14199.13,2026-09-24
LTTS,EQ,3233.7,3238.8,3190.0,3209.1,3231.3,27363,879.5,2026-09-24
LUMAXIND,EQ,5808.0,5808.0,5710.0,5732.5,5788.0,5160,296.93,2026-09-24
LUMAXTECH,EQ,2049.4,2099.8,2026.9,2068.8,2044.9,122712,2548.52,2026-09-24
LUMINO,EQ,108.53,110.44,106.5,107.22,109.9,5968222,6449.89,2026-09-24
LUPIN,EQ,2099.9,2114.8,2084.5,2100.7,2102.8,533164,11185.27,2026-09-24
LUXIND,EQ,1180.0,1190.0,1155.4,1167.8,1186.5,18229,214.06,2026-09-24
LXCHEM,EQ,186.05,187.0,179.92,180.61,188.44,1098678,2013.52,2026-09-24
M&M,EQ,3028.8,3039.0,2982.7,2982.7,3035.0,1903721,57235.2,2026-09-24
M&MFIN,EQ,343.35,343.35,334.45,339.9,348.6,1834421,6232.76,2026-09-24
MAANALU,EQ,105.0,105.0,102.25,102.62,103.93,37559,38.87,2026-09-24
MACPOWER,EQ,2059.5,2170.0,2018.1,2061.1,2059.5,57329,1201.85,2026-09-24
MADHAV,EQ,35.45,35.82,33.72,34.46,34.57,2431,0.84,2026-09-24
MADHAVIPL,EQ,7.84,7.9,7.18,7.59,7.67,189234,14.21,2026-09-24
MADHUCON,EQ,4.06,4.3,3.94,4.25,4.14,21341,0.88,2026-09-24
MADRASFERT,EQ,61.89,61.89,60.5,60.72,61.47,19924,12.17,2026-09-24
MAFANG,EQ,238.88,238.88,228.28,231.32,234.14,515916,1194.22,2026-09-24
MAFATIND,EQ,120.5,122.0,119.41,119.81,121.05,23718,28.56,2026-09-24
MAGADSUGAR,EQ,502.2,506.45,499.9,503.0,509.2,9365,47.18,2026-09-24
MAGNUM,EQ,19.0,19.1,18.56,18.65,19.0,12019,2.27,2026-09-24
MAHABANK,EQ,83.7,83.9,81.8,82.38,84.11,7964442,6588.95,2026-09-24
MAHAPEXLTD,EQ,53.0,54.8,51.0,51.74,53.0,16177,8.4,2026-09-24
MAHEPC,EQ,99.02,100.98,98.0,98.19,100.45,18772,18.56,2026-09-24
MAHESHWARI,EQ,72.75,73.2,72.7,72.7,72.83,7920,5.76,2026-09-24
MAHKTECH,EQ,22.22,22.22,21.6,21.78,21.86,396306,86.8,2026-09-24
MAHLIFE,EQ,356.6,360.55,347.85,353.9,356.6,68743,242.08,2026-09-24
MAHLOG,EQ,415.9,429.2,411.55,420.05,416.55,499911,2116.6,2026-09-24
MAHSCOOTER,EQ,13121.0,13300.0,13080.0,13255.0,13269.0,3227,426.82,2026-09-24
MAHSEAMLES,EQ,698.7,723.9,696.05,708.55,702.75,232935,1658.5,2026-09-24
MAITHANALL,EQ,996.05,1004.85,975.0,977.1,1009.9,65584,647.26,2026-09-24
MAKEINDIA,EQ,167.08,167.08,160.68,160.93,163.01,19729,31.92,2026-09-24
MAKERSL,EQ,184.5,191.0,184.0,189.42,182.88,2038,3.79,2026-09-24
MALLCOM,EQ,970.1,972.0,950.0,950.8,975.35,6604,63.54,2026-09-24
MALUPAPER,EQ,32.63,33.39,31.71,31.79,31.99,3983,1.27,2026-09-24
MAMATA,EQ,422.7,422.7,397.35,403.8,423.35,144579,584.98,2026-09-24
MANAKALUCO,EQ,36.48,36.48,35.0,35.31,35.96,30719,10.87,2026-09-24
MANAKCOAT,EQ,131.99,134.16,130.0,131.16,131.99,224387,295.72,2026-09-24
MANAKSIA,EQ,65.98,66.45,63.71,64.03,66.8,73292,47.28,2026-09-24
MANALIPETC,EQ,87.1,87.1,82.62,83.28,87.69,1080286,914.12,2026-09-24
MANAPPURAM,EQ,314.4,327.0,313.15,324.95,320.4,4674648,14987.51,2026-09-24
MANBA,EQ,139.0,145.4,138.88,140.35,139.19,243633,346.15,2026-09-24
MANCREDIT,EQ,222.02,227.5,221.0,222.52,225.17,118659,267.17,2026-09-24
MANGALAM,EQ,32.64,32.64,31.42,31.65,32.32,33768,10.72,2026-09-24
MANGLMCEM,EQ,1029.0,1049.0,1014.8,1031.5,1033.3,57124,589.48,2026-09-24
MANINDS,EQ,990.75,990.9,956.55,962.85,986.7,1416561,13746.78,2026-09-24
MANINFRA,EQ,123.9,125.45,123.45,124.17,124.75,1221376,1519.99,2026-09-24
MANIPALHOS,EQ,760.6,763.2,736.25,742.5,760.95,952691,7143.36,2026-09-24
MANKIND,EQ,2442.6,2504.3,2442.6,2500.0,2465.0,447288,11121.64,2026-09-24
MANOMAY,EQ,228.48,235.35,224.5,233.21,224.48,382971,885.33,2026-09-24
MANORAMA,EQ,1921.7,1931.4,1868.2,1882.7,1929.4,133580,2530.44,2026-09-24
MANORG,EQ,457.9,462.7,452.0,453.15,458.15,2268,10.34,2026-09-24
MANUFGBEES,EQ,157.2,160.77,157.2,159.0,160.41,39814,63.81,2026-09-24
MANUGRAPH,EQ,24.26,24.26,21.56,22.02,23.52,466712,106.95,2026-09-24
MANYAVAR,EQ,530.1,530.1,511.6,524.45,531.15,178569,930.96,2026-09-24
MAPMYINDIA,EQ,900.0,910.0,878.6,882.8,906.8,114146,1015.46,2026-09-24
MARALOVER,EQ,60.5,61.0,58.0,58.93,61.11,19526,11.59,2026-09-24
MARATHON,EQ,421.9,421.9,406.65,410.8,419.4,35268,145.94,2026-09-24
MARICO,EQ,830.0,831.65,820.05,824.55,832.3,919851,7599.45,2026-09-24
MARINE,EQ,415.0,421.1,396.0,401.5,425.8,2132733,8673.66,2026-09-24
MARKOLINES,EQ,170.01,170.01,165.95,167.42,169.9,62571,104.68,2026-09-24
MARKSANS,EQ,345.8,350.95,336.15,337.4,347.6,2858544,9810.84,2026-09-24
MARSONS,EQ,127.36,129.99,124.0,124.37,128.05,4536331,5801.19,2026-09-24
MARUTI,EQ,12180.0,12184.0,11975.0,11990.0,12230.0,393665,47542.06,2026-09-24
MASFIN,EQ,284.5,285.9,276.0,280.35,284.5,134842,377.85,2026-09-24
MASKINVEST,EQ,145.94,152.0,139.5,140.81,146.67,125,0.18,2026-09-24
MASPTOP50,EQ,99.99,107.31,93.01,96.78,97.56,3529466,3554.0,2026-09-24
MASTEK,EQ,1570.0,1579.0,1538.0,1543.6,1573.3,64792,1007.3,2026-09-24
MASTERTR,EQ,87.7,87.72,84.35,85.21,88.14,134087,115.18,2026-09-24
MATRIMONY,EQ,535.0,541.3,525.0,538.55,544.95,7656,41.07,2026-09-24
MAWANASUG,EQ,133.07,135.38,130.0,130.7,133.07,138444,183.1,2026-09-24
MAXESTATES,EQ,620.35,652.8,605.3,616.8,603.2,1371303,8688.6,2026-09-24
MAXHEALTH,EQ,1035.0,1055.8,1029.0,1046.0,1059.9,2505137,26169.52,2026-09-24
MAXIND,EQ,151.0,151.0,148.02,149.22,149.82,18417,27.5,2026-09-24
MAYURUNIQ,EQ,722.9,738.15,718.0,733.1,722.9,71013,518.25,2026-09-24
MAZDOCK,EQ,2205.0,2221.8,2189.2,2202.0,2211.5,463672,10212.96,2026-09-24
MBAPL,EQ,169.0,169.0,162.91,164.07,167.51,459173,757.8,2026-09-24
MBEL,EQ,259.9,270.4,256.0,263.95,261.0,109451,288.61,2026-09-24
MBLINFRA,EQ,22.3,22.3,20.64,20.9,21.72,91520,19.39,2026-09-24
MCCHRLS-B,EQ,679.8,679.8,645.0,677.85,657.1,297,1.98,2026-09-24
MCL,EQ,61.0,63.0,60.0,61.61,60.75,143738,88.41,2026-09-24
MCLEODRUSS,EQ,46.1,47.8,44.84,44.84,47.2,445980,203.8,2026-09-24
MCLOUD,EQ,25.3,25.3,24.56,24.9,25.41,710919,178.09,2026-09-24
MCX,EQ,3365.0,3477.0,3351.1,3427.7,3374.0,4133428,141768.44,2026-09-24
MEDANTA,EQ,1490.0,1513.0,1479.1,1506.2,1496.1,171482,2573.75,2026-09-24
MEDIASSIST,EQ,330.0,332.65,318.1,320.3,334.6,424095,1379.64,2026-09-24
MEDICO,EQ,32.9,33.25,32.2,32.5,32.65,133117,43.32,2026-09-24
MEDPLUS,EQ,661.75,661.75,653.0,654.25,662.0,52368,343.15,2026-09-24
MEESHO,EQ,235.01,239.66,232.0,232.84,236.37,13461160,31699.1,2026-09-24
MEGASTAR,EQ,277.5,277.5,254.55,260.9,277.6,8559,22.58,2026-09-24
MEIL,EQ,270.45,275.0,269.0,272.7,274.25,27992,76.32,2026-09-24
MERCANTILE,EQ,22.98,22.98,21.95,22.59,22.01,1336,0.3,2026-09-24
MERCURYEV,EQ,38.24,39.13,37.82,38.87,38.72,345992,133.46,2026-09-24
METAL,EQ,13.57,13.57,13.15,13.18,13.4,1750256,231.73,2026-09-24
METALIETF,EQ,13.67,13.67,13.1,13.11,13.34,4539278,599.46,2026-09-24
METROBRAND,EQ,911.1,911.15,878.0,884.55,911.1,63891,569.85,2026-09-24
METROGLOBL,EQ,128.4,128.4,128.4,128.4,130.38,200,0.26,2026-09-24
METROPOLIS,EQ,583.95,589.9,578.45,582.95,585.5,143495,836.4,2026-09-24
MFML,EQ,18.84,19.48,17.05,19.16,18.22,21958,4.11,2026-09-24
MFSL,EQ,1406.7,1429.8,1360.1,1410.0,1562.9,11421840,159247.85,2026-09-24
MGEL,EQ,15.7,15.9,15.3,15.63,15.49,3566425,553.05,2026-09-24
MGL,EQ,1083.7,1092.0,1077.4,1079.6,1092.8,51860,562.31,2026-09-24
MHRIL,EQ,201.39,201.99,198.0,199.71,201.39,54816,109.53,2026-09-24
MID150,EQ,23.47,23.47,22.82,22.9,23.33,102632,23.63,2026-09-24
MID150BEES,EQ,236.9,236.9,232.42,233.02,237.36,856091,2004.77,2026-09-24
MID150CASE,EQ,11.6,11.66,11.3,11.33,11.56,2268030,258.26,2026-09-24
MIDBANKADD,EQ,17.0,17.0,16.84,16.86,17.25,253272,42.82,2026-09-24
MIDCAP,EQ,18.21,18.5,17.89,17.93,18.31,602076,108.44,2026-09-24
MIDCAPADD,EQ,22.86,22.86,22.52,22.59,22.86,32287,7.3,2026-09-24
MIDCAPBETA,EQ,229.65,235.08,227.17,232.81,230.8,2128,4.87,2026-09-24
MIDCAPETF,EQ,23.42,23.42,22.98,23.0,23.43,4666905,1080.54,2026-09-24
MIDCAPIETF,EQ,23.49,23.71,23.29,23.35,23.74,891504,208.77,2026-09-24
MIDHANI,EQ,415.0,415.7,403.7,406.9,416.2,437136,1788.37,2026-09-24
MIDQ50ADD,EQ,24.39,24.41,24.09,24.22,24.28,28869,7.01,2026-09-24
MIDSELIETF,EQ,19.7,19.99,19.11,19.19,19.79,672031,129.72,2026-09-24
MIDSMALL,EQ,51.31,51.53,50.9,50.98,51.56,719033,368.52,2026-09-24
MIDWESTLTD,EQ,1004.7,1004.7,931.2,942.6,993.4,57422,549.93,2026-09-24
MIIL,EQ,699.0,706.85,694.1,703.9,698.1,47887,336.01,2026-09-24
MILKYMIST,EQ,323.0,333.11,305.1,309.16,317.25,9525794,30869.94,2026-09-24
MINDACORP,EQ,683.9,687.9,675.05,680.3,689.05,91801,626.58,2026-09-24
MINDTECK,EQ,159.65,159.99,154.95,155.37,159.65,17903,28.06,2026-09-24
MIRZAINT,EQ,29.05,29.69,28.8,28.9,29.35,124507,36.26,2026-09-24
MITCON,EQ,88.5,91.98,84.17,89.25,82.62,106676,94.56,2026-09-24
MITTAL,EQ,0.75,0.75,0.74,0.74,0.74,653559,4.88,2026-09-24
MKEXIM,EQ,68.9,68.9,67.5,68.64,68.13,20858,14.19,2026-09-24
MKPL,EQ,4.04,4.07,4.0,4.01,4.04,45022,1.81,2026-09-24
MLKFOOD,EQ,83.29,84.0,80.54,83.12,82.88,5173,4.29,2026-09-24
MMFL,EQ,610.8,623.2,609.1,612.75,614.65,36723,225.79,2026-09-24
MMP,EQ,465.0,470.4,446.0,453.95,464.8,55173,250.85,2026-09-24
MMTC,EQ,60.54,60.6,57.45,57.97,60.47,2102337,1234.74,2026-09-24
MMWL,EQ,13.7,14.38,13.35,14.38,13.7,82026,11.66,2026-09-24
MNC,EQ,32.48,32.53,32.22,32.27,32.49,24812,8.02,2026-09-24
MOALPHA50,EQ,55.69,56.49,54.57,55.01,55.69,7125,3.93,2026-09-24
MOBANK10,EQ,16.28,16.7,16.25,16.35,16.7,30346,4.99,2026-09-24
MOBIKWIK,EQ,202.0,206.6,198.26,203.8,202.93,1821686,3704.97,2026-09-24
MOCAPITAL,EQ,53.98,54.0,52.88,53.18,53.88,791936,423.76,2026-09-24
MODEFENCE,EQ,103.5,105.0,102.6,102.77,103.76,1300097,1343.61,2026-09-24
MODINATUR,EQ,356.2,359.0,331.3,338.5,352.65,8750,30.05,2026-09-24
MODIRUBBER,EQ,121.51,122.8,119.1,119.99,121.51,2354,2.83,2026-09-24
MODIS,EQ,356.05,368.0,355.55,363.2,356.35,40714,147.7,2026-09-24
MODTHREAD,EQ,47.0,47.98,46.21,47.24,45.92,5968,2.81,2026-09-24
MOENERGY,EQ,38.03,38.03,37.16,37.5,38.02,155453,58.35,2026-09-24
MOGOLD,EQ,148.85,148.85,147.3,147.6,149.1,13760,20.4,2026-09-24
MOGSEC,EQ,65.3,65.4,64.51,64.72,65.44,3023,1.96,2026-09-24
MOHEALTH,EQ,53.5,53.5,52.23,52.55,52.8,73646,38.77,2026-09-24
MOHITE,EQ,2.42,2.51,2.36,2.41,2.45,88251,2.13,2026-09-24
MOHITIND,EQ,23.9,23.9,23.21,23.67,23.5,6977,1.65,2026-09-24
MOIL,EQ,246.0,250.9,243.75,245.38,248.7,423535,1046.11,2026-09-24
MOINFRA,EQ,58.14,58.2,57.47,58.0,58.32,1408,0.81,2026-09-24
MOIPO,EQ,48.74,48.76,47.37,47.62,48.97,14716,7.04,2026-09-24
MOKSH,EQ,10.06,10.18,9.9,9.92,10.13,52068,5.2,2026-09-24
MOL,EQ,61.3,61.31,58.9,59.56,61.63,643537,385.78,2026-09-24
MOLBIO,EQ,1304.2,1321.6,1230.0,1246.2,1313.2,727312,9289.98,2026-09-24
MOLDTKPAC,EQ,681.0,686.0,668.1,672.95,679.95,41100,278.06,2026-09-24
MOLOWVOL,EQ,35.35,35.35,34.89,35.13,35.25,5203,1.83,2026-09-24
MOM100,EQ,68.97,68.97,65.5,65.89,67.29,395664,262.16,2026-09-24
MOM30IETF,EQ,31.02,31.19,30.75,30.8,31.12,406652,125.7,2026-09-24
MOM50,EQ,245.0,245.0,240.77,242.03,244.51,3609,8.77,2026-09-24
MOMENTUM,EQ,30.94,30.96,30.5,30.67,30.94,33664,10.37,2026-09-24
MOMENTUM30,EQ,31.14,31.14,30.07,30.26,30.53,11940,3.63,2026-09-24
MOMENTUM50,EQ,54.0,54.0,53.26,53.46,54.0,354763,190.57,2026-09-24
MOMETAL,EQ,13.34,14.55,13.07,13.95,13.36,15247,2.01,2026-09-24
MOMGF,EQ,160.8,160.85,158.14,159.4,159.93,310,0.49,2026-09-24
MOMIDMTM,EQ,64.25,64.25,63.04,63.67,64.22,55321,35.22,2026-09-24
MOMMIDCAP,EQ,12.98,12.98,12.76,12.79,12.98,2176041,279.22,2026-09-24
MOMNC,EQ,31.0,31.61,31.0,31.05,31.61,1346,0.42,2026-09-24
MOMOMENTUM,EQ,61.52,61.9,60.9,61.13,61.77,105178,64.73,2026-09-24
MOMSBELIEF,EQ,224.0,234.98,221.0,222.44,227.7,114208,260.74,2026-09-24
MON100,EQ,328.0,328.39,320.0,322.8,327.37,729468,2358.29,2026-09-24
MON50EQUAL,EQ,33.05,33.7,32.05,32.28,33.9,322366,104.02,2026-09-24
MONARCH,EQ,358.35,369.9,358.35,365.6,363.45,55606,203.64,2026-09-24
MONEXT50,EQ,74.14,74.14,71.34,71.55,72.69,23374,16.83,2026-09-24
MONEYBOXX,EQ,54.96,55.84,52.31,53.9,54.96,35634,19.05,2026-09-24
MONIFTY100,EQ,24.67,24.67,24.4,24.45,24.67,20188,4.95,2026-09-24
MONIFTY500,EQ,24.1,24.1,23.04,23.18,23.52,891865,207.34,2026-09-24
MONQ50,EQ,182.63,241.52,164.01,209.44,202.92,5727244,12024.78,2026-09-24
MONTECARLO,EQ,528.8,528.8,515.15,516.5,527.6,61524,320.02,2026-09-24
MOOILGAS,EQ,11.17,11.17,10.87,10.89,11.06,34446,3.77,2026-09-24
MOPSE,EQ,98.0,98.18,97.56,97.57,98.42,1016,1.0,2026-09-24
MOQUALITY,EQ,194.0,194.26,192.5,193.41,195.28,1308,2.53,2026-09-24
MOREALTY,EQ,87.14,88.06,86.21,86.57,87.24,376495,328.1,2026-09-24
MOREPENLAB,EQ,121.94,122.57,115.56,116.6,122.35,9209711,10933.73,2026-09-24
MOSCHIP,EQ,204.9,206.28,202.05,203.24,207.32,855867,1748.44,2026-09-24
MOSERVICE,EQ,29.82,30.01,29.65,29.72,30.38,7848,2.33,2026-09-24
MOSILVER,EQ,224.99,225.75,223.15,223.45,227.74,29471,66.03,2026-09-24
MOSMALL250,EQ,18.38,18.48,18.2,18.25,18.48,2054119,376.73,2026-09-24
MOTHERSON,EQ,163.75,164.8,162.5,162.5,164.4,22050862,36194.69,2026-09-24
MOTILALOFS,EQ,1039.1,1044.9,1014.0,1022.0,1042.5,869276,8951.33,2026-09-24
MOTISONS,EQ,18.89,19.78,18.6,18.79,18.89,150224923,28724.0,2026-09-24
MOTOGENFIN,EQ,26.0,26.39,25.65,25.7,26.09,13416,3.47,2026-09-24
MOTOUR,EQ,77.91,78.25,77.04,77.14,78.33,11220,8.7,2026-09-24
MOVALUE,EQ,112.28,112.28,110.41,110.69,111.73,61307,68.11,2026-09-24
MPHASIS,EQ,2230.0,2277.0,2230.0,2248.2,2259.0,151071,3413.58,2026-09-24
MPIMANIPAL,EQ,364.0,375.8,357.1,359.95,372.6,1210487,4434.21,2026-09-24
MPSLTD,EQ,2694.0,2700.1,2610.1,2617.0,2691.2,8543,225.9,2026-09-24
MRF,EQ,124300.0,124480.0,123520.0,123985.0,124580.0,3125,3876.24,2026-09-24
MRPL,EQ,165.7,166.9,163.61,164.49,166.32,2717313,4471.07,2026-09-24
MSCI360,EQ,10.17,10.19,9.74,9.88,10.25,55811,5.49,2026-09-24
MSCIADD,EQ,28.75,28.75,28.5,28.55,28.88,368,0.11,2026-09-24
MSCIINDIA,EQ,29.15,29.15,28.63,28.83,29.29,8334,2.41,2026-09-24
MSPL,EQ,35.1,35.29,34.6,34.92,35.57,413570,144.33,2026-09-24
MSTCLTD,EQ,742.05,757.95,735.0,738.05,752.25,292006,2179.83,2026-09-24
MSUMI,EQ,34.75,35.35,34.63,34.7,34.98,13661765,4767.1,2026-09-24
MTNL,EQ,24.3,24.3,23.67,23.81,24.36,588746,140.5,2026-09-24
MUFIN,EQ,132.75,132.97,130.4,131.82,133.11,515045,678.59,2026-09-24
MUFTI,EQ,73.2,73.72,72.0,72.54,73.2,29602,21.48,2026-09-24
MUKANDLTD,EQ,157.0,161.4,154.1,155.26,157.11,1025053,1614.73,2026-09-24
MUKESHB,EQ,126.5,127.0,126.5,127.0,132.98,40,0.05,2026-09-24
MULTICAP,EQ,16.86,16.86,16.29,16.31,16.53,598600,98.34,2026-09-24
MUNJALAU,EQ,106.45,106.99,104.32,105.34,107.27,237491,250.38,2026-09-24
MUNJALSHOW,EQ,132.5,132.9,128.3,128.9,133.44,39135,51.03,2026-09-24
MURUDCERA,EQ,29.9,29.9,28.5,28.57,29.06,8117,2.33,2026-09-24
MUTHOOTCAP,EQ,228.37,233.49,225.0,231.03,227.71,12323,28.25,2026-09-24
MUTHOOTFIN,EQ,2825.0,2855.0,2808.1,2825.3,2856.5,460320,13027.06,2026-09-24
MUTHOOTMF,EQ,189.0,189.0,182.5,183.4,189.19,137330,253.84,2026-09-24
MVELECTRO,EQ,867.0,867.0,811.55,818.5,871.6,903917,7562.62,2026-09-24
MVGJL,EQ,219.46,220.55,213.36,214.8,221.29,228762,495.88,2026-09-24
MWL,EQ,44.6,44.86,43.5,43.86,44.63,391087,172.33,2026-09-24
NACLIND,EQ,139.0,143.2,137.5,139.33,139.23,488457,684.23,2026-09-24
NAGREEKCAP,EQ,29.8,30.0,28.21,29.55,30.2,25722,7.53,2026-09-24
NAGREEKEXP,EQ,25.35,27.0,23.9,24.02,24.21,381260,97.32,2026-09-24
NAHARCAP,EQ,253.55,253.55,242.55,248.0,252.3,10097,25.22,2026-09-24
NAHARINDUS,EQ,130.09,132.1,128.1,128.71,131.86,17158,22.22,2026-09-24
NAHARPOLY,EQ,231.0,235.35,225.0,226.47,228.81,5141,11.73,2026-09-24
NAHARSPING,EQ,282.0,283.8,267.8,270.6,277.45,21449,58.46,2026-09-24
NAM-INDIA,EQ,1159.0,1170.6,1130.9,1144.9,1165.0,985413,11321.56,2026-09-24
NARMADA,EQ,13.25,13.45,13.06,13.24,13.34,582800,76.79,2026-09-24
NATCOPHARM,EQ,835.0,855.0,832.25,842.0,837.6,524314,4438.91,2026-09-24
NATHBIOGEN,EQ,149.5,151.49,148.3,150.21,148.02,8860,13.27,2026-09-24
NATIONALUM,EQ,355.95,361.65,354.4,358.4,363.45,3247810,11649.69,2026-09-24
NATIONSTD,EQ,116.0,116.0,109.57,115.11,113.38,20720,23.52,2026-09-24
NAUKRI,EQ,1232.0,1257.6,1202.3,1224.0,1297.0,3155710,38742.39,2026-09-24
NAVA,EQ,547.05,561.0,546.55,557.0,553.65,276326,1532.7,2026-09-24
NAVINFLUOR,EQ,8400.0,8559.5,8400.0,8461.0,8457.5,58189,4929.12,2026-09-24
NAVKARCORP,EQ,87.95,88.94,86.93,87.82,87.94,434942,383.03,2026-09-24
NAVKARURB,EQ,0.94,0.94,0.91,0.91,0.93,461734,4.22,2026-09-24
NAVNETEDUL,EQ,123.5,124.71,121.91,123.4,123.75,137001,168.95,2026-09-24
NAZARA,EQ,367.0,380.0,367.0,374.55,372.7,1869672,7024.16,2026-09-24
NBCC,EQ,83.3,83.68,81.83,82.34,83.99,4925562,4077.98,2026-09-24
NBIFIN,EQ,1959.3,1959.3,1920.1,1923.7,1948.9,166,3.2,2026-09-24
NCC,EQ,135.1,135.89,133.0,133.42,136.05,1311315,1756.68,2026-09-24
NCLIND,EQ,176.96,178.0,171.9,176.07,176.22,22175,39.06,2026-09-24
NDGL,EQ,2639.9,2645.0,2572.0,2576.0,2579.0,100,2.63,2026-09-24
NDL,EQ,2.77,2.8,2.68,2.69,2.76,1208977,33.02,2026-09-24
NDLVENTURE,EQ,124.06,124.06,121.16,122.25,124.06,1217,1.49,2026-09-24
NDRAUTO,EQ,752.5,780.0,748.5,754.2,763.15,35359,271.62,2026-09-24
NDTV,EQ,71.96,72.08,69.12,69.93,71.11,65162,45.88,2026-09-24
NECLIFE,EQ,11.18,11.18,10.85,10.88,11.06,94617,10.4,2026-09-24
NELCAST,EQ,105.39,110.75,105.39,108.89,106.98,67799,73.32,2026-09-24
NELCO,EQ,1020.0,1030.4,986.5,993.05,1020.75,180049,1818.6,2026-09-24
NEOGEN,EQ,2390.2,2411.5,2296.7,2326.1,2392.1,231587,5451.5,2026-09-24
NEPHROPLUS,EQ,718.4,718.4,701.0,709.5,741.9,9381845,66378.18,2026-09-24
NESCO,EQ,1062.0,1088.2,1062.0,1073.5,1078.5,23461,252.94,2026-09-24
NESTLEIND,EQ,1355.7,1386.0,1350.2,1351.0,1387.2,800885,10908.6,2026-09-24
NETF,EQ,248.79,255.99,248.79,255.1,255.17,3310,8.41,2026-09-24
NETWEB,EQ,4685.0,4719.5,4633.0,4661.5,4736.0,501756,23483.88,2026-09-24
NETWORK18,EQ,26.9,27.29,26.62,26.97,27.14,2143083,577.85,2026-09-24
NEULANDLAB,EQ,22450.0,22595.0,21800.0,21905.0,22490.0,81922,18101.05,2026-09-24
NEWGEN,EQ,498.1,505.1,490.05,493.6,504.15,338272,1683.74,2026-09-24
NEXT30ADD,EQ,42.13,42.18,41.74,41.85,42.25,2175,0.91,2026-09-24
NEXT50,EQ,742.72,746.08,737.76,738.93,748.46,30769,228.09,2026-09-24
NEXT50ADD,EQ,72.48,72.62,71.85,71.86,72.88,2314,1.67,2026-09-24
NEXT50BETA,EQ,78.0,78.06,77.01,77.47,78.1,135563,105.1,2026-09-24
NEXT50ETF,EQ,73.56,73.56,72.11,72.12,73.2,20324,14.73,2026-09-24
NEXT50IETF,EQ,76.48,76.48,75.5,75.59,76.47,706871,535.84,2026-09-24
NEXTMEDIA,EQ,3.79,3.79,3.61,3.62,3.79,45315,1.66,2026-09-24
NFL,EQ,67.4,67.4,66.52,66.72,67.84,317524,212.42,2026-09-24
NGIL,EQ,40.17,40.5,39.0,39.33,39.78,1694,0.67,2026-09-24
NGLFINE,EQ,2801.0,2965.0,2760.1,2894.9,2830.4,24655,715.03,2026-09-24
NH,EQ,1908.9,1909.9,1870.0,1877.7,1919.3,68468,1294.9,2026-09-24
NHPC,EQ,76.17,76.77,75.77,76.25,76.74,8150246,6217.92,2026-09-24
NIACL,EQ,187.0,188.45,179.5,180.4,191.16,4044014,7403.16,2026-09-24
NIBE,EQ,1348.7,1348.7,1290.0,1297.2,1346.9,47737,624.53,2026-09-24
NIBL,EQ,33.98,34.2,32.1,32.61,33.52,47316,15.67,2026-09-24
NICCOPAR,EQ,77.1,80.89,77.1,80.49,80.0,363,0.29,2026-09-24
NIF100BEES,EQ,261.0,261.0,256.01,257.89,261.0,29815,77.06,2026-09-24
NIF100IETF,EQ,27.35,27.35,27.08,27.15,27.43,79317,21.56,2026-09-24
NIF500BETA,EQ,37.69,37.69,36.24,36.24,36.78,5561,2.02,2026-09-24
NIFTY1,EQ,266.64,266.64,256.12,257.16,260.14,119958,308.99,2026-09-24
NIFTY100EW,EQ,34.35,34.42,34.07,34.19,34.48,57305,19.61,2026-09-24
NIFTYADD,EQ,245.73,245.83,243.2,243.8,246.62,5276,12.89,2026-09-24
NIFTYAXIS,EQ,260.08,261.5,255.84,257.37,260.08,17929,46.1,2026-09-24
NIFTYBEES,EQ,274.0,274.0,263.3,263.99,267.59,8101315,21430.59,2026-09-24
NIFTYBETA,EQ,259.97,259.97,256.22,256.77,259.97,234676,603.18,2026-09-24
NIFTYBETF,EQ,241.85,241.85,237.12,238.03,241.75,3781,9.03,2026-09-24
NIFTYCASE,EQ,9.63,9.63,9.27,9.31,9.4,1329048,123.82,2026-09-24
NIFTYETF,EQ,253.94,253.94,251.27,251.57,255.42,330384,834.59,2026-09-24
NIFTYIETF,EQ,266.65,266.65,261.98,262.34,266.29,896997,2360.56,2026-09-24
NIFTYJBLK,EQ,11.71,12.47,11.71,11.84,12.02,158750,18.87,2026-09-24
NIFTYQLITY,EQ,20.56,20.59,20.31,20.34,20.56,9794,2.0,2026-09-24
NIITLTD,EQ,90.41,91.23,89.17,89.9,91.67,115883,104.44,2026-09-24
NIITMTS,EQ,217.7,221.5,215.0,217.57,220.27,85624,185.88,2026-09-24
NILAINFRA,EQ,7.0,7.39,6.83,7.06,6.82,528500,37.86,2026-09-24
NILASPACES,EQ,11.81,11.81,11.38,11.43,11.81,867119,100.24,2026-09-24
NILE,EQ,1430.0,1445.9,1360.0,1388.0,1436.6,6441,90.14,2026-09-24
NILKAMAL,EQ,1865.0,1918.4,1865.0,1883.7,1880.2,25578,483.71,2026-09-24
NIMBSPROJ,EQ,193.96,203.6,187.73,199.44,194.79,36190,70.07,2026-09-24
NINSYS,EQ,710.0,714.8,703.95,713.05,710.3,1685,11.98,2026-09-24
NIPPOBATRY,EQ,332.9,332.9,323.45,324.55,329.6,1010,3.29,2026-09-24
NIRAJ,EQ,28.55,29.51,27.8,29.13,27.99,58167,16.8,2026-09-24
NIRLON,EQ,612.8,615.0,605.0,607.15,610.05,6139,37.43,2026-09-24
NITCO,EQ,91.1,92.38,89.3,90.03,92.38,228235,207.43,2026-09-24
NITINSPIN,EQ,613.0,621.5,599.5,605.55,617.8,59443,361.42,2026-09-24
NITIRAJ,EQ,224.27,228.38,216.02,226.25,228.34,1530,3.44,2026-09-24
NITTAGELA,EQ,1729.5,1739.9,1691.2,1699.5,1730.2,1116,19.04,2026-09-24
NIVABUPA,EQ,78.0,78.69,75.97,76.13,80.23,1747075,1344.71,2026-09-24
NKIND,EQ,56.78,60.0,56.78,59.34,56.78,297,0.17,2026-09-24
NLCINDIA,EQ,267.0,267.05,261.75,263.25,267.1,1007201,2655.25,2026-09-24
NMDC,EQ,81.1,82.09,80.8,80.82,82.0,5166455,4203.36,2026-09-24
NOCIL,EQ,204.91,204.91,187.0,191.4,206.3,4920382,9492.87,2026-09-24
NOIDATOLL,EQ,3.98,4.01,3.87,3.92,3.93,67357,2.67,2026-09-24
NORBTEAEXP,EQ,65.55,68.6,65.55,67.88,65.55,989,0.66,2026-09-24
NORTHARC,EQ,307.0,309.95,301.5,303.0,313.8,825722,2513.3,2026-09-24
NOVAAGRI,EQ,23.4,23.4,22.85,23.01,23.11,45976,10.59,2026-09-24
NOVARTIND,EQ,2027.4,2034.8,1955.0,1971.4,2027.4,30262,603.76,2026-09-24
NPBET,EQ,276.9,280.37,276.9,278.7,284.0,1961,5.47,2026-09-24
NPST,EQ,1835.4,1852.2,1775.0,1782.3,1844.7,54106,977.51,2026-09-24
NRAIL,EQ,659.25,674.95,630.15,637.75,657.9,13942,91.51,2026-09-24
NRBBEARING,EQ,538.0,540.6,526.2,528.9,541.05,342989,1833.12,2026-09-24
NSIL,EQ,5575.0,5621.5,5480.0,5502.0,5624.0,1918,106.43,2026-09-24
NSLNISP,EQ,43.8,44.18,42.43,42.54,43.95,3626151,1564.86,2026-09-24
NTCIND,EQ,140.0,144.1,137.0,139.02,141.63,193,0.27,2026-09-24
NTPC,EQ,326.95,327.7,324.4,326.6,326.0,7662580,25003.7,2026-09-24
NTPCGREEN,EQ,94.6,95.98,93.36,95.43,95.42,5272785,5023.07,2026-09-24
NUCLEUS,EQ,681.05,687.95,673.2,675.15,685.0,9954,67.74,2026-09-24
NUVAMA,EQ,1685.0,1719.9,1671.1,1695.4,1688.2,256618,4361.17,2026-09-24
NUVOCO,EQ,342.95,343.4,333.6,335.0,344.75,259668,876.29,2026-09-24
NV20,EQ,13.55,13.55,13.36,13.43,13.56,45583,6.12,2026-09-24
NV20BEES,EQ,135.0,135.18,133.73,134.21,135.55,31301,42.05,2026-09-24
NV20IETF,EQ,13.2,13.2,13.04,13.09,13.21,694370,90.92,2026-09-24
NYKAA,EQ,337.35,343.9,333.05,335.3,340.85,3775285,12810.56,2026-09-24
OAL,EQ,555.6,555.6,531.0,532.3,558.35,26526,143.65,2026-09-24
OBCL,EQ,60.27,60.49,58.1,59.42,60.27,16912,10.17,2026-09-24
OBEROIRLTY,EQ,1815.0,1874.7,1815.0,1837.5,1850.0,468799,8697.12,2026-09-24
ODIGMA,EQ,21.1,21.11,20.75,20.96,21.1,6093,1.27,2026-09-24
ODYCORP,EQ,7.27,7.27,6.9,7.02,7.13,11794,0.82,2026-09-24
OFSS,EQ,10600.0,10995.0,10600.0,10925.0,10849.0,142508,15533.86,2026-09-24
OIL,EQ,470.55,479.0,469.15,479.0,470.0,1490649,7057.26,2026-09-24
OILIETF,EQ,11.15,11.15,11.01,11.02,11.15,481405,53.25,2026-09-24
OLAELEC,EQ,41.05,44.55,40.91,42.52,41.87,376053325,160536.29,2026-09-24
OLECTRA,EQ,1270.3,1272.7,1240.0,1244.0,1275.9,349647,4379.43,2026-09-24
OMAXAUTO,EQ,214.69,217.2,196.34,201.62,209.94,279300,573.8,2026-09-24
OMAXE,EQ,122.7,123.77,116.91,117.67,123.13,596007,711.29,2026-09-24
OMINFRAL,EQ,78.5,79.59,78.05,78.45,78.34,33406,26.24,2026-09-24
OMNI,EQ,550.0,556.15,545.1,547.85,553.7,356073,1960.24,2026-09-24
OMPOWER,EQ,171.01,171.01,165.05,166.03,170.39,28076,46.96,2026-09-24
ONEGLOBAL,EQ,552.0,552.0,528.05,530.9,543.35,8979,48.34,2026-09-24
ONEPOINT,EQ,70.5,72.4,68.41,69.31,68.41,5430134,3799.02,2026-09-24
ONESOURCE,EQ,1596.5,1605.0,1579.2,1594.6,1596.7,104912,1669.25,2026-09-24
ONGC,EQ,235.5,239.0,235.23,239.0,236.9,8493746,20082.33,2026-09-24
ONIDA,EQ,34.0,34.63,33.16,33.28,34.3,209547,70.47,2026-09-24
ONIXSOLAR,EQ,291.2,321.8,291.2,321.8,306.5,455503,1414.58,2026-09-24
ONWARDTEC,EQ,288.1,291.35,284.9,287.25,294.0,15168,43.71,2026-09-24
OPTIEMUS,EQ,820.0,820.0,771.0,781.5,828.35,1597081,12797.22,2026-09-24
OPTIFIN,EQ,15.41,15.98,14.51,14.98,15.46,166891,25.03,2026-09-24
ORCHASP,EQ,1.39,1.4,1.35,1.35,1.37,80865,1.11,2026-09-24
ORCHPHARMA,EQ,1100.0,1141.0,1088.05,1096.15,1102.05,139255,1554.17,2026-09-24
ORICONENT,EQ,54.37,54.37,51.2,51.77,53.84,21083,11.06,2026-09-24
ORIENTALTL,EQ,4.94,5.04,4.92,4.96,4.96,56769,2.82,2026-09-24
ORIENTBELL,EQ,393.7,393.7,387.55,391.05,391.5,8776,34.23,2026-09-24
ORIENTCEM,EQ,124.7,124.7,122.02,122.32,124.89,330197,406.25,2026-09-24
ORIENTCER,EQ,47.7,47.99,45.5,46.83,47.7,81986,38.43,2026-09-24
ORIENTELEC,EQ,168.0,168.0,163.3,163.98,168.08,132569,218.6,2026-09-24
ORIENTHOT,EQ,144.3,144.3,139.15,140.41,143.58,422911,600.56,2026-09-24
ORIENTPPR,EQ,16.94,17.04,16.7,16.8,16.9,136291,22.9,2026-09-24
ORIENTTECH,EQ,241.95,243.97,234.1,235.2,238.06,130674,308.37,2026-09-24
ORIRAIL,EQ,127.8,127.95,124.04,125.17,126.81,52651,66.16,2026-09-24
ORISSAMINE,EQ,3780.5,3830.0,3701.1,3716.9,3841.2,9457,354.48,2026-09-24
ORKLAINDIA,EQ,562.8,562.8,543.0,545.95,557.45,91120,500.84,2026-09-24
ORTINGLOBE,EQ,15.29,15.3,14.63,14.75,15.1,6081,0.92,2026-09-24
OSWALAGRO,EQ,34.55,34.99,33.81,33.88,34.96,21272,7.26,2026-09-24
OSWALGREEN,EQ,20.08,20.26,19.86,19.9,20.2,37809,7.55,2026-09-24
OSWALPUMPS,EQ,285.95,285.95,278.0,280.25,284.25,384808,1077.63,2026-09-24
OSWALSEEDS,EQ,13.4,13.75,12.55,12.68,13.57,445150,57.34,2026-09-24
PACEDIGITK,EQ,167.0,169.0,164.0,167.36,169.39,673951,1118.0,2026-09-24
PACIFICI,EQ,136.0,140.0,129.99,136.14,142.34,963,1.28,2026-09-24
PAGEIND,EQ,37015.0,37705.0,37010.0,37500.0,37340.0,16407,6147.5,2026-09-24
PAISALO,EQ,89.94,92.9,87.8,89.45,90.39,11349620,10218.75,2026-09-24
PAKKA,EQ,77.0,77.49,75.26,76.25,77.15,90009,68.67,2026-09-24
PALASHSECU,EQ,87.99,87.99,84.05,84.11,85.69,2652,2.26,2026-09-24
PALREDTEC,EQ,45.2,49.0,45.2,46.09,46.73,1880,0.88,2026-09-24
PANACEABIO,EQ,380.0,383.2,372.25,374.75,381.75,42969,162.52,2026-09-24
PANAMAPET,EQ,478.0,485.35,475.2,480.6,480.7,110951,532.49,2026-09-24
PANCHMAHQ,EQ,324.4,324.4,290.0,305.0,290.95,510,1.58,2026-09-24
PANORAMA,EQ,56.8,59.9,55.81,59.15,56.87,759790,445.58,2026-09-24
PANSARI,EQ,276.0,288.0,276.0,286.9,277.0,23,0.07,2026-09-24
PARACABLES,EQ,61.1,62.77,59.6,60.15,62.29,1840758,1117.02,2026-09-24
PARADEEP,EQ,153.26,156.08,152.52,154.5,154.26,1395578,2159.55,2026-09-24
PARAGMILK,EQ,267.9,267.9,256.55,258.4,268.9,1619666,4206.45,2026-09-24
PARAS,EQ,1370.0,1378.4,1331.0,1343.4,1381.2,451551,6117.01,2026-09-24
PARASPETRO,EQ,2.08,2.13,2.07,2.08,2.08,67041,1.41,2026-09-24
PARKHOSPS,EQ,286.55,287.75,284.2,285.0,286.55,300078,856.33,2026-09-24
PARKHOTELS,EQ,106.29,107.11,104.7,105.23,106.29,105567,111.55,2026-09-24
PARNAXLAB,EQ,121.23,125.22,119.4,123.86,128.73,1984,2.41,2026-09-24
PASHUPATI,EQ,80.69,80.75,78.56,78.94,80.39,78056,62.04,2026-09-24
PASUPTAC,EQ,80.49,80.49,75.25,76.25,79.82,435657,335.87,2026-09-24
PATANJALI,EQ,405.0,409.9,402.6,404.85,409.45,3161150,12838.4,2026-09-24
PATELENG,EQ,27.15,28.07,26.82,27.68,27.27,4700126,1297.03,2026-09-24
PATELRMART,EQ,210.1,210.1,203.12,207.03,210.33,117165,242.07,2026-09-24
PATINTLOG,EQ,14.42,14.47,13.8,14.01,14.42,80517,11.31,2026-09-24
PAUSHAKLTD,EQ,688.0,695.0,661.65,669.85,687.2,51906,348.38,2026-09-24
PAVNAIND,EQ,15.12,15.79,15.0,15.29,15.5,54956,8.47,2026-09-24
PAYTM,EQ,1768.0,1784.7,1730.3,1735.5,1775.0,3538274,62174.38,2026-09-24
PBMPOLY,EQ,63.68,63.68,63.68,63.68,63.68,151,0.1,2026-09-24
PCBL,EQ,341.0,346.7,337.0,338.6,345.45,957134,3267.54,2026-09-24
PCJEWELLER,EQ,14.61,14.65,14.01,14.25,14.47,473639166,67719.65,2026-09-24
PDMJEPAPER,EQ,98.0,98.0,94.76,95.45,98.27,184459,176.94,2026-09-24
PDSL,EQ,358.55,361.25,354.9,359.65,361.4,54408,195.21,2026-09-24
PEARLPOLY,EQ,19.31,19.31,18.72,18.72,19.7,8216,1.55,2026-09-24
PENIND,EQ,183.31,184.9,177.4,178.75,183.31,606333,1097.93,2026-09-24
PENINLAND,EQ,17.45,17.45,16.51,16.58,17.38,230786,39.06,2026-09-24
PERMAGN,EQ,840.85,849.15,829.85,847.7,832.5,2167,18.22,2026-09-24
PERNIASPOP,EQ,543.0,545.25,527.1,530.4,549.05,28951,155.55,2026-09-24
PERSISTENT,EQ,5188.0,5345.0,5188.0,5277.0,5240.0,411640,21831.41,2026-09-24
PETRONET,EQ,285.0,288.1,283.3,286.6,285.85,1049770,3007.01,2026-09-24
PFC,EQ,343.85,345.1,338.0,339.35,346.0,7953489,27135.74,2026-09-24
PFIZER,EQ,4029.9,4060.0,3998.9,4046.2,4025.5,18668,754.78,2026-09-24
PFOCUS,EQ,329.0,335.0,315.0,318.75,337.15,4097678,13514.19,2026-09-24
PFS,EQ,26.7,27.09,26.37,26.93,26.72,857717,231.35,2026-09-24
PGEL,EQ,519.7,524.75,512.0,514.45,521.15,732431,3792.68,2026-09-24
PGHH,EQ,7193.5,7199.0,7068.5,7093.0,7193.5,17683,1259.08,2026-09-24
PGHL,EQ,5434.5,5514.0,5405.0,5416.5,5452.0,7525,409.98,2026-09-24
PGIL,EQ,1294.9,1328.7,1264.9,1273.6,1300.8,292394,3803.59,2026-09-24
PHARMABEES,EQ,28.58,28.58,27.71,27.8,27.89,4033114,1125.5,2026-09-24
PHOENIXLTD,EQ,1985.3,2035.6,1948.0,1955.0,1993.2,558988,11151.17,2026-09-24
PHOENXINTL,EQ,28.5,28.9,27.81,28.33,28.16,3567,1.01,2026-09-24
PICCADIL,EQ,621.5,621.5,599.0,601.55,621.6,128361,780.71,2026-09-24
PIDILITIND,EQ,1561.0,1579.0,1517.5,1522.0,1588.1,1259222,19328.56,2026-09-24
PIGL,EQ,99.7,104.5,98.01,102.63,99.92,99510,101.27,2026-09-24
PIIND,EQ,2386.0,2410.0,2365.3,2393.5,2386.0,115568,2760.06,2026-09-24
PILANIINVS,EQ,4007.3,4065.0,3992.1,4007.1,4041.8,1420,57.01,2026-09-24
PILITA,EQ,7.53,7.79,7.35,7.47,7.43,19377,1.46,2026-09-24
PINELABS,EQ,187.05,187.3,177.65,179.31,188.3,32802728,59473.37,2026-09-24
PIONEEREMB,EQ,21.85,22.9,21.6,21.7,22.24,3471,0.77,2026-09-24
PIRAMALFIN,EQ,1781.2,2200.8,1781.2,2104.3,2226.5,879880,18513.59,2026-09-24
PITTIENG,EQ,1168.0,1179.0,1140.0,1161.0,1167.1,101695,1181.01,2026-09-24
PIXTRANS,EQ,1737.0,1768.0,1721.6,1745.8,1758.7,8779,152.81,2026-09-24
PLASTIBLEN,EQ,187.0,194.27,187.0,189.71,187.5,29339,56.24,2026-09-24
PLATIND,EQ,217.0,217.0,211.0,213.33,216.58,54033,115.14,2026-09-24
PLAZACABLE,EQ,63.0,63.0,60.5,60.69,62.84,63063,38.72,2026-09-24
PML,EQ,490.85,490.85,471.1,483.85,486.0,753,3.58,2026-09-24
PNB,EQ,117.25,118.67,117.06,117.12,118.3,10755825,12662.36,2026-09-24
PNBGILTS,EQ,76.2,76.49,75.01,75.35,76.33,249579,188.78,2026-09-24
PNBHOUSING,EQ,1130.0,1135.1,1085.7,1094.5,1138.5,598730,6592.33,2026-09-24
PNC,EQ,17.05,17.33,16.4,16.62,17.33,6240,1.04,2026-09-24
PNCINFRA,EQ,139.0,139.17,135.25,136.72,139.17,1211443,1664.94,2026-09-24
PNGJL,EQ,604.95,604.95,586.55,591.2,605.0,317687,1893.16,2026-09-24
PNGSREVA,EQ,525.0,527.1,511.0,523.85,525.95,80424,417.06,2026-09-24
POCL,EQ,487.0,487.0,463.5,468.85,487.4,459994,2189.36,2026-09-24
PODDARMENT,EQ,278.6,288.95,274.0,275.15,281.8,4006,11.1,2026-09-24
POEL,EQ,140.56,153.0,138.61,146.7,140.57,53141,78.21,2026-09-24
POKARNA,EQ,736.0,739.95,724.6,729.05,741.05,39133,286.27,2026-09-24
POLICYBZR,EQ,1697.7,1697.7,1207.2,1207.2,1886.3,27348784,350973.76,2026-09-24
POLYCAB,EQ,8371.0,8420.0,8324.0,8366.5,8417.0,237772,19915.02,2026-09-24
POLYMED,EQ,1720.1,1772.0,1710.1,1716.0,1726.6,114079,1979.47,2026-09-24
POLYPLEX,EQ,1117.1,1117.1,1092.7,1097.4,1117.1,17239,189.78,2026-09-24
POLYSPIN,EQ,36.49,36.49,29.33,30.35,30.78,13108,4.28,2026-09-24
PONNIERODE,EQ,375.0,390.45,374.0,380.6,375.25,46615,177.67,2026-09-24
POONAWALLA,EQ,470.1,474.3,463.45,466.8,478.85,1114308,5213.59,2026-09-24
POWERGRID,EQ,270.4,270.9,265.75,266.4,270.2,8968993,23999.84,2026-09-24
POWERICA,EQ,565.25,580.0,554.95,562.85,570.85,121712,690.73,2026-09-24
POWERINDIA,EQ,31110.0,31245.0,30625.0,30715.0,31150.0,65076,20111.28,2026-09-24
POWERMECH,EQ,2440.0,2460.0,2415.1,2429.5,2453.5,22575,550.38,2026-09-24
PPLPHARMA,EQ,210.65,214.89,207.1,208.12,210.74,4373651,9226.74,2026-09-24
PRABHA,EQ,234.71,234.71,223.4,225.76,234.8,63514,145.24,2026-09-24
PRAENG,EQ,21.0,24.13,20.7,22.86,21.38,127589,29.11,2026-09-24
PRAJIND,EQ,316.0,319.9,314.55,316.1,320.15,328703,1039.42,2026-09-24
PRAKASH,EQ,118.52,119.59,116.0,117.68,119.79,1135105,1334.97,2026-09-24
PRAKASHSTL,EQ,3.79,3.8,3.65,3.68,3.72,50041,1.85,2026-09-24
PRANAV,EQ,104.0,105.0,99.55,100.19,105.85,2925323,2975.66,2026-09-24
PRASOLCHEM,EQ,737.0,750.9,713.1,720.7,740.9,250318,1831.03,2026-09-24
PRAVEG,EQ,259.15,263.4,255.05,259.3,261.05,33460,86.56,2026-09-24
PRAXIS,EQ,4.42,4.49,4.1,4.45,4.28,64541,2.86,2026-09-24
PRECAM,EQ,121.6,125.0,119.01,119.99,122.11,146953,177.19,2026-09-24
PRECOT,EQ,647.85,647.85,632.05,634.45,646.9,3735,23.77,2026-09-24
PRECWIRE,EQ,494.0,503.0,485.1,488.9,498.85,316420,1565.9,2026-09-24
PREMCO,EQ,400.75,409.9,400.05,402.3,400.75,528,2.13,2026-09-24
PREMEXPLN,EQ,675.0,686.0,675.0,680.5,675.15,405163,2755.53,2026-09-24
PREMIERENE,EQ,901.5,910.0,885.0,898.0,915.0,1038026,9282.41,2026-09-24
PREMIERPOL,EQ,98.0,106.0,93.2,100.51,96.72,6670334,6758.12,2026-09-24
PRESTIGE,EQ,1469.1,1495.8,1463.1,1475.0,1490.0,286757,4227.96,2026-09-24
PRICOLLTD,EQ,762.0,772.75,748.05,763.8,763.65,322125,2456.87,2026-09-24
PRIMESECU,EQ,294.5,300.1,294.5,299.7,296.35,50758,151.95,2026-09-24
PRIMO,EQ,23.05,23.05,22.1,22.29,22.92,85789,19.11,2026-09-24
PRINCEPIPE,EQ,263.5,266.05,258.75,259.8,265.75,81141,212.2,2026-09-24
PRIORITY,EQ,270.6,312.9,265.05,303.99,263.35,2319891,6896.36,2026-09-24
PRISMX,EQ,0.53,0.53,0.51,0.51,0.53,187552,0.97,2026-09-24
PRITI,EQ,33.99,33.99,32.27,32.61,33.17,2736,0.9,2026-09-24
PRIVISCL,EQ,3476.9,3553.0,3461.9,3537.9,3483.8,125259,4416.82,2026-09-24
PROSTARM,EQ,134.6,144.8,134.6,139.26,138.08,1007492,1424.09,2026-09-24
PROTEAN,EQ,634.75,670.35,622.2,641.95,636.2,2739934,17882.4,2026-09-24
PROZONER,EQ,51.47,55.87,51.47,54.16,52.19,667907,360.27,2026-09-24
PRSMJOHNSN,EQ,115.5,116.43,114.75,115.24,116.43,186625,215.21,2026-09-24
PRUDENT,EQ,3290.0,3292.5,3211.0,3219.6,3352.7,27031,878.21,2026-09-24
PRUDMOULI,EQ,14.4,14.4,13.21,13.67,13.8,1726,0.23,2026-09-24
PSB,EQ,22.0,22.0,21.7,21.78,22.1,748966,163.48,2026-09-24
PSPPROJECT,EQ,829.9,829.9,800.0,802.6,832.55,85398,691.81,2026-09-24
PSUBANK,EQ,83.39,83.82,82.51,82.92,83.41,87881,72.87,2026-09-24
PSUBANKADD,EQ,84.44,84.44,83.4,83.81,84.44,23742,19.9,2026-09-24
PSUBNKBEES,EQ,95.51,95.51,92.1,92.45,93.19,1171527,1083.67,2026-09-24
PSUBNKIETF,EQ,84.41,84.42,83.41,83.77,84.54,66563,55.89,2026-09-24
PTC,EQ,156.9,157.79,155.26,155.89,157.08,1398404,2193.12,2026-09-24
PTCIL,EQ,22300.0,22375.0,21630.0,21820.0,22355.0,11033,2420.77,2026-09-24
PTL,EQ,38.24,38.4,38.05,38.19,38.18,22131,8.46,2026-09-24
PUNJABCHEM,EQ,1065.0,1065.0,1043.8,1054.1,1064.9,1979,20.89,2026-09-24
PURVA,EQ,213.52,217.34,211.7,215.06,216.82,149647,319.92,2026-09-24
PVP,EQ,68.21,72.04,65.18,65.2,68.61,4027491,2789.35,2026-09-24
PVRINOX,EQ,1295.1,1310.0,1251.0,1256.7,1317.5,673506,8622.12,2026-09-24
PVSL,EQ,98.0,99.7,98.0,98.62,98.71,15179,14.99,2026-09-24
PVTBANIETF,EQ,27.65,27.65,27.07,27.25,27.65,5328625,1449.42,2026-09-24
PVTBANK,EQ,27.31,27.31,26.85,26.96,27.39,450586,121.85,2026-09-24
PVTBANKADD,EQ,27.6,27.6,27.22,27.33,27.77,92971,25.39,2026-09-24
PVTBKGROWW,EQ,27.89,27.89,26.9,27.01,28.03,76198,20.62,2026-09-24
PWL,EQ,135.0,135.5,131.64,132.64,136.11,3851869,5122.8,2026-09-24
PYRAMID,EQ,160.5,165.0,156.92,161.52,159.33,66073,106.17,2026-09-24
QGOLDHALF,EQ,124.89,124.89,123.57,123.65,124.98,90015,111.9,2026-09-24
QNIFTY,EQ,256.4,257.03,254.4,254.69,258.62,3315,8.47,2026-09-24
QPOWER,EQ,1548.2,1560.0,1492.0,1500.1,1555.6,304777,4614.54,2026-09-24
QUADFUTURE,EQ,521.0,521.95,497.05,500.4,526.55,327499,1663.47,2026-09-24
QUAL30IETF,EQ,20.31,20.33,20.11,20.17,20.33,45071,9.1,2026-09-24
QUALITY30,EQ,20.14,20.14,19.77,19.8,19.95,5657,1.12,2026-09-24
QUESS,EQ,355.0,361.0,345.05,353.4,359.0,330356,1171.69,2026-09-24
QUICKHEAL,EQ,151.8,152.49,146.01,147.9,151.57,149055,221.52,2026-09-24
RACE,EQ,120.2,122.89,114.0,115.98,122.91,76549,91.16,2026-09-24
RACLGEAR,EQ,1683.0,1710.0,1651.2,1679.8,1689.6,29143,489.34,2026-09-24
RADAAN,EQ,3.13,3.49,3.02,3.1,3.13,317163,10.33,2026-09-24
RADIANTCMS,EQ,35.5,35.9,35.0,35.61,35.54,139012,49.29,2026-09-24
RADICO,EQ,4589.1,4598.1,4475.0,4481.3,4601.9,227909,10365.48,2026-09-24
RADIOCITY,EQ,6.14,6.14,5.92,5.98,6.04,40424,2.43,2026-09-24
RAILTEL,EQ,265.0,266.55,260.1,261.55,268.75,365253,959.86,2026-09-24
RAIN,EQ,218.25,224.09,216.42,218.23,221.86,4226826,9313.14,2026-09-24
RAINBOW,EQ,1401.0,1415.0,1372.3,1412.6,1406.5,239564,3335.6,2026-09-24
RAJMET,EQ,3.13,3.18,3.09,3.12,3.12,235422,7.38,2026-09-24
RAJPALAYAM,EQ,760.0,777.95,758.0,767.9,790.45,508,3.88,2026-09-24
RAJRATAN,EQ,478.0,480.5,469.05,472.05,483.2,65143,309.29,2026-09-24
RAJSREESUG,EQ,32.0,33.25,31.3,31.57,32.0,20368,6.46,2026-09-24
RAJTV,EQ,9.77,10.25,9.77,10.25,9.77,137056,13.91,2026-09-24
RALLIS,EQ,202.0,202.0,199.6,200.36,202.62,548828,1099.73,2026-09-24
RAMANEWS,EQ,31.66,32.6,30.81,31.21,31.81,15382,4.82,2026-09-24
RAMAPHO,EQ,124.9,124.9,121.1,122.49,123.21,11509,14.21,2026-09-24
RAMBHAJO,EQ,284.9,285.45,275.0,275.76,286.1,240258,669.2,2026-09-24
RAMCOCEM,EQ,884.9,888.8,866.95,872.1,885.05,91368,802.61,2026-09-24
RAMCOIND,EQ,326.0,326.0,317.55,321.8,325.95,36329,116.52,2026-09-24
RAMCOSYS,EQ,594.0,597.45,575.55,581.35,598.0,48525,283.51,2026-09-24
RAMKY,EQ,324.05,324.05,308.85,310.15,325.15,90295,283.76,2026-09-24
RAMRAT,EQ,559.75,559.75,538.3,548.4,558.65,133797,731.87,2026-09-24
RANASUG,EQ,14.14,14.14,13.77,13.86,14.06,644335,89.68,2026-09-24
RANEHOLDIN,EQ,1596.0,1596.0,1560.6,1590.7,1591.9,6742,106.49,2026-09-24
RATEGAIN,EQ,848.0,853.0,820.0,824.0,851.8,229457,1914.79,2026-09-24
RATNAMANI,EQ,2798.0,2838.0,2771.0,2824.2,2800.8,25738,724.28,2026-09-24
RATNAVEER,EQ,333.6,335.95,322.35,323.95,331.4,2762101,9036.53,2026-09-24
RAYMOND,EQ,1114.65,1221.0,1100.0,1203.85,1114.65,7466499,87448.33,2026-09-24
RAYMONDLSL,EQ,674.05,720.0,670.75,688.85,677.45,832796,5826.14,2026-09-24
RAYMONDREL,EQ,664.6,717.0,662.5,708.3,671.45,18194912,127910.15,2026-09-24
RBA,EQ,94.5,94.74,89.73,90.65,94.86,2714662,2484.86,2026-09-24
RBLBANK,EQ,416.5,423.2,409.1,412.75,428.0,7315903,30335.74,2026-09-24
RCF,EQ,108.9,109.15,108.0,108.4,109.63,649262,705.43,2026-09-24
RECLTD,EQ,309.85,310.85,307.2,308.25,311.5,5871620,18147.64,2026-09-24
REDINGTON,EQ,396.9,409.8,395.6,406.4,400.75,4726104,19092.09,2026-09-24
REDTAPE,EQ,120.0,122.99,118.33,122.13,121.1,829244,1007.1,2026-09-24
REFEX,EQ,285.0,287.7,282.0,283.35,286.65,192387,546.32,2026-09-24
REGAAL,EQ,94.56,96.5,89.02,90.61,94.56,1558224,1449.74,2026-09-24
REGENCERAM,EQ,35.0,35.0,33.22,34.78,34.89,1189,0.41,2026-09-24
RELAXO,EQ,298.3,298.3,290.5,291.7,298.3,142551,418.97,2026-09-24
RELCHEMQ,EQ,117.71,119.0,115.1,118.41,117.71,1306,1.53,2026-09-24
RELIABLE,EQ,147.5,149.5,144.01,147.95,145.7,15260,22.52,2026-09-24
RELIANCE,EQ,1236.6,1241.6,1219.2,1219.2,1248.0,13923795,171176.77,2026-09-24
RELIGARE,EQ,246.75,251.0,240.1,240.32,251.77,861682,2098.36,2026-09-24
RELTD,EQ,155.4,158.9,145.8,146.32,149.36,417879,631.29,2026-09-24
REMSONSIND,EQ,102.5,113.39,101.52,111.12,99.87,1520482,1660.81,2026-09-24
RENTOMOJO,EQ,517.6,523.15,496.0,501.9,521.35,2577386,13098.04,2026-09-24
RENUKA,EQ,22.89,23.13,22.45,22.92,23.04,8155853,1860.3,2026-09-24
REPCOHOME,EQ,354.3,357.75,350.0,352.45,355.85,44419,156.57,2026-09-24
REPL,EQ,57.7,64.05,57.0,60.62,58.23,4259,2.52,2026-09-24
REPRO,EQ,302.85,306.0,299.0,302.2,301.35,3630,10.99,2026-09-24
RESPONIND,EQ,162.0,163.8,156.35,158.02,162.24,176568,281.48,2026-09-24
RETAIL,EQ,17.0,17.0,16.66,16.72,17.25,1209,0.2,2026-09-24
RGL,EQ,170.49,173.0,164.12,166.3,170.48,1450286,2425.97,2026-09-24
RHETAN,EQ,15.96,15.96,15.96,15.96,16.79,738428,117.85,2026-09-24
RHIM,EQ,385.0,386.75,380.0,383.8,388.85,551183,2114.02,2026-09-24
RHL,EQ,173.0,179.0,170.25,177.76,173.1,462,0.8,2026-09-24
RICOAUTO,EQ,129.0,133.74,127.29,130.67,129.23,1542883,2021.44,2026-09-24
RIIL,EQ,719.0,719.0,700.6,703.45,719.95,41538,293.41,2026-09-24
RIR,EQ,187.99,191.21,182.22,184.03,189.75,636443,1186.37,2026-09-24
RISHABH,EQ,735.0,746.9,697.1,704.55,738.95,128028,917.78,2026-09-24
RITCO,EQ,292.5,298.7,285.0,286.1,289.75,114579,332.8,2026-09-24
RITES,EQ,203.03,203.69,201.0,201.74,204.05,329723,666.29,2026-09-24
RKDL,EQ,18.77,18.77,18.26,18.66,18.49,7008,1.29,2026-09-24
RKEC,EQ,19.67,22.84,18.8,22.84,19.04,234560,50.93,2026-09-24
RKFORGE,EQ,705.5,720.85,701.0,709.55,710.2,397737,2826.2,2026-09-24
RKSWAMY,EQ,93.95,94.39,91.01,91.72,92.45,46656,43.3,2026-09-24
RMC,EQ,221.93,223.15,215.0,216.75,221.94,13798,30.07,2026-09-24
RML,EQ,1356.7,1395.0,1337.1,1362.8,1356.7,112125,1542.49,2026-09-24
ROHLTD,EQ,309.75,309.75,302.0,304.0,309.75,11622,35.46,2026-09-24
ROLEXRINGS,EQ,183.58,184.34,178.91,181.41,183.58,1604576,2917.84,2026-09-24
ROML,EQ,41.55,42.0,41.21,41.87,41.87,1600,0.67,2026-09-24
ROSSARI,EQ,451.3,451.4,441.5,446.5,454.8,46736,208.63,2026-09-24
ROSSELLIND,EQ,51.25,52.29,51.07,51.73,52.03,21996,11.39,2026-09-24
ROSSTECH,EQ,1440.1,1473.5,1409.3,1418.9,1449.8,111226,1594.04,2026-09-24
ROTO,EQ,62.98,66.23,62.32,63.77,63.13,1667390,1080.93,2026-09-24
ROUTE,EQ,470.9,471.45,463.0,464.3,473.25,110981,517.93,2026-09-24
RPEL,EQ,1694.5,1745.9,1669.6,1698.4,1711.7,49456,842.47,2026-09-24
RPGLIFE,EQ,3040.0,3040.6,2880.6,2899.9,3025.4,62443,1838.06,2026-09-24
RPOWER,EQ,21.0,21.01,20.58,20.67,21.03,12599620,2612.43,2026-09-24
RPPINFRA,EQ,54.3,55.0,54.0,54.41,55.05,22062,11.99,2026-09-24
RPSGVENT,EQ,869.0,869.0,839.2,844.45,851.75,22823,193.33,2026-09-24
RPTECH,EQ,881.8,896.7,873.0,883.5,898.7,177454,1572.24,2026-09-24
RRECL,EQ,130.0,136.9,124.0,133.12,137.0,298,0.39,2026-09-24
RRIL,EQ,16.1,16.26,15.75,16.17,16.04,10313,1.65,2026-09-24
RRKABEL,EQ,2462.7,2545.1,2460.0,2529.8,2476.7,356342,8951.26,2026-09-24
RSL,EQ,184.0,187.5,180.72,181.92,184.02,228791,420.81,2026-09-24
RSSOFTWARE,EQ,32.39,33.5,31.05,31.24,32.39,27801,9.04,2026-09-24
RSWM,EQ,224.16,225.62,216.1,220.51,225.28,85731,188.46,2026-09-24
RSYSTEMS,EQ,239.17,241.51,236.13,237.43,239.6,145166,346.75,2026-09-24
RTNINDIA,EQ,27.5,27.51,26.24,26.57,27.45,1099558,294.61,2026-09-24
RTNPOWER,EQ,7.11,7.12,7.0,7.02,7.11,13603465,956.85,2026-09-24
RTSPOWR,EQ,85.05,91.85,85.05,87.16,89.0,757,0.66,2026-09-24
RUBFILA,EQ,66.04,66.99,63.25,63.79,66.04,67396,43.71,2026-09-24
RUBICON,EQ,1665.0,1693.2,1641.0,1676.1,1674.8,265569,4423.82,2026-09-24
RUBYMILLS,EQ,490.2,510.0,465.65,494.6,490.2,31875,158.7,2026-09-24
RUCHINFRA,EQ,5.46,5.46,5.01,5.13,5.25,45578,2.34,2026-09-24
RUCHIRA,EQ,105.0,105.4,103.92,104.53,105.77,21423,22.42,2026-09-24
RUDRA,EQ,19.55,19.9,18.86,19.26,19.81,42631,8.25,2026-09-24
RUPA,EQ,140.0,140.0,135.4,136.0,140.63,211159,289.09,2026-09-24
RUSHIL,EQ,16.86,17.1,16.42,16.63,16.78,179384,29.97,2026-09-24
RUSTOMJEE,EQ,365.75,367.65,355.2,364.0,365.75,43140,156.92,2026-09-24
RVHL,EQ,39.69,39.69,37.53,38.83,39.48,27826,10.74,2026-09-24
RVNL,EQ,209.75,210.1,205.26,206.0,211.77,2862163,5948.18,2026-09-24
RVTH,EQ,642.05,696.8,641.95,661.0,641.15,754,5.0,2026-09-24
S&SPOWER,EQ,319.6,326.4,310.0,315.35,318.05,1797,5.69,2026-09-24
SAATVIKGL,EQ,446.8,449.9,435.5,437.95,447.6,114648,506.88,2026-09-24
SAB,EQ,170.0,170.0,170.0,170.0,170.0,46,0.08,2026-09-24
SADBHAV,EQ,7.72,7.72,7.5,7.54,7.71,174570,13.2,2026-09-24
SADBHIN,EQ,2.59,2.63,2.56,2.59,2.59,65283,1.7,2026-09-24
SAFARI,EQ,1482.1,1495.0,1475.9,1481.2,1491.6,14060,208.39,2026-09-24
SAGARDEEP,EQ,24.38,24.38,23.52,23.7,24.36,3152,0.75,2026-09-24
SAGCEM,EQ,152.99,153.49,151.0,151.76,152.68,26975,41.04,2026-09-24
SAGILITY,EQ,45.5,45.71,44.82,45.0,45.99,10874146,4913.62,2026-09-24
SAHLIBHFI,EQ,77.0,81.78,76.5,78.24,76.03,15818,12.52,2026-09-24
SAHYADRI,EQ,360.0,383.0,356.6,366.85,369.6,14940,55.84,2026-09-24
SAICAPI,EQ,157.25,157.25,142.15,146.03,155.69,488,0.72,2026-09-24
SAIL,EQ,182.7,191.36,182.15,184.0,185.44,24815644,46583.15,2026-09-24
SAILIFE,EQ,1601.0,1649.8,1589.0,1594.9,1609.6,518814,8404.05,2026-09-24
SAIPARENT,EQ,509.3,524.0,501.25,506.4,509.3,84888,436.0,2026-09-24
SAKAR,EQ,1158.0,1189.9,1109.95,1128.55,1162.65,121571,1395.73,2026-09-24
SAKHTISUG,EQ,18.2,18.23,17.86,17.96,18.23,79745,14.39,2026-09-24
SAKSOFT,EQ,145.61,148.55,142.9,143.53,147.79,188469,272.05,2026-09-24
SAKUMA,EQ,1.67,1.75,1.6,1.66,1.67,2472729,40.86,2026-09-24
SALASAR,EQ,4.92,4.94,4.86,4.91,4.94,2533913,123.94,2026-09-24
SALONA,EQ,266.0,279.95,256.6,274.25,270.65,3076,8.22,2026-09-24
SALSTEEL,EQ,86.8,89.27,85.21,89.27,85.02,974201,862.78,2026-09-24
SALZERELEC,EQ,551.1,551.1,532.0,538.65,549.05,22627,122.22,2026-09-24
SAMBANDAM,EQ,103.0,107.0,103.0,107.0,102.5,11,0.01,2026-09-24
SAMBHAAV,EQ,6.1,6.1,5.64,5.89,5.98,5858,0.35,2026-09-24
SAMBHV,EQ,157.0,157.14,151.53,152.36,158.22,2398819,3698.43,2026-09-24
SAMHI,EQ,160.64,161.7,157.76,158.94,160.01,618453,985.65,2026-09-24
SAMMAANCAP,EQ,143.55,144.42,140.0,140.55,144.48,3981880,5636.94,2026-09-24
SAMPANN,EQ,24.34,24.45,23.81,24.08,24.34,8544,2.06,2026-09-24
SANATHAN,EQ,504.35,544.3,504.35,529.25,506.35,786460,4166.08,2026-09-24
SANDESH,EQ,1027.0,1038.0,1006.0,1014.3,1027.0,216,2.2,2026-09-24
SANDHAR,EQ,580.8,585.9,561.35,575.65,591.75,179293,1034.85,2026-09-24
SANDUMA,EQ,186.4,186.4,182.66,183.11,188.06,365304,671.84,2026-09-24
SANGAMIND,EQ,565.0,594.55,563.1,579.7,570.85,38862,226.4,2026-09-24
SANGHVIMOV,EQ,439.4,460.65,430.55,446.45,441.75,406457,1827.88,2026-09-24
SANOFI,EQ,3075.0,3220.9,3075.0,3132.7,3052.4,112839,3560.26,2026-09-24
SANOFICONR,EQ,3999.0,4068.4,3955.0,3971.3,4005.4,4134,165.2,2026-09-24
SANSERA,EQ,4600.0,4725.0,4535.8,4605.6,4621.4,268650,12488.82,2026-09-24
SANSTAR,EQ,110.5,110.85,108.7,109.4,111.15,138568,152.09,2026-09-24
SAPPHIRE,EQ,229.69,231.0,222.68,225.7,231.48,411301,929.3,2026-09-24
SAPPL,EQ,271.45,284.3,270.0,278.15,273.1,794,2.19,2026-09-24
SARDAEN,EQ,505.0,508.35,496.8,499.45,505.95,204170,1026.44,2026-09-24
SAREGAMA,EQ,502.0,507.0,495.2,498.45,507.0,202297,1011.58,2026-09-24
SARLAPOLY,EQ,101.59,101.59,99.0,99.99,100.03,27669,27.6,2026-09-24
SARVESHWAR,EQ,3.7,3.7,3.63,3.63,3.66,798944,29.16,2026-09-24
SASKEN,EQ,1809.9,1809.9,1730.5,1736.8,1780.6,13119,230.48,2026-09-24
SATIA,EQ,66.85,68.18,66.45,67.67,67.24,68295,45.96,2026-09-24
SATIN,EQ,224.95,227.38,220.04,226.15,225.3,243175,546.53,2026-09-24
SAURASHCEM,EQ,53.8,54.2,52.5,52.76,53.86,47022,25.12,2026-09-24
SAYAJIHOTL,EQ,325.0,329.0,325.0,327.0,327.0,17,0.06,2026-09-24
SAYAJIIND,EQ,116.0,122.0,116.0,122.0,122.0,641,0.77,2026-09-24
SBC,EQ,49.03,49.65,47.9,48.01,48.78,8735953,4253.44,2026-09-24
SBCL,EQ,1153.2,1184.9,1137.0,1143.2,1156.0,198267,2297.41,2026-09-24
SBFC,EQ,90.99,91.35,88.74,89.14,91.21,962702,863.04,2026-09-24
SBGLP,EQ,23.64,25.45,22.1,22.89,24.31,202878,47.73,2026-09-24
SBIBPB,EQ,48.75,48.75,47.82,48.03,48.41,26580,12.8,2026-09-24
SBICARD,EQ,632.0,642.3,616.2,618.4,635.0,1184379,7417.53,2026-09-24
SBIETFCON,EQ,120.53,120.53,117.28,117.45,119.33,3128,3.7,2026-09-24
SBIETFIT,EQ,316.99,316.99,312.06,312.82,314.58,5296,16.61,2026-09-24
SBIETFPB,EQ,274.86,280.01,273.19,275.05,280.47,1329913,3657.19,2026-09-24
SBIETFQLTY,EQ,214.01,214.01,211.18,211.29,214.2,1544,3.28,2026-09-24
SBIFUNDS,EQ,548.0,548.35,536.0,537.6,551.35,852645,4605.23,2026-09-24
SBILIFE,EQ,1710.0,1791.4,1699.9,1755.0,1760.0,3449627,60821.15,2026-09-24
SBILIQETF,EQ,1057.18,1057.2,1057.18,1057.19,1057.04,70404,744.31,2026-09-24
SBIMIDMOM,EQ,63.5,63.5,62.4,62.44,63.65,31346,19.66,2026-09-24
SBIN,EQ,982.3,992.0,975.8,978.5,994.1,13724672,134684.9,2026-09-24
SBINEQWETF,EQ,32.59,32.59,32.12,32.17,32.64,66640,21.49,2026-09-24
SBINMID150,EQ,23.01,23.01,22.49,22.61,23.01,45366,10.22,2026-09-24
SBISILVER,EQ,223.81,223.82,221.04,221.28,225.79,1118425,2489.57,2026-09-24
SBISMLETF,EQ,18.49,18.57,18.1,18.2,18.4,47840,8.74,2026-09-24
SBIVALETF,EQ,14.65,14.65,14.3,14.43,14.58,31178,4.5,2026-09-24
SCHAEFFLER,EQ,4062.0,4093.0,4000.0,4024.2,4085.7,47083,1911.0,2026-09-24
SCHAND,EQ,136.01,138.4,135.1,137.13,137.86,22847,31.33,2026-09-24
SCHNEIDER,EQ,1243.4,1243.4,1215.0,1218.8,1243.4,84376,1033.1,2026-09-24
SCI,EQ,276.0,280.3,274.1,276.6,279.05,1057549,2921.65,2026-09-24
SCILAL,EQ,38.38,38.38,37.0,37.29,38.2,375079,140.69,2026-09-24
SCODATUBES,EQ,137.74,138.14,131.01,133.79,137.74,556368,745.9,2026-09-24
SDBL,EQ,67.89,67.89,66.8,67.24,67.89,207968,139.94,2026-09-24
SEAMECLTD,EQ,1730.2,1764.5,1719.6,1730.1,1752.7,27330,474.86,2026-09-24
SECLEDBETA,EQ,14.36,14.8,14.2,14.25,14.36,222461,32.02,2026-09-24
SECMARK,EQ,143.35,143.35,140.0,142.5,141.03,3193,4.48,2026-09-24
SECURKLOUD,EQ,16.69,17.08,16.43,16.72,16.61,28849,4.82,2026-09-24
SEDEMAC,EQ,2998.0,3350.0,2998.0,3313.6,3035.2,1058936,34087.62,2026-09-24
SEIL,EQ,199.0,200.0,192.78,194.69,197.86,217128,425.0,2026-09-24
SEJALLTD,EQ,702.0,724.5,669.3,683.05,699.6,13503,93.68,2026-09-24
SEKURITIND,EQ,114.8,114.8,111.05,111.52,113.82,12064,13.58,2026-09-24
SELECTIPO,EQ,48.49,48.65,47.46,47.51,48.93,67314,32.33,2026-09-24
SEMAC,EQ,260.05,271.8,260.05,268.4,265.65,170,0.45,2026-09-24
SENCO,EQ,338.5,339.6,333.65,336.0,342.25,507270,1705.38,2026-09-24
SENORES,EQ,1384.5,1398.0,1341.0,1344.3,1383.4,217301,2955.47,2026-09-24
SENSEXADD,EQ,76.74,76.85,76.11,76.33,77.06,19345,14.75,2026-09-24
SENSEXAXIS,EQ,78.28,78.28,76.5,76.71,77.86,6723,5.18,2026-09-24
SENSEXBETA,EQ,830.89,830.89,817.1,821.01,828.72,1992,16.34,2026-09-24
SENSEXETF,EQ,77.4,77.4,76.0,76.18,77.37,200011,153.18,2026-09-24
SENSEXIETF,EQ,855.01,856.68,847.88,850.2,861.59,16831,143.39,2026-09-24
SEPC,EQ,5.06,5.18,5.06,5.12,5.22,5340821,273.45,2026-09-24
SERVOTECH,EQ,71.0,71.19,70.2,70.29,71.67,329681,232.4,2026-09-24
SESHAPAPER,EQ,245.73,250.0,244.0,244.74,247.95,23085,56.96,2026-09-24
SETF10GILT,EQ,263.0,263.8,261.85,263.36,263.59,4119,10.85,2026-09-24
SETFGOLD,EQ,128.22,128.22,127.25,127.35,128.64,4102003,5233.18,2026-09-24
SETFNIF50,EQ,258.97,258.97,248.7,249.39,252.66,1650846,4126.83,2026-09-24
SETFNIFBK,EQ,578.47,578.47,569.6,571.57,580.67,96046,549.54,2026-09-24
SETFNN50,EQ,774.99,775.0,766.42,769.51,776.31,31794,244.77,2026-09-24
SETL,EQ,406.95,420.0,398.05,402.8,407.0,589754,2413.42,2026-09-24
SFL,EQ,644.6,651.3,638.1,642.4,643.1,124707,802.99,2026-09-24
SGFIN,EQ,622.75,622.75,591.95,601.55,622.15,266998,1618.15,2026-09-24
SGIL,EQ,664.4,666.35,633.35,646.6,668.5,11360,73.86,2026-09-24
SGL,EQ,8.93,9.82,8.88,9.81,8.93,54123,5.23,2026-09-24
SGLRES,EQ,2.54,2.54,2.32,2.32,2.44,64861,1.53,2026-09-24
SGMART,EQ,731.0,732.3,710.05,717.15,731.45,157780,1135.7,2026-09-24
SGRL,EQ,731.5,739.45,654.0,677.15,735.55,45846,321.48,2026-09-24
SHADOWFAX,EQ,285.0,292.2,278.8,285.8,285.75,5612297,16108.02,2026-09-24
SHAH,EQ,3.22,3.26,3.19,3.2,3.25,1595392,51.57,2026-09-24
SHAILY,EQ,3210.3,3210.3,3100.0,3112.1,3211.0,101352,3195.02,2026-09-24
SHAKTIPUMP,EQ,471.9,475.05,463.65,472.15,476.8,302418,1419.77,2026-09-24
SHALBY,EQ,145.5,149.29,142.81,143.77,145.67,118942,173.88,2026-09-24
SHANKARA,EQ,142.9,142.9,137.01,137.18,143.39,45295,63.06,2026-09-24
SHANKESH,EQ,93.6,94.06,90.6,91.51,94.32,1871422,1721.96,2026-09-24
SHANTI,EQ,5.9,5.9,5.5,5.62,5.7,12131,0.69,2026-09-24
SHANTIGEAR,EQ,660.0,701.45,659.25,666.25,668.05,151787,1035.32,2026-09-24
SHANTIGOLD,EQ,287.34,291.25,281.1,283.62,288.07,4189312,11992.45,2026-09-24
SHARDACROP,EQ,760.25,760.25,738.6,740.9,758.05,101457,755.56,2026-09-24
SHARDAMOTR,EQ,970.8,976.9,955.2,961.85,971.85,52212,504.86,2026-09-24
SHAREINDIA,EQ,215.57,219.88,209.09,211.85,219.98,1855459,3949.1,2026-09-24
SHARIABEES,EQ,437.41,441.8,432.23,433.87,437.41,6880,29.89,2026-09-24
SHBAJRG,EQ,163.75,163.75,157.01,161.0,161.24,1921,3.08,2026-09-24
SHERVANI,EQ,325.0,325.0,325.0,325.0,320.1,3,0.01,2026-09-24
SHILCTECH,EQ,4147.0,4170.0,4046.0,4079.1,4147.6,20213,831.76,2026-09-24
SHILGRAVQ,EQ,144.2,152.0,142.0,144.95,147.67,23252,33.69,2026-09-24
SHILPAMED,EQ,1035.8,1055.0,992.0,1007.3,1037.7,622161,6379.47,2026-09-24
SHINDL,EQ,165.73,165.73,159.0,162.78,164.13,392824,633.41,2026-09-24
SHIPROCKET,EQ,126.0,126.8,119.52,120.46,127.23,2928780,3586.17,2026-09-24
SHIVAAGRO,EQ,39.74,42.58,37.24,38.99,39.74,3883,1.54,2026-09-24
SHIVACEM,EQ,15.61,15.8,15.3,15.65,15.6,28331,4.41,2026-09-24
SHIVALIK,EQ,435.0,435.1,407.55,410.7,431.65,94146,394.95,2026-09-24
SHIVAMAUTO,EQ,18.21,18.21,17.12,17.44,18.21,95578,16.79,2026-09-24
SHIVAMILLS,EQ,62.91,62.91,60.0,60.93,59.92,816,0.49,2026-09-24
SHIVATEX,EQ,170.05,172.0,170.01,170.93,172.0,548,0.93,2026-09-24
SHIVAUM,EQ,513.0,519.5,513.0,513.2,513.2,2864,14.71,2026-09-24
SHK,EQ,144.44,144.44,140.4,140.96,144.45,167596,237.34,2026-09-24
SHOPERSTOP,EQ,386.2,390.2,379.05,385.05,391.1,38955,150.02,2026-09-24
SHRADDHA,EQ,148.84,151.8,144.05,150.49,149.58,1357,2.03,2026-09-24
SHRADHA,EQ,30.3,31.4,29.36,30.51,30.45,16232,4.87,2026-09-24
SHREDIGCEM,EQ,69.25,69.25,65.5,67.52,68.8,90814,61.21,2026-09-24
SHREECEM,EQ,22300.0,22725.0,22170.0,22350.0,22500.0,17131,3855.47,2026-09-24
SHREEJISPG,EQ,719.8,729.0,714.35,724.85,723.75,344972,2488.36,2026-09-24
SHREEPUSHK,EQ,490.0,498.75,476.55,492.15,495.8,93203,453.71,2026-09-24
SHREERAMA,EQ,45.0,46.27,43.49,43.87,45.79,69801,31.49,2026-09-24
SHREYANIND,EQ,129.74,131.5,129.0,130.41,129.1,1573,2.04,2026-09-24
SHRIKRISH,EQ,37.0,37.0,37.0,37.0,35.45,19,0.01,2026-09-24
SHRINGARMS,EQ,210.5,215.8,208.71,210.25,210.22,344700,730.73,2026-09-24
SHRIPISTON,EQ,4481.5,4678.9,4458.2,4526.7,4489.8,116305,5341.36,2026-09-24
SHRIRAMFIN,EQ,999.0,1008.6,983.4,990.0,1010.8,4096126,40779.47,2026-09-24
SHRIRAMPPS,EQ,72.05,72.84,70.52,70.85,72.69,327512,233.94,2026-09-24
SHRJAGP,EQ,625.5,690.0,615.2,654.7,632.25,875,5.58,2026-09-24
SHUKRAPHAR,EQ,56.4,57.28,55.13,55.76,56.79,1524285,853.63,2026-09-24
SHYAMMETL,EQ,1103.5,1148.0,1086.8,1097.9,1105.8,1377316,15382.74,2026-09-24
SHYAMTEL,EQ,11.5,11.5,10.85,10.91,11.14,5847,0.64,2026-09-24
SICAGEN,EQ,53.0,53.0,52.11,52.36,52.98,10193,5.35,2026-09-24
SIEL,EQ,30.48,30.48,29.05,29.05,30.48,54,0.02,2026-09-24
SIEMENS,EQ,3852.0,3878.3,3825.0,3841.8,3886.0,199507,7689.14,2026-09-24
SIGACHI,EQ,31.34,31.49,30.11,30.3,31.34,2313647,705.5,2026-09-24
SIGMA,EQ,46.05,46.05,44.06,44.53,46.04,78932,35.52,2026-09-24
SIGNATURE,EQ,765.0,801.85,763.0,784.6,768.75,575895,4524.94,2026-09-24
SIGNPOST,EQ,278.2,281.35,272.0,272.8,273.9,86371,238.74,2026-09-24
SIKA,EQ,1057.05,1073.85,1031.65,1038.7,1059.75,29215,306.16,2026-09-24
SIL,EQ,17.35,17.43,16.62,16.89,17.13,61696,10.46,2026-09-24
SILGO,EQ,69.02,71.0,69.0,70.47,70.43,20318,14.19,2026-09-24
SILINV,EQ,444.55,459.0,441.0,451.6,452.8,1317,5.89,2026-09-24
SILVER,EQ,226.63,228.17,225.34,225.73,230.26,967902,2193.23,2026-09-24
SILVER001,EQ,23.55,23.55,22.76,22.82,23.19,80732,18.46,2026-09-24
SILVER1,EQ,22.13,22.17,21.9,21.91,22.36,4869469,1073.43,2026-09-24
SILVER360,EQ,225.99,225.99,222.0,222.4,226.75,17624,39.31,2026-09-24
SILVERADD,EQ,22.0,22.03,21.73,21.74,22.2,2739872,598.8,2026-09-24
SILVERAG,EQ,220.85,222.34,219.63,219.94,224.4,287976,635.75,2026-09-24
SILVERAXIS,EQ,227.0,227.0,224.3,224.63,229.19,978031,2201.74,2026-09-24
SILVERBEES,EQ,217.89,218.43,215.75,215.95,220.26,17227623,37395.69,2026-09-24
SILVERBETA,EQ,221.41,221.41,217.75,217.96,222.41,535801,1175.77,2026-09-24
SILVERBND,EQ,227.9,230.09,226.11,226.46,231.23,7790,17.71,2026-09-24
SILVERCASE,EQ,23.01,23.15,22.88,22.91,23.37,5000866,1151.26,2026-09-24
SILVERIETF,EQ,226.57,228.1,225.38,225.62,230.09,2445772,5546.95,2026-09-24
SILVERTUC,EQ,153.0,154.4,146.0,147.51,152.99,700732,1037.66,2026-09-24
SIMPLEXINF,EQ,254.05,255.2,251.1,251.75,256.4,67543,170.92,2026-09-24
SIMPLXREA,EQ,132.0,132.0,126.0,131.99,126.0,303,0.39,2026-09-24
SINCLAIR,EQ,82.06,83.64,78.03,79.61,82.04,44862,35.83,2026-09-24
SINDHUTRAD,EQ,24.01,24.48,23.53,23.66,23.96,279264,66.43,2026-09-24
SINGERIND,EQ,79.12,82.6,77.5,77.95,79.13,113651,90.97,2026-09-24
SINTERCOM,EQ,78.75,81.34,76.1,77.01,78.75,1195,0.93,2026-09-24
SIRCA,EQ,415.8,424.55,406.2,410.7,414.4,306940,1279.83,2026-09-24
SIS,EQ,420.0,426.65,415.2,418.45,421.45,118643,502.0,2026-09-24
SIYSIL,EQ,540.55,544.8,532.2,539.6,540.55,21521,116.15,2026-09-24
SJS,EQ,2290.1,2328.0,2255.0,2261.4,2334.1,101698,2319.17,2026-09-24
SJVN,EQ,63.2,63.2,62.01,62.24,63.25,2315850,1443.08,2026-09-24
SKFINDIA,EQ,1526.2,1549.7,1508.0,1542.0,1519.8,54183,833.75,2026-09-24
SKFINDUS,EQ,2900.0,2981.2,2836.1,2939.7,2885.9,45151,1316.85,2026-09-24
SKIPPER,EQ,568.1,574.0,546.75,552.35,567.5,688572,3857.61,2026-09-24
SKMEGGPROD,EQ,228.0,229.5,221.95,223.2,229.75,152496,342.47,2026-09-24
SKYGOLD,EQ,791.0,801.9,775.1,782.7,794.1,537578,4255.59,2026-09-24
SKYWAYS,EQ,130.0,135.53,128.07,131.0,129.57,11545591,15204.56,2026-09-24
SMALL250,EQ,18.7,18.7,18.2,18.23,18.5,466744,85.26,2026-09-24
SMALLADD,EQ,18.62,18.62,18.23,18.27,18.56,11221,2.06,2026-09-24
SMALLCAP,EQ,49.02,49.13,48.36,48.51,49.12,2008823,978.4,2026-09-24
SMALLGROWW,EQ,48.99,49.19,48.02,48.32,49.47,7761,3.78,2026-09-24
SMALLIETF,EQ,18.95,18.95,18.13,18.2,18.49,101315,18.58,2026-09-24
SMARTWORKS,EQ,532.65,548.6,532.15,538.95,541.05,25763,138.92,2026-09-24
SMCGLOBAL,EQ,87.0,87.4,83.35,85.07,87.14,820006,701.02,2026-09-24
SML100CASE,EQ,11.28,11.53,11.17,11.2,11.38,1896869,213.63,2026-09-24
SMLMAH,EQ,6703.0,6849.5,6555.0,6603.0,6794.0,33865,2265.98,2026-09-24
SMLT,EQ,62.62,62.62,60.0,60.74,60.61,2408,1.46,2026-09-24
SMSPHARMA,EQ,474.55,491.0,471.0,474.05,482.95,510891,2453.33,2026-09-24
SNOWMAN,EQ,35.2,35.35,34.25,34.39,35.18,123221,42.63,2026-09-24
SNXT30BEES,EQ,41.98,42.05,41.7,41.75,42.28,3757,1.57,2026-09-24
SNXT50BETA,EQ,93.45,94.27,91.51,92.27,93.45,5851,5.45,2026-09-24
SOBHA,EQ,1248.4,1248.4,1221.8,1227.7,1243.8,46367,573.47,2026-09-24
SOFTTECH,EQ,513.0,513.0,484.35,486.2,491.85,2497,12.29,2026-09-24
SOLARA,EQ,726.0,752.9,715.0,727.35,722.9,322402,2380.84,2026-09-24
SOLARINDS,EQ,19600.0,19860.0,19450.0,19480.0,19730.0,120513,23724.52,2026-09-24
SOLARWORLD,EQ,137.0,137.97,132.2,133.89,138.52,176321,236.49,2026-09-24
SOLEX,EQ,739.45,755.0,713.15,731.5,735.2,65750,477.58,2026-09-24
SOMANYCERA,EQ,597.95,608.45,590.5,601.85,596.3,122260,736.55,2026-09-24
SOMATEX,EQ,82.0,82.69,79.0,79.94,82.35,4922,3.95,2026-09-24
SOMICONVEY,EQ,91.02,91.98,89.0,89.6,91.51,19824,17.84,2026-09-24
SONACOMS,EQ,828.55,837.0,814.7,816.3,833.0,2572412,21257.0,2026-09-24
SONAL,EQ,87.5,87.7,87.5,87.7,83.55,203,0.18,2026-09-24
SONATSOFTW,EQ,280.1,280.95,274.0,274.7,282.0,380843,1055.17,2026-09-24
SOTL,EQ,715.0,737.0,707.7,726.5,715.6,358641,2601.87,2026-09-24
SOUTHBANK,EQ,47.0,50.17,46.72,49.9,47.08,57683718,28408.62,2026-09-24
SOUTHWEST,EQ,190.2,194.2,187.47,188.76,194.64,80269,152.72,2026-09-24
SPAL,EQ,980.0,993.2,960.2,979.0,989.5,28092,273.55,2026-09-24
SPANDANA,EQ,230.0,231.44,224.31,225.61,232.18,95230,216.1,2026-09-24
SPARC,EQ,205.28,206.78,200.32,203.98,205.65,907336,1844.88,2026-09-24
SPCENET,EQ,3.44,3.44,3.35,3.36,3.39,229800,7.78,2026-09-24
SPENCERS,EQ,29.73,29.73,28.56,28.92,29.44,30208,8.74,2026-09-24
SPIC,EQ,66.7,67.39,65.1,65.86,67.0,263877,174.52,2026-09-24
SPLIL,EQ,30.21,30.59,29.6,29.61,30.19,1459,0.44,2026-09-24
SPLPETRO,EQ,880.0,887.95,870.1,879.9,882.2,148875,1309.39,2026-09-24
SPMLINFRA,EQ,167.3,167.89,164.0,165.36,168.58,130233,216.22,2026-09-24
SPORTKING,EQ,210.0,213.4,208.0,210.85,211.26,135379,285.23,2026-09-24
SRD,EQ,40.49,40.49,39.15,39.45,40.88,42571,16.94,2026-09-24
SRF,EQ,2540.0,2558.8,2515.2,2533.8,2550.0,110060,2792.9,2026-09-24
SRGHFL,EQ,158.1,159.65,150.2,154.5,158.1,30079,46.16,2026-09-24
SRHHYPOLTD,EQ,587.5,631.4,580.55,605.75,587.5,72755,442.83,2026-09-24
SRM,EQ,420.5,423.95,414.45,419.0,422.45,22818,95.69,2026-09-24
SRTL,EQ,38.62,39.29,38.0,38.38,38.9,16603,6.42,2026-09-24
SSDL,EQ,65.62,68.43,64.1,66.3,65.62,58214,38.94,2026-09-24
SSRETAIL,EQ,771.95,888.0,767.55,811.8,748.8,30540990,257207.2,2026-09-24
SSWL,EQ,368.0,386.55,365.5,376.1,371.95,1355247,5142.87,2026-09-24
STANLEY,EQ,137.0,137.43,134.7,135.22,137.43,36775,49.9,2026-09-24
STAR,EQ,1222.2,1233.1,1199.3,1202.8,1223.3,126615,1537.87,2026-09-24
STARCEMENT,EQ,188.0,189.0,186.05,187.24,189.23,63388,118.84,2026-09-24
STARHEALTH,EQ,513.0,555.0,513.0,550.4,549.2,9649635,53012.13,2026-09-24
STARPAPER,EQ,156.0,161.99,155.0,155.27,156.27,12814,20.18,2026-09-24
STARTECK,EQ,256.0,256.0,240.4,240.4,253.85,227,0.55,2026-09-24
STCINDIA,EQ,112.3,112.3,109.0,109.85,111.98,18503,20.43,2026-09-24
STEAMHOUSE,EQ,108.75,115.63,106.89,113.71,110.73,9348134,10424.76,2026-09-24
STEELCAS,EQ,352.0,359.8,346.95,357.8,359.7,173791,617.42,2026-09-24
STEELCITY,EQ,84.94,85.89,82.3,83.19,84.82,7921,6.6,2026-09-24
STEELXIND,EQ,12.25,12.45,11.3,11.43,12.01,13813428,1644.87,2026-09-24
STEL,EQ,667.0,669.0,622.05,625.85,640.6,7774,50.23,2026-09-24
STLNETWORK,EQ,52.18,52.18,49.0,52.01,49.7,27090526,13985.68,2026-09-24
STLSTRINF,EQ,24.05,24.05,22.59,23.15,24.01,14778,3.42,2026-09-24
STOVEKRAFT,EQ,829.1,834.5,812.5,818.35,829.1,82310,675.73,2026-09-24
STUDDS,EQ,414.2,418.7,406.05,412.25,415.75,42948,176.63,2026-09-24
STYL,EQ,356.5,391.0,351.45,370.35,359.8,113636,414.69,2026-09-24
STYLAMIND,EQ,3355.0,3425.0,3290.9,3319.2,3355.6,61387,2056.37,2026-09-24
STYLEBAAZA,EQ,379.0,381.3,367.0,370.4,378.05,554142,2068.73,2026-09-24
STYRENIX,EQ,2115.6,2128.7,2080.1,2088.2,2130.1,12894,270.86,2026-09-24
SUBEXLTD,EQ,21.9,22.22,20.31,20.71,22.08,19515256,4130.2,2026-09-24
SUBROS,EQ,725.0,729.95,708.05,720.1,731.5,27699,199.25,2026-09-24
SUDARCOLOR,EQ,399.0,399.0,381.1,382.2,390.7,4473,17.34,2026-09-24
SUDARSCHEM,EQ,1225.0,1248.9,1206.6,1218.0,1236.9,114610,1409.62,2026-09-24
SUDEEPPHRM,EQ,1180.1,1193.0,1139.7,1143.4,1199.6,144322,1667.75,2026-09-24
SUKHJITS,EQ,162.55,163.41,159.0,161.13,162.58,16679,26.83,2026-09-24
SULA,EQ,137.73,137.73,135.0,135.78,137.76,147857,200.84,2026-09-24
SUMEDHA,EQ,43.5,43.5,43.5,43.5,44.08,602,0.26,2026-09-24
SUMEETINDS,EQ,11.6,11.6,11.6,11.6,11.05,332514,38.57,2026-09-24
SUMICHEM,EQ,458.0,462.2,447.1,449.7,464.2,200137,907.61,2026-09-24
SUMIT,EQ,50.26,50.26,48.36,49.59,49.91,4190,2.07,2026-09-24
SUMMITSEC,EQ,1395.0,1395.0,1380.0,1383.2,1403.7,2653,36.77,2026-09-24
SUNCLAY,EQ,1254.0,1269.8,1231.0,1249.4,1253.9,4263,53.08,2026-09-24
SUNDARAM,EQ,1.19,1.19,1.02,1.16,1.17,872800,10.08,2026-09-24
SUNDARMFIN,EQ,4664.9,4674.0,4550.0,4592.0,4654.9,40423,1852.3,2026-09-24
SUNDRMFAST,EQ,1170.0,1203.7,1166.0,1172.3,1185.4,153739,1819.38,2026-09-24
SUNDROP,EQ,746.55,765.0,740.0,756.2,744.3,27010,203.37,2026-09-24
SUNFLAG,EQ,395.0,408.9,390.2,396.8,390.55,1545083,6167.15,2026-09-24
SUNLOC,EQ,75.7,75.7,71.64,72.0,75.8,290,0.21,2026-09-24
SUNPHARMA,EQ,1859.0,1880.0,1848.4,1849.9,1865.0,1742885,32391.27,2026-09-24
SUNRAKSHAK,EQ,367.5,371.7,357.05,367.75,366.6,7604,27.68,2026-09-24
SUNSHIEL,EQ,1160.0,1188.9,1145.0,1149.8,1164.3,2612,30.23,2026-09-24
SUNSHINE,EQ,442.0,446.45,432.6,436.9,441.45,382361,1678.99,2026-09-24
SUNTECK,EQ,288.95,289.8,283.05,284.05,290.1,79719,228.08,2026-09-24
SUNTV,EQ,485.0,522.0,483.0,512.7,490.2,3364719,17281.26,2026-09-24
SUPERHOUSE,EQ,170.0,170.0,164.0,165.45,168.47,3063,5.09,2026-09-24
SUPRAJIT,EQ,480.0,494.4,480.0,486.65,485.05,61664,299.24,2026-09-24
SUPREME,EQ,32.12,32.39,30.9,31.29,31.97,11722,3.7,2026-09-24
SUPREMEIND,EQ,3472.6,3495.3,3429.0,3434.0,3497.1,64745,2239.54,2026-09-24
SUPREMEINF,EQ,81.0,82.79,79.8,80.39,81.0,11926,9.59,2026-09-24
SUPRIYA,EQ,998.6,1009.7,955.05,961.75,1000.9,246987,2420.84,2026-09-24
SURAJEST,EQ,220.41,228.6,214.1,219.42,220.41,345285,769.56,2026-09-24
SURAJLTD,EQ,204.89,204.89,199.0,200.5,197.01,154,0.32,2026-09-24
SURAKSHA,EQ,350.0,357.95,348.0,356.0,355.35,61147,216.84,2026-09-24
SURANASOL,EQ,25.51,25.85,25.43,25.65,25.86,13041,3.34,2026-09-24
SURANAT&P,EQ,16.29,16.29,15.86,15.89,16.04,86919,13.81,2026-09-24
SURYALA,EQ,390.05,390.05,385.15,390.05,400.05,2631,10.24,2026-09-24
SURYALAXMI,EQ,58.0,59.39,56.5,57.5,58.82,4529,2.62,2026-09-24
SURYAROSNI,EQ,212.2,219.9,212.2,217.5,214.64,386944,834.01,2026-09-24
SURYODAY,EQ,149.64,149.64,143.09,145.34,149.3,398726,578.44,2026-09-24
SUVEN,EQ,338.5,339.15,333.0,335.05,341.85,211218,709.63,2026-09-24
SUVIDHAA,EQ,2.18,2.25,2.16,2.21,2.19,116093,2.58,2026-09-24
SUYOG,EQ,680.0,680.05,656.0,660.15,671.55,9010,59.98,2026-09-24
SUZLON,EQ,42.12,42.24,40.55,40.74,42.39,131241030,53891.19,2026-09-24
SVGLOBAL,EQ,155.0,155.82,148.0,148.32,151.93,1964,2.94,2026-09-24
SVLL,EQ,860.3,865.6,801.1,820.4,861.3,3176,26.41,2026-09-24
SVPGLOB,EQ,3.48,3.48,3.26,3.28,3.35,9421,0.31,2026-09-24
SWANCORP,EQ,297.7,299.65,293.4,294.7,300.05,628548,1858.62,2026-09-24
SWARAJENG,EQ,3558.7,3565.6,3528.0,3548.6,3559.3,7958,282.18,2026-09-24
SWARNSAR,EQ,42.04,44.15,41.0,42.04,42.04,45191,19.18,2026-09-24
SWELECTES,EQ,575.9,587.0,555.0,561.65,581.85,15162,86.62,2026-09-24
SWIGGY,EQ,275.7,276.6,265.6,267.45,278.5,15664085,42556.6,2026-09-24
SWSOLAR,EQ,179.01,179.21,176.51,177.34,180.76,656330,1167.13,2026-09-24
SYMBIOTEC,EQ,1061.05,1078.2,1015.1,1024.05,1062.0,546818,5682.36,2026-09-24
SYMPHONY,EQ,584.25,589.1,570.0,576.7,592.6,57959,336.62,2026-09-24
SYNCOMF,EQ,20.01,20.75,19.8,20.03,20.01,12034163,2432.53,2026-09-24
SYNGENE,EQ,380.0,384.9,378.1,380.35,381.85,230354,878.36,2026-09-24
SYRMA,EQ,1699.9,1737.2,1686.1,1698.6,1719.4,841054,14379.12,2026-09-24
TAALTECH,EQ,1082.1,1122.8,1022.5,1050.5,1094.8,60717,653.54,2026-09-24
TAINWALCHM,EQ,217.0,219.7,212.15,216.79,214.31,3740,8.1,2026-09-24
TAJGVK,EQ,329.0,329.05,321.65,323.2,329.9,48019,155.99,2026-09-24
TAKE,EQ,15.98,15.98,15.15,15.4,15.86,136493,21.11,2026-09-24
TALBROAUTO,EQ,460.0,483.2,456.3,466.0,466.9,265580,1241.81,2026-09-24
TANAA,EQ,349.5,349.6,314.25,331.8,352.45,97808,326.49,2026-09-24
TANLA,EQ,496.55,496.55,486.5,489.6,500.4,213003,1045.32,2026-09-24
TARACHAND,EQ,45.5,47.15,45.43,46.11,45.97,65029,29.88,2026-09-24
TARAPUR,EQ,12.14,12.24,11.85,12.22,12.16,21986,2.68,2026-09-24
TARC,EQ,128.0,129.9,127.01,129.35,129.65,300094,386.03,2026-09-24
TARIL,EQ,287.0,287.45,279.75,280.4,289.0,673240,1904.04,2026-09-24
TARMAT,EQ,54.11,54.99,53.89,54.05,54.73,6404,3.48,2026-09-24
TARSONS,EQ,336.85,339.85,330.35,335.45,335.45,102908,345.94,2026-09-24
TASTYBITE,EQ,10161.0,10324.0,9866.0,9903.0,10180.0,2802,284.24,2026-09-24
TATACAP,EQ,347.8,347.8,333.0,336.25,350.05,2156796,7293.21,2026-09-24
TATACHEM,EQ,669.9,670.0,649.95,652.2,669.9,765531,5051.42,2026-09-24
TATACOMM,EQ,1696.0,1701.0,1666.6,1670.0,1700.6,111964,1890.5,2026-09-24
TATACONSUM,EQ,989.0,992.0,983.0,986.3,994.3,1002889,9894.84,2026-09-24
TATAELXSI,EQ,3212.0,3235.0,3169.0,3183.8,3212.0,220867,7064.15,2026-09-24
TATAGOLD,EQ,14.61,14.61,14.51,14.52,14.67,35682468,5195.77,2026-09-24
TATAINVEST,EQ,671.0,672.15,655.7,658.35,674.3,325712,2159.23,2026-09-24
TATAPOWER,EQ,366.5,367.5,362.95,363.45,369.0,2708315,9903.68,2026-09-24
TATASTEEL,EQ,188.21,191.8,187.72,188.02,190.82,15701549,29733.55,2026-09-24
TATATECH,EQ,716.45,732.65,712.25,717.75,716.45,1085643,7866.15,2026-09-24
TATSILV,EQ,22.1,22.18,21.89,21.92,22.37,42029593,9260.7,2026-09-24
TATVA,EQ,1778.0,1798.8,1717.3,1728.6,1778.1,51972,910.85,2026-09-24
TBOTEK,EQ,1704.5,1715.5,1681.1,1687.2,1704.5,189060,3215.37,2026-09-24
TCC,EQ,53.3,53.79,51.0,51.63,53.89,569671,298.51,2026-09-24
TCI,EQ,830.65,844.8,815.05,833.45,829.75,27766,231.93,2026-09-24
TCIEXP,EQ,505.75,513.6,490.0,492.75,505.6,13017,64.75,2026-09-24
TCIFINANCE,EQ,15.12,15.29,14.73,14.86,15.19,8216,1.22,2026-09-24
TCPLPACK,EQ,4009.9,4138.8,3951.3,4058.8,4003.0,11836,482.92,2026-09-24
TCS,EQ,2076.0,2096.9,2067.1,2087.0,2089.6,1760662,36677.6,2026-09-24
TDPOWERSYS,EQ,758.0,765.4,738.15,742.0,765.5,1289189,9681.77,2026-09-24
TEAMGTY,EQ,239.96,242.95,235.01,241.71,239.95,75,0.18,2026-09-24
TEAMLEASE,EQ,1201.9,1215.9,1183.1,1192.0,1196.0,11262,134.8,2026-09-24
TECH,EQ,32.45,32.45,30.8,30.95,31.05,38691,11.98,2026-09-24
TECHM,EQ,1549.9,1576.2,1543.0,1543.0,1557.0,1707105,26578.33,2026-09-24
TECHNOCRAF,EQ,472.0,482.0,462.4,475.05,475.65,1197482,5677.01,2026-09-24
TECHNOE,EQ,1002.95,1006.4,984.6,991.65,1012.05,59392,590.33,2026-09-24
TECHNVISN,EQ,4300.0,4388.0,4071.0,4130.0,4181.5,659,27.8,2026-09-24
TECILCHEM,EQ,9.6,9.61,9.16,9.25,9.5,10562,0.98,2026-09-24
TEGA,EQ,2070.0,2106.1,2040.0,2062.0,2078.8,382732,7941.0,2026-09-24
TEJASNET,EQ,517.1,519.6,507.2,511.3,521.55,1162117,5946.99,2026-09-24
TEMBO,EQ,59.0,63.0,58.55,59.26,59.31,4699220,2849.19,2026-09-24
TEMPSENS,EQ,561.1,563.45,540.0,543.4,565.65,1781856,9812.03,2026-09-24
TENNIND,EQ,514.2,522.25,509.6,511.25,518.6,332762,1712.25,2026-09-24
TERAI,EQ,113.0,115.0,110.0,111.55,111.36,258,0.29,2026-09-24
TERASOFT,EQ,230.8,234.25,211.05,220.65,230.8,69488,152.21,2026-09-24
TEXINFRA,EQ,125.0,125.0,118.11,118.9,123.47,328844,398.21,2026-09-24
TEXMOPIPES,EQ,59.7,59.7,57.9,58.05,59.63,116010,67.92,2026-09-24
TEXRAIL,EQ,124.75,127.14,121.55,126.77,124.75,7694285,9624.22,2026-09-24
TFCILTD,EQ,140.9,144.39,140.5,143.46,141.55,18259746,26051.41,2026-09-24
TFL,EQ,11.17,12.0,11.17,11.73,11.77,20237,2.37,2026-09-24
TGBHOTELS,EQ,10.14,10.14,9.23,9.5,9.43,20766,1.96,2026-09-24
TGVSL,EQ,108.55,111.9,107.54,109.31,108.55,488751,538.54,2026-09-24
THAKDEV,EQ,143.9,143.9,127.61,131.44,133.78,256,0.34,2026-09-24
THANGAMAYL,EQ,5317.0,5333.5,5080.0,5097.0,5317.0,50396,2606.28,2026-09-24
THEINVEST,EQ,94.0,95.45,92.25,92.63,94.06,7483,6.97,2026-09-24
THEJO,EQ,2179.9,2200.0,2132.4,2168.8,2173.5,3841,82.94,2026-09-24
THELEELA,EQ,540.05,545.65,530.5,533.2,544.95,137918,741.83,2026-09-24
THEMISMED,EQ,121.98,122.99,117.21,118.1,121.97,32113,38.36,2026-09-24
THERMAX,EQ,3468.0,3470.0,3400.0,3406.1,3464.9,84227,2894.86,2026-09-24
THOMASCOOK,EQ,104.0,104.5,103.25,103.97,105.12,403771,419.34,2026-09-24
THOMASCOTT,EQ,235.0,236.5,228.6,235.0,235.15,29547,69.01,2026-09-24
THYROCARE,EQ,571.5,576.75,565.0,566.75,573.75,87557,499.27,2026-09-24
TI,EQ,595.0,603.25,583.8,587.55,601.5,506431,2989.96,2026-09-24
TIGERLOGS,EQ,27.65,27.65,26.0,26.36,26.87,170542,45.13,2026-09-24
TIIL,EQ,3040.0,3112.7,2990.1,3033.1,3019.9,26986,823.78,2026-09-24
TIINDIA,EQ,2558.0,2585.5,2540.5,2540.5,2578.6,70640,1810.09,2026-09-24
TIMETECHNO,EQ,181.7,181.7,178.01,179.31,181.96,1714746,3082.18,2026-09-24
TIMEX,EQ,724.0,734.05,705.0,710.8,725.75,288835,2079.89,2026-09-24
TIMKEN,EQ,3285.1,3315.0,3242.9,3256.9,3287.9,42287,1386.53,2026-09-24
TINNARUBR,EQ,1007.15,1007.2,970.0,982.8,1007.25,33002,326.75,2026-09-24
TIPSFILMS,EQ,320.5,320.5,310.05,311.5,314.75,1398,4.38,2026-09-24
TIPSMUSIC,EQ,668.0,676.75,657.0,662.05,670.5,266188,1777.62,2026-09-24
TIRUMALCHM,EQ,164.15,166.54,161.26,162.95,165.22,488664,800.35,2026-09-24
TITAGARH,EQ,830.0,837.4,818.0,819.25,842.05,326786,2697.46,2026-09-24
TITAN,EQ,4868.0,4912.0,4830.0,4832.5,4880.0,504126,24510.12,2026-09-24
TMB,EQ,920.0,920.0,891.5,893.55,921.4,167289,1508.74,2026-09-24
TMCV,EQ,447.35,456.05,431.55,437.15,450.2,4805833,21305.8,2026-09-24
TMPV,EQ,299.8,300.95,295.0,295.0,300.5,9126313,27237.49,2026-09-24
TNIDETF,EQ,89.79,89.79,85.71,86.3,88.8,110546,95.52,2026-09-24
TNPETRO,EQ,129.0,133.49,125.5,126.98,128.98,863308,1118.39,2026-09-24
TNPL,EQ,142.7,151.4,142.5,148.94,144.37,403094,591.77,2026-09-24
TNTELE,EQ,9.15,9.48,8.52,9.31,9.06,75331,6.85,2026-09-24
TOKYOPLAST,EQ,76.05,78.8,75.5,75.62,79.4,1039,0.8,2026-09-24
TOLINS,EQ,91.55,92.9,89.78,90.14,91.58,31227,28.56,2026-09-24
TOP100CASE,EQ,10.32,10.36,10.19,10.21,10.35,848441,86.84,2026-09-24
TOP10ADD,EQ,86.69,86.69,83.47,83.79,84.58,414184,347.73,2026-09-24
TOP15IETF,EQ,9.43,9.5,9.29,9.34,9.48,559755,52.32,2026-09-24
TOP20,EQ,8.85,8.85,8.5,8.5,8.65,99666,8.51,2026-09-24
TORNTPHARM,EQ,4976.0,5010.0,4902.0,4928.5,4985.0,255716,12658.71,2026-09-24
TORNTPOWER,EQ,1238.0,1254.0,1235.1,1244.2,1259.4,67834,844.82,2026-09-24
TOUCHWOOD,EQ,61.78,61.78,61.78,61.78,61.85,62,0.04,2026-09-24
TOYAMSL,EQ,0.92,0.92,0.84,0.84,0.88,4080574,34.98,2026-09-24
TPLPLASTEH,EQ,67.17,67.69,64.8,65.06,67.15,98176,64.88,2026-09-24
TRACXN,EQ,32.99,33.04,31.62,31.83,32.95,113250,36.71,2026-09-24
TRANSCOR,EQ,24.28,25.25,24.28,24.41,24.28,4604,1.14,2026-09-24
TRANSRAILL,EQ,487.0,487.9,463.0,464.0,488.9,1282611,6058.87,2026-09-24
TRAVELFOOD,EQ,1214.0,1224.0,1199.9,1214.2,1214.5,12316,148.56,2026-09-24
TREEHOUSE,EQ,5.94,6.13,5.84,6.07,5.93,14428,0.87,2026-09-24
TREJHARA,EQ,135.22,137.0,131.0,135.31,135.22,7294,9.79,2026-09-24
TREL,EQ,28.2,28.58,27.0,27.8,27.78,108843,30.21,2026-09-24
TRENT,EQ,2765.0,2767.5,2699.9,2700.0,2774.0,556839,15227.04,2026-09-24
TRF,EQ,217.4,219.0,212.3,215.13,216.31,11662,25.06,2026-09-24
TRIDENT,EQ,23.3,23.4,23.02,23.15,23.42,2398291,555.49,2026-09-24
TRIGYN,EQ,56.25,56.39,54.21,54.95,56.14,15610,8.65,2026-09-24
TRITONV,EQ,1154.0,1154.0,1101.1,1109.4,1133.8,1610,17.98,2026-09-24
TRITURBINE,EQ,559.5,561.45,549.4,551.8,562.1,219693,1218.88,2026-09-24
TRIVENI,EQ,244.0,244.0,239.45,240.2,242.35,380043,913.06,2026-09-24
TRU,EQ,4.04,4.4,4.04,4.21,4.23,47849,2.03,2026-09-24
TRUALT,EQ,435.0,441.8,420.35,429.0,438.9,389804,1676.77,2026-09-24
TSFINV,EQ,456.5,459.75,451.55,456.9,462.05,88605,404.58,2026-09-24
TTKHLTCARE,EQ,1053.6,1066.8,1040.0,1045.4,1051.2,11744,123.59,2026-09-24
TTKPRESTIG,EQ,524.0,527.3,509.5,515.3,525.8,38754,201.99,2026-09-24
TTL,EQ,7.2,7.5,7.11,7.25,7.26,591416,43.0,2026-09-24
TTML,EQ,35.48,35.5,34.9,35.02,35.63,976514,342.88,2026-09-24
TURTLEMINT,EQ,109.04,109.04,109.04,109.04,136.3,1011837,1103.31,2026-09-24
TUTIALKA,EQ,56.25,56.89,53.25,55.53,55.64,11871,6.6,2026-09-24
TVSELECT,EQ,394.7,394.7,380.3,381.7,391.8,34653,133.26,2026-09-24
TVSHLTD,EQ,12452.0,12549.0,12185.0,12501.0,12591.0,7441,922.26,2026-09-24
TVSMOTOR,EQ,4093.4,4123.0,4057.0,4091.0,4135.0,933899,38185.72,2026-09-24
TVSSCS,EQ,131.0,133.46,130.0,130.47,132.48,524473,687.97,2026-09-24
TVSSRICHAK,EQ,4650.5,4684.5,4386.0,4412.0,4651.0,16193,725.93,2026-09-24
TVTODAY,EQ,107.7,109.4,106.0,107.77,107.7,8880,9.55,2026-09-24
TWCGOLDETF,EQ,150.6,150.6,147.65,149.01,150.51,22184,33.11,2026-09-24
UBL,EQ,1240.0,1289.7,1227.1,1270.2,1242.3,133103,1671.28,2026-09-24
UCOBANK,EQ,23.99,23.99,23.65,23.74,24.04,2411463,573.36,2026-09-24
UDAYJEW,EQ,153.87,162.95,152.06,162.33,153.87,71597,114.07,2026-09-24
UDS,EQ,203.91,203.91,200.11,201.9,205.27,56075,113.42,2026-09-24
UEL,EQ,195.0,197.9,184.67,188.09,191.86,18430,34.7,2026-09-24
UFLEX,EQ,669.65,685.0,657.85,661.55,670.45,119810,806.33,2026-09-24
UFO,EQ,61.7,61.7,59.25,59.53,60.64,19495,11.72,2026-09-24
UGARSUGAR,EQ,56.42,57.11,55.51,55.77,57.22,262893,147.22,2026-09-24
UGROCAP,EQ,83.89,84.89,81.2,82.23,84.29,155699,128.34,2026-09-24
UJJIVANSFB,EQ,64.52,64.7,61.25,62.69,66.01,33045929,20749.65,2026-09-24
ULTRACEMCO,EQ,11098.0,11192.0,11056.0,11056.0,11155.0,304695,33916.05,2026-09-24
ULTRAMAR,EQ,438.0,442.0,426.95,429.05,439.15,42929,187.26,2026-09-24
UMESLTD,EQ,4.51,4.85,4.49,4.51,4.6,39599,1.82,2026-09-24
UMIYA-MRO,EQ,95.0,106.0,93.5,96.42,95.1,74800,75.62,2026-09-24
UNICHEMLAB,EQ,573.0,582.0,549.8,552.65,573.2,156065,883.17,2026-09-24
UNIDT,EQ,231.0,272.0,231.0,259.76,235.24,645371,1662.87,2026-09-24
UNIECOM,EQ,83.0,83.8,82.3,82.76,83.26,191326,158.69,2026-09-24
UNIENTER,EQ,91.05,92.57,89.57,90.5,91.09,1617,1.47,2026-09-24
UNIINFO,EQ,11.02,11.4,11.02,11.29,11.4,183,0.02,2026-09-24
UNIMECH,EQ,1712.0,1758.8,1673.2,1692.3,1716.1,179298,3081.44,2026-09-24
UNIONBANK,EQ,178.9,180.2,175.86,179.45,180.0,4484417,8010.2,2026-09-24
UNIONGOLD,EQ,147.45,147.6,146.0,146.45,147.4,2328,3.42,2026-09-24
UNIPARTS,EQ,861.0,865.6,840.15,850.35,861.2,54719,468.08,2026-09-24
UNITDSPR,EQ,1434.0,1442.0,1421.2,1423.3,1441.0,219089,3136.5,2026-09-24
UNITECH,EQ,4.11,4.16,4.03,4.05,4.17,4096221,167.26,2026-09-24
UNITEDPOLY,EQ,46.5,46.75,45.0,45.27,45.94,170870,77.55,2026-09-24
UNITEDTEA,EQ,428.0,435.0,425.35,428.25,428.0,1821,7.83,2026-09-24
UNIVCABLES,EQ,1508.8,1539.8,1490.0,1517.0,1508.8,128146,1943.22,2026-09-24
UNOMINDA,EQ,1216.3,1252.9,1212.3,1224.4,1223.1,445754,5517.8,2026-09-24
UPL,EQ,550.7,553.65,546.5,549.6,553.15,1278779,7046.36,2026-09-24
URBANCO,EQ,172.21,174.26,168.5,171.26,172.73,4162727,7152.0,2026-09-24
URJA,EQ,9.06,9.1,8.95,9.0,9.05,403236,36.29,2026-09-24
USHAMART,EQ,534.0,534.15,515.0,523.2,535.05,607143,3181.66,2026-09-24
USK,EQ,19.6,20.3,19.51,19.61,19.85,21157,4.18,2026-09-24
UTIAMC,EQ,905.3,914.4,903.2,907.9,909.95,47119,427.53,2026-09-24
UTKARSHBNK,EQ,13.94,14.0,13.7,13.86,14.07,4749458,657.09,2026-09-24
UTLSOLAR,EQ,443.85,443.85,428.3,433.4,446.1,205916,893.62,2026-09-24
UTTAMSUGAR,EQ,265.5,266.2,258.45,260.0,266.35,64541,169.03,2026-09-24
V2RETAIL,EQ,213.11,216.0,211.21,214.47,215.63,556422,1192.6,2026-09-24
VADILALIND,EQ,7450.0,7529.0,7322.0,7413.5,7492.0,9796,727.6,2026-09-24
VADILENT,EQ,10310.0,10310.0,10250.0,10303.0,10370.0,11,1.13,2026-09-24
VAIBHAVGBL,EQ,208.81,209.93,204.0,205.25,209.49,153843,317.54,2026-09-24
VAISHALI,EQ,8.32,8.79,8.32,8.53,8.45,171784,14.71,2026-09-24
VAKRANGEE,EQ,5.37,5.45,5.2,5.3,5.35,1008105,53.18,2026-09-24
VAL30IETF,EQ,14.91,14.96,14.81,14.87,15.0,128483,19.11,2026-09-24
VALIANTORG,EQ,420.0,420.0,406.5,411.35,420.8,59473,244.65,2026-09-24
VALUE,EQ,16.14,16.14,15.75,15.78,15.94,15227,2.41,2026-09-24
VALUEAXIS,EQ,32.48,32.64,32.04,32.18,32.48,42653,13.74,2026-09-24
VAML,EQ,430.9,438.9,428.25,429.4,436.3,4520000,19573.0,2026-09-24
VARDMNPOLY,EQ,5.96,6.0,5.78,5.81,5.91,128283,7.52,2026-09-24
VARROC,EQ,837.0,844.6,825.0,833.4,836.5,129764,1084.66,2026-09-24
VASCONEQ,EQ,32.5,34.9,32.25,33.29,32.99,1975613,668.59,2026-09-24
VASUPRADA,EQ,99.0,99.0,95.3,95.3,95.05,212,0.21,2026-09-24
VASWANI,EQ,45.5,45.92,44.57,45.08,45.68,26319,11.96,2026-09-24
VBL,EQ,432.15,436.85,428.3,431.25,436.15,5016972,21709.13,2026-09-24
VEDAVAAG,EQ,22.27,22.3,21.13,21.31,22.16,20903,4.53,2026-09-24
VEDL,EQ,267.9,269.4,264.2,267.5,271.0,5685750,15150.62,2026-09-24
VEDPOWER,EQ,32.85,32.85,31.9,32.1,32.98,9200935,2966.55,2026-09-24
VEEDOL,EQ,1358.0,1374.8,1354.5,1364.3,1365.8,5343,72.9,2026-09-24
VENKEYS,EQ,1697.9,1703.6,1645.0,1664.1,1692.2,34737,580.07,2026-09-24
VENTIVE,EQ,586.9,586.9,565.55,572.75,578.35,10555,60.44,2026-09-24
VENUSPIPES,EQ,2230.0,2258.2,2190.0,2206.3,2235.5,95848,2136.74,2026-09-24
VENUSREM,EQ,1628.9,1674.8,1582.2,1624.8,1643.7,31456,513.78,2026-09-24
VERANDA,EQ,230.5,237.5,226.16,232.46,231.5,466617,1079.53,2026-09-24
VERTOZ,EQ,35.6,38.24,35.6,36.73,36.84,41283,15.23,2026-09-24
VESUVIUS,EQ,395.0,396.0,391.0,391.85,396.1,45504,178.79,2026-09-24
VETO,EQ,147.0,147.02,142.51,143.04,145.57,81284,116.82,2026-09-24
VGCL,EQ,48.89,48.89,45.12,47.2,47.18,3116,1.43,2026-09-24
VGL,EQ,69.0,70.06,66.22,66.52,70.63,117211,79.95,2026-09-24
VGUARD,EQ,315.5,315.6,307.6,308.6,316.4,198837,618.27,2026-09-24
VHL,EQ,3341.0,3409.4,3341.0,3368.1,3383.8,416,14.06,2026-09-24
VIDHIING,EQ,355.15,362.45,345.1,352.45,359.85,37289,131.48,2026-09-24
VIDYAWIRES,EQ,86.57,87.33,84.4,86.23,88.71,1387256,1188.07,2026-09-24
VIJAYA,EQ,1571.4,1571.4,1520.5,1526.5,1570.7,101780,1571.21,2026-09-24
VIJSOLX,EQ,634.0,636.05,634.0,636.05,632.3,7,0.04,2026-09-24
VIKASECO,EQ,1.04,1.05,1.03,1.03,1.04,1701614,17.67,2026-09-24
VIKASLIFE,EQ,1.28,1.28,1.24,1.24,1.28,2276172,28.6,2026-09-24
VIKRAMSOLR,EQ,163.34,163.55,160.3,160.42,163.34,974428,1570.42,2026-09-24
VIKRAN,EQ,58.5,62.62,57.53,60.99,56.14,34848858,21308.09,2026-09-24
VIMTALABS,EQ,606.0,616.0,595.0,597.5,610.7,140540,848.27,2026-09-24
VINATIORGA,EQ,1220.1,1225.6,1190.0,1195.0,1222.8,68223,820.76,2026-09-24
VINCOFE,EQ,184.37,191.35,182.69,183.75,183.79,3693467,6931.52,2026-09-24
VINDHYATEL,EQ,2830.0,2874.0,2748.9,2767.5,2864.6,52006,1450.25,2026-09-24
VINEETLAB,EQ,35.75,35.75,34.1,34.93,34.82,52687,18.37,2026-09-24
VINNY,EQ,0.92,0.93,0.92,0.92,0.92,309005,2.87,2026-09-24
VINYLINDIA,EQ,221.54,224.2,218.1,220.32,221.54,7702,17.03,2026-09-24
VIPCLOTHNG,EQ,21.99,22.0,21.5,21.7,21.72,39989,8.67,2026-09-24
VIPIND,EQ,298.0,303.95,295.1,300.95,298.9,321535,964.19,2026-09-24
VIRAT,EQ,377.0,389.9,356.1,361.55,371.2,7756,28.67,2026-09-24
VIRINCHI,EQ,14.17,14.17,13.8,13.81,14.03,39412,5.48,2026-09-24
VISACHROME,EQ,36.48,36.55,33.4,36.34,34.81,47827,17.09,2026-09-24
VISAKAIND,EQ,96.08,102.4,94.01,94.79,96.08,1406348,1375.87,2026-09-24
VISHAL,EQ,18.1,18.25,17.55,18.06,18.18,27608,4.96,2026-09-24
VISHNU,EQ,723.9,725.85,701.05,703.25,723.95,59548,424.85,2026-09-24
VISHWARAJ,EQ,5.34,5.43,5.25,5.28,5.35,162085,8.65,2026-09-24
VISL,EQ,33.92,34.25,32.13,32.13,33.82,31103791,10200.43,2026-09-24
VITAL,EQ,55.67,57.33,53.6,54.37,55.66,6134,3.41,2026-09-24
VIVIANA,EQ,728.0,728.0,700.0,706.25,724.55,13420,95.79,2026-09-24
VIVIDHA,EQ,0.52,0.55,0.52,0.53,0.52,395032,2.12,2026-09-24
VIVOBIOT,EQ,16.58,16.98,15.51,16.08,16.67,16987,2.76,2026-09-24
VIYASH,EQ,252.95,252.95,244.85,246.0,253.75,1767338,4393.24,2026-09-24
VLEGOV,EQ,10.63,10.63,10.05,10.25,10.42,44465,4.59,2026-09-24
VLSFINANCE,EQ,241.15,242.16,236.35,239.58,241.15,6473,15.53,2026-09-24
VMART,EQ,782.0,784.45,760.15,773.7,786.6,142108,1095.6,2026-09-24
VMM,EQ,106.45,108.23,104.84,105.46,106.0,17613951,18749.6,2026-09-24
VMSTMT,EQ,45.6,47.09,45.6,46.13,45.92,32492,15.07,2026-09-24
VOEPL,EQ,525.0,527.95,495.0,497.65,515.1,66741,339.28,2026-09-24
VOGL,EQ,35.5,35.68,34.41,34.53,35.86,14402274,5024.18,2026-09-24
VOITHPAPR,EQ,1445.0,1454.9,1400.3,1416.7,1440.0,876,12.53,2026-09-24
VOLTAMP,EQ,10723.0,10729.0,10550.0,10587.0,10799.0,9565,1017.26,2026-09-24
VOLTAS,EQ,1119.1,1126.4,1106.9,1113.4,1130.0,530213,5922.07,2026-09-24
VPRPL,EQ,32.64,33.15,32.26,32.9,32.83,252747,82.6,2026-09-24
VRAJ,EQ,128.86,128.97,125.21,126.19,127.9,8792,11.15,2026-09-24
VRLLOG,EQ,291.3,293.45,289.5,291.65,291.75,121565,354.38,2026-09-24
VSSL,EQ,410.7,418.35,390.05,405.0,413.6,115559,474.08,2026-09-24
VSTIND,EQ,209.35,209.35,205.4,206.69,208.8,100738,208.42,2026-09-24
VSTL,EQ,113.0,114.83,111.55,112.87,113.48,5459,6.19,2026-09-24
VSTTILLERS,EQ,4400.2,4631.8,4371.3,4516.7,4425.0,17167,769.19,2026-09-24
VTL,EQ,559.1,596.6,556.65,563.6,561.45,2304091,13229.98,2026-09-24
VTMLTD,EQ,45.68,45.68,41.5,42.13,44.5,91863,38.81,2026-09-24
WAAREEENER,EQ,2502.0,2511.9,2470.0,2482.0,2512.0,389057,9683.43,2026-09-24
WAAREEINDO,EQ,242.95,242.95,242.95,242.95,255.7,32007,77.76,2026-09-24
WAAREERTL,EQ,838.0,848.0,827.25,832.3,848.0,133525,1117.2,2026-09-24
WABAG,EQ,2038.0,2073.0,2019.7,2029.2,2048.7,690358,14069.47,2026-09-24
WAKEFIT,EQ,146.78,148.0,142.4,142.83,146.78,161388,232.66,2026-09-24
WALCHANNAG,EQ,211.09,212.0,207.0,208.07,212.63,434910,910.06,2026-09-24
WANBURY,EQ,230.0,238.4,223.65,225.15,233.1,190580,436.38,2026-09-24
WARDINMOBI,EQ,5.7,5.74,5.6,5.62,5.66,248149,13.98,2026-09-24
WATERBASE,EQ,46.66,46.66,45.0,45.36,46.66,17346,7.88,2026-09-24
WCIL,EQ,99.99,99.99,95.1,95.78,97.33,165817,160.96,2026-09-24
WEALTH,EQ,833.0,850.9,827.0,839.25,840.45,1405,11.74,2026-09-24
WEBELSOLAR,EQ,74.52,76.78,72.2,74.07,73.93,2342303,1745.28,2026-09-24
WEIZMANIND,EQ,71.75,73.69,71.6,71.67,71.57,158,0.11,2026-09-24
WEL,EQ,77.25,77.5,74.01,74.18,76.93,434603,326.47,2026-09-24
WELCORP,EQ,2786.0,2800.0,2675.0,2692.2,2796.8,1002471,27514.19,2026-09-24
WELENT,EQ,773.4,775.0,744.5,749.15,774.0,226253,1718.99,2026-09-24
WELSPLSOL,EQ,52.91,55.59,52.9,53.46,53.59,524720,284.8,2026-09-24
WELSPUNLIV,EQ,221.56,228.8,217.19,222.32,223.77,4797903,10740.18,2026-09-24
WENDT,EQ,8625.0,8654.5,8478.0,8525.5,8678.5,6775,580.31,2026-09-24
WESTLIFE,EQ,585.0,593.0,564.45,569.25,598.7,132688,765.62,2026-09-24
WEWIN,EQ,46.85,50.0,46.85,49.01,46.76,15434,7.42,2026-09-24
WEWORK,EQ,665.0,665.2,648.15,651.7,668.5,73586,480.83,2026-09-24
WHBRADY,EQ,421.0,498.95,421.0,498.95,502.6,40,0.18,2026-09-24
WHEELS,EQ,2210.0,2300.0,2161.1,2180.8,2240.3,188804,4234.8,2026-09-24
WHIRLPOOL,EQ,810.0,878.0,810.0,853.45,865.25,7497954,62383.17,2026-09-24
WILLAMAGOR,EQ,24.0,24.0,22.5,23.4,22.78,2759,0.65,2026-09-24
WINDLAS,EQ,1070.2,1099.0,1065.45,1093.8,1077.45,53563,583.08,2026-09-24
WINDMACHIN,EQ,294.0,304.9,293.0,300.9,295.4,120512,361.88,2026-09-24
WIPL,EQ,160.91,173.85,160.01,166.6,160.91,1451,2.41,2026-09-24
WIPRO,EQ,164.16,165.67,163.36,163.64,164.9,7033397,11560.39,2026-09-24
WOCKPHARMA,EQ,2310.0,2334.5,2265.0,2287.7,2329.7,824745,18966.48,2026-09-24
WONDERLA,EQ,508.0,511.7,506.05,509.95,510.75,62008,315.95,2026-09-24
WORTHPERI,EQ,146.98,149.99,145.03,147.26,149.21,2003,2.94,2026-09-24
WPIL,EQ,440.0,446.0,431.55,435.8,440.0,31249,137.07,2026-09-24
WSI,EQ,58.13,58.13,56.5,56.96,58.13,9922,5.69,2026-09-24
WSTCSTPAPR,EQ,746.0,753.8,734.1,737.95,747.25,164772,1226.66,2026-09-24
XCHANGING,EQ,61.6,61.6,59.81,60.35,61.79,56011,33.93,2026-09-24
XELPMOC,EQ,74.4,74.78,72.63,74.59,74.03,3454,2.55,2026-09-24
XPROINDIA,EQ,1219.0,1263.5,1184.3,1207.0,1223.5,68439,837.08,2026-09-24
XTGLOBAL,EQ,31.0,31.0,28.93,29.26,29.93,51819,15.51,2026-09-24
XTRANET,EQ,312.99,317.97,301.77,313.71,317.65,1073441,3297.45,2026-09-24
YASHO,EQ,4100.0,4249.0,4012.7,4043.7,4144.7,41712,1726.52,2026-09-24
YATHARTH,EQ,1163.0,1172.5,1145.0,1157.0,1162.2,489737,5677.3,2026-09-24
YATRA,EQ,109.15,109.21,104.31,105.2,108.74,575540,611.57,2026-09-24
YESBANK,EQ,23.08,23.08,22.38,22.44,23.24,102237435,23044.8,2026-09-24
YOGI,EQ,162.9,164.0,158.0,164.0,161.95,596,0.96,2026-09-24
YUKEN,EQ,1146.0,1146.0,1109.7,1127.75,1138.9,7863,88.63,2026-09-24
ZAGGLE,EQ,178.9,179.3,176.62,178.22,179.86,676984,1206.1,2026-09-24
ZEEL,EQ,77.18,79.45,76.85,78.17,77.28,14869768,11662.32,2026-09-24
ZEELEARN,EQ,6.84,6.89,6.7,6.77,6.84,107560,7.3,2026-09-24
ZEEMEDIA,EQ,7.51,7.59,7.37,7.4,7.51,848644,63.2,2026-09-24
ZENITHEXPO,EQ,196.02,199.0,194.2,195.53,197.0,231,0.45,2026-09-24
ZENITHSTL,EQ,5.47,5.47,5.22,5.27,5.34,41752,2.22,2026-09-24
ZENSARTECH,EQ,430.0,430.0,418.5,422.55,430.75,1163001,4919.93,2026-09-24
ZENTEC,EQ,1664.6,1681.6,1640.7,1645.7,1672.3,168806,2799.8,2026-09-24
ZFCVINDIA,EQ,2356.9,2375.8,2325.2,2345.5,2357.2,164020,3846.96,2026-09-24
ZFSTEERING,EQ,710.0,760.0,709.85,746.1,703.65,11028,81.67,2026-09-24
ZIMLAB,EQ,132.09,143.88,131.5,137.82,133.56,90235,122.94,2026-09-24
ZODIAC,EQ,229.94,229.94,220.0,227.44,229.94,9943,22.48,2026-09-24
ZODIACLOTH,EQ,70.09,70.09,69.23,69.23,69.71,1807,1.26,2026-09-24
ZOTA,EQ,1370.3,1405.8,1325.5,1345.7,1390.6,92659,1264.52,2026-09-24
ZSARACOM,EQ,10188.0,10188.0,9906.0,9948.0,10294.0,51,5.1,2026-09-24
ZUARI,EQ,222.55,225.75,217.06,218.41,224.09,85550,189.46,2026-09-24
ZUARIIND,EQ,283.65,289.0,278.2,282.85,278.9,133311,378.93,2026-09-24
ZYDUSLIFE,EQ,1169.8,1190.6,1161.6,1180.3,1170.1,1965875,23225.58,2026-09-24
ZYDUSWELL,EQ,529.0,529.45,518.6,520.15,531.0,66218,346.31,2026-09-24
