SYMBOL,SERIES,OPEN_PRICE,HIGH_PRICE,LOW_PRICE,CLOSE_PRICE,PREV_CLOSE,TTL_TRD_QNTY,TURNOVER_LACS,DATE
20MICRONS,EQ,204.61,208.8,204.13,207.87,204.61,42040,86.98,2026-10-06
21STCENMGM,EQ,37.98,38.36,37.24,38.36,37.61,4200,1.61,2026-10-06
360ONE,EQ,1057.8,1074.5,1050.0,1069.5,1050.0,734690,7844.94,2026-10-06
3BBLACKBIO,EQ,1644.9,1656.4,1563.5,1575.1,1624.7,13616,216.34,2026-10-06
3MINDIA,EQ,30800.0,30950.0,30435.0,30840.0,30400.0,1680,515.48,2026-10-06
3PLAND,EQ,30.78,31.0,30.11,30.75,30.48,365,0.11,2026-10-06
5PAISA,EQ,358.1,358.1,346.65,349.7,360.9,136027,477.27,2026-10-06
63MOONS,EQ,787.0,796.0,786.05,792.95,789.75,87123,689.05,2026-10-06
A2ZINFRA,EQ,13.87,14.19,13.45,14.0,13.76,316196,43.59,2026-10-06
AAATECH,EQ,95.0,107.9,94.96,103.53,95.44,424175,437.84,2026-10-06
AADHARHFC,EQ,454.85,459.0,451.6,453.8,453.7,259527,1181.26,2026-10-06
AAKASH,EQ,8.4,8.6,6.86,8.21,8.44,248778,19.86,2026-10-06
AAREYDRUGS,EQ,104.0,108.98,101.01,107.85,104.07,184313,196.45,2026-10-06
AARON,EQ,123.63,125.49,122.0,122.31,122.25,5775,7.1,2026-10-06
AARTIDRUGS,EQ,421.15,430.25,414.1,428.8,415.0,132855,563.53,2026-10-06
AARTIIND,EQ,475.0,490.0,471.0,481.15,470.85,755429,3648.52,2026-10-06
AARTIPHARM,EQ,954.0,987.0,954.0,975.0,946.6,537274,5225.08,2026-10-06
AARVI,EQ,135.18,139.58,135.1,138.82,135.18,1895,2.61,2026-10-06
AASTHA,EQ,29.81,30.74,29.29,29.54,30.83,961865,286.9,2026-10-06
AAVAS,EQ,1209.0,1232.0,1174.0,1215.1,1219.5,34464,416.95,2026-10-06
ABANSENT,EQ,27.87,28.3,26.65,27.51,27.11,10512,2.9,2026-10-06
ABB,EQ,6899.0,7140.5,6873.0,7122.5,6895.0,241531,17107.0,2026-10-06
ABBOTINDIA,EQ,26240.0,26550.0,25955.0,26115.0,26240.0,12533,3273.4,2026-10-06
ABCAPITAL,EQ,377.8,378.9,372.3,378.9,377.4,4873650,18341.25,2026-10-06
ABCOTS,EQ,197.5,197.5,192.25,193.34,195.98,2483,4.8,2026-10-06
ABDL,EQ,700.25,727.85,691.55,714.65,696.75,701809,5032.18,2026-10-06
ABFRL,EQ,44.47,47.39,44.47,45.68,44.34,10464192,4853.41,2026-10-06
ABGSEC,EQ,113.38,113.38,112.92,112.93,113.53,23,0.03,2026-10-06
ABLBL,EQ,73.25,75.9,72.66,73.16,73.37,3207943,2382.18,2026-10-06
ABMKNO,EQ,165.85,169.0,161.2,165.87,165.85,1818,3.02,2026-10-06
ABREL,EQ,1089.8,1104.0,1074.7,1078.0,1082.6,178357,1936.78,2026-10-06
ABSL10BANK,EQ,162.7,163.34,162.7,163.1,162.01,305,0.5,2026-10-06
ABSLAMC,EQ,1026.0,1034.0,1005.7,1009.65,1028.55,213335,2170.68,2026-10-06
ABSLBANETF,EQ,56.59,56.6,56.26,56.46,56.03,20864,11.78,2026-10-06
ABSLLIQUID,EQ,999.99,1000.01,999.99,999.99,999.99,5079,50.79,2026-10-06
ABSLMSCIN,EQ,27.92,28.01,27.82,27.82,27.72,616,0.17,2026-10-06
ABSLNN50ET,EQ,72.3,77.0,72.2,75.28,72.69,9901,7.36,2026-10-06
ABSLPSE,EQ,9.7,9.78,9.66,9.75,9.7,34740,3.38,2026-10-06
ACC,EQ,1186.1,1191.8,1174.0,1177.0,1184.4,62747,743.12,2026-10-06
ACCELYA,EQ,1115.0,1125.0,1090.0,1097.5,1105.3,64134,708.77,2026-10-06
ACCURACY,EQ,4.19,4.2,4.05,4.1,4.15,24807,1.03,2026-10-06
ACE,EQ,1235.0,1260.0,1230.0,1252.2,1227.5,197550,2456.04,2026-10-06
ACEINTEG,EQ,17.4,17.4,16.5,17.03,16.53,405,0.07,2026-10-06
ACEVECTOR,EQ,26.75,27.74,25.5,25.93,26.08,16627205,4414.38,2026-10-06
ACGL,EQ,1683.0,1770.0,1678.0,1723.7,1683.0,1034,17.77,2026-10-06
ACI,EQ,465.45,476.8,462.7,474.5,463.2,87877,414.73,2026-10-06
ACL,EQ,40.2,40.2,39.45,39.67,39.8,6310,2.5,2026-10-06
ACMESOLAR,EQ,429.9,453.65,428.6,448.2,427.65,887494,3909.41,2026-10-06
ACUTAAS,EQ,3140.0,3216.0,3120.0,3156.7,3122.2,321664,10146.24,2026-10-06
ADANIENSOL,EQ,1354.0,1369.1,1340.8,1350.1,1353.4,1566344,21204.37,2026-10-06
ADANIENT,EQ,2869.0,2888.0,2834.6,2849.9,2864.0,1240051,35463.55,2026-10-06
ADANIGREEN,EQ,1286.1,1329.4,1280.5,1313.0,1284.0,2570708,33752.77,2026-10-06
ADANIPORTS,EQ,1773.1,1789.1,1761.1,1783.4,1774.0,1684154,29953.9,2026-10-06
ADANIPOWER,EQ,201.8,205.43,201.32,202.4,201.0,23468966,47693.65,2026-10-06
ADDIND,EQ,79.49,82.0,78.9,78.9,79.49,422,0.33,2026-10-06
ADFFOODS,EQ,284.7,299.75,281.6,293.1,282.15,487913,1431.53,2026-10-06
ADL,EQ,75.5,76.4,72.0,76.2,75.9,18,0.01,2026-10-06
ADOR,EQ,1511.0,1552.7,1508.1,1535.0,1512.0,14756,227.16,2026-10-06
ADSL,EQ,105.51,107.09,102.92,103.82,105.51,219245,229.15,2026-10-06
ADVAIT,EQ,1845.0,1960.0,1836.1,1946.9,1832.1,63179,1204.64,2026-10-06
ADVANCE,EQ,115.85,118.59,115.75,117.76,115.85,66008,77.43,2026-10-06
ADVANIHOTR,EQ,47.9,48.5,47.01,47.51,47.26,31548,15.0,2026-10-06
ADVENTHTL,EQ,123.6,124.82,121.15,122.21,123.12,106585,131.34,2026-10-06
ADVENZYMES,EQ,273.4,278.35,270.8,273.1,272.4,171582,471.3,2026-10-06
ADVIKCA,EQ,1.0,1.02,0.98,0.99,0.99,362238,3.62,2026-10-06
AEGISLOG,EQ,1365.3,1400.0,1348.3,1395.9,1359.5,861628,11875.11,2026-10-06
AEGISVOPAK,EQ,298.1,299.1,291.5,293.35,297.55,538943,1583.11,2026-10-06
AEPL,EQ,15.02,15.9,15.02,15.2,15.01,27213,4.15,2026-10-06
AEQUS,EQ,288.0,294.7,283.85,286.1,284.5,4437254,12830.5,2026-10-06
AEROENTER,EQ,128.59,134.7,125.51,132.56,126.69,796865,1047.14,2026-10-06
AEROFLEX,EQ,549.7,563.5,536.4,560.75,544.35,1324804,7309.61,2026-10-06
AERONEU,EQ,69.5,71.0,69.5,69.97,69.7,63434,44.45,2026-10-06
AEROPLANE,EQ,211.24,212.49,206.7,209.24,211.24,815516,1705.46,2026-10-06
AETHER,EQ,1649.0,1814.1,1640.9,1799.8,1661.0,1456255,25875.42,2026-10-06
AFCONS,EQ,241.9,243.95,240.75,242.15,241.5,167607,406.13,2026-10-06
AFFLE,EQ,1450.0,1456.0,1433.3,1450.2,1443.8,96528,1396.45,2026-10-06
AFFORDABLE,EQ,163.65,166.18,161.42,163.67,163.65,18157,29.69,2026-10-06
AFIL,EQ,7.77,7.95,7.5,7.9,7.77,395042,30.71,2026-10-06
AFSL,EQ,201.0,201.9,201.0,201.0,201.0,2674,5.38,2026-10-06
AGARIND,EQ,388.0,398.9,381.65,396.5,382.95,14766,58.02,2026-10-06
AGARWALEYE,EQ,485.0,488.8,474.2,486.85,484.25,202172,976.21,2026-10-06
AGI,EQ,781.7,796.5,779.9,786.4,781.7,52157,410.54,2026-10-06
AGIIL,EQ,261.0,263.4,257.85,259.1,261.25,150360,391.25,2026-10-06
AGL,EQ,12.4,12.88,12.37,12.77,12.5,1266118,159.76,2026-10-06
AGRITECH,EQ,88.48,90.85,85.55,87.68,88.47,6452,5.72,2026-10-06
AGROPHOS,EQ,22.75,23.2,21.3,21.92,22.31,36332,8.03,2026-10-06
AHCL,EQ,29.66,31.22,29.66,29.66,31.22,11979158,3577.17,2026-10-06
AHLADA,EQ,37.06,40.0,37.06,38.33,37.91,9703,3.66,2026-10-06
AHLEAST,EQ,139.9,139.9,134.31,135.74,135.31,777,1.06,2026-10-06
AHLUCONT,EQ,563.65,578.0,563.25,576.05,569.8,23249,133.05,2026-10-06
AIAENG,EQ,3863.1,3960.0,3781.0,3914.7,3863.2,43786,1704.88,2026-10-06
AIIL,EQ,548.4,552.6,548.2,550.15,551.6,55682,306.33,2026-10-06
AIRAN,EQ,15.43,16.0,15.07,15.4,15.43,83556,12.97,2026-10-06
AIROLAM,EQ,93.85,93.85,87.69,88.29,89.54,132,0.12,2026-10-06
AJANTPHARM,EQ,3492.1,3585.0,3486.0,3573.4,3486.0,109380,3884.66,2026-10-06
AJAXENGG,EQ,604.9,604.9,584.1,585.85,594.25,51992,306.55,2026-10-06
AJMERA,EQ,116.12,117.99,114.3,116.24,116.7,372159,431.91,2026-10-06
AJOONI,EQ,3.03,3.16,3.02,3.08,3.02,233526,7.25,2026-10-06
AKASH,EQ,25.19,25.19,24.55,24.81,24.64,6070,1.51,2026-10-06
AKCAPIT,EQ,1735.2,1735.2,1675.0,1709.1,1746.7,1082,18.66,2026-10-06
AKG,EQ,9.6,9.6,9.31,9.38,9.35,3242,0.3,2026-10-06
AKSHAR,EQ,0.43,0.43,0.41,0.41,0.42,516716,2.17,2026-10-06
AKUMS,EQ,802.0,818.0,796.3,814.65,801.35,128317,1041.21,2026-10-06
ALANKIT,EQ,7.66,7.84,7.42,7.58,7.61,117495,8.89,2026-10-06
ALBERTDAVD,EQ,835.65,847.95,823.3,839.1,836.45,2820,23.52,2026-10-06
ALEMBICLTD,EQ,105.25,106.9,104.01,104.99,104.44,346507,365.27,2026-10-06
ALFREDHE,EQ,2761.7,2819.9,2749.9,2750.0,2748.0,34,0.94,2026-10-06
ALGOQUANT,EQ,68.25,71.71,68.01,70.56,68.25,1409783,983.48,2026-10-06
ALICON,EQ,850.0,876.5,837.05,866.9,848.95,59587,510.21,2026-10-06
ALIVUS,EQ,1365.4,1394.7,1354.2,1384.0,1373.7,166792,2294.96,2026-10-06
ALKEM,EQ,5223.5,5292.0,5165.0,5292.0,5192.5,63668,3340.59,2026-10-06
ALKYLAMINE,EQ,1730.4,2057.3,1730.4,1962.2,1730.4,3134700,62287.76,2026-10-06
ALLCARGO,EQ,10.32,10.57,10.04,10.5,10.03,4523931,466.71,2026-10-06
ALLDIGI,EQ,754.7,774.0,742.45,768.1,750.9,7202,54.61,2026-10-06
ALLTIME,EQ,185.8,189.8,180.01,184.36,183.8,162308,298.15,2026-10-06
ALOKINDS,EQ,7.22,7.83,7.09,7.83,7.12,36666461,2801.29,2026-10-06
ALPA,EQ,60.2,60.2,58.52,58.73,59.0,5812,3.42,2026-10-06
ALPHA,EQ,51.49,52.78,51.49,52.7,51.4,1499557,784.58,2026-10-06
ALPHAETF,EQ,25.22,25.62,25.22,25.61,25.14,624672,159.74,2026-10-06
ALPINETEX,EQ,47.8,47.8,46.04,46.44,45.82,113484,52.86,2026-10-06
ALPL30IETF,EQ,25.86,26.17,25.82,25.98,25.86,194319,50.42,2026-10-06
ALUFLUOR,EQ,611.5,627.6,611.5,619.45,616.8,11486,71.45,2026-10-06
AMAGI,EQ,575.25,575.25,559.8,564.15,569.7,214734,1212.04,2026-10-06
AMAL,EQ,703.2,768.8,699.8,753.7,699.5,23479,173.53,2026-10-06
AMARJOTHI,EQ,147.5,150.5,145.5,149.05,146.5,1085,1.62,2026-10-06
AMBER,EQ,6551.5,6881.0,6511.0,6869.0,6585.0,155584,10495.46,2026-10-06
AMBICAAGAR,EQ,23.76,24.8,23.76,24.42,23.83,1832,0.44,2026-10-06
AMBIKCO,EQ,1522.6,1555.0,1522.6,1532.7,1534.0,2521,38.7,2026-10-06
AMBUJACEM,EQ,367.5,370.1,359.8,361.55,366.5,2356458,8608.06,2026-10-06
AMJLAND,EQ,38.02,38.02,37.0,37.66,37.14,2127,0.8,2026-10-06
AMNPLST,EQ,161.0,192.34,161.0,186.92,160.29,431098,818.82,2026-10-06
AMRUTANJAN,EQ,527.0,527.0,516.0,523.7,518.1,27720,144.6,2026-10-06
ANANDRATHI,EQ,2134.1,2169.9,2129.9,2142.0,2132.0,275350,5903.81,2026-10-06
ANANTRAJ,EQ,590.0,611.45,587.8,608.9,587.4,1142191,6852.46,2026-10-06
ANDHRAPAP,EQ,70.66,71.06,68.54,70.48,69.94,234556,164.56,2026-10-06
ANDHRSUGAR,EQ,93.0,94.8,92.7,94.42,91.95,360904,338.68,2026-10-06
ANDREWYU,EQ,25.02,25.74,24.12,24.95,25.34,104068,25.84,2026-10-06
ANGELONE,EQ,288.9,295.9,288.6,295.0,285.2,8198494,24012.69,2026-10-06
ANIKINDS,EQ,43.02,48.25,43.02,45.4,44.56,66538,31.04,2026-10-06
ANNAPURNA,EQ,132.8,132.8,129.0,130.35,130.44,34618,45.14,2026-10-06
ANNU,EQ,45.21,45.5,43.22,44.33,45.12,661281,293.32,2026-10-06
ANSALBU,EQ,85.57,88.0,83.0,85.57,85.6,779,0.66,2026-10-06
ANTELOPUS,EQ,1125.0,1125.0,1090.0,1100.6,1103.4,173534,1919.4,2026-10-06
ANTGRAPHIC,EQ,0.71,0.71,0.68,0.69,0.69,98256,0.68,2026-10-06
ANTHEM,EQ,853.0,898.65,843.0,890.35,851.9,681982,5982.26,2026-10-06
ANUHPHR,EQ,85.07,88.5,84.41,87.57,84.15,105757,91.79,2026-10-06
ANUP,EQ,1538.8,1585.0,1536.1,1575.9,1539.0,18047,281.49,2026-10-06
ANURAS,EQ,1170.0,1178.0,1158.1,1170.2,1164.4,440690,5164.79,2026-10-06
AONEGOLD,EQ,13.74,13.74,13.51,13.69,13.74,210243,28.76,2026-10-06
AONELIQUID,EQ,1079.85,1079.87,1079.85,1079.86,1079.71,9477,102.34,2026-10-06
AONENIFTY,EQ,9.2,9.5,9.2,9.39,9.31,93166,8.73,2026-10-06
AONESILVER,EQ,8.48,8.52,8.35,8.4,8.48,284744,23.89,2026-10-06
AONESTEELS,EQ,385.65,389.4,366.45,384.8,389.4,659243,2489.25,2026-10-06
AONETMMQ50,EQ,10.09,10.09,9.8,10.01,9.89,148640,14.8,2026-10-06
AONETOTAL,EQ,11.43,11.46,10.99,11.37,11.21,106286,12.05,2026-10-06
APARINDS,EQ,18297.0,18440.0,17875.0,18016.0,18102.0,94494,17180.1,2026-10-06
APCL,EQ,96.67,96.67,93.0,93.58,94.0,2525,2.38,2026-10-06
APCOTEXIND,EQ,587.25,613.9,585.0,610.7,587.25,79604,481.77,2026-10-06
APEX,EQ,325.5,342.6,320.0,339.8,328.4,107151,358.84,2026-10-06
APLAPOLLO,EQ,2102.0,2152.0,2099.6,2152.0,2099.8,320327,6851.89,2026-10-06
APLLTD,EQ,831.25,840.3,825.0,834.2,831.25,143011,1190.06,2026-10-06
APOLLO,EQ,402.7,408.75,402.4,408.05,401.7,3344430,13594.8,2026-10-06
APOLLOHOSP,EQ,7970.0,8017.0,7806.0,7914.5,7985.0,1072883,84557.95,2026-10-06
APOLLOPIPE,EQ,531.0,549.8,528.0,529.8,530.75,132829,713.8,2026-10-06
APOLLOTYRE,EQ,402.75,405.25,399.35,401.55,401.6,333239,1337.61,2026-10-06
APOLSINHOT,EQ,1180.0,1183.9,1165.0,1174.7,1174.9,857,10.06,2026-10-06
APTECHT,EQ,86.1,89.89,86.1,88.19,86.88,76755,67.61,2026-10-06
APTUS,EQ,223.65,226.21,222.32,223.9,223.65,512918,1150.1,2026-10-06
AQYLON,EQ,16.19,16.3,15.26,15.46,15.58,335127,52.51,2026-10-06
ARCHIDPLY,EQ,101.18,104.0,100.75,101.67,101.8,12612,12.82,2026-10-06
ARCHIES,EQ,12.74,12.74,12.1,12.24,12.35,14768,1.8,2026-10-06
ARCIL,EQ,143.0,147.8,143.0,145.74,142.24,1271807,1852.9,2026-10-06
ARCL,EQ,224.52,235.06,223.25,226.99,235.0,2963,6.68,2026-10-06
ARDEE,EQ,48.5,50.5,48.5,50.22,48.51,1861166,927.57,2026-10-06
ARE&M,EQ,742.05,745.6,740.35,742.9,741.6,309353,2297.75,2026-10-06
ARENTERP,EQ,33.79,34.89,32.7,33.89,33.79,177,0.06,2026-10-06
ARFIN,EQ,87.51,98.24,87.14,96.36,87.51,9170776,8753.85,2026-10-06
ARIHANT,EQ,891.0,940.0,891.0,914.9,891.35,873,7.95,2026-10-06
ARIHANTCAP,EQ,91.55,97.8,91.25,94.13,91.01,1232598,1179.65,2026-10-06
ARIHANTSUP,EQ,219.8,224.9,216.0,220.26,218.78,1578,3.45,2026-10-06
ARIS,EQ,140.24,145.5,138.37,143.66,140.24,2533868,3630.53,2026-10-06
ARKADE,EQ,120.04,122.0,120.0,121.24,120.03,97831,118.19,2026-10-06
ARMANFIN,EQ,1763.9,1763.9,1730.0,1743.7,1754.9,17759,309.48,2026-10-06
ARMEE,EQ,253.95,278.8,253.9,271.05,254.25,2199972,5983.26,2026-10-06
AROGRANITE,EQ,22.5,23.1,22.11,22.97,22.19,4041,0.92,2026-10-06
ARROWGREEN,EQ,878.5,915.95,858.7,891.75,858.55,60698,545.53,2026-10-06
ARSSBL,EQ,539.0,557.4,535.0,551.55,535.0,468308,2571.5,2026-10-06
ARTEMISMED,EQ,324.25,324.95,314.25,318.35,324.1,428681,1363.08,2026-10-06
ARTNIRMAN,EQ,36.01,41.29,36.01,40.13,38.49,62,0.03,2026-10-06
ARVEE,EQ,209.39,224.9,205.84,216.89,209.39,8861,19.26,2026-10-06
ARVIND,EQ,536.0,538.4,529.7,534.65,530.4,351037,1873.14,2026-10-06
ARVINDFASN,EQ,384.25,409.95,384.25,406.4,384.25,293478,1179.39,2026-10-06
ARVSMART,EQ,579.9,606.0,576.65,603.8,580.25,61916,368.81,2026-10-06
ARYAMAN,EQ,620.9,620.9,620.9,620.9,624.0,10,0.06,2026-10-06
ASAHIINDIA,EQ,950.0,960.0,941.05,956.95,945.75,36644,348.39,2026-10-06
ASAL,EQ,424.1,434.9,423.05,426.2,423.1,5651,24.15,2026-10-06
ASALCBR,EQ,591.0,604.85,589.85,598.7,595.65,54706,325.91,2026-10-06
ASHAPURMIN,EQ,492.2,504.85,491.05,502.9,490.85,229174,1145.9,2026-10-06
ASHIANA,EQ,381.6,385.85,376.95,382.95,383.6,29815,113.73,2026-10-06
ASHIMASYN,EQ,14.8,15.39,14.55,14.88,15.0,108612,16.07,2026-10-06
ASHOKA,EQ,106.0,107.2,105.7,106.42,105.9,395400,420.26,2026-10-06
ASHOKAMET,EQ,14.71,14.99,14.4,14.71,14.71,21653,3.16,2026-10-06
ASHOKLEY,EQ,153.0,153.87,152.13,153.7,152.6,9995070,15310.15,2026-10-06
ASIANENE,EQ,457.65,470.0,457.45,463.75,458.65,129110,597.79,2026-10-06
ASIANHOTNR,EQ,336.55,340.25,325.05,328.65,334.1,6380,21.15,2026-10-06
ASIANPAINT,EQ,2369.1,2424.2,2349.0,2424.2,2366.0,439473,10508.28,2026-10-06
ASIANTILES,EQ,46.88,48.36,46.88,48.1,46.65,1144403,545.25,2026-10-06
ASIANTNE,EQ,9.08,9.08,8.8,9.06,9.0,3657,0.33,2026-10-06
ASKAUTOLTD,EQ,614.5,614.5,603.1,609.75,608.2,128865,784.53,2026-10-06
ASMS,EQ,5.96,6.0,5.77,5.98,5.84,165301,9.79,2026-10-06
ASPINWALL,EQ,228.1,243.5,228.1,238.35,238.35,2844,6.82,2026-10-06
ASTAR,EQ,643.05,657.75,615.0,639.8,644.05,774,4.93,2026-10-06
ASTEC,EQ,715.0,726.0,685.0,704.7,712.7,73594,515.03,2026-10-06
ASTERDM,EQ,691.6,691.8,674.1,684.7,691.5,1226250,8388.02,2026-10-06
ASTRAL,EQ,1355.1,1405.0,1348.6,1402.3,1362.1,359782,4972.58,2026-10-06
ASTRAMICRO,EQ,1651.7,1726.0,1650.3,1705.9,1651.7,571464,9717.92,2026-10-06
ASTRAZEN,EQ,5944.0,5996.5,5883.5,5980.5,5909.0,5728,339.75,2026-10-06
ATALREAL,EQ,12.7,12.93,12.17,12.36,12.81,1940986,240.28,2026-10-06
ATAM,EQ,54.05,55.39,54.0,54.2,54.04,4007,2.19,2026-10-06
ATGL,EQ,586.05,592.9,583.6,588.45,583.25,365730,2152.13,2026-10-06
ATHERENERG,EQ,1408.7,1550.8,1385.7,1446.0,1409.9,4192732,59295.61,2026-10-06
ATL,EQ,24.47,24.85,24.06,24.71,24.49,70373,17.28,2026-10-06
ATLANTAA,EQ,34.97,36.39,34.12,35.34,34.97,18256,6.45,2026-10-06
ATLANTAELE,EQ,1900.5,1968.3,1856.6,1869.3,1882.9,339216,6482.63,2026-10-06
ATLASCYCLE,EQ,89.55,95.0,89.55,92.93,91.3,7339,6.82,2026-10-06
ATUL,EQ,5918.0,6015.0,5835.0,6000.0,5856.0,37620,2249.74,2026-10-06
ATULAUTO,EQ,424.5,429.35,424.5,427.5,424.5,42113,179.91,2026-10-06
AUBANK,EQ,1034.7,1037.7,1015.9,1028.0,1029.2,1179591,12132.38,2026-10-06
AUGMONT,EQ,1204.0,1234.8,1162.2,1162.2,1223.3,568075,6758.3,2026-10-06
AURIONPRO,EQ,610.0,625.0,602.0,616.05,598.5,172779,1060.42,2026-10-06
AUROPHARMA,EQ,1676.0,1694.7,1670.9,1692.8,1674.9,1009636,17025.04,2026-10-06
AURUM,EQ,226.12,234.0,223.08,231.14,223.61,135512,311.26,2026-10-06
AURUS,EQ,4.29,4.41,4.11,4.29,4.23,12082,0.51,2026-10-06
AUSOMENT,EQ,140.89,140.89,135.41,137.48,137.81,1865,2.59,2026-10-06
AUSTENG,EQ,161.4,168.79,158.0,166.43,161.95,8508,14.12,2026-10-06
AUTOAXLES,EQ,1625.0,1648.2,1624.9,1638.1,1624.9,2484,40.65,2026-10-06
AUTOBEES,EQ,265.45,266.0,262.3,264.61,262.82,161327,425.92,2026-10-06
AUTOIETF,EQ,26.39,26.57,26.28,26.47,26.33,383237,101.31,2026-10-06
AUTOIND,EQ,83.9,86.11,82.21,85.82,83.17,125477,106.17,2026-10-06
AVADHSUGAR,EQ,870.45,898.8,856.0,873.3,840.35,523457,4569.84,2026-10-06
AVALON,EQ,2295.0,2416.6,2286.9,2400.4,2256.3,565942,13348.8,2026-10-06
AVANCE,EQ,0.81,0.81,0.77,0.77,0.79,7221289,56.74,2026-10-06
AVANTEL,EQ,148.11,152.0,148.1,151.08,147.59,691347,1041.97,2026-10-06
AVANTIFEED,EQ,714.65,720.75,709.0,714.1,711.1,139663,996.66,2026-10-06
AVG,EQ,168.15,174.0,165.0,172.06,168.15,75078,128.28,2026-10-06
AVL,EQ,604.25,606.9,589.25,595.1,601.05,85771,509.44,2026-10-06
AVONMORE,EQ,13.06,13.06,12.44,12.55,12.49,66577,8.41,2026-10-06
AVROIND,EQ,6.65,7.29,6.65,6.85,6.97,150875,10.3,2026-10-06
AVTNPL,EQ,89.82,91.9,89.28,90.18,88.84,127373,115.55,2026-10-06
AWFIS,EQ,235.59,249.0,235.0,243.54,235.59,547536,1328.95,2026-10-06
AWHCL,EQ,355.5,364.05,351.4,355.2,350.4,69504,246.84,2026-10-06
AWL,EQ,179.45,187.88,178.65,185.93,176.15,4711354,8683.81,2026-10-06
AXISBANK,EQ,1234.0,1251.9,1232.0,1248.0,1222.2,7518330,93555.71,2026-10-06
AXISCADES,EQ,2280.0,2300.0,2252.3,2288.5,2282.3,141367,3217.55,2026-10-06
AXITA,EQ,7.59,7.63,7.17,7.51,7.59,223090,16.82,2026-10-06
AXTEL,EQ,430.0,450.95,430.0,447.95,430.4,4750,21.14,2026-10-06
AYE,EQ,162.57,166.78,162.57,165.56,162.75,320576,528.56,2026-10-06
AYMSYNTEX,EQ,286.0,292.8,281.3,289.25,283.15,32944,94.23,2026-10-06
AZAD,EQ,2940.0,3091.7,2905.5,3062.6,2927.2,1329869,40450.77,2026-10-06
AZADIND,EQ,83.8,83.8,80.02,80.94,83.05,41576,34.15,2026-10-06
BAGFILMS,EQ,4.14,4.17,4.05,4.11,4.1,63985,2.64,2026-10-06
BAIDFIN,EQ,10.6,10.79,9.83,10.32,10.33,39796,4.06,2026-10-06
BAJAJ-AUTO,EQ,10050.0,10062.0,9955.0,10017.0,10024.0,159069,15917.9,2026-10-06
BAJAJCON,EQ,484.0,496.5,483.05,493.5,480.35,284916,1400.2,2026-10-06
BAJAJELEC,EQ,299.45,305.25,298.75,300.25,299.25,104900,316.1,2026-10-06
BAJAJFINSV,EQ,1751.0,1754.0,1737.8,1752.4,1751.4,552353,9640.33,2026-10-06
BAJAJHCARE,EQ,323.0,324.0,317.5,323.1,319.1,79462,255.04,2026-10-06
BAJAJHFL,EQ,82.79,83.09,82.12,82.36,82.79,1967051,1623.94,2026-10-06
BAJAJHIND,EQ,20.5,21.49,20.42,21.33,19.96,31059329,6496.89,2026-10-06
BAJAJHLDNG,EQ,10732.0,10798.0,10555.0,10600.0,10732.0,39830,4239.38,2026-10-06
BAJAJINDEF,EQ,204.08,209.69,202.03,207.21,202.19,9974,20.57,2026-10-06
BAJAJST,EQ,322.3,327.95,322.0,324.4,328.75,9801,31.71,2026-10-06
BAJEL,EQ,165.0,165.96,163.1,164.08,164.05,132024,217.21,2026-10-06
BAJFINANCE,EQ,970.0,973.25,957.0,963.1,970.0,4380406,42214.78,2026-10-06
BALAJEE,EQ,25.42,25.42,23.2,24.24,24.8,62884,15.29,2026-10-06
BALAJITELE,EQ,91.45,91.69,89.11,90.56,90.61,80196,72.58,2026-10-06
BALAMINES,EQ,1961.0,2349.3,1961.0,2287.7,1957.8,2585710,58439.66,2026-10-06
BALAXI,EQ,23.0,23.0,22.32,22.67,22.77,8384,1.9,2026-10-06
BALKRISHNA,EQ,16.95,16.95,15.76,16.21,16.0,2770,0.45,2026-10-06
BALKRISIND,EQ,2069.9,2103.9,2050.6,2082.7,2066.5,122686,2553.83,2026-10-06
BALMLAWRIE,EQ,159.5,160.16,149.85,158.78,158.59,210133,328.99,2026-10-06
BALRAMCHIN,EQ,685.0,714.5,682.35,691.3,671.5,2257521,15615.25,2026-10-06
BALUFORGE,EQ,507.8,529.0,503.05,526.95,502.8,777797,4041.77,2026-10-06
BANARBEADS,EQ,118.98,119.65,116.11,116.11,115.04,1285,1.51,2026-10-06
BANARISUG,EQ,3300.0,3439.9,3300.0,3349.3,3296.8,1405,47.37,2026-10-06
BANCOINDIA,EQ,590.0,604.6,590.0,602.65,589.8,54328,325.45,2026-10-06
BANDHANBNK,EQ,169.11,170.85,162.46,164.15,168.27,12148002,20132.3,2026-10-06
BANG,EQ,33.28,34.4,32.5,33.49,33.28,57018,19.1,2026-10-06
BANK10ADD,EQ,16.28,16.41,16.24,16.32,16.16,2075431,339.13,2026-10-06
BANK10BETF,EQ,20.09,21.39,19.89,20.32,19.62,5941334,1207.63,2026-10-06
BANKA,EQ,69.84,70.4,66.95,69.5,69.84,962,0.66,2026-10-06
BANKADD,EQ,56.12,56.55,56.12,56.35,55.93,34038,19.14,2026-10-06
BANKBARODA,EQ,233.02,234.8,231.8,232.73,232.8,5312668,12395.81,2026-10-06
BANKBEES,EQ,571.37,571.6,565.61,569.45,565.61,548540,3124.76,2026-10-06
BANKBETA,EQ,56.81,57.06,56.62,56.88,56.52,1595947,909.1,2026-10-06
BANKBETF,EQ,55.8,56.23,55.65,55.96,55.75,7700,4.31,2026-10-06
BANKETF,EQ,559.69,562.67,559.35,561.2,557.48,73896,414.54,2026-10-06
BANKIETF,EQ,56.7,56.7,56.07,56.48,56.07,664234,375.62,2026-10-06
BANKINDIA,EQ,133.4,133.72,131.62,132.16,133.5,3280724,4345.09,2026-10-06
BANKNIFTY1,EQ,56.98,57.29,56.94,57.05,56.8,268750,153.51,2026-10-06
BANKPSU,EQ,80.94,81.17,80.46,80.6,80.72,7918,6.41,2026-10-06
BANSALWIRE,EQ,323.05,335.2,323.05,325.7,323.05,100324,328.71,2026-10-06
BANSWRAS,EQ,105.93,105.93,104.41,105.09,102.93,14812,15.57,2026-10-06
BASF,EQ,3448.4,3507.8,3406.1,3472.1,3406.0,20716,720.09,2026-10-06
BASML,EQ,22.51,23.3,22.51,22.88,22.54,34084,7.8,2026-10-06
BATAINDIA,EQ,612.55,623.95,611.2,619.85,611.05,71929,444.0,2026-10-06
BATLIBOI,EQ,89.8,99.32,89.75,96.16,89.78,258938,247.03,2026-10-06
BAYERCROP,EQ,3508.9,3554.2,3508.0,3533.4,3508.9,17934,632.84,2026-10-06
BBETF0432,EQ,1336.7,1339.74,1334.03,1336.14,1336.7,698,9.33,2026-10-06
BBL,EQ,2062.0,2084.4,2041.7,2068.8,2058.8,26540,547.7,2026-10-06
BBNPNBETF,EQ,55.83,55.83,55.26,55.68,55.4,275,0.15,2026-10-06
BBNPPGOLD,EQ,142.0,142.4,139.15,141.85,142.25,5215,7.38,2026-10-06
BBOX,EQ,816.0,844.55,805.65,839.95,812.5,1120325,9280.2,2026-10-06
BBTC,EQ,1300.0,1305.0,1284.0,1298.2,1304.5,93576,1211.72,2026-10-06
BBTCL,EQ,234.94,241.94,230.02,233.12,234.94,5121,12.08,2026-10-06
BCG,EQ,9.22,9.22,8.89,9.07,9.17,4615868,419.57,2026-10-06
BCLIND,EQ,31.42,32.19,31.36,32.03,31.29,365447,116.21,2026-10-06
BCONCEPTS,EQ,142.43,150.12,140.1,146.88,139.23,16446,24.02,2026-10-06
BCPL,EQ,68.0,69.8,66.0,67.24,67.0,17887,12.08,2026-10-06
BDL,EQ,1096.2,1111.0,1092.2,1101.8,1096.2,729165,8043.19,2026-10-06
BEARDSELL,EQ,23.5,23.5,22.11,22.5,22.76,24500,5.58,2026-10-06
BECTORFOOD,EQ,211.25,214.99,211.11,212.16,210.83,335112,712.72,2026-10-06
BEDMUTHA,EQ,106.18,108.56,104.99,106.23,107.25,15926,16.94,2026-10-06
BEEKAY,EQ,425.05,442.0,425.05,434.1,426.9,1114,4.81,2026-10-06
BEL,EQ,383.2,387.65,382.55,387.4,384.85,10038178,38725.54,2026-10-06
BELLACASA,EQ,241.8,248.4,238.0,242.13,238.26,6123,14.85,2026-10-06
BELRISE,EQ,231.29,237.75,225.01,236.81,231.12,2650681,6136.1,2026-10-06
BEML,EQ,1980.0,2060.2,1970.5,2042.2,1970.4,196225,3944.85,2026-10-06
BENARAS,EQ,10200.0,10250.0,10145.0,10238.0,10166.0,221,22.55,2026-10-06
BENGALASM,EQ,5888.0,6125.0,5800.0,6110.5,5772.0,657,39.59,2026-10-06
BEPL,EQ,125.19,129.6,125.0,128.63,124.77,1635015,2096.39,2026-10-06
BERGEPAINT,EQ,461.5,474.65,457.45,472.55,458.4,383616,1791.66,2026-10-06
BESTAGRO,EQ,17.94,18.18,17.62,17.89,17.73,523828,93.74,2026-10-06
BETA,EQ,1990.1,2027.5,1989.9,2001.4,2004.0,10362,207.87,2026-10-06
BFINVEST,EQ,441.8,443.35,435.1,441.35,436.85,11744,51.57,2026-10-06
BFSI,EQ,25.78,26.0,25.75,25.9,25.66,95227,24.69,2026-10-06
BFUTILITIE,EQ,502.8,504.15,495.6,498.9,495.9,20937,104.58,2026-10-06
BHAGCHEM,EQ,228.0,240.5,228.0,239.91,229.14,97813,231.66,2026-10-06
BHAGERIA,EQ,364.7,401.1,364.7,393.55,364.65,361311,1423.22,2026-10-06
BHAGYANGR,EQ,417.9,432.95,413.5,432.95,412.35,149876,642.19,2026-10-06
BHANDARI,EQ,2.74,2.87,2.72,2.83,2.76,149942,4.18,2026-10-06
BHARATCOAL,EQ,32.22,32.33,31.84,32.05,31.88,4263686,1368.19,2026-10-06
BHARATFORG,EQ,1830.1,1881.0,1825.0,1880.0,1833.0,1089594,20342.24,2026-10-06
BHARATRAS,EQ,994.2,1008.3,978.0,998.3,983.2,16359,163.05,2026-10-06
BHARATSE,EQ,203.5,207.9,203.5,206.14,202.86,66668,137.0,2026-10-06
BHARATWIRE,EQ,161.6,167.99,161.6,165.28,162.25,121132,200.49,2026-10-06
BHARTIARTL,EQ,1777.0,1810.5,1771.4,1810.5,1779.9,5155150,92645.11,2026-10-06
BHARTIHEXA,EQ,1383.1,1403.3,1359.2,1386.8,1383.1,308564,4252.75,2026-10-06
BHEL,EQ,429.0,453.9,427.7,452.0,429.0,22865195,102113.23,2026-10-06
BIGBLOC,EQ,38.0,38.21,36.5,37.22,37.57,43526,16.26,2026-10-06
BIKAJI,EQ,486.8,498.25,477.55,481.1,487.0,975537,4707.64,2026-10-06
BIL,EQ,1088.5,1112.85,1042.7,1092.85,1071.15,27873,300.84,2026-10-06
BIMETAL,EQ,654.95,661.0,637.0,660.4,640.0,833,5.49,2026-10-06
BIOCON,EQ,369.7,371.0,366.6,369.1,369.8,4647884,17127.5,2026-10-06
BIOFILCHEM,EQ,29.31,30.7,29.31,30.11,29.64,9125,2.73,2026-10-06
BIRLACABLE,EQ,376.9,395.45,376.85,395.45,376.65,459269,1801.04,2026-10-06
BIRLACORPN,EQ,817.55,823.65,799.25,803.45,812.8,186690,1505.02,2026-10-06
BIRLAMONEY,EQ,112.2,118.0,110.88,116.45,112.15,41987,48.27,2026-10-06
BIRLANU,EQ,1381.0,1430.0,1379.4,1406.5,1379.5,11841,166.28,2026-10-06
BLACKBUCK,EQ,600.9,603.1,591.95,596.0,599.4,487698,2904.77,2026-10-06
BLACKROSE,EQ,111.0,111.95,105.0,107.65,110.31,44467,48.24,2026-10-06
BLAL,EQ,159.25,160.0,156.03,157.53,156.84,6912,10.95,2026-10-06
BLBLIMITED,EQ,16.5,16.5,15.8,16.09,15.98,95266,15.27,2026-10-06
BLEL,EQ,492.9,516.95,481.55,510.05,490.05,2319444,11754.95,2026-10-06
BLIL,EQ,64.91,65.42,64.46,65.21,64.5,36925,23.98,2026-10-06
BLKASHYAP,EQ,52.84,55.5,52.83,54.79,53.22,747328,408.83,2026-10-06
BLS,EQ,216.9,224.66,216.9,223.97,215.75,860041,1907.4,2026-10-06
BLSE,EQ,163.7,164.0,160.05,160.9,319.15,285538,462.85,2026-10-06
BLUECLOUDS,EQ,19.66,20.1,19.6,20.01,19.61,1202785,237.93,2026-10-06
BLUECOAST,EQ,22.05,22.05,21.0,22.04,21.06,337,0.07,2026-10-06
BLUEDART,EQ,4505.0,4575.0,4483.6,4562.8,4514.4,6431,291.56,2026-10-06
BLUEJET,EQ,535.05,549.0,528.5,538.15,531.5,292965,1579.58,2026-10-06
BLUESTARCO,EQ,1508.4,1578.6,1501.3,1571.5,1510.0,867322,13541.5,2026-10-06
BLUESTONE,EQ,794.0,818.0,788.55,813.85,790.65,651566,5264.26,2026-10-06
BLUSPRING,EQ,147.99,147.99,142.84,144.53,143.92,139531,202.04,2026-10-06
BMWVENTLTD,EQ,50.05,50.95,49.67,50.37,50.02,53078,26.67,2026-10-06
BNAGROCHEM,EQ,238.45,243.99,226.53,226.53,238.45,16699,39.27,2026-10-06
BNKETFAXIS,EQ,567.13,570.01,567.03,568.73,563.05,2590,14.74,2026-10-06
BOHRAIND,EQ,13.31,14.5,13.31,14.38,14.01,12632,1.76,2026-10-06
BOMDYEING,EQ,101.9,104.2,101.23,102.91,101.54,430586,442.79,2026-10-06
BONLON,EQ,39.8,40.94,39.38,39.39,39.76,1362,0.54,2026-10-06
BORANA,EQ,272.1,275.45,268.45,269.6,270.4,27663,74.8,2026-10-06
BOROLTD,EQ,280.0,289.0,277.05,286.85,278.35,212491,605.29,2026-10-06
BORORENEW,EQ,445.0,453.0,443.7,449.85,442.7,201596,905.8,2026-10-06
BOROSCI,EQ,113.38,115.5,112.28,113.27,112.15,61966,70.35,2026-10-06
BOSCH-HCIL,EQ,1990.0,2020.0,1970.1,1976.9,1998.2,35164,700.26,2026-10-06
BOSCHLTD,EQ,44960.0,45360.0,44845.0,45000.0,44960.0,21643,9746.57,2026-10-06
BPCL,EQ,297.4,300.5,294.6,300.5,296.95,6314935,18768.68,2026-10-06
BPL,EQ,44.94,45.28,44.26,44.45,44.39,14695,6.57,2026-10-06
BPLPHARMA,EQ,1758.2,1899.0,1741.3,1836.4,1726.9,11347,205.7,2026-10-06
BRAHMINFRA,EQ,148.8,149.39,141.52,145.58,143.02,14504,21.02,2026-10-06
BRIGADE,EQ,573.9,579.95,565.0,569.1,571.6,151551,864.06,2026-10-06
BRIGHOTEL,EQ,57.4,57.4,56.52,56.93,57.06,28827,16.4,2026-10-06
BRIGHTBR,EQ,230.65,239.95,230.65,235.0,230.65,335,0.79,2026-10-06
BRITANNIA,EQ,4779.9,4892.5,4760.1,4883.8,4770.0,221171,10744.79,2026-10-06
BRNL,EQ,16.59,16.59,15.73,16.03,16.13,17457,2.82,2026-10-06
BROOKS,EQ,56.34,59.66,54.3,59.66,54.24,58724,34.49,2026-10-06
BSE,EQ,3209.0,3305.0,3206.5,3305.0,3179.6,6869765,225081.04,2026-10-06
BSE500IETF,EQ,37.08,38.15,37.08,37.62,37.08,128912,48.34,2026-10-06
BSHSL,EQ,83.1,83.4,79.9,80.1,83.07,12928,10.43,2026-10-06
BSL,EQ,121.4,121.4,119.0,119.76,120.15,981,1.17,2026-10-06
BSLGOLDETF,EQ,129.22,129.5,128.32,129.39,129.43,391297,505.84,2026-10-06
BSLNIFTY,EQ,26.52,26.71,26.48,26.69,26.52,730654,194.83,2026-10-06
BSLSENETFG,EQ,72.75,73.81,72.75,73.7,73.49,1987,1.46,2026-10-06
BSOFT,EQ,276.15,281.3,273.75,279.45,276.0,1297747,3592.07,2026-10-06
BTML,EQ,7.07,7.23,6.66,6.86,7.15,286532,19.92,2026-10-06
BUILDPRO,EQ,1285.0,1321.0,1277.0,1301.5,1265.9,126155,1645.56,2026-10-06
BUTTERFLY,EQ,553.6,553.6,539.0,543.25,547.55,20545,112.22,2026-10-06
BVCL,EQ,41.16,41.94,40.56,41.44,41.21,27256,11.27,2026-10-06
BYKE,EQ,29.78,29.96,29.0,29.46,29.66,22384,6.59,2026-10-06
CAMLINFINE,EQ,92.19,95.69,90.9,95.0,91.16,486254,455.09,2026-10-06
CAMPUS,EQ,204.11,209.9,202.8,208.68,204.12,470823,973.27,2026-10-06
CAMS,EQ,688.0,693.9,678.55,693.9,683.85,1051068,7231.24,2026-10-06
CANBK,EQ,118.9,119.29,117.62,117.82,118.5,10318285,12209.07,2026-10-06
CANFINHOME,EQ,726.0,737.1,726.0,734.75,724.7,197132,1443.18,2026-10-06
CANHLIFE,EQ,141.0,143.9,138.96,143.13,142.36,619392,876.37,2026-10-06
CANTABIL,EQ,225.9,230.14,224.85,229.84,225.18,111517,253.33,2026-10-06
CAPACITE,EQ,180.2,186.97,178.21,184.51,178.62,977132,1792.74,2026-10-06
CAPILLARY,EQ,542.1,597.35,542.1,587.2,546.1,290150,1671.86,2026-10-06
CAPITALSFB,EQ,279.55,285.35,262.25,263.8,279.55,166208,444.16,2026-10-06
CAPLIPOINT,EQ,2611.0,2691.2,2583.0,2679.7,2604.0,110962,2931.29,2026-10-06
CARBORUNIV,EQ,1285.7,1295.9,1260.1,1269.6,1267.6,377930,4809.11,2026-10-06
CARERATING,EQ,1607.7,1633.7,1582.2,1588.2,1607.7,38742,622.06,2026-10-06
CARRARO,EQ,520.0,530.0,517.6,525.65,518.9,43978,230.72,2026-10-06
CARTRADE,EQ,2943.0,2982.0,2900.6,2911.7,2935.4,121721,3575.02,2026-10-06
CARYSIL,EQ,1031.0,1044.9,1022.0,1033.1,1031.0,48672,502.53,2026-10-06
CASHIETF,EQ,1082.54,1082.56,1082.54,1082.55,1082.41,683722,7401.61,2026-10-06
CASTROLIND,EQ,199.99,201.25,198.74,200.2,199.51,1863669,3724.98,2026-10-06
CCAVENUE,EQ,15.03,15.49,15.03,15.35,14.99,17222230,2641.95,2026-10-06
CCCL,EQ,13.39,13.5,12.91,13.1,13.19,139257,18.29,2026-10-06
CCHHL,EQ,12.89,13.0,12.7,12.81,12.71,4574,0.59,2026-10-06
CCL,EQ,1048.6,1071.0,1026.6,1054.9,1051.9,155651,1635.01,2026-10-06
CDSL,EQ,1255.0,1267.9,1251.5,1263.4,1250.0,896613,11292.93,2026-10-06
CEATLTD,EQ,3283.4,3342.3,3278.3,3328.7,3283.0,28932,958.09,2026-10-06
CEIGALL,EQ,385.55,385.55,375.0,376.2,383.95,179646,682.5,2026-10-06
CEINSYS,EQ,644.1,747.7,644.1,718.45,649.6,501355,3573.2,2026-10-06
CELEBRITY,EQ,6.73,6.73,6.3,6.35,6.41,33165,2.12,2026-10-06
CELLO,EQ,340.0,388.4,340.0,369.15,340.05,20298731,75819.38,2026-10-06
CEMNTGROWW,EQ,13.82,13.82,13.51,13.64,13.62,60769,8.28,2026-10-06
CEMPRO,EQ,1168.8,1169.0,1145.5,1159.8,1156.6,130790,1514.48,2026-10-06
CENTENKA,EQ,543.5,580.1,543.4,566.6,546.2,51588,290.85,2026-10-06
CENTEXT,EQ,18.2,18.39,17.8,17.88,17.99,121435,21.79,2026-10-06
CENTRALBK,EQ,30.48,30.66,30.1,30.19,30.31,3222967,979.02,2026-10-06
CENTRUM,EQ,20.2,20.2,19.47,19.8,19.7,253359,50.29,2026-10-06
CENTUM,EQ,4619.9,4654.9,4425.9,4451.0,4584.1,81692,3665.41,2026-10-06
CENTURYPLY,EQ,680.1,699.0,674.05,679.85,680.05,100595,684.62,2026-10-06
CERA,EQ,5006.0,5136.0,5006.0,5122.5,5056.5,2628,134.19,2026-10-06
CESC,EQ,133.75,136.12,133.55,134.43,133.73,1795373,2422.78,2026-10-06
CEWATER,EQ,257.1,261.9,256.75,260.65,259.1,18552,48.12,2026-10-06
CGCL,EQ,247.06,248.76,241.72,246.88,247.06,5242811,12927.33,2026-10-06
CGPOWER,EQ,888.0,913.3,885.35,912.0,882.3,2540774,22981.67,2026-10-06
CGVAK,EQ,147.0,153.85,143.3,146.16,147.99,4859,7.0,2026-10-06
CHALET,EQ,841.5,844.0,816.1,818.2,841.45,83301,687.44,2026-10-06
CHAMBLFERT,EQ,398.35,406.0,397.95,404.8,397.6,225621,910.39,2026-10-06
CHEMBOND,EQ,180.88,194.0,178.1,191.83,177.94,10041,18.73,2026-10-06
CHEMCON,EQ,214.05,219.89,214.05,217.4,213.86,31102,67.63,2026-10-06
CHEMCRUX,EQ,80.2,80.9,77.0,80.21,79.22,5013,3.99,2026-10-06
CHEMFAB,EQ,318.0,340.0,317.85,338.5,326.35,3982,13.15,2026-10-06
CHEMICAL,EQ,28.09,28.82,28.09,28.63,27.95,291598,83.02,2026-10-06
CHEMPLASTS,EQ,196.15,212.0,195.61,210.24,196.93,1032680,2144.05,2026-10-06
CHENNPETRO,EQ,1409.4,1431.0,1385.0,1405.7,1401.0,949377,13340.62,2026-10-06
CHEVIOT,EQ,1166.0,1169.5,1133.0,1152.9,1165.7,1698,19.5,2026-10-06
CHOICEGOLD,EQ,144.1,146.03,143.3,145.91,145.93,5127,7.44,2026-10-06
CHOICEIN,EQ,726.7,738.0,725.0,727.15,726.0,857731,6264.44,2026-10-06
CHOLAFIN,EQ,1606.9,1616.0,1594.3,1611.0,1605.4,949646,15280.92,2026-10-06
CHOLAHLDNG,EQ,1402.4,1433.3,1402.4,1424.6,1404.4,59351,842.1,2026-10-06
CIEINDIA,EQ,376.55,380.0,375.25,379.0,378.0,95515,360.69,2026-10-06
CIFL,EQ,20.99,21.67,20.25,20.68,20.49,250479,52.09,2026-10-06
CINELINE,EQ,87.94,88.4,86.5,87.72,86.22,8115,7.1,2026-10-06
CINEVISTA,EQ,14.4,14.4,13.54,13.83,13.79,7751,1.06,2026-10-06
CIPLA,EQ,1335.0,1344.9,1323.2,1340.2,1335.5,575696,7689.59,2026-10-06
CLEAN,EQ,807.55,830.8,803.55,823.15,799.8,296158,2436.81,2026-10-06
CLEANMAX,EQ,1300.0,1398.3,1300.0,1392.5,1303.3,465556,6278.79,2026-10-06
CLEDUCATE,EQ,55.0,55.48,53.01,53.98,55.02,27803,15.06,2026-10-06
CLSEL,EQ,283.9,294.9,281.5,291.95,283.1,65438,190.42,2026-10-06
CMLL,EQ,510.5,519.5,503.7,517.2,507.2,252471,1289.51,2026-10-06
CMPDI,EQ,207.0,212.49,205.0,210.06,207.13,798679,1676.23,2026-10-06
CMRGREEN,EQ,221.01,228.0,220.49,226.63,221.48,243468,548.28,2026-10-06
CMSINFO,EQ,219.5,221.59,218.28,220.35,218.98,335302,736.49,2026-10-06
CNL,EQ,1063.7,1083.0,1055.1,1070.0,1071.9,16254,173.83,2026-10-06
COALINDIA,EQ,426.05,426.95,410.6,411.65,425.1,5548430,23055.01,2026-10-06
COASTCORP,EQ,36.2,36.48,35.53,36.18,35.68,24372,8.77,2026-10-06
COCHINSHIP,EQ,1285.2,1293.1,1273.5,1282.0,1283.8,860827,11027.78,2026-10-06
COCKERILL,EQ,7834.0,8004.0,7834.0,7978.5,7868.5,2569,204.02,2026-10-06
COFFEEDAY,EQ,29.6,30.52,29.1,30.03,30.06,789744,235.88,2026-10-06
COFORGE,EQ,1859.0,1868.0,1816.6,1849.7,1852.0,1921707,35304.75,2026-10-06
COHANCE,EQ,448.3,459.2,445.5,457.0,446.8,492779,2230.8,2026-10-06
COLPAL,EQ,1773.0,1809.4,1763.3,1809.4,1775.0,557765,9977.62,2026-10-06
COMFINTE,EQ,6.18,6.5,6.18,6.23,6.18,123107,7.83,2026-10-06
COMMOIETF,EQ,93.61,94.45,93.05,93.92,93.55,229895,215.93,2026-10-06
COMPEAU,EQ,359.95,364.55,352.2,358.1,349.3,172,0.63,2026-10-06
COMPUSOFT,EQ,13.0,13.35,12.65,12.9,13.0,13838,1.79,2026-10-06
COMSYN,EQ,262.4,265.5,257.75,263.0,259.55,267609,698.63,2026-10-06
CONCOR,EQ,441.5,446.5,440.2,445.85,441.45,929976,4129.37,2026-10-06
CONCORDBIO,EQ,1352.0,1375.0,1348.2,1368.8,1355.9,41856,569.83,2026-10-06
CONFIPET,EQ,86.0,87.8,85.16,86.67,86.18,1393957,1204.3,2026-10-06
CONS,EQ,11.32,11.45,11.28,11.4,11.28,3393,0.39,2026-10-06
CONSUMAXIS,EQ,113.23,113.95,113.0,113.5,112.77,4209,4.77,2026-10-06
CONSUMBEES,EQ,122.1,123.88,121.9,123.3,122.1,35903,44.13,2026-10-06
CONSUMER,EQ,11.37,11.37,11.2,11.31,11.15,51388,5.8,2026-10-06
CONSUMIETF,EQ,113.9,119.7,113.83,114.9,113.58,5551,6.35,2026-10-06
CONTROLPR,EQ,621.0,625.0,614.1,622.65,616.3,13088,81.05,2026-10-06
CORALFINAC,EQ,30.78,33.48,30.65,31.18,30.21,279647,89.38,2026-10-06
CORDELIA,EQ,103.0,105.1,101.33,104.32,100.83,872052,901.85,2026-10-06
COROMANDEL,EQ,1802.9,1812.8,1772.3,1788.3,1801.4,149119,2667.76,2026-10-06
CORONA,EQ,2034.9,2051.6,2007.6,2038.3,2034.2,26077,528.15,2026-10-06
COSMOFIRST,EQ,822.0,833.4,815.0,829.15,822.7,23753,196.16,2026-10-06
CPCAP,EQ,135.0,161.34,135.0,154.53,134.45,462318,729.19,2026-10-06
CPEDU,EQ,179.47,183.9,179.47,181.29,179.47,1895,3.42,2026-10-06
CPL,EQ,62.04,63.0,61.62,62.12,62.73,14208,8.85,2026-10-06
CPPLUS,EQ,4082.1,4188.9,3942.5,3976.0,3989.5,432803,17624.33,2026-10-06
CPSEETF,EQ,90.09,90.95,89.79,89.94,90.09,489544,441.37,2026-10-06
CRAFTSMAN,EQ,10299.0,10412.0,10200.0,10348.0,10251.0,24314,2508.21,2026-10-06
CRAMC,EQ,224.6,225.56,221.65,224.88,220.23,243147,544.31,2026-10-06
CRAVATEX,EQ,336.0,394.4,336.0,374.6,339.2,817,2.99,2026-10-06
CREATIVEYE,EQ,5.9,6.47,5.75,5.9,5.9,21039,1.23,2026-10-06
CREDITACC,EQ,1260.0,1286.1,1254.0,1265.8,1251.5,122326,1553.67,2026-10-06
CREST,EQ,363.2,363.8,357.75,359.9,363.05,838,3.01,2026-10-06
CRISIL,EQ,4505.8,4549.9,4480.5,4523.3,4505.8,10499,475.09,2026-10-06
CRIZAC,EQ,169.95,172.72,167.0,168.85,168.24,98903,167.07,2026-10-06
CROMPTON,EQ,211.0,213.06,209.92,211.98,211.5,1180238,2503.15,2026-10-06
CROWN,EQ,111.12,112.8,111.1,112.38,111.06,3230,3.61,2026-10-06
CSBBANK,EQ,309.85,313.4,304.35,305.85,306.85,416690,1287.83,2026-10-06
CSLFINANCE,EQ,210.84,210.84,205.91,207.48,209.79,21357,44.36,2026-10-06
CSM,EQ,93.22,94.29,92.0,92.86,93.68,44966,41.9,2026-10-06
CUB,EQ,229.5,229.74,223.05,223.75,227.65,1326402,2984.93,2026-10-06
CUMMINSIND,EQ,4832.3,4932.0,4808.0,4919.0,4832.3,883370,43049.44,2026-10-06
CUPID,EQ,310.95,324.95,310.1,324.2,310.1,24176893,77543.55,2026-10-06
CYBERTECH,EQ,140.0,144.8,137.0,143.1,139.1,38204,54.16,2026-10-06
CYIENT,EQ,1140.2,1141.3,1097.2,1119.4,1140.2,550341,6138.52,2026-10-06
CYIENTDLM,EQ,946.7,964.0,934.2,939.0,946.8,235010,2223.91,2026-10-06
DABUR,EQ,377.85,393.15,375.3,388.9,378.65,2619919,10139.85,2026-10-06
DALBHARAT,EQ,1688.0,1691.7,1668.1,1682.6,1673.7,25720,432.74,2026-10-06
DALMIASUG,EQ,437.8,466.95,436.0,453.0,430.15,806757,3655.85,2026-10-06
DAMCAPITAL,EQ,147.38,153.8,146.25,152.51,146.75,402836,608.85,2026-10-06
DANGEE,EQ,2.98,3.12,2.9,3.08,2.92,78767,2.37,2026-10-06
DATAMATICS,EQ,776.65,776.65,765.0,771.2,769.75,46833,361.4,2026-10-06
DATAPATTNS,EQ,4249.2,4320.5,4221.0,4299.2,4226.5,362558,15459.99,2026-10-06
DAVANGERE,EQ,2.32,2.35,2.23,2.27,2.29,6788229,154.24,2026-10-06
DBCORP,EQ,172.95,175.08,170.56,173.57,171.08,80253,138.64,2026-10-06
DBEIL,EQ,6.4,6.55,6.33,6.52,6.4,1128176,73.24,2026-10-06
DBL,EQ,396.5,402.6,394.6,400.8,396.3,58056,231.12,2026-10-06
DBOL,EQ,126.5,138.98,126.0,137.9,125.03,1202685,1614.44,2026-10-06
DBREALTY,EQ,92.48,92.99,89.47,90.08,91.72,660832,599.59,2026-10-06
DCAL,EQ,151.7,155.89,151.7,153.57,151.5,171019,263.28,2026-10-06
DCBBANK,EQ,197.36,202.4,191.94,200.78,197.36,1579458,3123.04,2026-10-06
DCI,EQ,345.0,350.0,331.2,343.05,343.15,139887,476.04,2026-10-06
DCM,EQ,72.55,73.6,71.41,71.96,72.71,3606,2.6,2026-10-06
DCMFINSERV,EQ,5.02,5.3,4.9,5.21,5.02,39463,2.03,2026-10-06
DCMSHRIRAM,EQ,1011.1,1017.6,982.5,988.85,1044.55,406997,4053.43,2026-10-06
DCMSIL,EQ,78.0,80.65,75.9,78.87,77.42,121166,94.85,2026-10-06
DCMSRIND,EQ,39.79,40.98,39.0,39.78,39.06,716375,284.83,2026-10-06
DCW,EQ,45.34,46.51,44.61,46.37,44.69,1400823,641.76,2026-10-06
DCXINDIA,EQ,158.15,161.38,157.36,160.23,156.82,156839,250.6,2026-10-06
DDEVPLSTIK,EQ,244.15,252.76,244.15,249.79,243.13,93705,232.43,2026-10-06
DECCANCE,EQ,555.3,562.0,551.55,556.85,552.05,7577,42.23,2026-10-06
DECNGOLD,EQ,189.29,199.9,187.11,199.16,188.57,976493,1899.3,2026-10-06
DEEDEV,EQ,648.0,654.4,635.1,651.7,636.95,113545,732.89,2026-10-06
DEEPA,EQ,195.45,216.4,194.0,214.04,194.93,7733667,16199.56,2026-10-06
DEEPAKFERT,EQ,1305.0,1391.9,1296.4,1385.6,1297.7,875190,11886.59,2026-10-06
DEEPAKNTR,EQ,1499.9,1566.0,1498.3,1560.6,1497.0,279774,4332.64,2026-10-06
DEEPINDS,EQ,742.6,765.0,734.2,748.95,747.05,205606,1535.83,2026-10-06
DEFENCE,EQ,78.21,78.21,76.76,78.1,76.68,174437,135.87,2026-10-06
DELHIVERY,EQ,400.3,410.8,400.3,407.5,400.3,2099830,8562.0,2026-10-06
DELTACORP,EQ,84.25,88.6,81.0,84.34,85.43,61115839,52150.23,2026-10-06
DELTAMAGNT,EQ,56.3,58.4,54.55,56.24,54.87,7038,4.0,2026-10-06
DEN,EQ,25.87,26.03,24.4,25.78,25.71,411483,105.58,2026-10-06
DENORA,EQ,732.0,747.0,723.05,729.1,731.65,5581,41.13,2026-10-06
DENTA,EQ,264.0,265.0,260.0,263.2,260.35,42500,111.67,2026-10-06
DEVIT,EQ,20.9,22.49,20.4,21.36,20.52,42921,9.05,2026-10-06
DEVX,EQ,38.49,40.55,38.11,39.62,37.85,278350,110.19,2026-10-06
DEVYANI,EQ,130.9,130.9,129.03,129.53,130.03,415065,539.02,2026-10-06
DGCONTENT,EQ,24.91,25.98,24.5,24.73,24.91,13336,3.33,2026-10-06
DHAMPURSUG,EQ,182.0,192.0,181.33,188.81,176.85,3999385,7519.95,2026-10-06
DHANBANK,EQ,26.3,30.48,26.3,28.83,26.49,8680349,2482.93,2026-10-06
DHANUKA,EQ,915.0,921.05,895.75,909.55,907.4,40985,371.03,2026-10-06
DHARMAJ,EQ,270.3,270.4,264.25,266.55,265.0,53591,143.2,2026-10-06
DHATRE,EQ,3.91,4.07,3.91,3.93,3.93,16483,0.65,2026-10-06
DHOOTTRANS,EQ,1540.0,1542.3,1460.1,1474.1,1521.8,1176554,17529.66,2026-10-06
DHRUV,EQ,18.76,20.23,18.76,19.5,19.51,5649,1.11,2026-10-06
DHUNINV,EQ,980.0,990.45,961.05,966.9,972.1,275,2.67,2026-10-06
DIAMINESQ,EQ,235.2,258.0,235.2,244.54,237.97,32866,81.2,2026-10-06
DIAMONDYD,EQ,1061.4,1096.0,1056.1,1088.2,1058.8,15772,169.13,2026-10-06
DICIND,EQ,600.0,624.0,597.0,619.2,595.95,1605,9.88,2026-10-06
DIFFNKG,EQ,456.9,456.9,434.75,454.1,451.25,279011,1238.95,2026-10-06
DIGIDRIVE,EQ,17.8,18.25,17.33,17.95,17.8,4048,0.72,2026-10-06
DIGISPICE,EQ,15.4,15.54,14.9,15.12,15.2,35098,5.34,2026-10-06
DIGITIDE,EQ,75.0,75.0,73.0,74.01,74.08,141105,104.18,2026-10-06
DISAQ,EQ,11365.0,11732.0,11208.0,11540.0,11487.0,83,9.47,2026-10-06
DISHTV,EQ,2.14,2.14,2.1,2.12,2.1,892250,18.86,2026-10-06
DIVGIITTS,EQ,1120.0,1143.0,1100.0,1119.2,1120.2,71946,807.43,2026-10-06
DIVIDEND,EQ,32.95,33.9,32.95,33.74,33.8,4091,1.38,2026-10-06
DIVISLAB,EQ,9210.0,9557.5,9165.0,9550.0,9196.0,465106,43810.5,2026-10-06
DIVOPPBEES,EQ,72.79,72.79,72.07,72.21,72.29,36074,26.05,2026-10-06
DIXON,EQ,12751.0,13039.0,12660.0,13015.0,12748.0,175676,22649.1,2026-10-06
DJML,EQ,73.05,74.2,72.61,73.87,73.11,64590,47.53,2026-10-06
DLF,EQ,673.0,675.5,664.95,666.1,673.0,3799738,25426.0,2026-10-06
DLINKINDIA,EQ,411.75,420.95,410.5,419.95,411.75,37393,155.71,2026-10-06
DMART,EQ,3545.3,3595.0,3521.0,3581.9,3567.0,827372,29467.61,2026-10-06
DMCC,EQ,323.3,374.15,323.0,355.8,319.1,2942524,10504.19,2026-10-06
DNAMEDIA,EQ,2.35,2.45,2.35,2.42,2.34,47647,1.15,2026-10-06
DODLA,EQ,1015.6,1023.6,1007.2,1019.9,1015.6,7697,78.15,2026-10-06
DOLATALGO,EQ,63.93,63.93,61.9,62.46,62.4,111249,69.8,2026-10-06
DOLLAR,EQ,275.0,282.0,273.6,278.55,274.4,68600,190.94,2026-10-06
DOLLEX,EQ,39.87,39.87,36.0,36.92,37.16,21502,7.96,2026-10-06
DOLPHIN,EQ,619.7,656.05,615.0,643.35,621.0,103424,659.88,2026-10-06
DOMS,EQ,2079.8,2085.0,2065.0,2073.2,2079.8,11709,242.62,2026-10-06
DONEAR,EQ,81.48,81.48,80.25,80.39,80.22,4046,3.27,2026-10-06
DPABHUSHAN,EQ,2098.6,2190.0,1917.5,2174.0,2130.5,530780,10894.24,2026-10-06
DPWIRES,EQ,212.23,234.7,199.0,221.54,196.78,1732403,3854.96,2026-10-06
DRAGARWQ,EQ,5215.0,5323.5,5161.0,5195.0,5215.0,1620,84.73,2026-10-06
DRCSYSTEMS,EQ,12.87,13.33,12.8,12.92,13.04,47066,6.13,2026-10-06
DREAMFOLKS,EQ,61.0,62.37,60.0,60.66,60.5,65169,39.75,2026-10-06
DREDGECORP,EQ,904.3,922.85,899.2,909.0,903.9,69081,626.89,2026-10-06
DRREDDY,EQ,1207.0,1212.7,1195.0,1208.0,1203.0,1638100,19742.91,2026-10-06
DSSL,EQ,960.0,1013.05,960.0,1013.05,964.85,34564,346.67,2026-10-06
DUCON,EQ,1.42,1.42,1.42,1.42,1.36,314932,4.47,2026-10-06
DVL,EQ,273.3,279.0,273.3,278.6,271.65,2212,6.14,2026-10-06
DWARKESH,EQ,45.15,47.59,45.13,46.86,44.08,6280361,2928.12,2026-10-06
DYCL,EQ,437.9,450.0,433.35,446.05,434.85,208326,925.18,2026-10-06
DYNAMATECH,EQ,14300.0,14409.0,14111.0,14279.0,14251.0,25746,3669.22,2026-10-06
DYNPRO,EQ,225.58,225.59,220.0,221.55,220.44,4792,10.63,2026-10-06
EASEMYTRIP,EQ,5.77,5.84,5.76,5.8,5.77,5918087,342.63,2026-10-06
EASTWEST,EQ,2.35,2.36,2.2,2.22,2.32,113939,2.56,2026-10-06
EBANK10,EQ,16.19,16.3,16.05,16.3,16.05,21,0.0,2026-10-06
EBANKNIFTY,EQ,55.99,55.99,55.54,55.7,56.95,4682,2.61,2026-10-06
EBBETF0430,EQ,1637.72,1637.72,1603.8,1607.48,1605.61,13199,212.19,2026-10-06
EBBETF0431,EQ,1431.0,1432.0,1425.5,1427.32,1427.09,13373,190.91,2026-10-06
EBBETF0433,EQ,1301.59,1303.97,1296.91,1301.26,1298.98,2861,37.2,2026-10-06
EBGNG,EQ,700.0,712.0,648.7,685.15,695.45,783243,5349.22,2026-10-06
ECAPINSURE,EQ,23.29,23.5,22.51,23.35,22.94,65357,15.08,2026-10-06
ECLERX,EQ,1884.0,1936.4,1878.0,1917.2,1884.3,184481,3513.06,2026-10-06
ECORECO,EQ,429.9,442.0,418.0,438.7,427.3,11679,50.55,2026-10-06
ECOSMOBLTY,EQ,106.6,114.89,105.0,110.42,105.44,175431,193.65,2026-10-06
EDELWEISS,EQ,136.12,138.19,133.8,135.53,135.47,2547963,3459.66,2026-10-06
EFCIL,EQ,170.0,173.8,165.94,170.1,168.74,480175,811.93,2026-10-06
EGOLD,EQ,146.9,147.15,145.75,147.05,146.95,444585,653.67,2026-10-06
EICHERMOT,EQ,7065.0,7074.5,6976.0,7051.0,7021.5,233372,16422.89,2026-10-06
EIDPARRY,EQ,698.0,710.7,695.0,699.2,691.95,314300,2206.28,2026-10-06
EIEL,EQ,182.38,186.4,182.38,185.54,180.61,1234338,2282.33,2026-10-06
EIHAHOTELS,EQ,294.4,299.7,293.0,297.8,294.4,10394,30.84,2026-10-06
EIHOTEL,EQ,300.8,301.75,297.8,300.7,298.3,96830,290.3,2026-10-06
EIMCOELECO,EQ,2251.4,2415.9,2251.4,2371.8,2241.9,81588,1917.48,2026-10-06
EKC,EQ,104.5,108.5,104.5,106.54,105.13,114189,121.09,2026-10-06
ELANTAS,EQ,13261.0,14097.0,13261.0,13937.0,13214.0,6923,962.58,2026-10-06
ELCIDIN,EQ,102000.0,102975.0,98005.0,102975.0,102000.0,10,10.07,2026-10-06
ELDEHSG,EQ,785.0,789.75,766.15,785.2,773.55,41,0.32,2026-10-06
ELECON,EQ,446.4,449.7,440.4,446.3,446.35,307847,1367.21,2026-10-06
ELECTCAST,EQ,75.44,80.98,74.77,78.97,75.26,7872274,6244.67,2026-10-06
ELECTHERM,EQ,725.4,755.8,711.1,735.25,702.4,57868,425.43,2026-10-06
ELEVATE,EQ,339.0,341.9,327.05,337.75,333.15,2160676,7232.54,2026-10-06
ELGIEQUIP,EQ,590.8,601.95,587.5,599.25,591.2,316791,1884.94,2026-10-06
ELGIRUBCO,EQ,52.5,59.8,51.61,55.97,51.56,256656,146.6,2026-10-06
ELIN,EQ,78.97,80.7,78.1,78.84,78.97,120244,95.07,2026-10-06
ELIQUID,EQ,1050.68,1050.68,1050.67,1050.67,1050.52,68894,723.86,2026-10-06
ELITECON,EQ,7.4,7.49,7.2,7.24,7.49,8019054,583.5,2026-10-06
ELLEN,EQ,330.1,353.8,330.1,348.2,332.55,694949,2380.23,2026-10-06
ELM250,EQ,15.6,15.82,15.58,15.8,15.46,31418,4.95,2026-10-06
ELMDIV,EQ,34.55,34.62,34.34,34.49,34.39,335,0.12,2026-10-06
ELPROINTL,EQ,173.72,174.75,172.08,174.39,174.59,1613,2.8,2026-10-06
EMAMILTD,EQ,377.9,387.5,374.0,384.0,377.75,2900756,11026.32,2026-10-06
EMAMIREAL,EQ,69.0,69.9,66.5,68.43,68.06,5789,3.95,2026-10-06
EMBDL,EQ,56.3,58.64,56.3,57.33,56.05,1258961,724.81,2026-10-06
EMCURE,EQ,1937.1,1954.9,1890.0,1922.4,1937.1,379767,7238.23,2026-10-06
EMETAL,EQ,12.58,12.67,12.57,12.57,12.58,12129,1.53,2026-10-06
EMIL,EQ,206.0,209.9,199.42,201.42,205.1,6266534,12852.27,2026-10-06
EMKAY,EQ,283.8,289.0,281.0,285.6,280.2,16864,48.02,2026-10-06
EMMBI,EQ,85.0,88.3,85.0,88.15,86.08,7258,6.31,2026-10-06
EMMVEE,EQ,297.0,299.3,293.1,296.5,296.25,1073102,3185.33,2026-10-06
EMPIND,EQ,1051.9,1054.0,1035.0,1040.0,1034.0,9488,98.78,2026-10-06
EMPOWER,EQ,1.69,1.69,1.65,1.68,1.61,30334293,512.2,2026-10-06
EMSLIMITED,EQ,329.0,340.45,329.0,334.25,327.8,112594,375.45,2026-10-06
EMUDHRA,EQ,599.0,610.0,593.0,607.9,599.0,267269,1608.87,2026-10-06
EMULTIMQ,EQ,40.14,40.65,40.12,40.56,39.91,18853,7.64,2026-10-06
ENDURANCE,EQ,2530.0,2553.2,2512.0,2516.0,2526.5,75266,1905.72,2026-10-06
ENERGY,EQ,36.84,37.28,36.84,37.21,36.83,112302,41.76,2026-10-06
ENERGYAXIS,EQ,18.59,18.59,18.37,18.42,18.36,8261,1.52,2026-10-06
ENERGYDEV,EQ,14.54,14.8,14.21,14.36,14.4,7848,1.13,2026-10-06
ENEXT50,EQ,69.7,69.92,69.5,69.92,69.21,595,0.42,2026-10-06
ENGINERSIN,EQ,309.0,320.8,306.4,313.3,307.85,5178995,16297.22,2026-10-06
ENIFTY,EQ,22.87,23.02,22.87,23.02,22.79,2412,0.55,2026-10-06
ENIL,EQ,94.3,94.3,91.6,92.24,91.69,4896,4.51,2026-10-06
ENKEIWHEL,EQ,392.0,392.0,382.25,386.6,392.4,3389,13.14,2026-10-06
ENRIN,EQ,3333.0,3354.9,3288.2,3307.5,3316.4,288526,9581.19,2026-10-06
ENTERO,EQ,1702.0,1744.0,1682.7,1721.6,1697.1,63943,1089.72,2026-10-06
EPACK,EQ,168.13,175.0,168.13,173.75,168.13,300391,515.37,2026-10-06
EPACKPEB,EQ,249.75,252.79,245.98,247.82,249.74,361765,901.06,2026-10-06
EPIGRAL,EQ,1007.4,1062.0,1005.8,1036.2,1017.3,67127,697.57,2026-10-06
EPL,EQ,237.4,239.0,232.29,237.23,236.5,1423426,3356.23,2026-10-06
EQUAL200,EQ,13.07,13.14,13.06,13.13,13.01,27110,3.55,2026-10-06
EQUAL50,EQ,310.43,316.64,310.43,312.6,310.43,20652,64.42,2026-10-06
EQUAL50ADD,EQ,323.77,325.6,321.28,323.46,322.16,8527,27.53,2026-10-06
EQUITASBNK,EQ,68.28,69.42,67.84,67.96,68.28,626333,429.22,2026-10-06
ERIS,EQ,1188.6,1201.3,1175.0,1184.7,1188.6,47481,564.3,2026-10-06
ESABINDIA,EQ,5516.0,5619.0,5513.0,5608.0,5514.0,2318,129.41,2026-10-06
ESCORTS,EQ,2820.9,2867.0,2785.3,2811.7,2820.9,106436,3015.36,2026-10-06
ESDS,EQ,1294.3,1294.3,1294.3,1294.3,1362.4,151322,1958.56,2026-10-06
ESENSEX,EQ,73.46,73.64,73.0,73.64,73.41,876,0.64,2026-10-06
ESG,EQ,38.19,39.6,38.19,38.88,38.59,35325,13.74,2026-10-06
ESILVER,EQ,220.69,221.24,218.0,220.35,221.74,41159,90.31,2026-10-06
ESSARSHPNG,EQ,17.06,17.55,16.36,16.72,17.04,385151,65.73,2026-10-06
ESSENTIA,EQ,1.01,1.03,1.01,1.01,1.01,646672,6.58,2026-10-06
ESTER,EQ,93.6,96.96,93.5,93.87,93.4,127496,121.41,2026-10-06
ETERNAL,EQ,322.5,330.2,319.1,329.0,320.8,27075757,88206.29,2026-10-06
ETHOSLTD,EQ,2608.0,2646.3,2590.0,2621.2,2602.3,112877,2971.04,2026-10-06
EUREKAFORB,EQ,343.9,354.6,342.15,353.8,342.15,129684,455.05,2026-10-06
EUROBOND,EQ,148.89,148.89,141.2,143.4,144.32,6632,9.54,2026-10-06
EUROPRATIK,EQ,184.7,185.18,176.88,180.02,183.41,241612,437.74,2026-10-06
EUROTEXIND,EQ,17.33,17.33,15.7,16.33,16.51,35577,5.94,2026-10-06
EVEREADY,EQ,321.0,321.9,315.3,320.1,318.1,58694,187.68,2026-10-06
EVERESTIND,EQ,470.0,524.0,465.0,515.95,478.15,52175,262.74,2026-10-06
EVIETF,EQ,30.61,30.9,29.97,30.28,30.01,225495,68.17,2026-10-06
EVINDIA,EQ,30.0,30.34,29.98,30.28,30.04,80305,24.28,2026-10-06
EXCELINDUS,EQ,920.1,928.4,910.55,924.1,912.95,6357,58.58,2026-10-06
EXCELSOFT,EQ,80.09,83.34,79.82,82.1,80.0,419250,343.41,2026-10-06
EXICOM,EQ,150.7,157.75,150.7,156.17,150.77,535223,829.95,2026-10-06
EXIDEIND,EQ,405.2,410.4,403.75,405.75,405.25,1097415,4464.89,2026-10-06
EXPLEOSOL,EQ,868.7,888.0,867.0,878.85,863.45,18786,165.16,2026-10-06
EXXARO,EQ,6.24,6.69,6.07,6.14,6.05,765535,48.71,2026-10-06
FABTECH,EQ,143.4,143.4,140.0,141.04,141.87,40571,57.21,2026-10-06
FACT,EQ,739.9,765.0,732.05,759.0,731.75,131471,986.71,2026-10-06
FAIRCHEMOR,EQ,682.0,703.8,667.5,679.3,682.25,131897,906.14,2026-10-06
FAZE3Q,EQ,420.0,450.0,420.0,445.75,425.0,35186,154.88,2026-10-06
FCL,EQ,54.08,59.43,54.08,59.2,54.03,41395324,24186.89,2026-10-06
FCSSOFT,EQ,1.38,1.42,1.38,1.41,1.38,2086137,29.15,2026-10-06
FDC,EQ,333.8,338.0,332.05,333.65,331.3,113050,378.12,2026-10-06
FEDDERSHOL,EQ,64.23,75.99,63.05,64.25,64.23,46653683,32062.6,2026-10-06
FEDERALBNK,EQ,328.1,329.55,319.25,320.0,327.35,4338051,13991.92,2026-10-06
FEDFINA,EQ,149.65,151.94,149.5,150.72,149.64,530026,800.29,2026-10-06
FERMENTA,EQ,558.0,582.65,552.0,569.45,557.45,672393,3842.2,2026-10-06
FIBERWEB,EQ,26.2,27.17,25.38,26.47,26.19,11945,3.11,2026-10-06
FIEMIND,EQ,1774.2,1799.9,1760.0,1779.5,1763.1,45396,809.02,2026-10-06
FILATEX,EQ,103.89,112.8,103.89,111.36,103.89,4466335,4887.92,2026-10-06
FILATFASH,EQ,0.18,0.19,0.18,0.18,0.18,14862657,27.3,2026-10-06
FINCABLES,EQ,1467.3,1495.5,1444.0,1474.0,1467.3,537623,7901.41,2026-10-06
FINEORG,EQ,5208.0,5590.0,5208.0,5537.0,5210.0,79818,4352.22,2026-10-06
FINIETF,EQ,30.12,30.75,30.12,30.43,30.12,243361,73.91,2026-10-06
FINKURVE,EQ,68.55,69.87,68.55,69.31,68.51,7535,5.22,2026-10-06
FINOPB,EQ,130.0,130.8,127.88,128.29,128.5,71195,91.46,2026-10-06
FINPIPE,EQ,149.31,155.0,149.31,154.72,149.31,489277,748.2,2026-10-06
FIRSTCRY,EQ,174.0,178.85,172.62,177.57,172.0,2105882,3719.28,2026-10-06
FISCHER,EQ,33.0,33.39,32.41,33.14,32.8,169925,56.17,2026-10-06
FIVESTAR,EQ,519.1,529.0,510.35,514.35,519.1,567661,2938.64,2026-10-06
FLAIR,EQ,229.0,229.0,225.2,227.84,226.43,34809,78.92,2026-10-06
FLEXIADD,EQ,9.45,9.7,9.41,9.5,9.41,218189,20.66,2026-10-06
FLUOROCHEM,EQ,4458.2,4646.9,4430.2,4577.2,4429.8,181004,8296.32,2026-10-06
FMCGADD,EQ,44.91,45.35,44.76,45.27,44.71,3874,1.75,2026-10-06
FMCGIETF,EQ,48.86,48.86,47.72,48.39,47.67,707110,340.45,2026-10-06
FMGOETZE,EQ,440.9,451.5,440.9,448.5,440.9,84880,379.6,2026-10-06
FMNL,EQ,8.14,8.21,7.8,7.96,7.98,45775,3.65,2026-10-06
FOCUS,EQ,56.5,57.0,55.02,55.95,54.8,16468,9.25,2026-10-06
FOODSIN,EQ,50.0,51.64,49.5,50.78,49.68,110532,55.54,2026-10-06
FORCEMOT,EQ,16650.0,17110.0,16608.0,17110.0,16650.0,65477,11086.15,2026-10-06
FORTIS,EQ,770.0,770.2,756.3,764.0,763.8,1246982,9500.3,2026-10-06
FOSECOIND,EQ,6366.5,6463.5,6271.0,6440.0,6300.5,10288,659.99,2026-10-06
FRACTAL,EQ,725.05,745.5,722.0,742.15,725.05,447908,3275.0,2026-10-06
FREDUN,EQ,1356.0,1424.9,1356.0,1406.7,1363.2,82965,1160.06,2026-10-06
FRONTSP,EQ,1387.4,1418.0,1385.0,1392.5,1387.4,12486,174.4,2026-10-06
FSL,EQ,258.65,262.0,256.55,260.25,257.4,666701,1729.03,2026-10-06
FUSION,EQ,168.54,172.91,167.99,169.0,167.63,263346,448.3,2026-10-06
GABRIEL,EQ,1321.6,1359.9,1314.5,1352.9,1303.6,205619,2756.81,2026-10-06
GAEL,EQ,158.47,163.5,157.51,162.81,158.28,557617,901.43,2026-10-06
GAIL,EQ,168.4,172.08,167.04,172.08,167.5,6945149,11824.54,2026-10-06
GAJA,EQ,135.12,142.95,135.12,141.71,135.87,724573,1016.67,2026-10-06
GALAPREC,EQ,1160.0,1170.9,1152.1,1161.0,1160.1,11857,137.52,2026-10-06
GALAXYSURF,EQ,2346.5,2448.0,2346.5,2442.4,2335.0,99858,2419.47,2026-10-06
GALLANTT,EQ,532.4,541.9,522.5,530.05,522.9,65236,347.6,2026-10-06
GANDHAR,EQ,280.35,284.7,278.05,282.5,278.55,417903,1177.06,2026-10-06
GANDHITUBE,EQ,997.95,998.15,972.0,981.5,993.7,6439,63.14,2026-10-06
GANECOS,EQ,966.6,995.0,963.6,990.1,966.6,31822,313.99,2026-10-06
GANESHCP,EQ,149.13,150.49,144.75,145.47,147.51,220535,322.96,2026-10-06
GANESHHOU,EQ,700.0,720.75,700.0,713.65,701.85,24071,171.84,2026-10-06
GANGAFORGE,EQ,1.51,1.53,1.46,1.52,1.46,2034924,30.91,2026-10-06
GANGESSECU,EQ,112.78,116.99,112.77,115.82,112.86,3461,4.01,2026-10-06
GARFIBRES,EQ,770.6,777.35,755.0,770.05,770.6,33904,259.26,2026-10-06
GARUDA,EQ,171.5,174.5,171.3,173.36,171.1,197928,342.13,2026-10-06
GATEWAY,EQ,51.49,52.2,50.8,50.91,51.49,1670348,856.66,2026-10-06
GAUDIUMIVF,EQ,105.89,110.39,103.51,109.28,103.25,320982,344.94,2026-10-06
GAYAHWS,EQ,1.72,1.79,1.69,1.78,1.72,130336,2.28,2026-10-06
GAYAPROJ,EQ,21.78,21.85,20.59,21.46,21.45,696467,148.11,2026-10-06
GCSL,EQ,685.0,696.25,685.0,693.05,681.75,225480,1562.07,2026-10-06
GEECEE,EQ,366.0,379.5,366.0,369.6,365.9,1547,5.76,2026-10-06
GEEKAYWIRE,EQ,31.7,33.98,31.57,32.72,31.42,260564,85.69,2026-10-06
GEMAROMA,EQ,154.99,154.99,149.49,152.23,152.61,69256,105.1,2026-10-06
GENCON,EQ,38.73,39.2,37.55,37.78,38.73,862741,330.38,2026-10-06
GENESYS,EQ,288.4,304.1,285.1,301.05,287.4,941604,2792.65,2026-10-06
GENUSPAPER,EQ,10.5,10.95,10.25,10.57,10.36,63755,6.77,2026-10-06
GENUSPOWER,EQ,281.05,309.7,280.25,307.2,280.25,3898293,11713.0,2026-10-06
GEOJITFSL,EQ,77.39,79.0,76.51,78.68,76.59,287810,224.63,2026-10-06
GERMAN,EQ,129.62,131.0,117.4,118.12,128.33,4202220,5164.4,2026-10-06
GESHIP,EQ,1565.0,1565.1,1523.4,1532.6,1559.3,740133,11346.64,2026-10-06
GFLLIMITED,EQ,55.0,56.25,54.71,55.86,54.89,41479,23.09,2026-10-06
GHCL,EQ,402.0,415.0,400.0,408.85,402.0,104349,423.74,2026-10-06
GHCLTEXTIL,EQ,129.53,132.0,128.25,131.58,129.53,280004,365.59,2026-10-06
GICHSGFIN,EQ,134.28,136.8,132.43,134.48,132.32,150050,200.26,2026-10-06
GICRE,EQ,318.6,321.55,313.5,314.25,319.1,745898,2358.15,2026-10-06
GILLANDERS,EQ,119.8,119.8,111.3,111.77,115.73,16537,18.73,2026-10-06
GILLETTE,EQ,6995.5,7114.5,6909.5,7057.0,6979.0,17258,1213.51,2026-10-06
GILT10BETA,EQ,26.45,26.45,26.14,26.45,26.59,163,0.04,2026-10-06
GILT5BETA,EQ,66.2,66.39,66.0,66.0,66.2,2532,1.68,2026-10-06
GILT5YBEES,EQ,65.42,65.69,65.42,65.54,65.63,227991,149.48,2026-10-06
GIPCL,EQ,176.69,179.39,173.05,174.06,176.62,420544,736.59,2026-10-06
GKB,EQ,63.0,63.0,58.25,61.76,62.96,8922,5.44,2026-10-06
GKENERGY,EQ,110.37,115.51,110.37,114.45,112.29,291340,332.05,2026-10-06
GKSL,EQ,190.34,196.5,185.0,193.62,190.34,2244596,4306.79,2026-10-06
GKWLIMITED,EQ,1540.0,1568.9,1540.0,1545.4,1549.5,6435,99.74,2026-10-06
GLAND,EQ,2921.1,3019.8,2898.1,3006.1,2911.5,373873,11162.54,2026-10-06
GLASSWALL,EQ,254.7,280.0,253.8,275.75,254.7,9294421,24984.44,2026-10-06
GLAXO,EQ,2738.8,2762.9,2707.0,2755.0,2732.8,39214,1071.6,2026-10-06
GLENMARK,EQ,2312.2,2320.0,2277.3,2311.0,2295.0,493823,11333.3,2026-10-06
GLFL,EQ,5.17,5.43,5.0,5.39,5.22,1038,0.05,2026-10-06
GLOBAL,EQ,141.0,145.25,140.0,142.62,139.1,209802,300.76,2026-10-06
GLOBALE,EQ,10.3,10.67,10.0,10.65,10.3,2796,0.3,2026-10-06
GLOBALVECT,EQ,132.08,133.28,129.02,130.77,132.08,6016,7.89,2026-10-06
GLOBE,EQ,2.07,2.14,2.01,2.08,2.07,449279,9.32,2026-10-06
GLOBECIVIL,EQ,42.0,43.25,41.25,42.29,41.23,22554,9.56,2026-10-06
GLOBUSSPR,EQ,794.9,819.0,789.85,812.7,789.85,73168,590.54,2026-10-06
GLOSTERLTD,EQ,550.0,556.9,543.75,551.6,542.5,619,3.42,2026-10-06
GLOTTIS,EQ,57.99,58.9,57.04,58.34,56.72,37743,21.9,2026-10-06
GMBREW,EQ,947.9,985.0,945.0,981.35,947.9,66739,648.02,2026-10-06
GMDCLTD,EQ,490.0,498.9,488.0,491.55,487.35,816501,4023.01,2026-10-06
GMMPFAUDLR,EQ,1381.0,1451.0,1380.9,1425.7,1386.6,228112,3265.87,2026-10-06
GMRAIRPORT,EQ,93.0,93.97,92.47,93.06,92.79,13287023,12388.62,2026-10-06
GMRP&UI,EQ,102.05,105.16,101.06,102.23,100.85,2198701,2275.83,2026-10-06
GNA,EQ,589.8,619.85,578.55,615.8,585.05,895341,5394.98,2026-10-06
GNFC,EQ,589.0,633.6,587.1,629.5,586.3,2291498,14079.38,2026-10-06
GNRL,EQ,96.91,99.2,95.89,98.79,96.77,162237,157.92,2026-10-06
GOACARBON,EQ,405.0,422.0,399.2,414.65,403.25,28864,119.28,2026-10-06
GOCLCORP,EQ,347.0,375.0,347.0,372.45,347.7,141669,517.92,2026-10-06
GOCOLORS,EQ,292.0,311.9,292.0,306.45,292.8,123956,378.5,2026-10-06
GODAVARIB,EQ,225.01,231.5,224.73,228.57,224.91,54485,124.37,2026-10-06
GODFRYPHLP,EQ,1900.0,1900.0,1872.6,1900.0,1876.0,146492,2765.83,2026-10-06
GODIGIT,EQ,258.6,259.95,256.85,258.6,256.05,123612,319.34,2026-10-06
GODREJAGRO,EQ,645.0,651.0,636.0,648.1,640.9,172003,1107.67,2026-10-06
GODREJCP,EQ,846.4,872.5,838.2,872.5,837.0,1398890,11995.72,2026-10-06
GODREJIND,EQ,1037.9,1054.0,1022.5,1045.0,1040.2,42487,440.59,2026-10-06
GODREJPROP,EQ,1597.1,1620.0,1583.7,1610.0,1599.9,371383,5968.92,2026-10-06
GOKEX,EQ,672.75,691.7,672.75,682.75,672.3,364832,2489.43,2026-10-06
GOKUL,EQ,37.9,38.9,37.9,38.78,37.81,172634,66.69,2026-10-06
GOKULAGRO,EQ,211.89,213.0,206.22,210.95,205.27,274499,576.79,2026-10-06
GOLD1,EQ,122.4,122.86,121.66,122.72,122.78,2150532,2630.87,2026-10-06
GOLD360,EQ,143.4,143.65,142.15,143.25,143.45,6085,8.7,2026-10-06
GOLDADD,EQ,14.28,14.3,14.17,14.29,14.28,16128252,2297.01,2026-10-06
GOLDAXIS,EQ,122.14,122.4,121.3,122.34,122.4,1062940,1294.69,2026-10-06
GOLDBEES,EQ,121.05,121.55,120.5,121.46,121.58,15580041,18845.59,2026-10-06
GOLDBETA,EQ,123.45,123.85,122.7,123.75,123.9,573104,707.98,2026-10-06
GOLDBND,EQ,145.05,147.0,144.91,146.97,147.06,17655,25.93,2026-10-06
GOLDCASE,EQ,23.09,23.17,22.95,23.14,23.13,43919555,10118.54,2026-10-06
GOLDETF,EQ,142.57,143.2,141.83,142.99,142.97,1471383,2099.93,2026-10-06
GOLDIAM,EQ,310.2,321.3,310.2,317.5,310.0,319497,1011.47,2026-10-06
GOLDIETF,EQ,125.67,125.94,124.81,125.85,126.0,4880737,6118.42,2026-10-06
GOODLUCK,EQ,482.75,495.2,482.75,491.3,482.0,222669,1093.38,2026-10-06
GOODYEAR,EQ,685.65,691.95,682.1,685.95,685.65,5035,34.57,2026-10-06
GOPAL,EQ,253.85,258.2,252.55,255.85,253.85,82025,209.8,2026-10-06
GOYALALUM,EQ,5.95,5.98,5.75,5.91,5.95,34113,2.02,2026-10-06
GPIL,EQ,212.9,220.85,211.77,218.98,211.32,2728607,5922.07,2026-10-06
GPPL,EQ,168.43,171.0,166.69,168.21,167.6,1125256,1895.15,2026-10-06
GPTHEALTH,EQ,148.42,151.18,147.1,148.01,149.56,50028,74.24,2026-10-06
GPTINFRA,EQ,120.38,122.29,120.0,121.62,120.38,148536,180.55,2026-10-06
GRANDOAK,EQ,36.5,36.98,34.66,36.17,35.93,1916,0.69,2026-10-06
GRANULES,EQ,818.0,839.0,814.75,836.4,817.25,518092,4313.59,2026-10-06
GRAPHITE,EQ,821.0,861.5,817.05,851.2,816.4,2456818,20790.86,2026-10-06
GRASIM,EQ,2988.0,2988.7,2935.6,2969.0,2972.0,359655,10644.09,2026-10-06
GRAUWEIL,EQ,82.7,83.53,82.01,82.32,83.53,239964,198.15,2026-10-06
GRAVITA,EQ,1432.9,1528.0,1428.5,1500.9,1423.5,796225,11948.92,2026-10-06
GREAVESCOT,EQ,220.5,226.5,220.11,222.78,220.94,1018671,2275.74,2026-10-06
GREENLAM,EQ,212.0,214.4,209.2,212.02,211.71,52267,110.86,2026-10-06
GREENPANEL,EQ,159.01,160.7,157.42,159.92,159.06,281448,449.57,2026-10-06
GREENPLY,EQ,309.8,316.9,305.1,315.3,308.45,196749,613.82,2026-10-06
GREENPOWER,EQ,8.65,8.8,8.65,8.74,8.66,1136066,99.18,2026-10-06
GRINDWELL,EQ,2023.1,2066.5,1992.0,2033.1,2004.2,40139,812.94,2026-10-06
GRINFRA,EQ,793.45,824.5,788.7,815.0,789.45,19600,157.8,2026-10-06
GRMOVER,EQ,79.0,79.79,78.49,79.04,78.5,1056604,835.83,2026-10-06
GROBTEA,EQ,872.8,900.0,872.8,873.95,872.8,107,0.95,2026-10-06
GROWW,EQ,188.0,194.5,187.57,193.19,187.05,41408393,79707.27,2026-10-06
GROWWCAPM,EQ,11.1,11.19,10.87,11.15,10.88,853914,94.27,2026-10-06
GROWWCHEM,EQ,28.49,28.74,28.19,28.53,28.24,9548,2.71,2026-10-06
GROWWDEFNC,EQ,92.79,94.21,91.21,93.91,91.87,193774,179.87,2026-10-06
GROWWEV,EQ,30.22,30.59,29.89,30.33,30.07,202152,61.09,2026-10-06
GROWWGOLD,EQ,14.33,14.38,14.24,14.35,14.35,2322289,332.02,2026-10-06
GROWWHOSPI,EQ,47.88,47.88,46.24,46.66,46.99,464735,215.99,2026-10-06
GROWWLIQID,EQ,111.03,111.04,111.03,111.03,111.02,91752,101.88,2026-10-06
GROWWLOVOL,EQ,9.78,9.99,9.7,9.89,9.79,7534,0.74,2026-10-06
GROWWMC150,EQ,219.58,220.92,218.27,220.9,218.98,1058,2.33,2026-10-06
GROWWMETAL,EQ,11.6,12.11,11.6,11.97,11.9,150772,18.13,2026-10-06
GROWWMOM50,EQ,10.6,10.76,10.5,10.72,10.5,68984,7.37,2026-10-06
GROWWN200,EQ,10.71,10.83,10.55,10.76,10.66,20480,2.2,2026-10-06
GROWWNET,EQ,10.05,10.32,9.98,10.26,10.0,549310,55.79,2026-10-06
GROWWNIFTY,EQ,9.32,9.32,9.11,9.22,9.17,468342,43.04,2026-10-06
GROWWNXT50,EQ,70.6,71.48,69.3,70.73,70.68,4191,2.95,2026-10-06
GROWWPOWER,EQ,10.93,11.03,10.83,11.01,10.84,1358202,149.14,2026-10-06
GROWWPSE,EQ,91.89,94.98,91.89,94.5,93.77,1453,1.37,2026-10-06
GROWWPSUBK,EQ,81.48,81.64,79.25,80.43,80.35,3904,3.13,2026-10-06
GROWWRAIL,EQ,26.21,26.33,25.94,26.05,26.08,357632,93.47,2026-10-06
GROWWRLTY,EQ,9.44,9.64,9.32,9.45,9.48,219880,20.69,2026-10-06
GROWWSC250,EQ,10.43,10.43,10.11,10.38,10.18,191013,19.75,2026-10-06
GROWWSLVR,EQ,21.53,21.61,21.37,21.59,21.71,958820,206.02,2026-10-06
GRPLTD,EQ,1877.2,1909.1,1850.0,1853.0,1868.9,754,14.06,2026-10-06
GRSE,EQ,2120.0,2143.6,2109.1,2137.3,2110.4,287612,6126.53,2026-10-06
GRWRHITECH,EQ,6800.0,7129.5,6771.0,7102.5,6725.5,91391,6397.29,2026-10-06
GSEC10ABSL,EQ,111.22,111.22,111.22,111.22,111.29,90,0.1,2026-10-06
GSEC10ADD,EQ,26.5,26.5,26.5,26.5,26.15,2014,0.53,2026-10-06
GSEC10IETF,EQ,261.5,262.22,259.1,259.19,260.0,4361,11.38,2026-10-06
GSEC10YEAR,EQ,30.33,30.33,29.73,29.79,30.18,4454,1.33,2026-10-06
GSEC5IETF,EQ,66.04,66.19,65.28,65.64,65.39,20748,13.66,2026-10-06
GSFC,EQ,148.0,153.95,148.0,153.47,147.26,963097,1458.97,2026-10-06
GSLSU,EQ,29.83,29.99,28.01,28.89,29.2,37399,10.79,2026-10-06
GSPCROP,EQ,455.05,484.0,452.85,476.65,457.4,250131,1162.7,2026-10-06
GSS,EQ,10.3,10.49,10.11,10.13,10.3,14564,1.5,2026-10-06
GTECJAINX,EQ,39.55,39.55,35.79,36.19,37.67,60594,23.26,2026-10-06
GTL,EQ,6.76,6.9,6.75,6.86,6.75,222012,15.17,2026-10-06
GTLINFRA,EQ,1.06,1.1,1.05,1.09,1.06,24823552,266.61,2026-10-06
GTPL,EQ,54.47,55.48,54.47,54.68,54.47,16120,8.83,2026-10-06
GUFICBIO,EQ,419.7,432.4,414.8,427.8,419.7,68074,289.06,2026-10-06
GUJALKALI,EQ,609.5,620.6,602.55,613.1,606.45,44900,274.39,2026-10-06
GUJAPOLLO,EQ,341.0,349.5,336.55,346.7,340.45,12346,42.45,2026-10-06
GUJENERGY,EQ,231.91,234.66,229.0,229.97,232.15,4815989,11098.63,2026-10-06
GUJRAFFIA,EQ,39.6,42.38,39.6,41.86,39.5,5526,2.28,2026-10-06
GUJTHEM,EQ,372.05,393.15,372.05,390.0,373.6,224486,859.89,2026-10-06
GULFOILLUB,EQ,1070.0,1095.0,1070.0,1087.9,1068.7,22705,246.36,2026-10-06
GULPOLY,EQ,160.7,168.9,160.69,167.92,160.84,117697,194.63,2026-10-06
GVPIL,EQ,718.0,739.0,700.0,734.85,704.35,421992,3054.25,2026-10-06
GVT&D,EQ,4242.0,4285.7,4228.4,4245.1,4247.5,614818,26151.71,2026-10-06
GYFTR,EQ,157.86,175.1,157.86,169.3,156.11,1294182,2175.71,2026-10-06
HAL,EQ,4680.0,4837.1,4680.0,4816.0,4680.0,935720,44761.2,2026-10-06
HALDER,EQ,258.12,266.0,255.23,263.84,258.03,2684,7.03,2026-10-06
HALDYNGL,EQ,144.95,144.95,140.3,142.27,142.85,43552,61.93,2026-10-06
HALEOSLABS,EQ,1560.0,1596.9,1560.0,1587.8,1549.2,782,12.36,2026-10-06
HAMPTON,EQ,8.4,8.4,7.87,8.09,8.0,3587,0.29,2026-10-06
HAPPSTMNDS,EQ,305.05,306.7,302.05,303.35,304.2,276347,839.53,2026-10-06
HAPPYFORGE,EQ,2040.0,2040.0,1950.0,1989.4,2013.2,185386,3670.35,2026-10-06
HARDWYN,EQ,9.41,9.99,9.11,9.22,9.34,826036,77.2,2026-10-06
HARIOMPIPE,EQ,328.0,339.95,325.0,336.5,324.6,78836,262.78,2026-10-06
HARRMALAYA,EQ,178.5,178.5,172.7,175.08,173.0,8051,14.06,2026-10-06
HARSHA,EQ,465.8,468.9,460.25,464.65,462.3,78390,363.79,2026-10-06
HATHWAY,EQ,9.37,10.0,9.37,9.8,9.4,2497478,240.78,2026-10-06
HATSUN,EQ,1143.5,1175.0,1137.3,1150.0,1143.5,24484,283.08,2026-10-06
HAVELLS,EQ,1050.0,1057.0,1039.6,1057.0,1046.7,946495,9927.91,2026-10-06
HAVISHA,EQ,1.36,1.52,1.26,1.36,1.4,74614,1.03,2026-10-06
HAWKINCOOK,EQ,8053.0,8099.0,7961.5,8009.5,7977.0,831,66.61,2026-10-06
HAZOOR,EQ,18.11,18.3,17.57,18.0,17.75,2456480,437.92,2026-10-06
HBESD,EQ,86.0,90.97,73.99,75.03,78.13,180036,148.61,2026-10-06
HBLENGINE,EQ,767.0,771.2,762.0,764.3,763.6,620183,4743.35,2026-10-06
HBPOR,EQ,59.45,62.89,59.08,59.27,61.3,196,0.12,2026-10-06
HBSL,EQ,56.0,58.4,55.82,57.91,55.82,4061,2.32,2026-10-06
HCC,EQ,20.06,20.56,20.06,20.26,20.0,11477346,2327.72,2026-10-06
HCG,EQ,678.5,683.8,652.8,680.55,669.05,115342,771.6,2026-10-06
HCL-INSYS,EQ,9.92,10.49,9.92,10.15,10.0,148330,14.99,2026-10-06
HCLTECH,EQ,1202.0,1208.9,1188.2,1204.4,1201.9,2002132,23949.42,2026-10-06
HDBFS,EQ,626.0,629.0,613.05,616.75,622.55,943452,5828.16,2026-10-06
HDFCAMC,EQ,2359.0,2366.9,2336.1,2352.4,2346.0,885381,20858.69,2026-10-06
HDFCBANK,EQ,705.6,714.7,701.0,711.45,704.8,26568270,188514.09,2026-10-06
HDFCBSE500,EQ,35.66,35.75,35.38,35.71,35.48,1003242,357.87,2026-10-06
HDFCGOLD,EQ,125.3,125.72,124.57,125.61,125.72,3814587,4782.3,2026-10-06
HDFCGROWTH,EQ,109.08,111.65,109.08,109.72,109.95,15007,16.45,2026-10-06
HDFCLIFE,EQ,533.45,551.4,528.05,543.95,531.0,8334621,45372.79,2026-10-06
HDFCLIQUID,EQ,1080.77,1080.92,1080.61,1080.91,1080.77,46756,505.39,2026-10-06
HDFCLOWVOL,EQ,19.15,19.43,19.15,19.35,19.16,1418,0.27,2026-10-06
HDFCMID150,EQ,22.5,22.77,22.0,22.2,22.22,272593,60.48,2026-10-06
HDFCMOMENT,EQ,29.96,30.25,29.71,30.13,29.71,173732,52.23,2026-10-06
HDFCNEXT50,EQ,71.22,71.65,70.61,71.54,70.81,79683,56.82,2026-10-06
HDFCNIF100,EQ,24.46,24.74,24.45,24.62,24.46,31920,7.84,2026-10-06
HDFCNIFBAN,EQ,56.19,56.88,56.19,56.61,56.23,80567,45.61,2026-10-06
HDFCNIFIT,EQ,30.15,30.31,29.81,29.94,30.15,118523,35.54,2026-10-06
HDFCNIFTY,EQ,254.91,257.58,254.29,256.42,254.91,1368678,3502.5,2026-10-06
HDFCNIMEG,EQ,125.61,126.38,125.16,125.71,124.97,100633,126.58,2026-10-06
HDFCPSUBK,EQ,81.06,82.05,80.5,80.82,81.09,28643,23.19,2026-10-06
HDFCPVTBAN,EQ,27.31,27.72,27.31,27.57,27.3,168807,46.56,2026-10-06
HDFCQUAL,EQ,55.02,55.54,55.01,55.45,55.06,3447,1.9,2026-10-06
HDFCSENSEX,EQ,82.02,82.91,82.02,82.75,82.04,41455,34.26,2026-10-06
HDFCSILVER,EQ,210.41,210.79,208.21,210.63,212.02,2776923,5820.44,2026-10-06
HDFCSML250,EQ,177.84,181.9,177.84,180.96,178.32,4177041,7529.16,2026-10-06
HDFCVALUE,EQ,118.64,119.14,118.46,118.58,118.12,12239,14.55,2026-10-06
HEADSUP,EQ,6.55,6.55,6.2,6.52,6.14,3719,0.24,2026-10-06
HEALTHADD,EQ,16.05,16.69,15.99,16.25,16.1,82750,13.43,2026-10-06
HEALTHAXIS,EQ,162.25,164.12,161.91,163.78,162.33,2581,4.22,2026-10-06
HEALTHCARE,EQ,20.4,21.57,20.4,21.02,20.81,11356,2.38,2026-10-06
HEALTHIETF,EQ,164.46,170.0,162.35,165.45,164.02,104323,171.19,2026-10-06
HEALTHX,EQ,277.0,285.85,276.0,284.95,277.0,7721,21.92,2026-10-06
HEALTHY,EQ,16.76,16.76,16.31,16.57,16.41,427669,70.56,2026-10-06
HECPROJECT,EQ,110.9,115.49,110.9,112.79,110.87,3866,4.38,2026-10-06
HEGAM,EQ,235.59,256.47,235.59,252.21,233.77,4802303,12036.66,2026-10-06
HEIDELBERG,EQ,130.49,130.95,127.41,127.78,130.11,275926,353.75,2026-10-06
HEMIPROP,EQ,111.53,113.88,111.5,113.53,111.53,195940,221.43,2026-10-06
HERANBA,EQ,167.15,173.9,166.2,169.0,167.58,30617,52.17,2026-10-06
HERITGFOOD,EQ,394.6,408.4,392.0,406.1,394.75,271576,1092.3,2026-10-06
HEROMOTOCO,EQ,5095.0,5113.5,5041.0,5075.0,5089.5,388296,19698.98,2026-10-06
HEROMOTORS,EQ,168.4,169.63,163.33,167.52,169.63,52806263,87806.41,2026-10-06
HESTERBIO,EQ,2130.0,2184.9,2090.2,2174.1,2105.5,4424,95.1,2026-10-06
HEXATRADEX,EQ,157.0,157.0,152.28,155.85,153.58,2219,3.44,2026-10-06
HEXT,EQ,499.5,504.0,490.3,500.3,495.15,99472,496.1,2026-10-06
HGINFRA,EQ,403.8,425.75,398.55,417.2,403.75,470243,1938.35,2026-10-06
HGM,EQ,39.0,41.95,38.98,39.28,38.97,4397,1.74,2026-10-06
HGS,EQ,364.0,366.4,360.1,361.4,364.95,13171,47.72,2026-10-06
HIKAL,EQ,215.3,227.16,213.21,226.43,214.45,608833,1349.85,2026-10-06
HILINFRA,EQ,44.7,45.71,43.66,45.36,43.71,145388,65.38,2026-10-06
HILTON,EQ,16.99,17.18,16.62,16.75,16.77,54257,9.16,2026-10-06
HIMATSEIDE,EQ,64.0,65.95,63.86,65.36,64.64,356115,232.06,2026-10-06
HINDADH,EQ,388.0,390.6,380.15,384.35,384.5,1531,5.9,2026-10-06
HINDALCO,EQ,945.35,950.4,935.1,940.5,938.4,2991457,28110.24,2026-10-06
HINDALUMI,EQ,91.83,92.84,89.99,90.32,91.83,2250,2.04,2026-10-06
HINDCOMPOS,EQ,406.0,406.0,397.0,401.45,400.65,13778,55.31,2026-10-06
HINDCOPPER,EQ,483.9,487.6,480.25,485.5,478.65,3645773,17643.45,2026-10-06
HINDOILEXP,EQ,164.01,167.79,164.01,166.35,164.87,254603,423.56,2026-10-06
HINDPETRO,EQ,344.05,351.75,343.45,351.0,342.35,3973902,13825.48,2026-10-06
HINDUNILVR,EQ,1847.9,1895.2,1834.2,1895.2,1838.4,1576062,29584.66,2026-10-06
HINDWAREAP,EQ,173.13,173.13,170.0,170.75,171.63,59957,102.1,2026-10-06
HINDZINC,EQ,564.15,567.4,557.05,557.65,560.95,2198787,12343.43,2026-10-06
HIRECT,EQ,1102.0,1157.0,1088.4,1146.8,1109.4,46766,529.58,2026-10-06
HISARMETAL,EQ,146.0,147.0,145.3,145.3,145.22,242,0.35,2026-10-06
HITECH,EQ,72.85,76.24,72.2,74.68,70.05,6307495,4664.25,2026-10-06
HLEGLAS,EQ,424.05,447.1,424.05,447.1,425.85,134283,593.16,2026-10-06
HLVLTD,EQ,6.12,6.33,6.05,6.13,6.21,199838,12.38,2026-10-06
HMAAGRO,EQ,23.4,24.74,23.31,24.56,23.4,2144577,518.86,2026-10-06
HNDFDS,EQ,570.0,591.0,570.0,584.75,570.05,68825,401.68,2026-10-06
HNGSNGBEES,EQ,469.0,469.0,458.03,460.99,457.63,63065,290.42,2026-10-06
HOMEFIRST,EQ,1091.3,1118.0,1091.3,1111.5,1096.2,212389,2348.11,2026-10-06
HONASA,EQ,449.0,493.0,446.7,478.3,442.1,24467750,116946.57,2026-10-06
HONAUT,EQ,34000.0,34080.0,33600.0,33780.0,33785.0,2116,714.1,2026-10-06
HONDAPOWER,EQ,1865.2,1914.9,1850.0,1885.9,1865.2,2399,45.22,2026-10-06
HORIZONIND,EQ,47.6,51.08,47.06,49.2,47.75,6215607,3082.95,2026-10-06
HPAL,EQ,34.4,34.69,33.3,34.37,33.9,43421,14.79,2026-10-06
HPIL,EQ,115.0,117.98,113.75,116.49,110.64,486,0.57,2026-10-06
HPL,EQ,263.0,277.0,263.0,272.7,264.75,119882,324.53,2026-10-06
HRYNSHP,EQ,96.65,96.65,95.87,95.9,96.65,296,0.29,2026-10-06
HSBCGOLD,EQ,126.55,128.08,126.55,128.02,128.04,1507,1.92,2026-10-06
HSCL,EQ,664.0,670.0,661.3,668.55,659.85,1016587,6768.86,2026-10-06
HTEL,EQ,70.53,75.81,70.53,73.81,70.43,1595964,1179.57,2026-10-06
HTMEDIA,EQ,22.14,23.15,22.0,22.99,22.14,46073,10.53,2026-10-06
HUBTOWN,EQ,169.11,174.65,168.01,170.0,168.09,598209,1020.3,2026-10-06
HUDCO,EQ,162.95,165.8,155.8,161.04,162.09,9805265,15578.07,2026-10-06
HUHTAMAKI,EQ,230.0,235.0,228.0,233.45,227.52,48214,111.88,2026-10-06
HYBRIDETF,EQ,9.78,9.86,9.64,9.83,9.78,131241,12.89,2026-10-06
HYBRIDFIN,EQ,17.43,17.89,16.81,17.56,17.43,4344,0.75,2026-10-06
HYUNDAI,EQ,2008.1,2014.0,1975.0,1989.0,2000.0,432970,8612.27,2026-10-06
IBULLSLTD,EQ,29.8,30.95,29.7,30.95,29.48,18672512,5719.99,2026-10-06
ICEMAKE,EQ,623.75,638.8,620.95,631.2,628.55,11370,71.81,2026-10-06
ICICIAMC,EQ,3062.2,3085.0,3040.0,3071.5,3061.2,275856,8444.75,2026-10-06
ICICIB22,EQ,112.08,112.08,109.64,110.0,109.88,803316,882.93,2026-10-06
ICICIBANK,EQ,1330.1,1343.5,1327.9,1342.8,1332.0,12201451,163192.98,2026-10-06
ICICIGI,EQ,1595.0,1606.0,1576.0,1598.3,1600.0,333763,5321.62,2026-10-06
ICICIPRULI,EQ,458.0,462.9,453.55,459.5,454.9,595212,2725.47,2026-10-06
ICIL,EQ,449.0,475.0,448.9,473.15,446.2,981220,4616.14,2026-10-06
ICRA,EQ,4297.5,4396.8,4271.7,4356.7,4297.5,20311,884.18,2026-10-06
IDBI,EQ,86.1,87.25,84.82,87.01,86.31,7936021,6853.05,2026-10-06
IDEA,EQ,12.77,13.22,12.76,13.21,12.74,337226121,44175.41,2026-10-06
IDEAFORGE,EQ,700.0,728.0,695.85,723.4,701.65,229168,1636.07,2026-10-06
IDFCFIRSTB,EQ,81.98,82.29,78.89,81.56,82.22,29054579,23472.83,2026-10-06
IDFNIFTYET,EQ,255.94,255.94,247.55,251.47,249.7,1341,3.37,2026-10-06
IEX,EQ,105.3,105.48,104.41,104.86,104.3,2589786,2719.52,2026-10-06
IFBAGRO,EQ,872.0,883.0,863.1,874.15,872.0,1401,12.25,2026-10-06
IFBIND,EQ,1188.0,1218.8,1177.8,1212.3,1178.8,18184,218.49,2026-10-06
IFCI,EQ,64.85,66.08,63.9,65.51,64.28,29555126,19336.76,2026-10-06
IFGLEXPOR,EQ,183.86,186.89,179.1,180.65,183.99,34436,62.82,2026-10-06
IGARASHI,EQ,390.6,417.4,389.65,401.4,389.65,187399,760.83,2026-10-06
IGCL,EQ,52.6,58.0,52.6,57.36,53.4,412022,226.44,2026-10-06
IGIL,EQ,316.4,321.35,313.05,319.6,316.25,436001,1383.33,2026-10-06
IGL,EQ,142.1,142.43,140.32,141.38,142.1,1219033,1722.54,2026-10-06
IGPL,EQ,550.5,599.9,550.5,589.5,554.0,175561,1031.76,2026-10-06
IIFL,EQ,601.65,603.7,590.45,601.7,601.15,1097013,6561.41,2026-10-06
IIFLCAPS,EQ,346.0,346.0,343.6,345.15,345.2,154566,533.21,2026-10-06
IITL,EQ,133.5,137.0,128.0,132.25,129.4,100782,132.05,2026-10-06
IKIO,EQ,192.0,198.2,192.0,195.87,192.22,80513,156.55,2026-10-06
IKS,EQ,1758.1,1777.1,1745.5,1761.0,1766.8,66106,1163.65,2026-10-06
IMAGICAA,EQ,48.76,50.29,48.76,49.92,48.76,435420,216.99,2026-10-06
IMFA,EQ,1159.1,1195.0,1158.9,1190.6,1158.9,78676,932.5,2026-10-06
IMPAL,EQ,1034.3,1050.0,1027.1,1036.5,1026.2,725,7.49,2026-10-06
INA,EQ,84.59,85.34,83.4,83.81,83.44,478784,402.69,2026-10-06
INCREDIBLE,EQ,32.25,32.25,31.12,31.42,31.48,754,0.24,2026-10-06
INDBANK,EQ,25.2,25.5,24.88,25.23,25.17,35543,8.96,2026-10-06
INDGN,EQ,595.0,598.4,591.0,596.3,598.45,133215,791.9,2026-10-06
INDHOTEL,EQ,720.3,736.0,720.3,736.0,725.0,2461719,17982.54,2026-10-06
INDIACEM,EQ,299.75,303.15,294.15,295.25,299.05,139497,415.68,2026-10-06
INDIAGLYCO,EQ,305.0,324.75,303.05,318.95,303.35,613990,1952.16,2026-10-06
INDIAMART,EQ,1584.0,1616.0,1584.0,1592.9,1591.5,41629,664.56,2026-10-06
INDIANB,EQ,812.0,819.0,807.7,813.0,810.0,888598,7215.59,2026-10-06
INDIANCARD,EQ,190.0,190.0,184.83,187.86,184.82,216,0.4,2026-10-06
INDIANHUME,EQ,337.7,342.5,333.6,341.2,335.7,40380,136.7,2026-10-06
INDIASHLTR,EQ,641.0,648.3,635.0,636.35,646.6,37403,239.48,2026-10-06
INDIGO,EQ,4954.9,5057.6,4925.1,5050.5,4935.0,613781,30724.54,2026-10-06
INDIGOPNTS,EQ,1045.0,1069.2,1032.5,1062.4,1040.0,40882,429.26,2026-10-06
INDIQUBE,EQ,196.03,199.58,195.51,197.32,197.4,13399,26.42,2026-10-06
INDNIPPON,EQ,1233.7,1248.5,1215.1,1241.7,1220.3,24214,297.25,2026-10-06
INDOAMIN,EQ,146.9,168.0,145.69,161.16,143.31,8043089,12948.52,2026-10-06
INDOBORAX,EQ,465.7,497.6,459.0,491.75,460.65,194721,948.93,2026-10-06
INDOCO,EQ,248.15,249.95,244.5,247.15,246.8,168290,415.86,2026-10-06
INDOFARM,EQ,131.7,137.0,130.11,134.32,129.43,165385,221.03,2026-10-06
INDOKEM,EQ,614.95,614.95,592.1,596.85,598.25,3482,20.85,2026-10-06
INDOMIM,EQ,1329.9,1360.0,1305.0,1350.2,1320.4,953041,12735.22,2026-10-06
INDORAMA,EQ,93.68,96.34,92.42,95.1,93.69,603328,570.2,2026-10-06
INDOSTAR,EQ,206.56,207.9,197.58,199.55,204.33,161211,326.17,2026-10-06
INDOTECH,EQ,3275.4,3400.0,3275.4,3352.8,3275.4,22557,753.83,2026-10-06
INDOTHAI,EQ,37.59,38.78,37.09,38.78,36.94,552471,211.87,2026-10-06
INDOUS,EQ,78.92,78.92,73.99,75.53,75.5,6111,4.65,2026-10-06
INDOWIND,EQ,8.55,8.8,8.5,8.56,8.41,85003,7.35,2026-10-06
INDPRUD,EQ,6400.0,6400.0,6050.0,6299.5,6350.0,227,13.96,2026-10-06
INDRAMEDCO,EQ,334.0,336.55,327.35,335.15,333.95,209881,700.72,2026-10-06
INDSWFTLAB,EQ,388.7,401.5,386.9,400.45,385.75,369560,1456.27,2026-10-06
INDTERRAIN,EQ,29.04,29.73,29.04,29.22,29.36,16070,4.69,2026-10-06
INDUSINDBK,EQ,886.0,907.0,883.55,906.1,886.6,2405486,21676.48,2026-10-06
INDUSTOWER,EQ,382.8,392.3,382.7,389.1,380.2,5484978,21371.35,2026-10-06
INFOBEAN,EQ,150.0,150.65,147.01,149.46,148.08,116776,173.79,2026-10-06
INFOMEDIA,EQ,5.47,5.47,5.15,5.21,5.21,10232,0.53,2026-10-06
INFRA,EQ,11.54,11.6,11.53,11.59,11.44,7326,0.85,2026-10-06
INFRABEES,EQ,898.85,914.79,897.54,909.15,898.85,18900,171.54,2026-10-06
INFRAIETF,EQ,90.15,91.13,89.52,90.52,90.15,48309,43.55,2026-10-06
INFY,EQ,1018.0,1020.5,1003.15,1013.85,1020.5,8252213,83250.29,2026-10-06
INGERRAND,EQ,4154.0,4187.9,4117.0,4130.8,4154.2,5472,226.79,2026-10-06
INNOVACAP,EQ,1145.4,1159.2,1115.0,1141.8,1145.4,71879,820.13,2026-10-06
INNOVANA,EQ,298.25,303.45,292.9,294.85,302.3,22993,68.02,2026-10-06
INNOVISION,EQ,254.0,258.1,252.2,256.5,254.25,7240,18.43,2026-10-06
INOXGREEN,EQ,149.95,152.2,144.1,146.59,149.95,2572640,3793.76,2026-10-06
INOXINDIA,EQ,2125.0,2146.0,2068.0,2077.3,2089.1,331952,6982.6,2026-10-06
INOXWIND,EQ,68.01,70.24,67.51,68.7,67.8,10428766,7209.35,2026-10-06
INSECTICID,EQ,583.95,585.0,579.25,584.15,578.8,7785,45.28,2026-10-06
INSPIRISYS,EQ,84.0,85.79,82.6,83.76,83.02,1388,1.16,2026-10-06
INSUREIETF,EQ,14.62,14.95,14.49,14.72,14.54,1433175,209.7,2026-10-06
INTELLECT,EQ,600.0,608.0,595.0,601.4,600.2,288653,1732.95,2026-10-06
INTENTECH,EQ,80.18,84.5,80.18,84.1,80.58,94403,76.98,2026-10-06
INTERARCH,EQ,1678.3,1709.9,1661.7,1685.6,1661.7,57491,969.97,2026-10-06
INTERNET,EQ,13.55,13.79,13.55,13.78,13.46,214061,29.36,2026-10-06
INTLCONV,EQ,80.86,81.8,80.0,80.02,80.06,19239,15.44,2026-10-06
INVENTURE,EQ,0.85,0.86,0.85,0.85,0.85,472880,4.04,2026-10-06
IOB,EQ,31.4,31.62,30.94,31.46,31.35,2269424,709.0,2026-10-06
IOC,EQ,131.0,131.6,129.55,131.6,130.5,6515655,8513.12,2026-10-06
IOLCP,EQ,206.5,216.55,204.73,214.9,205.71,3889322,8270.85,2026-10-06
IONEXCHANG,EQ,402.85,411.0,399.65,409.2,401.75,113442,462.38,2026-10-06
IPCALAB,EQ,1951.2,1965.0,1932.0,1945.5,1951.3,271603,5274.2,2026-10-06
IPL,EQ,129.0,133.3,127.5,132.6,128.75,220828,288.35,2026-10-06
IPRINGLTD,EQ,137.15,144.0,137.0,143.67,137.15,834,1.19,2026-10-06
IRB,EQ,16.92,18.23,16.84,17.84,16.87,14815112,2602.0,2026-10-06
IRCON,EQ,106.98,109.58,106.46,107.86,106.88,2577615,2786.0,2026-10-06
IRCTC,EQ,452.8,460.05,451.5,454.8,452.8,718299,3269.88,2026-10-06
IREDA,EQ,110.0,110.23,108.8,109.0,109.0,3014460,3296.44,2026-10-06
IRFC,EQ,76.98,78.07,76.33,77.1,76.5,6659066,5146.44,2026-10-06
IRIS,EQ,220.22,226.99,217.8,221.57,220.46,18132,40.01,2026-10-06
IRISDOREME,EQ,60.35,60.58,58.2,58.45,59.69,130667,77.04,2026-10-06
IRMENERGY,EQ,256.2,264.45,256.2,262.1,259.5,37776,98.7,2026-10-06
ISGEC,EQ,899.6,913.45,898.0,905.0,899.3,52570,474.79,2026-10-06
ISHANCH,EQ,47.39,48.96,46.05,47.92,47.39,10450,4.99,2026-10-06
ISTLTD,EQ,622.3,651.45,620.55,637.2,610.5,871,5.53,2026-10-06
IT,EQ,31.32,31.98,31.0,31.19,31.32,340246,106.31,2026-10-06
ITADD,EQ,29.96,29.99,29.67,29.79,29.97,14482,4.32,2026-10-06
ITAXIS,EQ,310.98,310.98,307.42,307.77,312.02,3520,10.87,2026-10-06
ITBEES,EQ,31.56,31.57,31.07,31.17,31.35,5346868,1667.41,2026-10-06
ITBETA,EQ,297.6,297.6,294.68,295.0,297.84,207,0.61,2026-10-06
ITC,EQ,269.0,269.4,263.95,266.7,268.9,22132738,58853.44,2026-10-06
ITCHOTELS,EQ,159.5,160.8,158.3,160.21,158.96,1237693,1975.2,2026-10-06
ITDC,EQ,664.8,678.0,662.4,675.25,664.8,74057,497.58,2026-10-06
ITETF,EQ,30.1,30.24,29.63,29.72,29.95,442262,131.56,2026-10-06
ITI,EQ,241.0,253.98,241.0,247.84,240.75,567023,1408.36,2026-10-06
ITIETF,EQ,31.56,31.56,31.1,31.22,31.39,233795,72.98,2026-10-06
ITL,EQ,356.0,370.0,352.05,366.75,355.4,1583,5.71,2026-10-06
IVALUE,EQ,226.02,232.56,226.01,229.45,228.29,93436,214.21,2026-10-06
IVC,EQ,7.98,8.1,7.85,8.0,7.85,161487,12.92,2026-10-06
IVZBANKNF,EQ,54.57,55.14,54.57,55.12,54.57,330,0.18,2026-10-06
IVZINGOLD,EQ,126.3,128.6,126.3,128.2,128.2,126913,162.13,2026-10-06
IVZINNIFTY,EQ,265.7,265.7,258.62,261.31,259.22,127,0.33,2026-10-06
IVZSENSEX,EQ,72.5,74.66,72.38,73.2,72.45,716,0.52,2026-10-06
IWP,EQ,39.0,39.0,35.85,37.38,38.73,16737,6.26,2026-10-06
IXIGO,EQ,161.03,161.83,158.24,160.13,161.0,1707336,2729.13,2026-10-06
IZMO,EQ,870.0,875.95,860.6,864.3,870.7,43464,376.09,2026-10-06
J&KBANK,EQ,141.5,142.25,139.0,139.5,141.53,1505658,2114.09,2026-10-06
JAGRAN,EQ,61.33,62.14,61.33,61.72,61.33,99565,61.53,2026-10-06
JAGSNPHARM,EQ,228.9,235.99,227.01,233.63,229.47,58557,136.56,2026-10-06
JAIBALAJI,EQ,62.49,64.17,61.53,64.17,61.12,469887,299.51,2026-10-06
JAICORPLTD,EQ,89.46,90.4,88.36,90.17,88.49,301894,270.81,2026-10-06
JAINREC,EQ,291.85,292.9,288.6,290.15,290.45,439000,1277.28,2026-10-06
JAIPURKURT,EQ,25.51,28.0,25.51,27.37,26.01,99083,26.88,2026-10-06
JAMNAAUTO,EQ,136.0,145.44,134.45,144.21,134.45,6124884,8743.07,2026-10-06
JARO,EQ,405.7,416.9,405.7,413.85,405.15,112093,460.82,2026-10-06
JASH,EQ,600.0,600.0,586.0,594.95,598.1,176581,1047.06,2026-10-06
JAYAGROGN,EQ,213.8,221.49,213.8,219.16,211.82,7595,16.51,2026-10-06
JAYBARMARU,EQ,129.8,134.37,126.7,134.37,127.98,809825,1068.13,2026-10-06
JAYKAY,EQ,230.33,243.89,228.01,240.02,221.97,6303237,14880.86,2026-10-06
JAYNECOIND,EQ,91.0,95.31,90.75,94.45,91.0,3108994,2901.47,2026-10-06
JAYSREETEA,EQ,83.9,87.26,82.62,85.74,82.7,24644,21.03,2026-10-06
JBMA,EQ,544.55,559.45,544.35,555.65,544.55,252185,1396.06,2026-10-06
JENBURPH,EQ,900.4,920.85,893.05,905.55,900.4,1456,13.14,2026-10-06
JETFREIGHT,EQ,19.85,20.24,19.46,19.8,19.85,104313,20.72,2026-10-06
JGCHEM,EQ,611.0,668.5,611.0,665.45,609.65,750821,4872.97,2026-10-06
JINDALPHOT,EQ,1024.5,1049.8,1012.0,1024.8,1024.7,1695,17.29,2026-10-06
JINDALPOLY,EQ,655.45,670.0,647.15,658.35,641.6,13687,89.78,2026-10-06
JINDALSAW,EQ,276.5,283.7,274.75,282.4,275.0,1056608,2955.59,2026-10-06
JINDALSTEL,EQ,1090.0,1090.0,1034.8,1085.9,1097.3,4442649,47604.18,2026-10-06
JINDRILL,EQ,588.0,593.0,584.6,590.7,585.95,94159,555.42,2026-10-06
JINDWORLD,EQ,45.37,45.97,45.1,45.39,45.37,1298991,590.48,2026-10-06
JIOFIN,EQ,212.9,219.38,211.7,217.9,212.0,16691895,36204.97,2026-10-06
JISLDVREQS,EQ,18.99,19.39,18.6,18.96,18.89,7394,1.4,2026-10-06
JISLJALEQS,EQ,26.86,27.1,26.5,26.65,26.81,1608630,430.79,2026-10-06
JITFINFRA,EQ,270.9,278.0,268.0,275.1,266.5,9775,26.52,2026-10-06
JKCEMENT,EQ,4952.5,5000.0,4945.5,4960.0,4981.5,9886,491.35,2026-10-06
JKIL,EQ,453.7,455.3,445.15,448.3,453.7,52805,236.81,2026-10-06
JKIPL,EQ,94.83,97.98,94.5,95.52,95.13,4014,3.86,2026-10-06
JKLAKSHMI,EQ,467.05,486.0,467.05,478.45,466.8,114155,546.56,2026-10-06
JKPAPER,EQ,387.5,400.75,385.65,393.45,385.65,307769,1213.68,2026-10-06
JKTYRE,EQ,340.3,342.25,338.05,339.35,338.85,354281,1203.54,2026-10-06
JLHL,EQ,258.85,258.85,252.0,253.85,253.9,46251,117.26,2026-10-06
JMA,EQ,87.07,88.8,86.0,86.92,87.07,8435,7.35,2026-10-06
JMFINANCIL,EQ,123.25,125.25,123.0,124.0,123.1,1300787,1616.69,2026-10-06
JNKINDIA,EQ,436.95,443.65,429.05,440.95,432.2,59918,263.34,2026-10-06
JNPR,EQ,271.3,284.5,271.2,280.6,271.3,766346,2134.03,2026-10-06
JOCIL,EQ,147.84,149.69,147.0,148.47,147.84,937,1.38,2026-10-06
JPOLYINVST,EQ,892.9,929.0,892.9,923.9,891.2,2637,24.05,2026-10-06
JPPOWER,EQ,15.0,15.23,14.96,15.0,14.91,30812762,4648.3,2026-10-06
JSFB,EQ,498.6,503.1,496.5,499.85,498.6,340187,1701.04,2026-10-06
JSL,EQ,742.5,759.6,742.05,750.95,742.0,476717,3589.25,2026-10-06
JSLL,EQ,450.95,456.7,440.0,441.25,449.9,742814,3318.74,2026-10-06
JSWCEMENT,EQ,111.35,113.6,110.48,113.2,111.09,1257168,1413.79,2026-10-06
JSWDULUX,EQ,2970.0,3019.8,2955.1,3004.8,2964.8,17773,531.63,2026-10-06
JSWENERGY,EQ,492.0,505.2,490.65,494.9,491.8,3951551,19684.75,2026-10-06
JSWHL,EQ,11380.0,11445.0,11265.0,11313.0,11350.0,2550,288.69,2026-10-06
JSWINFRA,EQ,361.5,366.95,359.4,363.05,359.4,2318315,8410.37,2026-10-06
JSWSTEEL,EQ,1241.9,1261.5,1233.5,1259.6,1235.3,1326118,16626.98,2026-10-06
JTEKTINDIA,EQ,114.05,115.95,113.55,115.38,113.68,65534,75.23,2026-10-06
JTLIND,EQ,84.9,86.54,83.57,84.53,84.98,3609155,3043.48,2026-10-06
JUBLCPL,EQ,2023.6,2063.9,1994.7,2003.5,2021.8,4932,99.78,2026-10-06
JUBLFOOD,EQ,445.55,462.1,444.45,449.75,445.7,1587592,7256.14,2026-10-06
JUBLINGREA,EQ,633.2,647.9,629.15,644.25,632.2,188089,1210.23,2026-10-06
JUBLPHARMA,EQ,982.0,996.6,970.1,989.2,981.6,174777,1722.59,2026-10-06
JUNIORBEES,EQ,753.2,761.23,743.0,758.79,748.46,404843,3057.17,2026-10-06
JUNIPER,EQ,218.9,220.59,214.81,218.36,216.0,110549,240.8,2026-10-06
JUSTDIAL,EQ,651.0,661.95,650.0,658.95,651.35,52473,343.41,2026-10-06
JWL,EQ,223.5,226.9,221.78,224.64,223.44,775749,1743.33,2026-10-06
JYOTHYLAB,EQ,181.5,183.93,180.94,183.32,180.93,128353,234.45,2026-10-06
JYOTICNC,EQ,1042.7,1077.0,1029.1,1073.1,1029.6,557011,5913.03,2026-10-06
JYOTIRES,EQ,840.0,850.0,832.0,849.6,832.9,4245,35.63,2026-10-06
JYOTISTRUC,EQ,8.61,8.99,8.61,8.94,8.67,3309242,293.52,2026-10-06
KAJARIACER,EQ,1218.0,1229.8,1197.1,1213.8,1214.4,388375,4699.26,2026-10-06
KAKATCEM,EQ,105.9,108.6,104.0,105.44,104.79,3216,3.4,2026-10-06
KALAMANDIR,EQ,75.69,77.9,75.12,77.36,74.98,488052,373.77,2026-10-06
KALPATARU,EQ,274.6,275.45,268.6,269.8,272.3,77594,209.79,2026-10-06
KALYANKJIL,EQ,557.0,581.9,546.55,548.15,556.85,14873008,83859.34,2026-10-06
KAMAHOLD,EQ,2260.0,2319.0,2230.2,2253.3,2229.3,1608,36.24,2026-10-06
KAMANWALA,EQ,17.8,17.8,16.6,17.4,16.6,299,0.05,2026-10-06
KAMATHOTEL,EQ,249.65,264.89,249.64,258.82,245.99,574646,1488.76,2026-10-06
KAMDHENU,EQ,37.15,37.94,36.41,37.31,36.73,716062,266.1,2026-10-06
KAMOPAINTS,EQ,4.11,4.19,4.1,4.11,4.11,120710,4.98,2026-10-06
KANANIIND,EQ,1.31,1.37,1.26,1.35,1.3,100373,1.35,2026-10-06
KANCHI,EQ,375.0,381.45,365.1,371.65,378.7,1771,6.65,2026-10-06
KANCOTEA,EQ,54.0,54.0,48.33,50.47,51.69,482,0.24,2026-10-06
KANOHAR,EQ,1037.0,1047.6,915.0,942.5,1020.25,11936772,117820.42,2026-10-06
KANPRPLA,EQ,256.7,257.0,245.0,250.9,252.24,9852,24.84,2026-10-06
KANSAINER,EQ,178.95,184.85,176.09,184.0,176.97,331156,599.4,2026-10-06
KAPSTON,EQ,555.0,555.0,541.35,547.25,548.6,49283,270.03,2026-10-06
KARAMTARA,EQ,421.0,444.0,414.1,438.8,416.3,3070483,13269.19,2026-10-06
KARMAENG,EQ,35.0,36.9,35.0,36.28,35.9,1261,0.46,2026-10-06
KARURVYSYA,EQ,324.55,329.35,323.0,325.2,324.7,1631557,5319.48,2026-10-06
KAYNES,EQ,3430.8,3430.8,3333.0,3405.0,3394.8,908631,30765.55,2026-10-06
KCP,EQ,155.6,158.99,151.35,154.41,155.61,200701,310.19,2026-10-06
KDDL,EQ,3963.2,4073.9,3958.9,3999.9,3943.4,19017,765.22,2026-10-06
KDGREEN,EQ,46.83,51.43,46.83,49.19,48.29,47418,23.28,2026-10-06
KEC,EQ,373.7,376.95,369.05,374.9,370.55,941989,3528.97,2026-10-06
KECL,EQ,127.6,129.3,124.13,128.11,125.42,151467,192.1,2026-10-06
KEEPLEARN,EQ,1.79,1.95,1.7,1.79,1.79,80648,1.48,2026-10-06
KEI,EQ,4626.2,4639.0,4557.4,4557.4,4638.2,413199,19008.54,2026-10-06
KELLTONTEC,EQ,12.12,12.5,12.1,12.41,12.18,1263362,154.59,2026-10-06
KENNAMET,EQ,4193.6,4301.9,4193.6,4268.6,4193.7,18118,772.66,2026-10-06
KERNEX,EQ,1660.0,1770.0,1658.9,1749.7,1661.8,208295,3592.58,2026-10-06
KESORAMIND,EQ,10.27,10.76,10.27,10.76,10.25,595493,63.58,2026-10-06
KEYFINSERV,EQ,247.9,247.9,235.33,241.53,237.01,631,1.53,2026-10-06
KFINTECH,EQ,870.0,887.0,858.65,863.8,867.5,518303,4515.45,2026-10-06
KHAICHEM,EQ,48.85,48.99,48.01,48.73,48.03,130507,63.24,2026-10-06
KHAITANLTD,EQ,143.0,146.9,139.4,145.6,144.31,1721,2.48,2026-10-06
KHANDSE,EQ,17.58,17.58,16.52,16.97,16.92,153,0.03,2026-10-06
KICL,EQ,4664.0,4837.5,4664.0,4808.3,4709.8,686,32.89,2026-10-06
KILITCH,EQ,244.0,267.8,236.3,260.7,233.74,661834,1692.04,2026-10-06
KIMS,EQ,710.15,711.95,691.0,693.4,705.45,913768,6358.39,2026-10-06
KINGFA,EQ,6700.0,6996.0,6676.5,6932.0,6669.0,24558,1690.79,2026-10-06
KIOCL,EQ,326.2,347.95,324.3,344.6,322.65,139535,471.67,2026-10-06
KIRANVYPAR,EQ,178.19,182.9,176.0,177.05,179.99,997,1.77,2026-10-06
KIRIINDUS,EQ,544.0,567.7,544.0,564.1,542.4,712617,3998.46,2026-10-06
KIRLFER,EQ,461.1,475.05,461.1,472.75,465.0,57417,270.41,2026-10-06
KIRLOSBROS,EQ,1746.5,1765.0,1735.1,1745.3,1742.4,26434,462.42,2026-10-06
KIRLOSENG,EQ,2258.8,2275.5,2221.0,2266.1,2243.7,392965,8834.35,2026-10-06
KIRLOSIND,EQ,3529.0,3600.5,3471.0,3542.5,3467.0,8925,316.54,2026-10-06
KIRLPNU,EQ,675.0,714.45,672.5,710.85,677.6,250315,1741.67,2026-10-06
KISSHT,EQ,381.0,384.75,375.3,383.1,379.2,692711,2636.18,2026-10-06
KITEX,EQ,117.71,121.48,116.84,118.96,118.02,266370,318.1,2026-10-06
KJMCFIN,EQ,59.32,59.32,57.2,59.03,58.25,737,0.44,2026-10-06
KKCL,EQ,475.0,475.95,461.55,474.55,470.4,14216,66.78,2026-10-06
KLBRENG-B,EQ,523.0,537.0,520.0,528.4,524.3,147354,781.3,2026-10-06
KMCSHIL,EQ,171.39,171.39,165.5,170.36,169.38,346101,582.4,2026-10-06
KMEW,EQ,3028.0,3242.0,2996.1,3202.3,2992.5,268808,8516.98,2026-10-06
KNACK,EQ,190.45,201.32,188.15,197.34,188.91,2606145,5095.68,2026-10-06
KNAGRI,EQ,201.7,209.1,201.7,205.0,198.83,4087,8.42,2026-10-06
KNRCON,EQ,111.96,116.41,111.96,115.65,111.89,1452660,1670.33,2026-10-06
KOHINOOR,EQ,29.02,29.69,28.71,28.89,28.95,105472,30.53,2026-10-06
KOKUYOCMLN,EQ,75.82,76.0,74.0,74.57,75.82,23294,17.37,2026-10-06
KOLTEPATIL,EQ,427.5,437.2,427.15,433.55,430.45,55259,239.18,2026-10-06
KOPRAN,EQ,268.7,274.7,265.0,269.6,268.7,359825,971.21,2026-10-06
KOTAKBANK,EQ,422.0,435.3,421.3,431.9,416.0,40021922,172608.89,2026-10-06
KOTHARIPET,EQ,127.59,129.59,125.6,127.53,125.53,42054,53.71,2026-10-06
KOTHARIPRO,EQ,65.76,65.76,63.5,64.64,63.44,1756,1.13,2026-10-06
KOTIC,EQ,150.24,152.47,146.0,147.33,148.68,4545,6.75,2026-10-06
KOTYARK,EQ,28.86,30.25,26.51,29.98,28.26,516636,149.97,2026-10-06
KOVAI,EQ,5925.5,5994.0,5924.0,5936.0,5963.0,4135,245.53,2026-10-06
KPEL,EQ,215.0,217.89,212.1,215.47,213.74,207525,445.03,2026-10-06
KPIGREEN,EQ,326.3,335.45,319.1,326.8,321.85,1238987,4043.8,2026-10-06
KPIL,EQ,1378.8,1490.0,1378.8,1451.5,1378.8,652356,9492.18,2026-10-06
KPITTECH,EQ,490.3,497.9,488.3,492.7,489.5,965926,4759.05,2026-10-06
KPL,EQ,3644.2,3777.0,3580.5,3745.0,3644.2,29281,1082.61,2026-10-06
KPRMILL,EQ,1080.5,1103.0,1074.1,1100.4,1072.6,75276,822.52,2026-10-06
KRBL,EQ,382.5,402.45,381.55,389.15,382.15,688266,2701.84,2026-10-06
KREBSBIO,EQ,63.65,63.65,57.2,58.86,63.96,81033,48.14,2026-10-06
KRIDHANINF,EQ,1.93,1.93,1.88,1.88,1.89,9034,0.17,2026-10-06
KRISHANA,EQ,190.0,196.5,186.52,193.66,185.83,1697639,3258.91,2026-10-06
KRISHIVAL,EQ,406.05,408.0,403.5,404.45,406.5,2752,11.17,2026-10-06
KRISHNADEF,EQ,1294.0,1329.0,1226.1,1312.3,1201.0,1729929,22062.37,2026-10-06
KRITI,EQ,61.99,61.99,58.15,60.03,60.92,7079,4.22,2026-10-06
KRITIKA,EQ,4.99,4.99,4.7,4.95,4.78,55178,2.71,2026-10-06
KRITINUT,EQ,70.11,72.72,70.11,72.61,69.26,9501,6.87,2026-10-06
KRN,EQ,1402.2,1462.3,1400.0,1462.3,1392.7,105952,1540.29,2026-10-06
KROSS,EQ,253.6,256.2,244.75,253.2,253.6,458241,1150.49,2026-10-06
KRSNAA,EQ,558.95,564.0,550.0,552.7,559.35,33501,185.89,2026-10-06
KRYSTAL,EQ,654.65,674.0,640.0,656.65,654.65,15827,104.47,2026-10-06
KSB,EQ,805.0,814.3,793.05,809.1,803.95,139737,1122.0,2026-10-06
KSCL,EQ,702.85,723.55,702.05,717.45,701.55,170806,1219.77,2026-10-06
KSE,EQ,173.0,178.8,173.0,176.86,174.6,6800,11.99,2026-10-06
KSHINTL,EQ,1036.0,1054.8,1025.0,1034.1,1036.7,281870,2925.7,2026-10-06
KSL,EQ,923.0,949.0,923.0,942.8,921.3,65980,620.76,2026-10-06
KSOLVES,EQ,246.97,251.0,245.0,248.96,248.86,21403,53.06,2026-10-06
KTKBANK,EQ,329.0,329.9,323.0,324.25,326.75,1512757,4928.14,2026-10-06
KUANTUM,EQ,77.43,77.57,74.6,75.31,76.43,66071,50.22,2026-10-06
KUSUMGAR,EQ,603.0,631.95,601.2,611.0,602.0,329899,2043.48,2026-10-06
KWIL,EQ,38.1,38.87,37.99,38.29,37.88,5805866,2229.47,2026-10-06
LAGNAM,EQ,76.7,76.7,68.83,73.59,71.1,1365,0.98,2026-10-06
LAHOTIOV,EQ,39.03,40.0,39.0,39.12,39.98,5017,2.0,2026-10-06
LAKSHMIMIL,EQ,7800.0,7991.5,7600.0,7733.5,7855.0,115,8.96,2026-10-06
LAL,EQ,8.45,8.79,8.36,8.5,8.45,13135,1.12,2026-10-06
LALITHAA,EQ,395.8,408.25,389.95,405.45,392.6,2951065,11773.22,2026-10-06
LALPATHLAB,EQ,1993.2,2018.7,1945.9,1964.2,1971.3,245709,4872.29,2026-10-06
LAMBODHARA,EQ,126.6,142.0,126.6,135.95,126.51,67140,91.35,2026-10-06
LANCER,EQ,11.49,11.49,11.16,11.28,11.15,184522,20.83,2026-10-06
LANDMARK,EQ,475.0,484.0,469.85,480.6,470.7,71976,343.96,2026-10-06
LANDSMILL,EQ,1.02,1.05,0.93,0.93,1.03,11262310,108.52,2026-10-06
LAOPALA,EQ,154.0,159.9,154.0,159.07,154.47,125550,197.14,2026-10-06
LARGEMID50,EQ,34.51,34.63,34.46,34.63,34.31,25,0.01,2026-10-06
LASERPOWER,EQ,271.0,279.95,265.85,278.8,267.75,681633,1867.46,2026-10-06
LATENTVIEW,EQ,237.0,238.77,232.5,233.28,235.68,267880,628.12,2026-10-06
LATTEYS,EQ,20.41,23.98,20.41,21.89,20.4,135856,29.56,2026-10-06
LAURUSLABS,EQ,1968.9,2054.9,1958.0,2050.0,1971.4,2197316,44149.33,2026-10-06
LAXMICOT,EQ,12.91,13.29,12.43,12.63,12.91,8119,1.04,2026-10-06
LAXMIDENTL,EQ,190.54,192.38,188.21,190.53,190.54,34854,66.41,2026-10-06
LAXMIINDIA,EQ,114.4,114.96,111.0,111.59,112.94,110943,124.74,2026-10-06
LCCPROJECT,EQ,142.03,146.9,138.8,144.08,148.44,1374162,1968.22,2026-10-06
LCL,EQ,582.7,634.45,581.55,627.55,578.95,2300964,14244.14,2026-10-06
LEAPIND,EQ,142.88,145.48,141.94,142.48,141.35,1035046,1485.77,2026-10-06
LEMERITE,EQ,20.6,20.6,19.4,19.8,20.04,142615,28.44,2026-10-06
LEMONTREE,EQ,107.86,110.5,107.5,110.12,107.86,4208738,4587.37,2026-10-06
LENSKART,EQ,692.15,695.0,682.5,684.85,692.75,2891155,19877.35,2026-10-06
LEXUS,EQ,10.91,10.93,10.5,10.81,10.81,11175,1.2,2026-10-06
LFIC,EQ,128.0,133.0,127.2,130.42,128.62,434,0.56,2026-10-06
LGBBROSLTD,EQ,1674.9,1674.9,1640.0,1657.8,1663.5,27432,454.52,2026-10-06
LGEINDIA,EQ,1775.0,1789.6,1750.0,1758.6,1770.9,687055,12142.27,2026-10-06
LGHL,EQ,224.0,224.0,210.0,213.69,213.99,18433,39.42,2026-10-06
LIBAS,EQ,11.42,12.0,11.0,11.51,11.21,128333,14.56,2026-10-06
LIBERTSHOE,EQ,212.44,219.5,211.71,218.57,212.42,14502,31.43,2026-10-06
LICHSGFIN,EQ,505.3,507.55,498.85,502.0,505.0,1198970,6024.94,2026-10-06
LICI,EQ,390.0,392.2,386.5,390.0,388.7,3373619,13161.11,2026-10-06
LICMFGOLD,EQ,132.3,132.35,131.25,132.0,132.35,77864,102.59,2026-10-06
LICNETFGSC,EQ,29.25,29.25,28.99,29.02,28.99,5566,1.62,2026-10-06
LICNETFN50,EQ,255.04,255.84,253.87,255.83,254.27,80,0.2,2026-10-06
LICNETFSEN,EQ,866.0,866.0,823.0,823.0,822.49,2,0.02,2026-10-06
LICNFNHGP,EQ,261.09,266.28,261.04,262.4,261.09,83,0.22,2026-10-06
LICNMID100,EQ,59.22,59.85,59.07,59.62,59.48,2932,1.75,2026-10-06
LIKHITHA,EQ,225.47,228.68,223.51,226.66,227.43,24710,55.87,2026-10-06
LINC,EQ,87.53,88.6,87.0,88.25,87.53,4395,3.87,2026-10-06
LINCOLN,EQ,573.4,586.65,569.2,577.8,567.2,15982,91.93,2026-10-06
LINDEINDIA,EQ,6030.0,6171.0,6029.5,6152.5,6041.0,17348,1062.76,2026-10-06
LIQGRWBEES,EQ,1058.3,1058.32,1058.3,1058.31,1058.17,85518,905.04,2026-10-06
LIQUID,EQ,999.99,1000.0,999.99,999.99,999.99,104280,1042.8,2026-10-06
LIQUID1,EQ,1133.66,1133.66,1125.66,1125.67,1125.52,748917,8430.36,2026-10-06
LIQUIDADD,EQ,1147.86,1147.88,1147.86,1147.87,1147.71,260081,2985.39,2026-10-06
LIQUIDBEES,EQ,999.99,1000.01,999.99,999.99,999.99,2902299,29022.89,2026-10-06
LIQUIDBETA,EQ,1010.85,1010.85,1010.85,1010.85,1010.57,1,0.01,2026-10-06
LIQUIDBETF,EQ,1101.75,1101.77,1101.75,1101.75,1101.63,218906,2411.81,2026-10-06
LIQUIDCASE,EQ,116.25,116.25,116.23,116.23,116.22,22378418,26012.94,2026-10-06
LIQUIDETF,EQ,1000.0,1000.01,999.99,1000.0,1000.0,124477,1244.77,2026-10-06
LIQUIDIETF,EQ,999.99,1000.01,999.99,999.99,999.99,209100,2091.0,2026-10-06
LIQUIDPLUS,EQ,1107.99,1111.63,1104.99,1106.32,1106.1,411888,4556.84,2026-10-06
LIQUIDSBI,EQ,999.99,1000.01,999.99,999.99,1000.01,2452,24.52,2026-10-06
LIQUIDSHRI,EQ,1124.4,1124.42,1124.4,1124.42,1124.28,11502,129.33,2026-10-06
LKPSEC,EQ,14.58,14.58,13.8,14.3,14.26,9479,1.35,2026-10-06
LLOYDSENGG,EQ,102.86,103.79,99.63,101.15,102.2,10878549,11030.88,2026-10-06
LLOYDSENT,EQ,80.04,81.84,78.17,78.83,79.63,3341137,2668.83,2026-10-06
LLOYDSME,EQ,1834.0,1869.0,1827.1,1858.2,1802.5,569041,10519.02,2026-10-06
LMW,EQ,16620.0,17101.0,16534.0,16910.0,16530.0,3635,613.96,2026-10-06
LODHA,EQ,1125.0,1141.9,1119.3,1135.6,1132.5,1572481,17810.08,2026-10-06
LOKESHMACH,EQ,438.7,471.2,431.25,455.7,446.25,687289,3125.66,2026-10-06
LORDSCHLO,EQ,138.2,145.25,137.35,139.21,137.66,37635,53.19,2026-10-06
LOTUSCHO,EQ,562.0,585.0,549.0,579.65,536.8,6149,34.85,2026-10-06
LOTUSEYE,EQ,114.85,115.8,114.85,115.37,115.61,12509,14.44,2026-10-06
LOVABLE,EQ,69.0,70.5,68.25,69.0,68.8,2810,1.95,2026-10-06
LOWVOL,EQ,196.04,196.04,191.64,193.43,192.2,709,1.37,2026-10-06
LOWVOL1,EQ,19.71,20.18,19.61,19.85,19.58,784855,155.17,2026-10-06
LOWVOLIETF,EQ,20.76,20.81,20.56,20.69,20.56,1227270,254.65,2026-10-06
LOYALTEX,EQ,205.2,207.0,205.2,207.0,206.5,11,0.02,2026-10-06
LPDC,EQ,6.29,6.3,6.15,6.23,6.3,20099,1.25,2026-10-06
LT,EQ,3742.5,3774.1,3730.0,3770.0,3750.0,1994276,74823.04,2026-10-06
LTF,EQ,264.0,265.3,261.4,264.4,263.75,3148329,8298.19,2026-10-06
LTFOODS,EQ,405.8,416.6,405.45,408.15,405.8,285857,1173.88,2026-10-06
LTGILTBEES,EQ,28.49,29.58,28.49,29.54,29.49,2142939,632.2,2026-10-06
LTGILTCASE,EQ,30.13,30.13,30.04,30.08,30.09,321728,96.74,2026-10-06
LTM,EQ,4011.9,4036.2,3952.1,3971.1,4010.0,176859,7035.33,2026-10-06
LTTS,EQ,3219.5,3258.3,3185.0,3246.0,3219.5,40233,1293.38,2026-10-06
LUMAXIND,EQ,5439.5,5510.5,5396.0,5435.5,5439.0,7818,426.02,2026-10-06
LUMAXTECH,EQ,1990.0,1990.0,1842.5,1856.9,1967.6,311867,5885.45,2026-10-06
LUMINO,EQ,99.48,103.1,97.5,101.67,98.88,5939874,5936.37,2026-10-06
LUPIN,EQ,2011.0,2031.4,2003.0,2029.3,2011.0,1066347,21585.61,2026-10-06
LUXIND,EQ,1169.7,1195.0,1165.0,1177.0,1183.9,25557,301.91,2026-10-06
LXCHEM,EQ,177.15,190.9,177.15,188.86,177.08,4355804,8166.0,2026-10-06
M&M,EQ,2849.0,2866.0,2837.3,2855.0,2857.6,2611087,74437.36,2026-10-06
M&MFIN,EQ,327.0,329.85,322.3,327.75,326.2,1798943,5845.11,2026-10-06
MAANALU,EQ,106.0,106.57,103.1,105.03,104.98,43861,46.08,2026-10-06
MACPOWER,EQ,2198.5,2198.5,2044.1,2090.1,2160.5,44507,942.23,2026-10-06
MADHAV,EQ,33.6,35.44,33.6,33.93,34.08,10225,3.45,2026-10-06
MADHAVIPL,EQ,7.26,7.45,7.21,7.35,7.26,76389,5.6,2026-10-06
MADHUCON,EQ,3.88,4.05,3.79,3.96,3.88,24076,0.94,2026-10-06
MADRASFERT,EQ,58.4,59.5,57.61,58.98,57.61,30663,18.0,2026-10-06
MAFANG,EQ,263.9,283.35,259.21,276.13,259.42,1473840,4034.85,2026-10-06
MAFATIND,EQ,111.0,116.8,109.81,115.64,109.26,37850,42.94,2026-10-06
MAGADSUGAR,EQ,547.5,566.6,542.85,552.45,539.4,57458,319.05,2026-10-06
MAGNUM,EQ,18.17,18.6,18.05,18.19,18.26,5858,1.07,2026-10-06
MAHABANK,EQ,81.0,81.3,80.02,80.8,80.9,8455689,6805.58,2026-10-06
MAHAPEXLTD,EQ,51.0,51.99,49.23,50.84,50.46,1786,0.9,2026-10-06
MAHEPC,EQ,96.75,99.8,95.18,98.97,96.75,10718,10.52,2026-10-06
MAHESHWARI,EQ,72.48,72.48,70.53,71.44,72.48,999,0.71,2026-10-06
MAHKTECH,EQ,22.1,22.44,21.99,22.25,21.99,477678,106.04,2026-10-06
MAHLIFE,EQ,351.0,353.7,346.05,352.2,351.1,101799,356.27,2026-10-06
MAHLOG,EQ,403.5,417.25,403.5,415.05,406.75,89588,369.82,2026-10-06
MAHSCOOTER,EQ,12465.0,12567.0,12281.0,12315.0,12507.0,5136,633.51,2026-10-06
MAHSEAMLES,EQ,686.1,696.0,683.0,685.7,685.05,219713,1514.4,2026-10-06
MAITHANALL,EQ,914.9,923.7,908.05,911.0,905.6,26492,241.93,2026-10-06
MAKEINDIA,EQ,156.82,157.92,154.97,157.0,154.82,21627,33.8,2026-10-06
MAKERSL,EQ,177.01,186.99,177.0,183.0,177.4,296,0.54,2026-10-06
MALLCOM,EQ,912.35,924.75,892.2,903.3,911.65,5552,50.59,2026-10-06
MALUPAPER,EQ,31.19,32.94,30.95,32.4,31.19,13408,4.29,2026-10-06
MAMATA,EQ,404.9,404.9,394.0,395.65,402.95,73276,291.5,2026-10-06
MANAKALUCO,EQ,33.4,34.44,33.1,33.24,33.66,35396,11.8,2026-10-06
MANAKCOAT,EQ,126.1,131.49,125.95,129.32,126.17,367367,474.24,2026-10-06
MANAKSIA,EQ,58.8,59.79,57.57,59.05,57.99,50235,29.36,2026-10-06
MANALIPETC,EQ,88.0,92.8,87.45,92.36,87.19,10482494,9551.76,2026-10-06
MANAPPURAM,EQ,311.4,312.95,305.95,310.2,310.7,3956853,12211.0,2026-10-06
MANBA,EQ,140.08,142.0,138.5,141.35,138.6,43633,61.03,2026-10-06
MANCREDIT,EQ,225.9,238.0,221.41,231.9,221.1,213610,493.75,2026-10-06
MANGALAM,EQ,29.01,32.0,28.98,31.86,29.19,50506,15.53,2026-10-06
MANGLMCEM,EQ,990.0,994.65,982.25,988.1,990.8,24374,240.92,2026-10-06
MANIKA,EQ,43.5,51.73,42.55,51.52,43.11,8545846,4136.04,2026-10-06
MANINDS,EQ,885.1,928.0,882.05,922.05,888.25,456249,4184.06,2026-10-06
MANINFRA,EQ,123.3,124.99,122.35,123.24,123.78,1146888,1421.4,2026-10-06
MANIPALHOS,EQ,675.6,695.0,668.05,690.5,667.0,822841,5598.03,2026-10-06
MANKIND,EQ,2481.0,2508.9,2464.5,2500.0,2479.0,297524,7418.43,2026-10-06
MANOMAY,EQ,240.7,242.65,235.65,240.14,237.09,174673,419.68,2026-10-06
MANORAMA,EQ,1960.0,1999.8,1960.0,1985.6,1944.9,207581,4123.8,2026-10-06
MANORG,EQ,431.0,444.85,426.1,436.1,432.3,7004,30.47,2026-10-06
MANUFGBEES,EQ,153.49,156.0,153.38,155.23,153.14,2710,4.19,2026-10-06
MANYAVAR,EQ,516.0,529.0,500.15,505.4,521.3,187727,957.13,2026-10-06
MAPMYINDIA,EQ,882.9,900.9,867.2,896.6,873.4,81899,727.65,2026-10-06
MARALOVER,EQ,58.5,59.0,57.0,57.99,57.59,3906,2.27,2026-10-06
MARATHON,EQ,381.4,386.6,373.2,374.6,380.3,163989,619.72,2026-10-06
MARICO,EQ,796.95,796.95,784.5,794.15,790.0,1467158,11594.91,2026-10-06
MARINE,EQ,473.85,490.0,461.4,478.85,469.15,2220066,10611.17,2026-10-06
MARKOLINES,EQ,169.81,170.69,168.73,170.41,169.29,52816,89.75,2026-10-06
MARKSANS,EQ,332.75,341.95,322.2,324.4,331.65,3112693,10296.64,2026-10-06
MARSONS,EQ,114.63,122.73,114.31,119.24,114.3,3015676,3588.58,2026-10-06
MARUTI,EQ,11485.0,11625.0,11451.0,11625.0,11532.0,263958,30481.75,2026-10-06
MASFIN,EQ,265.0,269.9,265.0,266.9,267.75,94219,252.13,2026-10-06
MASKINVEST,EQ,142.0,147.49,140.0,147.49,142.37,93,0.13,2026-10-06
MASPTOP50,EQ,108.16,117.79,106.02,111.05,107.09,2426241,2748.17,2026-10-06
MASTEK,EQ,1604.5,1624.7,1591.1,1616.3,1608.2,66881,1079.98,2026-10-06
MASTERTR,EQ,81.8,83.23,81.68,82.62,81.13,127755,105.22,2026-10-06
MATRIMONY,EQ,508.6,521.4,503.15,509.6,514.05,7753,39.65,2026-10-06
MAWANASUG,EQ,148.96,152.99,145.92,147.89,145.96,436659,651.36,2026-10-06
MAXESTATES,EQ,564.0,578.45,559.4,564.95,563.4,111480,633.86,2026-10-06
MAXHEALTH,EQ,921.55,921.6,892.25,902.5,917.0,2407174,21732.87,2026-10-06
MAXIND,EQ,150.0,168.0,150.0,165.84,150.13,422790,690.9,2026-10-06
MAYURUNIQ,EQ,713.0,766.0,710.05,761.15,706.55,181493,1356.05,2026-10-06
MAZDOCK,EQ,2080.0,2111.0,2078.8,2101.0,2074.0,403608,8465.34,2026-10-06
MBAPL,EQ,164.0,167.5,164.0,166.95,163.66,444655,738.19,2026-10-06
MBEL,EQ,246.2,258.25,246.2,255.41,247.63,116396,295.43,2026-10-06
MBLINFRA,EQ,23.16,25.09,23.16,25.05,23.9,209858,52.36,2026-10-06
MCCHRLS-B,EQ,665.0,679.0,620.0,674.25,683.15,460,2.99,2026-10-06
MCL,EQ,53.49,54.97,52.8,54.82,52.08,58157,31.45,2026-10-06
MCLEODRUSS,EQ,41.57,43.65,41.52,42.6,41.58,206559,88.79,2026-10-06
MCLOUD,EQ,24.88,25.05,24.45,24.85,24.54,1349922,335.22,2026-10-06
MCX,EQ,3195.0,3323.0,3185.0,3310.0,3181.7,1520917,49686.05,2026-10-06
MEDANTA,EQ,1336.1,1344.7,1282.0,1300.8,1332.6,378275,4925.58,2026-10-06
MEDIASSIST,EQ,299.9,308.35,297.0,306.25,297.2,183195,553.16,2026-10-06
MEDICO,EQ,21.94,22.4,21.21,22.17,21.68,125095,27.47,2026-10-06
MEDPLUS,EQ,649.9,655.55,642.1,651.45,644.4,121423,789.15,2026-10-06
MEESHO,EQ,229.0,244.0,228.51,238.22,226.5,39917541,95158.12,2026-10-06
MEGASTAR,EQ,267.87,297.65,263.11,289.97,267.87,6688,18.83,2026-10-06
MEIL,EQ,256.65,268.5,256.65,263.45,256.65,52828,139.01,2026-10-06
MENONBE,EQ,285.0,309.65,285.0,304.95,286.0,189774,572.72,2026-10-06
MERCANTILE,EQ,22.45,23.79,22.0,22.85,22.45,4008,0.91,2026-10-06
MERCURYEV,EQ,37.0,37.89,36.75,36.97,36.81,95003,35.34,2026-10-06
METAL,EQ,12.92,12.92,12.57,12.72,12.61,1523264,193.67,2026-10-06
METALIETF,EQ,12.71,12.72,12.55,12.63,12.55,4178947,529.18,2026-10-06
METROBRAND,EQ,822.95,822.95,807.3,818.85,812.5,32863,267.68,2026-10-06
METROGLOBL,EQ,134.0,134.0,127.1,130.0,132.97,455,0.59,2026-10-06
METROPOLIS,EQ,565.35,565.35,537.6,552.65,553.6,367729,2013.51,2026-10-06
MFML,EQ,18.5,19.54,18.16,19.19,18.16,478,0.09,2026-10-06
MFSL,EQ,1350.0,1362.7,1330.2,1361.0,1348.0,2855802,38519.18,2026-10-06
MGEL,EQ,15.68,16.08,15.41,15.78,15.79,578303,91.2,2026-10-06
MGL,EQ,1041.5,1048.4,1033.0,1039.8,1043.7,57016,591.87,2026-10-06
MHRIL,EQ,194.81,197.25,194.31,196.71,194.81,41115,80.6,2026-10-06
MID150,EQ,22.12,22.74,22.12,22.31,22.12,103001,22.98,2026-10-06
MID150BEES,EQ,226.26,228.5,224.55,227.52,224.92,826150,1874.42,2026-10-06
MID150CASE,EQ,11.22,11.22,10.95,11.06,10.95,987103,108.98,2026-10-06
MIDBANKADD,EQ,16.63,16.63,16.48,16.48,16.61,2417,0.4,2026-10-06
MIDCAP,EQ,17.31,17.58,17.26,17.42,17.31,270504,47.12,2026-10-06
MIDCAPADD,EQ,21.91,22.7,21.84,22.21,21.82,102527,22.55,2026-10-06
MIDCAPBETA,EQ,221.33,222.34,219.52,222.14,219.14,333,0.74,2026-10-06
MIDCAPETF,EQ,22.37,22.5,22.24,22.42,22.23,3690091,826.5,2026-10-06
MIDCAPIETF,EQ,22.58,22.87,22.5,22.73,22.49,549270,124.64,2026-10-06
MIDHANI,EQ,441.0,465.85,439.7,462.35,440.1,2140471,9823.7,2026-10-06
MIDQ50ADD,EQ,23.68,24.2,23.27,23.83,23.54,38640,9.19,2026-10-06
MIDSELIETF,EQ,18.5,18.75,18.21,18.67,18.49,193871,36.07,2026-10-06
MIDSMALL,EQ,49.26,50.35,48.91,50.32,49.59,241661,121.28,2026-10-06
MIDWESTLTD,EQ,925.0,1006.2,919.3,1006.2,914.75,61917,600.65,2026-10-06
MIIL,EQ,685.0,692.45,671.6,675.5,670.4,68421,465.99,2026-10-06
MINDACORP,EQ,648.0,661.5,648.0,659.6,647.85,149067,980.88,2026-10-06
MINDTECK,EQ,151.31,154.02,138.53,143.72,151.31,111163,160.97,2026-10-06
MIRZAINT,EQ,27.65,28.34,27.36,27.72,27.83,74096,20.53,2026-10-06
MITCON,EQ,81.14,82.0,78.56,79.35,81.14,3935,3.14,2026-10-06
MITTAL,EQ,0.7,0.72,0.69,0.71,0.7,1139464,8.08,2026-10-06
MKEXIM,EQ,67.0,67.0,64.47,64.59,66.32,3449,2.24,2026-10-06
MKPL,EQ,3.97,4.6,3.9,3.99,3.9,359653,14.73,2026-10-06
MLKFOOD,EQ,84.59,85.65,81.05,84.66,84.59,13390,11.33,2026-10-06
MMFL,EQ,550.0,583.0,550.0,579.15,552.5,80544,461.94,2026-10-06
MMP,EQ,473.3,485.1,463.4,480.55,468.05,51091,242.21,2026-10-06
MMTC,EQ,57.16,57.52,56.65,57.01,56.33,653249,372.42,2026-10-06
MMWL,EQ,17.14,17.14,17.14,17.14,16.33,44579,7.64,2026-10-06
MNC,EQ,31.38,31.59,30.85,31.48,30.95,33839,10.56,2026-10-06
MOALPHA50,EQ,53.66,54.6,53.66,54.34,53.66,3952,2.15,2026-10-06
MOBANK10,EQ,16.28,16.79,16.27,16.43,16.22,1436,0.24,2026-10-06
MOBIKWIK,EQ,203.04,242.14,202.06,242.14,201.79,58640687,135094.49,2026-10-06
MOCAPITAL,EQ,52.4,52.92,51.45,52.89,51.37,457066,240.08,2026-10-06
MODEFENCE,EQ,101.53,102.5,100.52,102.41,100.54,793992,809.42,2026-10-06
MODINATUR,EQ,330.0,334.95,315.0,317.5,325.05,8478,27.56,2026-10-06
MODIRUBBER,EQ,121.0,121.6,118.0,118.58,121.85,2252,2.68,2026-10-06
MODIS,EQ,380.0,387.0,370.0,380.85,372.25,38246,145.06,2026-10-06
MODTHREAD,EQ,46.34,55.88,46.34,48.99,46.58,618,0.31,2026-10-06
MOENERGY,EQ,37.61,37.61,36.71,37.11,36.87,66850,24.8,2026-10-06
MOGOLD,EQ,145.5,145.55,143.85,145.35,145.55,25184,36.48,2026-10-06
MOGSEC,EQ,65.49,65.5,64.4,64.86,64.61,436710,282.99,2026-10-06
MOHEALTH,EQ,50.48,51.4,49.85,50.86,49.99,30847,15.57,2026-10-06
MOHITE,EQ,2.5,2.54,2.4,2.49,2.43,86578,2.12,2026-10-06
MOHITIND,EQ,22.51,22.98,22.27,22.78,22.64,1859,0.42,2026-10-06
MOIL,EQ,237.0,240.4,236.94,239.2,236.49,228758,546.46,2026-10-06
MOINFRA,EQ,56.27,56.98,56.0,56.67,56.11,2574,1.46,2026-10-06
MOIPO,EQ,46.23,46.84,46.19,46.74,47.31,5556,2.58,2026-10-06
MOKSH,EQ,9.07,9.7,9.07,9.31,9.31,91299,8.42,2026-10-06
MOL,EQ,55.0,61.85,54.88,60.25,54.83,1833781,1081.93,2026-10-06
MOLBIO,EQ,1509.4,1540.0,1475.0,1501.1,1503.4,1128691,16977.54,2026-10-06
MOLDTKPAC,EQ,682.0,694.0,670.25,678.0,680.7,90503,619.89,2026-10-06
MOLOWVOL,EQ,34.09,34.43,34.09,34.25,33.95,76357,26.1,2026-10-06
MOM100,EQ,64.19,64.95,63.6,64.6,63.68,436902,280.92,2026-10-06
MOM30IETF,EQ,30.56,30.56,29.98,30.47,29.96,552255,167.94,2026-10-06
MOM50,EQ,240.32,240.32,237.0,238.46,235.61,13336,31.72,2026-10-06
MOMENTUM,EQ,30.32,30.4,29.4,30.25,29.73,61600,18.54,2026-10-06
MOMENTUM30,EQ,29.75,30.07,29.69,29.8,29.42,639784,190.81,2026-10-06
MOMENTUM50,EQ,52.64,53.46,52.25,53.24,52.21,400877,212.4,2026-10-06
MOMETAL,EQ,12.53,12.66,12.52,12.62,12.55,11500,1.45,2026-10-06
MOMGF,EQ,152.0,153.94,152.0,153.92,152.03,1438,2.2,2026-10-06
MOMIDMTM,EQ,61.71,62.31,61.48,62.14,61.09,51021,31.68,2026-10-06
MOMMIDCAP,EQ,12.16,12.75,12.16,12.61,12.41,918394,115.7,2026-10-06
MOMNC,EQ,30.25,31.1,30.25,30.72,30.0,1561,0.47,2026-10-06
MOMOMENTUM,EQ,60.75,60.86,59.56,60.72,59.56,35609,21.53,2026-10-06
MOMSBELIEF,EQ,228.4,234.8,224.21,232.64,228.74,86445,198.72,2026-10-06
MON100,EQ,331.84,331.84,325.0,330.43,325.35,689763,2269.99,2026-10-06
MON50EQUAL,EQ,31.87,31.99,31.12,31.79,31.1,4717,1.48,2026-10-06
MONARCH,EQ,346.0,353.55,341.8,344.65,348.65,83365,289.39,2026-10-06
MONEXT50,EQ,69.5,69.97,69.42,69.8,69.16,14915,10.43,2026-10-06
MONEYVIEW,EQ,51.8,53.0,48.34,50.5,51.51,151735994,75739.15,2026-10-06
MONIFTY100,EQ,24.08,24.08,23.86,23.91,23.8,64739,15.53,2026-10-06
MONIFTY500,EQ,22.67,22.85,22.51,22.74,22.53,359516,81.47,2026-10-06
MONQ50,EQ,204.9,240.69,200.0,219.2,200.6,3041295,6697.92,2026-10-06
MONTECARLO,EQ,520.0,527.35,518.0,524.3,516.9,17793,93.26,2026-10-06
MOOILGAS,EQ,10.57,11.0,10.53,10.74,10.57,33923,3.61,2026-10-06
MOPSE,EQ,93.05,95.57,93.05,94.99,94.95,3159,3.0,2026-10-06
MOQUALITY,EQ,190.37,196.2,187.65,191.38,190.65,5140,9.71,2026-10-06
MOREALTY,EQ,82.95,84.63,82.95,83.96,83.89,162773,136.73,2026-10-06
MOREPENLAB,EQ,135.7,145.25,135.61,143.96,135.29,22422554,31807.77,2026-10-06
MOSCHIP,EQ,196.79,199.49,190.78,197.7,195.84,1094914,2162.76,2026-10-06
MOSERVICE,EQ,30.2,30.2,29.25,29.33,29.21,199,0.06,2026-10-06
MOSILVER,EQ,218.08,218.45,215.66,218.15,218.63,48465,105.38,2026-10-06
MOSMALL250,EQ,17.87,18.0,17.72,17.95,17.72,751052,134.42,2026-10-06
MOTHERSON,EQ,156.28,160.69,155.68,160.0,156.5,7313345,11635.87,2026-10-06
MOTILALOFS,EQ,1019.5,1086.0,1017.1,1081.15,1011.1,2179004,23070.65,2026-10-06
MOTISONS,EQ,17.98,18.12,17.5,17.61,17.74,14292565,2546.6,2026-10-06
MOTOGENFIN,EQ,24.9,26.0,24.45,25.77,24.53,39767,10.09,2026-10-06
MOTOUR,EQ,75.58,76.8,75.58,76.55,75.19,5598,4.26,2026-10-06
MOVALUE,EQ,106.82,107.88,106.5,106.86,106.82,52125,55.76,2026-10-06
MPHASIS,EQ,2290.0,2306.0,2265.5,2298.0,2297.1,286928,6557.75,2026-10-06
MPIMANIPAL,EQ,394.9,394.9,363.7,366.05,389.7,1189124,4458.28,2026-10-06
MPSLTD,EQ,2667.0,2729.9,2628.1,2681.2,2637.4,9345,250.53,2026-10-06
MRF,EQ,123500.0,124560.0,123250.0,124080.0,123330.0,2176,2695.19,2026-10-06
MRPL,EQ,173.0,176.95,171.11,174.72,172.43,9705261,16899.23,2026-10-06
MSCI360,EQ,9.56,9.6,9.56,9.56,9.56,1624,0.16,2026-10-06
MSCIADD,EQ,27.84,28.03,27.84,28.03,28.27,421,0.12,2026-10-06
MSCIINDIA,EQ,28.16,28.42,28.04,28.37,28.04,5043,1.43,2026-10-06
MSL,EQ,148.45,148.45,139.0,140.0,148.45,632,0.89,2026-10-06
MSPL,EQ,31.51,32.64,31.1,32.34,31.65,538757,173.31,2026-10-06
MSTCLTD,EQ,694.0,725.6,693.95,714.3,693.75,174093,1244.38,2026-10-06
MSUMI,EQ,32.96,33.38,32.81,33.31,32.89,3809743,1261.89,2026-10-06
MTNL,EQ,23.24,23.58,23.2,23.28,23.19,893842,208.46,2026-10-06
MUFIN,EQ,133.3,136.45,132.25,135.17,132.89,2282224,3080.25,2026-10-06
MUFTI,EQ,69.7,70.5,69.0,69.61,69.7,58819,40.88,2026-10-06
MUKANDLTD,EQ,182.2,184.95,175.0,181.55,182.2,476026,862.52,2026-10-06
MUKTAARTS,EQ,54.3,59.99,53.1,57.04,54.89,904,0.51,2026-10-06
MULTICAP,EQ,15.99,16.15,15.86,16.02,15.83,171855,27.43,2026-10-06
MUNJALAU,EQ,106.45,106.98,103.74,105.33,105.56,355586,374.47,2026-10-06
MUNJALSHOW,EQ,125.7,127.0,124.18,124.82,124.03,16146,20.28,2026-10-06
MURUDCERA,EQ,28.7,28.7,27.56,27.97,28.01,17500,4.9,2026-10-06
MUTHOOTCAP,EQ,229.05,229.05,210.74,216.42,219.33,6595,14.26,2026-10-06
MUTHOOTFIN,EQ,2722.9,2724.1,2679.0,2686.0,2716.4,369508,9946.85,2026-10-06
MUTHOOTMF,EQ,176.38,179.19,173.12,176.76,176.38,193467,338.77,2026-10-06
MVELECTRO,EQ,913.9,970.0,913.5,933.1,897.55,4326577,40867.5,2026-10-06
MVGJL,EQ,208.4,208.4,201.12,203.16,204.36,120816,246.69,2026-10-06
MWL,EQ,41.33,41.93,41.02,41.66,41.53,358670,148.89,2026-10-06
NACLIND,EQ,131.83,137.4,130.96,136.63,130.29,375897,507.03,2026-10-06
NAGREEKCAP,EQ,24.56,27.88,24.56,27.25,25.49,17101,4.58,2026-10-06
NAGREEKEXP,EQ,20.7,22.48,20.7,21.97,20.87,4503,0.98,2026-10-06
NAHARCAP,EQ,231.6,239.7,230.0,234.66,233.82,1700,3.98,2026-10-06
NAHARINDUS,EQ,128.15,129.67,126.25,127.66,127.08,12859,16.45,2026-10-06
NAHARPOLY,EQ,223.34,225.0,219.99,220.36,222.21,5593,12.39,2026-10-06
NAHARSPING,EQ,254.35,259.85,253.0,257.4,250.15,10252,26.33,2026-10-06
NAM-INDIA,EQ,1067.9,1079.0,1056.1,1073.5,1061.0,456986,4867.34,2026-10-06
NARMADA,EQ,12.49,12.49,11.99,12.1,12.3,359207,43.48,2026-10-06
NATCOPHARM,EQ,824.7,827.0,815.35,823.65,821.5,225113,1847.63,2026-10-06
NATHBIOGEN,EQ,138.5,141.98,136.0,138.31,134.29,9276,12.86,2026-10-06
NATIONALUM,EQ,344.95,348.65,333.35,337.25,340.0,6701284,22730.0,2026-10-06
NATIONSTD,EQ,112.0,113.98,108.46,110.79,112.51,8035,8.92,2026-10-06
NAUKRI,EQ,1208.7,1241.0,1197.4,1241.0,1201.7,1622862,19775.34,2026-10-06
NAVA,EQ,558.0,578.0,558.0,575.0,556.7,601625,3444.32,2026-10-06
NAVINFLUOR,EQ,8272.0,8574.0,8272.0,8536.0,8272.0,112311,9470.54,2026-10-06
NAVKARCORP,EQ,85.99,86.28,84.28,85.96,84.94,149503,127.77,2026-10-06
NAVKARURB,EQ,0.85,0.86,0.83,0.85,0.83,119787,1.02,2026-10-06
NAVNETEDUL,EQ,123.9,125.11,123.36,124.27,122.97,56581,70.33,2026-10-06
NAZARA,EQ,385.75,387.6,378.8,379.55,385.8,732269,2794.96,2026-10-06
NBCC,EQ,76.5,77.85,76.2,77.05,76.2,5142985,3951.72,2026-10-06
NBIFIN,EQ,1850.9,1879.0,1820.0,1828.1,1819.0,164,3.03,2026-10-06
NCC,EQ,128.9,129.7,128.2,128.47,128.79,1129724,1453.91,2026-10-06
NCLIND,EQ,168.85,170.95,165.2,166.8,168.85,43369,72.76,2026-10-06
NDGL,EQ,2400.0,2437.0,2336.1,2371.8,2354.3,118,2.83,2026-10-06
NDL,EQ,2.6,2.7,2.56,2.57,2.59,997287,26.2,2026-10-06
NDLVENTURE,EQ,124.3,124.49,120.74,122.91,123.17,5903,7.26,2026-10-06
NDRAUTO,EQ,706.8,709.9,700.0,704.7,706.8,8373,58.96,2026-10-06
NDTV,EQ,67.44,68.55,66.83,67.08,67.19,74085,49.96,2026-10-06
NEAGI,EQ,3452.0,3452.0,3230.1,3284.4,3292.9,51,1.7,2026-10-06
NECCLTD,EQ,19.3,20.3,18.51,19.38,19.12,129818,25.33,2026-10-06
NECLIFE,EQ,10.62,11.0,10.3,10.95,10.48,335891,36.32,2026-10-06
NELCAST,EQ,123.0,126.0,119.69,124.48,121.43,232684,286.11,2026-10-06
NELCO,EQ,889.4,930.25,889.4,924.15,885.1,187172,1719.47,2026-10-06
NEOGEN,EQ,2319.0,2438.5,2319.0,2429.2,2311.2,91934,2207.39,2026-10-06
NEPHROPLUS,EQ,639.0,642.0,628.0,634.55,637.65,438059,2769.71,2026-10-06
NESCO,EQ,1030.2,1045.0,1030.2,1037.1,1036.6,37988,394.62,2026-10-06
NESTLEIND,EQ,1303.6,1341.4,1293.4,1341.4,1297.1,1650856,21765.32,2026-10-06
NETF,EQ,252.18,252.18,246.03,247.59,246.03,736,1.82,2026-10-06
NETWEB,EQ,4785.0,4847.9,4721.0,4746.2,4765.1,768777,36763.85,2026-10-06
NETWORK18,EQ,25.58,26.41,25.5,26.22,25.44,2445551,636.73,2026-10-06
NEULANDLAB,EQ,21940.0,21975.0,21410.0,21905.0,21875.0,61813,13372.8,2026-10-06
NEWGEN,EQ,460.9,463.2,454.15,456.6,458.75,432611,1977.24,2026-10-06
NEXT30ADD,EQ,40.22,40.39,40.19,40.29,40.21,1673,0.67,2026-10-06
NEXT50,EQ,719.51,724.64,714.92,723.61,714.71,27793,200.59,2026-10-06
NEXT50ADD,EQ,69.97,70.63,69.97,70.56,69.69,7545,5.31,2026-10-06
NEXT50BETA,EQ,75.01,75.68,74.92,75.5,75.03,153921,115.98,2026-10-06
NEXT50ETF,EQ,69.99,70.68,69.82,70.59,69.79,15516,10.91,2026-10-06
NEXT50IETF,EQ,77.0,77.0,72.8,74.04,73.17,412683,304.31,2026-10-06
NEXTMEDIA,EQ,3.57,3.69,3.54,3.56,3.57,4292,0.15,2026-10-06
NFL,EQ,63.28,65.25,63.11,64.91,63.28,584167,375.77,2026-10-06
NGIL,EQ,36.82,38.4,35.96,36.15,36.83,13331,4.86,2026-10-06
NGLFINE,EQ,3032.9,3184.0,2995.0,3122.1,2988.3,18062,559.44,2026-10-06
NH,EQ,1730.2,1739.6,1716.2,1723.8,1722.4,177934,3071.24,2026-10-06
NHPC,EQ,71.79,73.32,71.35,73.11,72.0,5480099,3965.83,2026-10-06
NIACL,EQ,158.0,163.5,158.0,160.72,158.36,1937355,3129.92,2026-10-06
NIBE,EQ,1221.3,1244.4,1211.3,1240.9,1221.3,26333,325.41,2026-10-06
NIBL,EQ,30.66,32.6,30.66,31.22,31.33,4316,1.36,2026-10-06
NICCOPAR,EQ,82.45,82.45,79.0,79.0,80.1,263,0.21,2026-10-06
NIF100BEES,EQ,251.21,253.66,250.53,253.11,251.2,36283,91.63,2026-10-06
NIF100IETF,EQ,27.03,27.03,26.39,26.65,26.38,76633,20.38,2026-10-06
NIF500BETA,EQ,36.29,36.29,35.4,35.99,36.3,5960,2.13,2026-10-06
NIFTY1,EQ,256.76,256.76,250.34,252.54,250.5,55643,140.3,2026-10-06
NIFTY100EW,EQ,33.72,33.72,33.09,33.37,33.1,32779,10.93,2026-10-06
NIFTYADD,EQ,239.96,240.12,237.72,239.92,237.98,52140,124.92,2026-10-06
NIFTYAXIS,EQ,250.59,252.63,249.86,251.28,250.63,166573,419.39,2026-10-06
NIFTYBEES,EQ,258.86,259.25,255.8,258.89,257.29,7681670,19844.83,2026-10-06
NIFTYBETA,EQ,252.76,252.76,250.43,252.39,250.26,21482,54.11,2026-10-06
NIFTYBETF,EQ,233.01,234.75,232.6,233.91,232.63,2160,5.05,2026-10-06
NIFTYCASE,EQ,9.19,9.19,9.07,9.11,9.07,730152,66.59,2026-10-06
NIFTYETF,EQ,246.38,248.38,245.6,247.58,245.6,274217,677.25,2026-10-06
NIFTYIETF,EQ,256.15,258.0,255.58,257.79,256.15,448807,1155.06,2026-10-06
NIFTYJBLK,EQ,11.87,11.87,11.58,11.65,11.59,74343,8.67,2026-10-06
NIFTYQLITY,EQ,20.19,20.19,19.8,20.1,19.84,21574,4.31,2026-10-06
NIITLTD,EQ,84.25,87.3,83.94,86.78,83.89,158264,136.13,2026-10-06
NIITMTS,EQ,202.59,206.52,198.65,204.99,199.62,97157,197.72,2026-10-06
NILAINFRA,EQ,6.73,6.85,6.67,6.7,6.71,81728,5.5,2026-10-06
NILASPACES,EQ,11.08,11.46,10.86,11.17,11.0,669539,75.09,2026-10-06
NILE,EQ,1230.3,1268.4,1228.0,1238.0,1226.0,5834,72.42,2026-10-06
NILKAMAL,EQ,1829.9,1832.9,1801.0,1811.5,1829.5,20452,371.64,2026-10-06
NIMBSPROJ,EQ,186.94,194.3,182.0,191.57,187.32,31024,57.72,2026-10-06
NINSYS,EQ,842.0,867.25,815.3,822.55,842.0,7334,61.27,2026-10-06
NIPPOBATRY,EQ,320.3,321.9,318.0,319.45,318.75,388,1.24,2026-10-06
NIRAJ,EQ,27.0,28.4,27.0,27.48,27.92,22765,6.26,2026-10-06
NIRLON,EQ,613.0,620.4,606.15,619.0,615.4,3635,22.42,2026-10-06
NITCO,EQ,82.95,84.9,82.8,83.77,82.69,210104,175.69,2026-10-06
NITINSPIN,EQ,604.75,621.0,602.95,616.35,604.75,63407,389.79,2026-10-06
NITIRAJ,EQ,203.15,204.95,203.15,203.29,202.14,281,0.57,2026-10-06
NITTAGELA,EQ,1719.8,1719.8,1665.0,1668.1,1668.9,1882,31.67,2026-10-06
NIVABUPA,EQ,76.23,76.84,75.51,76.56,75.85,618602,471.52,2026-10-06
NKIND,EQ,57.0,58.9,51.3,57.06,59.96,1666,0.95,2026-10-06
NLCINDIA,EQ,253.8,260.0,253.8,254.9,252.45,1241729,3185.54,2026-10-06
NMDC,EQ,74.41,74.49,73.74,74.38,73.74,10800931,8007.45,2026-10-06
NOCIL,EQ,166.43,173.2,166.43,171.83,165.83,713463,1221.69,2026-10-06
NOIDATOLL,EQ,3.5,3.74,3.5,3.67,3.56,134344,4.91,2026-10-06
NORBTEAEXP,EQ,64.59,66.14,62.99,64.21,65.59,1241,0.79,2026-10-06
NORTHARC,EQ,289.5,300.0,288.7,298.2,289.45,960451,2834.54,2026-10-06
NOVAAGRI,EQ,22.39,22.97,21.85,22.64,22.39,33109,7.44,2026-10-06
NOVARTIND,EQ,1971.0,2076.2,1936.8,2051.2,1967.8,50956,1022.66,2026-10-06
NPBET,EQ,278.86,281.89,278.86,281.1,276.1,333,0.93,2026-10-06
NPST,EQ,1848.0,1865.9,1800.0,1835.5,1833.5,67123,1232.0,2026-10-06
NRAIL,EQ,679.0,679.0,655.0,658.25,661.35,11965,79.22,2026-10-06
NRBBEARING,EQ,536.0,543.3,533.55,536.95,535.7,201725,1086.44,2026-10-06
NSIL,EQ,5153.0,5324.0,5153.0,5297.5,5199.5,1675,88.3,2026-10-06
NSLNISP,EQ,40.6,41.11,40.4,40.9,40.5,4387731,1786.85,2026-10-06
NTCIND,EQ,140.0,143.0,133.0,134.76,135.97,762,1.04,2026-10-06
NTPC,EQ,323.5,324.3,320.05,321.45,321.8,7317350,23582.25,2026-10-06
NTPCGREEN,EQ,90.11,90.72,90.0,90.13,90.09,796462,718.9,2026-10-06
NUCLEUS,EQ,634.0,642.9,632.0,638.05,637.75,14083,89.61,2026-10-06
NUVAMA,EQ,1826.4,1886.5,1795.5,1838.8,1820.8,641224,11878.07,2026-10-06
NUVOCO,EQ,325.0,330.0,323.35,326.5,326.1,148942,485.32,2026-10-06
NV20,EQ,13.46,13.46,13.15,13.23,13.2,89694,11.86,2026-10-06
NV20BEES,EQ,128.49,136.9,128.49,134.0,131.79,8931,11.83,2026-10-06
NV20IETF,EQ,12.8,12.93,12.8,12.85,12.8,263032,33.84,2026-10-06
NYKAA,EQ,339.5,345.0,337.25,338.2,339.55,3554565,12117.47,2026-10-06
OAL,EQ,526.95,526.95,505.8,511.35,515.1,13510,69.12,2026-10-06
OBCL,EQ,55.91,57.6,55.9,57.44,55.85,3579,2.03,2026-10-06
OBEROIRLTY,EQ,1748.0,1764.4,1737.9,1751.8,1751.2,226302,3964.28,2026-10-06
ODIGMA,EQ,21.17,21.17,20.51,20.91,20.66,8824,1.83,2026-10-06
ODYCORP,EQ,6.85,6.99,6.52,6.85,6.85,17446,1.18,2026-10-06
OFSS,EQ,10485.0,10550.0,10382.0,10482.0,10470.0,165190,17285.37,2026-10-06
OIL,EQ,445.85,449.95,442.15,447.85,446.5,2084230,9309.36,2026-10-06
OILIETF,EQ,10.71,10.89,10.66,10.82,10.68,590598,63.65,2026-10-06
OLAELEC,EQ,36.7,37.0,35.73,35.96,36.68,57079984,20645.27,2026-10-06
OLECTRA,EQ,1090.0,1105.0,1076.4,1102.9,1078.4,215703,2363.38,2026-10-06
OMAXAUTO,EQ,201.0,213.64,201.0,209.29,201.44,122372,257.05,2026-10-06
OMAXE,EQ,107.45,109.2,106.41,107.71,107.43,260401,281.62,2026-10-06
OMFREIGHT,EQ,101.8,108.0,97.0,105.0,100.95,74988,78.03,2026-10-06
OMINFRAL,EQ,74.05,76.03,72.71,73.33,74.84,103269,76.75,2026-10-06
OMNI,EQ,640.0,678.8,638.45,656.95,632.15,1269642,8404.26,2026-10-06
OMPOWER,EQ,154.0,156.82,150.5,153.5,152.06,57336,88.81,2026-10-06
ONEGLOBAL,EQ,559.9,566.95,537.05,564.0,547.2,23278,128.66,2026-10-06
ONEPOINT,EQ,78.9,79.63,77.3,78.65,78.33,1960862,1538.53,2026-10-06
ONESOURCE,EQ,1507.5,1544.4,1475.1,1535.8,1488.3,147840,2248.05,2026-10-06
ONGC,EQ,225.0,225.37,221.3,224.2,224.9,19173994,42681.19,2026-10-06
ONIDA,EQ,31.3,31.78,30.61,31.11,31.06,235196,73.78,2026-10-06
ONIXSOLAR,EQ,342.0,347.05,335.0,338.2,334.6,254164,863.97,2026-10-06
ONWARDTEC,EQ,291.9,296.15,287.05,294.6,290.75,29818,87.47,2026-10-06
OPTIEMUS,EQ,794.0,924.9,793.9,889.9,786.2,10818595,95332.13,2026-10-06
OPTIFIN,EQ,14.24,14.96,14.2,14.42,14.66,46134,6.71,2026-10-06
ORBTEXP,EQ,247.4,257.05,244.15,246.85,240.4,8679,21.63,2026-10-06
ORCHASP,EQ,1.25,1.33,1.24,1.29,1.24,179861,2.29,2026-10-06
ORCHPHARMA,EQ,967.35,1015.1,965.0,1006.55,965.9,65666,657.92,2026-10-06
ORICONENT,EQ,53.1,53.1,51.5,52.27,52.44,96670,50.56,2026-10-06
ORIENTALTL,EQ,4.98,4.99,4.73,4.87,4.83,38279,1.87,2026-10-06
ORIENTBELL,EQ,422.4,422.4,410.85,413.55,417.1,16464,68.35,2026-10-06
ORIENTCABL,EQ,380.0,404.0,364.5,396.4,405.0,22213407,83776.31,2026-10-06
ORIENTCEM,EQ,116.1,117.9,115.3,115.76,116.16,187615,218.63,2026-10-06
ORIENTCER,EQ,44.35,44.69,42.5,44.14,43.61,49791,21.82,2026-10-06
ORIENTELEC,EQ,156.75,162.78,156.5,160.7,157.71,144227,231.27,2026-10-06
ORIENTHOT,EQ,142.05,144.39,140.89,143.61,140.87,869875,1244.8,2026-10-06
ORIENTPPR,EQ,16.23,16.38,16.17,16.26,16.17,71350,11.61,2026-10-06
ORIENTTECH,EQ,222.53,229.98,222.53,226.35,222.47,140422,315.84,2026-10-06
ORIRAIL,EQ,122.0,123.88,120.6,122.96,122.39,32173,39.4,2026-10-06
ORISSAMINE,EQ,3588.1,3649.7,3552.1,3609.0,3522.2,7282,262.36,2026-10-06
ORKLAINDIA,EQ,537.0,551.0,535.5,545.0,539.2,54162,294.73,2026-10-06
ORTINGLOBE,EQ,13.82,14.51,13.8,14.39,13.82,9315,1.32,2026-10-06
OSWALAGRO,EQ,33.78,34.86,32.0,32.85,32.98,73055,24.24,2026-10-06
OSWALGREEN,EQ,19.14,19.75,19.14,19.27,19.14,64470,12.49,2026-10-06
OSWALPUMPS,EQ,264.9,269.2,263.55,264.8,265.1,275385,731.35,2026-10-06
OSWALSEEDS,EQ,12.24,12.39,11.45,12.13,12.18,81699,9.89,2026-10-06
PACEDIGITK,EQ,165.0,171.0,164.26,166.28,164.04,903214,1506.75,2026-10-06
PACIFICI,EQ,139.0,139.0,138.99,138.99,139.5,48,0.07,2026-10-06
PAGEIND,EQ,37600.0,38465.0,37395.0,37970.0,37465.0,31600,12007.76,2026-10-06
PAISALO,EQ,82.0,83.25,81.19,83.1,81.13,9862392,8149.98,2026-10-06
PAKKA,EQ,70.48,73.85,68.66,69.13,69.79,695031,490.94,2026-10-06
PALASHSECU,EQ,89.9,89.9,86.0,86.8,87.94,607,0.53,2026-10-06
PALREDTEC,EQ,41.51,43.0,41.49,41.62,43.67,2463,1.04,2026-10-06
PANACEABIO,EQ,351.1,364.75,349.2,363.2,350.25,66783,240.92,2026-10-06
PANAMAPET,EQ,487.9,509.9,480.6,504.1,482.2,627296,3144.34,2026-10-06
PANCHMAHQ,EQ,287.5,309.8,287.5,296.4,287.5,25,0.07,2026-10-06
PANORAMA,EQ,62.8,69.0,62.0,63.05,63.5,2527901,1672.93,2026-10-06
PANSARI,EQ,274.0,277.55,260.0,265.7,254.3,1067,2.88,2026-10-06
PARACABLES,EQ,56.11,58.5,56.11,58.22,56.08,966467,557.29,2026-10-06
PARADEEP,EQ,153.6,157.44,153.11,156.76,153.6,1621070,2523.26,2026-10-06
PARAGMILK,EQ,283.0,311.0,279.1,308.7,281.0,7377044,22357.85,2026-10-06
PARAS,EQ,1267.7,1332.0,1267.2,1323.3,1266.2,661178,8626.37,2026-10-06
PARASPETRO,EQ,2.06,2.13,1.96,2.02,2.06,195262,4.0,2026-10-06
PARIN,EQ,708.5,708.5,682.6,700.05,701.5,12525,87.21,2026-10-06
PARKHOSPS,EQ,270.45,275.95,265.5,274.85,267.75,708732,1939.59,2026-10-06
PARKHOTELS,EQ,104.99,105.79,101.41,103.19,103.83,233718,241.27,2026-10-06
PARNAXLAB,EQ,112.55,115.5,112.5,115.34,113.23,450,0.51,2026-10-06
PASHUPATI,EQ,74.7,75.7,69.0,69.91,74.03,1469656,1033.11,2026-10-06
PASUPTAC,EQ,67.05,72.0,67.05,70.89,67.51,251121,176.63,2026-10-06
PATANJALI,EQ,355.7,364.5,350.5,363.0,355.7,6485464,23152.25,2026-10-06
PATELENG,EQ,25.83,26.09,25.81,25.93,25.73,1205652,313.0,2026-10-06
PATELRMART,EQ,223.0,230.0,219.92,227.01,222.9,102505,230.17,2026-10-06
PATINTLOG,EQ,13.15,13.49,13.01,13.15,13.02,30969,4.09,2026-10-06
PAUSHAKLTD,EQ,658.0,728.8,658.0,704.3,657.45,78776,551.44,2026-10-06
PAVNAIND,EQ,15.7,15.7,15.25,15.65,15.45,22449,3.5,2026-10-06
PAYTM,EQ,1698.0,1705.5,1672.1,1694.0,1684.0,2061099,34788.97,2026-10-06
PBMPOLY,EQ,57.5,60.4,55.97,58.75,58.02,583,0.34,2026-10-06
PCBL,EQ,321.8,328.5,320.8,327.7,320.35,540498,1760.4,2026-10-06
PCJEWELLER,EQ,13.14,13.2,12.85,12.93,13.06,133837112,17387.51,2026-10-06
PDMJEPAPER,EQ,96.9,98.3,95.35,96.16,95.85,182090,176.59,2026-10-06
PDSL,EQ,342.0,349.5,341.9,347.4,342.3,33706,116.33,2026-10-06
PEARLPOLY,EQ,17.2,17.23,17.08,17.2,17.22,1798,0.31,2026-10-06
PENIND,EQ,178.2,180.19,176.61,177.85,178.71,273804,488.2,2026-10-06
PENINLAND,EQ,14.31,14.99,14.31,14.66,14.5,120155,17.58,2026-10-06
PERMAGN,EQ,860.0,862.45,839.8,846.75,859.0,2938,24.99,2026-10-06
PERNIASPOP,EQ,522.8,529.5,513.0,518.6,523.75,121346,630.22,2026-10-06
PERSISTENT,EQ,5520.0,5553.5,5463.5,5521.0,5530.0,266663,14665.9,2026-10-06
PETRONET,EQ,291.7,297.85,291.0,297.5,290.0,5098731,15101.52,2026-10-06
PFC,EQ,322.3,327.25,322.3,322.6,322.0,7472995,24236.01,2026-10-06
PFIZER,EQ,3860.0,3868.2,3826.7,3852.2,3842.2,21026,809.26,2026-10-06
PFOCUS,EQ,285.9,297.1,281.7,292.7,285.65,4125637,11947.17,2026-10-06
PFS,EQ,28.73,28.73,27.19,27.29,28.19,607649,167.75,2026-10-06
PGEL,EQ,487.7,532.0,483.5,527.65,487.7,5927905,30863.67,2026-10-06
PGHH,EQ,6780.5,6900.0,6745.0,6865.0,6768.0,10760,733.75,2026-10-06
PGHL,EQ,5300.0,5352.0,5239.0,5306.0,5300.0,18158,961.16,2026-10-06
PGIL,EQ,1264.5,1284.9,1242.0,1266.7,1266.5,251443,3161.18,2026-10-06
PHARMABEES,EQ,26.85,27.4,26.67,27.3,26.85,3580723,971.31,2026-10-06
PHOENIXLTD,EQ,1946.8,1946.8,1857.8,1883.5,1935.0,617915,11604.74,2026-10-06
PHOENXINTL,EQ,28.15,29.0,27.83,28.01,28.15,2562,0.72,2026-10-06
PICCADIL,EQ,591.2,598.75,589.3,594.2,588.45,65957,392.25,2026-10-06
PIDILITIND,EQ,1485.9,1524.6,1472.8,1520.5,1487.7,608466,9165.17,2026-10-06
PIGL,EQ,95.4,99.0,94.0,98.42,94.55,66437,64.25,2026-10-06
PIIND,EQ,2220.0,2252.2,2200.0,2250.0,2220.0,617515,13753.1,2026-10-06
PILANIINVS,EQ,4019.9,4080.0,4010.0,4067.1,3984.7,1530,62.01,2026-10-06
PILITA,EQ,7.35,7.51,7.3,7.35,7.39,15116,1.11,2026-10-06
PINELABS,EQ,168.5,173.25,167.83,172.73,167.16,10927701,18780.83,2026-10-06
PIONEEREMB,EQ,20.03,20.84,20.03,20.6,20.13,2547,0.52,2026-10-06
PIRAMALFIN,EQ,1999.0,2046.9,1975.0,2018.5,2002.6,171616,3457.5,2026-10-06
PITTIENG,EQ,1117.0,1160.4,1117.0,1122.0,1127.3,63535,723.62,2026-10-06
PIXTRANS,EQ,1848.9,1848.9,1786.9,1796.7,1834.2,20105,364.26,2026-10-06
PLASTIBLEN,EQ,202.45,205.0,200.0,202.4,197.79,54146,109.92,2026-10-06
PLATIND,EQ,204.0,207.0,199.75,203.58,203.83,45409,92.58,2026-10-06
PLAZACABLE,EQ,55.32,58.08,54.31,58.07,55.32,74179,42.1,2026-10-06
PML,EQ,480.0,484.45,478.0,481.2,486.95,216,1.04,2026-10-06
PNB,EQ,112.36,113.0,111.17,111.92,112.35,8421589,9426.43,2026-10-06
PNBGILTS,EQ,71.99,73.0,70.5,71.42,71.72,408404,292.59,2026-10-06
PNBHOUSING,EQ,1103.0,1112.2,1087.8,1102.1,1105.8,514325,5675.88,2026-10-06
PNC,EQ,17.22,18.05,17.02,17.41,17.22,2233,0.39,2026-10-06
PNCINFRA,EQ,137.03,140.2,136.0,138.74,137.03,583869,805.62,2026-10-06
PNGJL,EQ,573.65,590.45,572.35,588.6,573.3,320402,1875.99,2026-10-06
PNGSREVA,EQ,539.05,560.7,539.05,547.2,535.3,335113,1837.89,2026-10-06
POCL,EQ,443.0,449.35,442.35,447.25,439.55,117171,523.64,2026-10-06
PODDARMENT,EQ,252.9,255.0,250.2,253.3,251.95,1717,4.33,2026-10-06
POEL,EQ,139.94,141.0,132.15,133.71,136.27,35229,47.9,2026-10-06
POKARNA,EQ,695.3,714.95,695.3,709.9,699.2,48093,338.6,2026-10-06
POLICYBZR,EQ,984.0,1042.2,972.0,1034.9,976.2,8051949,82149.42,2026-10-06
POLYCAB,EQ,8120.0,8173.5,8062.0,8147.0,8080.0,301660,24496.27,2026-10-06
POLYMED,EQ,1613.0,1639.9,1611.2,1633.8,1619.6,94082,1532.76,2026-10-06
POLYPLEX,EQ,1020.5,1057.0,999.0,1034.3,1020.5,109925,1129.89,2026-10-06
POLYSPIN,EQ,28.88,30.0,28.88,28.95,28.87,187,0.05,2026-10-06
PONNIERODE,EQ,377.5,391.25,370.1,374.55,368.4,103001,388.57,2026-10-06
POONAWALLA,EQ,451.95,461.85,447.95,460.45,451.95,732498,3341.41,2026-10-06
POWERGRID,EQ,257.0,258.4,256.0,257.2,257.0,4808578,12371.74,2026-10-06
POWERICA,EQ,588.0,605.0,585.0,601.7,587.15,128005,762.09,2026-10-06
POWERINDIA,EQ,31510.0,31970.0,31450.0,31640.0,31500.0,73665,23385.88,2026-10-06
POWERMECH,EQ,2431.9,2457.6,2398.6,2426.0,2431.5,22049,536.1,2026-10-06
PPL,EQ,256.8,256.8,247.1,252.65,253.1,32471,81.7,2026-10-06
PPLPHARMA,EQ,195.48,201.2,193.75,200.52,194.89,1719220,3401.21,2026-10-06
PRABHA,EQ,221.0,226.01,215.67,221.33,214.9,82864,183.61,2026-10-06
PRADPME,EQ,475.0,556.95,475.0,544.25,470.65,104979,557.45,2026-10-06
PRAENG,EQ,19.79,20.39,17.25,19.7,19.01,532330,99.19,2026-10-06
PRAJIND,EQ,305.75,316.0,305.75,315.05,304.05,751662,2348.54,2026-10-06
PRAKASH,EQ,120.0,120.9,118.35,119.7,119.72,200357,239.9,2026-10-06
PRAKASHSTL,EQ,3.52,3.59,3.5,3.53,3.51,51681,1.82,2026-10-06
PRANAV,EQ,92.85,93.88,89.7,90.9,93.21,1336798,1224.95,2026-10-06
PRASOLCHEM,EQ,791.95,846.9,788.65,821.45,789.05,387141,3202.7,2026-10-06
PRAVEG,EQ,234.96,250.0,234.08,247.81,232.42,36505,88.86,2026-10-06
PRAXIS,EQ,4.57,4.57,4.33,4.45,4.41,33632,1.49,2026-10-06
PRECAM,EQ,110.2,113.9,109.5,113.27,108.91,111679,125.52,2026-10-06
PRECOT,EQ,653.0,653.0,585.0,604.5,605.1,4943,29.74,2026-10-06
PRECWIRE,EQ,509.5,519.0,506.25,515.15,507.4,371870,1906.18,2026-10-06
PREMCO,EQ,399.0,406.8,391.2,405.9,398.8,425,1.71,2026-10-06
PREMEXPLN,EQ,685.95,687.35,683.4,685.1,685.05,270918,1855.91,2026-10-06
PREMIERENE,EQ,889.4,911.85,885.0,907.0,891.95,867775,7817.3,2026-10-06
PREMIERPOL,EQ,102.01,103.52,94.83,97.23,101.54,803662,800.69,2026-10-06
PRESTIGE,EQ,1446.4,1467.7,1438.0,1467.7,1445.0,610916,8901.43,2026-10-06
PRICOLLTD,EQ,707.4,714.5,667.0,677.65,704.45,1812530,12321.53,2026-10-06
PRIMESECU,EQ,300.6,303.8,295.65,297.05,298.8,9985,29.92,2026-10-06
PRIMO,EQ,26.6,27.3,26.17,26.97,26.08,433840,116.26,2026-10-06
PRINCEPIPE,EQ,248.4,259.9,248.4,258.2,247.45,117722,300.25,2026-10-06
PRIORITY,EQ,291.5,314.0,291.3,311.85,291.2,704006,2137.22,2026-10-06
PRISMX,EQ,0.49,0.51,0.49,0.49,0.5,336580,1.66,2026-10-06
PRITI,EQ,31.26,33.49,31.26,31.66,32.04,4142,1.32,2026-10-06
PRITIKAUTO,EQ,16.0,16.5,15.96,16.33,16.02,116226,18.82,2026-10-06
PRIVISCL,EQ,3430.3,3568.0,3415.0,3504.9,3442.2,218699,7641.76,2026-10-06
PROSTARM,EQ,132.88,134.7,131.53,132.91,132.0,145980,194.69,2026-10-06
PROTEAN,EQ,642.1,699.0,631.6,689.25,639.05,1283331,8673.55,2026-10-06
PROZONER,EQ,50.04,53.5,50.04,52.45,50.54,176214,92.21,2026-10-06
PRSMJOHNSN,EQ,102.99,104.0,101.5,103.48,102.06,236606,242.99,2026-10-06
PRUDENT,EQ,3108.1,3228.2,3086.0,3204.3,3108.1,13341,424.19,2026-10-06
PRUDMOULI,EQ,13.99,14.0,13.55,13.81,13.87,13911,1.94,2026-10-06
PSB,EQ,21.09,21.16,20.95,21.05,21.02,543771,114.43,2026-10-06
PSPPROJECT,EQ,764.5,770.8,754.65,761.75,764.55,28286,215.61,2026-10-06
PSUBANK,EQ,80.41,80.7,79.9,80.09,80.31,320783,256.97,2026-10-06
PSUBANKADD,EQ,81.2,81.52,79.33,80.6,81.05,65395,52.77,2026-10-06
PSUBNKBEES,EQ,89.01,90.0,88.91,89.11,89.31,793150,708.13,2026-10-06
PSUBNKIETF,EQ,80.5,81.99,79.69,81.24,80.95,35723,29.03,2026-10-06
PTC,EQ,157.9,158.7,156.1,157.14,157.52,3439913,5405.43,2026-10-06
PTCIL,EQ,22530.0,23240.0,22330.0,23125.0,22530.0,20786,4767.52,2026-10-06
PTL,EQ,38.54,38.54,38.1,38.23,38.21,49589,18.99,2026-10-06
PUNJABCHEM,EQ,1047.6,1047.9,1028.1,1039.0,1036.9,2928,30.43,2026-10-06
PURVA,EQ,206.91,213.0,206.0,210.75,206.93,95890,200.25,2026-10-06
PVP,EQ,45.56,50.34,45.56,50.34,47.95,2588716,1235.1,2026-10-06
PVRINOX,EQ,1241.5,1261.2,1226.1,1249.4,1231.4,335983,4183.11,2026-10-06
PVSL,EQ,93.96,94.91,91.0,94.57,91.08,15944,14.73,2026-10-06
PVTBANIETF,EQ,27.07,27.5,27.07,27.41,27.07,2172810,596.19,2026-10-06
PVTBANK,EQ,26.93,27.25,26.93,27.14,26.79,11604,3.14,2026-10-06
PVTBANKADD,EQ,27.34,27.63,27.24,27.55,27.11,3771917,1034.73,2026-10-06
PVTBKGROWW,EQ,26.74,27.28,26.6,27.06,26.64,7888,2.14,2026-10-06
PWL,EQ,131.0,135.4,126.61,131.86,131.1,21549039,28228.0,2026-10-06
PYRAMID,EQ,159.88,161.0,155.11,159.71,157.88,68129,108.62,2026-10-06
QGOLDHALF,EQ,121.79,123.8,120.82,121.86,121.83,336939,409.95,2026-10-06
QNIFTY,EQ,250.0,251.2,248.4,250.58,248.85,9127,22.85,2026-10-06
QPOWER,EQ,1630.2,1681.0,1609.6,1648.8,1620.2,334224,5509.43,2026-10-06
QUADFUTURE,EQ,530.8,551.05,528.0,547.4,529.25,515075,2801.02,2026-10-06
QUAL30IETF,EQ,19.96,20.9,19.65,19.83,19.57,183674,36.26,2026-10-06
QUALITY30,EQ,19.71,19.85,18.98,19.4,19.71,34240,6.64,2026-10-06
QUESS,EQ,344.85,344.85,332.55,334.45,341.85,218679,733.4,2026-10-06
QUICKHEAL,EQ,138.0,141.0,138.0,140.42,137.91,61739,86.42,2026-10-06
QUINTEGRA,EQ,1.47,1.47,1.47,1.47,1.4,11789,0.17,2026-10-06
RACE,EQ,113.6,113.6,108.55,108.75,108.95,17139,18.75,2026-10-06
RACLGEAR,EQ,1560.0,1608.2,1550.1,1593.4,1550.4,20828,328.36,2026-10-06
RADAAN,EQ,2.99,3.15,2.86,2.98,2.99,22851,0.7,2026-10-06
RADIANTCMS,EQ,34.51,35.49,34.42,34.82,34.92,86519,30.17,2026-10-06
RADICO,EQ,4300.0,4509.0,4294.0,4460.1,4289.1,632144,28063.59,2026-10-06
RADIOCITY,EQ,6.05,6.05,5.8,6.01,5.9,18611,1.1,2026-10-06
RAILTEL,EQ,253.1,258.55,252.55,257.65,252.3,511182,1312.51,2026-10-06
RAIN,EQ,207.8,216.0,207.1,212.63,208.02,3477479,7422.66,2026-10-06
RAINBOW,EQ,1269.2,1273.9,1235.6,1239.7,1269.3,122566,1527.88,2026-10-06
RAJMET,EQ,3.06,3.19,3.02,3.08,3.06,196261,6.06,2026-10-06
RAJOOENG,EQ,55.4,57.5,54.11,56.95,54.97,838914,469.36,2026-10-06
RAJPALAYAM,EQ,755.0,773.0,735.0,743.95,734.35,295,2.19,2026-10-06
RAJRATAN,EQ,455.0,475.0,452.95,467.3,454.6,96176,445.02,2026-10-06
RAJSREESUG,EQ,29.25,29.9,28.85,29.58,28.39,67148,19.83,2026-10-06
RALLIS,EQ,198.0,200.93,197.0,200.3,197.16,352413,700.53,2026-10-06
RAMANEWS,EQ,29.7,29.75,28.4,28.88,29.36,20075,5.82,2026-10-06
RAMAPHO,EQ,118.57,123.34,117.52,117.99,119.07,73107,86.81,2026-10-06
RAMBHAJO,EQ,309.95,332.0,307.85,330.35,305.1,880575,2837.34,2026-10-06
RAMCOCEM,EQ,842.9,849.7,834.8,848.25,837.1,167222,1406.45,2026-10-06
RAMCOIND,EQ,300.0,302.2,293.0,297.75,298.5,114309,339.74,2026-10-06
RAMCOSYS,EQ,555.5,565.75,553.0,563.5,555.3,33400,186.67,2026-10-06
RAMKY,EQ,282.0,288.45,281.6,286.65,280.95,28933,82.64,2026-10-06
RAMRAT,EQ,640.95,648.7,634.45,641.2,635.2,264177,1694.76,2026-10-06
RANASUG,EQ,13.9,14.1,13.75,13.81,13.62,443685,61.58,2026-10-06
RANEHOLDIN,EQ,1550.8,1568.9,1533.1,1547.4,1550.8,4758,73.69,2026-10-06
RATEGAIN,EQ,850.0,858.0,842.05,854.45,849.45,136700,1162.31,2026-10-06
RATNAMANI,EQ,2570.0,2634.3,2569.6,2601.2,2564.9,19889,515.01,2026-10-06
RATNAVEER,EQ,341.25,343.95,333.9,335.25,339.35,1400875,4723.38,2026-10-06
RAYMOND,EQ,1312.8,1339.0,1271.7,1294.3,1300.7,1955260,25668.42,2026-10-06
RAYMONDLSL,EQ,636.0,658.8,630.05,649.85,628.85,281558,1831.71,2026-10-06
RAYMONDREL,EQ,698.0,737.9,681.05,707.8,691.85,2765917,19872.84,2026-10-06
RBA,EQ,93.91,95.68,92.52,95.1,93.99,1607028,1518.16,2026-10-06
RBLBANK,EQ,416.95,418.0,412.3,414.5,416.55,2559971,10606.91,2026-10-06
RCF,EQ,107.4,109.39,107.0,108.94,106.69,911292,984.59,2026-10-06
RECLTD,EQ,295.55,300.95,294.85,300.0,295.65,5488691,16403.79,2026-10-06
REDINGTON,EQ,414.0,417.4,404.0,405.7,412.75,2037976,8317.68,2026-10-06
REDTAPE,EQ,114.05,115.49,114.05,114.8,113.85,148953,170.85,2026-10-06
REFEX,EQ,270.85,271.85,263.1,265.15,271.3,301675,803.0,2026-10-06
REGAAL,EQ,86.0,88.0,85.0,85.94,85.78,183472,158.29,2026-10-06
REGENCERAM,EQ,32.2,33.8,30.15,33.28,32.53,23966,7.92,2026-10-06
RELAXO,EQ,282.2,291.45,282.2,290.5,281.95,92182,265.91,2026-10-06
RELCHEMQ,EQ,113.27,116.0,113.27,113.4,113.27,2301,2.62,2026-10-06
RELIABLE,EQ,144.0,144.0,137.25,139.3,142.39,8421,11.76,2026-10-06
RELIANCE,EQ,1188.1,1219.1,1188.1,1218.0,1186.4,18003127,218120.46,2026-10-06
RELIGARE,EQ,224.9,228.97,223.51,227.75,223.44,659520,1489.4,2026-10-06
RELTD,EQ,143.51,148.5,143.23,147.25,144.18,66967,98.22,2026-10-06
REMSONSIND,EQ,110.0,110.9,102.72,108.67,109.71,520894,557.74,2026-10-06
RENTOMOJO,EQ,521.4,564.0,517.1,545.2,510.95,9174958,49952.77,2026-10-06
RENUKA,EQ,22.38,22.84,22.18,22.65,21.76,18626993,4202.76,2026-10-06
REPCOHOME,EQ,331.0,337.45,325.65,326.45,329.25,65214,214.04,2026-10-06
REPL,EQ,58.95,58.95,55.0,56.83,56.24,1257,0.71,2026-10-06
REPRO,EQ,290.45,310.95,290.45,296.35,294.25,18005,54.1,2026-10-06
RESPONIND,EQ,158.2,163.0,154.65,156.31,158.17,1662406,2610.21,2026-10-06
RGL,EQ,161.1,167.49,158.01,163.62,161.52,465586,757.72,2026-10-06
RHETAN,EQ,15.02,16.6,15.02,16.59,15.81,31432821,5085.84,2026-10-06
RHIM,EQ,373.6,376.8,370.4,373.4,372.75,181452,678.93,2026-10-06
RHL,EQ,169.5,169.5,161.51,165.25,164.8,1708,2.81,2026-10-06
RICOAUTO,EQ,120.35,122.5,120.0,121.83,120.52,677941,823.05,2026-10-06
RIIL,EQ,664.1,684.0,661.5,681.7,664.1,55354,374.35,2026-10-06
RIR,EQ,176.19,184.9,175.77,183.49,174.61,632621,1140.38,2026-10-06
RISHABH,EQ,686.2,709.25,685.6,688.4,686.2,178044,1236.84,2026-10-06
RITCO,EQ,286.95,291.1,284.25,285.55,284.35,107885,308.84,2026-10-06
RITES,EQ,204.52,206.86,202.41,203.51,205.74,616591,1261.75,2026-10-06
RKDL,EQ,17.79,17.79,17.15,17.27,17.05,9673,1.68,2026-10-06
RKFORGE,EQ,700.1,736.45,696.1,732.65,700.45,992145,7206.54,2026-10-06
RKSWAMY,EQ,89.48,89.48,86.45,87.87,86.07,7595,6.68,2026-10-06
RMC,EQ,194.91,202.85,193.0,196.05,194.15,146046,287.02,2026-10-06
RML,EQ,1382.5,1437.3,1372.0,1394.4,1372.2,99854,1403.12,2026-10-06
ROHLTD,EQ,296.0,303.25,296.0,300.75,295.1,8836,26.55,2026-10-06
ROLEXRINGS,EQ,190.9,191.56,185.6,188.18,189.77,2424946,4559.08,2026-10-06
ROML,EQ,43.0,43.3,42.65,42.99,43.0,1781,0.76,2026-10-06
ROSSARI,EQ,427.15,435.0,424.8,427.45,430.9,184174,791.27,2026-10-06
ROSSELLIND,EQ,50.1,51.3,49.83,50.68,50.1,20826,10.62,2026-10-06
ROSSTECH,EQ,1624.9,1699.0,1586.4,1612.1,1607.2,506905,8356.39,2026-10-06
ROTO,EQ,62.85,63.36,61.74,62.24,62.26,524832,326.79,2026-10-06
ROUTE,EQ,435.0,437.3,429.4,430.8,431.1,137980,595.91,2026-10-06
RPEL,EQ,1851.2,1860.0,1799.0,1835.6,1825.3,51137,935.15,2026-10-06
RPGLIFE,EQ,2905.0,2987.9,2899.6,2933.2,2896.4,14225,418.36,2026-10-06
RPOWER,EQ,20.07,21.05,20.0,20.49,20.09,48663848,10050.36,2026-10-06
RPPINFRA,EQ,50.1,52.57,50.1,51.53,50.82,33688,17.43,2026-10-06
RPSGVENT,EQ,839.95,842.0,828.0,833.1,833.9,13774,114.89,2026-10-06
RPTECH,EQ,945.0,961.2,941.1,958.25,943.45,188962,1800.67,2026-10-06
RRECL,EQ,134.62,135.0,124.21,125.17,134.62,279,0.37,2026-10-06
RRIL,EQ,15.35,16.44,15.25,16.18,15.21,21385,3.35,2026-10-06
RRKABEL,EQ,2667.0,2806.8,2645.0,2789.7,2648.0,917457,25186.52,2026-10-06
RSL,EQ,175.57,184.9,173.68,176.06,175.57,2532342,4504.34,2026-10-06
RSSOFTWARE,EQ,30.99,30.99,29.5,30.44,29.79,8348,2.53,2026-10-06
RSWM,EQ,203.3,209.0,202.81,207.03,203.03,24341,50.03,2026-10-06
RSYSTEMS,EQ,247.5,251.55,244.5,246.3,249.9,760943,1875.69,2026-10-06
RTNINDIA,EQ,25.63,26.24,25.5,26.13,25.46,976831,253.36,2026-10-06
RTNPOWER,EQ,6.71,6.83,6.71,6.75,6.73,6922772,469.11,2026-10-06
RUBFILA,EQ,62.62,64.4,62.62,63.59,63.18,28374,18.11,2026-10-06
RUBICON,EQ,1608.5,1612.0,1583.5,1596.8,1608.5,72117,1152.76,2026-10-06
RUBYMILLS,EQ,490.0,519.0,487.85,512.8,494.2,22847,114.68,2026-10-06
RUCHINFRA,EQ,5.04,5.04,4.85,4.98,4.85,20684,1.03,2026-10-06
RUCHIRA,EQ,103.39,104.47,102.01,102.78,103.39,9363,9.67,2026-10-06
RUDRA,EQ,18.18,18.39,17.67,17.81,18.0,7681,1.37,2026-10-06
RUNWALENTR,EQ,296.0,299.75,286.55,290.6,301.45,1321433,3880.77,2026-10-06
RUPA,EQ,128.0,130.59,128.0,128.99,128.4,118983,154.07,2026-10-06
RUSHIL,EQ,15.9,15.9,15.41,15.54,15.46,108221,16.87,2026-10-06
RUSTOMJEE,EQ,368.0,370.0,362.85,368.55,368.5,11367,41.71,2026-10-06
RVHL,EQ,37.14,38.5,37.0,37.26,37.46,6990,2.62,2026-10-06
RVNL,EQ,197.0,201.2,196.64,198.78,196.95,3145856,6270.13,2026-10-06
RVTH,EQ,723.0,760.0,701.0,756.2,726.45,1590,11.55,2026-10-06
S&SPOWER,EQ,295.0,299.85,281.5,286.0,294.55,4306,12.3,2026-10-06
SAATVIKGL,EQ,406.7,406.7,398.2,402.5,400.85,57401,230.36,2026-10-06
SAB,EQ,170.0,170.0,170.0,170.0,170.0,10,0.02,2026-10-06
SADBHAV,EQ,6.75,6.94,6.75,6.85,6.86,118920,8.15,2026-10-06
SADBHIN,EQ,2.62,2.62,2.56,2.56,2.61,45546,1.17,2026-10-06
SAFARI,EQ,1308.6,1344.6,1299.2,1318.0,1308.6,41056,543.0,2026-10-06
SAGARDEEP,EQ,24.0,24.0,22.0,23.14,22.1,4214,0.95,2026-10-06
SAGCEM,EQ,148.68,149.7,145.81,146.6,148.68,38480,56.54,2026-10-06
SAGILITY,EQ,42.79,43.88,42.51,43.88,42.57,8239659,3556.76,2026-10-06
SAHLIBHFI,EQ,77.9,77.92,75.05,76.71,76.7,2882,2.21,2026-10-06
SAHYADRI,EQ,363.95,367.9,350.0,354.05,361.4,8223,29.44,2026-10-06
SAICAPI,EQ,155.0,155.0,145.0,150.16,155.0,462,0.68,2026-10-06
SAIL,EQ,177.3,180.45,174.8,178.1,176.95,19432905,34592.46,2026-10-06
SAILIFE,EQ,1520.0,1569.0,1495.0,1558.1,1511.3,277814,4268.3,2026-10-06
SAIPARENT,EQ,502.9,535.0,499.2,522.9,498.7,352499,1831.44,2026-10-06
SAKAR,EQ,1013.0,1068.0,1013.0,1048.5,1006.8,68620,710.32,2026-10-06
SAKHTISUG,EQ,18.07,19.35,18.06,18.88,17.8,290628,54.87,2026-10-06
SAKSOFT,EQ,140.4,144.0,140.31,142.74,140.72,112706,159.9,2026-10-06
SAKUMA,EQ,1.57,1.57,1.49,1.51,1.54,1647490,25.11,2026-10-06
SALASAR,EQ,4.07,4.34,4.04,4.22,4.04,5485232,230.8,2026-10-06
SALONA,EQ,272.95,275.0,268.0,274.2,268.25,757,2.07,2026-10-06
SALSTEEL,EQ,92.0,93.0,89.29,89.6,93.98,746781,672.27,2026-10-06
SALZERELEC,EQ,523.0,531.4,521.2,524.95,525.05,35112,184.5,2026-10-06
SAMBHAAV,EQ,5.41,5.41,5.06,5.25,5.3,27220,1.42,2026-10-06
SAMBHV,EQ,166.0,167.0,161.36,162.19,164.66,1575550,2576.61,2026-10-06
SAMHI,EQ,148.6,151.0,147.9,149.73,150.41,811325,1212.65,2026-10-06
SAMMAANCAP,EQ,134.2,134.87,133.0,134.4,133.11,2560634,3433.67,2026-10-06
SAMPANN,EQ,24.0,24.66,23.9,23.99,23.91,10227,2.48,2026-10-06
SANATHAN,EQ,528.35,532.3,522.25,525.65,528.35,45492,240.47,2026-10-06
SANDESH,EQ,985.15,1025.55,985.15,1017.4,1013.95,972,9.78,2026-10-06
SANDHAR,EQ,557.0,563.75,553.25,558.1,555.3,78149,436.71,2026-10-06
SANDUMA,EQ,177.35,185.0,177.35,183.38,177.35,525752,951.68,2026-10-06
SANGAMIND,EQ,638.0,645.3,630.05,642.4,631.75,30921,197.46,2026-10-06
SANGHVIMOV,EQ,410.0,432.95,410.0,419.5,409.9,482154,2032.68,2026-10-06
SANOFI,EQ,3020.1,3057.8,3004.0,3047.0,3024.2,16503,499.24,2026-10-06
SANOFICONR,EQ,3731.0,3764.4,3704.0,3736.5,3752.7,3430,127.74,2026-10-06
SANSERA,EQ,4245.8,4273.6,4085.4,4232.9,4291.3,261389,11030.8,2026-10-06
SANSTAR,EQ,103.93,106.13,103.2,104.07,104.73,104195,108.8,2026-10-06
SAPPHIRE,EQ,214.3,216.02,210.6,215.16,212.64,315838,673.59,2026-10-06
SAPPL,EQ,306.6,332.15,306.6,314.1,327.1,3162,9.93,2026-10-06
SARDAEN,EQ,502.15,503.95,496.5,500.7,501.0,188815,944.73,2026-10-06
SAREGAMA,EQ,497.1,506.8,493.0,503.7,497.1,166549,835.12,2026-10-06
SARLAPOLY,EQ,95.8,96.79,95.01,96.44,95.1,26212,25.16,2026-10-06
SARVESHWAR,EQ,3.47,3.6,3.47,3.58,3.46,1021600,36.2,2026-10-06
SASKEN,EQ,1700.0,1729.0,1666.1,1679.5,1683.2,18068,304.43,2026-10-06
SATIA,EQ,69.0,69.4,68.02,69.26,68.51,81400,56.05,2026-10-06
SATIN,EQ,216.15,231.22,200.07,228.35,216.29,4924729,10576.2,2026-10-06
SAURASHCEM,EQ,51.05,51.9,50.95,51.47,51.4,67553,34.76,2026-10-06
SAYAJIHOTL,EQ,309.8,319.95,306.55,307.35,306.5,38,0.12,2026-10-06
SAYAJIIND,EQ,115.0,118.0,114.01,118.0,120.0,2098,2.41,2026-10-06
SBC,EQ,62.9,64.43,60.4,61.7,62.04,26585618,16466.66,2026-10-06
SBCL,EQ,1076.5,1103.5,1067.7,1099.6,1076.5,130349,1428.07,2026-10-06
SBFC,EQ,82.51,84.19,82.25,83.28,82.83,1721500,1434.1,2026-10-06
SBGLP,EQ,23.22,23.88,22.56,22.78,23.11,45230,10.39,2026-10-06
SBIBPB,EQ,46.69,46.85,46.36,46.61,46.48,22078,10.27,2026-10-06
SBICARD,EQ,566.0,571.5,562.2,569.4,566.0,622300,3529.69,2026-10-06
SBIETFCON,EQ,113.5,114.33,113.0,113.94,112.72,2469,2.8,2026-10-06
SBIETFIT,EQ,316.92,316.92,310.0,311.04,312.96,2434,7.57,2026-10-06
SBIETFPB,EQ,270.78,277.68,270.78,275.91,273.52,4312,11.9,2026-10-06
SBIETFQLTY,EQ,206.55,208.0,206.07,207.8,206.58,6265,12.96,2026-10-06
SBIFUNDS,EQ,497.2,504.0,494.1,502.85,495.4,920580,4595.88,2026-10-06
SBILIFE,EQ,1720.2,1754.3,1708.9,1750.0,1709.5,941906,16403.75,2026-10-06
SBILIQETF,EQ,1058.89,1058.91,1058.89,1058.89,1058.76,437526,4632.92,2026-10-06
SBIMIDMOM,EQ,60.98,61.84,60.98,61.56,60.65,72718,44.75,2026-10-06
SBIN,EQ,962.1,963.65,949.85,958.75,958.0,8204620,78368.38,2026-10-06
SBINEQWETF,EQ,30.48,32.82,30.48,32.01,31.27,19042,6.01,2026-10-06
SBINMID150,EQ,21.85,22.05,21.85,21.98,21.75,11520,2.52,2026-10-06
SBISILVER,EQ,215.76,216.19,213.63,216.04,217.32,801021,1723.38,2026-10-06
SBISMLETF,EQ,17.98,17.98,17.7,17.9,17.83,24530,4.38,2026-10-06
SBIVALETF,EQ,13.92,13.99,13.9,13.95,13.92,6384,0.89,2026-10-06
SCHAEFFLER,EQ,3874.2,3874.2,3806.9,3818.1,3845.0,43159,1650.85,2026-10-06
SCHAND,EQ,140.2,146.0,137.01,145.16,140.5,25808,36.61,2026-10-06
SCHNEIDER,EQ,1261.8,1292.8,1250.1,1274.0,1268.1,127905,1629.7,2026-10-06
SCI,EQ,292.05,293.8,283.25,289.0,290.6,5287314,15219.09,2026-10-06
SCILAL,EQ,37.5,37.9,37.0,37.68,37.26,236495,88.53,2026-10-06
SCODATUBES,EQ,126.75,126.75,123.39,124.37,124.62,116589,145.19,2026-10-06
SDBL,EQ,74.5,75.18,73.5,74.02,73.21,589045,436.53,2026-10-06
SEAMECLTD,EQ,1554.0,1604.2,1554.0,1584.9,1577.9,54558,865.72,2026-10-06
SECLEDBETA,EQ,13.84,13.98,13.84,13.97,13.74,2731,0.38,2026-10-06
SECMARK,EQ,136.72,141.4,136.72,137.0,137.41,175,0.24,2026-10-06
SECURKLOUD,EQ,16.25,16.5,15.61,15.71,16.13,30534,4.86,2026-10-06
SEDEMAC,EQ,3395.6,3426.8,3320.1,3399.6,3372.3,143990,4867.11,2026-10-06
SEIL,EQ,185.53,187.93,182.61,186.16,183.52,592634,1107.35,2026-10-06
SEJALLTD,EQ,650.0,683.75,649.35,676.55,651.2,6501,42.75,2026-10-06
SEKURITIND,EQ,109.98,110.44,107.5,110.08,108.72,31166,33.95,2026-10-06
SELECTIPO,EQ,46.01,46.65,46.01,46.64,45.79,18943,8.8,2026-10-06
SEMAC,EQ,239.04,239.04,235.55,235.55,239.04,7,0.02,2026-10-06
SENCO,EQ,318.7,323.55,317.05,318.75,316.95,559711,1790.9,2026-10-06
SENORES,EQ,1331.3,1401.0,1318.6,1388.6,1321.2,309834,4219.35,2026-10-06
SENSEXADD,EQ,75.15,75.45,75.02,75.35,74.78,2031,1.53,2026-10-06
SENSEXAXIS,EQ,75.98,75.98,75.38,75.78,75.22,4817,3.65,2026-10-06
SENSEXBETA,EQ,812.89,812.89,803.41,809.72,808.67,2164,17.48,2026-10-06
SENSEXETF,EQ,75.3,75.44,74.71,75.41,74.67,26787,20.14,2026-10-06
SENSEXIETF,EQ,836.25,839.5,833.0,838.12,834.11,7563,63.3,2026-10-06
SEPC,EQ,5.15,5.15,5.03,5.05,5.11,4908883,248.5,2026-10-06
SERVOTECH,EQ,72.0,72.39,71.25,72.06,71.93,303819,218.18,2026-10-06
SESHAPAPER,EQ,235.01,239.18,233.0,233.87,234.76,28978,68.05,2026-10-06
SETF10GILT,EQ,261.0,262.11,259.55,259.78,260.58,2444,6.37,2026-10-06
SETFGOLD,EQ,125.08,125.47,124.26,125.36,125.41,9150958,11437.7,2026-10-06
SETFNIF50,EQ,243.13,245.7,243.13,245.14,243.13,807354,1974.4,2026-10-06
SETFNIFBK,EQ,558.46,568.0,558.46,565.47,561.27,186970,1057.68,2026-10-06
SETFNN50,EQ,744.04,753.99,742.05,751.83,742.05,16951,126.97,2026-10-06
SETL,EQ,431.2,434.8,423.75,428.3,430.05,453699,1948.23,2026-10-06
SFL,EQ,624.4,630.0,616.85,623.4,620.45,81224,506.05,2026-10-06
SGFIN,EQ,687.0,687.0,655.25,662.15,677.95,371637,2472.33,2026-10-06
SGIL,EQ,603.45,614.65,598.55,603.2,603.0,4622,27.91,2026-10-06
SGL,EQ,9.35,9.35,8.61,8.8,8.84,4518,0.4,2026-10-06
SGLRES,EQ,2.29,2.29,2.17,2.26,2.23,33778,0.75,2026-10-06
SGMART,EQ,740.0,757.2,734.0,742.85,737.65,255968,1908.67,2026-10-06
SGRL,EQ,690.0,734.25,690.0,719.05,680.4,31464,225.95,2026-10-06
SHADOWFAX,EQ,291.0,291.9,284.2,288.0,289.05,7609302,21858.7,2026-10-06
SHAH,EQ,3.06,3.22,3.0,3.09,3.07,596500,18.27,2026-10-06
SHAILY,EQ,3019.0,3124.8,3018.5,3100.3,3012.8,88898,2750.59,2026-10-06
SHAKTIPUMP,EQ,443.4,451.6,443.25,449.35,443.4,936744,4190.17,2026-10-06
SHALBY,EQ,134.0,137.1,133.61,136.51,134.01,50727,68.89,2026-10-06
SHANKARA,EQ,119.9,127.19,118.0,125.58,118.16,113826,139.77,2026-10-06
SHANKESH,EQ,88.65,92.98,88.5,92.21,88.24,2373020,2164.91,2026-10-06
SHANTI,EQ,5.45,5.69,5.15,5.49,5.44,32761,1.74,2026-10-06
SHANTIGEAR,EQ,593.0,606.75,586.55,602.3,591.75,50138,299.12,2026-10-06
SHANTIGOLD,EQ,320.0,338.7,318.95,336.65,316.6,4557739,15013.85,2026-10-06
SHARDACROP,EQ,721.8,744.55,720.0,741.75,720.1,89366,656.31,2026-10-06
SHARDAMOTR,EQ,924.5,933.05,921.85,928.55,918.6,26440,245.23,2026-10-06
SHAREINDIA,EQ,207.5,212.0,207.0,211.4,206.06,880466,1847.11,2026-10-06
SHARIABEES,EQ,421.48,429.6,421.48,424.7,421.48,4737,20.08,2026-10-06
SHBAJRG,EQ,166.5,167.96,161.49,162.8,164.79,6772,11.09,2026-10-06
SHEMAROO,EQ,111.6,114.35,111.6,111.76,110.56,6104,6.89,2026-10-06
SHERVANI,EQ,304.0,304.0,304.0,304.0,315.0,20,0.06,2026-10-06
SHILCTECH,EQ,4032.9,4105.0,4015.9,4094.2,4032.9,10823,442.11,2026-10-06
SHILGRAVQ,EQ,145.0,146.99,141.27,145.31,142.87,1576,2.29,2026-10-06
SHILPAMED,EQ,1028.1,1079.9,1026.1,1073.7,1031.2,587086,6234.16,2026-10-06
SHINDL,EQ,159.99,159.99,156.0,158.69,158.41,135954,214.45,2026-10-06
SHIPROCKET,EQ,124.87,132.34,123.46,131.43,123.0,7625305,9873.36,2026-10-06
SHIVAAGRO,EQ,39.1,39.2,38.0,39.02,38.7,3408,1.31,2026-10-06
SHIVACEM,EQ,12.6,14.7,12.6,13.19,12.7,118475,15.72,2026-10-06
SHIVALIK,EQ,374.0,389.8,360.0,386.25,375.3,78286,295.56,2026-10-06
SHIVAMAUTO,EQ,16.95,17.89,16.45,16.6,16.67,93728,15.87,2026-10-06
SHIVAMILLS,EQ,59.0,62.15,58.0,58.31,59.32,1160,0.68,2026-10-06
SHIVATEX,EQ,165.22,172.9,165.01,169.99,165.01,2607,4.37,2026-10-06
SHIVAUM,EQ,559.05,559.7,552.5,552.65,558.95,4729,26.29,2026-10-06
SHK,EQ,138.4,143.86,136.82,142.32,137.42,584843,828.03,2026-10-06
SHOPERSTOP,EQ,390.05,405.0,390.05,398.15,395.5,17408,69.5,2026-10-06
SHRADDHA,EQ,166.5,172.5,162.3,166.72,164.79,9492,15.95,2026-10-06
SHRADHA,EQ,30.48,32.49,28.5,29.83,29.36,31148,9.69,2026-10-06
SHREDIGCEM,EQ,67.0,67.0,64.15,65.12,66.33,144731,94.5,2026-10-06
SHREECEM,EQ,21800.0,22210.0,21800.0,22210.0,21990.0,22436,4948.22,2026-10-06
SHREEJISPG,EQ,783.0,799.5,781.5,796.5,779.85,1125084,8903.67,2026-10-06
SHREEPUSHK,EQ,495.25,515.0,487.3,510.1,494.55,51539,257.8,2026-10-06
SHREERAMA,EQ,42.96,44.19,42.6,43.53,43.09,35270,15.27,2026-10-06
SHREYANIND,EQ,128.1,130.0,127.0,128.94,129.0,7606,9.76,2026-10-06
SHRINGARMS,EQ,221.02,225.5,219.49,223.32,219.36,1145487,2556.33,2026-10-06
SHRIPISTON,EQ,4430.0,4447.9,4332.0,4405.0,4398.8,74828,3276.92,2026-10-06
SHRIRAMFIN,EQ,971.4,975.0,959.1,965.05,971.4,4433773,42882.62,2026-10-06
SHRIRAMPPS,EQ,67.97,68.47,67.41,68.13,67.52,143686,97.52,2026-10-06
SHRJAGP,EQ,676.0,700.0,672.1,674.6,685.0,210,1.43,2026-10-06
SHUKRAPHAR,EQ,72.4,75.4,70.55,72.58,70.49,24259904,17647.23,2026-10-06
SHYAMCENT,EQ,5.17,5.17,5.0,5.03,5.07,38542,1.95,2026-10-06
SHYAMMETL,EQ,1024.0,1059.3,1019.4,1054.0,1020.2,413254,4291.1,2026-10-06
SHYAMTEL,EQ,11.22,11.25,10.62,10.73,10.93,4752,0.52,2026-10-06
SICAGEN,EQ,51.5,52.84,51.5,51.87,52.37,4100,2.12,2026-10-06
SIEL,EQ,31.0,31.0,31.0,31.0,31.0,11,0.0,2026-10-06
SIEMENS,EQ,3734.0,3859.6,3694.4,3854.0,3701.1,219732,8346.32,2026-10-06
SIGACHI,EQ,28.73,31.19,28.65,29.89,28.72,5409694,1639.72,2026-10-06
SIGMA,EQ,44.9,45.6,43.55,45.24,43.83,88715,39.72,2026-10-06
SIGNATURE,EQ,732.6,740.2,717.55,719.35,738.2,280842,2044.17,2026-10-06
SIGNPOST,EQ,262.25,265.85,260.0,262.1,260.85,30403,79.8,2026-10-06
SIKA,EQ,1033.7,1040.0,1017.0,1029.3,1022.6,9995,102.8,2026-10-06
SIL,EQ,16.2,16.2,15.86,16.0,15.98,8963,1.44,2026-10-06
SILGO,EQ,70.52,70.55,68.07,69.51,69.49,66055,46.13,2026-10-06
SILINV,EQ,454.0,463.0,450.0,459.4,445.75,1855,8.46,2026-10-06
SILVER,EQ,219.69,220.3,217.74,220.17,221.22,561229,1231.03,2026-10-06
SILVER001,EQ,22.5,22.5,22.06,22.31,22.33,16924,3.75,2026-10-06
SILVER1,EQ,21.39,21.4,21.16,21.37,21.51,8578942,1826.82,2026-10-06
SILVER360,EQ,217.38,217.38,215.0,216.58,217.71,7580,16.36,2026-10-06
SILVERADD,EQ,21.24,21.26,21.0,21.23,21.34,1153270,244.22,2026-10-06
SILVERAG,EQ,215.0,215.0,212.24,214.75,215.75,533554,1144.91,2026-10-06
SILVERAXIS,EQ,218.91,219.26,216.79,219.09,220.26,715377,1561.44,2026-10-06
SILVERBEES,EQ,210.1,210.83,208.5,210.7,211.85,11390233,23888.86,2026-10-06
SILVERBETA,EQ,212.88,212.88,210.36,212.69,213.84,1588843,3359.67,2026-10-06
SILVERBND,EQ,219.93,221.72,219.0,221.55,222.53,2006,4.42,2026-10-06
SILVERCASE,EQ,22.26,22.34,22.09,22.32,22.43,3295102,732.48,2026-10-06
SILVERIETF,EQ,219.7,220.19,217.66,219.99,221.18,3092376,6770.71,2026-10-06
SILVERTUC,EQ,139.0,139.39,136.76,137.68,137.41,95538,131.72,2026-10-06
SIMPLEXINF,EQ,251.85,261.5,247.82,259.13,249.61,205768,530.07,2026-10-06
SIMPLXREA,EQ,122.95,122.95,113.75,113.75,117.43,203,0.25,2026-10-06
SINCLAIR,EQ,75.38,77.97,74.79,75.93,75.87,25792,19.55,2026-10-06
SINDHUTRAD,EQ,22.24,22.93,21.56,22.0,22.13,4527595,1021.03,2026-10-06
SINGERIND,EQ,74.05,76.4,73.51,74.93,74.6,73914,55.53,2026-10-06
SINTERCOM,EQ,76.01,78.5,75.91,76.93,75.9,3846,2.95,2026-10-06
SIRCA,EQ,403.8,411.0,403.7,406.6,401.7,78928,321.75,2026-10-06
SIS,EQ,416.45,420.3,414.55,416.7,414.7,99900,417.94,2026-10-06
SIYSIL,EQ,549.0,559.05,541.6,553.45,540.15,25170,139.16,2026-10-06
SJS,EQ,2039.6,2039.6,1969.1,1981.4,2039.6,278139,5567.01,2026-10-06
SJVN,EQ,57.42,57.6,56.8,57.26,57.16,1735501,992.01,2026-10-06
SKFINDIA,EQ,1453.0,1466.0,1435.0,1461.9,1445.9,34336,497.96,2026-10-06
SKFINDUS,EQ,2720.0,2785.0,2691.3,2774.6,2729.5,23101,632.17,2026-10-06
SKIPPER,EQ,539.05,553.5,537.0,551.5,538.9,377434,2071.69,2026-10-06
SKMEGGPROD,EQ,202.01,214.65,202.01,210.05,201.4,179510,375.91,2026-10-06
SKYGOLD,EQ,830.7,877.0,830.65,857.65,825.9,4153944,35555.1,2026-10-06
SKYWAYS,EQ,110.0,116.5,109.52,113.51,109.48,1344512,1502.73,2026-10-06
SMALL250,EQ,17.77,18.2,17.33,17.96,17.68,503365,89.95,2026-10-06
SMALLADD,EQ,18.23,18.23,17.79,17.98,17.79,16478,2.96,2026-10-06
SMALLCAP,EQ,47.6,48.42,47.47,48.24,47.47,1195165,573.92,2026-10-06
SMALLGROWW,EQ,47.5,48.31,47.0,48.29,47.5,8501,4.09,2026-10-06
SMALLIETF,EQ,17.84,18.09,17.75,18.01,17.61,36414,6.51,2026-10-06
SMARTWORKS,EQ,501.0,513.85,497.35,503.9,497.8,128071,649.75,2026-10-06
SMCGLOBAL,EQ,119.4,120.0,107.67,110.55,114.5,29982678,33590.62,2026-10-06
SML100CASE,EQ,11.04,11.06,10.87,10.99,10.84,1217057,133.56,2026-10-06
SMLMAH,EQ,6404.0,6404.0,6090.0,6135.5,6354.0,55168,3410.77,2026-10-06
SMLT,EQ,78.88,78.9,73.02,74.06,78.72,66008,49.78,2026-10-06
SMSPHARMA,EQ,479.95,482.8,467.55,472.2,477.85,242600,1150.77,2026-10-06
SNOWMAN,EQ,34.32,34.59,33.93,34.24,33.99,70667,24.18,2026-10-06
SNXT30BEES,EQ,39.94,40.2,39.94,40.16,40.02,3365,1.35,2026-10-06
SNXT50BETA,EQ,89.24,90.28,89.24,90.07,89.24,333,0.3,2026-10-06
SOBHA,EQ,1202.0,1218.3,1180.8,1190.7,1198.2,401261,4785.44,2026-10-06
SOFTTECH,EQ,463.2,473.95,459.9,461.55,462.15,1508,6.97,2026-10-06
SOLARA,EQ,682.0,689.7,668.1,682.65,676.9,196640,1332.26,2026-10-06
SOLARINDS,EQ,19464.0,20274.0,19416.0,20071.0,19540.0,177180,35240.49,2026-10-06
SOLARWORLD,EQ,124.98,132.0,123.0,130.39,123.94,170537,218.78,2026-10-06
SOLEX,EQ,687.0,704.95,670.0,690.85,682.2,114805,789.58,2026-10-06
SOMANYCERA,EQ,606.0,631.7,605.35,625.0,610.9,129420,803.07,2026-10-06
SOMATEX,EQ,76.89,79.43,75.72,79.09,75.65,5567,4.33,2026-10-06
SOMICONVEY,EQ,83.5,86.49,82.51,84.05,83.43,12860,10.8,2026-10-06
SONACOMS,EQ,799.7,821.65,793.25,820.0,797.0,1679743,13594.97,2026-10-06
SONAL,EQ,85.0,85.0,83.19,83.19,87.56,1616,1.34,2026-10-06
SONATSOFTW,EQ,255.65,256.7,250.6,252.05,254.0,515712,1301.95,2026-10-06
SOTL,EQ,730.0,780.0,722.6,775.5,727.2,523424,3971.33,2026-10-06
SOUTHBANK,EQ,48.2,48.59,47.05,47.23,48.54,11015738,5268.89,2026-10-06
SOUTHWEST,EQ,195.58,201.6,193.99,199.72,195.58,161477,320.59,2026-10-06
SPAL,EQ,955.4,958.9,935.1,949.65,937.9,18873,179.0,2026-10-06
SPANDANA,EQ,215.05,219.98,215.05,218.12,213.52,96068,209.07,2026-10-06
SPARC,EQ,192.14,197.69,191.4,196.89,191.26,688818,1346.43,2026-10-06
SPCENET,EQ,3.28,3.54,3.16,3.31,3.22,680098,22.77,2026-10-06
SPENCERS,EQ,26.88,28.48,25.99,28.3,26.39,80468,21.89,2026-10-06
SPIC,EQ,62.42,63.46,62.11,63.05,62.19,243856,152.73,2026-10-06
SPLIL,EQ,29.08,29.6,28.55,29.49,28.94,1186,0.35,2026-10-06
SPLPETRO,EQ,802.8,825.45,792.45,819.6,798.35,143797,1170.51,2026-10-06
SPMLINFRA,EQ,159.99,165.0,159.99,162.63,158.29,118985,192.97,2026-10-06
SPORTKING,EQ,192.51,206.9,192.51,202.8,193.53,381331,774.48,2026-10-06
SRD,EQ,37.76,38.57,37.76,38.29,37.7,7028,2.69,2026-10-06
SRF,EQ,2450.0,2492.0,2445.2,2470.0,2460.0,150635,3722.38,2026-10-06
SRGHFL,EQ,124.01,129.63,122.55,122.55,128.99,6638,8.19,2026-10-06
SRHHYPOLTD,EQ,542.4,559.0,540.0,548.65,537.3,15877,87.17,2026-10-06
SRM,EQ,398.85,422.0,393.25,418.45,398.65,80137,331.56,2026-10-06
SRTL,EQ,36.1,37.49,36.1,36.67,36.1,12161,4.47,2026-10-06
SSDL,EQ,69.8,71.28,67.16,68.57,69.75,77815,53.87,2026-10-06
SSRETAIL,EQ,678.0,729.65,665.5,712.75,677.15,14705225,102897.79,2026-10-06
SSWL,EQ,413.65,434.0,411.55,424.7,410.55,2408881,10207.81,2026-10-06
STANLEY,EQ,135.13,137.55,135.01,136.54,135.11,41367,56.46,2026-10-06
STAR,EQ,1081.2,1096.2,1074.0,1088.7,1086.7,138279,1502.04,2026-10-06
STARCEMENT,EQ,177.0,177.23,175.3,176.41,176.03,50211,88.51,2026-10-06
STARHEALTH,EQ,542.0,553.3,539.0,550.55,535.25,2132928,11608.35,2026-10-06
STARPAPER,EQ,152.01,154.91,151.36,154.14,152.01,2573,3.95,2026-10-06
STARTECK,EQ,282.0,289.9,250.5,272.5,275.45,1872,4.88,2026-10-06
STCINDIA,EQ,106.1,107.0,105.53,105.86,105.27,9737,10.33,2026-10-06
STEAMHOUSE,EQ,115.0,118.42,112.07,118.42,107.66,11965420,13867.74,2026-10-06
STEELCAS,EQ,363.55,376.7,357.6,369.6,363.7,88203,325.83,2026-10-06
STEELCITY,EQ,82.5,83.34,81.5,82.72,82.52,3817,3.15,2026-10-06
STEELXIND,EQ,11.15,11.6,11.15,11.46,11.12,4754467,542.66,2026-10-06
STEL,EQ,570.0,584.5,570.0,575.95,567.7,950,5.44,2026-10-06
STERTOOLS,EQ,216.0,222.49,215.0,218.45,218.78,30769,67.13,2026-10-06
STLNETWORK,EQ,44.84,47.08,44.42,47.08,44.84,6587304,3039.5,2026-10-06
STLSTRINF,EQ,22.54,22.99,21.35,21.75,22.1,2590,0.58,2026-10-06
STOVEKRAFT,EQ,807.0,828.8,806.35,813.45,806.4,160000,1308.19,2026-10-06
STUDDS,EQ,400.0,414.5,399.55,407.05,403.1,37495,152.6,2026-10-06
STYL,EQ,356.05,375.3,356.05,369.7,358.55,551497,2014.27,2026-10-06
STYLAMIND,EQ,3320.1,3345.3,3264.1,3303.5,3325.2,22326,739.51,2026-10-06
STYLEBAAZA,EQ,359.8,377.85,357.1,375.45,359.9,1260694,4629.4,2026-10-06
STYRENIX,EQ,2015.0,2066.3,2004.0,2042.9,2015.0,17806,364.27,2026-10-06
SUBEXLTD,EQ,19.28,19.93,19.28,19.59,19.21,4662300,915.18,2026-10-06
SUBROS,EQ,680.0,686.4,672.0,682.95,675.85,31223,212.14,2026-10-06
SUDARCOLOR,EQ,379.95,379.95,365.1,368.3,365.65,3286,12.12,2026-10-06
SUDARSCHEM,EQ,1230.3,1247.2,1225.2,1238.6,1229.2,87536,1084.11,2026-10-06
SUDEEPPHRM,EQ,1199.0,1199.0,1152.6,1158.4,1173.4,94340,1106.77,2026-10-06
SUKHJITS,EQ,152.0,154.13,146.0,147.84,150.98,9695,14.48,2026-10-06
SULA,EQ,132.99,135.0,132.57,134.01,132.33,168005,224.64,2026-10-06
SUMEDHA,EQ,43.43,44.0,41.13,43.45,42.0,5136,2.22,2026-10-06
SUMEETINDS,EQ,11.43,11.43,11.43,11.43,10.89,192796,22.04,2026-10-06
SUMICHEM,EQ,411.25,427.7,411.25,418.05,414.7,490031,2059.87,2026-10-06
SUMIT,EQ,53.0,53.0,51.0,51.88,50.64,43586,22.69,2026-10-06
SUMMITSEC,EQ,1316.3,1330.4,1306.5,1321.0,1314.8,1814,23.94,2026-10-06
SUNCLAY,EQ,1180.0,1184.9,1149.1,1152.8,1174.8,6613,76.6,2026-10-06
SUNDARAM,EQ,1.09,1.1,1.08,1.09,1.09,137030,1.5,2026-10-06
SUNDARMFIN,EQ,4289.8,4369.5,4240.5,4347.8,4268.4,31040,1332.99,2026-10-06
SUNDRMBRAK,EQ,686.7,697.0,679.4,680.1,681.3,657,4.51,2026-10-06
SUNDRMFAST,EQ,1115.0,1155.0,1101.5,1140.3,1115.6,103800,1170.22,2026-10-06
SUNDROP,EQ,752.8,762.0,745.0,746.8,748.6,28219,211.52,2026-10-06
SUNFLAG,EQ,455.0,473.0,452.0,459.05,455.0,704018,3262.62,2026-10-06
SUNLOC,EQ,68.0,68.0,68.0,68.0,68.0,60,0.04,2026-10-06
SUNPHARMA,EQ,1775.0,1804.1,1768.0,1804.1,1779.7,1478310,26429.16,2026-10-06
SUNRAKSHAK,EQ,357.2,360.95,352.1,356.75,356.05,2192,7.81,2026-10-06
SUNSHIEL,EQ,1102.7,1111.9,1029.0,1047.4,1097.0,1686,17.87,2026-10-06
SUNSHINE,EQ,448.0,469.9,445.15,447.2,447.55,1276990,5834.03,2026-10-06
SUNTECK,EQ,280.0,281.65,278.15,279.6,278.15,57716,161.51,2026-10-06
SUNTV,EQ,625.8,640.95,620.6,632.1,626.85,1439793,9082.37,2026-10-06
SUPERHOUSE,EQ,158.0,158.0,153.35,155.27,155.88,4302,6.67,2026-10-06
SUPRAJIT,EQ,460.2,473.85,457.8,471.2,461.5,65826,307.81,2026-10-06
SUPREME,EQ,30.8,30.8,30.0,30.27,30.91,7518,2.28,2026-10-06
SUPREMEIND,EQ,3410.0,3530.7,3376.0,3497.9,3398.9,221343,7717.37,2026-10-06
SUPREMEINF,EQ,68.0,68.0,57.42,61.4,61.59,151116,91.13,2026-10-06
SUPRIYA,EQ,900.0,917.4,885.0,915.35,899.55,177090,1600.33,2026-10-06
SURAJEST,EQ,210.68,211.0,204.0,205.53,208.4,92916,192.15,2026-10-06
SURAJLTD,EQ,195.0,195.0,180.0,187.4,191.5,3738,6.87,2026-10-06
SURAKSHA,EQ,330.2,334.7,325.15,332.0,331.85,57477,189.46,2026-10-06
SURANASOL,EQ,23.65,24.07,23.56,23.67,24.07,42501,10.1,2026-10-06
SURANAT&P,EQ,15.65,16.1,15.6,15.76,15.65,29445,4.65,2026-10-06
SURYALA,EQ,377.0,386.95,376.3,376.3,377.15,255,0.96,2026-10-06
SURYALAXMI,EQ,57.45,57.97,57.0,57.0,57.5,1173,0.67,2026-10-06
SURYAROSNI,EQ,220.1,222.9,218.65,221.35,220.41,165570,366.53,2026-10-06
SURYODAY,EQ,148.88,154.45,145.91,151.47,146.86,305987,458.81,2026-10-06
SUTLEJTEX,EQ,38.1,38.1,36.26,37.04,36.97,13973,5.18,2026-10-06
SUVEN,EQ,308.0,312.5,302.3,309.15,306.3,920242,2836.47,2026-10-06
SUVIDHAA,EQ,2.12,2.13,1.91,2.07,2.1,100019,2.06,2026-10-06
SUYOG,EQ,665.25,677.9,653.0,667.25,664.25,10888,72.38,2026-10-06
SUZLON,EQ,39.01,39.45,38.85,39.16,38.92,42495197,16643.65,2026-10-06
SVGLOBAL,EQ,140.0,140.99,135.28,140.92,135.7,957,1.35,2026-10-06
SVLL,EQ,823.0,850.0,822.2,835.6,822.2,2740,22.85,2026-10-06
SVPGLOB,EQ,3.04,3.16,2.96,3.11,3.03,59824,1.8,2026-10-06
SWANCORP,EQ,263.1,270.75,262.6,268.85,262.9,817660,2175.08,2026-10-06
SWARAJENG,EQ,3524.8,3549.9,3511.0,3537.8,3532.2,9212,325.1,2026-10-06
SWARNSAR,EQ,40.14,41.0,39.0,40.62,40.14,11939,4.75,2026-10-06
SWELECTES,EQ,608.5,620.0,595.0,613.8,600.1,28332,173.54,2026-10-06
SWIGGY,EQ,240.0,244.75,238.0,244.2,238.8,9738654,23549.9,2026-10-06
SWSOLAR,EQ,164.9,173.69,164.2,172.54,163.72,1334043,2269.95,2026-10-06
SYMBIOTEC,EQ,1168.9,1209.5,1138.6,1149.5,1169.7,641019,7478.97,2026-10-06
SYMPHONY,EQ,564.15,568.0,555.0,556.95,559.45,55548,311.31,2026-10-06
SYNCOMF,EQ,23.14,23.83,22.77,23.22,23.14,15329504,3557.27,2026-10-06
SYNGENE,EQ,357.4,364.0,355.55,363.2,357.4,319188,1149.88,2026-10-06
SYRMA,EQ,1738.1,1738.1,1670.3,1685.1,1700.4,817702,13816.84,2026-10-06
TAALTECH,EQ,939.9,1115.0,913.6,1093.4,929.7,622209,6516.04,2026-10-06
TAINWALCHM,EQ,204.49,204.49,200.1,201.12,197.18,695,1.4,2026-10-06
TAJGVK,EQ,315.0,320.5,314.4,318.3,315.3,24032,76.37,2026-10-06
TAKE,EQ,11.86,12.49,11.51,11.55,12.06,577722,68.61,2026-10-06
TALBROAUTO,EQ,416.45,434.0,416.3,429.45,416.45,138664,591.38,2026-10-06
TANAA,EQ,315.0,323.7,308.1,309.3,314.35,36995,115.99,2026-10-06
TANLA,EQ,489.5,493.4,487.3,492.15,488.0,132721,651.07,2026-10-06
TARACHAND,EQ,47.5,47.5,46.01,46.42,46.47,40223,18.71,2026-10-06
TARAPUR,EQ,11.95,11.95,11.2,11.61,11.58,24826,2.9,2026-10-06
TARC,EQ,123.95,124.56,122.36,124.1,122.84,180539,222.52,2026-10-06
TARIL,EQ,286.25,288.2,277.75,283.65,285.45,2263680,6408.37,2026-10-06
TARMAT,EQ,57.8,59.99,56.3,56.79,56.2,78718,45.72,2026-10-06
TARSONS,EQ,332.75,349.0,329.55,331.65,335.95,166476,566.55,2026-10-06
TASTYBITE,EQ,9477.0,9486.5,9321.0,9413.0,9377.5,932,87.48,2026-10-06
TATACAP,EQ,317.6,323.05,316.6,322.1,317.6,1014911,3254.88,2026-10-06
TATACHEM,EQ,620.0,624.75,615.4,616.55,617.4,691824,4279.81,2026-10-06
TATACOMM,EQ,1678.0,1694.7,1664.2,1681.8,1677.2,132327,2224.21,2026-10-06
TATACONSUM,EQ,953.75,976.0,946.25,976.0,953.75,904358,8687.41,2026-10-06
TATAELXSI,EQ,3110.1,3119.9,3078.1,3093.0,3105.0,196732,6088.65,2026-10-06
TATAGOLD,EQ,14.25,14.3,14.18,14.28,14.3,52143065,7417.5,2026-10-06
TATAINVEST,EQ,628.05,637.8,621.65,624.15,621.75,335796,2113.12,2026-10-06
TATAPOWER,EQ,352.1,356.75,349.85,351.65,351.5,5741438,20266.66,2026-10-06
TATASTEEL,EQ,178.25,180.38,177.0,178.69,178.14,17244259,30799.71,2026-10-06
TATATECH,EQ,704.45,707.45,695.8,703.1,697.55,307198,2152.25,2026-10-06
TATSILV,EQ,21.38,21.42,21.17,21.4,21.53,28052039,5971.41,2026-10-06
TATVA,EQ,1820.1,1900.0,1794.3,1877.4,1799.0,132614,2450.21,2026-10-06
TBOTEK,EQ,1659.9,1702.1,1624.2,1693.2,1657.0,178083,2951.31,2026-10-06
TCC,EQ,46.61,49.04,46.22,47.09,47.07,720355,342.86,2026-10-06
TCI,EQ,883.95,889.9,877.0,888.0,878.75,40550,357.96,2026-10-06
TCIEXP,EQ,504.0,507.0,491.3,501.4,494.2,25355,126.18,2026-10-06
TCIFINANCE,EQ,14.23,14.89,14.0,14.16,14.3,7205,1.02,2026-10-06
TCPLPACK,EQ,3975.0,4023.1,3890.2,4007.9,3933.6,2681,106.45,2026-10-06
TCS,EQ,2097.0,2115.0,2082.7,2100.0,2114.4,2382510,49895.54,2026-10-06
TDPOWERSYS,EQ,810.0,832.75,798.3,816.0,812.9,2739151,22376.29,2026-10-06
TEAMGTY,EQ,239.8,239.8,235.0,235.02,236.15,326,0.77,2026-10-06
TEAMLEASE,EQ,1126.1,1147.1,1121.0,1130.3,1134.6,16958,191.68,2026-10-06
TECH,EQ,31.65,31.65,30.57,30.71,30.88,11112,3.41,2026-10-06
TECHM,EQ,1536.0,1540.8,1495.0,1504.5,1535.9,2389084,35920.46,2026-10-06
TECHNOCRAF,EQ,471.25,479.8,455.1,467.25,471.1,646452,3030.68,2026-10-06
TECHNOE,EQ,980.9,1003.2,980.8,996.2,978.6,112790,1119.17,2026-10-06
TECHNVISN,EQ,3801.1,4012.9,3801.1,4012.9,3821.9,118,4.65,2026-10-06
TECILCHEM,EQ,9.55,9.55,9.14,9.24,9.56,2818,0.26,2026-10-06
TEGA,EQ,2091.6,2129.0,2060.8,2092.5,2064.1,249989,5246.25,2026-10-06
TEJASNET,EQ,466.8,484.8,465.65,475.85,463.2,1878474,8985.45,2026-10-06
TEMBO,EQ,55.88,58.86,55.88,58.25,55.18,5603319,3259.84,2026-10-06
TEMPSENS,EQ,495.6,520.0,486.15,515.5,493.95,1537191,7732.34,2026-10-06
TENNIND,EQ,487.15,497.45,483.3,494.15,487.0,577492,2841.04,2026-10-06
TERAI,EQ,110.0,120.0,110.0,120.0,116.0,4,0.0,2026-10-06
TERASOFT,EQ,235.85,263.16,230.0,237.77,227.86,92595,223.13,2026-10-06
TEXINFRA,EQ,120.8,126.4,119.0,125.42,120.53,587316,723.08,2026-10-06
TEXMOPIPES,EQ,50.68,54.5,50.1,53.8,50.37,175736,93.18,2026-10-06
TEXRAIL,EQ,118.2,119.92,116.72,117.38,117.18,2061189,2436.96,2026-10-06
TFCILTD,EQ,140.27,141.5,139.25,140.65,139.65,3376081,4739.19,2026-10-06
TFL,EQ,11.76,12.25,11.75,11.99,11.72,6398,0.77,2026-10-06
TGBHOTELS,EQ,9.7,9.7,9.2,9.37,9.51,4118,0.39,2026-10-06
TGVSL,EQ,122.29,126.0,121.55,125.48,121.99,360172,447.63,2026-10-06
THACKER,EQ,940.0,940.0,939.65,939.65,935.0,11,0.1,2026-10-06
THANGAMAYL,EQ,4794.0,4847.0,4726.0,4758.5,4747.0,41236,1964.91,2026-10-06
THEINVEST,EQ,91.0,92.65,90.25,90.81,90.1,1290,1.17,2026-10-06
THEJO,EQ,2095.2,2113.0,2082.1,2098.9,2095.2,4668,97.99,2026-10-06
THELEELA,EQ,582.0,589.7,566.5,582.7,577.6,514330,2981.46,2026-10-06
THEMISMED,EQ,113.45,114.98,112.35,113.49,112.89,44074,50.07,2026-10-06
THERMAX,EQ,3230.0,3250.0,3193.0,3225.1,3228.2,236487,7603.08,2026-10-06
THOMASCOOK,EQ,99.63,101.63,99.51,101.09,99.61,248235,250.25,2026-10-06
THOMASCOTT,EQ,278.8,292.8,275.1,280.8,278.85,111445,315.88,2026-10-06
THYROCARE,EQ,542.0,544.6,528.5,529.8,542.05,156551,836.16,2026-10-06
TI,EQ,549.0,579.8,540.0,547.8,540.35,2728824,15320.43,2026-10-06
TIGERLOGS,EQ,26.89,27.49,24.82,25.86,26.3,306981,78.85,2026-10-06
TIIL,EQ,2815.3,2850.0,2777.8,2819.1,2815.3,20082,565.88,2026-10-06
TIINDIA,EQ,2329.2,2472.7,2312.0,2472.7,2320.0,780130,18924.96,2026-10-06
TIMETECHNO,EQ,178.51,183.7,178.1,183.07,178.71,2979108,5422.91,2026-10-06
TIMEX,EQ,737.0,759.7,726.65,731.7,734.6,528969,3933.12,2026-10-06
TIMKEN,EQ,3158.6,3169.9,3111.0,3156.9,3132.3,18065,567.7,2026-10-06
TINNARUBR,EQ,948.05,960.0,931.25,950.25,930.15,24118,227.51,2026-10-06
TIPSFILMS,EQ,309.0,374.7,309.0,334.55,312.25,98064,347.38,2026-10-06
TIPSMUSIC,EQ,648.0,661.45,637.8,653.1,639.1,253226,1647.16,2026-10-06
TIRUMALCHM,EQ,144.1,150.99,144.1,148.53,143.35,320975,477.23,2026-10-06
TITAGARH,EQ,813.5,813.5,802.85,804.85,809.65,249996,2016.84,2026-10-06
TITAN,EQ,4599.9,4600.0,4530.3,4550.0,4580.0,800113,36434.09,2026-10-06
TMB,EQ,883.95,889.95,872.4,878.95,886.25,136215,1199.73,2026-10-06
TMCV,EQ,427.3,437.55,423.7,433.8,426.8,7619951,32697.96,2026-10-06
TMPV,EQ,288.4,290.4,285.1,285.8,288.65,7578840,21773.97,2026-10-06
TNIDETF,EQ,83.55,84.98,83.1,84.01,83.14,80842,68.06,2026-10-06
TNPETRO,EQ,123.0,127.13,123.0,126.03,122.75,803613,1006.33,2026-10-06
TNPL,EQ,147.4,148.92,145.61,145.94,146.49,62489,91.75,2026-10-06
TOKYOPLAST,EQ,71.11,73.2,71.1,71.1,71.06,833,0.6,2026-10-06
TOLINS,EQ,90.0,91.85,86.5,90.19,85.12,202771,181.63,2026-10-06
TOP100CASE,EQ,10.0,10.05,9.93,10.03,9.94,593557,59.37,2026-10-06
TOP10ADD,EQ,83.48,84.1,83.13,83.84,83.07,1969278,1648.42,2026-10-06
TOP15IETF,EQ,9.35,9.35,9.17,9.3,9.17,46067,4.25,2026-10-06
TOP20,EQ,8.38,8.42,8.36,8.4,8.34,30049,2.52,2026-10-06
TORNTPHARM,EQ,4763.5,4788.3,4702.5,4772.0,4772.0,302606,14416.26,2026-10-06
TORNTPOWER,EQ,1234.6,1240.1,1220.5,1234.9,1234.2,206066,2535.25,2026-10-06
TOUCHWOOD,EQ,58.55,58.95,58.26,58.95,58.53,640,0.37,2026-10-06
TOYAMSL,EQ,0.65,0.69,0.64,0.68,0.66,765045,5.09,2026-10-06
TPLPLASTEH,EQ,68.6,69.44,67.51,69.18,67.86,110390,75.88,2026-10-06
TRACXN,EQ,31.6,35.0,31.6,34.34,31.61,493405,167.32,2026-10-06
TRANSCOR,EQ,24.9,24.9,23.75,23.91,24.6,624,0.15,2026-10-06
TRANSRAILL,EQ,478.0,486.0,474.1,482.4,462.75,2088541,10041.49,2026-10-06
TRAVELFOOD,EQ,1200.0,1204.7,1191.0,1197.9,1204.3,23618,282.83,2026-10-06
TREEHOUSE,EQ,5.98,5.98,5.73,5.82,5.8,17012,0.99,2026-10-06
TREJHARA,EQ,131.36,133.05,128.8,130.39,131.36,13317,17.39,2026-10-06
TREL,EQ,26.99,27.39,26.51,26.64,26.99,39088,10.48,2026-10-06
TRENT,EQ,2800.0,2914.0,2782.3,2906.0,2580.0,6695372,191930.48,2026-10-06
TRF,EQ,196.86,197.47,193.97,196.3,194.02,6221,12.16,2026-10-06
TRIDENT,EQ,21.84,22.98,21.84,22.56,21.84,6085787,1366.9,2026-10-06
TRIGYN,EQ,51.5,52.79,51.3,51.7,51.45,20828,10.82,2026-10-06
TRITONV,EQ,1076.8,1095.0,1076.3,1093.0,1063.2,2665,28.96,2026-10-06
TRITURBINE,EQ,529.3,538.9,518.85,536.1,526.1,485568,2556.58,2026-10-06
TRIVENI,EQ,244.8,249.0,239.85,241.97,237.22,920396,2233.57,2026-10-06
TRU,EQ,4.25,4.36,4.08,4.12,4.15,54342,2.26,2026-10-06
TRUALT,EQ,442.05,452.1,441.2,444.35,442.3,130699,583.58,2026-10-06
TSFINV,EQ,409.0,420.2,405.0,417.95,409.0,63765,265.33,2026-10-06
TTKHLTCARE,EQ,1014.9,1053.7,1007.8,1033.7,1007.4,22381,231.12,2026-10-06
TTKPRESTIG,EQ,518.9,524.95,513.2,522.85,512.95,21447,111.42,2026-10-06
TTL,EQ,7.84,7.84,7.3,7.38,7.77,264595,20.17,2026-10-06
TTML,EQ,33.92,34.43,33.92,34.18,34.33,1255795,429.2,2026-10-06
TURTLEMINT,EQ,69.0,71.0,67.52,68.91,68.04,2824519,1963.98,2026-10-06
TUTIALKA,EQ,52.16,55.39,52.01,54.0,52.27,5399,2.89,2026-10-06
TVSELECT,EQ,395.15,411.95,393.0,404.2,391.7,76143,306.26,2026-10-06
TVSHLTD,EQ,11810.0,11854.0,11705.0,11763.0,11813.0,4509,531.11,2026-10-06
TVSMOTOR,EQ,4030.0,4043.6,3955.9,3981.0,4031.0,791080,31548.96,2026-10-06
TVSSCS,EQ,127.16,132.4,127.11,130.67,127.27,519940,677.42,2026-10-06
TVSSRICHAK,EQ,4308.0,4428.8,4308.0,4390.1,4277.3,3855,168.42,2026-10-06
TVTODAY,EQ,100.32,102.5,100.3,101.48,101.49,17508,17.79,2026-10-06
TWCGOLDETF,EQ,146.0,149.99,145.16,146.53,146.47,3405,4.98,2026-10-06
UBL,EQ,1188.5,1197.6,1172.0,1178.3,1183.3,93587,1105.68,2026-10-06
UCOBANK,EQ,23.2,23.49,23.14,23.27,23.16,3053454,711.7,2026-10-06
UDAYJEW,EQ,167.35,167.36,159.6,160.33,160.27,17571,28.63,2026-10-06
UDS,EQ,213.7,216.75,208.01,215.4,210.82,141225,300.1,2026-10-06
UEL,EQ,173.4,180.99,173.01,179.62,176.87,11101,19.79,2026-10-06
UFLEX,EQ,640.1,646.65,635.2,641.25,639.2,61320,393.5,2026-10-06
UFO,EQ,56.51,58.02,56.51,57.38,57.18,19334,11.12,2026-10-06
UGROCAP,EQ,82.7,84.0,81.61,82.97,81.89,102799,85.01,2026-10-06
UJJIVANSFB,EQ,67.0,67.98,65.14,65.19,66.59,13780244,9094.14,2026-10-06
ULTRACEMCO,EQ,10850.0,10905.0,10697.0,10750.0,10850.0,270277,29183.84,2026-10-06
ULTRAMAR,EQ,408.85,417.15,402.5,408.8,404.8,177802,728.6,2026-10-06
UMESLTD,EQ,4.59,4.59,4.26,4.45,4.37,3511,0.15,2026-10-06
UMIYA-MRO,EQ,93.0,93.08,92.01,92.55,91.98,10179,9.39,2026-10-06
UNICHEMLAB,EQ,531.25,556.2,531.25,548.1,531.45,60230,329.58,2026-10-06
UNIDT,EQ,231.99,237.14,225.0,226.13,229.93,34207,78.63,2026-10-06
UNIECOM,EQ,82.35,82.71,81.16,81.84,81.54,181148,148.12,2026-10-06
UNIENTER,EQ,90.0,90.0,86.17,87.09,86.17,2595,2.26,2026-10-06
UNIINFO,EQ,10.63,11.07,10.45,11.0,10.62,1893,0.21,2026-10-06
UNIMECH,EQ,1850.0,1901.0,1819.7,1873.1,1845.1,288002,5369.11,2026-10-06
UNIONBANK,EQ,169.0,171.29,166.89,168.44,167.97,10378539,17459.95,2026-10-06
UNIONGOLD,EQ,142.55,143.95,142.4,143.35,144.0,3325,4.76,2026-10-06
UNIPARTS,EQ,836.0,844.0,815.0,824.7,826.05,101784,845.89,2026-10-06
UNITDSPR,EQ,1365.0,1373.0,1349.0,1358.0,1369.0,925853,12573.14,2026-10-06
UNITECH,EQ,3.91,4.05,3.91,4.0,3.9,2291434,91.04,2026-10-06
UNITEDPOLY,EQ,49.0,49.59,47.89,48.49,48.43,706323,343.38,2026-10-06
UNITEDTEA,EQ,420.0,420.0,411.45,415.95,415.0,1718,7.15,2026-10-06
UNIVCABLES,EQ,1523.1,1665.0,1501.8,1649.2,1520.2,374840,6044.83,2026-10-06
UNOMINDA,EQ,1101.0,1128.5,1100.0,1120.0,1101.0,1038825,11621.81,2026-10-06
UPL,EQ,503.9,511.55,503.9,509.55,502.5,1194229,6062.74,2026-10-06
URBANCO,EQ,160.0,174.46,160.0,173.54,159.59,23975368,40972.44,2026-10-06
URJA,EQ,8.6,8.74,8.52,8.6,8.69,583060,50.12,2026-10-06
USHAMART,EQ,510.0,519.9,500.4,516.7,510.5,819697,4215.58,2026-10-06
USK,EQ,18.53,19.3,18.53,18.64,18.53,25994,4.9,2026-10-06
UTIAMC,EQ,890.3,894.85,883.1,888.2,890.3,75256,668.71,2026-10-06
UTKARSHBNK,EQ,13.42,13.62,13.27,13.52,13.22,2363770,316.89,2026-10-06
UTLSOLAR,EQ,412.2,424.4,410.05,418.85,412.15,164223,688.3,2026-10-06
UTTAMSUGAR,EQ,300.5,309.95,296.6,302.8,294.7,427890,1303.8,2026-10-06
V2RETAIL,EQ,168.19,176.75,165.05,172.19,169.28,5350710,9200.13,2026-10-06
VADILALIND,EQ,7111.0,7375.0,7111.0,7309.5,7111.0,7145,520.23,2026-10-06
VADILENT,EQ,9860.0,9860.0,9860.0,9860.0,9860.0,2,0.2,2026-10-06
VAIBHAVGBL,EQ,199.44,204.2,199.42,202.43,199.43,108902,220.37,2026-10-06
VAISHALI,EQ,8.36,8.6,7.8,8.17,8.28,227994,18.56,2026-10-06
VAKRANGEE,EQ,5.23,5.24,5.15,5.19,5.21,869007,45.16,2026-10-06
VAL30IETF,EQ,14.62,14.62,14.31,14.34,14.33,105011,15.08,2026-10-06
VALIANTORG,EQ,476.0,503.0,469.15,496.8,475.65,262872,1284.41,2026-10-06
VALUE,EQ,15.0,15.52,14.92,15.25,15.22,31145,4.77,2026-10-06
VALUEAXIS,EQ,31.28,31.28,30.9,30.93,31.02,71332,22.13,2026-10-06
VAML,EQ,398.45,404.0,397.55,401.05,396.6,4356180,17500.28,2026-10-06
VARDHACRLC,EQ,45.0,45.0,43.0,43.63,44.47,58968,25.82,2026-10-06
VARDMNPOLY,EQ,5.69,5.74,5.11,5.44,5.55,320774,17.47,2026-10-06
VARMORA,EQ,134.6,136.02,130.51,132.84,134.88,1407091,1867.29,2026-10-06
VARROC,EQ,824.1,829.45,793.0,814.45,820.0,402684,3251.41,2026-10-06
VASCONEQ,EQ,32.1,33.0,31.99,32.31,32.27,325907,105.67,2026-10-06
VASUPRADA,EQ,92.0,95.0,92.0,95.0,96.25,2,0.0,2026-10-06
VASWANI,EQ,44.04,44.5,43.11,43.41,44.13,15181,6.66,2026-10-06
VBL,EQ,440.5,442.75,435.85,439.3,439.6,4266861,18743.16,2026-10-06
VEDAVAAG,EQ,22.0,23.34,22.0,23.24,22.33,130276,29.98,2026-10-06
VEDL,EQ,257.2,267.7,256.6,265.6,255.05,14899808,39283.6,2026-10-06
VEDPOWER,EQ,32.25,32.66,31.83,32.53,31.87,7497056,2418.39,2026-10-06
VEEDOL,EQ,1355.2,1400.5,1349.3,1392.4,1350.4,10408,143.46,2026-10-06
VEEGALAND,EQ,145.5,153.8,142.5,148.64,144.74,2946800,4379.33,2026-10-06
VENKEYS,EQ,1642.7,1707.9,1618.0,1694.8,1642.7,49857,839.18,2026-10-06
VENTIVE,EQ,557.0,602.8,546.05,582.35,548.0,85216,496.27,2026-10-06
VENUSPIPES,EQ,2236.0,2280.0,2215.9,2240.3,2206.4,80155,1802.55,2026-10-06
VERTOZ,EQ,34.73,36.49,32.71,33.52,34.73,81639,27.97,2026-10-06
VESUVIUS,EQ,390.4,424.9,390.4,404.4,389.4,377740,1553.34,2026-10-06
VETO,EQ,136.64,140.81,136.0,138.54,136.65,62786,86.76,2026-10-06
VGCL,EQ,49.48,49.48,45.83,47.6,48.02,325,0.15,2026-10-06
VGL,EQ,63.62,65.7,63.62,63.76,63.6,65905,42.22,2026-10-06
VGUARD,EQ,301.05,307.9,294.35,306.3,296.55,409980,1240.25,2026-10-06
VHL,EQ,3460.0,3624.8,3460.0,3574.2,3517.8,1294,46.22,2026-10-06
VIDHIING,EQ,358.9,358.9,348.75,352.3,354.0,6713,23.76,2026-10-06
VIDYAWIRES,EQ,92.0,95.83,92.0,95.83,91.27,2092268,1984.05,2026-10-06
VIJAYA,EQ,1422.2,1501.0,1408.7,1466.7,1422.2,134949,1966.04,2026-10-06
VIJSOLX,EQ,630.0,630.0,620.0,620.0,636.95,23,0.14,2026-10-06
VIKASECO,EQ,1.02,1.03,1.01,1.02,1.02,1846510,18.85,2026-10-06
VIKASLIFE,EQ,1.21,1.22,1.19,1.2,1.21,2367196,28.49,2026-10-06
VIKRAMSOLR,EQ,152.7,154.14,150.96,151.5,152.52,1330871,2021.41,2026-10-06
VIKRAN,EQ,57.2,58.25,57.2,58.13,57.19,518281,299.89,2026-10-06
VIMTALABS,EQ,573.0,584.9,569.8,577.4,571.75,140356,810.27,2026-10-06
VINATIORGA,EQ,1176.0,1200.1,1166.7,1179.5,1175.8,30277,358.34,2026-10-06
VINCOFE,EQ,182.99,189.0,181.24,187.21,182.59,1459907,2713.28,2026-10-06
VINDHYATEL,EQ,2588.0,2842.0,2584.0,2829.7,2577.3,142293,3934.04,2026-10-06
VINEETLAB,EQ,38.39,38.39,36.32,36.52,37.57,24929,9.14,2026-10-06
VINNY,EQ,0.9,0.91,0.9,0.9,0.9,439590,3.96,2026-10-06
VINYLINDIA,EQ,211.0,217.78,211.0,212.77,214.15,10361,22.02,2026-10-06
VIPCLOTHNG,EQ,20.26,20.89,20.2,20.3,20.19,26372,5.37,2026-10-06
VIPIND,EQ,288.5,289.0,282.0,288.1,284.3,108780,312.14,2026-10-06
VIRAT,EQ,350.0,356.0,342.2,347.7,345.0,1764,6.11,2026-10-06
VIRINCHI,EQ,12.72,13.39,12.72,13.16,12.78,39744,5.18,2026-10-06
VISACHROME,EQ,35.35,35.68,34.31,35.22,34.12,26497,9.28,2026-10-06
VISHAL,EQ,17.11,18.4,17.1,17.5,17.31,334362,59.31,2026-10-06
VISHNU,EQ,648.0,701.0,648.0,695.55,647.75,220744,1515.74,2026-10-06
VISHWARAJ,EQ,5.34,6.0,5.27,5.72,5.23,1186917,67.97,2026-10-06
VISL,EQ,31.0,31.39,30.33,30.75,30.74,13725410,4222.82,2026-10-06
VITAL,EQ,53.4,53.4,51.5,53.18,51.05,5003,2.58,2026-10-06
VIVIANA,EQ,829.8,854.45,795.05,824.2,815.65,88932,737.09,2026-10-06
VIVIDHA,EQ,0.51,0.53,0.51,0.51,0.51,172652,0.89,2026-10-06
VIVOBIOT,EQ,14.97,15.69,13.11,13.87,15.14,130105,18.11,2026-10-06
VIYASH,EQ,229.0,234.5,228.57,233.23,229.07,1481195,3438.03,2026-10-06
VLEGOV,EQ,9.57,9.78,8.86,9.37,9.32,164271,15.56,2026-10-06
VLSFINANCE,EQ,232.36,234.75,230.6,233.9,231.16,4462,10.37,2026-10-06
VMART,EQ,753.05,799.9,753.05,793.0,770.95,99506,785.91,2026-10-06
VMM,EQ,98.25,101.71,98.08,100.95,98.25,15107047,15203.6,2026-10-06
VMSTMT,EQ,44.45,46.97,44.4,46.58,44.34,38944,18.01,2026-10-06
VOEPL,EQ,519.65,519.9,497.1,511.15,506.1,84435,426.73,2026-10-06
VOGL,EQ,31.05,31.57,30.95,31.41,30.87,11313091,3540.72,2026-10-06
VOITHPAPR,EQ,1406.0,1453.9,1406.0,1425.0,1437.2,94,1.34,2026-10-06
VOLTAMP,EQ,10609.0,10656.0,10479.0,10539.0,10561.0,9008,950.48,2026-10-06
VOLTAS,EQ,1064.7,1073.4,1048.6,1067.9,1061.3,2705541,28693.11,2026-10-06
VPRPL,EQ,29.0,29.47,27.36,28.77,28.78,351910,101.35,2026-10-06
VRAJ,EQ,121.8,124.5,119.44,121.6,122.18,10753,13.18,2026-10-06
VRLLOG,EQ,285.45,286.0,283.9,284.95,285.0,95557,272.32,2026-10-06
VSSL,EQ,388.0,393.4,385.0,389.75,386.1,43982,171.46,2026-10-06
VSTIND,EQ,202.0,203.35,201.0,202.64,200.92,100176,202.42,2026-10-06
VSTL,EQ,109.04,111.95,107.3,108.56,109.04,8543,9.36,2026-10-06
VSTTILLERS,EQ,4205.0,4455.0,4205.0,4426.3,4235.1,12869,563.96,2026-10-06
VTL,EQ,531.15,557.0,531.15,549.4,529.9,317619,1723.56,2026-10-06
VTMLTD,EQ,39.7,40.45,35.38,35.92,38.27,163584,60.37,2026-10-06
WAAREEENER,EQ,2346.5,2398.0,2341.3,2398.0,2346.5,394147,9364.0,2026-10-06
WAAREEINDO,EQ,209.28,209.89,204.62,208.05,204.89,85113,176.36,2026-10-06
WAAREERTL,EQ,809.1,828.0,808.75,825.95,809.1,101885,835.77,2026-10-06
WABAG,EQ,2037.6,2055.0,1991.2,2006.9,1999.5,423835,8531.92,2026-10-06
WAKEFIT,EQ,138.2,141.26,135.7,135.98,138.12,308548,423.41,2026-10-06
WALCHANNAG,EQ,195.0,207.0,194.99,204.17,195.05,716366,1447.95,2026-10-06
WANBURY,EQ,194.99,205.81,191.15,197.87,190.46,1143379,2272.7,2026-10-06
WATERBASE,EQ,46.79,46.79,43.51,44.8,45.57,16937,7.58,2026-10-06
WCIL,EQ,89.5,89.9,86.99,87.76,89.27,137701,121.3,2026-10-06
WEALTH,EQ,860.0,883.0,832.8,855.15,864.0,1300,11.07,2026-10-06
WEBELSOLAR,EQ,69.0,71.46,67.19,70.89,68.06,2917914,2034.47,2026-10-06
WEIZMANIND,EQ,68.01,72.7,68.01,70.39,69.4,2565,1.82,2026-10-06
WEL,EQ,73.3,75.45,73.29,74.62,73.3,181866,135.97,2026-10-06
WELCORP,EQ,2528.2,2676.0,2518.6,2660.9,2497.5,1853422,48504.14,2026-10-06
WELENT,EQ,723.1,728.0,713.0,718.3,723.1,150965,1086.51,2026-10-06
WELSPLSOL,EQ,52.29,53.87,51.69,51.99,52.5,571376,299.93,2026-10-06
WELSPUNLIV,EQ,231.05,240.73,230.99,237.86,230.27,4609322,10937.39,2026-10-06
WENDT,EQ,8124.0,8151.5,8053.5,8097.5,8016.5,3527,285.75,2026-10-06
WESTLIFE,EQ,594.0,605.35,589.0,594.6,590.95,62651,372.52,2026-10-06
WEWIN,EQ,51.0,53.0,50.5,51.92,51.0,5900,3.05,2026-10-06
WEWORK,EQ,651.0,670.0,646.65,664.9,651.0,82193,542.74,2026-10-06
WHBRADY,EQ,456.3,515.0,452.6,485.0,464.4,329,1.63,2026-10-06
WHEELS,EQ,2254.9,2341.0,2211.1,2289.0,2206.6,120884,2745.16,2026-10-06
WHIRLPOOL,EQ,873.75,878.0,861.1,867.8,871.75,392092,3418.06,2026-10-06
WILLAMAGOR,EQ,22.4,22.4,21.31,21.88,21.67,784,0.17,2026-10-06
WINDLAS,EQ,1008.0,1041.0,1000.0,1036.2,1017.9,71884,733.27,2026-10-06
WINDMACHIN,EQ,286.15,297.45,281.5,294.85,286.2,92539,267.04,2026-10-06
WIPL,EQ,163.65,164.39,160.5,161.65,160.81,56,0.09,2026-10-06
WIPRO,EQ,161.96,162.88,160.54,161.84,162.14,16386869,26433.01,2026-10-06
WOCKPHARMA,EQ,2067.2,2184.0,2062.0,2176.4,2063.5,899270,19237.93,2026-10-06
WONDERLA,EQ,502.0,517.9,488.0,509.7,499.7,37533,188.87,2026-10-06
WORTHPERI,EQ,144.95,144.95,140.25,141.09,143.41,8240,11.62,2026-10-06
WPIL,EQ,447.0,452.0,441.05,444.15,447.2,42287,188.62,2026-10-06
WSI,EQ,51.0,52.8,51.0,51.79,50.66,41522,21.53,2026-10-06
WSTCSTPAPR,EQ,721.0,763.05,721.0,753.05,717.75,254433,1905.01,2026-10-06
XCHANGING,EQ,58.8,62.6,58.18,61.86,58.13,172281,105.97,2026-10-06
XELPMOC,EQ,90.0,91.46,85.0,85.62,89.86,22716,19.73,2026-10-06
XPROINDIA,EQ,1151.2,1160.0,1125.2,1136.1,1139.0,47015,537.2,2026-10-06
XTGLOBAL,EQ,28.98,28.98,26.91,27.61,28.09,49359,13.61,2026-10-06
XTRANET,EQ,288.0,300.3,283.5,300.3,286.0,614797,1809.36,2026-10-06
YASHO,EQ,4040.0,4350.0,4039.9,4282.8,4042.9,33512,1410.02,2026-10-06
YATHARTH,EQ,1003.0,1065.0,998.2,1058.8,1003.0,382135,3988.47,2026-10-06
YATRA,EQ,101.0,101.85,100.21,101.48,100.81,353097,357.1,2026-10-06
YESBANK,EQ,21.05,21.05,20.81,20.86,21.06,48861066,10221.31,2026-10-06
YOGI,EQ,161.9,164.92,161.0,161.0,160.0,421,0.68,2026-10-06
YUKEN,EQ,1142.4,1333.9,1137.4,1238.6,1129.0,282354,3551.76,2026-10-06
ZAGGLE,EQ,172.25,174.4,169.77,171.88,170.32,1067509,1828.55,2026-10-06
ZEEL,EQ,73.6,74.77,72.2,72.42,73.57,15468698,11317.48,2026-10-06
ZEELEARN,EQ,6.21,6.5,6.1,6.37,6.21,573557,35.83,2026-10-06
ZEEMEDIA,EQ,7.27,7.3,7.08,7.22,7.15,633024,45.61,2026-10-06
ZENITHEXPO,EQ,194.1,194.1,186.05,187.56,194.9,531,1.0,2026-10-06
ZENITHSTL,EQ,5.15,5.29,5.07,5.25,5.15,57835,3.03,2026-10-06
ZENSARTECH,EQ,455.0,457.65,444.35,445.45,451.5,605170,2709.82,2026-10-06
ZENTEC,EQ,1608.8,1622.0,1598.8,1614.3,1599.5,177507,2857.28,2026-10-06
ZFCVINDIA,EQ,2201.3,2213.2,2165.0,2187.4,2201.3,70332,1539.03,2026-10-06
ZFSTEERING,EQ,705.4,719.6,702.55,710.25,703.65,1592,11.3,2026-10-06
ZIMLAB,EQ,139.0,140.0,135.59,138.57,137.1,63618,88.12,2026-10-06
ZODIAC,EQ,216.25,223.99,210.7,212.65,215.1,10334,22.17,2026-10-06
ZODIACLOTH,EQ,68.97,68.97,66.25,66.67,67.67,1950,1.31,2026-10-06
ZOTA,EQ,1297.0,1305.0,1275.0,1278.6,1297.4,20087,258.29,2026-10-06
ZSARACOM,EQ,9711.0,9986.0,9710.0,9961.0,9787.0,35,3.44,2026-10-06
ZUARI,EQ,212.0,219.6,211.81,218.28,211.46,53443,115.41,2026-10-06
ZUARIIND,EQ,284.9,295.0,284.9,288.45,283.95,85327,247.74,2026-10-06
ZYDUSLIFE,EQ,1145.0,1164.8,1145.0,1159.5,1139.0,1575419,18198.11,2026-10-06
ZYDUSWELL,EQ,484.0,505.45,484.0,502.4,483.8,136730,680.56,2026-10-06
