SYMBOL,SERIES,OPEN_PRICE,HIGH_PRICE,LOW_PRICE,CLOSE_PRICE,PREV_CLOSE,TTL_TRD_QNTY,TURNOVER_LACS,DATE
20MICRONS,EQ,218.91,224.9,216.5,222.49,217.82,174812,386.39,2026-09-04
21STCENMGM,EQ,38.49,38.7,37.36,38.13,38.1,2056,0.78,2026-09-04
360ONE,EQ,1149.1,1156.1,1127.1,1137.0,1155.0,603451,6882.6,2026-09-04
3BBLACKBIO,EQ,1508.5,1513.9,1411.2,1460.1,1486.2,19626,284.18,2026-09-04
3MINDIA,EQ,32730.0,32965.0,32680.0,32845.0,32820.0,932,305.63,2026-09-04
3PLAND,EQ,32.3,32.45,30.75,32.39,32.45,11543,3.65,2026-09-04
5PAISA,EQ,342.45,367.9,336.35,342.1,342.45,258086,907.4,2026-09-04
63MOONS,EQ,867.95,903.0,853.3,876.5,851.25,1136718,10035.5,2026-09-04
A2ZINFRA,EQ,15.98,16.24,15.33,15.61,15.98,308540,48.24,2026-09-04
AAATECH,EQ,93.17,93.99,91.1,91.74,93.17,11314,10.4,2026-09-04
AADHARHFC,EQ,478.7,488.0,477.7,483.55,478.65,197998,956.42,2026-09-04
AAKASH,EQ,8.88,8.89,8.69,8.75,8.77,139620,12.24,2026-09-04
AAREYDRUGS,EQ,96.0,96.99,93.55,95.79,94.44,109417,104.31,2026-09-04
AARON,EQ,131.0,131.0,127.0,128.45,128.98,4376,5.61,2026-09-04
AARTIDRUGS,EQ,429.25,443.75,426.2,431.65,425.85,250307,1091.11,2026-09-04
AARTIIND,EQ,503.6,509.9,490.0,492.05,501.9,767774,3811.21,2026-09-04
AARTIPHARM,EQ,872.0,879.75,854.1,858.8,868.1,463265,3994.06,2026-09-04
AARVI,EQ,139.61,143.96,139.61,141.92,141.35,7773,11.06,2026-09-04
AASTHA,EQ,79.56,80.87,77.92,78.12,80.05,228188,179.65,2026-09-04
AAVAS,EQ,1298.3,1318.0,1298.3,1304.2,1297.8,60456,790.38,2026-09-04
ABANSENT,EQ,28.4,28.4,27.2,27.86,27.45,6398,1.76,2026-09-04
ABB,EQ,7445.5,7470.0,7376.0,7410.0,7432.0,150500,11165.16,2026-09-04
ABBOTINDIA,EQ,25945.0,26365.0,25810.0,26065.0,25945.0,8803,2292.46,2026-09-04
ABCAPITAL,EQ,400.2,407.4,400.2,404.9,402.0,2167785,8769.58,2026-09-04
ABCOTS,EQ,209.7,217.99,206.3,208.15,207.46,4500,9.44,2026-09-04
ABDL,EQ,603.25,614.15,603.25,609.95,609.4,114222,696.76,2026-09-04
ABFRL,EQ,50.76,53.5,50.45,52.97,50.41,8157673,4269.1,2026-09-04
ABGSEC,EQ,114.94,114.94,113.54,113.58,114.33,104,0.12,2026-09-04
ABLBL,EQ,84.18,86.9,83.72,86.07,83.49,852050,729.5,2026-09-04
ABMKNO,EQ,193.6,193.6,188.0,189.9,188.0,556,1.05,2026-09-04
ABREL,EQ,1376.9,1400.9,1362.5,1373.6,1376.9,68679,947.08,2026-09-04
ABSL10BANK,EQ,168.16,170.5,165.14,168.65,168.15,156,0.26,2026-09-04
ABSLAMC,EQ,1047.7,1065.0,1036.1,1062.3,1045.2,127937,1347.26,2026-09-04
ABSLBANETF,EQ,59.05,59.26,58.85,59.06,59.05,61627,36.38,2026-09-04
ABSLLIQUID,EQ,1000.0,1000.01,999.99,1000.0,999.99,1302,13.02,2026-09-04
ABSLMSCIN,EQ,29.79,29.85,29.31,29.44,29.5,1070,0.32,2026-09-04
ABSLNN50ET,EQ,77.99,77.99,76.9,77.08,77.01,6022,4.65,2026-09-04
ABSLPSE,EQ,10.17,10.2,10.11,10.18,10.11,110576,11.24,2026-09-04
ACC,EQ,1277.0,1289.3,1272.0,1283.8,1272.0,101446,1299.78,2026-09-04
ACCELYA,EQ,1130.7,1139.2,1125.7,1131.0,1129.6,2359,26.68,2026-09-04
ACE,EQ,1148.4,1189.0,1117.1,1125.4,1145.5,557111,6452.86,2026-09-04
ACEINTEG,EQ,17.4,18.7,17.29,17.83,17.02,17975,3.25,2026-09-04
ACGL,EQ,1799.8,1842.9,1761.8,1797.6,1790.9,616,11.05,2026-09-04
ACI,EQ,501.0,512.7,495.0,504.2,495.2,640010,3225.53,2026-09-04
ACL,EQ,43.58,43.59,43.0,43.36,43.58,18265,7.9,2026-09-04
ACMESOLAR,EQ,402.9,430.5,399.55,418.0,401.9,6203953,25898.85,2026-09-04
ACUTAAS,EQ,3211.1,3228.8,3156.3,3168.5,3201.0,149850,4768.5,2026-09-04
ADANIENSOL,EQ,1385.6,1412.7,1376.7,1409.6,1385.7,1386991,19460.73,2026-09-04
ADANIENT,EQ,2900.0,2965.0,2882.8,2938.0,2901.0,1060844,31130.53,2026-09-04
ADANIGREEN,EQ,1288.0,1304.5,1278.2,1301.3,1283.4,768437,9961.45,2026-09-04
ADANIPORTS,EQ,1699.9,1716.9,1692.4,1707.3,1706.5,1281968,21889.11,2026-09-04
ADANIPOWER,EQ,208.29,208.99,206.75,207.2,208.29,9328145,19364.33,2026-09-04
ADDIND,EQ,81.55,83.68,79.0,79.34,76.69,486,0.39,2026-09-04
ADFFOODS,EQ,267.5,269.15,262.4,264.8,267.5,78833,209.05,2026-09-04
ADL,EQ,75.0,75.0,71.0,72.0,72.79,757,0.55,2026-09-04
ADOR,EQ,1720.0,1731.0,1662.2,1674.4,1714.6,26990,454.1,2026-09-04
ADROITINFO,EQ,10.2,10.6,10.2,10.31,10.31,10874,1.13,2026-09-04
ADSL,EQ,105.24,105.72,103.5,104.13,104.85,63640,66.46,2026-09-04
ADVAIT,EQ,2230.0,2244.9,2136.0,2151.3,2210.9,66736,1456.6,2026-09-04
ADVANCE,EQ,119.75,119.76,116.86,117.43,118.53,118344,139.67,2026-09-04
ADVANIHOTR,EQ,49.25,49.99,49.0,49.45,49.18,22126,10.92,2026-09-04
ADVENTHTL,EQ,135.25,135.7,132.81,134.57,134.98,78410,105.17,2026-09-04
ADVENZYMES,EQ,297.1,300.8,292.1,293.2,296.0,257142,762.01,2026-09-04
ADVIKCA,EQ,1.15,1.16,1.11,1.12,1.13,329513,3.73,2026-09-04
AEGISLOG,EQ,1288.1,1327.3,1265.0,1270.2,1287.2,665965,8611.15,2026-09-04
AEGISVOPAK,EQ,286.5,294.1,283.1,284.5,286.85,788218,2268.86,2026-09-04
AEPL,EQ,16.81,18.2,16.0,17.5,17.09,170886,29.89,2026-09-04
AEQUS,EQ,247.9,249.0,241.0,242.18,247.23,1802739,4390.27,2026-09-04
AEROENTER,EQ,143.88,145.19,140.2,141.81,142.86,477542,679.97,2026-09-04
AEROFLEX,EQ,544.0,552.95,527.1,537.45,542.15,1026759,5544.43,2026-09-04
AERONEU,EQ,78.25,87.7,77.71,80.57,78.99,80348,65.49,2026-09-04
AEROPLANE,EQ,188.0,197.0,187.15,194.29,188.07,724408,1398.71,2026-09-04
AETHER,EQ,1660.1,1666.3,1614.3,1625.6,1654.7,205632,3361.02,2026-09-04
AFCONS,EQ,295.05,297.4,291.35,292.8,294.7,400459,1176.72,2026-09-04
AFFLE,EQ,1529.0,1645.0,1521.0,1616.5,1519.2,3213241,51605.47,2026-09-04
AFFORDABLE,EQ,164.93,164.93,155.15,157.47,159.68,21622,34.43,2026-09-04
AFIL,EQ,9.5,9.54,9.19,9.22,9.31,579665,53.89,2026-09-04
AFSL,EQ,211.8,211.8,201.3,202.07,208.77,9724,19.82,2026-09-04
AGARIND,EQ,441.45,455.0,440.0,450.8,440.5,56050,249.99,2026-09-04
AGARWALEYE,EQ,511.6,515.95,507.8,514.1,511.45,81568,417.8,2026-09-04
AGI,EQ,746.5,753.9,731.25,735.25,742.2,98049,725.91,2026-09-04
AGIIL,EQ,279.0,284.9,277.75,283.7,278.3,261176,734.62,2026-09-04
AGL,EQ,13.61,13.97,13.61,13.65,13.66,978529,134.76,2026-09-04
AGRITECH,EQ,101.1,103.8,99.85,101.21,101.1,3474,3.49,2026-09-04
AGROPHOS,EQ,26.19,26.89,25.5,25.77,26.19,12923,3.35,2026-09-04
AHCL,EQ,15.68,15.89,15.54,15.68,15.6,2049674,321.81,2026-09-04
AHLADA,EQ,36.51,38.5,35.51,37.29,37.51,11371,4.2,2026-09-04
AHLEAST,EQ,135.05,139.0,135.0,136.51,135.86,987,1.35,2026-09-04
AHLUCONT,EQ,599.9,611.9,592.6,599.05,595.45,225666,1353.19,2026-09-04
AIAENG,EQ,4250.0,4272.4,4206.0,4231.2,4272.4,117943,5013.25,2026-09-04
AIIL,EQ,521.9,528.0,518.0,519.9,519.05,145614,760.64,2026-09-04
AIRAN,EQ,15.13,15.55,14.9,15.44,14.8,208770,32.13,2026-09-04
AIROLAM,EQ,88.0,88.0,86.21,86.46,86.34,797,0.69,2026-09-04
AJANTPHARM,EQ,3503.5,3521.1,3455.3,3464.8,3521.1,65346,2272.42,2026-09-04
AJAXENGG,EQ,577.0,588.0,571.0,582.45,579.75,74192,430.93,2026-09-04
AJMERA,EQ,116.0,121.0,116.0,117.76,115.45,443302,525.57,2026-09-04
AJOONI,EQ,3.73,3.76,3.68,3.71,3.71,147021,5.46,2026-09-04
AKASH,EQ,25.1,25.97,24.67,25.6,24.92,5520,1.4,2026-09-04
AKCAPIT,EQ,1698.9,1740.0,1684.2,1736.9,1697.4,674,11.63,2026-09-04
AKG,EQ,9.4,9.79,9.2,9.59,9.34,37356,3.5,2026-09-04
AKI,EQ,7.22,7.22,7.22,7.22,6.57,258805,18.69,2026-09-04
AKSHAR,EQ,0.42,0.44,0.42,0.42,0.42,1110421,4.74,2026-09-04
AKUMS,EQ,784.4,785.0,748.35,765.75,780.55,338753,2579.09,2026-09-04
ALANKIT,EQ,8.05,8.19,7.95,8.14,8.02,76587,6.2,2026-09-04
ALBERTDAVD,EQ,876.9,878.0,851.6,860.25,870.15,3339,28.77,2026-09-04
ALEMBICLTD,EQ,111.6,114.8,109.81,111.41,109.51,5309246,5975.81,2026-09-04
ALFREDHE,EQ,2898.0,2900.0,2810.0,2898.9,2898.3,23,0.65,2026-09-04
ALGOQUANT,EQ,64.27,64.89,64.03,64.5,64.27,1132524,729.08,2026-09-04
ALICON,EQ,685.25,691.0,667.55,684.2,684.55,12867,87.46,2026-09-04
ALIVUS,EQ,1418.9,1446.9,1356.4,1366.3,1418.8,169642,2350.34,2026-09-04
ALKEM,EQ,5190.0,5210.5,5130.0,5190.0,5193.0,63261,3274.24,2026-09-04
ALKYLAMINE,EQ,1999.0,2068.1,1999.0,2020.9,2003.2,97864,1989.99,2026-09-04
ALLCARGO,EQ,12.77,12.77,12.22,12.44,12.51,12711642,1583.48,2026-09-04
ALLDIGI,EQ,805.6,810.0,797.0,805.85,801.65,2586,20.81,2026-09-04
ALLTIME,EQ,201.97,210.0,200.5,206.08,199.78,171524,353.56,2026-09-04
ALMONDZ,EQ,17.8,18.09,17.52,17.89,17.66,302678,53.97,2026-09-04
ALOKINDS,EQ,7.56,8.28,7.54,7.83,7.53,65791332,5247.05,2026-09-04
ALPA,EQ,64.0,64.0,61.5,62.71,63.3,9194,5.78,2026-09-04
ALPHA,EQ,54.35,54.41,54.01,54.16,54.27,667379,361.87,2026-09-04
ALPHAETF,EQ,26.5,26.71,26.49,26.58,26.52,481962,128.27,2026-09-04
ALPINETEX,EQ,57.6,58.95,55.6,57.76,57.17,337604,192.6,2026-09-04
ALPL30IETF,EQ,27.85,27.85,27.5,27.59,27.76,473904,130.88,2026-09-04
ALUFLUOR,EQ,505.0,505.0,496.05,499.05,502.15,4229,21.16,2026-09-04
AMAGI,EQ,566.85,570.0,555.3,563.3,562.35,183462,1032.17,2026-09-04
AMAL,EQ,748.0,756.7,735.0,743.2,749.8,4940,36.73,2026-09-04
AMARJOTHI,EQ,159.0,164.68,158.0,160.94,158.81,9739,15.71,2026-09-04
AMBER,EQ,7428.0,7524.0,7380.0,7474.0,7410.0,128335,9587.74,2026-09-04
AMBICAAGAR,EQ,27.69,28.35,25.54,27.21,26.33,520846,142.47,2026-09-04
AMBIKCO,EQ,1649.9,1650.0,1624.3,1639.1,1634.7,5906,96.79,2026-09-04
AMBUJACEM,EQ,404.95,408.2,404.25,405.0,405.0,807422,3277.43,2026-09-04
AMDIND,EQ,58.0,61.75,58.0,60.32,58.51,73559,44.71,2026-09-04
AMJLAND,EQ,39.79,39.92,38.63,39.47,39.6,3541,1.39,2026-09-04
AMNPLST,EQ,179.95,179.95,172.8,172.89,176.07,5639,9.84,2026-09-04
AMRUTANJAN,EQ,509.0,516.0,500.1,505.45,507.35,41069,207.42,2026-09-04
ANANDRATHI,EQ,2213.0,2224.0,2201.0,2215.9,2205.3,119776,2651.97,2026-09-04
ANANTRAJ,EQ,633.0,646.4,622.1,625.45,628.3,4215356,26730.86,2026-09-04
ANDHRAPAP,EQ,63.8,64.98,62.22,64.45,63.29,342517,218.83,2026-09-04
ANDHRSUGAR,EQ,102.19,102.71,98.75,99.51,101.29,477164,478.24,2026-09-04
ANDREWYU,EQ,28.0,28.5,27.79,27.93,27.98,42562,11.98,2026-09-04
ANGELONE,EQ,295.1,308.35,294.75,299.8,286.0,29274355,88250.66,2026-09-04
ANIKINDS,EQ,45.2,46.95,45.0,45.0,44.99,2038,0.93,2026-09-04
ANMOL,EQ,10.0,10.2,9.7,10.08,10.04,48326,4.85,2026-09-04
ANNAPURNA,EQ,151.45,151.45,139.0,140.2,147.78,96996,137.74,2026-09-04
ANSALBU,EQ,75.0,83.0,75.0,80.68,76.35,905,0.72,2026-09-04
ANTELOPUS,EQ,1001.0,1028.8,925.2,957.15,1013.3,4816181,48051.65,2026-09-04
ANTGRAPHIC,EQ,0.75,0.76,0.73,0.73,0.75,202908,1.5,2026-09-04
ANTHEM,EQ,970.0,973.5,926.8,934.05,950.7,872940,8211.02,2026-09-04
ANUHPHR,EQ,80.75,82.35,79.7,81.1,79.68,80373,65.39,2026-09-04
ANUP,EQ,1820.0,1820.0,1781.0,1785.8,1808.0,10691,191.48,2026-09-04
ANURAS,EQ,1240.0,1246.1,1234.0,1238.7,1240.2,82271,1018.14,2026-09-04
AONEGOLD,EQ,14.29,14.48,14.29,14.37,14.28,470758,67.65,2026-09-04
AONELIQUID,EQ,1075.71,1075.71,1075.66,1075.67,1075.29,18446,198.42,2026-09-04
AONENIFTY,EQ,10.13,10.13,9.86,9.89,9.89,88348,8.75,2026-09-04
AONESILVER,EQ,8.77,8.92,8.77,8.89,8.79,264493,23.49,2026-09-04
AONETMMQ50,EQ,10.33,10.49,10.24,10.3,10.28,32103,3.31,2026-09-04
AONETOTAL,EQ,11.9,12.0,11.87,11.93,11.85,188125,22.42,2026-09-04
APARINDS,EQ,17689.0,17895.0,17365.0,17421.0,17704.0,93101,16405.79,2026-09-04
APCL,EQ,102.5,102.5,100.11,101.42,100.1,4976,5.05,2026-09-04
APCOTEXIND,EQ,658.0,665.0,632.7,635.5,650.4,172649,1113.77,2026-09-04
APEX,EQ,378.0,383.6,373.2,375.15,376.75,99807,376.65,2026-09-04
APLAPOLLO,EQ,2154.6,2281.0,2150.4,2250.0,2159.4,955928,21237.08,2026-09-04
APLLTD,EQ,805.0,811.75,792.6,808.2,803.65,174296,1398.67,2026-09-04
APOLLO,EQ,383.5,392.95,383.5,388.9,383.25,4500219,17474.37,2026-09-04
APOLLOHOSP,EQ,8702.5,8740.0,8641.0,8650.0,8692.0,288351,25011.75,2026-09-04
APOLLOPIPE,EQ,617.0,617.0,600.55,605.1,614.55,76562,463.78,2026-09-04
APOLLOTYRE,EQ,433.85,435.15,428.25,429.55,433.85,407526,1754.37,2026-09-04
APOLSINHOT,EQ,1233.1,1248.0,1212.0,1218.1,1233.1,625,7.65,2026-09-04
APTUS,EQ,257.31,261.96,256.2,258.85,257.31,1203338,3111.97,2026-09-04
AQYLON,EQ,22.18,22.66,21.76,22.46,21.59,555317,123.77,2026-09-04
ARCHIDPLY,EQ,107.99,107.99,103.65,104.89,105.99,17295,18.33,2026-09-04
ARCHIES,EQ,13.0,13.2,12.8,12.9,12.91,10318,1.34,2026-09-04
ARCL,EQ,238.25,238.25,216.89,225.0,228.3,998,2.21,2026-09-04
ARDEE,EQ,55.97,56.14,55.2,55.66,54.84,2239330,1246.32,2026-09-04
ARE&M,EQ,861.3,868.95,855.05,864.2,860.4,363791,3141.49,2026-09-04
ARENTERP,EQ,36.0,36.0,34.6,34.65,35.06,597,0.21,2026-09-04
ARFIN,EQ,89.02,89.02,85.89,87.24,89.09,1136109,991.88,2026-09-04
ARIES,EQ,496.55,506.95,486.3,500.1,496.6,59836,297.15,2026-09-04
ARIHANT,EQ,959.0,994.8,920.5,953.15,920.65,1172,11.13,2026-09-04
ARIHANTCAP,EQ,78.88,80.4,78.35,79.69,78.52,235293,187.33,2026-09-04
ARIHANTSUP,EQ,239.0,239.0,228.0,229.5,236.15,37696,89.17,2026-09-04
ARIS,EQ,130.0,132.89,127.1,128.56,129.43,1642011,2133.12,2026-09-04
ARKADE,EQ,125.4,126.45,121.78,125.22,124.17,285467,353.26,2026-09-04
ARMANFIN,EQ,1987.2,2083.0,1987.2,2069.3,1991.9,42583,876.31,2026-09-04
AROGRANITE,EQ,25.05,25.05,24.4,24.55,24.97,5191,1.27,2026-09-04
ARSSBL,EQ,520.65,529.4,513.35,515.05,514.95,153131,797.68,2026-09-04
ARTEMISMED,EQ,321.0,339.3,318.3,332.8,319.85,885338,2958.86,2026-09-04
ARTNIRMAN,EQ,40.8,40.99,40.63,40.63,40.43,172,0.07,2026-09-04
ARVEE,EQ,165.61,171.9,163.0,165.1,165.0,790,1.31,2026-09-04
ARVIND,EQ,563.1,566.0,550.0,552.95,567.0,308497,1717.96,2026-09-04
ARVINDFASN,EQ,456.6,458.05,445.0,446.5,454.3,75363,340.26,2026-09-04
ARVSMART,EQ,645.6,653.8,640.05,642.5,639.0,28414,183.79,2026-09-04
ARYAMAN,EQ,615.0,626.35,615.0,620.2,626.5,129,0.8,2026-09-04
ASAHIINDIA,EQ,962.95,969.8,952.95,955.9,962.25,256318,2460.7,2026-09-04
ASAL,EQ,486.5,486.5,466.05,473.75,486.3,23916,113.21,2026-09-04
ASALCBR,EQ,696.05,710.0,696.05,706.35,696.05,14302,100.46,2026-09-04
ASHAPURMIN,EQ,549.85,559.95,546.0,551.0,547.95,275733,1521.83,2026-09-04
ASHIANA,EQ,366.2,370.4,358.2,359.55,366.55,40739,148.27,2026-09-04
ASHIMASYN,EQ,17.6,18.34,17.5,17.89,17.88,207276,36.75,2026-09-04
ASHOKA,EQ,117.25,118.18,115.0,115.55,117.32,998292,1157.67,2026-09-04
ASHOKAMET,EQ,13.95,13.99,13.38,13.58,13.47,17200,2.37,2026-09-04
ASHOKLEY,EQ,168.98,173.29,168.18,169.0,169.35,13509881,23044.74,2026-09-04
ASIANENE,EQ,527.05,538.0,509.0,517.45,523.0,476280,2496.38,2026-09-04
ASIANHOTNR,EQ,389.95,390.85,378.55,384.75,383.85,10682,41.17,2026-09-04
ASIANPAINT,EQ,2540.0,2553.9,2519.8,2527.3,2541.6,399368,10124.72,2026-09-04
ASIANTILES,EQ,49.8,50.5,49.56,50.26,49.96,2049363,1026.52,2026-09-04
ASIANTNE,EQ,9.5,9.76,9.34,9.74,9.76,16866,1.61,2026-09-04
ASKAUTOLTD,EQ,639.0,639.0,615.15,618.85,632.2,164992,1028.55,2026-09-04
ASPINWALL,EQ,257.65,265.0,257.55,259.25,257.55,2331,6.13,2026-09-04
ASSAMENT,EQ,826.85,830.0,826.85,830.0,831.0,16,0.13,2026-09-04
ASTAR,EQ,590.0,597.9,585.0,585.0,578.5,9,0.05,2026-09-04
ASTEC,EQ,581.8,581.8,552.1,554.45,573.25,43913,247.05,2026-09-04
ASTERDM,EQ,790.85,792.05,780.35,785.75,787.0,1157850,9116.15,2026-09-04
ASTRAL,EQ,1489.8,1509.9,1484.0,1492.9,1495.2,658868,9847.8,2026-09-04
ASTRAMICRO,EQ,1666.1,1741.0,1666.1,1729.0,1665.1,502645,8631.37,2026-09-04
ASTRAZEN,EQ,6999.0,7062.0,6900.0,6944.0,6940.5,6489,452.23,2026-09-04
ATALREAL,EQ,26.09,26.4,26.04,26.22,25.9,13883610,3626.21,2026-09-04
ATAM,EQ,55.99,58.4,50.0,52.99,54.79,42586,22.8,2026-09-04
ATGL,EQ,614.0,619.8,610.55,612.35,614.05,445851,2742.47,2026-09-04
ATHERENERG,EQ,1644.0,1644.5,1560.9,1584.0,1638.9,5585636,88863.02,2026-09-04
ATL,EQ,24.49,25.65,24.32,25.31,24.26,220494,55.19,2026-09-04
ATLANTAA,EQ,41.28,41.28,39.0,39.15,39.86,20793,8.19,2026-09-04
ATLANTAELE,EQ,1905.9,1920.0,1847.9,1881.7,1886.4,102999,1935.12,2026-09-04
ATLASCYCLE,EQ,96.44,96.44,93.5,96.18,95.44,3691,3.52,2026-09-04
ATUL,EQ,6476.0,6515.5,6370.5,6386.0,6469.0,18343,1175.58,2026-09-04
ATULAUTO,EQ,462.0,467.2,458.35,465.15,461.3,88513,409.36,2026-09-04
AUBANK,EQ,1071.9,1074.1,1060.4,1065.0,1072.0,602949,6442.95,2026-09-04
AUGMONT,EQ,922.7,940.1,894.0,901.5,922.7,942895,8646.2,2026-09-04
AURIONPRO,EQ,691.0,697.3,686.0,689.7,686.45,98258,678.51,2026-09-04
AUROPHARMA,EQ,1637.3,1661.5,1622.6,1653.1,1637.3,573938,9471.92,2026-09-04
AURUM,EQ,226.7,228.55,223.7,225.16,224.76,88743,200.76,2026-09-04
AURUS,EQ,4.7,4.95,4.57,4.84,4.62,26293,1.27,2026-09-04
AUSOMENT,EQ,162.0,166.59,155.2,161.79,159.95,18928,30.64,2026-09-04
AUSTENG,EQ,124.7,124.7,121.3,124.7,124.7,951,1.18,2026-09-04
AUTOAXLES,EQ,1710.0,1717.8,1684.1,1688.7,1705.4,7212,122.53,2026-09-04
AUTOBEES,EQ,289.86,289.87,286.9,287.47,288.19,194219,558.71,2026-09-04
AUTOIETF,EQ,29.06,29.06,28.73,28.81,28.91,980798,282.6,2026-09-04
AUTOIND,EQ,94.0,95.9,85.21,86.45,92.75,600314,534.99,2026-09-04
AVADHSUGAR,EQ,827.0,827.0,801.0,809.5,831.1,97497,789.54,2026-09-04
AVALON,EQ,2320.0,2347.7,2175.0,2196.6,2248.6,683759,15433.25,2026-09-04
AVANCE,EQ,0.83,0.83,0.82,0.82,0.82,2992770,24.65,2026-09-04
AVANTEL,EQ,156.6,158.38,154.46,154.96,156.5,546755,853.59,2026-09-04
AVANTIFEED,EQ,797.1,805.8,795.5,798.6,795.85,208229,1667.77,2026-09-04
AVL,EQ,604.0,604.0,590.4,600.05,600.4,226161,1351.34,2026-09-04
AVONMORE,EQ,13.74,13.74,12.93,13.02,13.12,310318,40.73,2026-09-04
AVROIND,EQ,8.78,8.96,8.6,8.72,8.97,390578,34.32,2026-09-04
AVTNPL,EQ,93.66,93.66,90.45,91.02,91.64,309025,283.18,2026-09-04
AWFIS,EQ,258.0,262.95,256.55,260.8,256.5,118804,309.87,2026-09-04
AWHCL,EQ,372.2,374.85,367.05,370.8,371.4,64504,239.44,2026-09-04
AWL,EQ,191.11,191.9,186.2,187.29,190.79,2987354,5620.6,2026-09-04
AXISBANK,EQ,1270.3,1280.7,1262.0,1273.0,1267.0,3810611,48564.55,2026-09-04
AXISCADES,EQ,1735.2,1765.0,1701.7,1711.6,1730.4,168634,2923.21,2026-09-04
AXITA,EQ,8.11,8.14,8.01,8.01,8.01,356179,28.58,2026-09-04
AXTEL,EQ,388.6,396.7,388.6,394.5,394.8,1470,5.78,2026-09-04
AYE,EQ,182.05,188.95,180.84,184.81,180.61,1223851,2277.14,2026-09-04
AYMSYNTEX,EQ,317.25,323.45,305.1,310.7,317.25,124761,392.43,2026-09-04
AZAD,EQ,2770.0,2824.3,2753.4,2777.3,2766.9,224210,6248.99,2026-09-04
AZADIND,EQ,90.32,90.97,89.0,89.59,90.32,36841,33.02,2026-09-04
BAGFILMS,EQ,4.35,4.6,4.29,4.51,4.32,225253,10.11,2026-09-04
BAIDFIN,EQ,10.23,10.23,9.91,10.12,10.1,43775,4.44,2026-09-04
BAJAJ-AUTO,EQ,12005.0,12025.0,11873.0,11919.0,11920.0,154199,18411.13,2026-09-04
BAJAJCON,EQ,512.0,519.8,507.5,517.55,508.95,1279757,6571.73,2026-09-04
BAJAJELEC,EQ,334.0,337.15,330.0,331.15,334.2,73439,244.34,2026-09-04
BAJAJFINSV,EQ,1985.0,1994.2,1970.0,1970.0,1992.1,437793,8663.6,2026-09-04
BAJAJHCARE,EQ,327.8,331.9,319.85,321.45,325.2,458849,1485.91,2026-09-04
BAJAJHFL,EQ,83.0,83.55,82.93,83.08,82.95,1824719,1517.69,2026-09-04
BAJAJHIND,EQ,22.18,22.18,21.5,21.86,22.08,21280859,4629.69,2026-09-04
BAJAJHLDNG,EQ,11102.0,11355.0,11100.0,11162.0,11165.0,37106,4158.23,2026-09-04
BAJAJINDEF,EQ,221.3,224.9,220.53,222.69,220.84,30501,67.64,2026-09-04
BAJAJST,EQ,366.7,366.85,361.7,362.95,361.5,4966,18.1,2026-09-04
BAJEL,EQ,185.69,188.12,182.53,183.82,185.69,94742,175.1,2026-09-04
BAJFINANCE,EQ,1050.6,1063.6,1049.7,1060.5,1049.0,5952048,62856.95,2026-09-04
BALAJEE,EQ,26.65,26.65,26.11,26.16,26.15,17375,4.56,2026-09-04
BALAJITELE,EQ,91.25,95.7,88.36,93.17,91.31,1526021,1410.71,2026-09-04
BALAMINES,EQ,2432.0,2550.0,2432.0,2525.2,2417.8,608894,15335.78,2026-09-04
BALAXI,EQ,26.6,26.6,24.93,25.37,25.8,50780,13.02,2026-09-04
BALKRISHNA,EQ,17.5,17.5,17.0,17.08,17.48,6016,1.04,2026-09-04
BALKRISIND,EQ,2330.0,2346.3,2264.0,2284.6,2327.3,324489,7421.63,2026-09-04
BALMLAWRIE,EQ,177.75,178.44,177.3,177.98,176.93,106907,190.1,2026-09-04
BALPHARMA,EQ,87.7,89.69,87.1,87.73,87.71,8210,7.21,2026-09-04
BALRAMCHIN,EQ,697.0,702.0,682.5,690.6,704.35,2232338,15432.5,2026-09-04
BALUFORGE,EQ,572.5,585.35,563.6,574.1,570.35,1304593,7504.16,2026-09-04
BANARBEADS,EQ,114.01,115.89,113.52,113.9,114.85,1302,1.49,2026-09-04
BANARISUG,EQ,3878.2,3883.0,3774.0,3803.3,3874.7,857,32.76,2026-09-04
BANCOINDIA,EQ,618.4,629.1,616.5,623.5,616.9,77773,484.78,2026-09-04
BANDHANBNK,EQ,165.11,166.74,164.5,164.95,164.23,2928918,4843.63,2026-09-04
BANG,EQ,34.16,34.97,33.3,34.79,34.17,78335,27.06,2026-09-04
BANK10ADD,EQ,16.87,16.98,16.86,16.93,16.96,2303,0.39,2026-09-04
BANK10BETF,EQ,20.69,20.92,20.68,20.9,20.69,538,0.11,2026-09-04
BANKA,EQ,79.0,79.0,77.25,79.0,75.27,5253,4.12,2026-09-04
BANKADD,EQ,58.96,59.14,58.82,58.99,58.95,5499,3.24,2026-09-04
BANKBARODA,EQ,242.37,242.37,239.0,239.0,240.44,7816984,18768.63,2026-09-04
BANKBEES,EQ,599.0,599.0,595.03,596.2,596.02,345232,2059.55,2026-09-04
BANKBETA,EQ,59.58,59.71,59.41,59.57,59.58,65905,39.26,2026-09-04
BANKBETF,EQ,58.42,58.75,58.32,58.56,58.4,5574,3.26,2026-09-04
BANKETF,EQ,588.93,588.93,585.01,586.33,586.0,18870,110.78,2026-09-04
BANKIETF,EQ,59.25,59.3,59.0,59.14,59.14,278048,164.53,2026-09-04
BANKINDIA,EQ,144.8,145.8,144.11,145.0,145.0,2902558,4210.6,2026-09-04
BANKNIFTY1,EQ,60.19,60.19,59.61,59.71,59.75,149995,89.68,2026-09-04
BANKPSU,EQ,86.38,86.74,86.1,86.14,86.33,11350,9.81,2026-09-04
BANSALWIRE,EQ,319.0,322.75,313.25,315.0,319.0,63070,200.2,2026-09-04
BANSWRAS,EQ,119.38,120.0,116.26,117.05,117.78,31201,36.71,2026-09-04
BASF,EQ,3835.0,3907.0,3829.4,3864.9,3832.4,30319,1169.84,2026-09-04
BATAINDIA,EQ,677.45,682.0,671.0,672.75,677.4,89939,608.54,2026-09-04
BATLIBOI,EQ,89.9,91.94,88.88,90.81,88.39,25336,22.87,2026-09-04
BAYERCROP,EQ,3960.8,3998.9,3960.8,3989.9,3960.8,9989,397.96,2026-09-04
BBETF0432,EQ,1361.18,1361.18,1340.96,1342.3,1342.98,1332,17.92,2026-09-04
BBL,EQ,2309.7,2315.9,2280.0,2289.3,2298.3,26842,617.22,2026-09-04
BBNPNBETF,EQ,58.02,58.31,58.0,58.3,57.15,200,0.12,2026-09-04
BBNPPGOLD,EQ,148.2,149.5,146.8,148.7,147.5,1237,1.84,2026-09-04
BBOX,EQ,722.0,731.2,710.0,712.25,720.9,198315,1421.09,2026-09-04
BBTC,EQ,1513.9,1513.9,1495.1,1496.8,1501.6,43404,651.57,2026-09-04
BBTCL,EQ,236.0,236.0,227.0,230.22,233.77,3429,7.94,2026-09-04
BCG,EQ,9.03,9.06,8.91,8.98,9.0,2648978,238.2,2026-09-04
BCLIND,EQ,36.37,37.95,36.04,36.62,36.22,526260,192.66,2026-09-04
BCONCEPTS,EQ,166.0,176.43,165.0,167.33,165.43,11790,20.06,2026-09-04
BCPL,EQ,67.77,72.0,67.25,68.45,67.77,15587,10.79,2026-09-04
BDL,EQ,1253.0,1293.0,1253.0,1255.0,1257.7,1391949,17723.34,2026-09-04
BEARDSELL,EQ,25.29,26.32,24.62,25.31,25.41,7642,1.95,2026-09-04
BECTORFOOD,EQ,230.01,231.7,225.16,225.96,229.41,493507,1126.59,2026-09-04
BEDMUTHA,EQ,108.5,115.0,108.5,112.37,112.23,7077,7.95,2026-09-04
BEEKAY,EQ,419.55,421.0,406.85,417.4,419.55,4726,19.33,2026-09-04
BEL,EQ,409.25,413.1,405.35,405.35,408.6,8354982,34224.32,2026-09-04
BELLACASA,EQ,241.9,246.95,240.02,242.85,239.51,4050,9.85,2026-09-04
BELRISE,EQ,238.15,239.25,233.52,236.86,238.11,1873911,4431.88,2026-09-04
BEML,EQ,2082.0,2127.0,2045.0,2057.8,2079.4,687676,14356.02,2026-09-04
BENARAS,EQ,10270.0,10270.0,10200.0,10200.0,10200.0,107,10.91,2026-09-04
BENGALASM,EQ,6445.0,6499.0,6271.0,6332.5,6375.0,362,23.19,2026-09-04
BEPL,EQ,130.0,131.2,126.1,127.5,129.74,1190325,1527.09,2026-09-04
BERGEPAINT,EQ,494.0,496.7,484.0,485.3,491.4,277300,1351.03,2026-09-04
BESTAGRO,EQ,20.99,21.2,18.83,19.29,20.34,2082129,408.65,2026-09-04
BETA,EQ,2258.0,2275.7,2190.1,2218.5,2258.9,13251,294.59,2026-09-04
BFINVEST,EQ,475.0,475.0,464.1,469.35,469.45,33149,155.76,2026-09-04
BFSI,EQ,27.61,27.61,27.02,27.17,27.02,323149,87.74,2026-09-04
BFUTILITIE,EQ,543.05,561.55,537.0,542.45,544.0,272295,1496.18,2026-09-04
BHAGCHEM,EQ,266.6,269.8,263.1,264.6,266.3,34606,92.05,2026-09-04
BHAGYANGR,EQ,373.05,381.8,369.0,370.45,373.45,77510,289.29,2026-09-04
BHANDARI,EQ,3.02,3.05,3.0,3.03,3.0,101595,3.08,2026-09-04
BHARATCOAL,EQ,33.8,34.05,33.6,33.81,33.8,3546055,1197.53,2026-09-04
BHARATFORG,EQ,1997.6,1997.6,1951.0,1956.0,1981.0,1526364,30075.66,2026-09-04
BHARATRAS,EQ,1190.1,1207.0,1165.2,1171.8,1184.2,25242,298.58,2026-09-04
BHARATSE,EQ,213.69,214.7,210.5,211.69,213.69,93907,199.51,2026-09-04
BHARATWIRE,EQ,179.51,182.59,178.97,181.32,180.42,141594,256.3,2026-09-04
BHARTIARTL,EQ,1868.1,1870.7,1840.0,1840.0,1869.0,3614328,67043.95,2026-09-04
BHARTIHEXA,EQ,1507.0,1520.2,1490.0,1495.4,1505.6,37216,558.78,2026-09-04
BHEL,EQ,433.0,439.2,429.2,431.1,431.8,5925391,25705.97,2026-09-04
BIGBLOC,EQ,41.95,42.4,40.31,41.92,41.29,56466,23.32,2026-09-04
BIKAJI,EQ,587.15,589.85,582.0,584.2,587.15,52134,305.27,2026-09-04
BIL,EQ,924.0,924.0,899.95,907.85,915.85,8736,79.52,2026-09-04
BIMETAL,EQ,633.5,635.5,633.5,635.0,630.45,107,0.68,2026-09-04
BIOCON,EQ,404.0,404.9,396.2,397.4,402.0,3108555,12466.89,2026-09-04
BIOFILCHEM,EQ,32.8,32.8,31.31,32.0,31.97,5543,1.78,2026-09-04
BIRLACORPN,EQ,880.0,895.0,874.3,887.35,880.9,48723,431.69,2026-09-04
BIRLAMONEY,EQ,126.77,129.19,123.5,126.37,127.15,62184,78.68,2026-09-04
BIRLANU,EQ,1440.0,1451.0,1421.9,1448.0,1423.5,5921,84.98,2026-09-04
BIRLAPREC,EQ,53.25,59.79,52.73,57.92,51.67,2574084,1470.65,2026-09-04
BLACKBUCK,EQ,582.0,588.95,580.0,586.1,582.4,157466,920.49,2026-09-04
BLAL,EQ,162.0,164.95,160.61,160.88,161.93,43253,70.11,2026-09-04
BLBLIMITED,EQ,17.0,17.1,16.42,16.68,16.96,117198,19.62,2026-09-04
BLEL,EQ,454.25,458.8,448.0,453.15,454.25,823610,3720.26,2026-09-04
BLIL,EQ,72.98,72.98,72.36,72.53,72.47,97501,70.79,2026-09-04
BLKASHYAP,EQ,57.6,62.45,57.04,59.34,57.6,2983058,1818.38,2026-09-04
BLS,EQ,240.15,241.25,237.0,238.79,240.15,646943,1542.53,2026-09-04
BLSE,EQ,324.05,326.95,317.35,320.05,323.65,143302,461.22,2026-09-04
BLUECLOUDS,EQ,19.85,20.15,19.8,19.88,19.9,1013239,201.76,2026-09-04
BLUEDART,EQ,5034.0,5048.9,4968.1,4991.7,5028.8,5838,291.87,2026-09-04
BLUEJET,EQ,582.05,584.0,565.5,569.8,579.0,442380,2535.01,2026-09-04
BLUESTARCO,EQ,1485.7,1514.7,1475.0,1484.0,1485.7,419549,6257.03,2026-09-04
BLUESTONE,EQ,802.0,848.0,800.05,842.75,804.9,1065449,8891.85,2026-09-04
BLUSPRING,EQ,135.4,139.8,132.0,138.96,134.25,605059,830.55,2026-09-04
BMWVENTLTD,EQ,56.22,56.22,55.1,55.36,55.13,40922,22.64,2026-09-04
BNAGROCHEM,EQ,226.28,227.69,215.4,216.73,226.73,1260,2.83,2026-09-04
BNKETFAXIS,EQ,593.46,595.93,591.8,592.5,593.0,145,0.86,2026-09-04
BODALCHEM,EQ,147.26,159.99,146.36,155.62,150.76,5050468,7853.79,2026-09-04
BOHRAIND,EQ,12.25,12.93,12.25,12.7,12.35,3714,0.47,2026-09-04
BOMDYEING,EQ,113.19,115.25,113.05,113.47,113.19,381464,434.09,2026-09-04
BONLON,EQ,40.74,41.87,40.05,40.13,40.66,3268,1.32,2026-09-04
BORANA,EQ,303.65,309.4,303.65,307.6,300.35,11240,34.47,2026-09-04
BOROLTD,EQ,249.0,260.0,247.79,258.96,248.63,265545,680.25,2026-09-04
BORORENEW,EQ,495.0,505.5,491.6,499.15,497.5,271428,1358.92,2026-09-04
BOROSCI,EQ,136.41,136.8,131.0,132.16,134.93,46065,61.34,2026-09-04
BOSCH-HCIL,EQ,1777.7,1843.0,1756.2,1818.8,1777.7,64153,1152.24,2026-09-04
BOSCHLTD,EQ,47195.0,47200.0,46660.0,46820.0,47000.0,16913,7923.31,2026-09-04
BPCL,EQ,319.4,320.65,315.7,315.7,320.05,1834819,5838.52,2026-09-04
BPL,EQ,49.21,50.18,49.0,49.38,49.31,56301,27.91,2026-09-04
BPLPHARMA,EQ,1545.0,1568.8,1520.0,1533.3,1520.8,586,9.02,2026-09-04
BRAHMINFRA,EQ,160.0,167.89,160.0,163.82,162.17,26893,44.09,2026-09-04
BRIGADE,EQ,714.0,735.0,685.8,696.1,712.3,1980508,14024.49,2026-09-04
BRIGHOTEL,EQ,58.95,59.89,58.9,59.19,58.95,84277,50.07,2026-09-04
BRIGHTBR,EQ,254.6,260.55,252.1,254.8,254.6,20221,52.39,2026-09-04
BRITANNIA,EQ,5155.0,5160.5,5089.5,5101.5,5130.0,269673,13820.24,2026-09-04
BRNL,EQ,17.13,17.39,17.01,17.12,17.12,18030,3.1,2026-09-04
BSE,EQ,3400.0,3474.0,3391.7,3409.8,3306.1,7975058,273957.6,2026-09-04
BSE500IETF,EQ,40.2,40.2,39.3,39.33,39.41,61545,24.29,2026-09-04
BSHSL,EQ,89.46,94.2,88.5,91.48,89.46,15418,14.08,2026-09-04
BSL,EQ,124.0,124.99,122.75,123.58,123.22,1949,2.41,2026-09-04
BSLGOLDETF,EQ,136.33,136.33,134.7,135.36,134.18,224272,303.4,2026-09-04
BSLNIFTY,EQ,28.34,28.34,27.97,28.14,28.07,339470,95.5,2026-09-04
BSLSENETFG,EQ,78.67,78.67,77.12,77.52,77.15,2392,1.85,2026-09-04
BSOFT,EQ,295.0,299.55,288.45,289.35,293.25,1083783,3164.45,2026-09-04
BTML,EQ,8.42,8.7,8.2,8.51,8.49,305536,25.84,2026-09-04
BUILDPRO,EQ,1288.8,1305.0,1282.5,1298.2,1288.8,351369,4558.23,2026-09-04
BURNPUR,EQ,21.56,21.56,21.56,21.56,20.54,55339,11.93,2026-09-04
BUTTERFLY,EQ,615.15,628.9,611.05,624.85,613.6,11660,72.44,2026-09-04
BVCL,EQ,44.7,44.7,43.17,43.48,43.14,85128,37.39,2026-09-04
CAMLINFINE,EQ,102.9,105.37,102.1,103.13,102.28,689443,713.71,2026-09-04
CAMPUS,EQ,223.97,225.0,220.51,223.24,223.97,364174,811.2,2026-09-04
CAMS,EQ,750.0,757.75,746.05,748.8,747.4,469646,3529.19,2026-09-04
CANBK,EQ,126.3,127.3,125.5,125.5,125.8,12141084,15365.04,2026-09-04
CANFINHOME,EQ,808.0,815.0,802.6,807.4,804.95,222474,1800.2,2026-09-04
CANHLIFE,EQ,155.08,161.05,153.51,157.23,154.31,1086892,1720.39,2026-09-04
CANTABIL,EQ,238.7,245.0,238.0,243.05,237.74,94452,228.15,2026-09-04
CAPACITE,EQ,209.95,217.9,208.22,216.22,208.88,373452,799.15,2026-09-04
CAPILLARY,EQ,485.0,492.35,480.0,490.05,480.05,109289,532.68,2026-09-04
CAPITALSFB,EQ,285.6,285.6,280.1,280.95,281.85,6864,19.41,2026-09-04
CAPLIPOINT,EQ,2845.0,2845.0,2759.6,2810.8,2845.0,208526,5815.26,2026-09-04
CARBORUNIV,EQ,1078.7,1140.9,1069.9,1130.6,1078.0,338864,3805.95,2026-09-04
CARERATING,EQ,1718.0,1762.9,1699.7,1738.2,1708.4,354155,6114.33,2026-09-04
CARRARO,EQ,531.9,538.95,527.25,533.65,533.95,71136,379.52,2026-09-04
CARTRADE,EQ,2997.0,3051.9,2945.3,3000.2,2992.2,315551,9465.81,2026-09-04
CARYSIL,EQ,1161.9,1180.0,1136.5,1140.8,1157.0,72848,844.33,2026-09-04
CASHIETF,EQ,1078.37,1078.39,1078.37,1078.38,1077.99,101592,1095.55,2026-09-04
CASTROLIND,EQ,186.21,190.95,186.03,190.27,186.42,4231930,8005.19,2026-09-04
CCAVENUE,EQ,15.48,16.21,15.41,15.7,15.4,35876401,5665.31,2026-09-04
CCCL,EQ,14.49,14.54,14.12,14.27,14.19,118802,17.0,2026-09-04
CCHHL,EQ,12.7,12.95,12.4,12.61,12.64,42082,5.31,2026-09-04
CCL,EQ,1107.3,1114.9,1079.7,1106.2,1107.3,193825,2127.24,2026-09-04
CDSL,EQ,1400.0,1417.9,1391.6,1394.6,1394.0,1117172,15686.07,2026-09-04
CEATLTD,EQ,3323.3,3344.0,3291.2,3333.2,3315.3,73368,2437.03,2026-09-04
CEIGALL,EQ,359.85,359.85,351.0,355.8,347.55,949597,3368.16,2026-09-04
CEINSYS,EQ,682.0,702.0,672.0,677.85,678.65,71954,493.69,2026-09-04
CELEBRITY,EQ,6.83,6.83,6.6,6.8,6.74,23532,1.59,2026-09-04
CELLO,EQ,344.9,345.55,339.8,342.0,343.45,189002,647.47,2026-09-04
CEMNTGROWW,EQ,14.79,14.79,14.52,14.66,14.64,63765,9.34,2026-09-04
CEMPRO,EQ,1299.0,1314.7,1270.1,1297.4,1296.9,359470,4647.14,2026-09-04
CENTENKA,EQ,620.0,620.0,607.05,608.9,616.65,126471,771.59,2026-09-04
CENTEXT,EQ,21.29,22.2,19.75,20.19,21.24,957330,197.24,2026-09-04
CENTRALBK,EQ,30.85,31.18,30.78,31.08,30.77,5295221,1643.35,2026-09-04
CENTRUM,EQ,22.37,22.75,22.0,22.55,22.45,180060,40.24,2026-09-04
CENTUM,EQ,3746.3,3800.0,3723.0,3767.3,3776.1,29156,1094.7,2026-09-04
CENTURYPLY,EQ,749.9,755.35,745.15,748.45,749.2,17510,131.04,2026-09-04
CERA,EQ,5800.0,5889.5,5737.5,5787.5,5683.5,19476,1130.06,2026-09-04
CESC,EQ,148.29,149.14,145.91,146.5,147.96,1448303,2131.39,2026-09-04
CEWATER,EQ,266.15,266.9,261.0,262.55,265.4,42011,110.59,2026-09-04
CFEL,EQ,32.1,32.67,31.41,32.48,32.05,14038,4.54,2026-09-04
CGCL,EQ,274.0,284.8,271.5,279.9,271.7,7594713,20989.98,2026-09-04
CGPOWER,EQ,895.0,899.8,888.05,891.0,895.0,2159759,19324.33,2026-09-04
CGVAK,EQ,155.0,155.0,148.0,148.21,148.01,1852,2.75,2026-09-04
CHALET,EQ,890.0,904.0,888.05,896.75,890.75,87842,788.84,2026-09-04
CHAMBLFERT,EQ,419.9,422.95,418.05,419.05,418.3,329143,1383.4,2026-09-04
CHEMBOND,EQ,178.96,178.96,169.01,170.9,173.02,6660,11.46,2026-09-04
CHEMCRUX,EQ,82.0,83.2,80.05,82.16,82.48,5344,4.34,2026-09-04
CHEMFAB,EQ,364.45,364.45,356.05,360.1,358.0,4597,16.51,2026-09-04
CHEMICAL,EQ,30.54,30.54,30.1,30.2,30.29,539227,163.45,2026-09-04
CHEMPLASTS,EQ,168.0,173.58,168.0,170.29,167.03,198762,338.11,2026-09-04
CHENNPETRO,EQ,1445.1,1463.9,1425.5,1452.2,1440.0,934269,13529.32,2026-09-04
CHEVIOT,EQ,1143.0,1166.0,1141.0,1159.4,1143.1,1428,16.48,2026-09-04
CHOICEGOLD,EQ,154.5,154.5,151.35,152.65,151.13,9699,14.77,2026-09-04
CHOICEIN,EQ,768.9,781.2,756.5,760.95,768.45,567061,4360.6,2026-09-04
CHOLAFIN,EQ,1841.0,1859.9,1828.0,1839.0,1849.3,677118,12468.87,2026-09-04
CHOLAHLDNG,EQ,1516.0,1532.7,1498.3,1525.7,1502.8,77666,1179.21,2026-09-04
CIEINDIA,EQ,387.0,387.0,382.25,385.35,383.95,185100,711.16,2026-09-04
CIFL,EQ,20.59,21.1,19.8,19.98,20.17,231565,46.64,2026-09-04
CINELINE,EQ,91.4,99.4,90.1,95.23,89.83,308404,292.57,2026-09-04
CINEVISTA,EQ,14.49,14.98,14.2,14.24,14.19,2982,0.43,2026-09-04
CIPLA,EQ,1397.7,1399.1,1375.5,1385.0,1394.7,1326180,18358.06,2026-09-04
CLEAN,EQ,853.5,855.95,834.0,836.15,852.95,297191,2502.81,2026-09-04
CLEANMAX,EQ,1306.0,1357.9,1289.7,1347.9,1298.7,256257,3431.51,2026-09-04
CLSEL,EQ,302.9,306.7,298.05,301.9,304.8,68370,206.01,2026-09-04
CMLL,EQ,508.0,517.05,501.1,503.05,501.4,314875,1599.65,2026-09-04
CMPDI,EQ,239.39,244.55,236.67,243.92,239.66,2694037,6519.46,2026-09-04
CMRGREEN,EQ,231.55,231.55,225.81,228.34,230.74,270377,616.29,2026-09-04
CMSINFO,EQ,245.45,246.94,241.0,243.46,244.86,528852,1284.95,2026-09-04
CNL,EQ,1246.5,1247.3,1210.0,1215.5,1243.4,12127,148.83,2026-09-04
COALINDIA,EQ,418.0,418.0,412.55,415.35,420.05,6126850,25387.56,2026-09-04
COASTCORP,EQ,42.32,43.09,41.54,41.88,41.93,69707,29.42,2026-09-04
COCHINSHIP,EQ,1488.9,1522.9,1486.0,1499.1,1486.7,630573,9518.65,2026-09-04
COCKERILL,EQ,8095.0,8230.0,8025.5,8193.5,8080.0,4524,368.32,2026-09-04
COFORGE,EQ,1982.0,1992.9,1962.4,1972.8,1971.8,1108102,21893.61,2026-09-04
COHANCE,EQ,463.3,470.0,453.6,456.6,460.85,572792,2643.49,2026-09-04
COLPAL,EQ,1860.0,1863.9,1829.2,1829.2,1850.0,562995,10364.56,2026-09-04
COMFINTE,EQ,6.15,6.26,6.07,6.21,6.19,114743,7.08,2026-09-04
COMMOIETF,EQ,99.7,100.43,99.25,100.33,99.41,28716,28.69,2026-09-04
COMPEAU,EQ,368.7,379.95,353.0,371.8,361.8,2858,10.53,2026-09-04
COMPUSOFT,EQ,13.2,13.2,12.62,13.02,12.89,23203,3.02,2026-09-04
COMSYN,EQ,300.5,306.0,285.3,301.3,302.7,108742,326.24,2026-09-04
CONCOR,EQ,508.8,509.65,502.0,508.0,508.85,1107962,5596.55,2026-09-04
CONCORDBIO,EQ,1450.0,1450.4,1411.6,1417.1,1447.7,59142,845.05,2026-09-04
CONFIPET,EQ,84.7,85.3,82.0,82.48,84.28,2371168,1976.25,2026-09-04
CONS,EQ,11.97,12.04,11.95,11.98,12.01,14601,1.75,2026-09-04
CONSUMAXIS,EQ,120.17,120.37,119.02,119.02,119.64,1590,1.91,2026-09-04
CONSUMBEES,EQ,130.8,130.8,129.56,129.78,130.02,421784,548.72,2026-09-04
CONSUMER,EQ,12.45,12.45,12.0,12.03,12.02,487786,58.72,2026-09-04
CONSUMIETF,EQ,120.7,121.21,120.45,120.67,121.06,412702,499.56,2026-09-04
CONTROLPR,EQ,602.0,602.0,591.15,593.35,600.3,7641,45.38,2026-09-04
CORALFINAC,EQ,33.58,34.0,32.32,33.47,32.94,13197,4.42,2026-09-04
CORDELIA,EQ,102.5,106.96,101.81,103.9,101.87,2698667,2842.5,2026-09-04
CORDSCABLE,EQ,306.0,330.0,306.0,317.0,302.9,264160,844.83,2026-09-04
COROMANDEL,EQ,1927.0,1948.3,1927.0,1938.8,1931.3,143726,2786.03,2026-09-04
CORONA,EQ,2121.0,2150.4,2090.8,2100.1,2127.8,12081,255.13,2026-09-04
COSMOFIRST,EQ,938.7,943.1,916.0,919.85,940.15,66169,613.1,2026-09-04
CPCAP,EQ,121.69,139.79,117.25,128.33,118.3,85391,108.51,2026-09-04
CPEDU,EQ,190.39,195.01,188.48,191.97,189.76,5928,11.42,2026-09-04
CPL,EQ,62.4,62.9,61.45,62.11,62.4,138710,85.95,2026-09-04
CPPLUS,EQ,3752.7,3797.9,3645.0,3704.6,3751.3,202259,7517.63,2026-09-04
CPSEETF,EQ,95.44,95.44,93.4,93.7,93.57,353172,331.32,2026-09-04
CRAFTSMAN,EQ,11248.0,11539.0,11097.0,11398.0,11220.0,28595,3254.05,2026-09-04
CRAMC,EQ,252.1,254.0,250.0,251.5,251.2,177971,448.9,2026-09-04
CRAVATEX,EQ,326.75,339.9,314.95,329.5,326.75,1353,4.46,2026-09-04
CREATIVEYE,EQ,6.15,6.25,5.89,6.19,6.13,16063,0.99,2026-09-04
CREDITACC,EQ,1453.9,1468.0,1438.0,1443.1,1437.4,217925,3158.71,2026-09-04
CREST,EQ,369.9,369.9,356.2,359.0,365.3,1505,5.42,2026-09-04
CRISIL,EQ,4775.0,4872.0,4726.3,4802.0,4759.7,184833,8918.19,2026-09-04
CRIZAC,EQ,163.0,163.77,159.95,160.29,162.27,294106,473.74,2026-09-04
CROMPTON,EQ,227.64,235.47,226.27,232.4,226.51,4443658,10371.7,2026-09-04
CROWN,EQ,114.45,114.69,110.03,112.84,111.8,37657,42.51,2026-09-04
CSBBANK,EQ,325.15,331.65,320.8,328.55,324.95,658990,2159.77,2026-09-04
CSLFINANCE,EQ,245.58,254.7,245.58,251.77,243.86,94290,237.07,2026-09-04
CSM,EQ,93.99,94.78,93.4,94.36,94.0,80421,75.55,2026-09-04
CUB,EQ,234.0,242.9,233.69,236.01,234.36,2621193,6285.96,2026-09-04
CUBEXTUB,EQ,76.6,78.66,75.95,76.8,76.41,48940,37.83,2026-09-04
CUMMINSIND,EQ,5071.0,5083.0,5013.0,5035.0,5071.0,483825,24387.11,2026-09-04
CUPID,EQ,280.0,287.0,280.0,283.15,279.95,8434946,23926.91,2026-09-04
CURAA,EQ,78.5,78.5,60.0,72.46,66.2,2020,1.45,2026-09-04
CYBERMEDIA,EQ,25.9,28.45,22.2,26.4,23.88,2157521,575.65,2026-09-04
CYIENT,EQ,1111.3,1131.7,1096.2,1101.8,1111.3,327209,3644.88,2026-09-04
CYIENTDLM,EQ,833.8,894.0,830.0,856.95,836.55,1201568,10436.27,2026-09-04
DABUR,EQ,380.45,383.25,377.35,380.9,380.7,1702061,6479.99,2026-09-04
DAICHI,EQ,374.7,374.7,359.8,364.8,369.75,5043,18.58,2026-09-04
DALBHARAT,EQ,1770.1,1778.9,1740.0,1749.3,1771.2,73496,1292.73,2026-09-04
DALMIASUG,EQ,460.95,462.5,435.05,438.55,461.05,342704,1519.24,2026-09-04
DAMCAPITAL,EQ,145.99,147.49,144.17,144.9,145.28,170224,247.29,2026-09-04
DANGEE,EQ,2.94,2.98,2.9,2.94,2.94,40836,1.2,2026-09-04
DATAMATICS,EQ,771.45,785.0,762.2,764.9,774.85,55826,430.94,2026-09-04
DATAPATTNS,EQ,4588.0,4666.0,4546.4,4585.0,4587.3,377845,17437.92,2026-09-04
DAVANGERE,EQ,2.07,2.07,1.94,1.96,2.04,15393852,305.57,2026-09-04
DBCORP,EQ,195.79,197.09,193.79,195.65,193.78,43972,86.04,2026-09-04
DBL,EQ,402.75,404.0,398.0,401.0,398.55,58236,233.13,2026-09-04
DBOL,EQ,128.96,128.96,124.0,124.99,129.64,232171,290.6,2026-09-04
DBREALTY,EQ,103.4,105.0,101.0,102.57,103.05,1439328,1480.4,2026-09-04
DCAL,EQ,178.5,178.5,173.2,174.38,176.99,122894,215.15,2026-09-04
DCBBANK,EQ,222.4,223.9,220.2,220.74,222.2,539992,1196.98,2026-09-04
DCI,EQ,362.0,362.0,346.1,350.55,357.65,87942,310.27,2026-09-04
DCMFINSERV,EQ,5.09,5.37,5.09,5.2,5.09,5995,0.31,2026-09-04
DCMNVL,EQ,188.94,191.14,183.25,184.96,182.04,16490,31.07,2026-09-04
DCMSHRIRAM,EQ,1024.9,1026.1,1014.0,1020.9,1019.2,85914,876.13,2026-09-04
DCMSIL,EQ,71.3,71.3,68.06,68.76,70.29,99773,69.66,2026-09-04
DCMSRIND,EQ,46.6,46.63,44.1,44.91,46.51,182082,82.8,2026-09-04
DCW,EQ,46.11,46.95,45.81,45.98,46.3,912734,423.38,2026-09-04
DCXINDIA,EQ,170.15,172.35,168.1,168.83,169.57,328462,559.16,2026-09-04
DDEVPLSTIK,EQ,273.55,274.95,271.3,273.0,272.5,51629,140.78,2026-09-04
DECCANCE,EQ,569.8,579.9,564.35,569.75,565.15,29858,170.57,2026-09-04
DECNGOLD,EQ,215.0,219.3,212.43,213.87,213.8,959258,2069.55,2026-09-04
DEEDEV,EQ,645.8,673.8,642.05,658.25,645.9,327955,2173.59,2026-09-04
DEEP,EQ,36.8,36.8,34.21,35.0,36.0,23168,8.21,2026-09-04
DEEPAKFERT,EQ,1362.7,1395.0,1353.3,1362.1,1355.9,229112,3144.01,2026-09-04
DEEPAKNTR,EQ,1728.0,1743.7,1705.7,1712.4,1725.3,196070,3371.83,2026-09-04
DEEPINDS,EQ,757.75,793.7,749.0,786.45,744.85,1324171,10285.87,2026-09-04
DEFENCE,EQ,81.75,82.57,81.59,81.99,81.45,239629,196.79,2026-09-04
DELHIVERY,EQ,465.0,465.9,457.9,457.9,464.35,1936111,8923.55,2026-09-04
DELTACORP,EQ,56.79,57.4,55.56,56.12,56.25,1070574,604.72,2026-09-04
DELTAMAGNT,EQ,56.66,59.9,55.72,58.4,57.23,4124,2.38,2026-09-04
DEN,EQ,27.66,28.1,27.66,27.97,27.87,211531,59.04,2026-09-04
DENORA,EQ,822.3,836.0,810.1,812.3,824.55,2711,22.17,2026-09-04
DENTA,EQ,273.2,276.9,271.0,275.35,270.4,56286,154.28,2026-09-04
DEVIT,EQ,24.9,25.5,23.61,24.21,24.52,69859,16.97,2026-09-04
DEVX,EQ,32.9,33.39,32.66,33.29,32.13,40903,13.52,2026-09-04
DEVYANI,EQ,138.0,142.86,137.37,139.28,138.05,2432975,3420.19,2026-09-04
DGCONTENT,EQ,24.75,25.0,24.55,24.83,24.43,1564,0.39,2026-09-04
DHAMPURSUG,EQ,176.45,176.45,165.63,167.59,177.05,832821,1408.25,2026-09-04
DHANBANK,EQ,31.8,32.03,31.69,31.86,31.72,349043,111.25,2026-09-04
DHANUKA,EQ,1009.0,1014.0,994.8,1010.65,1010.15,17124,172.36,2026-09-04
DHARMAJ,EQ,268.3,271.0,264.3,270.05,269.05,29203,78.46,2026-09-04
DHATRE,EQ,4.33,4.59,4.21,4.33,4.35,17330,0.75,2026-09-04
DHOOTTRANS,EQ,1615.0,1665.0,1570.1,1615.7,1583.5,6047122,98143.38,2026-09-04
DHRUV,EQ,23.45,23.45,22.29,22.32,23.45,7195,1.63,2026-09-04
DHUNINV,EQ,1046.25,1054.8,1012.65,1019.15,1046.25,1224,12.61,2026-09-04
DIAMINESQ,EQ,243.54,245.39,240.0,240.99,244.76,3798,9.23,2026-09-04
DIAMONDYD,EQ,1162.3,1162.3,1147.6,1158.3,1159.8,5787,66.72,2026-09-04
DICIND,EQ,596.0,638.95,589.75,618.6,584.0,45846,283.62,2026-09-04
DIFFNKG,EQ,487.0,519.9,470.0,474.9,477.6,2072376,10306.53,2026-09-04
DIGIDRIVE,EQ,17.31,18.0,17.31,17.65,17.8,6628,1.18,2026-09-04
DIGISPICE,EQ,17.29,17.29,16.52,16.98,16.96,73604,12.43,2026-09-04
DIGITIDE,EQ,95.55,98.19,95.31,97.01,95.52,263762,255.93,2026-09-04
DIGJAMLMTD,EQ,50.48,51.0,49.41,49.96,49.4,1422,0.72,2026-09-04
DISAQ,EQ,11987.0,12119.0,11825.0,11990.0,11775.0,61,7.32,2026-09-04
DISHTV,EQ,2.61,2.65,2.51,2.57,2.61,1807676,46.65,2026-09-04
DIVGIITTS,EQ,1245.1,1268.3,1211.2,1235.8,1235.2,94690,1165.23,2026-09-04
DIVIDEND,EQ,35.72,35.72,35.49,35.62,35.55,2476,0.88,2026-09-04
DIVISLAB,EQ,9244.0,9269.0,9100.0,9100.0,9250.0,250202,22949.32,2026-09-04
DIVOPPBEES,EQ,76.68,77.4,76.27,76.77,76.68,97372,74.76,2026-09-04
DIXON,EQ,14445.0,14463.0,14070.0,14240.0,14445.0,350720,49916.2,2026-09-04
DJML,EQ,70.71,76.9,70.71,75.64,70.71,234263,175.34,2026-09-04
DLF,EQ,681.65,689.75,680.8,681.9,681.65,1911967,13106.83,2026-09-04
DLINKINDIA,EQ,453.0,455.9,448.4,451.15,452.35,67520,304.71,2026-09-04
DMART,EQ,3765.0,3779.9,3745.9,3770.0,3763.0,288600,10857.63,2026-09-04
DMCC,EQ,294.7,302.0,291.1,293.35,295.5,46455,137.86,2026-09-04
DNAMEDIA,EQ,2.68,2.7,2.51,2.63,2.63,34439,0.9,2026-09-04
DODLA,EQ,1081.7,1081.7,1062.0,1066.8,1069.9,8579,91.66,2026-09-04
DOLATALGO,EQ,70.49,72.99,70.11,70.91,70.05,187699,133.76,2026-09-04
DOLLAR,EQ,265.55,267.1,262.8,264.25,265.0,36786,97.37,2026-09-04
DOLPHIN,EQ,625.0,681.55,623.3,674.0,619.6,169333,1120.78,2026-09-04
DOMS,EQ,2205.0,2224.8,2183.2,2208.7,2207.6,77261,1704.29,2026-09-04
DONEAR,EQ,90.39,93.47,89.1,92.25,88.56,106790,97.88,2026-09-04
DPABHUSHAN,EQ,1362.8,1445.0,1362.8,1414.2,1359.4,36359,514.36,2026-09-04
DRAGARWQ,EQ,5339.0,5474.0,5302.0,5422.5,5339.0,954,51.42,2026-09-04
DRCSYSTEMS,EQ,13.21,13.85,13.21,13.64,13.42,37863,5.16,2026-09-04
DREAMFOLKS,EQ,66.1,67.47,66.07,66.93,66.33,38187,25.38,2026-09-04
DREDGECORP,EQ,1074.7,1117.5,1074.7,1087.7,1074.7,128213,1405.81,2026-09-04
DRREDDY,EQ,1157.0,1166.8,1151.0,1151.0,1155.0,568461,6594.07,2026-09-04
DSSL,EQ,992.6,1053.1,990.0,1053.1,1003.0,34708,360.05,2026-09-04
DUCON,EQ,1.92,1.99,1.84,1.92,1.93,1709236,32.33,2026-09-04
DVL,EQ,284.45,292.0,284.45,290.05,285.8,15605,45.12,2026-09-04
DWARKESH,EQ,49.41,49.41,47.01,47.31,49.32,2333510,1114.45,2026-09-04
DYCL,EQ,541.9,546.8,484.0,487.9,544.3,1789647,9034.16,2026-09-04
DYNAMATECH,EQ,11560.0,11775.0,11558.0,11654.0,11532.0,8608,1003.06,2026-09-04
DYNPRO,EQ,240.0,248.0,235.0,236.06,237.81,37117,89.74,2026-09-04
EASEMYTRIP,EQ,6.03,6.03,5.98,6.0,5.97,5002636,300.43,2026-09-04
EASTWEST,EQ,2.3,2.4,2.28,2.36,2.34,61727,1.44,2026-09-04
EBANK10,EQ,16.83,16.84,16.66,16.84,16.83,401,0.07,2026-09-04
EBANKNIFTY,EQ,58.11,58.27,57.82,58.26,58.22,2088,1.21,2026-09-04
EBBETF0430,EQ,1611.98,1611.98,1607.71,1609.05,1607.71,2002,32.22,2026-09-04
EBBETF0431,EQ,1432.36,1443.67,1431.0,1440.43,1439.55,5856,84.34,2026-09-04
EBBETF0433,EQ,1313.15,1314.98,1306.53,1311.12,1309.36,2625,34.44,2026-09-04
EBGNG,EQ,622.0,633.4,583.0,601.25,622.1,1005022,6081.54,2026-09-04
ECAPINSURE,EQ,23.89,24.0,23.72,23.99,23.77,53393,12.72,2026-09-04
ECLERX,EQ,1960.0,1967.8,1878.3,1905.7,1971.7,163141,3148.58,2026-09-04
ECORECO,EQ,462.0,468.95,455.85,459.35,456.1,10145,46.88,2026-09-04
ECOSMOBLTY,EQ,113.93,115.9,112.13,113.54,113.93,79330,90.2,2026-09-04
EDELWEISS,EQ,136.11,138.24,134.76,136.08,134.76,11273587,15377.91,2026-09-04
EFCIL,EQ,198.09,202.0,192.0,193.24,200.84,235570,462.46,2026-09-04
EGOLD,EQ,153.2,154.4,153.05,153.8,152.6,167536,257.68,2026-09-04
EICHERMOT,EQ,7665.0,7665.5,7590.0,7630.5,7690.0,492954,37577.57,2026-09-04
EIDPARRY,EQ,778.25,784.5,774.85,781.35,778.25,270760,2109.82,2026-09-04
EIEL,EQ,196.9,201.7,195.65,199.17,195.66,769678,1530.11,2026-09-04
EIHAHOTELS,EQ,305.45,308.6,295.3,297.65,303.85,11705,35.1,2026-09-04
EIHOTEL,EQ,292.65,293.4,290.1,291.9,290.75,154906,451.93,2026-09-04
EIMCOELECO,EQ,2286.1,2286.1,2240.0,2254.4,2280.4,19567,442.24,2026-09-04
EKC,EQ,107.4,107.65,105.15,106.42,107.0,150735,160.17,2026-09-04
EKI,EQ,73.15,76.0,73.11,74.13,74.06,6162,4.58,2026-09-04
ELANTAS,EQ,12395.0,12400.0,12100.0,12219.0,12114.0,1367,166.91,2026-09-04
ELCIDIN,EQ,109880.0,109880.0,107400.0,107590.0,106500.0,12,12.95,2026-09-04
ELDEHSG,EQ,781.0,801.0,781.0,789.1,790.45,415,3.28,2026-09-04
ELECON,EQ,436.5,442.5,428.75,433.75,435.95,535067,2329.35,2026-09-04
ELECTCAST,EQ,84.3,84.9,82.61,83.71,83.85,1762760,1474.18,2026-09-04
ELECTHERM,EQ,979.9,999.9,979.9,980.9,979.9,7385,72.64,2026-09-04
ELGIEQUIP,EQ,632.95,645.4,627.5,642.1,630.35,691967,4415.7,2026-09-04
ELGIRUBCO,EQ,59.98,59.98,58.1,58.69,59.08,44079,25.93,2026-09-04
ELIN,EQ,95.26,97.3,95.0,95.4,95.26,196524,188.68,2026-09-04
ELIQUID,EQ,1046.75,1046.75,1046.59,1046.6,1046.25,11691,122.36,2026-09-04
ELITECON,EQ,8.68,8.68,8.68,8.68,9.13,1122582,97.44,2026-09-04
ELLEN,EQ,333.8,340.15,327.5,331.85,330.45,759237,2546.85,2026-09-04
ELM250,EQ,16.8,16.8,16.51,16.61,16.65,355767,59.27,2026-09-04
ELMDIV,EQ,36.99,36.99,36.49,36.5,36.38,602,0.22,2026-09-04
ELPROINTL,EQ,173.66,174.94,173.58,174.0,174.44,3631,6.32,2026-09-04
EMAMILTD,EQ,370.0,371.4,361.85,366.05,368.2,1293997,4719.13,2026-09-04
EMAMIREAL,EQ,69.29,69.3,65.7,66.74,68.7,24880,16.65,2026-09-04
EMBDL,EQ,58.65,59.19,57.25,57.53,58.59,2533639,1470.92,2026-09-04
EMCURE,EQ,1888.0,1935.0,1874.7,1927.6,1854.7,276608,5296.89,2026-09-04
EMETAL,EQ,13.21,13.36,13.13,13.36,13.19,5051,0.66,2026-09-04
EMIL,EQ,175.4,176.67,167.54,173.74,176.16,1637322,2821.54,2026-09-04
EMKAY,EQ,259.0,270.0,255.15,267.25,257.75,54753,144.79,2026-09-04
EMMVEE,EQ,327.0,330.9,322.3,325.2,326.4,873378,2842.98,2026-09-04
EMPIND,EQ,1202.0,1208.3,1192.0,1195.6,1195.9,6883,82.42,2026-09-04
EMPOWER,EQ,1.73,1.9,1.73,1.84,1.82,26427168,469.45,2026-09-04
EMSLIMITED,EQ,387.35,388.95,381.0,383.05,387.35,166270,636.77,2026-09-04
EMUDHRA,EQ,519.85,534.4,519.85,524.8,519.85,71392,375.31,2026-09-04
EMULTIMQ,EQ,42.19,42.24,41.75,42.0,41.77,11409,4.79,2026-09-04
ENDURANCE,EQ,2757.0,2795.0,2736.6,2782.8,2754.7,50285,1389.5,2026-09-04
ENERGY,EQ,38.49,38.81,38.3,38.41,38.41,274108,105.43,2026-09-04
ENERGYAXIS,EQ,19.0,19.17,19.0,19.15,19.2,7399,1.41,2026-09-04
ENERGYDEV,EQ,15.99,15.99,15.45,15.49,15.5,11133,1.74,2026-09-04
ENEXT50,EQ,73.52,73.55,73.1,73.1,72.8,275,0.2,2026-09-04
ENGINERSIN,EQ,282.4,284.5,278.35,279.45,281.95,3490446,9836.98,2026-09-04
ENIFTY,EQ,24.75,24.75,24.1,24.19,24.15,6023,1.46,2026-09-04
ENIL,EQ,99.67,103.1,99.67,102.65,99.61,27341,27.75,2026-09-04
ENKEIWHEL,EQ,396.0,400.0,384.0,389.8,380.8,776,3.06,2026-09-04
ENRIN,EQ,3160.0,3186.8,3106.0,3115.7,3155.2,262111,8199.98,2026-09-04
ENTERO,EQ,1848.0,1868.9,1811.1,1827.6,1848.0,96165,1771.31,2026-09-04
EPACK,EQ,191.0,192.5,187.99,189.27,189.08,343336,651.42,2026-09-04
EPACKPEB,EQ,227.5,233.85,227.5,231.11,227.3,324727,749.59,2026-09-04
EPIGRAL,EQ,1230.0,1254.8,1214.5,1219.7,1236.7,48188,593.37,2026-09-04
EPL,EQ,246.55,250.9,244.55,247.1,246.55,3718253,9200.6,2026-09-04
EQUAL200,EQ,13.95,13.95,13.81,13.82,13.83,10167,1.41,2026-09-04
EQUAL50,EQ,329.56,330.22,329.4,330.22,329.56,444,1.46,2026-09-04
EQUAL50ADD,EQ,341.54,342.0,338.98,340.33,340.57,15781,53.81,2026-09-04
EQUITASBNK,EQ,73.05,73.99,72.8,72.95,73.04,534782,392.48,2026-09-04
ERIS,EQ,1301.0,1332.2,1301.0,1321.7,1303.5,69111,912.29,2026-09-04
ESABINDIA,EQ,6107.5,6114.0,6050.0,6067.5,6077.5,2820,171.21,2026-09-04
ESCORTS,EQ,2993.0,3001.0,2960.3,2968.8,2978.2,62925,1870.46,2026-09-04
ESDS,EQ,757.0,908.4,756.0,908.4,429.0,15790052,131158.75,2026-09-04
ESENSEX,EQ,77.0,77.56,77.0,77.46,77.32,37,0.03,2026-09-04
ESG,EQ,41.16,41.2,41.0,41.15,41.07,2704,1.11,2026-09-04
ESILVER,EQ,224.09,234.69,224.09,232.78,229.84,221315,515.15,2026-09-04
ESSARSHPNG,EQ,17.0,17.65,16.9,17.09,16.87,325102,55.91,2026-09-04
ESSENTIA,EQ,1.05,1.08,1.05,1.05,1.05,2849052,30.29,2026-09-04
ESTER,EQ,94.04,94.72,93.0,93.57,94.03,41294,38.67,2026-09-04
ETERNAL,EQ,325.3,327.75,320.8,322.75,324.8,17824027,57676.62,2026-09-04
ETHOSLTD,EQ,2794.0,2905.6,2776.0,2792.8,2793.1,79319,2262.57,2026-09-04
EUREKAFORB,EQ,430.0,430.0,422.15,423.75,429.25,99508,423.13,2026-09-04
EUROBOND,EQ,154.0,154.0,148.01,151.0,151.1,921,1.38,2026-09-04
EUROPRATIK,EQ,267.0,270.05,258.0,263.75,267.0,192832,504.79,2026-09-04
EVEREADY,EQ,319.0,322.3,316.0,317.9,319.45,57194,182.43,2026-09-04
EVIETF,EQ,32.89,32.89,32.31,32.47,32.56,183629,59.56,2026-09-04
EVINDIA,EQ,32.8,32.8,32.38,32.44,32.67,304394,98.9,2026-09-04
EXCELINDUS,EQ,1035.1,1045.0,1026.1,1031.4,1034.9,4529,46.8,2026-09-04
EXCELSOFT,EQ,70.5,71.8,69.52,70.23,70.66,299626,211.52,2026-09-04
EXICOM,EQ,166.8,179.75,166.8,177.85,166.13,5389417,9479.6,2026-09-04
EXIDEIND,EQ,423.9,428.5,416.4,424.35,423.0,2581393,10917.13,2026-09-04
EXPLEOSOL,EQ,904.0,910.0,888.0,899.0,898.75,27691,247.96,2026-09-04
EXXARO,EQ,6.6,6.85,6.5,6.59,6.7,298855,19.8,2026-09-04
FABTECH,EQ,147.14,152.26,147.07,150.2,147.33,112484,168.75,2026-09-04
FACT,EQ,803.05,812.5,798.15,801.4,800.2,97544,785.04,2026-09-04
FAZE3Q,EQ,502.35,502.35,485.1,493.95,498.4,9304,46.06,2026-09-04
FCL,EQ,48.68,52.1,48.6,51.51,48.41,20692198,10549.91,2026-09-04
FCSSOFT,EQ,1.44,1.46,1.44,1.45,1.44,1046769,15.17,2026-09-04
FDC,EQ,343.0,351.8,341.55,342.8,341.6,120312,414.68,2026-09-04
FEDDERSHOL,EQ,47.4,47.7,46.0,47.28,46.0,1773925,837.98,2026-09-04
FEDERALBNK,EQ,344.9,344.9,341.8,343.0,344.6,4115397,14120.15,2026-09-04
FEDFINA,EQ,156.32,163.2,156.32,161.56,157.86,818017,1314.38,2026-09-04
FERMENTA,EQ,502.3,509.35,491.65,498.5,502.3,101413,506.85,2026-09-04
FIBERWEB,EQ,26.2,26.2,25.6,25.75,25.91,10675,2.75,2026-09-04
FIEMIND,EQ,2050.0,2092.4,2036.0,2085.8,2036.9,46943,969.14,2026-09-04
FILATEX,EQ,77.1,78.45,75.65,77.72,76.72,1156499,894.5,2026-09-04
FILATFASH,EQ,0.19,0.19,0.18,0.18,0.18,21161213,38.72,2026-09-04
FINCABLES,EQ,1223.5,1254.9,1211.0,1220.2,1272.9,1492429,18449.01,2026-09-04
FINEORG,EQ,5178.5,5190.0,5136.0,5152.0,5179.5,12034,620.84,2026-09-04
FINIETF,EQ,33.46,33.46,32.69,32.95,32.65,174481,57.41,2026-09-04
FINKURVE,EQ,69.9,73.72,69.74,72.31,70.23,62572,45.21,2026-09-04
FINOPB,EQ,140.25,142.9,138.5,139.33,140.23,82299,115.1,2026-09-04
FINPIPE,EQ,160.0,160.0,156.0,158.63,158.9,507087,802.72,2026-09-04
FIRSTCRY,EQ,179.0,183.0,176.25,180.16,178.67,1541167,2766.24,2026-09-04
FISCHER,EQ,37.44,37.62,35.8,36.04,37.03,329518,119.81,2026-09-04
FIVESTAR,EQ,538.0,538.0,512.5,523.05,534.6,915369,4757.12,2026-09-04
FLAIR,EQ,249.55,249.95,242.4,243.71,248.11,105224,257.65,2026-09-04
FLEXIADD,EQ,10.31,10.44,10.0,10.06,10.05,35100,3.53,2026-09-04
FLUOROCHEM,EQ,4839.3,4850.0,4461.1,4554.0,4694.6,473510,21866.36,2026-09-04
FMCGADD,EQ,46.22,48.8,46.11,46.25,46.22,47656,22.02,2026-09-04
FMCGIETF,EQ,49.0,49.75,49.0,49.47,49.46,2400471,1187.65,2026-09-04
FMGOETZE,EQ,511.0,517.5,499.6,501.45,613.7,1030188,5199.72,2026-09-04
FMNL,EQ,9.81,10.1,9.63,10.1,9.62,18463,1.82,2026-09-04
FOODSIN,EQ,56.0,57.9,54.72,57.37,56.06,89638,50.95,2026-09-04
FORCEMOT,EQ,17515.0,17857.0,17500.0,17500.0,17500.0,47840,8456.18,2026-09-04
FORTIS,EQ,914.0,917.45,903.8,905.0,917.5,627470,5705.33,2026-09-04
FOSECOIND,EQ,6372.5,6404.0,6216.5,6263.0,6372.5,7937,499.93,2026-09-04
FRACTAL,EQ,819.0,830.0,817.2,825.45,817.4,216017,1780.15,2026-09-04
FREDUN,EQ,1502.9,1517.0,1458.0,1470.7,1488.3,15103,224.73,2026-09-04
FRONTSP,EQ,1267.3,1305.0,1255.9,1291.8,1269.8,21620,278.84,2026-09-04
FSL,EQ,265.6,273.85,263.75,264.4,265.3,942732,2524.26,2026-09-04
FUSION,EQ,199.73,207.0,199.21,203.19,199.73,1385863,2827.28,2026-09-04
GABRIEL,EQ,1349.0,1368.0,1310.6,1353.2,1345.8,208239,2788.51,2026-09-04
GAEL,EQ,170.88,171.2,167.2,167.81,170.88,466226,784.34,2026-09-04
GAIL,EQ,174.27,174.27,171.92,173.4,174.67,3878219,6712.68,2026-09-04
GAJA,EQ,158.0,162.01,157.51,161.1,157.62,1327301,2125.53,2026-09-04
GALAPREC,EQ,1036.1,1038.9,1015.2,1024.0,1026.2,21048,215.95,2026-09-04
GALAXYSURF,EQ,2251.6,2273.9,2143.5,2165.0,2251.6,43774,955.16,2026-09-04
GALLANTT,EQ,585.0,597.45,568.45,574.0,572.65,300142,1742.02,2026-09-04
GANDHAR,EQ,268.4,269.05,261.0,267.6,267.4,860917,2287.97,2026-09-04
GANDHITUBE,EQ,901.75,904.95,898.0,900.15,902.55,1700,15.32,2026-09-04
GANECOS,EQ,1023.5,1023.5,962.5,999.9,1015.4,331101,3279.88,2026-09-04
GANESHCP,EQ,169.79,176.98,168.47,174.46,168.82,117370,203.74,2026-09-04
GANESHHOU,EQ,767.2,770.0,753.9,758.95,765.5,25372,193.15,2026-09-04
GANGAFORGE,EQ,1.68,1.75,1.68,1.68,1.76,8689563,146.59,2026-09-04
GANGESSECU,EQ,120.05,123.9,118.02,118.71,119.9,1203,1.45,2026-09-04
GARFIBRES,EQ,800.0,813.25,792.9,800.55,800.05,15701,125.5,2026-09-04
GARUDA,EQ,178.75,181.11,178.0,178.73,178.88,285751,512.82,2026-09-04
GATEWAY,EQ,54.77,55.06,54.36,54.69,54.5,387773,212.0,2026-09-04
GAYAHWS,EQ,2.0,2.04,1.92,1.93,1.96,206145,4.02,2026-09-04
GAYAPROJ,EQ,22.37,22.4,21.3,21.76,22.18,363836,80.09,2026-09-04
GCSL,EQ,592.0,596.85,577.7,595.15,586.7,726731,4273.75,2026-09-04
GEEKAYWIRE,EQ,29.9,30.1,29.39,29.61,29.39,127142,37.56,2026-09-04
GEMAROMA,EQ,163.04,166.7,160.0,161.5,162.22,90914,147.69,2026-09-04
GENCON,EQ,42.5,45.37,42.45,44.63,42.36,345096,152.36,2026-09-04
GENESYS,EQ,222.63,234.0,222.62,230.88,222.63,475906,1085.56,2026-09-04
GENUSPAPER,EQ,12.57,12.83,12.21,12.76,12.44,216963,27.55,2026-09-04
GENUSPOWER,EQ,340.8,349.35,334.75,337.8,339.7,2486451,8472.96,2026-09-04
GEOJITFSL,EQ,82.79,83.9,82.31,82.72,82.77,332909,276.54,2026-09-04
GESHIP,EQ,1360.4,1378.0,1340.0,1369.7,1353.6,1043987,14237.12,2026-09-04
GFLLIMITED,EQ,59.69,63.89,58.9,62.81,58.65,497897,308.51,2026-09-04
GHCL,EQ,442.5,442.5,436.1,436.6,437.55,84548,371.09,2026-09-04
GHCLTEXTIL,EQ,139.23,139.85,135.05,136.72,138.02,424691,581.44,2026-09-04
GICHSGFIN,EQ,142.06,143.64,139.6,140.45,142.06,172955,243.99,2026-09-04
GICL,EQ,24.0,24.9,23.33,24.6,24.0,162762,39.57,2026-09-04
GICRE,EQ,343.65,361.3,341.6,358.45,356.15,4931565,17470.93,2026-09-04
GILLANDERS,EQ,103.0,105.06,101.75,103.19,104.73,1894,1.95,2026-09-04
GILLETTE,EQ,7340.0,7371.0,7300.0,7312.5,7341.0,9291,680.6,2026-09-04
GILT10BETA,EQ,26.68,26.75,26.22,26.58,26.68,1210,0.32,2026-09-04
GILT5BETA,EQ,66.49,67.06,66.49,66.94,66.49,18441,12.34,2026-09-04
GILT5YBEES,EQ,66.54,66.55,66.21,66.33,66.23,183586,121.73,2026-09-04
GIPCL,EQ,208.9,208.9,204.26,205.18,208.04,400260,824.05,2026-09-04
GKB,EQ,65.0,66.0,63.01,63.97,65.8,13013,8.42,2026-09-04
GKENERGY,EQ,129.55,131.0,128.0,128.96,129.55,264878,341.83,2026-09-04
GKSL,EQ,172.88,175.09,171.51,172.81,171.51,238346,413.02,2026-09-04
GKWLIMITED,EQ,1622.0,1622.0,1582.0,1610.9,1600.0,154,2.47,2026-09-04
GLAND,EQ,2915.0,2969.0,2851.1,2932.4,2907.9,2977808,86441.88,2026-09-04
GLAXO,EQ,2938.9,2972.8,2925.5,2958.1,2937.5,48109,1419.8,2026-09-04
GLENMARK,EQ,2454.5,2456.7,2422.7,2437.2,2459.0,412728,10054.01,2026-09-04
GLFL,EQ,5.64,5.8,5.55,5.8,5.66,4293,0.25,2026-09-04
GLOBAL,EQ,116.3,126.45,115.39,120.45,116.27,570402,699.77,2026-09-04
GLOBALE,EQ,11.38,11.5,10.86,11.39,11.38,18110,2.04,2026-09-04
GLOBALVECT,EQ,144.0,144.0,140.1,141.16,142.65,2436,3.45,2026-09-04
GLOBE,EQ,1.93,1.94,1.87,1.89,1.91,440779,8.34,2026-09-04
GLOBECIVIL,EQ,48.85,49.01,47.61,48.15,48.92,41613,20.1,2026-09-04
GLOBUSSPR,EQ,919.65,919.65,910.0,914.3,919.65,46420,424.49,2026-09-04
GLOSTERLTD,EQ,599.7,599.7,590.25,596.5,590.75,323,1.93,2026-09-04
GLOTTIS,EQ,62.2,63.21,62.0,62.1,62.31,33918,21.07,2026-09-04
GMBREW,EQ,910.0,924.95,910.0,919.85,910.55,40347,370.19,2026-09-04
GMDCLTD,EQ,566.2,570.75,561.0,562.95,565.85,503162,2842.78,2026-09-04
GMMPFAUDLR,EQ,1073.5,1175.0,1073.5,1147.9,1073.5,1049404,12029.21,2026-09-04
GMRAIRPORT,EQ,96.86,97.98,96.3,97.45,96.87,9286457,9038.11,2026-09-04
GMRP&UI,EQ,91.61,96.78,90.71,95.3,91.69,1966833,1855.68,2026-09-04
GNA,EQ,537.0,557.0,529.55,551.05,531.8,276542,1515.14,2026-09-04
GNFC,EQ,588.9,599.0,585.6,596.7,587.35,791924,4697.64,2026-09-04
GNRL,EQ,97.6,101.2,96.9,99.27,96.72,185644,182.52,2026-09-04
GOACARBON,EQ,377.1,381.0,372.0,378.45,375.25,9112,34.3,2026-09-04
GOCLCORP,EQ,425.0,431.0,423.0,427.45,422.95,304041,1298.67,2026-09-04
GOCOLORS,EQ,323.6,328.5,323.1,326.65,322.55,46077,150.14,2026-09-04
GODAVARIB,EQ,246.85,246.85,240.5,241.7,245.25,53060,128.47,2026-09-04
GODFRYPHLP,EQ,2045.0,2073.3,2040.0,2051.0,2045.0,100359,2062.52,2026-09-04
GODIGIT,EQ,256.4,261.0,254.4,258.3,257.85,203109,523.38,2026-09-04
GODREJAGRO,EQ,657.0,665.5,638.7,644.85,658.95,306292,1984.05,2026-09-04
GODREJCP,EQ,878.65,880.0,866.1,878.0,880.0,1306185,11425.89,2026-09-04
GODREJIND,EQ,1157.8,1187.2,1152.0,1163.5,1154.3,60778,711.63,2026-09-04
GODREJPROP,EQ,2000.0,2021.7,1971.0,1982.0,2001.5,307319,6129.8,2026-09-04
GOKEX,EQ,768.5,802.5,768.5,789.2,767.65,472178,3727.84,2026-09-04
GOKUL,EQ,41.6,43.9,41.44,42.96,41.95,221325,94.1,2026-09-04
GOKULAGRO,EQ,234.1,236.67,229.98,231.17,234.91,282521,656.98,2026-09-04
GOLD1,EQ,128.75,129.99,127.95,128.47,127.48,1165650,1497.37,2026-09-04
GOLD360,EQ,150.15,151.0,149.6,149.7,149.4,9775,14.67,2026-09-04
GOLDADD,EQ,15.14,15.14,14.87,14.95,14.84,4153135,620.8,2026-09-04
GOLDAXIS,EQ,128.47,129.25,127.84,128.11,127.2,333634,428.19,2026-09-04
GOLDBEES,EQ,126.85,127.72,126.78,127.17,126.23,20415178,25972.81,2026-09-04
GOLDBETA,EQ,129.05,130.3,129.05,129.5,128.5,548417,710.11,2026-09-04
GOLDBND,EQ,154.98,154.98,152.93,153.82,152.71,2042,3.14,2026-09-04
GOLDCASE,EQ,24.51,24.51,24.13,24.21,24.03,8672063,2101.0,2026-09-04
GOLDETF,EQ,148.61,150.73,148.61,149.46,148.23,1811520,2707.66,2026-09-04
GOLDIAM,EQ,341.05,350.0,341.05,345.3,340.65,332390,1148.14,2026-09-04
GOLDIETF,EQ,131.21,132.99,131.21,131.8,130.75,4150183,5472.87,2026-09-04
GOODLUCK,EQ,468.95,480.0,468.1,472.9,469.4,455214,2157.84,2026-09-04
GOODYEAR,EQ,733.1,748.0,733.1,741.5,736.7,2498,18.53,2026-09-04
GOPAL,EQ,267.45,267.5,263.8,265.1,265.4,84409,223.8,2026-09-04
GOYALALUM,EQ,6.31,6.45,6.16,6.22,6.31,74465,4.67,2026-09-04
GPIL,EQ,239.9,243.86,238.89,240.67,239.9,985110,2375.75,2026-09-04
GPPL,EQ,165.5,165.83,160.81,161.62,165.43,1293533,2099.48,2026-09-04
GPTHEALTH,EQ,153.29,159.0,151.96,158.17,153.68,259291,404.88,2026-09-04
GPTINFRA,EQ,110.87,113.3,110.5,112.1,110.88,108936,121.66,2026-09-04
GRADIENTE,EQ,2.77,2.8,2.65,2.71,2.67,1829209,50.0,2026-09-04
GRANDOAK,EQ,35.85,36.7,34.48,34.84,34.98,4351,1.54,2026-09-04
GRANULES,EQ,853.0,863.6,838.6,848.3,853.85,1172635,9947.33,2026-09-04
GRAPHITE,EQ,721.8,740.3,714.65,733.6,721.3,1066661,7786.83,2026-09-04
GRASIM,EQ,3318.9,3332.6,3268.1,3322.0,3310.0,892704,29613.17,2026-09-04
GRAUWEIL,EQ,70.61,71.99,70.05,70.59,70.84,175799,124.76,2026-09-04
GRAVISSHO,EQ,28.7,29.5,28.66,29.4,29.6,329,0.1,2026-09-04
GRAVITA,EQ,1684.8,1696.6,1615.1,1661.6,1684.8,442686,7301.4,2026-09-04
GREAVESCOT,EQ,193.5,197.07,193.21,195.56,194.78,467649,912.05,2026-09-04
GREENLAM,EQ,244.17,244.59,241.02,242.62,244.17,14287,34.67,2026-09-04
GREENPANEL,EQ,159.2,162.0,157.3,158.32,157.62,268737,427.84,2026-09-04
GREENPLY,EQ,292.1,307.9,292.1,304.7,293.0,387224,1171.92,2026-09-04
GREENPOWER,EQ,9.19,9.34,9.19,9.28,9.19,1505445,139.52,2026-09-04
GRINDWELL,EQ,1982.5,1997.3,1955.0,1962.5,1974.4,10248,202.47,2026-09-04
GRINFRA,EQ,878.95,878.95,865.6,869.1,871.1,8369,72.85,2026-09-04
GRMOVER,EQ,85.82,88.15,85.46,87.53,85.81,1151167,993.9,2026-09-04
GROBTEA,EQ,980.0,999.4,971.5,977.65,980.0,101,0.99,2026-09-04
GROWW,EQ,193.0,195.68,191.85,194.0,190.24,44702306,86743.13,2026-09-04
GROWWCAPM,EQ,11.49,11.57,11.33,11.44,11.33,279688,32.03,2026-09-04
GROWWCHEM,EQ,30.19,30.68,30.1,30.24,30.19,4453571,1348.48,2026-09-04
GROWWDEFNC,EQ,97.1,98.0,96.76,97.42,96.61,231792,226.07,2026-09-04
GROWWEV,EQ,32.82,32.82,32.18,32.37,32.57,259593,84.07,2026-09-04
GROWWGOLD,EQ,14.98,15.21,14.93,15.03,14.91,2159184,324.67,2026-09-04
GROWWHOSPI,EQ,52.11,52.59,51.77,51.83,52.06,303066,157.47,2026-09-04
GROWWLIQID,EQ,110.65,110.65,110.64,110.64,110.6,649969,719.14,2026-09-04
GROWWLOVOL,EQ,10.5,10.5,10.24,10.3,10.34,4721,0.49,2026-09-04
GROWWMC150,EQ,233.72,233.72,231.63,233.51,233.72,303,0.71,2026-09-04
GROWWMETAL,EQ,12.48,12.77,12.32,12.72,12.48,467942,59.19,2026-09-04
GROWWMOM50,EQ,11.17,11.17,10.92,10.99,11.02,277790,30.5,2026-09-04
GROWWN200,EQ,11.04,11.53,11.04,11.34,11.33,29513,3.34,2026-09-04
GROWWNET,EQ,10.95,10.95,10.63,10.86,10.79,490430,53.26,2026-09-04
GROWWNIFTY,EQ,9.65,9.76,9.65,9.68,9.66,684423,66.29,2026-09-04
GROWWNXT50,EQ,73.99,73.99,72.81,73.45,73.45,2293,1.68,2026-09-04
GROWWPOWER,EQ,11.32,11.39,11.25,11.33,11.32,2199856,248.84,2026-09-04
GROWWPSE,EQ,97.3,99.48,95.9,98.3,97.89,4944,4.85,2026-09-04
GROWWPSUBK,EQ,86.48,86.48,85.01,85.88,85.33,1830,1.57,2026-09-04
GROWWRAIL,EQ,28.19,28.22,27.85,28.08,28.05,2704363,759.75,2026-09-04
GROWWRLTY,EQ,10.3,10.34,10.15,10.21,10.2,161707,16.58,2026-09-04
GROWWSC250,EQ,10.72,10.72,10.6,10.69,10.66,100126,10.71,2026-09-04
GROWWSLVR,EQ,22.81,22.94,22.69,22.83,22.55,1486031,339.25,2026-09-04
GRPLTD,EQ,1998.2,2019.0,1959.0,2013.0,1979.7,1281,25.69,2026-09-04
GRSE,EQ,2517.9,2564.4,2517.9,2533.2,2509.8,299818,7618.67,2026-09-04
GRWRHITECH,EQ,7117.5,7155.0,7050.0,7086.5,7100.0,35292,2506.74,2026-09-04
GSEC10ADD,EQ,26.79,26.79,26.48,26.79,26.49,42,0.01,2026-09-04
GSEC10IETF,EQ,262.5,262.5,262.5,262.5,262.5,42,0.11,2026-09-04
GSEC10YEAR,EQ,30.53,30.53,30.22,30.37,30.5,616,0.19,2026-09-04
GSEC5IETF,EQ,66.51,66.51,66.51,66.51,66.51,862,0.57,2026-09-04
GSFC,EQ,162.73,165.85,162.02,162.88,161.86,1107016,1810.49,2026-09-04
GSLSU,EQ,27.02,28.37,27.02,28.37,27.02,31054,8.67,2026-09-04
GSPCROP,EQ,627.0,627.6,616.0,619.25,625.9,119185,739.55,2026-09-04
GSS,EQ,11.75,11.75,10.73,11.03,11.16,198815,21.99,2026-09-04
GTL,EQ,7.21,7.34,7.07,7.11,7.2,293515,20.99,2026-09-04
GTLINFRA,EQ,1.17,1.17,1.14,1.16,1.16,35008053,405.12,2026-09-04
GTPL,EQ,58.5,59.5,57.51,58.67,57.93,87796,51.45,2026-09-04
GUFICBIO,EQ,440.5,447.2,437.15,444.9,439.35,88007,389.55,2026-09-04
GUJALKALI,EQ,728.5,736.0,715.1,721.6,722.85,109374,796.63,2026-09-04
GUJAPOLLO,EQ,350.1,365.0,343.85,355.95,347.95,12193,43.34,2026-09-04
GUJENERGY,EQ,264.11,268.36,262.14,263.59,264.1,3952971,10475.1,2026-09-04
GUJRAFFIA,EQ,41.2,41.2,41.0,41.0,41.3,106,0.04,2026-09-04
GUJTHEM,EQ,428.7,433.85,408.5,411.35,425.1,605159,2514.62,2026-09-04
GULFOILLUB,EQ,1089.9,1089.9,1054.5,1067.8,1112.5,157655,1684.62,2026-09-04
GULPOLY,EQ,186.27,188.01,184.42,186.01,186.27,133134,247.35,2026-09-04
GVPIL,EQ,668.0,668.0,644.35,649.6,663.75,255215,1670.8,2026-09-04
GVT&D,EQ,4352.0,4399.5,4304.3,4306.3,4362.0,549760,23884.37,2026-09-04
GYFTR,EQ,182.22,186.38,180.01,182.54,180.23,27733,50.83,2026-09-04
HAL,EQ,4831.0,4936.0,4817.4,4856.0,4765.6,1399667,68510.19,2026-09-04
HALDER,EQ,282.0,295.0,282.0,293.5,284.9,26009,75.93,2026-09-04
HALEOSLABS,EQ,1509.4,1509.4,1441.0,1451.3,1482.1,5164,75.29,2026-09-04
HAMPTON,EQ,8.06,8.3,7.8,7.86,8.1,9884,0.79,2026-09-04
HAPPSTMNDS,EQ,355.0,358.0,352.6,354.0,353.95,1122676,3979.58,2026-09-04
HAPPYFORGE,EQ,2265.1,2306.2,2226.6,2238.5,2294.4,69563,1567.64,2026-09-04
HARDWYN,EQ,9.11,9.35,8.99,9.13,9.11,1626111,148.79,2026-09-04
HARIOMPIPE,EQ,357.5,364.6,352.75,359.2,355.45,113348,405.74,2026-09-04
HARRMALAYA,EQ,193.0,195.49,190.92,192.72,191.2,7134,13.78,2026-09-04
HARSHA,EQ,451.35,457.1,447.3,454.35,451.05,132144,598.74,2026-09-04
HATHWAY,EQ,10.26,10.58,10.26,10.52,10.26,1819906,189.45,2026-09-04
HATSUN,EQ,1159.9,1185.0,1124.9,1168.8,1160.8,65825,762.84,2026-09-04
HAVELLS,EQ,1178.0,1178.0,1149.7,1154.0,1200.0,2840527,32919.08,2026-09-04
HAVISHA,EQ,1.47,1.47,1.4,1.41,1.4,107777,1.54,2026-09-04
HAWKINCOOK,EQ,8338.0,8471.0,8225.0,8406.5,8297.0,1806,150.57,2026-09-04
HAZOOR,EQ,19.4,19.9,18.52,19.13,19.28,1290374,252.15,2026-09-04
HBESD,EQ,75.0,76.9,75.0,75.1,75.0,1075,0.81,2026-09-04
HBLENGINE,EQ,668.5,724.0,667.0,695.75,665.55,14312325,101225.87,2026-09-04
HBPOR,EQ,59.66,60.0,58.26,58.38,59.66,115,0.07,2026-09-04
HBSL,EQ,54.0,55.93,54.0,54.91,54.5,1337,0.73,2026-09-04
HCC,EQ,23.06,23.54,22.9,22.98,23.13,20266993,4684.46,2026-09-04
HCG,EQ,707.8,718.25,698.1,700.2,703.45,65274,462.38,2026-09-04
HCL-INSYS,EQ,10.32,10.39,9.93,10.1,10.14,702510,70.51,2026-09-04
HCLTECH,EQ,1324.9,1331.4,1291.2,1293.4,1319.0,2210569,28845.45,2026-09-04
HDBFS,EQ,693.45,705.0,680.05,682.7,693.45,366577,2534.54,2026-09-04
HDFCAMC,EQ,2511.3,2517.8,2456.0,2458.3,2510.8,844970,20930.01,2026-09-04
HDFCBANK,EQ,708.35,716.5,708.35,712.1,706.65,14488024,103381.46,2026-09-04
HDFCBSE500,EQ,38.48,38.48,37.42,37.56,37.73,862356,323.75,2026-09-04
HDFCGOLD,EQ,132.5,133.62,130.72,131.45,130.37,3350795,4406.24,2026-09-04
HDFCGROWTH,EQ,118.04,119.87,118.04,118.29,118.68,55143,65.24,2026-09-04
HDFCLIFE,EQ,533.7,548.0,533.3,546.4,533.5,6016219,32660.42,2026-09-04
HDFCLIQUID,EQ,1076.75,1076.77,1076.73,1076.75,1076.39,14831,159.69,2026-09-04
HDFCLOWVOL,EQ,20.55,20.6,20.45,20.48,20.55,3372,0.69,2026-09-04
HDFCMID150,EQ,23.78,23.78,23.45,23.5,23.53,422354,99.33,2026-09-04
HDFCMOMENT,EQ,30.45,31.19,30.45,30.99,31.07,97334,30.18,2026-09-04
HDFCNEXT50,EQ,75.05,75.06,74.5,74.75,74.64,201831,150.93,2026-09-04
HDFCNIF100,EQ,25.94,26.08,25.89,25.93,25.94,17792,4.62,2026-09-04
HDFCNIFBAN,EQ,60.65,60.65,59.08,59.22,59.18,123216,73.05,2026-09-04
HDFCNIFIT,EQ,33.32,33.43,32.81,32.86,33.0,128067,42.2,2026-09-04
HDFCNIFTY,EQ,271.02,271.42,269.8,270.3,269.79,140738,381.02,2026-09-04
HDFCNIMEG,EQ,131.73,133.99,131.5,133.56,131.49,46678,62.15,2026-09-04
HDFCPSUBK,EQ,86.57,87.11,86.03,86.16,86.33,44418,38.46,2026-09-04
HDFCPVTBAN,EQ,29.01,29.01,28.18,28.39,28.31,143631,40.84,2026-09-04
HDFCQUAL,EQ,58.87,58.93,58.5,58.65,58.52,2788,1.64,2026-09-04
HDFCSENSEX,EQ,86.67,87.59,86.67,87.15,86.75,23630,20.6,2026-09-04
HDFCSILVER,EQ,215.0,223.71,215.0,222.7,220.08,2287210,5093.69,2026-09-04
HDFCSML250,EQ,187.49,187.49,186.26,186.65,186.26,738277,1378.87,2026-09-04
HDFCVALUE,EQ,125.5,126.24,125.43,125.88,125.5,1613,2.03,2026-09-04
HEADSUP,EQ,6.63,7.5,6.62,7.21,6.69,52608,3.85,2026-09-04
HEALTHADD,EQ,16.7,16.72,16.5,16.58,16.7,21553,3.58,2026-09-04
HEALTHAXIS,EQ,171.23,190.0,166.75,167.04,168.69,6611,11.07,2026-09-04
HEALTHCARE,EQ,22.06,22.06,21.48,21.51,21.63,20094,4.34,2026-09-04
HEALTHIETF,EQ,170.65,170.66,168.17,168.65,170.09,169428,286.45,2026-09-04
HEALTHX,EQ,295.0,303.7,289.0,300.3,292.05,17264,51.03,2026-09-04
HEALTHY,EQ,17.0,17.21,16.81,16.84,17.06,723183,122.2,2026-09-04
HECPROJECT,EQ,121.78,121.78,115.05,117.78,121.34,8085,9.51,2026-09-04
HEG,EQ,709.0,744.9,695.8,728.25,707.45,2565950,18481.51,2026-09-04
HEIDELBERG,EQ,158.3,160.89,158.3,160.17,158.19,218319,349.2,2026-09-04
HEMIPROP,EQ,125.93,127.77,125.91,126.55,125.93,269289,340.92,2026-09-04
HERANBA,EQ,175.9,177.99,173.3,173.83,175.93,13651,23.87,2026-09-04
HERITGFOOD,EQ,373.4,384.7,369.1,382.35,371.55,1034903,3924.94,2026-09-04
HEROMOTOCO,EQ,5319.0,5322.5,5260.0,5300.0,5308.5,607423,32180.69,2026-09-04
HESTERBIO,EQ,2199.9,2540.9,2170.0,2405.4,2201.7,93542,2290.59,2026-09-04
HEXATRADEX,EQ,160.0,160.0,157.0,157.65,158.0,1741,2.75,2026-09-04
HEXT,EQ,531.7,541.0,524.0,528.6,529.1,192374,1019.86,2026-09-04
HGINFRA,EQ,479.35,484.0,475.0,482.0,479.9,49859,239.42,2026-09-04
HGM,EQ,51.6,54.05,50.55,52.63,51.54,31154,16.53,2026-09-04
HGS,EQ,393.0,409.0,391.05,399.25,393.0,9933,39.21,2026-09-04
HIKAL,EQ,234.0,236.74,220.1,222.3,240.36,5359400,12297.09,2026-09-04
HILINFRA,EQ,44.68,45.4,44.2,44.45,44.68,36577,16.29,2026-09-04
HILTON,EQ,18.99,18.99,18.5,18.63,18.71,83646,15.64,2026-09-04
HIMATSEIDE,EQ,70.42,71.89,70.25,71.51,70.32,358084,254.83,2026-09-04
HINDADH,EQ,383.75,383.75,363.25,370.9,370.85,517,1.93,2026-09-04
HINDALCO,EQ,1012.9,1020.8,1005.0,1011.0,1010.0,3682428,37339.8,2026-09-04
HINDALUMI,EQ,97.0,100.7,95.2,97.43,97.5,3024,2.95,2026-09-04
HINDCOMPOS,EQ,392.1,415.0,392.1,394.85,393.1,5640,22.53,2026-09-04
HINDCON,EQ,25.19,25.19,23.0,23.9,24.28,42853,10.32,2026-09-04
HINDCOPPER,EQ,522.15,523.95,518.0,521.65,518.5,3802351,19798.33,2026-09-04
HINDOILEXP,EQ,183.0,188.0,180.15,185.0,184.38,1959249,3580.65,2026-09-04
HINDPETRO,EQ,359.9,360.05,355.55,356.5,361.35,3155139,11276.21,2026-09-04
HINDUNILVR,EQ,1967.0,1984.2,1950.4,1973.4,1962.0,2247162,44338.34,2026-09-04
HINDWAREAP,EQ,187.0,187.24,181.0,182.61,185.82,113928,208.44,2026-09-04
HINDZINC,EQ,598.0,603.0,592.0,601.0,587.95,4650039,27778.65,2026-09-04
HIRECT,EQ,1236.0,1249.7,1220.4,1222.4,1235.8,18689,229.98,2026-09-04
HISARMETAL,EQ,163.89,166.01,161.6,162.19,162.81,964,1.58,2026-09-04
HITECH,EQ,75.45,76.34,74.25,75.77,75.15,1169763,878.57,2026-09-04
HLEGLAS,EQ,320.05,343.0,320.05,333.65,320.05,605651,2005.64,2026-09-04
HLVLTD,EQ,6.54,6.74,6.34,6.48,6.41,143901,9.39,2026-09-04
HMAAGRO,EQ,20.9,21.15,20.8,20.84,20.93,314281,65.59,2026-09-04
HNDFDS,EQ,626.9,631.5,609.5,615.05,626.9,133631,820.55,2026-09-04
HNGSNGBEES,EQ,470.01,475.25,470.0,471.09,468.46,61650,291.25,2026-09-04
HOMEFIRST,EQ,1201.4,1229.0,1196.0,1210.1,1201.4,128463,1559.8,2026-09-04
HONASA,EQ,480.25,492.6,468.8,471.05,477.05,996548,4774.89,2026-09-04
HONAUT,EQ,35265.0,35870.0,35265.0,35655.0,35265.0,1792,638.6,2026-09-04
HONDAPOWER,EQ,1986.4,2036.0,1976.0,2024.6,1986.4,2712,54.35,2026-09-04
HORIZONIND,EQ,55.49,55.99,54.6,55.13,55.69,6411837,3518.34,2026-09-04
HPAL,EQ,36.2,36.49,34.7,35.58,35.4,59982,21.5,2026-09-04
HPIL,EQ,118.7,125.08,114.4,123.75,122.01,1499,1.82,2026-09-04
HPL,EQ,304.4,308.0,300.6,304.15,303.25,97614,297.24,2026-09-04
HRYNSHP,EQ,99.0,102.0,99.0,101.36,100.75,434,0.43,2026-09-04
HSBCGOLD,EQ,134.02,134.31,133.31,133.81,132.53,29190,39.11,2026-09-04
HSCL,EQ,664.4,674.65,660.75,671.05,662.0,2597175,17356.94,2026-09-04
HTMEDIA,EQ,26.56,26.9,26.06,26.12,26.56,43144,11.36,2026-09-04
HUBTOWN,EQ,192.0,197.48,188.3,189.26,192.2,598031,1142.48,2026-09-04
HUDCO,EQ,181.96,181.96,179.82,180.52,181.07,946223,1708.77,2026-09-04
HUHTAMAKI,EQ,258.95,260.4,252.0,255.0,258.2,125656,320.32,2026-09-04
HYBRIDETF,EQ,10.27,10.27,10.03,10.03,10.07,41052,4.13,2026-09-04
HYUNDAI,EQ,2152.0,2214.5,2150.7,2205.0,2152.0,531330,11645.38,2026-09-04
IBULLSLTD,EQ,25.92,26.12,25.12,25.67,25.84,7874352,2005.42,2026-09-04
ICDSLTD,EQ,70.0,71.45,66.2,71.45,64.96,53177,37.45,2026-09-04
ICEMAKE,EQ,739.25,743.7,734.45,738.6,739.25,7174,52.98,2026-09-04
ICICIAMC,EQ,2990.0,2995.9,2958.5,2970.9,2980.0,281169,8371.77,2026-09-04
ICICIB22,EQ,116.31,116.31,113.9,114.34,114.03,255356,291.83,2026-09-04
ICICIBANK,EQ,1432.1,1438.3,1421.4,1423.2,1430.0,6693889,95668.75,2026-09-04
ICICIGI,EQ,1521.7,1533.8,1507.4,1510.0,1521.7,824875,12501.13,2026-09-04
ICICIPRULI,EQ,495.05,503.15,492.1,494.55,495.05,962782,4794.16,2026-09-04
ICIL,EQ,440.1,457.95,436.3,449.8,437.35,621520,2788.42,2026-09-04
ICRA,EQ,4890.0,4998.2,4866.0,4884.5,4889.3,21042,1040.46,2026-09-04
IDBI,EQ,92.4,92.4,90.42,90.63,91.97,5012839,4568.04,2026-09-04
IDEA,EQ,14.53,15.16,14.51,15.02,14.48,525960563,78709.72,2026-09-04
IDEAFORGE,EQ,783.95,799.0,774.0,777.05,776.55,208626,1638.08,2026-09-04
IDFCFIRSTB,EQ,87.81,87.98,86.5,86.71,87.5,15288105,13321.27,2026-09-04
IDFNIFTYET,EQ,266.63,268.89,263.95,264.49,265.31,1426,3.77,2026-09-04
IEX,EQ,121.0,121.63,118.51,118.91,119.15,11547227,13835.23,2026-09-04
IFBAGRO,EQ,913.9,916.0,887.3,903.3,889.05,4296,38.76,2026-09-04
IFBIND,EQ,1317.2,1318.5,1300.5,1305.7,1311.8,19145,250.13,2026-09-04
IFCI,EQ,96.5,107.5,96.41,101.38,95.91,407352536,419717.93,2026-09-04
IFGLEXPOR,EQ,205.5,210.58,202.0,204.69,207.44,22469,46.21,2026-09-04
IGARASHI,EQ,416.25,428.0,416.25,422.75,416.25,40948,172.81,2026-09-04
IGCL,EQ,73.27,73.49,72.34,72.89,73.27,54634,39.8,2026-09-04
IGIL,EQ,330.0,330.95,322.05,323.5,325.95,369135,1200.63,2026-09-04
IGL,EQ,150.5,159.5,150.5,158.04,149.42,8174532,12834.08,2026-09-04
IGPL,EQ,553.5,572.0,550.05,567.4,548.85,200277,1129.56,2026-09-04
IIFL,EQ,645.7,662.9,640.4,651.15,643.4,2119359,13822.65,2026-09-04
IIFLCAPS,EQ,337.4,341.95,337.4,341.2,338.05,330001,1122.74,2026-09-04
IITL,EQ,151.08,152.65,145.1,146.4,151.92,100778,152.24,2026-09-04
IKIO,EQ,209.99,222.0,209.2,212.34,208.31,831128,1796.65,2026-09-04
IKS,EQ,1728.5,1799.8,1728.5,1759.9,1732.4,220451,3883.87,2026-09-04
IMAGICAA,EQ,54.4,57.44,53.94,55.38,54.55,2402726,1350.71,2026-09-04
IMFA,EQ,1293.0,1312.0,1274.2,1288.4,1281.7,162105,2088.4,2026-09-04
IMPAL,EQ,1096.0,1129.0,1081.0,1114.6,1087.8,1266,13.97,2026-09-04
INA,EQ,89.22,91.93,89.22,90.24,89.03,481868,436.55,2026-09-04
INCREDIBLE,EQ,32.13,32.99,31.99,32.54,32.13,5276,1.69,2026-09-04
INDBANK,EQ,29.19,29.19,28.13,28.58,28.71,93377,26.75,2026-09-04
INDGN,EQ,603.15,611.4,598.3,601.5,600.15,804735,4863.2,2026-09-04
INDHOTEL,EQ,730.0,732.95,717.5,720.0,732.0,1528492,11041.77,2026-09-04
INDIACEM,EQ,358.8,363.9,358.15,362.5,358.8,42548,153.68,2026-09-04
INDIAMART,EQ,1730.0,1745.0,1722.5,1726.4,1729.5,43854,759.33,2026-09-04
INDIANB,EQ,883.05,892.4,879.1,879.7,888.75,786614,6961.81,2026-09-04
INDIANCARD,EQ,214.79,225.01,208.61,219.97,214.82,3224,7.03,2026-09-04
INDIANHUME,EQ,390.6,400.05,383.35,387.8,390.7,56614,220.9,2026-09-04
INDIASHLTR,EQ,669.05,680.0,669.05,677.1,673.1,70209,474.27,2026-09-04
INDIGO,EQ,4980.0,5035.0,4977.0,4977.0,4980.0,394117,19706.91,2026-09-04
INDIGOPNTS,EQ,1183.1,1195.0,1170.0,1185.8,1183.1,94147,1116.09,2026-09-04
INDIQUBE,EQ,194.52,195.9,193.0,194.54,193.09,16617,32.25,2026-09-04
INDNIPPON,EQ,1115.1,1175.0,1101.8,1158.2,1109.4,63581,724.59,2026-09-04
INDOBORAX,EQ,524.5,524.5,507.15,514.9,512.8,126424,652.61,2026-09-04
INDOCO,EQ,272.95,274.7,260.59,262.51,272.56,368891,982.97,2026-09-04
INDOFARM,EQ,135.59,136.59,132.91,134.03,134.54,68314,91.78,2026-09-04
INDOKEM,EQ,636.0,640.0,615.1,625.55,628.7,3809,24.17,2026-09-04
INDOMIM,EQ,926.0,983.6,926.0,971.5,922.4,4512815,43574.76,2026-09-04
INDORAMA,EQ,69.79,74.25,69.55,72.96,68.87,1609101,1171.05,2026-09-04
INDOSTAR,EQ,256.5,261.6,255.0,258.66,255.88,111553,288.51,2026-09-04
INDOTECH,EQ,3619.7,3704.0,3606.4,3663.1,3610.7,7508,275.86,2026-09-04
INDOTHAI,EQ,35.75,35.75,35.75,35.75,37.63,742070,265.29,2026-09-04
INDOUS,EQ,77.02,79.78,70.0,77.48,78.82,41730,32.38,2026-09-04
INDOWIND,EQ,9.19,9.2,8.93,9.02,9.05,77378,7.01,2026-09-04
INDPRUD,EQ,6228.0,6390.0,6221.0,6305.0,6325.0,94,5.92,2026-09-04
INDRAMEDCO,EQ,357.7,358.6,348.3,349.7,356.35,311569,1097.15,2026-09-04
INDSWFTLAB,EQ,373.1,373.1,350.0,355.95,372.7,695062,2494.51,2026-09-04
INDTERRAIN,EQ,30.8,30.8,30.05,30.42,30.22,17159,5.2,2026-09-04
INDUSINDBK,EQ,1004.8,1008.6,998.0,1008.5,1004.8,1321066,13242.66,2026-09-04
INDUSTOWER,EQ,375.0,380.45,374.15,376.8,374.95,1578193,5951.01,2026-09-04
INFOBEAN,EQ,157.0,167.4,157.0,162.08,157.68,750810,1229.42,2026-09-04
INFOMEDIA,EQ,5.18,5.81,5.17,5.35,5.18,22935,1.22,2026-09-04
INFRA,EQ,12.21,12.21,12.01,12.04,12.03,14437,1.74,2026-09-04
INFRABEES,EQ,954.38,958.63,952.54,956.45,954.28,3516,33.59,2026-09-04
INFRAIETF,EQ,94.93,95.24,94.52,94.8,94.72,555466,526.81,2026-09-04
INFY,EQ,1133.0,1146.7,1125.4,1130.0,1130.3,5881388,66582.77,2026-09-04
INGERRAND,EQ,4888.0,4888.0,4830.0,4844.7,4846.4,11320,549.12,2026-09-04
INNOVACAP,EQ,1130.6,1199.9,1118.0,1175.4,1125.4,321751,3770.36,2026-09-04
INNOVANA,EQ,308.0,315.0,301.0,305.2,308.5,583,1.78,2026-09-04
INNOVISION,EQ,269.0,269.0,253.6,254.9,255.65,11734,30.15,2026-09-04
INOXGREEN,EQ,171.01,176.7,168.7,175.1,171.01,1333015,2310.97,2026-09-04
INOXINDIA,EQ,2223.0,2320.0,2208.0,2247.8,2176.2,1027233,23298.76,2026-09-04
INOXWIND,EQ,74.27,76.5,73.5,74.4,74.0,22688206,16925.39,2026-09-04
INSECTICID,EQ,619.6,624.8,612.2,618.45,614.15,22609,139.74,2026-09-04
INSPIRISYS,EQ,94.0,95.77,89.0,89.53,93.03,2978,2.73,2026-09-04
INSUREIETF,EQ,15.06,15.33,15.05,15.23,15.04,402017,60.97,2026-09-04
INTELLECT,EQ,680.3,703.65,680.3,686.65,678.3,491572,3407.49,2026-09-04
INTENTECH,EQ,78.08,85.5,78.08,82.25,79.54,42907,35.28,2026-09-04
INTERARCH,EQ,1692.0,1721.0,1692.0,1707.0,1701.2,33231,566.98,2026-09-04
INTERNET,EQ,14.65,14.74,14.44,14.61,14.52,534263,78.12,2026-09-04
INTLCONV,EQ,79.88,83.28,79.0,81.18,79.44,92332,75.4,2026-09-04
INVENTURE,EQ,0.93,0.95,0.92,0.93,0.92,618481,5.78,2026-09-04
IOB,EQ,33.31,33.64,33.02,33.55,33.23,2673908,893.3,2026-09-04
IOC,EQ,137.0,137.76,136.87,137.6,137.8,4277697,5875.81,2026-09-04
IOLCP,EQ,197.0,204.98,192.5,199.95,196.43,5291531,10592.46,2026-09-04
IONEXCHANG,EQ,384.1,412.0,382.55,409.2,382.2,1293430,5218.02,2026-09-04
IPCALAB,EQ,1950.0,1969.0,1944.2,1965.3,1956.1,80401,1576.97,2026-09-04
IPL,EQ,137.1,138.96,137.1,138.34,137.5,67260,92.98,2026-09-04
IPRINGLTD,EQ,163.0,165.95,155.1,159.99,162.07,3047,4.91,2026-09-04
IRB,EQ,19.85,19.91,19.6,19.65,19.67,6862525,1355.0,2026-09-04
IRCON,EQ,119.28,120.79,118.05,119.25,118.69,1686344,2012.67,2026-09-04
IRCTC,EQ,474.8,479.0,474.05,476.05,474.6,603706,2875.24,2026-09-04
IREDA,EQ,113.5,114.6,113.25,113.64,113.0,2627200,2992.76,2026-09-04
IRFC,EQ,82.7,83.95,82.7,83.4,82.65,7883831,6570.85,2026-09-04
IRIS,EQ,256.0,273.99,256.0,265.92,253.93,92277,247.03,2026-09-04
IRISDOREME,EQ,60.28,64.13,60.2,63.58,59.98,2431238,1516.24,2026-09-04
IRMENERGY,EQ,287.15,287.15,278.65,281.4,283.85,76393,216.14,2026-09-04
ISFT,EQ,85.12,86.79,80.8,81.61,84.79,132771,112.95,2026-09-04
ISGEC,EQ,775.55,790.85,773.05,787.35,771.1,30774,240.89,2026-09-04
ISHANCH,EQ,45.98,46.1,43.55,44.29,45.4,38670,17.46,2026-09-04
ISTLTD,EQ,672.75,675.0,650.0,654.55,659.55,357,2.37,2026-09-04
IT,EQ,34.44,34.75,34.0,34.09,34.19,153062,52.55,2026-09-04
ITADD,EQ,32.99,32.99,32.52,32.57,32.67,6830,2.24,2026-09-04
ITAXIS,EQ,343.16,344.99,335.61,339.03,339.76,1669,5.68,2026-09-04
ITBEES,EQ,34.34,34.76,34.0,34.09,34.29,8504508,2912.29,2026-09-04
ITBETA,EQ,326.08,326.17,322.5,322.95,324.46,84,0.27,2026-09-04
ITC,EQ,264.0,266.25,262.65,264.1,263.0,9519153,25199.89,2026-09-04
ITCHOTELS,EQ,161.0,164.5,160.01,161.23,160.25,2050484,3317.36,2026-09-04
ITDC,EQ,643.95,653.0,640.1,644.35,643.35,39915,257.39,2026-09-04
ITETF,EQ,33.05,33.17,32.5,32.54,32.69,127150,41.59,2026-09-04
ITI,EQ,268.5,276.6,268.5,272.5,268.45,264152,719.12,2026-09-04
ITIETF,EQ,34.59,34.73,33.95,34.01,34.24,354409,121.25,2026-09-04
ITL,EQ,370.0,370.0,358.5,364.55,362.4,558,2.03,2026-09-04
IVALUE,EQ,237.04,239.39,228.61,230.26,236.18,133823,311.11,2026-09-04
IVC,EQ,10.84,10.84,10.19,10.24,10.09,1022586,106.03,2026-09-04
IVZBANKNF,EQ,57.39,57.56,57.35,57.56,57.42,1513,0.87,2026-09-04
IVZINGOLD,EQ,134.9,134.9,133.5,133.95,133.3,9964,13.34,2026-09-04
IVZINNIFTY,EQ,267.79,277.9,267.79,274.53,274.66,158,0.43,2026-09-04
IVZSENSEX,EQ,77.7,77.7,76.54,76.56,76.63,972,0.75,2026-09-04
IWP,EQ,34.0,35.49,33.52,34.38,34.08,25747,8.89,2026-09-04
IXIGO,EQ,163.76,170.63,163.39,166.75,162.15,3400102,5657.3,2026-09-04
IZMO,EQ,915.0,926.1,900.0,902.45,921.95,87266,792.69,2026-09-04
J&KBANK,EQ,150.45,152.8,149.05,150.02,149.86,1883250,2843.46,2026-09-04
JAGRAN,EQ,61.49,61.59,60.93,60.98,61.23,247379,151.06,2026-09-04
JAGSNPHARM,EQ,242.0,243.18,238.81,242.06,243.02,96227,231.84,2026-09-04
JAIBALAJI,EQ,71.08,71.55,69.32,69.73,70.85,293778,206.72,2026-09-04
JAICORPLTD,EQ,100.1,100.89,99.2,99.52,99.15,246316,245.92,2026-09-04
JAINREC,EQ,280.55,282.3,276.15,277.95,279.8,1135766,3155.17,2026-09-04
JAIPURKURT,EQ,25.74,26.37,24.65,25.33,25.82,51045,13.04,2026-09-04
JAMNAAUTO,EQ,122.15,122.29,120.36,120.69,122.04,691775,837.34,2026-09-04
JARO,EQ,455.6,457.8,441.8,445.65,454.4,119338,538.99,2026-09-04
JASH,EQ,470.5,489.95,470.5,478.5,464.15,280288,1353.4,2026-09-04
JAYAGROGN,EQ,232.04,235.96,227.01,230.6,230.83,8025,18.61,2026-09-04
JAYBARMARU,EQ,122.4,122.79,121.5,122.29,121.81,141098,172.29,2026-09-04
JAYKAY,EQ,165.37,167.88,151.76,153.69,166.46,470358,737.94,2026-09-04
JAYNECOIND,EQ,92.0,94.37,85.22,89.04,98.68,49840056,44122.45,2026-09-04
JAYSREETEA,EQ,99.39,101.34,98.0,98.95,99.31,48814,48.78,2026-09-04
JBMA,EQ,629.5,633.75,622.05,625.6,629.1,146607,920.67,2026-09-04
JENBURPH,EQ,1036.2,1045.0,1030.0,1038.8,1031.5,422,4.37,2026-09-04
JETFREIGHT,EQ,21.24,21.44,20.9,21.18,20.91,123233,26.06,2026-09-04
JGCHEM,EQ,618.8,622.0,592.45,598.15,612.2,210794,1266.5,2026-09-04
JHS,EQ,7.86,8.08,7.81,7.89,7.86,45834,3.63,2026-09-04
JINDALPHOT,EQ,1002.1,1049.7,1002.1,1021.2,1026.2,2011,20.71,2026-09-04
JINDALPOLY,EQ,677.5,687.95,670.0,672.35,683.7,11895,80.24,2026-09-04
JINDALSAW,EQ,312.0,312.0,304.3,305.3,310.85,868641,2668.64,2026-09-04
JINDALSTEL,EQ,1147.0,1170.9,1138.7,1165.0,1145.0,893053,10342.23,2026-09-04
JINDRILL,EQ,652.85,672.0,647.0,663.05,649.9,708720,4697.77,2026-09-04
JINDWORLD,EQ,49.67,57.78,49.02,57.51,48.15,188275533,102395.27,2026-09-04
JIOFIN,EQ,237.8,240.63,237.8,239.5,237.45,11860254,28396.55,2026-09-04
JISLDVREQS,EQ,21.2,23.34,20.81,21.93,21.03,310219,67.87,2026-09-04
JISLJALEQS,EQ,28.29,32.39,28.25,30.87,28.16,29548721,9174.4,2026-09-04
JITFINFRA,EQ,310.5,314.85,300.0,304.5,310.65,23808,72.68,2026-09-04
JKCEMENT,EQ,5044.0,5126.0,5025.5,5083.5,5039.5,15032,761.78,2026-09-04
JKIL,EQ,488.0,492.95,486.15,487.35,487.7,24845,121.53,2026-09-04
JKIPL,EQ,107.5,107.5,100.38,100.56,105.66,19248,19.78,2026-09-04
JKLAKSHMI,EQ,519.0,522.85,512.05,515.7,514.4,512153,2641.39,2026-09-04
JKPAPER,EQ,412.0,413.75,401.6,405.8,410.15,381165,1547.73,2026-09-04
JKTYRE,EQ,368.9,371.9,366.5,367.35,369.45,360957,1331.48,2026-09-04
JLHL,EQ,293.35,293.35,284.15,286.45,290.3,102896,297.13,2026-09-04
JMA,EQ,93.79,93.79,89.0,90.58,92.24,7483,6.84,2026-09-04
JMFINANCIL,EQ,134.9,136.3,130.65,132.06,134.53,4507470,5982.54,2026-09-04
JNKINDIA,EQ,431.5,450.4,431.5,445.05,431.45,128595,572.27,2026-09-04
JNPR,EQ,261.0,273.25,259.6,265.1,259.2,983254,2620.39,2026-09-04
JPOLYINVST,EQ,1010.0,1011.8,992.5,997.45,1006.5,3507,35.14,2026-09-04
JPPOWER,EQ,16.02,16.43,16.02,16.29,16.14,30695821,4978.43,2026-09-04
JSFB,EQ,534.2,544.0,524.55,535.1,534.2,453979,2429.37,2026-09-04
JSL,EQ,738.4,741.25,732.0,737.85,738.4,780597,5758.54,2026-09-04
JSLL,EQ,504.4,529.9,502.15,516.3,501.45,921231,4771.33,2026-09-04
JSWCEMENT,EQ,123.5,125.17,123.02,124.07,123.37,1203964,1498.42,2026-09-04
JSWDULUX,EQ,3167.6,3209.5,3155.6,3174.5,3167.6,24093,764.73,2026-09-04
JSWENERGY,EQ,537.55,540.25,534.25,539.85,539.5,2598872,13973.17,2026-09-04
JSWHL,EQ,11760.0,11811.0,11360.0,11472.0,11590.0,2952,343.29,2026-09-04
JSWINFRA,EQ,334.1,337.8,332.5,333.0,334.1,2001532,6694.32,2026-09-04
JSWSTEEL,EQ,1305.0,1331.7,1300.1,1325.0,1308.0,1094356,14460.84,2026-09-04
JTEKTINDIA,EQ,122.5,123.05,120.71,121.27,121.82,143861,174.91,2026-09-04
JTLIND,EQ,90.0,92.89,89.77,91.67,89.67,2884117,2636.25,2026-09-04
JUBLCPL,EQ,2329.1,2342.6,2203.5,2222.6,2304.8,7185,163.1,2026-09-04
JUBLFOOD,EQ,482.9,488.0,481.35,482.7,482.9,624576,3020.95,2026-09-04
JUBLINGREA,EQ,694.0,697.35,678.0,680.3,690.55,91316,625.59,2026-09-04
JUBLPHARMA,EQ,919.0,930.0,901.2,924.5,907.9,498346,4555.75,2026-09-04
JUNIORBEES,EQ,795.84,795.84,784.0,791.07,788.74,283994,2247.84,2026-09-04
JUNIPER,EQ,215.0,220.94,214.5,216.82,217.69,82885,179.14,2026-09-04
JUSTDIAL,EQ,697.2,697.2,688.1,692.85,697.35,106018,734.09,2026-09-04
JWL,EQ,240.71,249.0,240.71,243.24,241.09,1056588,2595.42,2026-09-04
JYOTHYLAB,EQ,201.0,203.55,200.05,201.54,200.5,469980,948.2,2026-09-04
JYOTICNC,EQ,1026.85,1043.0,1000.1,1003.9,1026.85,1051995,10698.02,2026-09-04
JYOTIRES,EQ,877.0,877.0,863.05,868.1,866.35,5189,45.08,2026-09-04
JYOTISTRUC,EQ,9.85,10.2,9.6,10.02,9.8,10113711,1006.16,2026-09-04
KABRAEXTRU,EQ,566.0,583.95,560.35,579.15,564.8,130668,753.05,2026-09-04
KAJARIACER,EQ,1260.6,1262.0,1235.0,1239.6,1260.6,319639,3970.77,2026-09-04
KAKATCEM,EQ,110.7,112.4,108.0,109.6,110.67,2586,2.83,2026-09-04
KALAMANDIR,EQ,85.99,86.76,85.81,86.49,85.87,150963,130.3,2026-09-04
KALPATARU,EQ,278.75,280.2,275.0,277.65,276.55,40767,113.14,2026-09-04
KALYANKJIL,EQ,588.2,604.95,585.3,598.8,585.3,9662044,57842.65,2026-09-04
KAMAHOLD,EQ,2369.9,2369.9,2340.0,2348.2,2341.1,1979,46.49,2026-09-04
KAMANWALA,EQ,16.5,16.6,16.5,16.59,15.9,7692,1.27,2026-09-04
KAMATHOTEL,EQ,216.96,227.88,215.88,225.51,217.66,107699,241.49,2026-09-04
KAMOPAINTS,EQ,4.58,4.62,4.49,4.53,4.53,270171,12.35,2026-09-04
KANANIIND,EQ,1.51,1.53,1.5,1.52,1.51,144024,2.18,2026-09-04
KANCHI,EQ,396.6,415.0,396.6,409.7,398.55,1607,6.58,2026-09-04
KANCOTEA,EQ,58.4,58.4,53.1,54.85,56.79,28,0.02,2026-09-04
KANPRPLA,EQ,263.8,263.8,247.9,250.2,256.4,11967,30.39,2026-09-04
KANSAINER,EQ,195.14,195.9,192.98,194.2,195.11,2465067,4770.77,2026-09-04
KAPSTON,EQ,581.35,590.0,571.05,584.05,581.35,70957,413.9,2026-09-04
KARMAENG,EQ,39.0,39.0,36.8,37.45,37.7,4181,1.56,2026-09-04
KARURVYSYA,EQ,354.0,354.0,347.7,348.85,350.0,955056,3348.09,2026-09-04
KAVDEFENCE,EQ,56.95,67.38,56.78,67.14,56.15,1505543,991.09,2026-09-04
KAYNES,EQ,3487.8,3617.9,3450.0,3598.0,3485.0,1211084,43004.43,2026-09-04
KCP,EQ,168.99,170.5,162.04,162.38,168.17,228887,377.01,2026-09-04
KDDL,EQ,3864.9,3963.0,3864.9,3911.0,3855.3,25376,995.23,2026-09-04
KDGREEN,EQ,55.29,55.29,50.16,50.44,51.81,21136,10.78,2026-09-04
KEC,EQ,406.15,410.6,403.3,408.55,406.15,777483,3163.43,2026-09-04
KECL,EQ,125.49,127.07,125.0,126.41,125.2,55192,69.62,2026-09-04
KEEPLEARN,EQ,2.03,2.03,1.87,1.87,1.9,39241,0.75,2026-09-04
KEI,EQ,5000.0,5028.0,4820.0,4850.0,5327.0,2381568,117300.0,2026-09-04
KELLTONTEC,EQ,13.98,14.25,13.79,13.87,13.99,2178042,304.67,2026-09-04
KENNAMET,EQ,4551.5,4722.0,4551.0,4688.5,4532.2,21846,1017.67,2026-09-04
KERNEX,EQ,1755.0,1869.7,1754.9,1817.0,1709.6,852400,15536.19,2026-09-04
KEYFINSERV,EQ,244.2,258.55,243.25,245.05,248.7,2872,7.11,2026-09-04
KFINTECH,EQ,933.0,947.95,923.55,928.9,927.7,715524,6701.83,2026-09-04
KHAICHEM,EQ,54.85,55.54,54.3,54.86,54.83,94220,51.73,2026-09-04
KHAITANLTD,EQ,163.0,166.5,160.61,162.0,162.41,2277,3.69,2026-09-04
KHANDSE,EQ,18.4,18.41,17.2,18.38,18.11,698,0.12,2026-09-04
KICL,EQ,5222.5,5251.0,5200.0,5203.0,5212.5,291,15.21,2026-09-04
KIMS,EQ,769.95,778.55,758.55,764.1,767.85,158954,1219.14,2026-09-04
KINGFA,EQ,5910.0,6050.0,5887.0,5932.5,5888.0,8112,483.76,2026-09-04
KIOCL,EQ,382.85,387.9,380.05,382.1,380.55,57868,222.08,2026-09-04
KIRANVYPAR,EQ,207.0,207.8,202.7,205.41,207.98,3402,7.02,2026-09-04
KIRIINDUS,EQ,578.75,599.35,555.1,559.1,578.95,2243746,12973.11,2026-09-04
KIRLFER,EQ,459.75,468.9,451.85,459.6,454.55,242037,1120.43,2026-09-04
KIRLOSBROS,EQ,1885.9,1901.8,1859.8,1862.0,1881.3,19160,359.71,2026-09-04
KIRLOSENG,EQ,2270.0,2279.0,2182.2,2201.9,2267.6,365394,8156.78,2026-09-04
KIRLOSIND,EQ,3734.0,3783.9,3685.0,3731.5,3724.7,7463,277.57,2026-09-04
KIRLPNU,EQ,771.0,772.8,754.05,760.45,759.8,137821,1049.11,2026-09-04
KISSHT,EQ,305.45,316.9,305.25,309.3,305.3,1041438,3238.53,2026-09-04
KITEX,EQ,123.65,130.57,123.65,128.85,123.64,679715,866.16,2026-09-04
KJMCFIN,EQ,66.79,68.0,63.14,63.14,66.46,2504,1.62,2026-09-04
KKCL,EQ,505.95,519.45,499.95,514.3,503.8,34214,173.67,2026-09-04
KLBRENG-B,EQ,454.0,474.0,452.5,467.85,453.25,303427,1408.38,2026-09-04
KMCSHIL,EQ,138.0,141.58,136.5,138.24,138.0,94440,131.27,2026-09-04
KMEW,EQ,3175.0,3175.0,3011.1,3033.4,3150.4,98630,3023.98,2026-09-04
KMSUGAR,EQ,32.0,32.33,30.4,30.68,32.0,302618,93.34,2026-09-04
KNACK,EQ,190.7,190.7,186.6,187.3,188.37,402969,757.61,2026-09-04
KNAGRI,EQ,210.0,210.0,194.88,199.4,206.23,15550,31.53,2026-09-04
KNRCON,EQ,119.8,125.95,118.05,124.66,119.27,2626704,3219.38,2026-09-04
KOHINOOR,EQ,33.79,33.79,32.5,32.77,33.52,131797,43.69,2026-09-04
KOKUYOCMLN,EQ,79.49,81.0,78.61,80.61,78.44,40527,32.53,2026-09-04
KOLTEPATIL,EQ,450.65,456.5,440.05,441.85,449.55,72213,321.85,2026-09-04
KOPRAN,EQ,232.4,242.8,229.29,232.54,232.24,661197,1554.88,2026-09-04
KOTAKBANK,EQ,421.65,425.95,421.65,424.5,421.15,9408316,39897.33,2026-09-04
KOTHARIPET,EQ,129.56,132.0,129.0,130.56,129.02,51588,67.25,2026-09-04
KOTHARIPRO,EQ,66.9,68.37,66.26,67.39,67.58,3862,2.61,2026-09-04
KOTIC,EQ,135.2,135.99,130.25,132.47,134.79,11357,15.18,2026-09-04
KOVAI,EQ,6140.0,6140.0,5994.0,6062.5,6091.5,1977,119.72,2026-09-04
KPEL,EQ,242.99,253.03,239.28,247.32,240.89,382368,944.71,2026-09-04
KPIGREEN,EQ,303.3,307.95,303.3,307.0,303.25,525172,1604.71,2026-09-04
KPIL,EQ,1421.1,1449.0,1402.0,1406.6,1417.7,145207,2068.32,2026-09-04
KPITTECH,EQ,584.0,593.6,575.0,575.45,583.5,1239906,7199.54,2026-09-04
KPL,EQ,3350.0,3421.7,3211.1,3285.5,3351.7,49245,1625.36,2026-09-04
KPRMILL,EQ,1179.7,1195.0,1168.1,1186.3,1175.4,199902,2371.3,2026-09-04
KRBL,EQ,425.5,429.65,416.85,421.95,424.9,313910,1323.15,2026-09-04
KREBSBIO,EQ,56.5,56.5,54.45,55.95,54.5,5830,3.24,2026-09-04
KRISHANA,EQ,185.05,188.1,181.98,184.13,186.37,525256,967.96,2026-09-04
KRISHIVAL,EQ,413.95,419.0,409.25,416.3,413.5,31340,129.77,2026-09-04
KRISHNADEF,EQ,1011.0,1037.0,1008.0,1013.2,1008.7,67885,691.49,2026-09-04
KRITI,EQ,60.11,62.98,59.0,61.6,60.94,23406,14.16,2026-09-04
KRITIKA,EQ,5.49,5.49,5.13,5.37,5.39,76423,4.09,2026-09-04
KRITINUT,EQ,87.4,87.4,83.0,86.45,83.36,13358,11.48,2026-09-04
KRN,EQ,1540.9,1581.1,1521.2,1578.7,1505.9,408862,6442.04,2026-09-04
KROSS,EQ,211.34,217.45,210.25,211.57,211.34,223590,477.61,2026-09-04
KRSNAA,EQ,552.35,564.4,550.05,560.0,550.95,21497,119.92,2026-09-04
KRYSTAL,EQ,659.2,661.0,650.25,654.6,661.95,8580,56.27,2026-09-04
KSB,EQ,815.3,817.0,807.0,813.55,810.6,89128,724.48,2026-09-04
KSCL,EQ,748.5,751.8,741.0,744.1,744.8,46257,345.55,2026-09-04
KSE,EQ,184.97,184.97,177.0,180.12,180.29,15087,27.06,2026-09-04
KSHINTL,EQ,1035.1,1098.0,1032.8,1087.8,1022.7,542413,5819.45,2026-09-04
KSHITIJPOL,EQ,3.15,3.3,3.15,3.3,3.15,2941441,96.33,2026-09-04
KSL,EQ,956.3,957.2,935.0,940.5,950.2,67652,638.76,2026-09-04
KSOLVES,EQ,271.0,276.5,270.0,272.05,271.5,16299,44.4,2026-09-04
KSR,EQ,32.5,34.69,31.9,34.61,31.54,388546,128.48,2026-09-04
KTKBANK,EQ,341.0,345.9,338.25,340.1,339.75,1919012,6545.84,2026-09-04
KUANTUM,EQ,75.2,75.6,73.7,74.18,75.16,61468,45.74,2026-09-04
KUSUMGAR,EQ,577.0,584.7,569.1,571.2,581.65,226964,1301.81,2026-09-04
KWIL,EQ,42.31,42.73,41.8,42.12,42.31,11043010,4660.16,2026-09-04
LADDERUP,EQ,50.3,51.45,42.7,51.4,51.7,23,0.01,2026-09-04
LAGNAM,EQ,74.63,77.27,74.0,74.8,74.4,23024,17.34,2026-09-04
LAHOTIOV,EQ,46.0,46.0,43.0,43.08,45.08,3701,1.62,2026-09-04
LAKSHMIMIL,EQ,7621.0,7800.0,7621.0,7621.0,7800.0,29,2.25,2026-09-04
LAL,EQ,8.81,9.15,8.81,8.91,9.0,30223,2.72,2026-09-04
LALITHAA,EQ,283.0,308.3,280.6,306.7,280.3,23781731,70517.36,2026-09-04
LALPATHLAB,EQ,1920.5,1925.2,1855.7,1877.5,1925.2,288144,5401.54,2026-09-04
LAMBODHARA,EQ,138.81,139.91,133.96,134.67,137.47,4467,6.11,2026-09-04
LANCER,EQ,13.19,13.2,12.82,13.03,13.19,603720,78.3,2026-09-04
LANCORHOL,EQ,35.13,40.88,34.21,40.35,34.75,2381575,917.1,2026-09-04
LANDMARK,EQ,500.0,516.4,497.0,510.15,498.0,79884,405.79,2026-09-04
LANDSMILL,EQ,0.67,0.71,0.63,0.63,0.67,10129295,67.36,2026-09-04
LAOPALA,EQ,171.56,174.86,171.56,173.9,171.55,75699,131.35,2026-09-04
LARGEMID50,EQ,36.36,36.42,36.27,36.39,36.36,2309,0.84,2026-09-04
LASA,EQ,6.99,7.0,6.69,6.73,6.82,24575,1.68,2026-09-04
LASERPOWER,EQ,303.7,305.95,291.5,295.65,301.05,999119,2972.39,2026-09-04
LATENTVIEW,EQ,267.0,270.8,265.85,267.25,266.0,351722,943.82,2026-09-04
LATTEYS,EQ,21.49,21.49,20.35,20.5,20.98,44829,9.28,2026-09-04
LAURUSLABS,EQ,1855.0,1871.8,1835.2,1840.0,1868.5,1075943,19912.03,2026-09-04
LAXMICOT,EQ,12.58,14.25,12.58,13.73,12.71,72640,9.93,2026-09-04
LAXMIDENTL,EQ,199.2,201.0,197.5,199.14,199.2,40392,80.39,2026-09-04
LAXMIINDIA,EQ,128.7,135.0,128.37,132.6,128.13,360742,476.43,2026-09-04
LCCINFOTEC,EQ,4.07,4.08,3.72,3.81,3.85,44787,1.72,2026-09-04
LCL,EQ,560.0,598.0,560.0,581.5,553.45,1628313,9520.65,2026-09-04
LEAPIND,EQ,153.5,155.3,149.5,150.26,152.41,5589910,8516.23,2026-09-04
LEMERITE,EQ,21.3,21.3,20.56,20.93,21.11,135407,28.47,2026-09-04
LEMONTREE,EQ,105.24,107.0,104.77,104.95,104.89,3464757,3652.77,2026-09-04
LENSKART,EQ,672.55,694.8,672.55,684.9,672.45,10188245,69855.27,2026-09-04
LEXUS,EQ,13.22,13.94,13.22,13.53,13.54,5919,0.8,2026-09-04
LFIC,EQ,140.0,140.0,134.5,134.64,135.28,387,0.52,2026-09-04
LGBBROSLTD,EQ,1716.2,1738.0,1697.0,1702.8,1716.2,50384,858.8,2026-09-04
LGEINDIA,EQ,1661.2,1672.6,1634.0,1640.7,1662.3,387555,6375.24,2026-09-04
LGHL,EQ,175.2,183.48,173.26,175.42,178.95,6577,11.74,2026-09-04
LIBAS,EQ,10.65,10.9,10.26,10.46,10.48,19725,2.06,2026-09-04
LIBERTSHOE,EQ,234.31,238.0,231.9,233.27,234.3,15371,36.05,2026-09-04
LICHSGFIN,EQ,554.0,579.4,554.0,562.05,554.0,7126780,40611.04,2026-09-04
LICI,EQ,416.85,419.3,415.3,415.35,416.9,5411741,22584.99,2026-09-04
LICMFGOLD,EQ,138.9,139.7,138.25,138.75,137.5,349843,486.39,2026-09-04
LICNETFGSC,EQ,29.51,29.51,29.26,29.34,29.21,75526,22.17,2026-09-04
LICNETFN50,EQ,269.53,270.02,267.59,267.77,267.67,347,0.93,2026-09-04
LICNETFSEN,EQ,868.17,875.0,860.0,862.89,863.46,22,0.19,2026-09-04
LICNFNHGP,EQ,274.66,275.99,270.11,270.61,276.04,386,1.05,2026-09-04
LICNMID100,EQ,63.42,64.05,63.42,63.84,63.42,2147,1.37,2026-09-04
LIKHITHA,EQ,204.54,206.99,203.2,204.8,202.9,27488,56.45,2026-09-04
LINC,EQ,94.1,96.5,94.1,95.07,94.69,7202,6.88,2026-09-04
LINCOLN,EQ,627.0,631.0,618.0,620.8,622.65,29091,181.08,2026-09-04
LINDEINDIA,EQ,6409.0,6411.0,6330.0,6346.0,6373.0,9490,604.0,2026-09-04
LIQGRWBEES,EQ,1054.14,1054.49,1054.14,1054.46,1054.14,101203,1067.16,2026-09-04
LIQUID,EQ,999.99,1000.0,999.99,999.99,999.99,328991,3289.9,2026-09-04
LIQUID1,EQ,1121.04,1121.45,1121.04,1121.43,1121.04,616507,6913.75,2026-09-04
LIQUIDADD,EQ,1143.55,1143.67,1143.5,1143.51,1143.13,332115,3797.78,2026-09-04
LIQUIDBEES,EQ,1020.0,1020.0,999.99,1000.0,1000.0,2607097,26071.08,2026-09-04
LIQUIDBETA,EQ,1007.06,1007.06,1007.03,1007.04,1006.7,100142,1008.46,2026-09-04
LIQUIDBETF,EQ,1097.63,1097.65,1097.63,1097.63,1097.27,217506,2387.43,2026-09-04
LIQUIDCASE,EQ,115.81,115.81,115.79,115.8,115.76,18435860,21348.7,2026-09-04
LIQUIDETF,EQ,1000.01,1000.01,999.99,999.99,999.99,308648,3086.48,2026-09-04
LIQUIDIETF,EQ,1000.0,1000.01,999.51,999.99,999.99,540668,5406.68,2026-09-04
LIQUIDPLUS,EQ,1101.95,1102.03,1101.95,1102.01,1101.63,233686,2575.26,2026-09-04
LIQUIDSBI,EQ,999.99,1000.01,999.99,1000.0,1000.01,5550,55.5,2026-09-04
LIQUIDSHRI,EQ,1120.31,1120.33,1120.31,1120.33,1119.96,20717,232.1,2026-09-04
LKPSEC,EQ,15.59,15.99,14.62,15.28,15.02,7614,1.18,2026-09-04
LLOYDSENGG,EQ,85.11,86.63,83.94,84.21,84.95,4801657,4087.03,2026-09-04
LLOYDSENT,EQ,71.79,74.69,71.79,74.23,71.97,3684805,2710.9,2026-09-04
LLOYDSME,EQ,1848.7,1850.6,1820.1,1823.0,1848.7,146092,2675.11,2026-09-04
LMW,EQ,19195.0,19195.0,18700.0,18774.0,18993.0,2214,416.8,2026-09-04
LODHA,EQ,1225.0,1237.8,1209.5,1222.0,1234.0,948334,11594.45,2026-09-04
LOKESHMACH,EQ,378.8,378.8,362.2,364.6,360.3,56473,209.0,2026-09-04
LORDSCHLO,EQ,142.0,148.34,142.0,146.6,141.55,40550,59.06,2026-09-04
LOTUSCHO,EQ,635.0,649.95,624.0,630.4,650.95,4002,25.45,2026-09-04
LOTUSEYE,EQ,109.9,110.45,108.3,109.43,109.28,8350,9.14,2026-09-04
LOVABLE,EQ,72.85,72.85,70.57,71.37,72.21,5969,4.25,2026-09-04
LOWVOL,EQ,204.13,204.13,204.13,204.13,205.78,1,0.0,2026-09-04
LOWVOL1,EQ,21.1,21.14,20.88,20.93,21.1,642373,135.24,2026-09-04
LOWVOLIETF,EQ,22.13,22.13,21.91,21.98,21.98,1319509,290.99,2026-09-04
LOYALTEX,EQ,210.0,221.82,206.0,218.14,211.82,2285,5.01,2026-09-04
LPDC,EQ,7.03,7.06,6.61,6.73,6.69,41802,2.85,2026-09-04
LT,EQ,3981.0,3994.9,3964.1,3964.1,3975.0,1319056,52530.27,2026-09-04
LTF,EQ,317.0,320.5,313.4,314.0,316.9,3279672,10396.48,2026-09-04
LTFOODS,EQ,442.45,448.9,439.0,444.8,442.55,450291,1996.82,2026-09-04
LTGILTBEES,EQ,29.89,29.89,29.82,29.84,29.86,3617915,1079.53,2026-09-04
LTGILTCASE,EQ,30.45,30.6,30.38,30.41,30.42,131619,40.05,2026-09-04
LTM,EQ,4570.3,4656.3,4545.3,4554.0,4560.0,243635,11168.83,2026-09-04
LTTS,EQ,3520.0,3535.8,3462.0,3493.3,3501.2,51558,1800.03,2026-09-04
LUMAXIND,EQ,6450.0,6450.0,6107.5,6181.5,6380.5,15590,974.93,2026-09-04
LUMAXTECH,EQ,1995.2,2010.0,1942.9,1951.9,1985.4,81128,1593.98,2026-09-04
LUMINO,EQ,112.4,122.0,111.22,114.5,110.32,139069849,162280.33,2026-09-04
LUPIN,EQ,2140.1,2148.0,2100.6,2110.0,2132.0,862828,18266.15,2026-09-04
LUXIND,EQ,1170.1,1191.9,1170.1,1175.1,1171.7,9331,110.02,2026-09-04
LXCHEM,EQ,174.4,176.46,171.7,172.04,175.58,416497,723.2,2026-09-04
M&M,EQ,3158.7,3185.3,3144.2,3170.0,3150.0,1489449,47198.45,2026-09-04
M&MFIN,EQ,379.0,380.95,371.5,373.65,376.05,2628655,9889.89,2026-09-04
MAANALU,EQ,120.15,123.0,117.21,117.9,120.77,74246,87.89,2026-09-04
MACPOWER,EQ,1955.8,1960.0,1860.0,1904.9,1944.1,38330,731.5,2026-09-04
MADHAV,EQ,36.7,36.7,34.11,35.36,34.84,6274,2.21,2026-09-04
MADHAVIPL,EQ,7.92,8.3,7.92,7.98,7.92,78511,6.33,2026-09-04
MADRASFERT,EQ,65.34,65.75,65.08,65.12,65.13,26810,17.5,2026-09-04
MAFANG,EQ,207.56,207.56,207.56,207.56,207.08,59968,124.47,2026-09-04
MAFATIND,EQ,124.77,124.77,120.35,121.66,123.24,25114,30.71,2026-09-04
MAGADSUGAR,EQ,568.0,568.0,546.0,552.05,566.7,19463,107.65,2026-09-04
MAGNUM,EQ,18.82,19.49,18.82,19.0,19.0,7566,1.44,2026-09-04
MAHABANK,EQ,86.75,86.95,85.7,85.95,86.32,13802528,11932.77,2026-09-04
MAHAPEXLTD,EQ,54.7,54.75,53.01,53.51,54.72,6664,3.6,2026-09-04
MAHEPC,EQ,103.3,104.9,103.2,103.62,103.25,7636,7.93,2026-09-04
MAHKTECH,EQ,22.1,22.1,22.1,22.1,22.26,436637,96.5,2026-09-04
MAHLIFE,EQ,365.0,366.7,360.15,362.4,363.1,37464,136.06,2026-09-04
MAHLOG,EQ,400.85,410.15,399.55,405.35,400.3,130587,528.49,2026-09-04
MAHSCOOTER,EQ,13727.0,13727.0,13590.0,13602.0,13639.0,1009,137.29,2026-09-04
MAHSEAMLES,EQ,654.75,695.8,651.5,688.1,653.5,1179393,8075.72,2026-09-04
MAITHANALL,EQ,1044.0,1105.0,1035.5,1090.55,1038.5,400161,4325.36,2026-09-04
MAKEINDIA,EQ,165.42,165.79,165.06,165.23,165.47,32053,53.0,2026-09-04
MAKERSL,EQ,206.85,206.85,188.4,189.9,200.77,6513,12.73,2026-09-04
MALLCOM,EQ,1040.0,1040.0,998.8,1018.15,998.8,1900,19.28,2026-09-04
MALUPAPER,EQ,32.97,32.97,31.15,31.65,32.44,8353,2.68,2026-09-04
MAMATA,EQ,404.55,417.0,401.75,412.55,404.55,39601,161.95,2026-09-04
MANAKALUCO,EQ,37.68,38.31,37.6,38.1,37.68,34763,13.24,2026-09-04
MANAKCOAT,EQ,119.91,122.55,119.35,121.8,120.65,144960,175.46,2026-09-04
MANAKSIA,EQ,59.69,63.89,59.2,63.05,59.12,235473,147.54,2026-09-04
MANAKSTEEL,EQ,109.0,113.0,106.35,107.3,111.91,171136,186.35,2026-09-04
MANALIPETC,EQ,89.56,90.61,86.0,86.76,89.73,6435710,5688.29,2026-09-04
MANAPPURAM,EQ,345.05,345.2,338.2,339.7,341.0,2017457,6871.14,2026-09-04
MANBA,EQ,131.5,133.32,128.5,128.95,129.45,26727,34.89,2026-09-04
MANCREDIT,EQ,233.82,235.38,227.01,228.33,231.4,6769,15.53,2026-09-04
MANGALAM,EQ,30.9,30.9,29.9,30.02,30.3,18726,5.68,2026-09-04
MANGLMCEM,EQ,1098.0,1114.0,1081.7,1095.2,1098.2,64519,708.97,2026-09-04
MANINDS,EQ,801.0,807.75,781.5,788.55,793.4,505736,4018.91,2026-09-04
MANINFRA,EQ,126.0,128.3,123.78,124.8,124.59,1748780,2192.53,2026-09-04
MANIPALHOS,EQ,729.0,738.0,720.5,725.2,726.0,1177059,8584.66,2026-09-04
MANKIND,EQ,2366.5,2390.0,2317.0,2327.9,2368.8,122389,2864.87,2026-09-04
MANOMAY,EQ,232.0,237.8,224.5,234.97,226.83,390666,896.65,2026-09-04
MANORAMA,EQ,1984.0,2017.5,1957.7,1993.4,1966.3,521970,10395.76,2026-09-04
MANORG,EQ,487.8,513.0,484.2,489.5,490.25,16738,82.49,2026-09-04
MANUFGBEES,EQ,163.81,164.1,163.06,163.73,163.81,3201,5.23,2026-09-04
MANYAVAR,EQ,567.9,604.0,563.0,594.2,568.2,775723,4567.61,2026-09-04
MAPMYINDIA,EQ,975.0,982.9,967.6,972.2,968.6,65490,637.52,2026-09-04
MARALOVER,EQ,55.0,65.69,55.0,61.83,55.26,313426,195.33,2026-09-04
MARATHON,EQ,436.05,450.0,434.0,437.9,434.95,388461,1718.62,2026-09-04
MARICO,EQ,824.05,824.7,814.1,815.15,827.4,1021459,8355.8,2026-09-04
MARINE,EQ,432.0,442.95,426.7,432.15,430.4,826123,3591.67,2026-09-04
MARKOLINES,EQ,171.47,173.15,170.0,171.89,171.34,251690,432.03,2026-09-04
MARKSANS,EQ,333.0,335.45,323.45,326.75,332.2,1654370,5428.41,2026-09-04
MARSONS,EQ,125.89,140.73,125.3,137.56,125.53,12724657,17255.82,2026-09-04
MARUTI,EQ,12880.0,12880.0,12656.0,12694.0,12857.0,322752,41082.83,2026-09-04
MASFIN,EQ,295.0,296.85,292.8,295.0,292.7,69659,205.6,2026-09-04
MASKINVEST,EQ,140.0,150.72,140.0,148.64,143.55,22,0.03,2026-09-04
MASPTOP50,EQ,79.86,79.86,79.86,79.86,79.26,25819,20.62,2026-09-04
MASTEK,EQ,1815.0,1831.9,1752.9,1772.9,1792.6,94020,1670.78,2026-09-04
MASTERTR,EQ,81.05,95.5,81.05,89.16,81.03,8360812,7615.23,2026-09-04
MATRIMONY,EQ,532.25,533.9,524.0,529.05,529.6,7124,37.68,2026-09-04
MAWANASUG,EQ,146.0,146.98,143.2,145.43,146.27,186868,270.47,2026-09-04
MAXESTATES,EQ,535.0,546.85,529.0,542.1,530.7,111898,600.54,2026-09-04
MAXHEALTH,EQ,994.9,1001.3,981.1,984.8,994.9,1167047,11574.1,2026-09-04
MAXIND,EQ,154.0,154.58,150.1,150.66,152.89,24712,37.59,2026-09-04
MAYURUNIQ,EQ,730.0,737.5,727.5,734.85,728.8,29504,216.39,2026-09-04
MAZDOCK,EQ,2489.0,2546.6,2475.0,2475.0,2474.0,735425,18489.34,2026-09-04
MBAPL,EQ,162.08,167.39,160.73,166.12,162.08,983522,1612.84,2026-09-04
MBEL,EQ,276.95,277.0,268.0,270.15,275.45,74971,203.56,2026-09-04
MBLINFRA,EQ,25.0,25.0,24.0,24.3,24.44,25935,6.31,2026-09-04
MCCHRLS-B,EQ,682.6,682.6,656.05,670.0,679.95,310,2.06,2026-09-04
MCL,EQ,58.0,58.9,57.21,58.3,58.5,25283,14.66,2026-09-04
MCLEODRUSS,EQ,46.41,47.99,46.0,46.3,46.61,185910,86.84,2026-09-04
MCLOUD,EQ,26.51,26.67,26.25,26.29,26.46,1615599,426.56,2026-09-04
MCX,EQ,3187.8,3287.4,3165.6,3275.4,3170.2,2485731,80378.35,2026-09-04
MEDANTA,EQ,1424.3,1491.8,1424.3,1469.8,1417.3,470026,6913.99,2026-09-04
MEDIASSIST,EQ,341.65,348.5,338.5,340.35,343.95,433407,1483.7,2026-09-04
MEDICAMEQ,EQ,262.0,276.8,260.65,270.25,259.4,118422,319.8,2026-09-04
MEDICAPQ,EQ,26.9,26.9,25.16,26.29,25.08,1645,0.43,2026-09-04
MEDICO,EQ,39.4,40.19,39.0,39.87,39.5,52932,20.87,2026-09-04
MEDPLUS,EQ,660.65,691.35,650.2,676.35,660.65,310867,2086.59,2026-09-04
MEESHO,EQ,209.74,216.67,207.87,209.0,209.74,22949812,48784.76,2026-09-04
MEGASTAR,EQ,301.05,309.65,301.05,307.6,304.1,2947,8.99,2026-09-04
MEIL,EQ,286.9,295.45,280.0,285.1,283.75,99521,284.32,2026-09-04
MENNPIS,EQ,74.82,79.46,74.78,77.64,74.82,261863,203.96,2026-09-04
MERCANTILE,EQ,26.9,26.9,24.49,25.45,25.55,550263,142.1,2026-09-04
MERCURYEV,EQ,37.91,37.93,36.12,36.74,36.67,41943,15.44,2026-09-04
METAL,EQ,13.62,13.62,13.28,13.46,13.29,1538895,206.41,2026-09-04
METALIETF,EQ,13.4,13.45,13.2,13.4,13.2,5744597,764.93,2026-09-04
METROBRAND,EQ,915.65,935.0,909.0,929.15,915.65,39468,364.0,2026-09-04
METROGLOBL,EQ,137.0,139.5,133.25,136.14,137.0,601,0.81,2026-09-04
METROPOLIS,EQ,593.4,593.4,584.9,588.7,591.9,239323,1409.21,2026-09-04
MFML,EQ,18.63,18.8,18.12,18.59,18.36,3002,0.56,2026-09-04
MFSL,EQ,1537.0,1569.0,1531.4,1548.4,1537.0,543214,8444.36,2026-09-04
MGL,EQ,1067.0,1101.6,1067.0,1096.6,1066.4,288338,3143.72,2026-09-04
MHRIL,EQ,208.0,211.0,206.55,207.4,207.91,155829,324.38,2026-09-04
MID150,EQ,23.56,23.71,23.54,23.61,23.63,59978,14.19,2026-09-04
MID150BEES,EQ,241.04,241.05,238.67,240.15,240.14,654280,1572.81,2026-09-04
MID150CASE,EQ,11.72,11.74,11.65,11.68,11.68,879546,102.93,2026-09-04
MIDBANKADD,EQ,17.52,17.54,17.47,17.5,17.52,10430,1.82,2026-09-04
MIDCAP,EQ,18.89,18.89,17.9,18.51,18.52,695787,128.76,2026-09-04
MIDCAPADD,EQ,23.14,23.36,23.14,23.28,23.14,1461,0.34,2026-09-04
MIDCAPBETA,EQ,234.77,235.82,232.07,233.21,234.77,767,1.8,2026-09-04
MIDCAPETF,EQ,24.23,24.23,23.7,23.73,23.75,1238138,294.38,2026-09-04
MIDCAPIETF,EQ,24.54,24.54,24.02,24.06,24.06,669603,161.38,2026-09-04
MIDHANI,EQ,417.0,428.2,416.3,418.8,416.9,562610,2368.82,2026-09-04
MIDQ50ADD,EQ,25.06,25.14,24.95,25.01,25.06,45658,11.43,2026-09-04
MIDSELIETF,EQ,19.92,20.05,19.88,19.93,19.92,137616,27.48,2026-09-04
MIDSMALL,EQ,52.07,53.07,51.7,51.82,52.03,148865,77.24,2026-09-04
MIDWESTLTD,EQ,1064.9,1065.0,1053.0,1062.1,1054.3,7030,74.49,2026-09-04
MIIL,EQ,722.0,722.35,711.85,717.05,718.4,82890,593.01,2026-09-04
MILKYMIST,EQ,255.0,260.59,249.5,252.43,252.89,14599282,37040.27,2026-09-04
MINDACORP,EQ,709.75,709.8,695.25,702.8,706.5,199782,1399.73,2026-09-04
MINDTECK,EQ,168.0,170.98,167.15,168.81,168.22,17432,29.51,2026-09-04
MIRZAINT,EQ,30.7,31.5,30.7,30.96,30.99,65986,20.48,2026-09-04
MITTAL,EQ,0.8,0.82,0.78,0.8,0.78,713212,5.7,2026-09-04
MKEXIM,EQ,61.89,63.0,60.24,62.18,60.18,17942,11.06,2026-09-04
MKPL,EQ,4.06,4.12,3.92,4.02,4.06,143996,5.79,2026-09-04
MLKFOOD,EQ,83.55,85.0,82.5,83.63,82.62,1824,1.53,2026-09-04
MMFL,EQ,643.8,649.9,620.0,630.1,641.8,163248,1032.45,2026-09-04
MMP,EQ,399.9,404.95,383.35,404.15,395.95,112103,445.14,2026-09-04
MMTC,EQ,62.61,66.2,62.53,64.18,62.32,8443462,5489.46,2026-09-04
MMWL,EQ,14.1,14.59,14.1,14.53,14.07,8751,1.27,2026-09-04
MNC,EQ,34.1,34.1,33.16,33.21,33.27,83789,27.83,2026-09-04
MOALPHA50,EQ,56.36,57.5,56.16,56.36,56.62,5914,3.33,2026-09-04
MOBANK10,EQ,17.0,17.0,16.85,16.95,16.9,868,0.15,2026-09-04
MOBIKWIK,EQ,191.15,193.72,189.9,192.12,190.61,393306,756.35,2026-09-04
MOCAPITAL,EQ,55.14,55.14,54.02,54.5,53.8,682395,372.14,2026-09-04
MODEFENCE,EQ,106.9,107.97,106.5,107.14,106.05,3442112,3705.64,2026-09-04
MODINATUR,EQ,345.1,345.1,328.0,340.95,334.3,3782,12.9,2026-09-04
MODIRUBBER,EQ,135.38,135.38,130.42,131.3,131.83,1186,1.57,2026-09-04
MODIS,EQ,377.5,383.8,376.6,380.85,379.1,11292,42.94,2026-09-04
MODISONLTD,EQ,479.2,494.65,469.95,469.95,494.65,412447,1968.01,2026-09-04
MODTHREAD,EQ,53.0,55.98,53.0,54.37,53.39,12306,6.67,2026-09-04
MOENERGY,EQ,38.0,38.99,37.86,38.42,38.31,118745,45.62,2026-09-04
MOGOLD,EQ,150.55,153.0,150.55,151.75,150.65,39281,59.69,2026-09-04
MOGSEC,EQ,65.38,65.7,65.34,65.69,65.4,1982,1.3,2026-09-04
MOHEALTH,EQ,52.68,52.68,51.67,51.84,52.17,31140,16.17,2026-09-04
MOHITE,EQ,2.8,2.84,2.6,2.79,2.8,133842,3.67,2026-09-04
MOHITIND,EQ,24.99,24.99,23.37,23.78,23.72,10348,2.45,2026-09-04
MOIL,EQ,252.7,253.7,249.97,252.3,250.68,505504,1272.2,2026-09-04
MOINFRA,EQ,58.7,58.7,58.45,58.68,58.66,1827,1.07,2026-09-04
MOIPO,EQ,48.69,51.0,48.65,49.15,48.74,23258,11.43,2026-09-04
MOKSH,EQ,9.99,10.2,9.99,10.07,9.98,112542,11.36,2026-09-04
MOL,EQ,68.23,68.75,66.28,66.66,67.52,1538689,1034.6,2026-09-04
MOLBIO,EQ,1139.9,1177.0,1117.2,1160.5,1135.2,594273,6809.2,2026-09-04
MOLDTKPAC,EQ,702.85,710.05,700.0,706.65,699.6,36489,257.31,2026-09-04
MOLOWVOL,EQ,36.09,36.21,35.97,36.12,36.35,3927,1.42,2026-09-04
MOM100,EQ,68.6,68.73,68.0,68.18,68.18,153254,104.72,2026-09-04
MOM30IETF,EQ,30.64,31.41,30.64,31.36,31.27,501933,157.26,2026-09-04
MOM50,EQ,250.29,252.0,250.29,251.47,250.41,1830,4.59,2026-09-04
MOMENTUM,EQ,31.25,31.56,31.0,31.06,31.37,128103,39.93,2026-09-04
MOMENTUM30,EQ,30.79,30.87,30.66,30.81,30.65,21437,6.6,2026-09-04
MOMENTUM50,EQ,54.54,54.55,53.78,54.38,54.25,675732,367.28,2026-09-04
MOMETAL,EQ,13.21,13.41,13.16,13.32,13.16,9735,1.3,2026-09-04
MOMGF,EQ,161.93,170.0,161.93,165.66,162.74,315,0.51,2026-09-04
MOMIDMTM,EQ,64.7,64.89,64.5,64.55,64.7,59852,38.69,2026-09-04
MOMMIDCAP,EQ,13.01,13.07,12.98,12.99,13.02,463054,60.26,2026-09-04
MOMNC,EQ,33.0,33.0,32.15,32.19,32.29,2895,0.93,2026-09-04
MOMOMENTUM,EQ,61.92,62.62,61.56,62.27,62.18,43375,26.94,2026-09-04
MON100,EQ,324.67,324.67,324.67,324.67,323.86,70173,227.83,2026-09-04
MON50EQUAL,EQ,33.3,33.3,32.98,33.17,33.16,6254,2.07,2026-09-04
MONARCH,EQ,380.1,382.65,373.0,377.9,381.3,77678,293.17,2026-09-04
MONEXT50,EQ,73.05,73.33,72.84,73.14,73.05,1755,1.28,2026-09-04
MONEYBOXX,EQ,56.93,68.66,56.93,58.8,57.22,92042,57.92,2026-09-04
MONIFTY100,EQ,25.28,25.35,25.2,25.32,25.17,23737,6.01,2026-09-04
MONIFTY500,EQ,23.8,23.93,23.8,23.91,23.8,249509,59.62,2026-09-04
MONQ50,EQ,141.93,141.93,141.93,141.93,141.73,17832,25.31,2026-09-04
MONTECARLO,EQ,567.4,577.0,562.15,574.5,564.45,53976,307.52,2026-09-04
MOOILGAS,EQ,11.21,11.29,11.19,11.29,11.21,6633,0.75,2026-09-04
MOPSE,EQ,99.46,102.5,99.42,101.57,99.4,217,0.22,2026-09-04
MOQUALITY,EQ,199.49,199.53,198.14,198.73,199.01,1467,2.92,2026-09-04
MOREALTY,EQ,92.0,92.55,90.12,90.84,91.75,2200446,2008.92,2026-09-04
MOREPENLAB,EQ,117.91,118.0,112.55,113.74,117.45,17563502,20173.43,2026-09-04
MOSCHIP,EQ,213.56,215.19,211.11,212.22,213.57,1176516,2505.64,2026-09-04
MOSERVICE,EQ,30.91,30.99,30.9,30.91,30.64,4297,1.33,2026-09-04
MOSILVER,EQ,231.14,231.15,228.28,230.02,227.19,20361,46.84,2026-09-04
MOSMALL250,EQ,18.96,18.96,18.45,18.52,18.55,1698632,314.9,2026-09-04
MOTHERSON,EQ,162.01,162.9,160.26,160.7,162.0,7139764,11505.62,2026-09-04
MOTILALOFS,EQ,1023.0,1040.8,1022.8,1037.0,1012.8,807197,8336.75,2026-09-04
MOTISONS,EQ,15.21,17.5,15.21,16.48,15.37,123701270,20458.96,2026-09-04
MOTOUR,EQ,78.21,78.21,77.63,77.74,77.89,14189,11.05,2026-09-04
MOVALUE,EQ,115.0,115.0,112.8,113.26,112.8,33586,38.02,2026-09-04
MPHASIS,EQ,2482.0,2502.7,2417.3,2422.0,2471.0,160732,3936.35,2026-09-04
MPSLTD,EQ,2633.6,2700.0,2631.6,2658.9,2620.6,15166,404.13,2026-09-04
MRF,EQ,130950.0,131080.0,129705.0,129945.0,130510.0,4656,6061.01,2026-09-04
MRPL,EQ,176.4,178.9,174.25,174.83,175.99,3031271,5337.26,2026-09-04
MSCI360,EQ,10.12,10.27,10.04,10.27,10.06,6033,0.61,2026-09-04
MSCIADD,EQ,29.37,29.53,29.37,29.53,29.37,836,0.25,2026-09-04
MSCIINDIA,EQ,29.85,29.89,29.71,29.82,29.71,544455,162.41,2026-09-04
MSL,EQ,145.0,149.0,137.53,142.22,137.53,1952,2.88,2026-09-04
MSPL,EQ,35.79,35.8,35.01,35.4,35.34,334614,118.26,2026-09-04
MSTCLTD,EQ,746.55,749.0,724.0,734.2,744.25,159233,1172.79,2026-09-04
MSUMI,EQ,36.81,37.05,36.18,36.52,37.03,12064648,4400.19,2026-09-04
MTNL,EQ,26.59,26.98,26.47,26.55,26.42,518060,137.94,2026-09-04
MUFIN,EQ,137.45,138.78,136.42,137.56,136.92,1131652,1558.44,2026-09-04
MUFTI,EQ,72.85,75.6,72.51,75.23,72.87,149617,111.5,2026-09-04
MUKANDLTD,EQ,133.49,134.9,132.81,134.44,132.97,44731,59.88,2026-09-04
MUKESHB,EQ,134.0,134.0,133.9,133.91,134.0,312,0.42,2026-09-04
MUKKA,EQ,29.99,32.44,28.96,31.34,28.72,6910108,2123.55,2026-09-04
MULTICAP,EQ,16.83,16.84,16.76,16.79,16.75,75191,12.63,2026-09-04
MUNJALAU,EQ,113.45,114.99,111.34,112.28,112.92,317397,357.53,2026-09-04
MUNJALSHOW,EQ,129.27,130.8,128.1,129.21,129.27,19122,24.85,2026-09-04
MURUDCERA,EQ,30.45,30.48,29.45,29.66,29.97,15994,4.76,2026-09-04
MUTHOOTCAP,EQ,248.0,249.88,238.9,241.72,243.75,9133,22.21,2026-09-04
MUTHOOTFIN,EQ,2971.0,2979.9,2913.0,2913.8,2926.5,583485,17128.52,2026-09-04
MUTHOOTMF,EQ,208.99,209.55,204.8,205.29,206.89,177382,366.62,2026-09-04
MVELECTRO,EQ,730.65,752.4,710.0,729.7,730.65,3173336,23238.05,2026-09-04
MVGJL,EQ,172.1,187.8,172.1,179.9,171.97,1146917,2088.19,2026-09-04
MWL,EQ,39.7,39.7,37.6,38.56,39.08,243445,94.28,2026-09-04
NACLIND,EQ,166.0,168.45,165.21,166.84,166.45,220617,367.85,2026-09-04
NAGREEKCAP,EQ,22.87,23.34,22.22,23.25,22.87,2918,0.66,2026-09-04
NAGREEKEXP,EQ,21.1,25.0,20.81,24.1,21.3,411783,93.99,2026-09-04
NAHARCAP,EQ,259.5,261.9,258.0,261.75,259.5,798,2.07,2026-09-04
NAHARINDUS,EQ,137.96,139.23,136.23,137.63,137.96,17477,24.08,2026-09-04
NAHARPOLY,EQ,247.86,247.86,239.4,244.54,248.39,12772,31.12,2026-09-04
NAHARSPING,EQ,295.7,296.0,288.1,289.8,293.0,36995,107.72,2026-09-04
NAM-INDIA,EQ,1160.0,1184.5,1151.8,1159.9,1164.9,1522876,17729.27,2026-09-04
NARMADA,EQ,13.65,13.79,13.35,13.51,13.62,246596,33.35,2026-09-04
NATCOPHARM,EQ,839.0,841.8,826.5,828.65,838.3,445370,3704.54,2026-09-04
NATHBIOGEN,EQ,154.0,154.94,151.66,153.12,153.07,7468,11.41,2026-09-04
NATIONALUM,EQ,376.0,378.95,372.75,374.1,374.0,5517970,20702.78,2026-09-04
NATIONSTD,EQ,106.5,108.06,104.0,107.74,104.75,16687,17.85,2026-09-04
NAUKRI,EQ,1330.5,1349.5,1313.1,1319.8,1330.0,556306,7367.86,2026-09-04
NAVA,EQ,558.5,562.95,556.5,560.2,557.2,192328,1076.58,2026-09-04
NAVINFLUOR,EQ,8700.0,8700.0,8512.0,8557.5,8697.0,131131,11258.84,2026-09-04
NAVKARCORP,EQ,97.51,99.41,96.0,96.24,97.44,230610,223.57,2026-09-04
NAVNETEDUL,EQ,132.75,132.75,130.88,131.21,132.08,77764,102.41,2026-09-04
NAZARA,EQ,366.8,370.95,363.25,368.65,365.8,1088812,4000.27,2026-09-04
NBCC,EQ,86.5,87.35,86.31,86.6,86.5,2548390,2211.5,2026-09-04
NBIFIN,EQ,1971.7,1998.6,1960.0,1981.9,1983.4,5313,104.47,2026-09-04
NCC,EQ,146.6,150.45,145.87,149.7,147.24,2168692,3209.16,2026-09-04
NCLIND,EQ,176.01,179.0,175.52,177.81,177.36,29351,52.0,2026-09-04
NDGL,EQ,2760.0,2840.0,2735.5,2787.7,2757.6,392,10.93,2026-09-04
NDL,EQ,2.83,2.87,2.8,2.83,2.83,1205958,34.17,2026-09-04
NDLVENTURE,EQ,123.9,125.1,123.18,124.72,123.01,18630,23.15,2026-09-04
NDRAUTO,EQ,727.8,729.0,716.8,723.45,724.2,8337,60.25,2026-09-04
NDTV,EQ,71.0,75.3,70.75,74.27,70.66,236637,173.45,2026-09-04
NEAGI,EQ,3300.1,3300.1,3300.1,3300.1,3370.1,1,0.03,2026-09-04
NECLIFE,EQ,12.2,12.49,12.11,12.19,12.17,205001,25.07,2026-09-04
NELCAST,EQ,118.76,119.48,116.5,116.99,118.76,88011,103.42,2026-09-04
NELCO,EQ,939.5,942.75,908.0,911.25,933.75,159766,1472.64,2026-09-04
NEOGEN,EQ,2149.0,2172.6,2123.0,2137.9,2137.1,88400,1898.07,2026-09-04
NEPHROPLUS,EQ,711.85,720.0,692.0,697.05,706.75,197509,1398.37,2026-09-04
NESCO,EQ,1039.5,1066.8,1039.5,1047.6,1044.8,48170,506.79,2026-09-04
NESTLEIND,EQ,1415.0,1420.0,1402.5,1410.5,1416.0,974257,13737.96,2026-09-04
NETF,EQ,262.0,263.89,260.0,261.4,260.55,5315,13.88,2026-09-04
NETWEB,EQ,5297.5,5424.0,5164.5,5193.0,5270.0,1816227,96148.68,2026-09-04
NETWORK18,EQ,27.56,28.53,27.56,28.38,27.55,3493333,982.45,2026-09-04
NEULANDLAB,EQ,23095.0,23095.0,22550.0,22660.0,22890.0,21110,4812.86,2026-09-04
NEWGEN,EQ,522.0,543.95,522.0,524.8,517.65,2160906,11509.75,2026-09-04
NEXT30ADD,EQ,42.65,42.78,42.5,42.69,42.59,3585,1.53,2026-09-04
NEXT50,EQ,758.91,758.91,754.01,755.1,755.13,85666,647.45,2026-09-04
NEXT50ADD,EQ,73.68,73.72,73.3,73.52,73.68,13815,10.16,2026-09-04
NEXT50BETA,EQ,78.9,79.58,78.81,79.05,78.93,686812,543.44,2026-09-04
NEXT50ETF,EQ,73.64,74.0,73.5,73.83,73.64,8527,6.29,2026-09-04
NEXT50IETF,EQ,78.6,78.6,77.06,77.25,77.06,319174,246.65,2026-09-04
NEXTMEDIA,EQ,3.86,4.12,3.86,3.89,4.0,54384,2.14,2026-09-04
NFL,EQ,70.34,70.88,70.34,70.51,70.33,400837,282.91,2026-09-04
NGIL,EQ,41.04,41.04,39.55,40.58,40.24,5259,2.11,2026-09-04
NGLFINE,EQ,2940.0,2981.9,2890.5,2907.5,2940.8,7107,208.09,2026-09-04
NH,EQ,1881.0,1898.8,1850.5,1858.5,1882.2,210266,3932.12,2026-09-04
NHPC,EQ,76.39,76.75,75.91,76.25,76.45,4059538,3101.46,2026-09-04
NIACL,EQ,196.49,234.39,196.49,229.91,195.33,66928665,149304.35,2026-09-04
NIBE,EQ,1327.0,1349.0,1325.0,1336.6,1322.0,28848,385.27,2026-09-04
NIBL,EQ,30.51,31.64,30.51,30.8,30.76,6851,2.12,2026-09-04
NICCOPAR,EQ,77.51,83.99,77.43,79.55,78.2,2885,2.31,2026-09-04
NIF100BEES,EQ,265.32,267.34,265.19,266.58,265.6,31122,83.01,2026-09-04
NIF100IETF,EQ,28.14,28.14,27.95,28.05,27.93,44315,12.41,2026-09-04
NIF500BETA,EQ,38.3,38.3,37.39,37.54,37.45,990,0.37,2026-09-04
NIFTY1,EQ,265.42,272.7,265.31,265.82,265.42,54358,144.54,2026-09-04
NIFTY100EW,EQ,35.0,35.1,34.95,35.06,35.0,16624,5.83,2026-09-04
NIFTYADD,EQ,252.72,253.75,251.8,252.48,251.97,3105,7.84,2026-09-04
NIFTYAXIS,EQ,265.78,265.99,264.62,265.62,264.58,27062,71.88,2026-09-04
NIFTYBEES,EQ,278.08,278.08,272.56,273.27,272.63,3162846,8645.02,2026-09-04
NIFTYBETA,EQ,267.57,267.57,265.15,265.73,264.92,8750,23.27,2026-09-04
NIFTYBETF,EQ,249.51,249.51,245.75,246.65,245.83,1413872,3486.27,2026-09-04
NIFTYCASE,EQ,9.8,9.8,9.59,9.64,9.59,560039,53.98,2026-09-04
NIFTYETF,EQ,260.99,261.45,259.58,260.69,260.05,110752,288.88,2026-09-04
NIFTYIETF,EQ,272.23,272.4,270.51,271.88,270.98,315336,857.66,2026-09-04
NIFTYJBLK,EQ,12.29,12.57,12.23,12.29,12.29,56629,6.96,2026-09-04
NIFTYQLITY,EQ,21.29,21.43,21.24,21.32,21.36,16867,3.59,2026-09-04
NIITLTD,EQ,97.5,100.57,97.5,98.96,97.57,255516,253.43,2026-09-04
NIITMTS,EQ,229.99,229.99,222.21,225.94,222.91,100147,225.74,2026-09-04
NILAINFRA,EQ,6.7,6.75,6.62,6.67,6.7,220311,14.69,2026-09-04
NILASPACES,EQ,12.45,12.54,12.18,12.23,12.28,666134,81.8,2026-09-04
NILE,EQ,1456.0,1492.0,1450.3,1465.8,1470.5,2840,41.71,2026-09-04
NILKAMAL,EQ,2101.8,2130.0,2081.0,2116.5,2111.1,19143,403.49,2026-09-04
NIMBSPROJ,EQ,154.0,154.0,144.34,147.84,151.93,4411,6.48,2026-09-04
NINSYS,EQ,716.9,716.95,702.6,712.75,709.25,2822,20.02,2026-09-04
NIPPOBATRY,EQ,323.75,333.55,323.0,331.75,324.0,2225,7.28,2026-09-04
NIRAJ,EQ,29.1,29.4,28.37,28.72,29.13,30448,8.75,2026-09-04
NIRLON,EQ,621.6,624.5,610.0,620.0,621.6,10246,63.57,2026-09-04
NITCO,EQ,96.7,97.0,94.95,96.1,96.28,449640,431.43,2026-09-04
NITINSPIN,EQ,640.25,644.4,633.7,639.05,640.25,63257,404.19,2026-09-04
NITIRAJ,EQ,207.95,241.0,200.0,219.19,205.13,38842,86.82,2026-09-04
NITTAGELA,EQ,1600.3,1654.0,1600.0,1632.5,1639.1,5396,87.83,2026-09-04
NIVABUPA,EQ,80.75,81.07,79.51,80.11,80.73,804923,644.7,2026-09-04
NKIND,EQ,58.85,59.9,57.01,57.1,56.32,937,0.56,2026-09-04
NLCINDIA,EQ,277.0,277.1,272.05,273.05,274.9,714404,1955.75,2026-09-04
NMDC,EQ,84.52,85.18,84.26,84.7,84.19,13224234,11199.31,2026-09-04
NOCIL,EQ,172.3,174.5,170.0,172.44,171.8,403591,694.94,2026-09-04
NOIDATOLL,EQ,4.27,4.27,4.03,4.14,4.27,171080,7.13,2026-09-04
NORBTEAEXP,EQ,71.8,71.8,67.0,70.69,68.55,752,0.53,2026-09-04
NORTHARC,EQ,306.7,307.1,299.15,302.15,304.6,1089238,3293.64,2026-09-04
NOVARTIND,EQ,1614.9,1665.0,1614.9,1646.7,1614.1,22436,370.9,2026-09-04
NPBET,EQ,292.57,292.57,288.29,290.32,292.64,1194,3.46,2026-09-04
NPST,EQ,1720.9,1775.0,1705.0,1718.8,1718.4,56393,984.35,2026-09-04
NRAIL,EQ,498.95,595.25,496.05,584.0,496.05,157426,898.69,2026-09-04
NRBBEARING,EQ,453.9,453.9,443.6,447.0,451.05,195054,873.28,2026-09-04
NSIL,EQ,5683.0,5799.0,5636.0,5721.5,5683.0,4333,248.2,2026-09-04
NSLNISP,EQ,45.61,46.5,44.97,46.02,45.4,5132127,2352.98,2026-09-04
NTCIND,EQ,139.0,139.0,130.26,133.16,132.95,7739,10.57,2026-09-04
NTPC,EQ,332.75,334.05,329.8,332.5,330.9,7032282,23363.77,2026-09-04
NTPCGREEN,EQ,88.74,89.5,88.65,89.36,88.73,1370420,1221.99,2026-09-04
NUCLEUS,EQ,740.0,743.45,726.0,729.15,740.0,38501,283.82,2026-09-04
NUVAMA,EQ,1856.0,1862.8,1796.4,1815.6,1839.2,263032,4818.11,2026-09-04
NUVOCO,EQ,336.65,354.8,336.45,352.15,338.1,1482368,5189.37,2026-09-04
NV20,EQ,14.28,14.28,13.93,13.99,13.94,87237,12.16,2026-09-04
NV20BEES,EQ,139.15,140.12,139.0,139.39,139.13,5065,7.07,2026-09-04
NV20IETF,EQ,13.55,13.65,13.55,13.62,13.55,322970,44.0,2026-09-04
NYKAA,EQ,332.15,336.15,332.0,332.5,334.2,2156326,7203.79,2026-09-04
OAL,EQ,507.0,532.5,503.7,519.9,502.3,181436,943.8,2026-09-04
OBCL,EQ,55.13,55.7,55.1,55.19,54.99,1073,0.59,2026-09-04
OBEROIRLTY,EQ,1914.0,1932.8,1874.0,1875.6,1902.0,585940,11162.49,2026-09-04
ODIGMA,EQ,23.99,23.99,23.21,23.45,23.47,11579,2.73,2026-09-04
ODYCORP,EQ,6.93,8.31,6.81,7.46,6.93,311228,24.01,2026-09-04
OFSS,EQ,12199.0,12348.0,12028.0,12058.0,12149.0,166477,20254.77,2026-09-04
OIL,EQ,492.0,492.55,486.5,488.3,490.0,1259478,6162.14,2026-09-04
OILIETF,EQ,11.34,11.41,11.28,11.37,11.33,1207003,137.41,2026-09-04
OLAELEC,EQ,37.65,38.95,37.56,38.2,37.47,42570426,16216.17,2026-09-04
OLECTRA,EQ,1247.0,1260.7,1223.2,1229.0,1244.8,251277,3113.82,2026-09-04
OMAXAUTO,EQ,183.59,186.58,181.3,183.07,183.59,18555,34.14,2026-09-04
OMAXE,EQ,128.42,138.89,127.01,136.38,127.29,5607789,7503.42,2026-09-04
OMINFRAL,EQ,82.0,86.0,81.89,84.43,82.68,68243,57.02,2026-09-04
OMNI,EQ,523.0,529.85,518.8,526.0,519.25,303506,1594.98,2026-09-04
OMPOWER,EQ,171.23,176.9,170.2,175.68,171.09,75803,132.23,2026-09-04
ONEGLOBAL,EQ,547.8,552.95,530.35,542.4,527.15,16907,92.02,2026-09-04
ONEPOINT,EQ,54.6,58.77,54.51,57.01,54.62,2688123,1544.02,2026-09-04
ONESOURCE,EQ,1585.0,1596.3,1526.0,1537.8,1575.7,112994,1753.98,2026-09-04
ONGC,EQ,235.44,235.44,233.6,234.65,236.0,5338085,12522.1,2026-09-04
ONIDA,EQ,34.3,34.89,33.56,34.64,34.35,244072,83.69,2026-09-04
ONIXSOLAR,EQ,402.0,403.2,399.95,403.2,384.0,265016,1067.98,2026-09-04
ONWARDTEC,EQ,283.3,288.0,280.0,284.35,283.3,37115,105.55,2026-09-04
OPTIEMUS,EQ,569.1,579.25,562.1,569.3,564.85,61281,349.04,2026-09-04
OPTIFIN,EQ,14.98,15.87,14.25,14.84,14.98,167616,25.58,2026-09-04
ORCHASP,EQ,1.43,1.43,1.38,1.39,1.41,79157,1.11,2026-09-04
ORCHPHARMA,EQ,937.0,965.45,934.7,954.65,934.65,41657,396.21,2026-09-04
ORICONENT,EQ,53.2,54.7,52.66,54.15,52.99,22589,12.19,2026-09-04
ORIENTALTL,EQ,5.07,5.64,4.93,5.31,5.02,322042,16.89,2026-09-04
ORIENTBELL,EQ,417.0,423.95,410.0,420.1,412.65,69026,288.33,2026-09-04
ORIENTCEM,EQ,128.0,130.21,128.0,129.68,128.48,118199,153.05,2026-09-04
ORIENTCER,EQ,44.3,45.8,43.72,43.91,43.94,73584,32.52,2026-09-04
ORIENTELEC,EQ,179.0,181.28,176.57,179.19,178.15,74074,132.09,2026-09-04
ORIENTHOT,EQ,142.48,142.48,139.06,139.93,141.96,301159,423.35,2026-09-04
ORIENTPPR,EQ,17.14,17.35,17.0,17.08,17.13,100814,17.3,2026-09-04
ORIENTTECH,EQ,239.88,242.0,236.44,238.39,238.75,63818,152.46,2026-09-04
ORIRAIL,EQ,125.3,134.94,125.3,130.76,125.72,263412,344.64,2026-09-04
ORISSAMINE,EQ,4302.0,4350.0,4270.1,4311.7,4290.3,4863,209.36,2026-09-04
ORKLAINDIA,EQ,585.1,598.7,585.1,594.15,588.5,84660,503.06,2026-09-04
ORTINGLOBE,EQ,15.7,15.77,15.2,15.67,15.02,9743,1.53,2026-09-04
OSWALAGRO,EQ,36.88,37.29,36.5,36.66,36.88,21089,7.74,2026-09-04
OSWALGREEN,EQ,20.0,20.63,20.0,20.39,19.86,158014,32.15,2026-09-04
OSWALPUMPS,EQ,282.85,291.5,278.0,279.2,279.55,858028,2418.21,2026-09-04
OSWALSEEDS,EQ,11.61,12.0,11.61,11.72,11.92,48433,5.73,2026-09-04
PACEDIGITK,EQ,167.5,168.39,166.12,167.59,166.23,512494,858.15,2026-09-04
PACIFICI,EQ,140.05,149.0,137.15,143.82,145.0,288,0.41,2026-09-04
PAGEIND,EQ,35865.0,36370.0,35680.0,36300.0,35865.0,14523,5249.92,2026-09-04
PAISALO,EQ,71.65,74.2,70.05,74.1,70.28,31201929,22799.46,2026-09-04
PAKKA,EQ,73.95,74.98,72.05,73.71,73.64,119489,87.86,2026-09-04
PALASHSECU,EQ,91.7,91.7,89.0,90.17,88.43,427,0.39,2026-09-04
PANACEABIO,EQ,389.0,396.4,380.0,381.25,389.05,56486,217.04,2026-09-04
PANAMAPET,EQ,489.0,497.85,479.0,495.45,484.55,242825,1189.72,2026-09-04
PANORAMA,EQ,46.0,48.0,44.6,47.41,45.83,473879,222.84,2026-09-04
PANSARI,EQ,301.0,310.4,292.0,300.05,300.0,589,1.77,2026-09-04
PARACABLES,EQ,64.1,69.0,64.0,65.51,64.3,4472304,3006.11,2026-09-04
PARADEEP,EQ,154.0,157.68,152.5,157.0,153.53,3778120,5874.19,2026-09-04
PARAGMILK,EQ,255.0,255.7,247.05,249.6,254.2,613677,1532.27,2026-09-04
PARAS,EQ,1415.8,1439.9,1410.0,1414.9,1411.5,552173,7852.79,2026-09-04
PARASPETRO,EQ,2.23,2.23,2.11,2.14,2.13,112807,2.41,2026-09-04
PARKHOSPS,EQ,289.0,289.35,283.75,286.25,286.7,504932,1446.49,2026-09-04
PARKHOTELS,EQ,112.95,113.7,111.82,112.18,113.14,155104,174.0,2026-09-04
PARNAXLAB,EQ,135.54,135.54,130.0,134.8,135.54,736,0.98,2026-09-04
PASHUPATI,EQ,83.5,83.5,81.3,81.94,83.1,25243,20.78,2026-09-04
PATANJALI,EQ,345.0,345.75,341.2,342.5,342.9,1749871,6004.21,2026-09-04
PATELENG,EQ,27.12,27.5,27.0,27.28,27.11,2330616,635.91,2026-09-04
PATELRMART,EQ,221.9,221.9,217.3,218.32,220.58,23300,51.01,2026-09-04
PAUSHAKLTD,EQ,808.0,816.45,781.0,785.5,806.15,31723,251.99,2026-09-04
PAVNAIND,EQ,16.72,18.3,16.72,17.22,16.87,48040,8.32,2026-09-04
PAYTM,EQ,1635.2,1697.7,1626.6,1659.5,1637.0,5191803,86669.65,2026-09-04
PBMPOLY,EQ,59.3,64.0,57.14,61.0,58.67,528,0.32,2026-09-04
PCBL,EQ,315.7,318.4,315.15,317.0,314.25,621744,1966.76,2026-09-04
PCJEWELLER,EQ,10.6,12.17,10.51,11.86,10.52,1088942848,124274.5,2026-09-04
PDMJEPAPER,EQ,96.0,96.06,92.7,93.22,94.57,86197,81.07,2026-09-04
PDSL,EQ,356.0,361.25,352.5,358.5,353.9,97344,347.9,2026-09-04
PEARLPOLY,EQ,15.05,15.9,15.0,15.08,15.29,14296,2.21,2026-09-04
PENIND,EQ,168.7,171.0,167.02,169.56,166.88,477553,806.93,2026-09-04
PERMAGN,EQ,889.95,906.1,868.05,888.2,876.6,2962,26.3,2026-09-04
PERSISTENT,EQ,5680.0,5724.5,5634.0,5643.0,5657.0,302507,17166.69,2026-09-04
PETRONET,EQ,290.25,292.15,287.8,288.1,289.5,1412952,4099.6,2026-09-04
PFC,EQ,344.9,357.7,344.0,355.6,345.5,19206290,67848.78,2026-09-04
PFIZER,EQ,4628.2,4667.9,4575.0,4609.7,4643.7,32739,1511.83,2026-09-04
PFOCUS,EQ,298.95,309.95,289.85,307.0,291.65,1960283,5889.47,2026-09-04
PFS,EQ,27.4,27.73,26.75,26.94,27.11,481425,130.82,2026-09-04
PGEL,EQ,554.9,564.0,552.05,562.3,553.9,990864,5543.12,2026-09-04
PGHH,EQ,7725.0,7754.5,7659.0,7667.5,7725.0,21072,1620.67,2026-09-04
PGHL,EQ,5757.5,5780.0,5650.0,5660.0,5757.5,7255,412.05,2026-09-04
PGIL,EQ,2316.7,2329.1,2268.3,2278.3,2329.0,82043,1877.76,2026-09-04
PHARMABEES,EQ,27.37,27.6,27.21,27.32,27.37,4482502,1225.34,2026-09-04
PHOENIXLTD,EQ,1961.5,1969.3,1935.5,1942.0,1960.0,263929,5144.32,2026-09-04
PHOENXINTL,EQ,32.5,32.5,28.52,29.01,29.48,5152,1.53,2026-09-04
PICCADIL,EQ,623.6,629.8,612.0,615.75,620.5,167134,1034.09,2026-09-04
PIDILITIND,EQ,1635.2,1638.3,1625.0,1629.5,1638.3,605836,9881.2,2026-09-04
PIGL,EQ,101.8,101.8,98.2,98.78,99.83,28460,28.33,2026-09-04
PIIND,EQ,2415.0,2509.0,2410.0,2465.0,2419.9,415878,10293.74,2026-09-04
PILANIINVS,EQ,4360.0,4375.4,4322.0,4323.8,4354.5,699,30.34,2026-09-04
PILITA,EQ,8.27,8.27,7.75,8.02,7.95,40149,3.21,2026-09-04
PINELABS,EQ,157.4,168.2,155.38,166.37,156.5,46587163,76531.41,2026-09-04
PIONEEREMB,EQ,21.65,21.7,20.86,21.36,21.65,62157,13.24,2026-09-04
PIRAMALFIN,EQ,2221.0,2258.3,2201.6,2225.0,2232.9,98603,2207.19,2026-09-04
PITTIENG,EQ,1112.0,1112.0,1073.0,1084.9,1105.1,48625,530.96,2026-09-04
PIXTRANS,EQ,1799.6,1810.0,1777.0,1791.7,1799.4,12505,224.11,2026-09-04
PKTEA,EQ,777.7,810.0,740.05,802.65,751.75,6257,49.61,2026-09-04
PLASTIBLEN,EQ,189.47,189.58,186.0,187.91,188.33,13407,25.14,2026-09-04
PLATIND,EQ,237.01,237.01,230.0,231.54,234.45,92532,214.95,2026-09-04
PLAZACABLE,EQ,62.75,63.0,60.0,61.32,62.62,128546,79.67,2026-09-04
PML,EQ,493.95,500.0,486.0,488.8,493.95,57,0.28,2026-09-04
PNB,EQ,116.9,118.05,116.45,117.0,116.32,11160741,13118.36,2026-09-04
PNBGILTS,EQ,78.99,85.5,78.99,83.08,78.63,2416618,2010.74,2026-09-04
PNBHOUSING,EQ,1141.1,1195.0,1141.1,1166.0,1145.5,923575,10853.95,2026-09-04
PNC,EQ,16.45,16.9,16.26,16.72,16.62,4397,0.73,2026-09-04
PNCINFRA,EQ,182.95,187.5,180.01,183.11,182.97,499774,914.36,2026-09-04
PNGJL,EQ,589.0,614.4,586.7,609.05,591.25,436673,2651.05,2026-09-04
PNGSREVA,EQ,520.8,523.0,502.05,516.35,516.3,103324,531.2,2026-09-04
POCL,EQ,479.7,490.0,475.25,477.8,476.1,292548,1413.97,2026-09-04
PODDARMENT,EQ,259.7,260.0,253.1,257.1,255.6,2908,7.46,2026-09-04
POEL,EQ,143.05,147.94,141.0,142.78,144.2,51934,74.23,2026-09-04
POKARNA,EQ,832.2,836.0,811.0,817.15,831.4,49926,411.63,2026-09-04
POLICYBZR,EQ,1848.2,1866.6,1828.7,1836.0,1870.0,445054,8202.87,2026-09-04
POLYCAB,EQ,8500.0,8500.0,8250.0,8300.0,8807.5,1559741,130254.82,2026-09-04
POLYMED,EQ,1760.0,1774.9,1690.1,1702.5,1768.7,171700,2962.33,2026-09-04
POLYPLEX,EQ,1207.9,1207.9,1178.1,1191.0,1202.7,72824,866.26,2026-09-04
POLYSPIN,EQ,28.0,29.87,28.0,29.64,28.35,1968,0.56,2026-09-04
PONNIERODE,EQ,402.9,402.9,379.6,382.45,398.65,31436,121.7,2026-09-04
POONAWALLA,EQ,466.55,476.35,464.0,468.45,465.1,713159,3354.4,2026-09-04
POWERGRID,EQ,266.9,267.5,265.05,266.0,265.6,7967122,21205.72,2026-09-04
POWERICA,EQ,519.8,534.0,516.1,525.05,512.95,291923,1539.01,2026-09-04
POWERINDIA,EQ,32000.0,32195.0,31545.0,31650.0,32000.0,83443,26481.67,2026-09-04
POWERMECH,EQ,2399.9,2416.0,2270.1,2306.1,2399.8,135843,3155.23,2026-09-04
PPLPHARMA,EQ,214.99,217.0,210.52,214.22,214.49,2618467,5582.89,2026-09-04
PRABHA,EQ,221.99,258.4,218.81,230.6,220.97,11908766,28983.75,2026-09-04
PRAENG,EQ,25.49,26.1,24.36,24.69,25.75,154995,39.01,2026-09-04
PRAJIND,EQ,339.95,343.35,333.65,335.55,341.6,425298,1432.29,2026-09-04
PRAKASH,EQ,124.16,126.79,123.11,125.63,123.66,297033,372.43,2026-09-04
PRAKASHSTL,EQ,3.65,3.9,3.65,3.82,3.65,213981,8.09,2026-09-04
PRAVEG,EQ,263.0,273.4,261.0,266.15,260.4,28429,75.83,2026-09-04
PRAXIS,EQ,4.46,4.65,4.45,4.65,4.43,292373,13.46,2026-09-04
PRECAM,EQ,122.65,126.0,122.47,124.02,122.1,118929,147.11,2026-09-04
PRECOT,EQ,700.9,709.95,677.15,698.05,699.9,2308,16.13,2026-09-04
PRECWIRE,EQ,491.75,501.85,469.55,472.8,487.85,830119,4020.86,2026-09-04
PREMCO,EQ,388.0,392.0,385.45,390.95,385.55,2051,7.92,2026-09-04
PREMEXPLN,EQ,665.0,672.0,663.0,664.0,666.35,305895,2037.33,2026-09-04
PREMIERENE,EQ,1002.5,1008.8,996.0,1002.0,1008.0,1046394,10463.45,2026-09-04
PREMIERPOL,EQ,93.5,98.8,87.21,95.36,92.35,1113475,1055.73,2026-09-04
PRESTIGE,EQ,1620.1,1646.6,1565.2,1587.0,1615.2,588022,9415.15,2026-09-04
PRICOLLTD,EQ,768.2,772.6,753.2,764.95,768.4,246508,1880.14,2026-09-04
PRIMESECU,EQ,288.85,291.05,281.25,284.5,290.2,24727,70.33,2026-09-04
PRIMO,EQ,20.94,21.89,20.4,21.27,20.68,157678,33.29,2026-09-04
PRINCEPIPE,EQ,284.5,291.5,281.5,283.0,289.5,140756,399.7,2026-09-04
PRISMX,EQ,0.52,0.56,0.52,0.55,0.52,111170,0.6,2026-09-04
PRIVISCL,EQ,3410.0,3410.6,3350.0,3367.3,3373.5,42021,1420.89,2026-09-04
PROSTARM,EQ,131.15,138.0,129.38,134.73,129.73,275346,365.85,2026-09-04
PROTEAN,EQ,497.0,503.0,489.35,496.3,494.8,385965,1912.48,2026-09-04
PROZONER,EQ,46.02,50.7,45.75,49.76,46.42,722413,352.56,2026-09-04
PRSMJOHNSN,EQ,111.16,112.22,111.0,111.12,111.31,167167,186.23,2026-09-04
PRUDENT,EQ,3328.4,3358.5,3200.0,3347.6,3328.5,53800,1771.08,2026-09-04
PSB,EQ,23.19,23.45,22.99,23.23,23.05,1431638,332.65,2026-09-04
PSPPROJECT,EQ,868.0,887.9,862.0,875.5,861.95,51382,449.15,2026-09-04
PSUBANK,EQ,85.6,86.18,85.3,85.53,85.36,235393,201.45,2026-09-04
PSUBANKADD,EQ,87.95,87.95,86.11,86.43,86.59,13572,11.76,2026-09-04
PSUBNKBEES,EQ,95.7,96.2,95.34,95.45,95.68,1284747,1229.38,2026-09-04
PSUBNKIETF,EQ,86.73,87.2,86.18,86.53,86.56,155480,134.84,2026-09-04
PTC,EQ,155.34,156.8,155.25,156.29,155.25,849440,1324.86,2026-09-04
PTCIL,EQ,23705.0,24125.0,23410.0,23830.0,23820.0,65344,15575.65,2026-09-04
PTL,EQ,38.64,39.25,38.25,38.74,38.22,62624,24.31,2026-09-04
PUNJABCHEM,EQ,1099.7,1110.1,1087.1,1100.3,1097.0,2842,31.34,2026-09-04
PURVA,EQ,215.0,236.0,215.0,230.72,211.09,17390475,40009.65,2026-09-04
PVP,EQ,64.89,68.14,62.11,67.94,64.9,5145513,3398.09,2026-09-04
PVRINOX,EQ,1216.0,1232.8,1215.0,1227.2,1247.5,213587,2612.44,2026-09-04
PVSL,EQ,104.95,104.95,101.4,102.63,103.54,28205,28.86,2026-09-04
PVTBANIETF,EQ,28.26,28.35,28.06,28.17,28.15,672096,189.34,2026-09-04
PVTBANK,EQ,27.92,28.0,27.91,28.0,27.85,722,0.2,2026-09-04
PVTBANKADD,EQ,28.37,28.4,28.24,28.34,28.38,17724,5.02,2026-09-04
PVTBKGROWW,EQ,28.19,28.19,27.69,27.92,27.74,7168,2.0,2026-09-04
PWL,EQ,123.37,130.7,123.03,126.42,120.6,62160413,78809.5,2026-09-04
PYRAMID,EQ,156.5,156.5,151.88,153.83,154.87,60009,92.07,2026-09-04
QGOLDHALF,EQ,127.39,128.96,127.1,127.62,126.98,315196,402.46,2026-09-04
QNIFTY,EQ,270.24,270.24,262.8,264.15,263.65,2823,7.45,2026-09-04
QPOWER,EQ,1435.0,1495.3,1431.2,1495.3,1424.1,228191,3383.44,2026-09-04
QUADFUTURE,EQ,427.0,439.0,415.1,417.9,425.6,294130,1243.8,2026-09-04
QUAL30IETF,EQ,21.19,21.39,21.03,21.12,21.07,76847,16.2,2026-09-04
QUALITY30,EQ,20.67,20.8,20.65,20.65,20.75,7309,1.51,2026-09-04
QUESS,EQ,367.0,367.0,343.7,354.75,366.55,974018,3419.96,2026-09-04
QUINT,EQ,41.0,41.35,39.03,40.68,39.91,9343,3.74,2026-09-04
RACE,EQ,98.31,102.29,98.31,99.3,100.94,72608,73.0,2026-09-04
RACLGEAR,EQ,1575.0,1617.9,1544.7,1576.1,1558.8,47944,761.31,2026-09-04
RADAAN,EQ,3.05,3.11,2.82,2.97,2.89,44053,1.3,2026-09-04
RADHIKAJWE,EQ,71.55,85.0,71.55,83.16,71.32,14544177,11799.94,2026-09-04
RADIANTCMS,EQ,40.22,45.25,40.22,41.78,39.87,1713450,733.68,2026-09-04
RADICO,EQ,4536.4,4559.8,4444.0,4494.0,4559.0,205308,9196.98,2026-09-04
RADIOCITY,EQ,6.21,6.38,6.21,6.28,6.24,60215,3.78,2026-09-04
RAILTEL,EQ,270.8,273.9,270.0,271.05,270.9,401507,1090.93,2026-09-04
RAIN,EQ,212.6,217.3,210.1,215.72,211.71,4009182,8591.19,2026-09-04
RAINBOW,EQ,1460.0,1460.0,1432.3,1447.2,1440.8,49513,714.67,2026-09-04
RAJMET,EQ,3.16,3.18,3.1,3.15,3.11,289526,9.1,2026-09-04
RAJPALAYAM,EQ,800.0,809.8,795.0,795.3,799.7,1199,9.55,2026-09-04
RAJRATAN,EQ,495.15,504.9,488.0,498.35,495.1,99899,493.17,2026-09-04
RAJSREESUG,EQ,37.14,37.14,35.35,35.47,36.43,29765,10.63,2026-09-04
RAJTV,EQ,8.21,8.5,8.07,8.07,8.49,220386,17.81,2026-09-04
RALLIS,EQ,210.0,212.51,208.36,208.82,209.83,361939,759.16,2026-09-04
RAMANEWS,EQ,32.96,32.96,31.66,31.75,32.35,4990,1.59,2026-09-04
RAMAPHO,EQ,125.5,125.65,123.01,123.48,124.01,11962,14.82,2026-09-04
RAMBHAJO,EQ,249.9,268.68,247.06,268.68,244.26,1915247,5007.88,2026-09-04
RAMCOCEM,EQ,882.6,894.0,873.8,884.5,879.15,98361,871.37,2026-09-04
RAMCOIND,EQ,326.0,329.7,320.3,323.25,324.0,105342,341.83,2026-09-04
RAMCOSYS,EQ,598.4,615.85,596.5,611.2,586.55,217405,1321.89,2026-09-04
RAMKY,EQ,354.0,354.0,343.6,347.4,351.35,33996,118.03,2026-09-04
RAMRAT,EQ,563.6,574.3,555.2,560.65,560.8,342804,1932.74,2026-09-04
RANASUG,EQ,15.15,15.21,14.72,14.8,15.15,346950,51.6,2026-09-04
RANEHOLDIN,EQ,1635.3,1740.0,1623.5,1651.1,1635.3,102623,1731.24,2026-09-04
RATEGAIN,EQ,870.0,888.45,845.0,851.15,869.75,551109,4731.12,2026-09-04
RATNAMANI,EQ,2661.0,2748.0,2656.2,2727.0,2669.7,72730,1971.69,2026-09-04
RATNAVEER,EQ,289.0,308.25,288.95,304.75,286.1,4493978,13524.27,2026-09-04
RAYMOND,EQ,752.3,756.8,733.05,740.85,757.9,1867268,13967.58,2026-09-04
RAYMONDLSL,EQ,647.95,683.95,647.0,663.65,647.85,335816,2239.39,2026-09-04
RAYMONDREL,EQ,542.5,559.0,524.0,529.15,536.75,936640,5081.5,2026-09-04
RBA,EQ,98.47,101.16,96.5,97.15,97.89,2606009,2572.15,2026-09-04
RBLBANK,EQ,409.0,417.05,406.7,414.35,408.1,7858699,32522.33,2026-09-04
RBZJEWEL,EQ,197.0,204.7,194.0,200.69,191.68,6929954,13846.6,2026-09-04
RCF,EQ,115.2,116.24,114.2,114.92,114.52,1043164,1203.17,2026-09-04
RECLTD,EQ,313.6,320.2,313.2,318.7,313.6,5894088,18652.81,2026-09-04
REDINGTON,EQ,374.4,378.8,367.2,371.3,372.45,3554885,13183.49,2026-09-04
REDTAPE,EQ,118.9,121.9,117.6,120.43,117.48,423314,509.78,2026-09-04
REFEX,EQ,279.05,288.2,279.05,282.55,279.25,249214,707.42,2026-09-04
REGAAL,EQ,89.76,92.69,87.5,88.51,89.17,576781,518.74,2026-09-04
REGENCERAM,EQ,38.2,38.2,34.41,34.86,36.47,1624,0.58,2026-09-04
RELAXO,EQ,345.95,346.9,342.75,344.75,343.95,48646,167.77,2026-09-04
RELCHEMQ,EQ,113.85,118.0,113.85,116.73,116.77,1295,1.5,2026-09-04
RELIABLE,EQ,141.2,141.54,139.21,140.88,141.26,15018,21.14,2026-09-04
RELIANCE,EQ,1304.1,1333.0,1304.1,1322.0,1302.5,13031534,172835.88,2026-09-04
RELIGARE,EQ,251.0,258.4,248.11,257.08,251.89,1795582,4535.5,2026-09-04
RELTD,EQ,160.0,162.0,157.97,161.37,159.15,124230,198.2,2026-09-04
REMSONSIND,EQ,93.69,99.9,93.69,99.35,95.05,158912,156.06,2026-09-04
RENUKA,EQ,24.3,24.66,23.46,24.04,24.27,13578560,3231.72,2026-09-04
REPCOHOME,EQ,358.1,361.95,356.15,358.75,355.75,41434,148.65,2026-09-04
REPRO,EQ,326.7,326.7,317.0,319.45,323.15,4692,15.01,2026-09-04
RESPONIND,EQ,151.25,176.14,150.37,154.9,151.87,40184929,67731.46,2026-09-04
RETAIL,EQ,17.1,17.44,16.5,17.24,17.45,2441,0.41,2026-09-04
RGL,EQ,137.94,150.38,137.89,149.26,137.12,3035236,4473.81,2026-09-04
RHETAN,EQ,25.42,25.42,25.41,25.42,23.11,5456321,1386.75,2026-09-04
RHIM,EQ,372.6,373.8,369.0,371.35,369.75,97629,362.5,2026-09-04
RHL,EQ,167.15,174.79,166.2,167.89,167.6,1284,2.16,2026-09-04
RICOAUTO,EQ,126.95,131.75,126.6,130.46,126.49,1119592,1447.61,2026-09-04
RIIL,EQ,757.0,762.75,748.1,750.95,752.95,42420,319.98,2026-09-04
RIR,EQ,158.0,175.45,158.0,169.86,157.58,335333,561.31,2026-09-04
RISHABH,EQ,738.0,750.0,714.6,738.45,734.95,208178,1520.31,2026-09-04
RITCO,EQ,302.6,304.6,298.55,301.8,301.0,112935,342.22,2026-09-04
RITES,EQ,214.0,217.2,214.0,215.8,213.78,278299,599.99,2026-09-04
RKDL,EQ,18.14,18.74,18.14,18.39,18.32,7502,1.4,2026-09-04
RKEC,EQ,21.67,22.59,19.9,21.73,21.64,65608,13.97,2026-09-04
RKFORGE,EQ,732.5,732.5,689.45,700.85,726.85,1116062,7852.99,2026-09-04
RKSWAMY,EQ,92.5,94.69,91.7,94.25,92.0,16462,15.44,2026-09-04
RMC,EQ,225.3,236.0,224.41,233.54,225.97,40561,93.54,2026-09-04
RML,EQ,1127.5,1333.0,1125.1,1295.9,1127.4,2195205,28418.85,2026-09-04
RNBDENIMS,EQ,10.81,10.81,10.27,10.27,10.81,424488,43.84,2026-09-04
ROHLTD,EQ,298.0,305.2,297.0,298.55,298.5,7153,21.41,2026-09-04
ROLEXRINGS,EQ,176.0,176.36,171.0,171.72,174.83,743997,1288.92,2026-09-04
ROML,EQ,42.2,42.8,41.31,42.0,42.35,11538,4.85,2026-09-04
ROSSARI,EQ,461.0,468.25,456.1,460.25,457.0,83247,383.35,2026-09-04
ROSSELLIND,EQ,57.8,58.05,55.99,56.96,57.67,77117,43.93,2026-09-04
ROSSTECH,EQ,1116.3,1168.0,1116.3,1150.5,1116.3,234989,2695.6,2026-09-04
ROTO,EQ,64.45,65.9,63.6,65.03,63.76,233711,150.66,2026-09-04
ROUTE,EQ,503.65,508.0,500.5,501.55,503.65,76123,383.36,2026-09-04
RPEL,EQ,1889.8,1943.7,1778.4,1807.2,1885.2,209791,3891.59,2026-09-04
RPGLIFE,EQ,2652.4,2739.0,2638.9,2721.6,2652.4,20463,550.5,2026-09-04
RPOWER,EQ,22.11,22.32,22.04,22.08,22.03,13517969,2993.62,2026-09-04
RPPINFRA,EQ,55.65,55.68,53.77,54.14,55.04,32609,17.83,2026-09-04
RPSGVENT,EQ,836.55,872.85,829.0,831.4,833.3,23012,194.97,2026-09-04
RPTECH,EQ,814.0,833.0,811.5,823.65,815.65,158904,1306.88,2026-09-04
RRECL,EQ,138.0,138.0,129.99,136.83,138.37,309,0.41,2026-09-04
RRIL,EQ,16.99,17.0,16.5,16.66,16.71,18631,3.11,2026-09-04
RRKABEL,EQ,2550.0,2609.0,2374.4,2454.1,2617.7,2596720,64011.07,2026-09-04
RSL,EQ,182.93,184.89,181.1,181.5,181.56,337269,617.1,2026-09-04
RSSOFTWARE,EQ,30.1,31.4,29.5,30.61,29.91,50380,15.47,2026-09-04
RSYSTEMS,EQ,252.5,257.5,251.0,256.12,252.64,203978,520.05,2026-09-04
RTNINDIA,EQ,27.63,28.13,27.63,27.82,27.43,1727353,480.87,2026-09-04
RTNPOWER,EQ,7.24,7.39,7.23,7.36,7.24,13604316,993.67,2026-09-04
RTSPOWR,EQ,92.21,99.0,87.1,88.08,90.4,2343,2.12,2026-09-04
RUBFILA,EQ,66.42,72.0,66.05,70.69,66.42,76949,53.85,2026-09-04
RUBICON,EQ,1788.8,1792.0,1752.2,1768.3,1775.7,113571,2011.17,2026-09-04
RUCHINFRA,EQ,6.0,6.11,5.51,5.82,6.04,367135,21.37,2026-09-04
RUCHIRA,EQ,105.5,108.0,105.0,107.5,105.12,61272,65.19,2026-09-04
RUDRA,EQ,20.3,20.8,20.3,20.33,20.38,25195,5.15,2026-09-04
RUPA,EQ,144.43,145.4,143.05,144.49,144.43,81141,116.8,2026-09-04
RUSHIL,EQ,16.2,16.46,15.66,16.01,16.18,247963,39.95,2026-09-04
RUSTOMJEE,EQ,381.75,381.75,372.25,373.95,381.75,27990,105.26,2026-09-04
RVHL,EQ,39.87,40.0,38.25,39.84,39.09,8503,3.36,2026-09-04
RVNL,EQ,211.0,214.18,209.62,212.49,209.3,6287421,13335.87,2026-09-04
RVTH,EQ,729.0,743.9,729.0,734.45,729.05,277,2.02,2026-09-04
S&SPOWER,EQ,317.9,327.8,310.05,323.95,319.85,1826,5.8,2026-09-04
SAATVIKGL,EQ,422.5,428.4,417.1,424.4,421.65,40616,171.61,2026-09-04
SAB,EQ,183.0,183.75,183.0,183.5,175.0,365,0.67,2026-09-04
SADBHAV,EQ,8.03,8.35,8.01,8.15,8.03,131919,10.72,2026-09-04
SAFARI,EQ,1509.5,1550.1,1508.3,1540.4,1509.5,23964,368.74,2026-09-04
SAGARDEEP,EQ,23.76,24.0,23.53,23.62,23.76,5256,1.25,2026-09-04
SAGCEM,EQ,156.01,157.04,152.25,152.86,154.38,244455,374.19,2026-09-04
SAGILITY,EQ,47.0,47.27,46.5,46.82,46.8,11136928,5218.35,2026-09-04
SAHLIBHFI,EQ,88.52,90.8,88.0,89.52,89.12,43843,39.34,2026-09-04
SAHYADRI,EQ,360.0,402.7,360.0,392.15,359.4,111187,434.09,2026-09-04
SAICAPI,EQ,160.2,163.8,155.1,157.56,157.05,1101,1.77,2026-09-04
SAIL,EQ,197.86,200.1,194.3,196.8,197.0,19094202,37749.68,2026-09-04
SAILIFE,EQ,1570.0,1622.0,1561.9,1584.3,1574.8,561938,8964.32,2026-09-04
SAIPARENT,EQ,523.8,523.8,516.0,519.55,518.15,45947,238.74,2026-09-04
SAKAR,EQ,1012.0,1019.0,987.95,1013.9,1006.95,87982,883.97,2026-09-04
SAKHTISUG,EQ,20.35,20.4,19.61,19.78,20.35,175324,34.8,2026-09-04
SAKSOFT,EQ,153.69,156.4,153.01,154.58,153.69,179015,276.23,2026-09-04
SAKUMA,EQ,1.6,1.65,1.55,1.62,1.58,721220,11.56,2026-09-04
SALASAR,EQ,5.12,5.88,5.12,5.2,5.08,26712678,1440.34,2026-09-04
SALONA,EQ,259.5,274.75,259.0,269.95,262.9,74,0.19,2026-09-04
SALSTEEL,EQ,82.2,84.63,80.01,81.37,82.04,233867,191.99,2026-09-04
SALZERELEC,EQ,540.0,555.0,537.05,549.7,537.3,54544,299.11,2026-09-04
SAMBANDAM,EQ,120.0,125.0,120.0,123.23,120.0,206,0.26,2026-09-04
SAMBHAAV,EQ,5.94,6.17,5.7,5.94,6.0,46902,2.77,2026-09-04
SAMBHV,EQ,130.7,131.8,127.0,128.69,129.64,1221798,1583.57,2026-09-04
SAMHI,EQ,152.59,155.6,152.55,153.99,152.59,397845,611.52,2026-09-04
SAMMAANCAP,EQ,155.0,161.0,153.51,158.39,153.7,13853349,21956.77,2026-09-04
SAMPANN,EQ,24.31,25.58,24.31,25.19,24.61,10476,2.62,2026-09-04
SANATHAN,EQ,441.05,474.95,441.05,456.2,433.05,330832,1529.99,2026-09-04
SANDESH,EQ,1069.0,1069.0,1035.0,1051.3,1050.9,750,7.87,2026-09-04
SANDHAR,EQ,631.0,635.0,617.15,624.0,627.85,143060,890.51,2026-09-04
SANDUMA,EQ,198.0,199.5,196.5,197.83,197.89,375487,742.9,2026-09-04
SANGAMIND,EQ,573.25,582.8,572.1,578.8,571.85,7685,44.42,2026-09-04
SANGHVIMOV,EQ,456.4,472.0,436.65,439.2,453.0,455750,2058.17,2026-09-04
SANOFI,EQ,3206.0,3207.8,3151.0,3158.2,3190.8,9898,314.27,2026-09-04
SANOFICONR,EQ,4205.3,4234.9,4108.0,4201.7,4205.4,6432,268.12,2026-09-04
SANSERA,EQ,3808.8,3833.8,3733.7,3782.6,3789.6,101677,3844.15,2026-09-04
SANSTAR,EQ,108.0,114.9,108.0,111.31,108.0,633145,708.71,2026-09-04
SAPPHIRE,EQ,228.5,233.99,225.56,228.43,228.76,713459,1639.95,2026-09-04
SAPPL,EQ,292.0,292.0,275.45,281.85,280.6,796,2.22,2026-09-04
SARDAEN,EQ,510.05,517.05,504.2,508.55,506.55,526969,2687.81,2026-09-04
SAREGAMA,EQ,498.4,500.0,488.1,492.75,493.65,353123,1750.67,2026-09-04
SARLAPOLY,EQ,102.75,102.98,97.75,100.2,102.15,97835,98.06,2026-09-04
SARVESHWAR,EQ,3.38,3.43,3.33,3.36,3.35,1228078,41.54,2026-09-04
SASKEN,EQ,1925.4,1925.4,1870.5,1881.3,1902.4,12365,234.16,2026-09-04
SATIA,EQ,60.74,63.85,60.01,63.36,60.37,251939,158.46,2026-09-04
SATIN,EQ,220.39,223.48,217.58,220.75,219.37,205973,453.18,2026-09-04
SAURASHCEM,EQ,56.81,58.6,56.0,57.61,56.81,90990,52.59,2026-09-04
SAYAJIHOTL,EQ,325.0,325.0,315.0,319.35,303.8,12,0.04,2026-09-04
SAYAJIIND,EQ,119.89,119.89,116.01,116.11,119.89,103,0.12,2026-09-04
SBC,EQ,43.48,46.89,43.45,45.76,43.25,13241116,5972.66,2026-09-04
SBCL,EQ,1189.3,1215.7,1102.4,1121.1,1155.9,810275,9190.34,2026-09-04
SBFC,EQ,99.9,100.67,98.37,100.08,99.9,817043,813.61,2026-09-04
SBGLP,EQ,25.68,25.68,23.6,23.96,24.68,12199,2.96,2026-09-04
SBIBPB,EQ,49.97,50.05,49.26,49.56,49.48,104576,52.07,2026-09-04
SBICARD,EQ,661.0,668.7,656.3,658.25,661.0,1752698,11606.44,2026-09-04
SBIETFCON,EQ,122.54,122.54,119.7,119.89,120.31,13201,15.85,2026-09-04
SBIETFIT,EQ,342.1,346.1,338.69,340.64,342.1,1908,6.53,2026-09-04
SBIETFPB,EQ,290.89,290.89,282.98,283.57,285.51,2003,5.7,2026-09-04
SBIETFQLTY,EQ,223.5,223.5,221.5,221.86,223.32,718,1.6,2026-09-04
SBIFUNDS,EQ,563.9,565.5,558.9,562.1,564.0,1143214,6425.26,2026-09-04
SBILIFE,EQ,1715.0,1775.0,1707.4,1775.0,1715.0,1720166,30222.1,2026-09-04
SBILIQETF,EQ,1054.81,1054.83,1054.81,1054.81,1054.43,104098,1098.04,2026-09-04
SBIMIDMOM,EQ,63.7,64.07,63.56,63.73,63.87,5431,3.47,2026-09-04
SBIN,EQ,1026.0,1029.2,1016.1,1016.1,1023.4,6724566,68696.12,2026-09-04
SBINEQWETF,EQ,33.2,33.31,33.1,33.26,33.13,26479,8.8,2026-09-04
SBINMID150,EQ,23.59,23.59,23.26,23.3,23.32,11172,2.6,2026-09-04
SBISILVER,EQ,226.74,229.16,226.74,228.31,225.5,717256,1636.38,2026-09-04
SBISMLETF,EQ,18.47,18.67,18.47,18.55,18.47,29237,5.42,2026-09-04
SBIVALETF,EQ,14.72,14.75,14.66,14.75,14.65,5269,0.78,2026-09-04
SCHAEFFLER,EQ,3950.0,4004.6,3871.7,3956.4,3950.6,53652,2118.99,2026-09-04
SCHAND,EQ,136.0,137.99,135.35,136.41,136.73,10647,14.51,2026-09-04
SCHNEIDER,EQ,1198.0,1235.7,1192.2,1232.4,1191.0,255402,3113.86,2026-09-04
SCI,EQ,296.4,300.25,293.75,295.35,294.95,1792086,5316.15,2026-09-04
SCILAL,EQ,40.1,40.1,39.7,39.77,40.02,196582,78.3,2026-09-04
SCODATUBES,EQ,134.8,136.59,131.2,135.02,134.95,215520,290.02,2026-09-04
SDBL,EQ,72.82,74.55,72.15,74.0,72.62,578202,425.72,2026-09-04
SEAMECLTD,EQ,1787.0,1804.0,1770.5,1793.6,1786.6,130765,2341.43,2026-09-04
SECMARK,EQ,148.46,150.0,144.4,144.4,148.46,1139,1.66,2026-09-04
SECURKLOUD,EQ,17.58,17.8,16.98,17.01,17.41,24259,4.14,2026-09-04
SEDEMAC,EQ,2916.2,2919.0,2800.0,2814.4,2905.9,102621,2922.72,2026-09-04
SEIL,EQ,202.1,202.34,198.5,200.76,202.34,440822,883.07,2026-09-04
SEJALLTD,EQ,670.1,674.75,648.0,657.5,672.45,5519,36.6,2026-09-04
SEKURITIND,EQ,113.95,116.0,113.95,114.56,114.67,31358,36.08,2026-09-04
SELECTIPO,EQ,48.7,48.96,48.58,48.65,48.72,61110,29.84,2026-09-04
SELMC,EQ,29.5,29.5,26.53,27.5,27.17,4456,1.23,2026-09-04
SEMAC,EQ,298.9,298.9,276.05,277.25,290.55,4531,12.61,2026-09-04
SENCO,EQ,349.85,362.8,349.85,358.65,349.05,1141834,4081.32,2026-09-04
SENORES,EQ,1442.8,1465.9,1420.0,1428.4,1430.4,124425,1788.74,2026-09-04
SENSEXADD,EQ,79.33,79.33,79.29,79.29,79.18,56,0.04,2026-09-04
SENSEXAXIS,EQ,78.67,81.0,78.67,79.81,79.67,1362,1.09,2026-09-04
SENSEXBETA,EQ,866.26,866.26,848.52,850.89,849.27,4022,34.17,2026-09-04
SENSEXETF,EQ,79.5,79.5,79.07,79.2,79.12,14854,11.77,2026-09-04
SENSEXIETF,EQ,903.99,903.99,881.95,884.24,881.95,28419,251.59,2026-09-04
SEPC,EQ,5.39,5.44,5.35,5.38,5.37,7339250,395.39,2026-09-04
SERVOTECH,EQ,80.7,82.26,78.88,79.62,80.25,492370,392.6,2026-09-04
SESHAPAPER,EQ,236.0,236.0,231.0,233.09,234.51,18854,43.82,2026-09-04
SETF10GILT,EQ,264.0,264.49,263.01,263.1,263.85,7480,19.73,2026-09-04
SETFGOLD,EQ,133.47,133.47,130.75,131.22,130.22,4422415,5802.59,2026-09-04
SETFNIF50,EQ,259.9,259.9,257.33,258.08,257.33,561856,1450.25,2026-09-04
SETFNIFBK,EQ,593.87,593.87,589.83,590.86,591.31,18450,109.14,2026-09-04
SETFNN50,EQ,787.52,799.0,781.73,785.05,783.6,80614,633.06,2026-09-04
SETL,EQ,395.0,410.7,390.1,408.95,391.15,1430578,5800.75,2026-09-04
SFL,EQ,647.0,650.2,642.1,646.8,644.9,59553,385.16,2026-09-04
SGFIN,EQ,682.5,682.5,655.9,675.7,676.8,164000,1106.74,2026-09-04
SGIL,EQ,612.85,612.85,600.0,606.2,603.8,4698,28.34,2026-09-04
SGL,EQ,10.31,10.31,9.93,10.05,10.26,2432,0.25,2026-09-04
SGLRES,EQ,2.5,2.5,2.32,2.41,2.39,58369,1.4,2026-09-04
SGMART,EQ,822.0,834.05,815.55,824.75,815.85,114546,943.11,2026-09-04
SGRL,EQ,684.0,717.0,684.0,708.55,684.1,22022,154.51,2026-09-04
SHADOWFAX,EQ,260.9,262.3,256.25,259.55,259.9,1649661,4280.88,2026-09-04
SHAH,EQ,3.53,3.6,3.45,3.51,3.49,1297179,45.63,2026-09-04
SHAILY,EQ,3265.0,3310.0,3240.0,3278.3,3267.1,77257,2529.93,2026-09-04
SHAKTIPUMP,EQ,475.0,482.8,470.8,473.0,472.2,419668,1994.14,2026-09-04
SHALBY,EQ,152.65,154.49,152.0,152.71,152.64,31700,48.55,2026-09-04
SHANKARA,EQ,147.01,148.99,147.01,148.18,147.09,46914,69.27,2026-09-04
SHANKESH,EQ,97.35,103.45,97.0,98.92,97.4,8474688,8545.07,2026-09-04
SHANTI,EQ,6.31,6.57,6.11,6.25,6.31,24947,1.58,2026-09-04
SHANTIGEAR,EQ,600.0,637.45,586.85,621.75,582.8,1612281,10015.33,2026-09-04
SHANTIGOLD,EQ,247.01,259.48,246.0,256.34,245.05,2489253,6349.7,2026-09-04
SHARDACROP,EQ,771.65,780.5,765.0,768.35,772.75,105369,813.57,2026-09-04
SHARDAMOTR,EQ,879.05,885.45,872.6,881.95,877.9,27320,240.14,2026-09-04
SHAREINDIA,EQ,171.06,172.75,170.1,170.5,169.27,316097,539.79,2026-09-04
SHARIABEES,EQ,458.12,458.12,451.93,452.84,453.44,25560,115.68,2026-09-04
SHBAJRG,EQ,161.05,165.0,160.02,160.67,160.83,2205,3.59,2026-09-04
SHERVANI,EQ,316.0,319.95,315.05,315.1,315.05,78,0.25,2026-09-04
SHILCTECH,EQ,4045.2,4104.5,4023.5,4065.3,4041.6,17962,732.33,2026-09-04
SHILGRAVQ,EQ,149.42,151.0,143.0,144.8,150.42,9295,13.61,2026-09-04
SHILPAMED,EQ,956.15,973.9,946.2,964.15,956.15,652726,6290.31,2026-09-04
SHINDL,EQ,159.07,163.0,156.2,162.42,159.35,220380,354.89,2026-09-04
SHIPROCKET,EQ,137.19,138.2,134.21,135.92,135.89,4989875,6787.55,2026-09-04
SHIVAAGRO,EQ,41.7,41.7,40.25,41.39,42.9,4883,2.01,2026-09-04
SHIVACEM,EQ,16.09,16.89,15.4,15.97,15.7,55679,8.93,2026-09-04
SHIVAMAUTO,EQ,18.4,18.4,17.32,18.01,17.8,77913,14.04,2026-09-04
SHIVAMILLS,EQ,59.0,62.0,59.0,60.5,61.58,438,0.27,2026-09-04
SHIVATEX,EQ,185.25,187.49,181.11,182.86,182.22,15793,29.07,2026-09-04
SHIVAUM,EQ,449.9,455.0,448.0,448.05,450.0,1042,4.7,2026-09-04
SHK,EQ,150.4,153.58,149.11,150.87,150.14,432026,655.43,2026-09-04
SHOPERSTOP,EQ,391.45,394.95,381.0,381.75,391.45,14069,54.46,2026-09-04
SHRADDHA,EQ,157.49,159.8,153.21,156.48,152.78,3120,4.89,2026-09-04
SHRADHA,EQ,31.9,32.0,31.15,31.48,31.9,16176,5.09,2026-09-04
SHREDIGCEM,EQ,74.28,74.79,72.98,74.44,74.28,189709,140.22,2026-09-04
SHREECEM,EQ,23850.0,24140.0,23780.0,23855.0,23910.0,15350,3680.39,2026-09-04
SHREEJISPG,EQ,670.65,684.0,657.3,680.15,664.25,2336669,15606.91,2026-09-04
SHREEPUSHK,EQ,482.2,483.0,465.0,475.25,477.45,50352,239.35,2026-09-04
SHREERAMA,EQ,43.82,45.29,43.82,44.12,44.52,51339,22.79,2026-09-04
SHREYANIND,EQ,130.0,130.7,126.9,128.93,129.3,6128,7.9,2026-09-04
SHRIKRISH,EQ,41.0,41.0,39.0,39.79,38.85,1225,0.5,2026-09-04
SHRINGARMS,EQ,218.35,222.7,216.51,217.91,217.28,255200,561.51,2026-09-04
SHRIPISTON,EQ,4551.3,4568.9,4420.0,4536.9,4551.3,68512,3078.07,2026-09-04
SHRIRAMFIN,EQ,1044.2,1052.8,1037.0,1041.0,1044.2,4135730,43116.71,2026-09-04
SHRIRAMPPS,EQ,76.8,77.28,76.02,76.9,75.68,248858,191.0,2026-09-04
SHRJAGP,EQ,621.3,636.0,600.05,625.65,621.3,782,4.85,2026-09-04
SHUKRAPHAR,EQ,53.39,55.54,51.66,51.93,51.93,4036493,2151.96,2026-09-04
SHYAMMETL,EQ,1079.9,1087.3,1058.6,1065.3,1076.4,199343,2143.64,2026-09-04
SHYAMTEL,EQ,11.25,11.93,11.06,11.6,11.42,2583,0.29,2026-09-04
SICAGEN,EQ,59.45,59.45,57.93,58.28,58.65,18933,11.05,2026-09-04
SIEL,EQ,32.0,32.0,30.88,31.9,30.89,748,0.24,2026-09-04
SIEMENS,EQ,4042.0,4042.0,3974.1,3977.0,4030.0,177116,7089.42,2026-09-04
SIGACHI,EQ,32.55,35.6,32.31,34.74,32.55,9215095,3177.43,2026-09-04
SIGMA,EQ,48.0,48.22,45.77,46.66,47.42,132618,62.09,2026-09-04
SIGNATURE,EQ,795.0,809.9,783.0,796.55,794.2,239499,1897.04,2026-09-04
SIGNPOST,EQ,245.7,250.8,243.0,244.25,245.45,56184,138.05,2026-09-04
SIKA,EQ,974.0,1013.7,974.0,996.1,974.75,31520,315.84,2026-09-04
SIL,EQ,19.91,19.91,19.22,19.59,19.52,66127,12.91,2026-09-04
SILGO,EQ,71.45,71.71,67.3,69.97,71.16,113233,80.55,2026-09-04
SILINV,EQ,484.9,491.9,470.0,478.8,487.5,2201,10.52,2026-09-04
SILLYMONKS,EQ,15.6,16.49,15.6,16.19,16.24,2494,0.4,2026-09-04
SILVER,EQ,230.51,233.49,230.51,232.64,229.64,770617,1792.09,2026-09-04
SILVER001,EQ,23.72,23.83,23.26,23.54,23.25,14165,3.33,2026-09-04
SILVER1,EQ,22.4,22.77,22.4,22.6,22.28,5918854,1336.22,2026-09-04
SILVER360,EQ,227.4,229.69,227.4,229.11,226.38,14214,32.54,2026-09-04
SILVERADD,EQ,22.36,22.57,22.31,22.44,22.19,2849876,639.8,2026-09-04
SILVERAG,EQ,229.69,229.69,225.34,227.02,224.43,122655,278.17,2026-09-04
SILVERAXIS,EQ,230.02,232.5,230.02,231.46,228.73,144700,334.98,2026-09-04
SILVERBEES,EQ,222.12,223.74,221.25,222.78,219.88,16085668,35807.89,2026-09-04
SILVERBETA,EQ,223.12,225.86,223.12,224.83,221.96,288687,648.97,2026-09-04
SILVERBND,EQ,233.1,234.35,232.14,233.61,230.37,13449,31.42,2026-09-04
SILVERCASE,EQ,23.3,23.88,23.3,23.61,23.3,5606876,1323.8,2026-09-04
SILVERIETF,EQ,232.88,233.46,230.51,232.48,229.94,2490162,5786.74,2026-09-04
SILVERTUC,EQ,169.38,170.4,166.68,167.97,169.72,373676,627.42,2026-09-04
SIMPLEXINF,EQ,270.0,274.0,264.35,270.5,266.95,96034,258.61,2026-09-04
SIMPLXREA,EQ,143.98,143.98,142.99,142.99,139.5,12,0.02,2026-09-04
SINCLAIR,EQ,84.0,84.75,82.6,83.5,83.85,26997,22.62,2026-09-04
SINDHUTRAD,EQ,24.15,25.9,23.91,25.28,23.95,11832177,2998.82,2026-09-04
SINGERIND,EQ,76.63,81.99,75.12,76.98,75.88,170692,133.78,2026-09-04
SINTERCOM,EQ,81.2,90.0,79.62,80.8,79.61,10325,8.54,2026-09-04
SIRCA,EQ,440.5,443.0,437.0,439.25,440.4,156696,689.54,2026-09-04
SIS,EQ,435.85,436.65,428.05,430.95,435.85,390191,1686.87,2026-09-04
SIYSIL,EQ,558.65,558.9,549.95,552.65,558.65,28594,158.2,2026-09-04
SJS,EQ,2411.1,2411.1,2285.0,2306.1,2411.1,229418,5361.81,2026-09-04
SJVN,EQ,65.05,65.55,64.75,65.23,64.98,1260938,819.61,2026-09-04
SKFINDIA,EQ,1533.0,1563.9,1533.0,1553.2,1540.6,91130,1415.56,2026-09-04
SKFINDUS,EQ,3070.0,3081.9,2981.0,3002.5,3062.8,33944,1031.7,2026-09-04
SKIPPER,EQ,538.15,609.0,533.75,591.1,546.9,10118419,59701.06,2026-09-04
SKMEGGPROD,EQ,261.8,263.45,255.7,257.1,262.4,242481,629.99,2026-09-04
SKYGOLD,EQ,742.0,788.0,733.0,781.45,742.0,1069790,8112.62,2026-09-04
SKYWAYS,EQ,131.5,133.65,120.1,122.72,130.06,8338807,10755.34,2026-09-04
SMALL250,EQ,18.75,18.75,18.51,18.54,18.51,194876,36.18,2026-09-04
SMALLADD,EQ,18.66,18.7,18.49,18.53,18.56,67956,12.68,2026-09-04
SMALLCAP,EQ,49.25,49.4,47.73,48.9,49.06,3500382,1717.24,2026-09-04
SMALLGROWW,EQ,39.41,49.79,39.41,49.06,48.96,6170,3.02,2026-09-04
SMALLIETF,EQ,18.89,19.0,18.45,18.57,18.54,65128,12.11,2026-09-04
SMARTWORKS,EQ,536.7,548.8,535.25,541.5,531.4,44075,239.55,2026-09-04
SMCGLOBAL,EQ,79.99,81.9,79.0,81.25,79.42,865274,698.19,2026-09-04
SML100CASE,EQ,11.49,11.5,11.4,11.43,11.41,2300711,263.31,2026-09-04
SMLMAH,EQ,5725.0,6298.5,5719.5,6298.5,5726.0,427607,26031.5,2026-09-04
SMLT,EQ,65.8,70.0,63.12,65.59,64.59,7074,4.58,2026-09-04
SMSPHARMA,EQ,374.0,398.4,373.0,392.5,374.15,473075,1842.07,2026-09-04
SNOWMAN,EQ,36.5,37.0,36.3,36.85,36.41,75311,27.6,2026-09-04
SNXT30BEES,EQ,42.76,42.76,42.42,42.58,42.43,8325,3.54,2026-09-04
SNXT50BETA,EQ,96.31,96.58,94.5,94.98,95.56,727,0.7,2026-09-04
SOBHA,EQ,1273.3,1276.6,1243.1,1263.8,1259.1,74200,933.67,2026-09-04
SOFTTECH,EQ,421.9,425.0,414.4,423.15,421.8,2760,11.65,2026-09-04
SOLARA,EQ,628.0,652.0,619.0,639.15,629.85,396998,2527.17,2026-09-04
SOLARINDS,EQ,21500.0,21695.0,21345.0,21445.0,21500.0,127515,27448.75,2026-09-04
SOLARWORLD,EQ,150.99,153.23,148.2,149.32,149.76,219235,329.45,2026-09-04
SOLEX,EQ,734.8,761.0,720.0,725.3,728.95,113401,835.05,2026-09-04
SOMANYCERA,EQ,573.0,573.6,552.55,557.35,569.5,78257,439.5,2026-09-04
SOMATEX,EQ,96.74,97.38,88.25,90.22,92.75,33507,31.18,2026-09-04
SOMICONVEY,EQ,95.0,95.0,90.56,91.33,92.21,8738,7.99,2026-09-04
SONACOMS,EQ,800.0,805.5,783.2,789.0,800.0,816762,6463.56,2026-09-04
SONAL,EQ,88.98,88.98,88.9,88.98,88.99,5,0.0,2026-09-04
SONATSOFTW,EQ,286.25,291.05,282.15,285.25,284.0,830434,2368.73,2026-09-04
SOTL,EQ,743.0,744.95,731.15,740.75,737.35,273612,2017.13,2026-09-04
SOUTHBANK,EQ,47.95,48.44,47.14,47.29,47.7,8819050,4204.19,2026-09-04
SOUTHWEST,EQ,211.25,220.0,211.25,212.92,213.12,139283,300.15,2026-09-04
SPAL,EQ,1062.8,1077.0,1025.0,1071.1,1062.8,64434,676.75,2026-09-04
SPANDANA,EQ,238.29,242.0,238.29,239.81,236.52,79485,190.5,2026-09-04
SPARC,EQ,202.5,203.19,199.0,199.47,202.54,588034,1179.08,2026-09-04
SPCENET,EQ,3.35,3.53,3.3,3.41,3.24,1308892,45.12,2026-09-04
SPELS,EQ,150.5,150.5,148.0,149.38,148.61,17175,25.63,2026-09-04
SPENCERS,EQ,29.4,29.4,28.12,28.5,28.57,24318,7.01,2026-09-04
SPIC,EQ,71.15,72.99,71.0,71.28,71.13,648651,466.2,2026-09-04
SPLIL,EQ,31.4,32.5,29.97,30.39,30.97,20970,6.39,2026-09-04
SPLPETRO,EQ,725.0,783.0,724.95,771.05,725.8,1726190,13278.67,2026-09-04
SPMLINFRA,EQ,173.6,183.58,172.38,181.41,173.31,407685,732.92,2026-09-04
SPORTKING,EQ,232.0,233.99,225.4,229.22,230.6,266293,611.25,2026-09-04
SRD,EQ,39.66,40.19,39.27,39.33,39.66,26155,10.38,2026-09-04
SREEL,EQ,259.0,268.8,259.0,265.52,258.96,21434,56.68,2026-09-04
SRF,EQ,2631.1,2631.1,2532.2,2547.0,2617.0,352418,9019.47,2026-09-04
SRGHFL,EQ,249.7,261.0,241.0,245.45,249.7,3956,9.68,2026-09-04
SRHHYPOLTD,EQ,512.95,542.0,507.1,531.05,508.9,49199,260.99,2026-09-04
SRIKPRIND,EQ,36.8,36.8,31.11,33.38,33.46,388915,132.68,2026-09-04
SRM,EQ,475.0,483.6,457.95,462.35,470.3,129358,606.03,2026-09-04
SRTL,EQ,36.72,37.85,36.5,37.71,36.72,29437,10.98,2026-09-04
SSDL,EQ,55.92,57.78,55.51,56.69,55.92,14090,8.0,2026-09-04
SSWL,EQ,360.75,365.7,348.5,361.85,360.8,1006017,3584.15,2026-09-04
STANLEY,EQ,137.4,138.99,135.0,135.48,137.46,62857,85.65,2026-09-04
STAR,EQ,1053.1,1066.5,1040.0,1059.6,1053.6,217190,2296.47,2026-09-04
STARCEMENT,EQ,184.47,192.8,184.0,190.19,184.47,192236,362.01,2026-09-04
STARHEALTH,EQ,562.2,567.8,553.05,557.35,559.35,260539,1450.78,2026-09-04
STARPAPER,EQ,155.24,155.24,150.0,151.42,154.47,11085,16.76,2026-09-04
STARTECK,EQ,249.8,250.95,244.1,249.25,245.55,162,0.4,2026-09-04
STCINDIA,EQ,115.61,119.5,114.71,115.28,114.65,60350,70.63,2026-09-04
STEELCAS,EQ,318.0,332.4,314.05,328.05,317.85,106510,345.72,2026-09-04
STEELCITY,EQ,87.9,87.9,85.0,85.55,86.47,6956,6.0,2026-09-04
STEELXIND,EQ,11.78,11.8,11.2,11.34,11.31,3888782,443.09,2026-09-04
STEL,EQ,615.05,616.0,598.2,607.9,606.95,3953,23.99,2026-09-04
STLNETWORK,EQ,28.01,28.87,27.78,28.87,27.5,2164957,620.76,2026-09-04
STLSTRINF,EQ,19.5,20.2,19.0,19.55,19.49,168,0.03,2026-09-04
STOVEKRAFT,EQ,840.9,849.0,825.0,832.55,839.75,93139,775.39,2026-09-04
STUDDS,EQ,431.35,431.35,422.7,424.2,426.95,34112,145.33,2026-09-04
STYL,EQ,393.0,399.0,380.1,383.5,387.05,123059,477.57,2026-09-04
STYLAMIND,EQ,3272.4,3400.0,3230.1,3387.4,3240.9,65092,2180.7,2026-09-04
STYLEBAAZA,EQ,397.5,403.7,391.95,400.25,394.85,557524,2225.51,2026-09-04
STYRENIX,EQ,2007.6,2078.0,2007.6,2043.2,2007.0,30372,618.41,2026-09-04
SUBEXLTD,EQ,17.65,17.85,17.21,17.28,17.69,1970415,344.67,2026-09-04
SUBROS,EQ,705.85,718.0,705.25,709.6,705.85,26816,190.66,2026-09-04
SUDARCOLOR,EQ,390.6,394.6,381.0,383.45,388.0,7856,30.52,2026-09-04
SUDARSCHEM,EQ,1249.0,1253.6,1216.0,1222.8,1249.3,186180,2293.71,2026-09-04
SUDEEPPHRM,EQ,1300.1,1357.4,1300.0,1329.3,1292.8,242835,3230.92,2026-09-04
SUKHJITS,EQ,157.81,159.8,157.01,157.86,157.71,4696,7.42,2026-09-04
SULA,EQ,147.56,150.0,147.5,149.0,147.56,170121,253.19,2026-09-04
SUMEDHA,EQ,39.4,39.49,38.75,39.01,38.51,3377,1.31,2026-09-04
SUMEETINDS,EQ,11.65,11.65,11.14,11.5,11.44,1120467,127.49,2026-09-04
SUMICHEM,EQ,500.0,504.9,490.2,493.4,498.35,142729,709.24,2026-09-04
SUMIT,EQ,53.0,53.0,50.79,51.71,51.57,9572,4.93,2026-09-04
SUMMITSEC,EQ,1459.0,1459.0,1431.0,1434.2,1442.3,1566,22.55,2026-09-04
SUNCLAY,EQ,1296.8,1311.9,1285.7,1304.4,1291.3,3165,41.25,2026-09-04
SUNDARAM,EQ,1.23,1.26,1.21,1.23,1.23,323987,4.0,2026-09-04
SUNDARMFIN,EQ,4561.0,4656.3,4561.0,4648.7,4578.0,19600,908.92,2026-09-04
SUNDRMFAST,EQ,1200.0,1217.0,1194.4,1212.3,1199.1,44457,535.88,2026-09-04
SUNDROP,EQ,656.4,666.05,654.6,662.5,656.4,6390,42.21,2026-09-04
SUNFLAG,EQ,349.95,350.75,342.2,343.7,346.5,90403,311.87,2026-09-04
SUNLOC,EQ,79.99,79.99,79.98,79.98,79.99,41,0.03,2026-09-04
SUNPHARMA,EQ,1912.0,1917.3,1895.0,1899.0,1916.0,761333,14486.56,2026-09-04
SUNRAKSHAK,EQ,370.0,375.0,365.0,369.55,373.8,13415,49.66,2026-09-04
SUNSHIEL,EQ,1169.5,1169.5,1140.1,1144.9,1145.1,981,11.24,2026-09-04
SUNSHINE,EQ,443.05,476.85,440.0,441.45,438.8,2746047,12578.56,2026-09-04
SUNTECK,EQ,297.5,300.7,297.5,299.5,297.75,71967,215.49,2026-09-04
SUNTV,EQ,465.95,482.7,464.95,470.9,465.9,846938,4029.62,2026-09-04
SUPERHOUSE,EQ,168.74,171.0,166.54,169.23,168.74,2738,4.63,2026-09-04
SUPRAJIT,EQ,488.0,488.0,476.5,479.45,489.7,56637,272.77,2026-09-04
SUPREME,EQ,37.7,37.7,36.12,36.27,36.21,8259,3.02,2026-09-04
SUPREMEIND,EQ,3509.9,3526.4,3475.0,3475.0,3508.1,139232,4873.26,2026-09-04
SUPREMEINF,EQ,85.18,85.18,82.75,83.42,83.49,16081,13.41,2026-09-04
SUPRIYA,EQ,838.55,868.0,838.55,852.85,842.7,324059,2784.27,2026-09-04
SURAJEST,EQ,177.9,181.48,177.52,178.25,177.8,129331,232.71,2026-09-04
SURAJLTD,EQ,204.0,204.99,201.0,201.79,203.17,3832,7.76,2026-09-04
SURAKSHA,EQ,339.6,340.7,331.0,332.45,339.6,38299,128.2,2026-09-04
SURANASOL,EQ,26.0,27.75,25.9,26.11,25.94,96327,25.29,2026-09-04
SURANAT&P,EQ,16.49,16.6,16.12,16.57,16.21,29385,4.83,2026-09-04
SURYALA,EQ,419.9,419.9,405.0,411.85,407.7,1694,7.04,2026-09-04
SURYALAXMI,EQ,61.0,62.49,60.01,60.79,60.03,1013,0.62,2026-09-04
SURYAROSNI,EQ,216.66,220.58,215.96,216.49,216.66,449482,977.94,2026-09-04
SURYODAY,EQ,152.6,154.31,151.2,152.07,153.57,130519,199.17,2026-09-04
SUVEN,EQ,382.0,388.45,376.7,378.0,378.35,494667,1882.69,2026-09-04
SUVIDHAA,EQ,2.16,2.47,2.01,2.42,2.06,651333,15.29,2026-09-04
SUYOG,EQ,747.55,747.55,723.0,731.2,737.3,10651,77.77,2026-09-04
SUZLON,EQ,46.11,46.37,45.03,45.35,46.03,55366085,25203.5,2026-09-04
SVGLOBAL,EQ,162.0,172.81,157.15,163.62,144.01,286302,480.43,2026-09-04
SVPGLOB,EQ,3.58,3.71,3.5,3.65,3.59,48032,1.73,2026-09-04
SWANCORP,EQ,283.5,286.45,279.9,281.5,284.1,810711,2294.71,2026-09-04
SWARAJENG,EQ,3544.1,3672.0,3540.0,3557.8,3554.7,6552,234.26,2026-09-04
SWARNSAR,EQ,35.05,35.44,34.17,35.25,35.48,6016,2.12,2026-09-04
SWELECTES,EQ,584.0,584.0,570.25,572.5,576.9,17212,98.76,2026-09-04
SWIGGY,EQ,269.3,284.4,269.3,276.1,269.3,184369387,511198.34,2026-09-04
SWSOLAR,EQ,188.2,191.85,185.5,186.23,187.79,580711,1087.75,2026-09-04
SYMBIOTEC,EQ,1085.05,1099.7,1056.0,1078.25,1076.85,1509878,16221.57,2026-09-04
SYMPHONY,EQ,573.0,582.5,573.0,580.35,572.8,32564,188.17,2026-09-04
SYNCOMF,EQ,20.93,21.88,20.01,20.58,21.36,16788160,3464.02,2026-09-04
SYNGENE,EQ,399.7,403.15,394.3,395.6,400.8,522372,2071.77,2026-09-04
SYRMA,EQ,1455.2,1470.0,1450.4,1457.3,1452.8,569018,8304.34,2026-09-04
TAALTECH,EQ,4600.0,4634.8,4475.2,4502.2,4496.0,5834,265.83,2026-09-04
TAINWALCHM,EQ,207.63,215.5,207.6,213.71,207.63,1124,2.38,2026-09-04
TAJGVK,EQ,333.7,336.5,330.35,332.55,333.8,150325,501.98,2026-09-04
TAKE,EQ,12.52,13.82,12.52,13.82,13.17,918186,118.78,2026-09-04
TALBROAUTO,EQ,412.15,413.45,401.5,407.75,412.15,76183,309.93,2026-09-04
TANAA,EQ,282.35,287.4,280.0,282.15,282.35,9298,26.42,2026-09-04
TANLA,EQ,515.45,528.95,515.45,521.15,514.8,368770,1922.67,2026-09-04
TARACHAND,EQ,48.75,49.39,48.0,48.78,48.33,54428,26.5,2026-09-04
TARAPUR,EQ,13.55,13.55,12.21,13.03,13.33,46363,5.97,2026-09-04
TARC,EQ,124.2,127.98,123.05,126.99,124.19,355398,449.9,2026-09-04
TARIL,EQ,301.15,305.3,300.0,300.95,300.6,752285,2272.08,2026-09-04
TARMAT,EQ,64.49,64.79,60.55,61.23,64.49,36316,22.78,2026-09-04
TARSONS,EQ,336.5,341.4,333.0,335.55,336.5,63661,214.81,2026-09-04
TASTYBITE,EQ,10132.0,10224.0,9945.0,9982.0,10052.0,1301,130.37,2026-09-04
TATACAP,EQ,371.85,376.85,371.3,375.05,371.85,1331842,4989.21,2026-09-04
TATACHEM,EQ,630.0,634.5,624.0,625.1,641.35,991042,6222.82,2026-09-04
TATACOMM,EQ,1696.4,1763.0,1696.4,1756.1,1696.4,276930,4834.58,2026-09-04
TATACONSUM,EQ,1020.0,1022.9,1008.5,1010.0,1019.2,1030689,10441.06,2026-09-04
TATAELXSI,EQ,3625.0,3659.5,3525.0,3558.0,3580.0,203529,7299.66,2026-09-04
TATAGOLD,EQ,14.82,15.04,14.82,14.94,14.82,44264152,6616.37,2026-09-04
TATAINVEST,EQ,637.95,644.0,631.55,633.7,637.95,130701,833.0,2026-09-04
TATAPOWER,EQ,365.1,368.5,364.1,368.0,365.7,3826383,14038.69,2026-09-04
TATASTEEL,EQ,184.2,189.9,182.84,188.79,184.2,36500951,68384.52,2026-09-04
TATATECH,EQ,808.05,830.95,796.1,800.0,805.1,1067933,8659.88,2026-09-04
TATSILV,EQ,22.35,22.79,22.35,22.62,22.34,34470366,7794.62,2026-09-04
TATVA,EQ,1609.9,1688.0,1580.1,1678.5,1596.2,85803,1417.69,2026-09-04
TBOTEK,EQ,1733.7,1734.9,1671.5,1688.9,1733.7,66445,1131.91,2026-09-04
TBZ,EQ,456.0,480.85,456.0,480.85,437.15,3486401,16467.36,2026-09-04
TCC,EQ,47.33,49.22,43.8,44.1,233.13,578711,269.14,2026-09-04
TCI,EQ,874.8,888.25,864.0,868.2,870.9,18074,157.13,2026-09-04
TCIEXP,EQ,549.5,557.0,539.0,552.9,541.3,65210,359.15,2026-09-04
TCPLPACK,EQ,3971.4,4157.2,3921.0,4091.9,3956.6,15468,632.29,2026-09-04
TCS,EQ,2330.0,2363.9,2302.4,2304.0,2320.1,2564322,59510.09,2026-09-04
TDPOWERSYS,EQ,723.0,742.8,717.95,740.1,722.55,1283741,9418.03,2026-09-04
TEAMGTY,EQ,243.68,243.68,235.1,235.29,243.68,684,1.62,2026-09-04
TEAMLEASE,EQ,1260.0,1280.0,1235.0,1250.6,1250.0,29000,362.89,2026-09-04
TECH,EQ,33.99,34.62,33.33,33.81,33.82,18515,6.27,2026-09-04
TECHM,EQ,1605.1,1623.4,1586.9,1596.9,1598.0,1173518,18745.71,2026-09-04
TECHNOCRAF,EQ,372.0,373.65,363.1,366.1,373.2,476411,1754.87,2026-09-04
TECHNOE,EQ,975.0,983.35,969.3,979.5,973.65,82871,808.74,2026-09-04
TECHNVISN,EQ,5135.0,5135.0,4880.0,4917.5,5136.5,1147,56.4,2026-09-04
TECILCHEM,EQ,10.1,10.2,9.6,9.72,9.98,21289,2.08,2026-09-04
TEGA,EQ,1555.8,1558.0,1536.0,1548.0,1552.8,55328,855.38,2026-09-04
TEJASNET,EQ,570.0,622.8,570.0,614.15,567.45,26085952,158984.65,2026-09-04
TEMBO,EQ,56.1,61.2,55.4,58.47,55.94,7416209,4321.21,2026-09-04
TEMPSENS,EQ,570.8,573.75,547.55,554.8,568.55,2650794,14865.01,2026-09-04
TENNIND,EQ,519.8,521.6,513.6,517.55,515.7,581989,3010.62,2026-09-04
TERAI,EQ,121.1,132.95,121.1,121.43,124.3,1068,1.31,2026-09-04
TERASOFT,EQ,282.0,296.55,279.7,283.4,281.3,41365,118.96,2026-09-04
TEXINFRA,EQ,116.32,117.14,114.5,115.02,116.7,122665,141.38,2026-09-04
TEXMOPIPES,EQ,45.9,46.45,45.31,46.23,45.49,23440,10.79,2026-09-04
TEXRAIL,EQ,113.6,117.53,113.33,115.99,113.63,3746637,4350.1,2026-09-04
TFCILTD,EQ,147.19,147.39,142.4,143.26,146.71,8211306,11854.22,2026-09-04
TFL,EQ,12.56,12.74,12.26,12.36,12.56,23861,2.96,2026-09-04
TGBHOTELS,EQ,10.0,10.0,9.35,9.48,9.69,24575,2.33,2026-09-04
TGVSL,EQ,109.8,114.24,108.01,109.98,108.57,615070,685.56,2026-09-04
THAKDEV,EQ,144.0,144.0,137.0,144.0,147.0,33,0.05,2026-09-04
THANGAMAYL,EQ,5293.5,5351.5,5232.0,5332.0,5295.0,65612,3484.56,2026-09-04
THEINVEST,EQ,98.11,98.11,94.61,95.0,98.1,3714,3.56,2026-09-04
THEJO,EQ,2081.0,2142.0,2081.0,2125.3,2091.0,5621,118.95,2026-09-04
THELEELA,EQ,564.45,567.85,550.0,554.05,566.05,561774,3135.0,2026-09-04
THEMISMED,EQ,125.27,128.08,119.71,120.42,124.87,159319,196.59,2026-09-04
THERMAX,EQ,3739.0,3765.6,3617.0,3637.6,3733.9,258180,9450.67,2026-09-04
THOMASCOOK,EQ,106.0,112.94,106.0,111.65,106.31,2297803,2536.65,2026-09-04
THOMASCOTT,EQ,261.05,269.65,258.5,262.75,260.95,44350,117.54,2026-09-04
THYROCARE,EQ,575.05,581.9,573.35,576.15,578.65,137365,793.57,2026-09-04
TI,EQ,540.0,540.9,520.0,535.1,544.25,540041,2870.73,2026-09-04
TIGERLOGS,EQ,29.88,29.88,28.16,28.61,29.22,168111,48.7,2026-09-04
TIIL,EQ,3283.7,3346.2,3152.3,3194.6,3267.4,25085,810.73,2026-09-04
TIINDIA,EQ,2727.0,2727.0,2685.0,2698.0,2735.4,173117,4670.52,2026-09-04
TIMETECHNO,EQ,189.4,191.15,188.0,188.49,189.36,1385822,2630.4,2026-09-04
TIMEX,EQ,654.85,674.0,646.3,669.85,649.55,323553,2143.06,2026-09-04
TIMKEN,EQ,3124.9,3139.3,3100.0,3125.3,3124.8,15156,473.08,2026-09-04
TINNARUBR,EQ,1057.8,1057.8,1017.2,1028.2,1036.8,38228,395.18,2026-09-04
TIPSFILMS,EQ,332.0,338.0,330.0,331.0,331.35,4667,15.53,2026-09-04
TIPSMUSIC,EQ,651.9,656.65,642.0,649.75,652.05,146163,949.24,2026-09-04
TIRUMALCHM,EQ,158.7,159.52,156.21,157.19,157.86,236650,373.63,2026-09-04
TITAGARH,EQ,848.0,898.0,845.0,871.85,844.2,3001183,26422.49,2026-09-04
TITAN,EQ,5010.0,5022.0,4980.0,5020.0,5027.0,310845,15547.79,2026-09-04
TMB,EQ,949.95,949.95,929.0,932.45,942.45,131784,1231.19,2026-09-04
TMCV,EQ,462.85,469.2,456.2,458.2,460.35,6245264,28873.23,2026-09-04
TMPV,EQ,312.0,315.5,310.65,311.5,312.0,4010174,12548.11,2026-09-04
TNIDETF,EQ,88.73,92.17,88.73,90.94,91.01,57515,52.43,2026-09-04
TNPETRO,EQ,136.99,136.99,131.55,132.7,137.81,1119931,1507.43,2026-09-04
TNPL,EQ,154.36,158.8,152.5,155.75,154.36,382264,594.99,2026-09-04
TNTELE,EQ,8.83,9.07,8.83,8.88,8.86,22878,2.04,2026-09-04
TOKYOPLAST,EQ,75.14,77.68,75.14,76.51,77.79,1924,1.46,2026-09-04
TOLINS,EQ,91.7,93.5,90.16,91.98,91.94,44505,40.83,2026-09-04
TOP100CASE,EQ,10.54,10.57,10.5,10.54,10.52,498182,52.55,2026-09-04
TOP10ADD,EQ,88.04,88.3,87.81,87.98,87.79,305895,269.22,2026-09-04
TOP15IETF,EQ,9.81,9.95,9.78,9.82,9.82,89010,8.73,2026-09-04
TOP20,EQ,8.9,8.91,8.86,8.88,8.88,28580,2.54,2026-09-04
TORNTPHARM,EQ,4930.0,4941.0,4823.0,4857.0,4905.5,322787,15681.19,2026-09-04
TORNTPOWER,EQ,1289.9,1308.0,1260.2,1299.1,1289.3,398524,5137.45,2026-09-04
TOTAL,EQ,69.61,74.8,69.1,70.88,70.31,4743,3.34,2026-09-04
TOUCHWOOD,EQ,58.61,62.86,57.6,62.81,59.2,1237,0.75,2026-09-04
TOYAMSL,EQ,0.62,0.62,0.6,0.61,0.61,129950,0.8,2026-09-04
TPLPLASTEH,EQ,72.53,73.39,70.81,71.74,72.53,117553,84.8,2026-09-04
TRACXN,EQ,30.08,30.12,29.8,29.96,29.94,191760,57.52,2026-09-04
TRANSCOR,EQ,24.9,25.6,24.47,25.49,24.97,2509,0.63,2026-09-04
TRANSRAILL,EQ,428.05,434.7,428.05,429.3,427.45,313125,1349.01,2026-09-04
TRAVELFOOD,EQ,1278.4,1304.5,1270.0,1296.3,1278.4,61349,786.39,2026-09-04
TREEHOUSE,EQ,6.42,6.44,5.73,6.29,6.22,26470,1.61,2026-09-04
TREJHARA,EQ,148.83,154.65,146.5,152.01,145.99,18766,28.16,2026-09-04
TREL,EQ,26.94,27.69,26.8,27.44,26.94,215792,58.81,2026-09-04
TRENT,EQ,2849.0,2879.0,2833.2,2853.0,2815.6,577393,16516.38,2026-09-04
TRF,EQ,231.9,232.0,229.13,231.59,230.03,4712,10.85,2026-09-04
TRIDENT,EQ,24.03,24.59,23.97,24.16,23.99,3292066,796.33,2026-09-04
TRIGYN,EQ,59.89,60.4,57.66,58.97,59.6,99874,58.59,2026-09-04
TRITONV,EQ,1100.0,1150.0,1100.0,1136.1,1115.5,2321,26.32,2026-09-04
TRITURBINE,EQ,573.9,582.65,571.35,577.3,571.7,254725,1470.07,2026-09-04
TRIVENI,EQ,281.9,281.9,274.5,275.65,280.5,472150,1307.09,2026-09-04
TRU,EQ,4.05,4.13,4.0,4.05,4.08,93025,3.78,2026-09-04
TRUALT,EQ,426.4,430.95,420.4,425.25,426.4,121440,517.21,2026-09-04
TSFINV,EQ,406.3,415.0,402.05,404.7,406.05,57607,234.55,2026-09-04
TTKHLTCARE,EQ,1107.0,1123.2,1086.1,1100.2,1103.2,19761,217.02,2026-09-04
TTKPRESTIG,EQ,582.05,586.65,560.3,562.75,583.95,90200,513.37,2026-09-04
TTL,EQ,7.03,7.08,6.77,6.81,6.86,210015,14.4,2026-09-04
TTML,EQ,38.0,38.45,37.65,37.74,38.01,1380442,523.99,2026-09-04
TURTLEMINT,EQ,145.45,146.04,142.66,144.08,144.29,385856,556.53,2026-09-04
TUTIALKA,EQ,62.35,62.9,59.05,60.36,61.0,28654,17.32,2026-09-04
TVSELECT,EQ,422.35,426.0,416.1,420.85,421.3,16780,70.73,2026-09-04
TVSHLTD,EQ,13140.0,13499.0,13140.0,13374.0,13156.0,7881,1054.23,2026-09-04
TVSMOTOR,EQ,4181.2,4200.0,4127.8,4133.1,4200.0,424571,17634.95,2026-09-04
TVSSCS,EQ,129.6,132.53,126.96,130.41,129.53,926210,1203.13,2026-09-04
TVSSRICHAK,EQ,5330.0,5404.5,5220.0,5237.5,5249.0,12133,643.35,2026-09-04
TVTODAY,EQ,112.75,112.75,110.09,110.95,111.14,34674,38.43,2026-09-04
TWCGOLDETF,EQ,152.95,153.52,152.54,152.93,152.19,5230,8.0,2026-09-04
UBL,EQ,1299.0,1326.0,1277.0,1279.4,1284.2,352868,4559.84,2026-09-04
UCOBANK,EQ,24.65,25.02,24.55,24.78,24.64,5993994,1487.81,2026-09-04
UDAYJEW,EQ,143.0,143.2,136.7,143.0,138.14,3159,4.49,2026-09-04
UDS,EQ,240.0,240.3,231.6,239.03,236.61,487592,1152.42,2026-09-04
UEL,EQ,236.99,241.6,234.2,241.6,230.1,18811,45.11,2026-09-04
UFLEX,EQ,683.3,691.45,671.4,675.6,686.7,168967,1147.61,2026-09-04
UFO,EQ,66.4,66.4,64.25,65.09,65.44,42873,28.01,2026-09-04
UGARSUGAR,EQ,58.4,58.5,53.01,53.35,58.56,1348315,733.45,2026-09-04
UGROCAP,EQ,85.1,87.25,84.67,86.35,84.89,574138,498.0,2026-09-04
UJJIVANSFB,EQ,62.99,64.88,62.9,64.43,62.99,12168369,7810.74,2026-09-04
ULTRACEMCO,EQ,11357.0,11434.0,11292.0,11408.0,11275.0,280870,31869.85,2026-09-04
ULTRAMAR,EQ,441.95,446.5,434.7,437.15,435.15,84008,371.05,2026-09-04
UMESLTD,EQ,5.4,5.4,4.8,5.09,5.0,12835,0.65,2026-09-04
UMIYA-MRO,EQ,98.7,105.9,98.7,104.42,96.84,137662,142.55,2026-09-04
UNICHEMLAB,EQ,551.95,557.9,546.55,550.2,547.95,56415,311.6,2026-09-04
UNIECOM,EQ,86.85,88.0,84.1,87.62,85.93,273184,237.15,2026-09-04
UNIENTER,EQ,96.0,96.0,93.0,93.19,94.06,6732,6.32,2026-09-04
UNIINFO,EQ,11.26,11.26,10.95,11.0,11.26,1618,0.18,2026-09-04
UNIMECH,EQ,1476.0,1517.0,1468.4,1502.7,1465.3,179849,2689.32,2026-09-04
UNIONBANK,EQ,189.0,189.95,187.05,187.22,189.0,7910433,14895.79,2026-09-04
UNIONGOLD,EQ,153.1,153.1,150.15,150.2,149.6,1581,2.38,2026-09-04
UNIPARTS,EQ,895.4,899.9,850.0,874.05,899.9,311978,2728.52,2026-09-04
UNITDSPR,EQ,1488.1,1489.9,1462.5,1471.7,1488.9,357038,5255.2,2026-09-04
UNITECH,EQ,3.71,4.08,3.71,4.08,3.71,14406516,579.02,2026-09-04
UNITEDPOLY,EQ,40.5,42.0,40.0,41.66,40.41,210611,87.3,2026-09-04
UNITEDTEA,EQ,448.95,449.0,441.0,442.8,447.05,7393,32.77,2026-09-04
UNIVCABLES,EQ,1631.0,1649.9,1540.0,1576.3,1626.8,278353,4396.5,2026-09-04
UNOMINDA,EQ,1258.0,1260.3,1237.5,1249.7,1269.0,574742,7142.2,2026-09-04
UPL,EQ,581.05,589.4,579.45,582.15,585.35,1730115,10116.14,2026-09-04
URBANCO,EQ,177.8,183.97,176.27,181.09,177.46,6940698,12446.9,2026-09-04
URJA,EQ,9.06,9.69,9.04,9.18,9.15,672065,61.87,2026-09-04
USHAMART,EQ,518.0,529.3,511.1,514.15,515.65,1631592,8491.29,2026-09-04
USK,EQ,21.24,21.24,20.4,20.99,20.61,17245,3.59,2026-09-04
UTIAMC,EQ,880.35,885.0,877.6,880.55,880.4,48517,427.83,2026-09-04
UTKARSHBNK,EQ,15.0,15.1,14.51,14.56,14.89,5961768,881.6,2026-09-04
UTLSOLAR,EQ,427.1,435.05,425.15,429.75,428.5,169583,729.0,2026-09-04
UTTAMSUGAR,EQ,300.9,302.0,275.3,281.2,299.0,383064,1094.31,2026-09-04
V2RETAIL,EQ,219.94,219.94,211.31,216.5,219.0,1628077,3502.39,2026-09-04
VADILALIND,EQ,7581.5,7690.0,7522.0,7655.0,7615.0,7172,545.64,2026-09-04
VADILENT,EQ,10489.0,10489.0,9600.0,10045.0,10495.0,35,3.56,2026-09-04
VAIBHAVGBL,EQ,215.3,224.49,215.3,218.74,215.3,304029,671.29,2026-09-04
VAISHALI,EQ,8.44,8.54,8.16,8.32,8.36,68892,5.76,2026-09-04
VAKRANGEE,EQ,5.8,5.89,5.7,5.79,5.8,1296846,74.85,2026-09-04
VAL30IETF,EQ,15.24,15.24,15.11,15.19,15.14,111743,16.96,2026-09-04
VALUE,EQ,16.12,16.17,16.07,16.15,16.09,15902,2.56,2026-09-04
VALUEAXIS,EQ,32.6,32.9,32.55,32.88,32.71,20010,6.58,2026-09-04
VAML,EQ,437.4,439.9,429.4,437.75,435.85,6641767,28855.02,2026-09-04
VARDMNPOLY,EQ,6.1,6.1,5.85,5.87,5.94,118267,6.99,2026-09-04
VARROC,EQ,842.0,843.4,808.05,826.35,839.15,282257,2315.97,2026-09-04
VASCONEQ,EQ,30.13,30.85,29.82,30.47,30.05,205749,62.35,2026-09-04
VASUPRADA,EQ,107.1,107.1,107.1,107.1,102.0,1,0.0,2026-09-04
VASWANI,EQ,48.8,48.8,46.26,47.01,46.52,17934,8.46,2026-09-04
VBL,EQ,407.55,412.65,406.1,407.6,407.15,4144842,16936.56,2026-09-04
VEDAVAAG,EQ,18.3,18.44,18.05,18.17,18.14,17174,3.13,2026-09-04
VEDL,EQ,272.0,274.5,268.85,272.1,270.5,5992724,16277.1,2026-09-04
VEDPOWER,EQ,34.37,34.59,34.13,34.2,34.29,12242508,4198.44,2026-09-04
VEEDOL,EQ,1464.9,1486.0,1464.9,1476.8,1462.8,4888,72.01,2026-09-04
VENKEYS,EQ,1677.1,1683.9,1655.2,1659.6,1677.1,25085,417.92,2026-09-04
VENTIVE,EQ,594.45,594.45,581.95,588.2,585.7,16151,94.68,2026-09-04
VENUSPIPES,EQ,1607.6,1645.0,1596.0,1631.0,1594.8,91566,1487.61,2026-09-04
VERANDA,EQ,244.3,244.44,239.01,242.63,242.27,139217,336.08,2026-09-04
VERTOZ,EQ,38.13,39.22,37.0,37.66,38.63,51344,19.55,2026-09-04
VESUVIUS,EQ,420.0,423.6,418.35,419.15,420.0,40711,171.07,2026-09-04
VGCL,EQ,54.59,54.84,51.07,52.62,52.36,7319,3.9,2026-09-04
VGL,EQ,57.0,58.95,51.35,53.31,56.56,123080,66.32,2026-09-04
VGUARD,EQ,339.5,339.5,329.05,335.4,339.25,751013,2501.67,2026-09-04
VHL,EQ,3590.0,3696.0,3590.0,3626.4,3607.1,779,28.31,2026-09-04
VIDHIING,EQ,345.0,350.5,342.2,347.75,342.8,10251,35.42,2026-09-04
VIDYAWIRES,EQ,89.99,90.51,88.53,90.13,89.45,838636,750.89,2026-09-04
VIJAYA,EQ,1511.0,1521.6,1490.0,1493.2,1505.5,45618,684.71,2026-09-04
VIJSOLX,EQ,678.0,693.7,678.0,687.7,684.4,222,1.53,2026-09-04
VIKASECO,EQ,1.08,1.09,1.07,1.07,1.08,1815757,19.63,2026-09-04
VIKASLIFE,EQ,1.3,1.31,1.28,1.29,1.3,1315249,17.03,2026-09-04
VIKRAMSOLR,EQ,173.0,175.6,167.85,168.45,171.65,3550735,6089.03,2026-09-04
VIKRAN,EQ,57.68,61.5,57.67,60.77,57.68,1930821,1154.52,2026-09-04
VIMTALABS,EQ,655.45,657.0,631.05,635.65,652.25,219490,1411.75,2026-09-04
VINATIORGA,EQ,1328.0,1336.0,1309.0,1310.7,1313.7,57413,760.01,2026-09-04
VINCOFE,EQ,176.8,177.66,168.18,170.65,176.48,2286890,3978.12,2026-09-04
VINDHYATEL,EQ,2748.0,2814.0,2710.0,2732.7,2736.2,82288,2279.87,2026-09-04
VINEETLAB,EQ,37.7,38.29,36.82,37.37,37.5,38381,14.39,2026-09-04
VINNY,EQ,1.04,1.04,1.0,1.02,1.03,236444,2.42,2026-09-04
VINYLINDIA,EQ,227.94,234.0,224.0,232.38,227.94,10241,23.79,2026-09-04
VIPCLOTHNG,EQ,20.5,20.7,19.92,20.15,20.17,82615,16.69,2026-09-04
VIPIND,EQ,309.8,317.75,308.95,314.05,310.35,440277,1382.79,2026-09-04
VIRAT,EQ,430.0,436.4,414.3,423.35,429.5,5617,23.68,2026-09-04
VIRINCHI,EQ,14.85,15.08,14.38,14.7,14.86,115200,16.87,2026-09-04
VISACHROME,EQ,40.49,40.49,37.8,38.34,39.53,33107,12.75,2026-09-04
VISAKAIND,EQ,90.5,96.0,90.18,93.37,90.5,440201,409.62,2026-09-04
VISHAL,EQ,18.92,19.1,18.22,18.67,18.47,55662,10.42,2026-09-04
VISHNU,EQ,694.1,723.2,681.0,702.0,688.45,623372,4411.97,2026-09-04
VISHWARAJ,EQ,6.0,6.03,5.86,5.9,5.93,290468,17.18,2026-09-04
VISL,EQ,36.25,36.44,34.76,35.39,36.07,28223582,10032.54,2026-09-04
VITAL,EQ,54.0,56.0,53.55,55.72,54.49,15658,8.57,2026-09-04
VIVIDHA,EQ,0.52,0.54,0.5,0.52,0.5,80310,0.42,2026-09-04
VIVOBIOT,EQ,18.79,19.38,18.32,18.8,18.7,13081,2.48,2026-09-04
VIYASH,EQ,260.8,268.3,260.75,265.85,260.45,3313584,8780.67,2026-09-04
VLSFINANCE,EQ,245.2,248.35,245.2,246.44,246.57,6476,15.94,2026-09-04
VMART,EQ,841.0,847.0,813.3,824.2,839.1,68219,565.03,2026-09-04
VMM,EQ,107.0,107.39,105.92,106.14,107.8,7783965,8299.85,2026-09-04
VMSTMT,EQ,46.0,46.0,45.02,45.46,45.53,19824,9.01,2026-09-04
VOEPL,EQ,545.9,558.45,540.05,553.2,545.9,95767,526.2,2026-09-04
VOGL,EQ,37.74,38.74,37.15,38.02,37.54,30917507,11758.68,2026-09-04
VOITHPAPR,EQ,1490.0,1504.4,1455.1,1458.6,1480.2,643,9.5,2026-09-04
VOLTAMP,EQ,11206.0,11550.0,11206.0,11418.0,11182.0,50836,5814.43,2026-09-04
VOLTAS,EQ,1172.0,1189.7,1167.0,1170.0,1178.0,460619,5431.77,2026-09-04
VPRPL,EQ,36.99,37.7,36.0,36.28,35.99,589692,215.96,2026-09-04
VRAJ,EQ,122.26,125.71,120.24,121.71,122.71,12164,14.89,2026-09-04
VRLLOG,EQ,297.3,298.95,294.8,297.7,297.85,133531,397.41,2026-09-04
VSSL,EQ,365.1,369.2,353.3,364.15,363.95,140547,506.94,2026-09-04
VSTIND,EQ,207.95,209.02,207.21,208.15,207.96,96626,201.12,2026-09-04
VSTL,EQ,115.15,118.35,115.0,117.66,115.15,22471,26.29,2026-09-04
VSTTILLERS,EQ,4196.1,4220.4,4151.8,4187.6,4175.3,4042,169.46,2026-09-04
VTL,EQ,592.0,604.1,586.7,598.2,588.65,284973,1695.92,2026-09-04
VTMLTD,EQ,56.29,57.7,55.3,56.12,56.57,3172,1.8,2026-09-04
WAAREEENER,EQ,2580.0,2650.0,2576.6,2635.0,2579.9,547994,14328.28,2026-09-04
WAAREEINDO,EQ,277.95,277.95,268.05,272.0,274.85,75519,205.31,2026-09-04
WAAREERTL,EQ,847.9,863.6,847.9,858.95,847.9,81592,697.09,2026-09-04
WABAG,EQ,2017.0,2031.2,1996.0,2005.3,2011.1,193647,3891.42,2026-09-04
WAKEFIT,EQ,151.5,156.18,149.94,151.55,149.64,1231198,1882.55,2026-09-04
WALCHANNAG,EQ,206.94,212.0,206.94,208.61,206.13,400336,837.22,2026-09-04
WANBURY,EQ,243.95,249.3,243.0,246.2,243.35,51910,127.9,2026-09-04
WARDINMOBI,EQ,5.85,5.89,5.7,5.86,5.7,288674,16.74,2026-09-04
WATERBASE,EQ,48.73,48.99,47.11,48.63,47.36,22127,10.66,2026-09-04
WCIL,EQ,84.4,84.76,83.06,83.38,83.96,25920,21.77,2026-09-04
WEALTH,EQ,850.0,850.0,831.15,841.7,847.5,1333,11.24,2026-09-04
WEBELSOLAR,EQ,77.6,79.8,73.55,74.53,77.33,2610445,1992.06,2026-09-04
WEIZMANIND,EQ,76.78,76.78,72.2,74.5,74.21,1005,0.74,2026-09-04
WEL,EQ,79.25,79.25,75.41,76.03,79.37,1935872,1479.6,2026-09-04
WELCORP,EQ,2649.2,2662.0,2566.0,2590.6,2641.6,1247810,32604.93,2026-09-04
WELENT,EQ,761.8,825.0,757.4,813.6,764.75,2915318,23477.17,2026-09-04
WELSPLSOL,EQ,56.95,59.95,56.01,59.55,56.02,4319775,2537.5,2026-09-04
WELSPUNLIV,EQ,201.0,209.93,199.9,208.51,200.61,7470859,15406.84,2026-09-04
WENDT,EQ,8359.0,8360.0,8124.0,8160.0,8307.0,4236,347.37,2026-09-04
WESTLIFE,EQ,540.55,542.0,528.1,530.6,540.55,34235,182.71,2026-09-04
WEWIN,EQ,42.0,45.25,40.83,41.91,42.53,2680,1.12,2026-09-04
WEWORK,EQ,662.0,681.65,659.25,666.95,654.7,335811,2259.76,2026-09-04
WHBRADY,EQ,500.3,500.3,480.0,482.2,497.85,248,1.21,2026-09-04
WHEELS,EQ,1660.0,1778.7,1645.2,1724.9,1654.4,336451,5774.46,2026-09-04
WHIRLPOOL,EQ,805.95,820.65,802.4,815.95,804.4,193831,1576.03,2026-09-04
WILLAMAGOR,EQ,26.5,26.5,24.0,25.4,24.58,4157,1.03,2026-09-04
WINDLAS,EQ,1129.9,1152.4,1115.0,1126.35,1127.1,190854,2166.28,2026-09-04
WINDMACHIN,EQ,312.0,312.75,302.0,304.25,312.1,39051,120.36,2026-09-04
WIPL,EQ,169.94,169.94,167.99,167.99,165.61,16,0.03,2026-09-04
WIPRO,EQ,176.74,178.75,176.4,176.4,175.72,6882678,12225.02,2026-09-04
WOCKPHARMA,EQ,1980.0,2108.5,1976.1,2088.7,1950.6,3557646,73257.13,2026-09-04
WONDERLA,EQ,525.0,536.7,520.0,533.9,525.25,74859,396.01,2026-09-04
WORTHPERI,EQ,157.0,157.0,152.7,154.99,153.99,4169,6.42,2026-09-04
WPIL,EQ,446.8,452.6,440.0,443.9,445.5,12409,55.14,2026-09-04
WSI,EQ,59.65,61.46,58.77,60.37,59.44,64372,38.77,2026-09-04
WSTCSTPAPR,EQ,655.35,662.65,643.1,650.25,656.95,276595,1813.0,2026-09-04
XCHANGING,EQ,60.4,61.55,60.25,61.4,60.99,61684,37.65,2026-09-04
XELPMOC,EQ,79.41,81.7,78.51,80.14,79.4,24153,19.24,2026-09-04
XPROINDIA,EQ,1279.0,1337.4,1279.0,1325.1,1280.3,154351,2025.52,2026-09-04
XTGLOBAL,EQ,32.39,33.04,30.35,31.69,31.58,190376,60.56,2026-09-04
XTRANET,EQ,197.2,234.24,193.11,234.24,195.2,5584599,12620.45,2026-09-04
YASHO,EQ,4080.0,4184.6,3966.1,4134.1,4051.2,38997,1590.15,2026-09-04
YATHARTH,EQ,971.5,994.7,963.1,991.1,962.3,314144,3091.35,2026-09-04
YATRA,EQ,113.2,116.25,112.65,113.49,113.08,1067659,1222.31,2026-09-04
YESBANK,EQ,22.47,22.62,22.44,22.5,22.54,31739702,7149.29,2026-09-04
YOGI,EQ,167.0,167.0,163.45,163.45,161.9,90,0.15,2026-09-04
YUKEN,EQ,1010.05,1024.95,999.0,1010.8,1010.05,9116,92.23,2026-09-04
ZAGGLE,EQ,183.5,186.98,180.1,180.77,182.63,912980,1661.15,2026-09-04
ZEEL,EQ,92.0,92.95,90.5,91.61,91.64,13036739,11915.83,2026-09-04
ZEEMEDIA,EQ,8.31,8.34,8.1,8.22,8.11,1442303,118.33,2026-09-04
ZENITHSTL,EQ,5.39,6.43,5.25,5.9,5.37,845763,51.27,2026-09-04
ZENSARTECH,EQ,468.5,475.95,460.5,461.55,465.45,499424,2325.08,2026-09-04
ZENTEC,EQ,1810.8,1838.2,1795.2,1801.4,1810.3,169326,3077.25,2026-09-04
ZFCVINDIA,EQ,2532.0,2575.0,2514.0,2551.9,2524.8,30385,772.37,2026-09-04
ZFSTEERING,EQ,673.0,677.9,661.0,667.5,667.75,7552,50.23,2026-09-04
ZIMLAB,EQ,128.66,129.0,125.25,125.5,128.02,54799,69.52,2026-09-04
ZODIAC,EQ,242.99,246.0,237.0,240.17,240.22,11622,27.98,2026-09-04
ZODIACLOTH,EQ,72.4,73.12,71.43,72.23,72.85,9323,6.75,2026-09-04
ZOTA,EQ,1100.0,1159.3,1100.0,1132.4,1101.2,91901,1045.65,2026-09-04
ZSARACOM,EQ,10096.0,11600.0,9808.0,11302.0,10227.0,221,23.68,2026-09-04
ZUARI,EQ,225.0,226.99,224.42,225.56,225.04,66309,149.63,2026-09-04
ZUARIIND,EQ,273.9,279.35,271.8,276.45,273.2,45048,123.71,2026-09-04
ZYDUSLIFE,EQ,1146.0,1146.0,1120.0,1120.0,1143.0,516768,5841.62,2026-09-04
ZYDUSWELL,EQ,536.95,546.6,527.15,531.7,538.2,209449,1128.02,2026-09-04
