SYMBOL,SERIES,OPEN_PRICE,HIGH_PRICE,LOW_PRICE,CLOSE_PRICE,PREV_CLOSE,TTL_TRD_QNTY,TURNOVER_LACS,DATE
20MICRONS,EQ,207.98,208.77,198.51,201.29,207.86,111270,225.31,2026-09-15
21STCENMGM,EQ,37.8,39.15,37.8,39.0,38.39,1658,0.64,2026-09-15
360ONE,EQ,1092.0,1092.9,1052.1,1052.1,1091.0,896308,9533.64,2026-09-15
3BBLACKBIO,EQ,1423.5,1437.3,1352.0,1355.8,1419.9,10026,139.06,2026-09-15
3MINDIA,EQ,32710.0,32895.0,31500.0,31590.0,32710.0,2096,669.94,2026-09-15
3PLAND,EQ,31.25,32.3,29.5,30.8,31.24,7541,2.36,2026-09-15
5PAISA,EQ,325.1,327.9,311.3,313.2,326.55,40835,129.94,2026-09-15
63MOONS,EQ,911.7,914.25,858.1,864.0,908.9,310775,2739.54,2026-09-15
A2ZINFRA,EQ,15.99,15.99,15.07,15.11,15.33,95954,14.59,2026-09-15
AAATECH,EQ,93.8,95.0,91.4,91.98,91.88,189713,175.28,2026-09-15
AADHARHFC,EQ,457.0,460.2,444.5,448.35,456.8,231528,1038.68,2026-09-15
AAKASH,EQ,9.01,9.25,8.69,8.83,9.1,132523,11.86,2026-09-15
AAREYDRUGS,EQ,98.71,100.45,96.1,98.82,98.89,212869,210.53,2026-09-15
AARON,EQ,125.0,132.2,120.6,123.18,126.94,14325,17.99,2026-09-15
AARTIDRUGS,EQ,428.0,439.9,424.0,426.35,428.5,143544,621.05,2026-09-15
AARTIIND,EQ,492.7,494.5,466.1,468.7,492.7,789421,3768.2,2026-09-15
AARTIPHARM,EQ,831.95,832.0,785.15,789.45,826.95,386201,3110.02,2026-09-15
AARVI,EQ,141.1,145.45,140.81,141.39,141.85,5231,7.39,2026-09-15
AASTHA,EQ,78.43,80.26,76.0,76.38,78.43,772986,593.42,2026-09-15
AAVAS,EQ,1270.1,1290.6,1262.1,1270.3,1275.1,114642,1465.92,2026-09-15
ABANSENT,EQ,28.09,28.6,26.81,27.83,28.09,5280,1.46,2026-09-15
ABB,EQ,7268.0,7268.0,7005.0,7005.0,7274.0,195095,13842.3,2026-09-15
ABBOTINDIA,EQ,25690.0,26245.0,25550.0,26125.0,25550.0,10732,2793.81,2026-09-15
ABCAPITAL,EQ,395.15,396.8,378.8,378.8,395.0,2529778,9766.63,2026-09-15
ABCOTS,EQ,200.7,213.59,200.7,206.04,203.06,6697,13.96,2026-09-15
ABDL,EQ,635.0,644.4,622.0,631.6,632.5,522432,3304.54,2026-09-15
ABFRL,EQ,50.35,50.68,48.71,49.02,50.44,9099306,4478.04,2026-09-15
ABGSEC,EQ,113.96,113.96,113.07,113.07,113.96,5,0.01,2026-09-15
ABLBL,EQ,83.5,85.35,82.71,82.95,83.61,625654,525.79,2026-09-15
ABMKNO,EQ,182.0,184.9,170.0,174.71,181.45,2678,4.73,2026-09-15
ABREL,EQ,1276.2,1281.7,1227.0,1232.5,1281.6,197639,2459.4,2026-09-15
ABSL10BANK,EQ,170.9,170.9,164.0,165.51,167.34,3511,5.8,2026-09-15
ABSLAMC,EQ,1102.0,1104.0,1034.0,1037.9,1109.9,129497,1376.37,2026-09-15
ABSLBANETF,EQ,58.14,58.28,57.3,57.4,58.01,23799,13.71,2026-09-15
ABSLLIQUID,EQ,1000.01,1000.01,999.99,999.99,1000.0,9016,90.16,2026-09-15
ABSLMSCIN,EQ,29.11,29.26,28.63,28.67,28.9,354,0.1,2026-09-15
ABSLNN50ET,EQ,76.53,76.53,74.1,74.48,76.15,43922,32.83,2026-09-15
ABSLPSE,EQ,10.11,10.29,9.9,9.93,10.11,109470,10.92,2026-09-15
ACC,EQ,1234.9,1280.3,1219.6,1225.2,1246.5,205903,2529.2,2026-09-15
ACCELYA,EQ,1120.0,1126.0,1108.0,1112.2,1118.4,5132,57.3,2026-09-15
ACE,EQ,1135.0,1141.5,1105.0,1132.1,1129.0,332640,3753.98,2026-09-15
ACEINTEG,EQ,17.54,18.37,17.51,17.75,17.62,6074,1.08,2026-09-15
ACGL,EQ,1785.7,1824.0,1725.2,1732.1,1785.7,944,16.65,2026-09-15
ACI,EQ,476.7,478.0,453.05,455.25,470.45,295921,1360.97,2026-09-15
ACL,EQ,41.85,43.5,41.85,42.55,42.7,4611,1.97,2026-09-15
ACMESOLAR,EQ,402.15,426.15,402.15,420.4,402.3,5262214,21938.54,2026-09-15
ACUTAAS,EQ,3384.0,3447.6,3232.2,3266.2,3383.7,264234,8791.02,2026-09-15
ADANIENSOL,EQ,1377.6,1379.8,1337.0,1347.5,1373.0,822951,11157.52,2026-09-15
ADANIENT,EQ,3080.0,3083.7,2921.3,2928.6,3060.0,1783310,53039.0,2026-09-15
ADANIGREEN,EQ,1282.3,1294.0,1249.0,1255.0,1281.3,980470,12412.34,2026-09-15
ADANIPORTS,EQ,1791.4,1791.4,1713.8,1713.8,1764.6,1610729,28063.78,2026-09-15
ADANIPOWER,EQ,211.05,212.0,201.4,202.0,209.97,14417003,29501.55,2026-09-15
ADDIND,EQ,79.41,80.0,79.0,79.0,77.48,6,0.0,2026-09-15
ADFFOODS,EQ,269.55,270.9,260.1,261.3,269.55,65591,173.73,2026-09-15
ADL,EQ,75.9,83.0,69.71,71.16,71.54,3183,2.43,2026-09-15
ADOR,EQ,1604.0,1620.0,1541.3,1548.2,1603.7,31262,490.18,2026-09-15
ADROITINFO,EQ,11.06,11.29,10.82,11.04,11.02,36084,3.98,2026-09-15
ADSL,EQ,100.68,101.6,96.15,97.02,100.21,112407,110.74,2026-09-15
ADVAIT,EQ,2070.0,2083.9,2000.0,2007.0,2065.0,34911,706.27,2026-09-15
ADVANCE,EQ,118.69,119.76,113.5,113.95,117.85,66283,76.53,2026-09-15
ADVANIHOTR,EQ,49.06,49.06,47.5,47.98,49.18,35019,16.95,2026-09-15
ADVENTHTL,EQ,128.67,136.0,125.11,126.42,128.56,361220,470.31,2026-09-15
ADVENZYMES,EQ,293.4,297.0,286.15,287.7,293.4,247159,723.14,2026-09-15
ADVIKCA,EQ,1.02,1.02,0.94,0.98,1.02,431765,4.28,2026-09-15
AEGISLOG,EQ,1365.3,1385.0,1320.0,1323.5,1353.6,701470,9474.43,2026-09-15
AEGISVOPAK,EQ,298.4,311.0,292.8,302.0,295.1,4447657,13498.18,2026-09-15
AEPL,EQ,17.5,17.59,16.02,16.27,17.21,53631,9.1,2026-09-15
AEQUS,EQ,229.0,234.0,220.0,221.52,225.97,2201591,4980.31,2026-09-15
AEROENTER,EQ,137.77,137.77,113.85,116.93,137.09,1916380,2352.46,2026-09-15
AEROFLEX,EQ,565.4,567.45,507.6,507.6,563.95,1836440,9459.13,2026-09-15
AERONEU,EQ,68.76,71.39,67.75,67.94,68.76,22172,15.2,2026-09-15
AEROPLANE,EQ,205.12,205.13,195.0,199.72,205.13,921171,1841.88,2026-09-15
AETHER,EQ,1674.7,1680.0,1567.7,1583.1,1674.7,405221,6461.76,2026-09-15
AFCONS,EQ,281.0,304.55,260.25,262.25,253.8,26501568,75219.46,2026-09-15
AFFLE,EQ,1585.8,1588.9,1534.4,1536.4,1567.6,132668,2069.39,2026-09-15
AFFORDABLE,EQ,159.09,161.88,156.01,158.93,159.88,16702,26.54,2026-09-15
AFIL,EQ,9.0,9.0,8.39,8.54,8.92,634241,54.66,2026-09-15
AFSL,EQ,201.95,202.5,201.0,201.03,201.0,7901,15.89,2026-09-15
AGARIND,EQ,431.95,436.95,417.5,421.0,431.75,51633,219.16,2026-09-15
AGARWALEYE,EQ,510.0,511.0,494.85,502.05,508.4,195769,981.19,2026-09-15
AGI,EQ,761.05,762.05,731.1,736.65,762.65,91711,684.96,2026-09-15
AGIIL,EQ,272.95,274.85,255.8,264.15,272.95,382898,1028.11,2026-09-15
AGL,EQ,15.14,15.23,14.01,14.23,15.13,2608653,377.69,2026-09-15
AGRITECH,EQ,100.33,101.39,97.12,97.57,99.84,2551,2.5,2026-09-15
AGROPHOS,EQ,24.2,24.2,22.51,23.47,23.5,22908,5.32,2026-09-15
AHCL,EQ,21.05,22.94,19.37,20.18,19.57,165056337,33937.5,2026-09-15
AHLADA,EQ,34.85,36.09,34.0,34.99,35.06,10913,3.82,2026-09-15
AHLEAST,EQ,134.52,136.88,133.0,133.56,133.95,1187,1.59,2026-09-15
AHLUCONT,EQ,601.0,604.65,580.3,585.85,601.0,66007,391.94,2026-09-15
AIAENG,EQ,4113.5,4140.0,3886.0,3899.3,4096.6,43966,1746.03,2026-09-15
AIIL,EQ,539.0,539.0,524.2,529.85,544.35,279515,1487.58,2026-09-15
AIRAN,EQ,17.21,17.9,16.21,16.45,17.13,157643,27.15,2026-09-15
AIROLAM,EQ,89.45,89.45,83.53,84.21,84.25,2779,2.39,2026-09-15
AJANTPHARM,EQ,3555.9,3555.9,3477.1,3510.4,3533.4,78118,2743.26,2026-09-15
AJAXENGG,EQ,585.05,598.0,575.3,581.6,590.6,70412,414.08,2026-09-15
AJMERA,EQ,117.61,117.61,111.83,114.37,116.75,421507,479.28,2026-09-15
AJOONI,EQ,3.42,3.49,3.36,3.43,3.47,317027,10.86,2026-09-15
AKASH,EQ,25.93,25.93,24.55,24.56,24.86,1710,0.42,2026-09-15
AKCAPIT,EQ,1702.0,1715.0,1681.3,1714.1,1708.4,1383,23.58,2026-09-15
AKG,EQ,10.4,10.74,10.4,10.48,10.61,49896,5.2,2026-09-15
AKSHAR,EQ,0.41,0.42,0.41,0.41,0.41,395939,1.64,2026-09-15
AKUMS,EQ,780.25,792.0,762.15,765.65,776.35,345164,2683.53,2026-09-15
ALANKIT,EQ,8.0,8.0,7.7,7.77,7.91,78407,6.1,2026-09-15
ALBERTDAVD,EQ,844.55,862.85,832.0,851.9,844.35,5779,48.96,2026-09-15
ALEMBICLTD,EQ,105.3,106.49,100.0,100.51,104.33,840743,856.65,2026-09-15
ALFREDHE,EQ,2800.9,2880.0,2750.0,2820.0,2845.0,69,1.96,2026-09-15
ALGOQUANT,EQ,64.61,66.59,63.5,64.13,64.61,1404240,906.21,2026-09-15
ALICON,EQ,739.45,739.95,690.0,697.2,733.4,11860,84.11,2026-09-15
ALIVUS,EQ,1386.8,1401.7,1344.5,1347.8,1386.8,79325,1081.31,2026-09-15
ALKALI,EQ,75.7,78.48,72.22,73.45,77.25,10853,8.06,2026-09-15
ALKEM,EQ,5170.0,5290.0,5140.5,5161.0,5087.5,253213,13274.94,2026-09-15
ALKYLAMINE,EQ,1867.0,1867.0,1768.1,1775.7,1867.5,85642,1544.54,2026-09-15
ALLCARGO,EQ,12.4,12.4,11.38,11.6,12.16,11548427,1368.12,2026-09-15
ALLDIGI,EQ,795.0,806.95,795.0,799.5,797.3,2913,23.28,2026-09-15
ALLTIME,EQ,221.5,223.5,212.0,213.38,221.15,111414,243.51,2026-09-15
ALMONDZ,EQ,19.25,19.4,15.77,16.84,19.13,546923,99.29,2026-09-15
ALOKINDS,EQ,7.4,7.65,7.35,7.38,7.36,16675898,1240.94,2026-09-15
ALPA,EQ,62.0,62.8,60.0,60.39,61.69,10739,6.58,2026-09-15
ALPHA,EQ,54.07,54.24,51.95,52.18,54.06,1858489,981.46,2026-09-15
ALPHAETF,EQ,26.49,26.51,25.65,25.68,26.49,494292,128.17,2026-09-15
ALPINETEX,EQ,57.11,57.39,53.5,54.68,57.13,94673,52.65,2026-09-15
ALPL30IETF,EQ,27.25,27.25,26.69,26.7,27.25,2987998,804.02,2026-09-15
ALUFLUOR,EQ,487.4,495.0,487.4,492.55,487.4,4714,23.18,2026-09-15
AMAGI,EQ,581.25,587.85,567.05,569.4,578.35,291602,1680.54,2026-09-15
AMAL,EQ,739.0,739.4,702.65,713.3,738.7,7292,52.42,2026-09-15
AMARJOTHI,EQ,154.93,154.93,147.0,148.09,150.14,3047,4.56,2026-09-15
AMBER,EQ,7280.5,7290.5,6937.0,7000.0,7245.0,145928,10324.85,2026-09-15
AMBICAAGAR,EQ,24.87,25.48,24.87,24.94,24.99,8112,2.03,2026-09-15
AMBIKCO,EQ,1594.7,1605.0,1575.0,1579.6,1593.1,10233,162.4,2026-09-15
AMBUJACEM,EQ,392.6,393.85,380.1,381.75,391.85,1367462,5275.42,2026-09-15
AMDIND,EQ,66.29,74.39,65.8,69.64,64.03,1440694,1020.92,2026-09-15
AMJLAND,EQ,38.56,38.64,36.66,37.21,38.56,20539,7.74,2026-09-15
AMNPLST,EQ,169.9,169.9,164.0,165.52,165.26,1450,2.42,2026-09-15
AMRUTANJAN,EQ,489.0,494.85,485.0,489.6,490.95,26954,131.81,2026-09-15
ANANDRATHI,EQ,2212.4,2222.0,2175.0,2183.9,2211.0,126796,2785.04,2026-09-15
ANANTRAJ,EQ,601.05,605.3,583.05,585.9,598.35,1793456,10657.47,2026-09-15
ANDHRAPAP,EQ,73.36,75.0,71.0,71.64,73.36,1506455,1100.42,2026-09-15
ANDHRSUGAR,EQ,97.6,97.6,94.0,94.66,96.38,366347,349.78,2026-09-15
ANDREWYU,EQ,26.1,26.89,25.31,25.65,26.24,63569,16.52,2026-09-15
ANGELONE,EQ,306.45,310.0,297.3,297.5,305.0,5536817,16769.92,2026-09-15
ANIKINDS,EQ,44.05,45.53,39.96,40.58,44.66,23241,9.68,2026-09-15
ANMOL,EQ,17.0,18.55,15.2,15.27,16.87,977450,164.5,2026-09-15
ANNAPURNA,EQ,137.9,138.14,134.06,137.39,137.95,14823,20.27,2026-09-15
ANSALBU,EQ,82.0,87.0,79.0,84.0,82.0,10068,8.39,2026-09-15
ANTELOPUS,EQ,1146.1,1173.15,1036.95,1057.8,1139.35,1129576,12509.73,2026-09-15
ANTGRAPHIC,EQ,0.75,0.75,0.73,0.74,0.75,87794,0.65,2026-09-15
ANTHEM,EQ,944.95,962.0,938.2,942.85,940.9,599280,5693.7,2026-09-15
ANUHPHR,EQ,95.0,97.5,89.91,90.33,94.86,208793,194.99,2026-09-15
ANUP,EQ,1670.0,1679.0,1611.1,1616.1,1664.3,24723,404.5,2026-09-15
ANURAS,EQ,1224.8,1227.3,1115.8,1170.4,1219.4,493232,5810.68,2026-09-15
AONEGOLD,EQ,14.01,14.99,13.96,14.5,14.15,394998,56.01,2026-09-15
AONELIQUID,EQ,1076.89,1076.89,1076.87,1076.87,1076.74,10143,109.23,2026-09-15
AONENIFTY,EQ,9.95,9.95,9.55,9.58,9.71,237957,22.99,2026-09-15
AONESILVER,EQ,8.77,8.79,8.58,8.66,8.7,565305,48.87,2026-09-15
AONETMMQ50,EQ,10.69,10.69,10.0,10.0,10.34,204288,20.72,2026-09-15
AONETOTAL,EQ,11.93,11.93,11.49,11.52,11.7,226437,26.3,2026-09-15
APARINDS,EQ,17598.0,17688.0,16490.0,16550.0,17500.0,100710,17078.3,2026-09-15
APCL,EQ,100.0,100.0,98.0,99.4,98.16,4097,4.07,2026-09-15
APCOTEXIND,EQ,602.05,610.0,575.0,576.7,601.15,118177,689.85,2026-09-15
APEX,EQ,366.65,369.7,355.0,358.95,368.5,81885,296.12,2026-09-15
APLAPOLLO,EQ,2157.0,2160.0,2107.7,2119.3,2153.5,434016,9217.54,2026-09-15
APLLTD,EQ,811.0,839.35,810.2,824.75,810.95,165473,1373.45,2026-09-15
APOLLO,EQ,424.35,424.6,384.0,386.6,422.25,9564451,38249.74,2026-09-15
APOLLOHOSP,EQ,8937.0,8950.5,8714.0,8714.0,8836.0,247091,21815.36,2026-09-15
APOLLOPIPE,EQ,553.15,554.15,516.45,520.2,554.9,406249,2155.07,2026-09-15
APOLLOTYRE,EQ,415.0,417.75,405.05,406.2,417.65,329820,1354.06,2026-09-15
APOLSINHOT,EQ,1205.1,1237.0,1205.0,1214.5,1226.7,636,7.75,2026-09-15
APOORVA,EQ,28.18,28.18,27.0,27.02,27.63,296,0.08,2026-09-15
APTUS,EQ,249.01,249.66,240.4,244.83,249.11,1042351,2544.22,2026-09-15
AQYLON,EQ,21.65,21.9,20.18,20.71,21.24,4195907,870.44,2026-09-15
ARCHIDPLY,EQ,102.0,105.6,100.21,100.21,101.96,16131,16.49,2026-09-15
ARCHIES,EQ,12.36,12.61,12.23,12.29,12.19,10834,1.34,2026-09-15
ARCL,EQ,262.39,262.39,262.39,262.39,249.9,1510,3.96,2026-09-15
ARDEE,EQ,51.6,52.65,47.5,47.78,50.91,5215440,2546.02,2026-09-15
ARE&M,EQ,817.95,824.0,794.6,799.55,813.9,408139,3303.65,2026-09-15
ARENTERP,EQ,32.67,33.39,32.01,32.64,33.34,547,0.18,2026-09-15
ARFIN,EQ,85.3,86.51,82.02,82.72,85.98,1085971,910.22,2026-09-15
ARIHANT,EQ,949.15,960.0,841.4,858.8,887.75,6740,60.33,2026-09-15
ARIHANTCAP,EQ,79.47,83.0,79.13,81.45,79.0,1185062,966.72,2026-09-15
ARIHANTSUP,EQ,216.0,219.9,210.0,213.95,218.45,4749,10.24,2026-09-15
ARIS,EQ,125.25,127.26,119.15,120.63,125.46,1323454,1635.38,2026-09-15
ARKADE,EQ,122.99,122.99,115.21,116.42,122.03,194033,230.99,2026-09-15
ARMANFIN,EQ,2024.9,2025.0,1900.4,1918.1,2011.3,37939,745.79,2026-09-15
AROGRANITE,EQ,23.38,24.74,22.81,22.98,23.38,9200,2.13,2026-09-15
ARROWGREEN,EQ,835.9,883.85,815.25,838.55,813.0,225224,1921.17,2026-09-15
ARSSBL,EQ,495.0,499.9,475.05,479.65,490.25,149916,729.56,2026-09-15
ARTEMISMED,EQ,347.5,347.5,326.45,330.55,344.9,380378,1265.95,2026-09-15
ARTNIRMAN,EQ,40.11,40.11,39.11,39.78,39.92,834,0.33,2026-09-15
ARVEE,EQ,177.1,180.0,168.0,168.6,180.69,5648,9.7,2026-09-15
ARVIND,EQ,578.8,597.9,542.25,550.6,575.1,1581072,9029.3,2026-09-15
ARVINDFASN,EQ,446.9,448.05,426.55,428.5,446.5,218586,954.29,2026-09-15
ARVSMART,EQ,581.0,586.1,554.1,564.15,598.05,232819,1310.94,2026-09-15
ARYAMAN,EQ,632.0,632.0,632.0,632.0,635.0,5,0.03,2026-09-15
ASAHIINDIA,EQ,995.0,995.0,952.35,958.8,985.8,181950,1760.18,2026-09-15
ASAL,EQ,463.95,469.0,445.2,447.85,462.4,19416,87.71,2026-09-15
ASALCBR,EQ,676.7,690.15,660.3,661.9,676.7,38899,259.14,2026-09-15
ASHAPURMIN,EQ,542.8,546.8,515.65,518.4,542.9,299127,1580.13,2026-09-15
ASHIANA,EQ,344.2,346.4,340.5,341.9,346.75,26206,89.78,2026-09-15
ASHIMASYN,EQ,16.41,17.3,16.41,16.78,16.61,30749,5.18,2026-09-15
ASHOKA,EQ,114.32,114.32,110.9,111.37,113.86,542158,608.08,2026-09-15
ASHOKAMET,EQ,19.4,19.4,14.7,15.14,17.2,900455,154.41,2026-09-15
ASHOKLEY,EQ,164.5,165.36,156.65,156.65,163.75,17917014,28591.17,2026-09-15
ASIANENE,EQ,541.75,541.75,477.5,485.25,535.1,855416,4250.55,2026-09-15
ASIANHOTNR,EQ,381.6,409.0,375.35,385.45,378.8,111275,441.86,2026-09-15
ASIANPAINT,EQ,2472.5,2473.0,2402.8,2402.8,2472.5,539643,13107.56,2026-09-15
ASIANTILES,EQ,50.0,50.44,48.86,50.03,50.34,2855354,1422.57,2026-09-15
ASIANTNE,EQ,9.9,9.9,8.22,8.69,9.25,11719,1.05,2026-09-15
ASKAUTOLTD,EQ,634.0,649.95,600.35,604.7,624.55,480326,2996.32,2026-09-15
ASPINWALL,EQ,266.3,268.0,250.3,250.85,260.5,2956,7.68,2026-09-15
ASTAR,EQ,583.0,583.0,560.05,562.5,583.0,164,0.92,2026-09-15
ASTEC,EQ,700.0,708.7,663.05,673.7,699.8,47020,318.68,2026-09-15
ASTERDM,EQ,762.95,762.95,738.0,741.25,763.05,1030702,7717.17,2026-09-15
ASTRAL,EQ,1410.0,1414.1,1372.8,1379.6,1411.4,609291,8449.9,2026-09-15
ASTRAMICRO,EQ,1688.5,1688.5,1581.0,1593.8,1680.6,496962,8070.86,2026-09-15
ASTRAZEN,EQ,6767.5,6778.5,6600.0,6695.5,6764.5,14843,996.76,2026-09-15
ATALREAL,EQ,12.38,14.74,12.38,14.4,13.75,13631375,1818.34,2026-09-15
ATAM,EQ,55.11,56.5,53.61,54.67,55.38,10388,5.71,2026-09-15
ATGL,EQ,595.0,602.9,576.4,580.15,594.8,517239,3041.04,2026-09-15
ATHERENERG,EQ,1660.7,1662.0,1545.5,1568.5,1656.0,3713971,59099.2,2026-09-15
ATL,EQ,25.21,25.4,24.2,24.33,25.18,162315,40.04,2026-09-15
ATLANTAA,EQ,37.0,38.0,36.25,36.74,37.22,26472,9.74,2026-09-15
ATLANTAELE,EQ,1765.1,1784.2,1652.2,1660.0,1777.8,106063,1795.86,2026-09-15
ATLASCYCLE,EQ,94.66,96.26,90.3,91.02,95.71,26406,24.31,2026-09-15
ATUL,EQ,6250.0,6250.0,6060.5,6081.5,6244.5,34391,2105.31,2026-09-15
ATULAUTO,EQ,446.5,460.0,435.15,438.45,445.6,132601,592.43,2026-09-15
AUBANK,EQ,1061.4,1065.7,1024.6,1028.0,1058.9,815819,8470.77,2026-09-15
AUGMONT,EQ,889.95,889.95,825.3,832.25,886.15,930427,7890.98,2026-09-15
AURIONPRO,EQ,691.0,725.95,687.0,698.65,680.85,306875,2179.31,2026-09-15
AUROPHARMA,EQ,1688.0,1688.0,1642.1,1660.0,1679.8,438757,7298.76,2026-09-15
AURUM,EQ,224.02,227.18,220.75,221.36,224.02,121746,270.62,2026-09-15
AURUS,EQ,4.87,4.99,4.69,4.85,4.89,12400,0.6,2026-09-15
AUSOMENT,EQ,153.9,156.5,151.45,151.73,152.59,5047,7.74,2026-09-15
AUSTENG,EQ,130.0,139.0,122.08,127.31,135.29,6842,8.67,2026-09-15
AUTOAXLES,EQ,1685.0,1715.9,1655.1,1661.6,1678.0,3806,63.86,2026-09-15
AUTOBEES,EQ,286.0,286.0,277.9,278.31,282.87,187772,526.16,2026-09-15
AUTOIETF,EQ,29.29,29.29,27.86,27.91,28.58,695282,195.52,2026-09-15
AUTOIND,EQ,83.2,83.33,78.35,79.11,82.83,129975,104.45,2026-09-15
AVADHSUGAR,EQ,777.0,777.0,724.0,732.7,769.6,195986,1456.98,2026-09-15
AVALON,EQ,2272.7,2312.0,2150.2,2160.7,2264.5,355969,7861.44,2026-09-15
AVANCE,EQ,0.81,0.83,0.8,0.81,0.81,4652378,37.91,2026-09-15
AVANTEL,EQ,156.46,159.0,143.0,144.5,156.46,1853714,2775.95,2026-09-15
AVANTIFEED,EQ,798.5,805.7,769.35,771.95,798.6,282723,2216.39,2026-09-15
AVL,EQ,616.45,622.35,595.2,611.2,616.45,421337,2584.26,2026-09-15
AVONMORE,EQ,14.0,14.29,13.66,13.79,14.0,298526,41.79,2026-09-15
AVROIND,EQ,7.76,8.2,7.51,7.66,7.81,222508,17.56,2026-09-15
AVTNPL,EQ,89.4,90.19,84.54,86.24,90.13,279706,242.31,2026-09-15
AWFIS,EQ,297.85,304.5,268.3,275.15,293.2,3801941,10877.85,2026-09-15
AWHCL,EQ,367.75,367.75,351.75,354.1,366.5,82561,296.4,2026-09-15
AWL,EQ,185.5,185.94,181.05,183.14,185.02,1154132,2114.14,2026-09-15
AXISBANK,EQ,1254.0,1254.0,1219.9,1222.9,1246.0,5698466,70288.11,2026-09-15
AXISCADES,EQ,1876.2,1876.2,1699.9,1717.7,1831.8,176313,3105.14,2026-09-15
AXITA,EQ,8.03,8.04,7.99,8.0,7.98,425828,34.08,2026-09-15
AXTEL,EQ,437.2,458.8,419.1,429.65,440.2,21380,93.75,2026-09-15
AYE,EQ,185.0,189.28,176.11,177.25,179.46,1154930,2109.37,2026-09-15
AYMSYNTEX,EQ,278.65,284.55,268.0,269.1,281.65,73158,201.08,2026-09-15
AZAD,EQ,2865.0,2904.2,2692.9,2704.9,2849.1,427305,11899.67,2026-09-15
AZADIND,EQ,90.0,90.0,81.5,84.11,87.13,13007,11.19,2026-09-15
BAGFILMS,EQ,4.53,4.53,4.31,4.35,4.44,94381,4.15,2026-09-15
BAIDFIN,EQ,11.82,11.9,9.97,10.08,11.88,552693,57.19,2026-09-15
BAJAJ-AUTO,EQ,11693.0,11709.0,11416.0,11424.0,11678.0,236796,27270.7,2026-09-15
BAJAJCON,EQ,517.0,529.8,496.8,503.8,520.5,824896,4237.36,2026-09-15
BAJAJELEC,EQ,335.95,340.4,326.4,328.4,335.3,127113,423.08,2026-09-15
BAJAJFINSV,EQ,1921.4,1930.6,1855.5,1855.5,1913.5,486164,9118.29,2026-09-15
BAJAJHCARE,EQ,334.05,334.1,318.6,320.9,334.05,95072,308.44,2026-09-15
BAJAJHFL,EQ,84.26,84.53,83.08,84.0,84.11,3993670,3349.98,2026-09-15
BAJAJHIND,EQ,21.15,21.19,19.51,19.71,20.94,19892199,4001.21,2026-09-15
BAJAJHLDNG,EQ,11134.0,11208.0,11060.0,11100.0,11134.0,56888,6319.36,2026-09-15
BAJAJINDEF,EQ,230.59,234.31,220.06,220.69,228.57,10651,23.9,2026-09-15
BAJAJST,EQ,370.0,370.0,363.1,365.3,365.65,7410,27.12,2026-09-15
BAJEL,EQ,178.67,182.6,168.01,168.87,179.89,305666,527.29,2026-09-15
BAJFINANCE,EQ,1035.0,1038.6,1005.5,1009.2,1034.5,5792124,58817.48,2026-09-15
BALAJEE,EQ,26.09,26.09,24.51,24.96,25.14,16947,4.26,2026-09-15
BALAJITELE,EQ,90.71,98.0,90.51,95.48,90.63,1605822,1538.27,2026-09-15
BALAMINES,EQ,2288.0,2288.0,2093.0,2105.7,2276.5,256830,5543.56,2026-09-15
BALAXI,EQ,24.8,24.8,23.0,23.12,23.39,26067,6.14,2026-09-15
BALKRISHNA,EQ,16.6,17.2,16.02,16.73,16.1,9171,1.54,2026-09-15
BALKRISIND,EQ,2164.6,2176.3,2117.1,2129.0,2164.6,166038,3562.02,2026-09-15
BALMLAWRIE,EQ,168.7,169.0,163.25,164.24,168.72,203640,336.4,2026-09-15
BALPHARMA,EQ,109.22,115.0,107.07,107.44,107.42,107727,118.81,2026-09-15
BALRAMCHIN,EQ,697.3,698.0,667.55,677.1,691.4,1081870,7387.84,2026-09-15
BALUFORGE,EQ,533.4,534.9,494.0,498.2,533.4,876986,4450.56,2026-09-15
BANARBEADS,EQ,111.9,115.0,110.35,110.92,107.56,3820,4.29,2026-09-15
BANARISUG,EQ,3542.6,3542.6,3400.0,3411.1,3517.6,1035,35.49,2026-09-15
BANCOINDIA,EQ,617.55,622.85,585.15,587.65,615.0,144544,865.58,2026-09-15
BANDHANBNK,EQ,177.0,179.11,172.24,172.45,176.52,10329258,18159.66,2026-09-15
BANG,EQ,35.76,35.76,31.55,32.29,35.12,54164,18.22,2026-09-15
BANK10ADD,EQ,16.73,16.73,16.38,16.45,16.65,37455,6.2,2026-09-15
BANK10BETF,EQ,20.31,20.99,19.73,19.81,20.21,7312,1.47,2026-09-15
BANKA,EQ,82.18,83.0,77.7,77.86,81.78,2696,2.14,2026-09-15
BANKADD,EQ,58.5,58.5,57.23,57.51,58.09,16276,9.39,2026-09-15
BANKBARODA,EQ,238.13,238.51,232.44,232.7,238.13,7383660,17357.73,2026-09-15
BANKBEES,EQ,601.0,601.0,578.18,579.33,586.35,533936,3110.59,2026-09-15
BANKBETA,EQ,60.09,60.09,57.85,58.08,58.63,62803,36.59,2026-09-15
BANKBETF,EQ,57.0,57.91,56.44,57.02,57.61,11849,6.77,2026-09-15
BANKETF,EQ,580.7,580.7,569.69,571.28,577.62,30068,172.57,2026-09-15
BANKIETF,EQ,58.36,58.54,57.37,57.5,58.14,151138,87.37,2026-09-15
BANKINDIA,EQ,140.0,140.41,137.0,137.61,140.0,4479489,6200.88,2026-09-15
BANKNIFTY1,EQ,59.08,59.21,58.0,58.06,58.7,332242,194.07,2026-09-15
BANKPSU,EQ,83.72,84.34,82.41,82.56,84.34,18464,15.35,2026-09-15
BANSALWIRE,EQ,307.9,311.9,298.0,303.7,309.35,82917,252.16,2026-09-15
BANSWRAS,EQ,114.97,114.97,109.0,110.03,112.84,9076,10.06,2026-09-15
BASF,EQ,3662.0,3674.1,3528.0,3539.4,3661.5,17640,632.25,2026-09-15
BATAINDIA,EQ,649.9,656.9,637.5,640.15,648.65,174746,1125.31,2026-09-15
BATLIBOI,EQ,86.0,86.0,82.5,83.95,85.91,26108,22.11,2026-09-15
BAYERCROP,EQ,3998.9,3999.0,3930.0,3941.1,3974.1,9354,369.71,2026-09-15
BBETF0432,EQ,1343.65,1343.66,1338.0,1340.38,1350.41,680,9.11,2026-09-15
BBL,EQ,2246.5,2275.5,2166.6,2180.1,2246.5,28880,637.82,2026-09-15
BBNPNBETF,EQ,57.97,57.97,56.43,56.44,56.66,315,0.18,2026-09-15
BBNPPGOLD,EQ,146.2,146.2,144.15,144.8,146.2,1723,2.5,2026-09-15
BBOX,EQ,815.0,834.35,727.1,745.8,800.8,1510478,11846.13,2026-09-15
BBTC,EQ,1429.0,1447.1,1410.4,1416.4,1423.5,34860,498.59,2026-09-15
BBTCL,EQ,232.79,232.79,221.35,224.92,227.51,4937,11.26,2026-09-15
BCG,EQ,10.09,10.4,9.74,9.85,9.99,10744108,1084.47,2026-09-15
BCLIND,EQ,34.6,34.64,32.1,32.95,34.18,648439,217.37,2026-09-15
BCONCEPTS,EQ,164.0,164.0,152.1,154.24,156.56,10173,15.73,2026-09-15
BCPL,EQ,70.36,70.88,67.21,68.27,70.01,7601,5.21,2026-09-15
BDL,EQ,1191.0,1194.6,1123.0,1135.0,1190.0,1293584,14869.33,2026-09-15
BEARDSELL,EQ,25.18,25.18,24.02,24.27,24.67,15640,3.83,2026-09-15
BECTORFOOD,EQ,239.7,240.0,221.5,223.4,242.5,2295967,5188.7,2026-09-15
BEDMUTHA,EQ,108.79,108.79,103.5,104.42,103.94,3658,3.86,2026-09-15
BEEKAY,EQ,428.05,442.2,427.05,435.15,425.6,2968,12.93,2026-09-15
BEL,EQ,402.0,403.65,382.9,382.9,404.35,16741114,65336.87,2026-09-15
BELLACASA,EQ,262.86,262.86,247.0,252.67,256.52,8516,21.45,2026-09-15
BELRISE,EQ,228.59,232.56,226.0,226.66,228.0,2660988,6108.62,2026-09-15
BEML,EQ,2033.4,2033.4,1922.0,1939.3,2023.4,234307,4600.72,2026-09-15
BENARAS,EQ,11199.0,11499.0,10460.0,11001.0,11085.0,250,27.26,2026-09-15
BENGALASM,EQ,6311.0,6349.0,6111.5,6286.5,6265.0,372,23.35,2026-09-15
BEPL,EQ,128.8,129.3,120.0,120.69,128.08,1830786,2249.24,2026-09-15
BERGEPAINT,EQ,458.05,460.95,445.55,447.1,458.05,220721,998.36,2026-09-15
BESTAGRO,EQ,19.47,19.48,18.06,18.39,19.05,767826,143.26,2026-09-15
BETA,EQ,2101.0,2214.9,2079.1,2105.2,2118.5,34753,751.45,2026-09-15
BFINVEST,EQ,453.0,453.7,434.7,435.5,448.3,25747,113.26,2026-09-15
BFSI,EQ,27.18,27.18,25.9,26.18,26.52,162863,42.94,2026-09-15
BFUTILITIE,EQ,547.15,550.05,521.0,528.2,548.9,40177,215.24,2026-09-15
BHAGCHEM,EQ,258.75,258.75,246.1,250.0,258.75,54531,137.81,2026-09-15
BHAGYANGR,EQ,427.95,429.0,401.55,405.0,422.55,183392,759.74,2026-09-15
BHANDARI,EQ,3.0,3.04,2.98,3.0,3.0,141743,4.26,2026-09-15
BHARATCOAL,EQ,33.01,33.17,32.3,32.4,33.01,3087850,1009.02,2026-09-15
BHARATFORG,EQ,1944.9,1950.0,1869.1,1877.2,1944.9,293090,5562.79,2026-09-15
BHARATRAS,EQ,1158.0,1170.0,1125.1,1128.9,1157.9,12759,146.54,2026-09-15
BHARATSE,EQ,217.5,219.72,206.6,208.62,217.47,128545,271.67,2026-09-15
BHARATWIRE,EQ,173.74,179.7,166.1,168.08,172.48,170021,293.89,2026-09-15
BHARTIARTL,EQ,1844.0,1844.0,1819.6,1830.4,1831.1,4066471,74440.61,2026-09-15
BHARTIHEXA,EQ,1546.1,1546.1,1502.0,1505.5,1545.0,47838,721.9,2026-09-15
BHEL,EQ,431.25,432.0,412.85,412.85,431.0,7340842,30860.53,2026-09-15
BIGBLOC,EQ,40.0,40.73,39.0,39.14,40.79,53036,21.09,2026-09-15
BIKAJI,EQ,555.0,570.0,535.35,541.6,548.25,111374,606.5,2026-09-15
BIL,EQ,1073.0,1095.5,1025.0,1027.55,1073.0,12076,126.15,2026-09-15
BIMETAL,EQ,658.65,658.65,623.0,640.0,640.5,193,1.23,2026-09-15
BIOCON,EQ,391.95,392.05,381.0,382.0,390.65,2543144,9811.33,2026-09-15
BIOFILCHEM,EQ,34.4,35.49,33.1,33.65,34.51,33485,11.46,2026-09-15
BIRLACABLE,EQ,384.95,411.95,372.75,377.95,392.35,1025099,4042.6,2026-09-15
BIRLACORPN,EQ,825.0,829.7,805.05,810.25,825.15,33029,269.23,2026-09-15
BIRLAMONEY,EQ,121.35,123.87,117.31,118.22,121.19,36546,43.66,2026-09-15
BIRLANU,EQ,1448.4,1459.0,1385.9,1395.5,1448.4,8252,116.5,2026-09-15
BLACKBUCK,EQ,641.0,644.0,609.25,611.9,628.15,1773025,11150.3,2026-09-15
BLAL,EQ,160.03,163.84,160.03,161.01,161.47,47310,76.65,2026-09-15
BLBLIMITED,EQ,16.64,16.64,15.65,16.1,16.13,180878,28.83,2026-09-15
BLEL,EQ,445.0,447.7,433.85,439.65,442.15,646232,2852.19,2026-09-15
BLIL,EQ,68.43,69.07,67.0,67.13,68.44,144750,98.06,2026-09-15
BLKASHYAP,EQ,54.08,54.79,51.0,51.5,53.91,679073,356.57,2026-09-15
BLS,EQ,231.59,242.15,227.49,228.51,231.58,1252796,2939.93,2026-09-15
BLSE,EQ,313.0,315.95,307.25,310.1,312.8,302523,940.74,2026-09-15
BLUECLOUDS,EQ,19.35,20.47,19.05,19.19,19.13,1858911,365.53,2026-09-15
BLUECOAST,EQ,22.89,22.89,21.08,21.09,22.18,2067,0.46,2026-09-15
BLUEDART,EQ,4842.0,4889.4,4791.0,4843.5,4830.9,7941,383.74,2026-09-15
BLUEJET,EQ,572.0,572.0,548.1,550.65,568.55,364930,2027.58,2026-09-15
BLUESTARCO,EQ,1559.5,1562.8,1475.3,1483.0,1558.0,509083,7694.18,2026-09-15
BLUESTONE,EQ,899.0,904.0,822.35,828.55,890.35,950222,8151.18,2026-09-15
BLUSPRING,EQ,129.5,132.85,123.61,125.27,131.48,214823,276.23,2026-09-15
BMWVENTLTD,EQ,53.73,54.35,50.16,51.61,54.05,133104,70.1,2026-09-15
BNAGROCHEM,EQ,204.95,204.95,200.0,200.08,204.99,961,1.94,2026-09-15
BNKETFAXIS,EQ,596.05,596.05,576.78,577.46,584.36,2506,14.69,2026-09-15
BODALCHEM,EQ,173.12,181.02,172.0,176.66,172.4,2894993,5115.23,2026-09-15
BOHRAIND,EQ,14.0,14.4,13.02,13.71,13.42,21413,2.93,2026-09-15
BOMDYEING,EQ,111.8,112.1,107.0,107.58,111.27,754544,820.55,2026-09-15
BONLON,EQ,40.1,40.99,36.25,38.56,40.1,6018,2.32,2026-09-15
BORANA,EQ,313.4,322.0,298.0,303.5,313.4,56889,175.35,2026-09-15
BOROLTD,EQ,256.01,263.4,247.14,248.33,257.48,135344,345.81,2026-09-15
BORORENEW,EQ,496.0,499.0,448.55,461.3,495.65,720224,3408.11,2026-09-15
BOROSCI,EQ,124.66,126.89,118.61,120.02,125.28,61828,75.13,2026-09-15
BOSCH-HCIL,EQ,1698.0,1722.0,1660.0,1667.4,1704.0,25201,424.31,2026-09-15
BOSCHLTD,EQ,48725.0,48725.0,47070.0,47070.0,48385.0,30224,14435.51,2026-09-15
BPCL,EQ,304.2,308.15,298.65,298.65,304.5,3512731,10659.61,2026-09-15
BPL,EQ,47.4,47.95,46.1,46.58,46.3,34419,16.14,2026-09-15
BPLPHARMA,EQ,1575.0,1575.0,1510.0,1543.4,1505.1,2207,33.98,2026-09-15
BRAHMINFRA,EQ,157.04,157.04,148.8,151.6,157.35,7774,11.95,2026-09-15
BRIGADE,EQ,642.05,648.95,610.0,612.25,638.65,201825,1262.61,2026-09-15
BRIGHOTEL,EQ,56.51,56.98,55.75,56.14,56.51,72260,40.59,2026-09-15
BRIGHTBR,EQ,247.0,252.0,245.0,248.5,255.25,1183,2.94,2026-09-15
BRITANNIA,EQ,4990.0,5022.5,4947.5,4947.5,4962.0,209279,10431.56,2026-09-15
BRNL,EQ,16.7,16.7,16.25,16.31,16.73,33211,5.45,2026-09-15
BROOKS,EQ,67.7,67.7,62.8,63.09,65.69,26350,16.84,2026-09-15
BSE,EQ,3417.0,3452.7,3295.0,3310.0,3384.0,3901579,131356.92,2026-09-15
BSE500IETF,EQ,38.0,39.24,37.81,38.03,38.78,305682,116.61,2026-09-15
BSHSL,EQ,89.99,89.99,83.4,85.42,88.8,3443,2.97,2026-09-15
BSL,EQ,120.0,122.99,117.25,119.35,120.39,2783,3.32,2026-09-15
BSLGOLDETF,EQ,133.15,133.15,131.26,131.88,133.25,2171574,2869.44,2026-09-15
BSLNIFTY,EQ,28.23,28.23,27.2,27.33,27.55,1886384,515.84,2026-09-15
BSLSENETFG,EQ,75.26,76.84,74.65,75.22,77.19,10770,8.11,2026-09-15
BSOFT,EQ,291.0,302.85,285.1,286.45,281.65,8595221,25244.82,2026-09-15
BTML,EQ,7.68,8.0,6.42,7.62,7.48,1112013,79.77,2026-09-15
BUILDPRO,EQ,1274.8,1334.0,1274.8,1283.0,1252.5,95748,1246.02,2026-09-15
BUTTERFLY,EQ,582.15,634.8,577.05,580.25,586.25,89943,541.36,2026-09-15
BVCL,EQ,42.1,42.9,40.11,40.8,42.05,18121,7.48,2026-09-15
CAMLINFINE,EQ,101.86,103.9,97.75,99.21,101.68,634588,632.1,2026-09-15
CAMPUS,EQ,214.5,215.39,207.92,212.9,214.36,432209,914.02,2026-09-15
CAMS,EQ,711.3,732.6,708.05,717.35,711.0,1973247,14208.66,2026-09-15
CANBK,EQ,123.25,124.48,122.05,122.37,124.0,12696568,15621.35,2026-09-15
CANFINHOME,EQ,776.2,788.75,766.85,784.8,779.75,203614,1585.86,2026-09-15
CANHLIFE,EQ,151.7,153.0,149.0,151.78,151.92,591395,894.27,2026-09-15
CANTABIL,EQ,238.6,245.79,238.0,240.3,240.21,198186,479.57,2026-09-15
CAPACITE,EQ,191.0,196.53,187.75,189.57,191.98,319841,612.95,2026-09-15
CAPILLARY,EQ,466.0,477.4,464.8,472.2,461.95,428715,2027.04,2026-09-15
CAPITALSFB,EQ,271.35,277.2,267.15,269.7,271.35,31682,86.17,2026-09-15
CAPLIPOINT,EQ,2750.2,2760.0,2555.0,2570.6,2754.9,216544,5687.29,2026-09-15
CARBORUNIV,EQ,1085.0,1085.0,1021.0,1031.8,1075.2,188036,1967.99,2026-09-15
CARERATING,EQ,1660.0,1668.3,1626.0,1635.7,1650.5,28190,462.65,2026-09-15
CARRARO,EQ,538.0,539.0,519.0,521.0,538.45,95342,503.57,2026-09-15
CARTRADE,EQ,3090.0,3170.2,3001.1,3017.1,3087.9,337654,10447.28,2026-09-15
CARYSIL,EQ,1162.0,1164.5,1123.0,1126.8,1161.9,73083,830.9,2026-09-15
CASHIETF,EQ,1079.5,1079.57,1079.5,1079.56,1079.43,1011652,10921.34,2026-09-15
CASTROLIND,EQ,187.8,188.25,187.2,187.82,188.03,2080994,3908.12,2026-09-15
CCAVENUE,EQ,16.47,16.47,15.55,15.69,16.29,16515500,2622.65,2026-09-15
CCCL,EQ,13.9,14.11,13.73,13.99,13.91,158953,22.18,2026-09-15
CCHHL,EQ,12.41,12.59,12.1,12.18,12.37,15566,1.91,2026-09-15
CCL,EQ,1076.0,1086.0,1056.0,1060.9,1081.0,118848,1271.04,2026-09-15
CDSL,EQ,1360.0,1361.3,1302.5,1311.0,1360.0,1265342,16777.53,2026-09-15
CEATLTD,EQ,3285.9,3322.0,3252.0,3282.5,3278.5,60254,1988.4,2026-09-15
CEIGALL,EQ,382.35,383.4,370.0,382.25,380.4,317006,1194.72,2026-09-15
CEINSYS,EQ,700.0,715.2,671.3,676.6,707.0,49837,342.89,2026-09-15
CELEBRITY,EQ,7.17,7.17,6.65,6.7,6.85,21421,1.45,2026-09-15
CELLO,EQ,335.45,337.0,325.05,327.55,332.8,382117,1263.05,2026-09-15
CEMNTGROWW,EQ,14.37,14.48,13.88,13.95,14.37,351863,49.37,2026-09-15
CEMPRO,EQ,1246.0,1285.7,1196.0,1207.1,1244.3,270250,3326.29,2026-09-15
CENTENKA,EQ,568.9,570.1,546.55,550.4,565.4,42064,234.18,2026-09-15
CENTEXT,EQ,21.95,21.95,19.8,19.98,22.37,888517,181.15,2026-09-15
CENTRALBK,EQ,30.85,31.03,30.35,30.46,30.74,5054888,1548.15,2026-09-15
CENTRUM,EQ,22.54,22.54,21.57,21.65,22.34,128168,28.03,2026-09-15
CENTUM,EQ,4254.9,4298.9,3972.8,4010.6,4192.0,42588,1748.18,2026-09-15
CENTURYPLY,EQ,717.05,726.9,706.65,711.05,717.05,37273,266.75,2026-09-15
CERA,EQ,5588.0,5620.0,5558.0,5572.0,5587.5,4096,228.17,2026-09-15
CESC,EQ,146.0,146.76,141.1,141.7,145.37,1720693,2469.49,2026-09-15
CEWATER,EQ,286.55,286.7,273.3,276.15,284.7,142855,396.98,2026-09-15
CFEL,EQ,50.0,52.8,47.05,47.41,49.3,171314,84.66,2026-09-15
CGCL,EQ,264.0,264.8,254.25,255.1,266.0,2889142,7463.28,2026-09-15
CGPOWER,EQ,909.0,911.3,858.0,858.0,909.0,3474919,30358.1,2026-09-15
CGVAK,EQ,148.0,148.0,144.19,144.31,145.83,2089,3.03,2026-09-15
CHALET,EQ,872.0,881.9,839.1,845.15,877.25,51795,443.78,2026-09-15
CHAMBLFERT,EQ,420.0,421.0,415.45,416.65,418.8,447469,1866.66,2026-09-15
CHEMBOND,EQ,219.99,223.0,190.6,195.52,217.12,32132,64.65,2026-09-15
CHEMCRUX,EQ,82.1,84.0,79.8,80.23,82.4,5107,4.11,2026-09-15
CHEMFAB,EQ,384.45,384.45,365.05,372.15,379.35,2148,8.04,2026-09-15
CHEMICAL,EQ,30.36,30.36,28.73,28.94,29.97,511729,149.78,2026-09-15
CHEMPLASTS,EQ,173.5,174.45,164.29,165.12,171.35,241434,405.33,2026-09-15
CHENNPETRO,EQ,1580.0,1583.2,1461.1,1471.8,1572.9,2061830,31107.71,2026-09-15
CHEVIOT,EQ,1213.8,1235.0,1170.0,1172.3,1207.8,1305,15.52,2026-09-15
CHOICEGOLD,EQ,150.0,150.28,148.0,149.29,150.0,5092,7.62,2026-09-15
CHOICEIN,EQ,760.5,764.7,737.1,740.4,759.8,193485,1444.3,2026-09-15
CHOLAFIN,EQ,1834.8,1842.0,1784.2,1791.6,1845.9,1709145,30793.72,2026-09-15
CHOLAHLDNG,EQ,1530.0,1543.2,1500.3,1510.8,1528.6,79301,1198.01,2026-09-15
CIEINDIA,EQ,382.75,382.75,368.0,375.0,379.65,207605,782.77,2026-09-15
CIFL,EQ,20.26,20.26,19.45,19.53,20.2,23450,4.62,2026-09-15
CINELINE,EQ,97.9,97.9,91.25,91.81,96.31,12901,12.16,2026-09-15
CINEVISTA,EQ,14.5,14.96,14.06,14.08,14.23,6564,0.93,2026-09-15
CIPLA,EQ,1355.0,1362.7,1347.7,1351.0,1366.0,1225305,16600.47,2026-09-15
CLEAN,EQ,843.45,850.8,815.5,820.3,842.05,281497,2334.93,2026-09-15
CLEANMAX,EQ,1429.0,1430.0,1292.6,1321.5,1431.0,405886,5424.87,2026-09-15
CLEDUCATE,EQ,60.0,60.0,56.36,57.14,59.18,24865,14.29,2026-09-15
CLSEL,EQ,297.7,301.5,280.0,281.6,296.5,80059,229.03,2026-09-15
CMLL,EQ,475.5,486.3,467.0,474.7,474.15,292036,1391.37,2026-09-15
CMPDI,EQ,216.7,217.9,202.0,203.74,215.23,1650955,3436.65,2026-09-15
CMRGREEN,EQ,217.9,224.83,211.39,212.76,216.58,282768,608.48,2026-09-15
CMSINFO,EQ,224.98,236.9,220.99,222.91,224.38,1409704,3212.33,2026-09-15
CNL,EQ,1133.6,1139.2,1050.1,1068.6,1116.9,20384,222.6,2026-09-15
COALINDIA,EQ,426.4,427.0,418.0,419.25,426.4,6128458,25892.91,2026-09-15
COASTCORP,EQ,39.52,40.53,37.0,37.32,39.09,132609,50.48,2026-09-15
COCHINSHIP,EQ,1389.0,1389.0,1320.0,1325.0,1381.0,1989625,26860.55,2026-09-15
COCKERILL,EQ,8115.0,8885.0,8115.0,8286.0,8191.0,34982,2985.71,2026-09-15
COFFEEDAY,EQ,32.0,32.47,30.12,30.37,31.67,693779,214.55,2026-09-15
COFORGE,EQ,1887.3,1893.6,1765.6,1775.5,1846.5,4583784,83011.77,2026-09-15
COHANCE,EQ,440.1,443.15,421.35,423.6,440.2,383863,1648.51,2026-09-15
COLPAL,EQ,1797.4,1846.6,1788.8,1820.3,1797.4,670867,12278.51,2026-09-15
COMFINTE,EQ,6.03,6.16,5.91,5.92,6.08,127261,7.62,2026-09-15
COMMOIETF,EQ,98.26,99.28,96.01,96.24,98.26,64836,62.71,2026-09-15
COMPEAU,EQ,364.5,364.5,360.0,360.0,362.0,10,0.04,2026-09-15
COMPUSOFT,EQ,12.98,13.15,12.82,12.91,12.9,12297,1.6,2026-09-15
COMSYN,EQ,303.0,303.0,281.35,289.8,299.15,208274,610.77,2026-09-15
CONCOR,EQ,499.95,501.5,483.7,483.7,499.25,566088,2781.52,2026-09-15
CONCORDBIO,EQ,1513.6,1527.1,1467.0,1473.0,1505.7,97030,1449.65,2026-09-15
CONFIPET,EQ,90.2,91.65,84.1,86.1,89.22,4869333,4319.52,2026-09-15
CONS,EQ,11.84,12.05,11.6,11.71,11.84,23897,2.81,2026-09-15
CONSUMAXIS,EQ,118.52,118.61,116.57,116.94,117.94,1155,1.36,2026-09-15
CONSUMBEES,EQ,128.77,128.89,126.12,126.43,127.96,78981,100.45,2026-09-15
CONSUMER,EQ,12.06,12.06,11.58,11.61,11.82,341421,39.99,2026-09-15
CONSUMIETF,EQ,119.03,119.55,117.45,117.9,119.03,6164,7.29,2026-09-15
CONTROLPR,EQ,583.0,586.0,568.9,574.8,588.7,22163,128.52,2026-09-15
CORALFINAC,EQ,31.65,33.96,31.65,32.77,32.16,13223,4.34,2026-09-15
CORDELIA,EQ,114.29,115.49,109.87,112.33,112.85,2990405,3368.63,2026-09-15
CORDSCABLE,EQ,375.9,379.0,350.1,354.25,373.4,181308,656.37,2026-09-15
COROMANDEL,EQ,1928.0,1950.0,1918.9,1939.1,1929.0,93758,1817.48,2026-09-15
CORONA,EQ,2250.0,2292.4,2192.1,2217.9,2236.1,90921,2044.38,2026-09-15
COSMOFIRST,EQ,875.05,884.6,858.0,861.35,874.9,54106,469.41,2026-09-15
CPCAP,EQ,138.32,141.0,132.0,140.17,135.08,81592,112.66,2026-09-15
CPEDU,EQ,178.1,180.0,174.0,176.34,177.74,1860,3.3,2026-09-15
CPL,EQ,65.78,65.78,62.5,62.83,64.79,22223,14.15,2026-09-15
CPPLUS,EQ,3825.4,3879.8,3634.3,3663.4,3825.5,182895,6893.37,2026-09-15
CPSEETF,EQ,93.89,94.36,91.54,92.04,93.89,1059209,981.79,2026-09-15
CRAFTSMAN,EQ,11763.0,11798.0,10968.0,11099.0,11669.0,74009,8342.75,2026-09-15
CRAMC,EQ,240.35,241.0,231.1,232.4,238.9,341060,804.21,2026-09-15
CRAVATEX,EQ,335.2,335.2,316.3,319.5,323.95,231,0.75,2026-09-15
CREATIVEYE,EQ,5.88,5.88,5.71,5.74,5.72,4750,0.27,2026-09-15
CREDITACC,EQ,1413.3,1431.7,1400.0,1409.6,1424.2,188404,2661.75,2026-09-15
CREST,EQ,350.5,357.95,347.5,354.65,355.25,6243,22.05,2026-09-15
CRESTO,EQ,16.7,17.08,15.48,16.05,16.91,25866,4.21,2026-09-15
CRISIL,EQ,4700.0,4717.4,4531.6,4596.9,4697.9,45895,2110.62,2026-09-15
CRIZAC,EQ,190.0,192.0,178.12,179.89,186.68,323052,587.08,2026-09-15
CROMPTON,EQ,231.0,231.6,226.11,226.15,231.0,1492514,3402.68,2026-09-15
CROWN,EQ,113.67,114.5,106.05,106.83,112.55,7616,8.29,2026-09-15
CSBBANK,EQ,303.25,307.15,295.0,296.35,305.7,496189,1495.72,2026-09-15
CSLFINANCE,EQ,219.38,223.13,215.02,215.37,220.98,78193,170.11,2026-09-15
CSM,EQ,83.44,95.0,81.59,89.85,83.44,1303153,1151.82,2026-09-15
CUB,EQ,227.32,231.0,223.25,225.78,227.32,1260751,2876.87,2026-09-15
CUBEXTUB,EQ,76.0,76.72,74.8,75.08,77.1,50132,37.84,2026-09-15
CUMMINSIND,EQ,5070.0,5121.5,4874.0,4874.0,5070.0,304824,15083.97,2026-09-15
CUPID,EQ,280.55,286.85,279.0,284.4,280.0,10885946,30917.16,2026-09-15
CURAA,EQ,79.0,79.0,75.0,75.5,79.61,419,0.33,2026-09-15
CYIENT,EQ,1076.6,1107.2,1065.6,1078.9,1059.4,857646,9305.96,2026-09-15
CYIENTDLM,EQ,910.0,924.6,874.0,882.7,904.4,468701,4183.18,2026-09-15
DABUR,EQ,379.0,390.95,376.75,384.9,376.0,9936721,38356.13,2026-09-15
DALBHARAT,EQ,1746.6,1754.0,1682.0,1687.4,1746.6,56698,964.84,2026-09-15
DALMIASUG,EQ,415.0,416.55,396.0,398.2,417.35,191352,772.35,2026-09-15
DAMCAPITAL,EQ,142.98,144.09,138.05,138.93,142.43,215682,301.66,2026-09-15
DANGEE,EQ,2.75,2.94,2.75,2.78,2.75,85525,2.39,2026-09-15
DATAMATICS,EQ,764.5,857.5,755.5,766.25,760.2,1393528,11290.7,2026-09-15
DATAPATTNS,EQ,4829.0,4829.0,4306.0,4358.8,4829.2,1100262,49633.01,2026-09-15
DAVANGERE,EQ,2.27,2.31,2.2,2.24,2.1,38601423,874.97,2026-09-15
DBCORP,EQ,191.74,191.74,184.0,184.73,190.79,119959,224.67,2026-09-15
DBEIL,EQ,7.1,7.1,6.52,6.79,7.06,205425,14.27,2026-09-15
DBL,EQ,405.0,409.0,395.6,399.6,403.35,222795,893.9,2026-09-15
DBOL,EQ,117.94,121.23,111.0,113.26,118.55,264141,304.03,2026-09-15
DBREALTY,EQ,97.8,100.5,95.7,96.96,97.79,1376663,1340.58,2026-09-15
DCAL,EQ,174.99,177.57,160.77,163.16,167.25,903157,1535.92,2026-09-15
DCBBANK,EQ,226.23,228.94,220.81,221.89,226.37,845015,1893.2,2026-09-15
DCI,EQ,272.0,295.0,251.15,264.7,271.7,4004396,10878.34,2026-09-15
DCM,EQ,77.25,79.75,75.4,76.42,75.0,18824,14.37,2026-09-15
DCMFINSERV,EQ,5.07,5.45,4.78,5.0,5.07,16937,0.86,2026-09-15
DCMNVL,EQ,180.0,180.0,172.5,172.6,178.77,11960,20.94,2026-09-15
DCMSHRIRAM,EQ,996.0,1004.0,985.0,994.1,1000.0,54350,540.88,2026-09-15
DCMSIL,EQ,72.0,73.79,68.03,69.25,71.04,117329,83.2,2026-09-15
DCMSRIND,EQ,41.1,41.1,38.16,38.56,40.56,241420,94.31,2026-09-15
DCW,EQ,46.72,46.84,44.5,44.72,46.63,962522,436.08,2026-09-15
DCXINDIA,EQ,167.6,168.7,160.0,161.62,166.63,430267,702.09,2026-09-15
DDEVPLSTIK,EQ,256.7,257.7,250.0,250.65,256.8,77123,195.28,2026-09-15
DECCANCE,EQ,581.0,599.65,561.55,566.05,573.7,84609,487.48,2026-09-15
DECNGOLD,EQ,237.0,238.4,221.25,222.82,229.73,2417752,5574.91,2026-09-15
DEEDEV,EQ,639.35,644.0,607.4,607.4,639.35,225832,1408.05,2026-09-15
DEEP,EQ,47.0,47.77,42.67,45.13,46.08,112049,50.06,2026-09-15
DEEPA,EQ,185.87,187.62,165.0,169.14,185.86,3282691,5766.36,2026-09-15
DEEPAKFERT,EQ,1321.8,1353.0,1277.9,1284.8,1320.4,232642,3058.13,2026-09-15
DEEPAKNTR,EQ,1588.9,1597.9,1556.1,1561.3,1587.8,208902,3278.46,2026-09-15
DEEPINDS,EQ,778.4,778.4,724.55,730.4,774.4,492116,3649.85,2026-09-15
DEFENCE,EQ,83.56,83.56,76.5,76.88,81.92,1049090,819.12,2026-09-15
DELHIVERY,EQ,439.0,441.85,416.5,420.5,439.0,4661661,19731.12,2026-09-15
DELTACORP,EQ,54.14,54.53,52.82,53.79,54.15,983195,527.97,2026-09-15
DELTAMAGNT,EQ,57.26,57.29,55.2,55.65,55.87,2736,1.52,2026-09-15
DEN,EQ,26.98,27.19,26.51,26.62,26.98,260934,69.78,2026-09-15
DENORA,EQ,820.0,820.0,792.0,812.95,798.45,2684,21.67,2026-09-15
DENTA,EQ,288.1,291.9,273.0,276.3,287.75,83817,236.31,2026-09-15
DEVIT,EQ,24.35,24.35,23.55,23.8,24.18,25147,5.97,2026-09-15
DEVX,EQ,34.08,34.6,33.12,33.3,34.05,51741,17.41,2026-09-15
DEVYANI,EQ,138.5,139.95,135.56,136.22,137.97,2125386,2909.37,2026-09-15
DGCONTENT,EQ,23.88,24.66,23.65,23.74,24.12,4109,0.98,2026-09-15
DHAMPURSUG,EQ,164.11,165.0,155.0,156.61,163.59,529298,841.84,2026-09-15
DHANBANK,EQ,31.15,31.3,29.54,29.79,31.15,593184,180.03,2026-09-15
DHANUKA,EQ,977.8,980.0,953.0,956.5,980.0,10086,97.16,2026-09-15
DHARMAJ,EQ,269.5,271.2,264.95,268.25,269.35,39754,106.68,2026-09-15
DHATRE,EQ,4.4,4.4,4.07,4.29,4.31,12333,0.53,2026-09-15
DHOOTTRANS,EQ,1735.3,1735.3,1555.9,1555.9,1728.7,1966272,31388.48,2026-09-15
DHRUV,EQ,22.0,22.93,21.5,22.14,21.84,3779,0.83,2026-09-15
DHUNINV,EQ,1028.0,1028.0,975.0,978.45,995.0,570,5.64,2026-09-15
DIAMINESQ,EQ,263.45,263.45,247.57,251.8,258.27,9661,24.36,2026-09-15
DIAMONDYD,EQ,1114.5,1150.0,1076.3,1107.4,1108.4,11209,123.06,2026-09-15
DICIND,EQ,602.15,628.7,586.3,593.15,602.1,6058,37.19,2026-09-15
DIFFNKG,EQ,449.0,459.25,423.25,427.25,449.5,231431,1015.06,2026-09-15
DIGIDRIVE,EQ,17.17,17.6,17.12,17.58,17.15,14370,2.5,2026-09-15
DIGISPICE,EQ,17.68,17.68,16.12,16.33,16.87,161772,26.38,2026-09-15
DIGITIDE,EQ,89.4,89.66,84.1,85.06,88.75,220676,191.86,2026-09-15
DIGJAMLMTD,EQ,68.79,70.93,65.0,65.0,68.42,123964,83.81,2026-09-15
DISAQ,EQ,11775.0,11919.0,11500.0,11677.0,11688.0,295,34.77,2026-09-15
DISHTV,EQ,2.59,2.62,2.57,2.62,2.5,1142262,29.88,2026-09-15
DIVGIITTS,EQ,1192.9,1199.9,1101.0,1106.3,1188.3,113571,1280.42,2026-09-15
DIVIDEND,EQ,35.16,35.26,34.67,34.71,34.86,7148,2.49,2026-09-15
DIVISLAB,EQ,9367.5,9397.5,9118.5,9198.0,9322.0,380826,35161.51,2026-09-15
DIVOPPBEES,EQ,76.12,76.12,74.27,74.4,74.92,63890,47.92,2026-09-15
DIXON,EQ,13490.0,13575.0,13093.0,13180.0,13425.0,431603,57322.38,2026-09-15
DJML,EQ,82.97,83.59,76.64,78.66,82.39,92791,73.07,2026-09-15
DLF,EQ,644.5,647.15,620.85,620.85,644.5,3668098,23118.22,2026-09-15
DLINKINDIA,EQ,436.0,436.0,414.3,417.05,434.25,110182,464.85,2026-09-15
DMART,EQ,3692.9,3735.9,3680.0,3680.0,3688.0,496744,18451.12,2026-09-15
DMCC,EQ,290.0,290.0,263.5,265.5,287.55,109990,301.1,2026-09-15
DNAMEDIA,EQ,2.56,2.66,2.48,2.5,2.51,16001,0.4,2026-09-15
DODLA,EQ,1078.1,1094.5,1067.1,1080.3,1090.8,23425,253.56,2026-09-15
DOLATALGO,EQ,69.82,69.82,68.01,68.25,69.32,126104,86.65,2026-09-15
DOLLAR,EQ,276.9,276.9,261.05,262.95,273.55,46906,125.48,2026-09-15
DOLLEX,EQ,39.0,39.0,37.0,37.4,38.45,53119,20.13,2026-09-15
DOLPHIN,EQ,663.0,685.0,644.1,651.05,649.0,52528,349.45,2026-09-15
DOMS,EQ,2125.1,2143.8,2103.0,2120.4,2121.0,19480,413.02,2026-09-15
DONEAR,EQ,85.03,85.03,82.26,82.46,85.03,15977,13.32,2026-09-15
DPABHUSHAN,EQ,1344.8,1359.9,1330.0,1337.5,1340.6,18910,253.87,2026-09-15
DRAGARWQ,EQ,5311.0,5420.0,5105.5,5137.0,5306.5,1747,90.9,2026-09-15
DRCSYSTEMS,EQ,13.11,13.11,12.72,12.75,12.92,32134,4.13,2026-09-15
DREAMFOLKS,EQ,65.69,69.25,65.5,66.76,66.12,74003,49.83,2026-09-15
DREDGECORP,EQ,1047.0,1047.0,985.1,994.0,1039.7,75067,753.87,2026-09-15
DRREDDY,EQ,1163.7,1168.5,1141.0,1145.0,1165.5,1810974,20925.9,2026-09-15
DSSL,EQ,1075.0,1104.7,1027.6,1034.4,1059.1,38862,412.67,2026-09-15
DUCON,EQ,1.8,1.81,1.52,1.59,1.78,3110461,51.37,2026-09-15
DVL,EQ,286.2,287.9,281.5,282.7,286.2,13896,39.44,2026-09-15
DWARKESH,EQ,45.1,45.15,41.51,41.72,44.74,3030956,1297.49,2026-09-15
DYCL,EQ,459.0,459.75,430.2,432.6,455.45,406393,1787.47,2026-09-15
DYNAMATECH,EQ,12201.0,12277.0,11925.0,12071.0,12097.0,22745,2753.26,2026-09-15
DYNPRO,EQ,232.18,234.9,226.91,227.94,232.18,20261,46.57,2026-09-15
EASEMYTRIP,EQ,5.83,5.93,5.77,5.78,5.83,14324287,837.05,2026-09-15
EASTWEST,EQ,2.38,2.38,2.3,2.3,2.36,21580,0.5,2026-09-15
EBANK10,EQ,16.56,16.56,16.26,16.26,16.45,260,0.04,2026-09-15
EBANKNIFTY,EQ,56.94,57.29,56.39,56.49,56.94,1851,1.05,2026-09-15
EBBETF0430,EQ,1614.9,1614.9,1600.0,1603.74,1608.01,9077,145.55,2026-09-15
EBBETF0431,EQ,1432.0,1439.82,1420.61,1425.49,1432.97,8761,124.91,2026-09-15
EBBETF0433,EQ,1307.01,1312.52,1304.01,1305.8,1308.54,3976,52.04,2026-09-15
EBGNG,EQ,690.0,712.0,666.1,671.45,679.65,1306597,8994.73,2026-09-15
ECAPINSURE,EQ,23.64,23.65,22.88,22.95,23.35,164338,37.86,2026-09-15
ECLERX,EQ,1890.8,1968.8,1885.0,1894.8,1899.6,202420,3893.73,2026-09-15
ECORECO,EQ,444.0,444.0,424.0,427.4,435.5,6437,27.7,2026-09-15
ECOSMOBLTY,EQ,112.47,112.91,106.0,107.47,111.68,96779,105.1,2026-09-15
EDELWEISS,EQ,133.0,133.14,125.1,127.4,132.43,9385808,12136.24,2026-09-15
EFCIL,EQ,185.85,187.78,180.45,182.64,185.18,171436,313.12,2026-09-15
EGOLD,EQ,150.8,150.8,147.55,149.65,151.05,53334,79.88,2026-09-15
EICHERMOT,EQ,7567.5,7570.5,7440.0,7452.5,7530.0,353472,26454.83,2026-09-15
EIDPARRY,EQ,721.0,721.0,700.05,702.75,721.05,339905,2400.96,2026-09-15
EIEL,EQ,207.11,208.25,196.0,196.91,207.11,875481,1756.76,2026-09-15
EIHAHOTELS,EQ,289.4,292.05,280.1,281.3,287.45,20478,58.07,2026-09-15
EIHOTEL,EQ,286.55,287.9,280.3,283.8,286.45,203168,575.72,2026-09-15
EIMCOELECO,EQ,2325.5,2348.8,2233.0,2242.2,2325.5,26475,600.71,2026-09-15
EKC,EQ,101.8,102.39,98.1,98.8,101.8,215796,215.73,2026-09-15
EKI,EQ,69.0,73.98,69.0,69.5,69.28,11049,7.78,2026-09-15
ELANTAS,EQ,14890.0,14890.0,13125.0,13481.0,14513.0,9233,1273.29,2026-09-15
ELCIDIN,EQ,105035.0,105500.0,102210.0,102210.0,106850.0,11,11.53,2026-09-15
ELDEHSG,EQ,799.8,815.8,775.0,780.3,783.5,1007,7.95,2026-09-15
ELECON,EQ,422.6,423.45,412.2,413.5,422.1,171029,713.42,2026-09-15
ELECTCAST,EQ,77.5,78.2,74.66,75.23,77.62,1365788,1034.52,2026-09-15
ELECTHERM,EQ,956.3,988.3,926.5,945.35,956.3,16105,156.22,2026-09-15
ELGIEQUIP,EQ,627.55,641.4,606.8,612.05,617.7,626303,3920.95,2026-09-15
ELGIRUBCO,EQ,59.7,59.7,55.41,55.83,58.48,47619,27.18,2026-09-15
ELIN,EQ,91.41,92.49,86.02,87.15,90.96,169405,151.17,2026-09-15
ELIQUID,EQ,1047.74,1047.74,1047.72,1047.72,1047.59,26313,275.69,2026-09-15
ELITECON,EQ,8.48,8.58,8.36,8.57,8.18,12249273,1049.59,2026-09-15
ELLEN,EQ,382.05,382.45,351.1,355.1,380.2,1197962,4339.31,2026-09-15
ELM250,EQ,16.42,16.45,15.8,16.0,16.31,178808,28.88,2026-09-15
ELMDIV,EQ,36.0,36.5,35.21,36.4,36.26,1456,0.52,2026-09-15
ELPROINTL,EQ,173.5,174.89,171.9,172.85,173.24,17260,29.86,2026-09-15
EMAMILTD,EQ,374.0,382.65,371.2,373.7,363.8,2883728,10897.89,2026-09-15
EMAMIREAL,EQ,68.1,69.9,67.05,67.45,69.8,5992,4.09,2026-09-15
EMBDL,EQ,55.32,56.38,53.9,55.01,55.28,3033004,1675.72,2026-09-15
EMCURE,EQ,1977.0,2014.3,1974.0,1993.0,1978.9,239137,4777.34,2026-09-15
EMETAL,EQ,13.35,13.35,12.7,12.74,13.06,14974,1.92,2026-09-15
EMIL,EQ,190.49,191.82,183.5,185.06,188.38,1398144,2598.36,2026-09-15
EMKAY,EQ,254.0,254.45,240.0,241.45,250.9,26566,65.13,2026-09-15
EMMVEE,EQ,346.0,349.7,322.45,328.55,346.0,2890305,9714.76,2026-09-15
EMPIND,EQ,1049.0,1056.0,1020.1,1038.3,1054.0,3778,39.25,2026-09-15
EMPOWER,EQ,2.34,2.39,2.32,2.38,2.28,20036776,476.0,2026-09-15
EMSLIMITED,EQ,387.0,387.0,371.05,373.95,383.1,200788,756.6,2026-09-15
EMUDHRA,EQ,535.0,592.85,531.0,592.85,494.05,1550701,9042.87,2026-09-15
EMULTIMQ,EQ,42.05,42.05,40.35,40.58,41.85,40554,16.6,2026-09-15
ENDURANCE,EQ,2692.6,2710.0,2609.8,2614.6,2692.6,45517,1208.52,2026-09-15
ENERGY,EQ,37.34,39.0,37.34,37.4,38.3,440593,166.0,2026-09-15
ENERGYAXIS,EQ,19.25,19.99,18.63,19.78,19.06,24801,4.73,2026-09-15
ENERGYDEV,EQ,14.72,15.5,14.14,14.27,14.92,50557,7.33,2026-09-15
ENEXT50,EQ,72.37,72.57,70.0,70.0,72.21,952,0.67,2026-09-15
ENGINERSIN,EQ,270.0,273.0,261.6,262.45,268.95,2408462,6393.47,2026-09-15
ENIFTY,EQ,24.22,24.22,23.03,23.43,23.63,7916,1.86,2026-09-15
ENIL,EQ,103.8,103.8,99.61,100.4,101.24,9593,9.64,2026-09-15
ENKEIWHEL,EQ,412.95,413.0,394.6,398.55,399.0,2736,11.05,2026-09-15
ENRIN,EQ,3200.0,3200.0,3010.0,3028.7,3181.3,304976,9413.91,2026-09-15
ENTERO,EQ,1812.0,1825.4,1730.0,1802.1,1815.4,144363,2559.13,2026-09-15
EPACK,EQ,185.49,186.79,176.72,177.7,185.15,422360,764.42,2026-09-15
EPACKPEB,EQ,244.05,245.65,215.46,221.26,240.44,705316,1613.18,2026-09-15
EPIGRAL,EQ,1134.8,1136.6,1076.7,1092.2,1131.1,49513,541.61,2026-09-15
EPL,EQ,240.65,240.8,234.5,235.9,239.3,1961583,4643.94,2026-09-15
EQUAL200,EQ,13.59,13.59,13.33,13.33,13.59,30673,4.11,2026-09-15
EQUAL50,EQ,324.99,324.99,319.56,320.43,324.09,1653,5.32,2026-09-15
EQUAL50ADD,EQ,335.86,337.0,330.0,330.63,334.19,78106,259.49,2026-09-15
EQUITASBNK,EQ,73.04,73.55,71.05,71.35,73.15,1749775,1260.4,2026-09-15
ERIS,EQ,1355.5,1359.9,1300.6,1310.1,1355.5,44182,589.62,2026-09-15
ESABINDIA,EQ,5860.0,5886.5,5736.5,5751.0,5884.0,5649,326.13,2026-09-15
ESCORTS,EQ,2895.0,2899.6,2822.2,2835.8,2899.7,49945,1420.89,2026-09-15
ESDS,EQ,1800.0,1827.4,1681.0,1824.7,1740.4,6742443,118676.23,2026-09-15
ESENSEX,EQ,76.58,76.58,74.69,75.4,75.52,149,0.11,2026-09-15
ESG,EQ,40.38,40.44,39.72,39.72,40.18,17564,7.01,2026-09-15
ESILVER,EQ,225.5,227.16,223.3,224.0,226.52,23787,53.5,2026-09-15
ESSARSHPNG,EQ,16.31,17.15,15.61,15.76,16.31,184779,29.83,2026-09-15
ESSENTIA,EQ,1.06,1.07,1.04,1.04,1.06,1407735,14.84,2026-09-15
ESTER,EQ,90.53,93.85,86.2,87.03,89.89,59979,52.75,2026-09-15
ETERNAL,EQ,327.5,327.95,314.65,315.25,323.5,12538697,40062.92,2026-09-15
ETHOSLTD,EQ,2646.0,2660.0,2567.5,2574.1,2635.4,26476,688.0,2026-09-15
EUREKAFORB,EQ,394.25,405.4,389.55,394.3,394.15,97508,386.23,2026-09-15
EUROBOND,EQ,146.21,149.99,146.0,146.98,150.46,2050,3.02,2026-09-15
EUROPRATIK,EQ,249.4,250.05,238.0,240.5,245.7,231445,558.42,2026-09-15
EVEREADY,EQ,362.95,362.95,329.6,336.75,363.0,204803,699.45,2026-09-15
EVIETF,EQ,32.76,32.76,31.13,31.35,31.97,138619,44.13,2026-09-15
EVINDIA,EQ,32.78,32.78,31.41,31.5,31.99,246999,78.62,2026-09-15
EXCELINDUS,EQ,990.6,1002.9,959.8,965.7,980.8,12066,117.69,2026-09-15
EXCELSOFT,EQ,81.05,84.7,76.15,77.63,81.03,2340141,1895.74,2026-09-15
EXICOM,EQ,183.2,184.34,167.0,168.43,182.28,1644397,2863.01,2026-09-15
EXIDEIND,EQ,412.65,417.95,405.1,409.2,412.65,1537472,6357.41,2026-09-15
EXPLEOSOL,EQ,891.0,914.0,860.0,862.6,889.5,33126,292.96,2026-09-15
EXXARO,EQ,6.38,6.48,6.2,6.35,6.38,241706,15.27,2026-09-15
FABTECH,EQ,148.07,148.6,145.21,146.3,147.02,95273,139.85,2026-09-15
FACT,EQ,780.15,785.15,751.4,754.55,779.6,118792,909.26,2026-09-15
FAZE3Q,EQ,489.45,491.45,465.0,467.85,489.45,16501,78.17,2026-09-15
FCL,EQ,58.0,58.39,52.25,53.88,57.72,29470137,15966.13,2026-09-15
FCSSOFT,EQ,1.46,1.47,1.42,1.42,1.44,1322981,19.08,2026-09-15
FDC,EQ,340.0,354.85,339.75,349.7,341.45,470213,1644.74,2026-09-15
FEDDERSHOL,EQ,49.65,49.9,49.01,49.14,48.51,1540025,760.26,2026-09-15
FEDERALBNK,EQ,344.45,344.5,339.45,343.0,344.5,3090047,10560.91,2026-09-15
FEDFINA,EQ,158.6,160.04,152.82,153.51,158.53,598566,930.73,2026-09-15
FERMENTA,EQ,478.0,479.0,468.0,471.0,474.65,59767,282.63,2026-09-15
FIBERWEB,EQ,27.1,27.98,25.56,25.63,27.1,17411,4.55,2026-09-15
FIEMIND,EQ,2013.9,2020.0,1931.0,1938.1,2009.5,61058,1200.76,2026-09-15
FILATEX,EQ,89.5,91.3,80.05,82.41,87.41,8356838,7198.15,2026-09-15
FILATFASH,EQ,0.18,0.19,0.18,0.18,0.18,17462471,31.69,2026-09-15
FINCABLES,EQ,1420.0,1421.6,1326.4,1339.9,1424.0,1266116,17316.09,2026-09-15
FINEORG,EQ,5160.5,5167.5,5081.0,5153.5,5167.5,18010,925.38,2026-09-15
FINIETF,EQ,33.21,33.21,31.58,31.64,32.4,463798,147.69,2026-09-15
FINKURVE,EQ,75.0,76.83,70.3,72.68,72.49,389220,290.2,2026-09-15
FINOPB,EQ,141.0,141.96,137.03,137.73,139.83,136375,188.44,2026-09-15
FINPIPE,EQ,153.67,154.43,150.51,151.33,153.45,428132,649.0,2026-09-15
FIRSTCRY,EQ,170.0,189.75,167.01,171.53,168.83,53340405,95248.04,2026-09-15
FISCHER,EQ,35.95,35.98,33.7,34.02,35.87,300708,104.37,2026-09-15
FIVESTAR,EQ,558.0,558.0,536.35,541.95,551.05,513721,2805.83,2026-09-15
FLAIR,EQ,238.2,244.65,232.02,233.73,236.08,69539,163.87,2026-09-15
FLEXIADD,EQ,9.91,9.99,9.65,9.67,9.77,585333,56.98,2026-09-15
FLUOROCHEM,EQ,4819.9,4830.0,4557.9,4601.3,4773.2,130548,6043.78,2026-09-15
FMCGADD,EQ,45.74,46.98,45.25,45.65,45.52,31238,14.2,2026-09-15
FMCGIETF,EQ,49.81,49.81,48.41,48.49,48.6,1575053,767.59,2026-09-15
FMGOETZE,EQ,466.25,466.4,441.0,445.65,461.0,274593,1232.43,2026-09-15
FMNL,EQ,9.65,9.65,8.97,9.09,9.43,45720,4.14,2026-09-15
FOODSIN,EQ,55.23,55.23,53.02,53.49,55.23,50438,27.42,2026-09-15
FORCEMOT,EQ,17710.0,17785.0,17200.0,17245.0,17705.0,68042,11863.48,2026-09-15
FORTIS,EQ,894.0,896.55,875.2,880.1,887.8,842800,7477.72,2026-09-15
FOSECOIND,EQ,6277.5,6367.5,6100.0,6223.5,6194.5,11949,744.97,2026-09-15
FRACTAL,EQ,765.95,780.0,743.1,748.1,764.45,404374,3049.71,2026-09-15
FREDUN,EQ,1424.7,1424.7,1308.1,1327.9,1412.2,66072,896.43,2026-09-15
FRONTSP,EQ,1240.0,1247.0,1195.4,1226.6,1240.0,19127,233.65,2026-09-15
FSL,EQ,250.15,292.0,250.15,283.35,247.6,33931358,95893.6,2026-09-15
FUSION,EQ,189.9,193.68,187.45,188.18,189.72,495689,941.34,2026-09-15
GABRIEL,EQ,1347.1,1383.5,1292.0,1300.5,1346.4,212338,2843.78,2026-09-15
GAEL,EQ,163.01,163.4,157.16,158.72,163.08,602826,963.35,2026-09-15
GAIL,EQ,173.62,173.82,169.73,170.88,173.62,6202446,10627.11,2026-09-15
GAJA,EQ,152.61,153.09,141.2,142.55,152.6,792538,1160.13,2026-09-15
GALAPREC,EQ,1038.6,1051.0,985.0,992.1,1031.0,25832,261.18,2026-09-15
GALAXYSURF,EQ,2187.2,2198.9,2100.0,2127.3,2187.3,22677,486.01,2026-09-15
GALLANTT,EQ,546.9,548.75,531.0,534.65,546.4,75010,404.8,2026-09-15
GANDHAR,EQ,274.2,275.85,257.8,260.45,272.7,886074,2378.13,2026-09-15
GANDHITUBE,EQ,887.75,887.75,870.05,871.2,887.75,3736,32.8,2026-09-15
GANECOS,EQ,1005.0,1024.8,993.0,1007.0,1013.3,80714,813.71,2026-09-15
GANESHCP,EQ,168.41,168.54,163.25,163.79,167.36,70307,116.77,2026-09-15
GANESHHOU,EQ,755.4,764.0,741.3,745.1,763.4,26112,195.94,2026-09-15
GANGAFORGE,EQ,1.59,1.65,1.56,1.63,1.58,5791282,93.84,2026-09-15
GANGESSECU,EQ,116.36,116.89,113.12,113.52,115.11,355,0.41,2026-09-15
GARFIBRES,EQ,798.4,799.3,780.05,785.5,795.7,70578,554.9,2026-09-15
GARUDA,EQ,182.9,184.17,175.0,176.05,181.9,384253,687.84,2026-09-15
GATEWAY,EQ,53.5,54.0,52.35,52.49,53.35,543148,287.9,2026-09-15
GAUDIUMIVF,EQ,119.8,125.5,113.6,114.42,117.75,217265,259.23,2026-09-15
GAYAHWS,EQ,1.95,1.95,1.86,1.88,1.92,169792,3.25,2026-09-15
GAYAPROJ,EQ,27.28,27.33,24.73,26.15,26.03,3617474,949.85,2026-09-15
GCSL,EQ,604.75,610.9,588.35,601.55,600.7,1181049,7096.02,2026-09-15
GEEKAYWIRE,EQ,27.84,31.72,27.84,29.34,27.83,463841,139.59,2026-09-15
GEMAROMA,EQ,160.87,163.45,157.12,158.08,160.87,100204,160.16,2026-09-15
GENCON,EQ,41.31,41.8,39.25,39.67,41.01,240268,97.54,2026-09-15
GENESYS,EQ,307.0,314.49,280.19,285.51,307.81,945103,2830.78,2026-09-15
GENUSPAPER,EQ,11.83,12.4,11.25,11.38,12.04,197130,23.03,2026-09-15
GENUSPOWER,EQ,323.95,325.3,301.1,306.5,323.1,1644408,5134.66,2026-09-15
GEOJITFSL,EQ,79.22,79.99,76.6,77.27,78.6,214765,167.22,2026-09-15
GESHIP,EQ,1415.0,1415.0,1375.0,1390.4,1412.2,1189720,16645.57,2026-09-15
GFLLIMITED,EQ,58.27,58.27,54.19,54.69,58.27,88311,49.58,2026-09-15
GFSTEELS,EQ,21.99,21.99,21.99,21.99,20.95,6049,1.33,2026-09-15
GHCL,EQ,422.15,430.0,422.0,423.15,421.15,100745,427.51,2026-09-15
GHCLTEXTIL,EQ,131.8,132.08,118.11,119.62,130.76,1302642,1608.71,2026-09-15
GICHSGFIN,EQ,136.11,137.5,134.5,134.89,136.84,50826,68.94,2026-09-15
GICRE,EQ,350.0,350.2,337.1,338.2,349.4,370114,1268.01,2026-09-15
GILLANDERS,EQ,109.0,109.0,101.02,102.91,103.58,3729,3.84,2026-09-15
GILLETTE,EQ,7310.0,7321.0,7207.0,7248.5,7307.0,11161,811.68,2026-09-15
GILT10BETA,EQ,26.7,26.7,26.17,26.21,26.28,464,0.12,2026-09-15
GILT5BETA,EQ,67.75,67.75,65.65,65.66,66.41,5511,3.67,2026-09-15
GILT5YBEES,EQ,64.84,66.66,64.84,65.72,66.16,285839,187.98,2026-09-15
GIPCL,EQ,199.5,200.5,187.0,188.31,199.72,638722,1225.9,2026-09-15
GKB,EQ,64.79,67.44,64.79,67.42,64.79,340,0.22,2026-09-15
GKENERGY,EQ,127.71,127.85,122.28,123.57,127.85,220707,276.46,2026-09-15
GKSL,EQ,170.7,183.05,170.0,173.6,171.09,852318,1506.21,2026-09-15
GKWLIMITED,EQ,1589.8,1599.0,1551.0,1554.0,1584.8,423,6.6,2026-09-15
GLAND,EQ,2930.0,2940.0,2856.9,2895.5,2922.3,497958,14417.93,2026-09-15
GLAXO,EQ,2814.9,2840.8,2775.8,2818.9,2828.4,39814,1117.83,2026-09-15
GLENMARK,EQ,2420.8,2429.8,2346.6,2371.7,2419.2,275789,6574.83,2026-09-15
GLFL,EQ,5.22,5.45,4.97,5.26,5.22,13041,0.68,2026-09-15
GLOBAL,EQ,128.0,128.09,123.11,126.23,126.91,86903,108.74,2026-09-15
GLOBALE,EQ,11.49,11.89,11.01,11.7,11.38,2350,0.27,2026-09-15
GLOBALVECT,EQ,136.0,136.0,129.0,129.84,132.17,7660,10.03,2026-09-15
GLOBE,EQ,1.81,1.85,1.76,1.76,1.81,241250,4.35,2026-09-15
GLOBECIVIL,EQ,44.19,46.29,42.23,43.5,44.21,83670,36.96,2026-09-15
GLOBUSSPR,EQ,839.9,843.55,810.25,820.55,839.75,116617,958.76,2026-09-15
GLOSTERLTD,EQ,575.5,588.0,575.0,575.1,583.1,2489,14.34,2026-09-15
GLOTTIS,EQ,58.0,59.42,58.0,59.03,59.04,26442,15.61,2026-09-15
GMBREW,EQ,910.0,914.0,901.6,905.7,910.9,19543,177.24,2026-09-15
GMDCLTD,EQ,577.0,580.0,552.0,553.45,575.35,947898,5313.98,2026-09-15
GMMPFAUDLR,EQ,1325.0,1384.8,1323.7,1348.0,1307.9,1157001,15707.85,2026-09-15
GMRAIRPORT,EQ,98.0,98.28,92.92,92.97,97.98,10370386,9783.15,2026-09-15
GMRP&UI,EQ,93.55,94.38,90.0,90.35,94.07,813767,749.71,2026-09-15
GNA,EQ,555.0,555.0,527.25,532.6,551.1,183815,993.88,2026-09-15
GNFC,EQ,564.2,564.3,540.0,540.6,562.4,486266,2665.93,2026-09-15
GNRL,EQ,104.79,104.8,101.9,102.54,104.29,76246,78.52,2026-09-15
GOACARBON,EQ,415.0,418.0,382.2,384.9,413.4,48024,190.99,2026-09-15
GOCLCORP,EQ,444.15,448.0,432.05,435.65,441.55,209907,923.62,2026-09-15
GOCOLORS,EQ,325.05,328.05,301.25,304.9,324.75,186618,581.11,2026-09-15
GODAVARIB,EQ,233.65,236.89,225.02,226.63,233.65,65919,151.72,2026-09-15
GODFRYPHLP,EQ,1931.0,1957.0,1900.0,1915.0,1927.0,153558,2959.32,2026-09-15
GODIGIT,EQ,257.4,257.4,251.0,251.5,256.2,89335,225.24,2026-09-15
GODREJAGRO,EQ,679.05,683.0,643.0,645.3,675.85,210484,1399.13,2026-09-15
GODREJCP,EQ,867.0,877.0,856.6,857.0,865.0,1176819,10222.2,2026-09-15
GODREJIND,EQ,1126.7,1137.8,1100.1,1104.0,1126.8,51244,570.64,2026-09-15
GODREJPROP,EQ,1754.0,1759.7,1657.4,1659.3,1748.0,1071741,18074.28,2026-09-15
GOKEX,EQ,784.25,785.3,738.55,743.3,785.5,222959,1687.96,2026-09-15
GOKUL,EQ,42.03,42.03,39.51,39.92,42.03,194895,80.39,2026-09-15
GOKULAGRO,EQ,226.18,226.89,218.0,218.69,226.76,250526,555.95,2026-09-15
GOLD1,EQ,126.15,126.15,124.46,124.66,126.19,2132188,2667.14,2026-09-15
GOLD360,EQ,147.7,147.7,145.7,145.8,147.8,13408,19.61,2026-09-15
GOLDADD,EQ,14.71,14.71,14.5,14.5,14.71,4200093,612.11,2026-09-15
GOLDAXIS,EQ,125.9,125.9,124.16,124.35,125.93,3738148,4671.8,2026-09-15
GOLDBEES,EQ,124.8,124.8,123.38,123.62,125.12,23136571,28686.64,2026-09-15
GOLDBETA,EQ,126.35,127.2,125.6,126.05,127.5,719783,908.31,2026-09-15
GOLDBND,EQ,151.48,154.0,149.11,149.43,151.29,7270,10.89,2026-09-15
GOLDCASE,EQ,23.81,23.81,23.49,23.51,23.82,9637798,2275.64,2026-09-15
GOLDETF,EQ,147.01,147.01,145.16,145.49,147.2,1698626,2479.58,2026-09-15
GOLDIAM,EQ,329.0,340.9,322.0,324.15,325.0,797777,2654.86,2026-09-15
GOLDIETF,EQ,129.62,129.62,127.8,127.94,129.63,6488971,8334.81,2026-09-15
GOODLUCK,EQ,520.0,528.7,513.35,519.15,516.85,708900,3692.36,2026-09-15
GOODYEAR,EQ,722.5,726.95,709.8,712.95,722.05,2756,19.72,2026-09-15
GOPAL,EQ,256.25,259.95,248.1,249.3,257.35,99187,249.66,2026-09-15
GOYALALUM,EQ,5.82,5.99,5.81,5.93,6.01,79378,4.68,2026-09-15
GPIL,EQ,244.95,245.51,235.2,237.16,244.45,1827411,4356.1,2026-09-15
GPPL,EQ,162.5,165.5,160.8,161.18,161.32,3555183,5812.66,2026-09-15
GPTHEALTH,EQ,158.2,161.26,155.0,159.45,159.38,140502,222.53,2026-09-15
GPTINFRA,EQ,113.0,113.24,109.25,111.72,112.21,131226,145.79,2026-09-15
GRADIENTE,EQ,2.54,2.62,2.4,2.46,2.51,732804,18.36,2026-09-15
GRANDOAK,EQ,35.5,36.8,33.41,34.89,35.16,6532,2.27,2026-09-15
GRANULES,EQ,917.0,923.65,872.5,872.6,909.3,2106282,18631.25,2026-09-15
GRAPHITE,EQ,825.5,830.0,776.05,781.5,825.8,1871773,15045.54,2026-09-15
GRASIM,EQ,3263.3,3272.0,3171.0,3171.0,3281.9,1332882,42669.1,2026-09-15
GRAUWEIL,EQ,75.6,77.0,72.8,73.08,75.6,415681,312.34,2026-09-15
GRAVISSHO,EQ,46.15,46.97,45.7,46.97,42.7,129348,60.53,2026-09-15
GRAVITA,EQ,1678.1,1690.8,1625.0,1639.0,1668.2,126737,2083.21,2026-09-15
GREAVESCOT,EQ,192.25,194.08,185.1,187.13,192.25,743150,1404.19,2026-09-15
GREENLAM,EQ,236.35,236.94,225.0,226.57,234.63,75209,172.96,2026-09-15
GREENPANEL,EQ,155.85,155.85,150.25,151.24,153.6,312484,477.83,2026-09-15
GREENPLY,EQ,295.0,295.0,277.5,280.1,290.25,133626,382.85,2026-09-15
GREENPOWER,EQ,9.31,9.36,8.88,9.09,9.31,2901357,264.91,2026-09-15
GRINDWELL,EQ,1876.4,1885.8,1813.6,1825.9,1885.8,25743,473.87,2026-09-15
GRINFRA,EQ,855.8,857.5,832.0,838.15,855.8,11367,95.8,2026-09-15
GRMOVER,EQ,84.5,85.9,82.0,82.7,84.45,1030464,858.69,2026-09-15
GROBTEA,EQ,946.9,969.0,940.0,941.7,945.85,29,0.27,2026-09-15
GROWW,EQ,200.2,203.7,196.4,197.59,200.24,30383521,60879.8,2026-09-15
GROWWCAPM,EQ,11.28,11.39,11.06,11.1,11.28,363928,40.7,2026-09-15
GROWWCHEM,EQ,30.47,30.47,28.84,29.24,29.87,61518,18.01,2026-09-15
GROWWDEFNC,EQ,97.41,97.7,91.54,91.97,97.41,976099,910.67,2026-09-15
GROWWEV,EQ,31.66,32.87,31.01,31.48,31.91,410821,130.09,2026-09-15
GROWWGOLD,EQ,14.78,14.78,14.57,14.6,14.78,1300210,190.67,2026-09-15
GROWWHOSPI,EQ,52.58,52.78,51.75,51.92,52.32,451511,234.49,2026-09-15
GROWWLIQID,EQ,110.76,110.76,110.75,110.75,110.74,665002,736.51,2026-09-15
GROWWLOVOL,EQ,9.95,10.33,9.95,10.11,10.15,13459,1.36,2026-09-15
GROWWMC150,EQ,226.11,230.46,224.15,226.5,228.18,1163,2.64,2026-09-15
GROWWMETAL,EQ,12.46,12.64,12.1,12.14,12.45,481451,58.89,2026-09-15
GROWWMOM50,EQ,11.14,11.14,10.62,10.65,11.02,325305,35.05,2026-09-15
GROWWN200,EQ,11.4,11.4,10.91,10.92,11.13,47350,5.21,2026-09-15
GROWWNET,EQ,11.18,11.18,10.59,10.7,10.96,698152,75.5,2026-09-15
GROWWNIFTY,EQ,9.52,9.65,9.35,9.41,9.49,1309024,123.68,2026-09-15
GROWWNXT50,EQ,71.83,72.58,70.61,71.8,71.83,10799,7.7,2026-09-15
GROWWPOWER,EQ,11.59,11.59,10.98,11.02,11.36,3180372,353.13,2026-09-15
GROWWPSE,EQ,96.31,99.0,95.7,96.11,98.28,6296,6.08,2026-09-15
GROWWPSUBK,EQ,84.78,84.78,81.73,82.08,84.03,11159,9.24,2026-09-15
GROWWRAIL,EQ,27.58,27.58,26.71,26.86,27.32,1062100,286.58,2026-09-15
GROWWRLTY,EQ,9.69,9.69,9.16,9.22,9.53,1423895,132.74,2026-09-15
GROWWSC250,EQ,10.69,10.72,10.36,10.38,10.64,240576,25.18,2026-09-15
GROWWSLVR,EQ,22.03,22.21,21.92,22.0,22.2,1709364,377.27,2026-09-15
GRPLTD,EQ,1925.1,2050.0,1925.1,2046.2,1925.1,20058,404.62,2026-09-15
GRSE,EQ,2434.5,2437.6,2350.0,2358.8,2427.5,270785,6442.02,2026-09-15
GRWRHITECH,EQ,6921.0,6930.0,6566.0,6603.5,6921.5,31955,2142.73,2026-09-15
GSEC10ABSL,EQ,112.75,112.75,112.59,112.59,113.03,6,0.01,2026-09-15
GSEC10ADD,EQ,27.0,27.0,24.32,26.3,27.0,519,0.14,2026-09-15
GSEC10IETF,EQ,263.64,263.64,263.0,263.08,262.33,387,1.02,2026-09-15
GSEC10YEAR,EQ,30.34,30.46,29.99,30.05,30.49,1000,0.3,2026-09-15
GSEC5IETF,EQ,66.52,66.58,65.85,65.85,66.26,18951,12.52,2026-09-15
GSFC,EQ,155.8,156.5,150.85,151.55,155.95,1068484,1634.07,2026-09-15
GSLSU,EQ,28.98,29.66,27.71,28.0,28.25,84868,24.39,2026-09-15
GSPCROP,EQ,471.25,486.45,465.0,472.35,471.25,389136,1854.66,2026-09-15
GSS,EQ,10.48,10.48,9.96,10.22,10.19,64657,6.62,2026-09-15
GTECJAINX,EQ,24.8,29.31,24.8,29.31,26.65,20231,5.62,2026-09-15
GTL,EQ,7.24,7.24,7.07,7.08,7.24,147661,10.57,2026-09-15
GTLINFRA,EQ,1.16,1.17,1.12,1.13,1.16,39824241,456.47,2026-09-15
GTPL,EQ,60.7,60.7,57.3,57.83,59.81,88762,52.37,2026-09-15
GUFICBIO,EQ,425.0,431.9,418.0,425.1,425.1,60589,257.89,2026-09-15
GUJALKALI,EQ,710.15,727.5,681.3,692.7,705.0,138916,978.21,2026-09-15
GUJAPOLLO,EQ,340.25,346.4,334.75,340.85,348.1,126274,429.81,2026-09-15
GUJENERGY,EQ,241.98,246.8,241.98,243.56,241.59,1350191,3306.6,2026-09-15
GUJRAFFIA,EQ,41.72,41.9,40.1,40.26,41.72,607,0.25,2026-09-15
GUJTHEM,EQ,424.8,438.45,417.0,430.45,422.65,668088,2849.73,2026-09-15
GULFOILLUB,EQ,1060.7,1079.0,1051.1,1057.3,1060.7,43293,460.66,2026-09-15
GULPOLY,EQ,175.98,176.0,169.2,170.03,174.84,150847,258.52,2026-09-15
GVPIL,EQ,648.0,656.95,620.05,620.05,652.65,211646,1340.54,2026-09-15
GVT&D,EQ,4520.0,4520.0,4191.6,4246.9,4548.1,1106490,47626.26,2026-09-15
GYFTR,EQ,175.0,182.5,174.3,178.62,175.73,26808,47.56,2026-09-15
HAL,EQ,4920.0,4940.0,4674.0,4695.0,4905.0,809202,38502.97,2026-09-15
HALDER,EQ,286.15,288.55,257.0,265.9,276.15,20914,59.52,2026-09-15
HALEOSLABS,EQ,1475.4,1496.0,1470.0,1488.9,1462.5,1964,29.28,2026-09-15
HAMPTON,EQ,8.1,8.38,7.33,7.95,8.05,363072,30.23,2026-09-15
HAPPSTMNDS,EQ,336.05,343.7,324.1,325.6,332.35,1167686,3903.78,2026-09-15
HAPPYFORGE,EQ,2171.0,2186.9,2060.6,2074.3,2169.0,75023,1580.42,2026-09-15
HARDWYN,EQ,9.23,9.25,8.81,9.06,9.16,3135827,284.96,2026-09-15
HARIOMPIPE,EQ,355.95,358.95,348.5,351.6,359.2,64036,226.29,2026-09-15
HARRMALAYA,EQ,185.81,190.19,180.0,182.6,185.81,9460,17.42,2026-09-15
HARSHA,EQ,446.0,451.95,423.3,424.7,445.0,103103,446.48,2026-09-15
HATHWAY,EQ,10.25,10.25,9.8,9.95,10.23,1951309,196.08,2026-09-15
HATSUN,EQ,1207.2,1349.7,1207.2,1275.0,1224.4,874664,11346.97,2026-09-15
HAVELLS,EQ,1117.0,1117.0,1081.1,1087.0,1111.0,1017899,11119.26,2026-09-15
HAVISHA,EQ,1.36,1.36,1.3,1.31,1.34,8098,0.11,2026-09-15
HAWKINCOOK,EQ,8455.5,8484.0,8250.0,8381.5,8411.5,2478,206.96,2026-09-15
HAZOOR,EQ,19.02,19.51,18.5,18.74,19.22,297628,56.35,2026-09-15
HBESD,EQ,73.0,73.01,60.51,71.5,72.99,650,0.45,2026-09-15
HBLENGINE,EQ,725.0,725.2,706.0,720.15,722.2,1095218,7859.11,2026-09-15
HBPOR,EQ,62.8,62.8,59.6,59.99,59.99,1364,0.82,2026-09-15
HBSL,EQ,52.65,54.63,51.6,52.85,52.91,348,0.18,2026-09-15
HCC,EQ,22.95,22.95,21.25,21.32,22.73,20566631,4497.13,2026-09-15
HCG,EQ,693.9,699.8,675.45,678.3,693.9,69865,477.07,2026-09-15
HCL-INSYS,EQ,10.01,10.47,10.0,10.01,10.07,219639,22.27,2026-09-15
HCLTECH,EQ,1252.0,1290.0,1250.0,1253.7,1206.1,4443984,56646.9,2026-09-15
HDBFS,EQ,670.05,675.0,662.4,664.7,669.2,220611,1475.32,2026-09-15
HDFCAMC,EQ,2416.9,2423.9,2385.0,2409.0,2403.9,652383,15671.17,2026-09-15
HDFCBANK,EQ,722.4,730.75,715.05,716.55,708.25,50387632,364186.45,2026-09-15
HDFCBSE500,EQ,36.89,37.18,36.07,36.33,36.89,722175,264.47,2026-09-15
HDFCGOLD,EQ,129.33,129.33,127.59,127.88,129.37,4525096,5797.04,2026-09-15
HDFCGROWTH,EQ,115.87,117.16,115.3,115.75,115.87,6778,7.87,2026-09-15
HDFCLIFE,EQ,530.0,530.65,516.1,516.1,530.0,4844755,25349.49,2026-09-15
HDFCLIQUID,EQ,1077.91,1077.93,1077.91,1077.91,1077.78,35033,377.63,2026-09-15
HDFCLOWVOL,EQ,20.1,20.12,19.82,19.87,20.01,16438,3.27,2026-09-15
HDFCMID150,EQ,23.33,23.33,22.63,22.71,23.13,1419493,325.03,2026-09-15
HDFCMOMENT,EQ,30.92,31.07,29.96,30.05,30.91,317341,96.3,2026-09-15
HDFCNEXT50,EQ,73.91,74.26,72.01,72.18,73.91,160026,116.45,2026-09-15
HDFCNIF100,EQ,25.44,25.66,25.1,25.18,25.44,114491,29.0,2026-09-15
HDFCNIFBAN,EQ,58.25,58.54,57.54,57.69,58.33,81621,47.28,2026-09-15
HDFCNIFIT,EQ,31.9,32.49,31.3,31.64,31.01,358822,114.5,2026-09-15
HDFCNIFTY,EQ,257.19,266.79,257.19,261.49,263.79,1811012,4749.58,2026-09-15
HDFCNIMEG,EQ,130.37,143.4,126.5,136.31,130.37,4153,5.35,2026-09-15
HDFCPSUBK,EQ,85.07,85.08,82.2,82.65,84.27,26997,22.49,2026-09-15
HDFCPVTBAN,EQ,28.63,28.63,27.7,27.76,27.94,63514,17.7,2026-09-15
HDFCQUAL,EQ,57.98,57.98,56.5,56.56,57.43,17570,10.02,2026-09-15
HDFCSENSEX,EQ,85.03,86.3,84.25,84.58,85.32,134553,114.01,2026-09-15
HDFCSILVER,EQ,216.45,216.45,213.72,214.48,216.48,3464974,7449.17,2026-09-15
HDFCSML250,EQ,186.62,186.62,180.4,180.83,185.17,3283413,5985.67,2026-09-15
HDFCVALUE,EQ,123.1,123.25,120.89,121.73,122.49,10278,12.55,2026-09-15
HEADSUP,EQ,7.15,7.45,6.88,6.98,6.99,7511,0.53,2026-09-15
HEALTHADD,EQ,16.5,16.76,16.45,16.5,16.68,66843,11.03,2026-09-15
HEALTHAXIS,EQ,168.42,170.7,166.0,166.4,168.42,3445,5.74,2026-09-15
HEALTHCARE,EQ,22.14,22.14,21.38,21.39,21.71,50176,10.8,2026-09-15
HEALTHIETF,EQ,169.67,171.37,167.5,167.86,169.67,136608,230.13,2026-09-15
HEALTHX,EQ,309.0,309.0,301.0,305.55,308.15,1370,4.16,2026-09-15
HEALTHY,EQ,16.72,17.54,16.72,16.84,16.96,239809,40.54,2026-09-15
HECPROJECT,EQ,121.49,121.49,116.31,117.53,119.04,3554,4.22,2026-09-15
HEIDELBERG,EQ,153.5,154.0,145.1,145.97,149.8,283324,421.98,2026-09-15
HEMIPROP,EQ,122.55,122.97,116.2,117.18,120.62,524451,620.0,2026-09-15
HERANBA,EQ,172.43,173.79,165.0,165.95,171.58,25094,42.13,2026-09-15
HERITGFOOD,EQ,419.5,419.95,391.3,393.85,417.4,572936,2316.23,2026-09-15
HEROMOTOCO,EQ,5287.5,5327.5,5166.0,5166.0,5221.5,666103,35047.88,2026-09-15
HESTERBIO,EQ,2271.0,2299.0,2151.5,2171.8,2264.9,4443,98.36,2026-09-15
HEXATRADEX,EQ,156.26,158.5,155.99,156.06,155.81,5215,8.14,2026-09-15
HEXT,EQ,497.75,527.2,497.75,517.5,497.05,441056,2288.99,2026-09-15
HGINFRA,EQ,484.0,484.0,471.0,471.8,484.0,46258,219.74,2026-09-15
HGM,EQ,48.49,48.49,45.99,46.77,48.68,5577,2.63,2026-09-15
HGS,EQ,381.45,391.5,380.05,381.6,381.45,8605,33.12,2026-09-15
HIKAL,EQ,227.87,227.87,210.15,212.22,224.95,851825,1850.54,2026-09-15
HILINFRA,EQ,41.04,45.5,40.1,43.6,41.53,189762,79.34,2026-09-15
HILTON,EQ,17.71,18.29,17.16,17.29,18.06,144053,25.34,2026-09-15
HIMATSEIDE,EQ,67.99,68.21,64.81,65.12,67.83,571755,377.69,2026-09-15
HINDADH,EQ,369.1,376.0,354.1,371.95,369.1,5611,20.81,2026-09-15
HINDALCO,EQ,980.1,981.0,958.7,958.7,981.5,2245506,21748.83,2026-09-15
HINDALUMI,EQ,98.0,98.99,93.46,95.09,96.18,2235,2.14,2026-09-15
HINDCOMPOS,EQ,376.1,385.9,372.55,379.45,376.45,2565,9.74,2026-09-15
HINDCON,EQ,23.2,24.5,23.2,23.74,24.09,23558,5.66,2026-09-15
HINDCOPPER,EQ,513.95,513.95,490.55,492.1,514.5,6982438,34906.76,2026-09-15
HINDOILEXP,EQ,185.5,186.3,174.01,175.72,185.22,844381,1516.67,2026-09-15
HINDPETRO,EQ,352.65,355.2,344.2,345.3,352.0,2494296,8721.02,2026-09-15
HINDUNILVR,EQ,1944.0,1969.4,1933.8,1938.1,1927.0,1715702,33556.46,2026-09-15
HINDWAREAP,EQ,178.96,181.29,174.0,174.42,178.4,75927,134.53,2026-09-15
HINDZINC,EQ,574.95,574.95,560.9,560.9,576.45,2402454,13628.55,2026-09-15
HIRECT,EQ,1252.7,1255.0,1191.0,1204.9,1245.4,59699,729.03,2026-09-15
HISARMETAL,EQ,157.2,158.9,153.22,155.53,157.2,327,0.51,2026-09-15
HITECH,EQ,76.77,77.0,73.23,73.61,76.39,553825,413.42,2026-09-15
HLEGLAS,EQ,415.0,429.8,388.9,395.4,404.35,745010,3064.96,2026-09-15
HLVLTD,EQ,6.4,6.55,6.22,6.26,6.38,150511,9.54,2026-09-15
HMAAGRO,EQ,20.08,24.05,19.99,23.41,20.07,35613186,8261.67,2026-09-15
HNDFDS,EQ,618.4,620.0,595.0,598.15,618.7,67519,409.04,2026-09-15
HNGSNGBEES,EQ,469.55,471.01,462.81,465.43,463.91,115384,539.22,2026-09-15
HOMEFIRST,EQ,1184.4,1194.9,1170.8,1175.3,1184.5,137211,1617.31,2026-09-15
HONASA,EQ,471.15,476.2,455.15,457.25,471.15,707821,3281.27,2026-09-15
HONAUT,EQ,34590.0,34870.0,33500.0,33595.0,34580.0,2651,899.9,2026-09-15
HONDAPOWER,EQ,1966.9,1979.9,1904.5,1926.6,1953.0,3003,58.2,2026-09-15
HORIZONIND,EQ,56.1,56.55,53.1,53.59,55.67,3996553,2185.67,2026-09-15
HPAL,EQ,38.0,38.65,35.0,35.41,37.91,64781,23.43,2026-09-15
HPIL,EQ,124.48,124.48,118.5,119.77,123.87,353,0.43,2026-09-15
HPL,EQ,292.0,294.0,282.0,283.2,292.0,76209,218.05,2026-09-15
HRYNSHP,EQ,100.1,101.0,95.99,96.38,100.84,1212,1.19,2026-09-15
HSBCGOLD,EQ,131.9,132.35,128.09,130.59,131.94,17672,23.08,2026-09-15
HSCL,EQ,665.0,667.4,632.5,637.25,664.9,7510515,48832.76,2026-09-15
HTMEDIA,EQ,25.36,25.49,22.81,23.55,24.92,254895,61.19,2026-09-15
HUBTOWN,EQ,182.28,182.28,172.2,173.18,181.21,309472,545.82,2026-09-15
HUDCO,EQ,173.0,174.75,168.5,168.92,172.76,1454761,2479.8,2026-09-15
HUHTAMAKI,EQ,258.0,258.0,239.45,242.15,254.4,241632,592.43,2026-09-15
HYBRIDETF,EQ,10.04,10.04,9.85,9.86,10.04,94732,9.4,2026-09-15
HYUNDAI,EQ,2187.9,2217.9,2130.5,2140.0,2174.0,451786,9847.35,2026-09-15
IBULLSLTD,EQ,27.44,27.44,27.44,27.44,26.14,2593006,711.52,2026-09-15
ICEMAKE,EQ,728.0,728.0,691.25,695.55,730.1,33055,233.75,2026-09-15
ICICIAMC,EQ,3021.7,3114.9,3021.7,3065.0,3041.5,840166,25869.03,2026-09-15
ICICIB22,EQ,115.42,115.42,111.14,111.33,113.16,463142,518.81,2026-09-15
ICICIBANK,EQ,1379.3,1390.0,1350.4,1350.4,1379.3,10133488,137596.86,2026-09-15
ICICIGI,EQ,1460.0,1463.0,1423.1,1427.7,1459.8,951910,13676.3,2026-09-15
ICICIPRULI,EQ,471.6,472.2,457.6,457.6,471.5,941756,4374.31,2026-09-15
ICIL,EQ,443.25,444.35,423.1,427.1,443.25,281524,1225.17,2026-09-15
ICRA,EQ,4787.0,4787.0,4600.2,4643.3,4728.9,17598,822.82,2026-09-15
IDBI,EQ,84.0,88.53,82.69,82.95,83.43,50187288,43139.21,2026-09-15
IDEA,EQ,15.06,15.07,14.43,14.45,14.97,368743044,54138.87,2026-09-15
IDEAFORGE,EQ,733.9,740.25,702.3,704.25,733.95,238794,1709.62,2026-09-15
IDFCFIRSTB,EQ,86.56,86.65,84.8,84.8,86.21,25183922,21579.85,2026-09-15
IDFNIFTYET,EQ,258.6,262.6,255.55,256.87,258.6,1273,3.3,2026-09-15
IEX,EQ,113.88,114.24,111.82,112.0,113.88,5438969,6128.52,2026-09-15
IFBAGRO,EQ,898.0,898.0,859.0,861.1,884.45,2760,23.94,2026-09-15
IFBIND,EQ,1310.7,1310.7,1255.0,1272.0,1300.1,43228,551.04,2026-09-15
IFCI,EQ,83.0,83.98,76.34,76.95,82.29,81195084,64014.3,2026-09-15
IFGLEXPOR,EQ,202.99,206.6,198.2,200.33,206.08,26283,53.24,2026-09-15
IGARASHI,EQ,414.9,476.9,411.0,437.05,414.3,13011373,59190.45,2026-09-15
IGCL,EQ,67.99,67.99,62.63,65.59,67.61,238447,153.44,2026-09-15
IGIL,EQ,320.0,323.6,312.25,313.1,314.3,503750,1597.06,2026-09-15
IGL,EQ,151.98,152.42,149.0,150.03,151.98,1069089,1615.71,2026-09-15
IGPL,EQ,544.4,547.0,516.4,525.25,547.05,69170,368.03,2026-09-15
IIFL,EQ,599.0,599.0,573.3,581.05,600.6,2152091,12563.36,2026-09-15
IIFLCAPS,EQ,340.0,340.4,335.45,336.5,339.05,305457,1030.79,2026-09-15
IITL,EQ,148.27,155.0,147.02,148.84,149.01,96948,144.19,2026-09-15
IKIO,EQ,223.85,223.87,210.0,211.06,223.87,350513,755.16,2026-09-15
IKS,EQ,1762.8,1800.0,1747.0,1783.0,1740.6,172263,3074.2,2026-09-15
IMAGICAA,EQ,52.35,52.68,50.05,50.43,52.33,686219,351.95,2026-09-15
IMFA,EQ,1245.0,1271.0,1215.0,1220.8,1243.5,142336,1770.29,2026-09-15
IMPAL,EQ,1113.2,1120.5,1074.9,1077.8,1113.2,2157,23.56,2026-09-15
INA,EQ,90.0,90.81,84.78,86.93,92.98,1853188,1616.77,2026-09-15
INCREDIBLE,EQ,34.25,34.5,31.57,33.46,33.58,3062,1.02,2026-09-15
INDBANK,EQ,27.64,28.19,26.53,26.71,27.64,37094,10.03,2026-09-15
INDGN,EQ,581.8,584.85,568.3,571.5,578.35,317962,1825.39,2026-09-15
INDHOTEL,EQ,724.0,737.75,710.85,715.0,718.5,2423706,17589.82,2026-09-15
INDIACEM,EQ,346.0,347.5,333.0,336.0,346.9,61327,208.62,2026-09-15
INDIAMART,EQ,1713.8,1713.8,1652.0,1659.5,1695.0,56056,936.8,2026-09-15
INDIANB,EQ,854.2,859.5,833.8,836.75,853.5,754029,6365.04,2026-09-15
INDIANCARD,EQ,212.7,212.7,206.02,207.35,212.45,589,1.23,2026-09-15
INDIANHUME,EQ,371.3,372.45,351.7,354.0,369.55,31542,113.82,2026-09-15
INDIASHLTR,EQ,653.0,663.0,640.5,647.25,652.25,99067,645.43,2026-09-15
INDIGO,EQ,4955.5,4963.5,4773.0,4776.0,4973.0,860472,41553.8,2026-09-15
INDIGOPNTS,EQ,1083.0,1090.9,1047.2,1061.9,1089.3,62095,658.88,2026-09-15
INDIQUBE,EQ,205.91,205.91,197.62,199.43,202.87,30153,60.33,2026-09-15
INDNIPPON,EQ,1358.9,1364.9,1261.6,1279.0,1358.9,96043,1247.71,2026-09-15
INDOBORAX,EQ,482.0,485.35,457.2,460.8,484.55,103157,483.0,2026-09-15
INDOCO,EQ,263.02,265.92,238.5,241.39,263.02,354504,881.94,2026-09-15
INDOFARM,EQ,142.0,142.01,135.1,136.07,141.66,72050,99.12,2026-09-15
INDOKEM,EQ,644.0,644.0,596.0,611.7,613.85,3603,22.06,2026-09-15
INDOMIM,EQ,1026.0,1026.0,960.1,975.65,1018.2,1440023,14250.2,2026-09-15
INDORAMA,EQ,90.0,96.5,81.56,82.81,86.5,4750924,4278.09,2026-09-15
INDOSTAR,EQ,243.16,246.19,230.15,233.07,244.38,94427,222.69,2026-09-15
INDOTECH,EQ,3522.9,3544.3,3346.8,3377.2,3522.9,32734,1115.2,2026-09-15
INDOTHAI,EQ,39.12,40.0,39.12,39.12,41.17,690854,270.35,2026-09-15
INDOUS,EQ,79.9,81.0,76.0,78.29,78.24,2244,1.76,2026-09-15
INDOWIND,EQ,9.2,9.2,8.86,8.9,9.09,81422,7.36,2026-09-15
INDPRUD,EQ,6260.0,6260.0,6080.0,6081.0,6250.0,67,4.17,2026-09-15
INDRAMEDCO,EQ,355.0,360.0,351.35,354.55,355.0,259219,921.32,2026-09-15
INDSWFTLAB,EQ,394.45,394.6,376.0,378.75,385.35,366134,1398.28,2026-09-15
INDTERRAIN,EQ,30.3,30.35,28.0,28.01,28.85,30326,8.57,2026-09-15
INDUSINDBK,EQ,978.2,984.5,955.0,956.5,978.2,1511601,14576.42,2026-09-15
INDUSTOWER,EQ,390.8,390.8,378.7,379.0,388.0,3807593,14610.7,2026-09-15
INFOBEAN,EQ,154.22,161.75,152.15,153.13,154.01,416949,655.14,2026-09-15
INFOMEDIA,EQ,5.11,5.43,5.11,5.18,5.2,2424,0.13,2026-09-15
INFRA,EQ,11.93,11.93,11.55,11.55,11.91,173654,20.33,2026-09-15
INFRABEES,EQ,938.93,948.37,920.0,925.85,943.65,14798,137.67,2026-09-15
INFRAIETF,EQ,94.98,94.98,91.69,91.91,94.18,181412,167.39,2026-09-15
INFY,EQ,1085.0,1097.7,1071.7,1077.0,1037.7,14816117,160546.81,2026-09-15
INGERRAND,EQ,4551.6,4611.3,4301.4,4344.3,4573.0,31530,1398.89,2026-09-15
INNOVACAP,EQ,1147.2,1236.1,1125.2,1140.1,1147.2,216521,2551.39,2026-09-15
INNOVANA,EQ,334.0,336.35,303.0,306.1,327.0,29412,93.0,2026-09-15
INNOVISION,EQ,260.8,261.0,255.0,255.35,260.35,13741,35.4,2026-09-15
INOXGREEN,EQ,177.92,177.92,169.66,173.22,178.21,1508686,2613.14,2026-09-15
INOXINDIA,EQ,2250.0,2265.0,1982.0,1992.8,2246.6,531067,10984.9,2026-09-15
INOXWIND,EQ,76.88,76.94,73.72,74.35,76.5,9034365,6748.24,2026-09-15
INSECTICID,EQ,609.7,618.0,591.05,594.8,609.7,10796,64.66,2026-09-15
INSPIRISYS,EQ,84.05,88.0,81.35,81.78,85.43,5846,4.85,2026-09-15
INSUREIETF,EQ,14.76,14.77,14.39,14.48,14.76,646486,93.87,2026-09-15
INTELLECT,EQ,684.15,696.6,659.5,662.85,682.6,405465,2748.35,2026-09-15
INTENTECH,EQ,78.0,80.28,77.01,77.76,78.53,8255,6.49,2026-09-15
INTERARCH,EQ,1751.0,1751.0,1668.5,1684.3,1728.2,49337,837.19,2026-09-15
INTERNET,EQ,14.86,14.87,14.39,14.45,14.87,237631,34.8,2026-09-15
INTLCONV,EQ,78.8,79.8,75.2,76.04,78.27,38383,29.62,2026-09-15
INVENTURE,EQ,0.93,0.93,0.91,0.91,0.92,357866,3.28,2026-09-15
IOB,EQ,33.24,33.3,32.12,32.38,33.07,2198392,717.46,2026-09-15
IOC,EQ,135.5,135.69,132.03,132.03,135.11,10870933,14539.56,2026-09-15
IOLCP,EQ,195.11,197.9,176.3,179.52,194.31,5315214,9807.23,2026-09-15
IONEXCHANG,EQ,446.85,457.2,430.0,432.0,445.7,401926,1779.5,2026-09-15
IPCALAB,EQ,1976.7,1995.9,1924.0,1932.4,1968.5,274487,5362.45,2026-09-15
IPL,EQ,134.1,134.28,132.01,132.68,133.69,99694,132.29,2026-09-15
IPRINGLTD,EQ,142.1,145.0,136.0,137.02,145.87,1943,2.74,2026-09-15
IRB,EQ,19.83,19.83,19.08,19.18,19.64,9392762,1809.14,2026-09-15
IRCON,EQ,113.26,113.95,109.0,109.42,113.26,1868607,2078.42,2026-09-15
IRCTC,EQ,464.0,466.55,457.0,458.55,462.9,660178,3042.46,2026-09-15
IREDA,EQ,111.71,112.08,108.27,109.0,111.71,3982851,4379.6,2026-09-15
IRFC,EQ,81.09,81.87,79.0,79.15,81.09,8655447,6935.33,2026-09-15
IRIS,EQ,245.0,251.39,233.42,237.78,245.39,28017,67.72,2026-09-15
IRISDOREME,EQ,61.89,62.42,57.21,58.09,61.47,514737,302.86,2026-09-15
IRMENERGY,EQ,279.05,283.4,265.05,266.5,280.25,78878,214.4,2026-09-15
ISFT,EQ,80.4,80.4,76.18,76.59,79.48,115249,89.52,2026-09-15
ISGEC,EQ,801.8,801.8,770.0,773.85,795.95,33880,264.73,2026-09-15
ISHANCH,EQ,45.4,45.4,43.11,43.73,44.84,55167,24.44,2026-09-15
ISTLTD,EQ,662.2,662.2,635.0,661.2,662.2,311,2.01,2026-09-15
IT,EQ,32.77,33.85,32.43,32.85,32.13,995806,332.88,2026-09-15
ITADD,EQ,31.7,32.28,31.35,31.44,30.75,131176,41.92,2026-09-15
ITAXIS,EQ,324.38,335.43,324.35,325.36,320.94,12083,40.04,2026-09-15
ITBEES,EQ,32.97,33.78,32.51,32.87,32.17,26293348,8786.16,2026-09-15
ITBETA,EQ,312.0,319.74,311.15,312.0,305.42,1781,5.61,2026-09-15
ITC,EQ,261.0,264.2,258.0,258.0,259.85,12133201,31691.16,2026-09-15
ITCHOTELS,EQ,153.6,155.25,152.0,152.22,153.69,1141335,1750.37,2026-09-15
ITDC,EQ,688.2,689.85,645.4,653.45,690.85,186964,1238.12,2026-09-15
ITETF,EQ,31.7,32.28,31.33,31.37,30.74,430820,137.16,2026-09-15
ITI,EQ,263.0,267.95,255.0,255.4,262.85,160701,416.14,2026-09-15
ITIETF,EQ,32.5,33.89,32.5,32.87,32.26,1570613,524.97,2026-09-15
ITL,EQ,378.95,378.95,366.0,367.5,369.25,412,1.54,2026-09-15
IVALUE,EQ,228.0,233.78,223.35,225.7,223.35,112181,256.67,2026-09-15
IVC,EQ,8.58,8.58,7.78,7.92,9.11,1241350,99.85,2026-09-15
IVZBANKNF,EQ,56.37,56.45,55.7,55.71,55.85,10711,6.04,2026-09-15
IVZINGOLD,EQ,131.05,131.7,129.6,129.8,131.9,10693,13.98,2026-09-15
IVZINNIFTY,EQ,276.02,276.02,265.99,267.04,269.29,892,2.39,2026-09-15
IVZSENSEX,EQ,75.01,75.21,74.45,74.5,75.01,2639,1.97,2026-09-15
IWP,EQ,36.0,36.0,34.1,34.85,34.41,7145,2.48,2026-09-15
IXIGO,EQ,159.2,167.29,159.0,161.02,158.63,2920496,4764.27,2026-09-15
IZMO,EQ,912.15,940.0,891.05,896.05,906.8,183154,1678.8,2026-09-15
J&KBANK,EQ,145.27,147.5,143.75,144.75,145.27,3037724,4426.69,2026-09-15
JAGRAN,EQ,62.08,62.93,61.32,61.72,62.09,189794,117.88,2026-09-15
JAGSNPHARM,EQ,234.6,234.99,223.16,225.83,232.89,57007,130.3,2026-09-15
JAIBALAJI,EQ,65.38,65.89,62.0,62.25,65.07,672658,425.85,2026-09-15
JAICORPLTD,EQ,97.4,97.4,92.3,92.64,95.73,336929,316.64,2026-09-15
JAINREC,EQ,286.9,286.9,273.15,274.7,284.7,694511,1936.3,2026-09-15
JAIPURKURT,EQ,26.15,26.15,24.3,24.88,25.57,3714,0.92,2026-09-15
JAMNAAUTO,EQ,137.5,139.4,127.99,129.06,135.46,3184124,4214.94,2026-09-15
JARO,EQ,457.0,478.2,454.05,469.95,454.05,330906,1552.52,2026-09-15
JASH,EQ,514.05,523.95,495.0,496.1,514.05,94635,476.77,2026-09-15
JAYAGROGN,EQ,244.09,244.13,223.13,227.39,244.13,35008,81.83,2026-09-15
JAYBARMARU,EQ,116.65,119.13,110.8,112.34,116.58,383222,433.67,2026-09-15
JAYKAY,EQ,169.4,169.5,156.25,158.45,165.32,519085,829.45,2026-09-15
JAYNECOIND,EQ,90.79,90.79,87.5,88.63,89.97,2854456,2534.13,2026-09-15
JAYSREETEA,EQ,93.1,94.87,90.51,91.64,92.9,41257,37.96,2026-09-15
JBMA,EQ,620.95,626.0,600.0,603.9,620.3,226951,1390.32,2026-09-15
JENBURPH,EQ,991.2,1018.3,971.0,974.1,1003.9,4111,40.69,2026-09-15
JETFREIGHT,EQ,20.07,20.28,19.71,20.03,20.07,76485,15.26,2026-09-15
JGCHEM,EQ,598.45,600.0,561.1,564.65,592.05,249766,1431.71,2026-09-15
JHS,EQ,8.45,9.39,8.45,8.79,8.43,376577,33.84,2026-09-15
JINDALPHOT,EQ,1001.5,1154.0,1001.5,1099.6,1010.9,83635,930.97,2026-09-15
JINDALPOLY,EQ,671.3,738.4,666.0,737.9,671.3,346025,2515.4,2026-09-15
JINDALSAW,EQ,313.0,313.9,286.25,289.0,311.95,2584168,7666.08,2026-09-15
JINDALSTEL,EQ,1119.7,1119.7,1090.5,1095.0,1120.5,816410,8981.46,2026-09-15
JINDRILL,EQ,640.0,643.8,596.0,598.65,633.25,319605,1961.11,2026-09-15
JINDWORLD,EQ,53.5,54.09,47.6,49.44,52.88,10265488,5228.58,2026-09-15
JIOFIN,EQ,230.5,231.8,225.6,225.6,229.9,13273805,30422.74,2026-09-15
JISLDVREQS,EQ,20.56,21.25,20.56,20.67,20.76,2483,0.51,2026-09-15
JISLJALEQS,EQ,29.7,29.83,29.15,29.23,29.71,1419781,416.24,2026-09-15
JITFINFRA,EQ,286.0,291.0,275.6,279.35,290.35,27837,78.63,2026-09-15
JKCEMENT,EQ,4843.5,4849.5,4701.0,4712.0,4843.5,24671,1172.89,2026-09-15
JKIL,EQ,483.55,486.95,470.0,473.15,475.85,61527,293.82,2026-09-15
JKIPL,EQ,94.6,96.22,92.35,95.18,91.64,16190,15.37,2026-09-15
JKLAKSHMI,EQ,506.0,516.0,500.25,504.9,505.9,138286,699.17,2026-09-15
JKPAPER,EQ,414.25,417.0,400.0,402.1,414.25,256584,1047.55,2026-09-15
JKTYRE,EQ,353.95,355.0,343.1,345.25,353.95,438110,1530.97,2026-09-15
JLHL,EQ,278.0,283.0,270.65,275.55,279.15,62199,172.41,2026-09-15
JMA,EQ,93.22,95.0,88.01,88.96,93.22,15451,14.0,2026-09-15
JMFINANCIL,EQ,124.8,125.7,120.1,121.21,124.47,2800356,3449.34,2026-09-15
JNKINDIA,EQ,425.0,432.2,411.0,415.05,422.4,142537,597.29,2026-09-15
JNPR,EQ,265.4,272.9,261.8,264.5,265.35,840795,2254.45,2026-09-15
JOCIL,EQ,145.4,149.9,140.7,142.39,149.89,8184,11.88,2026-09-15
JPOLYINVST,EQ,989.5,1030.0,965.0,967.05,989.5,23363,232.21,2026-09-15
JPPOWER,EQ,16.02,16.2,15.55,15.64,16.02,30754969,4864.39,2026-09-15
JSFB,EQ,517.5,527.7,486.95,488.65,516.85,344324,1729.04,2026-09-15
JSL,EQ,755.0,760.0,721.25,723.55,756.1,547512,4027.76,2026-09-15
JSLL,EQ,514.8,515.0,497.0,500.25,511.85,305700,1540.38,2026-09-15
JSWCEMENT,EQ,118.7,119.33,116.2,116.88,118.87,928470,1089.52,2026-09-15
JSWDULUX,EQ,3175.1,3199.0,3083.1,3133.8,3155.1,50943,1592.11,2026-09-15
JSWENERGY,EQ,526.45,526.45,505.0,505.0,526.45,897315,4608.95,2026-09-15
JSWHL,EQ,11449.0,11543.0,10787.0,10967.0,11449.0,58618,6468.57,2026-09-15
JSWINFRA,EQ,345.5,349.2,324.55,325.85,343.15,3396380,11392.49,2026-09-15
JSWSTEEL,EQ,1265.0,1267.7,1229.2,1229.2,1265.0,1030088,12840.17,2026-09-15
JTEKTINDIA,EQ,121.25,121.74,117.0,117.36,120.55,93642,110.98,2026-09-15
JTLIND,EQ,89.39,89.39,80.25,82.47,88.68,3227041,2733.63,2026-09-15
JUBLCPL,EQ,2106.0,2151.9,2079.0,2082.0,2105.8,4591,96.64,2026-09-15
JUBLFOOD,EQ,468.95,472.95,461.6,466.0,470.25,471771,2198.3,2026-09-15
JUBLINGREA,EQ,658.05,658.3,627.0,630.5,658.4,165058,1058.71,2026-09-15
JUBLPHARMA,EQ,1040.0,1041.0,1002.15,1011.95,1025.2,190713,1944.19,2026-09-15
JUNIORBEES,EQ,797.6,797.6,757.68,762.71,781.96,586902,4513.77,2026-09-15
JUNIPER,EQ,222.5,223.91,213.0,214.84,221.12,124447,270.38,2026-09-15
JUSTDIAL,EQ,668.0,669.95,646.85,661.85,665.55,149638,983.63,2026-09-15
JWL,EQ,241.0,242.82,230.4,231.17,239.58,630241,1482.09,2026-09-15
JYOTHYLAB,EQ,196.25,197.09,191.0,192.22,195.06,405665,789.18,2026-09-15
JYOTICNC,EQ,989.0,990.6,954.0,961.45,985.0,550288,5359.69,2026-09-15
JYOTIRES,EQ,862.0,875.0,840.0,843.5,867.85,7780,66.02,2026-09-15
JYOTISTRUC,EQ,9.74,9.9,9.04,9.21,9.69,10215578,955.87,2026-09-15
KABRAEXTRU,EQ,741.9,741.9,650.85,650.85,723.15,313142,2098.0,2026-09-15
KAJARIACER,EQ,1226.4,1226.7,1211.0,1213.6,1226.4,99558,1210.93,2026-09-15
KAKATCEM,EQ,109.57,110.7,107.05,109.69,109.57,1411,1.54,2026-09-15
KALAMANDIR,EQ,82.57,83.04,78.45,78.97,82.57,748945,602.48,2026-09-15
KALPATARU,EQ,266.0,268.95,253.0,255.45,266.25,80848,208.76,2026-09-15
KALYANKJIL,EQ,610.0,616.0,604.2,604.2,601.15,8522494,52077.62,2026-09-15
KAMAHOLD,EQ,2273.5,2299.9,2250.0,2269.7,2273.5,8835,200.67,2026-09-15
KAMANWALA,EQ,17.8,17.8,16.5,17.0,17.46,640,0.11,2026-09-15
KAMATHOTEL,EQ,222.55,225.89,202.85,207.6,224.2,118268,249.73,2026-09-15
KAMOPAINTS,EQ,4.45,4.45,4.02,4.22,4.33,295047,12.47,2026-09-15
KANANIIND,EQ,1.49,1.52,1.4,1.44,1.5,194238,2.83,2026-09-15
KANCHI,EQ,388.8,408.6,379.35,392.5,390.75,1278,4.99,2026-09-15
KANCOTEA,EQ,52.31,56.98,52.31,56.8,52.29,1089,0.6,2026-09-15
KANPRPLA,EQ,264.6,264.6,241.3,246.0,264.6,24653,62.42,2026-09-15
KANSAINER,EQ,189.24,190.02,182.2,183.03,188.6,138520,257.3,2026-09-15
KAPSTON,EQ,590.0,590.0,550.2,563.45,588.2,45325,259.6,2026-09-15
KARMAENG,EQ,40.0,40.0,37.27,37.29,39.63,4644,1.77,2026-09-15
KARURVYSYA,EQ,333.8,339.9,322.75,324.45,333.8,1975015,6537.27,2026-09-15
KAVDEFENCE,EQ,69.0,80.0,63.8,75.17,69.33,2090584,1553.95,2026-09-15
KAYNES,EQ,3505.0,3527.8,3387.0,3392.0,3505.0,689922,23669.1,2026-09-15
KCP,EQ,162.4,162.94,158.18,159.15,162.4,118488,189.42,2026-09-15
KDDL,EQ,3898.9,3918.0,3739.5,3756.5,3881.9,23873,907.57,2026-09-15
KDGREEN,EQ,49.44,50.58,45.95,46.61,49.09,33359,15.88,2026-09-15
KEC,EQ,427.1,429.6,403.45,406.9,406.4,5009834,20612.4,2026-09-15
KECL,EQ,124.34,124.6,118.2,119.47,124.21,107901,130.06,2026-09-15
KEEPLEARN,EQ,1.89,1.92,1.83,1.89,1.89,13270,0.25,2026-09-15
KEI,EQ,4570.0,4574.5,4449.0,4500.0,4578.0,371320,16694.28,2026-09-15
KELLTONTEC,EQ,13.82,14.7,13.45,13.65,13.77,5613507,796.1,2026-09-15
KENNAMET,EQ,4700.0,4739.6,4210.5,4266.4,4682.4,50119,2195.02,2026-09-15
KERNEX,EQ,1738.0,1750.0,1650.0,1656.3,1732.1,124877,2110.76,2026-09-15
KEYFINSERV,EQ,233.0,254.75,233.0,246.6,239.2,345,0.83,2026-09-15
KFINTECH,EQ,901.8,903.85,880.0,884.8,900.0,761367,6780.73,2026-09-15
KHAICHEM,EQ,54.43,54.5,50.11,50.6,54.03,260512,134.15,2026-09-15
KHAITANLTD,EQ,166.0,166.0,156.5,158.94,162.51,5040,8.05,2026-09-15
KHANDSE,EQ,16.58,17.99,16.58,17.67,17.1,1300,0.22,2026-09-15
KICL,EQ,5065.0,5198.0,4802.0,4846.5,5040.5,1570,77.69,2026-09-15
KIMS,EQ,770.0,772.15,755.0,766.85,768.95,493213,3760.39,2026-09-15
KINGFA,EQ,6280.0,6280.0,5701.5,5754.0,6197.0,37408,2193.44,2026-09-15
KIOCL,EQ,358.15,358.35,339.35,340.8,355.9,91774,316.94,2026-09-15
KIRANVYPAR,EQ,182.6,209.8,182.6,200.75,207.02,3176,6.47,2026-09-15
KIRIINDUS,EQ,540.65,544.15,520.0,522.85,537.35,551796,2929.9,2026-09-15
KIRLFER,EQ,469.4,469.4,461.0,464.85,465.1,211119,981.39,2026-09-15
KIRLOSBROS,EQ,1789.3,1796.9,1719.9,1728.0,1784.0,80121,1393.8,2026-09-15
KIRLOSENG,EQ,2183.6,2212.5,2030.0,2041.6,2168.6,639048,13542.0,2026-09-15
KIRLOSIND,EQ,3974.6,3983.0,3762.0,3834.0,3828.3,37165,1438.06,2026-09-15
KIRLPNU,EQ,718.45,718.45,694.3,698.15,719.9,172157,1206.55,2026-09-15
KISSHT,EQ,332.0,350.5,332.0,339.55,328.7,4238984,14521.13,2026-09-15
KITEX,EQ,124.72,125.79,118.5,119.13,123.87,375463,455.27,2026-09-15
KJMCFIN,EQ,60.51,62.94,60.51,60.95,60.51,214,0.13,2026-09-15
KKCL,EQ,498.55,501.95,480.75,498.6,494.9,108121,530.46,2026-09-15
KLBRENG-B,EQ,480.5,483.5,457.8,466.0,486.95,216254,1012.17,2026-09-15
KMCSHIL,EQ,138.48,138.56,132.0,132.8,138.47,108615,146.23,2026-09-15
KMEW,EQ,2869.2,2917.6,2699.0,2730.5,2869.2,78412,2187.06,2026-09-15
KMSUGAR,EQ,30.4,30.4,28.85,29.1,30.41,227201,66.79,2026-09-15
KNACK,EQ,184.11,184.18,177.27,178.58,183.27,656445,1175.4,2026-09-15
KNAGRI,EQ,196.5,196.7,191.75,192.52,193.74,6861,13.19,2026-09-15
KNRCON,EQ,126.05,126.45,120.62,121.22,125.66,956758,1179.33,2026-09-15
KOHINOOR,EQ,30.85,31.29,29.16,29.58,30.85,72803,21.95,2026-09-15
KOKUYOCMLN,EQ,78.25,78.89,76.9,77.0,77.91,27082,21.08,2026-09-15
KOLTEPATIL,EQ,436.8,437.2,418.5,420.8,436.85,69335,294.61,2026-09-15
KOPRAN,EQ,235.26,267.0,233.15,249.9,235.26,15857726,40171.94,2026-09-15
KOTAKBANK,EQ,420.5,420.5,409.8,409.8,419.0,14367343,59387.77,2026-09-15
KOTHARIPET,EQ,139.59,140.54,129.0,130.35,138.57,123365,163.81,2026-09-15
KOTHARIPRO,EQ,65.78,67.61,65.0,65.03,65.78,7715,5.03,2026-09-15
KOTIC,EQ,133.9,133.9,125.15,126.62,133.82,23198,29.95,2026-09-15
KOVAI,EQ,6111.5,6189.0,5980.5,6019.0,6203.5,11357,684.56,2026-09-15
KPEL,EQ,215.9,219.94,208.15,210.24,214.91,324350,692.55,2026-09-15
KPIGREEN,EQ,281.75,286.95,275.8,277.15,281.7,686169,1928.23,2026-09-15
KPIL,EQ,1436.7,1438.5,1371.8,1380.2,1435.7,110460,1537.57,2026-09-15
KPITTECH,EQ,560.0,580.95,560.0,563.0,553.75,4090759,23439.72,2026-09-15
KPL,EQ,3700.0,3786.4,3392.5,3430.6,3643.3,57728,2063.46,2026-09-15
KPRMILL,EQ,1110.0,1129.0,1105.1,1120.2,1109.1,204356,2288.32,2026-09-15
KRBL,EQ,423.65,423.65,391.0,397.15,421.05,697222,2813.84,2026-09-15
KREBSBIO,EQ,58.5,59.5,56.03,56.27,58.72,7980,4.56,2026-09-15
KRIDHANINF,EQ,1.97,1.98,1.92,1.94,1.96,16747,0.33,2026-09-15
KRISHANA,EQ,180.9,183.0,173.29,177.2,179.66,700166,1237.82,2026-09-15
KRISHIVAL,EQ,420.65,421.1,418.0,419.5,419.95,7459,31.33,2026-09-15
KRISHNADEF,EQ,1088.8,1088.8,1021.4,1027.8,1065.5,121172,1262.23,2026-09-15
KRITI,EQ,64.0,64.0,60.6,61.6,61.4,5506,3.43,2026-09-15
KRITIKA,EQ,5.35,5.48,5.2,5.24,5.4,102293,5.43,2026-09-15
KRITINUT,EQ,81.32,82.79,79.51,80.78,80.52,9657,7.81,2026-09-15
KRN,EQ,1593.6,1601.1,1514.0,1514.0,1593.6,232761,3536.67,2026-09-15
KROSS,EQ,240.0,243.29,226.01,228.87,239.07,885883,2072.48,2026-09-15
KRSNAA,EQ,552.45,552.6,540.0,541.65,550.05,38940,211.2,2026-09-15
KRYSTAL,EQ,623.6,623.6,604.0,607.8,614.45,8328,50.98,2026-09-15
KSB,EQ,810.05,812.0,780.4,787.95,804.2,182033,1439.98,2026-09-15
KSCL,EQ,721.1,728.95,694.25,697.9,715.85,66169,465.55,2026-09-15
KSE,EQ,180.75,180.75,176.12,176.88,177.22,17510,31.07,2026-09-15
KSHINTL,EQ,1184.0,1186.9,1048.25,1058.85,1170.9,500166,5423.87,2026-09-15
KSHITIJPOL,EQ,3.45,3.65,3.4,3.65,3.48,7902695,283.57,2026-09-15
KSL,EQ,970.0,985.0,922.1,930.45,968.75,163411,1549.26,2026-09-15
KSOLVES,EQ,258.5,264.95,251.0,252.1,258.1,43296,110.36,2026-09-15
KSR,EQ,42.61,44.52,42.61,44.4,42.4,100470,44.34,2026-09-15
KTKBANK,EQ,324.7,331.35,314.3,315.95,325.35,3508307,11344.2,2026-09-15
KUANTUM,EQ,76.88,80.49,75.15,75.99,76.43,324561,252.33,2026-09-15
KUSUMGAR,EQ,565.0,569.9,549.3,552.35,568.1,213151,1181.13,2026-09-15
KWIL,EQ,43.6,43.69,40.51,40.83,43.04,11063147,4619.64,2026-09-15
LADDERUP,EQ,80.9,80.98,66.88,66.88,74.31,62133,45.57,2026-09-15
LAGNAM,EQ,72.9,74.9,70.4,71.15,72.56,8595,6.28,2026-09-15
LAHOTIOV,EQ,40.6,40.97,39.25,39.28,40.55,13284,5.38,2026-09-15
LAKSHMIMIL,EQ,7799.0,8000.0,7565.0,7565.0,7800.0,96,7.44,2026-09-15
LAL,EQ,8.8,9.88,8.76,8.99,8.83,18605,1.66,2026-09-15
LALITHAA,EQ,321.7,321.7,321.7,321.7,338.6,947094,3046.8,2026-09-15
LALPATHLAB,EQ,1907.0,1921.0,1885.5,1906.4,1909.0,171214,3261.38,2026-09-15
LAMBODHARA,EQ,139.93,139.93,127.37,130.33,137.37,16281,21.67,2026-09-15
LANCER,EQ,13.18,13.18,12.4,12.47,12.74,274163,34.68,2026-09-15
LANDMARK,EQ,490.0,493.95,470.0,470.35,487.95,61400,291.95,2026-09-15
LANDSMILL,EQ,0.56,0.58,0.55,0.57,0.56,1865848,10.68,2026-09-15
LAOPALA,EQ,158.93,165.79,158.7,160.63,158.93,442956,718.5,2026-09-15
LARGEMID50,EQ,35.85,35.85,35.03,35.06,35.69,3975,1.4,2026-09-15
LASERPOWER,EQ,289.8,290.55,267.6,271.9,289.75,1156486,3180.59,2026-09-15
LATENTVIEW,EQ,254.05,264.8,251.7,252.9,252.45,1164017,3018.79,2026-09-15
LATTEYS,EQ,21.08,21.74,20.12,20.52,21.8,67559,14.01,2026-09-15
LAURUSLABS,EQ,1975.0,1981.0,1915.6,1926.9,1969.0,1538262,29807.36,2026-09-15
LAXMICOT,EQ,12.89,13.29,12.39,12.63,12.89,13495,1.73,2026-09-15
LAXMIDENTL,EQ,202.14,205.0,196.0,197.46,202.84,65633,131.75,2026-09-15
LAXMIINDIA,EQ,128.0,130.0,120.3,121.59,129.07,330864,412.24,2026-09-15
LCCINFOTEC,EQ,3.15,3.15,2.99,2.99,3.14,115767,3.52,2026-09-15
LCL,EQ,550.2,551.7,532.15,535.5,553.05,297525,1602.81,2026-09-15
LEAPIND,EQ,145.31,145.31,132.92,134.61,144.34,3444783,4734.93,2026-09-15
LEMERITE,EQ,20.41,20.95,20.06,20.06,21.11,242138,49.39,2026-09-15
LEMONTREE,EQ,104.75,105.13,102.3,102.58,104.78,2149510,2226.56,2026-09-15
LENSKART,EQ,691.2,701.25,679.5,685.4,681.75,6456204,44387.72,2026-09-15
LEXUS,EQ,13.94,13.94,12.58,12.75,13.31,20196,2.62,2026-09-15
LFIC,EQ,136.1,157.89,135.6,136.64,139.35,32513,46.95,2026-09-15
LGBBROSLTD,EQ,1711.0,1720.0,1697.2,1703.2,1711.0,21277,362.9,2026-09-15
LGEINDIA,EQ,1636.8,1658.0,1622.6,1629.6,1636.8,617142,10173.05,2026-09-15
LGHL,EQ,184.78,187.0,175.86,185.11,183.99,11020,20.08,2026-09-15
LIBAS,EQ,11.4,12.0,11.22,11.43,11.2,180219,20.83,2026-09-15
LIBERTSHOE,EQ,228.68,228.68,217.5,218.62,228.68,49862,110.61,2026-09-15
LICHSGFIN,EQ,563.9,565.25,538.5,542.0,562.9,4654811,25534.77,2026-09-15
LICI,EQ,402.6,404.7,390.65,391.5,404.1,12174521,48137.73,2026-09-15
LICMFGOLD,EQ,136.25,136.25,133.75,133.95,136.3,71303,96.22,2026-09-15
LICNETFGSC,EQ,29.0,29.58,29.0,29.23,29.31,2720,0.8,2026-09-15
LICNETFN50,EQ,257.19,264.69,257.19,261.0,263.79,387,1.02,2026-09-15
LICNETFSEN,EQ,841.94,853.93,839.46,841.79,841.94,40,0.34,2026-09-15
LICNFNHGP,EQ,269.57,272.8,263.25,270.0,269.57,140,0.38,2026-09-15
LICNMID100,EQ,63.48,63.48,60.62,60.99,62.8,8554,5.3,2026-09-15
LIKHITHA,EQ,218.0,234.0,208.0,222.22,217.07,176186,396.81,2026-09-15
LINC,EQ,95.12,97.41,94.0,95.02,95.61,5415,5.2,2026-09-15
LINCOLN,EQ,625.05,630.9,600.0,602.6,623.5,62529,386.53,2026-09-15
LINDEINDIA,EQ,6250.0,6267.0,6065.0,6080.0,6227.5,15285,936.36,2026-09-15
LIQGRWBEES,EQ,1057.45,1057.45,1055.52,1055.53,1055.41,82587,871.74,2026-09-15
LIQUID,EQ,999.99,1000.0,999.99,999.99,999.99,503276,5032.74,2026-09-15
LIQUID1,EQ,1122.52,1124.45,1122.0,1122.67,1122.52,702499,7886.75,2026-09-15
LIQUIDADD,EQ,1144.73,1144.76,1144.73,1144.75,1144.6,703069,8048.42,2026-09-15
LIQUIDBEES,EQ,1001.0,1001.0,999.99,999.99,1000.0,4879279,48792.8,2026-09-15
LIQUIDBETA,EQ,1008.02,1008.02,1008.02,1008.02,1007.91,108,1.09,2026-09-15
LIQUIDBETF,EQ,1098.68,1098.83,1098.68,1098.82,1098.68,305217,3353.8,2026-09-15
LIQUIDCASE,EQ,115.91,115.93,115.91,115.92,115.91,21015069,24360.93,2026-09-15
LIQUIDETF,EQ,1000.0,1000.01,999.99,999.99,1000.0,112514,1125.14,2026-09-15
LIQUIDIETF,EQ,1000.0,1000.01,999.99,999.99,999.99,325912,3259.12,2026-09-15
LIQUIDPLUS,EQ,1103.18,1103.2,1103.18,1103.18,1103.07,903247,9964.46,2026-09-15
LIQUIDSBI,EQ,1000.01,1000.01,999.99,999.99,999.99,6431,64.31,2026-09-15
LIQUIDSHRI,EQ,1121.46,1121.46,1121.44,1121.45,1121.3,3625,40.65,2026-09-15
LKPSEC,EQ,15.82,16.5,14.99,15.2,15.82,12628,1.98,2026-09-15
LLOYDSENGG,EQ,83.09,83.19,79.35,79.71,82.76,4655333,3741.76,2026-09-15
LLOYDSENT,EQ,70.0,70.33,67.28,67.64,69.79,1887015,1294.53,2026-09-15
LLOYDSME,EQ,1789.1,1809.9,1741.0,1778.8,1799.6,587090,10440.0,2026-09-15
LMW,EQ,17790.0,17797.0,17022.0,17103.0,17727.0,2531,440.02,2026-09-15
LODHA,EQ,1128.0,1128.0,1064.8,1064.8,1116.9,1480215,16116.48,2026-09-15
LOKESHMACH,EQ,343.15,350.75,330.0,332.2,347.15,24268,82.16,2026-09-15
LORDSCHLO,EQ,136.99,138.99,129.68,131.1,137.67,11716,15.66,2026-09-15
LOTUSCHO,EQ,586.5,594.9,570.0,574.9,589.45,2708,15.64,2026-09-15
LOTUSEYE,EQ,111.3,115.3,109.57,110.59,113.9,16668,18.55,2026-09-15
LOVABLE,EQ,71.98,71.98,69.69,70.91,71.73,10863,7.7,2026-09-15
LOWVOL,EQ,200.1,201.1,198.22,198.22,200.1,160,0.32,2026-09-15
LOWVOL1,EQ,19.99,20.84,19.99,20.27,20.51,511920,104.74,2026-09-15
LOWVOLIETF,EQ,21.04,21.76,21.04,21.27,21.47,3329463,710.78,2026-09-15
LOYALTEX,EQ,209.0,211.0,209.0,210.0,213.83,73,0.15,2026-09-15
LPDC,EQ,6.24,6.24,6.02,6.06,6.16,23268,1.42,2026-09-15
LT,EQ,3959.0,3959.0,3835.7,3850.7,3930.7,1848703,71427.0,2026-09-15
LTF,EQ,310.6,311.3,296.6,296.8,309.1,3858315,11586.92,2026-09-15
LTFOODS,EQ,439.9,440.0,420.1,421.05,438.1,376661,1608.24,2026-09-15
LTGILTBEES,EQ,29.51,29.85,29.51,29.67,29.75,1553396,461.07,2026-09-15
LTGILTCASE,EQ,30.99,30.99,29.8,30.22,30.38,178942,54.08,2026-09-15
LTM,EQ,4404.3,4568.9,4323.3,4346.6,4275.0,663212,29617.99,2026-09-15
LTTS,EQ,3402.0,3441.0,3300.5,3312.2,3337.4,60380,2040.63,2026-09-15
LUMAXIND,EQ,5879.5,5943.0,5710.5,5766.5,5879.5,12304,715.92,2026-09-15
LUMAXTECH,EQ,2019.9,2048.9,1951.9,1991.3,1993.7,233217,4670.79,2026-09-15
LUMINO,EQ,109.7,110.64,100.62,103.16,108.81,7645621,8054.65,2026-09-15
LUPIN,EQ,2095.0,2099.5,2049.5,2063.2,2095.0,599677,12426.64,2026-09-15
LUXIND,EQ,1139.8,1139.8,1052.2,1056.7,1098.6,34774,374.23,2026-09-15
LXCHEM,EQ,175.56,176.01,167.01,167.83,175.56,901508,1535.22,2026-09-15
M&M,EQ,3114.6,3119.6,3029.5,3029.5,3107.0,2176832,67043.9,2026-09-15
M&MFIN,EQ,356.15,358.75,341.0,342.3,356.15,1375707,4757.31,2026-09-15
MAANALU,EQ,110.4,111.96,105.0,106.14,110.4,90260,97.1,2026-09-15
MACPOWER,EQ,1843.0,1950.0,1786.2,1882.3,1843.0,51674,974.61,2026-09-15
MADHAV,EQ,36.29,36.7,35.01,35.18,36.29,1158,0.41,2026-09-15
MADHAVIPL,EQ,8.0,8.0,7.71,7.82,7.96,112440,8.8,2026-09-15
MADRASFERT,EQ,62.99,62.99,60.01,60.52,61.83,36951,22.55,2026-09-15
MAFANG,EQ,241.44,243.68,226.55,234.2,235.56,931372,2220.94,2026-09-15
MAFATIND,EQ,122.0,126.61,121.0,122.15,122.57,58688,72.76,2026-09-15
MAGADSUGAR,EQ,545.0,548.95,515.0,520.15,543.8,18117,95.41,2026-09-15
MAGNUM,EQ,18.42,19.07,18.41,18.69,18.73,12637,2.37,2026-09-15
MAHABANK,EQ,84.2,84.61,79.56,79.56,84.2,14589564,11928.91,2026-09-15
MAHAPEXLTD,EQ,54.57,56.6,53.1,53.15,54.57,4322,2.36,2026-09-15
MAHEPC,EQ,102.0,103.98,101.02,102.08,101.82,19128,19.54,2026-09-15
MAHESHWARI,EQ,71.2,73.99,70.3,70.3,70.71,9099,6.49,2026-09-15
MAHKTECH,EQ,22.58,22.8,21.6,21.74,22.03,1392067,305.25,2026-09-15
MAHLIFE,EQ,353.1,363.45,345.05,345.9,353.05,92194,326.68,2026-09-15
MAHLOG,EQ,398.4,398.4,381.8,387.25,397.2,147295,573.87,2026-09-15
MAHSCOOTER,EQ,13027.0,13230.0,12750.0,12882.0,12964.0,4586,592.28,2026-09-15
MAHSEAMLES,EQ,735.0,738.6,696.0,701.1,728.9,328878,2334.16,2026-09-15
MAITHANALL,EQ,1045.85,1051.7,1002.0,1006.05,1045.85,80106,816.84,2026-09-15
MAKEINDIA,EQ,159.53,164.48,158.63,158.97,162.79,44125,70.74,2026-09-15
MAKERSL,EQ,184.95,187.2,171.36,173.77,185.87,4843,8.62,2026-09-15
MALLCOM,EQ,959.05,959.05,905.15,911.95,952.15,3685,34.51,2026-09-15
MALUPAPER,EQ,34.53,35.25,32.92,32.96,34.53,11021,3.7,2026-09-15
MAMATA,EQ,411.9,413.55,392.25,396.65,407.85,46873,188.27,2026-09-15
MANAKALUCO,EQ,36.55,37.53,35.11,35.47,36.87,91668,33.12,2026-09-15
MANAKCOAT,EQ,130.05,130.5,123.36,124.19,128.53,148602,187.72,2026-09-15
MANAKSIA,EQ,71.0,72.95,67.35,68.01,70.95,62854,43.65,2026-09-15
MANALIPETC,EQ,84.93,87.4,79.0,80.19,84.93,1729990,1414.45,2026-09-15
MANAPPURAM,EQ,327.1,330.45,317.7,318.85,329.0,3726323,11988.18,2026-09-15
MANBA,EQ,133.42,135.99,131.12,133.87,132.47,104730,140.24,2026-09-15
MANCREDIT,EQ,221.97,224.9,214.0,215.36,219.9,145803,319.1,2026-09-15
MANGALAM,EQ,36.0,36.46,33.22,33.54,36.46,109928,37.61,2026-09-15
MANGLMCEM,EQ,1016.0,1022.4,983.8,989.4,1028.0,49675,496.9,2026-09-15
MANINDS,EQ,866.1,866.65,802.6,808.2,866.1,1027095,8460.32,2026-09-15
MANINFRA,EQ,127.48,127.48,122.89,124.83,126.87,1734690,2160.91,2026-09-15
MANIPALHOS,EQ,720.0,721.9,698.0,701.7,717.35,589061,4168.28,2026-09-15
MANKIND,EQ,2280.0,2300.9,2251.8,2280.5,2280.0,446450,10181.45,2026-09-15
MANOMAY,EQ,235.5,239.8,224.5,228.71,234.19,116912,269.99,2026-09-15
MANORAMA,EQ,2050.0,2057.3,1975.0,1987.1,2055.7,151439,3049.28,2026-09-15
MANORG,EQ,468.4,475.0,450.1,454.3,466.45,11510,53.05,2026-09-15
MANUFGBEES,EQ,161.73,161.73,157.11,157.69,160.93,19404,30.82,2026-09-15
MANUGRAPH,EQ,16.03,16.5,14.0,14.65,14.96,50721,7.71,2026-09-15
MANYAVAR,EQ,584.0,584.0,556.0,566.65,582.35,399110,2267.33,2026-09-15
MAPMYINDIA,EQ,927.0,944.6,885.1,887.8,925.8,177627,1611.32,2026-09-15
MARALOVER,EQ,61.3,67.0,60.0,60.0,62.41,15938,9.8,2026-09-15
MARATHON,EQ,435.45,435.45,410.2,414.0,435.45,56871,239.76,2026-09-15
MARICO,EQ,809.65,809.8,791.25,791.25,802.1,1533193,12249.49,2026-09-15
MARINE,EQ,422.0,426.55,373.3,376.75,419.15,1230221,4790.52,2026-09-15
MARKOLINES,EQ,171.0,171.47,161.27,163.08,170.86,166974,276.66,2026-09-15
MARKSANS,EQ,330.0,331.4,301.1,312.85,329.4,2298117,7289.78,2026-09-15
MARSONS,EQ,128.0,129.0,121.0,121.3,127.24,2630119,3243.0,2026-09-15
MARUTI,EQ,12470.0,12470.0,12231.0,12231.0,12400.0,286167,35336.02,2026-09-15
MASFIN,EQ,296.0,298.95,290.55,294.9,295.95,140211,412.33,2026-09-15
MASKINVEST,EQ,140.1,151.95,140.1,140.8,145.36,190,0.28,2026-09-15
MASPTOP50,EQ,96.31,100.48,93.97,95.31,93.97,1078493,1043.33,2026-09-15
MASTEK,EQ,1661.0,1743.0,1642.1,1652.1,1626.3,341353,5788.0,2026-09-15
MASTERTR,EQ,89.25,90.38,83.45,87.55,90.61,1302449,1129.48,2026-09-15
MATRIMONY,EQ,515.9,516.55,492.0,497.8,514.8,13536,68.04,2026-09-15
MAWANASUG,EQ,135.62,136.08,127.0,129.0,134.63,195212,257.11,2026-09-15
MAXESTATES,EQ,559.75,571.5,542.0,568.9,560.45,257350,1443.16,2026-09-15
MAXHEALTH,EQ,1048.0,1048.0,1030.0,1030.0,1037.7,2836517,29377.57,2026-09-15
MAXIND,EQ,145.7,149.71,137.36,139.12,146.0,80771,114.1,2026-09-15
MAYURUNIQ,EQ,743.3,770.75,725.0,745.2,740.05,314452,2368.09,2026-09-15
MAZDOCK,EQ,2339.0,2346.9,2225.1,2236.0,2339.0,762530,17314.71,2026-09-15
MBAPL,EQ,161.99,163.1,153.98,155.82,160.87,1205876,1892.23,2026-09-15
MBEL,EQ,256.1,263.7,250.05,252.65,254.2,230610,595.18,2026-09-15
MBLINFRA,EQ,22.46,23.68,22.4,22.56,23.0,13462,3.1,2026-09-15
MCCHRLS-B,EQ,675.0,675.0,650.0,675.0,673.9,226,1.51,2026-09-15
MCL,EQ,59.08,59.08,56.15,56.53,57.92,39754,22.78,2026-09-15
MCLEODRUSS,EQ,43.11,43.69,41.15,41.57,43.28,364882,154.73,2026-09-15
MCLOUD,EQ,25.67,27.1,25.55,25.58,25.67,1685258,439.71,2026-09-15
MCX,EQ,3265.0,3267.6,3156.4,3173.5,3276.0,1746940,55799.71,2026-09-15
MEDANTA,EQ,1454.0,1464.6,1410.0,1418.1,1447.2,65507,932.85,2026-09-15
MEDIASSIST,EQ,316.4,321.4,308.0,309.9,316.4,149893,472.01,2026-09-15
MEDICAMEQ,EQ,329.5,341.0,312.1,318.2,323.05,154184,509.32,2026-09-15
MEDICAPQ,EQ,31.0,31.0,28.53,28.53,31.7,34469,9.93,2026-09-15
MEDICO,EQ,37.05,37.59,35.5,35.68,37.05,163751,59.68,2026-09-15
MEDPLUS,EQ,660.45,666.6,654.0,656.3,660.15,61605,405.31,2026-09-15
MEESHO,EQ,219.44,220.9,210.61,212.4,217.08,20742207,45005.7,2026-09-15
MEGASTAR,EQ,266.9,295.0,266.9,285.5,277.5,11101,31.91,2026-09-15
MEIL,EQ,280.7,284.0,271.0,276.55,282.1,57165,158.13,2026-09-15
MERCANTILE,EQ,23.85,24.98,21.0,22.02,23.86,3578,0.82,2026-09-15
MERCURYEV,EQ,42.6,43.99,40.7,40.87,41.86,1209534,509.45,2026-09-15
METAL,EQ,12.83,14.18,12.74,12.8,13.16,3768383,486.75,2026-09-15
METALIETF,EQ,13.42,13.42,12.73,12.77,13.1,11323031,1461.42,2026-09-15
METROBRAND,EQ,954.75,954.75,938.4,944.45,940.2,34577,326.3,2026-09-15
METROGLOBL,EQ,140.65,143.0,132.9,134.31,138.58,893,1.23,2026-09-15
METROPOLIS,EQ,586.0,591.5,569.85,572.5,585.5,118075,682.22,2026-09-15
MFML,EQ,18.54,19.44,18.53,18.68,18.52,2803,0.52,2026-09-15
MFSL,EQ,1478.4,1482.0,1425.9,1425.9,1477.0,557252,8057.14,2026-09-15
MGEL,EQ,16.2,16.2,15.5,15.53,15.86,227004,35.57,2026-09-15
MGL,EQ,1081.0,1092.2,1069.1,1071.7,1084.3,66528,720.06,2026-09-15
MHRIL,EQ,198.04,199.86,191.1,192.4,196.73,132435,257.56,2026-09-15
MID150,EQ,23.72,23.72,22.78,22.85,23.25,51260,11.77,2026-09-15
MID150BEES,EQ,238.32,238.43,231.02,231.67,236.63,1215175,2840.1,2026-09-15
MID150CASE,EQ,11.79,11.79,11.25,11.29,11.51,1659047,188.83,2026-09-15
MIDBANKADD,EQ,17.32,17.32,17.01,17.07,17.39,536738,92.21,2026-09-15
MIDCAP,EQ,18.48,18.48,17.95,18.03,18.31,493281,89.58,2026-09-15
MIDCAPADD,EQ,22.9,22.92,22.32,22.47,22.89,33965,7.65,2026-09-15
MIDCAPBETA,EQ,229.28,233.9,225.79,231.44,230.43,2858,6.54,2026-09-15
MIDCAPETF,EQ,23.56,23.56,22.85,22.91,23.39,2930640,677.39,2026-09-15
MIDCAPIETF,EQ,23.71,23.95,23.2,23.28,23.71,1443451,338.63,2026-09-15
MIDHANI,EQ,448.35,450.5,402.15,405.85,447.4,2748265,11463.76,2026-09-15
MIDQ50ADD,EQ,24.33,24.5,24.0,24.12,24.33,101598,24.61,2026-09-15
MIDSELIETF,EQ,20.27,20.27,19.25,19.35,19.78,342179,66.73,2026-09-15
MIDSMALL,EQ,51.56,51.67,50.16,50.28,51.56,246418,124.74,2026-09-15
MIDWESTLTD,EQ,1030.0,1033.0,967.6,974.3,1016.4,50494,500.94,2026-09-15
MIIL,EQ,681.3,698.7,658.2,666.1,676.45,89895,602.52,2026-09-15
MILKYMIST,EQ,290.0,304.7,278.14,278.14,292.77,10778708,31048.97,2026-09-15
MINDACORP,EQ,702.3,704.6,675.0,678.95,705.45,184069,1259.24,2026-09-15
MINDTECK,EQ,161.61,162.28,151.8,154.36,158.61,44745,70.37,2026-09-15
MIRZAINT,EQ,30.63,31.48,29.03,29.4,30.63,299174,89.65,2026-09-15
MITCON,EQ,80.56,80.56,78.01,80.0,80.15,753,0.6,2026-09-15
MITTAL,EQ,0.8,0.81,0.77,0.77,0.8,2832041,22.31,2026-09-15
MKEXIM,EQ,66.9,66.9,61.5,64.52,64.99,4900,3.11,2026-09-15
MKPL,EQ,3.97,4.0,3.9,3.92,3.96,84266,3.33,2026-09-15
MLKFOOD,EQ,80.64,83.0,75.0,78.84,80.64,5091,3.97,2026-09-15
MMFL,EQ,631.7,633.65,583.5,593.8,631.7,198758,1193.58,2026-09-15
MMP,EQ,474.35,498.0,453.25,457.7,469.95,68004,319.06,2026-09-15
MMTC,EQ,62.42,62.99,60.34,60.77,61.92,973978,595.91,2026-09-15
MMWL,EQ,13.46,14.1,13.4,13.77,13.46,30090,4.14,2026-09-15
MNC,EQ,33.08,33.08,32.0,32.18,32.71,154691,49.84,2026-09-15
MOALPHA50,EQ,56.12,57.1,53.86,54.04,56.12,24436,13.3,2026-09-15
MOBANK10,EQ,16.73,17.07,16.39,16.42,16.65,1948,0.32,2026-09-15
MOBIKWIK,EQ,211.88,215.7,197.7,200.86,209.7,3070663,6342.96,2026-09-15
MOCAPITAL,EQ,54.04,55.33,52.67,52.85,53.99,972221,518.64,2026-09-15
MODEFENCE,EQ,110.0,110.0,100.3,100.76,106.73,4664150,4777.75,2026-09-15
MODINATUR,EQ,343.7,347.9,336.25,338.0,339.7,7810,26.58,2026-09-15
MODIRUBBER,EQ,122.76,126.8,120.4,121.46,123.91,2584,3.2,2026-09-15
MODIS,EQ,365.0,365.7,350.1,354.4,365.5,14475,52.07,2026-09-15
MODTHREAD,EQ,52.98,53.0,51.11,52.13,52.92,5839,3.05,2026-09-15
MOENERGY,EQ,38.25,38.45,37.26,37.48,38.06,147550,55.68,2026-09-15
MOGOLD,EQ,149.7,155.0,148.0,149.25,149.8,27721,41.27,2026-09-15
MOGSEC,EQ,65.5,65.68,64.8,65.01,65.17,1521,1.0,2026-09-15
MOHEALTH,EQ,52.65,52.65,50.93,51.11,52.15,136793,70.59,2026-09-15
MOHITE,EQ,2.72,2.79,2.25,2.54,2.63,228258,5.67,2026-09-15
MOHITIND,EQ,24.1,24.1,22.65,23.68,23.23,6206,1.47,2026-09-15
MOIL,EQ,246.0,247.4,237.26,238.54,244.93,756254,1826.44,2026-09-15
MOINFRA,EQ,58.25,58.5,57.26,57.41,58.73,4927,2.85,2026-09-15
MOIPO,EQ,48.7,48.73,47.25,47.59,48.7,8532,4.09,2026-09-15
MOKSH,EQ,10.31,10.59,9.95,10.01,10.31,123393,12.46,2026-09-15
MOL,EQ,62.86,63.15,58.58,58.86,62.52,828296,499.13,2026-09-15
MOLBIO,EQ,1419.7,1419.7,1273.0,1356.8,1438.2,3774360,50167.94,2026-09-15
MOLDTKPAC,EQ,670.7,677.45,650.25,652.1,676.45,53186,351.62,2026-09-15
MOLOWVOL,EQ,35.33,35.59,34.95,34.96,35.33,4112,1.44,2026-09-15
MOM100,EQ,67.29,67.8,65.74,65.95,67.29,539284,358.4,2026-09-15
MOM30IETF,EQ,31.93,31.93,30.25,30.33,31.3,1202788,368.24,2026-09-15
MOM50,EQ,251.82,251.82,242.9,243.41,246.88,3874,9.48,2026-09-15
MOMENTUM,EQ,32.0,32.4,30.04,30.25,31.61,160931,48.97,2026-09-15
MOMENTUM30,EQ,30.95,30.95,29.53,29.78,30.63,194013,58.02,2026-09-15
MOMENTUM50,EQ,55.47,55.47,52.46,52.63,54.52,1075624,572.06,2026-09-15
MOMETAL,EQ,13.08,13.08,12.66,12.74,13.07,28627,3.69,2026-09-15
MOMGF,EQ,159.17,165.0,156.05,158.24,160.0,1547,2.44,2026-09-15
MOMIDMTM,EQ,65.66,65.66,62.4,62.66,64.37,64529,40.88,2026-09-15
MOMMIDCAP,EQ,12.96,13.13,12.56,12.58,12.99,1704461,216.47,2026-09-15
MOMNC,EQ,31.85,32.87,31.12,31.12,31.85,1595,0.5,2026-09-15
MOMOMENTUM,EQ,61.51,62.16,60.11,60.3,62.07,104191,63.3,2026-09-15
MON100,EQ,338.44,342.81,330.02,330.62,332.83,785006,2616.62,2026-09-15
MON50EQUAL,EQ,32.64,33.33,32.05,32.22,32.51,3116,1.01,2026-09-15
MONARCH,EQ,370.95,374.0,365.55,366.5,373.95,73907,271.6,2026-09-15
MONEXT50,EQ,73.34,73.34,69.87,70.14,71.9,10781,7.62,2026-09-15
MONEYBOXX,EQ,42.2,44.94,42.19,44.94,40.86,85676,38.36,2026-09-15
MONIFTY100,EQ,24.16,25.02,24.16,24.48,24.78,8248,2.03,2026-09-15
MONIFTY500,EQ,24.11,24.11,23.09,23.19,23.53,2616214,607.96,2026-09-15
MONQ50,EQ,221.75,234.0,210.94,229.73,216.35,656015,1505.75,2026-09-15
MONTECARLO,EQ,555.45,560.9,548.0,552.35,555.45,63656,353.16,2026-09-15
MOOILGAS,EQ,11.62,11.62,10.8,10.87,11.34,35075,3.84,2026-09-15
MOPSE,EQ,97.1,103.0,96.9,99.1,99.27,3900,3.8,2026-09-15
MOQUALITY,EQ,195.89,195.95,192.0,192.25,194.92,572,1.11,2026-09-15
MOREALTY,EQ,86.06,86.59,82.1,82.37,85.21,790268,658.57,2026-09-15
MOREPENLAB,EQ,116.0,116.68,104.8,106.22,115.78,18625874,20244.39,2026-09-15
MOSCHIP,EQ,210.35,211.7,202.0,203.02,210.29,1146326,2363.36,2026-09-15
MOSERVICE,EQ,30.94,30.94,29.9,30.0,30.33,5995,1.8,2026-09-15
MOSILVER,EQ,224.48,224.48,221.2,221.93,224.35,23991,53.45,2026-09-15
MOSMALL250,EQ,18.87,18.87,17.58,17.98,18.41,4772214,863.11,2026-09-15
MOTHERSON,EQ,165.0,165.41,158.15,158.15,164.45,13755237,22126.29,2026-09-15
MOTILALOFS,EQ,1029.0,1030.0,985.1,990.8,1026.5,581522,5798.13,2026-09-15
MOTISONS,EQ,16.0,16.09,15.32,15.47,15.95,9434969,1477.0,2026-09-15
MOTOGENFIN,EQ,25.6,27.0,25.11,25.15,25.59,41480,10.68,2026-09-15
MOTOUR,EQ,76.85,77.61,75.07,75.27,76.85,24983,18.86,2026-09-15
MOVALUE,EQ,111.55,112.48,108.79,109.39,111.48,46233,50.97,2026-09-15
MPHASIS,EQ,2353.0,2461.1,2353.0,2378.0,2295.0,1176828,28280.06,2026-09-15
MPSLTD,EQ,2612.1,2649.0,2510.5,2522.6,2608.5,19900,511.63,2026-09-15
MRF,EQ,128800.0,129600.0,125500.0,125795.0,128290.0,2921,3707.85,2026-09-15
MRPL,EQ,175.5,176.07,166.0,166.81,175.86,8734694,14882.49,2026-09-15
MSCI360,EQ,9.94,10.07,9.75,9.77,9.94,13928,1.37,2026-09-15
MSCIADD,EQ,28.91,28.91,28.56,28.56,28.92,1208,0.35,2026-09-15
MSCIINDIA,EQ,29.11,29.48,28.8,28.89,29.11,7421,2.15,2026-09-15
MSL,EQ,138.5,140.0,134.0,140.0,141.56,405,0.55,2026-09-15
MSPL,EQ,34.9,34.9,32.6,32.96,33.96,721973,239.83,2026-09-15
MSTCLTD,EQ,741.95,746.0,700.0,701.2,738.55,387780,2768.23,2026-09-15
MSUMI,EQ,36.5,36.58,34.76,35.06,36.3,10784713,3840.18,2026-09-15
MTNL,EQ,24.94,25.12,23.62,23.7,24.74,1071039,260.14,2026-09-15
MUFIN,EQ,135.33,135.9,131.31,132.49,134.76,403703,536.84,2026-09-15
MUFTI,EQ,73.0,73.5,72.0,72.49,72.78,57214,41.67,2026-09-15
MUKANDLTD,EQ,139.59,143.48,135.2,135.62,139.48,53683,73.44,2026-09-15
MUKKA,EQ,33.0,33.29,30.95,31.39,32.17,2284101,740.83,2026-09-15
MULTICAP,EQ,16.78,16.78,16.21,16.22,16.51,191369,31.32,2026-09-15
MUNJALAU,EQ,106.64,108.24,103.09,103.8,106.64,299371,314.01,2026-09-15
MUNJALSHOW,EQ,128.88,128.88,125.0,125.28,127.66,18586,23.4,2026-09-15
MURUDCERA,EQ,29.74,30.16,29.0,29.0,29.78,11482,3.35,2026-09-15
MUTHOOTCAP,EQ,226.85,233.79,220.8,222.9,226.85,11449,25.95,2026-09-15
MUTHOOTFIN,EQ,2792.1,2794.0,2722.3,2722.3,2792.1,451554,12430.61,2026-09-15
MUTHOOTMF,EQ,196.48,199.31,183.6,187.61,196.48,333669,639.42,2026-09-15
MVELECTRO,EQ,856.0,856.0,757.55,777.0,841.7,1768387,14252.91,2026-09-15
MVGJL,EQ,197.8,212.0,193.23,196.05,197.37,407195,822.48,2026-09-15
MWL,EQ,41.9,48.0,39.29,41.03,40.6,7108354,3092.11,2026-09-15
NACLIND,EQ,158.29,158.68,149.46,149.92,157.62,481375,733.69,2026-09-15
NAGREEKCAP,EQ,24.9,27.39,24.07,27.38,24.9,47603,12.81,2026-09-15
NAGREEKEXP,EQ,22.4,23.0,21.36,21.61,22.4,18145,4.02,2026-09-15
NAHARCAP,EQ,260.6,261.9,248.0,252.65,258.9,6628,16.79,2026-09-15
NAHARINDUS,EQ,131.2,135.59,126.22,127.37,131.62,15027,19.57,2026-09-15
NAHARPOLY,EQ,231.87,234.76,225.0,226.24,231.87,9176,20.93,2026-09-15
NAHARSPING,EQ,275.0,279.0,255.0,261.65,273.1,17043,45.2,2026-09-15
NAM-INDIA,EQ,1184.0,1194.4,1153.1,1153.1,1189.6,1238154,14607.55,2026-09-15
NARMADA,EQ,14.2,14.38,13.55,13.85,14.38,188355,26.49,2026-09-15
NATCOPHARM,EQ,816.95,831.45,812.3,819.15,815.35,434634,3563.61,2026-09-15
NATHBIOGEN,EQ,147.78,150.0,146.0,146.81,147.78,7164,10.6,2026-09-15
NATIONALUM,EQ,359.6,360.35,350.25,350.55,361.0,3640356,12947.64,2026-09-15
NATIONSTD,EQ,110.11,115.4,105.2,114.25,110.11,45167,49.29,2026-09-15
NAUKRI,EQ,1268.1,1310.0,1261.5,1261.5,1250.8,1716983,22031.45,2026-09-15
NAVA,EQ,552.1,561.85,533.9,536.95,551.85,261101,1426.64,2026-09-15
NAVINFLUOR,EQ,8586.0,8618.5,8208.0,8228.0,8543.5,111387,9247.12,2026-09-15
NAVKARCORP,EQ,93.58,93.9,90.6,91.58,93.58,261219,239.91,2026-09-15
NAVNETEDUL,EQ,127.2,127.8,123.81,124.1,127.85,90749,113.87,2026-09-15
NAZARA,EQ,369.05,375.05,354.9,357.4,370.3,1012532,3681.55,2026-09-15
NBCC,EQ,83.25,83.49,80.13,80.69,82.9,5854402,4765.67,2026-09-15
NBIFIN,EQ,2020.0,2020.0,1966.1,1978.5,2020.0,5209,102.79,2026-09-15
NCC,EQ,141.33,142.23,136.6,137.33,140.94,1413062,1965.51,2026-09-15
NCLIND,EQ,174.52,175.5,171.1,173.02,175.05,39682,68.66,2026-09-15
NDGL,EQ,2690.0,2795.0,2650.0,2655.5,2692.2,174,4.67,2026-09-15
NDL,EQ,2.87,2.88,2.65,2.75,2.86,1065293,29.52,2026-09-15
NDLVENTURE,EQ,127.97,127.97,118.3,118.87,125.43,40636,50.55,2026-09-15
NDRAUTO,EQ,692.85,697.15,660.5,672.85,692.85,44559,300.32,2026-09-15
NDTV,EQ,71.13,72.8,70.05,70.43,72.02,58950,41.8,2026-09-15
NEAGI,EQ,3450.0,3450.0,3308.0,3308.0,3435.0,10,0.33,2026-09-15
NECLIFE,EQ,11.54,12.07,11.23,11.4,11.5,129977,15.27,2026-09-15
NELCAST,EQ,108.79,109.04,103.8,104.91,108.56,50573,53.74,2026-09-15
NELCO,EQ,953.0,960.65,912.5,924.3,947.25,220149,2047.36,2026-09-15
NEOGEN,EQ,2381.0,2399.8,2234.3,2310.3,2373.0,264415,6136.27,2026-09-15
NEPHROPLUS,EQ,770.0,774.95,725.0,734.95,765.35,306493,2276.4,2026-09-15
NESCO,EQ,1112.0,1132.3,1081.6,1087.7,1102.2,77281,853.65,2026-09-15
NESTLEIND,EQ,1383.3,1395.0,1362.0,1362.0,1383.3,1597455,21964.02,2026-09-15
NETF,EQ,252.55,257.0,252.15,253.54,254.79,2881,7.34,2026-09-15
NETWEB,EQ,4962.0,4977.5,4570.0,4614.0,5027.0,1907037,90177.49,2026-09-15
NETWORK18,EQ,27.12,27.19,25.85,25.95,26.64,3466061,911.23,2026-09-15
NEULANDLAB,EQ,23430.0,23480.0,22430.0,22595.0,23535.0,54667,12532.17,2026-09-15
NEWGEN,EQ,512.0,528.6,498.0,499.35,501.4,1695640,8751.24,2026-09-15
NEXT30ADD,EQ,42.6,42.6,41.47,41.59,42.39,4424,1.85,2026-09-15
NEXT50,EQ,746.1,749.83,726.93,728.36,746.1,56707,415.52,2026-09-15
NEXT50ADD,EQ,72.78,72.78,70.71,70.86,72.78,114949,82.06,2026-09-15
NEXT50BETA,EQ,78.78,78.78,76.0,76.45,78.06,122831,94.64,2026-09-15
NEXT50ETF,EQ,73.32,73.32,71.0,71.39,72.96,26824,19.25,2026-09-15
NEXT50IETF,EQ,76.7,76.7,74.32,74.54,76.35,1139608,856.3,2026-09-15
NEXTMEDIA,EQ,3.81,3.96,3.78,3.83,3.9,15210,0.59,2026-09-15
NFL,EQ,68.42,68.86,67.1,67.18,68.49,471098,318.44,2026-09-15
NGIL,EQ,33.42,34.1,32.3,33.01,33.42,8373,2.78,2026-09-15
NGLFINE,EQ,2657.2,2690.9,2541.5,2581.8,2657.2,7736,201.9,2026-09-15
NH,EQ,1899.0,1914.9,1878.9,1894.9,1869.2,249620,4746.08,2026-09-15
NHPC,EQ,76.55,77.07,75.56,76.04,76.38,8558617,6514.57,2026-09-15
NIACL,EQ,200.0,200.3,184.0,185.41,198.39,3487564,6631.38,2026-09-15
NIBE,EQ,1295.0,1295.0,1218.0,1224.4,1282.4,39048,488.03,2026-09-15
NIBL,EQ,33.26,34.0,30.62,31.06,33.23,45821,14.84,2026-09-15
NICCOPAR,EQ,83.0,83.0,79.05,80.51,83.0,1411,1.12,2026-09-15
NIF100BEES,EQ,263.81,264.02,257.1,257.93,261.2,39979,103.58,2026-09-15
NIF100IETF,EQ,28.17,28.17,26.8,27.16,27.49,131694,35.91,2026-09-15
NIF500BETA,EQ,38.0,38.0,36.24,36.31,36.78,1428,0.52,2026-09-15
NIFTY1,EQ,257.81,263.01,257.03,257.46,260.41,195379,505.84,2026-09-15
NIFTY100EW,EQ,34.53,35.0,33.82,33.91,34.53,111737,38.13,2026-09-15
NIFTYADD,EQ,244.42,248.12,244.42,244.69,246.89,14910,36.67,2026-09-15
NIFTYAXIS,EQ,262.46,262.46,256.84,257.17,259.44,15282,39.44,2026-09-15
NIFTYBEES,EQ,268.1,269.9,264.24,264.58,267.14,7069412,18801.87,2026-09-15
NIFTYBETA,EQ,262.88,262.88,257.11,257.38,260.23,53891,139.27,2026-09-15
NIFTYBETF,EQ,244.47,244.47,238.39,239.22,241.1,14854,35.78,2026-09-15
NIFTYCASE,EQ,9.17,9.59,9.17,9.34,9.41,1012463,94.9,2026-09-15
NIFTYETF,EQ,255.17,258.86,252.12,252.68,255.29,119757,303.63,2026-09-15
NIFTYIETF,EQ,270.98,270.98,263.0,263.36,265.67,638243,1689.64,2026-09-15
NIFTYJBLK,EQ,11.83,12.44,11.83,11.92,12.14,178450,21.4,2026-09-15
NIFTYQLITY,EQ,21.08,21.08,20.5,20.57,20.83,31338,6.52,2026-09-15
NIITLTD,EQ,91.77,94.29,86.69,87.32,92.49,391512,352.81,2026-09-15
NIITMTS,EQ,231.98,238.45,227.82,232.02,229.84,297370,693.15,2026-09-15
NILAINFRA,EQ,6.65,6.86,6.5,6.57,6.64,177793,11.79,2026-09-15
NILASPACES,EQ,12.28,12.56,12.0,12.23,12.28,1058264,129.53,2026-09-15
NILE,EQ,1440.0,1488.0,1430.0,1431.9,1452.1,1972,28.43,2026-09-15
NILKAMAL,EQ,2050.8,2069.9,1989.0,2017.9,2050.8,19596,398.43,2026-09-15
NIMBSPROJ,EQ,171.86,173.51,170.0,170.0,165.25,1551,2.68,2026-09-15
NINSYS,EQ,725.0,725.0,700.05,710.75,710.7,3821,27.09,2026-09-15
NIPPOBATRY,EQ,320.0,322.2,316.5,320.85,317.85,1619,5.18,2026-09-15
NIRAJ,EQ,27.02,28.7,27.02,27.58,27.22,19209,5.38,2026-09-15
NIRLON,EQ,610.0,620.45,600.0,600.65,607.5,3067,18.52,2026-09-15
NITCO,EQ,93.32,94.03,87.15,88.24,93.71,464560,419.0,2026-09-15
NITINSPIN,EQ,654.8,665.0,640.25,643.15,651.05,182683,1186.01,2026-09-15
NITIRAJ,EQ,235.0,236.0,224.5,225.91,233.25,4441,10.06,2026-09-15
NITTAGELA,EQ,1625.4,1807.0,1602.2,1693.0,1645.3,14085,243.08,2026-09-15
NIVABUPA,EQ,79.92,83.9,79.63,81.5,79.93,1416460,1147.46,2026-09-15
NKIND,EQ,55.1,59.5,55.0,55.52,55.43,1139,0.63,2026-09-15
NLCINDIA,EQ,264.45,266.4,256.3,261.05,264.4,1337838,3494.45,2026-09-15
NMDC,EQ,82.8,82.89,80.5,80.5,82.4,10462679,8529.37,2026-09-15
NOCIL,EQ,191.61,192.0,182.15,183.6,189.65,1291473,2417.84,2026-09-15
NOIDATOLL,EQ,4.04,4.05,3.95,4.01,3.95,48722,1.94,2026-09-15
NORBTEAEXP,EQ,65.9,67.39,64.5,64.5,64.4,1569,1.01,2026-09-15
NORTHARC,EQ,305.9,308.2,292.0,294.2,305.1,1045895,3101.46,2026-09-15
NOVAAGRI,EQ,23.42,23.48,21.8,22.49,22.7,107024,24.09,2026-09-15
NOVARTIND,EQ,2360.2,2360.2,2153.3,2188.0,2391.3,135595,3041.82,2026-09-15
NPBET,EQ,284.72,284.72,277.78,278.83,284.56,484,1.36,2026-09-15
NPST,EQ,1698.9,1700.0,1630.0,1639.5,1686.1,27585,458.03,2026-09-15
NRAIL,EQ,638.0,685.0,631.0,638.85,627.9,113606,753.56,2026-09-15
NRBBEARING,EQ,516.0,516.8,478.0,480.85,514.65,504748,2477.59,2026-09-15
NSIL,EQ,5623.0,5623.0,5400.0,5409.5,5551.0,1651,90.55,2026-09-15
NSLNISP,EQ,43.68,43.69,41.35,41.45,43.66,3741526,1579.09,2026-09-15
NTCIND,EQ,139.45,139.45,130.15,134.11,134.91,2427,3.29,2026-09-15
NTPC,EQ,333.0,333.3,326.4,329.5,333.4,8445501,27731.61,2026-09-15
NTPCGREEN,EQ,86.94,87.02,85.75,85.86,86.94,2073084,1785.08,2026-09-15
NUCLEUS,EQ,691.4,707.55,691.4,696.4,696.45,20850,145.74,2026-09-15
NUVAMA,EQ,1740.0,1746.4,1660.0,1668.2,1737.2,217310,3673.05,2026-09-15
NUVOCO,EQ,330.15,330.95,312.05,313.75,330.15,321519,1024.07,2026-09-15
NV20,EQ,13.56,13.81,13.47,13.51,13.56,362180,49.25,2026-09-15
NV20BEES,EQ,137.51,137.61,134.99,135.04,136.15,114375,154.84,2026-09-15
NV20IETF,EQ,13.54,13.58,13.01,13.16,13.27,447667,59.37,2026-09-15
NYKAA,EQ,345.4,346.15,336.2,336.2,344.5,2338555,7992.48,2026-09-15
OAL,EQ,524.0,559.8,505.5,510.95,532.1,101439,543.97,2026-09-15
OBCL,EQ,55.79,57.5,55.0,56.58,55.78,18533,10.46,2026-09-15
OBEROIRLTY,EQ,1746.0,1749.5,1668.5,1668.5,1741.1,362748,6152.74,2026-09-15
ODIGMA,EQ,22.12,22.44,21.5,22.09,22.23,9536,2.1,2026-09-15
ODYCORP,EQ,7.39,7.39,6.8,6.88,7.18,17867,1.26,2026-09-15
OFSS,EQ,11910.0,12099.0,11692.0,11803.0,11763.0,231321,27506.56,2026-09-15
OIL,EQ,494.4,494.4,483.0,485.6,489.8,1967012,9596.41,2026-09-15
OILIETF,EQ,11.17,11.21,10.98,11.0,11.17,2438800,269.32,2026-09-15
OLAELEC,EQ,38.95,40.1,37.63,38.03,38.54,60999122,23591.02,2026-09-15
OLECTRA,EQ,1216.7,1249.0,1166.1,1179.2,1209.5,381768,4627.59,2026-09-15
OMAXAUTO,EQ,172.92,177.0,168.01,169.0,172.93,63651,109.3,2026-09-15
OMAXE,EQ,123.03,123.54,116.65,118.04,123.98,801155,958.11,2026-09-15
OMINFRAL,EQ,80.8,88.0,78.2,80.25,79.59,219096,179.25,2026-09-15
OMNI,EQ,555.0,565.95,535.5,540.3,549.75,457673,2512.56,2026-09-15
OMPOWER,EQ,171.1,173.72,165.35,168.2,171.54,103029,174.72,2026-09-15
ONEGLOBAL,EQ,555.3,560.2,513.45,518.5,540.45,19227,100.82,2026-09-15
ONEPOINT,EQ,57.49,61.38,56.0,56.68,56.39,5466042,3231.61,2026-09-15
ONESOURCE,EQ,1614.9,1657.5,1589.0,1599.6,1592.2,724751,11764.92,2026-09-15
ONGC,EQ,234.9,236.3,233.33,235.95,232.5,14549134,34157.65,2026-09-15
ONIDA,EQ,32.0,33.78,32.0,33.33,32.18,1068890,356.46,2026-09-15
ONIXSOLAR,EQ,416.75,436.0,416.75,416.75,438.65,279187,1166.33,2026-09-15
ONWARDTEC,EQ,283.65,290.0,280.1,281.55,283.65,20077,57.0,2026-09-15
OPTIEMUS,EQ,569.6,622.1,567.85,604.95,566.25,1979704,11914.38,2026-09-15
OPTIFIN,EQ,14.05,15.0,13.56,13.85,14.5,28858,4.05,2026-09-15
ORCHASP,EQ,1.44,1.64,1.41,1.58,1.41,766655,11.7,2026-09-15
ORCHPHARMA,EQ,1009.15,1060.0,972.85,988.2,1003.05,135724,1371.89,2026-09-15
ORICONENT,EQ,51.55,53.43,51.16,51.31,51.39,18903,9.77,2026-09-15
ORIENTALTL,EQ,5.07,5.25,4.95,5.02,5.07,85709,4.33,2026-09-15
ORIENTBELL,EQ,403.1,414.0,386.4,390.45,401.95,55451,217.33,2026-09-15
ORIENTCEM,EQ,125.58,125.99,121.2,121.98,125.58,433788,535.61,2026-09-15
ORIENTCER,EQ,46.88,47.4,44.5,44.79,46.01,89199,40.91,2026-09-15
ORIENTELEC,EQ,174.0,174.95,168.54,169.17,173.56,138909,238.07,2026-09-15
ORIENTHOT,EQ,142.18,144.0,138.5,138.98,141.35,1117544,1575.24,2026-09-15
ORIENTPPR,EQ,17.78,17.94,16.6,16.69,17.78,341559,58.07,2026-09-15
ORIENTTECH,EQ,249.64,256.0,240.25,242.28,249.64,345230,851.76,2026-09-15
ORIRAIL,EQ,124.11,124.99,117.01,119.03,124.11,99410,118.91,2026-09-15
ORISSAMINE,EQ,3980.0,4037.4,3832.8,3877.9,3955.2,10016,393.38,2026-09-15
ORKLAINDIA,EQ,588.3,591.2,579.9,582.3,591.25,34460,200.88,2026-09-15
ORTINGLOBE,EQ,17.5,17.58,16.62,16.62,17.09,17178,2.91,2026-09-15
OSWALAGRO,EQ,35.2,35.6,34.12,34.25,35.6,16012,5.58,2026-09-15
OSWALGREEN,EQ,20.03,20.36,19.5,19.59,20.01,101172,20.05,2026-09-15
OSWALPUMPS,EQ,282.45,289.2,274.3,275.45,282.45,347502,970.97,2026-09-15
OSWALSEEDS,EQ,15.7,16.49,13.46,15.83,15.54,988892,147.03,2026-09-15
PACEDIGITK,EQ,159.51,161.97,152.9,153.6,158.33,628622,978.14,2026-09-15
PACIFICI,EQ,140.7,150.0,136.0,136.0,140.0,66,0.09,2026-09-15
PAGEIND,EQ,35465.0,35510.0,34580.0,34580.0,35365.0,12827,4485.8,2026-09-15
PAISALO,EQ,84.92,85.25,83.47,84.47,84.23,14460925,12239.68,2026-09-15
PAKKA,EQ,77.13,79.83,74.0,74.85,76.57,174152,133.27,2026-09-15
PALASHSECU,EQ,87.02,90.0,84.0,88.72,85.92,1481,1.3,2026-09-15
PALREDTEC,EQ,52.0,54.34,49.75,49.81,52.0,4452,2.29,2026-09-15
PANACEABIO,EQ,396.95,396.95,371.0,375.75,397.65,292361,1121.79,2026-09-15
PANAMAPET,EQ,475.05,476.9,445.15,450.75,483.15,455986,2087.54,2026-09-15
PANCHMAHQ,EQ,309.8,309.8,266.45,293.4,280.0,698,2.08,2026-09-15
PANORAMA,EQ,55.4,56.18,50.35,51.92,53.78,572747,308.52,2026-09-15
PANSARI,EQ,281.5,299.0,275.0,282.15,281.5,312,0.89,2026-09-15
PARACABLES,EQ,65.0,65.29,61.0,61.31,64.87,1879764,1171.79,2026-09-15
PARADEEP,EQ,155.51,156.71,148.5,149.34,155.96,2126737,3229.08,2026-09-15
PARAGMILK,EQ,269.0,276.75,250.0,252.15,268.5,1542890,3998.95,2026-09-15
PARAS,EQ,1437.0,1443.7,1306.0,1339.2,1435.6,1276494,17352.87,2026-09-15
PARASPETRO,EQ,2.14,2.24,2.13,2.15,2.17,123328,2.66,2026-09-15
PARKHOSPS,EQ,279.2,286.0,275.0,279.15,279.3,530232,1490.87,2026-09-15
PARKHOTELS,EQ,111.58,111.85,105.6,106.83,110.77,151020,163.19,2026-09-15
PARNAXLAB,EQ,127.0,127.0,122.72,123.87,127.0,1731,2.16,2026-09-15
PASHUPATI,EQ,82.0,82.49,79.95,80.04,80.73,67301,54.19,2026-09-15
PASUPTAC,EQ,70.5,72.8,68.1,70.48,67.08,667184,472.07,2026-09-15
PATANJALI,EQ,341.0,342.4,335.75,338.55,341.0,2567906,8675.81,2026-09-15
PATELENG,EQ,27.65,27.65,26.0,26.08,26.61,1903899,503.61,2026-09-15
PATELRMART,EQ,211.0,211.0,205.44,207.44,211.05,61869,128.57,2026-09-15
PAUSHAKLTD,EQ,730.15,736.45,675.3,682.8,729.6,35145,245.59,2026-09-15
PAVNAIND,EQ,14.89,17.85,14.89,15.32,14.88,207036,33.59,2026-09-15
PAYTM,EQ,1808.0,1811.0,1730.0,1730.0,1807.5,3226150,56834.04,2026-09-15
PCBL,EQ,334.8,335.0,311.3,314.05,331.05,962916,3090.89,2026-09-15
PCJEWELLER,EQ,13.85,13.87,12.72,12.89,13.7,356317461,47074.44,2026-09-15
PDMJEPAPER,EQ,97.85,107.49,95.15,96.81,97.7,1160437,1179.88,2026-09-15
PDSL,EQ,348.2,349.0,331.1,334.25,348.2,70697,240.42,2026-09-15
PEARLPOLY,EQ,15.22,15.98,15.22,15.85,15.51,21771,3.43,2026-09-15
PENIND,EQ,175.54,175.58,166.69,167.3,175.54,338236,575.85,2026-09-15
PENINLAND,EQ,15.87,15.87,14.8,14.98,15.59,100074,15.14,2026-09-15
PERMAGN,EQ,864.65,864.65,821.3,827.7,864.65,2721,23.07,2026-09-15
PERNIASPOP,EQ,564.95,565.0,529.2,542.0,569.9,391989,2144.1,2026-09-15
PERSISTENT,EQ,5654.0,5759.0,5456.5,5477.5,5516.0,812335,45657.86,2026-09-15
PETRONET,EQ,287.05,288.4,280.5,283.95,287.2,1170508,3327.45,2026-09-15
PFC,EQ,352.45,353.3,344.0,344.0,353.45,7488255,26038.87,2026-09-15
PFIZER,EQ,4075.0,4091.1,4026.2,4041.6,4060.2,36144,1465.86,2026-09-15
PFOCUS,EQ,310.95,323.7,310.1,319.0,310.85,1807027,5761.41,2026-09-15
PFS,EQ,27.44,27.49,26.41,26.51,27.42,303757,81.44,2026-09-15
PGEL,EQ,543.75,545.0,515.15,518.0,545.0,837345,4413.6,2026-09-15
PGHH,EQ,7619.5,7619.5,7475.0,7507.0,7518.0,11202,842.53,2026-09-15
PGHL,EQ,5405.0,5459.5,5363.5,5408.0,5411.5,10415,564.38,2026-09-15
PGIL,EQ,1181.1,1192.5,1131.0,1141.4,1187.7,82391,942.05,2026-09-15
PHARMABEES,EQ,27.47,27.47,26.79,26.94,27.29,3727254,1008.98,2026-09-15
PHOENIXLTD,EQ,1890.0,1890.0,1833.6,1833.6,1890.0,366872,6833.69,2026-09-15
PHOENXINTL,EQ,29.86,29.86,27.5,28.4,29.85,4669,1.32,2026-09-15
PICCADIL,EQ,602.15,605.4,582.3,585.65,602.15,118995,702.1,2026-09-15
PIDILITIND,EQ,1566.9,1575.7,1521.1,1521.1,1566.9,455854,7037.55,2026-09-15
PIGL,EQ,102.9,104.9,98.6,99.54,102.1,104396,104.21,2026-09-15
PIIND,EQ,2260.0,2288.3,2240.5,2255.0,2259.0,286400,6472.51,2026-09-15
PILANIINVS,EQ,4200.0,4235.0,4059.9,4081.8,4191.6,2461,101.11,2026-09-15
PILITA,EQ,7.72,8.1,7.7,7.73,7.84,18276,1.44,2026-09-15
PINELABS,EQ,201.4,201.4,191.0,193.8,202.17,62792856,122767.25,2026-09-15
PIONEEREMB,EQ,21.25,21.25,20.76,20.89,20.51,2658,0.56,2026-09-15
PIRAMALFIN,EQ,2299.0,2299.0,2214.0,2224.4,2255.6,257641,5808.83,2026-09-15
PITTIENG,EQ,1168.0,1168.0,1100.0,1109.3,1167.9,110111,1240.32,2026-09-15
PIXTRANS,EQ,1722.2,1757.0,1710.0,1734.0,1722.1,12970,223.62,2026-09-15
PKTEA,EQ,1121.75,1121.75,1009.6,1024.6,1121.75,3649,38.56,2026-09-15
PLASTIBLEN,EQ,194.5,196.08,182.96,185.18,192.78,24239,45.76,2026-09-15
PLATIND,EQ,221.2,221.9,216.0,218.88,221.05,39048,85.27,2026-09-15
PLAZACABLE,EQ,64.9,66.0,60.42,61.38,62.97,226444,143.83,2026-09-15
PML,EQ,500.95,504.85,476.7,498.55,482.45,105,0.51,2026-09-15
PNB,EQ,116.75,117.23,114.7,114.7,116.75,12031284,13917.98,2026-09-15
PNBGILTS,EQ,80.2,80.8,76.01,76.29,80.34,569582,443.03,2026-09-15
PNBHOUSING,EQ,1178.8,1178.9,1135.9,1145.0,1178.9,321850,3692.38,2026-09-15
PNC,EQ,17.35,17.35,16.1,16.38,16.5,7941,1.31,2026-09-15
PNCINFRA,EQ,165.0,165.0,140.32,140.32,175.4,4938381,7202.01,2026-09-15
PNGJL,EQ,613.2,617.55,605.45,611.6,613.2,655158,4009.8,2026-09-15
PNGSREVA,EQ,517.15,518.0,488.85,494.2,512.7,228691,1139.8,2026-09-15
POCL,EQ,455.0,459.55,432.1,435.3,454.15,443507,1948.21,2026-09-15
PODDARMENT,EQ,280.25,294.3,268.1,270.1,279.85,22527,61.6,2026-09-15
POEL,EQ,140.51,145.92,138.55,139.45,140.83,34559,48.48,2026-09-15
POKARNA,EQ,804.15,808.9,750.1,758.25,804.15,102781,793.46,2026-09-15
POLICYBZR,EQ,1799.0,1804.3,1736.0,1736.0,1797.3,750563,13383.6,2026-09-15
POLYCAB,EQ,8258.5,8294.5,8115.0,8143.5,8241.0,301764,24717.67,2026-09-15
POLYMED,EQ,1738.5,1738.5,1695.5,1704.6,1738.5,49164,839.43,2026-09-15
POLYPLEX,EQ,1134.2,1138.3,1091.1,1093.8,1134.2,46033,510.57,2026-09-15
POLYSPIN,EQ,29.58,29.58,27.53,28.95,29.58,806,0.23,2026-09-15
PONNIERODE,EQ,373.1,375.05,349.95,351.8,371.1,20410,72.9,2026-09-15
POONAWALLA,EQ,446.0,447.65,431.0,434.6,445.25,859283,3764.4,2026-09-15
POWERGRID,EQ,267.15,268.5,262.8,262.8,269.1,10519594,27888.86,2026-09-15
POWERICA,EQ,572.1,572.1,530.0,532.75,569.35,169220,923.38,2026-09-15
POWERINDIA,EQ,31260.0,31295.0,30000.0,30790.0,31435.0,98157,29884.04,2026-09-15
POWERMECH,EQ,2421.3,2421.5,2320.3,2336.4,2421.3,39034,920.28,2026-09-15
PPLPHARMA,EQ,211.07,211.35,202.55,203.47,211.35,3104010,6393.45,2026-09-15
PRABHA,EQ,247.4,251.0,235.25,239.42,244.64,307312,748.81,2026-09-15
PRAENG,EQ,21.93,23.44,21.26,21.51,21.93,47240,10.56,2026-09-15
PRAJIND,EQ,321.05,322.8,316.25,318.0,322.15,504700,1606.67,2026-09-15
PRAKASH,EQ,123.57,124.01,117.99,119.49,123.14,716947,861.13,2026-09-15
PRAKASHSTL,EQ,3.73,3.92,3.48,3.56,3.75,278843,10.22,2026-09-15
PRANAV,EQ,165.0,165.1,132.0,132.0,124.0,41828214,59800.26,2026-09-15
PRAVEG,EQ,263.0,266.9,253.9,255.95,263.05,31819,82.48,2026-09-15
PRAXIS,EQ,4.51,4.63,4.26,4.28,4.48,151922,6.6,2026-09-15
PRECAM,EQ,117.06,118.17,112.4,113.69,116.81,244954,280.78,2026-09-15
PRECOT,EQ,661.0,689.0,648.0,656.1,658.3,3291,21.89,2026-09-15
PRECWIRE,EQ,462.9,465.6,435.35,440.05,462.55,413745,1843.99,2026-09-15
PREMCO,EQ,409.95,409.95,386.9,391.35,394.0,484,1.9,2026-09-15
PREMEXPLN,EQ,667.5,669.95,663.2,668.3,668.0,192979,1288.87,2026-09-15
PREMIERENE,EQ,967.1,972.8,940.5,945.0,974.2,569740,5448.47,2026-09-15
PREMIERPOL,EQ,85.99,86.06,80.16,81.9,85.91,359684,296.79,2026-09-15
PRESTIGE,EQ,1498.2,1514.9,1417.0,1417.0,1498.0,410061,5941.98,2026-09-15
PRICOLLTD,EQ,760.9,760.9,737.0,740.75,761.4,392758,2921.93,2026-09-15
PRIMESECU,EQ,280.2,281.0,275.4,277.5,283.05,4273,11.96,2026-09-15
PRIMO,EQ,24.59,24.59,22.06,22.31,23.71,179451,41.6,2026-09-15
PRINCEPIPE,EQ,270.0,272.4,258.0,259.05,266.65,208774,549.7,2026-09-15
PRISMX,EQ,0.58,0.63,0.54,0.55,0.58,524693,2.9,2026-09-15
PRITI,EQ,33.0,35.0,33.0,33.52,33.14,4850,1.63,2026-09-15
PRIVISCL,EQ,3561.4,3599.3,3425.5,3452.2,3556.1,98065,3405.9,2026-09-15
PROSTARM,EQ,132.8,133.57,125.11,126.04,133.63,284943,365.1,2026-09-15
PROTEAN,EQ,492.4,501.9,485.2,488.85,492.35,234669,1158.43,2026-09-15
PROZONER,EQ,52.12,53.49,51.12,52.72,52.88,311137,163.43,2026-09-15
PRSMJOHNSN,EQ,112.8,113.69,111.56,112.14,113.35,251455,282.07,2026-09-15
PRUDENT,EQ,3397.9,3436.7,3222.2,3251.5,3385.0,43255,1442.11,2026-09-15
PSB,EQ,22.78,22.78,22.31,22.38,22.73,653723,147.34,2026-09-15
PSPPROJECT,EQ,850.0,854.85,813.0,821.3,846.4,58315,485.53,2026-09-15
PSUBANK,EQ,81.33,83.61,81.33,81.95,83.42,95380,78.71,2026-09-15
PSUBANKADD,EQ,84.34,84.5,82.51,82.69,84.34,58726,48.92,2026-09-15
PSUBNKBEES,EQ,93.22,94.18,91.1,91.25,93.22,1588284,1460.43,2026-09-15
PSUBNKIETF,EQ,84.52,84.68,82.93,83.08,84.59,129060,108.11,2026-09-15
PTC,EQ,154.0,155.55,152.05,152.41,152.78,1610691,2467.8,2026-09-15
PTCIL,EQ,23450.0,23885.0,22400.0,22560.0,23630.0,34722,8021.2,2026-09-15
PTL,EQ,38.84,38.84,38.01,38.15,38.43,23165,8.89,2026-09-15
PUNJABCHEM,EQ,1069.0,1079.9,1030.0,1041.2,1065.3,9565,100.9,2026-09-15
PURVA,EQ,213.78,214.33,203.39,205.56,212.06,188428,393.06,2026-09-15
PVP,EQ,63.99,64.79,61.58,61.58,64.82,853205,531.55,2026-09-15
PVRINOX,EQ,1234.9,1234.9,1206.2,1221.0,1237.1,291985,3569.77,2026-09-15
PVSL,EQ,100.13,101.1,97.3,97.93,101.3,12722,12.62,2026-09-15
PVTBANIETF,EQ,28.49,28.49,27.42,27.51,27.85,1242955,342.99,2026-09-15
PVTBANK,EQ,27.65,27.65,27.26,27.28,27.53,7206,1.97,2026-09-15
PVTBANKADD,EQ,27.97,28.02,27.26,27.64,27.89,409732,113.85,2026-09-15
PVTBKGROWW,EQ,27.95,27.95,27.0,27.3,27.43,17868,4.87,2026-09-15
PWL,EQ,137.0,137.7,130.1,130.72,136.1,7983867,10698.0,2026-09-15
PYRAMID,EQ,157.0,158.0,152.1,154.96,157.74,41198,63.89,2026-09-15
QGOLDHALF,EQ,125.32,125.9,124.1,124.36,125.35,339170,421.88,2026-09-15
QNIFTY,EQ,260.19,260.4,255.0,255.81,258.9,7801,20.01,2026-09-15
QPOWER,EQ,1456.0,1459.0,1355.2,1355.2,1426.5,415519,5738.06,2026-09-15
QUADFUTURE,EQ,482.0,519.6,473.6,484.6,478.5,4009846,20059.6,2026-09-15
QUAL30IETF,EQ,20.7,20.76,20.3,20.37,20.5,74969,15.32,2026-09-15
QUALITY30,EQ,20.28,20.36,19.92,19.97,20.18,57105,11.45,2026-09-15
QUESS,EQ,346.35,359.0,340.15,342.1,348.0,783201,2730.09,2026-09-15
QUICKHEAL,EQ,160.0,172.0,155.15,158.81,147.52,2076441,3427.99,2026-09-15
QUINT,EQ,43.5,48.24,41.0,48.24,40.2,43332,20.46,2026-09-15
RACE,EQ,99.5,101.0,94.6,96.15,98.12,2080,2.02,2026-09-15
RACLGEAR,EQ,1841.0,1850.0,1685.2,1755.2,1756.7,219097,3850.26,2026-09-15
RADAAN,EQ,2.86,2.98,2.83,2.9,2.83,13131,0.38,2026-09-15
RADHIKAJWE,EQ,84.0,85.99,73.61,75.47,83.21,1325850,1045.01,2026-09-15
RADIANTCMS,EQ,36.17,36.62,34.95,35.89,35.99,362902,130.02,2026-09-15
RADICO,EQ,4370.1,4431.0,4298.8,4360.0,4368.1,242365,10584.39,2026-09-15
RADIOCITY,EQ,6.05,6.32,6.0,6.03,6.15,144035,8.71,2026-09-15
RAILTEL,EQ,259.95,261.3,251.05,252.4,259.9,418439,1073.03,2026-09-15
RAIN,EQ,216.0,216.48,195.3,196.74,215.97,5273699,10722.37,2026-09-15
RAINBOW,EQ,1443.1,1460.0,1424.0,1453.7,1444.9,72380,1044.02,2026-09-15
RAJMET,EQ,3.2,3.35,3.11,3.14,3.2,372173,11.73,2026-09-15
RAJPALAYAM,EQ,775.0,775.0,751.0,759.0,775.95,1355,10.26,2026-09-15
RAJRATAN,EQ,495.2,498.1,474.8,485.1,498.15,153932,743.2,2026-09-15
RAJSREESUG,EQ,33.21,33.67,32.4,32.82,33.13,35214,11.63,2026-09-15
RAJTV,EQ,8.59,8.62,8.44,8.62,8.21,39790,3.42,2026-09-15
RALLIS,EQ,204.15,208.5,199.5,200.82,201.99,1097997,2240.34,2026-09-15
RAMANEWS,EQ,30.95,32.71,30.5,30.94,30.95,16171,5.1,2026-09-15
RAMAPHO,EQ,122.06,123.5,118.51,118.86,122.67,28796,34.59,2026-09-15
RAMBHAJO,EQ,269.17,269.17,250.0,253.22,269.28,537792,1389.0,2026-09-15
RAMCOCEM,EQ,869.4,870.1,855.35,859.55,866.65,187590,1612.26,2026-09-15
RAMCOIND,EQ,322.95,325.25,312.0,318.4,322.25,83193,263.89,2026-09-15
RAMCOSYS,EQ,598.0,600.95,564.85,567.8,594.55,46824,270.73,2026-09-15
RAMKY,EQ,332.8,334.95,312.65,314.8,332.1,47492,152.64,2026-09-15
RAMRAT,EQ,535.1,555.0,513.0,515.85,532.4,217043,1140.07,2026-09-15
RANASUG,EQ,14.61,14.93,14.61,14.82,14.74,451004,66.82,2026-09-15
RANEHOLDIN,EQ,1697.7,1699.9,1641.5,1669.0,1696.2,15327,255.87,2026-09-15
RATEGAIN,EQ,879.0,897.0,868.65,878.65,878.25,262687,2321.06,2026-09-15
RATNAMANI,EQ,2833.0,2833.7,2673.0,2691.4,2811.4,55253,1518.14,2026-09-15
RATNAVEER,EQ,285.9,296.3,278.3,289.6,288.3,6487828,18712.6,2026-09-15
RAYMOND,EQ,1015.6,1122.0,971.3,995.95,1002.8,22726056,243041.31,2026-09-15
RAYMONDLSL,EQ,700.0,717.55,670.0,672.65,692.0,675263,4671.21,2026-09-15
RAYMONDREL,EQ,600.05,615.0,575.0,584.0,583.55,2720847,16286.61,2026-09-15
RBA,EQ,98.05,99.46,94.27,95.23,98.05,2819981,2725.37,2026-09-15
RBLBANK,EQ,412.65,414.3,402.15,403.6,412.55,1249135,5072.74,2026-09-15
RCF,EQ,112.36,112.57,108.2,108.59,111.45,1070656,1176.96,2026-09-15
RECLTD,EQ,313.0,314.8,308.5,308.5,312.7,4665696,14595.4,2026-09-15
REDINGTON,EQ,395.7,398.85,375.0,378.95,393.7,4338609,16552.31,2026-09-15
REDTAPE,EQ,115.07,132.75,114.11,120.87,116.1,33802011,42118.7,2026-09-15
REFEX,EQ,273.3,274.15,265.0,265.85,273.55,184866,496.12,2026-09-15
REGAAL,EQ,84.0,84.86,79.02,79.72,83.71,301749,244.61,2026-09-15
REGENCERAM,EQ,34.78,36.0,33.46,34.0,34.1,3945,1.35,2026-09-15
RELAXO,EQ,324.95,327.5,315.0,317.15,324.95,109701,351.14,2026-09-15
RELCHEMQ,EQ,114.0,129.5,113.0,120.7,110.23,138336,173.67,2026-09-15
RELIABLE,EQ,139.1,139.1,133.5,134.92,137.04,3657,4.95,2026-09-15
RELIANCE,EQ,1252.5,1259.4,1235.3,1235.3,1257.5,13754376,171828.34,2026-09-15
RELIGARE,EQ,256.81,256.81,245.14,247.55,256.81,584107,1461.09,2026-09-15
RELTD,EQ,156.78,157.5,147.55,148.9,155.64,106567,161.35,2026-09-15
REMSONSIND,EQ,96.4,98.9,91.11,92.13,96.32,146432,139.07,2026-09-15
RENUKA,EQ,25.0,25.05,23.05,23.49,24.87,11649203,2790.08,2026-09-15
REPCOHOME,EQ,359.6,361.7,345.0,348.75,359.6,159662,559.46,2026-09-15
REPRO,EQ,312.9,314.6,285.2,296.4,309.5,9288,27.93,2026-09-15
RESPONIND,EQ,172.3,172.96,160.0,160.82,173.27,957892,1595.17,2026-09-15
RETAIL,EQ,17.14,17.87,16.25,17.76,17.14,629,0.11,2026-09-15
RGL,EQ,157.3,163.45,151.2,151.77,155.49,1223848,1920.77,2026-09-15
RHETAN,EQ,22.81,22.81,22.81,22.81,24.01,246294,56.18,2026-09-15
RHIM,EQ,375.65,375.65,360.8,361.6,375.8,156169,573.76,2026-09-15
RHL,EQ,168.7,179.8,168.69,175.23,166.85,17789,31.3,2026-09-15
RICOAUTO,EQ,133.97,135.7,128.21,128.58,134.17,643528,840.43,2026-09-15
RIIL,EQ,715.0,719.7,694.7,697.25,710.75,36914,259.92,2026-09-15
RIR,EQ,180.0,181.0,170.27,171.5,177.26,512746,896.11,2026-09-15
RISHABH,EQ,829.55,830.0,772.7,779.5,829.6,224609,1788.14,2026-09-15
RITCO,EQ,300.0,309.45,289.4,291.35,300.7,60571,178.73,2026-09-15
RITES,EQ,209.6,211.19,205.55,206.53,209.15,262779,547.86,2026-09-15
RKDL,EQ,18.1,18.69,17.62,18.0,18.06,5592,1.01,2026-09-15
RKEC,EQ,20.45,20.45,19.2,19.43,19.33,22880,4.49,2026-09-15
RKFORGE,EQ,715.0,715.2,684.6,688.2,711.2,685117,4759.34,2026-09-15
RKSWAMY,EQ,94.8,94.8,86.83,89.46,92.94,44355,40.09,2026-09-15
RMC,EQ,211.68,215.0,199.0,201.09,211.68,55581,114.37,2026-09-15
RML,EQ,1362.1,1371.6,1300.0,1306.5,1360.0,36201,479.09,2026-09-15
ROHLTD,EQ,304.8,313.95,294.0,298.5,306.3,20115,60.3,2026-09-15
ROLEXRINGS,EQ,173.64,176.0,164.92,166.47,171.37,1102758,1877.05,2026-09-15
ROML,EQ,43.22,43.5,42.72,43.0,42.69,144,0.06,2026-09-15
ROSSARI,EQ,443.95,448.6,433.3,435.4,446.15,59590,262.13,2026-09-15
ROSSELLIND,EQ,55.95,57.89,55.0,56.65,55.06,68654,38.83,2026-09-15
ROSSTECH,EQ,1234.9,1308.2,1211.8,1265.4,1214.3,1062808,13588.84,2026-09-15
ROTO,EQ,63.8,64.68,62.57,63.01,64.29,289946,184.21,2026-09-15
ROUTE,EQ,496.45,505.9,480.0,481.9,493.55,216143,1069.65,2026-09-15
RPEL,EQ,1860.0,1875.0,1605.0,1622.4,1845.2,225914,3815.08,2026-09-15
RPGLIFE,EQ,2709.0,2918.2,2685.0,2718.8,2698.6,60664,1695.26,2026-09-15
RPOWER,EQ,21.6,21.74,20.9,21.03,21.58,17702828,3755.36,2026-09-15
RPPINFRA,EQ,60.79,60.83,54.32,54.72,60.34,87771,49.66,2026-09-15
RPSGVENT,EQ,831.8,869.9,826.05,829.35,831.8,38746,329.09,2026-09-15
RPTECH,EQ,815.0,815.0,788.3,797.35,819.65,377031,3020.17,2026-09-15
RRECL,EQ,134.46,134.46,121.2,123.7,133.8,160,0.21,2026-09-15
RRIL,EQ,16.64,16.64,15.81,15.94,15.99,14455,2.34,2026-09-15
RRKABEL,EQ,2424.8,2427.9,2370.1,2381.3,2424.4,208267,4986.77,2026-09-15
RSL,EQ,191.62,193.09,180.0,181.63,190.1,670942,1250.97,2026-09-15
RSSOFTWARE,EQ,29.5,29.97,29.01,29.6,29.63,32806,9.69,2026-09-15
RSYSTEMS,EQ,240.34,252.74,240.0,240.47,240.36,217291,537.35,2026-09-15
RTNINDIA,EQ,27.83,28.28,26.0,27.01,27.68,2120638,579.84,2026-09-15
RTNPOWER,EQ,7.22,7.3,6.95,6.99,7.17,27592104,1957.49,2026-09-15
RTSPOWR,EQ,88.0,88.0,85.0,86.1,87.94,668,0.58,2026-09-15
RUBFILA,EQ,67.4,68.34,62.8,63.56,68.51,103797,67.8,2026-09-15
RUBICON,EQ,1852.9,1880.5,1805.1,1815.6,1835.4,200388,3687.78,2026-09-15
RUBYMILLS,EQ,468.0,468.0,420.6,432.4,455.1,13641,59.59,2026-09-15
RUCHINFRA,EQ,5.72,5.72,5.4,5.41,5.55,80698,4.43,2026-09-15
RUCHIRA,EQ,109.0,111.73,104.57,105.44,108.83,37224,40.12,2026-09-15
RUDRA,EQ,20.15,20.79,19.83,20.16,20.49,28636,5.77,2026-09-15
RUPA,EQ,137.48,137.8,133.0,133.49,137.48,98326,132.68,2026-09-15
RUSHIL,EQ,16.18,16.23,15.41,15.59,15.91,229040,35.98,2026-09-15
RUSTOMJEE,EQ,345.0,348.55,334.55,339.45,344.95,76157,259.13,2026-09-15
RVHL,EQ,40.43,40.43,38.37,39.16,39.46,6411,2.5,2026-09-15
RVNL,EQ,205.0,207.0,198.29,199.0,204.9,3967219,8023.29,2026-09-15
RVTH,EQ,740.95,740.95,613.5,680.5,740.95,4976,33.34,2026-09-15
S&SPOWER,EQ,332.85,344.0,332.85,332.85,350.35,2992,10.01,2026-09-15
SAATVIKGL,EQ,392.0,399.0,384.7,389.55,395.95,105059,411.62,2026-09-15
SAB,EQ,175.05,175.05,175.05,175.05,175.05,5,0.01,2026-09-15
SADBHAV,EQ,7.99,8.1,7.62,7.67,7.87,224092,17.53,2026-09-15
SADBHIN,EQ,2.56,2.56,2.46,2.47,2.52,60864,1.51,2026-09-15
SAFARI,EQ,1550.0,1550.0,1490.0,1532.1,1544.7,74589,1132.09,2026-09-15
SAGARDEEP,EQ,23.79,23.79,23.52,23.65,23.79,4366,1.03,2026-09-15
SAGCEM,EQ,148.3,149.38,146.25,146.8,146.25,35191,51.9,2026-09-15
SAGILITY,EQ,45.85,46.62,45.21,45.6,45.2,23912914,11000.48,2026-09-15
SAHLIBHFI,EQ,81.67,82.75,77.01,77.91,81.67,41398,32.87,2026-09-15
SAHYADRI,EQ,394.8,408.95,358.0,363.15,390.9,27611,103.8,2026-09-15
SAICAPI,EQ,155.0,155.0,148.0,154.5,152.18,134,0.21,2026-09-15
SAIL,EQ,179.53,180.0,172.92,173.0,179.0,10217048,17915.32,2026-09-15
SAILIFE,EQ,1587.9,1601.0,1535.8,1541.5,1585.0,433185,6774.76,2026-09-15
SAIPARENT,EQ,520.3,520.85,503.0,506.35,523.35,74691,381.57,2026-09-15
SAKAR,EQ,1178.0,1179.0,1117.1,1137.55,1158.55,119031,1373.05,2026-09-15
SAKHTISUG,EQ,19.9,20.22,18.9,18.95,19.9,135785,26.22,2026-09-15
SAKSOFT,EQ,146.5,150.98,141.0,142.25,146.49,505365,737.08,2026-09-15
SAKUMA,EQ,1.6,1.6,1.55,1.56,1.57,742269,11.65,2026-09-15
SALASAR,EQ,5.07,5.09,4.71,4.81,5.05,11156788,541.29,2026-09-15
SALONA,EQ,255.05,265.0,255.0,257.15,260.05,65,0.17,2026-09-15
SALSTEEL,EQ,75.55,75.55,71.07,71.07,74.81,351889,252.66,2026-09-15
SALZERELEC,EQ,551.6,551.6,530.0,531.45,550.55,34986,189.43,2026-09-15
SAMBANDAM,EQ,111.65,111.65,111.65,111.65,111.65,1,0.0,2026-09-15
SAMBHAAV,EQ,6.0,6.0,5.66,5.67,5.96,16941,0.98,2026-09-15
SAMBHV,EQ,131.6,132.0,128.32,128.96,131.08,1638704,2126.23,2026-09-15
SAMHI,EQ,157.0,158.99,152.25,152.73,157.07,468454,725.31,2026-09-15
SAMMAANCAP,EQ,148.0,148.3,141.21,141.96,147.3,5171011,7450.53,2026-09-15
SAMPANN,EQ,24.41,25.24,23.56,23.91,24.46,27614,6.68,2026-09-15
SANATHAN,EQ,474.5,480.2,453.0,461.4,472.1,58337,269.66,2026-09-15
SANDESH,EQ,1015.0,1042.0,1010.0,1018.8,1014.6,502,5.13,2026-09-15
SANDHAR,EQ,618.1,628.0,607.3,610.35,618.6,119259,735.5,2026-09-15
SANDUMA,EQ,191.01,191.99,181.2,181.98,190.35,1127169,2075.23,2026-09-15
SANGAMIND,EQ,570.55,573.4,552.35,565.65,574.4,34764,196.19,2026-09-15
SANGHVIMOV,EQ,427.85,438.15,400.0,401.5,426.5,514577,2117.32,2026-09-15
SANOFI,EQ,3079.2,3159.8,3074.1,3131.0,3079.2,23468,730.89,2026-09-15
SANOFICONR,EQ,4023.4,4112.0,3978.0,4055.3,4023.4,7742,312.77,2026-09-15
SANSERA,EQ,4155.0,4183.6,3820.0,3871.7,4129.9,276179,10957.15,2026-09-15
SANSTAR,EQ,109.59,111.6,109.59,110.76,110.53,130368,144.44,2026-09-15
SAPPHIRE,EQ,225.95,228.79,221.51,222.37,225.74,399696,896.38,2026-09-15
SAPPL,EQ,292.0,293.0,277.95,287.6,290.8,1738,4.9,2026-09-15
SARDAEN,EQ,523.0,525.0,499.5,501.35,524.15,380876,1938.54,2026-09-15
SAREGAMA,EQ,505.1,505.1,481.15,485.5,505.5,194289,959.14,2026-09-15
SARLAPOLY,EQ,100.7,102.78,96.11,96.7,100.22,102414,101.77,2026-09-15
SARVESHWAR,EQ,4.04,4.04,3.78,3.85,4.01,1905933,74.0,2026-09-15
SASKEN,EQ,1749.9,1801.6,1714.0,1722.2,1783.6,55350,963.68,2026-09-15
SATIA,EQ,67.01,68.67,66.22,66.51,68.01,106260,71.63,2026-09-15
SATIN,EQ,217.15,217.63,212.0,214.88,216.68,158812,339.78,2026-09-15
SAURASHCEM,EQ,54.9,55.99,52.7,53.03,54.76,107268,57.62,2026-09-15
SAYAJIHOTL,EQ,325.1,338.0,320.7,322.7,326.8,605,1.97,2026-09-15
SAYAJIIND,EQ,113.0,117.99,113.0,113.51,118.9,312,0.35,2026-09-15
SBC,EQ,48.15,48.55,47.35,47.73,48.33,9919587,4741.62,2026-09-15
SBCL,EQ,1087.0,1120.0,1000.0,1020.2,1087.0,482862,4970.63,2026-09-15
SBFC,EQ,98.0,98.75,94.01,94.43,98.19,630989,605.59,2026-09-15
SBGLP,EQ,21.56,22.63,21.05,21.33,21.56,56281,12.1,2026-09-15
SBIBPB,EQ,48.58,49.13,47.5,47.72,48.58,56517,27.07,2026-09-15
SBICARD,EQ,652.1,655.75,617.1,618.6,655.2,1751822,11022.24,2026-09-15
SBIETFCON,EQ,119.98,119.98,116.81,116.86,118.35,3428,4.04,2026-09-15
SBIETFIT,EQ,324.7,339.7,324.7,328.26,322.45,32283,107.27,2026-09-15
SBIETFPB,EQ,285.89,285.9,277.28,277.5,281.69,3089,8.62,2026-09-15
SBIETFQLTY,EQ,215.01,218.28,213.31,214.04,216.09,17934,38.4,2026-09-15
SBIFUNDS,EQ,545.8,549.0,533.1,536.5,544.3,1079997,5801.39,2026-09-15
SBILIFE,EQ,1672.1,1683.1,1652.9,1654.1,1684.7,1139205,18938.49,2026-09-15
SBILIQETF,EQ,1055.93,1055.95,1055.93,1055.95,1055.8,5977,63.11,2026-09-15
SBIMIDMOM,EQ,64.17,64.17,61.68,61.85,63.53,53326,33.15,2026-09-15
SBIN,EQ,994.0,999.8,968.0,968.0,995.7,10004115,97976.03,2026-09-15
SBINEQWETF,EQ,33.36,33.36,32.15,32.24,32.55,36302,11.78,2026-09-15
SBINMID150,EQ,23.4,23.4,22.32,22.35,22.94,36224,8.18,2026-09-15
SBISILVER,EQ,221.92,221.92,219.15,220.12,221.92,1062753,2342.89,2026-09-15
SBISMLETF,EQ,18.37,18.53,17.84,17.98,18.28,76273,13.86,2026-09-15
SBIVALETF,EQ,14.57,14.57,14.25,14.28,14.57,12957,1.86,2026-09-15
SCHAEFFLER,EQ,3950.5,3961.6,3895.0,3916.4,3950.5,50304,1971.33,2026-09-15
SCHAND,EQ,136.05,137.72,133.19,133.74,137.72,17433,23.41,2026-09-15
SCHNEIDER,EQ,1227.0,1228.9,1185.0,1193.1,1227.0,233496,2796.41,2026-09-15
SCI,EQ,281.0,281.85,268.0,269.05,280.6,1967345,5375.91,2026-09-15
SCILAL,EQ,38.85,38.85,37.15,37.34,38.14,182150,68.71,2026-09-15
SCODATUBES,EQ,130.0,132.9,125.5,126.23,129.82,123440,157.88,2026-09-15
SDBL,EQ,70.0,71.96,67.75,68.13,70.07,535458,367.13,2026-09-15
SEAMECLTD,EQ,1814.9,1814.9,1721.0,1736.9,1788.4,83528,1455.79,2026-09-15
SECMARK,EQ,149.4,149.4,133.41,142.98,141.31,802,1.14,2026-09-15
SECURKLOUD,EQ,16.18,16.99,16.18,16.78,16.51,31638,5.25,2026-09-15
SEDEMAC,EQ,2944.0,2995.0,2911.0,2950.7,2906.2,95665,2825.73,2026-09-15
SEIL,EQ,193.5,195.0,188.3,190.09,192.68,382765,732.69,2026-09-15
SEJALLTD,EQ,663.2,663.2,616.5,618.35,646.3,6101,38.44,2026-09-15
SEKURITIND,EQ,110.35,112.16,105.05,106.86,110.34,52685,57.17,2026-09-15
SELECTIPO,EQ,48.72,48.72,47.31,47.34,48.48,61098,29.27,2026-09-15
SEMAC,EQ,269.5,272.4,264.0,269.0,273.05,702,1.89,2026-09-15
SENCO,EQ,348.95,351.0,335.15,336.4,346.4,504318,1720.69,2026-09-15
SENORES,EQ,1470.0,1475.6,1400.0,1416.1,1467.3,162042,2322.36,2026-09-15
SENSEXADD,EQ,77.59,77.59,76.62,76.77,77.35,5048,3.87,2026-09-15
SENSEXAXIS,EQ,78.38,78.38,77.0,77.2,77.35,2720,2.11,2026-09-15
SENSEXBETA,EQ,822.02,844.0,822.02,824.0,832.37,240273,1980.03,2026-09-15
SENSEXETF,EQ,77.77,77.77,76.34,76.63,77.42,24562,18.89,2026-09-15
SENSEXIETF,EQ,867.94,867.94,849.18,853.91,863.63,16466,141.34,2026-09-15
SEPC,EQ,5.3,5.32,5.08,5.12,5.27,8695082,450.37,2026-09-15
SERVOTECH,EQ,76.91,76.91,72.31,72.86,77.28,844722,622.86,2026-09-15
SESHAPAPER,EQ,251.0,251.48,241.6,242.8,251.14,43579,107.11,2026-09-15
SETF10GILT,EQ,262.75,264.4,261.0,263.75,263.98,5042,13.28,2026-09-15
SETFGOLD,EQ,129.0,129.0,127.25,127.57,129.06,8275144,10574.23,2026-09-15
SETFNIF50,EQ,255.34,255.34,249.79,250.09,252.41,863309,2170.0,2026-09-15
SETFNIFBK,EQ,596.32,596.32,573.65,575.11,581.78,166307,958.6,2026-09-15
SETFNN50,EQ,791.92,791.92,756.0,756.99,772.61,51047,389.32,2026-09-15
SETL,EQ,444.75,444.75,444.75,444.75,468.15,194608,865.52,2026-09-15
SFL,EQ,691.55,695.9,662.9,668.25,691.55,159797,1091.52,2026-09-15
SGFIN,EQ,665.0,666.0,625.0,629.75,660.75,272203,1743.56,2026-09-15
SGIL,EQ,592.2,608.0,586.0,590.9,592.2,16573,99.44,2026-09-15
SGL,EQ,9.82,10.01,9.75,9.82,9.73,6382,0.63,2026-09-15
SGLRES,EQ,2.55,2.55,2.32,2.35,2.44,31022,0.73,2026-09-15
SGMART,EQ,750.75,753.05,716.15,722.1,750.95,198309,1457.16,2026-09-15
SGRL,EQ,670.0,699.2,646.6,657.6,659.2,15689,104.42,2026-09-15
SHADOWFAX,EQ,253.4,254.9,239.0,241.15,253.4,3355837,8188.62,2026-09-15
SHAH,EQ,3.5,3.5,3.19,3.35,3.51,1406837,47.34,2026-09-15
SHAILY,EQ,3300.7,3326.5,3152.0,3181.8,3279.5,108535,3497.17,2026-09-15
SHAKTIPUMP,EQ,492.9,493.75,473.15,474.2,493.8,609362,2929.98,2026-09-15
SHALBY,EQ,144.78,149.0,136.35,137.21,144.78,364825,515.46,2026-09-15
SHANKARA,EQ,148.4,150.39,147.11,149.83,148.29,415745,621.51,2026-09-15
SHANKESH,EQ,103.49,104.19,92.22,94.35,101.3,5763565,5630.55,2026-09-15
SHANTI,EQ,6.47,6.47,6.04,6.1,6.2,27186,1.68,2026-09-15
SHANTIGEAR,EQ,714.95,728.5,679.25,679.25,714.95,102653,708.81,2026-09-15
SHANTIGOLD,EQ,260.65,262.04,246.36,247.89,258.17,888493,2231.27,2026-09-15
SHARDACROP,EQ,770.2,771.0,748.6,753.4,765.55,179500,1357.33,2026-09-15
SHARDAMOTR,EQ,968.0,974.4,928.0,933.15,943.75,147923,1410.16,2026-09-15
SHAREINDIA,EQ,204.28,207.36,193.06,197.2,198.93,4211096,8393.75,2026-09-15
SHARIABEES,EQ,437.5,446.25,437.5,442.09,437.38,13753,61.08,2026-09-15
SHBAJRG,EQ,156.99,156.99,153.0,153.96,155.85,1495,2.29,2026-09-15
SHERVANI,EQ,350.55,374.0,342.0,349.5,348.85,382,1.39,2026-09-15
SHILCTECH,EQ,4208.9,4279.0,4062.2,4078.3,4174.4,15004,621.92,2026-09-15
SHILGRAVQ,EQ,164.0,168.9,158.0,159.62,163.94,3504,5.72,2026-09-15
SHILPAMED,EQ,968.0,968.75,902.25,911.9,961.15,756740,7036.81,2026-09-15
SHINDL,EQ,164.69,164.69,158.77,161.48,163.02,154154,248.33,2026-09-15
SHIPROCKET,EQ,134.39,134.39,125.85,127.82,133.99,2797182,3631.89,2026-09-15
SHIVAAGRO,EQ,40.0,40.0,37.6,37.9,39.69,1547,0.59,2026-09-15
SHIVACEM,EQ,16.29,16.29,15.6,15.89,15.95,43700,6.99,2026-09-15
SHIVALIK,EQ,362.5,373.15,350.0,353.9,362.05,97952,351.73,2026-09-15
SHIVAMAUTO,EQ,17.1,18.0,16.45,16.54,16.69,41093,6.91,2026-09-15
SHIVAMILLS,EQ,63.0,63.0,59.5,61.12,61.47,1396,0.84,2026-09-15
SHIVATEX,EQ,180.03,184.72,176.06,180.5,178.05,3009,5.46,2026-09-15
SHIVAUM,EQ,484.35,484.9,463.5,470.0,465.4,815,3.84,2026-09-15
SHK,EQ,141.2,141.88,135.0,135.89,141.22,298458,413.32,2026-09-15
SHOPERSTOP,EQ,378.2,442.0,372.55,398.5,375.45,2756422,11582.83,2026-09-15
SHRADDHA,EQ,151.0,154.53,148.1,151.89,152.67,7567,11.39,2026-09-15
SHRADHA,EQ,30.84,30.84,29.8,29.97,30.84,1488,0.45,2026-09-15
SHREDIGCEM,EQ,69.5,70.0,65.46,65.87,68.49,130681,87.24,2026-09-15
SHREECEM,EQ,22620.0,22660.0,21905.0,21905.0,22570.0,12171,2707.16,2026-09-15
SHREEJISPG,EQ,691.75,711.65,655.85,684.0,691.75,3269593,22435.17,2026-09-15
SHREEPUSHK,EQ,487.5,524.0,470.0,501.45,486.9,310949,1556.3,2026-09-15
SHREERAMA,EQ,46.31,47.08,43.61,44.23,47.12,84445,38.29,2026-09-15
SHREYANIND,EQ,134.12,134.12,125.12,126.17,132.8,4777,6.14,2026-09-15
SHRIKRISH,EQ,36.0,36.1,34.01,34.22,37.0,917,0.33,2026-09-15
SHRINGARMS,EQ,218.0,218.01,209.55,211.05,217.27,157933,335.52,2026-09-15
SHRIPISTON,EQ,4358.5,4407.8,4246.4,4275.4,4371.5,76632,3295.55,2026-09-15
SHRIRAMFIN,EQ,1044.9,1044.9,979.8,979.8,1028.6,5927612,59090.42,2026-09-15
SHRIRAMPPS,EQ,72.22,72.6,70.2,70.41,71.83,287955,204.2,2026-09-15
SHRJAGP,EQ,673.95,673.95,617.0,641.45,647.0,451,2.86,2026-09-15
SHUKRAPHAR,EQ,54.06,56.2,54.06,55.27,53.94,2366428,1307.51,2026-09-15
SHYAMMETL,EQ,1082.3,1082.7,1045.1,1050.5,1074.8,231835,2460.24,2026-09-15
SHYAMTEL,EQ,11.86,11.86,10.55,11.2,11.48,1365,0.15,2026-09-15
SICAGEN,EQ,54.0,55.95,53.01,53.98,53.53,13896,7.46,2026-09-15
SIEL,EQ,30.5,31.5,28.51,31.5,30.0,510,0.15,2026-09-15
SIEMENS,EQ,3957.4,3964.0,3770.0,3770.0,3957.0,347469,13353.22,2026-09-15
SIGACHI,EQ,37.8,37.8,30.35,31.51,37.93,20492367,6561.05,2026-09-15
SIGMA,EQ,43.35,46.79,43.35,44.9,44.19,139128,62.18,2026-09-15
SIGNATURE,EQ,764.9,777.85,748.55,751.15,760.85,179141,1362.88,2026-09-15
SIGNPOST,EQ,278.5,278.5,261.9,264.65,276.25,57010,152.35,2026-09-15
SIKA,EQ,1099.9,1106.95,1026.1,1040.05,1085.55,46605,488.34,2026-09-15
SIL,EQ,17.76,18.36,17.51,17.6,17.76,31415,5.58,2026-09-15
SILGO,EQ,70.53,71.36,68.41,69.08,70.01,259419,181.49,2026-09-15
SILINV,EQ,471.55,478.0,440.5,444.95,463.8,1485,6.74,2026-09-15
SILVER,EQ,226.42,226.42,223.34,224.06,226.48,926183,2081.86,2026-09-15
SILVER001,EQ,23.05,23.17,22.61,23.0,22.94,6706,1.53,2026-09-15
SILVER1,EQ,22.0,22.02,21.69,21.78,22.01,10647931,2330.36,2026-09-15
SILVER360,EQ,223.98,223.98,221.06,222.74,223.61,15321,34.13,2026-09-15
SILVERADD,EQ,21.8,21.85,21.55,21.61,21.82,5796850,1257.78,2026-09-15
SILVERAG,EQ,220.5,220.5,217.67,218.62,220.59,216997,475.08,2026-09-15
SILVERAXIS,EQ,226.45,226.45,222.42,223.1,225.76,657007,1474.48,2026-09-15
SILVERBEES,EQ,216.45,216.54,213.83,214.67,216.72,16405242,35320.45,2026-09-15
SILVERBETA,EQ,218.97,218.97,215.88,216.69,218.53,529462,1151.84,2026-09-15
SILVERBND,EQ,227.0,227.19,224.14,224.95,227.2,13863,31.23,2026-09-15
SILVERCASE,EQ,22.95,22.96,22.68,22.74,22.98,5588161,1275.43,2026-09-15
SILVERIETF,EQ,226.5,226.5,223.33,223.94,226.39,3710345,8337.46,2026-09-15
SILVERTUC,EQ,155.98,157.9,146.12,149.66,152.49,420284,646.26,2026-09-15
SIMPLEXINF,EQ,255.35,256.0,238.9,242.85,255.1,110563,270.35,2026-09-15
SIMPLXREA,EQ,143.0,143.0,130.15,132.27,137.0,169,0.24,2026-09-15
SINCLAIR,EQ,80.0,81.0,78.1,78.41,80.28,46998,37.34,2026-09-15
SINDHUTRAD,EQ,24.02,24.02,23.23,23.53,23.99,385853,91.2,2026-09-15
SINGERIND,EQ,75.7,78.19,74.01,74.98,76.16,66642,50.25,2026-09-15
SINTERCOM,EQ,80.0,80.0,75.0,75.05,76.65,1098,0.83,2026-09-15
SIRCA,EQ,429.9,434.0,414.0,418.15,427.35,200970,843.16,2026-09-15
SIS,EQ,418.45,425.65,412.25,414.9,419.3,450780,1894.03,2026-09-15
SIYSIL,EQ,535.65,539.6,516.4,520.95,535.15,26520,139.56,2026-09-15
SJS,EQ,2357.1,2369.7,2290.2,2311.7,2354.0,151469,3520.29,2026-09-15
SJVN,EQ,66.17,66.77,64.38,64.58,66.18,1708205,1111.93,2026-09-15
SKFINDIA,EQ,1518.6,1528.5,1502.1,1508.5,1527.8,23487,355.35,2026-09-15
SKFINDUS,EQ,2886.0,2910.0,2812.1,2833.8,2887.7,56181,1604.24,2026-09-15
SKIPPER,EQ,557.5,557.8,531.0,534.15,551.55,1092523,5903.53,2026-09-15
SKMEGGPROD,EQ,241.35,242.95,231.0,231.9,241.3,116381,273.76,2026-09-15
SKYGOLD,EQ,835.0,851.95,785.0,789.4,827.4,773753,6257.01,2026-09-15
SKYWAYS,EQ,117.0,117.5,110.31,111.29,116.01,1875473,2137.38,2026-09-15
SMALL250,EQ,18.86,18.86,17.93,17.98,18.4,505834,91.74,2026-09-15
SMALLADD,EQ,18.48,18.5,18.02,18.11,18.48,90981,16.58,2026-09-15
SMALLCAP,EQ,49.49,49.49,46.87,47.76,49.14,7245494,3484.83,2026-09-15
SMALLGROWW,EQ,49.95,50.08,47.67,47.85,49.55,12495,6.08,2026-09-15
SMALLIETF,EQ,18.4,18.4,17.9,17.98,18.4,63411,11.51,2026-09-15
SMARTWORKS,EQ,539.0,540.35,517.5,518.7,530.75,39490,208.07,2026-09-15
SMCGLOBAL,EQ,86.47,87.29,81.16,81.94,86.0,1251208,1046.76,2026-09-15
SML100CASE,EQ,11.57,11.7,11.0,11.05,11.29,2166984,240.92,2026-09-15
SMLMAH,EQ,6640.0,6654.0,6254.0,6254.0,6583.0,45556,2897.08,2026-09-15
SMLT,EQ,63.8,65.9,61.54,62.18,62.29,2686,1.68,2026-09-15
SMSPHARMA,EQ,477.95,482.0,397.5,410.15,463.45,4315277,18174.68,2026-09-15
SNOWMAN,EQ,35.95,36.11,34.55,35.03,35.91,188142,66.28,2026-09-15
SNXT30BEES,EQ,42.41,42.41,41.27,41.38,42.2,59482,24.89,2026-09-15
SNXT50BETA,EQ,94.41,95.48,92.1,93.0,94.41,1657,1.55,2026-09-15
SOBHA,EQ,1226.6,1240.9,1181.2,1192.7,1216.8,110757,1332.36,2026-09-15
SOFTTECH,EQ,456.1,474.95,452.35,474.95,452.35,13382,63.31,2026-09-15
SOLARA,EQ,761.45,774.0,711.1,715.8,749.15,696761,5157.96,2026-09-15
SOLARINDS,EQ,22320.0,22700.0,19065.0,19250.0,22290.0,1304570,263060.73,2026-09-15
SOLARWORLD,EQ,142.0,143.45,130.15,131.42,141.48,463874,626.44,2026-09-15
SOLEX,EQ,698.75,700.45,661.0,668.9,698.6,61445,415.59,2026-09-15
SOMANYCERA,EQ,568.0,568.0,544.0,550.8,565.2,76905,428.78,2026-09-15
SOMATEX,EQ,84.05,84.52,81.0,81.62,84.52,4172,3.4,2026-09-15
SOMICONVEY,EQ,92.9,94.45,90.61,91.01,92.93,11112,10.26,2026-09-15
SONACOMS,EQ,788.0,793.9,777.45,790.0,788.0,1635076,12879.56,2026-09-15
SONAL,EQ,90.5,90.5,90.5,90.5,86.25,98,0.09,2026-09-15
SONATSOFTW,EQ,274.75,291.95,272.45,281.3,265.85,6788610,19171.98,2026-09-15
SOTL,EQ,715.8,723.0,684.0,688.3,716.25,243431,1693.78,2026-09-15
SOUTHBANK,EQ,46.38,47.89,44.88,45.0,46.18,12742655,5861.58,2026-09-15
SOUTHWEST,EQ,213.35,213.35,200.05,201.59,213.35,304793,623.68,2026-09-15
SPAL,EQ,1023.0,1027.9,965.3,973.8,1023.0,53942,535.36,2026-09-15
SPANDANA,EQ,235.37,235.51,226.15,226.96,235.37,188234,433.99,2026-09-15
SPARC,EQ,197.26,198.09,186.99,188.0,196.01,627126,1199.18,2026-09-15
SPCENET,EQ,3.38,3.43,3.2,3.27,3.39,1132328,37.12,2026-09-15
SPENCERS,EQ,28.5,28.99,27.5,27.94,28.3,30766,8.7,2026-09-15
SPIC,EQ,69.0,69.17,67.0,67.38,69.0,418875,285.76,2026-09-15
SPLIL,EQ,30.79,30.79,28.55,28.84,30.05,13439,4.0,2026-09-15
SPLPETRO,EQ,828.0,828.0,781.35,789.35,818.35,170064,1360.56,2026-09-15
SPMLINFRA,EQ,171.05,171.89,167.0,168.47,171.63,163272,274.64,2026-09-15
SPORTKING,EQ,215.0,215.0,199.0,201.01,214.77,471319,966.06,2026-09-15
SRD,EQ,38.99,40.0,38.5,39.3,38.27,53352,21.15,2026-09-15
SRF,EQ,2482.4,2490.7,2450.0,2455.2,2482.4,149986,3703.37,2026-09-15
SRGHFL,EQ,140.4,140.4,140.4,140.4,156.0,66874,93.89,2026-09-15
SRHHYPOLTD,EQ,523.5,535.0,488.0,497.4,523.8,59413,304.56,2026-09-15
SRM,EQ,444.6,444.6,417.0,419.9,439.35,63636,271.85,2026-09-15
SRTL,EQ,37.67,38.25,37.32,37.55,37.32,23754,8.96,2026-09-15
SSDL,EQ,62.6,64.5,59.73,60.22,62.59,41431,25.62,2026-09-15
SSWL,EQ,370.0,370.0,336.0,339.0,370.65,1724329,5980.64,2026-09-15
STANLEY,EQ,136.71,138.0,134.85,135.02,135.6,114098,154.61,2026-09-15
STAR,EQ,1183.0,1203.0,1127.0,1150.6,1183.4,421480,4956.04,2026-09-15
STARCEMENT,EQ,195.14,195.91,184.0,184.93,195.14,272570,517.91,2026-09-15
STARHEALTH,EQ,562.7,565.0,537.0,540.8,562.7,873422,4755.31,2026-09-15
STARPAPER,EQ,172.0,172.0,159.01,160.27,168.44,14400,23.73,2026-09-15
STARTECK,EQ,240.95,240.95,230.0,238.9,240.65,127,0.3,2026-09-15
STCINDIA,EQ,112.61,114.43,111.0,111.26,112.6,11964,13.46,2026-09-15
STEELCAS,EQ,325.35,330.0,311.0,312.75,325.25,49977,159.13,2026-09-15
STEELCITY,EQ,89.55,90.88,85.36,86.12,90.3,17883,15.74,2026-09-15
STEELXIND,EQ,12.19,12.25,11.3,11.44,12.14,5762202,677.04,2026-09-15
STEL,EQ,611.1,611.1,581.5,597.9,611.1,3096,18.44,2026-09-15
STLNETWORK,EQ,38.43,38.43,35.37,37.2,36.6,14945148,5623.04,2026-09-15
STLSTRINF,EQ,25.44,25.44,24.2,25.44,21.2,40095,10.16,2026-09-15
STOVEKRAFT,EQ,819.5,828.95,800.75,804.7,814.9,105247,856.16,2026-09-15
STUDDS,EQ,420.0,422.05,410.0,410.7,418.65,20247,83.65,2026-09-15
STYL,EQ,387.4,391.95,357.25,360.2,387.4,155799,573.89,2026-09-15
STYLAMIND,EQ,3341.0,3359.7,3252.1,3281.2,3329.9,31650,1050.93,2026-09-15
STYLEBAAZA,EQ,388.05,395.45,374.4,376.05,388.1,431277,1642.65,2026-09-15
STYRENIX,EQ,2114.4,2130.1,2018.3,2034.2,2113.1,22209,456.47,2026-09-15
SUBEXLTD,EQ,21.3,21.85,20.05,20.44,20.8,25531437,5415.85,2026-09-15
SUBROS,EQ,702.75,705.0,679.4,682.55,703.75,29668,205.31,2026-09-15
SUDARCOLOR,EQ,376.0,388.7,374.0,375.1,378.4,5728,21.66,2026-09-15
SUDARSCHEM,EQ,1259.0,1259.0,1175.4,1183.2,1248.2,176492,2125.55,2026-09-15
SUDEEPPHRM,EQ,1238.0,1238.0,1142.7,1142.7,1202.8,124977,1449.95,2026-09-15
SUKHJITS,EQ,162.0,165.67,160.95,161.72,159.78,29472,48.0,2026-09-15
SULA,EQ,138.0,138.89,134.0,134.14,136.38,354017,477.81,2026-09-15
SUMEDHA,EQ,43.49,45.5,41.55,43.09,41.4,12042,5.21,2026-09-15
SUMEETINDS,EQ,10.8,10.82,10.24,10.24,10.77,1550724,161.22,2026-09-15
SUMICHEM,EQ,478.2,479.55,450.25,451.95,476.4,263903,1216.68,2026-09-15
SUMIT,EQ,50.0,52.0,49.81,50.61,49.4,25085,12.71,2026-09-15
SUMMITSEC,EQ,1423.3,1426.5,1390.0,1393.6,1409.2,4644,65.14,2026-09-15
SUNCLAY,EQ,1318.9,1318.9,1239.0,1250.2,1298.3,6584,83.09,2026-09-15
SUNDARAM,EQ,1.2,1.21,1.17,1.18,1.19,192563,2.3,2026-09-15
SUNDARMFIN,EQ,4718.9,4864.8,4668.5,4695.0,4710.7,64086,3069.66,2026-09-15
SUNDRMFAST,EQ,1277.3,1280.2,1232.5,1237.3,1270.0,130043,1632.81,2026-09-15
SUNDROP,EQ,662.05,666.05,653.0,653.4,662.0,5387,35.38,2026-09-15
SUNFLAG,EQ,337.2,339.5,328.5,331.55,337.2,103768,346.93,2026-09-15
SUNLOC,EQ,75.0,77.99,74.74,76.49,75.5,506,0.38,2026-09-15
SUNPHARMA,EQ,1854.6,1856.8,1828.0,1835.0,1840.0,1437151,26458.82,2026-09-15
SUNRAKSHAK,EQ,375.0,378.9,350.1,362.45,377.05,8173,30.28,2026-09-15
SUNSHIEL,EQ,1219.0,1275.4,1201.0,1209.3,1200.2,4496,55.93,2026-09-15
SUNSHINE,EQ,385.0,394.6,326.25,333.95,407.8,7326036,27087.54,2026-09-15
SUNTECK,EQ,289.0,289.95,275.0,276.2,288.0,243697,683.99,2026-09-15
SUNTV,EQ,476.0,476.0,461.15,464.25,476.0,323101,1517.51,2026-09-15
SUPERHOUSE,EQ,171.49,177.9,169.0,169.83,169.66,4382,7.54,2026-09-15
SUPRAJIT,EQ,490.45,495.0,475.2,480.05,488.9,113378,550.09,2026-09-15
SUPREME,EQ,37.9,37.9,32.51,32.98,34.74,111772,37.51,2026-09-15
SUPREMEIND,EQ,3369.0,3413.9,3300.0,3300.0,3364.4,157956,5289.79,2026-09-15
SUPREMEINF,EQ,85.04,86.0,81.25,81.4,85.04,33793,27.94,2026-09-15
SUPRIYA,EQ,904.5,912.75,866.25,874.95,901.75,166220,1475.37,2026-09-15
SURAJEST,EQ,175.42,179.59,168.85,169.85,174.59,123897,214.81,2026-09-15
SURAJLTD,EQ,196.17,199.79,194.97,195.75,199.99,1313,2.58,2026-09-15
SURAKSHA,EQ,323.75,328.85,317.7,323.05,323.75,70378,228.64,2026-09-15
SURANASOL,EQ,25.7,26.0,24.8,25.02,25.51,24580,6.19,2026-09-15
SURANAT&P,EQ,16.28,16.4,15.8,15.81,16.1,39617,6.33,2026-09-15
SURYALA,EQ,399.2,416.0,395.25,401.0,395.25,41,0.16,2026-09-15
SURYALAXMI,EQ,59.0,59.0,53.45,55.46,56.28,4782,2.63,2026-09-15
SURYAROSNI,EQ,214.4,216.76,208.15,209.8,214.27,375749,798.22,2026-09-15
SURYODAY,EQ,148.05,150.36,143.43,144.81,148.05,322480,472.49,2026-09-15
SUVEN,EQ,356.35,363.95,327.1,333.45,355.55,870622,2961.74,2026-09-15
SUVIDHAA,EQ,2.27,2.36,2.2,2.28,2.25,87341,1.98,2026-09-15
SUYOG,EQ,652.95,664.75,639.0,643.6,650.5,25996,168.87,2026-09-15
SUZLON,EQ,44.53,44.97,42.58,42.9,44.12,40276349,17533.42,2026-09-15
SVGLOBAL,EQ,135.0,143.6,127.2,131.84,133.35,2536,3.45,2026-09-15
SVLL,EQ,816.0,829.4,790.0,790.4,785.05,1173,9.4,2026-09-15
SVPGLOB,EQ,3.6,3.61,3.35,3.39,3.45,37542,1.28,2026-09-15
SWANCORP,EQ,296.0,307.3,288.0,292.6,296.45,2810162,8363.66,2026-09-15
SWARAJENG,EQ,3579.0,3599.0,3549.0,3569.2,3576.0,7502,267.69,2026-09-15
SWARNSAR,EQ,39.05,40.87,38.3,38.74,39.66,17383,6.83,2026-09-15
SWELECTES,EQ,569.9,572.0,547.0,551.4,567.4,14842,82.61,2026-09-15
SWIGGY,EQ,278.2,282.0,275.0,275.0,278.2,13233851,36794.13,2026-09-15
SWSOLAR,EQ,184.7,187.58,173.01,174.3,180.22,1684846,3041.65,2026-09-15
SYMBIOTEC,EQ,1133.5,1174.9,1070.05,1080.1,1133.45,1313080,14666.33,2026-09-15
SYMPHONY,EQ,590.05,596.4,571.0,573.7,592.65,81544,473.93,2026-09-15
SYNCOMF,EQ,19.69,19.85,18.44,18.53,19.46,5369736,1015.75,2026-09-15
SYNGENE,EQ,382.95,383.8,377.25,378.85,382.65,337576,1282.45,2026-09-15
SYRMA,EQ,1613.7,1614.0,1500.3,1507.7,1589.3,1180574,18142.92,2026-09-15
TAALTECH,EQ,5550.0,5550.0,4957.2,5012.4,5375.5,20898,1098.83,2026-09-15
TAINWALCHM,EQ,214.0,214.0,205.0,205.0,207.79,6228,12.87,2026-09-15
TAJGVK,EQ,334.55,335.4,325.1,325.85,334.8,58026,190.73,2026-09-15
TAKE,EQ,18.49,18.49,18.49,18.49,17.61,44031,8.14,2026-09-15
TALBROAUTO,EQ,425.0,443.45,418.0,421.3,423.75,454628,1964.59,2026-09-15
TANAA,EQ,271.0,278.0,263.0,263.6,266.95,15969,43.01,2026-09-15
TANLA,EQ,508.05,516.0,488.0,490.55,502.8,453227,2274.47,2026-09-15
TARACHAND,EQ,48.0,48.0,46.5,47.11,46.86,59887,28.29,2026-09-15
TARAPUR,EQ,12.97,13.31,12.14,12.26,12.97,30649,3.8,2026-09-15
TARC,EQ,132.0,132.4,126.1,126.61,131.39,473899,607.84,2026-09-15
TARIL,EQ,289.85,290.65,276.6,277.95,288.5,1167264,3299.47,2026-09-15
TARMAT,EQ,59.61,61.68,58.07,58.29,59.6,25511,15.24,2026-09-15
TARSONS,EQ,311.75,312.45,301.0,303.15,311.2,98302,300.13,2026-09-15
TASTYBITE,EQ,10275.0,10386.0,9900.0,9927.0,10273.0,3830,384.16,2026-09-15
TATACAP,EQ,365.0,365.0,350.95,353.35,362.9,1237142,4414.7,2026-09-15
TATACHEM,EQ,734.9,734.9,734.9,734.9,612.45,1823658,13402.06,2026-09-15
TATACOMM,EQ,1767.9,1819.8,1742.4,1748.2,1761.6,285951,5119.73,2026-09-15
TATACONSUM,EQ,990.1,1009.3,986.0,986.1,991.0,1567952,15630.29,2026-09-15
TATAELXSI,EQ,3450.0,3532.1,3418.1,3440.0,3383.0,424602,14805.23,2026-09-15
TATAGOLD,EQ,14.67,14.67,14.52,14.52,14.7,40637526,5927.09,2026-09-15
TATAINVEST,EQ,700.15,750.5,700.15,718.35,650.9,24516580,177348.59,2026-09-15
TATAPOWER,EQ,375.0,377.65,362.95,363.0,364.65,3710579,13650.57,2026-09-15
TATASTEEL,EQ,186.1,186.49,182.38,183.65,183.0,31857708,58463.1,2026-09-15
TATATECH,EQ,772.7,789.95,752.25,759.3,762.15,1235230,9565.67,2026-09-15
TATSILV,EQ,21.94,21.99,21.72,21.78,21.99,30441996,6655.13,2026-09-15
TATVA,EQ,1604.0,1618.0,1540.0,1547.3,1608.7,42445,669.19,2026-09-15
TBOTEK,EQ,1680.8,1680.8,1646.2,1656.1,1679.5,81145,1344.19,2026-09-15
TBZ,EQ,552.6,552.6,511.4,524.45,526.3,1933695,10360.09,2026-09-15
TCC,EQ,56.0,57.3,52.36,54.63,55.32,3680305,2011.74,2026-09-15
TCI,EQ,858.85,867.4,833.6,845.4,858.85,17354,147.35,2026-09-15
TCIEXP,EQ,519.0,519.5,490.35,494.3,514.6,25494,128.14,2026-09-15
TCIFINANCE,EQ,15.94,15.94,14.2,15.02,15.01,20473,3.07,2026-09-15
TCPLPACK,EQ,3879.3,3879.3,3657.5,3692.1,3871.0,5613,211.17,2026-09-15
TCS,EQ,2275.5,2323.0,2251.0,2251.0,2200.8,5406210,124118.29,2026-09-15
TDPOWERSYS,EQ,814.15,817.55,720.1,725.5,804.9,5769493,43203.16,2026-09-15
TEAMGTY,EQ,243.9,243.9,235.0,235.08,235.0,467,1.1,2026-09-15
TEAMLEASE,EQ,1230.1,1241.3,1213.1,1229.6,1241.4,14425,177.1,2026-09-15
TECH,EQ,32.01,33.3,31.93,32.38,31.78,173875,57.31,2026-09-15
TECHM,EQ,1588.0,1633.2,1575.9,1575.9,1541.0,2577135,41390.03,2026-09-15
TECHNOCRAF,EQ,440.25,446.05,414.9,424.35,442.3,1500330,6445.28,2026-09-15
TECHNOE,EQ,972.25,982.95,943.55,950.6,972.15,129290,1237.21,2026-09-15
TECHNVISN,EQ,4700.0,4874.0,4549.0,4591.5,4788.0,744,34.01,2026-09-15
TECILCHEM,EQ,9.6,9.6,9.05,9.27,9.6,13722,1.26,2026-09-15
TEGA,EQ,1748.0,1748.0,1659.2,1671.1,1729.1,138967,2351.78,2026-09-15
TEJASNET,EQ,554.0,558.3,516.75,521.25,552.65,2713607,14399.21,2026-09-15
TEMBO,EQ,56.6,56.98,55.1,55.52,56.08,967188,538.31,2026-09-15
TEMPSENS,EQ,589.0,592.0,517.25,523.65,584.8,2634136,14358.1,2026-09-15
TENNIND,EQ,521.0,532.8,510.25,512.9,506.35,1307869,6813.56,2026-09-15
TERAI,EQ,125.63,125.63,120.69,125.63,126.9,57,0.07,2026-09-15
TERASOFT,EQ,248.8,253.0,231.4,238.35,248.8,24003,58.94,2026-09-15
TEXINFRA,EQ,115.52,116.07,113.47,114.07,115.52,226217,258.72,2026-09-15
TEXMOPIPES,EQ,61.2,64.5,60.0,60.56,60.08,669660,420.43,2026-09-15
TEXRAIL,EQ,118.0,119.01,110.27,110.71,117.81,2149805,2436.96,2026-09-15
TFCILTD,EQ,141.75,142.44,137.32,138.18,141.49,9687578,13510.82,2026-09-15
TFL,EQ,11.8,12.5,11.71,11.9,11.8,7273,0.86,2026-09-15
TGBHOTELS,EQ,9.51,9.87,9.31,9.7,9.7,7842,0.76,2026-09-15
TGVSL,EQ,105.99,107.0,103.01,103.91,105.91,127830,134.2,2026-09-15
THACKER,EQ,1030.0,1030.0,1000.0,1000.0,1038.0,38,0.39,2026-09-15
THAKDEV,EQ,128.15,128.15,128.15,128.15,128.15,10,0.01,2026-09-15
THANGAMAYL,EQ,5142.0,5148.5,4870.0,4912.0,5126.0,100172,4983.35,2026-09-15
THEINVEST,EQ,96.51,99.0,95.44,96.18,96.8,4818,4.71,2026-09-15
THEJO,EQ,2192.6,2250.0,2160.6,2175.2,2192.6,14877,327.91,2026-09-15
THELEELA,EQ,538.0,541.45,519.15,522.45,542.3,189584,1007.91,2026-09-15
THEMISMED,EQ,129.85,129.85,120.1,121.57,128.25,127347,159.15,2026-09-15
THERMAX,EQ,3715.0,3718.0,3508.0,3559.4,3682.0,211945,7555.33,2026-09-15
THOMASCOOK,EQ,108.6,109.6,102.83,103.37,108.63,989497,1042.44,2026-09-15
THOMASCOTT,EQ,236.6,246.15,229.75,237.9,237.55,60938,144.6,2026-09-15
THYROCARE,EQ,552.7,556.9,542.05,544.45,549.7,194375,1068.11,2026-09-15
TI,EQ,524.05,526.4,503.1,510.75,521.6,786869,4043.36,2026-09-15
TIGERLOGS,EQ,27.23,27.62,26.52,27.4,27.16,100468,27.33,2026-09-15
TIIL,EQ,3250.2,3255.9,3109.0,3128.6,3250.2,24762,780.78,2026-09-15
TIINDIA,EQ,2606.1,2613.2,2521.5,2525.0,2606.1,195410,5002.98,2026-09-15
TIMETECHNO,EQ,180.8,181.79,176.0,176.3,180.8,1721801,3088.8,2026-09-15
TIMEX,EQ,637.25,637.25,600.0,605.65,631.7,315563,1942.53,2026-09-15
TIMKEN,EQ,3311.2,3312.3,3120.1,3151.2,3302.4,60795,1924.1,2026-09-15
TINNARUBR,EQ,1034.0,1043.95,955.05,965.0,1034.05,86015,850.07,2026-09-15
TIPSFILMS,EQ,332.4,332.4,317.0,319.4,327.5,3349,10.78,2026-09-15
TIPSMUSIC,EQ,660.8,668.0,652.2,659.15,661.55,210300,1395.8,2026-09-15
TIRUMALCHM,EQ,158.0,162.5,153.1,154.48,155.98,646717,1028.85,2026-09-15
TITAGARH,EQ,847.7,848.4,809.0,811.45,842.15,476266,3934.14,2026-09-15
TITAN,EQ,5003.0,5003.0,4856.0,4856.0,5009.5,504447,24760.39,2026-09-15
TMB,EQ,910.9,920.0,860.0,868.35,910.9,209458,1849.31,2026-09-15
TMCV,EQ,441.2,446.7,424.05,427.15,434.55,4286778,18530.42,2026-09-15
TMPV,EQ,320.0,320.15,303.5,303.6,301.1,19003987,59263.02,2026-09-15
TNIDETF,EQ,86.15,90.97,86.15,88.19,88.36,119416,106.9,2026-09-15
TNPETRO,EQ,132.9,132.9,122.68,125.71,128.9,1021991,1288.29,2026-09-15
TNPL,EQ,154.25,156.6,151.56,152.39,153.27,240597,369.49,2026-09-15
TNTELE,EQ,9.14,9.14,8.42,8.92,8.94,8615,0.76,2026-09-15
TOKYOPLAST,EQ,78.94,79.8,75.92,76.01,78.94,1311,1.0,2026-09-15
TOLINS,EQ,88.71,89.99,88.0,88.24,89.4,38721,34.4,2026-09-15
TOP100CASE,EQ,10.58,10.58,10.2,10.21,10.33,868118,89.15,2026-09-15
TOP10ADD,EQ,86.55,86.7,85.25,85.39,85.56,826254,709.0,2026-09-15
TOP15IETF,EQ,9.6,9.61,9.47,9.49,9.56,72745,6.93,2026-09-15
TOP20,EQ,8.71,8.73,8.59,8.6,8.65,170172,14.68,2026-09-15
TORNTPHARM,EQ,4931.0,4959.5,4837.5,4850.0,4965.5,397030,19419.97,2026-09-15
TORNTPOWER,EQ,1325.0,1326.9,1291.5,1300.9,1297.6,436537,5714.04,2026-09-15
TOUCHWOOD,EQ,62.68,62.68,60.16,60.91,61.16,635,0.39,2026-09-15
TOYAMSL,EQ,0.69,0.69,0.68,0.68,0.66,667929,4.61,2026-09-15
TPLPLASTEH,EQ,68.17,68.49,64.21,65.27,68.48,153584,101.6,2026-09-15
TRACXN,EQ,32.5,33.04,30.61,31.21,31.9,478090,152.22,2026-09-15
TRANSCOR,EQ,26.25,26.25,24.5,25.75,25.39,1157,0.29,2026-09-15
TRANSRAILL,EQ,415.5,418.5,402.0,404.9,410.35,368086,1505.33,2026-09-15
TRAVELFOOD,EQ,1259.3,1259.9,1224.4,1227.4,1253.6,18613,229.99,2026-09-15
TREEHOUSE,EQ,6.15,6.36,5.93,6.01,6.14,21449,1.31,2026-09-15
TREJHARA,EQ,143.5,144.9,135.1,137.1,143.02,7177,10.06,2026-09-15
TREL,EQ,27.19,27.9,25.17,25.71,26.97,82719,21.93,2026-09-15
TRENT,EQ,2802.4,2817.6,2730.0,2730.0,2802.4,494769,13722.08,2026-09-15
TRF,EQ,224.5,234.99,210.0,213.0,222.05,42549,94.51,2026-09-15
TRIDENT,EQ,23.45,23.55,23.03,23.12,23.39,2850365,661.99,2026-09-15
TRIGYN,EQ,55.9,57.77,51.71,52.58,56.1,58590,32.1,2026-09-15
TRITONV,EQ,1092.1,1092.1,1040.0,1051.5,1092.1,5609,60.22,2026-09-15
TRITURBINE,EQ,567.1,569.65,535.65,546.9,569.65,1820501,9938.37,2026-09-15
TRIVENI,EQ,257.0,257.8,243.7,246.45,255.4,661461,1636.37,2026-09-15
TRU,EQ,4.54,4.59,4.06,4.22,4.28,206874,9.17,2026-09-15
TRUALT,EQ,415.0,428.0,400.0,411.65,416.35,224114,918.93,2026-09-15
TSFINV,EQ,437.0,446.45,436.95,442.95,437.25,92881,410.48,2026-09-15
TTKHLTCARE,EQ,1119.0,1125.9,1067.9,1074.6,1115.4,33869,369.61,2026-09-15
TTKPRESTIG,EQ,537.35,550.2,534.3,540.0,537.3,65503,355.82,2026-09-15
TTL,EQ,6.56,6.75,6.53,6.58,6.66,43242,2.85,2026-09-15
TTML,EQ,36.01,36.92,35.85,36.15,35.6,2840915,1028.53,2026-09-15
TURTLEMINT,EQ,137.3,138.39,130.0,131.04,136.12,357604,475.09,2026-09-15
TUTIALKA,EQ,60.79,60.79,58.85,59.78,59.19,6626,3.95,2026-09-15
TVSELECT,EQ,412.0,415.2,395.0,399.4,413.85,27977,112.97,2026-09-15
TVSHLTD,EQ,12991.0,13009.0,12402.0,12488.0,13024.0,6044,766.16,2026-09-15
TVSMOTOR,EQ,4150.0,4155.0,4022.1,4050.0,4125.0,496058,20164.37,2026-09-15
TVSSCS,EQ,130.8,131.38,126.0,127.16,130.49,528148,675.77,2026-09-15
TVSSRICHAK,EQ,5164.0,5164.0,4940.5,4960.5,5146.0,5607,280.4,2026-09-15
TVTODAY,EQ,108.4,109.97,104.51,105.68,109.3,93068,99.1,2026-09-15
TWCGOLDETF,EQ,150.3,151.77,146.05,147.74,150.58,10349,15.41,2026-09-15
UBL,EQ,1262.3,1268.0,1240.0,1241.8,1256.1,52994,665.58,2026-09-15
UCOBANK,EQ,24.12,24.14,23.66,23.72,24.12,3373905,805.89,2026-09-15
UDAYJEW,EQ,172.31,175.99,159.3,161.6,172.04,66824,111.13,2026-09-15
UDS,EQ,209.02,210.0,194.15,197.04,207.5,95017,191.98,2026-09-15
UEL,EQ,216.97,216.97,207.0,215.54,206.64,50156,108.5,2026-09-15
UFLEX,EQ,663.5,670.3,631.75,636.1,653.45,129497,834.87,2026-09-15
UFO,EQ,63.5,64.16,60.25,60.66,62.63,36249,22.29,2026-09-15
UGARSUGAR,EQ,54.6,57.5,52.36,53.22,54.3,1194220,659.67,2026-09-15
UGROCAP,EQ,85.31,86.42,82.8,83.28,83.66,189556,158.99,2026-09-15
UJJIVANSFB,EQ,65.71,66.56,63.85,64.07,65.54,7611153,4945.96,2026-09-15
ULTRACEMCO,EQ,11045.0,11045.0,10697.0,10697.0,11000.0,335172,36213.95,2026-09-15
ULTRAMAR,EQ,434.5,434.5,415.2,416.2,428.55,39348,164.99,2026-09-15
UMESLTD,EQ,4.97,5.14,4.48,4.53,4.97,145521,6.62,2026-09-15
UMIYA-MRO,EQ,99.2,99.2,93.01,95.66,96.23,28955,27.49,2026-09-15
UNICHEMLAB,EQ,544.1,548.95,515.0,519.05,539.7,57806,305.31,2026-09-15
UNIDT,EQ,234.9,241.99,213.6,216.49,230.95,42891,96.32,2026-09-15
UNIECOM,EQ,84.0,84.84,81.75,82.2,83.33,152701,126.75,2026-09-15
UNIENTER,EQ,92.0,92.9,88.05,89.22,91.32,12219,11.03,2026-09-15
UNIINFO,EQ,10.99,11.44,10.94,11.38,10.94,4784,0.54,2026-09-15
UNIMECH,EQ,1625.0,1631.4,1533.0,1538.5,1610.0,269490,4216.1,2026-09-15
UNIONBANK,EQ,179.57,179.69,174.74,175.0,178.1,4444675,7847.14,2026-09-15
UNIONGOLD,EQ,146.35,151.0,146.0,149.25,148.3,1984,2.94,2026-09-15
UNIPARTS,EQ,897.45,899.0,861.1,865.7,897.45,115818,1014.23,2026-09-15
UNITDSPR,EQ,1392.1,1403.6,1370.6,1370.6,1395.0,343060,4755.33,2026-09-15
UNITECH,EQ,4.2,4.4,4.02,4.21,4.17,10640815,449.94,2026-09-15
UNITEDPOLY,EQ,44.89,45.05,42.5,42.75,43.28,129163,56.49,2026-09-15
UNITEDTEA,EQ,426.05,438.5,415.1,425.65,432.95,6153,26.08,2026-09-15
UNIVCABLES,EQ,1492.5,1501.6,1387.0,1417.3,1492.5,235116,3342.93,2026-09-15
UNOMINDA,EQ,1212.3,1213.9,1159.7,1159.7,1201.6,417139,4943.85,2026-09-15
UPHOT,EQ,1506.4,1550.0,1506.4,1550.0,1499.0,8,0.12,2026-09-15
UPL,EQ,573.4,575.95,558.0,560.8,572.95,1588857,8985.26,2026-09-15
URBANCO,EQ,166.98,167.71,157.55,158.22,166.89,4152047,6668.14,2026-09-15
URJA,EQ,9.15,9.15,8.8,8.81,9.02,719687,64.18,2026-09-15
USHAMART,EQ,493.0,494.4,477.5,480.25,494.5,604747,2931.13,2026-09-15
USK,EQ,20.9,21.89,20.53,20.64,20.64,21328,4.4,2026-09-15
UTIAMC,EQ,909.15,915.75,905.9,911.1,910.0,109601,997.92,2026-09-15
UTKARSHBNK,EQ,14.61,14.75,14.14,14.2,14.52,10678279,1538.15,2026-09-15
UTLSOLAR,EQ,445.0,447.8,419.05,421.9,447.8,342061,1456.07,2026-09-15
UTTAMSUGAR,EQ,278.9,280.7,255.5,256.65,279.85,240789,636.74,2026-09-15
V2RETAIL,EQ,218.09,219.59,210.0,212.12,218.0,925313,1976.37,2026-09-15
VADILALIND,EQ,6923.0,7119.5,6745.0,7035.5,6960.5,32305,2248.53,2026-09-15
VADILENT,EQ,10400.0,10450.0,10400.0,10400.0,10400.0,11,1.14,2026-09-15
VAIBHAVGBL,EQ,213.52,217.98,208.9,209.3,212.58,158830,337.52,2026-09-15
VAISHALI,EQ,9.25,9.25,8.81,9.02,8.77,357226,32.54,2026-09-15
VAKRANGEE,EQ,5.44,5.45,5.24,5.27,5.37,1176438,62.31,2026-09-15
VAL30IETF,EQ,14.64,15.16,14.64,14.73,15.02,258219,38.3,2026-09-15
VALUE,EQ,15.95,15.95,15.64,15.65,15.92,21562,3.41,2026-09-15
VALUEAXIS,EQ,32.88,32.88,31.8,31.9,32.47,98731,31.74,2026-09-15
VAML,EQ,422.0,423.95,403.9,406.0,421.75,8429673,34598.44,2026-09-15
VARDMNPOLY,EQ,5.9,5.94,5.68,5.83,5.94,186182,10.82,2026-09-15
VARROC,EQ,872.0,884.5,831.15,836.0,872.0,278443,2366.26,2026-09-15
VASCONEQ,EQ,30.05,30.48,28.86,29.1,30.08,368759,109.35,2026-09-15
VASWANI,EQ,47.0,47.4,44.1,44.67,45.88,41920,19.12,2026-09-15
VBL,EQ,417.5,419.75,409.1,409.6,416.5,3118516,12878.2,2026-09-15
VEDAVAAG,EQ,23.43,24.99,20.52,20.98,23.38,184975,41.82,2026-09-15
VEDL,EQ,263.7,264.4,253.55,257.0,263.7,9234199,23807.89,2026-09-15
VEDPOWER,EQ,33.51,33.55,31.56,31.68,33.62,15567840,5027.66,2026-09-15
VEEDOL,EQ,1434.8,1439.7,1378.0,1382.5,1428.5,15287,214.23,2026-09-15
VENKEYS,EQ,1810.0,1814.9,1702.0,1713.6,1787.2,115324,2035.79,2026-09-15
VENTIVE,EQ,580.0,582.0,561.0,563.15,574.7,79959,450.65,2026-09-15
VENUSPIPES,EQ,2026.0,2033.9,1931.1,1941.6,2020.1,238550,4703.79,2026-09-15
VERANDA,EQ,225.45,228.78,216.65,218.28,225.24,149157,332.47,2026-09-15
VERTOZ,EQ,40.2,40.2,37.13,37.49,38.38,44396,17.06,2026-09-15
VESUVIUS,EQ,413.05,413.4,400.0,400.8,413.05,58269,236.29,2026-09-15
VGCL,EQ,50.0,52.0,49.9,51.5,50.0,3504,1.75,2026-09-15
VGL,EQ,66.82,70.49,64.05,66.21,66.82,361556,244.75,2026-09-15
VGUARD,EQ,323.7,326.8,319.6,321.9,323.7,439497,1414.96,2026-09-15
VHL,EQ,3465.1,3470.0,3382.1,3403.0,3447.9,495,16.91,2026-09-15
VIDHIING,EQ,331.7,334.45,320.0,320.65,334.45,23677,77.05,2026-09-15
VIDYAWIRES,EQ,88.5,89.9,84.0,85.12,88.25,707334,609.89,2026-09-15
VIJAYA,EQ,1503.0,1515.9,1431.1,1443.7,1502.0,116091,1696.07,2026-09-15
VIJSOLX,EQ,640.0,649.0,637.0,640.0,633.7,561,3.58,2026-09-15
VIKASECO,EQ,1.05,1.07,1.05,1.05,1.05,1278805,13.5,2026-09-15
VIKASLIFE,EQ,1.22,1.23,1.2,1.21,1.22,1607155,19.44,2026-09-15
VIKRAMSOLR,EQ,167.06,168.62,162.84,163.46,166.86,2131509,3515.62,2026-09-15
VIKRAN,EQ,57.09,57.8,55.2,55.54,57.08,936506,525.63,2026-09-15
VIMTALABS,EQ,637.9,642.0,613.0,616.0,629.6,121161,755.25,2026-09-15
VINATIORGA,EQ,1300.6,1316.0,1250.1,1261.4,1294.3,41505,529.73,2026-09-15
VINCOFE,EQ,176.0,179.0,165.81,166.54,174.35,2128186,3617.5,2026-09-15
VINDHYATEL,EQ,2833.0,2842.4,2600.0,2617.7,2813.5,100076,2688.01,2026-09-15
VINEETLAB,EQ,35.17,36.5,35.17,35.61,37.02,164341,58.03,2026-09-15
VINNY,EQ,0.99,0.99,0.97,0.97,0.97,250857,2.46,2026-09-15
VINYLINDIA,EQ,220.21,226.0,218.0,218.59,219.93,7205,15.91,2026-09-15
VIPCLOTHNG,EQ,21.38,22.0,20.25,20.57,21.38,140164,29.87,2026-09-15
VIPIND,EQ,300.6,303.2,290.05,291.05,300.1,220240,648.57,2026-09-15
VIRAT,EQ,463.95,463.95,406.35,421.6,450.05,7551,33.31,2026-09-15
VIRINCHI,EQ,14.2,14.85,13.65,13.76,14.25,76595,10.66,2026-09-15
VISACHROME,EQ,34.0,35.89,33.28,33.53,35.03,10883,3.72,2026-09-15
VISAKAIND,EQ,91.1,91.68,88.1,88.47,90.45,124953,111.32,2026-09-15
VISHAL,EQ,18.81,20.45,18.2,18.35,18.36,32987,6.09,2026-09-15
VISHNU,EQ,713.95,715.5,680.2,682.8,713.95,102967,712.05,2026-09-15
VISHWARAJ,EQ,5.47,5.48,5.33,5.37,5.38,329218,17.72,2026-09-15
VISL,EQ,33.49,33.49,31.68,31.68,33.34,18491355,5909.5,2026-09-15
VITAL,EQ,55.65,55.65,52.87,53.76,55.65,6752,3.6,2026-09-15
VIVIANA,EQ,745.0,748.4,705.0,710.9,752.15,22028,159.19,2026-09-15
VIVIDHA,EQ,0.51,0.57,0.51,0.52,0.51,347149,1.85,2026-09-15
VIVOBIOT,EQ,16.79,17.44,16.0,17.19,17.13,12191,2.09,2026-09-15
VIYASH,EQ,258.45,258.45,245.4,246.9,257.6,3290032,8252.9,2026-09-15
VLEGOV,EQ,10.25,10.75,10.25,10.47,10.24,218706,23.29,2026-09-15
VLSFINANCE,EQ,242.12,247.55,231.95,235.33,244.0,23045,54.61,2026-09-15
VMART,EQ,805.5,809.65,774.55,789.85,808.95,122376,962.28,2026-09-15
VMM,EQ,102.25,102.29,100.1,100.1,101.71,7678106,7761.17,2026-09-15
VMSTMT,EQ,44.95,48.09,44.95,47.46,44.12,161894,75.68,2026-09-15
VOEPL,EQ,522.0,522.7,485.55,495.0,515.35,79658,401.64,2026-09-15
VOGL,EQ,36.89,36.95,34.7,34.83,36.71,23297053,8259.7,2026-09-15
VOITHPAPR,EQ,1459.6,1490.0,1440.0,1465.4,1459.6,609,8.9,2026-09-15
VOLTAMP,EQ,11250.0,11255.0,10460.0,10596.0,11217.0,26149,2817.28,2026-09-15
VOLTAS,EQ,1168.0,1179.0,1137.0,1137.0,1165.0,477143,5533.89,2026-09-15
VPRPL,EQ,36.0,36.68,30.76,32.26,36.17,723981,243.16,2026-09-15
VRAJ,EQ,123.63,127.0,123.3,125.08,125.5,18615,23.26,2026-09-15
VRLLOG,EQ,288.3,289.0,282.55,283.6,288.3,109956,313.26,2026-09-15
VSSL,EQ,397.4,401.4,382.0,389.1,397.45,203103,789.46,2026-09-15
VSTIND,EQ,206.0,206.49,202.1,203.4,203.93,101421,206.74,2026-09-15
VSTL,EQ,117.25,122.0,114.0,114.88,119.71,12485,14.54,2026-09-15
VSTTILLERS,EQ,4030.1,4085.0,4009.4,4030.3,4042.9,7195,291.43,2026-09-15
VTL,EQ,566.25,570.25,545.2,547.0,566.2,162882,903.86,2026-09-15
VTMLTD,EQ,48.65,49.16,40.9,42.17,48.42,235189,100.79,2026-09-15
WAAREEENER,EQ,2590.0,2624.9,2540.0,2555.0,2625.0,734115,19023.7,2026-09-15
WAAREEINDO,EQ,252.1,259.5,245.1,249.4,251.95,92977,234.9,2026-09-15
WAAREERTL,EQ,850.0,864.1,801.7,806.55,831.95,213833,1759.39,2026-09-15
WABAG,EQ,2283.0,2289.0,2091.1,2103.4,2277.9,894663,19342.26,2026-09-15
WAKEFIT,EQ,154.27,156.0,147.9,148.61,155.13,422271,643.07,2026-09-15
WALCHANNAG,EQ,212.4,212.4,199.0,200.03,210.1,668236,1371.8,2026-09-15
WANBURY,EQ,237.1,240.5,220.35,223.1,239.35,227244,515.36,2026-09-15
WARDINMOBI,EQ,5.72,5.92,5.6,5.62,5.72,258296,14.6,2026-09-15
WATERBASE,EQ,48.0,48.0,46.0,46.71,46.54,10908,5.08,2026-09-15
WCIL,EQ,87.95,93.39,87.44,91.45,87.51,455441,415.93,2026-09-15
WEALTH,EQ,822.0,845.0,820.0,825.3,845.25,2078,17.2,2026-09-15
WEBELSOLAR,EQ,75.33,75.8,72.1,72.75,75.84,1752314,1295.58,2026-09-15
WEIZMANIND,EQ,71.71,71.71,69.1,70.28,71.71,1373,0.97,2026-09-15
WEL,EQ,72.51,73.6,68.73,69.18,72.34,697448,484.98,2026-09-15
WELCORP,EQ,2661.2,2718.4,2363.6,2413.3,2676.6,3340619,82741.69,2026-09-15
WELENT,EQ,790.65,796.35,728.05,737.6,786.2,4638248,35408.55,2026-09-15
WELSPLSOL,EQ,55.59,56.0,52.55,53.52,55.59,746478,400.14,2026-09-15
WELSPUNLIV,EQ,208.0,208.83,199.25,201.63,207.68,5087632,10407.07,2026-09-15
WENDT,EQ,8900.0,9100.0,8521.0,8580.0,8812.5,38273,3401.57,2026-09-15
WESTLIFE,EQ,569.95,579.8,550.0,556.1,569.6,84067,475.27,2026-09-15
WEWIN,EQ,42.46,42.92,40.5,40.83,42.46,2599,1.08,2026-09-15
WEWORK,EQ,666.15,680.0,666.15,673.55,670.25,304823,2053.06,2026-09-15
WHBRADY,EQ,481.3,481.3,477.0,477.0,480.5,19,0.09,2026-09-15
WHEELS,EQ,2249.9,2249.9,2084.0,2129.1,2230.1,383920,8235.24,2026-09-15
WHIRLPOOL,EQ,770.95,771.2,750.0,751.95,762.35,150797,1144.03,2026-09-15
WILLAMAGOR,EQ,24.8,24.8,23.6,24.46,24.18,887,0.22,2026-09-15
WINDLAS,EQ,1137.0,1144.0,1084.0,1098.15,1129.25,83578,929.58,2026-09-15
WINDMACHIN,EQ,302.8,306.0,283.8,300.7,300.65,472746,1412.4,2026-09-15
WIPL,EQ,169.58,169.58,165.12,168.72,169.58,472,0.8,2026-09-15
WIPRO,EQ,172.2,173.35,169.01,170.0,167.4,11722173,20106.04,2026-09-15
WOCKPHARMA,EQ,2190.0,2193.8,2055.0,2064.1,2179.4,851928,17936.73,2026-09-15
WONDERLA,EQ,528.0,530.15,510.0,514.2,520.95,73992,385.87,2026-09-15
WORTHPERI,EQ,144.36,147.98,141.37,142.83,145.82,3575,5.16,2026-09-15
WPIL,EQ,435.25,440.4,421.5,428.55,435.25,30776,133.6,2026-09-15
WSI,EQ,60.2,62.5,59.0,59.92,61.92,72062,43.32,2026-09-15
WSTCSTPAPR,EQ,713.0,734.0,705.85,713.3,713.8,375037,2690.01,2026-09-15
XCHANGING,EQ,62.9,66.5,62.32,64.5,62.34,511238,333.49,2026-09-15
XELPMOC,EQ,77.5,78.15,74.2,74.59,76.03,10867,8.28,2026-09-15
XPROINDIA,EQ,1294.7,1295.0,1259.9,1268.2,1294.7,54197,692.63,2026-09-15
XTGLOBAL,EQ,29.55,31.8,29.25,29.45,29.53,82382,25.39,2026-09-15
XTRANET,EQ,278.0,292.94,271.0,276.09,271.34,2631980,7369.77,2026-09-15
YASHO,EQ,4260.0,4286.9,3855.0,3883.4,4187.5,72056,2855.47,2026-09-15
YATHARTH,EQ,1000.0,1024.0,972.0,981.8,966.3,693776,6915.96,2026-09-15
YATRA,EQ,114.28,115.67,107.5,107.96,115.42,969513,1075.8,2026-09-15
YESBANK,EQ,23.68,23.9,22.99,23.07,23.48,95413759,22229.97,2026-09-15
YOGI,EQ,157.5,166.95,157.5,158.58,157.13,390,0.62,2026-09-15
YUKEN,EQ,1124.0,1124.0,1046.0,1077.6,1113.75,43272,464.83,2026-09-15
ZAGGLE,EQ,188.52,188.54,178.42,179.41,187.0,1178475,2138.5,2026-09-15
ZEEL,EQ,80.0,80.29,77.11,77.41,79.36,13904557,10919.12,2026-09-15
ZEELEARN,EQ,7.15,7.25,6.6,6.63,6.78,371367,25.54,2026-09-15
ZEEMEDIA,EQ,7.5,7.56,7.25,7.27,7.43,1749367,128.25,2026-09-15
ZENITHEXPO,EQ,207.05,207.05,194.75,196.35,205.0,238,0.47,2026-09-15
ZENITHSTL,EQ,5.95,5.95,5.51,5.71,5.85,54663,3.17,2026-09-15
ZENSARTECH,EQ,430.0,479.9,430.0,440.2,425.25,42017111,193930.26,2026-09-15
ZENTEC,EQ,1730.0,1732.8,1630.0,1638.9,1722.6,529917,8841.79,2026-09-15
ZFCVINDIA,EQ,2560.0,2560.0,2495.5,2511.5,2548.2,78066,1966.33,2026-09-15
ZFSTEERING,EQ,765.0,792.0,750.0,762.05,764.75,21612,167.65,2026-09-15
ZIMLAB,EQ,136.0,138.96,128.02,133.61,139.22,146082,196.24,2026-09-15
ZODIAC,EQ,221.5,226.85,220.01,221.61,227.98,14986,33.35,2026-09-15
ZODIACLOTH,EQ,70.67,70.67,68.0,69.67,69.54,5490,3.8,2026-09-15
ZOTA,EQ,1088.0,1124.0,1088.0,1113.1,1087.2,53200,589.98,2026-09-15
ZSARACOM,EQ,10600.0,11000.0,10300.0,10337.0,10797.0,43,4.59,2026-09-15
ZUARI,EQ,220.0,222.12,210.1,212.4,220.42,103154,221.83,2026-09-15
ZUARIIND,EQ,273.4,273.6,264.25,265.3,273.15,52743,141.68,2026-09-15
ZYDUSLIFE,EQ,1120.1,1124.5,1099.0,1099.0,1119.1,522672,5804.18,2026-09-15
ZYDUSWELL,EQ,549.35,558.45,544.35,549.95,552.0,260004,1431.96,2026-09-15
