SYMBOL,SERIES,OPEN_PRICE,HIGH_PRICE,LOW_PRICE,CLOSE_PRICE,PREV_CLOSE,TTL_TRD_QNTY,TURNOVER_LACS,DATE
20MICRONS,EQ,224.9,231.99,220.71,224.8,222.49,373719,847.98,2026-09-07
21STCENMGM,EQ,38.4,38.85,37.47,38.28,38.13,8675,3.34,2026-09-07
360ONE,EQ,1141.8,1143.5,1127.2,1136.9,1137.0,407077,4618.37,2026-09-07
3BBLACKBIO,EQ,1486.0,1530.2,1470.2,1521.3,1460.1,14265,215.26,2026-09-07
3MINDIA,EQ,32700.0,32985.0,32480.0,32840.0,32845.0,1326,433.88,2026-09-07
3PLAND,EQ,32.39,32.39,31.67,32.15,32.39,1703,0.55,2026-09-07
5PAISA,EQ,339.0,344.85,337.05,339.85,342.1,29942,101.72,2026-09-07
63MOONS,EQ,882.55,882.65,860.05,872.7,876.5,249471,2175.12,2026-09-07
A2ZINFRA,EQ,15.61,16.05,15.4,15.76,15.61,96495,15.2,2026-09-07
AAATECH,EQ,91.0,93.96,91.0,92.07,91.74,10152,9.38,2026-09-07
AADHARHFC,EQ,483.5,485.0,471.0,478.95,483.55,270755,1290.35,2026-09-07
AAKASH,EQ,8.69,8.88,8.18,8.59,8.75,251561,21.41,2026-09-07
AAREYDRUGS,EQ,94.1,98.5,94.1,97.31,95.79,218466,212.42,2026-09-07
AARON,EQ,129.0,129.0,125.0,125.54,128.45,4586,5.82,2026-09-07
AARTIDRUGS,EQ,433.25,434.7,419.25,423.0,431.65,94385,402.36,2026-09-07
AARTIIND,EQ,493.25,495.75,487.35,490.7,492.05,518899,2550.99,2026-09-07
AARTIPHARM,EQ,861.0,894.7,856.35,862.65,858.8,745049,6501.02,2026-09-07
AARVI,EQ,140.5,145.49,140.3,143.36,141.92,10492,14.84,2026-09-07
AASTHA,EQ,79.25,79.25,76.42,77.36,78.12,177179,136.6,2026-09-07
AAVAS,EQ,1291.0,1311.4,1285.2,1306.2,1304.2,82507,1071.15,2026-09-07
ABANSENT,EQ,27.5,28.99,27.0,28.39,27.86,4724,1.33,2026-09-07
ABB,EQ,7410.0,7459.5,7327.0,7434.0,7410.0,111152,8225.29,2026-09-07
ABBOTINDIA,EQ,26150.0,26195.0,25810.0,25940.0,26065.0,5392,1398.43,2026-09-07
ABCAPITAL,EQ,404.0,404.75,399.5,403.25,404.9,2451987,9855.62,2026-09-07
ABCOTS,EQ,208.8,223.45,208.1,212.01,208.15,10187,21.85,2026-09-07
ABDL,EQ,609.9,610.4,596.85,600.0,609.95,428345,2572.51,2026-09-07
ABFRL,EQ,52.95,55.11,51.99,53.21,52.97,10440736,5606.39,2026-09-07
ABGSEC,EQ,114.72,114.74,113.62,114.51,113.58,1748,1.99,2026-09-07
ABLBL,EQ,86.9,87.4,84.99,85.55,86.07,543434,467.81,2026-09-07
ABMKNO,EQ,186.0,189.99,185.0,189.64,189.9,2557,4.74,2026-09-07
ABREL,EQ,1373.6,1384.0,1356.1,1377.8,1373.6,65234,893.43,2026-09-07
ABSL10BANK,EQ,170.8,170.8,165.0,165.62,168.65,1301,2.19,2026-09-07
ABSLAMC,EQ,1062.3,1064.1,1035.0,1041.9,1062.3,197790,2064.64,2026-09-07
ABSLBANETF,EQ,58.95,58.97,58.5,58.66,59.06,118426,69.37,2026-09-07
ABSLLIQUID,EQ,975.0,1000.01,975.0,1000.0,1000.0,1522,15.22,2026-09-07
ABSLMSCIN,EQ,29.58,29.6,29.23,29.23,29.44,289,0.09,2026-09-07
ABSLNN50ET,EQ,77.46,78.0,76.3,77.15,77.08,10606,8.14,2026-09-07
ABSLPSE,EQ,10.2,10.25,10.09,10.11,10.18,88062,8.92,2026-09-07
ACC,EQ,1287.0,1288.5,1265.5,1268.7,1283.8,90302,1147.73,2026-09-07
ACCELYA,EQ,1131.0,1135.8,1120.0,1127.1,1131.0,5455,61.5,2026-09-07
ACE,EQ,1125.4,1131.0,1111.0,1113.2,1125.4,109007,1217.4,2026-09-07
ACEINTEG,EQ,18.58,18.58,17.52,17.54,17.83,2039,0.36,2026-09-07
ACGL,EQ,1799.0,1839.0,1780.0,1799.4,1797.6,1000,18.18,2026-09-07
ACI,EQ,504.4,513.6,496.0,509.35,504.2,619983,3125.75,2026-09-07
ACL,EQ,43.36,43.99,43.02,43.49,43.36,7960,3.48,2026-09-07
ACMESOLAR,EQ,422.8,423.4,409.0,413.15,418.0,1367600,5684.81,2026-09-07
ACUTAAS,EQ,3168.5,3212.7,3160.0,3181.6,3168.5,141224,4502.01,2026-09-07
ADANIENSOL,EQ,1412.7,1418.5,1387.8,1390.4,1409.6,1342576,18791.85,2026-09-07
ADANIENT,EQ,2940.0,2964.4,2918.5,2950.0,2938.0,981218,28829.78,2026-09-07
ADANIGREEN,EQ,1301.2,1309.8,1285.0,1288.0,1301.3,685684,8892.93,2026-09-07
ADANIPORTS,EQ,1714.0,1716.4,1685.9,1694.3,1707.3,1175225,19986.43,2026-09-07
ADANIPOWER,EQ,207.1,208.65,204.16,204.49,207.2,9839611,20249.61,2026-09-07
ADDIND,EQ,79.34,85.0,78.95,80.81,79.34,2067,1.71,2026-09-07
ADFFOODS,EQ,263.15,269.0,259.0,266.15,264.8,120114,315.58,2026-09-07
ADL,EQ,71.4,74.0,71.4,72.57,72.0,646,0.47,2026-09-07
ADOR,EQ,1674.4,1681.9,1624.1,1644.1,1674.4,37401,619.08,2026-09-07
ADROITINFO,EQ,10.31,10.73,10.25,10.31,10.31,24445,2.52,2026-09-07
ADSL,EQ,103.08,103.99,100.21,101.46,104.13,126207,128.2,2026-09-07
ADVAIT,EQ,2151.3,2159.4,2070.2,2096.4,2151.3,49298,1035.93,2026-09-07
ADVANCE,EQ,117.43,119.8,115.9,116.43,117.43,95430,112.17,2026-09-07
ADVANIHOTR,EQ,49.45,49.98,49.0,49.12,49.45,19626,9.67,2026-09-07
ADVENTHTL,EQ,134.5,135.65,132.0,133.19,134.57,123600,164.79,2026-09-07
ADVENZYMES,EQ,293.2,298.5,292.2,297.85,293.2,151606,449.14,2026-09-07
ADVIKCA,EQ,1.12,1.13,1.1,1.1,1.12,337126,3.74,2026-09-07
AEGISLOG,EQ,1274.6,1278.7,1238.0,1253.7,1270.2,378402,4760.48,2026-09-07
AEGISVOPAK,EQ,281.65,287.0,279.55,285.35,284.5,615354,1746.11,2026-09-07
AEPL,EQ,17.85,18.25,17.26,18.02,17.5,99702,17.87,2026-09-07
AEQUS,EQ,242.42,242.72,233.0,233.86,242.18,2461232,5802.1,2026-09-07
AEROENTER,EQ,143.23,156.0,142.55,154.73,141.81,3260028,4939.98,2026-09-07
AEROFLEX,EQ,538.05,561.7,536.2,558.15,537.45,1428851,7934.48,2026-09-07
AERONEU,EQ,80.57,80.57,77.0,77.28,80.57,36220,28.57,2026-09-07
AEROPLANE,EQ,198.39,202.3,195.0,198.03,194.29,994634,1973.62,2026-09-07
AETHER,EQ,1621.0,1635.0,1604.8,1619.5,1625.6,122482,1985.79,2026-09-07
AFCONS,EQ,291.55,296.2,290.5,293.2,292.8,425086,1246.01,2026-09-07
AFFLE,EQ,1630.0,1654.5,1605.7,1623.2,1616.5,423635,6906.8,2026-09-07
AFFORDABLE,EQ,156.1,162.0,155.71,160.03,157.47,23084,36.8,2026-09-07
AFIL,EQ,9.25,9.39,9.06,9.14,9.22,552669,50.9,2026-09-07
AFSL,EQ,202.07,207.8,201.25,202.78,202.07,3949,8.05,2026-09-07
AGARIND,EQ,450.95,452.1,437.0,440.2,450.8,45037,199.3,2026-09-07
AGARWALEYE,EQ,514.1,528.8,513.8,518.25,514.1,402398,2100.13,2026-09-07
AGI,EQ,732.5,744.2,730.0,732.65,735.25,98108,722.36,2026-09-07
AGIIL,EQ,286.4,291.0,275.55,277.15,283.7,1078054,3061.74,2026-09-07
AGL,EQ,13.6,13.71,13.46,13.58,13.65,8294166,1128.46,2026-09-07
AGRITECH,EQ,103.45,103.45,99.0,100.07,101.21,921,0.92,2026-09-07
AGROPHOS,EQ,25.77,26.4,24.0,24.82,25.77,35970,8.97,2026-09-07
AHCL,EQ,15.74,15.85,15.41,15.48,15.68,2176718,338.99,2026-09-07
AHLADA,EQ,37.29,37.29,35.74,36.8,37.29,20508,7.47,2026-09-07
AHLEAST,EQ,139.9,139.9,135.22,135.82,136.51,1897,2.58,2026-09-07
AHLUCONT,EQ,602.0,609.6,594.8,597.05,599.05,80503,482.96,2026-09-07
AIAENG,EQ,4231.2,4249.0,4180.0,4224.0,4231.2,15736,663.36,2026-09-07
AIIL,EQ,517.75,519.5,509.0,514.95,519.9,136349,700.22,2026-09-07
AIRAN,EQ,15.44,16.6,15.2,16.44,15.44,430162,69.27,2026-09-07
AIROLAM,EQ,90.0,90.0,86.04,86.22,86.46,1008,0.88,2026-09-07
AJANTPHARM,EQ,3445.0,3539.0,3438.0,3513.6,3464.8,72590,2550.31,2026-09-07
AJAXENGG,EQ,582.45,607.0,579.15,596.2,582.45,123620,737.67,2026-09-07
AJMERA,EQ,117.6,118.6,116.03,117.54,117.76,184338,216.12,2026-09-07
AJOONI,EQ,3.71,3.8,3.47,3.49,3.71,1511024,54.35,2026-09-07
AKASH,EQ,26.0,26.0,25.2,25.69,25.6,2451,0.63,2026-09-07
AKCAPIT,EQ,1769.0,1775.0,1684.9,1733.5,1736.9,1137,19.9,2026-09-07
AKG,EQ,9.26,9.63,9.26,9.38,9.59,18592,1.75,2026-09-07
AKI,EQ,7.94,7.94,7.94,7.94,7.22,701339,55.69,2026-09-07
AKSHAR,EQ,0.42,0.44,0.42,0.42,0.42,1198508,5.12,2026-09-07
AKUMS,EQ,765.75,772.9,751.5,754.65,765.75,120744,918.48,2026-09-07
ALANKIT,EQ,8.2,8.24,8.05,8.16,8.14,120164,9.84,2026-09-07
ALBERTDAVD,EQ,866.1,880.0,851.1,863.0,860.25,4087,35.35,2026-09-07
ALEMBICLTD,EQ,112.3,114.34,107.53,108.05,111.41,1721715,1909.24,2026-09-07
ALFREDHE,EQ,2960.0,3020.0,2800.0,2945.0,2898.9,126,3.68,2026-09-07
ALGOQUANT,EQ,64.5,66.0,63.5,63.89,64.5,1553966,995.27,2026-09-07
ALICON,EQ,684.2,691.5,670.5,681.75,684.2,8931,60.92,2026-09-07
ALIVUS,EQ,1377.2,1419.7,1361.0,1388.9,1366.3,128673,1792.83,2026-09-07
ALKALI,EQ,69.99,78.66,68.0,78.66,65.55,72483,55.09,2026-09-07
ALKEM,EQ,5219.0,5242.5,5104.5,5242.5,5190.0,139659,7182.47,2026-09-07
ALKYLAMINE,EQ,2012.0,2090.3,1950.0,1986.3,2020.9,126528,2570.31,2026-09-07
ALLCARGO,EQ,12.44,12.78,12.25,12.67,12.44,15107126,1905.14,2026-09-07
ALLDIGI,EQ,809.0,817.4,802.55,810.3,805.85,8789,71.11,2026-09-07
ALLTIME,EQ,206.49,216.25,206.49,214.65,206.08,264900,566.03,2026-09-07
ALMONDZ,EQ,17.97,19.8,17.9,19.2,17.89,773910,148.7,2026-09-07
ALOKINDS,EQ,7.83,7.88,7.46,7.6,7.83,27360409,2080.83,2026-09-07
ALPA,EQ,63.99,63.99,61.5,62.17,62.71,3393,2.13,2026-09-07
ALPHA,EQ,54.3,54.3,53.88,53.97,54.16,574919,310.5,2026-09-07
ALPHAETF,EQ,25.91,26.69,25.91,26.57,26.58,184284,49.03,2026-09-07
ALPINETEX,EQ,57.88,64.9,53.82,63.17,57.76,1259777,762.32,2026-09-07
ALPL30IETF,EQ,27.59,27.64,27.44,27.49,27.59,408997,112.46,2026-09-07
ALUFLUOR,EQ,500.05,505.5,496.15,499.15,499.05,6241,31.33,2026-09-07
AMAGI,EQ,567.95,578.15,551.6,575.15,563.3,399014,2244.0,2026-09-07
AMAL,EQ,741.05,764.9,741.05,758.85,743.2,4759,35.89,2026-09-07
AMARJOTHI,EQ,160.94,162.0,155.04,160.0,160.94,456,0.73,2026-09-07
AMBER,EQ,7465.0,7473.5,7390.0,7439.0,7474.0,122437,9092.71,2026-09-07
AMBICAAGAR,EQ,27.0,27.78,26.01,26.83,27.21,23205,6.3,2026-09-07
AMBIKCO,EQ,1631.1,1648.7,1624.8,1642.8,1639.1,7879,128.94,2026-09-07
AMBUJACEM,EQ,403.0,405.35,398.6,398.6,405.0,879449,3523.27,2026-09-07
AMDIND,EQ,61.88,62.89,58.02,60.3,60.32,70502,43.24,2026-09-07
AMJLAND,EQ,39.0,39.43,38.34,39.08,39.47,9260,3.59,2026-09-07
AMNPLST,EQ,172.8,173.84,166.35,168.22,172.89,4663,7.94,2026-09-07
AMRUTANJAN,EQ,505.4,505.45,495.6,500.3,505.45,63397,316.38,2026-09-07
ANANDRATHI,EQ,2217.0,2255.0,2210.8,2224.0,2215.9,270161,6034.93,2026-09-07
ANANTRAJ,EQ,622.0,644.8,615.2,638.25,625.45,5173652,32876.98,2026-09-07
ANDHRAPAP,EQ,64.1,77.34,61.99,72.2,64.45,27336653,19811.66,2026-09-07
ANDHRSUGAR,EQ,100.3,101.89,98.82,99.4,99.51,443882,444.34,2026-09-07
ANDREWYU,EQ,27.66,28.3,27.11,27.35,27.93,65412,18.09,2026-09-07
ANGELONE,EQ,300.9,307.0,298.05,303.8,299.8,7522794,22912.66,2026-09-07
ANIKINDS,EQ,45.0,46.95,43.0,44.77,45.0,15794,7.01,2026-09-07
ANMOL,EQ,10.0,11.49,10.0,10.09,10.08,167944,17.37,2026-09-07
ANNAPURNA,EQ,143.0,145.0,137.0,143.8,140.2,101805,143.67,2026-09-07
ANSALBU,EQ,84.9,84.9,76.34,79.24,80.68,1438,1.17,2026-09-07
ANTELOPUS,EQ,960.0,1024.0,930.0,985.3,957.15,2854173,28032.01,2026-09-07
ANTGRAPHIC,EQ,0.73,0.75,0.71,0.73,0.73,207125,1.51,2026-09-07
ANTHEM,EQ,940.05,958.85,931.1,933.5,934.05,667717,6316.22,2026-09-07
ANUHPHR,EQ,82.7,91.8,82.0,90.29,81.1,1069062,949.55,2026-09-07
ANUP,EQ,1784.0,1791.2,1766.0,1770.6,1785.8,11158,198.11,2026-09-07
ANURAS,EQ,1258.8,1266.3,1227.1,1233.6,1238.7,286021,3557.73,2026-09-07
AONEGOLD,EQ,14.22,14.22,14.08,14.19,14.37,404500,57.29,2026-09-07
AONELIQUID,EQ,1075.81,1075.81,1075.79,1075.79,1075.67,7111,76.5,2026-09-07
AONENIFTY,EQ,9.98,9.98,9.81,9.83,9.89,156717,15.43,2026-09-07
AONESILVER,EQ,8.89,8.9,8.73,8.79,8.89,389029,34.22,2026-09-07
AONETMMQ50,EQ,10.35,10.4,10.27,10.31,10.3,32677,3.37,2026-09-07
AONETOTAL,EQ,11.98,11.98,11.84,11.84,11.93,196397,23.31,2026-09-07
APARINDS,EQ,17501.0,17793.0,17307.0,17728.0,17421.0,73366,12852.33,2026-09-07
APCL,EQ,103.3,103.3,99.03,99.93,101.42,7097,7.1,2026-09-07
APCOTEXIND,EQ,639.9,640.0,625.0,631.6,635.5,96163,608.23,2026-09-07
APEX,EQ,374.95,377.05,364.8,368.2,375.15,115008,425.41,2026-09-07
APLAPOLLO,EQ,2250.0,2255.0,2198.8,2215.0,2250.0,709214,15730.57,2026-09-07
APLLTD,EQ,808.0,828.1,797.4,799.55,808.2,171275,1385.56,2026-09-07
APOLLO,EQ,391.0,407.4,390.3,403.95,388.9,11691954,47104.5,2026-09-07
APOLLOHOSP,EQ,8682.0,8840.5,8650.0,8760.0,8650.0,303793,26570.45,2026-09-07
APOLLOPIPE,EQ,609.65,611.3,597.0,601.0,605.1,115502,696.47,2026-09-07
APOLLOTYRE,EQ,428.0,430.0,419.0,420.8,429.55,438180,1847.96,2026-09-07
APOLSINHOT,EQ,1218.1,1220.0,1200.1,1204.9,1218.1,979,11.83,2026-09-07
APOORVA,EQ,25.25,25.25,25.25,25.25,25.25,29,0.01,2026-09-07
APTUS,EQ,258.0,258.85,252.35,256.89,258.85,1460350,3738.26,2026-09-07
AQYLON,EQ,22.79,23.58,22.65,23.54,22.46,522202,121.14,2026-09-07
ARCHIDPLY,EQ,104.2,104.9,102.18,103.62,104.89,16124,16.68,2026-09-07
ARCHIES,EQ,13.34,13.34,12.63,12.88,12.9,8213,1.06,2026-09-07
ARCL,EQ,228.8,236.25,224.05,233.87,225.0,1534,3.6,2026-09-07
ARDEE,EQ,55.66,57.7,54.66,56.09,55.66,4068340,2290.02,2026-09-07
ARE&M,EQ,864.2,864.2,836.5,842.95,864.2,694840,5867.2,2026-09-07
ARENTERP,EQ,34.65,35.0,30.05,34.76,34.65,1895,0.64,2026-09-07
ARFIN,EQ,88.7,98.86,87.72,95.27,87.24,4760846,4545.07,2026-09-07
ARIES,EQ,501.5,524.75,484.2,485.95,500.1,113668,575.46,2026-09-07
ARIHANT,EQ,979.9,985.25,935.8,961.25,953.15,1341,12.91,2026-09-07
ARIHANTCAP,EQ,80.5,80.5,78.22,78.36,79.69,162170,128.72,2026-09-07
ARIHANTSUP,EQ,229.5,238.0,229.05,233.75,229.5,26550,61.69,2026-09-07
ARIS,EQ,129.35,129.5,126.1,126.32,128.56,539906,686.34,2026-09-07
ARKADE,EQ,125.77,125.77,123.85,124.82,125.22,121170,151.24,2026-09-07
ARMANFIN,EQ,2068.0,2068.0,1998.0,2033.8,2069.3,25672,521.65,2026-09-07
AROGRANITE,EQ,24.95,25.05,23.95,24.29,24.55,25353,6.19,2026-09-07
ARSSBL,EQ,515.0,524.7,508.3,516.3,515.05,133960,692.04,2026-09-07
ARTEMISMED,EQ,337.5,344.6,332.15,343.5,332.8,782569,2651.54,2026-09-07
ARTNIRMAN,EQ,40.63,40.63,39.11,40.21,40.63,1820,0.72,2026-09-07
ARVEE,EQ,162.2,169.15,162.2,163.93,165.1,697,1.16,2026-09-07
ARVIND,EQ,546.2,567.35,546.15,564.5,552.95,478679,2691.84,2026-09-07
ARVINDFASN,EQ,446.4,447.25,438.0,439.2,446.5,81565,360.56,2026-09-07
ARVSMART,EQ,643.7,652.0,640.0,646.8,642.5,27106,175.25,2026-09-07
ARYAMAN,EQ,620.2,630.0,610.2,630.0,620.2,34,0.21,2026-09-07
ASAHIINDIA,EQ,960.0,960.4,949.0,954.65,955.9,106030,1010.58,2026-09-07
ASAL,EQ,473.0,479.7,459.0,470.1,473.75,18318,86.12,2026-09-07
ASALCBR,EQ,705.85,712.0,701.4,707.8,706.35,16434,116.36,2026-09-07
ASHAPURMIN,EQ,551.0,554.5,536.6,538.15,551.0,296446,1610.4,2026-09-07
ASHIANA,EQ,360.6,361.55,346.85,349.75,359.55,71117,251.06,2026-09-07
ASHIMASYN,EQ,17.9,17.9,17.65,17.75,17.89,35393,6.28,2026-09-07
ASHOKA,EQ,115.6,117.29,114.52,115.5,115.55,581090,672.46,2026-09-07
ASHOKAMET,EQ,13.58,15.24,13.57,14.3,13.58,152039,22.08,2026-09-07
ASHOKLEY,EQ,170.0,172.13,168.4,170.0,169.0,10426646,17722.13,2026-09-07
ASIANENE,EQ,521.6,521.6,498.05,511.8,517.45,356718,1816.4,2026-09-07
ASIANHOTNR,EQ,388.0,388.9,379.85,382.65,384.75,22793,87.17,2026-09-07
ASIANPAINT,EQ,2511.1,2523.5,2489.7,2500.9,2527.3,240336,6014.39,2026-09-07
ASIANTILES,EQ,50.4,51.22,49.32,49.85,50.26,2616485,1312.83,2026-09-07
ASIANTNE,EQ,10.0,10.0,9.2,9.5,9.74,12163,1.15,2026-09-07
ASKAUTOLTD,EQ,619.95,621.95,604.05,611.5,618.85,121536,742.53,2026-09-07
ASPINWALL,EQ,260.5,264.0,254.2,260.65,259.25,2192,5.69,2026-09-07
ASSAMENT,EQ,833.8,833.8,790.0,790.0,830.0,6,0.05,2026-09-07
ASTAR,EQ,590.0,597.9,586.0,597.9,585.0,11,0.06,2026-09-07
ASTEC,EQ,555.0,559.3,540.0,552.35,554.45,41084,224.84,2026-09-07
ASTERDM,EQ,786.0,798.8,781.75,795.65,785.75,881643,6973.25,2026-09-07
ASTRAL,EQ,1482.7,1501.5,1482.2,1498.2,1492.9,742651,11095.88,2026-09-07
ASTRAMICRO,EQ,1740.0,1771.6,1705.0,1711.6,1729.0,471255,8175.41,2026-09-07
ASTRAZEN,EQ,6945.0,6994.0,6830.0,6851.0,6944.0,5460,377.28,2026-09-07
ATALREAL,EQ,26.6,26.9,26.49,26.5,26.22,28399351,7535.16,2026-09-07
ATAM,EQ,53.0,55.67,53.0,54.27,52.99,17563,9.5,2026-09-07
ATGL,EQ,613.05,617.0,601.9,603.7,612.35,415933,2530.29,2026-09-07
ATHERENERG,EQ,1575.0,1618.0,1561.1,1599.3,1584.0,3789386,60462.05,2026-09-07
ATL,EQ,25.8,25.8,24.84,25.03,25.31,187311,47.25,2026-09-07
ATLANTAA,EQ,39.42,39.96,37.12,37.66,39.15,73904,28.15,2026-09-07
ATLANTAELE,EQ,1898.1,1958.0,1890.3,1938.1,1881.7,141076,2726.07,2026-09-07
ATLASCYCLE,EQ,96.18,96.31,93.55,94.49,96.18,2973,2.81,2026-09-07
ATUL,EQ,6351.5,6400.0,6302.5,6312.5,6386.0,21154,1341.0,2026-09-07
ATULAUTO,EQ,462.0,465.45,458.1,459.1,465.15,58661,270.68,2026-09-07
AUBANK,EQ,1065.0,1066.8,1046.9,1053.0,1065.0,939647,9928.08,2026-09-07
AUGMONT,EQ,908.8,931.4,878.1,891.6,901.5,1669696,15043.68,2026-09-07
AURIONPRO,EQ,682.4,694.0,665.15,668.7,689.7,203606,1372.97,2026-09-07
AUROPHARMA,EQ,1646.0,1668.0,1646.0,1660.0,1653.1,536717,8894.31,2026-09-07
AURUM,EQ,224.0,228.0,223.0,225.14,225.16,45681,102.55,2026-09-07
AURUS,EQ,4.99,4.99,4.65,4.94,4.84,64024,3.14,2026-09-07
AUSOMENT,EQ,162.8,163.45,155.15,156.21,161.79,7654,12.16,2026-09-07
AUSTENG,EQ,125.95,131.0,125.0,125.0,124.7,5309,6.76,2026-09-07
AUTOAXLES,EQ,1690.0,1707.7,1651.1,1666.6,1688.7,7960,133.04,2026-09-07
AUTOBEES,EQ,287.47,289.39,281.0,286.85,287.47,190612,546.29,2026-09-07
AUTOIETF,EQ,29.11,29.11,28.51,28.81,28.81,633914,182.55,2026-09-07
AUTOIND,EQ,86.89,86.89,83.0,84.73,86.45,302191,255.67,2026-09-07
AVADHSUGAR,EQ,811.0,858.0,811.0,839.7,809.5,187551,1571.85,2026-09-07
AVALON,EQ,2262.0,2424.0,2250.1,2352.5,2196.6,1652753,38832.55,2026-09-07
AVANCE,EQ,0.82,0.85,0.82,0.83,0.82,3867349,32.44,2026-09-07
AVANTEL,EQ,154.98,157.7,153.65,156.74,154.96,676368,1058.05,2026-09-07
AVANTIFEED,EQ,798.6,804.25,782.25,786.55,798.6,183898,1458.61,2026-09-07
AVL,EQ,600.0,604.85,593.15,599.25,600.05,168049,1006.58,2026-09-07
AVONMORE,EQ,13.07,14.22,13.07,14.1,13.02,647927,89.37,2026-09-07
AVROIND,EQ,8.84,8.85,8.3,8.5,8.72,339333,28.86,2026-09-07
AVTNPL,EQ,91.5,91.89,89.61,90.1,91.02,126113,114.22,2026-09-07
AWFIS,EQ,262.0,264.0,254.15,255.2,260.8,304253,781.59,2026-09-07
AWHCL,EQ,368.9,376.0,367.8,370.5,370.8,66405,245.92,2026-09-07
AWL,EQ,187.29,189.09,185.21,188.27,187.29,1402294,2626.41,2026-09-07
AXISBANK,EQ,1271.0,1271.9,1261.6,1266.0,1273.0,1592707,20162.51,2026-09-07
AXISCADES,EQ,1711.6,1785.0,1711.6,1778.0,1711.6,192175,3384.67,2026-09-07
AXITA,EQ,8.05,8.09,8.0,8.0,8.01,574580,46.04,2026-09-07
AXTEL,EQ,390.15,397.95,390.15,391.65,394.5,1357,5.33,2026-09-07
AYE,EQ,185.0,192.0,182.96,184.06,184.81,1370435,2577.91,2026-09-07
AYMSYNTEX,EQ,314.7,321.9,310.05,315.2,310.7,78696,247.9,2026-09-07
AZAD,EQ,2777.3,2898.0,2773.3,2868.0,2777.3,493178,14077.26,2026-09-07
AZADIND,EQ,91.98,91.98,89.0,89.88,89.59,66631,59.84,2026-09-07
BAGFILMS,EQ,4.62,5.06,4.51,4.81,4.51,596328,28.88,2026-09-07
BAIDFIN,EQ,10.02,11.42,10.02,10.89,10.12,194252,20.72,2026-09-07
BAJAJ-AUTO,EQ,11810.0,11860.0,11727.0,11800.0,11919.0,106111,12502.95,2026-09-07
BAJAJCON,EQ,515.1,528.5,506.55,526.0,517.55,1131292,5905.46,2026-09-07
BAJAJELEC,EQ,335.0,345.0,331.15,342.1,331.15,243527,829.3,2026-09-07
BAJAJFINSV,EQ,1968.0,1973.0,1938.6,1938.6,1970.0,502611,9828.88,2026-09-07
BAJAJHCARE,EQ,323.95,333.0,320.1,328.8,321.45,184124,603.54,2026-09-07
BAJAJHFL,EQ,82.91,84.98,82.5,84.04,83.08,3878435,3248.05,2026-09-07
BAJAJHIND,EQ,22.15,23.14,22.15,22.77,21.86,47854998,10868.43,2026-09-07
BAJAJHLDNG,EQ,11200.0,11200.0,10956.0,10956.0,11162.0,40066,4423.13,2026-09-07
BAJAJINDEF,EQ,225.0,227.38,221.71,222.26,222.69,10012,22.39,2026-09-07
BAJAJST,EQ,360.0,368.5,360.0,366.4,362.95,16911,61.82,2026-09-07
BAJEL,EQ,182.5,187.92,182.41,187.45,183.82,535172,989.75,2026-09-07
BAJFINANCE,EQ,1064.0,1070.0,1054.3,1060.0,1060.5,3586860,37990.51,2026-09-07
BALAJEE,EQ,26.66,26.66,25.65,25.73,26.16,12936,3.35,2026-09-07
BALAJITELE,EQ,96.0,96.01,90.1,91.81,93.17,181918,168.55,2026-09-07
BALAMINES,EQ,2575.0,2629.8,2478.8,2566.8,2525.2,490283,12584.28,2026-09-07
BALAXI,EQ,26.0,26.0,23.5,24.24,25.37,69369,17.08,2026-09-07
BALKRISHNA,EQ,17.5,17.5,16.81,16.9,17.08,28940,5.01,2026-09-07
BALKRISIND,EQ,2273.0,2295.0,2242.6,2287.1,2284.6,364047,8278.24,2026-09-07
BALMLAWRIE,EQ,178.55,179.1,176.92,177.98,177.98,165626,294.79,2026-09-07
BALPHARMA,EQ,87.73,95.0,86.0,92.69,87.73,156982,144.2,2026-09-07
BALRAMCHIN,EQ,695.0,722.0,695.0,711.55,690.6,5509645,39163.05,2026-09-07
BALUFORGE,EQ,576.0,581.35,540.9,557.6,574.1,2264071,12607.79,2026-09-07
BANARBEADS,EQ,115.0,115.0,109.59,111.13,113.9,2938,3.27,2026-09-07
BANARISUG,EQ,3825.2,3924.3,3785.1,3832.3,3803.3,2346,90.08,2026-09-07
BANCOINDIA,EQ,623.1,631.0,620.1,626.95,623.5,82486,516.65,2026-09-07
BANDHANBNK,EQ,164.95,166.42,161.67,164.7,164.95,5204215,8539.45,2026-09-07
BANG,EQ,35.4,35.4,34.0,34.61,34.79,18690,6.44,2026-09-07
BANK10ADD,EQ,16.93,17.14,16.8,16.91,16.93,1853887,312.2,2026-09-07
BANK10BETF,EQ,21.0,21.0,20.61,20.76,20.9,1418,0.29,2026-09-07
BANKA,EQ,80.99,82.01,78.3,82.0,79.0,9023,7.32,2026-09-07
BANKADD,EQ,58.67,58.82,58.41,58.71,58.99,82169,48.05,2026-09-07
BANKBARODA,EQ,240.0,240.9,235.2,237.0,239.0,6824391,16166.71,2026-09-07
BANKBEES,EQ,598.0,598.0,590.4,591.58,596.2,929935,5503.9,2026-09-07
BANKBETA,EQ,59.48,59.52,58.94,59.04,59.57,233415,137.94,2026-09-07
BANKBETF,EQ,58.79,58.79,58.0,58.19,58.56,41761,24.25,2026-09-07
BANKETF,EQ,585.18,585.18,581.09,581.69,586.33,37630,218.99,2026-09-07
BANKIETF,EQ,57.66,60.08,57.66,58.68,59.14,543968,319.28,2026-09-07
BANKINDIA,EQ,145.0,145.5,141.44,142.02,145.0,3604727,5131.97,2026-09-07
BANKNIFTY1,EQ,61.2,61.2,59.25,59.32,59.71,246660,146.4,2026-09-07
BANKPSU,EQ,86.14,86.14,84.75,84.91,86.14,60427,51.29,2026-09-07
BANSALWIRE,EQ,315.0,321.65,315.0,317.4,315.0,51358,163.22,2026-09-07
BANSWRAS,EQ,117.05,117.05,114.52,115.32,117.05,29695,34.26,2026-09-07
BASF,EQ,3875.0,3879.8,3780.0,3788.0,3864.9,20383,779.22,2026-09-07
BATAINDIA,EQ,672.75,675.0,667.5,669.45,672.75,68230,457.73,2026-09-07
BATLIBOI,EQ,92.28,92.28,88.0,88.83,90.81,71900,63.85,2026-09-07
BAYERCROP,EQ,4009.8,4010.8,3966.0,3987.4,3989.9,7323,291.39,2026-09-07
BBETF0432,EQ,1352.99,1352.99,1341.7,1346.06,1342.3,7586,102.16,2026-09-07
BBL,EQ,2265.6,2300.0,2233.1,2239.1,2289.3,26757,604.69,2026-09-07
BBNPNBETF,EQ,58.0,59.25,57.4,57.78,58.3,2199,1.26,2026-09-07
BBNPPGOLD,EQ,148.5,148.55,145.0,146.6,148.7,7224,10.6,2026-09-07
BBOX,EQ,721.85,780.5,711.0,774.25,712.25,1254584,9578.06,2026-09-07
BBTC,EQ,1517.6,1524.5,1468.1,1471.9,1496.8,58433,868.41,2026-09-07
BBTCL,EQ,232.52,235.25,230.3,231.6,230.22,3577,8.32,2026-09-07
BCG,EQ,9.05,9.79,9.05,9.62,8.98,18043444,1723.36,2026-09-07
BCLIND,EQ,36.78,36.99,36.22,36.48,36.62,419893,153.56,2026-09-07
BCONCEPTS,EQ,170.8,176.0,167.37,173.98,167.33,8363,14.35,2026-09-07
BCPL,EQ,69.5,69.95,67.55,68.39,68.45,8075,5.55,2026-09-07
BDL,EQ,1258.0,1267.0,1240.0,1241.7,1255.0,807688,10110.44,2026-09-07
BEARDSELL,EQ,26.25,26.25,24.8,24.99,25.31,12167,3.06,2026-09-07
BECTORFOOD,EQ,225.1,234.99,223.38,230.65,225.96,1048506,2419.21,2026-09-07
BEDMUTHA,EQ,115.79,115.79,107.4,107.76,112.37,1518,1.66,2026-09-07
BEEKAY,EQ,405.1,430.0,405.1,428.3,417.4,2437,10.41,2026-09-07
BEL,EQ,406.35,409.25,404.0,404.0,405.35,5965784,24242.23,2026-09-07
BELLACASA,EQ,240.01,248.8,240.01,240.87,242.85,7879,19.17,2026-09-07
BELRISE,EQ,235.0,238.4,229.25,230.29,236.86,3431813,8003.71,2026-09-07
BEML,EQ,2067.0,2125.0,2060.7,2097.2,2057.8,487014,10176.98,2026-09-07
BENARAS,EQ,10248.0,10399.0,10052.0,10134.0,10200.0,39,4.04,2026-09-07
BENGALASM,EQ,6277.0,6490.0,6226.0,6302.0,6332.5,438,27.79,2026-09-07
BEPL,EQ,126.91,128.57,125.01,126.84,127.5,1042410,1323.22,2026-09-07
BERGEPAINT,EQ,485.4,488.95,480.55,484.5,485.3,305409,1480.7,2026-09-07
BESTAGRO,EQ,19.46,20.22,19.32,20.07,19.29,1602936,318.46,2026-09-07
BETA,EQ,2204.0,2204.0,2087.9,2123.9,2218.5,42831,911.41,2026-09-07
BFINVEST,EQ,472.0,472.0,455.55,458.95,469.35,14548,67.22,2026-09-07
BFSI,EQ,27.17,27.17,26.95,26.97,27.17,109906,29.69,2026-09-07
BFUTILITIE,EQ,542.4,542.45,525.3,529.4,542.45,68085,362.69,2026-09-07
BHAGCHEM,EQ,264.6,267.2,259.4,260.75,264.6,62090,162.93,2026-09-07
BHAGYANGR,EQ,370.8,378.0,363.55,373.4,370.45,88451,328.04,2026-09-07
BHANDARI,EQ,3.08,3.08,2.95,2.98,3.03,145915,4.39,2026-09-07
BHARATCOAL,EQ,33.73,34.4,33.65,33.75,33.81,4266149,1447.6,2026-09-07
BHARATFORG,EQ,1953.0,1955.9,1927.3,1955.0,1956.0,1414192,27489.79,2026-09-07
BHARATRAS,EQ,1173.9,1186.9,1148.1,1161.0,1171.8,19157,222.89,2026-09-07
BHARATSE,EQ,211.99,232.0,209.0,227.65,211.69,737108,1662.18,2026-09-07
BHARATWIRE,EQ,180.42,182.16,178.01,180.0,181.32,99252,179.02,2026-09-07
BHARTIARTL,EQ,1845.0,1855.5,1830.4,1854.0,1840.0,5972458,110017.13,2026-09-07
BHARTIHEXA,EQ,1502.8,1534.6,1498.0,1528.7,1495.4,83814,1271.74,2026-09-07
BHEL,EQ,432.9,434.95,418.55,421.45,431.1,4092933,17353.1,2026-09-07
BIGBLOC,EQ,42.35,42.5,41.31,41.43,41.92,26885,11.19,2026-09-07
BIKAJI,EQ,585.1,587.0,577.1,580.25,584.2,73330,424.95,2026-09-07
BIL,EQ,930.0,955.0,907.05,931.15,907.85,20199,188.07,2026-09-07
BIMETAL,EQ,635.0,635.0,575.8,620.1,635.0,567,3.44,2026-09-07
BIOCON,EQ,396.5,397.35,388.65,391.4,397.4,2488189,9756.94,2026-09-07
BIOFILCHEM,EQ,31.36,32.7,31.36,32.04,32.0,6959,2.22,2026-09-07
BIRLACABLE,EQ,395.0,395.0,357.75,357.75,376.55,780466,2848.06,2026-09-07
BIRLACORPN,EQ,892.0,892.0,859.8,868.15,887.35,86094,748.73,2026-09-07
BIRLAMONEY,EQ,127.85,127.85,125.01,125.96,126.37,24407,30.72,2026-09-07
BIRLANU,EQ,1459.8,1470.0,1433.2,1448.9,1448.0,9598,139.41,2026-09-07
BIRLAPREC,EQ,59.65,61.4,57.76,58.12,57.92,892405,532.18,2026-09-07
BLACKBUCK,EQ,587.95,593.6,582.05,583.6,586.1,145511,855.94,2026-09-07
BLAL,EQ,161.02,163.45,158.61,158.98,160.88,25030,39.95,2026-09-07
BLBLIMITED,EQ,16.9,17.05,16.35,16.87,16.68,83422,13.97,2026-09-07
BLEL,EQ,456.3,483.0,456.0,478.3,453.15,2567920,12055.19,2026-09-07
BLIL,EQ,72.67,73.4,72.55,72.79,72.53,106611,77.82,2026-09-07
BLKASHYAP,EQ,59.69,59.74,55.9,56.85,59.34,615051,350.5,2026-09-07
BLS,EQ,239.0,244.07,238.2,239.17,238.79,877913,2109.59,2026-09-07
BLSE,EQ,318.9,330.75,317.3,319.45,320.05,384135,1238.15,2026-09-07
BLUECLOUDS,EQ,19.92,20.16,19.62,19.69,19.88,826444,163.54,2026-09-07
BLUECOAST,EQ,23.49,23.99,22.32,22.44,23.49,760,0.17,2026-09-07
BLUEDART,EQ,4991.7,4996.6,4953.0,4988.8,4991.7,4441,221.2,2026-09-07
BLUEJET,EQ,570.8,572.9,561.0,569.05,569.8,454178,2567.37,2026-09-07
BLUESTARCO,EQ,1477.3,1503.3,1476.4,1496.0,1484.0,503988,7531.39,2026-09-07
BLUESTONE,EQ,845.0,883.3,843.05,870.0,842.75,1213108,10560.52,2026-09-07
BLUSPRING,EQ,138.86,138.96,135.05,137.19,138.96,216374,296.61,2026-09-07
BMWVENTLTD,EQ,54.7,55.7,54.7,55.21,55.36,61090,33.76,2026-09-07
BNAGROCHEM,EQ,224.0,224.0,208.0,213.46,216.73,3763,7.95,2026-09-07
BNKETFAXIS,EQ,591.03,591.59,587.81,588.11,592.5,501141,2947.99,2026-09-07
BODALCHEM,EQ,168.0,171.18,162.8,171.18,155.62,4910182,8315.24,2026-09-07
BOHRAIND,EQ,12.7,12.9,12.5,12.51,12.7,17811,2.25,2026-09-07
BOMDYEING,EQ,113.05,113.66,112.0,112.21,113.47,233902,263.01,2026-09-07
BONLON,EQ,43.0,43.0,40.05,40.08,40.13,5106,2.06,2026-09-07
BORANA,EQ,304.65,339.0,304.65,325.25,307.6,103211,335.5,2026-09-07
BOROLTD,EQ,259.02,262.0,252.5,254.24,258.96,123730,316.81,2026-09-07
BORORENEW,EQ,501.9,517.95,500.95,513.65,499.15,675793,3460.7,2026-09-07
BOROSCI,EQ,130.59,133.32,129.21,130.65,132.16,30777,40.37,2026-09-07
BOSCH-HCIL,EQ,1825.0,1891.3,1802.3,1849.1,1818.8,64899,1202.68,2026-09-07
BOSCHLTD,EQ,46750.0,48550.0,46535.0,48025.0,46820.0,54963,26324.04,2026-09-07
BPCL,EQ,314.9,316.7,311.2,312.9,315.7,2363459,7391.95,2026-09-07
BPL,EQ,49.38,49.87,48.1,48.77,49.38,35621,17.36,2026-09-07
BPLPHARMA,EQ,1539.0,1575.0,1500.0,1548.7,1533.3,1034,16.11,2026-09-07
BRAHMINFRA,EQ,162.98,163.82,156.0,158.66,163.82,14611,23.41,2026-09-07
BRIGADE,EQ,700.0,704.85,672.9,679.05,696.1,867916,5942.1,2026-09-07
BRIGHOTEL,EQ,59.9,59.9,57.11,57.34,59.19,333568,193.05,2026-09-07
BRIGHTBR,EQ,255.0,263.95,247.5,259.1,254.8,3231,8.38,2026-09-07
BRITANNIA,EQ,5126.0,5126.0,5005.5,5042.5,5101.5,307760,15519.73,2026-09-07
BRNL,EQ,17.04,17.28,17.03,17.09,17.12,11606,1.98,2026-09-07
BROOKS,EQ,66.7,70.8,66.6,67.7,66.07,25779,17.48,2026-09-07
BSE,EQ,3430.0,3474.5,3420.0,3446.2,3409.8,3952983,136196.81,2026-09-07
BSE500IETF,EQ,40.12,40.12,39.07,39.26,39.33,213523,83.8,2026-09-07
BSHSL,EQ,91.48,93.9,90.0,92.51,91.48,16733,15.5,2026-09-07
BSL,EQ,123.85,124.75,120.3,122.63,123.58,12827,15.66,2026-09-07
BSLGOLDETF,EQ,134.3,134.3,132.81,133.82,135.36,187146,249.98,2026-09-07
BSLNIFTY,EQ,28.84,28.84,27.8,27.93,28.14,4403601,1229.25,2026-09-07
BSLSENETFG,EQ,76.73,79.0,76.43,78.72,77.52,2432,1.87,2026-09-07
BSOFT,EQ,289.35,289.4,281.15,282.45,289.35,1074663,3045.09,2026-09-07
BTML,EQ,8.59,8.59,8.34,8.49,8.51,612293,51.99,2026-09-07
BUILDPRO,EQ,1300.0,1320.0,1255.0,1271.4,1298.2,119206,1535.6,2026-09-07
BURNPUR,EQ,22.63,22.63,20.49,20.49,21.56,378050,80.0,2026-09-07
BUTTERFLY,EQ,624.8,624.85,613.0,614.9,624.85,8621,53.38,2026-09-07
BVCL,EQ,43.2,43.2,41.62,42.3,43.48,38507,16.28,2026-09-07
CAMLINFINE,EQ,103.9,103.9,101.1,101.68,103.13,283654,290.71,2026-09-07
CAMPUS,EQ,222.91,222.91,217.2,218.77,223.24,487844,1068.95,2026-09-07
CAMS,EQ,748.0,748.8,736.5,736.5,748.8,452436,3358.92,2026-09-07
CANBK,EQ,125.8,126.35,124.0,124.0,125.5,9628580,11991.72,2026-09-07
CANFINHOME,EQ,805.8,814.4,795.0,805.45,807.4,378816,3050.12,2026-09-07
CANHLIFE,EQ,158.5,158.5,152.95,153.97,157.23,1602353,2477.45,2026-09-07
CANTABIL,EQ,242.8,243.6,238.01,238.83,243.05,78096,187.0,2026-09-07
CAPACITE,EQ,216.5,217.1,204.8,205.8,216.22,627204,1306.08,2026-09-07
CAPILLARY,EQ,490.05,490.05,472.0,473.8,490.05,97805,467.41,2026-09-07
CAPITALSFB,EQ,285.0,286.5,273.85,277.9,280.95,38251,107.11,2026-09-07
CAPLIPOINT,EQ,2797.1,2836.0,2778.0,2814.0,2810.8,111399,3128.54,2026-09-07
CARBORUNIV,EQ,1139.4,1151.0,1095.0,1104.0,1130.6,237087,2668.53,2026-09-07
CARERATING,EQ,1738.1,1809.0,1715.7,1729.3,1738.2,92927,1640.75,2026-09-07
CARRARO,EQ,532.0,544.9,526.0,540.45,533.65,167274,891.67,2026-09-07
CARTRADE,EQ,3004.0,3250.0,3004.0,3179.9,3000.2,1233314,39092.19,2026-09-07
CARYSIL,EQ,1136.1,1165.0,1105.1,1152.6,1140.8,198641,2241.96,2026-09-07
CASHIETF,EQ,1078.38,1078.49,1077.33,1078.48,1078.38,3401939,36688.93,2026-09-07
CASTROLIND,EQ,191.8,191.8,188.17,189.01,190.27,1639217,3106.71,2026-09-07
CCAVENUE,EQ,15.76,16.27,15.42,15.94,15.7,16874449,2681.2,2026-09-07
CCCL,EQ,14.6,14.62,13.91,14.14,14.27,124145,17.6,2026-09-07
CCHHL,EQ,12.7,12.98,12.61,12.65,12.61,21353,2.74,2026-09-07
CCL,EQ,1103.8,1109.9,1085.0,1097.4,1106.2,151259,1656.5,2026-09-07
CDSL,EQ,1392.1,1438.0,1383.8,1414.9,1394.6,2731594,38830.82,2026-09-07
CEATLTD,EQ,3368.0,3368.0,3287.0,3336.1,3333.2,55616,1847.7,2026-09-07
CEIGALL,EQ,356.6,373.2,355.15,370.3,355.8,814931,2977.97,2026-09-07
CEINSYS,EQ,680.9,724.0,680.9,708.75,677.85,149385,1061.99,2026-09-07
CELEBRITY,EQ,6.8,6.8,6.66,6.72,6.8,10083,0.68,2026-09-07
CELLO,EQ,343.05,344.95,337.35,338.95,342.0,158668,540.19,2026-09-07
CEMNTGROWW,EQ,14.8,14.81,14.46,14.54,14.66,115933,16.85,2026-09-07
CEMPRO,EQ,1297.4,1355.0,1284.6,1316.9,1297.4,401585,5334.0,2026-09-07
CENTENKA,EQ,618.3,624.95,602.0,607.05,608.9,131351,808.99,2026-09-07
CENTEXT,EQ,20.36,21.0,20.31,20.92,20.19,166389,34.52,2026-09-07
CENTRALBK,EQ,31.03,31.15,30.8,30.96,31.08,3821575,1182.39,2026-09-07
CENTRUM,EQ,22.58,23.09,22.23,22.47,22.55,215222,48.57,2026-09-07
CENTUM,EQ,3778.2,4420.0,3778.2,4376.9,3767.3,827315,34996.68,2026-09-07
CENTURYPLY,EQ,750.25,760.0,736.1,739.3,748.45,37954,281.37,2026-09-07
CERA,EQ,5787.5,5799.0,5712.0,5743.5,5787.5,2630,151.07,2026-09-07
CESC,EQ,146.5,150.0,145.0,145.44,146.5,1756003,2578.38,2026-09-07
CEWATER,EQ,263.85,269.0,260.0,265.25,262.55,38769,102.65,2026-09-07
CFEL,EQ,31.85,32.75,31.85,32.48,32.48,13840,4.51,2026-09-07
CGCL,EQ,282.7,287.45,273.1,275.7,279.9,6271786,17551.91,2026-09-07
CGPOWER,EQ,902.0,912.05,894.25,895.0,891.0,3937949,35563.02,2026-09-07
CGVAK,EQ,148.2,152.0,144.0,147.27,148.21,1517,2.24,2026-09-07
CHALET,EQ,900.0,913.45,893.1,908.75,896.75,144926,1314.32,2026-09-07
CHAMBLFERT,EQ,420.0,421.95,416.45,418.05,419.05,364232,1522.93,2026-09-07
CHEMBOND,EQ,174.7,192.0,168.51,184.4,170.9,33357,59.77,2026-09-07
CHEMCRUX,EQ,79.66,83.3,79.66,82.25,82.16,3553,2.91,2026-09-07
CHEMFAB,EQ,360.1,365.9,350.0,356.05,360.1,2768,9.89,2026-09-07
CHEMICAL,EQ,29.9,30.5,29.9,30.05,30.2,985997,296.96,2026-09-07
CHEMPLASTS,EQ,170.0,196.95,169.82,185.53,170.29,17821135,33497.94,2026-09-07
CHENNPETRO,EQ,1455.0,1461.4,1417.0,1430.2,1452.2,567726,8122.8,2026-09-07
CHEVIOT,EQ,1189.9,1244.1,1177.0,1217.1,1159.4,14214,172.82,2026-09-07
CHOICEGOLD,EQ,150.0,152.0,149.51,150.14,152.65,4860,7.31,2026-09-07
CHOICEIN,EQ,762.0,768.95,751.85,755.65,760.95,290500,2204.48,2026-09-07
CHOLAFIN,EQ,1838.6,1848.2,1798.3,1848.2,1839.0,876074,16003.27,2026-09-07
CHOLAHLDNG,EQ,1523.0,1533.1,1495.3,1520.7,1525.7,60819,922.99,2026-09-07
CIEINDIA,EQ,390.0,390.0,382.3,383.55,385.35,224191,862.86,2026-09-07
CIFL,EQ,20.49,20.75,19.56,19.89,19.98,1286514,257.7,2026-09-07
CINELINE,EQ,98.4,104.4,95.23,98.71,95.23,332503,334.79,2026-09-07
CINEVISTA,EQ,14.52,14.99,14.17,14.25,14.24,8091,1.16,2026-09-07
CIPLA,EQ,1380.0,1395.7,1376.8,1395.0,1385.0,606497,8418.07,2026-09-07
CLEAN,EQ,831.95,858.7,829.6,844.4,836.15,386433,3265.31,2026-09-07
CLEANMAX,EQ,1344.0,1418.9,1340.3,1380.4,1347.9,347544,4823.88,2026-09-07
CLEDUCATE,EQ,58.05,60.98,56.7,60.97,58.08,25262,14.84,2026-09-07
CLSEL,EQ,301.9,306.3,298.6,299.65,301.9,69317,208.48,2026-09-07
CMLL,EQ,504.05,506.9,483.6,490.25,503.05,495341,2427.91,2026-09-07
CMPDI,EQ,244.0,247.0,236.6,240.12,243.92,2756152,6682.27,2026-09-07
CMRGREEN,EQ,229.0,230.38,220.0,221.03,228.34,755435,1702.61,2026-09-07
CMSINFO,EQ,243.46,244.98,238.11,239.02,243.46,454986,1091.21,2026-09-07
CNL,EQ,1221.5,1244.9,1200.0,1209.5,1215.5,20230,246.46,2026-09-07
COALINDIA,EQ,416.6,420.3,413.3,418.85,415.35,13592701,56749.58,2026-09-07
COASTCORP,EQ,41.88,41.88,40.11,40.44,41.88,47462,19.36,2026-09-07
COCHINSHIP,EQ,1498.2,1520.4,1490.1,1506.4,1499.1,615515,9304.4,2026-09-07
COCKERILL,EQ,8193.0,8244.5,7908.0,8065.5,8193.5,7820,634.63,2026-09-07
COFFEEDAY,EQ,33.1,34.26,31.0,31.13,32.86,2063142,670.33,2026-09-07
COFORGE,EQ,1958.0,1958.6,1920.4,1935.0,1972.8,1187703,22991.9,2026-09-07
COHANCE,EQ,450.0,458.2,443.5,449.55,456.6,845966,3797.72,2026-09-07
COLPAL,EQ,1836.0,1838.9,1807.3,1813.5,1829.2,289793,5262.36,2026-09-07
COMFINTE,EQ,6.22,6.3,6.0,6.11,6.21,138631,8.51,2026-09-07
COMMOIETF,EQ,100.6,100.83,98.98,99.07,100.33,39614,39.32,2026-09-07
COMPEAU,EQ,371.5,371.5,350.0,353.0,371.8,250,0.92,2026-09-07
COMPUSOFT,EQ,13.04,13.26,13.02,13.16,13.02,32153,4.22,2026-09-07
COMSYN,EQ,303.0,304.0,291.8,294.2,301.3,242835,716.15,2026-09-07
CONCOR,EQ,507.9,510.3,501.3,503.9,508.0,705152,3563.48,2026-09-07
CONCORDBIO,EQ,1417.1,1456.1,1417.0,1443.2,1417.1,62119,894.17,2026-09-07
CONFIPET,EQ,82.48,85.2,82.0,82.18,82.48,2942312,2427.99,2026-09-07
CONS,EQ,12.2,12.2,11.89,11.93,11.98,27163,3.24,2026-09-07
CONSUMAXIS,EQ,119.57,121.72,118.76,119.07,119.02,741,0.89,2026-09-07
CONSUMBEES,EQ,131.08,131.08,128.9,129.07,129.78,67100,86.62,2026-09-07
CONSUMER,EQ,12.33,12.33,11.94,11.95,12.03,820562,98.14,2026-09-07
CONSUMIETF,EQ,120.28,120.56,119.35,120.02,120.67,10197,12.24,2026-09-07
CONTROLPR,EQ,596.3,608.0,589.55,600.2,593.35,13181,78.87,2026-09-07
CORALFINAC,EQ,32.81,33.49,32.51,32.68,33.47,3658,1.21,2026-09-07
CORDELIA,EQ,103.9,109.09,102.01,109.08,103.9,3042994,3278.04,2026-09-07
CORDSCABLE,EQ,324.0,324.0,302.0,313.35,317.0,194076,607.94,2026-09-07
COROMANDEL,EQ,1937.1,1980.0,1925.1,1974.6,1938.8,86472,1696.53,2026-09-07
CORONA,EQ,2100.0,2108.6,2056.7,2071.4,2100.1,8419,175.16,2026-09-07
COSMOFIRST,EQ,919.85,932.9,918.4,926.3,919.85,55031,509.28,2026-09-07
CPCAP,EQ,129.1,140.7,128.11,135.89,128.33,111085,151.46,2026-09-07
CPEDU,EQ,194.0,198.0,190.0,195.31,191.97,12394,24.23,2026-09-07
CPL,EQ,62.6,63.49,62.1,62.28,62.11,117100,73.59,2026-09-07
CPPLUS,EQ,3705.0,3803.1,3705.0,3752.9,3704.6,170197,6409.72,2026-09-07
CPSEETF,EQ,93.2,94.47,93.2,93.47,93.7,480522,450.27,2026-09-07
CRAFTSMAN,EQ,11456.0,11456.0,11100.0,11297.0,11398.0,27397,3082.27,2026-09-07
CRAMC,EQ,253.0,253.95,248.15,249.25,251.5,153117,383.22,2026-09-07
CRAVATEX,EQ,335.0,335.0,320.2,322.05,329.5,207,0.67,2026-09-07
CREATIVEYE,EQ,6.19,6.25,6.03,6.18,6.19,5934,0.37,2026-09-07
CREDITACC,EQ,1448.0,1448.5,1420.0,1427.2,1443.1,110842,1584.96,2026-09-07
CREST,EQ,357.35,375.0,351.75,370.65,359.0,5288,19.42,2026-09-07
CRISIL,EQ,4800.0,4838.7,4769.0,4786.6,4802.0,26082,1253.07,2026-09-07
CRIZAC,EQ,160.31,164.79,160.11,162.15,160.29,199395,324.35,2026-09-07
CROMPTON,EQ,231.99,233.18,229.63,231.02,232.4,1668593,3863.41,2026-09-07
CROWN,EQ,114.7,117.8,114.0,115.39,112.84,18928,21.81,2026-09-07
CSBBANK,EQ,328.4,328.4,318.75,321.15,328.55,390084,1259.39,2026-09-07
CSLFINANCE,EQ,254.9,258.0,237.68,243.61,251.77,136742,338.01,2026-09-07
CSM,EQ,94.0,95.0,92.67,93.57,94.36,104718,97.77,2026-09-07
CUB,EQ,235.5,248.85,234.2,238.48,236.01,6586154,15984.04,2026-09-07
CUBEXTUB,EQ,77.98,77.98,76.01,76.25,76.8,36300,27.83,2026-09-07
CUMMINSIND,EQ,5035.0,5072.0,4985.0,5030.0,5035.0,201783,10146.41,2026-09-07
CUPID,EQ,283.7,285.8,280.05,280.95,283.15,5517341,15579.27,2026-09-07
CURAA,EQ,76.0,80.0,76.0,77.96,72.46,2646,2.07,2026-09-07
CYBERMEDIA,EQ,26.82,28.99,26.4,26.57,26.4,438940,120.41,2026-09-07
CYIENT,EQ,1098.1,1117.6,1074.2,1105.4,1101.8,362143,3966.58,2026-09-07
CYIENTDLM,EQ,856.0,873.9,851.95,865.35,856.95,271098,2339.16,2026-09-07
DABUR,EQ,380.9,381.8,373.8,375.5,380.9,2530210,9506.15,2026-09-07
DALBHARAT,EQ,1750.0,1752.1,1701.2,1713.9,1749.3,81213,1397.36,2026-09-07
DALMIASUG,EQ,441.0,463.0,441.0,447.8,438.55,292054,1325.23,2026-09-07
DAMCAPITAL,EQ,144.3,145.21,143.0,143.38,144.9,155993,224.46,2026-09-07
DANGEE,EQ,2.98,3.02,2.86,2.89,2.94,83815,2.44,2026-09-07
DATAMATICS,EQ,762.2,769.0,752.1,756.3,764.9,38172,290.48,2026-09-07
DATAPATTNS,EQ,4569.1,4644.0,4554.3,4590.8,4585.0,304258,14005.46,2026-09-07
DAVANGERE,EQ,2.02,2.05,1.95,1.96,1.96,20523336,408.8,2026-09-07
DBCORP,EQ,196.9,197.82,193.55,195.24,195.65,61431,120.09,2026-09-07
DBEIL,EQ,6.61,7.71,6.61,7.5,6.43,3371577,253.84,2026-09-07
DBL,EQ,398.0,403.0,390.0,391.85,401.0,124937,491.36,2026-09-07
DBOL,EQ,126.0,129.4,125.03,127.52,124.99,207124,263.79,2026-09-07
DBREALTY,EQ,103.25,103.25,100.12,100.88,102.57,833894,845.21,2026-09-07
DCAL,EQ,175.0,175.0,170.72,171.53,174.38,139366,239.58,2026-09-07
DCBBANK,EQ,220.9,222.99,218.05,221.31,220.74,877083,1931.43,2026-09-07
DCI,EQ,351.0,357.85,341.8,351.25,350.55,54966,192.08,2026-09-07
DCMFINSERV,EQ,5.2,5.35,5.04,5.33,5.2,3440,0.18,2026-09-07
DCMNVL,EQ,186.99,188.0,182.35,183.01,184.96,14824,27.36,2026-09-07
DCMSHRIRAM,EQ,1019.9,1025.4,1005.0,1011.2,1020.9,56453,570.85,2026-09-07
DCMSIL,EQ,68.57,69.79,67.0,67.42,68.76,65873,44.74,2026-09-07
DCMSRIND,EQ,45.97,47.46,44.0,44.53,44.91,523876,238.36,2026-09-07
DCW,EQ,45.86,48.99,45.67,47.99,45.98,5474375,2634.69,2026-09-07
DCXINDIA,EQ,168.64,175.7,168.5,173.67,168.83,1095598,1885.17,2026-09-07
DDEVPLSTIK,EQ,275.0,278.95,272.3,274.75,273.0,102212,281.88,2026-09-07
DECCANCE,EQ,569.9,583.45,567.1,573.15,569.75,23294,133.88,2026-09-07
DECNGOLD,EQ,213.98,217.8,212.1,215.77,213.87,636636,1368.49,2026-09-07
DEEDEV,EQ,667.0,690.0,652.5,677.05,658.25,299886,2025.64,2026-09-07
DEEP,EQ,34.6,35.7,34.6,35.57,35.0,14659,5.15,2026-09-07
DEEPAKFERT,EQ,1362.0,1368.9,1337.2,1344.2,1362.1,194988,2629.19,2026-09-07
DEEPAKNTR,EQ,1712.4,1728.3,1636.5,1642.1,1712.4,424929,7043.52,2026-09-07
DEEPINDS,EQ,790.0,799.5,765.0,785.2,786.45,736057,5772.49,2026-09-07
DEFENCE,EQ,79.94,82.78,79.94,82.04,81.99,253197,207.86,2026-09-07
DELHIVERY,EQ,456.0,458.75,450.4,453.8,457.9,583502,2648.01,2026-09-07
DELTACORP,EQ,56.25,56.8,56.0,56.2,56.12,457673,257.51,2026-09-07
DELTAMAGNT,EQ,59.45,59.45,56.7,58.38,58.4,1235,0.73,2026-09-07
DEN,EQ,27.7,28.07,27.7,27.9,27.97,188251,52.5,2026-09-07
DENORA,EQ,812.3,835.0,806.05,814.35,812.3,2607,21.35,2026-09-07
DENTA,EQ,275.4,283.25,272.65,280.65,275.35,128930,360.82,2026-09-07
DEVIT,EQ,24.12,25.0,24.05,24.27,24.21,60754,14.77,2026-09-07
DEVX,EQ,33.29,33.29,31.5,33.0,33.29,44383,14.64,2026-09-07
DEVYANI,EQ,138.93,140.57,137.11,138.8,139.28,1286011,1782.23,2026-09-07
DGCONTENT,EQ,23.55,25.5,23.55,24.55,24.83,4499,1.11,2026-09-07
DHAMPURSUG,EQ,170.79,176.89,170.5,171.28,167.59,893333,1548.93,2026-09-07
DHANBANK,EQ,31.92,31.99,30.97,31.36,31.86,691890,217.78,2026-09-07
DHANUKA,EQ,1011.0,1030.0,1004.4,1023.7,1010.65,28708,292.78,2026-09-07
DHARMAJ,EQ,269.8,271.85,268.8,270.05,270.05,21811,58.91,2026-09-07
DHATRE,EQ,4.35,5.17,4.21,4.57,4.33,122265,5.65,2026-09-07
DHOOTTRANS,EQ,1580.0,1584.0,1526.1,1551.7,1615.7,1799977,28032.27,2026-09-07
DHRUV,EQ,23.0,23.39,22.32,22.8,22.32,6742,1.55,2026-09-07
DHUNINV,EQ,1017.9,1043.0,1017.35,1036.5,1019.15,417,4.3,2026-09-07
DIAMINESQ,EQ,241.06,244.77,239.48,242.29,240.99,6892,16.69,2026-09-07
DIAMONDYD,EQ,1162.2,1168.3,1130.0,1142.2,1158.3,23661,270.41,2026-09-07
DICIND,EQ,618.6,630.0,618.05,625.35,618.6,7985,49.88,2026-09-07
DIFFNKG,EQ,475.0,479.0,444.0,454.4,474.9,545618,2487.1,2026-09-07
DIGIDRIVE,EQ,17.02,18.18,17.02,17.73,17.65,17456,3.12,2026-09-07
DIGISPICE,EQ,17.17,17.17,16.75,16.97,16.98,36898,6.26,2026-09-07
DIGITIDE,EQ,97.82,98.37,94.5,95.77,97.01,196958,189.51,2026-09-07
DIGJAMLMTD,EQ,50.96,50.96,48.35,49.94,49.96,578,0.29,2026-09-07
DISAQ,EQ,11950.0,12167.0,11621.0,11758.0,11990.0,509,60.6,2026-09-07
DISHTV,EQ,2.57,2.57,2.51,2.52,2.57,1384237,35.0,2026-09-07
DIVGIITTS,EQ,1242.0,1285.2,1155.2,1175.9,1235.8,213515,2528.0,2026-09-07
DIVIDEND,EQ,36.35,36.35,35.19,35.32,35.62,6234,2.2,2026-09-07
DIVISLAB,EQ,9119.5,9315.0,9119.5,9315.0,9100.0,502162,46492.61,2026-09-07
DIVOPPBEES,EQ,78.0,78.0,75.76,76.06,76.77,59703,45.4,2026-09-07
DIXON,EQ,14227.0,14429.0,13937.0,14180.0,14240.0,377556,53451.41,2026-09-07
DJML,EQ,75.64,76.99,73.51,75.07,75.64,102035,76.44,2026-09-07
DLF,EQ,685.0,685.0,672.7,672.7,681.9,1252534,8474.87,2026-09-07
DLINKINDIA,EQ,452.0,452.0,442.55,445.7,451.15,50148,223.65,2026-09-07
DMART,EQ,3757.0,3768.9,3682.3,3710.0,3770.0,303872,11263.12,2026-09-07
DMCC,EQ,296.0,297.0,291.8,293.3,293.35,24500,72.09,2026-09-07
DNAMEDIA,EQ,2.67,2.69,2.51,2.63,2.63,28920,0.76,2026-09-07
DODLA,EQ,1066.8,1083.9,1056.6,1073.1,1066.8,17288,185.51,2026-09-07
DOLATALGO,EQ,71.0,71.0,69.5,69.96,70.91,121207,84.84,2026-09-07
DOLLAR,EQ,262.15,265.0,261.0,262.05,264.25,78512,206.04,2026-09-07
DOLPHIN,EQ,687.0,741.4,660.0,720.4,674.0,400551,2896.49,2026-09-07
DOMS,EQ,2203.0,2225.0,2195.0,2201.5,2208.7,28632,631.32,2026-09-07
DONEAR,EQ,93.9,94.49,88.3,89.13,92.25,78902,72.31,2026-09-07
DPABHUSHAN,EQ,1419.0,1488.8,1406.2,1424.7,1414.2,43118,626.42,2026-09-07
DRAGARWQ,EQ,5475.0,5494.5,5280.0,5323.5,5422.5,2556,137.98,2026-09-07
DRCSYSTEMS,EQ,13.78,14.18,13.2,13.25,13.64,84530,11.41,2026-09-07
DREAMFOLKS,EQ,66.01,66.96,65.45,65.94,66.93,37302,24.62,2026-09-07
DREDGECORP,EQ,1080.0,1096.0,1050.1,1054.2,1087.7,147493,1581.6,2026-09-07
DRREDDY,EQ,1150.5,1163.2,1141.8,1144.2,1151.0,420952,4844.23,2026-09-07
DSSL,EQ,1086.9,1096.9,1035.0,1040.4,1053.1,51125,539.87,2026-09-07
DUCON,EQ,1.9,1.97,1.76,1.79,1.92,2533778,46.96,2026-09-07
DVL,EQ,291.8,301.0,291.0,298.2,290.05,40018,119.2,2026-09-07
DWARKESH,EQ,47.79,49.62,47.0,47.38,47.31,3965247,1906.33,2026-09-07
DYCL,EQ,487.9,494.8,452.7,461.05,487.9,1246633,5824.59,2026-09-07
DYNAMATECH,EQ,11654.0,11974.0,11483.0,11569.0,11654.0,17282,2024.91,2026-09-07
DYNPRO,EQ,239.5,239.5,228.94,233.2,236.06,13546,31.64,2026-09-07
EASEMYTRIP,EQ,6.0,6.05,5.95,6.01,6.0,7840157,470.48,2026-09-07
EASTWEST,EQ,2.33,2.4,2.31,2.36,2.36,35817,0.85,2026-09-07
EBANK10,EQ,16.81,16.81,16.63,16.65,16.84,667,0.11,2026-09-07
EBANKNIFTY,EQ,57.78,57.88,57.48,57.78,58.26,713,0.41,2026-09-07
EBBETF0430,EQ,1601.0,1614.0,1601.0,1612.3,1609.05,4405,70.99,2026-09-07
EBBETF0431,EQ,1442.98,1442.98,1433.04,1435.08,1440.43,3434,49.29,2026-09-07
EBBETF0433,EQ,1311.12,1314.98,1306.02,1310.01,1311.12,15394,201.31,2026-09-07
EBGNG,EQ,603.05,624.75,601.55,619.1,601.25,413604,2550.41,2026-09-07
ECAPINSURE,EQ,24.24,24.24,23.76,23.9,23.99,28186,6.74,2026-09-07
ECLERX,EQ,1905.7,1910.7,1858.0,1888.8,1905.7,171958,3238.94,2026-09-07
ECORECO,EQ,458.0,475.0,454.6,456.0,459.35,7709,35.59,2026-09-07
ECOSMOBLTY,EQ,116.4,116.4,111.3,111.75,113.54,72911,81.84,2026-09-07
EDELWEISS,EQ,137.0,137.0,130.51,132.72,136.08,21562787,28608.05,2026-09-07
EFCIL,EQ,192.2,194.79,190.61,191.74,193.24,571486,1107.49,2026-09-07
EGOLD,EQ,153.3,153.3,150.9,151.95,153.8,506401,769.34,2026-09-07
EICHERMOT,EQ,7658.0,7729.0,7615.0,7672.0,7630.5,466050,35854.7,2026-09-07
EIDPARRY,EQ,782.0,796.8,771.25,777.7,781.35,301706,2366.53,2026-09-07
EIEL,EQ,199.2,204.7,197.25,198.33,199.17,824767,1657.35,2026-09-07
EIHAHOTELS,EQ,296.35,300.0,294.1,296.45,297.65,9142,27.22,2026-09-07
EIHOTEL,EQ,294.0,294.85,290.5,294.0,291.9,112598,329.88,2026-09-07
EIMCOELECO,EQ,2263.2,2282.3,2236.2,2268.0,2254.4,14898,336.62,2026-09-07
EKC,EQ,105.94,106.42,102.91,104.7,106.42,182166,190.63,2026-09-07
EKI,EQ,74.25,74.42,70.0,71.37,74.13,29655,21.33,2026-09-07
ELANTAS,EQ,12295.0,13876.0,11900.0,13054.0,12219.0,17387,2287.75,2026-09-07
ELCIDIN,EQ,109995.0,109995.0,107500.0,108950.0,107590.0,8,8.69,2026-09-07
ELDEHSG,EQ,789.05,799.0,778.6,788.85,789.1,667,5.23,2026-09-07
ELECON,EQ,431.65,434.3,423.15,426.7,433.75,259797,1110.92,2026-09-07
ELECTCAST,EQ,83.8,84.99,80.13,80.51,83.71,3291661,2692.78,2026-09-07
ELECTHERM,EQ,980.9,990.9,965.0,966.4,980.9,15422,150.23,2026-09-07
ELGIEQUIP,EQ,645.95,653.4,637.3,642.4,642.1,807924,5218.37,2026-09-07
ELGIRUBCO,EQ,58.69,58.9,56.82,57.68,58.69,34515,20.0,2026-09-07
ELIN,EQ,95.05,96.9,95.01,96.14,95.4,73903,70.8,2026-09-07
ELIQUID,EQ,1046.7,1046.72,1046.7,1046.71,1046.6,35902,375.79,2026-09-07
ELITECON,EQ,8.25,8.91,8.25,8.25,8.68,4027390,333.3,2026-09-07
ELLEN,EQ,327.0,335.15,320.0,321.7,331.85,282425,920.11,2026-09-07
ELM250,EQ,16.75,16.75,16.23,16.41,16.61,110565,18.34,2026-09-07
ELMDIV,EQ,36.68,36.68,36.16,36.26,36.5,1265,0.46,2026-09-07
ELPROINTL,EQ,175.0,177.58,174.41,175.05,174.0,10857,19.07,2026-09-07
EMAMILTD,EQ,366.65,370.95,364.7,367.55,366.05,907011,3338.54,2026-09-07
EMAMIREAL,EQ,66.99,68.99,65.75,67.62,66.74,16845,11.37,2026-09-07
EMBDL,EQ,57.53,59.45,56.85,59.1,57.53,3189848,1854.74,2026-09-07
EMCURE,EQ,1934.8,1960.1,1915.1,1926.8,1927.6,118478,2287.06,2026-09-07
EMETAL,EQ,13.38,13.38,13.12,13.17,13.36,7027,0.93,2026-09-07
EMIL,EQ,173.74,182.4,171.0,178.24,173.74,1704742,3042.4,2026-09-07
EMKAY,EQ,270.75,278.9,262.0,265.15,267.25,50770,136.42,2026-09-07
EMMVEE,EQ,323.7,334.7,320.25,325.2,325.2,2033248,6655.54,2026-09-07
EMPIND,EQ,1214.9,1220.0,1188.1,1192.1,1195.6,17291,207.43,2026-09-07
EMPOWER,EQ,1.92,1.93,1.92,1.93,1.84,9399271,181.27,2026-09-07
EMSLIMITED,EQ,383.5,392.6,376.9,385.55,383.05,270932,1040.47,2026-09-07
EMUDHRA,EQ,527.85,530.45,500.1,502.45,524.8,172528,881.34,2026-09-07
EMULTIMQ,EQ,42.13,42.22,41.78,42.0,42.0,18947,7.94,2026-09-07
ENDURANCE,EQ,2782.8,2798.9,2745.1,2763.2,2782.8,53026,1466.38,2026-09-07
ENERGY,EQ,39.18,39.18,38.13,38.15,38.41,475227,181.93,2026-09-07
ENERGYAXIS,EQ,19.34,19.34,18.98,19.03,19.15,7646,1.46,2026-09-07
ENERGYDEV,EQ,15.48,15.69,15.25,15.43,15.49,20723,3.2,2026-09-07
ENEXT50,EQ,73.24,73.52,72.5,72.63,73.1,201,0.15,2026-09-07
ENGINERSIN,EQ,281.05,283.75,272.75,277.05,279.45,3272902,9095.57,2026-09-07
ENIFTY,EQ,23.58,24.79,23.58,24.01,24.19,9333,2.24,2026-09-07
ENIL,EQ,102.65,104.26,101.03,101.34,102.65,17853,18.44,2026-09-07
ENKEIWHEL,EQ,399.0,410.9,395.0,395.15,389.8,1719,6.87,2026-09-07
ENRIN,EQ,3115.8,3185.0,3111.6,3121.9,3115.7,441448,13918.98,2026-09-07
ENTERO,EQ,1857.0,1920.0,1835.0,1898.4,1827.6,322283,6081.72,2026-09-07
EPACK,EQ,189.49,190.94,185.15,186.33,189.27,278336,520.64,2026-09-07
EPACKPEB,EQ,231.11,233.07,228.15,230.44,231.11,232605,535.51,2026-09-07
EPIGRAL,EQ,1228.0,1231.8,1176.1,1179.8,1219.7,50803,608.47,2026-09-07
EPL,EQ,248.0,255.75,246.3,248.95,247.1,6283376,15820.24,2026-09-07
EQUAL200,EQ,14.16,14.16,13.71,13.72,13.82,4127,0.57,2026-09-07
EQUAL50,EQ,330.22,330.22,327.05,327.67,330.22,1412,4.63,2026-09-07
EQUAL50ADD,EQ,340.0,340.0,337.57,338.64,340.33,30125,101.87,2026-09-07
EQUITASBNK,EQ,72.95,73.74,72.6,73.35,72.95,843776,616.84,2026-09-07
ERIS,EQ,1327.4,1341.0,1318.2,1324.3,1321.7,27451,364.21,2026-09-07
ESABINDIA,EQ,6053.5,6108.0,6015.0,6092.0,6067.5,5026,305.22,2026-09-07
ESCORTS,EQ,2965.0,2985.3,2936.0,2957.4,2968.8,25297,746.48,2026-09-07
ESDS,EQ,1090.05,1090.05,1090.05,1090.05,908.4,742653,8095.29,2026-09-07
ESENSEX,EQ,76.42,77.29,76.42,76.77,77.46,158,0.12,2026-09-07
ESG,EQ,41.1,41.17,40.8,40.84,41.15,5116,2.09,2026-09-07
ESILVER,EQ,225.12,231.77,225.12,230.04,232.78,43044,98.92,2026-09-07
ESSARSHPNG,EQ,17.18,17.65,16.12,16.41,17.09,372333,62.74,2026-09-07
ESSENTIA,EQ,1.05,1.1,1.05,1.1,1.05,2788603,30.45,2026-09-07
ESTER,EQ,94.4,94.4,90.95,91.54,93.57,92014,84.95,2026-09-07
ETERNAL,EQ,325.75,325.75,319.7,320.8,322.75,12845170,41377.72,2026-09-07
ETHOSLTD,EQ,2779.8,2844.7,2724.6,2746.6,2792.8,44369,1227.17,2026-09-07
EUREKAFORB,EQ,426.0,426.0,402.9,406.2,423.75,195035,801.34,2026-09-07
EUROBOND,EQ,154.0,154.0,148.0,150.78,151.0,6201,9.32,2026-09-07
EUROPRATIK,EQ,262.0,263.55,255.4,257.0,263.75,190094,491.72,2026-09-07
EVEREADY,EQ,315.75,331.0,315.0,327.15,317.9,116376,375.65,2026-09-07
EVIETF,EQ,33.12,33.12,32.2,32.27,32.47,312202,100.85,2026-09-07
EVINDIA,EQ,33.25,33.25,32.09,32.38,32.44,208167,67.39,2026-09-07
EXCELINDUS,EQ,1036.0,1036.1,999.0,1002.6,1031.4,11574,116.79,2026-09-07
EXCELSOFT,EQ,70.01,70.39,66.9,68.26,70.23,583097,398.9,2026-09-07
EXICOM,EQ,179.0,187.6,178.0,184.33,177.85,4232220,7810.11,2026-09-07
EXIDEIND,EQ,422.3,427.5,416.6,425.75,424.35,1662688,7012.44,2026-09-07
EXPLEOSOL,EQ,910.45,922.0,895.0,899.55,899.0,32051,290.54,2026-09-07
EXXARO,EQ,6.68,6.69,6.25,6.59,6.59,571741,37.55,2026-09-07
FABTECH,EQ,148.35,150.2,148.35,148.47,150.2,35383,52.67,2026-09-07
FACT,EQ,799.5,808.95,791.3,793.3,801.4,53413,425.23,2026-09-07
FAZE3Q,EQ,493.0,503.3,482.8,500.9,493.95,8510,42.27,2026-09-07
FCL,EQ,52.25,56.66,52.19,56.66,51.51,42019821,23173.06,2026-09-07
FCSSOFT,EQ,1.47,1.47,1.43,1.43,1.45,1557564,22.47,2026-09-07
FDC,EQ,345.55,345.55,338.6,342.15,342.8,89168,304.6,2026-09-07
FEDDERSHOL,EQ,48.0,48.6,48.0,48.03,47.28,2445557,1176.87,2026-09-07
FEDERALBNK,EQ,343.0,343.0,337.6,342.0,343.0,5174214,17626.72,2026-09-07
FEDFINA,EQ,162.89,169.0,161.07,165.45,161.56,2135760,3555.92,2026-09-07
FERMENTA,EQ,502.0,511.0,494.0,496.5,498.5,79101,397.92,2026-09-07
FIBERWEB,EQ,26.49,26.55,25.32,26.42,25.75,21246,5.54,2026-09-07
FIEMIND,EQ,2085.8,2090.0,2053.0,2068.8,2085.8,38402,792.91,2026-09-07
FILATEX,EQ,78.5,79.69,76.25,76.59,77.72,990763,771.63,2026-09-07
FILATFASH,EQ,0.19,0.19,0.17,0.18,0.18,36890656,66.53,2026-09-07
FINCABLES,EQ,1212.0,1252.0,1211.1,1227.0,1220.2,732032,8992.61,2026-09-07
FINEORG,EQ,5126.0,5169.5,5070.0,5125.0,5152.0,11396,583.72,2026-09-07
FINIETF,EQ,32.12,33.77,32.12,32.71,32.95,150695,49.43,2026-09-07
FINKURVE,EQ,72.91,77.0,70.21,71.45,72.31,65750,47.47,2026-09-07
FINOPB,EQ,139.34,142.69,137.81,138.9,139.33,187350,261.38,2026-09-07
FINPIPE,EQ,158.0,160.21,156.85,157.16,158.63,261198,413.06,2026-09-07
FIRSTCRY,EQ,180.16,181.25,176.01,177.03,180.16,583428,1038.03,2026-09-07
FISCHER,EQ,36.34,36.34,35.5,35.72,36.04,250781,89.66,2026-09-07
FIVESTAR,EQ,519.0,530.95,519.0,526.2,523.05,276188,1452.75,2026-09-07
FLAIR,EQ,243.75,244.8,239.15,240.22,243.71,98923,238.84,2026-09-07
FLEXIADD,EQ,10.11,10.11,9.95,9.98,10.06,69225,6.92,2026-09-07
FLUOROCHEM,EQ,4574.0,4603.8,4470.0,4530.5,4554.0,104652,4730.05,2026-09-07
FMCGADD,EQ,46.71,46.71,45.87,45.93,46.25,21129,9.7,2026-09-07
FMCGIETF,EQ,49.47,49.95,49.08,49.17,49.47,1486830,731.16,2026-09-07
FMGOETZE,EQ,490.0,494.0,462.9,482.05,501.45,1455155,6921.02,2026-09-07
FMNL,EQ,10.59,10.59,9.6,9.77,10.1,81674,8.05,2026-09-07
FOODSIN,EQ,57.3,57.9,56.32,57.4,57.37,65087,37.22,2026-09-07
FORCEMOT,EQ,17521.0,17947.0,17501.0,17829.0,17500.0,51095,9083.97,2026-09-07
FORTIS,EQ,902.1,911.5,892.8,910.0,905.0,893344,8077.41,2026-09-07
FOSECOIND,EQ,6263.0,6354.5,6110.0,6128.5,6263.0,8061,500.32,2026-09-07
FRACTAL,EQ,821.0,821.95,798.55,801.2,825.45,397346,3193.95,2026-09-07
FREDUN,EQ,1487.0,1487.0,1360.0,1405.5,1470.7,33122,474.33,2026-09-07
FRONTSP,EQ,1304.8,1304.8,1264.0,1268.0,1291.8,10430,132.72,2026-09-07
FSL,EQ,265.05,266.0,256.85,259.6,264.4,821088,2130.87,2026-09-07
FUSION,EQ,202.9,206.5,198.15,200.52,203.19,888653,1797.44,2026-09-07
GABRIEL,EQ,1353.1,1374.0,1326.7,1363.5,1353.2,147826,1994.07,2026-09-07
GAEL,EQ,168.4,169.0,164.52,165.48,167.81,678295,1126.28,2026-09-07
GAIL,EQ,173.4,177.3,172.8,176.0,173.4,9910348,17409.84,2026-09-07
GAJA,EQ,161.75,161.99,154.2,155.42,161.1,1078393,1695.93,2026-09-07
GALAPREC,EQ,1034.5,1055.0,1012.3,1037.4,1024.0,30325,314.81,2026-09-07
GALAXYSURF,EQ,2154.2,2178.0,2126.0,2136.6,2165.0,15905,340.87,2026-09-07
GALLANTT,EQ,574.5,577.8,566.05,572.45,574.0,54832,313.83,2026-09-07
GANDHAR,EQ,268.0,271.8,261.8,264.85,267.6,719670,1912.43,2026-09-07
GANDHITUBE,EQ,889.0,905.0,889.0,898.55,900.15,4198,37.72,2026-09-07
GANECOS,EQ,999.9,999.9,970.4,990.0,999.9,109978,1082.11,2026-09-07
GANESHCP,EQ,177.0,178.75,168.25,169.59,174.46,155960,268.72,2026-09-07
GANESHHOU,EQ,755.1,763.15,751.0,758.75,758.95,17875,135.2,2026-09-07
GANGAFORGE,EQ,1.7,1.76,1.62,1.63,1.68,6103756,102.46,2026-09-07
GANGESSECU,EQ,118.01,123.0,117.83,121.89,118.71,4328,5.2,2026-09-07
GARFIBRES,EQ,800.55,822.65,795.35,819.25,800.55,29908,242.95,2026-09-07
GARUDA,EQ,180.0,180.0,176.81,178.63,178.73,211606,377.97,2026-09-07
GATEWAY,EQ,54.87,55.0,53.8,53.96,54.69,397333,214.89,2026-09-07
GAYAHWS,EQ,1.93,2.0,1.91,1.92,1.93,289982,5.65,2026-09-07
GAYAPROJ,EQ,22.5,22.5,21.81,22.18,21.76,565332,125.8,2026-09-07
GCSL,EQ,595.5,613.2,595.5,601.85,595.15,1222825,7415.24,2026-09-07
GEEKAYWIRE,EQ,30.15,30.92,29.85,30.14,29.61,256145,77.99,2026-09-07
GEMAROMA,EQ,161.5,166.69,157.5,158.19,161.5,70224,112.26,2026-09-07
GENCON,EQ,44.42,44.99,41.52,41.98,44.63,366956,160.98,2026-09-07
GENESYS,EQ,234.0,241.9,227.03,240.16,230.88,670463,1579.89,2026-09-07
GENUSPAPER,EQ,12.76,14.2,12.37,13.22,12.76,517475,68.94,2026-09-07
GENUSPOWER,EQ,335.0,346.9,334.0,336.4,337.8,2776994,9466.78,2026-09-07
GEOJITFSL,EQ,82.96,83.68,82.1,82.78,82.72,197271,163.4,2026-09-07
GESHIP,EQ,1369.0,1389.2,1352.0,1376.7,1369.7,888277,12201.57,2026-09-07
GFLLIMITED,EQ,63.99,63.99,61.41,62.17,62.81,173356,107.98,2026-09-07
GHCL,EQ,437.0,437.95,432.5,433.35,436.6,54136,235.62,2026-09-07
GHCLTEXTIL,EQ,139.8,139.8,132.4,133.36,136.72,359899,484.14,2026-09-07
GICHSGFIN,EQ,141.99,142.44,140.1,140.42,140.45,62788,88.49,2026-09-07
GICL,EQ,24.9,24.9,23.65,24.42,24.6,317054,76.94,2026-09-07
GICRE,EQ,361.9,362.45,348.2,349.8,358.45,1713058,6041.26,2026-09-07
GILLANDERS,EQ,103.05,105.0,101.2,104.63,103.19,2241,2.32,2026-09-07
GILLETTE,EQ,7312.5,7391.0,7280.0,7380.5,7312.5,9738,713.77,2026-09-07
GILT10BETA,EQ,27.11,27.6,26.23,26.4,26.58,503607,132.95,2026-09-07
GILT5BETA,EQ,67.6,69.0,65.81,66.94,66.94,202427,134.21,2026-09-07
GILT5YBEES,EQ,66.33,67.31,66.07,66.31,66.33,207982,137.9,2026-09-07
GIPCL,EQ,206.0,206.1,199.36,200.72,205.18,540738,1093.23,2026-09-07
GKB,EQ,64.0,68.0,62.25,65.25,63.97,1462,0.96,2026-09-07
GKENERGY,EQ,128.96,131.67,127.41,129.46,128.96,248778,319.93,2026-09-07
GKSL,EQ,172.83,177.9,172.83,176.34,172.81,382407,672.48,2026-09-07
GKWLIMITED,EQ,1582.1,1585.0,1510.0,1550.6,1610.9,2522,39.1,2026-09-07
GLAND,EQ,2929.6,3042.0,2916.9,2974.3,2932.4,1031320,30796.57,2026-09-07
GLAXO,EQ,2937.9,3075.0,2932.7,2957.8,2958.1,155659,4654.58,2026-09-07
GLENMARK,EQ,2420.2,2472.0,2420.2,2451.9,2437.2,267568,6568.9,2026-09-07
GLFL,EQ,5.78,5.78,5.56,5.63,5.8,3020,0.17,2026-09-07
GLOBAL,EQ,121.0,122.98,119.1,120.15,120.45,129151,156.62,2026-09-07
GLOBALE,EQ,11.9,11.9,10.83,11.4,11.39,3819,0.42,2026-09-07
GLOBALVECT,EQ,139.26,144.8,138.2,139.64,141.16,7148,10.09,2026-09-07
GLOBE,EQ,1.92,1.92,1.83,1.86,1.89,389980,7.3,2026-09-07
GLOBECIVIL,EQ,48.99,48.99,45.42,46.15,48.15,31751,14.81,2026-09-07
GLOBUSSPR,EQ,918.75,918.75,878.0,895.1,914.3,150541,1347.41,2026-09-07
GLOSTERLTD,EQ,596.5,629.0,586.5,603.4,596.5,1178,7.18,2026-09-07
GLOTTIS,EQ,62.04,62.04,58.05,59.62,62.1,66359,40.0,2026-09-07
GMBREW,EQ,915.1,951.0,914.1,941.4,919.85,90903,854.51,2026-09-07
GMDCLTD,EQ,562.95,564.65,556.8,557.6,562.95,357732,1999.42,2026-09-07
GMMPFAUDLR,EQ,1140.0,1254.0,1134.9,1235.7,1147.9,1280855,15686.33,2026-09-07
GMRAIRPORT,EQ,98.05,98.48,95.65,95.94,97.45,5131436,4961.67,2026-09-07
GMRP&UI,EQ,95.8,98.35,93.1,93.57,95.3,1193207,1142.92,2026-09-07
GNA,EQ,551.05,558.0,540.55,543.2,551.05,131118,720.02,2026-09-07
GNFC,EQ,601.7,605.7,594.2,597.9,596.7,1281385,7676.8,2026-09-07
GNRL,EQ,100.0,116.33,100.0,113.96,99.27,3632929,4069.36,2026-09-07
GOACARBON,EQ,377.0,387.0,372.9,382.55,378.45,18478,70.43,2026-09-07
GOCLCORP,EQ,429.0,439.5,426.3,436.95,427.45,182392,793.05,2026-09-07
GOCOLORS,EQ,332.0,343.15,327.55,329.7,326.65,235954,788.82,2026-09-07
GODAVARIB,EQ,245.39,248.0,241.31,244.95,241.7,86089,210.67,2026-09-07
GODFRYPHLP,EQ,2051.0,2058.9,2011.0,2029.0,2051.0,120277,2440.8,2026-09-07
GODIGIT,EQ,260.0,260.75,254.85,256.6,258.3,110938,284.39,2026-09-07
GODREJAGRO,EQ,648.15,671.1,642.25,665.5,644.85,338467,2225.81,2026-09-07
GODREJCP,EQ,878.5,879.05,857.1,861.9,878.0,2647422,22830.38,2026-09-07
GODREJIND,EQ,1171.0,1184.9,1148.8,1159.8,1163.5,64123,746.7,2026-09-07
GODREJPROP,EQ,1982.0,1984.0,1891.1,1922.2,1982.0,752808,14477.6,2026-09-07
GOKEX,EQ,801.0,801.0,775.0,776.95,789.2,130637,1024.57,2026-09-07
GOKUL,EQ,42.97,43.95,42.37,42.85,42.96,182713,78.85,2026-09-07
GOKULAGRO,EQ,231.17,234.8,231.06,231.69,231.17,199537,463.48,2026-09-07
GOLD1,EQ,127.5,127.5,125.91,126.71,128.47,1539958,1948.4,2026-09-07
GOLD360,EQ,148.8,148.9,146.9,147.85,149.7,20611,30.44,2026-09-07
GOLDADD,EQ,14.9,14.9,14.65,14.74,14.95,2711253,399.75,2026-09-07
GOLDAXIS,EQ,125.55,126.6,125.41,126.22,128.11,4383759,5513.8,2026-09-07
GOLDBEES,EQ,125.7,125.92,124.75,125.58,127.17,20788912,26038.9,2026-09-07
GOLDBETA,EQ,128.2,128.25,127.0,128.0,129.5,1004130,1283.46,2026-09-07
GOLDBND,EQ,153.28,153.28,150.74,151.8,153.82,44081,66.83,2026-09-07
GOLDCASE,EQ,24.11,24.11,23.74,23.9,24.21,13980715,3331.98,2026-09-07
GOLDETF,EQ,148.51,148.51,146.81,147.84,149.46,1124196,1657.32,2026-09-07
GOLDIAM,EQ,345.15,345.95,331.8,340.45,345.3,926463,3128.54,2026-09-07
GOLDIETF,EQ,131.28,131.28,129.12,130.01,131.8,5501440,7132.96,2026-09-07
GOODLUCK,EQ,480.0,485.0,466.7,479.75,472.9,644419,3064.14,2026-09-07
GOODYEAR,EQ,743.45,743.45,722.2,730.8,741.5,6727,49.34,2026-09-07
GOPAL,EQ,266.0,267.9,263.5,266.3,265.1,92027,244.28,2026-09-07
GOYALALUM,EQ,6.22,6.22,6.08,6.16,6.22,53518,3.3,2026-09-07
GPIL,EQ,242.79,245.2,239.43,244.05,240.67,1531854,3713.11,2026-09-07
GPPL,EQ,161.41,162.69,160.39,160.98,161.62,738209,1191.24,2026-09-07
GPTHEALTH,EQ,159.0,162.0,158.57,161.37,158.17,173981,279.5,2026-09-07
GPTINFRA,EQ,112.0,113.69,111.0,111.76,112.1,90908,101.93,2026-09-07
GRADIENTE,EQ,2.76,2.76,2.6,2.64,2.71,1514582,40.45,2026-09-07
GRANDOAK,EQ,35.9,36.5,35.0,35.86,34.84,1194,0.43,2026-09-07
GRANULES,EQ,844.5,873.85,842.2,867.3,848.3,1033026,8942.94,2026-09-07
GRAPHITE,EQ,734.5,739.75,714.05,717.1,733.6,519646,3760.46,2026-09-07
GRASIM,EQ,3322.0,3327.7,3293.0,3302.4,3322.0,1179298,38970.84,2026-09-07
GRAUWEIL,EQ,71.5,71.93,70.75,71.45,70.59,129623,92.44,2026-09-07
GRAVISSHO,EQ,28.51,29.38,28.51,28.66,29.4,436,0.13,2026-09-07
GRAVITA,EQ,1661.6,1692.8,1660.9,1676.9,1661.6,120216,2020.39,2026-09-07
GREAVESCOT,EQ,196.0,196.49,192.1,194.45,195.56,725978,1411.01,2026-09-07
GREENLAM,EQ,242.62,242.8,235.7,236.87,242.62,94051,224.42,2026-09-07
GREENPANEL,EQ,158.32,166.0,156.01,162.55,158.32,744111,1209.13,2026-09-07
GREENPLY,EQ,309.25,312.5,300.2,302.2,304.7,389935,1194.02,2026-09-07
GREENPOWER,EQ,9.28,9.38,9.17,9.23,9.28,1873150,173.44,2026-09-07
GRINDWELL,EQ,1955.0,1972.9,1925.1,1932.9,1962.5,23158,450.72,2026-09-07
GRINFRA,EQ,869.1,874.95,852.85,862.6,869.1,29533,254.86,2026-09-07
GRMOVER,EQ,87.36,87.36,85.0,85.8,87.53,1118026,963.65,2026-09-07
GROBTEA,EQ,965.9,974.0,949.9,959.15,977.65,174,1.67,2026-09-07
GROWW,EQ,194.75,196.6,191.01,194.73,194.0,21419848,41687.87,2026-09-07
GROWWCAPM,EQ,11.5,11.59,11.48,11.56,11.44,321273,37.09,2026-09-07
GROWWCHEM,EQ,30.23,30.5,30.0,30.08,30.24,11679,3.53,2026-09-07
GROWWDEFNC,EQ,98.42,98.42,96.86,97.75,97.42,217691,212.65,2026-09-07
GROWWEV,EQ,31.56,32.69,31.56,32.37,32.37,772261,248.92,2026-09-07
GROWWGOLD,EQ,14.98,14.98,14.72,14.81,15.03,2789656,412.52,2026-09-07
GROWWHOSPI,EQ,52.08,52.26,51.7,52.1,51.83,132678,68.98,2026-09-07
GROWWLIQID,EQ,110.64,110.66,110.64,110.65,110.64,165247,182.85,2026-09-07
GROWWLOVOL,EQ,10.04,10.43,10.04,10.28,10.3,18110,1.85,2026-09-07
GROWWMC150,EQ,235.0,235.0,230.09,230.1,233.51,2164,4.99,2026-09-07
GROWWMETAL,EQ,13.03,13.03,12.5,12.52,12.72,497131,62.6,2026-09-07
GROWWMOM50,EQ,11.06,11.06,10.91,11.0,10.99,194295,21.4,2026-09-07
GROWWN200,EQ,11.39,11.48,11.22,11.27,11.34,66361,7.47,2026-09-07
GROWWNET,EQ,10.96,10.96,10.73,10.79,10.86,469311,50.71,2026-09-07
GROWWNIFTY,EQ,9.69,9.75,9.43,9.6,9.68,824351,79.45,2026-09-07
GROWWNXT50,EQ,72.89,73.99,72.41,72.79,73.45,21112,15.38,2026-09-07
GROWWPOWER,EQ,11.31,11.38,11.19,11.2,11.33,1531393,172.53,2026-09-07
GROWWPSE,EQ,99.98,99.98,95.5,97.95,98.3,6647,6.51,2026-09-07
GROWWPSUBK,EQ,86.78,86.78,84.21,84.67,85.88,7308,6.2,2026-09-07
GROWWRAIL,EQ,28.23,28.24,27.9,28.0,28.08,356895,100.03,2026-09-07
GROWWRLTY,EQ,10.21,10.21,10.02,10.05,10.21,578932,58.2,2026-09-07
GROWWSC250,EQ,10.95,10.95,10.55,10.67,10.69,117852,12.57,2026-09-07
GROWWSLVR,EQ,22.65,22.65,22.42,22.53,22.83,960509,216.09,2026-09-07
GRPLTD,EQ,2046.9,2046.9,1975.6,2004.1,2013.0,1104,22.01,2026-09-07
GRSE,EQ,2530.0,2542.5,2502.0,2506.6,2533.2,215499,5424.97,2026-09-07
GRWRHITECH,EQ,7066.0,7112.5,6560.5,6951.5,7086.5,248502,16925.17,2026-09-07
GSEC10ADD,EQ,26.79,26.81,26.75,26.81,26.79,11,0.0,2026-09-07
GSEC10IETF,EQ,263.81,264.54,261.92,261.92,262.5,183,0.48,2026-09-07
GSEC10YEAR,EQ,30.49,30.49,30.31,30.35,30.37,15279,4.63,2026-09-07
GSEC5IETF,EQ,66.09,66.73,66.08,66.5,66.51,57232,37.95,2026-09-07
GSFC,EQ,163.3,163.74,161.53,162.02,162.88,947889,1536.63,2026-09-07
GSLSU,EQ,29.78,29.78,28.4,29.45,28.37,164591,48.15,2026-09-07
GSPCROP,EQ,622.25,624.6,594.25,600.95,619.25,203559,1237.46,2026-09-07
GSS,EQ,10.83,11.44,10.83,11.02,11.03,52386,5.81,2026-09-07
GTL,EQ,7.13,7.3,7.07,7.25,7.11,256404,18.55,2026-09-07
GTLINFRA,EQ,1.16,1.21,1.16,1.2,1.16,69809746,823.99,2026-09-07
GTPL,EQ,59.0,59.02,57.52,58.91,58.67,76926,45.13,2026-09-07
GUFICBIO,EQ,449.9,467.8,438.85,448.0,444.9,382048,1733.91,2026-09-07
GUJALKALI,EQ,724.8,727.2,701.85,707.85,721.6,86704,617.23,2026-09-07
GUJAPOLLO,EQ,362.35,363.35,338.75,345.2,355.95,16534,57.43,2026-09-07
GUJENERGY,EQ,265.0,267.0,261.5,261.93,263.59,1483233,3901.36,2026-09-07
GUJRAFFIA,EQ,41.45,41.45,40.01,40.9,41.0,1621,0.66,2026-09-07
GUJTHEM,EQ,414.9,442.0,409.1,429.3,411.35,1088263,4704.42,2026-09-07
GULFOILLUB,EQ,1060.0,1076.6,1048.0,1052.8,1067.8,53249,562.66,2026-09-07
GULPOLY,EQ,186.55,187.55,182.35,183.04,186.01,121930,224.83,2026-09-07
GVPIL,EQ,647.0,682.0,641.0,655.15,649.6,230305,1527.36,2026-09-07
GVT&D,EQ,4334.5,4389.1,4321.1,4367.2,4306.3,295967,12895.22,2026-09-07
GYFTR,EQ,184.15,188.0,182.52,186.34,182.54,23288,43.19,2026-09-07
HAL,EQ,4884.8,4909.9,4835.4,4855.2,4856.0,602641,29366.8,2026-09-07
HALDER,EQ,294.65,294.65,270.25,286.6,293.5,23488,67.76,2026-09-07
HALEOSLABS,EQ,1462.8,1499.0,1450.0,1462.0,1451.3,545,8.04,2026-09-07
HAMPTON,EQ,8.18,8.18,7.61,8.11,7.86,368622,29.9,2026-09-07
HAPPSTMNDS,EQ,354.0,354.05,343.05,343.5,354.0,1292099,4464.59,2026-09-07
HAPPYFORGE,EQ,2250.0,2287.4,2203.5,2231.4,2238.5,45858,1024.29,2026-09-07
HARDWYN,EQ,9.15,9.28,9.14,9.17,9.13,311011,28.54,2026-09-07
HARIOMPIPE,EQ,360.85,378.0,357.4,365.2,359.2,183197,676.04,2026-09-07
HARRMALAYA,EQ,190.0,198.0,188.0,189.85,192.72,9922,18.94,2026-09-07
HARSHA,EQ,458.8,461.4,451.05,455.45,454.35,135432,617.34,2026-09-07
HATHWAY,EQ,10.52,10.53,10.36,10.38,10.52,922339,96.27,2026-09-07
HATSUN,EQ,1158.0,1158.1,1116.3,1132.8,1168.8,66432,751.03,2026-09-07
HAVELLS,EQ,1159.6,1159.7,1140.0,1150.0,1154.0,882205,10121.14,2026-09-07
HAVISHA,EQ,1.44,1.47,1.31,1.32,1.41,98394,1.33,2026-09-07
HAWKINCOOK,EQ,8426.0,8426.0,8200.0,8254.0,8406.5,1354,112.28,2026-09-07
HAZOOR,EQ,19.6,19.99,19.33,19.85,19.13,252002,49.72,2026-09-07
HBESD,EQ,74.0,77.3,74.0,74.1,75.1,780,0.58,2026-09-07
HBLENGINE,EQ,695.7,707.95,690.15,703.9,695.75,961999,6708.7,2026-09-07
HBPOR,EQ,58.62,61.1,58.5,60.46,58.38,726,0.43,2026-09-07
HBSL,EQ,56.0,56.0,52.0,52.43,54.91,7993,4.23,2026-09-07
HCC,EQ,23.0,23.67,22.75,23.54,22.98,31279184,7299.55,2026-09-07
HCG,EQ,700.15,713.85,684.5,687.9,700.2,165572,1151.33,2026-09-07
HCL-INSYS,EQ,10.15,10.2,9.95,9.99,10.1,208739,21.0,2026-09-07
HCLTECH,EQ,1271.7,1286.8,1263.0,1282.8,1293.4,2008363,25566.91,2026-09-07
HDBFS,EQ,682.7,687.15,675.4,685.05,682.7,1539050,10518.37,2026-09-07
HDFCAMC,EQ,2468.8,2473.6,2432.0,2432.0,2458.3,300166,7352.86,2026-09-07
HDFCBANK,EQ,712.1,713.0,707.05,710.5,712.1,12180390,86534.16,2026-09-07
HDFCBSE500,EQ,37.74,37.88,37.02,37.19,37.56,1265857,471.34,2026-09-07
HDFCGOLD,EQ,130.4,130.4,128.96,129.88,131.45,3238638,4200.64,2026-09-07
HDFCGROWTH,EQ,118.88,118.88,117.2,117.39,118.29,21630,25.41,2026-09-07
HDFCLIFE,EQ,546.4,546.4,533.2,533.2,546.4,1190100,6414.24,2026-09-07
HDFCLIQUID,EQ,1077.84,1077.84,1076.85,1076.85,1076.75,28363,305.43,2026-09-07
HDFCLOWVOL,EQ,20.5,20.5,20.34,20.35,20.48,4814,0.98,2026-09-07
HDFCMID150,EQ,23.75,23.75,23.33,23.38,23.5,366427,85.8,2026-09-07
HDFCMOMENT,EQ,30.99,31.19,30.25,31.0,30.99,126317,39.16,2026-09-07
HDFCNEXT50,EQ,74.81,74.88,74.1,74.38,74.75,132021,98.12,2026-09-07
HDFCNIF100,EQ,26.45,26.45,25.71,25.76,25.93,41544,10.72,2026-09-07
HDFCNIFBAN,EQ,60.7,60.7,58.7,58.84,59.22,237829,139.92,2026-09-07
HDFCNIFIT,EQ,32.03,33.6,31.94,32.06,32.86,184453,59.42,2026-09-07
HDFCNIFTY,EQ,274.3,274.3,266.3,268.29,270.3,98890,265.7,2026-09-07
HDFCNIMEG,EQ,133.01,133.28,131.1,131.56,133.56,30510,40.15,2026-09-07
HDFCPSUBK,EQ,86.16,86.23,85.0,85.07,86.16,20087,17.14,2026-09-07
HDFCPVTBAN,EQ,29.09,29.09,28.16,28.25,28.39,395778,112.02,2026-09-07
HDFCQUAL,EQ,58.31,58.34,58.0,58.12,58.65,5358,3.12,2026-09-07
HDFCSENSEX,EQ,88.19,88.19,78.44,86.47,87.15,46781,40.44,2026-09-07
HDFCSILVER,EQ,221.8,221.8,218.0,219.9,222.7,2927057,6428.95,2026-09-07
HDFCSML250,EQ,189.3,189.3,185.83,186.73,186.65,1018542,1899.29,2026-09-07
HDFCVALUE,EQ,125.88,125.88,124.25,124.54,125.88,8599,10.73,2026-09-07
HEADSUP,EQ,7.48,7.48,6.66,7.02,7.21,2844,0.2,2026-09-07
HEALTHADD,EQ,16.6,17.0,16.56,16.68,16.58,13107,2.18,2026-09-07
HEALTHAXIS,EQ,171.21,171.5,166.7,168.11,167.04,3053,5.11,2026-09-07
HEALTHCARE,EQ,21.94,21.99,21.49,21.64,21.51,47020,10.16,2026-09-07
HEALTHIETF,EQ,168.66,170.49,168.08,169.45,168.65,59893,101.11,2026-09-07
HEALTHX,EQ,295.0,304.0,294.3,296.9,300.3,4706,14.07,2026-09-07
HEALTHY,EQ,17.26,17.29,16.79,17.03,16.84,327939,55.56,2026-09-07
HECPROJECT,EQ,117.95,119.98,117.95,118.17,117.78,3073,3.64,2026-09-07
HEIDELBERG,EQ,160.99,162.18,159.61,160.56,160.17,428563,689.81,2026-09-07
HEMIPROP,EQ,127.0,127.0,124.76,125.08,126.55,204770,257.25,2026-09-07
HERANBA,EQ,173.8,173.83,168.12,169.62,173.83,45360,77.43,2026-09-07
HERITGFOOD,EQ,383.0,390.0,377.05,384.15,382.35,1306175,5027.74,2026-09-07
HEROMOTOCO,EQ,5300.0,5347.5,5270.0,5270.0,5300.0,354258,18784.21,2026-09-07
HESTERBIO,EQ,2405.4,2405.4,2330.1,2362.7,2405.4,8149,192.5,2026-09-07
HEXATRADEX,EQ,157.65,159.9,157.0,158.58,157.65,337,0.53,2026-09-07
HEXT,EQ,528.6,528.6,518.05,522.85,528.6,126595,661.56,2026-09-07
HGINFRA,EQ,482.0,491.55,479.3,488.7,482.0,48912,238.06,2026-09-07
HGM,EQ,51.58,54.2,50.62,50.81,52.63,3567,1.86,2026-09-07
HGS,EQ,400.95,400.95,395.0,395.55,399.25,6707,26.58,2026-09-07
HIKAL,EQ,222.01,257.0,218.82,243.0,222.3,31089358,76282.74,2026-09-07
HILINFRA,EQ,43.51,44.59,43.4,43.72,44.45,69037,30.17,2026-09-07
HILTON,EQ,18.7,19.0,18.6,18.64,18.63,83413,15.64,2026-09-07
HIMATSEIDE,EQ,71.3,71.69,69.82,70.15,71.51,549464,387.21,2026-09-07
HINDADH,EQ,377.9,377.9,353.05,361.25,370.9,1441,5.23,2026-09-07
HINDALCO,EQ,1011.1,1014.8,999.8,1006.0,1011.0,1848438,18566.1,2026-09-07
HINDALUMI,EQ,93.45,97.5,93.45,96.25,97.43,1737,1.66,2026-09-07
HINDCOMPOS,EQ,391.0,404.2,385.2,398.75,394.85,3471,13.8,2026-09-07
HINDCON,EQ,23.89,24.84,23.37,24.25,23.9,34266,8.31,2026-09-07
HINDCOPPER,EQ,521.6,521.6,506.6,509.1,521.65,5991278,30715.05,2026-09-07
HINDOILEXP,EQ,185.0,193.99,184.46,188.85,185.0,2651804,5058.8,2026-09-07
HINDPETRO,EQ,355.0,356.9,349.55,356.9,356.5,3859485,13635.75,2026-09-07
HINDUNILVR,EQ,1972.0,1974.2,1958.0,1960.0,1973.4,713057,14018.34,2026-09-07
HINDWAREAP,EQ,182.5,184.07,179.78,182.54,182.61,74937,136.02,2026-09-07
HINDZINC,EQ,597.85,598.0,587.5,589.15,601.0,3801807,22460.33,2026-09-07
HIRECT,EQ,1215.0,1235.0,1200.2,1211.9,1222.4,61020,740.47,2026-09-07
HISARMETAL,EQ,167.6,167.6,160.02,162.02,162.19,1223,1.96,2026-09-07
HITECH,EQ,75.99,77.6,75.51,75.96,75.77,514424,393.41,2026-09-07
HLEGLAS,EQ,335.9,342.0,330.15,336.25,333.65,292854,986.77,2026-09-07
HLVLTD,EQ,6.46,6.6,6.28,6.41,6.48,194205,12.38,2026-09-07
HMAAGRO,EQ,20.9,20.92,20.59,20.66,20.84,563266,116.83,2026-09-07
HNDFDS,EQ,611.1,634.0,611.1,628.9,615.05,100524,623.56,2026-09-07
HNGSNGBEES,EQ,470.99,471.88,465.02,469.32,471.09,72290,338.73,2026-09-07
HOMEFIRST,EQ,1209.6,1244.9,1206.1,1233.7,1210.1,315751,3887.72,2026-09-07
HONASA,EQ,470.0,474.9,464.0,468.9,471.05,703603,3305.88,2026-09-07
HONAUT,EQ,35660.0,35895.0,35380.0,35565.0,35655.0,1788,636.6,2026-09-07
HONDAPOWER,EQ,2033.9,2033.9,1995.0,1999.8,2024.6,2937,58.93,2026-09-07
HORIZONIND,EQ,55.25,55.78,54.54,54.85,55.13,3005572,1654.02,2026-09-07
HPAL,EQ,35.49,36.0,34.52,35.7,35.58,41013,14.61,2026-09-07
HPIL,EQ,122.0,123.75,120.1,121.87,123.75,140,0.17,2026-09-07
HPL,EQ,304.15,309.4,300.5,301.55,304.15,76591,232.61,2026-09-07
HRYNSHP,EQ,101.86,101.86,98.5,100.98,101.36,278,0.28,2026-09-07
HSBCGOLD,EQ,137.86,137.86,127.17,132.11,133.81,33987,44.75,2026-09-07
HSCL,EQ,666.0,687.0,666.0,672.65,671.05,2666117,18050.71,2026-09-07
HTMEDIA,EQ,26.0,26.9,25.55,25.7,26.12,57931,14.98,2026-09-07
HUBTOWN,EQ,188.0,194.0,185.69,189.91,189.26,508005,966.93,2026-09-07
HUDCO,EQ,180.6,181.05,178.54,179.24,180.52,716189,1285.32,2026-09-07
HUHTAMAKI,EQ,255.0,257.9,245.0,250.05,255.0,247720,618.4,2026-09-07
HYBRIDETF,EQ,10.25,10.25,10.03,10.05,10.03,7834,0.79,2026-09-07
HYUNDAI,EQ,2195.0,2224.5,2190.2,2210.0,2205.0,508562,11228.67,2026-09-07
IBULLSLTD,EQ,25.5,26.34,25.0,25.7,25.67,8153717,2097.12,2026-09-07
ICDSLTD,EQ,71.56,77.69,64.31,67.32,71.45,120496,81.62,2026-09-07
ICEMAKE,EQ,739.0,739.0,720.3,724.75,738.6,8713,63.45,2026-09-07
ICICIAMC,EQ,2970.9,3038.2,2933.3,3013.7,2970.9,279992,8360.88,2026-09-07
ICICIB22,EQ,113.14,116.0,113.14,113.84,114.34,133321,151.97,2026-09-07
ICICIBANK,EQ,1428.0,1434.4,1422.6,1427.5,1423.2,8035111,114646.82,2026-09-07
ICICIGI,EQ,1517.0,1517.0,1493.1,1493.4,1510.0,426021,6405.55,2026-09-07
ICICIPRULI,EQ,491.0,492.0,470.65,470.65,494.55,1678977,8068.64,2026-09-07
ICIL,EQ,449.8,458.55,443.05,453.7,449.8,467699,2107.75,2026-09-07
ICRA,EQ,4975.0,5010.0,4901.1,4929.4,4884.5,43495,2155.28,2026-09-07
IDBI,EQ,90.0,92.65,89.73,90.75,90.63,7985304,7267.16,2026-09-07
IDEA,EQ,15.09,15.68,15.06,15.6,15.02,695355022,107849.58,2026-09-07
IDEAFORGE,EQ,777.0,791.65,762.0,765.45,777.05,253500,1966.11,2026-09-07
IDFCFIRSTB,EQ,86.29,86.79,85.9,86.44,86.71,10617041,9163.08,2026-09-07
IDFNIFTYET,EQ,261.0,266.9,261.0,262.43,264.49,2513,6.63,2026-09-07
IEX,EQ,119.49,119.88,117.21,117.5,118.91,3730649,4403.17,2026-09-07
IFBAGRO,EQ,896.85,919.85,894.6,896.25,903.3,3748,33.86,2026-09-07
IFBIND,EQ,1305.7,1337.6,1303.1,1313.6,1305.7,21925,289.56,2026-09-07
IFCI,EQ,104.9,107.36,101.4,102.51,101.38,207830587,215822.27,2026-09-07
IFGLEXPOR,EQ,204.0,205.47,202.5,203.79,204.69,9039,18.43,2026-09-07
IGARASHI,EQ,424.0,428.45,413.6,415.15,422.75,58243,243.65,2026-09-07
IGCL,EQ,73.5,73.75,68.16,72.48,72.89,83569,60.05,2026-09-07
IGIL,EQ,324.05,324.05,312.05,318.0,323.5,742176,2355.45,2026-09-07
IGL,EQ,157.0,157.0,154.5,154.8,158.04,1105359,1717.48,2026-09-07
IGPL,EQ,575.0,576.0,557.05,558.8,567.4,83345,472.29,2026-09-07
IIFL,EQ,649.0,667.0,635.3,654.05,651.15,4742061,30934.03,2026-09-07
IIFLCAPS,EQ,341.4,342.95,339.85,340.45,341.2,565824,1934.55,2026-09-07
IITL,EQ,146.78,146.8,137.3,140.1,146.4,103995,151.16,2026-09-07
IKIO,EQ,212.34,212.34,201.5,202.98,212.34,279865,576.39,2026-09-07
IKS,EQ,1769.8,1799.0,1752.4,1788.0,1759.9,127280,2273.52,2026-09-07
IMAGICAA,EQ,55.95,57.44,54.5,54.86,55.38,1374657,772.57,2026-09-07
IMFA,EQ,1275.0,1299.7,1272.1,1286.9,1288.4,100370,1289.65,2026-09-07
IMPAL,EQ,1116.0,1180.2,1103.4,1114.2,1114.6,6049,69.11,2026-09-07
INA,EQ,90.78,93.8,88.23,92.77,90.24,755743,694.66,2026-09-07
INCREDIBLE,EQ,32.54,32.9,31.56,32.34,32.54,3017,0.98,2026-09-07
INDBANK,EQ,28.98,28.99,28.01,28.16,28.58,63723,18.05,2026-09-07
INDGN,EQ,602.8,604.85,591.85,599.35,601.5,336187,2008.07,2026-09-07
INDHOTEL,EQ,719.9,720.45,709.2,716.2,720.0,2137419,15251.02,2026-09-07
INDIACEM,EQ,362.0,362.2,355.0,356.1,362.5,33475,119.81,2026-09-07
INDIAMART,EQ,1726.4,1727.9,1703.4,1706.4,1726.4,54073,924.99,2026-09-07
INDIANB,EQ,879.7,883.55,865.4,869.4,879.7,1005311,8748.87,2026-09-07
INDIANCARD,EQ,219.9,219.9,210.2,217.85,219.97,417,0.9,2026-09-07
INDIANHUME,EQ,388.5,401.85,386.1,394.9,387.8,45044,178.06,2026-09-07
INDIASHLTR,EQ,677.1,678.9,663.7,672.15,677.1,88324,593.6,2026-09-07
INDIGO,EQ,4950.0,5008.0,4944.0,5001.0,4977.0,354874,17687.65,2026-09-07
INDIGOPNTS,EQ,1182.0,1209.0,1157.9,1178.0,1185.8,77673,923.93,2026-09-07
INDIQUBE,EQ,196.0,204.6,190.21,202.13,194.54,125698,250.61,2026-09-07
INDNIPPON,EQ,1180.0,1180.0,1115.0,1128.4,1158.2,38355,436.52,2026-09-07
INDOBORAX,EQ,524.0,542.8,501.0,503.95,514.9,392536,2044.91,2026-09-07
INDOCO,EQ,249.3,257.24,248.06,250.7,262.51,315104,794.82,2026-09-07
INDOFARM,EQ,135.0,135.0,131.0,131.65,134.03,72717,96.37,2026-09-07
INDOKEM,EQ,639.0,645.0,630.05,636.35,625.55,4721,30.05,2026-09-07
INDOMIM,EQ,973.9,976.95,941.75,946.7,971.5,1601278,15386.2,2026-09-07
INDORAMA,EQ,74.0,78.0,71.8,73.56,72.96,2102406,1590.19,2026-09-07
INDOSTAR,EQ,260.89,260.89,250.6,253.08,258.66,58965,149.46,2026-09-07
INDOTECH,EQ,3666.4,3690.0,3558.1,3666.6,3663.1,19314,699.93,2026-09-07
INDOTHAI,EQ,33.97,37.53,33.97,37.53,35.75,16502372,5952.42,2026-09-07
INDOUS,EQ,77.48,79.95,75.96,78.74,77.48,5684,4.42,2026-09-07
INDOWIND,EQ,9.19,9.19,8.61,8.91,9.02,84385,7.52,2026-09-07
INDPRUD,EQ,6300.0,6390.0,6260.0,6385.0,6305.0,75,4.73,2026-09-07
INDRAMEDCO,EQ,349.7,353.9,349.15,351.4,349.7,127117,447.24,2026-09-07
INDSWFTLAB,EQ,351.5,373.45,351.0,368.7,355.95,650855,2386.71,2026-09-07
INDTERRAIN,EQ,30.42,31.39,30.0,30.74,30.42,8811,2.67,2026-09-07
INDUSINDBK,EQ,1004.1,1017.9,995.0,998.0,1008.5,1418742,14255.61,2026-09-07
INDUSTOWER,EQ,379.25,383.75,376.0,376.45,376.8,4311184,16336.82,2026-09-07
INFOBEAN,EQ,161.27,161.27,158.14,159.73,162.08,185457,295.89,2026-09-07
INFOMEDIA,EQ,5.35,5.57,5.2,5.43,5.35,15375,0.84,2026-09-07
INFRA,EQ,12.05,12.1,11.97,11.98,12.04,19707,2.37,2026-09-07
INFRABEES,EQ,969.0,969.0,947.7,949.48,956.45,6435,61.14,2026-09-07
INFRAIETF,EQ,94.51,95.2,94.21,94.39,94.8,71385,67.45,2026-09-07
INFY,EQ,1109.5,1109.9,1085.0,1087.5,1130.0,7668346,83904.99,2026-09-07
INGERRAND,EQ,4840.0,4849.8,4713.5,4730.3,4844.7,21053,999.35,2026-09-07
INNOVACAP,EQ,1198.9,1199.4,1155.0,1164.4,1175.4,104975,1236.63,2026-09-07
INNOVANA,EQ,305.2,316.7,300.0,301.65,305.2,822,2.53,2026-09-07
INNOVISION,EQ,260.0,260.0,254.9,256.25,254.9,8908,22.84,2026-09-07
INOXGREEN,EQ,175.0,175.1,169.01,172.28,175.1,1320442,2258.59,2026-09-07
INOXINDIA,EQ,2260.0,2265.0,2214.1,2231.4,2247.8,154701,3454.72,2026-09-07
INOXWIND,EQ,74.5,75.99,73.66,75.6,74.4,15134302,11380.88,2026-09-07
INSECTICID,EQ,611.55,625.55,600.3,606.5,618.45,31882,196.41,2026-09-07
INSPIRISYS,EQ,89.1,90.7,88.01,88.75,89.53,2089,1.86,2026-09-07
INSUREIETF,EQ,15.32,15.32,15.05,15.06,15.23,468531,70.72,2026-09-07
INTELLECT,EQ,690.7,691.0,675.7,682.15,686.65,244782,1665.07,2026-09-07
INTENTECH,EQ,82.25,82.7,80.01,80.71,82.25,7085,5.77,2026-09-07
INTERARCH,EQ,1707.0,1714.9,1688.0,1703.5,1707.0,31615,538.45,2026-09-07
INTERNET,EQ,14.6,14.98,14.46,14.53,14.61,182327,26.57,2026-09-07
INTLCONV,EQ,83.08,83.08,79.1,79.92,81.18,62311,50.29,2026-09-07
INVENTURE,EQ,0.94,0.95,0.92,0.92,0.93,633483,5.91,2026-09-07
IOB,EQ,33.55,33.63,33.02,33.1,33.55,1509216,500.23,2026-09-07
IOC,EQ,137.0,137.5,135.15,135.15,137.6,5955660,8099.58,2026-09-07
IOLCP,EQ,202.9,217.5,202.5,213.04,199.95,10023570,21130.48,2026-09-07
IONEXCHANG,EQ,413.0,454.0,409.0,439.1,409.2,4902160,21680.54,2026-09-07
IPCALAB,EQ,1965.4,1978.4,1943.7,1959.1,1965.3,92425,1807.94,2026-09-07
IPL,EQ,138.8,138.8,136.0,136.63,138.34,87993,120.45,2026-09-07
IPRINGLTD,EQ,150.01,168.99,150.01,154.84,159.99,2504,3.88,2026-09-07
IRB,EQ,19.6,19.67,19.23,19.25,19.65,4864321,941.39,2026-09-07
IRCON,EQ,119.0,120.09,117.5,117.71,119.25,1299800,1539.71,2026-09-07
IRCTC,EQ,476.05,477.7,473.65,474.5,476.05,405838,1927.73,2026-09-07
IREDA,EQ,113.27,113.99,112.6,112.95,113.64,2955590,3339.91,2026-09-07
IRFC,EQ,83.5,83.9,82.63,83.0,83.4,5917347,4925.83,2026-09-07
IRIS,EQ,271.4,271.4,256.01,260.35,265.92,33019,86.88,2026-09-07
IRISDOREME,EQ,65.0,65.0,61.63,62.15,63.58,948563,603.8,2026-09-07
IRMENERGY,EQ,282.1,288.0,281.0,284.5,281.4,64263,182.69,2026-09-07
ISFT,EQ,81.5,84.18,81.49,83.1,81.61,127511,105.99,2026-09-07
ISGEC,EQ,792.0,792.0,778.9,781.1,787.35,31403,246.37,2026-09-07
ISHANCH,EQ,44.92,46.28,43.85,44.3,44.29,22763,10.2,2026-09-07
ISTLTD,EQ,655.0,702.15,643.55,654.9,654.55,1918,12.66,2026-09-07
IT,EQ,34.79,34.79,33.2,33.32,34.09,508608,169.98,2026-09-07
ITADD,EQ,32.5,32.73,31.68,31.79,32.57,195664,62.22,2026-09-07
ITAXIS,EQ,335.64,338.0,328.6,330.42,339.03,8697,28.78,2026-09-07
ITBEES,EQ,35.0,35.0,33.22,33.33,34.09,10631291,3555.44,2026-09-07
ITBETA,EQ,318.2,318.27,314.67,316.25,322.95,1297,4.11,2026-09-07
ITC,EQ,264.1,264.95,262.95,263.5,264.1,6688002,17632.36,2026-09-07
ITCHOTELS,EQ,161.0,161.0,157.5,157.77,161.23,1451816,2303.97,2026-09-07
ITDC,EQ,645.0,648.0,640.2,643.35,644.35,40483,260.42,2026-09-07
ITETF,EQ,32.54,32.54,31.67,31.78,32.54,452051,144.06,2026-09-07
ITI,EQ,272.1,275.9,269.15,270.6,272.5,171656,467.51,2026-09-07
ITIETF,EQ,34.01,34.01,33.25,33.36,34.01,485884,162.4,2026-09-07
ITL,EQ,369.85,375.75,364.05,364.45,364.55,5110,18.74,2026-09-07
IVALUE,EQ,231.87,235.95,225.65,227.02,230.26,114721,263.42,2026-09-07
IVC,EQ,10.19,10.48,10.0,10.28,10.24,784795,80.92,2026-09-07
IVZBANKNF,EQ,56.41,57.16,56.41,57.05,57.56,393,0.22,2026-09-07
IVZINGOLD,EQ,133.6,133.6,131.1,131.85,133.95,38012,50.03,2026-09-07
IVZINNIFTY,EQ,274.53,274.53,272.68,273.0,274.53,2129,5.81,2026-09-07
IVZSENSEX,EQ,78.1,78.59,75.93,76.28,76.56,2082,1.59,2026-09-07
IWP,EQ,33.2,34.94,33.2,34.41,34.38,6764,2.33,2026-09-07
IXIGO,EQ,168.85,168.85,164.4,167.39,166.75,504059,838.7,2026-09-07
IZMO,EQ,898.5,950.0,878.0,924.5,902.45,205930,1892.15,2026-09-07
J&KBANK,EQ,150.09,150.09,146.5,147.88,150.02,1078053,1593.52,2026-09-07
JAGRAN,EQ,61.4,62.0,60.82,61.81,60.98,252138,154.57,2026-09-07
JAGSNPHARM,EQ,242.06,247.96,237.2,239.06,242.06,59705,143.54,2026-09-07
JAIBALAJI,EQ,71.0,72.5,66.3,69.71,69.73,2563416,1802.74,2026-09-07
JAICORPLTD,EQ,99.55,100.3,98.1,98.56,99.52,245829,243.58,2026-09-07
JAINREC,EQ,277.9,290.6,277.9,281.35,277.95,1350135,3844.93,2026-09-07
JAIPURKURT,EQ,24.85,25.71,24.85,25.49,25.33,26169,6.55,2026-09-07
JAMNAAUTO,EQ,120.17,127.0,120.17,126.61,120.69,3705464,4640.21,2026-09-07
JARO,EQ,445.1,447.4,441.0,443.4,445.65,102854,457.92,2026-09-07
JASH,EQ,498.0,514.0,490.0,511.15,478.5,484422,2439.38,2026-09-07
JAYAGROGN,EQ,230.6,234.0,227.0,228.33,230.6,11160,25.58,2026-09-07
JAYBARMARU,EQ,122.5,123.97,118.61,120.19,122.29,261651,315.71,2026-09-07
JAYKAY,EQ,154.2,160.78,151.51,158.73,153.69,587254,917.46,2026-09-07
JAYNECOIND,EQ,90.62,93.07,89.03,89.67,89.04,8499629,7727.4,2026-09-07
JAYSREETEA,EQ,100.54,103.0,98.1,98.61,98.95,55012,55.1,2026-09-07
JBMA,EQ,622.8,625.5,610.9,613.6,625.6,203154,1252.32,2026-09-07
JENBURPH,EQ,1022.2,1057.0,1022.2,1043.0,1038.8,575,6.0,2026-09-07
JETFREIGHT,EQ,21.28,21.56,20.0,20.31,21.18,185078,38.37,2026-09-07
JGCHEM,EQ,596.05,608.1,577.4,581.35,598.15,285713,1683.84,2026-09-07
JHS,EQ,7.89,8.15,7.85,7.99,7.89,22920,1.84,2026-09-07
JINDALPHOT,EQ,1021.2,1028.8,1007.2,1010.8,1021.2,1748,17.73,2026-09-07
JINDALPOLY,EQ,672.35,719.5,672.35,699.1,672.35,38473,269.82,2026-09-07
JINDALSAW,EQ,311.0,312.6,305.55,309.55,305.3,2210468,6841.35,2026-09-07
JINDALSTEL,EQ,1164.5,1168.0,1130.0,1147.9,1165.0,752810,8591.42,2026-09-07
JINDRILL,EQ,666.95,686.9,653.7,664.15,663.05,722088,4871.7,2026-09-07
JINDWORLD,EQ,59.15,61.99,52.02,58.52,57.51,95411627,54788.36,2026-09-07
JIOFIN,EQ,239.0,239.3,234.4,234.4,239.5,10127575,23871.68,2026-09-07
JISLDVREQS,EQ,22.29,22.4,21.32,21.99,21.93,84004,18.52,2026-09-07
JISLJALEQS,EQ,31.35,32.94,30.61,32.51,30.87,17973234,5777.04,2026-09-07
JITFINFRA,EQ,307.0,307.8,296.1,301.0,304.5,22805,68.69,2026-09-07
JKCEMENT,EQ,5083.5,5106.5,5021.0,5047.0,5083.5,37329,1888.79,2026-09-07
JKIL,EQ,487.05,492.8,484.35,491.3,487.35,43503,213.05,2026-09-07
JKIPL,EQ,104.98,104.98,98.05,98.56,100.56,5563,5.55,2026-09-07
JKLAKSHMI,EQ,516.1,518.95,505.9,507.15,515.7,162822,830.48,2026-09-07
JKPAPER,EQ,410.15,429.7,409.0,420.05,405.8,2617975,11053.34,2026-09-07
JKTYRE,EQ,368.45,369.9,366.55,368.45,367.35,241365,888.66,2026-09-07
JLHL,EQ,284.0,289.9,283.25,285.4,286.45,50788,144.89,2026-09-07
JMA,EQ,92.15,92.19,90.0,90.04,90.58,5812,5.27,2026-09-07
JMFINANCIL,EQ,132.77,132.85,129.0,130.28,132.06,3350488,4363.98,2026-09-07
JNKINDIA,EQ,448.95,450.0,428.85,435.35,445.05,69670,305.59,2026-09-07
JNPR,EQ,264.0,268.4,258.0,260.65,265.1,277307,727.47,2026-09-07
JOCIL,EQ,150.4,167.4,147.51,159.32,154.3,54555,86.81,2026-09-07
JPOLYINVST,EQ,997.45,1019.9,993.1,1006.8,997.45,4998,50.18,2026-09-07
JPPOWER,EQ,16.29,17.14,16.09,16.79,16.29,91476432,15291.44,2026-09-07
JSFB,EQ,533.4,540.05,528.5,538.5,535.1,358223,1918.12,2026-09-07
JSL,EQ,737.95,741.0,728.0,736.8,737.85,536059,3944.9,2026-09-07
JSLL,EQ,518.65,531.05,513.7,516.75,516.3,604190,3150.64,2026-09-07
JSWCEMENT,EQ,123.6,125.0,121.16,121.81,124.07,1140728,1397.19,2026-09-07
JSWDULUX,EQ,3182.0,3238.5,3161.0,3186.8,3174.5,31552,1006.76,2026-09-07
JSWENERGY,EQ,539.9,541.25,528.0,530.0,539.85,2738335,14605.92,2026-09-07
JSWHL,EQ,11549.0,11549.0,11312.0,11372.0,11472.0,1253,142.51,2026-09-07
JSWINFRA,EQ,333.4,338.65,330.0,330.85,333.0,2486873,8316.69,2026-09-07
JSWSTEEL,EQ,1334.3,1335.0,1301.0,1302.0,1325.0,1276231,16762.08,2026-09-07
JTEKTINDIA,EQ,121.46,122.0,119.55,121.3,121.27,159794,192.57,2026-09-07
JTLIND,EQ,92.42,92.42,88.0,89.51,91.67,2749009,2453.66,2026-09-07
JUBLCPL,EQ,2222.6,2273.9,2191.1,2206.6,2222.6,8080,179.74,2026-09-07
JUBLFOOD,EQ,482.0,484.2,472.1,475.4,482.7,391181,1868.77,2026-09-07
JUBLINGREA,EQ,680.7,684.95,669.15,675.35,680.3,107000,723.83,2026-09-07
JUBLPHARMA,EQ,928.0,954.2,918.0,950.3,924.5,317471,2981.73,2026-09-07
JUNIORBEES,EQ,790.0,796.3,785.2,786.26,791.07,260292,2049.92,2026-09-07
JUNIPER,EQ,216.8,217.95,214.5,215.33,216.82,64582,139.2,2026-09-07
JUSTDIAL,EQ,699.8,701.35,685.1,698.75,692.85,132821,923.24,2026-09-07
JWL,EQ,243.24,248.4,243.24,244.99,243.24,625971,1536.05,2026-09-07
JYOTHYLAB,EQ,203.0,203.0,194.2,195.1,201.54,906846,1788.04,2026-09-07
JYOTICNC,EQ,1002.5,1024.85,998.05,1020.65,1003.9,927422,9395.21,2026-09-07
JYOTIRES,EQ,855.25,875.9,852.3,868.75,868.1,5575,48.29,2026-09-07
JYOTISTRUC,EQ,10.05,10.3,9.82,10.16,10.02,6554240,661.84,2026-09-07
KABRAEXTRU,EQ,587.0,642.0,587.0,634.5,579.15,759426,4783.56,2026-09-07
KAJARIACER,EQ,1235.0,1239.6,1215.0,1220.5,1239.6,124971,1533.25,2026-09-07
KAKATCEM,EQ,108.1,113.0,108.1,109.14,109.6,3671,4.06,2026-09-07
KALAMANDIR,EQ,86.49,86.93,85.6,85.93,86.49,213711,183.75,2026-09-07
KALPATARU,EQ,273.1,277.65,273.1,275.9,277.65,10479,28.83,2026-09-07
KALYANKJIL,EQ,600.0,602.75,590.0,591.0,598.8,3808474,22674.21,2026-09-07
KAMAHOLD,EQ,2368.0,2368.0,2321.0,2331.1,2348.2,3887,90.72,2026-09-07
KAMANWALA,EQ,16.59,16.99,16.5,16.53,16.59,620,0.1,2026-09-07
KAMATHOTEL,EQ,224.13,229.0,221.13,228.19,225.51,50009,112.6,2026-09-07
KAMOPAINTS,EQ,4.53,4.59,4.31,4.4,4.53,336415,14.87,2026-09-07
KANANIIND,EQ,1.54,1.55,1.5,1.52,1.52,70990,1.08,2026-09-07
KANCHI,EQ,409.7,409.7,398.0,403.05,409.7,1467,5.9,2026-09-07
KANCOTEA,EQ,54.85,58.7,52.45,56.4,54.85,185,0.11,2026-09-07
KANPRPLA,EQ,253.0,254.85,238.1,240.1,250.2,28881,70.27,2026-09-07
KANSAINER,EQ,193.85,196.9,193.25,194.28,194.2,142743,278.93,2026-09-07
KAPSTON,EQ,584.05,586.45,560.3,566.5,584.05,81363,462.4,2026-09-07
KARMAENG,EQ,37.45,38.24,37.2,37.3,37.45,1761,0.66,2026-09-07
KARURVYSYA,EQ,348.0,351.2,341.0,341.7,348.85,1235358,4260.86,2026-09-07
KAVDEFENCE,EQ,70.05,72.97,65.61,66.51,67.14,1750897,1198.64,2026-09-07
KAYNES,EQ,3588.8,3734.8,3571.1,3604.0,3598.0,1148533,42001.88,2026-09-07
KCP,EQ,163.3,164.81,160.54,163.3,162.38,168236,273.92,2026-09-07
KDDL,EQ,3900.0,4025.0,3900.0,3991.9,3911.0,46216,1845.72,2026-09-07
KDGREEN,EQ,50.19,53.0,48.05,48.57,50.44,415996,205.44,2026-09-07
KEC,EQ,408.55,409.8,399.55,401.65,408.55,720450,2902.29,2026-09-07
KECL,EQ,126.78,128.0,122.2,122.93,126.41,106450,132.4,2026-09-07
KEEPLEARN,EQ,2.0,2.24,1.89,1.91,1.87,173243,3.51,2026-09-07
KEI,EQ,4850.0,4871.0,4678.0,4704.0,4850.0,1220350,57658.77,2026-09-07
KELLTONTEC,EQ,13.95,14.0,13.51,13.62,13.87,2692298,368.2,2026-09-07
KENNAMET,EQ,4717.0,4799.8,4654.0,4693.0,4688.5,32325,1530.43,2026-09-07
KERNEX,EQ,1830.0,1864.0,1750.0,1769.3,1817.0,280918,5046.14,2026-09-07
KEYFINSERV,EQ,252.9,252.9,244.2,248.6,245.05,629,1.56,2026-09-07
KFINTECH,EQ,928.8,932.8,918.05,922.5,928.9,301718,2792.97,2026-09-07
KHAICHEM,EQ,54.97,55.0,53.1,53.6,54.86,106909,57.64,2026-09-07
KHAITANLTD,EQ,163.0,164.0,150.51,162.35,162.0,6696,10.42,2026-09-07
KHANDSE,EQ,18.48,18.58,16.96,17.61,18.38,3101,0.55,2026-09-07
KICL,EQ,5173.0,5246.0,5150.0,5196.0,5203.0,419,21.77,2026-09-07
KIMS,EQ,760.0,770.6,758.1,764.55,764.1,135387,1033.42,2026-09-07
KINGFA,EQ,5915.0,6098.5,5880.0,6056.5,5932.5,12213,735.62,2026-09-07
KIOCL,EQ,382.1,384.2,375.0,376.5,382.1,73813,279.36,2026-09-07
KIRANVYPAR,EQ,204.0,207.78,204.0,204.65,205.41,1193,2.44,2026-09-07
KIRIINDUS,EQ,565.05,603.95,565.05,583.2,559.1,3877065,22878.09,2026-09-07
KIRLFER,EQ,462.7,463.5,457.5,460.1,459.6,47157,216.97,2026-09-07
KIRLOSBROS,EQ,1862.0,1869.3,1825.0,1832.4,1862.0,26166,481.54,2026-09-07
KIRLOSENG,EQ,2180.0,2218.5,2156.5,2174.8,2201.9,237548,5175.45,2026-09-07
KIRLOSIND,EQ,3720.0,3743.9,3689.9,3715.1,3731.5,2583,95.94,2026-09-07
KIRLPNU,EQ,762.8,768.8,754.7,760.15,760.45,99244,756.31,2026-09-07
KISSHT,EQ,307.05,326.0,306.55,320.95,309.3,2052956,6551.95,2026-09-07
KITEX,EQ,127.99,128.96,126.55,127.77,128.85,283393,361.99,2026-09-07
KJMCFIN,EQ,63.14,65.88,60.23,61.84,63.14,5578,3.47,2026-09-07
KKCL,EQ,519.85,522.8,502.0,504.5,514.3,17767,90.92,2026-09-07
KLBRENG-B,EQ,468.05,476.0,456.3,461.2,467.85,278310,1298.94,2026-09-07
KMCSHIL,EQ,140.37,140.4,135.0,135.73,138.24,70725,96.51,2026-09-07
KMEW,EQ,3033.4,3060.4,2910.0,2961.6,3033.4,80097,2370.88,2026-09-07
KMSUGAR,EQ,30.65,31.99,30.6,30.71,30.68,350469,109.08,2026-09-07
KNACK,EQ,189.72,190.0,185.0,185.93,187.3,664588,1239.64,2026-09-07
KNAGRI,EQ,200.0,201.9,198.91,201.18,199.4,3513,7.03,2026-09-07
KNRCON,EQ,124.0,125.64,121.95,122.75,124.66,995698,1230.95,2026-09-07
KOHINOOR,EQ,33.0,33.0,30.5,30.87,32.77,309835,97.58,2026-09-07
KOKUYOCMLN,EQ,80.81,81.0,78.88,79.43,80.61,55343,44.23,2026-09-07
KOLTEPATIL,EQ,440.0,446.2,437.8,443.6,441.85,53573,237.12,2026-09-07
KOPRAN,EQ,234.2,253.71,230.5,245.87,232.54,2037485,4957.37,2026-09-07
KOTAKBANK,EQ,421.8,425.7,421.0,422.1,424.5,7148641,30233.75,2026-09-07
KOTHARIPET,EQ,131.5,135.5,131.5,133.27,130.56,110465,147.41,2026-09-07
KOTHARIPRO,EQ,68.9,68.9,65.37,66.16,67.39,13662,9.08,2026-09-07
KOTIC,EQ,134.4,134.89,128.85,131.86,132.47,11885,15.74,2026-09-07
KOVAI,EQ,6045.0,6125.0,6000.5,6069.0,6062.5,4985,301.98,2026-09-07
KPEL,EQ,247.0,254.85,240.77,241.85,247.32,303324,744.41,2026-09-07
KPIGREEN,EQ,305.5,306.75,302.0,302.6,307.0,619631,1879.99,2026-09-07
KPIL,EQ,1406.6,1427.9,1400.1,1424.4,1406.6,96907,1372.9,2026-09-07
KPITTECH,EQ,575.85,575.9,560.0,562.25,575.45,1316814,7449.28,2026-09-07
KPL,EQ,3312.3,3428.3,3285.6,3411.2,3285.5,22589,763.76,2026-09-07
KPRMILL,EQ,1180.0,1182.0,1144.4,1154.7,1186.3,204839,2369.89,2026-09-07
KRBL,EQ,425.0,439.8,422.0,427.3,421.95,690366,2980.73,2026-09-07
KREBSBIO,EQ,55.14,57.72,54.26,55.99,55.95,3613,2.02,2026-09-07
KRIDHANINF,EQ,2.0,2.08,1.98,1.99,2.03,96168,1.92,2026-09-07
KRISHANA,EQ,183.44,186.34,181.5,182.84,184.13,542443,992.55,2026-09-07
KRISHIVAL,EQ,417.0,418.8,414.7,415.25,416.3,11010,45.88,2026-09-07
KRISHNADEF,EQ,1016.0,1073.9,1011.0,1066.4,1013.2,142424,1503.6,2026-09-07
KRITI,EQ,61.6,64.0,60.5,62.47,61.6,17485,10.93,2026-09-07
KRITIKA,EQ,5.26,5.46,5.21,5.35,5.37,166723,8.88,2026-09-07
KRITINUT,EQ,86.0,87.0,82.55,83.2,86.45,14700,12.36,2026-09-07
KRN,EQ,1578.0,1653.9,1574.9,1625.4,1578.7,329624,5381.71,2026-09-07
KROSS,EQ,212.84,212.99,208.12,209.13,211.57,103699,217.94,2026-09-07
KRSNAA,EQ,559.25,567.55,551.0,564.05,560.0,34582,193.6,2026-09-07
KRYSTAL,EQ,650.0,667.5,650.0,661.5,654.6,12891,85.21,2026-09-07
KSB,EQ,822.0,822.0,799.45,801.45,813.55,91474,737.37,2026-09-07
KSCL,EQ,744.1,749.85,729.0,732.3,744.1,41739,307.57,2026-09-07
KSE,EQ,181.92,182.0,175.52,177.0,180.12,25847,45.99,2026-09-07
KSHINTL,EQ,1094.65,1125.9,1090.7,1105.65,1087.8,320607,3556.01,2026-09-07
KSHITIJPOL,EQ,3.46,3.46,3.46,3.46,3.3,928806,32.14,2026-09-07
KSL,EQ,941.6,959.7,936.1,941.45,940.5,72294,684.29,2026-09-07
KSOLVES,EQ,274.95,274.95,268.75,269.1,272.05,20423,55.13,2026-09-07
KSR,EQ,34.89,34.95,33.01,34.13,34.61,188573,64.58,2026-09-07
KTKBANK,EQ,339.6,340.0,332.6,333.6,340.1,1114008,3729.69,2026-09-07
KUANTUM,EQ,75.03,80.06,73.91,76.7,74.18,296520,230.69,2026-09-07
KUSUMGAR,EQ,569.0,576.55,568.95,571.9,571.2,131443,752.16,2026-09-07
KWIL,EQ,42.1,42.49,41.03,41.12,42.12,11048008,4597.92,2026-09-07
LADDERUP,EQ,50.0,50.0,50.0,50.0,51.4,16,0.01,2026-09-07
LAGNAM,EQ,74.05,76.0,74.05,74.55,74.8,2066,1.54,2026-09-07
LAHOTIOV,EQ,43.94,45.0,42.0,44.0,43.08,4169,1.78,2026-09-07
LAKSHMIMIL,EQ,7671.5,7900.0,7625.0,7734.0,7621.0,22,1.7,2026-09-07
LAL,EQ,8.87,9.06,8.81,8.86,8.91,18975,1.69,2026-09-07
LALITHAA,EQ,314.0,326.8,309.5,317.75,306.7,24705575,78637.31,2026-09-07
LALPATHLAB,EQ,1880.0,1913.0,1870.1,1901.9,1877.5,191362,3629.43,2026-09-07
LAMBODHARA,EQ,134.67,140.0,133.26,134.6,134.67,6832,9.34,2026-09-07
LANCER,EQ,13.06,13.23,12.63,12.96,13.03,341167,44.23,2026-09-07
LANCORHOL,EQ,41.5,41.75,38.41,40.12,40.35,855132,342.92,2026-09-07
LANDMARK,EQ,510.15,513.1,491.15,494.1,510.15,97730,487.02,2026-09-07
LANDSMILL,EQ,0.64,0.64,0.58,0.58,0.63,6371276,38.38,2026-09-07
LAOPALA,EQ,174.0,174.59,171.2,171.96,173.9,38975,67.2,2026-09-07
LARGEMID50,EQ,37.0,37.0,36.13,36.15,36.39,3824,1.38,2026-09-07
LASA,EQ,6.73,6.8,6.6,6.68,6.73,17590,1.18,2026-09-07
LASERPOWER,EQ,296.9,312.9,295.2,310.7,295.65,1032439,3163.77,2026-09-07
LATENTVIEW,EQ,266.25,268.55,258.75,261.7,267.25,522059,1364.62,2026-09-07
LATTEYS,EQ,20.6,21.31,20.06,20.63,20.5,23947,4.98,2026-09-07
LAURUSLABS,EQ,1840.0,1876.7,1832.7,1876.7,1840.0,1148664,21358.39,2026-09-07
LAXMICOT,EQ,13.75,14.0,13.3,13.38,13.73,25952,3.5,2026-09-07
LAXMIDENTL,EQ,199.14,200.01,196.75,197.73,199.14,26034,51.6,2026-09-07
LAXMIINDIA,EQ,133.45,136.75,130.37,130.89,132.6,299362,399.0,2026-09-07
LCCINFOTEC,EQ,3.81,3.98,3.55,3.79,3.81,23439,0.89,2026-09-07
LCL,EQ,584.0,587.95,561.95,565.5,581.5,364696,2069.97,2026-09-07
LEAPIND,EQ,152.0,152.55,145.45,146.28,150.26,2141218,3180.68,2026-09-07
LEMERITE,EQ,20.81,21.2,20.26,20.72,20.93,166891,34.67,2026-09-07
LEMONTREE,EQ,105.49,107.49,105.38,107.28,104.95,3117893,3324.51,2026-09-07
LENSKART,EQ,688.95,697.25,684.5,688.0,684.9,3142143,21647.37,2026-09-07
LEXUS,EQ,13.7,13.78,13.33,13.38,13.53,2663,0.36,2026-09-07
LFIC,EQ,134.64,134.64,134.59,134.59,134.64,414,0.56,2026-09-07
LGBBROSLTD,EQ,1688.1,1749.7,1688.1,1731.7,1702.8,45200,784.82,2026-09-07
LGEINDIA,EQ,1654.5,1668.9,1640.1,1647.8,1640.7,314218,5186.5,2026-09-07
LGHL,EQ,171.1,180.99,171.1,176.23,175.42,12672,22.53,2026-09-07
LIBAS,EQ,10.46,10.5,9.95,9.99,10.46,101788,10.23,2026-09-07
LIBERTSHOE,EQ,237.88,237.88,230.41,231.37,233.27,14382,33.44,2026-09-07
LICHSGFIN,EQ,563.15,567.6,548.0,552.0,562.05,1618855,9045.28,2026-09-07
LICI,EQ,418.7,419.6,410.25,411.5,415.35,2694855,11151.5,2026-09-07
LICMFGOLD,EQ,138.0,138.0,136.3,137.1,138.75,40485,55.4,2026-09-07
LICNETFGSC,EQ,30.07,30.07,29.16,29.4,29.34,41178,12.07,2026-09-07
LICNETFN50,EQ,268.7,268.7,266.1,266.1,267.77,1457,3.89,2026-09-07
LICNETFSEN,EQ,865.7,865.76,858.02,858.02,862.89,15,0.13,2026-09-07
LICNFNHGP,EQ,273.31,274.65,267.05,270.76,270.61,3521,9.51,2026-09-07
LICNMID100,EQ,63.76,63.97,63.25,63.32,63.84,5433,3.45,2026-09-07
LIKHITHA,EQ,204.0,206.34,202.21,205.16,204.8,39855,81.45,2026-09-07
LINC,EQ,98.99,98.99,95.07,96.8,95.07,12384,11.97,2026-09-07
LINCOLN,EQ,626.8,640.0,617.7,632.35,620.8,75014,473.15,2026-09-07
LINDEINDIA,EQ,6346.0,6394.5,6300.5,6372.5,6346.0,14317,907.71,2026-09-07
LIQGRWBEES,EQ,1059.73,1059.73,1054.56,1054.56,1054.46,36349,383.33,2026-09-07
LIQUID,EQ,999.99,1000.0,999.99,999.99,999.99,134800,1348.0,2026-09-07
LIQUID1,EQ,1122.0,1122.0,1121.43,1121.56,1121.43,3065905,34386.01,2026-09-07
LIQUIDADD,EQ,1143.64,1143.81,1143.63,1143.64,1143.51,2275197,26019.88,2026-09-07
LIQUIDBEES,EQ,1000.0,1001.0,999.62,999.99,1000.0,3518550,35185.39,2026-09-07
LIQUIDBETA,EQ,981.86,1019.0,981.86,1007.14,1007.04,127,1.28,2026-09-07
LIQUIDBETF,EQ,1097.77,1097.79,1097.77,1097.78,1097.63,199910,2194.58,2026-09-07
LIQUIDCASE,EQ,115.8,115.82,115.8,115.81,115.8,15135867,17528.82,2026-09-07
LIQUIDETF,EQ,999.99,1000.01,999.99,999.99,999.99,94305,943.05,2026-09-07
LIQUIDIETF,EQ,999.99,1000.01,999.99,999.99,999.99,209203,2092.03,2026-09-07
LIQUIDPLUS,EQ,1102.12,1102.14,1102.12,1102.13,1102.01,131407,1448.28,2026-09-07
LIQUIDSBI,EQ,1000.0,1000.0,999.99,999.99,1000.0,591,5.91,2026-09-07
LIQUIDSHRI,EQ,1120.42,1120.42,1120.4,1120.4,1120.33,15393,172.46,2026-09-07
LKPSEC,EQ,15.28,15.82,15.05,15.42,15.28,8421,1.29,2026-09-07
LLOYDSENGG,EQ,84.0,85.11,82.65,83.19,84.21,3246321,2714.75,2026-09-07
LLOYDSENT,EQ,74.0,74.32,72.1,72.28,74.23,1823072,1328.7,2026-09-07
LLOYDSME,EQ,1820.0,1823.0,1801.1,1803.0,1823.0,257764,4649.86,2026-09-07
LMW,EQ,18780.0,18891.0,18455.0,18551.0,18774.0,4966,924.25,2026-09-07
LODHA,EQ,1231.9,1231.9,1200.0,1200.0,1222.0,410768,4980.74,2026-09-07
LOKESHMACH,EQ,373.7,374.45,355.1,357.7,364.6,47124,172.9,2026-09-07
LORDSCHLO,EQ,149.0,149.0,138.05,138.93,146.6,20253,28.65,2026-09-07
LOTUSCHO,EQ,633.55,655.65,592.0,596.45,630.4,17992,108.91,2026-09-07
LOTUSEYE,EQ,109.43,111.45,107.6,109.06,109.43,10632,11.68,2026-09-07
LOVABLE,EQ,71.37,72.9,70.0,70.96,71.37,12581,8.94,2026-09-07
LOWVOL,EQ,204.13,204.21,203.3,203.84,204.13,2063,4.2,2026-09-07
LOWVOL1,EQ,21.35,21.35,20.72,20.82,20.93,2329530,486.54,2026-09-07
LOWVOLIETF,EQ,22.52,22.52,21.73,21.84,21.98,1680113,366.76,2026-09-07
LOYALTEX,EQ,215.0,222.0,207.7,217.32,218.14,594,1.29,2026-09-07
LPDC,EQ,6.57,6.92,6.05,6.32,6.73,188005,11.9,2026-09-07
LT,EQ,3962.0,4004.9,3960.9,3999.0,3964.1,1256683,50025.44,2026-09-07
LTF,EQ,314.0,315.3,310.9,312.5,314.0,2068591,6485.96,2026-09-07
LTFOODS,EQ,443.8,454.95,440.0,448.95,444.8,729443,3274.53,2026-09-07
LTGILTBEES,EQ,29.86,29.89,29.24,29.87,29.84,1086510,324.32,2026-09-07
LTGILTCASE,EQ,31.02,31.02,30.31,30.45,30.41,146580,44.61,2026-09-07
LTM,EQ,4500.0,4519.4,4405.0,4448.0,4554.0,361825,16062.19,2026-09-07
LTTS,EQ,3470.0,3484.8,3400.1,3414.2,3493.3,64566,2210.4,2026-09-07
LUMAXIND,EQ,6180.0,6272.5,6099.5,6139.5,6181.5,12227,756.23,2026-09-07
LUMAXTECH,EQ,1947.7,1967.7,1916.2,1935.5,1951.9,124170,2401.82,2026-09-07
LUMINO,EQ,116.75,121.0,114.4,114.82,114.5,44559124,52349.58,2026-09-07
LUPIN,EQ,2121.1,2135.5,2095.6,2105.0,2110.0,819621,17269.97,2026-09-07
LUXIND,EQ,1168.0,1184.9,1150.5,1159.4,1175.1,14521,169.71,2026-09-07
LXCHEM,EQ,172.0,174.4,170.25,171.99,172.04,583493,1005.23,2026-09-07
M&M,EQ,3154.1,3178.0,3145.0,3160.0,3170.0,1715004,54262.76,2026-09-07
M&MFIN,EQ,373.4,375.4,366.0,372.35,373.65,1859254,6862.84,2026-09-07
MAANALU,EQ,117.22,118.85,115.0,115.27,117.9,48318,56.22,2026-09-07
MACPOWER,EQ,1906.0,1920.0,1775.0,1813.7,1904.9,44751,821.88,2026-09-07
MADHAV,EQ,35.36,35.36,34.66,35.0,35.36,1200,0.42,2026-09-07
MADHAVIPL,EQ,7.91,8.15,7.81,7.91,7.98,84619,6.75,2026-09-07
MADRASFERT,EQ,65.5,65.56,64.3,64.56,65.12,33182,21.46,2026-09-07
MAFANG,EQ,212.74,224.0,210.46,219.37,207.56,967348,2116.46,2026-09-07
MAFATIND,EQ,121.66,123.85,121.0,121.83,121.66,33638,41.1,2026-09-07
MAGADSUGAR,EQ,560.7,585.0,560.0,573.95,552.05,72979,419.54,2026-09-07
MAGNUM,EQ,18.81,19.46,18.4,19.12,19.0,23999,4.58,2026-09-07
MAHABANK,EQ,86.1,87.5,84.7,85.0,85.95,12286857,10514.44,2026-09-07
MAHAPEXLTD,EQ,53.98,58.78,53.8,55.94,53.51,10593,5.96,2026-09-07
MAHEPC,EQ,105.8,105.8,101.65,103.17,103.62,25774,26.58,2026-09-07
MAHKTECH,EQ,22.1,23.2,22.1,23.04,22.1,1051069,238.94,2026-09-07
MAHLIFE,EQ,362.4,369.0,355.15,360.15,362.4,65575,236.3,2026-09-07
MAHLOG,EQ,406.95,412.0,401.55,403.2,405.35,156509,637.09,2026-09-07
MAHSCOOTER,EQ,13602.0,13628.0,13400.0,13493.0,13602.0,3534,476.83,2026-09-07
MAHSEAMLES,EQ,691.0,717.8,676.95,688.95,688.1,911812,6384.23,2026-09-07
MAITHANALL,EQ,1130.0,1195.0,1098.1,1103.85,1090.55,993839,11452.92,2026-09-07
MAKEINDIA,EQ,165.23,168.53,164.31,164.92,165.23,61763,101.86,2026-09-07
MAKERSL,EQ,195.45,195.45,176.2,186.75,189.9,2555,4.72,2026-09-07
MALLCOM,EQ,1018.6,1018.6,966.0,977.3,1018.15,4489,44.18,2026-09-07
MALUPAPER,EQ,32.44,34.95,31.69,33.07,31.65,181607,60.69,2026-09-07
MAMATA,EQ,412.5,424.65,402.0,413.5,412.55,63489,265.27,2026-09-07
MANAKALUCO,EQ,38.0,39.85,38.0,39.44,38.1,87012,34.05,2026-09-07
MANAKCOAT,EQ,121.05,123.0,120.76,121.15,121.8,86174,104.77,2026-09-07
MANAKSIA,EQ,64.3,68.4,62.88,66.36,63.05,274781,182.19,2026-09-07
MANALIPETC,EQ,88.0,88.14,84.67,86.16,86.76,2321723,2005.41,2026-09-07
MANAPPURAM,EQ,332.35,332.35,323.15,325.6,339.7,9089525,29671.8,2026-09-07
MANBA,EQ,130.03,131.98,129.5,130.79,128.95,50373,65.92,2026-09-07
MANCREDIT,EQ,226.0,228.55,224.98,226.94,228.33,64748,146.46,2026-09-07
MANGALAM,EQ,30.0,30.43,29.3,29.57,30.02,25964,7.74,2026-09-07
MANGLMCEM,EQ,1088.5,1110.1,1082.8,1090.2,1095.2,74696,817.41,2026-09-07
MANINDS,EQ,794.7,826.95,776.0,819.4,788.55,695397,5565.0,2026-09-07
MANINFRA,EQ,125.5,127.79,124.0,124.42,124.8,1448189,1826.85,2026-09-07
MANIPALHOS,EQ,730.0,734.8,708.1,727.25,725.2,1800446,13049.22,2026-09-07
MANKIND,EQ,2317.0,2331.6,2303.5,2318.0,2327.9,153500,3555.42,2026-09-07
MANOMAY,EQ,239.8,240.51,231.41,234.48,234.97,299405,708.26,2026-09-07
MANORAMA,EQ,1993.0,2024.7,1967.3,2003.6,1993.4,213280,4262.2,2026-09-07
MANORG,EQ,491.3,509.3,491.0,494.7,489.5,5971,29.81,2026-09-07
MANUFGBEES,EQ,163.73,166.07,162.44,162.77,163.73,4547,7.42,2026-09-07
MANYAVAR,EQ,597.1,598.2,583.55,586.25,594.2,271674,1603.08,2026-09-07
MAPMYINDIA,EQ,980.0,982.0,963.8,976.0,972.2,80595,784.53,2026-09-07
MARALOVER,EQ,63.98,65.0,62.21,64.26,61.83,98744,63.21,2026-09-07
MARATHON,EQ,439.0,461.5,430.95,459.5,437.9,267908,1205.26,2026-09-07
MARICO,EQ,815.15,819.05,802.5,806.0,815.15,717139,5791.1,2026-09-07
MARINE,EQ,431.45,435.95,415.0,419.95,432.15,522124,2222.17,2026-09-07
MARKOLINES,EQ,172.0,180.8,169.73,175.36,171.89,761919,1335.75,2026-09-07
MARKSANS,EQ,327.5,339.0,326.75,335.05,326.75,2798363,9341.73,2026-09-07
MARSONS,EQ,139.4,144.28,127.92,128.83,137.56,4849194,6626.07,2026-09-07
MARUTI,EQ,12691.0,12833.0,12618.0,12760.0,12694.0,413778,52791.79,2026-09-07
MASFIN,EQ,295.2,296.8,292.25,295.25,295.0,96140,283.22,2026-09-07
MASKINVEST,EQ,147.9,148.0,147.9,148.0,148.64,11,0.02,2026-09-07
MASPTOP50,EQ,81.46,87.76,81.46,85.9,79.86,985591,834.24,2026-09-07
MASTEK,EQ,1769.0,1770.0,1681.6,1691.7,1772.9,94731,1621.54,2026-09-07
MASTERTR,EQ,90.2,92.93,87.0,88.86,89.16,1260805,1132.3,2026-09-07
MATRIMONY,EQ,528.5,528.5,520.0,521.45,529.05,7444,38.93,2026-09-07
MAWANASUG,EQ,147.0,150.99,143.3,145.11,145.43,304058,447.2,2026-09-07
MAXESTATES,EQ,536.65,550.0,529.5,543.2,542.1,81378,438.88,2026-09-07
MAXHEALTH,EQ,983.0,994.9,974.0,992.0,984.8,1854549,18317.45,2026-09-07
MAXIND,EQ,151.9,153.69,145.36,147.69,150.66,66352,98.91,2026-09-07
MAYURUNIQ,EQ,725.05,731.55,701.7,712.4,734.85,174923,1244.8,2026-09-07
MAZDOCK,EQ,2490.0,2505.3,2434.1,2454.2,2475.0,535900,13214.11,2026-09-07
MBAPL,EQ,166.68,168.43,160.2,163.01,166.12,1696919,2786.18,2026-09-07
MBEL,EQ,270.15,271.2,266.05,268.05,270.15,37808,101.53,2026-09-07
MBLINFRA,EQ,24.54,24.54,23.1,23.35,24.3,70027,16.47,2026-09-07
MCCHRLS-B,EQ,685.0,685.0,625.1,679.9,670.0,194,1.32,2026-09-07
MCL,EQ,59.0,59.0,56.6,57.02,58.3,29277,16.91,2026-09-07
MCLEODRUSS,EQ,46.3,46.59,44.72,45.17,46.3,323414,147.74,2026-09-07
MCLOUD,EQ,26.41,26.5,25.9,25.97,26.29,1770283,461.79,2026-09-07
MCX,EQ,3276.9,3374.4,3276.9,3330.2,3275.4,1889368,63076.31,2026-09-07
MEDANTA,EQ,1474.1,1481.2,1420.4,1422.6,1469.8,204437,2935.65,2026-09-07
MEDIASSIST,EQ,344.95,344.95,333.15,336.5,340.35,108756,366.0,2026-09-07
MEDICAMEQ,EQ,273.0,288.0,267.0,279.25,270.25,149313,418.2,2026-09-07
MEDICAPQ,EQ,26.94,26.94,24.0,26.9,26.29,2926,0.75,2026-09-07
MEDICO,EQ,39.87,41.1,39.49,40.77,39.87,106027,42.92,2026-09-07
MEDPLUS,EQ,670.0,672.05,656.55,659.7,676.35,150921,996.44,2026-09-07
MEESHO,EQ,209.98,211.24,205.75,210.3,209.0,15413416,32316.97,2026-09-07
MEGASTAR,EQ,308.95,308.95,298.0,300.1,307.6,3236,9.82,2026-09-07
MEIL,EQ,284.0,285.95,277.15,279.25,285.1,68490,193.15,2026-09-07
MENNPIS,EQ,78.0,83.99,78.0,81.72,77.64,331191,269.76,2026-09-07
MERCANTILE,EQ,24.99,27.7,24.01,24.43,25.45,977634,252.54,2026-09-07
MERCURYEV,EQ,36.74,38.0,34.0,37.4,36.74,4166748,1531.18,2026-09-07
METAL,EQ,13.28,13.79,13.25,13.28,13.46,1556005,207.18,2026-09-07
METALIETF,EQ,13.58,13.58,12.95,13.24,13.4,4556782,604.73,2026-09-07
METROBRAND,EQ,932.0,942.35,926.15,934.5,929.15,32820,306.78,2026-09-07
METROGLOBL,EQ,137.99,142.0,132.2,140.0,136.14,377,0.52,2026-09-07
METROPOLIS,EQ,588.7,588.7,574.4,577.75,588.7,174730,1011.51,2026-09-07
MFML,EQ,18.99,19.8,18.18,18.62,18.59,3340,0.62,2026-09-07
MFSL,EQ,1537.5,1544.3,1510.0,1520.0,1548.4,938109,14305.18,2026-09-07
MGEL,EQ,14.86,17.08,13.0,15.72,14.24,1420121,222.14,2026-09-07
MGL,EQ,1097.0,1105.0,1088.1,1092.1,1096.6,99788,1091.61,2026-09-07
MHRIL,EQ,208.5,208.59,204.79,205.53,207.4,95483,197.07,2026-09-07
MID150,EQ,23.61,23.61,23.39,23.49,23.61,24438,5.74,2026-09-07
MID150BEES,EQ,234.14,241.95,234.14,239.11,240.15,641457,1533.18,2026-09-07
MID150CASE,EQ,11.79,11.79,11.51,11.63,11.68,1349390,157.04,2026-09-07
MIDBANKADD,EQ,17.5,17.5,17.35,17.38,17.5,2242,0.39,2026-09-07
MIDCAP,EQ,18.88,18.88,18.4,18.43,18.51,570419,105.36,2026-09-07
MIDCAPADD,EQ,23.28,23.28,23.09,23.12,23.28,1740,0.4,2026-09-07
MIDCAPBETA,EQ,233.5,234.62,232.73,233.48,233.21,781,1.83,2026-09-07
MIDCAPETF,EQ,23.98,23.98,23.48,23.61,23.73,9967439,2353.92,2026-09-07
MIDCAPIETF,EQ,24.06,24.13,23.75,23.9,24.06,758696,181.69,2026-09-07
MIDHANI,EQ,420.9,429.55,418.25,419.9,418.8,643391,2730.39,2026-09-07
MIDQ50ADD,EQ,25.04,25.04,24.85,24.92,25.01,37263,9.28,2026-09-07
MIDSELIETF,EQ,20.33,20.33,19.52,19.78,19.93,324925,64.35,2026-09-07
MIDSMALL,EQ,52.86,52.86,51.66,51.74,51.82,306025,158.36,2026-09-07
MIDWESTLTD,EQ,1074.5,1078.9,1051.0,1062.6,1062.1,11743,124.75,2026-09-07
MIIL,EQ,722.5,733.55,707.5,710.15,717.05,57187,407.27,2026-09-07
MILKYMIST,EQ,255.06,277.67,248.56,276.01,252.43,35261875,95438.64,2026-09-07
MINDACORP,EQ,690.05,700.15,690.05,695.55,702.8,134028,932.86,2026-09-07
MINDTECK,EQ,169.99,173.38,167.15,168.74,168.81,28354,48.06,2026-09-07
MIRZAINT,EQ,31.25,31.79,30.56,31.01,30.96,120081,37.4,2026-09-07
MITCON,EQ,77.8,80.9,76.02,80.58,77.8,19958,15.8,2026-09-07
MITTAL,EQ,0.82,0.96,0.81,0.92,0.8,11585530,108.29,2026-09-07
MKEXIM,EQ,62.0,62.02,60.25,61.35,62.18,3667,2.24,2026-09-07
MKPL,EQ,4.02,4.07,4.0,4.03,4.02,73508,2.96,2026-09-07
MLKFOOD,EQ,86.48,88.0,84.05,85.8,83.63,2956,2.54,2026-09-07
MMFL,EQ,630.15,635.9,615.2,618.1,630.1,137890,862.87,2026-09-07
MMP,EQ,405.9,455.6,404.5,444.95,404.15,388765,1709.25,2026-09-07
MMTC,EQ,64.5,64.62,63.5,63.82,64.18,1021196,653.54,2026-09-07
MMWL,EQ,14.25,14.8,13.95,14.34,14.53,15481,2.24,2026-09-07
MNC,EQ,33.21,33.37,32.99,33.04,33.21,47177,15.6,2026-09-07
MOALPHA50,EQ,56.36,56.36,55.83,56.19,56.36,4419,2.47,2026-09-07
MOBANK10,EQ,17.24,17.35,16.67,16.78,16.95,8289,1.4,2026-09-07
MOBIKWIK,EQ,191.0,195.95,189.61,194.24,192.12,796100,1540.68,2026-09-07
MOCAPITAL,EQ,54.5,55.45,54.5,54.82,54.5,1027218,563.51,2026-09-07
MODEFENCE,EQ,108.0,108.23,106.79,107.24,107.14,1225654,1315.69,2026-09-07
MODINATUR,EQ,345.0,347.65,339.05,344.8,340.95,4172,14.36,2026-09-07
MODIRUBBER,EQ,128.67,139.0,126.0,128.99,131.3,3086,4.03,2026-09-07
MODIS,EQ,383.7,385.35,378.0,383.05,380.85,26315,100.58,2026-09-07
MODISONLTD,EQ,454.5,491.95,452.0,475.6,469.95,336826,1590.38,2026-09-07
MODTHREAD,EQ,54.91,57.0,54.6,54.7,54.37,6400,3.56,2026-09-07
MOENERGY,EQ,38.84,38.84,37.65,37.89,38.42,261823,99.73,2026-09-07
MOGOLD,EQ,151.25,151.25,148.9,150.25,151.75,44956,67.38,2026-09-07
MOGSEC,EQ,65.06,65.7,65.06,65.2,65.69,1738,1.14,2026-09-07
MOHEALTH,EQ,52.88,52.88,51.37,51.89,51.84,77382,40.08,2026-09-07
MOHITE,EQ,2.79,2.9,2.7,2.81,2.79,140078,3.87,2026-09-07
MOHITIND,EQ,23.44,25.7,23.44,23.73,23.78,3230,0.77,2026-09-07
MOIL,EQ,254.25,255.47,246.9,247.22,252.3,649693,1619.78,2026-09-07
MOINFRA,EQ,60.17,60.17,58.35,58.51,58.68,18063,10.56,2026-09-07
MOIPO,EQ,49.64,49.64,48.51,48.66,49.15,881,0.43,2026-09-07
MOKSH,EQ,10.21,10.21,10.0,10.13,10.07,51262,5.2,2026-09-07
MOL,EQ,66.99,67.4,65.36,65.73,66.66,1280175,848.85,2026-09-07
MOLBIO,EQ,1170.0,1183.7,1098.2,1127.2,1160.5,1068499,12062.43,2026-09-07
MOLDTKPAC,EQ,706.6,707.3,695.0,697.6,706.65,31809,222.5,2026-09-07
MOLOWVOL,EQ,36.12,36.12,35.71,35.93,36.12,50020,17.87,2026-09-07
MOM100,EQ,68.12,68.5,67.58,67.83,68.18,328993,223.57,2026-09-07
MOM30IETF,EQ,31.36,31.44,31.08,31.23,31.36,490030,153.29,2026-09-07
MOM50,EQ,250.45,251.2,248.72,249.1,251.47,4130,10.3,2026-09-07
MOMENTUM,EQ,31.4,31.5,30.83,31.18,31.06,91422,28.48,2026-09-07
MOMENTUM30,EQ,30.81,30.87,30.64,30.76,30.81,360329,111.04,2026-09-07
MOMENTUM50,EQ,55.0,55.0,54.1,54.33,54.38,1121489,609.96,2026-09-07
MOMETAL,EQ,13.45,13.45,13.15,13.2,13.32,20769,2.74,2026-09-07
MOMGF,EQ,163.3,163.3,161.8,161.86,165.66,2408,3.9,2026-09-07
MOMIDMTM,EQ,65.02,65.02,64.16,64.44,64.55,82907,53.42,2026-09-07
MOMMIDCAP,EQ,13.05,13.05,12.94,12.96,12.99,1720781,223.26,2026-09-07
MOMNC,EQ,32.83,32.83,32.0,32.02,32.19,4522,1.45,2026-09-07
MOMOMENTUM,EQ,62.2,62.88,60.55,62.06,62.27,56872,35.35,2026-09-07
MON100,EQ,332.78,339.99,327.84,336.35,324.67,1288381,4299.39,2026-09-07
MON50EQUAL,EQ,33.33,33.33,32.77,33.08,33.17,5659,1.86,2026-09-07
MONARCH,EQ,377.9,388.9,375.0,383.25,377.9,162414,621.71,2026-09-07
MONEXT50,EQ,73.14,73.14,72.37,72.41,73.14,3953,2.87,2026-09-07
MONEYBOXX,EQ,58.79,59.99,56.0,56.83,58.8,19082,10.82,2026-09-07
MONIFTY100,EQ,25.95,25.95,25.01,25.15,25.32,13407,3.37,2026-09-07
MONIFTY500,EQ,24.5,24.5,23.67,23.78,23.91,394544,93.72,2026-09-07
MONQ50,EQ,145.47,170.31,142.21,164.09,141.93,562328,888.33,2026-09-07
MONTECARLO,EQ,574.1,584.0,571.55,575.45,574.5,61489,354.45,2026-09-07
MOOILGAS,EQ,11.52,11.52,11.12,11.12,11.29,8883,0.99,2026-09-07
MOPSE,EQ,99.6,101.57,98.77,99.05,101.57,3404,3.38,2026-09-07
MOQUALITY,EQ,198.0,198.36,196.49,197.14,198.73,1282,2.53,2026-09-07
MOREALTY,EQ,94.0,94.0,89.55,89.89,90.84,395534,356.24,2026-09-07
MOREPENLAB,EQ,115.96,122.14,114.56,118.88,113.74,21606889,25644.0,2026-09-07
MOSCHIP,EQ,212.0,218.88,210.31,212.6,212.22,2023785,4347.09,2026-09-07
MOSERVICE,EQ,31.53,31.53,30.6,30.65,30.91,4002,1.23,2026-09-07
MOSILVER,EQ,228.98,228.98,226.25,227.8,230.02,27297,62.0,2026-09-07
MOSMALL250,EQ,18.61,18.64,18.49,18.55,18.52,1328215,246.57,2026-09-07
MOTHERSON,EQ,160.5,164.65,160.12,162.0,160.7,15669796,25541.76,2026-09-07
MOTILALOFS,EQ,1037.0,1058.9,1031.4,1055.0,1037.0,1551861,16308.91,2026-09-07
MOTISONS,EQ,16.6,17.44,16.4,16.77,16.48,50923605,8632.79,2026-09-07
MOTOGENFIN,EQ,29.25,34.4,28.71,31.37,28.71,474032,151.58,2026-09-07
MOTOUR,EQ,79.29,79.29,77.1,77.37,77.74,30320,23.45,2026-09-07
MOVALUE,EQ,113.5,113.8,111.8,112.05,113.26,54279,60.93,2026-09-07
MPHASIS,EQ,2409.9,2409.9,2340.3,2369.1,2422.0,382610,9028.53,2026-09-07
MPSLTD,EQ,2666.6,2700.0,2608.1,2635.7,2658.9,11114,294.99,2026-09-07
MRF,EQ,130200.0,130300.0,128705.0,128890.0,129945.0,3771,4863.02,2026-09-07
MRPL,EQ,175.7,176.88,172.25,173.19,174.83,2388877,4147.12,2026-09-07
MSCI360,EQ,10.2,10.27,9.99,10.07,10.27,24416,2.46,2026-09-07
MSCIADD,EQ,29.44,29.44,29.25,29.3,29.53,1891,0.55,2026-09-07
MSCIINDIA,EQ,29.82,29.82,29.53,29.6,29.82,4704,1.39,2026-09-07
MSL,EQ,142.22,144.0,140.1,144.0,142.22,468,0.66,2026-09-07
MSPL,EQ,35.57,35.9,34.5,34.78,35.4,1152651,402.57,2026-09-07
MSTCLTD,EQ,738.0,795.0,729.0,785.65,734.2,1016067,7856.8,2026-09-07
MSUMI,EQ,36.35,37.05,36.27,36.9,36.52,7282689,2683.03,2026-09-07
MTNL,EQ,26.63,26.63,25.9,26.05,26.55,826835,216.92,2026-09-07
MUFIN,EQ,137.5,138.68,135.26,136.17,137.56,310297,425.84,2026-09-07
MUFTI,EQ,74.68,76.48,72.9,74.0,75.23,62838,47.17,2026-09-07
MUKANDLTD,EQ,134.0,138.89,133.41,136.9,134.44,94829,129.71,2026-09-07
MUKESHB,EQ,134.0,134.0,133.5,133.84,133.91,163,0.22,2026-09-07
MUKKA,EQ,31.5,33.22,31.11,32.15,31.34,5209798,1680.85,2026-09-07
MULTICAP,EQ,16.37,17.37,16.37,16.69,16.79,173829,29.09,2026-09-07
MUNJALAU,EQ,112.0,117.94,111.41,116.04,112.28,1017431,1176.45,2026-09-07
MUNJALSHOW,EQ,128.1,130.85,128.0,129.21,129.21,51497,66.21,2026-09-07
MURUDCERA,EQ,29.17,30.24,28.7,29.33,29.66,30157,8.94,2026-09-07
MUTHOOTCAP,EQ,237.21,245.0,237.21,239.07,241.72,4347,10.47,2026-09-07
MUTHOOTFIN,EQ,2899.0,2920.0,2871.2,2880.0,2913.8,370903,10742.46,2026-09-07
MUTHOOTMF,EQ,205.48,206.5,196.3,197.93,205.29,654148,1305.77,2026-09-07
MVELECTRO,EQ,729.7,841.1,725.0,806.45,729.7,20414269,166122.06,2026-09-07
MVGJL,EQ,181.9,215.88,181.0,215.88,179.9,3202765,6570.73,2026-09-07
MWL,EQ,39.3,40.79,37.9,38.5,38.56,560275,219.26,2026-09-07
NACLIND,EQ,169.0,169.0,164.1,164.58,166.84,209008,346.33,2026-09-07
NAGREEKCAP,EQ,23.0,24.0,23.0,23.75,23.25,5595,1.33,2026-09-07
NAGREEKEXP,EQ,22.67,23.87,22.2,22.31,24.1,59277,13.47,2026-09-07
NAHARCAP,EQ,261.95,262.25,255.2,257.85,261.75,12931,33.39,2026-09-07
NAHARINDUS,EQ,136.75,142.0,136.44,139.05,137.63,36943,51.46,2026-09-07
NAHARPOLY,EQ,252.99,252.99,236.1,238.38,244.54,11368,27.37,2026-09-07
NAHARSPING,EQ,288.0,295.0,285.1,286.15,289.8,31377,90.67,2026-09-07
NAM-INDIA,EQ,1158.8,1196.0,1152.0,1195.0,1159.9,1817884,21400.45,2026-09-07
NARMADA,EQ,13.45,14.8,13.27,14.39,13.51,1151548,161.11,2026-09-07
NATCOPHARM,EQ,829.0,841.5,828.0,838.3,828.65,301243,2515.96,2026-09-07
NATHBIOGEN,EQ,152.2,154.0,150.29,152.65,153.12,5107,7.78,2026-09-07
NATIONALUM,EQ,376.05,377.5,365.9,365.9,374.1,3280288,12129.05,2026-09-07
NATIONSTD,EQ,109.0,109.0,103.01,104.73,107.74,18222,19.12,2026-09-07
NAUKRI,EQ,1319.0,1321.8,1284.4,1302.5,1319.8,856453,11059.34,2026-09-07
NAVA,EQ,563.0,563.0,554.1,556.25,560.2,118784,661.86,2026-09-07
NAVINFLUOR,EQ,8557.5,8649.0,8532.5,8603.5,8557.5,76404,6570.53,2026-09-07
NAVKARCORP,EQ,96.24,97.37,95.38,96.02,96.24,104141,100.14,2026-09-07
NAVNETEDUL,EQ,131.0,132.9,130.1,131.84,131.21,78249,102.72,2026-09-07
NAZARA,EQ,368.25,374.4,362.5,370.3,368.65,1205780,4446.35,2026-09-07
NBCC,EQ,86.32,86.59,85.62,86.0,86.6,1862601,1601.77,2026-09-07
NBIFIN,EQ,1991.8,2035.0,1964.0,1967.7,1981.9,5452,107.32,2026-09-07
NCC,EQ,149.7,153.33,146.56,150.67,149.7,3434160,5159.41,2026-09-07
NCLIND,EQ,180.21,182.0,175.64,178.3,177.81,62081,110.28,2026-09-07
NDGL,EQ,2722.0,2839.9,2722.0,2790.0,2787.7,121,3.38,2026-09-07
NDL,EQ,2.83,3.06,2.79,2.98,2.83,2614796,77.45,2026-09-07
NDLVENTURE,EQ,125.1,125.1,119.25,120.57,124.72,9138,11.04,2026-09-07
NDRAUTO,EQ,727.0,727.0,716.5,721.45,723.45,8125,58.57,2026-09-07
NDTV,EQ,74.27,75.29,72.5,72.87,74.27,81638,60.15,2026-09-07
NEAGI,EQ,3300.0,3465.0,3298.0,3449.0,3300.1,79,2.64,2026-09-07
NECLIFE,EQ,12.11,12.4,11.9,12.07,12.19,252741,30.57,2026-09-07
NELCAST,EQ,117.0,118.99,114.01,114.77,116.99,84949,98.38,2026-09-07
NELCO,EQ,921.65,942.8,909.0,933.2,911.25,227379,2113.02,2026-09-07
NEOGEN,EQ,2148.8,2244.2,2127.5,2207.1,2137.9,177696,3930.14,2026-09-07
NEPHROPLUS,EQ,704.9,715.7,697.55,710.85,697.05,189382,1340.43,2026-09-07
NESCO,EQ,1045.6,1093.3,1043.7,1076.0,1047.6,114449,1231.44,2026-09-07
NESTLEIND,EQ,1401.0,1405.7,1392.9,1398.0,1410.5,897310,12546.23,2026-09-07
NETF,EQ,254.86,261.9,254.86,258.45,261.4,5018,13.04,2026-09-07
NETWEB,EQ,5215.0,5306.5,5135.0,5157.0,5193.0,975374,50797.16,2026-09-07
NETWORK18,EQ,28.31,28.55,27.2,27.64,28.38,5566967,1544.38,2026-09-07
NEULANDLAB,EQ,22565.0,22960.0,22415.0,22870.0,22660.0,22291,5062.95,2026-09-07
NEWGEN,EQ,524.8,526.3,515.9,520.7,524.8,537213,2789.73,2026-09-07
NEXT30ADD,EQ,42.57,42.64,42.36,42.49,42.69,7601,3.22,2026-09-07
NEXT50,EQ,758.88,758.88,748.49,748.99,755.1,177686,1331.49,2026-09-07
NEXT50ADD,EQ,73.28,73.35,72.95,73.04,73.52,2995,2.19,2026-09-07
NEXT50BETA,EQ,79.05,79.44,78.5,78.66,79.05,77235,60.8,2026-09-07
NEXT50ETF,EQ,74.88,74.88,73.14,73.23,73.83,15266,11.2,2026-09-07
NEXT50IETF,EQ,79.18,79.18,76.45,76.79,77.25,512076,393.61,2026-09-07
NEXTMEDIA,EQ,3.89,3.89,3.7,3.76,3.89,75733,2.83,2026-09-07
NFL,EQ,70.5,70.7,70.05,70.32,70.51,287324,202.04,2026-09-07
NGIL,EQ,41.48,41.48,39.15,40.11,40.58,6383,2.54,2026-09-07
NGLFINE,EQ,2868.1,2907.9,2815.2,2873.0,2907.5,7062,201.46,2026-09-07
NH,EQ,1867.8,1920.0,1867.8,1911.8,1858.5,329018,6278.22,2026-09-07
NHPC,EQ,76.25,77.05,75.55,76.0,76.25,8825125,6718.55,2026-09-07
NIACL,EQ,233.9,242.6,224.31,231.2,229.91,23442397,53986.25,2026-09-07
NIBE,EQ,1336.6,1336.6,1312.8,1318.0,1336.6,29295,387.59,2026-09-07
NIBL,EQ,30.8,32.0,30.32,30.71,30.8,14117,4.35,2026-09-07
NICCOPAR,EQ,79.16,82.99,76.46,79.27,79.55,2359,1.89,2026-09-07
NIF100BEES,EQ,269.24,269.24,264.03,264.6,266.58,47589,126.07,2026-09-07
NIF100IETF,EQ,28.05,28.05,27.66,27.83,28.05,293260,81.73,2026-09-07
NIF500BETA,EQ,38.29,38.3,37.21,37.24,37.54,2978,1.11,2026-09-07
NIFTY1,EQ,269.8,269.8,263.91,264.2,265.82,61919,163.8,2026-09-07
NIFTY100EW,EQ,35.43,35.43,34.74,34.85,35.06,326610,113.85,2026-09-07
NIFTYADD,EQ,252.48,255.5,249.96,250.91,252.48,4423,11.11,2026-09-07
NIFTYAXIS,EQ,263.55,265.61,263.01,263.61,265.62,53790,141.83,2026-09-07
NIFTYBEES,EQ,273.19,273.78,270.9,271.21,273.27,5921896,16086.42,2026-09-07
NIFTYBETA,EQ,269.7,269.7,263.62,263.89,265.73,13709,36.23,2026-09-07
NIFTYBETF,EQ,245.96,245.96,244.31,245.2,246.65,1491,3.66,2026-09-07
NIFTYCASE,EQ,9.88,9.88,9.55,9.56,9.64,1224251,117.3,2026-09-07
NIFTYETF,EQ,267.2,267.2,254.17,258.42,260.69,797690,2063.96,2026-09-07
NIFTYIETF,EQ,275.4,275.4,269.4,269.6,271.88,784440,2118.97,2026-09-07
NIFTYJBLK,EQ,12.59,13.05,12.03,12.31,12.29,221203,27.1,2026-09-07
NIFTYQLITY,EQ,21.32,21.32,20.99,21.09,21.32,28266,5.96,2026-09-07
NIITLTD,EQ,98.94,101.16,97.0,97.22,98.96,303377,298.08,2026-09-07
NIITMTS,EQ,226.9,230.0,218.23,220.72,225.94,402338,895.44,2026-09-07
NILAINFRA,EQ,6.74,6.75,6.62,6.71,6.67,226516,15.19,2026-09-07
NILASPACES,EQ,12.34,12.42,12.07,12.23,12.23,1212332,147.93,2026-09-07
NILE,EQ,1466.2,1487.9,1452.2,1459.0,1465.8,3153,46.2,2026-09-07
NILKAMAL,EQ,2121.8,2141.8,2050.0,2063.2,2116.5,30738,642.54,2026-09-07
NIMBSPROJ,EQ,149.9,150.0,142.5,143.51,147.84,1099,1.58,2026-09-07
NINSYS,EQ,711.95,716.75,701.3,705.85,712.75,3673,26.02,2026-09-07
NIPPOBATRY,EQ,329.9,330.0,325.0,325.25,331.75,1690,5.51,2026-09-07
NIRAJ,EQ,28.46,29.39,28.45,28.88,28.72,13511,3.88,2026-09-07
NIRLON,EQ,620.05,624.8,604.55,615.15,620.0,15402,95.39,2026-09-07
NITCO,EQ,95.51,96.04,92.55,93.84,96.1,1345082,1265.5,2026-09-07
NITINSPIN,EQ,639.05,639.95,625.05,627.45,639.05,38469,242.94,2026-09-07
NITIRAJ,EQ,224.5,234.95,215.0,231.04,219.19,18036,41.04,2026-09-07
NITTAGELA,EQ,1644.0,1691.5,1644.0,1677.8,1632.5,6224,103.95,2026-09-07
NIVABUPA,EQ,80.1,81.25,80.0,80.67,80.11,337165,271.57,2026-09-07
NKIND,EQ,61.99,61.99,55.55,57.21,57.1,1387,0.8,2026-09-07
NLCINDIA,EQ,275.8,278.0,268.3,269.3,273.05,1349980,3671.59,2026-09-07
NMDC,EQ,85.29,85.63,83.54,83.85,84.7,15859358,13351.25,2026-09-07
NOCIL,EQ,174.0,175.85,170.55,172.23,172.44,416468,718.58,2026-09-07
NOIDATOLL,EQ,4.22,4.22,3.95,4.02,4.14,207178,8.35,2026-09-07
NORBTEAEXP,EQ,70.34,73.0,67.7,67.71,70.69,1134,0.79,2026-09-07
NORTHARC,EQ,303.75,311.0,299.05,306.0,302.15,1691631,5183.7,2026-09-07
NOVARTIND,EQ,1661.2,1699.0,1602.5,1639.6,1646.7,73338,1219.59,2026-09-07
NPBET,EQ,290.32,290.32,287.0,287.34,290.32,655,1.89,2026-09-07
NPST,EQ,1713.8,1746.8,1691.2,1740.4,1718.8,38352,661.3,2026-09-07
NRAIL,EQ,595.0,631.0,584.0,589.95,584.0,145834,889.98,2026-09-07
NRBBEARING,EQ,457.0,485.35,451.1,483.0,447.0,1028877,4890.34,2026-09-07
NSIL,EQ,5675.0,5785.0,5661.0,5677.0,5721.5,1489,84.89,2026-09-07
NSLNISP,EQ,46.65,46.98,45.44,45.87,46.02,5748765,2647.41,2026-09-07
NTCIND,EQ,133.82,137.79,131.15,134.57,133.16,3390,4.51,2026-09-07
NTPC,EQ,332.5,333.8,330.35,332.0,332.5,5245813,17398.6,2026-09-07
NTPCGREEN,EQ,89.39,89.5,88.06,88.16,89.36,1311104,1159.56,2026-09-07
NUCLEUS,EQ,730.0,730.0,706.4,718.4,729.15,49947,358.79,2026-09-07
NUVAMA,EQ,1815.6,1859.0,1815.0,1832.4,1815.6,217617,3996.93,2026-09-07
NUVOCO,EQ,352.85,353.45,341.0,345.1,352.15,863221,2978.14,2026-09-07
NV20,EQ,14.0,14.0,13.8,13.82,13.99,90008,12.47,2026-09-07
NV20BEES,EQ,139.5,139.5,138.01,138.43,139.39,19458,26.96,2026-09-07
NV20IETF,EQ,13.56,13.75,13.19,13.49,13.62,533872,72.14,2026-09-07
NYKAA,EQ,331.0,339.75,330.1,332.7,332.5,4285910,14394.63,2026-09-07
OAL,EQ,519.9,544.7,491.05,537.35,519.9,139317,738.35,2026-09-07
OBCL,EQ,56.29,56.29,55.0,55.03,55.19,4087,2.25,2026-09-07
OBEROIRLTY,EQ,1876.0,1885.5,1847.5,1847.5,1875.6,206196,3843.02,2026-09-07
ODIGMA,EQ,23.45,23.9,22.28,22.46,23.45,35479,8.03,2026-09-07
ODYCORP,EQ,7.89,7.89,7.06,7.26,7.46,144311,10.46,2026-09-07
OFSS,EQ,12105.0,12110.0,11679.0,11847.0,12058.0,185270,21853.36,2026-09-07
OIL,EQ,490.8,492.75,481.45,487.0,488.3,2811694,13627.51,2026-09-07
OILIETF,EQ,11.08,11.4,11.08,11.26,11.37,1268013,143.19,2026-09-07
OLAELEC,EQ,38.0,38.7,37.43,37.96,38.2,28426081,10834.59,2026-09-07
OLECTRA,EQ,1229.0,1238.0,1203.5,1207.4,1229.0,266992,3237.62,2026-09-07
OMAXAUTO,EQ,182.0,183.0,176.0,177.63,183.07,61613,110.55,2026-09-07
OMAXE,EQ,134.0,136.56,128.39,129.82,136.38,2495006,3305.85,2026-09-07
OMINFRAL,EQ,84.7,85.1,83.1,83.64,84.43,39818,33.34,2026-09-07
OMNI,EQ,529.95,534.05,513.0,519.55,526.0,289190,1513.87,2026-09-07
OMPOWER,EQ,175.6,178.0,169.06,170.31,175.68,142210,244.56,2026-09-07
ONEGLOBAL,EQ,535.1,544.95,515.3,522.0,542.4,14827,77.75,2026-09-07
ONEPOINT,EQ,57.5,59.7,56.87,57.73,57.01,1177260,683.66,2026-09-07
ONESOURCE,EQ,1552.9,1573.0,1530.0,1552.3,1537.8,140096,2179.93,2026-09-07
ONGC,EQ,235.98,235.98,232.77,233.7,234.65,5391548,12594.49,2026-09-07
ONIDA,EQ,34.5,35.29,34.5,34.81,34.64,195059,67.84,2026-09-07
ONIXSOLAR,EQ,418.45,423.35,383.05,423.2,403.2,900835,3657.01,2026-09-07
ONWARDTEC,EQ,280.0,286.45,280.0,283.85,284.35,27744,78.43,2026-09-07
OPTIEMUS,EQ,569.3,579.3,556.9,560.45,569.3,148080,840.43,2026-09-07
OPTIFIN,EQ,14.15,15.79,13.5,14.43,14.84,64263,9.6,2026-09-07
ORCHASP,EQ,1.39,1.42,1.29,1.29,1.39,409348,5.39,2026-09-07
ORCHPHARMA,EQ,949.9,955.15,942.0,947.1,954.65,12349,116.98,2026-09-07
ORICONENT,EQ,54.15,54.94,52.5,52.92,54.15,51117,27.23,2026-09-07
ORIENTALTL,EQ,5.34,5.43,5.03,5.12,5.31,115176,5.92,2026-09-07
ORIENTBELL,EQ,418.0,434.95,411.75,415.1,420.1,107644,456.7,2026-09-07
ORIENTCEM,EQ,130.3,130.3,125.1,126.56,129.68,315036,402.09,2026-09-07
ORIENTCER,EQ,43.91,44.89,43.07,44.6,43.91,64878,28.81,2026-09-07
ORIENTELEC,EQ,180.0,180.5,175.11,176.38,179.19,72511,128.72,2026-09-07
ORIENTHOT,EQ,139.05,140.26,138.1,139.11,139.93,347072,483.01,2026-09-07
ORIENTPPR,EQ,17.03,19.28,16.85,18.81,17.08,2027757,370.75,2026-09-07
ORIENTTECH,EQ,237.2,237.9,234.0,235.16,238.39,122613,288.98,2026-09-07
ORIRAIL,EQ,132.0,134.7,126.6,127.28,130.76,158500,206.53,2026-09-07
ORISSAMINE,EQ,4315.0,4340.0,4167.9,4189.9,4311.7,7107,300.43,2026-09-07
ORKLAINDIA,EQ,591.15,598.2,587.0,590.7,594.15,39698,235.36,2026-09-07
ORTINGLOBE,EQ,15.82,15.89,15.26,15.44,15.67,5143,0.81,2026-09-07
OSWALAGRO,EQ,36.2,37.79,36.2,36.61,36.66,22621,8.28,2026-09-07
OSWALGREEN,EQ,20.59,20.88,20.13,20.27,20.39,116996,23.73,2026-09-07
OSWALPUMPS,EQ,279.0,281.0,273.7,274.4,279.2,458203,1264.47,2026-09-07
OSWALSEEDS,EQ,11.51,12.59,11.51,12.06,11.72,77347,9.28,2026-09-07
PACEDIGITK,EQ,169.0,171.72,159.99,161.09,167.59,1573488,2587.89,2026-09-07
PACIFICI,EQ,143.11,144.0,140.0,140.0,143.82,391,0.55,2026-09-07
PAGEIND,EQ,36300.0,36495.0,35625.0,35825.0,36300.0,11706,4205.87,2026-09-07
PAISALO,EQ,74.37,80.0,74.25,79.41,74.1,35087813,27394.54,2026-09-07
PAKKA,EQ,74.5,77.9,73.75,77.22,73.71,270324,207.35,2026-09-07
PALASHSECU,EQ,90.17,90.17,89.2,89.2,90.17,438,0.39,2026-09-07
PALREDTEC,EQ,55.83,57.75,55.83,56.12,55.83,2454,1.39,2026-09-07
PANACEABIO,EQ,378.55,383.0,376.6,378.4,381.25,45995,174.5,2026-09-07
PANAMAPET,EQ,495.55,504.9,480.1,481.35,495.45,245862,1202.64,2026-09-07
PANCHMAHQ,EQ,300.0,300.0,272.95,296.85,300.0,27,0.08,2026-09-07
PANORAMA,EQ,47.81,49.4,47.69,48.87,47.41,357826,174.58,2026-09-07
PANSARI,EQ,299.95,307.3,299.9,300.45,300.05,373,1.14,2026-09-07
PARACABLES,EQ,65.3,67.32,65.16,65.61,65.51,1407319,929.8,2026-09-07
PARADEEP,EQ,157.5,159.0,155.65,157.98,157.0,3228904,5087.28,2026-09-07
PARAGMILK,EQ,254.6,257.85,243.95,250.25,249.6,1227989,3092.62,2026-09-07
PARAS,EQ,1414.9,1494.7,1414.4,1489.4,1414.9,1794488,26292.35,2026-09-07
PARASPETRO,EQ,2.09,2.17,2.09,2.15,2.14,159359,3.4,2026-09-07
PARKHOSPS,EQ,286.0,290.9,280.05,286.8,286.25,816945,2335.47,2026-09-07
PARKHOTELS,EQ,112.2,113.1,110.98,111.21,112.18,61379,68.49,2026-09-07
PARNAXLAB,EQ,134.99,136.8,122.05,132.99,134.8,337,0.45,2026-09-07
PASHUPATI,EQ,83.8,98.32,81.0,81.34,81.94,587440,505.84,2026-09-07
PATANJALI,EQ,344.0,344.0,336.15,340.9,342.5,1977606,6731.05,2026-09-07
PATELENG,EQ,27.38,27.55,26.95,27.1,27.28,1622375,441.94,2026-09-07
PATELRMART,EQ,218.32,228.0,215.66,217.99,218.32,82912,184.24,2026-09-07
PAUSHAKLTD,EQ,790.9,790.9,760.0,763.1,785.5,19900,153.96,2026-09-07
PAVNAIND,EQ,17.6,17.6,15.36,16.09,17.22,304883,49.22,2026-09-07
PAYTM,EQ,1659.6,1669.3,1642.0,1664.0,1659.5,1822600,30189.51,2026-09-07
PCBL,EQ,316.0,322.8,313.35,317.45,317.0,1125415,3586.9,2026-09-07
PCJEWELLER,EQ,12.29,14.08,12.21,13.93,11.86,2196523618,293646.3,2026-09-07
PDMJEPAPER,EQ,93.0,108.99,93.0,101.43,93.22,5921103,6161.32,2026-09-07
PDSL,EQ,360.0,360.95,347.2,349.6,358.5,112309,396.93,2026-09-07
PEARLPOLY,EQ,15.08,15.79,15.08,15.3,15.08,3678,0.57,2026-09-07
PENIND,EQ,171.4,178.68,169.5,175.96,169.56,1301524,2276.5,2026-09-07
PENINLAND,EQ,17.14,17.14,16.05,16.17,16.55,226908,37.83,2026-09-07
PERMAGN,EQ,905.7,905.7,867.8,872.0,888.2,2107,18.48,2026-09-07
PERNIASPOP,EQ,535.0,588.9,515.85,568.55,575.0,8722845,48724.1,2026-09-07
PERSISTENT,EQ,5610.0,5622.0,5522.0,5540.0,5643.0,404979,22509.16,2026-09-07
PETRONET,EQ,288.1,293.8,288.1,290.95,288.1,1737649,5057.78,2026-09-07
PFC,EQ,355.75,359.15,353.0,353.1,355.6,6560499,23270.59,2026-09-07
PFIZER,EQ,4598.8,4610.0,4557.0,4596.5,4609.7,17548,804.64,2026-09-07
PFOCUS,EQ,309.0,315.0,301.0,311.75,307.0,1727525,5344.55,2026-09-07
PFS,EQ,27.0,27.87,26.71,27.39,26.94,499077,137.09,2026-09-07
PGEL,EQ,560.0,564.65,554.5,559.55,562.3,667138,3734.83,2026-09-07
PGHH,EQ,7669.0,7719.5,7602.0,7634.5,7667.5,10292,788.8,2026-09-07
PGHL,EQ,5699.5,5706.5,5650.0,5667.0,5660.0,4981,282.73,2026-09-07
PGIL,EQ,2277.0,2299.8,2249.5,2257.2,2278.3,35644,810.02,2026-09-07
PHARMABEES,EQ,27.42,27.5,26.9,27.4,27.32,4126001,1129.15,2026-09-07
PHOENIXLTD,EQ,1942.0,1942.0,1899.1,1905.0,1942.0,253740,4852.82,2026-09-07
PHOENXINTL,EQ,31.9,31.9,29.32,29.68,29.01,2251,0.68,2026-09-07
PICCADIL,EQ,616.15,634.8,611.0,617.95,615.75,363733,2272.49,2026-09-07
PIDILITIND,EQ,1625.9,1628.9,1575.0,1575.0,1629.5,591643,9468.14,2026-09-07
PIGL,EQ,100.9,100.9,97.81,98.35,98.78,63190,62.25,2026-09-07
PIIND,EQ,2454.0,2468.5,2428.0,2430.0,2465.0,104432,2551.33,2026-09-07
PILANIINVS,EQ,4349.8,4349.8,4282.1,4298.7,4323.8,869,37.45,2026-09-07
PILITA,EQ,8.14,8.24,7.74,7.85,8.02,66138,5.23,2026-09-07
PINELABS,EQ,168.0,168.48,163.85,164.49,166.37,10783461,17879.66,2026-09-07
PIONEEREMB,EQ,21.61,21.98,21.17,21.74,21.36,6135,1.33,2026-09-07
PIRAMALFIN,EQ,2221.2,2290.8,2209.9,2261.0,2225.0,500739,11359.91,2026-09-07
PITTIENG,EQ,1084.9,1228.0,1084.0,1176.2,1084.9,1699396,20220.73,2026-09-07
PIXTRANS,EQ,1793.0,1830.5,1750.0,1754.9,1791.7,12137,215.2,2026-09-07
PKTEA,EQ,808.0,963.15,808.0,963.15,802.65,13475,128.77,2026-09-07
PLASTIBLEN,EQ,187.91,197.69,185.0,193.14,187.91,57836,112.33,2026-09-07
PLATIND,EQ,232.0,239.5,232.0,233.73,231.54,88487,208.86,2026-09-07
PLAZACABLE,EQ,60.9,61.2,58.45,59.05,61.32,145018,85.86,2026-09-07
PML,EQ,503.5,503.5,486.15,489.75,488.8,28,0.14,2026-09-07
PNB,EQ,116.41,117.17,115.55,115.6,117.0,11062919,12846.85,2026-09-07
PNBGILTS,EQ,83.08,84.3,81.52,81.87,83.08,330796,273.96,2026-09-07
PNBHOUSING,EQ,1166.0,1188.9,1163.7,1182.1,1166.0,721594,8500.96,2026-09-07
PNC,EQ,16.63,17.0,15.72,16.35,16.72,10105,1.66,2026-09-07
PNCINFRA,EQ,182.5,183.68,180.7,181.71,183.11,203926,370.96,2026-09-07
PNGJL,EQ,612.0,634.7,612.0,618.95,609.05,1030718,6455.18,2026-09-07
PNGSREVA,EQ,519.9,564.5,519.05,540.15,516.35,502653,2748.5,2026-09-07
POCL,EQ,478.1,479.95,464.95,467.95,477.8,236111,1115.81,2026-09-07
PODDARMENT,EQ,257.8,285.0,256.1,277.85,257.1,23704,64.53,2026-09-07
POEL,EQ,146.91,151.76,144.0,145.39,142.78,43276,63.58,2026-09-07
POKARNA,EQ,815.2,828.0,795.1,803.0,817.15,48658,392.83,2026-09-07
POLICYBZR,EQ,1830.0,1843.2,1752.3,1792.0,1836.0,1228810,22022.65,2026-09-07
POLYCAB,EQ,8310.0,8361.5,8175.0,8261.0,8300.0,568946,46814.24,2026-09-07
POLYMED,EQ,1705.0,1767.8,1695.1,1701.1,1702.5,193636,3349.72,2026-09-07
POLYPLEX,EQ,1185.0,1192.8,1166.1,1180.0,1191.0,35308,415.3,2026-09-07
POLYSPIN,EQ,29.5,29.5,29.42,29.42,29.64,507,0.15,2026-09-07
PONNIERODE,EQ,381.5,396.25,381.05,386.85,382.45,39314,152.3,2026-09-07
POONAWALLA,EQ,468.0,468.05,456.3,459.15,468.45,452170,2082.54,2026-09-07
POWERGRID,EQ,266.0,268.8,264.25,266.45,266.0,7015606,18766.63,2026-09-07
POWERICA,EQ,527.65,531.4,507.1,512.1,525.05,197171,1021.49,2026-09-07
POWERINDIA,EQ,31635.0,32175.0,31635.0,31775.0,31650.0,50681,16179.79,2026-09-07
POWERMECH,EQ,2311.0,2388.0,2311.0,2359.8,2306.1,55807,1319.11,2026-09-07
PPLPHARMA,EQ,214.23,221.8,213.12,219.66,214.22,6407335,14024.51,2026-09-07
PRABHA,EQ,235.1,245.0,231.0,243.39,230.6,1535655,3677.75,2026-09-07
PRAENG,EQ,24.69,25.7,24.1,24.25,24.69,114004,28.02,2026-09-07
PRAJIND,EQ,334.0,344.0,333.6,336.55,335.55,380568,1290.11,2026-09-07
PRAKASH,EQ,126.68,126.68,124.31,125.08,125.63,445797,557.48,2026-09-07
PRAKASHSTL,EQ,3.87,3.9,3.7,3.75,3.82,119894,4.53,2026-09-07
PRAVEG,EQ,268.8,268.8,262.55,264.55,266.15,17250,45.71,2026-09-07
PRAXIS,EQ,4.88,4.88,4.6,4.66,4.65,250069,11.72,2026-09-07
PRECAM,EQ,123.05,126.0,122.77,123.98,124.02,117683,146.45,2026-09-07
PRECOT,EQ,705.0,705.0,688.6,693.9,698.05,2931,20.43,2026-09-07
PRECWIRE,EQ,470.3,471.3,455.4,460.95,472.8,442911,2044.57,2026-09-07
PREMCO,EQ,392.5,394.95,384.0,391.95,390.95,1109,4.28,2026-09-07
PREMEXPLN,EQ,663.0,667.45,662.4,663.25,664.0,168558,1118.34,2026-09-07
PREMIERENE,EQ,999.7,1006.6,987.0,990.0,1002.0,543434,5400.39,2026-09-07
PREMIERPOL,EQ,95.36,95.73,90.57,91.45,95.36,273939,253.28,2026-09-07
PRESTIGE,EQ,1595.0,1595.0,1550.0,1550.0,1587.0,231985,3624.15,2026-09-07
PRICOLLTD,EQ,767.0,784.0,765.1,779.35,764.95,303473,2361.59,2026-09-07
PRIMESECU,EQ,283.05,283.4,277.5,278.9,284.5,21379,59.77,2026-09-07
PRIMO,EQ,21.27,21.35,20.85,20.87,21.27,56833,11.93,2026-09-07
PRINCEPIPE,EQ,283.0,291.35,283.0,283.95,283.0,142855,409.62,2026-09-07
PRISMX,EQ,0.55,0.56,0.53,0.54,0.55,130426,0.71,2026-09-07
PRIVISCL,EQ,3387.2,3420.7,3349.0,3382.6,3367.3,71960,2436.59,2026-09-07
PROSTARM,EQ,135.84,143.95,135.32,138.86,134.73,638920,897.06,2026-09-07
PROTEAN,EQ,496.3,517.75,493.2,515.4,496.3,393890,1990.38,2026-09-07
PROZONER,EQ,50.9,50.9,47.8,48.01,49.76,200743,97.98,2026-09-07
PRSMJOHNSN,EQ,111.99,112.96,111.0,112.21,111.12,279614,312.94,2026-09-07
PRUDENT,EQ,3336.8,3400.3,3322.6,3367.7,3347.6,47991,1614.88,2026-09-07
PSB,EQ,23.23,23.25,22.92,22.98,23.23,658224,151.6,2026-09-07
PSPPROJECT,EQ,883.2,883.75,865.0,869.05,875.5,30351,264.4,2026-09-07
PSUBANK,EQ,83.8,85.93,83.8,84.42,85.53,81863,69.13,2026-09-07
PSUBANKADD,EQ,86.36,86.36,85.0,85.39,86.43,35983,30.73,2026-09-07
PSUBNKBEES,EQ,96.8,96.8,93.97,94.21,95.45,1692469,1596.81,2026-09-07
PSUBNKIETF,EQ,86.96,86.96,85.2,85.42,86.53,109940,94.09,2026-09-07
PTC,EQ,157.0,157.0,154.4,154.78,156.29,953200,1481.62,2026-09-07
PTCIL,EQ,23770.0,24030.0,23505.0,23755.0,23830.0,29308,6980.81,2026-09-07
PTL,EQ,38.73,39.2,38.35,38.69,38.74,32700,12.65,2026-09-07
PUNJABCHEM,EQ,1105.7,1105.9,1090.0,1098.4,1100.3,2526,27.73,2026-09-07
PURVA,EQ,232.0,232.0,221.21,223.02,230.72,633537,1419.0,2026-09-07
PVP,EQ,70.0,71.0,64.55,65.16,67.94,2458317,1657.08,2026-09-07
PVRINOX,EQ,1199.1,1199.1,1125.7,1156.5,1227.2,3208552,36990.19,2026-09-07
PVSL,EQ,102.0,105.15,100.0,100.54,102.63,38417,38.8,2026-09-07
PVTBANIETF,EQ,28.47,28.47,27.93,28.02,28.17,662433,185.87,2026-09-07
PVTBANK,EQ,28.1,28.1,27.78,27.87,28.0,7757,2.17,2026-09-07
PVTBANKADD,EQ,28.25,28.29,28.17,28.24,28.34,26044,7.35,2026-09-07
PVTBKGROWW,EQ,27.79,27.99,27.57,27.9,27.92,5456,1.52,2026-09-07
PWL,EQ,127.47,130.32,126.54,129.67,126.42,18012338,23202.93,2026-09-07
PYRAMID,EQ,154.2,154.76,150.6,151.3,153.83,42997,65.54,2026-09-07
QGOLDHALF,EQ,125.99,126.12,125.0,125.79,127.62,367265,461.77,2026-09-07
QNIFTY,EQ,266.2,266.2,261.6,262.18,264.15,5242,13.75,2026-09-07
QPOWER,EQ,1559.8,1570.0,1460.0,1482.5,1495.3,660514,10130.17,2026-09-07
QUADFUTURE,EQ,417.9,432.6,414.35,415.65,417.9,432652,1823.54,2026-09-07
QUAL30IETF,EQ,21.07,21.33,20.76,20.82,21.12,125990,26.23,2026-09-07
QUALITY30,EQ,20.65,21.0,20.4,20.49,20.65,5483,1.12,2026-09-07
QUESS,EQ,351.1,358.0,337.8,339.6,354.75,398988,1372.21,2026-09-07
QUICKHEAL,EQ,147.1,164.43,147.0,153.16,140.94,833659,1298.73,2026-09-07
QUINT,EQ,40.68,41.0,38.22,39.3,40.68,7999,3.19,2026-09-07
RACE,EQ,100.99,102.0,98.31,99.92,99.3,7233,7.24,2026-09-07
RACLGEAR,EQ,1580.0,1606.4,1553.0,1573.7,1576.1,27158,427.79,2026-09-07
RADAAN,EQ,3.0,3.04,2.92,3.0,2.97,21177,0.63,2026-09-07
RADHIKAJWE,EQ,84.62,97.4,84.61,94.28,83.16,31907643,29574.41,2026-09-07
RADIANTCMS,EQ,43.27,43.45,42.05,42.72,41.78,571809,243.78,2026-09-07
RADICO,EQ,4470.0,4496.0,4433.0,4444.0,4494.0,110526,4931.39,2026-09-07
RADIOCITY,EQ,6.28,6.36,6.2,6.23,6.28,37379,2.34,2026-09-07
RAILTEL,EQ,271.0,274.5,268.05,270.05,271.05,399954,1083.36,2026-09-07
RAIN,EQ,215.0,216.8,210.15,211.38,215.72,2224146,4744.19,2026-09-07
RAINBOW,EQ,1447.2,1487.6,1442.0,1469.9,1447.2,115787,1707.26,2026-09-07
RAJMET,EQ,3.16,3.16,3.1,3.15,3.15,316026,9.92,2026-09-07
RAJPALAYAM,EQ,800.0,804.95,762.6,775.65,795.3,2828,22.17,2026-09-07
RAJRATAN,EQ,502.0,508.3,485.45,488.8,498.35,75607,374.52,2026-09-07
RAJSREESUG,EQ,36.09,37.27,35.11,35.68,35.47,57781,20.83,2026-09-07
RAJTV,EQ,8.05,8.47,8.0,8.47,8.07,76436,6.42,2026-09-07
RALLIS,EQ,209.1,209.84,205.36,206.15,208.82,517541,1069.6,2026-09-07
RAMANEWS,EQ,31.43,32.95,31.15,32.64,31.75,35616,11.57,2026-09-07
RAMAPHO,EQ,126.0,126.0,123.0,124.2,123.48,14683,18.18,2026-09-07
RAMBHAJO,EQ,270.4,288.3,270.4,276.32,268.68,1832168,5106.28,2026-09-07
RAMCOCEM,EQ,884.55,890.0,868.0,871.5,884.5,156814,1375.59,2026-09-07
RAMCOIND,EQ,323.95,325.9,318.0,323.05,323.25,100157,322.23,2026-09-07
RAMCOSYS,EQ,604.0,620.0,600.6,604.35,611.2,84590,514.65,2026-09-07
RAMKY,EQ,346.25,349.45,337.05,339.6,347.4,39929,136.15,2026-09-07
RAMRAT,EQ,560.65,564.0,521.95,527.2,560.65,336077,1801.01,2026-09-07
RANASUG,EQ,14.8,15.51,14.8,14.99,14.8,558685,84.99,2026-09-07
RANEHOLDIN,EQ,1651.9,1705.0,1651.0,1673.0,1651.1,37763,633.7,2026-09-07
RATEGAIN,EQ,854.0,861.65,843.2,856.5,851.15,226177,1929.73,2026-09-07
RATNAMANI,EQ,2726.0,2741.1,2638.3,2658.5,2727.0,40860,1094.35,2026-09-07
RATNAVEER,EQ,307.4,316.0,303.0,306.45,304.75,3736782,11575.47,2026-09-07
RAYMOND,EQ,740.85,789.6,736.3,772.4,740.85,3293248,25514.24,2026-09-07
RAYMONDLSL,EQ,666.0,678.95,657.05,672.9,663.65,123831,832.26,2026-09-07
RAYMONDREL,EQ,530.0,558.8,530.0,553.7,529.15,510573,2803.85,2026-09-07
RBA,EQ,97.3,98.0,95.61,96.41,97.15,2031006,1966.81,2026-09-07
RBLBANK,EQ,416.0,418.25,407.85,415.0,414.35,3484526,14412.86,2026-09-07
RBZJEWEL,EQ,198.99,199.0,186.18,190.71,200.69,1090155,2116.74,2026-09-07
RCF,EQ,115.02,115.4,113.52,113.92,114.92,870216,995.12,2026-09-07
RECLTD,EQ,319.0,321.4,316.05,316.4,318.7,3769684,12008.72,2026-09-07
REDINGTON,EQ,371.05,381.6,370.0,378.2,371.3,5166393,19540.02,2026-09-07
REDTAPE,EQ,120.43,121.54,118.48,118.81,120.43,178625,212.96,2026-09-07
REFEX,EQ,283.0,284.65,276.5,277.15,282.55,192648,537.11,2026-09-07
REGAAL,EQ,89.0,89.28,87.19,88.16,88.51,165613,146.27,2026-09-07
REGENCERAM,EQ,37.99,37.99,34.51,35.0,34.86,1964,0.69,2026-09-07
RELAXO,EQ,344.75,345.0,335.75,338.05,344.75,108144,366.38,2026-09-07
RELCHEMQ,EQ,116.73,116.73,112.37,113.33,116.73,3050,3.51,2026-09-07
RELIABLE,EQ,141.0,141.97,123.55,138.12,140.88,32235,45.27,2026-09-07
RELIANCE,EQ,1323.1,1324.2,1301.9,1309.5,1322.0,10210522,133638.76,2026-09-07
RELIGARE,EQ,257.08,260.5,254.01,255.45,257.08,1240789,3197.65,2026-09-07
RELTD,EQ,160.95,160.95,156.71,159.21,161.37,198563,315.25,2026-09-07
REMSONSIND,EQ,99.9,104.6,97.02,97.86,99.35,94298,93.13,2026-09-07
RENUKA,EQ,24.1,25.57,24.1,25.15,24.04,34693464,8732.85,2026-09-07
REPCOHOME,EQ,361.0,361.0,355.3,358.75,358.75,48377,173.03,2026-09-07
REPRO,EQ,322.15,325.9,316.2,324.25,319.45,6875,22.17,2026-09-07
RESPONIND,EQ,152.39,152.39,147.0,148.15,154.9,1222693,1822.41,2026-09-07
RETAIL,EQ,17.0,17.0,16.5,16.59,17.24,2827,0.47,2026-09-07
RGL,EQ,151.0,157.0,148.11,153.1,149.26,1856449,2841.09,2026-09-07
RHETAN,EQ,26.69,26.69,26.68,26.68,25.42,8256003,2203.31,2026-09-07
RHIM,EQ,371.8,375.15,369.0,373.8,371.35,150341,558.69,2026-09-07
RHL,EQ,166.3,170.0,165.0,166.16,167.89,8578,14.24,2026-09-07
RICOAUTO,EQ,130.42,135.95,129.08,135.47,130.46,2142105,2862.12,2026-09-07
RIIL,EQ,750.0,753.0,730.0,732.4,750.95,83105,613.31,2026-09-07
RIR,EQ,175.04,203.83,175.04,191.95,169.86,11233703,21791.34,2026-09-07
RISHABH,EQ,739.95,815.0,739.95,809.95,738.45,774109,6140.2,2026-09-07
RITCO,EQ,302.0,331.15,301.45,319.8,301.8,574280,1842.04,2026-09-07
RITES,EQ,215.8,217.94,214.11,215.8,215.8,244159,527.41,2026-09-07
RKDL,EQ,18.39,18.86,18.14,18.25,18.39,8760,1.62,2026-09-07
RKEC,EQ,22.1,22.1,20.0,20.3,21.73,87634,18.04,2026-09-07
RKFORGE,EQ,700.0,711.0,691.0,706.25,700.85,698070,4905.04,2026-09-07
RKSWAMY,EQ,94.0,94.79,92.37,93.66,94.25,49297,46.27,2026-09-07
RMC,EQ,233.54,241.02,230.0,233.31,233.54,68499,161.52,2026-09-07
RML,EQ,1280.0,1410.0,1251.1,1388.2,1295.9,976998,13338.5,2026-09-07
ROHLTD,EQ,297.0,305.25,297.0,303.9,298.55,30726,92.72,2026-09-07
ROLEXRINGS,EQ,173.0,178.8,172.01,175.67,171.72,1410147,2488.77,2026-09-07
ROML,EQ,42.1,43.23,42.0,43.01,42.0,4076,1.72,2026-09-07
ROSSARI,EQ,465.0,465.0,456.0,458.5,460.25,57155,262.43,2026-09-07
ROSSELLIND,EQ,57.04,57.85,56.12,56.92,56.96,43055,24.49,2026-09-07
ROSSTECH,EQ,1156.3,1172.0,1139.6,1148.2,1150.5,107652,1237.73,2026-09-07
ROTO,EQ,65.0,65.36,63.16,63.59,65.03,166395,106.37,2026-09-07
ROUTE,EQ,500.5,522.5,497.1,512.05,501.55,219416,1124.07,2026-09-07
RPEL,EQ,1819.1,1821.5,1635.6,1681.2,1807.2,312911,5295.58,2026-09-07
RPGLIFE,EQ,2746.0,2781.1,2651.0,2673.4,2721.6,13615,369.12,2026-09-07
RPOWER,EQ,22.08,22.52,21.73,21.94,22.08,19788828,4366.31,2026-09-07
RPPINFRA,EQ,53.97,54.99,53.39,54.28,54.14,984315,527.27,2026-09-07
RPSGVENT,EQ,834.65,834.65,811.1,816.5,831.4,22339,183.65,2026-09-07
RPTECH,EQ,824.8,869.8,824.8,853.4,823.65,412998,3538.07,2026-09-07
RRECL,EQ,137.0,138.9,126.2,132.27,136.83,1004,1.33,2026-09-07
RRIL,EQ,16.66,16.8,16.45,16.54,16.66,12846,2.15,2026-09-07
RRKABEL,EQ,2430.8,2484.0,2353.7,2387.1,2454.1,1299097,31152.85,2026-09-07
RSL,EQ,181.5,188.4,181.5,186.05,181.5,322525,599.15,2026-09-07
RSSOFTWARE,EQ,30.94,30.94,29.3,29.59,30.61,29124,8.61,2026-09-07
RSYSTEMS,EQ,260.0,260.0,250.09,250.72,256.12,115816,293.56,2026-09-07
RTNINDIA,EQ,27.78,28.8,27.5,28.14,27.82,1961722,553.71,2026-09-07
RTNPOWER,EQ,7.4,7.47,7.2,7.32,7.36,23370904,1717.26,2026-09-07
RTSPOWR,EQ,93.95,93.95,88.0,89.68,88.08,2950,2.65,2026-09-07
RUBFILA,EQ,69.15,72.0,68.5,70.96,70.69,110771,77.96,2026-09-07
RUBICON,EQ,1760.1,1796.1,1740.5,1748.4,1768.3,84252,1482.89,2026-09-07
RUBYMILLS,EQ,446.1,499.05,435.0,457.0,428.3,175583,835.67,2026-09-07
RUCHINFRA,EQ,5.75,5.89,5.6,5.62,5.82,195310,11.13,2026-09-07
RUCHIRA,EQ,109.0,112.0,106.0,107.88,107.5,285875,314.48,2026-09-07
RUDRA,EQ,20.33,20.65,20.01,20.04,20.33,31696,6.38,2026-09-07
RUPA,EQ,144.35,145.31,142.21,142.92,144.49,71290,102.16,2026-09-07
RUSHIL,EQ,16.03,16.47,15.82,16.04,16.01,513661,82.62,2026-09-07
RUSTOMJEE,EQ,377.0,377.0,366.0,366.9,373.95,24787,91.71,2026-09-07
RVHL,EQ,40.03,41.99,39.14,40.2,39.84,13726,5.62,2026-09-07
RVNL,EQ,215.08,216.45,209.36,210.05,212.49,12205275,26034.24,2026-09-07
RVTH,EQ,735.0,735.0,717.1,717.5,734.45,4493,32.35,2026-09-07
S&SPOWER,EQ,333.3,337.4,326.0,334.0,323.95,1689,5.59,2026-09-07
SAATVIKGL,EQ,420.45,426.65,418.05,421.0,424.4,33301,140.24,2026-09-07
SAB,EQ,184.41,192.6,183.5,192.6,183.5,64,0.12,2026-09-07
SADBHAV,EQ,8.14,8.14,8.0,8.02,8.15,96462,7.75,2026-09-07
SAFARI,EQ,1540.0,1554.9,1526.2,1537.8,1540.4,25661,396.1,2026-09-07
SAGARDEEP,EQ,23.85,23.85,23.6,23.64,23.62,2852,0.68,2026-09-07
SAGCEM,EQ,154.13,155.89,151.3,153.64,152.86,36273,55.57,2026-09-07
SAGILITY,EQ,46.82,46.97,45.88,45.95,46.82,9292276,4289.67,2026-09-07
SAHLIBHFI,EQ,90.2,90.2,85.5,86.54,89.52,24595,21.51,2026-09-07
SAHYADRI,EQ,399.8,406.9,386.2,394.55,392.15,44941,179.25,2026-09-07
SAICAPI,EQ,158.34,158.34,133.5,141.6,157.56,903,1.27,2026-09-07
SAIL,EQ,196.99,196.99,187.3,187.9,196.8,32633382,61933.9,2026-09-07
SAILIFE,EQ,1590.0,1599.8,1567.4,1579.6,1584.3,456700,7223.19,2026-09-07
SAIPARENT,EQ,524.0,524.0,513.75,516.45,519.55,98724,510.08,2026-09-07
SAKAR,EQ,1021.0,1124.0,1018.95,1109.2,1013.9,339553,3661.03,2026-09-07
SAKHTISUG,EQ,19.83,20.8,19.8,19.96,19.78,333634,67.2,2026-09-07
SAKSOFT,EQ,155.03,155.04,150.66,151.77,154.58,199363,302.92,2026-09-07
SAKUMA,EQ,1.65,1.65,1.61,1.62,1.62,771720,12.61,2026-09-07
SALASAR,EQ,5.17,5.26,5.01,5.09,5.2,6552808,335.43,2026-09-07
SALONA,EQ,265.4,265.4,261.5,263.45,269.95,3,0.01,2026-09-07
SALSTEEL,EQ,81.99,84.5,79.0,81.8,81.37,670446,555.5,2026-09-07
SALZERELEC,EQ,550.05,554.0,546.0,551.1,549.7,28522,157.04,2026-09-07
SAMBANDAM,EQ,121.0,121.0,120.1,120.4,123.23,160,0.19,2026-09-07
SAMBHAAV,EQ,6.1,6.1,5.51,5.85,5.94,30372,1.77,2026-09-07
SAMBHV,EQ,129.6,134.0,127.98,133.53,128.69,2426547,3206.7,2026-09-07
SAMHI,EQ,151.0,157.2,148.92,155.77,153.99,1637051,2500.57,2026-09-07
SAMMAANCAP,EQ,159.2,159.2,154.6,155.92,158.39,4790140,7483.32,2026-09-07
SAMPANN,EQ,24.61,25.7,24.4,24.54,25.19,29722,7.36,2026-09-07
SANATHAN,EQ,458.1,476.6,455.0,470.9,456.2,358640,1686.91,2026-09-07
SANDESH,EQ,1069.9,1069.9,1038.5,1053.9,1051.3,697,7.31,2026-09-07
SANDHAR,EQ,628.5,632.7,618.75,620.4,624.0,160536,1002.75,2026-09-07
SANDUMA,EQ,200.79,200.79,194.5,195.17,197.83,547791,1070.48,2026-09-07
SANGAMIND,EQ,579.3,579.3,572.0,576.3,578.8,5704,32.82,2026-09-07
SANGHVIMOV,EQ,436.7,443.95,434.2,438.6,439.2,194873,855.53,2026-09-07
SANOFI,EQ,3162.2,3162.3,3114.4,3122.0,3158.2,9580,300.0,2026-09-07
SANOFICONR,EQ,4210.0,4210.0,4075.0,4106.0,4201.7,2789,115.3,2026-09-07
SANSERA,EQ,3782.6,3921.0,3782.6,3896.3,3782.6,134580,5217.31,2026-09-07
SANSTAR,EQ,110.05,112.05,108.8,110.01,111.31,228597,251.62,2026-09-07
SAPPHIRE,EQ,228.04,230.0,225.09,228.18,228.43,329020,748.57,2026-09-07
SAPPL,EQ,272.1,303.3,272.1,276.6,281.85,2393,6.76,2026-09-07
SARDAEN,EQ,508.8,515.4,503.7,512.5,508.55,336777,1716.68,2026-09-07
SAREGAMA,EQ,492.6,502.0,484.05,494.3,492.75,382387,1892.48,2026-09-07
SARLAPOLY,EQ,100.2,103.0,99.32,101.78,100.2,32414,32.64,2026-09-07
SARVESHWAR,EQ,3.55,3.69,3.4,3.67,3.36,5003962,179.14,2026-09-07
SASKEN,EQ,1910.0,1930.0,1810.0,1826.6,1881.3,26468,490.02,2026-09-07
SATIA,EQ,63.01,70.5,63.01,68.19,63.36,793900,542.47,2026-09-07
SATIN,EQ,220.75,221.45,216.2,216.94,220.75,242756,529.96,2026-09-07
SAURASHCEM,EQ,58.0,58.02,55.5,55.8,57.61,110734,62.54,2026-09-07
SAYAJIHOTL,EQ,333.85,333.85,323.0,323.0,319.35,4,0.01,2026-09-07
SAYAJIIND,EQ,116.51,116.51,116.5,116.5,116.11,117,0.14,2026-09-07
SBC,EQ,46.0,47.8,45.71,46.87,45.76,9874017,4651.64,2026-09-07
SBCL,EQ,1121.0,1138.4,1077.0,1092.1,1121.1,314685,3492.02,2026-09-07
SBFC,EQ,99.7,99.8,97.5,98.48,100.08,647488,637.29,2026-09-07
SBGLP,EQ,23.97,25.59,23.36,23.81,23.96,12002,2.94,2026-09-07
SBIBPB,EQ,50.04,50.04,48.83,49.08,49.56,69439,34.08,2026-09-07
SBICARD,EQ,653.1,674.65,648.75,674.65,658.25,2781077,18428.26,2026-09-07
SBIETFCON,EQ,119.89,120.97,119.26,119.35,119.89,3094,3.71,2026-09-07
SBIETFIT,EQ,341.95,341.95,331.52,333.91,340.64,164912,547.22,2026-09-07
SBIETFPB,EQ,283.57,285.0,282.98,283.54,283.57,2369,6.72,2026-09-07
SBIETFQLTY,EQ,221.86,221.86,219.0,219.42,221.86,4699,10.32,2026-09-07
SBIFUNDS,EQ,561.0,561.3,555.05,557.8,562.1,891727,4968.01,2026-09-07
SBILIFE,EQ,1775.0,1775.0,1727.8,1732.0,1775.0,1155352,20175.81,2026-09-07
SBILIQETF,EQ,1054.92,1054.92,1054.9,1054.91,1054.81,176911,1866.25,2026-09-07
SBIMIDMOM,EQ,64.09,64.09,63.5,63.53,63.73,12720,8.09,2026-09-07
SBIN,EQ,1020.8,1021.7,1000.6,1005.9,1016.1,10220001,102830.99,2026-09-07
SBINEQWETF,EQ,33.26,33.26,32.9,32.93,33.26,28815,9.5,2026-09-07
SBINMID150,EQ,23.26,23.41,23.08,23.15,23.3,22338,5.18,2026-09-07
SBISILVER,EQ,227.0,227.0,224.0,225.27,228.31,519370,1167.99,2026-09-07
SBISMLETF,EQ,18.55,18.8,18.31,18.5,18.55,59139,10.98,2026-09-07
SBIVALETF,EQ,14.82,14.82,14.6,14.6,14.75,8194,1.2,2026-09-07
SCHAEFFLER,EQ,3956.4,4025.5,3900.0,3999.6,3956.4,31084,1229.16,2026-09-07
SCHAND,EQ,137.5,137.5,131.66,133.34,136.41,19360,25.95,2026-09-07
SCHNEIDER,EQ,1224.2,1228.8,1190.0,1193.6,1232.4,134222,1617.88,2026-09-07
SCI,EQ,295.35,298.25,292.6,293.75,295.35,1033416,3047.62,2026-09-07
SCILAL,EQ,39.8,39.85,39.1,39.27,39.77,172331,67.99,2026-09-07
SCODATUBES,EQ,135.98,136.5,129.3,130.33,135.02,204606,269.11,2026-09-07
SDBL,EQ,74.1,77.5,74.0,75.02,74.0,1759825,1341.44,2026-09-07
SEAMECLTD,EQ,1795.0,1828.9,1753.6,1779.9,1793.6,57558,1029.61,2026-09-07
SECMARK,EQ,143.0,146.0,135.25,143.24,144.4,3254,4.67,2026-09-07
SECURKLOUD,EQ,17.05,17.5,16.6,17.12,17.01,9354,1.59,2026-09-07
SEDEMAC,EQ,2798.0,2890.0,2794.8,2876.2,2814.4,68747,1957.47,2026-09-07
SEIL,EQ,201.0,201.32,196.9,200.17,200.76,294366,586.13,2026-09-07
SEJALLTD,EQ,661.85,679.3,652.8,666.05,657.5,5532,36.82,2026-09-07
SEKURITIND,EQ,114.56,115.0,114.01,114.16,114.56,27540,31.49,2026-09-07
SELECTIPO,EQ,49.86,49.86,48.42,48.47,48.65,70853,34.43,2026-09-07
SELMC,EQ,27.48,28.5,26.51,26.83,27.5,12229,3.32,2026-09-07
SEMAC,EQ,280.0,290.0,280.0,282.0,277.25,794,2.25,2026-09-07
SENCO,EQ,357.4,368.75,356.6,365.1,358.65,1718666,6270.23,2026-09-07
SENORES,EQ,1428.4,1512.0,1410.4,1497.5,1428.4,404434,5968.03,2026-09-07
SENSEXADD,EQ,79.29,79.29,78.45,78.54,79.29,1646,1.29,2026-09-07
SENSEXAXIS,EQ,80.67,81.0,78.8,78.99,79.81,2416,1.91,2026-09-07
SENSEXBETA,EQ,850.89,851.5,843.0,843.38,850.89,1030,8.71,2026-09-07
SENSEXETF,EQ,78.9,79.5,78.5,78.59,79.2,24303,19.12,2026-09-07
SENSEXIETF,EQ,884.25,886.09,875.01,876.69,884.24,11792,103.51,2026-09-07
SEPC,EQ,5.36,5.45,5.33,5.41,5.38,5271492,284.75,2026-09-07
SERVOTECH,EQ,78.2,80.48,78.2,79.03,79.62,312588,248.26,2026-09-07
SESHAPAPER,EQ,232.0,248.79,232.0,242.37,233.09,250778,607.32,2026-09-07
SETF10GILT,EQ,264.5,264.5,262.39,263.32,263.1,28655,75.45,2026-09-07
SETFGOLD,EQ,129.94,129.94,128.64,129.56,131.22,7528668,9744.17,2026-09-07
SETFNIF50,EQ,258.7,258.7,255.5,256.36,258.08,1045454,2682.3,2026-09-07
SETFNIFBK,EQ,590.86,590.86,586.01,587.34,590.86,56526,331.95,2026-09-07
SETFNN50,EQ,788.2,794.9,776.81,780.05,785.05,35829,279.68,2026-09-07
SETL,EQ,410.0,412.8,388.55,388.55,408.95,1261874,5021.41,2026-09-07
SFL,EQ,647.0,652.05,637.5,642.7,646.8,69226,445.78,2026-09-07
SGFIN,EQ,675.7,691.85,675.7,677.6,675.7,118788,812.37,2026-09-07
SGIL,EQ,610.0,610.0,600.0,600.85,606.2,3866,23.25,2026-09-07
SGL,EQ,10.0,10.3,9.82,9.83,10.05,3686,0.37,2026-09-07
SGLRES,EQ,2.47,2.53,2.32,2.5,2.41,42931,1.06,2026-09-07
SGMART,EQ,828.7,847.5,805.4,810.4,824.75,166232,1372.44,2026-09-07
SGRL,EQ,700.0,717.0,698.35,714.2,708.55,9913,70.53,2026-09-07
SHADOWFAX,EQ,260.95,260.95,248.05,250.2,259.55,2178213,5485.26,2026-09-07
SHAH,EQ,3.51,3.6,3.44,3.46,3.51,1158873,40.41,2026-09-07
SHAILY,EQ,3262.6,3394.0,3252.6,3348.7,3278.3,174319,5846.47,2026-09-07
SHAKTIPUMP,EQ,471.2,475.0,465.0,466.95,473.0,332018,1555.98,2026-09-07
SHALBY,EQ,152.51,153.99,151.0,151.24,152.71,31659,48.18,2026-09-07
SHANKARA,EQ,149.0,150.0,147.0,148.26,148.18,135828,201.27,2026-09-07
SHANKESH,EQ,100.09,106.85,99.8,102.37,98.92,10083730,10488.67,2026-09-07
SHANTI,EQ,6.13,6.6,6.0,6.5,6.25,136721,8.69,2026-09-07
SHANTIGEAR,EQ,620.0,652.0,606.0,640.0,621.75,433775,2763.59,2026-09-07
SHANTIGOLD,EQ,261.48,277.0,260.41,270.72,256.34,4067799,10986.68,2026-09-07
SHARDACROP,EQ,772.1,776.95,765.0,767.45,768.35,63229,487.19,2026-09-07
SHARDAMOTR,EQ,885.5,898.85,880.2,890.05,881.95,41347,368.0,2026-09-07
SHAREINDIA,EQ,170.5,174.98,170.5,171.86,170.5,325602,561.61,2026-09-07
SHARIABEES,EQ,455.1,457.98,446.0,447.05,452.84,14600,65.45,2026-09-07
SHBAJRG,EQ,160.0,163.2,158.3,161.97,160.67,962,1.55,2026-09-07
SHERVANI,EQ,316.0,316.0,305.05,305.15,315.1,349,1.07,2026-09-07
SHILCTECH,EQ,4085.6,4217.0,4020.4,4187.0,4065.3,30568,1264.59,2026-09-07
SHILGRAVQ,EQ,148.0,152.95,147.5,150.25,144.8,1004,1.51,2026-09-07
SHILPAMED,EQ,974.0,980.1,923.0,939.5,964.15,1088314,10254.62,2026-09-07
SHINDL,EQ,162.32,167.9,159.46,162.77,162.42,176047,283.93,2026-09-07
SHIPROCKET,EQ,135.92,141.9,132.52,135.21,135.92,9262559,12722.37,2026-09-07
SHIVAAGRO,EQ,43.44,45.0,38.0,41.41,41.39,24597,10.1,2026-09-07
SHIVACEM,EQ,16.47,16.5,15.56,16.07,15.97,58521,9.39,2026-09-07
SHIVALIK,EQ,332.0,344.0,312.0,316.85,327.4,129342,425.57,2026-09-07
SHIVAMAUTO,EQ,18.01,18.01,17.28,17.33,18.01,29199,5.12,2026-09-07
SHIVAMILLS,EQ,60.9,62.98,59.51,60.99,60.5,2663,1.61,2026-09-07
SHIVATEX,EQ,182.85,185.0,177.26,179.46,182.86,5838,10.55,2026-09-07
SHIVAUM,EQ,455.0,459.4,450.5,453.7,448.05,2794,12.62,2026-09-07
SHK,EQ,151.0,151.0,147.1,148.0,150.87,262326,390.16,2026-09-07
SHOPERSTOP,EQ,383.65,383.7,371.85,376.3,381.75,18095,68.2,2026-09-07
SHRADDHA,EQ,161.5,161.5,151.05,154.92,156.48,3018,4.67,2026-09-07
SHRADHA,EQ,31.48,32.11,31.02,31.47,31.48,12901,4.06,2026-09-07
SHREDIGCEM,EQ,73.0,74.44,71.2,72.04,74.44,89317,64.76,2026-09-07
SHREECEM,EQ,23855.0,23920.0,23365.0,23365.0,23855.0,17715,4166.63,2026-09-07
SHREEJISPG,EQ,690.0,704.25,676.9,699.8,680.15,1404657,9665.74,2026-09-07
SHREEPUSHK,EQ,480.4,535.4,478.0,514.9,475.25,399174,1997.96,2026-09-07
SHREERAMA,EQ,45.17,45.17,43.11,43.84,44.12,42678,18.66,2026-09-07
SHREYANIND,EQ,130.0,138.5,129.3,134.2,128.93,24013,32.37,2026-09-07
SHRIKRISH,EQ,37.5,40.48,37.5,39.22,39.79,748,0.29,2026-09-07
SHRINGARMS,EQ,218.0,225.0,216.1,218.59,217.91,658203,1459.88,2026-09-07
SHRIPISTON,EQ,4515.0,4598.9,4480.0,4491.5,4536.9,39044,1768.82,2026-09-07
SHRIRAMFIN,EQ,1045.0,1046.1,1029.3,1037.0,1041.0,1812019,18761.41,2026-09-07
SHRIRAMPPS,EQ,77.75,78.0,75.31,75.5,76.9,384585,293.79,2026-09-07
SHRJAGP,EQ,621.0,660.0,620.55,644.1,625.65,1328,8.4,2026-09-07
SHUKRAPHAR,EQ,51.93,53.59,51.93,53.07,51.93,1887833,999.05,2026-09-07
SHYAMMETL,EQ,1065.2,1090.0,1053.2,1082.3,1065.3,244531,2633.11,2026-09-07
SHYAMTEL,EQ,11.69,11.69,10.51,11.0,11.6,15284,1.7,2026-09-07
SICAGEN,EQ,58.95,59.0,57.52,58.53,58.28,29282,17.17,2026-09-07
SIEL,EQ,31.9,32.99,30.42,30.79,31.9,121,0.04,2026-09-07
SIEMENS,EQ,3990.0,3998.1,3904.1,3927.0,3977.0,200987,7917.25,2026-09-07
SIGACHI,EQ,35.05,35.31,33.88,34.41,34.74,2477935,851.0,2026-09-07
SIGMA,EQ,47.8,47.8,46.0,47.45,46.66,70149,32.95,2026-09-07
SIGNATURE,EQ,798.7,804.0,791.85,799.95,796.55,179010,1425.67,2026-09-07
SIGNPOST,EQ,245.25,285.0,242.6,269.5,244.25,3876593,10667.88,2026-09-07
SIKA,EQ,1004.95,1004.95,982.3,986.1,996.1,14380,142.42,2026-09-07
SIL,EQ,19.6,19.84,18.94,19.17,19.59,49360,9.53,2026-09-07
SILGO,EQ,70.32,75.49,69.9,73.15,69.97,419919,305.71,2026-09-07
SILINV,EQ,478.8,478.95,462.25,472.05,478.8,792,3.73,2026-09-07
SILLYMONKS,EQ,16.19,16.19,15.42,15.94,16.19,30334,4.84,2026-09-07
SILVER,EQ,231.44,231.44,228.59,229.65,232.64,540810,1240.18,2026-09-07
SILVER001,EQ,23.87,24.1,23.02,23.35,23.54,124610,28.93,2026-09-07
SILVER1,EQ,22.49,22.49,22.2,22.32,22.6,6105939,1360.39,2026-09-07
SILVER360,EQ,228.48,228.48,224.68,226.55,229.11,4727,10.7,2026-09-07
SILVERADD,EQ,22.34,22.34,22.04,22.15,22.44,5429513,1201.16,2026-09-07
SILVERAG,EQ,225.9,225.9,222.56,223.98,227.02,288141,644.48,2026-09-07
SILVERAXIS,EQ,230.0,230.0,227.52,228.63,231.46,303886,693.91,2026-09-07
SILVERBEES,EQ,220.75,220.75,218.62,219.96,222.78,13898563,30527.14,2026-09-07
SILVERBETA,EQ,223.49,223.49,220.67,222.04,224.83,369041,817.89,2026-09-07
SILVERBND,EQ,232.87,232.88,229.25,230.34,233.61,6772,15.59,2026-09-07
SILVERCASE,EQ,23.33,23.4,23.2,23.31,23.61,6085242,1417.39,2026-09-07
SILVERIETF,EQ,230.4,230.54,228.46,229.68,232.48,1782466,4086.07,2026-09-07
SILVERTUC,EQ,167.48,168.39,161.34,163.56,167.97,377764,622.26,2026-09-07
SIMPLEXINF,EQ,271.25,271.9,258.0,260.35,270.5,38376,101.01,2026-09-07
SIMPLXREA,EQ,149.98,149.98,136.0,141.7,142.99,569,0.8,2026-09-07
SINCLAIR,EQ,84.99,86.9,83.42,84.45,83.5,64110,54.61,2026-09-07
SINDHUTRAD,EQ,25.28,25.57,24.44,25.25,25.28,1799387,449.55,2026-09-07
SINGERIND,EQ,76.97,78.44,73.99,74.97,76.98,150121,112.89,2026-09-07
SINTERCOM,EQ,81.11,82.0,81.0,81.43,80.8,126972,103.4,2026-09-07
SIRCA,EQ,439.9,442.75,435.55,436.85,439.25,197385,866.23,2026-09-07
SIS,EQ,430.95,438.2,425.2,428.65,430.95,444184,1928.66,2026-09-07
SIYSIL,EQ,553.4,566.95,553.4,563.55,552.65,30927,173.48,2026-09-07
SJS,EQ,2306.1,2389.1,2306.1,2332.3,2306.1,137522,3232.74,2026-09-07
SJVN,EQ,65.0,66.07,64.7,65.56,65.23,2007816,1315.05,2026-09-07
SKFINDIA,EQ,1559.8,1578.0,1542.2,1546.6,1553.2,24033,373.52,2026-09-07
SKFINDUS,EQ,3040.0,3047.7,2992.1,3016.1,3002.5,24293,733.57,2026-09-07
SKIPPER,EQ,596.0,616.8,590.0,604.4,591.1,4277657,25739.48,2026-09-07
SKMEGGPROD,EQ,256.35,259.0,244.55,246.85,257.1,276867,696.29,2026-09-07
SKYGOLD,EQ,782.0,800.05,767.0,788.15,781.45,683200,5376.58,2026-09-07
SKYWAYS,EQ,122.5,123.09,112.0,113.91,122.72,9718981,11184.61,2026-09-07
SMALL250,EQ,18.91,18.91,18.51,18.56,18.54,175195,32.52,2026-09-07
SMALLADD,EQ,18.54,18.67,18.47,18.57,18.53,253514,47.05,2026-09-07
SMALLCAP,EQ,49.39,49.44,48.9,49.27,48.9,1426963,703.47,2026-09-07
SMALLGROWW,EQ,49.55,49.67,49.13,49.22,49.06,8780,4.34,2026-09-07
SMALLIETF,EQ,18.57,18.6,18.48,18.54,18.57,70346,13.02,2026-09-07
SMARTWORKS,EQ,547.0,548.85,534.1,538.95,541.5,35123,189.47,2026-09-07
SMCGLOBAL,EQ,79.01,85.4,79.01,84.95,81.25,3923881,3279.05,2026-09-07
SML100CASE,EQ,11.41,11.77,11.31,11.44,11.43,1144688,130.95,2026-09-07
SMLMAH,EQ,6339.0,6449.0,6143.0,6393.5,6298.5,247779,15646.52,2026-09-07
SMLT,EQ,64.27,64.93,63.16,63.84,65.59,6659,4.25,2026-09-07
SMSPHARMA,EQ,390.0,444.0,387.45,397.95,392.5,3870958,16206.96,2026-09-07
SNOWMAN,EQ,36.5,36.9,36.0,36.67,36.85,82852,30.26,2026-09-07
SNXT30BEES,EQ,42.37,42.45,42.15,42.36,42.58,8853,3.75,2026-09-07
SNXT50BETA,EQ,92.6,95.98,92.6,94.03,94.98,3237,3.05,2026-09-07
SOBHA,EQ,1276.0,1276.0,1243.2,1250.1,1263.8,38511,481.95,2026-09-07
SOFTTECH,EQ,441.95,442.0,423.0,432.45,423.15,7493,32.24,2026-09-07
SOLARA,EQ,643.85,711.0,639.15,697.05,639.15,2187893,15139.34,2026-09-07
SOLARINDS,EQ,21450.0,22200.0,21450.0,21950.0,21445.0,227176,49783.24,2026-09-07
SOLARWORLD,EQ,150.51,151.99,147.01,147.9,149.32,97974,145.01,2026-09-07
SOLEX,EQ,728.8,728.8,714.35,718.45,725.3,14793,106.5,2026-09-07
SOMANYCERA,EQ,554.95,574.45,554.95,559.4,557.35,84012,476.11,2026-09-07
SOMATEX,EQ,89.31,92.84,86.37,86.72,90.22,17649,15.5,2026-09-07
SOMICONVEY,EQ,91.05,93.93,91.05,92.37,91.33,5859,5.4,2026-09-07
SONACOMS,EQ,786.95,790.85,778.0,788.0,789.0,1159441,9111.82,2026-09-07
SONATSOFTW,EQ,285.25,286.0,273.45,283.85,285.25,1737278,4841.78,2026-09-07
SOTL,EQ,824.05,850.1,698.7,705.75,740.75,2433195,18296.27,2026-09-07
SOUTHBANK,EQ,47.3,47.67,46.5,46.54,47.29,4949017,2318.45,2026-09-07
SOUTHWEST,EQ,213.5,225.79,211.19,222.26,212.92,581017,1273.61,2026-09-07
SPAL,EQ,1066.5,1093.8,1055.2,1065.9,1071.1,29190,311.8,2026-09-07
SPANDANA,EQ,239.99,241.0,237.2,238.88,239.81,58630,140.21,2026-09-07
SPARC,EQ,199.9,208.65,199.59,205.87,199.47,1498275,3077.61,2026-09-07
SPCENET,EQ,3.5,3.61,3.46,3.56,3.41,1383299,49.01,2026-09-07
SPELS,EQ,148.61,151.7,146.3,147.64,149.38,47712,70.68,2026-09-07
SPENCERS,EQ,28.6,29.01,28.12,28.78,28.5,19688,5.66,2026-09-07
SPIC,EQ,71.0,72.5,70.5,71.02,71.28,551519,393.92,2026-09-07
SPLIL,EQ,30.39,32.0,29.75,31.09,30.39,15875,4.88,2026-09-07
SPLPETRO,EQ,774.9,805.0,771.05,802.5,771.05,863737,6873.25,2026-09-07
SPMLINFRA,EQ,183.2,183.89,178.07,180.21,181.41,283043,512.02,2026-09-07
SPORTKING,EQ,228.34,230.0,217.07,221.85,229.22,400590,891.1,2026-09-07
SRD,EQ,39.98,40.09,38.75,39.01,39.33,25361,10.01,2026-09-07
SREEL,EQ,269.8,286.01,263.0,279.4,265.52,72657,202.68,2026-09-07
SRF,EQ,2536.2,2560.0,2526.5,2546.0,2547.0,208077,5290.75,2026-09-07
SRGHFL,EQ,258.0,258.0,240.9,245.85,245.45,1647,4.01,2026-09-07
SRHHYPOLTD,EQ,535.5,542.25,530.0,531.6,531.05,13332,71.22,2026-09-07
SRIKPRIND,EQ,35.43,35.78,32.5,33.82,33.38,113310,38.3,2026-09-07
SRM,EQ,464.65,477.45,458.1,460.05,462.35,102399,477.87,2026-09-07
SRTL,EQ,37.7,38.36,36.81,37.98,37.71,36439,13.74,2026-09-07
SSDL,EQ,57.07,57.48,56.16,57.11,56.69,15015,8.57,2026-09-07
SSWL,EQ,374.6,383.8,365.45,371.3,361.85,2780026,10423.35,2026-09-07
STANLEY,EQ,136.45,138.39,135.52,137.16,135.48,68522,93.95,2026-09-07
STAR,EQ,1058.7,1187.6,1045.0,1178.8,1059.6,2617272,30341.38,2026-09-07
STARCEMENT,EQ,191.0,195.04,188.61,194.4,190.19,322246,623.12,2026-09-07
STARHEALTH,EQ,552.85,574.0,546.95,565.95,557.35,776080,4306.12,2026-09-07
STARPAPER,EQ,153.0,167.0,150.1,162.61,151.42,113673,184.77,2026-09-07
STARTECK,EQ,248.05,254.25,245.25,247.2,249.25,245,0.61,2026-09-07
STCINDIA,EQ,115.75,115.75,114.01,114.27,115.28,14553,16.68,2026-09-07
STEELCAS,EQ,328.2,336.35,324.65,326.85,328.05,65750,217.41,2026-09-07
STEELCITY,EQ,87.0,87.0,84.4,84.99,85.55,3037,2.58,2026-09-07
STEELXIND,EQ,11.34,11.4,11.1,11.23,11.34,1498999,168.23,2026-09-07
STEL,EQ,590.0,609.95,590.0,596.7,607.9,3622,21.72,2026-09-07
STLNETWORK,EQ,29.51,30.31,29.5,30.31,28.87,1989195,599.18,2026-09-07
STLSTRINF,EQ,19.55,22.78,18.12,19.07,19.55,5513,1.11,2026-09-07
STOVEKRAFT,EQ,836.5,867.5,832.2,849.25,832.55,174466,1487.2,2026-09-07
STUDDS,EQ,426.75,438.0,418.0,419.95,424.2,80163,338.29,2026-09-07
STYL,EQ,385.0,387.5,378.2,380.2,383.5,58586,223.27,2026-09-07
STYLAMIND,EQ,3387.4,3445.8,3284.2,3370.7,3387.4,48594,1643.49,2026-09-07
STYLEBAAZA,EQ,401.0,409.7,397.4,399.5,400.25,1380118,5546.44,2026-09-07
STYRENIX,EQ,2044.0,2091.0,2024.3,2063.7,2043.2,57965,1194.15,2026-09-07
SUBEXLTD,EQ,17.61,17.62,16.6,16.74,17.28,2594174,440.41,2026-09-07
SUBROS,EQ,710.0,713.45,702.0,704.75,709.6,25162,178.22,2026-09-07
SUDARCOLOR,EQ,384.1,396.95,382.15,386.8,383.45,16386,63.79,2026-09-07
SUDARSCHEM,EQ,1224.9,1265.0,1223.5,1239.8,1222.8,222036,2767.0,2026-09-07
SUDEEPPHRM,EQ,1342.5,1378.0,1305.0,1323.3,1329.3,208143,2780.89,2026-09-07
SUKHJITS,EQ,160.6,163.86,157.75,160.55,157.86,27049,43.24,2026-09-07
SULA,EQ,149.85,149.85,146.2,147.09,149.0,139355,205.65,2026-09-07
SUMEDHA,EQ,39.4,39.7,38.0,39.7,39.01,1206,0.47,2026-09-07
SUMEETINDS,EQ,11.5,11.8,11.25,11.29,11.5,1315064,151.82,2026-09-07
SUMICHEM,EQ,493.4,497.7,485.2,487.9,493.4,96847,475.99,2026-09-07
SUMIT,EQ,51.7,51.7,50.21,51.31,51.71,14892,7.58,2026-09-07
SUMMITSEC,EQ,1429.0,1430.9,1411.0,1419.8,1434.2,8351,118.6,2026-09-07
SUNCLAY,EQ,1310.9,1313.1,1262.7,1299.4,1304.4,6938,89.73,2026-09-07
SUNDARAM,EQ,1.23,1.24,1.2,1.2,1.23,642010,7.77,2026-09-07
SUNDARMFIN,EQ,4639.9,4732.8,4625.1,4708.3,4648.7,49899,2332.86,2026-09-07
SUNDRMFAST,EQ,1219.0,1224.8,1195.0,1200.5,1212.3,61152,737.33,2026-09-07
SUNDROP,EQ,664.35,664.35,653.0,659.45,662.5,6385,42.12,2026-09-07
SUNFLAG,EQ,343.7,345.45,337.05,338.4,343.7,120395,408.43,2026-09-07
SUNLOC,EQ,79.98,79.98,79.98,79.98,79.98,8,0.01,2026-09-07
SUNPHARMA,EQ,1899.0,1907.8,1883.1,1895.0,1899.0,1579345,29870.28,2026-09-07
SUNRAKSHAK,EQ,366.05,375.0,366.05,370.15,369.55,8109,30.1,2026-09-07
SUNSHIEL,EQ,1175.0,1275.0,1155.0,1268.6,1144.9,13356,166.53,2026-09-07
SUNSHINE,EQ,444.9,492.9,444.9,486.3,441.45,3585788,17191.36,2026-09-07
SUNTECK,EQ,299.5,300.1,293.0,294.0,299.5,112311,331.65,2026-09-07
SUNTV,EQ,470.95,470.95,451.5,452.85,470.9,589224,2690.71,2026-09-07
SUPERHOUSE,EQ,168.01,172.3,166.0,170.62,169.23,3532,5.94,2026-09-07
SUPRAJIT,EQ,479.0,482.0,470.15,473.2,479.45,47325,225.04,2026-09-07
SUPREME,EQ,37.51,37.69,36.0,37.41,36.27,11414,4.2,2026-09-07
SUPREMEIND,EQ,3475.0,3603.1,3470.1,3598.0,3475.0,370941,13259.21,2026-09-07
SUPREMEINF,EQ,84.12,87.0,82.5,85.77,83.42,59001,50.13,2026-09-07
SUPRIYA,EQ,869.9,923.0,864.0,909.1,852.85,1225649,11072.93,2026-09-07
SURAJEST,EQ,178.28,181.39,175.0,176.09,178.25,310830,547.01,2026-09-07
SURAJLTD,EQ,202.01,205.8,198.45,200.0,201.79,8352,16.72,2026-09-07
SURAKSHA,EQ,330.55,345.0,328.95,338.9,332.45,102949,346.92,2026-09-07
SURANASOL,EQ,26.11,26.32,25.52,25.86,26.11,70035,18.18,2026-09-07
SURANAT&P,EQ,16.27,16.9,16.2,16.43,16.57,100451,16.61,2026-09-07
SURYALA,EQ,411.0,424.95,408.0,421.4,411.85,2187,9.2,2026-09-07
SURYALAXMI,EQ,61.0,61.0,58.55,58.85,60.79,4203,2.51,2026-09-07
SURYAROSNI,EQ,216.35,218.19,215.0,215.81,216.49,500001,1080.16,2026-09-07
SURYODAY,EQ,152.97,153.12,150.73,152.21,152.07,203120,308.62,2026-09-07
SUVEN,EQ,378.7,395.4,376.1,377.15,378.0,862473,3309.94,2026-09-07
SUVIDHAA,EQ,2.44,2.56,2.13,2.21,2.42,382018,9.03,2026-09-07
SUYOG,EQ,723.6,739.6,711.3,718.5,731.2,60317,437.56,2026-09-07
SUZLON,EQ,45.41,45.55,44.85,45.55,45.35,28911783,13099.94,2026-09-07
SVGLOBAL,EQ,160.0,160.0,147.06,151.09,163.62,21648,33.43,2026-09-07
SVPGLOB,EQ,3.72,3.78,3.59,3.6,3.65,25956,0.94,2026-09-07
SWANCORP,EQ,280.5,283.85,273.9,278.1,281.5,1155945,3225.98,2026-09-07
SWARAJENG,EQ,3629.0,3699.0,3593.3,3648.0,3557.8,28465,1037.54,2026-09-07
SWARNSAR,EQ,36.5,39.25,35.1,37.58,35.25,82042,31.0,2026-09-07
SWELECTES,EQ,574.0,589.9,547.05,572.35,572.5,122811,692.99,2026-09-07
SWIGGY,EQ,277.7,280.5,274.65,276.45,276.1,23743792,65942.58,2026-09-07
SWSOLAR,EQ,187.2,188.0,184.5,185.13,186.23,536948,996.03,2026-09-07
SYMBIOTEC,EQ,1068.0,1141.0,1068.0,1098.7,1078.25,3088018,34479.44,2026-09-07
SYMPHONY,EQ,592.9,593.45,570.0,573.4,580.35,58826,342.56,2026-09-07
SYNCOMF,EQ,20.08,20.57,19.73,20.27,20.58,11295960,2274.18,2026-09-07
SYNGENE,EQ,395.0,396.3,387.25,389.3,395.6,444340,1733.21,2026-09-07
SYRMA,EQ,1458.5,1645.0,1458.3,1634.8,1457.3,13079561,208252.71,2026-09-07
TAALTECH,EQ,4548.0,4574.8,4400.0,4439.1,4502.2,8803,394.74,2026-09-07
TAINWALCHM,EQ,216.83,216.83,206.35,208.48,213.71,4163,8.79,2026-09-07
TAJGVK,EQ,332.05,339.0,328.1,329.2,332.55,66810,221.81,2026-09-07
TAKE,EQ,14.51,14.51,14.51,14.51,13.82,225946,32.78,2026-09-07
TALBROAUTO,EQ,416.0,441.85,411.85,431.8,407.75,1798087,7759.25,2026-09-07
TANAA,EQ,284.0,285.9,280.0,282.0,282.15,7571,21.47,2026-09-07
TANLA,EQ,523.15,523.15,512.3,520.2,521.15,317979,1644.44,2026-09-07
TARACHAND,EQ,49.38,49.38,47.1,47.43,48.78,45282,21.59,2026-09-07
TARAPUR,EQ,13.03,13.5,12.51,12.71,13.03,70228,9.14,2026-09-07
TARC,EQ,128.81,135.68,126.55,134.9,126.99,2061276,2745.66,2026-09-07
TARIL,EQ,302.1,303.8,296.7,299.65,300.95,746125,2235.09,2026-09-07
TARMAT,EQ,61.53,62.89,60.0,61.91,61.23,47182,29.13,2026-09-07
TARSONS,EQ,336.0,336.0,327.0,328.55,335.55,80073,264.8,2026-09-07
TASTYBITE,EQ,9902.0,10008.0,9603.0,9901.0,9982.0,7569,743.64,2026-09-07
TATACAP,EQ,375.05,375.05,365.15,369.95,375.05,934265,3443.74,2026-09-07
TATACHEM,EQ,625.0,627.15,611.1,613.35,625.1,501210,3087.23,2026-09-07
TATACOMM,EQ,1754.1,1754.1,1725.0,1738.5,1756.1,185621,3225.36,2026-09-07
TATACONSUM,EQ,1014.0,1019.9,1004.0,1015.0,1010.0,1368015,13875.02,2026-09-07
TATAELXSI,EQ,3547.6,3547.9,3475.0,3497.0,3558.0,161685,5659.5,2026-09-07
TATAGOLD,EQ,14.87,14.87,14.67,14.76,14.94,57797478,8511.83,2026-09-07
TATAINVEST,EQ,629.15,631.55,625.75,627.8,633.7,94363,592.45,2026-09-07
TATAPOWER,EQ,366.9,369.8,363.0,365.7,368.0,4849767,17683.86,2026-09-07
TATASTEEL,EQ,189.0,190.24,184.37,185.61,188.79,23695657,43971.45,2026-09-07
TATATECH,EQ,798.1,799.65,778.25,785.1,800.0,774063,6107.92,2026-09-07
TATSILV,EQ,22.54,22.54,22.18,22.31,22.62,26564982,5921.38,2026-09-07
TATVA,EQ,1700.0,1721.2,1646.7,1695.8,1678.5,88807,1496.98,2026-09-07
TBOTEK,EQ,1684.0,1719.9,1672.0,1705.4,1688.9,172047,2933.32,2026-09-07
TBZ,EQ,528.9,528.9,528.9,528.9,480.85,318752,1685.88,2026-09-07
TCC,EQ,44.0,44.47,40.5,41.08,44.1,580938,241.65,2026-09-07
TCI,EQ,868.2,885.5,858.05,863.95,868.2,30299,261.9,2026-09-07
TCIEXP,EQ,551.0,569.95,542.2,549.1,552.9,55023,305.03,2026-09-07
TCPLPACK,EQ,4140.0,4140.0,3800.0,3862.4,4091.9,34746,1366.32,2026-09-07
TCS,EQ,2290.1,2299.9,2260.1,2270.0,2304.0,2297551,52230.49,2026-09-07
TDPOWERSYS,EQ,740.0,754.7,728.1,734.15,740.1,925420,6838.06,2026-09-07
TEAMGTY,EQ,243.6,243.6,235.0,235.03,235.29,661,1.55,2026-09-07
TEAMLEASE,EQ,1285.0,1309.2,1261.1,1279.2,1250.6,36478,470.07,2026-09-07
TECH,EQ,33.97,34.77,32.73,32.78,33.81,96939,31.94,2026-09-07
TECHM,EQ,1575.1,1593.6,1545.3,1564.0,1596.9,2028588,31619.06,2026-09-07
TECHNOCRAF,EQ,365.0,397.4,363.1,388.95,366.1,2343237,9062.89,2026-09-07
TECHNOE,EQ,983.0,986.75,957.25,962.5,979.5,129751,1251.99,2026-09-07
TECHNVISN,EQ,4917.5,4918.5,4710.5,4792.5,4917.5,537,25.79,2026-09-07
TECILCHEM,EQ,9.72,10.17,9.4,9.5,9.72,13279,1.27,2026-09-07
TEGA,EQ,1560.0,1638.0,1540.1,1603.5,1548.0,634918,10196.18,2026-09-07
TEJASNET,EQ,615.0,616.2,590.05,593.6,614.15,3912391,23424.14,2026-09-07
TEMBO,EQ,59.75,60.5,57.61,58.43,58.47,4643901,2736.77,2026-09-07
TEMPSENS,EQ,559.0,559.0,540.0,546.2,554.8,1663376,9115.9,2026-09-07
TENNIND,EQ,520.0,522.85,514.5,515.45,517.55,229138,1184.25,2026-09-07
TERAI,EQ,121.43,140.0,121.43,130.7,121.43,1019,1.34,2026-09-07
TERASOFT,EQ,286.2,286.2,271.0,273.25,283.4,26187,72.57,2026-09-07
TEXINFRA,EQ,113.9,121.8,113.0,119.26,115.02,411113,484.35,2026-09-07
TEXMOPIPES,EQ,47.3,55.47,47.25,54.18,46.23,2193984,1178.55,2026-09-07
TEXRAIL,EQ,117.45,123.9,117.25,119.46,115.99,9209299,11125.05,2026-09-07
TFCILTD,EQ,143.0,145.04,139.1,140.9,143.26,4618937,6587.48,2026-09-07
TFL,EQ,12.48,12.55,11.9,11.91,12.36,19420,2.41,2026-09-07
TGBHOTELS,EQ,9.48,9.89,9.3,9.56,9.48,4414,0.42,2026-09-07
TGVSL,EQ,111.56,114.0,109.98,110.52,109.98,366176,410.95,2026-09-07
THACKER,EQ,1080.0,1100.0,1016.0,1016.0,1050.0,64,0.68,2026-09-07
THAKDEV,EQ,141.0,149.99,140.0,149.99,144.0,233,0.33,2026-09-07
THANGAMAYL,EQ,5332.0,5505.0,5311.0,5474.0,5332.0,93135,5072.01,2026-09-07
THEINVEST,EQ,95.23,99.0,94.1,97.89,95.0,8725,8.5,2026-09-07
THEJO,EQ,2125.9,2195.0,2100.1,2160.2,2125.3,19040,410.15,2026-09-07
THELEELA,EQ,554.95,556.95,541.0,543.5,554.05,234413,1278.82,2026-09-07
THEMISMED,EQ,121.38,140.6,119.17,133.07,120.42,4732951,6355.19,2026-09-07
THERMAX,EQ,3638.0,3670.0,3593.3,3622.0,3637.6,141581,5148.58,2026-09-07
THOMASCOOK,EQ,112.0,115.7,111.0,112.52,111.65,1879256,2126.69,2026-09-07
THOMASCOTT,EQ,264.95,267.8,256.05,259.65,262.75,39653,102.69,2026-09-07
THYROCARE,EQ,573.75,580.75,566.2,573.15,576.15,243176,1389.64,2026-09-07
TI,EQ,532.0,545.6,520.0,533.25,535.1,451824,2424.89,2026-09-07
TIGERLOGS,EQ,28.61,29.37,28.01,28.08,28.61,56684,16.02,2026-09-07
TIIL,EQ,3194.0,3262.8,3137.6,3166.4,3194.6,20927,668.6,2026-09-07
TIINDIA,EQ,2690.0,2709.0,2679.0,2683.0,2698.0,121565,3269.78,2026-09-07
TIMETECHNO,EQ,188.41,188.41,182.99,184.53,188.49,1326457,2456.58,2026-09-07
TIMEX,EQ,672.1,672.15,617.6,628.3,669.85,616321,3913.27,2026-09-07
TIMKEN,EQ,3148.0,3150.0,3085.0,3098.7,3125.3,18234,567.43,2026-09-07
TINNARUBR,EQ,1038.2,1038.2,995.35,1012.9,1028.2,49466,500.18,2026-09-07
TIPSFILMS,EQ,330.15,337.85,326.05,328.15,331.0,2447,8.1,2026-09-07
TIPSMUSIC,EQ,649.75,652.0,641.2,643.7,649.75,156576,1012.49,2026-09-07
TIRUMALCHM,EQ,157.02,158.98,154.32,154.98,157.19,229828,359.36,2026-09-07
TITAGARH,EQ,878.75,901.55,866.0,896.45,871.85,1383593,12316.92,2026-09-07
TITAN,EQ,5010.0,5028.0,4958.5,4995.0,5020.0,480336,23931.62,2026-09-07
TMB,EQ,942.9,954.2,930.15,936.45,932.45,148519,1398.31,2026-09-07
TMCV,EQ,459.0,461.9,454.15,459.65,458.2,4403689,20158.79,2026-09-07
TMPV,EQ,311.5,312.0,307.0,307.0,311.5,6493351,20036.13,2026-09-07
TNIDETF,EQ,89.15,91.99,89.15,89.81,90.94,83031,74.58,2026-09-07
TNPETRO,EQ,134.0,135.5,130.77,131.73,132.7,701145,931.9,2026-09-07
TNPL,EQ,156.01,166.0,154.31,159.5,155.75,2376677,3824.24,2026-09-07
TNTELE,EQ,8.99,9.13,8.88,8.97,8.88,18897,1.7,2026-09-07
TOKYOPLAST,EQ,76.5,76.5,74.99,75.99,76.51,683,0.52,2026-09-07
TOLINS,EQ,91.3,92.7,91.01,92.26,91.98,31998,29.37,2026-09-07
TOP100CASE,EQ,10.43,10.74,10.42,10.47,10.54,857161,89.9,2026-09-07
TOP10ADD,EQ,87.98,87.99,87.01,87.19,87.98,208340,181.7,2026-09-07
TOP15IETF,EQ,9.86,9.86,9.72,9.74,9.82,104502,10.18,2026-09-07
TOP20,EQ,8.65,8.92,8.65,8.83,8.88,39047,3.44,2026-09-07
TORNTPHARM,EQ,4857.0,4915.0,4823.0,4914.0,4857.0,229459,11206.12,2026-09-07
TORNTPOWER,EQ,1307.0,1323.0,1271.2,1275.7,1299.1,349676,4530.02,2026-09-07
TOTAL,EQ,69.03,77.95,69.03,74.14,70.88,29615,22.08,2026-09-07
TOUCHWOOD,EQ,63.48,63.48,60.5,62.0,62.81,413,0.26,2026-09-07
TOYAMSL,EQ,0.62,0.62,0.61,0.61,0.61,251250,1.54,2026-09-07
TPLPLASTEH,EQ,71.73,72.25,68.4,68.61,71.74,203179,142.78,2026-09-07
TRACXN,EQ,29.96,30.08,29.17,29.68,29.96,218499,64.94,2026-09-07
TRANSCOR,EQ,25.61,25.61,24.48,25.14,25.49,2423,0.6,2026-09-07
TRANSRAILL,EQ,430.0,436.9,418.0,419.55,429.3,639224,2723.21,2026-09-07
TRAVELFOOD,EQ,1296.5,1312.4,1280.2,1285.3,1296.3,22411,290.39,2026-09-07
TREEHOUSE,EQ,6.3,6.35,6.06,6.1,6.29,13741,0.85,2026-09-07
TREJHARA,EQ,151.25,152.49,144.02,147.19,152.01,21367,31.5,2026-09-07
TREL,EQ,27.69,27.9,26.95,27.18,27.44,122858,33.55,2026-09-07
TRENT,EQ,2850.0,2854.4,2772.5,2814.5,2853.0,1021019,28616.69,2026-09-07
TRF,EQ,231.7,235.99,230.0,235.13,231.59,14703,34.43,2026-09-07
TRIDENT,EQ,24.17,24.23,23.92,23.98,24.16,2135046,512.6,2026-09-07
TRIGYN,EQ,58.7,60.25,58.3,59.88,58.97,30944,18.51,2026-09-07
TRITONV,EQ,1138.1,1152.6,1129.6,1140.5,1136.1,1897,21.71,2026-09-07
TRITURBINE,EQ,577.3,578.9,565.5,568.75,577.3,209558,1197.12,2026-09-07
TRIVENI,EQ,277.05,283.95,273.15,276.1,275.65,626456,1749.8,2026-09-07
TRU,EQ,4.05,4.11,3.94,4.1,4.05,140699,5.73,2026-09-07
TRUALT,EQ,425.95,433.85,420.0,424.1,425.25,73764,313.42,2026-09-07
TSFINV,EQ,405.45,410.25,400.5,403.6,404.7,36179,146.4,2026-09-07
TTKHLTCARE,EQ,1105.0,1128.0,1085.1,1091.1,1100.2,62317,686.01,2026-09-07
TTKPRESTIG,EQ,562.8,567.0,545.0,548.0,562.75,66655,368.58,2026-09-07
TTL,EQ,6.69,6.89,6.65,6.74,6.81,143018,9.62,2026-09-07
TTML,EQ,37.74,38.09,36.6,37.35,37.74,1329750,499.25,2026-09-07
TURTLEMINT,EQ,144.08,145.09,140.19,142.42,144.08,553335,790.85,2026-09-07
TUTIALKA,EQ,61.84,61.9,58.61,59.74,60.36,9023,5.43,2026-09-07
TVSELECT,EQ,422.5,423.35,417.0,418.8,420.85,15849,66.51,2026-09-07
TVSHLTD,EQ,13774.0,14170.0,13601.0,13748.0,13374.0,26789,3711.51,2026-09-07
TVSMOTOR,EQ,4127.0,4159.9,4100.7,4132.0,4133.1,353313,14593.98,2026-09-07
TVSSCS,EQ,130.95,132.99,127.84,129.05,130.41,429219,554.9,2026-09-07
TVSSRICHAK,EQ,5230.5,5370.0,5230.5,5305.0,5237.5,6409,339.84,2026-09-07
TVTODAY,EQ,110.95,111.48,107.62,110.68,110.95,28994,31.99,2026-09-07
TWCGOLDETF,EQ,152.93,152.93,149.93,151.22,152.93,3316,5.01,2026-09-07
UBL,EQ,1283.8,1305.1,1275.3,1291.0,1279.4,181984,2349.74,2026-09-07
UCOBANK,EQ,24.75,24.9,24.32,24.42,24.78,4573497,1123.36,2026-09-07
UDAYJEW,EQ,168.4,171.6,148.0,167.58,143.0,638490,1050.17,2026-09-07
UDS,EQ,239.0,239.5,216.2,217.84,239.03,398512,898.83,2026-09-07
UEL,EQ,245.8,245.8,229.52,229.52,241.6,34311,80.79,2026-09-07
UFLEX,EQ,684.15,685.5,668.0,682.7,675.6,152186,1031.61,2026-09-07
UFO,EQ,66.2,66.2,64.0,64.51,65.09,47044,30.62,2026-09-07
UGARSUGAR,EQ,54.0,55.85,53.82,54.19,53.35,656681,359.02,2026-09-07
UGROCAP,EQ,86.35,87.25,84.92,85.42,86.35,117768,101.56,2026-09-07
UJJIVANSFB,EQ,64.51,65.4,63.56,65.09,64.43,9339056,6027.21,2026-09-07
ULTRACEMCO,EQ,11370.0,11370.0,11175.0,11175.0,11408.0,214788,24111.67,2026-09-07
ULTRAMAR,EQ,437.15,441.7,428.0,429.4,437.15,41522,179.71,2026-09-07
UMESLTD,EQ,5.19,5.19,4.92,5.09,5.09,22429,1.14,2026-09-07
UMIYA-MRO,EQ,108.0,109.0,104.0,104.82,104.42,41787,44.25,2026-09-07
UNICHEMLAB,EQ,550.2,591.25,548.0,569.75,550.2,309037,1757.88,2026-09-07
UNIECOM,EQ,88.38,88.38,85.0,85.36,87.62,288190,246.93,2026-09-07
UNIENTER,EQ,92.0,95.5,92.0,92.85,93.19,4658,4.33,2026-09-07
UNIINFO,EQ,11.0,11.2,10.62,11.06,11.0,1078,0.12,2026-09-07
UNIMECH,EQ,1513.0,1528.0,1489.0,1495.7,1502.7,169474,2560.43,2026-09-07
UNIONBANK,EQ,186.5,188.45,183.2,186.04,187.22,12010754,22139.09,2026-09-07
UNIONGOLD,EQ,150.0,150.15,147.55,148.75,150.2,1064,1.58,2026-09-07
UNIPARTS,EQ,865.8,906.85,865.8,902.1,874.05,165683,1478.99,2026-09-07
UNITDSPR,EQ,1457.9,1468.4,1431.5,1440.0,1471.7,377003,5437.07,2026-09-07
UNITECH,EQ,4.24,4.44,4.16,4.22,4.08,17838014,768.63,2026-09-07
UNITEDPOLY,EQ,42.0,43.0,41.25,42.88,41.66,182224,77.12,2026-09-07
UNITEDTEA,EQ,447.8,447.8,440.3,441.95,442.8,5946,26.28,2026-09-07
UNIVCABLES,EQ,1560.8,1586.2,1477.0,1487.6,1576.3,287909,4368.98,2026-09-07
UNOMINDA,EQ,1245.0,1252.1,1221.2,1241.7,1249.7,390846,4816.84,2026-09-07
UPHOT,EQ,1355.0,1355.0,1320.0,1330.0,1387.0,613,8.12,2026-09-07
UPL,EQ,580.1,586.75,573.0,573.0,582.15,1754057,10176.98,2026-09-07
URBANCO,EQ,181.84,182.86,175.25,176.06,181.09,4774283,8495.45,2026-09-07
URJA,EQ,9.07,9.2,9.0,9.12,9.18,594104,54.15,2026-09-07
USHAMART,EQ,514.15,515.1,498.45,500.3,514.15,545048,2744.25,2026-09-07
USK,EQ,21.41,21.41,20.36,20.9,20.99,33012,6.84,2026-09-07
UTIAMC,EQ,883.7,892.75,879.0,889.95,880.55,64072,567.85,2026-09-07
UTKARSHBNK,EQ,14.64,15.1,14.4,15.03,14.56,8467823,1260.61,2026-09-07
UTLSOLAR,EQ,432.5,434.75,413.05,417.3,429.75,247130,1038.79,2026-09-07
UTTAMSUGAR,EQ,283.45,294.0,281.2,284.0,281.2,343123,984.19,2026-09-07
V2RETAIL,EQ,220.0,225.7,217.69,222.42,216.5,3160103,7038.35,2026-09-07
VADILALIND,EQ,7629.0,7692.5,7456.0,7505.5,7655.0,21025,1585.21,2026-09-07
VADILENT,EQ,10399.0,10950.0,10399.0,10730.0,10045.0,22,2.33,2026-09-07
VAIBHAVGBL,EQ,218.0,220.07,215.7,216.49,218.74,194020,422.09,2026-09-07
VAISHALI,EQ,8.53,8.53,8.21,8.37,8.32,91770,7.65,2026-09-07
VAKRANGEE,EQ,5.79,5.81,5.61,5.66,5.79,1770839,101.11,2026-09-07
VAL30IETF,EQ,14.81,15.24,14.81,15.06,15.19,184406,27.82,2026-09-07
VALUE,EQ,16.15,16.18,15.99,16.04,16.15,46657,7.49,2026-09-07
VALUEAXIS,EQ,33.7,33.7,32.56,32.8,32.88,91408,29.87,2026-09-07
VAML,EQ,438.0,440.0,434.25,438.9,437.75,3188490,13958.38,2026-09-07
VARDMNPOLY,EQ,5.91,5.98,5.8,5.89,5.87,62048,3.66,2026-09-07
VARROC,EQ,821.05,832.0,813.0,827.05,826.35,154732,1271.67,2026-09-07
VASCONEQ,EQ,30.56,30.79,30.0,30.09,30.47,143213,43.23,2026-09-07
VASUPRADA,EQ,111.38,111.38,107.63,108.0,107.1,179,0.19,2026-09-07
VASWANI,EQ,47.49,47.49,45.51,45.85,47.01,26758,12.36,2026-09-07
VBL,EQ,406.0,407.6,404.0,405.95,407.6,5062827,20519.9,2026-09-07
VEDAVAAG,EQ,18.3,18.5,17.0,18.15,18.17,31991,5.87,2026-09-07
VEDL,EQ,272.1,272.5,267.0,268.0,272.1,4892640,13159.34,2026-09-07
VEDPOWER,EQ,34.2,34.54,33.75,34.12,34.2,12155109,4134.62,2026-09-07
VEEDOL,EQ,1464.0,1481.0,1452.2,1456.3,1476.8,6133,89.76,2026-09-07
VENKEYS,EQ,1640.8,1670.9,1631.6,1648.3,1659.6,40538,667.26,2026-09-07
VENTIVE,EQ,604.5,604.5,578.0,580.55,588.2,12470,72.65,2026-09-07
VENUSPIPES,EQ,1639.8,1821.0,1639.8,1805.4,1631.0,603283,10639.33,2026-09-07
VERANDA,EQ,244.0,246.63,241.0,241.81,242.63,113164,274.7,2026-09-07
VERTOZ,EQ,38.2,38.67,36.27,37.04,37.66,43316,16.28,2026-09-07
VESUVIUS,EQ,422.4,424.9,416.8,419.55,419.15,70358,295.74,2026-09-07
VGCL,EQ,52.62,53.37,50.15,50.98,52.62,5319,2.76,2026-09-07
VGL,EQ,52.43,55.81,51.5,53.52,53.31,47866,25.4,2026-09-07
VGUARD,EQ,333.9,335.45,330.85,332.55,335.4,382618,1273.11,2026-09-07
VHL,EQ,3576.0,3675.0,3576.0,3620.8,3626.4,193,7.03,2026-09-07
VIDHIING,EQ,351.0,355.95,348.0,349.0,347.75,11998,42.18,2026-09-07
VIDYAWIRES,EQ,90.9,90.99,87.55,88.15,90.13,876024,780.97,2026-09-07
VIJAYA,EQ,1493.2,1527.5,1487.9,1497.5,1493.2,101311,1527.2,2026-09-07
VIJSOLX,EQ,684.25,687.0,677.8,682.1,687.7,99,0.67,2026-09-07
VIKASECO,EQ,1.07,1.08,1.06,1.07,1.07,1477986,15.82,2026-09-07
VIKASLIFE,EQ,1.29,1.3,1.26,1.29,1.29,1692409,21.79,2026-09-07
VIKRAMSOLR,EQ,168.6,168.85,165.25,165.81,168.45,2014976,3349.32,2026-09-07
VIKRAN,EQ,61.0,61.37,59.88,60.6,60.77,1147055,695.29,2026-09-07
VIMTALABS,EQ,636.0,644.65,633.15,640.65,635.65,109952,703.78,2026-09-07
VINATIORGA,EQ,1312.2,1315.7,1295.6,1298.9,1310.7,44434,578.47,2026-09-07
VINCOFE,EQ,170.58,185.5,170.48,178.88,170.65,4026692,7236.77,2026-09-07
VINDHYATEL,EQ,2755.0,2952.6,2750.3,2765.0,2732.7,214917,6153.48,2026-09-07
VINEETLAB,EQ,37.9,38.3,37.17,37.28,37.37,70769,26.46,2026-09-07
VINNY,EQ,1.02,1.04,1.0,1.01,1.02,431438,4.39,2026-09-07
VINYLINDIA,EQ,227.6,232.3,227.0,228.68,232.38,5175,11.89,2026-09-07
VIPCLOTHNG,EQ,20.15,20.7,20.1,20.16,20.15,36857,7.46,2026-09-07
VIPIND,EQ,314.05,325.45,312.8,320.5,314.05,613544,1973.69,2026-09-07
VIRAT,EQ,429.0,440.95,404.4,433.2,423.35,6095,26.08,2026-09-07
VIRINCHI,EQ,14.5,14.9,14.11,14.31,14.7,163647,23.56,2026-09-07
VISACHROME,EQ,37.47,39.45,36.66,36.73,38.34,135928,50.31,2026-09-07
VISAKAIND,EQ,96.0,96.0,91.28,92.17,93.37,303340,283.68,2026-09-07
VISHAL,EQ,19.13,19.5,17.35,18.24,18.67,81605,15.1,2026-09-07
VISHNU,EQ,700.0,744.0,698.0,726.5,702.0,401102,2929.85,2026-09-07
VISHWARAJ,EQ,5.91,6.22,5.9,5.96,5.9,862570,52.38,2026-09-07
VISL,EQ,35.76,36.34,34.52,34.64,35.39,21758859,7668.19,2026-09-07
VITAL,EQ,57.0,58.0,54.1,56.59,55.72,4143,2.33,2026-09-07
VIVIANA,EQ,816.0,830.0,773.0,776.55,804.7,41040,326.35,2026-09-07
VIVIDHA,EQ,0.52,0.54,0.51,0.51,0.52,127511,0.67,2026-09-07
VIVOBIOT,EQ,19.0,19.08,18.42,18.99,18.8,39076,7.39,2026-09-07
VIYASH,EQ,266.5,266.9,262.55,263.65,265.85,2271312,5992.68,2026-09-07
VLEGOV,EQ,10.98,10.98,10.26,10.47,10.61,99020,10.31,2026-09-07
VLSFINANCE,EQ,245.0,247.8,244.0,244.43,246.44,5921,14.52,2026-09-07
VMART,EQ,829.35,831.9,815.0,826.2,824.2,58090,478.81,2026-09-07
VMM,EQ,106.15,106.57,103.06,104.0,106.14,19261503,20044.53,2026-09-07
VMSTMT,EQ,45.45,45.6,44.1,44.58,45.46,29817,13.38,2026-09-07
VOEPL,EQ,553.2,574.95,538.6,543.15,553.2,99932,557.7,2026-09-07
VOGL,EQ,38.02,38.09,36.8,36.94,38.02,26950606,10042.43,2026-09-07
VOITHPAPR,EQ,1487.9,1488.0,1436.0,1475.5,1458.6,361,5.29,2026-09-07
VOLTAMP,EQ,11500.0,11502.0,10951.0,11067.0,11418.0,35462,3937.4,2026-09-07
VOLTAS,EQ,1170.0,1176.4,1164.4,1167.2,1170.0,402813,4714.54,2026-09-07
VPRPL,EQ,36.38,36.44,34.0,34.27,36.28,480055,167.63,2026-09-07
VRAJ,EQ,121.53,124.0,121.53,122.14,121.71,9594,11.78,2026-09-07
VRLLOG,EQ,297.7,298.9,291.15,292.75,297.7,144481,425.05,2026-09-07
VSSL,EQ,363.9,370.0,355.3,356.45,364.15,70989,257.31,2026-09-07
VSTIND,EQ,208.0,208.5,205.97,206.96,208.15,94351,195.3,2026-09-07
VSTL,EQ,118.01,123.15,118.01,121.75,117.66,37905,45.91,2026-09-07
VSTTILLERS,EQ,4208.5,4208.8,4113.0,4131.9,4187.6,6410,266.24,2026-09-07
VTL,EQ,592.0,598.5,586.4,590.2,598.2,209417,1241.34,2026-09-07
VTMLTD,EQ,58.9,58.9,55.5,56.49,56.12,10946,6.25,2026-09-07
WAAREEENER,EQ,2626.0,2653.0,2590.0,2593.0,2635.0,382404,9994.93,2026-09-07
WAAREEINDO,EQ,275.65,275.65,263.5,265.55,272.0,63383,168.72,2026-09-07
WAAREERTL,EQ,851.4,857.8,848.8,852.6,858.95,78010,664.55,2026-09-07
WABAG,EQ,2029.0,2064.8,1985.3,2008.0,2005.3,388707,7835.67,2026-09-07
WAKEFIT,EQ,152.28,157.48,151.7,155.34,151.55,1054577,1640.55,2026-09-07
WALCHANNAG,EQ,208.61,225.5,206.91,223.36,208.61,2190611,4815.24,2026-09-07
WANBURY,EQ,243.1,253.0,240.0,250.55,246.2,140282,344.85,2026-09-07
WARDINMOBI,EQ,5.94,5.98,4.69,5.77,5.86,385034,21.76,2026-09-07
WATERBASE,EQ,49.0,49.84,47.71,48.49,48.63,23118,11.35,2026-09-07
WCIL,EQ,84.0,84.45,82.5,82.78,83.38,55033,45.78,2026-09-07
WEALTH,EQ,841.7,852.7,832.0,839.25,841.7,1513,12.73,2026-09-07
WEBELSOLAR,EQ,74.0,75.81,73.9,75.21,74.53,1728404,1292.92,2026-09-07
WEIZMANIND,EQ,74.5,75.85,72.5,73.37,74.5,802,0.59,2026-09-07
WEL,EQ,75.5,76.68,72.23,72.23,76.03,1602669,1167.79,2026-09-07
WELCORP,EQ,2584.9,2674.8,2536.8,2597.9,2590.6,1503451,39438.35,2026-09-07
WELENT,EQ,813.6,815.2,772.5,783.5,813.6,621082,4910.82,2026-09-07
WELSPLSOL,EQ,60.44,61.99,58.5,58.99,59.55,2204084,1328.61,2026-09-07
WELSPUNLIV,EQ,210.0,216.0,209.02,211.95,208.51,6124120,13038.68,2026-09-07
WENDT,EQ,8160.0,8420.0,8113.5,8340.0,8160.0,8810,733.82,2026-09-07
WESTLIFE,EQ,528.0,538.85,520.2,533.05,530.6,32363,170.79,2026-09-07
WEWIN,EQ,41.0,43.9,41.0,41.97,41.91,907,0.38,2026-09-07
WEWORK,EQ,666.95,688.35,666.55,675.35,666.95,160167,1083.94,2026-09-07
WHBRADY,EQ,493.0,497.0,493.0,495.5,482.2,12,0.06,2026-09-07
WHEELS,EQ,1740.0,1799.9,1713.1,1755.4,1724.9,341864,5976.54,2026-09-07
WHIRLPOOL,EQ,818.4,825.0,809.0,815.35,815.95,199585,1625.42,2026-09-07
WILLAMAGOR,EQ,25.4,25.4,23.5,23.76,25.4,10152,2.49,2026-09-07
WINDLAS,EQ,1150.0,1181.9,1145.0,1154.75,1126.35,275989,3208.36,2026-09-07
WINDMACHIN,EQ,303.1,316.15,302.05,310.5,304.25,94815,294.5,2026-09-07
WIPL,EQ,162.0,166.99,162.0,164.52,167.99,1359,2.25,2026-09-07
WIPRO,EQ,175.89,176.47,172.65,172.8,176.4,10720636,18613.28,2026-09-07
WOCKPHARMA,EQ,2112.5,2236.0,2076.2,2208.0,2088.7,4319658,94168.11,2026-09-07
WONDERLA,EQ,538.6,538.6,521.1,526.3,533.9,40911,215.66,2026-09-07
WORTHPERI,EQ,150.3,156.5,150.3,154.99,154.99,3939,6.1,2026-09-07
WPIL,EQ,445.0,445.0,433.0,435.3,443.9,31690,138.41,2026-09-07
WSI,EQ,60.5,61.31,59.71,61.0,60.37,83914,50.87,2026-09-07
WSTCSTPAPR,EQ,648.5,693.0,644.55,687.5,650.25,605527,4091.78,2026-09-07
XCHANGING,EQ,61.38,64.8,60.63,64.3,61.4,325705,206.51,2026-09-07
XELPMOC,EQ,80.0,81.0,77.48,78.08,80.14,13772,10.84,2026-09-07
XPROINDIA,EQ,1326.0,1408.7,1326.0,1362.0,1325.1,340774,4659.05,2026-09-07
XTGLOBAL,EQ,31.06,32.45,31.0,32.0,31.69,71432,22.74,2026-09-07
XTRANET,EQ,242.0,281.08,236.58,279.83,234.24,13668382,36669.45,2026-09-07
YASHO,EQ,4134.1,4162.5,3958.1,3987.8,4134.1,28306,1140.36,2026-09-07
YATHARTH,EQ,995.0,1019.0,985.6,994.8,991.1,357062,3581.23,2026-09-07
YATRA,EQ,113.0,117.45,112.2,114.97,113.49,1530727,1769.82,2026-09-07
YESBANK,EQ,22.44,22.59,22.28,22.42,22.5,33364009,7466.4,2026-09-07
YOGI,EQ,163.4,163.4,155.0,163.25,163.45,4221,6.89,2026-09-07
YUKEN,EQ,1015.85,1024.05,994.3,1005.6,1010.8,9288,93.42,2026-09-07
ZAGGLE,EQ,180.65,184.5,177.0,183.49,180.77,1176464,2125.47,2026-09-07
ZEEL,EQ,88.0,89.0,85.42,85.99,91.61,42609965,36986.09,2026-09-07
ZEEMEDIA,EQ,8.2,8.22,7.77,7.94,8.22,5318153,419.31,2026-09-07
ZENITHEXPO,EQ,207.0,214.0,193.9,196.57,204.1,1681,3.42,2026-09-07
ZENITHSTL,EQ,6.15,6.5,5.8,6.03,5.9,377098,23.24,2026-09-07
ZENSARTECH,EQ,462.7,463.1,450.0,453.85,461.55,659073,2992.01,2026-09-07
ZENTEC,EQ,1801.4,1842.0,1780.0,1794.6,1801.4,344083,6183.56,2026-09-07
ZFCVINDIA,EQ,2550.4,2551.0,2471.1,2491.7,2551.9,49999,1249.17,2026-09-07
ZFSTEERING,EQ,678.0,678.0,652.2,668.5,667.5,9550,63.39,2026-09-07
ZIMLAB,EQ,126.0,132.1,125.9,129.16,125.5,83808,108.12,2026-09-07
ZODIAC,EQ,245.15,246.37,236.12,237.16,240.17,10640,25.61,2026-09-07
ZODIACLOTH,EQ,73.0,73.65,71.52,71.85,72.23,2628,1.9,2026-09-07
ZOTA,EQ,1138.1,1138.1,1087.0,1089.7,1132.4,29556,326.21,2026-09-07
ZSARACOM,EQ,11859.0,11859.0,11302.0,11706.0,11302.0,54,6.29,2026-09-07
ZUARI,EQ,224.83,231.1,223.53,226.85,225.56,123314,280.26,2026-09-07
ZUARIIND,EQ,276.45,286.5,274.8,280.4,276.45,98022,276.29,2026-09-07
ZYDUSLIFE,EQ,1114.2,1163.0,1114.1,1156.9,1120.0,2107281,24198.51,2026-09-07
ZYDUSWELL,EQ,537.3,581.0,536.65,555.35,531.7,7627303,43126.49,2026-09-07
