SYMBOL,SERIES,OPEN_PRICE,HIGH_PRICE,LOW_PRICE,CLOSE_PRICE,PREV_CLOSE,TTL_TRD_QNTY,TURNOVER_LACS,DATE
20MICRONS,EQ,203.96,208.97,203.23,205.71,203.23,56895,117.52,2026-09-17
21STCENMGM,EQ,39.1,39.1,37.7,38.62,38.37,4772,1.82,2026-09-17
360ONE,EQ,1041.0,1065.0,1037.1,1061.3,1045.6,442034,4668.35,2026-09-17
3BBLACKBIO,EQ,1299.7,1317.1,1283.2,1290.8,1292.6,5794,75.01,2026-09-17
3MINDIA,EQ,32040.0,32640.0,31710.0,32530.0,31935.0,2039,657.13,2026-09-17
3PLAND,EQ,31.5,31.98,30.3,31.4,31.28,1763,0.55,2026-09-17
5PAISA,EQ,317.65,323.75,313.0,315.4,316.85,21052,66.77,2026-09-17
63MOONS,EQ,840.05,887.6,839.35,872.65,848.15,268694,2345.81,2026-09-17
A2ZINFRA,EQ,14.65,15.3,14.65,15.01,14.7,128009,19.06,2026-09-17
AAATECH,EQ,93.0,93.0,83.8,84.57,92.54,203794,174.05,2026-09-17
AADHARHFC,EQ,455.2,470.5,455.2,469.35,458.7,221612,1033.86,2026-09-17
AAKASH,EQ,8.71,9.09,8.71,8.92,8.82,45636,4.03,2026-09-17
AAREYDRUGS,EQ,102.49,102.96,100.0,101.72,99.94,178022,180.51,2026-09-17
AARON,EQ,125.34,126.98,121.8,124.42,124.71,3825,4.75,2026-09-17
AARTIDRUGS,EQ,419.2,437.7,419.2,428.35,424.3,120340,518.55,2026-09-17
AARTIIND,EQ,469.9,482.95,469.5,476.6,472.85,315130,1507.63,2026-09-17
AARTIPHARM,EQ,811.0,836.0,801.95,826.95,813.0,244047,2006.15,2026-09-17
AARVI,EQ,141.49,142.9,138.0,140.82,140.07,6902,9.63,2026-09-17
AASTHA,EQ,75.85,77.8,74.5,76.78,74.33,223352,170.08,2026-09-17
AAVAS,EQ,1272.5,1302.2,1272.5,1291.8,1282.5,36253,467.88,2026-09-17
ABANSENT,EQ,26.03,27.0,25.65,26.61,27.0,14334,3.77,2026-09-17
ABB,EQ,6980.0,7168.0,6975.5,7130.5,6980.0,207124,14682.02,2026-09-17
ABBOTINDIA,EQ,26125.0,26280.0,25830.0,25910.0,26125.0,5141,1337.73,2026-09-17
ABCAPITAL,EQ,382.0,391.55,381.45,390.0,381.3,2783223,10804.76,2026-09-17
ABCOTS,EQ,207.8,215.0,207.01,210.83,204.63,17379,36.76,2026-09-17
ABDL,EQ,652.35,657.4,636.95,653.1,647.55,560511,3638.81,2026-09-17
ABFRL,EQ,49.54,50.63,49.41,50.45,49.74,2416858,1214.01,2026-09-17
ABGSEC,EQ,114.54,114.54,112.84,113.07,113.74,39,0.04,2026-09-17
ABLBL,EQ,82.2,84.18,81.88,82.41,82.4,1289753,1071.06,2026-09-17
ABMKNO,EQ,175.01,178.0,174.0,174.37,171.04,452,0.8,2026-09-17
ABREL,EQ,1233.4,1264.6,1231.9,1257.4,1233.4,85481,1071.21,2026-09-17
ABSL10BANK,EQ,168.13,168.13,164.0,164.39,164.83,2339,3.86,2026-09-17
ABSLAMC,EQ,1055.6,1101.2,1042.6,1090.1,1058.4,206442,2228.93,2026-09-17
ABSLBANETF,EQ,57.55,58.0,57.35,57.61,57.68,29639,17.08,2026-09-17
ABSLLIQUID,EQ,995.0,1000.01,995.0,1000.0,1000.0,12180,121.8,2026-09-17
ABSLMSCIN,EQ,28.65,28.76,28.57,28.72,28.46,249,0.07,2026-09-17
ABSLNN50ET,EQ,74.64,75.12,74.28,74.81,74.27,71455,53.38,2026-09-17
ABSLPSE,EQ,10.0,10.1,9.84,9.93,10.0,98835,9.84,2026-09-17
ACC,EQ,1226.8,1240.4,1225.0,1232.5,1226.6,67608,833.21,2026-09-17
ACCELYA,EQ,1125.5,1125.7,1115.1,1122.0,1116.1,4835,54.26,2026-09-17
ACE,EQ,1149.7,1213.2,1141.0,1205.6,1149.7,685925,8139.09,2026-09-17
ACEINTEG,EQ,18.0,18.09,17.42,18.0,17.61,1662,0.3,2026-09-17
ACGL,EQ,1795.0,1795.0,1726.0,1774.0,1769.4,343,6.07,2026-09-17
ACI,EQ,461.95,469.2,456.35,462.4,461.45,272058,1262.38,2026-09-17
ACL,EQ,43.4,43.4,40.7,41.98,42.7,19853,8.26,2026-09-17
ACMESOLAR,EQ,413.05,420.35,403.4,411.3,418.0,1167673,4780.37,2026-09-17
ACUTAAS,EQ,3343.0,3366.0,3282.0,3315.1,3344.7,182520,6064.72,2026-09-17
ADANIENSOL,EQ,1346.0,1386.8,1336.5,1386.8,1349.2,1185354,16102.24,2026-09-17
ADANIENT,EQ,2930.1,2945.0,2907.0,2923.2,2920.0,588066,17224.11,2026-09-17
ADANIGREEN,EQ,1268.5,1291.0,1261.5,1274.2,1270.2,717317,9108.58,2026-09-17
ADANIPORTS,EQ,1731.0,1738.8,1725.1,1738.3,1723.8,791353,13720.9,2026-09-17
ADANIPOWER,EQ,202.34,205.92,202.3,205.92,202.34,8794789,17992.23,2026-09-17
ADDIND,EQ,79.0,84.0,73.05,78.45,79.0,31,0.02,2026-09-17
ADFFOODS,EQ,267.15,276.0,264.1,267.75,267.15,147251,398.68,2026-09-17
ADL,EQ,71.91,73.5,70.4,72.03,71.91,233,0.17,2026-09-17
ADOR,EQ,1546.5,1589.0,1535.1,1564.3,1536.2,26842,419.73,2026-09-17
ADROITINFO,EQ,11.45,11.45,10.9,11.22,11.2,20188,2.25,2026-09-17
ADSL,EQ,95.26,98.26,95.26,96.99,95.26,110089,106.77,2026-09-17
ADVAIT,EQ,1989.9,2020.0,1983.6,1990.4,1996.3,21137,421.98,2026-09-17
ADVANCE,EQ,110.59,112.83,109.26,111.67,110.15,433813,484.28,2026-09-17
ADVANIHOTR,EQ,47.21,47.99,47.0,47.62,47.18,21911,10.44,2026-09-17
ADVENTHTL,EQ,124.75,129.74,124.75,127.04,124.71,108071,137.44,2026-09-17
ADVENZYMES,EQ,287.7,292.2,286.2,288.1,287.85,162477,470.26,2026-09-17
ADVIKCA,EQ,0.99,1.01,0.95,0.97,0.97,265847,2.61,2026-09-17
AEGISLOG,EQ,1381.9,1385.4,1346.6,1353.8,1381.2,463629,6324.32,2026-09-17
AEGISVOPAK,EQ,295.85,316.0,292.5,310.7,296.95,6087355,18906.4,2026-09-17
AEPL,EQ,16.0,16.49,15.15,15.78,15.87,34015,5.41,2026-09-17
AEQUS,EQ,221.0,231.39,216.33,229.33,220.68,3205408,7242.47,2026-09-17
AEROENTER,EQ,113.35,124.41,112.2,122.94,113.35,2191657,2648.5,2026-09-17
AEROFLEX,EQ,483.1,512.1,483.1,497.6,481.1,2061953,10346.8,2026-09-17
AERONEU,EQ,69.0,69.0,64.57,66.61,64.95,11693,7.74,2026-09-17
AEROPLANE,EQ,195.5,198.9,191.15,193.7,195.67,119536,232.92,2026-09-17
AETHER,EQ,1608.6,1629.5,1594.0,1623.3,1603.1,134986,2186.46,2026-09-17
AFCONS,EQ,256.6,272.3,243.5,267.3,258.4,8753901,22751.53,2026-09-17
AFFLE,EQ,1539.0,1551.6,1522.4,1545.6,1535.0,83893,1293.23,2026-09-17
AFFORDABLE,EQ,165.99,169.0,156.91,167.31,162.29,20592,33.7,2026-09-17
AFIL,EQ,8.54,8.54,8.33,8.37,8.37,221546,18.6,2026-09-17
AFSL,EQ,201.95,202.0,201.0,201.0,201.02,858,1.73,2026-09-17
AGARIND,EQ,412.0,414.55,405.1,407.75,409.6,22218,90.71,2026-09-17
AGARWALEYE,EQ,502.1,504.8,493.4,500.15,505.0,157311,784.76,2026-09-17
AGI,EQ,716.95,747.3,714.05,733.75,717.3,78178,569.98,2026-09-17
AGIIL,EQ,261.85,276.5,261.75,266.15,262.4,335928,903.57,2026-09-17
AGL,EQ,14.0,14.2,13.75,13.88,14.03,2074548,288.54,2026-09-17
AGRITECH,EQ,103.0,103.0,96.25,96.42,98.1,3472,3.37,2026-09-17
AGROPHOS,EQ,23.1,23.88,22.9,23.44,23.18,9662,2.26,2026-09-17
AHCL,EQ,19.7,22.36,19.7,21.84,20.04,49745313,10573.97,2026-09-17
AHLADA,EQ,36.79,40.0,36.01,39.33,36.56,41709,16.08,2026-09-17
AHLEAST,EQ,137.05,137.89,134.7,134.97,136.06,690,0.93,2026-09-17
AHLUCONT,EQ,575.0,577.7,559.1,567.6,569.3,95504,540.2,2026-09-17
AIAENG,EQ,3817.5,3998.0,3790.0,3983.4,3805.8,69100,2713.0,2026-09-17
AIIL,EQ,528.1,537.5,524.15,527.2,528.95,130987,695.13,2026-09-17
AIRAN,EQ,15.32,16.85,15.32,16.7,15.72,104304,16.81,2026-09-17
AIROLAM,EQ,87.5,88.97,84.65,86.15,88.54,2352,2.02,2026-09-17
AJANTPHARM,EQ,3492.3,3530.1,3481.0,3500.5,3508.9,97948,3434.54,2026-09-17
AJAXENGG,EQ,560.1,573.55,560.1,566.6,566.55,29873,169.91,2026-09-17
AJMERA,EQ,113.6,115.65,111.0,113.8,113.51,279348,317.71,2026-09-17
AJOONI,EQ,3.32,3.34,3.2,3.27,3.3,297590,9.79,2026-09-17
AKASH,EQ,24.0,24.67,24.0,24.26,24.18,417,0.1,2026-09-17
AKCAPIT,EQ,1734.3,1755.0,1704.8,1748.4,1715.4,888,15.51,2026-09-17
AKG,EQ,10.74,10.92,9.66,10.32,10.55,26194,2.67,2026-09-17
AKSHAR,EQ,0.42,0.42,0.41,0.41,0.42,436267,1.81,2026-09-17
AKUMS,EQ,768.1,789.35,763.9,766.7,772.0,216030,1668.78,2026-09-17
ALANKIT,EQ,7.9,8.0,7.6,7.67,7.74,172109,13.36,2026-09-17
ALBERTDAVD,EQ,856.05,863.95,835.0,838.45,860.45,3661,30.92,2026-09-17
ALEMBICLTD,EQ,99.0,105.75,99.0,102.72,98.95,1416945,1465.57,2026-09-17
ALFREDHE,EQ,2820.0,2820.0,2820.0,2820.0,2820.0,1,0.03,2026-09-17
ALGOQUANT,EQ,65.15,71.85,65.09,70.13,65.15,2084788,1426.73,2026-09-17
ALICON,EQ,682.3,706.4,680.35,695.15,688.35,16078,111.58,2026-09-17
ALIVUS,EQ,1372.8,1397.9,1361.1,1387.8,1370.6,72107,998.57,2026-09-17
ALKALI,EQ,74.5,74.84,71.2,73.05,72.23,6095,4.46,2026-09-17
ALKEM,EQ,5175.0,5361.0,5161.5,5348.5,5175.0,231871,12282.96,2026-09-17
ALKYLAMINE,EQ,1823.4,1873.8,1815.8,1843.8,1823.1,26620,492.98,2026-09-17
ALLCARGO,EQ,11.18,11.5,10.95,11.03,11.18,7560793,845.95,2026-09-17
ALLDIGI,EQ,785.0,797.3,779.6,784.55,792.5,8045,63.09,2026-09-17
ALLTIME,EQ,206.5,211.5,205.32,208.01,206.42,32467,67.75,2026-09-17
ALMONDZ,EQ,18.6,18.99,17.22,18.41,18.01,410059,74.92,2026-09-17
ALOKINDS,EQ,7.49,7.58,7.0,7.05,7.48,42844998,3077.35,2026-09-17
ALPA,EQ,61.9,61.9,55.76,59.64,61.12,24990,14.74,2026-09-17
ALPHA,EQ,53.3,53.3,52.16,52.86,52.46,786376,415.14,2026-09-17
ALPHAETF,EQ,26.24,26.24,25.72,26.02,25.73,738021,191.82,2026-09-17
ALPINETEX,EQ,53.75,55.25,52.42,52.9,52.33,117350,62.72,2026-09-17
ALPL30IETF,EQ,26.94,27.21,26.9,27.01,26.96,894010,241.26,2026-09-17
ALUFLUOR,EQ,499.0,503.0,489.85,492.2,494.2,2082,10.34,2026-09-17
AMAGI,EQ,569.1,579.9,565.45,574.35,569.3,368321,2114.94,2026-09-17
AMAL,EQ,712.0,747.4,711.95,723.0,711.75,32741,238.37,2026-09-17
AMARJOTHI,EQ,145.5,149.0,145.5,148.88,149.0,1920,2.84,2026-09-17
AMBER,EQ,6918.0,7093.0,6881.0,7046.0,6930.0,89317,6283.01,2026-09-17
AMBICAAGAR,EQ,25.19,25.19,24.6,25.14,24.57,4346,1.08,2026-09-17
AMBIKCO,EQ,1555.0,1588.0,1537.7,1568.8,1564.9,5724,89.83,2026-09-17
AMBUJACEM,EQ,381.05,386.3,380.55,383.25,381.05,1224906,4686.44,2026-09-17
AMDIND,EQ,64.01,67.48,64.01,66.58,63.66,116979,77.47,2026-09-17
AMJLAND,EQ,36.47,37.1,36.4,36.48,36.43,4662,1.7,2026-09-17
AMNPLST,EQ,162.0,166.99,160.65,163.0,160.4,1151,1.89,2026-09-17
AMRUTANJAN,EQ,490.4,493.4,488.05,491.0,490.4,12042,59.06,2026-09-17
ANANDRATHI,EQ,2200.0,2229.5,2198.2,2207.4,2206.2,140743,3116.73,2026-09-17
ANANTRAJ,EQ,582.0,600.2,579.4,596.9,583.5,1898147,11283.74,2026-09-17
ANDHRAPAP,EQ,72.96,74.9,71.4,71.88,73.32,941028,683.44,2026-09-17
ANDHRSUGAR,EQ,94.05,94.83,92.52,93.59,93.39,163448,152.77,2026-09-17
ANDREWYU,EQ,25.88,26.69,25.1,26.08,25.88,88717,22.88,2026-09-17
ANGELONE,EQ,292.9,297.95,292.15,295.0,293.5,1881558,5559.36,2026-09-17
ANIKINDS,EQ,44.65,44.65,43.01,44.1,42.86,6453,2.85,2026-09-17
ANNAPURNA,EQ,134.46,138.0,134.0,136.08,134.56,17463,23.84,2026-09-17
ANNU,EQ,50.43,51.98,46.55,49.28,52.67,2867305,1417.57,2026-09-17
ANSALBU,EQ,83.25,83.25,81.99,83.0,80.11,138,0.11,2026-09-17
ANTELOPUS,EQ,1171.0,1198.0,1121.05,1130.85,1170.95,1030058,11913.96,2026-09-17
ANTGRAPHIC,EQ,0.72,0.74,0.71,0.71,0.72,116313,0.84,2026-09-17
ANTHEM,EQ,914.1,932.55,910.0,927.4,908.45,460389,4247.3,2026-09-17
ANUHPHR,EQ,89.67,97.89,89.67,93.68,89.22,322234,307.0,2026-09-17
ANUP,EQ,1636.0,1655.9,1624.5,1646.6,1637.0,19786,324.13,2026-09-17
ANURAS,EQ,1180.0,1193.0,1176.0,1181.3,1178.3,277685,3288.07,2026-09-17
AONEGOLD,EQ,14.03,14.13,13.99,14.04,14.1,439629,61.75,2026-09-17
AONELIQUID,EQ,1077.14,1077.17,1077.14,1077.17,1077.02,14434,155.48,2026-09-17
AONENIFTY,EQ,9.85,9.85,9.53,9.63,9.61,87123,8.39,2026-09-17
AONESILVER,EQ,8.73,8.73,8.62,8.66,8.73,354829,30.73,2026-09-17
AONETMMQ50,EQ,10.06,10.32,10.01,10.12,10.01,69955,7.05,2026-09-17
AONETOTAL,EQ,11.78,11.78,11.5,11.62,11.55,105305,12.22,2026-09-17
APARINDS,EQ,17021.0,17925.0,16884.0,17801.0,17075.0,195609,34302.56,2026-09-17
APCL,EQ,100.94,100.94,96.0,96.37,99.18,6783,6.61,2026-09-17
APCOTEXIND,EQ,585.0,601.7,581.0,599.4,581.1,78910,469.01,2026-09-17
APEX,EQ,350.3,354.75,348.0,350.95,347.95,49573,174.28,2026-09-17
APLAPOLLO,EQ,2110.0,2170.0,2110.0,2148.5,2120.0,335858,7194.73,2026-09-17
APLLTD,EQ,830.0,857.25,819.6,826.0,825.3,392626,3286.25,2026-09-17
APOLLO,EQ,371.0,383.0,371.0,378.25,370.35,5478975,20722.6,2026-09-17
APOLLOHOSP,EQ,8707.0,8799.0,8686.5,8768.5,8696.5,191301,16760.64,2026-09-17
APOLLOPIPE,EQ,509.9,530.5,507.0,525.85,508.9,316591,1652.94,2026-09-17
APOLLOTYRE,EQ,414.25,414.3,403.25,412.15,411.95,887926,3631.73,2026-09-17
APOLSINHOT,EQ,1210.0,1234.0,1209.9,1211.1,1185.8,372,4.52,2026-09-17
APOORVA,EQ,27.79,29.75,27.79,29.75,28.36,192,0.06,2026-09-17
APTUS,EQ,239.0,244.13,237.19,239.16,239.91,1187149,2853.0,2026-09-17
AQYLON,EQ,20.45,20.45,18.84,18.88,19.71,442716,85.72,2026-09-17
ARCHIDPLY,EQ,101.57,102.0,100.0,101.48,100.22,4107,4.15,2026-09-17
ARCHIES,EQ,12.24,12.5,12.21,12.25,12.21,2882,0.35,2026-09-17
ARCIL,EQ,139.0,141.5,130.73,137.02,139.0,31012257,42550.23,2026-09-17
ARCL,EQ,274.16,280.7,260.46,260.57,274.16,2875,7.63,2026-09-17
ARDEE,EQ,47.27,49.39,47.26,48.97,47.42,3049502,1483.69,2026-09-17
ARE&M,EQ,793.0,800.6,785.55,795.3,791.55,610101,4832.85,2026-09-17
ARENTERP,EQ,33.4,34.98,32.43,34.2,32.6,1452,0.48,2026-09-17
ARFIN,EQ,81.57,89.0,81.57,87.88,82.68,1169295,1005.03,2026-09-17
ARIHANT,EQ,857.65,928.95,842.2,896.7,862.25,9571,84.95,2026-09-17
ARIHANTCAP,EQ,80.45,81.8,79.56,81.21,80.45,174109,140.72,2026-09-17
ARIHANTSUP,EQ,220.0,231.0,220.0,228.95,220.45,4549,10.2,2026-09-17
ARIS,EQ,116.54,129.28,116.54,127.27,116.53,3458491,4328.64,2026-09-17
ARKADE,EQ,116.66,124.0,116.1,117.22,115.76,465763,558.48,2026-09-17
ARMANFIN,EQ,1873.4,1964.7,1861.2,1956.4,1873.5,20680,398.36,2026-09-17
AROGRANITE,EQ,23.8,23.8,22.04,23.1,22.55,3094,0.71,2026-09-17
ARROWGREEN,EQ,913.95,929.95,892.7,902.5,907.45,57165,518.18,2026-09-17
ARSSBL,EQ,496.95,506.25,490.25,500.55,496.95,145422,726.17,2026-09-17
ARTEMISMED,EQ,324.9,338.8,324.25,330.85,325.25,283121,943.77,2026-09-17
ARTNIRMAN,EQ,39.6,40.97,39.13,40.57,39.97,553,0.22,2026-09-17
ARVEE,EQ,166.2,179.0,166.2,172.08,168.27,3058,5.32,2026-09-17
ARVIND,EQ,547.9,554.95,540.0,541.6,548.05,826176,4514.0,2026-09-17
ARVINDFASN,EQ,419.7,428.8,413.75,425.05,416.35,160096,674.46,2026-09-17
ARVSMART,EQ,550.0,560.15,548.05,553.45,549.2,32980,183.04,2026-09-17
ARYAMAN,EQ,610.0,610.0,610.0,610.0,610.0,38,0.23,2026-09-17
ASAHIINDIA,EQ,952.0,959.2,950.0,950.7,951.8,44007,419.1,2026-09-17
ASAL,EQ,442.45,452.9,442.45,445.85,444.55,6067,27.12,2026-09-17
ASALCBR,EQ,650.0,664.45,649.0,656.95,649.55,12411,81.26,2026-09-17
ASHAPURMIN,EQ,517.0,528.2,513.5,517.6,515.7,229538,1192.28,2026-09-17
ASHIANA,EQ,348.35,357.0,346.65,351.45,348.35,30671,107.95,2026-09-17
ASHIMASYN,EQ,16.29,16.78,15.95,16.12,16.29,185375,30.15,2026-09-17
ASHOKA,EQ,108.5,109.87,108.1,108.8,108.76,515340,561.58,2026-09-17
ASHOKAMET,EQ,14.79,15.74,14.5,14.6,14.5,123392,18.53,2026-09-17
ASHOKLEY,EQ,156.89,159.64,156.08,158.62,156.5,8725516,13841.47,2026-09-17
ASIANENE,EQ,493.1,496.25,478.05,486.2,494.1,272757,1327.95,2026-09-17
ASIANHOTNR,EQ,393.95,395.0,371.1,375.8,388.55,8769,33.84,2026-09-17
ASIANPAINT,EQ,2424.0,2454.0,2421.0,2454.0,2416.6,486007,11851.36,2026-09-17
ASIANTILES,EQ,49.5,50.3,49.36,49.97,49.93,1588966,792.97,2026-09-17
ASIANTNE,EQ,9.7,9.7,9.0,9.34,9.19,11943,1.13,2026-09-17
ASKAUTOLTD,EQ,623.55,629.9,615.85,618.9,617.9,154115,956.72,2026-09-17
ASPINWALL,EQ,251.6,255.0,251.6,255.0,250.3,25,0.06,2026-09-17
ASSAMENT,EQ,750.0,780.0,750.0,780.0,785.65,7,0.05,2026-09-17
ASTAR,EQ,598.0,672.8,597.95,672.8,560.7,1394,9.2,2026-09-17
ASTEC,EQ,665.0,779.4,661.55,755.15,661.95,994540,7460.72,2026-09-17
ASTERDM,EQ,745.0,764.4,738.05,760.65,741.2,634636,4813.97,2026-09-17
ASTRAL,EQ,1370.1,1401.0,1355.0,1398.9,1382.5,473351,6569.45,2026-09-17
ASTRAMICRO,EQ,1611.0,1635.0,1599.0,1607.8,1621.9,186113,3003.05,2026-09-17
ASTRAZEN,EQ,6700.0,6753.0,6655.0,6669.0,6703.0,2004,133.92,2026-09-17
ATALREAL,EQ,14.45,15.88,14.43,15.87,14.44,11339363,1731.56,2026-09-17
ATAM,EQ,62.99,63.95,59.0,59.29,62.15,40892,25.01,2026-09-17
ATGL,EQ,589.7,589.7,582.0,587.0,586.5,373871,2190.81,2026-09-17
ATHERENERG,EQ,1550.0,1567.4,1528.0,1550.0,1567.5,2513489,38947.99,2026-09-17
ATL,EQ,24.0,24.9,23.8,24.5,23.89,139820,33.78,2026-09-17
ATLANTAA,EQ,35.9,37.0,35.9,36.21,36.46,20250,7.31,2026-09-17
ATLANTAELE,EQ,1659.0,1693.4,1614.9,1633.3,1655.0,91935,1510.02,2026-09-17
ATLASCYCLE,EQ,92.35,92.9,86.1,89.76,92.35,14880,13.51,2026-09-17
ATUL,EQ,6070.0,6156.0,6045.0,6133.5,6076.0,26048,1588.1,2026-09-17
ATULAUTO,EQ,438.0,443.55,435.4,441.4,436.4,52150,229.85,2026-09-17
AUBANK,EQ,1026.2,1048.0,1026.2,1039.3,1033.2,770876,8007.18,2026-09-17
AUGMONT,EQ,835.0,844.2,806.05,811.1,833.05,441991,3629.31,2026-09-17
AURIONPRO,EQ,687.0,709.2,686.85,705.0,688.0,83799,587.62,2026-09-17
AUROPHARMA,EQ,1634.0,1692.3,1634.0,1690.0,1643.0,758827,12732.92,2026-09-17
AURUM,EQ,217.2,222.72,217.2,221.11,219.81,67079,148.13,2026-09-17
AURUS,EQ,4.9,4.98,4.7,4.72,4.83,24075,1.14,2026-09-17
AUSOMENT,EQ,155.0,155.0,146.51,149.23,149.9,259,0.38,2026-09-17
AUSTENG,EQ,129.48,134.99,124.2,127.71,126.95,4765,6.18,2026-09-17
AUTOAXLES,EQ,1663.1,1694.4,1659.9,1679.4,1659.0,5723,96.06,2026-09-17
AUTOBEES,EQ,279.0,283.29,276.56,282.4,279.35,144505,407.16,2026-09-17
AUTOIETF,EQ,27.92,28.37,27.8,28.3,27.97,752124,212.53,2026-09-17
AUTOIND,EQ,78.2,79.55,77.5,78.1,77.5,100703,79.1,2026-09-17
AVADHSUGAR,EQ,729.0,729.0,715.0,721.0,726.2,55363,399.79,2026-09-17
AVALON,EQ,2256.0,2305.0,2204.3,2230.0,2216.1,364163,8201.05,2026-09-17
AVANCE,EQ,0.79,0.8,0.78,0.78,0.79,4211615,33.18,2026-09-17
AVANTEL,EQ,141.85,146.85,141.85,146.37,141.89,714144,1037.83,2026-09-17
AVANTIFEED,EQ,770.35,779.4,760.0,770.85,770.35,197289,1519.99,2026-09-17
AVL,EQ,624.0,638.0,621.3,633.25,620.6,68801,433.6,2026-09-17
AVONMORE,EQ,13.4,13.4,11.76,12.02,13.06,703372,86.62,2026-09-17
AVROIND,EQ,8.0,8.0,7.62,7.84,7.92,106822,8.37,2026-09-17
AVTNPL,EQ,85.72,87.17,85.02,85.45,85.72,54208,46.51,2026-09-17
AWFIS,EQ,270.3,274.15,263.1,264.7,271.1,363518,973.51,2026-09-17
AWHCL,EQ,346.0,398.6,342.3,379.6,345.5,5932053,22851.63,2026-09-17
AWL,EQ,185.0,187.75,182.53,184.04,181.94,2242291,4137.6,2026-09-17
AXISBANK,EQ,1238.0,1257.6,1233.0,1240.0,1241.0,4413665,55070.35,2026-09-17
AXISCADES,EQ,1699.0,1852.9,1699.0,1852.3,1684.5,443978,8091.97,2026-09-17
AXITA,EQ,8.03,8.09,7.99,7.99,7.99,347239,27.84,2026-09-17
AXTEL,EQ,434.9,444.0,424.15,443.65,435.1,10817,47.21,2026-09-17
AYE,EQ,180.8,187.47,179.07,180.98,180.12,727376,1334.43,2026-09-17
AYMSYNTEX,EQ,267.9,286.9,267.9,281.95,270.8,97359,268.63,2026-09-17
AZAD,EQ,2581.7,2672.8,2575.3,2605.3,2581.7,423182,11103.97,2026-09-17
AZADIND,EQ,84.36,87.16,84.0,85.07,84.36,13237,11.28,2026-09-17
BAGFILMS,EQ,4.39,4.44,4.31,4.32,4.36,20056,0.87,2026-09-17
BAIDFIN,EQ,10.49,10.59,10.03,10.55,10.35,64450,6.75,2026-09-17
BAJAJ-AUTO,EQ,11568.0,11576.0,11435.0,11500.0,11593.0,129351,14886.17,2026-09-17
BAJAJCON,EQ,495.6,511.1,495.6,502.45,498.05,304161,1534.72,2026-09-17
BAJAJELEC,EQ,320.25,326.0,320.25,325.3,322.55,51365,166.4,2026-09-17
BAJAJFINSV,EQ,1837.0,1863.0,1832.1,1859.2,1837.0,460650,8513.76,2026-09-17
BAJAJHCARE,EQ,323.3,333.4,320.4,328.35,321.1,140433,462.67,2026-09-17
BAJAJHFL,EQ,82.9,83.51,82.63,82.7,82.96,1561540,1294.91,2026-09-17
BAJAJHIND,EQ,19.9,19.99,19.32,19.38,19.81,12639678,2477.68,2026-09-17
BAJAJHLDNG,EQ,10928.0,11066.0,10884.0,11010.0,10930.0,29620,3259.85,2026-09-17
BAJAJINDEF,EQ,215.08,222.08,214.96,221.0,215.36,9241,20.31,2026-09-17
BAJAJST,EQ,359.55,359.55,346.2,353.45,351.65,2569,9.07,2026-09-17
BAJEL,EQ,167.35,175.19,167.35,173.08,169.16,129667,224.33,2026-09-17
BAJFINANCE,EQ,1010.0,1027.9,1010.0,1015.0,1006.2,4816547,48931.35,2026-09-17
BALAJEE,EQ,24.06,25.17,24.06,25.03,24.43,37507,9.32,2026-09-17
BALAJITELE,EQ,91.51,98.11,91.1,95.97,92.1,500126,482.32,2026-09-17
BALAMINES,EQ,2149.8,2184.0,2125.9,2148.9,2149.8,86181,1859.34,2026-09-17
BALAXI,EQ,23.6,23.6,22.4,23.04,23.33,24054,5.53,2026-09-17
BALKRISHNA,EQ,17.0,17.0,16.43,16.66,16.53,5403,0.91,2026-09-17
BALKRISIND,EQ,2124.9,2180.0,2120.0,2170.8,2124.9,216828,4663.38,2026-09-17
BALMLAWRIE,EQ,161.02,163.69,161.02,162.47,162.1,73935,120.24,2026-09-17
BALPHARMA,EQ,101.5,106.0,101.0,102.46,101.33,40561,41.82,2026-09-17
BALRAMCHIN,EQ,679.0,687.65,671.0,675.7,682.6,715266,4866.1,2026-09-17
BALUFORGE,EQ,484.0,504.7,477.35,501.6,483.25,836714,4149.5,2026-09-17
BANARBEADS,EQ,114.4,114.4,110.25,110.54,109.65,1036,1.15,2026-09-17
BANARISUG,EQ,3282.6,3345.0,3256.0,3302.8,3267.2,1049,34.68,2026-09-17
BANCOINDIA,EQ,591.0,597.1,587.05,593.05,593.15,68674,406.45,2026-09-17
BANDHANBNK,EQ,172.0,175.0,170.98,171.5,172.5,4150818,7164.5,2026-09-17
BANG,EQ,32.6,33.97,32.6,33.19,32.45,21817,7.23,2026-09-17
BANK10ADD,EQ,16.57,16.6,16.48,16.52,16.46,4466,0.74,2026-09-17
BANK10BETF,EQ,20.41,20.51,20.15,20.27,20.4,12244,2.5,2026-09-17
BANKA,EQ,77.7,77.7,75.03,77.2,77.83,801,0.61,2026-09-17
BANKADD,EQ,57.6,57.92,57.37,57.45,57.52,4145,2.39,2026-09-17
BANKBARODA,EQ,233.6,236.46,232.1,232.3,234.98,4576908,10692.66,2026-09-17
BANKBEES,EQ,583.99,586.0,580.52,581.64,582.68,514509,2997.98,2026-09-17
BANKBETA,EQ,58.24,58.59,57.94,58.07,58.14,1751884,1016.19,2026-09-17
BANKBETF,EQ,57.09,57.49,56.9,57.1,57.1,4493,2.57,2026-09-17
BANKETF,EQ,572.49,577.14,571.5,572.55,573.59,22817,130.82,2026-09-17
BANKIETF,EQ,57.56,58.18,57.56,57.8,57.75,2307654,1329.88,2026-09-17
BANKINDIA,EQ,137.91,141.11,137.9,138.17,137.81,9976048,13880.05,2026-09-17
BANKNIFTY1,EQ,58.31,58.74,58.17,58.29,58.32,1798682,1047.19,2026-09-17
BANKPSU,EQ,84.05,84.54,83.18,83.41,83.22,17015,14.26,2026-09-17
BANSALWIRE,EQ,309.1,314.7,304.0,313.25,307.15,50724,158.59,2026-09-17
BANSWRAS,EQ,109.34,114.25,108.88,110.32,109.34,37647,41.92,2026-09-17
BASF,EQ,3579.0,3630.5,3558.4,3601.6,3558.4,16853,605.78,2026-09-17
BATAINDIA,EQ,630.65,639.25,630.65,636.65,630.65,74321,472.58,2026-09-17
BATLIBOI,EQ,83.1,83.94,78.11,78.73,82.1,91874,73.58,2026-09-17
BAYERCROP,EQ,3958.0,3958.0,3890.0,3893.4,3938.6,15646,610.46,2026-09-17
BBETF0432,EQ,1339.48,1341.17,1338.0,1340.89,1335.29,998,13.37,2026-09-17
BBL,EQ,2175.9,2209.9,2161.1,2203.4,2178.2,11869,259.64,2026-09-17
BBNPNBETF,EQ,57.19,57.19,56.44,56.62,56.63,3324,1.88,2026-09-17
BBNPPGOLD,EQ,145.55,146.15,143.5,145.45,146.4,2777,4.04,2026-09-17
BBOX,EQ,765.6,774.45,753.35,766.4,763.25,299744,2290.14,2026-09-17
BBTC,EQ,1416.8,1428.0,1395.1,1399.4,1416.7,29801,418.87,2026-09-17
BBTCL,EQ,229.9,237.0,223.0,230.63,224.0,11723,27.31,2026-09-17
BCG,EQ,9.8,10.07,9.73,9.86,9.78,4853153,480.2,2026-09-17
BCLIND,EQ,32.98,33.52,32.71,33.17,32.98,411663,136.35,2026-09-17
BCONCEPTS,EQ,159.74,159.74,150.02,154.23,150.68,5383,8.21,2026-09-17
BCPL,EQ,68.0,68.6,67.34,67.63,67.33,3529,2.39,2026-09-17
BDL,EQ,1130.0,1152.9,1129.2,1151.9,1136.0,677240,7753.56,2026-09-17
BEARDSELL,EQ,24.98,24.99,24.0,24.23,24.06,15138,3.7,2026-09-17
BECTORFOOD,EQ,220.16,224.14,218.53,220.81,220.16,795197,1755.71,2026-09-17
BEDMUTHA,EQ,103.84,104.99,102.0,104.98,102.28,3110,3.23,2026-09-17
BEEKAY,EQ,426.0,435.8,419.05,426.55,431.8,1515,6.43,2026-09-17
BEL,EQ,387.0,395.9,387.0,395.45,385.75,7820077,30779.16,2026-09-17
BELLACASA,EQ,258.93,258.93,250.0,255.25,250.48,12720,32.52,2026-09-17
BELRISE,EQ,228.19,232.5,228.16,229.37,229.35,1753104,4044.23,2026-09-17
BEML,EQ,1998.0,2068.6,1985.2,2013.3,1991.9,340871,6912.87,2026-09-17
BENARAS,EQ,10896.0,11097.0,10555.0,10800.0,10789.0,60,6.49,2026-09-17
BENGALASM,EQ,6349.0,6349.0,6202.0,6212.5,6319.0,97,6.05,2026-09-17
BEPL,EQ,125.0,129.9,124.62,127.47,124.92,1163018,1489.39,2026-09-17
BERGEPAINT,EQ,449.4,452.35,443.9,448.6,448.15,443456,1989.4,2026-09-17
BESTAGRO,EQ,18.13,18.75,18.13,18.42,18.44,276646,51.26,2026-09-17
BETA,EQ,2054.6,2112.4,2054.6,2095.0,2064.9,12237,255.41,2026-09-17
BFINVEST,EQ,435.9,440.0,435.9,438.95,432.05,6998,30.68,2026-09-17
BFSI,EQ,26.92,26.92,26.21,26.38,26.27,77632,20.51,2026-09-17
BFUTILITIE,EQ,521.95,532.55,519.0,521.05,520.35,36882,193.45,2026-09-17
BHAGCHEM,EQ,245.7,249.5,245.65,247.95,244.25,21308,52.85,2026-09-17
BHAGYANGR,EQ,432.0,446.5,431.0,446.5,425.25,66357,295.03,2026-09-17
BHANDARI,EQ,2.97,3.0,2.97,2.98,2.98,147723,4.4,2026-09-17
BHARATCOAL,EQ,32.19,32.5,31.96,32.14,32.23,2923304,940.88,2026-09-17
BHARATFORG,EQ,1885.9,1941.0,1878.0,1918.7,1885.0,522135,10006.59,2026-09-17
BHARATRAS,EQ,1159.9,1169.9,1153.2,1164.0,1157.4,5205,60.47,2026-09-17
BHARATSE,EQ,202.95,214.16,202.95,209.22,205.26,129883,272.65,2026-09-17
BHARATWIRE,EQ,165.69,176.5,165.69,171.69,167.69,195420,336.56,2026-09-17
BHARTIARTL,EQ,1841.8,1845.9,1827.6,1836.0,1835.0,4368285,80212.22,2026-09-17
BHARTIHEXA,EQ,1490.0,1491.9,1465.0,1481.1,1479.3,82494,1217.93,2026-09-17
BHEL,EQ,411.55,430.75,410.8,429.2,410.6,8684564,36878.24,2026-09-17
BIGBLOC,EQ,40.48,40.5,38.5,39.45,39.51,27779,11.01,2026-09-17
BIKAJI,EQ,540.0,554.0,539.95,552.65,540.95,51835,285.59,2026-09-17
BIL,EQ,1050.0,1060.0,1011.0,1023.45,1036.25,7093,73.35,2026-09-17
BIMETAL,EQ,638.5,647.95,635.0,641.3,638.65,171,1.09,2026-09-17
BIOCON,EQ,374.0,382.0,370.5,380.0,374.4,3043285,11515.77,2026-09-17
BIOFILCHEM,EQ,33.13,33.89,32.61,32.86,33.13,16709,5.56,2026-09-17
BIRLACABLE,EQ,383.0,401.65,383.0,401.65,382.55,431704,1726.55,2026-09-17
BIRLACORPN,EQ,800.0,815.0,800.0,811.15,803.9,39164,315.58,2026-09-17
BIRLAMONEY,EQ,117.22,121.19,117.22,120.63,117.93,17513,20.99,2026-09-17
BIRLANU,EQ,1387.1,1404.0,1372.1,1381.1,1387.1,4372,60.56,2026-09-17
BLACKBUCK,EQ,619.0,631.4,609.0,611.5,619.05,549356,3386.36,2026-09-17
BLAL,EQ,160.11,162.79,160.11,162.37,161.99,9540,15.44,2026-09-17
BLBLIMITED,EQ,16.2,16.52,15.65,15.99,16.13,202164,32.33,2026-09-17
BLEL,EQ,430.1,437.9,423.2,436.1,428.4,530677,2290.79,2026-09-17
BLIL,EQ,67.88,68.1,67.16,67.62,67.33,64913,43.87,2026-09-17
BLKASHYAP,EQ,50.84,53.7,50.84,52.87,51.33,468020,246.55,2026-09-17
BLS,EQ,227.87,230.2,226.59,227.74,226.74,413806,944.92,2026-09-17
BLSE,EQ,314.0,319.45,310.8,314.5,313.55,116886,369.36,2026-09-17
BLUECLOUDS,EQ,19.59,19.71,19.44,19.57,19.59,543486,106.28,2026-09-17
BLUECOAST,EQ,21.09,21.9,20.2,21.68,21.09,1021,0.22,2026-09-17
BLUEDART,EQ,4850.0,4863.6,4799.9,4811.3,4850.5,7139,344.94,2026-09-17
BLUEJET,EQ,563.25,576.9,563.25,568.2,565.05,546795,3115.25,2026-09-17
BLUESTARCO,EQ,1499.9,1558.0,1492.0,1553.0,1504.0,517440,7984.12,2026-09-17
BLUESTONE,EQ,843.15,861.7,823.0,831.2,856.0,638636,5385.66,2026-09-17
BLUSPRING,EQ,124.46,128.99,121.65,123.72,124.46,356061,443.29,2026-09-17
BMWVENTLTD,EQ,51.0,51.75,49.95,50.22,51.8,139313,70.63,2026-09-17
BNAGROCHEM,EQ,194.0,209.99,192.23,207.86,202.34,757,1.53,2026-09-17
BNKETFAXIS,EQ,582.58,582.58,579.75,580.22,579.81,592,3.44,2026-09-17
BODALCHEM,EQ,173.0,182.13,173.0,182.13,173.46,2362229,4286.62,2026-09-17
BOHRAIND,EQ,13.02,14.25,13.02,13.34,13.5,12551,1.7,2026-09-17
BOMDYEING,EQ,107.1,108.0,106.82,107.55,107.16,290843,312.54,2026-09-17
BONLON,EQ,38.06,38.06,35.0,37.07,38.81,19642,7.16,2026-09-17
BORANA,EQ,305.0,310.95,297.85,299.5,303.05,29492,88.89,2026-09-17
BOROLTD,EQ,248.3,255.1,246.84,253.4,246.76,111949,282.64,2026-09-17
BORORENEW,EQ,440.45,456.4,439.3,449.35,446.0,947704,4263.06,2026-09-17
BOROSCI,EQ,117.0,121.27,117.0,118.29,118.52,34041,40.59,2026-09-17
BOSCH-HCIL,EQ,1680.2,1698.0,1655.1,1668.3,1674.2,9583,160.85,2026-09-17
BOSCHLTD,EQ,47740.0,48160.0,47595.0,47735.0,47555.0,17379,8326.78,2026-09-17
BPCL,EQ,304.55,308.0,303.15,307.0,303.35,3005596,9199.16,2026-09-17
BPL,EQ,47.4,47.4,45.7,45.85,46.73,28147,13.0,2026-09-17
BPLPHARMA,EQ,1549.2,1549.2,1504.9,1534.0,1509.8,32,0.49,2026-09-17
BRAHMINFRA,EQ,161.88,161.88,155.01,159.63,155.58,12592,19.99,2026-09-17
BRIGADE,EQ,627.0,636.8,618.6,620.9,626.85,260372,1629.37,2026-09-17
BRIGHOTEL,EQ,56.12,57.29,55.0,56.52,55.85,121720,68.28,2026-09-17
BRIGHTBR,EQ,252.0,252.0,245.0,245.0,252.0,472,1.16,2026-09-17
BRITANNIA,EQ,4996.0,5040.0,4982.0,4982.0,4999.5,308669,15471.28,2026-09-17
BRNL,EQ,16.0,16.9,16.0,16.41,16.24,13206,2.16,2026-09-17
BROOKS,EQ,62.99,62.99,58.22,61.23,61.02,27597,16.77,2026-09-17
BSE,EQ,3255.0,3303.0,3232.2,3259.0,3240.0,2770028,90554.27,2026-09-17
BSE500IETF,EQ,38.2,38.51,38.02,38.45,38.2,79176,30.39,2026-09-17
BSHSL,EQ,84.36,91.8,83.78,88.25,84.78,5728,5.03,2026-09-17
BSL,EQ,119.99,119.99,116.8,117.32,117.97,641,0.76,2026-09-17
BSLGOLDETF,EQ,132.59,133.03,131.7,132.57,132.9,290109,384.1,2026-09-17
BSLNIFTY,EQ,28.15,28.15,27.1,27.38,27.47,989867,271.03,2026-09-17
BSLSENETFG,EQ,75.89,77.9,74.77,75.21,75.9,17545,13.2,2026-09-17
BSOFT,EQ,282.4,286.95,281.65,283.8,281.25,1029959,2929.99,2026-09-17
BTML,EQ,7.57,7.88,7.02,7.25,7.57,1256315,91.22,2026-09-17
BUILDPRO,EQ,1271.0,1276.0,1238.2,1244.9,1271.0,18237,228.04,2026-09-17
BUTTERFLY,EQ,576.75,590.0,572.55,578.85,576.85,9658,56.14,2026-09-17
BVCL,EQ,40.39,42.08,40.39,40.89,40.71,11268,4.59,2026-09-17
CAMLINFINE,EQ,98.12,102.87,98.12,99.63,98.12,1064616,1068.88,2026-09-17
CAMPUS,EQ,211.47,213.12,210.0,211.98,211.47,269576,569.65,2026-09-17
CAMS,EQ,706.35,718.8,704.5,714.95,705.7,1304374,9301.4,2026-09-17
CANBK,EQ,123.15,125.14,122.48,123.9,123.2,11099833,13721.13,2026-09-17
CANFINHOME,EQ,773.1,784.6,770.75,774.4,771.95,186251,1452.45,2026-09-17
CANHLIFE,EQ,154.0,156.29,152.62,155.36,153.92,363145,561.47,2026-09-17
CANTABIL,EQ,239.44,245.0,238.03,243.0,238.95,147281,357.59,2026-09-17
CAPACITE,EQ,187.01,194.5,185.32,192.73,186.88,206508,394.02,2026-09-17
CAPILLARY,EQ,451.0,453.95,444.3,448.95,452.05,121509,545.68,2026-09-17
CAPITALSFB,EQ,275.85,284.0,272.05,279.9,273.25,15202,42.14,2026-09-17
CAPLIPOINT,EQ,2586.6,2629.8,2579.3,2596.6,2583.0,68353,1778.48,2026-09-17
CARBORUNIV,EQ,1053.9,1094.9,1045.1,1083.6,1051.6,226913,2445.46,2026-09-17
CARERATING,EQ,1642.7,1675.0,1636.1,1643.7,1652.5,22029,364.29,2026-09-17
CARRARO,EQ,509.7,524.0,506.95,515.05,508.85,357858,1842.09,2026-09-17
CARTRADE,EQ,2889.9,2959.6,2876.8,2938.0,2885.3,196278,5734.11,2026-09-17
CARYSIL,EQ,1118.4,1136.0,1108.0,1111.1,1118.4,41001,457.82,2026-09-17
CASHIETF,EQ,1079.65,1079.84,1079.65,1079.83,1079.68,228889,2471.63,2026-09-17
CASTROLIND,EQ,189.4,192.87,188.8,191.72,188.84,4924285,9412.35,2026-09-17
CCAVENUE,EQ,15.32,16.86,15.26,16.32,15.32,46480923,7566.56,2026-09-17
CCCL,EQ,13.5,14.06,13.5,13.69,13.61,223283,30.78,2026-09-17
CCHHL,EQ,12.42,13.0,12.42,12.86,12.5,13409,1.72,2026-09-17
CCL,EQ,1060.0,1070.3,1052.0,1062.3,1065.5,112984,1200.59,2026-09-17
CDSL,EQ,1299.0,1357.5,1296.3,1349.4,1299.0,1823018,24483.39,2026-09-17
CEATLTD,EQ,3320.0,3442.0,3290.0,3431.1,3305.6,117834,3988.62,2026-09-17
CEIGALL,EQ,386.0,392.35,383.85,390.0,386.8,283457,1102.96,2026-09-17
CEINSYS,EQ,672.0,695.7,671.0,684.3,673.05,95879,656.85,2026-09-17
CELEBRITY,EQ,6.9,6.9,6.65,6.79,6.73,9287,0.63,2026-09-17
CELLO,EQ,324.0,330.35,323.0,327.6,323.4,146537,480.33,2026-09-17
CEMNTGROWW,EQ,13.94,14.12,13.67,13.99,13.85,68805,9.6,2026-09-17
CEMPRO,EQ,1235.1,1266.8,1226.8,1255.1,1235.1,131962,1655.92,2026-09-17
CENTENKA,EQ,561.5,571.45,557.05,564.4,561.45,30676,173.32,2026-09-17
CENTEXT,EQ,19.47,19.64,18.91,19.05,19.49,213144,40.72,2026-09-17
CENTRALBK,EQ,30.37,30.65,30.12,30.4,30.39,4138533,1256.77,2026-09-17
CENTRUM,EQ,21.21,22.8,21.21,22.25,21.52,115717,25.19,2026-09-17
CENTUM,EQ,4327.9,4448.0,4297.4,4343.4,4276.1,62333,2729.69,2026-09-17
CENTURYPLY,EQ,724.75,724.75,714.35,718.95,719.9,9957,71.57,2026-09-17
CERA,EQ,5625.0,5646.0,5576.0,5592.0,5646.0,3685,206.51,2026-09-17
CESC,EQ,141.65,143.21,140.88,141.56,141.67,1220274,1729.02,2026-09-17
CEWATER,EQ,259.35,262.3,255.0,256.5,259.35,42259,109.09,2026-09-17
CGCL,EQ,256.95,266.4,256.65,262.35,256.65,2591024,6795.23,2026-09-17
CGPOWER,EQ,859.0,883.4,856.3,880.0,851.55,2342568,20435.88,2026-09-17
CGVAK,EQ,147.9,147.9,142.52,146.5,144.11,271,0.39,2026-09-17
CHALET,EQ,840.0,855.8,840.0,842.3,844.1,28195,238.45,2026-09-17
CHAMBLFERT,EQ,407.5,416.0,407.5,413.9,409.1,261042,1079.27,2026-09-17
CHEMBOND,EQ,197.44,203.99,185.03,196.18,190.06,10490,20.55,2026-09-17
CHEMCRUX,EQ,81.5,82.8,79.0,82.7,81.14,1924,1.55,2026-09-17
CHEMFAB,EQ,355.0,370.1,350.6,356.15,358.0,2925,10.43,2026-09-17
CHEMICAL,EQ,29.04,29.2,28.88,29.13,28.91,271437,78.85,2026-09-17
CHEMPLASTS,EQ,166.12,169.47,165.01,167.8,166.12,164603,275.6,2026-09-17
CHENNPETRO,EQ,1456.0,1519.6,1402.0,1414.1,1456.0,1890830,27233.93,2026-09-17
CHEVIOT,EQ,1169.2,1175.1,1160.2,1161.5,1175.1,611,7.12,2026-09-17
CHOICEGOLD,EQ,149.9,149.9,147.52,149.3,150.06,4383,6.54,2026-09-17
CHOICEIN,EQ,725.5,742.0,721.6,738.0,725.65,500717,3662.05,2026-09-17
CHOLAFIN,EQ,1765.5,1793.2,1747.6,1764.5,1765.6,1802374,31753.52,2026-09-17
CHOLAHLDNG,EQ,1525.6,1537.5,1472.0,1499.2,1512.4,250938,3749.92,2026-09-17
CIEINDIA,EQ,375.8,389.0,372.7,385.7,375.8,280016,1073.36,2026-09-17
CIFL,EQ,20.95,20.95,19.56,20.03,20.2,422331,84.85,2026-09-17
CINELINE,EQ,90.1,95.0,89.87,92.95,89.96,22444,20.82,2026-09-17
CINEVISTA,EQ,13.95,14.5,13.82,13.94,13.88,12684,1.79,2026-09-17
CIPLA,EQ,1362.5,1385.0,1351.6,1376.3,1358.0,730653,10031.83,2026-09-17
CLEAN,EQ,821.8,834.8,816.4,828.15,820.0,138156,1142.3,2026-09-17
CLEANMAX,EQ,1289.8,1328.0,1281.0,1291.1,1286.8,131355,1709.32,2026-09-17
CLEDUCATE,EQ,56.94,57.0,54.23,54.63,56.94,7972,4.42,2026-09-17
CLSEL,EQ,292.0,297.85,290.1,295.55,298.25,57992,170.56,2026-09-17
CMLL,EQ,477.9,485.75,470.05,482.7,475.4,201349,963.12,2026-09-17
CMPDI,EQ,203.25,207.7,201.84,205.69,203.77,1543775,3164.53,2026-09-17
CMRGREEN,EQ,212.0,215.19,211.91,213.26,211.91,158680,338.99,2026-09-17
CMSINFO,EQ,237.0,237.0,228.28,231.04,232.39,818063,1903.18,2026-09-17
CNL,EQ,1059.0,1116.0,1055.6,1078.9,1065.5,9593,103.21,2026-09-17
COALINDIA,EQ,421.1,422.8,416.55,418.0,422.25,3329425,13950.61,2026-09-17
COASTCORP,EQ,36.2,37.93,35.2,35.46,36.18,161397,58.11,2026-09-17
COCHINSHIP,EQ,1312.0,1349.9,1310.1,1334.3,1319.0,778679,10301.87,2026-09-17
COCKERILL,EQ,7885.0,8090.0,7848.0,8029.0,7877.5,4903,392.33,2026-09-17
COFFEEDAY,EQ,30.5,31.0,30.41,30.86,30.4,365413,112.19,2026-09-17
COFORGE,EQ,1766.8,1797.4,1759.4,1793.0,1766.7,1305465,23219.3,2026-09-17
COHANCE,EQ,435.0,446.5,428.05,439.95,432.95,1164491,5078.42,2026-09-17
COLPAL,EQ,1861.0,1886.0,1840.0,1840.3,1860.0,416358,7770.5,2026-09-17
COMFINTE,EQ,5.88,6.07,5.82,5.99,5.88,124549,7.44,2026-09-17
COMMOIETF,EQ,96.24,97.43,96.24,97.15,96.56,23268,22.51,2026-09-17
COMPEAU,EQ,360.4,366.0,360.0,360.0,360.4,541,1.96,2026-09-17
COMPUSOFT,EQ,13.08,13.08,12.8,12.94,12.84,21394,2.76,2026-09-17
COMSYN,EQ,299.0,303.2,291.0,293.0,294.75,117045,346.24,2026-09-17
CONCOR,EQ,487.0,494.0,485.0,488.15,488.8,791185,3870.39,2026-09-17
CONCORDBIO,EQ,1446.0,1473.8,1442.2,1461.1,1453.8,84587,1235.59,2026-09-17
CONFIPET,EQ,86.5,88.59,85.5,86.76,86.58,1445669,1255.81,2026-09-17
CONS,EQ,11.44,12.0,11.44,11.81,11.67,16325,1.93,2026-09-17
CONSUMAXIS,EQ,117.03,118.11,117.03,118.06,117.03,260,0.31,2026-09-17
CONSUMBEES,EQ,127.79,128.22,126.38,126.99,127.09,57414,73.27,2026-09-17
CONSUMER,EQ,11.7,11.78,11.64,11.73,11.65,90035,10.55,2026-09-17
CONSUMIETF,EQ,118.0,121.0,118.0,119.86,117.91,13540,16.16,2026-09-17
CONTROLPR,EQ,594.0,610.0,592.0,603.5,591.5,104231,630.7,2026-09-17
CORALFINAC,EQ,32.4,33.1,32.2,32.35,32.4,7851,2.54,2026-09-17
CORDELIA,EQ,108.19,111.88,107.04,109.68,108.19,1309194,1436.8,2026-09-17
CORDSCABLE,EQ,351.7,369.0,340.25,355.3,348.25,101846,364.57,2026-09-17
COROMANDEL,EQ,1936.0,1947.3,1922.0,1929.8,1937.8,120177,2318.51,2026-09-17
CORONA,EQ,2160.0,2184.0,2133.1,2169.6,2143.6,13543,292.09,2026-09-17
COSMOFIRST,EQ,873.95,888.0,870.45,879.9,878.05,36388,320.58,2026-09-17
CPCAP,EQ,140.77,142.0,139.51,141.05,140.77,12304,17.32,2026-09-17
CPEDU,EQ,173.26,179.0,173.05,173.3,174.13,2021,3.52,2026-09-17
CPL,EQ,63.73,66.47,63.13,65.39,62.26,118614,78.06,2026-09-17
CPPLUS,EQ,3520.0,3549.4,3370.4,3378.4,3547.7,432389,14870.17,2026-09-17
CPSEETF,EQ,91.1,93.04,91.1,92.29,92.32,481374,445.07,2026-09-17
CRAFTSMAN,EQ,10900.0,11119.0,10880.0,10937.0,11040.0,24056,2636.6,2026-09-17
CRAMC,EQ,230.0,235.45,228.85,234.35,228.55,203836,474.92,2026-09-17
CRAVATEX,EQ,334.95,339.9,315.0,337.25,323.1,2104,7.0,2026-09-17
CREATIVEYE,EQ,5.5,5.93,5.5,5.59,5.59,19166,1.07,2026-09-17
CREDITACC,EQ,1409.2,1420.0,1363.3,1370.8,1416.5,175621,2421.06,2026-09-17
CREST,EQ,359.0,380.0,352.55,371.0,359.95,1809,6.7,2026-09-17
CRESTO,EQ,16.25,16.25,15.75,15.88,16.34,4460,0.72,2026-09-17
CRISIL,EQ,4595.0,4629.5,4528.3,4560.0,4578.8,19492,892.19,2026-09-17
CRIZAC,EQ,175.3,178.0,174.72,176.56,176.02,120353,212.42,2026-09-17
CROMPTON,EQ,223.1,227.05,222.74,225.1,223.4,1444471,3254.1,2026-09-17
CROWN,EQ,110.0,111.4,108.0,108.95,107.54,5857,6.41,2026-09-17
CSBBANK,EQ,322.05,334.7,313.0,328.35,328.75,1959318,6284.68,2026-09-17
CSLFINANCE,EQ,215.34,222.95,214.29,216.92,214.26,35051,76.47,2026-09-17
CSM,EQ,98.9,103.9,96.32,102.64,96.22,1734949,1756.94,2026-09-17
CUB,EQ,227.0,237.0,227.0,231.82,227.24,2026127,4724.32,2026-09-17
CUBEXTUB,EQ,74.6,84.9,74.6,81.63,75.09,244471,198.17,2026-09-17
CUMMINSIND,EQ,4940.0,5043.5,4920.0,5020.0,4940.0,255287,12752.72,2026-09-17
CUPID,EQ,279.0,281.6,276.25,279.15,280.0,5922526,16510.44,2026-09-17
CURAA,EQ,72.01,73.44,70.4,72.94,75.0,784,0.57,2026-09-17
CYIENT,EQ,1059.6,1084.0,1047.1,1064.0,1054.5,332526,3560.54,2026-09-17
CYIENTDLM,EQ,858.05,933.8,855.55,893.5,867.4,1059462,9619.11,2026-09-17
DABUR,EQ,382.4,386.4,381.3,384.55,382.0,1528427,5866.29,2026-09-17
DALBHARAT,EQ,1680.1,1700.0,1676.4,1693.3,1693.6,43925,742.88,2026-09-17
DALMIASUG,EQ,393.1,397.05,387.8,390.5,393.1,100692,394.23,2026-09-17
DAMCAPITAL,EQ,135.86,139.8,135.86,136.73,135.99,188242,259.22,2026-09-17
DANGEE,EQ,2.77,2.84,2.69,2.72,2.73,20661,0.56,2026-09-17
DATAMATICS,EQ,757.6,764.7,750.3,758.35,755.55,46308,351.07,2026-09-17
DATAPATTNS,EQ,4325.0,4509.7,4316.7,4411.1,4321.7,763376,33786.87,2026-09-17
DAVANGERE,EQ,2.0,2.13,2.0,2.06,2.14,6845783,141.64,2026-09-17
DBCORP,EQ,187.8,189.89,185.47,187.82,186.49,49962,93.68,2026-09-17
DBEIL,EQ,6.7,7.6,6.7,7.05,6.74,955845,67.99,2026-09-17
DBL,EQ,405.9,412.35,404.05,408.35,406.2,98310,401.37,2026-09-17
DBOL,EQ,113.48,118.0,113.42,115.81,113.41,88246,101.51,2026-09-17
DBREALTY,EQ,95.0,96.8,93.6,94.73,95.2,596249,569.55,2026-09-17
DCAL,EQ,162.92,163.75,160.84,162.11,162.08,151115,245.12,2026-09-17
DCBBANK,EQ,218.0,224.97,217.35,218.51,219.94,911516,2007.02,2026-09-17
DCI,EQ,266.8,291.7,262.0,282.75,264.15,360736,1024.28,2026-09-17
DCM,EQ,76.27,78.59,75.65,76.36,76.27,4988,3.82,2026-09-17
DCMFINSERV,EQ,5.14,5.25,4.9,5.13,5.14,18526,0.96,2026-09-17
DCMNVL,EQ,175.87,177.25,170.4,174.84,174.05,4858,8.47,2026-09-17
DCMSHRIRAM,EQ,986.0,997.0,979.9,984.0,986.3,36399,359.16,2026-09-17
DCMSIL,EQ,69.28,71.48,68.7,70.29,69.28,59054,41.07,2026-09-17
DCMSRIND,EQ,38.68,39.29,38.26,38.39,38.68,159937,61.66,2026-09-17
DCW,EQ,44.46,45.8,44.16,45.42,44.26,1193147,537.94,2026-09-17
DCXINDIA,EQ,160.6,165.55,160.6,164.32,160.76,231939,380.47,2026-09-17
DDEVPLSTIK,EQ,253.5,258.4,252.2,255.15,252.2,43806,111.8,2026-09-17
DECCANCE,EQ,574.2,575.25,565.05,569.2,570.0,6438,36.63,2026-09-17
DECNGOLD,EQ,220.6,225.7,216.56,217.85,220.67,812361,1787.4,2026-09-17
DEEDEV,EQ,641.05,655.4,628.1,636.95,634.65,200827,1291.3,2026-09-17
DEEP,EQ,44.0,49.0,44.0,47.23,43.47,56971,26.84,2026-09-17
DEEPA,EQ,173.5,175.39,170.1,173.34,171.82,1418179,2447.54,2026-09-17
DEEPAKFERT,EQ,1312.0,1343.8,1311.8,1324.6,1315.0,146116,1942.99,2026-09-17
DEEPAKNTR,EQ,1595.0,1611.9,1589.9,1604.8,1590.5,90904,1456.15,2026-09-17
DEEPINDS,EQ,736.0,753.0,730.05,734.7,735.15,219051,1625.68,2026-09-17
DEFENCE,EQ,77.68,77.95,76.85,77.67,76.93,270552,210.05,2026-09-17
DELHIVERY,EQ,422.6,429.95,418.85,425.95,421.8,2714899,11526.89,2026-09-17
DELTACORP,EQ,55.56,56.8,54.26,56.15,55.19,1571230,874.72,2026-09-17
DELTAMAGNT,EQ,56.8,56.89,54.0,55.2,54.88,2414,1.33,2026-09-17
DEN,EQ,26.3,26.63,26.01,26.45,26.42,297043,78.22,2026-09-17
DENORA,EQ,782.0,805.95,775.0,784.85,788.1,2752,21.59,2026-09-17
DENTA,EQ,282.9,286.3,276.2,278.4,282.05,124142,347.19,2026-09-17
DEVIT,EQ,23.6,24.25,23.34,23.43,23.34,7652,1.82,2026-09-17
DEVX,EQ,32.85,34.25,32.85,33.31,33.96,24692,8.28,2026-09-17
DEVYANI,EQ,136.0,139.95,136.0,138.51,136.69,1853364,2564.77,2026-09-17
DGCONTENT,EQ,24.19,24.9,23.8,24.0,23.88,3696,0.89,2026-09-17
DHAMPURSUG,EQ,152.51,154.0,149.69,151.72,152.74,487682,739.67,2026-09-17
DHANBANK,EQ,29.53,30.0,28.49,28.88,29.42,748677,218.25,2026-09-17
DHANUKA,EQ,965.5,987.95,958.1,982.25,961.85,27903,273.43,2026-09-17
DHARMAJ,EQ,269.9,275.0,269.05,271.1,269.4,39925,107.9,2026-09-17
DHATRE,EQ,4.21,4.3,4.01,4.12,4.11,26732,1.12,2026-09-17
DHOOTTRANS,EQ,1575.1,1633.3,1517.0,1579.8,1590.9,3305916,52217.85,2026-09-17
DHRUV,EQ,21.04,22.53,20.5,21.69,21.46,7345,1.59,2026-09-17
DHUNINV,EQ,977.2,993.6,975.0,981.75,977.2,177,1.74,2026-09-17
DIAMINESQ,EQ,253.0,258.0,253.0,255.04,256.19,1691,4.31,2026-09-17
DIAMONDYD,EQ,1096.6,1106.3,1096.6,1100.4,1102.2,5714,62.92,2026-09-17
DICIND,EQ,616.4,637.65,616.4,628.45,610.3,11357,71.41,2026-09-17
DIFFNKG,EQ,426.25,442.0,426.0,435.85,428.7,67958,295.96,2026-09-17
DIGIDRIVE,EQ,17.31,17.73,17.26,17.48,17.22,9383,1.65,2026-09-17
DIGISPICE,EQ,16.78,16.99,16.0,16.28,16.45,119422,19.5,2026-09-17
DIGITIDE,EQ,85.45,87.23,83.97,84.82,86.25,186290,158.44,2026-09-17
DISAQ,EQ,11840.0,11988.0,11794.0,11923.0,11747.0,108,12.81,2026-09-17
DISHTV,EQ,2.68,2.7,2.57,2.59,2.66,2655635,69.75,2026-09-17
DIVGIITTS,EQ,1116.0,1133.9,1106.6,1122.2,1119.7,57718,647.26,2026-09-17
DIVIDEND,EQ,34.69,34.82,34.64,34.81,34.71,3816,1.33,2026-09-17
DIVISLAB,EQ,9158.0,9371.0,9135.5,9323.0,9158.0,494167,45906.59,2026-09-17
DIVOPPBEES,EQ,74.02,75.25,74.02,74.88,74.62,16908,12.64,2026-09-17
DIXON,EQ,13200.0,13495.0,13176.0,13290.0,13181.0,267254,35675.63,2026-09-17
DJML,EQ,78.11,79.8,76.53,78.28,78.14,63008,49.46,2026-09-17
DLF,EQ,623.05,644.55,622.0,640.0,622.8,2478290,15815.58,2026-09-17
DLINKINDIA,EQ,420.0,427.65,417.95,424.6,418.0,50547,213.97,2026-09-17
DMART,EQ,3700.1,3759.0,3700.1,3711.2,3720.0,381790,14252.23,2026-09-17
DMCC,EQ,259.3,265.0,258.55,261.7,259.3,58131,152.29,2026-09-17
DNAMEDIA,EQ,2.6,2.6,2.17,2.31,2.45,124141,2.85,2026-09-17
DODLA,EQ,1069.9,1073.8,1048.0,1049.6,1063.6,16501,174.06,2026-09-17
DOLATALGO,EQ,67.47,68.5,67.1,67.86,67.47,122905,83.23,2026-09-17
DOLLAR,EQ,267.05,271.7,262.1,267.0,266.8,53788,143.05,2026-09-17
DOLLEX,EQ,38.0,38.5,34.1,37.05,37.0,14097,5.25,2026-09-17
DOLPHIN,EQ,630.25,685.0,627.25,673.7,635.1,54699,367.28,2026-09-17
DOMS,EQ,2088.2,2140.0,2088.2,2121.6,2085.2,36511,769.59,2026-09-17
DONEAR,EQ,82.31,83.74,82.2,82.81,82.06,4764,3.94,2026-09-17
DPABHUSHAN,EQ,1320.1,1345.4,1320.1,1337.0,1321.6,6301,84.05,2026-09-17
DRAGARWQ,EQ,5260.5,5395.0,5251.0,5255.0,5269.5,731,38.83,2026-09-17
DRCSYSTEMS,EQ,12.86,12.86,12.45,12.59,12.48,33189,4.16,2026-09-17
DREAMFOLKS,EQ,66.9,66.9,64.0,65.17,65.33,32550,21.19,2026-09-17
DREDGECORP,EQ,987.8,1010.0,982.1,988.0,987.8,40542,402.32,2026-09-17
DRREDDY,EQ,1140.0,1189.8,1140.0,1175.0,1140.0,2311932,27059.06,2026-09-17
DSSL,EQ,1015.9,1036.0,996.0,1008.6,1018.8,36151,365.28,2026-09-17
DUCON,EQ,1.27,1.48,1.27,1.27,1.58,20370565,270.0,2026-09-17
DVL,EQ,275.0,280.0,274.6,278.8,275.2,6063,16.85,2026-09-17
DWARKESH,EQ,41.0,41.27,40.04,40.53,41.04,1708233,694.51,2026-09-17
DYCL,EQ,434.0,448.0,434.0,442.35,433.0,333427,1479.09,2026-09-17
DYNAMATECH,EQ,12030.0,12454.0,11762.0,11819.0,12077.0,22275,2704.71,2026-09-17
DYNPRO,EQ,230.69,235.87,227.0,227.85,230.04,972,2.23,2026-09-17
EASEMYTRIP,EQ,5.78,5.86,5.71,5.79,5.78,10391902,600.33,2026-09-17
EASTWEST,EQ,2.35,2.35,2.1,2.21,2.33,156787,3.47,2026-09-17
EBANK10,EQ,16.52,16.52,16.22,16.28,16.52,3478,0.57,2026-09-17
EBANKNIFTY,EQ,57.03,57.03,56.48,56.74,56.61,519,0.29,2026-09-17
EBBETF0430,EQ,1596.18,1610.12,1596.18,1607.25,1604.0,7020,112.72,2026-09-17
EBBETF0431,EQ,1433.99,1433.99,1428.52,1432.11,1427.29,3663,52.39,2026-09-17
EBBETF0433,EQ,1308.96,1309.0,1301.1,1304.44,1309.64,3052,39.81,2026-09-17
EBGNG,EQ,648.0,668.9,633.2,661.65,645.55,529510,3477.42,2026-09-17
ECAPINSURE,EQ,23.1,23.6,23.1,23.54,23.03,27955,6.54,2026-09-17
ECLERX,EQ,1971.0,2017.0,1914.0,1923.0,1961.2,233209,4584.51,2026-09-17
ECORECO,EQ,425.0,441.95,424.8,435.85,425.1,5030,21.98,2026-09-17
ECOSMOBLTY,EQ,106.8,108.47,106.4,106.89,106.37,46834,50.2,2026-09-17
EDELWEISS,EQ,127.05,129.9,126.1,128.34,126.74,5586474,7156.36,2026-09-17
EFCIL,EQ,179.26,182.35,175.13,177.95,178.06,243092,431.98,2026-09-17
EGOLD,EQ,150.35,151.05,149.55,150.45,150.95,634380,954.28,2026-09-17
EICHERMOT,EQ,7495.0,7552.5,7489.0,7493.5,7500.0,255852,19268.72,2026-09-17
EIDPARRY,EQ,702.2,706.8,699.15,703.1,703.05,161641,1136.57,2026-09-17
EIEL,EQ,194.85,201.67,193.21,199.64,194.87,1527032,3046.18,2026-09-17
EIHAHOTELS,EQ,286.95,297.9,286.95,294.95,287.0,16981,49.63,2026-09-17
EIHOTEL,EQ,292.0,302.0,290.0,299.9,292.1,302712,901.97,2026-09-17
EIMCOELECO,EQ,2265.7,2309.7,2235.0,2247.4,2277.1,17329,393.38,2026-09-17
EKC,EQ,99.85,101.84,98.52,101.01,98.75,78489,78.81,2026-09-17
EKI,EQ,67.55,69.4,67.17,68.36,67.57,22081,15.03,2026-09-17
ELANTAS,EQ,13450.0,14000.0,13450.0,13686.0,13436.0,2711,373.95,2026-09-17
ELCIDIN,EQ,106200.0,108985.0,104825.0,106270.0,107120.0,14,14.93,2026-09-17
ELDEHSG,EQ,769.0,783.9,761.15,767.1,769.15,152,1.17,2026-09-17
ELECON,EQ,407.35,420.0,407.1,414.6,407.35,137261,566.66,2026-09-17
ELECTCAST,EQ,74.55,75.69,73.75,74.07,74.33,1335023,992.49,2026-09-17
ELECTHERM,EQ,949.85,949.85,920.0,932.65,941.15,7800,72.89,2026-09-17
ELGIEQUIP,EQ,590.1,603.8,585.0,593.3,592.5,381647,2276.01,2026-09-17
ELGIRUBCO,EQ,57.9,62.8,57.5,60.81,56.68,81747,48.99,2026-09-17
ELIN,EQ,88.99,90.4,87.25,89.88,88.71,135916,120.69,2026-09-17
ELIQUID,EQ,1045.15,1048.0,1045.15,1047.99,1047.85,32327,338.78,2026-09-17
ELITECON,EQ,7.75,7.75,7.75,7.75,8.15,642833,49.82,2026-09-17
ELLEN,EQ,375.9,381.45,367.4,371.0,374.65,1292697,4855.2,2026-09-17
ELM250,EQ,15.99,16.37,15.91,16.27,15.99,32891,5.33,2026-09-17
ELMDIV,EQ,35.51,35.63,35.1,35.22,35.39,1592,0.56,2026-09-17
ELPROINTL,EQ,174.11,174.11,173.01,173.26,173.51,1210,2.1,2026-09-17
EMAMILTD,EQ,373.7,396.45,370.0,376.1,369.3,9467997,36391.25,2026-09-17
EMAMIREAL,EQ,68.4,68.4,66.0,67.87,66.31,1930,1.3,2026-09-17
EMBDL,EQ,53.2,55.71,53.2,54.91,53.68,3709144,2020.57,2026-09-17
EMCURE,EQ,1913.2,1940.4,1891.6,1909.8,1931.9,136884,2627.71,2026-09-17
EMETAL,EQ,12.99,13.99,12.74,12.99,12.99,7553,0.97,2026-09-17
EMIL,EQ,180.5,188.1,180.1,185.07,180.93,1962550,3639.34,2026-09-17
EMKAY,EQ,240.0,253.0,240.0,248.95,242.3,6217,15.32,2026-09-17
EMMVEE,EQ,323.0,326.75,316.05,325.5,321.7,2271950,7308.77,2026-09-17
EMPIND,EQ,1020.0,1073.0,1020.0,1065.3,1026.9,3890,40.92,2026-09-17
EMPOWER,EQ,2.45,2.56,2.44,2.5,2.48,57786293,1451.64,2026-09-17
EMSLIMITED,EQ,361.3,367.5,360.8,364.5,362.25,103263,375.75,2026-09-17
EMUDHRA,EQ,617.85,650.0,610.2,633.35,642.3,4759356,29917.92,2026-09-17
EMULTIMQ,EQ,40.35,41.77,40.35,41.29,39.95,17658,7.21,2026-09-17
ENDURANCE,EQ,2639.9,2706.6,2628.5,2690.8,2628.4,194228,5200.5,2026-09-17
ENERGY,EQ,37.55,37.76,37.5,37.6,37.54,237663,89.35,2026-09-17
ENERGYAXIS,EQ,19.08,19.08,18.69,18.76,18.71,22143,4.15,2026-09-17
ENERGYDEV,EQ,14.02,14.79,14.02,14.66,14.08,11022,1.61,2026-09-17
ENEXT50,EQ,70.89,70.89,70.88,70.89,70.54,56,0.04,2026-09-17
ENGINERSIN,EQ,261.0,267.95,259.95,263.75,260.65,1556919,4121.68,2026-09-17
ENIFTY,EQ,23.5,23.57,23.41,23.49,23.33,975,0.23,2026-09-17
ENIL,EQ,101.0,101.97,100.11,100.85,100.34,4332,4.38,2026-09-17
ENKEIWHEL,EQ,399.9,401.8,384.9,392.6,390.2,1848,7.2,2026-09-17
ENRIN,EQ,3016.5,3120.0,3001.1,3109.1,3013.4,240035,7354.18,2026-09-17
ENTERO,EQ,1740.5,1786.9,1610.8,1666.6,1731.8,1233669,20700.87,2026-09-17
EPACK,EQ,178.09,181.5,176.8,180.82,178.09,279105,501.01,2026-09-17
EPACKPEB,EQ,222.0,225.45,220.14,222.26,221.47,315272,703.32,2026-09-17
EPIGRAL,EQ,1084.0,1115.9,1077.0,1101.4,1084.0,23453,257.07,2026-09-17
EPL,EQ,234.45,239.0,229.05,231.4,233.9,2496141,5790.81,2026-09-17
EQUAL200,EQ,13.39,13.47,13.38,13.43,13.34,41542,5.58,2026-09-17
EQUAL50,EQ,320.85,323.3,320.85,323.05,320.85,528,1.7,2026-09-17
EQUAL50ADD,EQ,332.23,334.5,331.27,333.34,331.44,6248,20.78,2026-09-17
EQUITASBNK,EQ,74.0,74.39,71.75,72.13,73.5,1530643,1115.15,2026-09-17
ERIS,EQ,1296.0,1350.0,1290.6,1310.7,1303.2,44936,587.33,2026-09-17
ESABINDIA,EQ,5675.5,5710.5,5600.5,5618.5,5675.0,2521,142.23,2026-09-17
ESCORTS,EQ,2815.6,2843.6,2809.0,2830.0,2815.6,51122,1447.73,2026-09-17
ESDS,EQ,1646.85,1646.85,1646.85,1646.85,1733.5,59604,981.59,2026-09-17
ESENSEX,EQ,75.32,75.33,75.0,75.15,75.27,298,0.22,2026-09-17
ESG,EQ,39.98,40.07,39.89,39.92,39.91,26115,10.43,2026-09-17
ESILVER,EQ,227.3,227.3,223.24,226.68,228.89,87265,197.68,2026-09-17
ESSARSHPNG,EQ,15.56,16.25,15.56,16.14,15.53,191957,30.6,2026-09-17
ESSENTIA,EQ,1.04,1.06,1.01,1.02,1.04,3370054,34.94,2026-09-17
ESTER,EQ,85.4,88.35,85.4,86.76,86.24,26887,23.4,2026-09-17
ETERNAL,EQ,318.3,327.8,318.25,322.35,317.0,27543143,89426.18,2026-09-17
ETHOSLTD,EQ,2612.5,2673.0,2581.1,2651.0,2612.5,14831,392.71,2026-09-17
EUREKAFORB,EQ,391.75,398.95,386.1,391.1,394.15,142731,560.25,2026-09-17
EUROBOND,EQ,148.34,151.0,148.0,148.49,149.84,698,1.04,2026-09-17
EUROPRATIK,EQ,241.0,243.0,232.1,234.85,240.05,227748,539.87,2026-09-17
EVEREADY,EQ,333.1,340.6,332.1,334.1,333.95,52844,177.56,2026-09-17
EVIETF,EQ,31.75,32.49,31.41,31.71,31.84,143068,45.38,2026-09-17
EVINDIA,EQ,31.5,31.92,31.39,31.84,31.5,121664,38.65,2026-09-17
EXCELINDUS,EQ,955.9,972.7,940.0,963.8,966.8,19529,186.54,2026-09-17
EXCELSOFT,EQ,79.21,81.03,79.01,79.8,80.17,566163,452.89,2026-09-17
EXICOM,EQ,162.13,167.45,158.0,160.09,162.72,937220,1524.13,2026-09-17
EXIDEIND,EQ,415.35,421.95,411.0,418.6,415.5,1041144,4346.21,2026-09-17
EXPLEOSOL,EQ,884.0,900.0,872.3,898.05,879.85,35973,321.3,2026-09-17
EXXARO,EQ,6.2,6.34,6.2,6.26,6.25,640912,40.12,2026-09-17
FABTECH,EQ,145.66,148.48,145.26,146.92,145.66,62523,91.99,2026-09-17
FACT,EQ,748.0,775.0,747.5,759.8,749.0,147229,1121.54,2026-09-17
FAZE3Q,EQ,460.05,460.15,435.0,442.15,447.2,23415,103.63,2026-09-17
FCL,EQ,52.52,54.07,52.2,52.99,53.07,15008357,7992.68,2026-09-17
FCSSOFT,EQ,1.42,1.43,1.4,1.42,1.41,847857,12.01,2026-09-17
FDC,EQ,351.0,353.7,347.3,352.15,350.2,89270,313.59,2026-09-17
FEDDERSHOL,EQ,51.16,53.1,51.0,52.29,50.81,3091043,1618.78,2026-09-17
FEDERALBNK,EQ,342.0,343.75,332.45,332.75,341.8,5321222,17910.35,2026-09-17
FEDFINA,EQ,150.99,153.5,150.2,152.27,150.76,479562,728.32,2026-09-17
FERMENTA,EQ,470.0,473.2,462.0,465.7,470.0,36048,168.37,2026-09-17
FIBERWEB,EQ,26.72,26.72,25.56,26.4,26.08,7278,1.92,2026-09-17
FIEMIND,EQ,1942.8,1965.1,1895.5,1900.9,1927.9,113760,2185.4,2026-09-17
FILATEX,EQ,87.99,91.9,85.56,90.35,87.22,7738959,6975.59,2026-09-17
FILATFASH,EQ,0.18,0.19,0.18,0.18,0.18,11475735,21.0,2026-09-17
FINCABLES,EQ,1362.5,1428.5,1357.7,1395.8,1362.6,1123026,15736.38,2026-09-17
FINEORG,EQ,5111.0,5220.0,5111.0,5202.0,5193.0,11277,584.29,2026-09-17
FINIETF,EQ,31.7,32.05,31.6,31.93,31.61,250140,79.79,2026-09-17
FINKURVE,EQ,71.5,76.8,71.5,75.05,72.99,46956,34.8,2026-09-17
FINOPB,EQ,136.05,138.37,135.26,136.43,136.05,87730,119.87,2026-09-17
FINPIPE,EQ,150.83,157.5,150.83,154.43,151.05,318438,487.88,2026-09-17
FIRSTCRY,EQ,171.08,171.24,167.21,169.25,170.02,1804936,3045.08,2026-09-17
FISCHER,EQ,32.6,34.0,32.6,33.3,33.5,401729,134.12,2026-09-17
FIVESTAR,EQ,550.0,553.15,529.1,530.95,549.4,351651,1891.89,2026-09-17
FLAIR,EQ,233.05,242.18,232.4,237.13,231.89,73615,173.97,2026-09-17
FLEXIADD,EQ,9.88,9.88,9.55,9.73,9.68,124615,12.11,2026-09-17
FLUOROCHEM,EQ,4533.6,4616.9,4432.6,4471.8,4533.6,184050,8289.32,2026-09-17
FMCGADD,EQ,45.95,46.09,45.73,45.96,45.94,37341,17.15,2026-09-17
FMCGIETF,EQ,49.95,49.95,48.75,49.12,49.14,973192,478.42,2026-09-17
FMGOETZE,EQ,441.0,453.1,441.0,447.5,446.8,134140,602.16,2026-09-17
FMNL,EQ,9.25,9.45,8.85,8.91,9.28,67240,6.04,2026-09-17
FOODSIN,EQ,53.3,56.5,52.5,54.79,51.98,38926,20.96,2026-09-17
FORCEMOT,EQ,17370.0,17783.0,17325.0,17650.0,17383.0,62698,11038.27,2026-09-17
FORTIS,EQ,877.0,897.0,874.35,886.1,870.3,1175220,10452.88,2026-09-17
FOSECOIND,EQ,6968.0,7389.5,6676.5,6765.5,6846.5,292524,20743.38,2026-09-17
FRACTAL,EQ,742.0,761.8,736.5,750.75,738.6,219334,1646.11,2026-09-17
FREDUN,EQ,1229.7,1302.8,1225.0,1278.2,1221.6,130408,1668.8,2026-09-17
FRONTSP,EQ,1195.0,1211.9,1177.8,1197.4,1185.8,7310,87.59,2026-09-17
FSL,EQ,276.4,276.4,271.0,273.1,277.75,1215172,3324.23,2026-09-17
FUSION,EQ,182.73,188.9,180.09,184.45,182.73,520634,954.7,2026-09-17
GABRIEL,EQ,1294.0,1319.4,1278.5,1283.7,1295.7,217680,2809.94,2026-09-17
GAEL,EQ,157.16,161.7,156.49,159.41,157.16,360816,576.99,2026-09-17
GAIL,EQ,171.24,172.82,171.24,172.0,170.65,2741053,4721.25,2026-09-17
GAJA,EQ,138.0,147.14,138.0,145.03,138.83,712798,1024.94,2026-09-17
GALAPREC,EQ,999.9,1019.4,992.8,998.9,999.9,10321,104.05,2026-09-17
GALAXYSURF,EQ,2156.0,2271.0,2144.0,2257.0,2156.3,36315,811.13,2026-09-17
GALLANTT,EQ,530.0,550.0,521.0,537.7,524.95,46859,251.44,2026-09-17
GANDHAR,EQ,257.3,271.7,257.3,269.4,258.95,661006,1760.36,2026-09-17
GANDHITUBE,EQ,899.9,904.9,890.0,894.0,900.9,2943,26.39,2026-09-17
GANECOS,EQ,960.1,1005.8,932.5,990.6,1000.2,440384,4287.03,2026-09-17
GANESHCP,EQ,162.75,167.9,162.75,164.47,163.07,70600,116.74,2026-09-17
GANESHHOU,EQ,740.25,758.0,733.55,751.65,740.65,22311,165.95,2026-09-17
GANGAFORGE,EQ,1.6,1.61,1.56,1.57,1.59,1480904,23.55,2026-09-17
GANGESSECU,EQ,117.49,117.49,112.05,113.05,115.01,227,0.26,2026-09-17
GARFIBRES,EQ,799.9,807.0,790.4,799.7,800.6,18980,151.97,2026-09-17
GARUDA,EQ,176.8,178.5,174.1,174.82,175.98,219775,386.37,2026-09-17
GATEWAY,EQ,52.6,53.86,52.4,52.75,52.34,628498,333.57,2026-09-17
GAUDIUMIVF,EQ,116.15,120.39,113.74,114.79,116.42,147938,172.58,2026-09-17
GAYAHWS,EQ,1.87,1.9,1.85,1.89,1.84,165932,3.11,2026-09-17
GAYAPROJ,EQ,24.1,24.75,23.61,23.62,24.85,1567518,376.76,2026-09-17
GCSL,EQ,593.55,610.75,583.8,594.35,594.75,611511,3671.81,2026-09-17
GEEKAYWIRE,EQ,31.2,34.0,30.41,33.46,30.56,955466,310.4,2026-09-17
GEMAROMA,EQ,156.07,158.99,151.0,151.9,156.07,133788,206.59,2026-09-17
GENCON,EQ,38.61,40.2,38.61,39.56,39.02,231830,92.19,2026-09-17
GENESYS,EQ,278.3,301.0,278.3,284.42,276.71,1226611,3562.78,2026-09-17
GENUSPAPER,EQ,11.33,11.67,11.12,11.18,11.11,105777,11.98,2026-09-17
GENUSPOWER,EQ,301.25,305.7,299.3,303.15,301.55,895382,2708.95,2026-09-17
GEOJITFSL,EQ,77.0,81.32,76.9,80.12,76.9,353025,281.13,2026-09-17
GESHIP,EQ,1392.0,1428.7,1387.5,1425.1,1391.6,831737,11766.48,2026-09-17
GFLLIMITED,EQ,54.74,56.3,53.79,55.7,54.65,63757,35.31,2026-09-17
GHCL,EQ,419.0,422.5,416.85,420.1,418.85,41977,176.22,2026-09-17
GHCLTEXTIL,EQ,122.6,125.78,121.15,124.33,121.68,553850,685.95,2026-09-17
GICHSGFIN,EQ,135.0,137.74,135.0,135.97,134.92,44942,61.23,2026-09-17
GICRE,EQ,338.0,346.7,337.8,339.8,337.75,520254,1779.34,2026-09-17
GILLANDERS,EQ,102.01,106.85,100.0,103.87,103.0,3255,3.31,2026-09-17
GILLETTE,EQ,7275.5,7348.5,7238.0,7307.0,7275.5,26121,1906.59,2026-09-17
GILT10BETA,EQ,26.59,26.65,26.22,26.65,26.59,50,0.01,2026-09-17
GILT5BETA,EQ,66.46,66.59,65.6,66.59,66.79,269,0.18,2026-09-17
GILT5YBEES,EQ,66.0,66.0,65.62,65.81,65.74,114991,75.65,2026-09-17
GIPCL,EQ,185.05,188.9,184.34,186.12,185.14,364892,680.54,2026-09-17
GKB,EQ,65.6,65.96,62.4,65.13,62.37,71,0.05,2026-09-17
GKENERGY,EQ,120.59,122.0,118.2,118.98,119.91,294732,352.24,2026-09-17
GKSL,EQ,172.33,179.5,172.33,177.82,172.33,214009,379.58,2026-09-17
GKWLIMITED,EQ,1600.0,1604.9,1573.5,1604.9,1589.2,28,0.45,2026-09-17
GLAND,EQ,2827.9,2941.1,2820.1,2907.8,2826.6,678985,19722.93,2026-09-17
GLASSWALL,EQ,223.75,257.82,222.42,257.82,214.85,64015769,154608.09,2026-09-17
GLAXO,EQ,2852.0,2862.3,2794.5,2799.9,2856.2,28739,808.44,2026-09-17
GLENMARK,EQ,2406.8,2416.9,2388.4,2416.0,2410.0,227416,5463.34,2026-09-17
GLFL,EQ,5.35,5.44,5.09,5.11,5.35,4382,0.22,2026-09-17
GLOBAL,EQ,128.64,133.9,125.76,127.17,128.89,171103,223.16,2026-09-17
GLOBALE,EQ,11.12,11.5,11.0,11.5,11.12,895,0.1,2026-09-17
GLOBALVECT,EQ,126.97,131.49,123.0,125.52,126.96,7754,9.72,2026-09-17
GLOBE,EQ,1.78,1.82,1.75,1.78,1.77,461056,8.28,2026-09-17
GLOBECIVIL,EQ,44.7,45.0,42.31,42.46,42.56,11844,5.09,2026-09-17
GLOBUSSPR,EQ,838.95,846.65,828.75,830.75,839.05,37184,310.87,2026-09-17
GLOSTERLTD,EQ,587.0,587.0,577.0,578.0,578.95,298,1.73,2026-09-17
GLOTTIS,EQ,57.15,58.5,57.15,58.0,58.01,24712,14.32,2026-09-17
GMBREW,EQ,912.0,949.6,905.0,937.05,912.65,45315,424.08,2026-09-17
GMDCLTD,EQ,543.35,552.5,543.35,549.15,543.35,687557,3777.14,2026-09-17
GMMPFAUDLR,EQ,1331.0,1377.7,1320.0,1363.4,1335.0,547415,7408.0,2026-09-17
GMRAIRPORT,EQ,92.46,95.72,92.46,95.04,92.46,11555139,10963.01,2026-09-17
GMRP&UI,EQ,93.0,93.93,91.78,92.13,93.16,514108,475.0,2026-09-17
GNA,EQ,529.85,549.3,527.85,536.55,529.85,167558,902.59,2026-09-17
GNFC,EQ,540.0,599.0,538.2,584.85,539.75,8250274,48481.54,2026-09-17
GNRL,EQ,100.0,102.09,99.9,101.05,99.87,77728,78.54,2026-09-17
GOACARBON,EQ,388.0,398.9,375.0,378.3,390.6,38420,147.9,2026-09-17
GOCLCORP,EQ,437.85,458.8,432.6,456.15,428.4,1122429,5077.27,2026-09-17
GOCOLORS,EQ,304.0,312.4,304.0,308.1,303.6,41874,129.16,2026-09-17
GODAVARIB,EQ,240.49,255.0,239.32,243.31,236.94,1431064,3530.28,2026-09-17
GODFRYPHLP,EQ,1941.4,1948.8,1929.5,1943.0,1934.0,99720,1934.77,2026-09-17
GODIGIT,EQ,249.25,257.0,249.25,255.5,250.9,242318,617.64,2026-09-17
GODREJAGRO,EQ,643.05,655.0,643.05,653.6,647.35,117590,766.72,2026-09-17
GODREJCP,EQ,866.45,876.0,865.15,873.0,863.0,884594,7719.72,2026-09-17
GODREJIND,EQ,1124.0,1147.0,1124.0,1127.3,1136.5,38932,442.03,2026-09-17
GODREJPROP,EQ,1664.0,1695.3,1657.7,1678.2,1665.3,570025,9590.45,2026-09-17
GOKEX,EQ,722.05,730.55,713.0,727.55,725.35,285928,2070.22,2026-09-17
GOKUL,EQ,40.35,40.35,39.12,39.74,39.39,161645,64.17,2026-09-17
GOKULAGRO,EQ,216.05,221.71,215.92,218.17,218.43,140349,307.41,2026-09-17
GOLD1,EQ,126.0,126.08,124.8,125.62,126.08,2124653,2666.72,2026-09-17
GOLD360,EQ,147.2,147.55,146.25,147.25,147.35,3813,5.6,2026-09-17
GOLDADD,EQ,14.58,14.69,14.53,14.63,14.69,2316676,338.79,2026-09-17
GOLDAXIS,EQ,125.39,125.84,124.45,125.24,125.92,2563650,3201.19,2026-09-17
GOLDBEES,EQ,124.26,125.0,123.67,124.43,124.91,22769280,28308.45,2026-09-17
GOLDBETA,EQ,126.9,127.2,126.0,126.85,127.15,620720,786.36,2026-09-17
GOLDBND,EQ,151.0,151.03,149.65,150.55,151.13,27534,41.42,2026-09-17
GOLDCASE,EQ,23.6,23.8,23.55,23.69,23.78,7572400,1791.58,2026-09-17
GOLDETF,EQ,145.72,146.95,145.6,146.44,146.81,821154,1200.96,2026-09-17
GOLDIAM,EQ,321.2,329.0,320.75,325.6,321.8,297405,966.04,2026-09-17
GOLDIETF,EQ,128.87,129.44,128.09,128.97,129.44,6497359,8374.3,2026-09-17
GOODLUCK,EQ,505.4,520.3,504.85,509.75,510.3,344280,1768.95,2026-09-17
GOODYEAR,EQ,724.8,732.2,704.6,706.15,712.05,13069,92.81,2026-09-17
GOPAL,EQ,254.95,255.55,249.2,252.25,254.4,108409,272.85,2026-09-17
GOYALALUM,EQ,5.9,5.99,5.82,5.9,5.9,22014,1.3,2026-09-17
GPIL,EQ,236.4,241.0,234.61,238.39,236.49,1030313,2450.6,2026-09-17
GPPL,EQ,162.0,163.5,161.49,162.59,162.24,1050527,1708.9,2026-09-17
GPTHEALTH,EQ,162.9,165.0,162.28,163.61,163.3,67940,111.24,2026-09-17
GPTINFRA,EQ,109.8,114.0,109.8,113.56,111.0,125495,140.55,2026-09-17
GRANDOAK,EQ,33.5,35.49,33.5,34.07,34.08,1833,0.63,2026-09-17
GRANULES,EQ,841.0,874.0,838.2,870.4,835.6,915976,7893.81,2026-09-17
GRAPHITE,EQ,818.0,832.4,802.05,814.1,805.05,2989509,24454.97,2026-09-17
GRASIM,EQ,3190.0,3205.0,3159.0,3173.1,3187.0,738188,23492.7,2026-09-17
GRAUWEIL,EQ,74.06,80.4,73.06,79.09,73.56,1086236,836.82,2026-09-17
GRAVITA,EQ,1622.2,1638.9,1599.7,1611.6,1622.7,104871,1696.25,2026-09-17
GREAVESCOT,EQ,185.52,192.6,185.37,191.72,185.64,1037598,1963.61,2026-09-17
GREENLAM,EQ,230.86,238.32,230.86,236.73,230.86,42452,99.79,2026-09-17
GREENPANEL,EQ,153.8,161.98,150.68,158.4,152.77,1450006,2285.42,2026-09-17
GREENPLY,EQ,279.55,297.0,279.5,293.2,281.1,267600,778.89,2026-09-17
GREENPOWER,EQ,9.06,9.2,9.0,9.05,9.06,1776162,160.98,2026-09-17
GRINDWELL,EQ,1856.0,1869.9,1840.9,1862.2,1852.9,15176,281.99,2026-09-17
GRINFRA,EQ,805.9,834.65,792.0,829.05,819.05,29503,241.1,2026-09-17
GRMOVER,EQ,81.03,82.95,79.31,80.13,82.02,1105834,899.95,2026-09-17
GROBTEA,EQ,938.2,949.0,922.0,930.0,938.95,51,0.48,2026-09-17
GROWW,EQ,190.7,193.7,186.7,187.44,189.76,23614294,44812.72,2026-09-17
GROWWCAPM,EQ,11.0,11.18,10.93,11.12,11.03,735659,81.78,2026-09-17
GROWWCHEM,EQ,29.27,29.49,28.81,29.06,28.97,30831,8.94,2026-09-17
GROWWDEFNC,EQ,91.8,92.84,91.11,92.31,91.79,180595,166.45,2026-09-17
GROWWEV,EQ,31.36,31.99,30.7,31.69,31.21,258717,81.37,2026-09-17
GROWWGOLD,EQ,14.7,14.76,14.61,14.69,14.76,2353265,346.04,2026-09-17
GROWWHOSPI,EQ,52.41,52.5,51.15,52.22,51.14,187670,97.69,2026-09-17
GROWWLIQID,EQ,110.78,110.78,110.77,110.77,110.76,154650,171.31,2026-09-17
GROWWLOVOL,EQ,10.23,10.24,10.03,10.08,10.05,11111,1.12,2026-09-17
GROWWMC150,EQ,224.33,228.09,224.3,226.57,224.33,149,0.34,2026-09-17
GROWWMETAL,EQ,12.08,12.28,11.65,12.2,12.05,407418,49.68,2026-09-17
GROWWMOM50,EQ,10.86,10.86,10.6,10.77,10.66,71314,7.66,2026-09-17
GROWWN200,EQ,10.95,11.1,10.83,11.04,10.94,14665,1.62,2026-09-17
GROWWNET,EQ,10.93,11.0,10.61,10.73,10.72,426495,45.81,2026-09-17
GROWWNIFTY,EQ,9.19,9.55,9.19,9.42,9.43,665258,62.7,2026-09-17
GROWWNXT50,EQ,72.0,72.21,71.05,71.56,72.43,9931,7.09,2026-09-17
GROWWPOWER,EQ,10.98,11.13,10.96,11.07,10.93,1714886,189.59,2026-09-17
GROWWPSE,EQ,97.97,97.97,95.0,96.57,95.52,12155,11.73,2026-09-17
GROWWPSUBK,EQ,83.27,84.14,81.75,82.61,83.33,3497,2.9,2026-09-17
GROWWRAIL,EQ,26.86,27.24,26.75,26.99,26.75,521994,140.52,2026-09-17
GROWWRLTY,EQ,9.28,9.46,9.19,9.39,9.28,280109,26.22,2026-09-17
GROWWSC250,EQ,10.5,10.6,10.34,10.38,10.41,379744,39.49,2026-09-17
GROWWSLVR,EQ,22.24,22.3,22.05,22.17,22.38,1344345,298.16,2026-09-17
GRPLTD,EQ,1979.3,1988.9,1964.2,1971.9,1979.3,439,8.66,2026-09-17
GRSE,EQ,2319.8,2371.9,2319.7,2339.8,2314.6,269660,6323.35,2026-09-17
GRWRHITECH,EQ,6365.0,6619.0,6272.0,6502.5,6431.0,78901,5080.8,2026-09-17
GSEC10ABSL,EQ,111.92,112.34,111.92,112.34,111.92,5,0.01,2026-09-17
GSEC10IETF,EQ,263.89,263.89,263.89,263.89,262.2,53,0.14,2026-09-17
GSEC10YEAR,EQ,30.34,30.35,30.1,30.35,30.19,5046,1.53,2026-09-17
GSEC5IETF,EQ,65.28,66.46,65.28,66.14,65.62,2564,1.7,2026-09-17
GSFC,EQ,149.0,154.3,148.6,152.27,149.16,1244753,1890.97,2026-09-17
GSLSU,EQ,26.55,28.3,26.55,28.17,27.51,41951,11.73,2026-09-17
GSPCROP,EQ,490.2,499.0,479.05,484.05,482.95,341903,1671.31,2026-09-17
GSS,EQ,10.47,10.47,9.88,10.02,10.08,30930,3.15,2026-09-17
GTECJAINX,EQ,28.0,29.5,27.0,27.33,27.61,10615,2.97,2026-09-17
GTL,EQ,7.1,7.19,7.03,7.06,7.1,86961,6.14,2026-09-17
GTLINFRA,EQ,1.12,1.15,1.11,1.14,1.11,28492768,322.65,2026-09-17
GTPL,EQ,57.39,57.99,56.1,56.62,56.46,71405,40.41,2026-09-17
GUFICBIO,EQ,419.2,428.0,415.6,425.5,419.85,34904,148.05,2026-09-17
GUJALKALI,EQ,691.25,696.95,669.0,673.75,696.5,248407,1684.53,2026-09-17
GUJAPOLLO,EQ,349.85,349.85,321.35,324.0,338.1,27067,89.93,2026-09-17
GUJENERGY,EQ,244.4,245.45,237.61,239.43,244.24,968254,2321.78,2026-09-17
GUJRAFFIA,EQ,40.23,43.4,39.99,40.91,40.23,11381,4.7,2026-09-17
GUJTHEM,EQ,411.0,425.6,407.35,420.15,412.6,243862,1022.01,2026-09-17
GULFOILLUB,EQ,1064.1,1069.6,1042.0,1064.0,1057.2,20716,220.04,2026-09-17
GULPOLY,EQ,168.89,172.5,168.01,171.05,168.89,60537,103.12,2026-09-17
GVPIL,EQ,616.1,632.0,615.6,624.9,616.1,136464,853.24,2026-09-17
GVT&D,EQ,4300.0,4394.3,4266.0,4341.0,4267.0,504355,21878.11,2026-09-17
GYFTR,EQ,180.5,180.82,174.15,176.12,178.11,12955,23.11,2026-09-17
HAL,EQ,4699.0,4799.0,4687.0,4788.0,4695.6,528884,25154.94,2026-09-17
HALDER,EQ,285.8,299.0,276.85,297.15,285.95,3156,9.14,2026-09-17
HALEOSLABS,EQ,1508.0,1538.0,1490.0,1493.0,1507.9,394,5.95,2026-09-17
HAMPTON,EQ,8.53,8.53,7.81,8.26,8.55,360061,29.68,2026-09-17
HAPPSTMNDS,EQ,325.35,328.75,323.8,327.9,327.45,388729,1268.41,2026-09-17
HAPPYFORGE,EQ,2115.0,2177.9,2102.7,2143.2,2155.9,56176,1203.93,2026-09-17
HARDWYN,EQ,9.09,9.12,9.0,9.07,9.04,367587,33.3,2026-09-17
HARIOMPIPE,EQ,350.35,357.35,348.55,349.65,350.35,41104,144.49,2026-09-17
HARRMALAYA,EQ,181.0,185.02,178.8,180.71,178.71,9047,16.43,2026-09-17
HARSHA,EQ,432.5,438.3,429.25,433.85,430.0,45447,197.14,2026-09-17
HATHWAY,EQ,9.9,10.11,9.9,10.02,10.0,1428469,143.11,2026-09-17
HATSUN,EQ,1213.7,1238.4,1170.0,1181.6,1214.0,46126,555.11,2026-09-17
HAVELLS,EQ,1089.9,1095.6,1083.5,1092.0,1089.9,579925,6314.65,2026-09-17
HAVISHA,EQ,1.36,1.36,1.29,1.32,1.33,14026,0.19,2026-09-17
HAWKINCOOK,EQ,8336.5,8375.0,8220.5,8251.5,8296.5,1500,124.31,2026-09-17
HAZOOR,EQ,18.5,19.08,18.32,18.55,18.51,146625,27.31,2026-09-17
HBESD,EQ,73.11,73.11,71.5,71.61,71.02,17,0.01,2026-09-17
HBLENGINE,EQ,710.8,759.1,707.7,756.75,704.65,8034626,59848.26,2026-09-17
HBPOR,EQ,64.75,64.75,60.21,61.49,62.3,2226,1.38,2026-09-17
HBSL,EQ,52.0,53.99,52.0,53.33,52.24,1086,0.58,2026-09-17
HCC,EQ,21.09,22.3,21.02,21.56,21.04,22120270,4806.84,2026-09-17
HCG,EQ,678.3,697.95,671.4,687.15,674.15,514056,3531.59,2026-09-17
HCL-INSYS,EQ,10.0,10.2,9.98,10.08,10.0,122940,12.39,2026-09-17
HCLTECH,EQ,1242.2,1258.3,1235.3,1258.3,1253.0,1386250,17274.01,2026-09-17
HDBFS,EQ,674.0,688.7,672.0,681.45,678.0,387681,2646.73,2026-09-17
HDFCAMC,EQ,2378.1,2415.0,2378.1,2387.7,2373.1,492465,11802.75,2026-09-17
HDFCBANK,EQ,717.5,719.4,713.0,713.0,721.5,21543303,154191.93,2026-09-17
HDFCBSE500,EQ,35.86,37.1,35.86,36.67,36.59,666863,243.76,2026-09-17
HDFCGOLD,EQ,128.48,129.12,127.88,128.68,129.11,3431561,4410.84,2026-09-17
HDFCGROWTH,EQ,114.95,115.8,114.92,115.6,115.2,7899,9.12,2026-09-17
HDFCLIFE,EQ,532.9,560.95,529.95,557.0,530.2,9374431,51966.79,2026-09-17
HDFCLIQUID,EQ,1078.2,1078.2,1078.18,1078.18,1078.05,14392,155.17,2026-09-17
HDFCLOWVOL,EQ,19.89,20.05,19.81,20.0,19.8,4264,0.85,2026-09-17
HDFCMID150,EQ,23.28,23.28,22.6,22.84,22.72,671075,153.38,2026-09-17
HDFCMOMENT,EQ,30.08,30.44,29.49,30.36,30.09,142609,43.21,2026-09-17
HDFCNEXT50,EQ,72.13,73.17,71.92,73.05,72.13,93622,67.94,2026-09-17
HDFCNIF100,EQ,25.36,25.36,25.13,25.29,25.24,26558,6.71,2026-09-17
HDFCNIFBAN,EQ,57.93,58.32,57.72,57.81,57.93,19963,11.57,2026-09-17
HDFCNIFIT,EQ,31.73,31.73,30.8,31.12,30.96,65039,20.2,2026-09-17
HDFCNIFTY,EQ,268.69,268.69,261.83,263.02,262.14,91285,240.01,2026-09-17
HDFCNIMEG,EQ,127.21,128.76,127.21,128.33,127.21,20678,26.52,2026-09-17
HDFCPSUBK,EQ,83.78,84.83,83.14,83.64,83.78,10748,9.02,2026-09-17
HDFCPVTBAN,EQ,27.24,27.95,27.24,27.74,27.8,225252,62.61,2026-09-17
HDFCQUAL,EQ,56.65,56.98,56.54,56.92,56.71,8797,4.98,2026-09-17
HDFCSENSEX,EQ,84.65,84.94,84.19,84.77,84.78,27969,23.64,2026-09-17
HDFCSILVER,EQ,216.61,217.39,214.92,216.47,218.6,2385099,5153.38,2026-09-17
HDFCSML250,EQ,181.1,182.24,179.21,181.9,181.06,1665599,3021.19,2026-09-17
HDFCVALUE,EQ,121.97,122.22,121.54,121.91,121.57,5105,6.22,2026-09-17
HEADSUP,EQ,7.19,7.2,6.61,6.97,6.89,5999,0.42,2026-09-17
HEALTHADD,EQ,16.45,16.8,16.45,16.65,16.29,11028,1.83,2026-09-17
HEALTHAXIS,EQ,165.48,168.22,165.48,167.94,165.48,2855,4.77,2026-09-17
HEALTHCARE,EQ,21.35,21.65,21.33,21.6,21.33,144250,31.0,2026-09-17
HEALTHIETF,EQ,166.98,172.0,165.31,170.03,166.98,169749,287.36,2026-09-17
HEALTHX,EQ,298.1,303.65,295.0,300.0,298.1,1388,4.15,2026-09-17
HEALTHY,EQ,16.77,17.15,16.77,17.01,16.77,118781,20.16,2026-09-17
HECPROJECT,EQ,114.45,118.45,112.35,116.84,114.45,10820,12.5,2026-09-17
HEIDELBERG,EQ,141.0,142.0,140.4,141.57,141.2,69366,98.08,2026-09-17
HEMIPROP,EQ,117.9,121.8,117.2,120.81,117.67,228607,273.96,2026-09-17
HERANBA,EQ,163.3,166.26,163.3,165.78,163.31,15592,25.76,2026-09-17
HERITGFOOD,EQ,408.65,412.7,403.55,405.45,408.65,351623,1435.89,2026-09-17
HEROMOTOCO,EQ,5253.5,5341.0,5243.5,5325.0,5235.0,536484,28509.86,2026-09-17
HESTERBIO,EQ,2176.0,2276.9,2176.0,2245.8,2207.7,5072,113.47,2026-09-17
HEXATRADEX,EQ,158.5,158.5,155.55,156.61,156.37,263,0.41,2026-09-17
HEXT,EQ,522.0,528.0,515.1,526.45,522.75,107306,562.07,2026-09-17
HGINFRA,EQ,463.15,472.0,460.0,460.65,461.5,60479,281.16,2026-09-17
HGM,EQ,46.3,48.74,45.46,47.79,46.81,5019,2.34,2026-09-17
HGS,EQ,382.5,392.0,382.5,386.35,386.05,20717,79.94,2026-09-17
HIKAL,EQ,222.23,231.35,219.95,225.29,224.38,647006,1463.07,2026-09-17
HILINFRA,EQ,45.6,45.9,43.0,43.07,43.83,203378,90.6,2026-09-17
HILTON,EQ,17.97,17.97,16.8,17.01,17.52,195711,33.46,2026-09-17
HIMATSEIDE,EQ,64.61,65.88,63.2,63.65,64.76,524957,337.09,2026-09-17
HINDADH,EQ,384.95,384.95,370.45,376.8,378.45,1555,5.86,2026-09-17
HINDALCO,EQ,972.0,987.2,970.5,980.5,972.7,2724042,26708.98,2026-09-17
HINDALUMI,EQ,94.76,95.2,89.0,93.7,93.83,4653,4.33,2026-09-17
HINDCOMPOS,EQ,374.0,382.95,365.1,369.9,374.3,5364,20.09,2026-09-17
HINDCON,EQ,24.5,24.5,21.96,23.73,23.76,59869,14.05,2026-09-17
HINDCOPPER,EQ,485.0,489.3,480.7,485.5,481.6,4690266,22754.91,2026-09-17
HINDOILEXP,EQ,180.89,184.5,177.5,180.95,180.44,701322,1271.1,2026-09-17
HINDPETRO,EQ,352.25,353.65,350.35,350.6,350.05,2170850,7636.66,2026-09-17
HINDUNILVR,EQ,1962.0,1968.9,1942.2,1942.2,1962.0,1171388,22916.43,2026-09-17
HINDWAREAP,EQ,171.5,177.69,171.5,176.95,171.93,51983,91.48,2026-09-17
HINDZINC,EQ,562.9,574.65,562.8,572.3,567.5,3019909,17235.75,2026-09-17
HIRECT,EQ,1182.6,1218.7,1180.5,1211.9,1182.6,27111,326.45,2026-09-17
HISARMETAL,EQ,161.0,161.0,153.35,155.38,155.5,2683,4.22,2026-09-17
HITECH,EQ,73.36,74.2,73.01,73.74,73.36,205046,151.09,2026-09-17
HLEGLAS,EQ,419.0,429.9,412.35,415.65,416.85,279777,1172.61,2026-09-17
HLVLTD,EQ,6.85,6.85,6.6,6.66,6.79,167732,11.27,2026-09-17
HMAAGRO,EQ,23.04,23.57,22.6,23.08,23.04,1986317,461.37,2026-09-17
HNDFDS,EQ,610.5,624.8,603.65,620.35,606.45,79247,488.77,2026-09-17
HNGSNGBEES,EQ,464.0,466.44,460.0,462.97,464.42,69972,324.29,2026-09-17
HOMEFIRST,EQ,1166.0,1177.0,1163.4,1173.3,1175.9,175024,2048.17,2026-09-17
HONASA,EQ,471.8,471.8,458.1,460.1,469.3,530588,2459.15,2026-09-17
HONAUT,EQ,33730.0,34140.0,33730.0,33915.0,33895.0,1049,356.02,2026-09-17
HONDAPOWER,EQ,1939.9,1959.9,1910.0,1934.1,1922.9,1924,37.13,2026-09-17
HORIZONIND,EQ,52.9,53.2,52.0,52.17,52.91,1812188,951.9,2026-09-17
HPAL,EQ,36.0,36.0,34.36,34.83,35.64,37616,13.11,2026-09-17
HPIL,EQ,120.0,120.0,117.55,117.86,120.0,292,0.35,2026-09-17
HPL,EQ,279.0,282.5,278.0,280.4,278.0,55484,155.31,2026-09-17
HRYNSHP,EQ,101.9,101.9,96.0,97.5,100.0,1654,1.61,2026-09-17
HSBCGOLD,EQ,131.51,132.0,129.05,130.65,131.51,27776,36.2,2026-09-17
HSCL,EQ,655.0,661.8,648.15,653.35,652.8,1154408,7548.94,2026-09-17
HTEL,EQ,75.71,76.7,68.22,72.05,74.21,3416086,2436.01,2026-09-17
HTMEDIA,EQ,23.6,24.5,22.9,24.0,22.99,202958,48.01,2026-09-17
HUBTOWN,EQ,175.0,179.99,173.01,173.76,176.39,279204,488.86,2026-09-17
HUDCO,EQ,169.73,173.03,167.05,169.55,169.73,2067656,3504.43,2026-09-17
HUHTAMAKI,EQ,242.3,248.1,242.0,243.6,243.05,92484,226.05,2026-09-17
HYBRIDETF,EQ,9.97,9.97,9.87,9.94,9.88,19385,1.93,2026-09-17
HYUNDAI,EQ,2150.0,2232.1,2143.0,2160.0,2155.0,686888,15045.24,2026-09-17
IBULLSLTD,EQ,28.7,30.18,28.31,29.65,28.79,30372525,9008.81,2026-09-17
ICEMAKE,EQ,676.0,689.7,664.9,668.9,671.8,39574,266.79,2026-09-17
ICICIAMC,EQ,3070.5,3108.8,3022.0,3098.0,3086.3,245387,7520.62,2026-09-17
ICICIB22,EQ,111.0,112.63,110.2,112.0,111.78,130930,146.96,2026-09-17
ICICIBANK,EQ,1352.0,1363.0,1347.6,1347.6,1358.8,7867524,106510.88,2026-09-17
ICICIGI,EQ,1440.0,1498.1,1435.5,1486.7,1440.0,728137,10776.57,2026-09-17
ICICIPRULI,EQ,470.0,496.9,468.75,490.5,470.0,2550650,12468.91,2026-09-17
ICIL,EQ,431.95,440.3,428.15,435.5,431.95,467590,2025.25,2026-09-17
ICRA,EQ,4620.0,4634.2,4575.0,4584.6,4610.0,23752,1092.12,2026-09-17
IDBI,EQ,82.7,83.6,81.6,81.89,82.95,6835313,5623.88,2026-09-17
IDEA,EQ,14.25,14.43,14.17,14.22,14.26,186454612,26631.24,2026-09-17
IDEAFORGE,EQ,709.0,732.0,705.55,717.95,702.35,163153,1176.63,2026-09-17
IDFCFIRSTB,EQ,84.75,86.49,84.53,86.33,85.01,16998554,14570.66,2026-09-17
IDFNIFTYET,EQ,256.3,258.71,256.3,257.03,256.51,1001,2.57,2026-09-17
IEX,EQ,111.82,113.85,111.61,113.4,112.0,2083997,2356.97,2026-09-17
IFBAGRO,EQ,861.8,873.6,855.0,865.15,861.4,1829,15.73,2026-09-17
IFBIND,EQ,1249.0,1261.8,1209.6,1217.9,1241.9,39470,484.5,2026-09-17
IFCI,EQ,75.21,80.97,75.21,77.09,75.06,176897944,137564.49,2026-09-17
IFGLEXPOR,EQ,198.27,204.97,196.11,197.64,198.27,25285,50.69,2026-09-17
IGARASHI,EQ,428.0,436.9,426.0,428.8,428.4,91945,396.19,2026-09-17
IGCL,EQ,66.0,67.0,65.05,66.22,65.27,69026,45.52,2026-09-17
IGIL,EQ,316.85,317.95,311.8,314.9,314.4,308581,969.17,2026-09-17
IGL,EQ,148.66,149.67,147.9,148.67,148.77,876042,1302.68,2026-09-17
IGPL,EQ,536.9,557.7,534.75,554.55,533.3,69270,380.99,2026-09-17
IIFL,EQ,585.0,604.9,585.0,596.55,585.7,2722029,16217.04,2026-09-17
IIFLCAPS,EQ,335.05,337.85,335.05,336.95,335.6,138772,467.4,2026-09-17
IITL,EQ,148.8,150.14,146.01,148.03,147.77,92382,137.78,2026-09-17
IKIO,EQ,201.9,207.89,201.9,205.83,202.78,193161,397.58,2026-09-17
IKS,EQ,1743.5,1771.1,1712.7,1728.9,1752.0,119965,2078.92,2026-09-17
IMAGICAA,EQ,53.3,53.32,50.7,51.18,52.99,1598718,823.97,2026-09-17
IMFA,EQ,1241.5,1295.9,1241.5,1273.7,1246.1,89810,1143.55,2026-09-17
IMPAL,EQ,1065.0,1095.9,1064.1,1077.7,1065.0,1046,11.25,2026-09-17
INA,EQ,86.6,89.0,86.48,87.38,86.95,409068,359.02,2026-09-17
INCREDIBLE,EQ,32.5,34.89,32.03,33.31,32.79,2277,0.77,2026-09-17
INDBANK,EQ,26.2,26.22,25.5,25.66,25.68,31098,8.02,2026-09-17
INDGN,EQ,572.9,594.2,568.8,591.75,573.2,272889,1599.14,2026-09-17
INDHOTEL,EQ,713.4,729.8,712.55,726.65,713.4,1698327,12278.3,2026-09-17
INDIACEM,EQ,334.65,359.4,334.55,351.7,334.65,1540460,5423.68,2026-09-17
INDIAGLYCO,EQ,255.4,268.9,245.0,248.7,266.2,924594,2343.63,2026-09-17
INDIAMART,EQ,1707.9,1718.8,1652.0,1662.7,1706.3,82888,1390.01,2026-09-17
INDIANB,EQ,842.0,856.4,839.0,840.5,840.0,539598,4564.87,2026-09-17
INDIANCARD,EQ,225.0,225.0,208.01,209.0,214.96,374,0.8,2026-09-17
INDIANHUME,EQ,349.85,361.0,349.85,354.85,349.0,39998,142.52,2026-09-17
INDIASHLTR,EQ,655.0,676.9,655.0,670.2,661.6,90331,605.37,2026-09-17
INDIGO,EQ,4746.5,4855.5,4746.5,4845.0,4733.5,509638,24539.96,2026-09-17
INDIGOPNTS,EQ,1075.2,1106.5,1075.2,1098.9,1081.6,37930,414.22,2026-09-17
INDIQUBE,EQ,200.17,208.0,197.18,202.45,200.15,77034,155.56,2026-09-17
INDNIPPON,EQ,1231.0,1308.8,1231.0,1262.1,1240.5,83039,1057.59,2026-09-17
INDOBORAX,EQ,472.0,479.0,464.3,466.75,470.3,49008,230.7,2026-09-17
INDOCO,EQ,254.0,259.65,251.47,254.44,254.0,288596,737.13,2026-09-17
INDOFARM,EQ,132.9,138.9,132.76,135.07,132.92,148699,202.39,2026-09-17
INDOKEM,EQ,600.0,666.9,600.0,643.15,606.55,28640,183.33,2026-09-17
INDOMIM,EQ,955.0,1008.0,946.1,993.2,946.1,2152019,21183.57,2026-09-17
INDORAMA,EQ,85.46,91.4,84.5,89.19,85.6,1774157,1577.12,2026-09-17
INDOSTAR,EQ,228.76,235.44,225.0,229.49,226.17,86324,197.73,2026-09-17
INDOTECH,EQ,3355.0,3470.7,3328.0,3411.4,3373.3,8711,298.22,2026-09-17
INDOTHAI,EQ,35.32,38.0,35.32,35.32,37.17,4917046,1761.35,2026-09-17
INDOUS,EQ,78.92,81.56,77.55,79.34,77.16,5325,4.23,2026-09-17
INDOWIND,EQ,9.09,9.09,8.83,8.93,8.95,60616,5.46,2026-09-17
INDPRUD,EQ,6250.0,6280.5,6125.0,6273.5,6240.0,12,0.75,2026-09-17
INDRAMEDCO,EQ,358.0,367.6,356.0,363.65,356.55,161344,586.61,2026-09-17
INDSWFTLAB,EQ,362.55,386.2,362.45,378.25,363.9,545009,2066.11,2026-09-17
INDTERRAIN,EQ,30.5,30.5,28.5,28.9,30.29,75171,21.72,2026-09-17
INDUSINDBK,EQ,946.0,970.7,945.2,958.2,946.5,3973540,38207.06,2026-09-17
INDUSTOWER,EQ,377.1,384.75,377.1,381.35,375.6,3756136,14302.24,2026-09-17
INFOBEAN,EQ,151.28,151.95,149.15,150.41,150.98,155586,234.01,2026-09-17
INFOMEDIA,EQ,5.49,5.7,5.13,5.29,5.5,28410,1.55,2026-09-17
INFRA,EQ,11.58,11.7,11.56,11.67,11.56,38972,4.54,2026-09-17
INFRABEES,EQ,930.64,933.97,924.03,928.63,926.01,6160,57.15,2026-09-17
INFRAIETF,EQ,92.21,92.62,91.95,92.3,91.87,356586,329.74,2026-09-17
INFY,EQ,1054.9,1063.6,1048.6,1058.6,1060.0,5469865,57739.84,2026-09-17
INGERRAND,EQ,4261.9,4351.9,4211.0,4225.2,4261.9,21488,915.77,2026-09-17
INNOVACAP,EQ,1125.0,1163.9,1125.0,1149.5,1133.4,33762,389.54,2026-09-17
INNOVANA,EQ,319.0,319.0,296.3,298.95,301.3,42632,127.92,2026-09-17
INNOVISION,EQ,252.5,257.9,252.5,254.45,255.45,10819,27.56,2026-09-17
INOXGREEN,EQ,172.0,175.94,172.0,174.64,173.11,388779,677.25,2026-09-17
INOXINDIA,EQ,1995.0,2063.1,1990.1,2014.8,1978.9,339125,6851.58,2026-09-17
INOXWIND,EQ,74.45,75.25,73.56,74.1,74.5,5711983,4241.76,2026-09-17
INSECTICID,EQ,595.2,603.0,591.1,598.85,595.2,6994,41.84,2026-09-17
INSPIRISYS,EQ,83.99,86.39,83.0,84.44,83.31,2811,2.37,2026-09-17
INSUREIETF,EQ,14.72,15.31,14.69,15.09,14.73,1516024,229.74,2026-09-17
INTELLECT,EQ,660.6,663.7,649.0,651.3,659.45,235066,1538.89,2026-09-17
INTENTECH,EQ,76.1,77.8,76.1,77.45,76.43,9506,7.34,2026-09-17
INTERARCH,EQ,1672.0,1703.7,1660.8,1692.2,1660.8,19650,331.47,2026-09-17
INTERNET,EQ,14.53,14.56,14.43,14.45,14.46,96126,13.93,2026-09-17
INTLCONV,EQ,75.4,77.7,75.18,76.49,75.39,18930,14.47,2026-09-17
INVENTURE,EQ,0.89,0.91,0.89,0.89,0.88,770998,6.92,2026-09-17
IOB,EQ,32.0,32.5,32.0,32.1,32.09,1111582,357.65,2026-09-17
IOC,EQ,134.9,135.33,134.0,134.27,134.75,5640680,7584.57,2026-09-17
IOLCP,EQ,195.05,199.39,189.37,197.49,194.57,3478408,6801.29,2026-09-17
IONEXCHANG,EQ,424.75,435.7,420.85,424.35,426.25,260929,1115.14,2026-09-17
IPCALAB,EQ,1940.0,2014.0,1937.9,1970.3,1950.7,555590,10962.01,2026-09-17
IPL,EQ,135.02,139.95,135.02,138.69,137.77,827932,1139.39,2026-09-17
IPRINGLTD,EQ,140.2,146.0,137.0,137.0,138.34,3379,4.73,2026-09-17
IRB,EQ,19.1,19.14,18.8,18.85,19.05,7312859,1382.69,2026-09-17
IRCON,EQ,108.5,110.63,106.8,107.86,108.51,2796585,3027.72,2026-09-17
IRCTC,EQ,454.0,458.4,452.15,457.0,452.95,413859,1888.75,2026-09-17
IREDA,EQ,108.38,109.74,108.13,108.99,108.4,2634033,2873.98,2026-09-17
IRFC,EQ,79.3,79.92,78.65,79.31,78.95,6486276,5136.58,2026-09-17
IRIS,EQ,238.89,241.7,235.0,237.13,234.84,10126,24.04,2026-09-17
IRISDOREME,EQ,58.36,63.5,58.02,62.55,58.18,1031078,634.13,2026-09-17
IRMENERGY,EQ,264.15,270.0,264.0,269.1,264.15,24570,65.89,2026-09-17
ISFT,EQ,77.0,90.26,76.34,90.26,75.22,226945,193.15,2026-09-17
ISGEC,EQ,759.0,774.05,755.0,769.6,759.05,30853,235.84,2026-09-17
ISHANCH,EQ,48.9,53.4,46.02,49.43,47.12,124149,61.71,2026-09-17
ISTLTD,EQ,650.0,687.9,650.0,683.9,650.0,1403,9.47,2026-09-17
IT,EQ,32.25,32.81,32.05,32.49,32.25,160242,51.86,2026-09-17
ITADD,EQ,30.89,31.04,30.6,30.93,30.89,2978,0.92,2026-09-17
ITAXIS,EQ,319.0,323.17,318.1,320.02,320.41,609,1.95,2026-09-17
ITBEES,EQ,32.3,33.1,31.9,32.39,32.3,8324681,2687.13,2026-09-17
ITBETA,EQ,304.57,309.4,304.17,309.39,305.8,1071,3.29,2026-09-17
ITC,EQ,264.8,268.5,264.1,266.2,264.15,13365227,35568.47,2026-09-17
ITCHOTELS,EQ,153.39,154.95,153.01,154.33,153.39,866754,1337.1,2026-09-17
ITDC,EQ,657.9,670.9,654.6,662.7,656.75,91658,606.57,2026-09-17
ITETF,EQ,30.92,31.16,30.55,30.84,30.8,357330,110.36,2026-09-17
ITI,EQ,255.0,257.3,253.5,255.3,255.5,128700,328.39,2026-09-17
ITIETF,EQ,32.24,32.7,32.04,32.46,32.27,298904,96.46,2026-09-17
ITL,EQ,370.0,371.4,360.0,362.5,367.7,411,1.5,2026-09-17
IVALUE,EQ,231.94,231.94,226.0,228.08,230.45,36434,83.41,2026-09-17
IVC,EQ,7.95,7.95,7.64,7.85,7.76,264012,20.65,2026-09-17
IVZBANKNF,EQ,56.26,56.29,55.94,55.99,56.07,962,0.54,2026-09-17
IVZINGOLD,EQ,131.4,131.5,130.1,131.1,131.6,47400,62.07,2026-09-17
IVZINNIFTY,EQ,267.25,268.37,266.38,267.52,267.21,573,1.53,2026-09-17
IVZSENSEX,EQ,75.29,75.29,74.4,74.6,74.55,1385,1.03,2026-09-17
IWP,EQ,34.5,35.95,34.5,34.71,34.5,8869,3.12,2026-09-17
IXIGO,EQ,160.54,160.76,157.8,160.06,160.53,904962,1443.07,2026-09-17
IZMO,EQ,888.0,959.5,878.45,913.25,880.0,273818,2545.34,2026-09-17
J&KBANK,EQ,147.55,150.57,146.45,147.28,147.66,1641221,2432.17,2026-09-17
JAGRAN,EQ,61.62,62.0,61.25,61.96,61.22,85935,53.08,2026-09-17
JAGSNPHARM,EQ,228.47,228.84,221.8,227.24,228.28,43798,99.14,2026-09-17
JAIBALAJI,EQ,64.0,64.25,61.9,63.81,64.05,311592,198.05,2026-09-17
JAICORPLTD,EQ,92.0,93.59,91.92,93.17,92.63,241766,224.67,2026-09-17
JAINREC,EQ,275.05,277.25,271.8,274.05,274.8,478999,1314.78,2026-09-17
JAIPURKURT,EQ,24.98,24.98,24.12,24.74,24.49,587,0.15,2026-09-17
JAMNAAUTO,EQ,127.31,130.9,126.55,126.96,128.55,973266,1249.19,2026-09-17
JARO,EQ,470.0,485.15,466.15,471.05,467.95,148954,711.29,2026-09-17
JASH,EQ,492.95,517.1,482.0,514.0,488.9,159181,805.3,2026-09-17
JAYAGROGN,EQ,234.8,238.79,223.85,225.41,231.66,8582,19.78,2026-09-17
JAYBARMARU,EQ,112.05,115.1,110.4,113.4,113.02,205988,231.82,2026-09-17
JAYKAY,EQ,155.81,162.84,155.0,157.06,154.77,204207,322.93,2026-09-17
JAYNECOIND,EQ,87.67,89.44,87.28,88.94,87.35,1263615,1123.11,2026-09-17
JAYSREETEA,EQ,89.6,91.81,89.33,89.74,89.23,17993,16.22,2026-09-17
JBMA,EQ,586.05,595.45,586.05,593.6,588.2,125831,745.85,2026-09-17
JENBURPH,EQ,1007.0,1009.7,975.0,983.4,992.0,2628,26.08,2026-09-17
JETFREIGHT,EQ,19.99,20.17,16.51,19.43,19.9,693518,126.19,2026-09-17
JGCHEM,EQ,583.0,598.4,579.2,588.15,582.9,246274,1452.58,2026-09-17
JHS,EQ,8.51,8.85,8.51,8.59,8.51,46544,4.04,2026-09-17
JINDALPHOT,EQ,1114.7,1134.9,1085.9,1129.4,1125.6,9513,106.49,2026-09-17
JINDALPOLY,EQ,731.15,739.5,717.1,726.0,742.4,30797,223.78,2026-09-17
JINDALSAW,EQ,283.2,294.8,281.5,291.2,281.25,1782236,5162.62,2026-09-17
JINDALSTEL,EQ,1104.1,1134.6,1104.1,1128.4,1103.0,719206,8105.94,2026-09-17
JINDRILL,EQ,597.4,597.9,579.75,582.7,595.15,192134,1125.8,2026-09-17
JINDWORLD,EQ,50.48,50.79,48.69,49.0,49.16,4251821,2100.12,2026-09-17
JIOFIN,EQ,225.0,230.36,225.0,229.3,224.84,12303050,28135.93,2026-09-17
JISLDVREQS,EQ,21.0,22.24,20.51,21.18,21.49,73635,15.83,2026-09-17
JISLJALEQS,EQ,29.07,31.37,29.0,30.2,29.07,13543422,4110.62,2026-09-17
JITFINFRA,EQ,278.0,290.0,278.0,286.4,278.0,9176,26.05,2026-09-17
JKCEMENT,EQ,4780.0,5055.0,4745.5,5027.0,4750.0,79376,3932.86,2026-09-17
JKIL,EQ,480.4,483.45,472.05,475.55,480.4,58033,275.84,2026-09-17
JKIPL,EQ,97.95,97.95,94.75,96.2,96.72,2986,2.86,2026-09-17
JKLAKSHMI,EQ,505.0,510.8,504.05,510.4,507.65,49669,252.36,2026-09-17
JKPAPER,EQ,418.0,442.0,414.0,418.05,417.35,1832851,7867.2,2026-09-17
JKTYRE,EQ,344.5,349.5,343.7,348.55,343.3,310543,1077.23,2026-09-17
JLHL,EQ,278.2,280.55,272.2,277.75,276.85,148183,408.48,2026-09-17
JMA,EQ,90.0,91.65,89.31,90.29,90.3,9935,8.98,2026-09-17
JMFINANCIL,EQ,121.45,123.2,121.0,122.51,120.46,1550618,1894.29,2026-09-17
JNKINDIA,EQ,405.05,415.45,405.0,411.95,407.2,43671,179.88,2026-09-17
JNPR,EQ,262.0,264.0,251.7,257.2,261.8,770412,1980.02,2026-09-17
JOCIL,EQ,142.7,150.9,138.1,147.04,143.0,6169,9.05,2026-09-17
JPOLYINVST,EQ,982.05,993.7,970.0,982.25,983.7,2186,21.52,2026-09-17
JPPOWER,EQ,15.4,15.62,15.21,15.26,15.41,43904442,6763.62,2026-09-17
JSFB,EQ,510.1,534.75,503.75,520.1,506.6,1866297,9767.2,2026-09-17
JSL,EQ,730.0,742.7,721.85,724.45,730.85,1286776,9400.66,2026-09-17
JSLL,EQ,497.05,503.8,487.75,490.75,497.05,252582,1247.07,2026-09-17
JSWCEMENT,EQ,116.5,117.24,115.85,116.64,116.52,915141,1066.59,2026-09-17
JSWDULUX,EQ,3061.0,3094.2,3052.3,3074.0,3082.0,7492,230.23,2026-09-17
JSWENERGY,EQ,505.0,514.0,504.6,512.0,504.7,1016989,5189.14,2026-09-17
JSWHL,EQ,10948.0,11269.0,10803.0,11146.0,10935.0,3694,408.1,2026-09-17
JSWINFRA,EQ,325.55,329.45,322.8,326.65,325.55,1990569,6506.95,2026-09-17
JSWSTEEL,EQ,1248.9,1260.0,1242.1,1253.4,1248.9,1351578,16902.52,2026-09-17
JTEKTINDIA,EQ,117.29,119.6,117.29,118.87,117.12,84316,100.14,2026-09-17
JTLIND,EQ,85.0,87.65,83.8,87.32,84.6,2352512,2029.51,2026-09-17
JUBLCPL,EQ,2085.1,2128.0,2002.0,2020.4,2096.4,13155,270.07,2026-09-17
JUBLFOOD,EQ,469.95,486.75,467.35,480.2,471.0,817225,3929.27,2026-09-17
JUBLINGREA,EQ,624.9,638.5,624.9,633.25,631.95,115209,727.89,2026-09-17
JUBLPHARMA,EQ,1002.0,1025.9,997.05,1012.1,1002.5,87805,892.47,2026-09-17
JUNIORBEES,EQ,767.96,773.4,761.0,771.94,764.82,212891,1637.05,2026-09-17
JUNIPER,EQ,219.0,219.07,214.53,215.44,214.32,123941,268.7,2026-09-17
JUSTDIAL,EQ,668.35,677.95,665.0,674.05,673.7,79512,533.98,2026-09-17
JWL,EQ,228.67,233.76,228.67,231.23,228.67,562055,1299.04,2026-09-17
JYOTHYLAB,EQ,195.35,198.0,193.38,193.84,195.41,233311,454.56,2026-09-17
JYOTICNC,EQ,963.05,1007.1,960.95,980.85,967.7,491500,4862.69,2026-09-17
JYOTIRES,EQ,832.0,845.95,831.05,837.9,839.45,2099,17.61,2026-09-17
JYOTISTRUC,EQ,9.01,9.19,8.92,9.11,9.02,3317616,301.47,2026-09-17
KABRAEXTRU,EQ,628.05,648.0,623.55,632.75,628.1,162222,1033.27,2026-09-17
KAJARIACER,EQ,1215.0,1224.4,1210.0,1217.2,1215.9,78492,956.43,2026-09-17
KAKATCEM,EQ,108.44,109.7,107.1,108.23,108.44,804,0.87,2026-09-17
KALAMANDIR,EQ,77.78,78.8,76.55,76.79,77.78,554742,428.21,2026-09-17
KALPATARU,EQ,260.0,261.4,255.2,257.2,256.3,29902,77.25,2026-09-17
KALYANKJIL,EQ,580.0,592.5,578.5,581.45,580.9,5395166,31578.02,2026-09-17
KAMAHOLD,EQ,2240.0,2297.0,2240.0,2278.8,2249.9,3479,78.89,2026-09-17
KAMANWALA,EQ,17.95,17.95,16.5,16.5,17.24,2130,0.35,2026-09-17
KAMATHOTEL,EQ,209.7,224.0,209.46,219.45,209.88,55950,121.12,2026-09-17
KAMOPAINTS,EQ,4.28,4.4,4.21,4.35,4.21,106639,4.63,2026-09-17
KANANIIND,EQ,1.44,1.53,1.39,1.41,1.42,169039,2.46,2026-09-17
KANCHI,EQ,388.5,393.4,386.0,389.0,388.5,74,0.29,2026-09-17
KANCOTEA,EQ,52.31,56.39,52.31,55.62,55.3,34,0.02,2026-09-17
KANOHAR,EQ,768.7,884.95,765.5,817.0,751.5,23002741,191644.6,2026-09-17
KANPRPLA,EQ,260.0,267.95,257.1,259.75,265.85,14133,36.99,2026-09-17
KANSAINER,EQ,184.65,186.4,183.0,184.2,184.81,135649,250.44,2026-09-17
KAPSTON,EQ,572.5,593.0,572.5,577.3,577.15,50003,292.71,2026-09-17
KARAMTARA,EQ,320.0,352.0,320.0,352.0,254.0,27433507,93194.56,2026-09-17
KARMAENG,EQ,39.65,41.69,39.24,39.91,38.72,39008,15.83,2026-09-17
KARURVYSYA,EQ,334.8,337.5,330.35,331.5,334.8,725600,2423.11,2026-09-17
KAVDEFENCE,EQ,72.61,76.7,70.3,71.64,73.43,673182,496.32,2026-09-17
KAYNES,EQ,3402.0,3562.0,3395.0,3520.0,3385.0,1242077,43762.11,2026-09-17
KCP,EQ,158.64,161.84,157.3,157.92,158.64,54504,86.53,2026-09-17
KDDL,EQ,3830.7,3901.9,3802.2,3837.6,3819.0,10099,391.26,2026-09-17
KDGREEN,EQ,47.46,49.97,46.62,49.46,46.87,32704,15.93,2026-09-17
KEC,EQ,397.55,405.3,397.45,401.95,397.55,453424,1824.81,2026-09-17
KECL,EQ,118.11,122.22,115.96,119.42,120.02,84728,100.94,2026-09-17
KEEPLEARN,EQ,1.91,1.91,1.81,1.84,1.83,12300,0.23,2026-09-17
KEI,EQ,4498.0,4561.0,4463.5,4560.0,4506.0,218838,9907.77,2026-09-17
KELLTONTEC,EQ,13.53,13.75,13.37,13.57,13.5,1690878,228.94,2026-09-17
KENNAMET,EQ,4156.0,4430.0,4156.0,4321.6,4135.8,42230,1837.28,2026-09-17
KERNEX,EQ,1633.0,1735.0,1633.0,1722.6,1648.3,142463,2441.18,2026-09-17
KEYFINSERV,EQ,246.25,246.25,246.25,246.25,246.25,93,0.23,2026-09-17
KFINTECH,EQ,884.3,903.65,880.85,897.0,889.0,357777,3205.42,2026-09-17
KHAICHEM,EQ,51.25,51.25,49.56,49.97,50.47,139399,69.97,2026-09-17
KHAITANLTD,EQ,159.95,159.95,148.65,154.95,149.37,2221,3.46,2026-09-17
KHANDSE,EQ,17.89,17.9,17.26,17.58,17.5,516,0.09,2026-09-17
KICL,EQ,4815.0,4853.0,4775.0,4822.0,4779.5,537,25.91,2026-09-17
KIMS,EQ,766.65,799.05,763.05,791.85,766.65,1082406,8506.58,2026-09-17
KINGFA,EQ,5884.0,5960.0,5826.0,5855.5,5889.0,9494,560.36,2026-09-17
KIOCL,EQ,328.6,339.6,328.6,337.7,326.85,90467,303.58,2026-09-17
KIRANVYPAR,EQ,207.96,213.1,200.0,207.0,200.09,12978,27.17,2026-09-17
KIRIINDUS,EQ,513.0,543.5,512.85,535.45,513.4,634854,3394.94,2026-09-17
KIRLFER,EQ,474.0,477.0,470.3,474.35,470.9,68163,323.49,2026-09-17
KIRLOSBROS,EQ,1720.0,1776.0,1716.0,1770.8,1724.7,28378,498.56,2026-09-17
KIRLOSENG,EQ,2036.0,2159.0,2025.1,2120.6,2040.5,663959,14073.85,2026-09-17
KIRLOSIND,EQ,3807.3,3833.1,3752.0,3780.6,3770.2,6731,255.08,2026-09-17
KIRLPNU,EQ,699.9,700.0,681.0,693.85,695.2,95454,662.95,2026-09-17
KISSHT,EQ,341.0,366.8,330.0,359.95,342.65,2725240,9741.0,2026-09-17
KITEX,EQ,118.5,121.0,117.81,120.58,118.58,348505,417.72,2026-09-17
KJMCFIN,EQ,63.99,63.99,60.5,61.02,62.57,593,0.37,2026-09-17
KKCL,EQ,485.55,496.45,485.55,489.65,485.55,23705,116.27,2026-09-17
KLBRENG-B,EQ,465.0,470.45,457.05,460.1,462.65,73999,342.6,2026-09-17
KMCSHIL,EQ,146.92,160.39,144.47,156.74,146.93,5686607,8856.8,2026-09-17
KMEW,EQ,2710.0,2850.0,2710.0,2828.1,2708.7,64061,1799.95,2026-09-17
KMSUGAR,EQ,29.01,29.21,28.25,28.44,28.63,104471,29.85,2026-09-17
KNACK,EQ,180.24,185.12,180.2,184.16,179.69,595577,1094.77,2026-09-17
KNAGRI,EQ,180.08,205.0,180.08,202.24,180.25,17508,34.46,2026-09-17
KNRCON,EQ,121.82,125.42,120.1,120.86,121.82,4429969,5436.3,2026-09-17
KOHINOOR,EQ,31.7,32.38,30.5,31.2,31.36,114143,36.06,2026-09-17
KOKUYOCMLN,EQ,76.7,77.79,76.02,76.21,76.6,9761,7.48,2026-09-17
KOLTEPATIL,EQ,432.4,436.45,425.65,433.1,429.05,41920,181.02,2026-09-17
KOPRAN,EQ,261.4,271.0,260.2,268.59,260.86,3137443,8349.55,2026-09-17
KOTAKBANK,EQ,415.0,417.6,412.5,416.5,415.0,11475105,47622.07,2026-09-17
KOTHARIPET,EQ,134.39,134.46,131.6,132.64,133.03,49247,65.37,2026-09-17
KOTHARIPRO,EQ,66.0,66.0,60.75,64.09,64.14,6798,4.33,2026-09-17
KOTIC,EQ,137.95,142.39,131.0,135.69,133.61,51566,71.04,2026-09-17
KOVAI,EQ,6118.5,6190.0,6031.0,6112.0,6088.0,3567,218.9,2026-09-17
KPEL,EQ,209.6,213.96,209.0,212.48,210.32,130224,274.83,2026-09-17
KPIGREEN,EQ,274.8,279.5,272.8,278.75,276.35,288223,799.96,2026-09-17
KPIL,EQ,1403.5,1417.5,1390.1,1399.3,1390.9,231336,3243.12,2026-09-17
KPITTECH,EQ,556.2,560.95,552.5,559.3,555.0,599882,3344.06,2026-09-17
KPL,EQ,3372.0,3485.0,3346.3,3452.1,3356.0,21503,737.71,2026-09-17
KPRMILL,EQ,1120.2,1128.9,1090.0,1095.4,1121.4,198809,2194.37,2026-09-17
KRBL,EQ,395.0,400.1,392.9,395.4,394.85,248080,982.29,2026-09-17
KREBSBIO,EQ,55.65,57.6,55.1,55.48,55.65,4118,2.3,2026-09-17
KRIDHANINF,EQ,1.89,1.9,1.8,1.82,1.89,72421,1.34,2026-09-17
KRISHANA,EQ,184.13,184.38,180.98,182.04,183.67,423003,771.85,2026-09-17
KRISHIVAL,EQ,420.0,420.0,405.0,409.45,419.4,32644,134.65,2026-09-17
KRISHNADEF,EQ,1001.1,1030.0,995.8,1010.3,1002.4,54695,551.28,2026-09-17
KRITI,EQ,62.21,62.21,58.71,59.95,61.91,16133,9.64,2026-09-17
KRITIKA,EQ,5.11,5.25,5.11,5.17,5.17,70621,3.65,2026-09-17
KRITINUT,EQ,79.9,81.5,79.1,80.45,80.3,3370,2.72,2026-09-17
KRN,EQ,1430.0,1453.0,1371.8,1392.8,1438.3,676289,9512.77,2026-09-17
KROSS,EQ,225.81,243.8,224.85,242.05,225.86,1745433,4157.36,2026-09-17
KRSNAA,EQ,563.9,598.0,530.25,541.05,536.4,3267030,18417.33,2026-09-17
KRYSTAL,EQ,655.6,696.9,636.8,674.9,655.6,185098,1245.83,2026-09-17
KSB,EQ,764.85,779.8,761.0,777.8,764.85,62789,485.46,2026-09-17
KSCL,EQ,690.0,711.0,689.0,703.35,690.45,53950,379.7,2026-09-17
KSE,EQ,176.25,180.55,174.85,177.33,176.35,17970,31.98,2026-09-17
KSHINTL,EQ,1058.95,1092.4,1038.45,1045.55,1060.35,387798,4120.22,2026-09-17
KSHITIJPOL,EQ,4.01,4.02,4.01,4.01,3.83,9656251,388.03,2026-09-17
KSL,EQ,952.0,1002.8,952.0,970.55,952.0,309254,3048.16,2026-09-17
KSOLVES,EQ,259.0,263.0,252.55,259.75,255.75,28119,72.27,2026-09-17
KSR,EQ,47.99,48.84,44.2,44.3,46.52,93873,44.38,2026-09-17
KTKBANK,EQ,318.0,323.0,309.85,313.9,318.2,1702377,5355.14,2026-09-17
KUANTUM,EQ,75.5,77.9,75.5,76.07,75.69,69765,53.42,2026-09-17
KUSUMGAR,EQ,547.0,562.5,547.0,551.5,549.2,186226,1028.0,2026-09-17
KWIL,EQ,41.35,41.79,39.6,39.91,41.32,9862678,4002.58,2026-09-17
LAGNAM,EQ,73.4,73.4,69.15,70.24,71.3,5718,4.04,2026-09-17
LAHOTIOV,EQ,40.0,40.49,39.31,39.31,40.43,200,0.08,2026-09-17
LAKSHMIMIL,EQ,7850.0,7969.0,7850.0,7968.5,7850.0,5,0.4,2026-09-17
LAL,EQ,8.85,8.91,8.26,8.54,8.77,33047,2.81,2026-09-17
LALITHAA,EQ,295.0,299.7,290.4,290.4,305.65,5186628,15207.89,2026-09-17
LALPATHLAB,EQ,1890.6,1941.1,1888.0,1924.7,1895.7,354166,6805.9,2026-09-17
LAMBODHARA,EQ,121.4,121.4,117.0,118.74,117.76,8833,10.49,2026-09-17
LANCER,EQ,12.23,12.82,12.2,12.39,12.23,193860,24.19,2026-09-17
LANDMARK,EQ,470.95,495.0,467.05,492.1,476.6,134708,650.94,2026-09-17
LANDSMILL,EQ,0.57,0.58,0.56,0.56,0.57,1100551,6.29,2026-09-17
LAOPALA,EQ,156.45,158.03,155.4,156.13,156.01,218566,342.19,2026-09-17
LARGEMID50,EQ,35.22,35.52,35.22,35.31,35.19,1283,0.45,2026-09-17
LASERPOWER,EQ,270.8,274.65,266.65,269.0,270.8,411450,1112.0,2026-09-17
LATENTVIEW,EQ,253.45,255.9,251.9,255.0,252.15,292457,741.17,2026-09-17
LATTEYS,EQ,21.39,21.39,20.34,20.76,20.65,30603,6.31,2026-09-17
LAURUSLABS,EQ,1898.0,1964.5,1894.8,1948.1,1905.5,1645108,32025.05,2026-09-17
LAXMICOT,EQ,13.76,13.76,12.67,13.08,13.22,6581,0.88,2026-09-17
LAXMIDENTL,EQ,195.66,201.1,195.66,198.23,195.43,28958,57.49,2026-09-17
LAXMIINDIA,EQ,121.16,124.61,119.2,123.61,119.85,107146,131.81,2026-09-17
LCCINFOTEC,EQ,3.28,3.28,3.13,3.28,3.13,29606,0.97,2026-09-17
LCCPROJECT,EQ,189.0,189.0,170.1,170.1,146.0,22468435,40353.77,2026-09-17
LCL,EQ,523.1,544.0,516.0,524.95,523.8,327586,1746.74,2026-09-17
LEAPIND,EQ,134.25,139.0,133.78,136.31,134.71,2323727,3185.84,2026-09-17
LEMERITE,EQ,18.23,19.79,18.23,18.74,19.18,346174,63.4,2026-09-17
LEMONTREE,EQ,103.2,105.14,103.2,104.06,103.26,1684840,1754.52,2026-09-17
LENSKART,EQ,678.0,691.6,672.15,679.95,675.85,5163552,35363.93,2026-09-17
LEXUS,EQ,14.0,14.0,13.16,13.27,13.52,4906,0.66,2026-09-17
LFIC,EQ,130.46,141.24,130.0,135.41,131.3,6724,9.08,2026-09-17
LGBBROSLTD,EQ,1702.1,1745.9,1698.2,1718.5,1706.7,30530,526.19,2026-09-17
LGEINDIA,EQ,1624.0,1677.1,1617.9,1652.9,1628.2,398578,6610.84,2026-09-17
LGHL,EQ,187.17,188.0,185.2,185.56,187.04,6600,12.33,2026-09-17
LIBAS,EQ,11.47,12.6,11.32,12.0,11.47,205702,24.7,2026-09-17
LIBERTSHOE,EQ,219.8,221.12,215.1,216.0,217.94,12325,26.85,2026-09-17
LICHSGFIN,EQ,542.05,554.55,541.05,545.9,543.0,3377564,18519.21,2026-09-17
LICI,EQ,395.5,406.0,392.55,400.0,395.5,7410477,29686.23,2026-09-17
LICMFGOLD,EQ,135.25,136.55,134.25,135.3,135.6,151724,205.36,2026-09-17
LICNETFGSC,EQ,29.45,29.45,29.2,29.26,29.2,2724,0.8,2026-09-17
LICNETFN50,EQ,259.98,262.81,259.98,261.77,259.85,144,0.38,2026-09-17
LICNFNHGP,EQ,275.01,275.01,268.0,271.47,275.01,303,0.82,2026-09-17
LICNMID100,EQ,60.8,62.39,60.8,62.0,60.84,3565,2.2,2026-09-17
LIKHITHA,EQ,228.9,228.9,219.32,222.63,227.33,42097,94.19,2026-09-17
LINC,EQ,92.5,94.46,90.0,91.26,90.37,19380,17.71,2026-09-17
LINCOLN,EQ,589.4,607.2,587.9,600.7,590.7,40723,244.65,2026-09-17
LINDEINDIA,EQ,6100.0,6148.0,6047.5,6094.5,6089.5,29616,1804.03,2026-09-17
LIQGRWBEES,EQ,1058.45,1063.44,1051.89,1055.78,1055.64,440338,4648.96,2026-09-17
LIQUID,EQ,1000.0,1000.0,999.99,999.99,999.99,250770,2507.69,2026-09-17
LIQUID1,EQ,1122.94,1122.96,1122.94,1122.94,1122.81,1080738,12136.15,2026-09-17
LIQUIDADD,EQ,1145.02,1145.04,1145.02,1145.02,1144.88,284924,3262.47,2026-09-17
LIQUIDBEES,EQ,1000.0,1000.01,999.99,999.99,999.99,2962685,29626.72,2026-09-17
LIQUIDBETA,EQ,1008.29,1008.29,1008.27,1008.29,1008.16,541,5.45,2026-09-17
LIQUIDBETF,EQ,1099.06,1099.08,1099.06,1099.06,1098.94,228189,2507.94,2026-09-17
LIQUIDCASE,EQ,115.94,115.96,115.94,115.95,115.93,25771011,29882.71,2026-09-17
LIQUIDETF,EQ,1000.0,1000.01,999.99,999.99,999.99,71901,719.01,2026-09-17
LIQUIDIETF,EQ,1000.01,1000.01,999.99,999.99,999.99,368412,3684.12,2026-09-17
LIQUIDPLUS,EQ,1103.46,1103.48,1103.46,1103.47,1103.32,148108,1634.33,2026-09-17
LIQUIDSBI,EQ,999.99,1000.01,999.99,1000.01,1000.0,14603,146.03,2026-09-17
LIQUIDSHRI,EQ,1121.72,1121.74,1121.72,1121.72,1121.58,11007,123.47,2026-09-17
LKPSEC,EQ,14.71,15.23,14.71,15.06,15.03,728,0.11,2026-09-17
LLOYDSENGG,EQ,79.3,81.2,79.3,80.2,80.02,2627679,2113.75,2026-09-17
LLOYDSENT,EQ,66.6,68.55,66.6,67.0,66.96,1075798,726.2,2026-09-17
LLOYDSME,EQ,1813.0,1831.7,1792.1,1799.3,1812.3,200722,3645.06,2026-09-17
LMW,EQ,17577.0,18327.0,17558.0,18170.0,17617.0,6056,1094.43,2026-09-17
LODHA,EQ,1080.0,1116.9,1078.0,1103.1,1087.4,2157472,23702.5,2026-09-17
LOKESHMACH,EQ,345.6,354.35,342.0,343.3,348.25,21296,74.11,2026-09-17
LORDSCHLO,EQ,135.5,135.84,131.13,132.78,133.49,7275,9.65,2026-09-17
LOTUSCHO,EQ,566.9,570.0,550.0,568.85,561.7,973,5.48,2026-09-17
LOTUSEYE,EQ,113.3,115.95,112.5,113.12,114.94,2719,3.08,2026-09-17
LOVABLE,EQ,70.0,71.49,68.5,70.38,69.75,9100,6.4,2026-09-17
LOWVOL,EQ,199.07,200.04,198.9,199.88,199.39,2030,4.05,2026-09-17
LOWVOL1,EQ,20.34,20.48,20.3,20.34,20.23,3967,0.81,2026-09-17
LOWVOLIETF,EQ,21.71,21.71,21.29,21.36,21.28,472478,100.94,2026-09-17
LOYALTEX,EQ,210.0,210.0,204.06,207.0,209.99,123,0.26,2026-09-17
LPDC,EQ,6.12,6.29,6.05,6.1,6.12,21167,1.29,2026-09-17
LT,EQ,3811.0,3875.0,3811.0,3836.2,3807.7,1319415,50823.23,2026-09-17
LTF,EQ,295.3,304.05,293.5,302.3,295.5,3499657,10518.54,2026-09-17
LTFOODS,EQ,418.35,424.0,415.4,421.9,417.75,232925,980.7,2026-09-17
LTGILTBEES,EQ,29.77,29.77,29.66,29.68,29.7,340430,101.03,2026-09-17
LTGILTCASE,EQ,30.89,30.89,30.18,30.27,30.28,152684,46.19,2026-09-17
LTM,EQ,4233.0,4294.9,4180.0,4265.3,4233.0,225747,9594.64,2026-09-17
LTTS,EQ,3351.5,3377.0,3307.3,3324.3,3351.5,51724,1726.07,2026-09-17
LUMAXIND,EQ,5712.0,5799.5,5701.0,5724.0,5760.5,6009,345.03,2026-09-17
LUMAXTECH,EQ,1941.8,2035.0,1933.0,2018.0,1941.8,153301,3062.12,2026-09-17
LUMINO,EQ,100.1,108.6,98.51,107.14,100.29,20758824,21668.82,2026-09-17
LUPIN,EQ,2052.6,2098.1,2046.3,2098.1,2045.0,525909,10914.76,2026-09-17
LUXIND,EQ,1040.0,1050.8,1036.1,1042.5,1032.4,29567,308.37,2026-09-17
LXCHEM,EQ,170.35,183.9,170.35,179.23,171.73,2486902,4468.86,2026-09-17
M&M,EQ,3047.0,3127.8,3047.0,3076.5,3070.0,1875308,58174.86,2026-09-17
M&MFIN,EQ,345.15,352.5,343.25,345.7,345.05,1682084,5820.35,2026-09-17
MAANALU,EQ,104.4,105.59,101.22,102.89,103.41,75997,78.71,2026-09-17
MACPOWER,EQ,1889.6,2010.0,1831.0,1921.6,1889.6,94021,1828.9,2026-09-17
MADHAV,EQ,36.0,36.0,34.5,34.5,34.5,713,0.25,2026-09-17
MADHAVIPL,EQ,7.97,7.97,7.42,7.59,7.69,83118,6.34,2026-09-17
MADRASFERT,EQ,61.2,61.75,60.32,61.16,60.27,39547,24.19,2026-09-17
MAFANG,EQ,235.0,241.78,229.8,237.77,232.48,651437,1554.58,2026-09-17
MAFATIND,EQ,121.61,121.85,120.05,120.9,120.41,14704,17.75,2026-09-17
MAGADSUGAR,EQ,504.0,512.35,496.2,508.15,505.7,18567,93.68,2026-09-17
MAGNUM,EQ,19.2,20.15,18.52,19.53,18.94,112587,21.97,2026-09-17
MAHABANK,EQ,80.29,83.4,80.21,80.8,80.21,16454084,13444.12,2026-09-17
MAHAPEXLTD,EQ,54.0,56.01,54.0,55.26,54.88,2454,1.36,2026-09-17
MAHEPC,EQ,103.49,103.49,101.11,101.99,101.18,2687,2.74,2026-09-17
MAHESHWARI,EQ,71.47,71.47,68.28,70.0,71.48,10004,6.99,2026-09-17
MAHKTECH,EQ,22.03,22.4,21.5,21.84,21.5,1036306,228.27,2026-09-17
MAHLIFE,EQ,344.15,366.8,342.95,363.7,344.15,157306,562.87,2026-09-17
MAHLOG,EQ,385.1,392.8,385.05,389.55,386.8,34419,133.98,2026-09-17
MAHSCOOTER,EQ,13123.0,13247.0,13101.0,13151.0,13123.0,1641,215.85,2026-09-17
MAHSEAMLES,EQ,699.2,726.0,692.95,720.2,692.95,436705,3124.86,2026-09-17
MAITHANALL,EQ,1026.95,1047.0,1009.9,1027.45,994.45,163731,1681.84,2026-09-17
MAKEINDIA,EQ,162.24,162.24,159.43,161.14,159.39,37857,60.89,2026-09-17
MAKERSL,EQ,184.0,187.98,180.98,185.13,177.92,1424,2.65,2026-09-17
MALLCOM,EQ,945.0,958.0,945.0,949.95,924.3,550,5.24,2026-09-17
MALUPAPER,EQ,32.39,33.89,31.9,31.97,31.66,23457,7.65,2026-09-17
MAMATA,EQ,390.1,398.0,389.7,393.9,391.55,24366,95.85,2026-09-17
MANAKALUCO,EQ,34.29,36.11,34.29,35.81,35.0,28922,10.32,2026-09-17
MANAKCOAT,EQ,124.71,132.4,124.51,129.69,125.96,1267746,1642.78,2026-09-17
MANAKSIA,EQ,63.8,67.69,63.25,64.05,64.41,72388,47.22,2026-09-17
MANALIPETC,EQ,82.38,83.43,81.15,82.3,82.37,892492,736.06,2026-09-17
MANAPPURAM,EQ,318.85,322.15,315.0,316.05,319.9,2149995,6832.76,2026-09-17
MANBA,EQ,131.32,134.4,130.78,133.76,130.67,78718,104.35,2026-09-17
MANCREDIT,EQ,213.74,220.58,212.63,218.0,215.24,179068,389.47,2026-09-17
MANGALAM,EQ,31.55,33.45,31.51,31.97,31.98,29244,9.49,2026-09-17
MANGLMCEM,EQ,988.8,1047.0,985.1,1035.2,988.8,67186,685.76,2026-09-17
MANINDS,EQ,788.05,836.0,785.8,823.0,790.3,1087714,8911.17,2026-09-17
MANINFRA,EQ,122.5,126.59,122.5,125.71,124.23,1602110,1995.79,2026-09-17
MANIPALHOS,EQ,714.4,734.45,711.7,721.55,714.6,615733,4459.44,2026-09-17
MANKIND,EQ,2252.7,2308.8,2242.1,2300.0,2246.0,488064,11095.39,2026-09-17
MANOMAY,EQ,227.89,227.89,221.85,223.55,223.85,64820,145.21,2026-09-17
MANORAMA,EQ,1907.1,1959.2,1903.7,1939.1,1916.4,117554,2278.85,2026-09-17
MANORG,EQ,458.4,465.8,440.0,448.9,451.05,35097,158.64,2026-09-17
MANUFGBEES,EQ,158.0,161.0,157.79,160.03,157.61,2092,3.33,2026-09-17
MANUGRAPH,EQ,15.25,15.44,14.62,15.19,15.14,4111,0.61,2026-09-17
MANYAVAR,EQ,554.65,572.3,548.75,567.6,554.7,131051,743.68,2026-09-17
MAPMYINDIA,EQ,884.9,897.8,881.0,889.8,883.1,70478,626.65,2026-09-17
MARALOVER,EQ,58.12,61.4,58.12,59.59,59.42,7533,4.52,2026-09-17
MARATHON,EQ,415.05,417.45,410.4,414.15,415.05,36537,151.37,2026-09-17
MARICO,EQ,810.15,826.3,810.15,817.0,810.15,1761636,14445.75,2026-09-17
MARINE,EQ,372.9,384.35,370.55,373.15,373.3,435723,1639.28,2026-09-17
MARKOLINES,EQ,170.5,174.33,170.0,172.84,170.59,215118,372.12,2026-09-17
MARKSANS,EQ,315.95,322.5,312.95,319.7,316.45,1104335,3520.69,2026-09-17
MARSONS,EQ,121.75,127.95,121.01,121.67,121.54,1499002,1838.55,2026-09-17
MARUTI,EQ,12165.0,12409.0,12127.0,12338.0,12166.0,249064,30684.15,2026-09-17
MASFIN,EQ,288.05,292.9,282.85,286.9,288.05,421158,1206.89,2026-09-17
MASKINVEST,EQ,137.0,137.0,137.0,137.0,142.4,39,0.05,2026-09-17
MASPTOP50,EQ,100.62,105.0,96.68,103.83,98.65,1126886,1161.83,2026-09-17
MASTEK,EQ,1630.3,1650.0,1617.2,1630.1,1633.1,54148,882.1,2026-09-17
MASTERTR,EQ,85.29,90.5,84.85,87.47,85.38,446576,392.67,2026-09-17
MATRIMONY,EQ,531.7,546.0,520.8,530.8,533.4,32549,174.91,2026-09-17
MAWANASUG,EQ,126.0,128.0,123.63,125.54,125.16,80447,100.75,2026-09-17
MAXESTATES,EQ,570.5,584.0,566.35,577.6,572.1,113120,654.7,2026-09-17
MAXHEALTH,EQ,1022.1,1045.7,1021.1,1037.0,1025.0,1117711,11585.23,2026-09-17
MAXIND,EQ,140.33,141.99,139.06,140.19,139.64,37038,51.94,2026-09-17
MAYURUNIQ,EQ,741.2,769.85,737.65,750.0,741.2,102554,777.24,2026-09-17
MAZDOCK,EQ,2249.1,2264.9,2176.0,2210.0,2231.9,1560226,34451.2,2026-09-17
MBAPL,EQ,159.82,168.49,158.86,163.9,159.82,1856013,3056.14,2026-09-17
MBEL,EQ,254.8,259.95,247.2,251.4,254.4,420146,1057.11,2026-09-17
MBLINFRA,EQ,22.25,22.85,21.4,22.19,22.14,36249,7.94,2026-09-17
MCCHRLS-B,EQ,690.0,700.0,650.0,659.75,660.0,4694,30.98,2026-09-17
MCL,EQ,55.5,55.8,54.41,54.74,54.96,27735,15.24,2026-09-17
MCLEODRUSS,EQ,43.35,43.75,41.62,42.22,42.55,259354,110.2,2026-09-17
MCLOUD,EQ,25.36,25.58,25.1,25.19,25.17,702570,177.9,2026-09-17
MCX,EQ,3201.1,3304.0,3180.1,3265.2,3211.2,1530935,49925.58,2026-09-17
MEDANTA,EQ,1409.5,1438.3,1404.2,1424.0,1404.6,152324,2166.69,2026-09-17
MEDIASSIST,EQ,314.6,325.2,310.5,321.15,312.5,65756,209.98,2026-09-17
MEDICAMEQ,EQ,345.5,363.9,340.05,346.3,345.5,128639,455.45,2026-09-17
MEDICAPQ,EQ,25.8,25.8,24.52,24.81,25.81,15631,3.9,2026-09-17
MEDICO,EQ,35.9,38.4,34.65,36.34,35.33,251738,90.05,2026-09-17
MEDPLUS,EQ,655.0,669.0,652.0,654.0,656.1,122132,802.36,2026-09-17
MEESHO,EQ,213.0,213.07,206.75,207.31,213.26,7638011,15951.08,2026-09-17
MEGASTAR,EQ,288.0,288.0,276.45,278.75,277.75,51986,146.0,2026-09-17
MEIL,EQ,273.9,281.0,268.0,270.3,268.6,37480,102.38,2026-09-17
MERCANTILE,EQ,22.98,22.98,22.02,22.47,22.13,155,0.04,2026-09-17
MERCURYEV,EQ,39.41,42.24,39.05,40.84,39.08,1438388,587.49,2026-09-17
METAL,EQ,13.2,13.2,12.85,13.0,12.88,2934238,380.57,2026-09-17
METALIETF,EQ,12.88,12.99,12.81,12.97,12.85,2907242,375.69,2026-09-17
METROBRAND,EQ,955.0,955.25,937.55,950.45,948.3,23902,226.48,2026-09-17
METROGLOBL,EQ,132.01,137.0,132.01,134.5,132.0,299,0.4,2026-09-17
METROPOLIS,EQ,580.55,590.1,577.55,586.3,580.85,129759,756.59,2026-09-17
MFML,EQ,19.4,19.4,18.6,18.66,19.34,60,0.01,2026-09-17
MFSL,EQ,1480.1,1569.5,1473.6,1554.0,1487.6,958344,14767.25,2026-09-17
MGEL,EQ,16.8,16.9,15.5,15.52,15.6,2126371,332.23,2026-09-17
MGL,EQ,1073.8,1079.9,1065.0,1071.2,1080.1,66861,717.23,2026-09-17
MHRIL,EQ,193.3,198.75,191.66,195.17,193.51,138980,272.58,2026-09-17
MID150,EQ,22.99,23.01,22.82,22.93,22.88,635762,145.87,2026-09-17
MID150BEES,EQ,232.0,234.5,230.59,233.43,232.0,467925,1092.18,2026-09-17
MID150CASE,EQ,11.53,11.53,11.23,11.37,11.3,778742,88.42,2026-09-17
MIDBANKADD,EQ,17.27,17.27,17.1,17.14,17.22,6401,1.1,2026-09-17
MIDCAP,EQ,18.01,18.21,17.93,18.13,18.01,133637,24.21,2026-09-17
MIDCAPADD,EQ,22.7,22.7,22.47,22.67,22.7,18839,4.26,2026-09-17
MIDCAPBETA,EQ,226.62,228.98,225.55,227.67,226.47,26478,60.36,2026-09-17
MIDCAPETF,EQ,22.8,23.43,22.8,23.1,22.97,1380411,318.59,2026-09-17
MIDCAPIETF,EQ,22.64,23.5,22.64,23.41,23.23,576797,134.72,2026-09-17
MIDHANI,EQ,401.25,410.9,398.7,407.85,399.25,805297,3268.25,2026-09-17
MIDQ50ADD,EQ,24.07,24.22,23.93,24.19,24.07,8990,2.17,2026-09-17
MIDSELIETF,EQ,19.28,19.5,19.26,19.43,19.31,408836,79.51,2026-09-17
MIDSMALL,EQ,50.78,50.9,50.3,50.85,50.31,135992,68.98,2026-09-17
MIDWESTLTD,EQ,983.8,1020.0,951.0,976.2,975.3,54062,525.99,2026-09-17
MIIL,EQ,664.95,690.8,651.0,689.0,663.0,156055,1066.76,2026-09-17
MILKYMIST,EQ,276.01,282.7,270.06,274.76,276.23,3974674,10973.18,2026-09-17
MINDACORP,EQ,671.55,687.05,665.45,681.25,671.55,191985,1300.17,2026-09-17
MINDTECK,EQ,155.0,162.91,153.1,156.84,154.47,16511,25.93,2026-09-17
MIRZAINT,EQ,29.22,29.79,29.2,29.54,29.02,41813,12.31,2026-09-17
MITCON,EQ,79.3,82.3,79.28,80.23,80.26,6598,5.27,2026-09-17
MITTAL,EQ,0.77,0.78,0.75,0.76,0.77,1418772,10.85,2026-09-17
MKEXIM,EQ,66.94,67.9,64.2,67.23,65.17,26545,17.61,2026-09-17
MKPL,EQ,4.05,4.2,3.99,4.07,4.03,124924,5.09,2026-09-17
MLKFOOD,EQ,79.0,82.0,78.11,79.12,75.59,8363,6.7,2026-09-17
MMFL,EQ,609.5,632.15,604.85,618.6,606.95,70892,440.54,2026-09-17
MMP,EQ,458.85,473.95,458.85,465.7,456.35,59161,276.72,2026-09-17
MMTC,EQ,60.0,60.74,59.75,60.14,59.8,541027,325.44,2026-09-17
MMWL,EQ,13.0,13.75,12.59,13.04,13.12,20551,2.68,2026-09-17
MNC,EQ,32.0,32.7,31.92,32.29,32.09,18692,6.03,2026-09-17
MOALPHA50,EQ,54.46,55.07,54.46,55.06,54.34,2418,1.32,2026-09-17
MOBANK10,EQ,16.74,16.79,16.5,16.57,16.62,292,0.05,2026-09-17
MOBIKWIK,EQ,197.0,210.49,193.95,198.64,198.37,5392512,11017.32,2026-09-17
MOCAPITAL,EQ,52.57,53.39,52.3,53.1,52.57,864265,458.79,2026-09-17
MODEFENCE,EQ,101.5,102.17,100.0,101.87,100.52,1783984,1809.08,2026-09-17
MODINATUR,EQ,315.0,341.9,315.0,337.95,326.0,3975,13.32,2026-09-17
MODIRUBBER,EQ,119.12,125.99,118.4,123.9,119.1,763,0.93,2026-09-17
MODIS,EQ,354.7,358.95,346.1,349.05,352.7,11294,39.72,2026-09-17
MODTHREAD,EQ,50.94,50.94,49.0,50.35,51.45,3135,1.57,2026-09-17
MOENERGY,EQ,37.5,37.7,37.38,37.53,37.45,65244,24.49,2026-09-17
MOGOLD,EQ,149.25,149.6,147.75,148.95,149.35,15719,23.41,2026-09-17
MOGSEC,EQ,64.61,65.5,64.55,65.38,64.82,670,0.44,2026-09-17
MOHEALTH,EQ,51.68,52.19,51.33,51.88,51.4,44591,23.05,2026-09-17
MOHITE,EQ,2.61,2.66,2.41,2.44,2.61,105342,2.6,2026-09-17
MOHITIND,EQ,23.3,23.99,22.56,23.2,23.23,14489,3.37,2026-09-17
MOIL,EQ,238.4,244.21,238.0,243.06,237.36,473783,1144.13,2026-09-17
MOINFRA,EQ,57.63,57.68,57.36,57.6,57.35,855,0.49,2026-09-17
MOIPO,EQ,47.48,50.9,47.45,49.84,47.48,4203,2.02,2026-09-17
MOKSH,EQ,10.0,10.0,9.9,9.95,9.93,36960,3.68,2026-09-17
MOL,EQ,57.98,61.39,57.98,59.93,58.5,786510,472.85,2026-09-17
MOLBIO,EQ,1313.5,1382.0,1272.1,1285.3,1307.0,3801397,50216.55,2026-09-17
MOLDTKPAC,EQ,663.85,669.5,659.5,661.85,661.45,23019,152.81,2026-09-17
MOLOWVOL,EQ,35.0,36.5,34.99,35.63,34.99,6873,2.42,2026-09-17
MOM100,EQ,66.11,66.7,65.72,66.41,66.11,218093,144.48,2026-09-17
MOM30IETF,EQ,30.47,30.84,30.24,30.75,30.34,432970,132.58,2026-09-17
MOM50,EQ,243.84,244.8,241.0,243.83,243.84,2526,6.17,2026-09-17
MOMENTUM,EQ,30.4,30.7,30.16,30.58,30.16,35933,10.92,2026-09-17
MOMENTUM30,EQ,29.97,30.2,29.89,30.06,29.91,171221,51.42,2026-09-17
MOMENTUM50,EQ,52.84,53.27,52.48,53.14,52.66,239860,127.2,2026-09-17
MOMETAL,EQ,12.83,12.92,12.81,12.81,12.71,2261,0.29,2026-09-17
MOMGF,EQ,157.35,160.5,156.63,158.77,156.62,1074,1.7,2026-09-17
MOMIDMTM,EQ,62.69,63.4,62.69,63.14,62.69,79088,49.99,2026-09-17
MOMMIDCAP,EQ,12.67,12.77,12.59,12.74,12.6,1344900,170.96,2026-09-17
MOMNC,EQ,32.16,32.16,31.1,31.46,31.38,2332,0.73,2026-09-17
MOMOMENTUM,EQ,60.63,61.11,60.33,60.84,60.33,211558,128.83,2026-09-17
MON100,EQ,332.0,333.75,318.02,322.43,326.77,1275524,4137.15,2026-09-17
MON50EQUAL,EQ,32.92,32.92,32.12,32.4,32.27,6362,2.06,2026-09-17
MONARCH,EQ,371.0,372.95,365.45,367.8,368.95,59529,219.5,2026-09-17
MONEXT50,EQ,73.07,73.07,70.61,71.27,71.64,2801,1.98,2026-09-17
MONEYBOXX,EQ,51.9,51.9,51.9,51.9,49.43,10440,5.42,2026-09-17
MONIFTY100,EQ,24.87,24.87,24.48,24.54,24.59,6165,1.52,2026-09-17
MONIFTY500,EQ,23.61,23.61,22.8,23.32,23.15,505785,117.58,2026-09-17
MONQ50,EQ,272.53,330.33,268.39,330.25,275.28,2080987,6648.45,2026-09-17
MONTECARLO,EQ,551.3,557.95,548.0,554.7,549.95,60859,336.75,2026-09-17
MOOILGAS,EQ,11.07,11.07,10.85,10.9,10.86,5229,0.57,2026-09-17
MOPSE,EQ,97.63,101.5,97.45,101.1,97.76,1574,1.54,2026-09-17
MOQUALITY,EQ,192.89,193.77,192.43,193.52,191.94,378,0.73,2026-09-17
MOREALTY,EQ,83.75,84.35,82.14,83.85,83.01,330304,276.03,2026-09-17
MOREPENLAB,EQ,115.0,121.3,112.62,120.56,114.73,27513682,32637.19,2026-09-17
MOSCHIP,EQ,200.0,212.8,200.0,208.06,199.16,4542544,9521.24,2026-09-17
MOSERVICE,EQ,30.11,30.19,30.0,30.0,30.11,633,0.19,2026-09-17
MOSILVER,EQ,223.8,225.06,222.54,223.98,225.55,21273,47.54,2026-09-17
MOSMALL250,EQ,17.94,18.22,17.94,18.17,17.94,713339,129.23,2026-09-17
MOTHERSON,EQ,159.02,162.84,158.66,161.87,158.27,7026483,11369.15,2026-09-17
MOTILALOFS,EQ,976.5,1004.8,976.5,988.7,976.5,819010,8139.07,2026-09-17
MOTISONS,EQ,16.37,18.5,16.2,17.94,16.62,236263034,42164.74,2026-09-17
MOTOGENFIN,EQ,25.33,25.6,24.75,24.96,25.0,19148,4.8,2026-09-17
MOTOUR,EQ,75.02,76.79,75.02,76.53,75.02,9206,7.0,2026-09-17
MOVALUE,EQ,109.92,110.97,109.41,110.36,109.92,34522,38.08,2026-09-17
MPHASIS,EQ,2304.0,2325.1,2288.0,2320.0,2316.7,261279,6020.12,2026-09-17
MPIMANIPAL,EQ,330.0,350.5,315.65,345.15,339.0,8510549,28395.03,2026-09-17
MPSLTD,EQ,2621.1,2641.9,2560.0,2571.5,2610.2,11521,299.05,2026-09-17
MRF,EQ,125100.0,125850.0,124300.0,124585.0,125010.0,3594,4488.55,2026-09-17
MRPL,EQ,166.11,168.43,162.4,163.77,166.11,6112954,10064.21,2026-09-17
MSCI360,EQ,9.84,9.88,9.63,9.86,9.87,40209,3.9,2026-09-17
MSCIADD,EQ,28.62,28.7,28.57,28.63,28.63,10146,2.91,2026-09-17
MSCIINDIA,EQ,28.94,29.1,28.9,28.96,28.88,4050,1.17,2026-09-17
MSL,EQ,136.0,136.3,136.0,136.22,136.0,530,0.72,2026-09-17
MSPL,EQ,33.39,33.89,33.21,33.75,33.48,244920,82.28,2026-09-17
MSTCLTD,EQ,692.45,729.9,692.45,715.25,703.55,201147,1436.81,2026-09-17
MSUMI,EQ,35.25,36.26,35.25,36.07,35.47,4381154,1569.7,2026-09-17
MTNL,EQ,23.9,24.1,23.31,23.77,23.84,714491,170.56,2026-09-17
MUFIN,EQ,132.25,136.23,131.1,132.2,130.56,993231,1325.04,2026-09-17
MUFTI,EQ,72.12,75.84,70.7,73.37,72.34,225246,162.1,2026-09-17
MUKANDLTD,EQ,134.01,136.75,133.3,134.2,134.89,25255,34.04,2026-09-17
MULTICAP,EQ,16.43,16.43,16.21,16.33,16.23,48266,7.89,2026-09-17
MUNJALAU,EQ,102.56,105.25,101.24,104.81,102.06,200811,209.49,2026-09-17
MUNJALSHOW,EQ,127.0,127.0,123.5,123.93,124.67,15920,19.84,2026-09-17
MURUDCERA,EQ,28.61,29.0,28.35,28.65,28.6,9301,2.67,2026-09-17
MUTHOOTCAP,EQ,234.02,237.58,226.21,235.03,234.02,15434,36.08,2026-09-17
MUTHOOTFIN,EQ,2761.0,2790.0,2740.0,2770.2,2771.4,829940,22988.11,2026-09-17
MUTHOOTMF,EQ,188.5,190.59,186.66,188.04,187.41,75707,142.75,2026-09-17
MVELECTRO,EQ,822.3,828.2,785.0,796.0,819.05,1164354,9359.5,2026-09-17
MVGJL,EQ,211.0,219.4,208.31,215.37,207.16,704297,1517.77,2026-09-17
MWL,EQ,39.88,40.74,39.41,40.18,39.74,370691,148.93,2026-09-17
NACLIND,EQ,150.45,156.46,148.15,148.88,151.18,415405,628.08,2026-09-17
NAGREEKCAP,EQ,28.15,29.0,26.8,27.92,27.79,66117,18.64,2026-09-17
NAGREEKEXP,EQ,21.01,21.94,20.96,21.54,21.25,8627,1.84,2026-09-17
NAHARCAP,EQ,250.05,253.0,247.5,250.0,250.05,283,0.71,2026-09-17
NAHARINDUS,EQ,127.5,142.0,127.5,133.47,127.3,40682,54.7,2026-09-17
NAHARPOLY,EQ,221.2,228.15,220.05,222.28,225.84,10758,23.97,2026-09-17
NAHARSPING,EQ,262.9,284.45,262.9,275.8,261.8,51178,139.98,2026-09-17
NAM-INDIA,EQ,1122.9,1123.2,1106.0,1119.0,1124.0,997028,11118.26,2026-09-17
NARMADA,EQ,13.74,14.0,13.71,13.86,13.77,82610,11.4,2026-09-17
NATCOPHARM,EQ,813.35,820.0,805.75,818.25,813.3,340518,2768.33,2026-09-17
NATHBIOGEN,EQ,147.0,149.08,145.0,148.14,146.05,2669,3.94,2026-09-17
NATIONALUM,EQ,356.0,360.75,354.2,355.7,356.0,3033265,10832.64,2026-09-17
NATIONSTD,EQ,109.9,112.65,108.5,111.8,109.21,11705,12.93,2026-09-17
NAUKRI,EQ,1247.0,1283.1,1242.8,1265.0,1256.0,970996,12342.94,2026-09-17
NAVA,EQ,548.0,555.3,542.3,546.6,548.3,177138,970.9,2026-09-17
NAVINFLUOR,EQ,8120.0,8325.0,8120.0,8220.0,8160.5,106635,8778.87,2026-09-17
NAVKARCORP,EQ,85.0,87.96,84.98,87.56,85.56,606584,527.37,2026-09-17
NAVNETEDUL,EQ,125.03,128.8,124.07,124.89,125.03,59741,74.81,2026-09-17
NAZARA,EQ,349.9,366.7,348.4,362.55,351.15,1257748,4520.8,2026-09-17
NBCC,EQ,81.41,82.45,81.0,82.13,81.41,3284388,2691.99,2026-09-17
NBIFIN,EQ,1950.1,1970.1,1950.1,1960.1,1993.6,5719,111.72,2026-09-17
NCC,EQ,135.05,137.1,133.6,135.6,135.01,2571140,3470.4,2026-09-17
NCLIND,EQ,173.5,174.89,172.21,172.98,172.42,27273,47.22,2026-09-17
NDGL,EQ,2699.0,2710.0,2620.0,2653.4,2668.6,183,4.87,2026-09-17
NDL,EQ,2.82,2.89,2.8,2.82,2.89,566518,16.01,2026-09-17
NDLVENTURE,EQ,116.67,121.0,115.9,120.03,116.65,2187,2.62,2026-09-17
NDRAUTO,EQ,675.6,714.6,674.9,701.0,670.55,46693,324.86,2026-09-17
NDTV,EQ,69.74,71.99,69.74,71.04,69.74,52161,36.99,2026-09-17
NECLIFE,EQ,11.12,11.2,10.93,11.02,10.9,59549,6.59,2026-09-17
NELCAST,EQ,103.85,110.0,103.85,108.04,103.85,119553,128.73,2026-09-17
NELCO,EQ,940.0,972.0,931.0,965.25,938.05,197825,1889.51,2026-09-17
NEOGEN,EQ,2300.0,2484.8,2274.0,2395.6,2302.4,605450,14619.45,2026-09-17
NEPHROPLUS,EQ,735.2,743.75,730.55,735.1,735.2,40733,300.33,2026-09-17
NESCO,EQ,1077.0,1088.9,1073.0,1081.5,1075.6,18899,204.1,2026-09-17
NESTLEIND,EQ,1384.5,1391.7,1370.1,1370.6,1384.5,1082694,14914.98,2026-09-17
NETF,EQ,251.0,254.87,251.0,254.1,251.74,1110,2.82,2026-09-17
NETWEB,EQ,4563.0,4618.0,4484.0,4578.5,4562.0,1120214,51132.0,2026-09-17
NETWORK18,EQ,26.04,26.99,25.9,26.46,26.12,4048889,1075.3,2026-09-17
NEULANDLAB,EQ,22565.0,22980.0,22525.0,22665.0,22625.0,18964,4315.66,2026-09-17
NEWGEN,EQ,493.25,495.15,487.9,489.5,492.0,398497,1956.74,2026-09-17
NEXT30ADD,EQ,41.71,42.08,41.71,41.97,41.24,1001,0.42,2026-09-17
NEXT50,EQ,725.93,736.69,725.93,735.76,729.58,26277,193.03,2026-09-17
NEXT50ADD,EQ,70.83,71.54,70.82,71.41,70.74,23050,16.46,2026-09-17
NEXT50BETA,EQ,76.55,77.45,75.9,77.1,76.34,178892,137.63,2026-09-17
NEXT50ETF,EQ,70.93,71.7,70.93,71.69,70.93,7471,5.34,2026-09-17
NEXT50IETF,EQ,73.33,75.33,73.33,75.3,74.61,369232,277.05,2026-09-17
NEXTMEDIA,EQ,3.8,3.89,3.73,3.88,3.8,8346,0.32,2026-09-17
NFL,EQ,65.96,67.29,65.8,66.84,66.29,555974,370.82,2026-09-17
NGIL,EQ,33.88,35.57,33.25,34.94,32.34,10763,3.75,2026-09-17
NGLFINE,EQ,2647.1,2731.9,2625.2,2715.3,2673.8,4269,114.21,2026-09-17
NH,EQ,1860.9,1884.4,1848.3,1868.6,1851.6,127928,2394.29,2026-09-17
NHPC,EQ,75.61,75.88,74.99,75.2,75.41,11626579,8759.15,2026-09-17
NIACL,EQ,186.5,201.24,186.5,197.05,184.19,34650793,67863.73,2026-09-17
NIBE,EQ,1213.9,1259.0,1213.9,1250.1,1212.0,25690,319.38,2026-09-17
NIBL,EQ,30.88,31.0,30.26,30.65,30.88,22575,6.9,2026-09-17
NICCOPAR,EQ,77.05,82.0,77.05,82.0,80.11,567,0.46,2026-09-17
NIF100BEES,EQ,259.16,260.12,257.66,259.43,258.67,135501,351.09,2026-09-17
NIF100IETF,EQ,27.17,27.34,27.11,27.3,27.19,47616,12.99,2026-09-17
NIF500BETA,EQ,36.48,36.48,36.35,36.48,35.99,3339,1.22,2026-09-17
NIFTY1,EQ,258.43,259.71,257.14,259.12,258.43,56430,146.2,2026-09-17
NIFTY100EW,EQ,33.87,34.78,33.8,34.13,34.33,37581,12.79,2026-09-17
NIFTYADD,EQ,244.47,246.92,244.47,245.65,245.69,4220,10.38,2026-09-17
NIFTYAXIS,EQ,256.12,259.13,256.12,258.41,257.65,9997,25.81,2026-09-17
NIFTYBEES,EQ,265.44,266.75,264.1,266.08,265.02,4732947,12585.39,2026-09-17
NIFTYBETA,EQ,258.24,259.56,257.45,258.92,258.24,25000,64.67,2026-09-17
NIFTYBETF,EQ,241.28,241.28,238.95,240.35,240.54,1812,4.36,2026-09-17
NIFTYCASE,EQ,9.37,9.42,9.28,9.36,9.35,705543,66.13,2026-09-17
NIFTYETF,EQ,252.5,254.35,252.5,253.4,253.31,120788,306.31,2026-09-17
NIFTYIETF,EQ,264.47,265.34,263.05,264.67,263.67,254440,673.11,2026-09-17
NIFTYJBLK,EQ,12.37,12.37,11.85,11.94,12.07,86852,10.37,2026-09-17
NIFTYQLITY,EQ,20.58,20.64,20.36,20.6,20.36,121631,25.04,2026-09-17
NIITLTD,EQ,85.3,87.9,85.3,87.31,85.35,139121,120.75,2026-09-17
NIITMTS,EQ,223.79,226.21,220.11,224.6,223.79,53888,120.55,2026-09-17
NILAINFRA,EQ,6.5,6.65,6.5,6.56,6.57,55420,3.65,2026-09-17
NILASPACES,EQ,12.63,13.28,12.2,12.48,12.56,3067089,391.96,2026-09-17
NILE,EQ,1475.9,1479.0,1450.0,1456.0,1452.6,735,10.72,2026-09-17
NILKAMAL,EQ,1915.7,1967.8,1899.4,1917.2,1920.5,17635,338.91,2026-09-17
NIMBSPROJ,EQ,183.66,183.73,176.2,183.73,174.99,27007,49.07,2026-09-17
NINSYS,EQ,705.85,709.3,699.9,707.9,709.35,1274,8.98,2026-09-17
NIPPOBATRY,EQ,317.25,322.9,312.95,315.2,323.55,2222,7.03,2026-09-17
NIRAJ,EQ,28.78,28.78,27.5,27.92,27.61,27702,7.68,2026-09-17
NIRLON,EQ,596.3,611.95,594.2,601.05,593.6,1233,7.41,2026-09-17
NITCO,EQ,85.6,88.79,85.11,85.94,85.17,342602,297.03,2026-09-17
NITINSPIN,EQ,628.0,635.0,614.05,616.85,628.0,63384,393.64,2026-09-17
NITIRAJ,EQ,226.0,239.0,223.22,234.07,230.02,6661,15.49,2026-09-17
NITTAGELA,EQ,1756.9,1794.8,1735.6,1766.1,1756.9,9697,171.61,2026-09-17
NIVABUPA,EQ,80.55,80.79,79.29,79.6,79.55,654127,522.36,2026-09-17
NKIND,EQ,57.9,57.9,55.7,57.8,57.62,243,0.14,2026-09-17
NLCINDIA,EQ,256.5,262.9,255.6,262.3,255.35,1656457,4305.26,2026-09-17
NMDC,EQ,80.41,81.35,80.4,80.8,80.32,4385275,3550.52,2026-09-17
NOCIL,EQ,180.9,189.63,180.18,186.36,181.95,2002880,3753.21,2026-09-17
NOIDATOLL,EQ,4.04,4.1,3.92,3.96,3.96,148592,5.95,2026-09-17
NORBTEAEXP,EQ,67.57,67.68,64.61,64.73,64.56,1131,0.75,2026-09-17
NORTHARC,EQ,293.05,317.35,293.05,310.55,295.9,2358970,7310.58,2026-09-17
NOVAAGRI,EQ,22.3,22.89,22.11,22.49,22.32,34060,7.66,2026-09-17
NOVARTIND,EQ,2032.0,2195.0,2013.0,2082.2,1995.5,153168,3255.4,2026-09-17
NPBET,EQ,284.26,284.26,282.0,282.79,282.63,386,1.09,2026-09-17
NPST,EQ,1855.0,1920.0,1823.4,1854.9,1834.6,460726,8631.16,2026-09-17
NRAIL,EQ,615.0,641.0,615.0,628.5,621.4,11537,72.58,2026-09-17
NRBBEARING,EQ,475.0,479.9,465.95,472.2,471.3,190344,899.09,2026-09-17
NSIL,EQ,5409.5,5469.5,5409.5,5436.0,5397.5,869,47.12,2026-09-17
NSLNISP,EQ,41.0,41.91,41.0,41.64,41.17,2893595,1202.43,2026-09-17
NTCIND,EQ,133.5,137.95,130.0,132.03,136.7,1311,1.73,2026-09-17
NTPC,EQ,327.8,331.3,327.2,329.6,327.0,5589949,18421.1,2026-09-17
NTPCGREEN,EQ,87.0,88.18,87.0,87.58,87.59,969560,850.71,2026-09-17
NUCLEUS,EQ,688.0,697.95,685.8,691.4,692.45,14834,102.21,2026-09-17
NUVAMA,EQ,1700.2,1718.7,1682.0,1687.4,1703.1,171066,2899.53,2026-09-17
NUVOCO,EQ,316.2,320.9,313.3,319.0,316.2,196546,623.27,2026-09-17
NV20,EQ,13.54,13.58,13.47,13.51,13.56,45776,6.19,2026-09-17
NV20BEES,EQ,135.62,136.15,134.84,135.72,135.62,15612,21.15,2026-09-17
NV20IETF,EQ,13.32,13.32,13.12,13.22,13.19,337403,44.58,2026-09-17
NYKAA,EQ,326.5,327.85,323.05,323.75,325.6,5216273,16949.23,2026-09-17
OAL,EQ,508.85,519.0,506.5,513.5,508.85,10254,52.45,2026-09-17
OBCL,EQ,59.18,60.2,55.1,55.82,56.98,27171,15.65,2026-09-17
OBEROIRLTY,EQ,1705.1,1741.9,1695.8,1740.7,1706.9,413371,7095.33,2026-09-17
ODIGMA,EQ,21.85,21.98,20.95,21.0,21.42,41688,8.79,2026-09-17
ODYCORP,EQ,7.25,7.25,6.56,6.86,7.11,37929,2.65,2026-09-17
OFSS,EQ,11500.0,11666.0,11356.0,11620.0,11510.0,132173,15257.19,2026-09-17
OIL,EQ,485.0,491.0,474.25,477.4,487.6,1708044,8172.11,2026-09-17
OILIETF,EQ,11.06,11.11,11.0,11.02,11.06,9119991,1005.92,2026-09-17
OLAELEC,EQ,37.43,37.62,36.51,36.79,37.24,43408200,16007.97,2026-09-17
OLECTRA,EQ,1170.0,1191.4,1164.6,1186.2,1168.0,158165,1865.74,2026-09-17
OMAXAUTO,EQ,166.27,183.0,166.0,175.79,167.1,71166,125.22,2026-09-17
OMAXE,EQ,116.18,122.37,114.51,120.76,115.07,755723,901.37,2026-09-17
OMINFRAL,EQ,79.65,80.99,78.5,79.44,80.42,44975,35.8,2026-09-17
OMNI,EQ,539.9,574.5,526.6,568.65,539.5,550904,3070.24,2026-09-17
OMPOWER,EQ,165.92,170.0,164.02,166.7,164.82,136884,227.5,2026-09-17
ONEGLOBAL,EQ,522.15,541.15,520.0,530.45,524.75,5391,28.61,2026-09-17
ONEPOINT,EQ,57.0,60.25,56.32,59.14,56.28,2680184,1587.62,2026-09-17
ONESOURCE,EQ,1600.2,1621.8,1569.6,1580.0,1596.6,121361,1931.48,2026-09-17
ONGC,EQ,235.1,235.65,231.25,232.43,236.8,11062410,25740.08,2026-09-17
ONIDA,EQ,33.0,34.7,31.77,32.29,33.05,2565482,865.78,2026-09-17
ONIXSOLAR,EQ,376.2,376.2,376.2,376.2,395.95,7550,28.4,2026-09-17
ONWARDTEC,EQ,282.0,303.0,276.05,291.75,278.6,72827,212.15,2026-09-17
OPTIEMUS,EQ,588.9,614.4,588.85,610.0,592.85,356119,2167.12,2026-09-17
OPTIFIN,EQ,13.02,15.9,12.8,15.13,13.29,65480,9.47,2026-09-17
ORCHASP,EQ,1.6,1.67,1.35,1.37,1.6,1339545,19.16,2026-09-17
ORCHPHARMA,EQ,961.0,1001.2,952.95,958.05,957.5,138643,1349.41,2026-09-17
ORICONENT,EQ,51.05,52.21,51.05,51.26,51.38,12236,6.3,2026-09-17
ORIENTALTL,EQ,4.91,5.07,4.9,4.98,5.0,41875,2.08,2026-09-17
ORIENTBELL,EQ,380.0,392.1,380.0,387.25,384.2,15649,60.7,2026-09-17
ORIENTCEM,EQ,121.1,123.0,120.77,122.09,121.64,753064,918.99,2026-09-17
ORIENTCER,EQ,45.44,46.7,44.5,46.11,44.82,62071,28.29,2026-09-17
ORIENTELEC,EQ,170.0,170.0,167.31,168.83,168.4,53644,90.7,2026-09-17
ORIENTHOT,EQ,138.5,141.65,136.48,141.01,138.59,497650,698.78,2026-09-17
ORIENTPPR,EQ,16.8,17.71,16.8,17.25,16.79,285003,49.31,2026-09-17
ORIENTTECH,EQ,234.95,242.52,234.95,236.47,233.32,177246,421.12,2026-09-17
ORIRAIL,EQ,119.8,121.35,117.13,117.94,119.85,43602,51.89,2026-09-17
ORISSAMINE,EQ,3849.6,3928.9,3800.0,3896.4,3829.4,5835,225.83,2026-09-17
ORKLAINDIA,EQ,580.0,583.0,576.0,578.25,579.8,38840,225.48,2026-09-17
ORTINGLOBE,EQ,17.33,17.33,16.4,16.45,17.25,4055,0.67,2026-09-17
OSWALAGRO,EQ,33.0,34.48,32.7,33.91,33.43,28868,9.76,2026-09-17
OSWALGREEN,EQ,18.7,19.5,18.63,19.04,19.29,132784,25.37,2026-09-17
OSWALPUMPS,EQ,269.85,278.2,269.45,273.3,269.85,309066,847.65,2026-09-17
OSWALSEEDS,EQ,14.8,14.96,13.62,13.87,14.6,294234,41.35,2026-09-17
PACEDIGITK,EQ,152.0,155.36,152.0,153.31,152.5,495495,760.42,2026-09-17
PACIFICI,EQ,148.5,148.5,148.5,148.5,136.1,1,0.0,2026-09-17
PAGEIND,EQ,34300.0,35290.0,34300.0,35020.0,34275.0,14284,4983.46,2026-09-17
PAISALO,EQ,84.0,92.75,83.89,88.73,84.59,26502335,23616.23,2026-09-17
PAKKA,EQ,74.78,77.8,74.78,77.12,75.15,53227,40.99,2026-09-17
PALASHSECU,EQ,89.5,89.5,86.0,86.03,88.0,607,0.53,2026-09-17
PALREDTEC,EQ,47.4,50.01,46.0,46.01,47.63,1252,0.59,2026-09-17
PANACEABIO,EQ,373.0,383.35,367.15,372.0,367.15,72429,270.57,2026-09-17
PANAMAPET,EQ,452.7,463.5,446.2,459.75,451.55,160464,736.27,2026-09-17
PANORAMA,EQ,50.85,53.9,50.31,52.63,50.13,379760,198.17,2026-09-17
PANSARI,EQ,291.7,291.7,280.1,290.0,291.7,23,0.07,2026-09-17
PARACABLES,EQ,61.0,62.38,60.2,60.7,60.83,1231134,753.92,2026-09-17
PARADEEP,EQ,146.2,154.37,146.2,153.81,146.84,2608193,3952.76,2026-09-17
PARAGMILK,EQ,268.8,279.45,263.1,264.6,269.1,2697229,7344.96,2026-09-17
PARAS,EQ,1303.0,1379.9,1303.0,1370.9,1318.8,1067428,14504.11,2026-09-17
PARASPETRO,EQ,2.15,2.18,2.13,2.13,2.13,66268,1.42,2026-09-17
PARKHOSPS,EQ,277.1,279.55,276.0,277.9,276.4,143934,400.24,2026-09-17
PARKHOTELS,EQ,106.54,107.8,105.85,107.2,105.85,48133,51.56,2026-09-17
PARNAXLAB,EQ,121.0,127.95,121.0,123.79,120.26,1113,1.38,2026-09-17
PASHUPATI,EQ,80.95,82.7,80.46,81.37,79.74,43534,35.41,2026-09-17
PASUPTAC,EQ,69.49,71.85,68.81,70.31,68.07,215392,151.96,2026-09-17
PATANJALI,EQ,362.55,364.9,354.0,354.45,365.0,3350516,11987.35,2026-09-17
PATELENG,EQ,25.5,26.19,25.5,25.96,25.62,1174809,304.98,2026-09-17
PATELRMART,EQ,204.71,206.67,202.0,202.84,202.92,72077,146.51,2026-09-17
PAUSHAKLTD,EQ,710.05,729.15,703.0,719.95,715.35,30465,217.39,2026-09-17
PAVNAIND,EQ,15.15,15.84,14.38,14.95,15.14,102835,15.39,2026-09-17
PAYTM,EQ,1795.0,1816.3,1752.7,1763.0,1790.0,4085951,72379.67,2026-09-17
PBMPOLY,EQ,61.0,61.0,59.99,60.0,61.0,278,0.17,2026-09-17
PCBL,EQ,318.4,331.8,317.85,329.4,317.1,1194557,3889.85,2026-09-17
PCJEWELLER,EQ,12.59,12.9,12.3,12.35,12.64,225554471,28383.55,2026-09-17
PDMJEPAPER,EQ,98.55,104.5,98.5,102.41,97.95,664472,679.04,2026-09-17
PDSL,EQ,336.65,347.4,335.05,345.45,336.65,192977,658.11,2026-09-17
PEARLPOLY,EQ,16.43,16.86,15.56,16.73,16.15,15864,2.61,2026-09-17
PENIND,EQ,166.8,172.0,165.51,170.44,166.79,189396,320.8,2026-09-17
PENINLAND,EQ,15.2,15.89,14.83,15.55,14.62,250907,38.44,2026-09-17
PERMAGN,EQ,830.5,842.65,818.05,828.7,834.8,2968,24.57,2026-09-17
PERNIASPOP,EQ,539.0,558.0,535.0,554.5,545.1,138870,762.98,2026-09-17
PERSISTENT,EQ,5410.0,5502.0,5405.5,5473.0,5440.0,233465,12746.63,2026-09-17
PETRONET,EQ,282.05,285.0,281.7,283.45,282.1,982394,2781.55,2026-09-17
PFC,EQ,346.1,348.5,344.75,344.95,346.0,6259408,21688.27,2026-09-17
PFIZER,EQ,4000.0,4040.0,3985.5,4014.8,4014.4,20865,836.83,2026-09-17
PFOCUS,EQ,320.2,342.9,317.25,334.95,320.45,6593481,22025.11,2026-09-17
PFS,EQ,26.18,26.9,26.11,26.34,26.06,340040,90.24,2026-09-17
PGEL,EQ,524.0,533.7,519.3,529.35,523.85,420677,2224.84,2026-09-17
PGHH,EQ,7655.0,7715.0,7507.0,7613.0,7611.0,7139,546.42,2026-09-17
PGHL,EQ,5425.0,5527.0,5414.0,5434.5,5460.0,6064,331.45,2026-09-17
PGIL,EQ,1180.0,1180.1,1102.0,1143.1,1179.9,340483,3858.06,2026-09-17
PHARMABEES,EQ,27.16,27.39,26.68,27.36,26.95,3319130,904.66,2026-09-17
PHOENIXLTD,EQ,1878.0,1889.8,1864.2,1872.2,1855.0,157063,2946.26,2026-09-17
PHOENXINTL,EQ,28.4,28.94,27.85,28.77,28.1,775,0.22,2026-09-17
PICCADIL,EQ,592.0,610.3,589.3,600.55,593.05,143208,860.19,2026-09-17
PIDILITIND,EQ,1543.0,1561.1,1535.0,1551.5,1543.8,354203,5494.58,2026-09-17
PIGL,EQ,101.6,103.45,99.33,99.76,101.74,28993,29.12,2026-09-17
PIIND,EQ,2260.0,2317.0,2259.0,2307.0,2256.0,136637,3131.73,2026-09-17
PILANIINVS,EQ,4089.3,4098.0,4055.5,4082.2,4052.2,1593,64.94,2026-09-17
PILITA,EQ,7.89,7.89,7.65,7.75,7.79,7198,0.56,2026-09-17
PINELABS,EQ,185.78,194.49,182.85,184.48,185.71,47871043,90382.11,2026-09-17
PIONEEREMB,EQ,21.05,21.4,20.5,21.39,21.01,4931,1.03,2026-09-17
PIRAMALFIN,EQ,2166.0,2270.7,2166.0,2253.8,2201.1,312441,6932.27,2026-09-17
PITTIENG,EQ,1103.2,1138.4,1099.1,1131.1,1101.4,108599,1220.02,2026-09-17
PIXTRANS,EQ,1724.6,1749.0,1720.0,1724.6,1724.6,4973,86.11,2026-09-17
PKTEA,EQ,931.95,936.95,900.05,921.25,936.95,2604,24.0,2026-09-17
PLASTIBLEN,EQ,183.56,189.58,182.97,184.45,182.75,14285,26.62,2026-09-17
PLATIND,EQ,218.34,218.79,208.95,211.11,217.03,111701,236.98,2026-09-17
PLAZACABLE,EQ,63.5,64.38,62.0,62.31,62.51,55735,35.0,2026-09-17
PML,EQ,491.3,495.05,480.0,495.05,496.1,73,0.35,2026-09-17
PNB,EQ,116.8,119.4,116.36,116.47,116.8,15924714,18767.88,2026-09-17
PNBGILTS,EQ,78.0,80.1,77.26,78.5,77.91,357651,282.07,2026-09-17
PNBHOUSING,EQ,1122.1,1147.9,1098.4,1103.5,1134.0,3985061,44710.02,2026-09-17
PNC,EQ,16.2,17.99,16.2,16.63,16.17,157071,27.02,2026-09-17
PNCINFRA,EQ,132.48,141.78,132.2,139.55,134.44,5631335,7736.05,2026-09-17
PNGJL,EQ,610.0,612.95,597.1,601.15,608.65,193341,1166.44,2026-09-17
PNGSREVA,EQ,491.6,508.0,485.0,489.4,496.95,100511,498.06,2026-09-17
POCL,EQ,454.9,473.0,452.3,470.25,452.9,372808,1728.2,2026-09-17
PODDARMENT,EQ,270.4,280.0,266.4,276.05,267.15,4566,12.53,2026-09-17
POEL,EQ,143.79,143.79,137.0,137.82,137.47,29811,41.48,2026-09-17
POKARNA,EQ,747.0,758.4,731.9,737.5,750.5,76059,565.13,2026-09-17
POLICYBZR,EQ,1839.0,1845.0,1718.1,1765.0,1827.1,6641203,116892.54,2026-09-17
POLYCAB,EQ,8130.0,8266.0,8112.5,8208.5,8121.5,261101,21419.83,2026-09-17
POLYMED,EQ,1700.1,1753.0,1700.1,1712.7,1704.6,93343,1613.06,2026-09-17
POLYPLEX,EQ,1079.7,1113.0,1079.7,1084.9,1079.7,22394,245.27,2026-09-17
POLYSPIN,EQ,29.55,29.55,29.38,29.38,28.95,55,0.02,2026-09-17
PONNIERODE,EQ,363.35,363.35,351.0,353.15,359.55,19966,70.62,2026-09-17
POONAWALLA,EQ,430.0,435.5,428.9,432.8,432.45,567959,2456.61,2026-09-17
POWERGRID,EQ,263.5,265.7,263.25,263.75,262.8,6533662,17285.84,2026-09-17
POWERICA,EQ,542.4,560.1,539.65,556.7,540.0,108526,598.41,2026-09-17
POWERINDIA,EQ,30435.0,31325.0,30380.0,31230.0,30200.0,98656,30489.11,2026-09-17
POWERMECH,EQ,2301.7,2348.5,2301.7,2339.0,2296.5,22339,520.9,2026-09-17
PPLPHARMA,EQ,203.2,206.78,201.91,204.71,202.37,2475167,5060.27,2026-09-17
PRABHA,EQ,225.03,228.65,218.02,220.77,226.58,125409,279.72,2026-09-17
PRAENG,EQ,21.62,22.98,21.62,22.27,22.1,35511,7.94,2026-09-17
PRAJIND,EQ,314.0,319.95,312.15,317.1,314.0,400316,1262.95,2026-09-17
PRAKASH,EQ,118.48,119.58,116.01,116.98,118.48,278545,327.37,2026-09-17
PRAKASHSTL,EQ,3.76,3.83,3.74,3.77,3.74,68677,2.6,2026-09-17
PRANAV,EQ,110.0,117.0,109.0,111.16,106.81,13666426,15364.83,2026-09-17
PRASOLCHEM,EQ,653.95,691.5,621.0,678.8,671.0,2205000,14753.03,2026-09-17
PRAVEG,EQ,255.2,260.25,247.95,252.05,254.0,89732,227.75,2026-09-17
PRAXIS,EQ,4.3,4.3,4.09,4.11,4.23,105578,4.36,2026-09-17
PRECAM,EQ,112.79,115.95,112.5,113.34,112.81,143157,163.11,2026-09-17
PRECOT,EQ,651.05,668.45,651.05,655.15,654.45,1764,11.6,2026-09-17
PRECWIRE,EQ,439.6,452.95,436.1,449.25,439.6,490866,2185.05,2026-09-17
PREMCO,EQ,392.05,400.0,385.75,398.85,392.05,275,1.09,2026-09-17
PREMEXPLN,EQ,668.1,675.5,666.95,668.15,667.85,348670,2331.88,2026-09-17
PREMIERENE,EQ,885.9,904.3,880.0,880.0,899.0,927737,8275.26,2026-09-17
PREMIERPOL,EQ,82.2,84.02,81.0,82.33,82.62,121432,100.37,2026-09-17
PRESTIGE,EQ,1424.0,1456.7,1420.1,1440.1,1424.0,598440,8590.42,2026-09-17
PRICOLLTD,EQ,744.9,758.9,740.95,752.5,744.8,167280,1259.15,2026-09-17
PRIMESECU,EQ,287.5,299.0,284.75,294.05,283.75,94994,278.03,2026-09-17
PRIMO,EQ,21.35,22.1,21.13,21.28,21.35,44818,9.62,2026-09-17
PRINCEPIPE,EQ,256.5,261.0,255.45,258.7,257.3,70149,181.28,2026-09-17
PRISMX,EQ,0.55,0.56,0.54,0.54,0.55,34441,0.19,2026-09-17
PRITI,EQ,31.96,34.0,31.03,32.97,31.96,6304,2.11,2026-09-17
PRIVISCL,EQ,3465.0,3520.7,3454.0,3490.8,3480.7,35255,1230.3,2026-09-17
PROSTARM,EQ,128.3,132.28,127.77,131.01,127.95,153389,199.82,2026-09-17
PROTEAN,EQ,485.35,496.0,485.35,488.95,485.35,84841,416.92,2026-09-17
PROZONER,EQ,52.87,53.79,52.01,53.6,52.61,351530,187.31,2026-09-17
PRSMJOHNSN,EQ,113.4,116.38,113.11,113.44,114.54,175995,201.37,2026-09-17
PRUDENT,EQ,3326.1,3349.4,3296.6,3320.2,3326.1,8056,267.76,2026-09-17
PSB,EQ,22.23,22.54,21.8,21.86,22.25,1706094,376.13,2026-09-17
PSPPROJECT,EQ,804.4,849.2,804.4,812.2,813.75,49623,406.35,2026-09-17
PSUBANK,EQ,82.86,83.94,82.52,82.63,82.8,38641,32.08,2026-09-17
PSUBANKADD,EQ,83.94,84.84,83.35,83.39,83.23,19080,15.98,2026-09-17
PSUBNKBEES,EQ,91.1,93.68,91.1,92.38,92.21,1436668,1330.25,2026-09-17
PSUBNKIETF,EQ,84.16,85.1,83.58,83.83,83.7,43257,36.39,2026-09-17
PTC,EQ,152.49,156.45,151.71,155.93,151.96,1571624,2427.03,2026-09-17
PTCIL,EQ,22360.0,23055.0,22300.0,22670.0,22500.0,15271,3467.74,2026-09-17
PTL,EQ,38.05,38.24,37.91,38.09,38.05,19791,7.53,2026-09-17
PUNJABCHEM,EQ,1071.2,1091.0,1056.0,1062.7,1071.2,2280,24.4,2026-09-17
PURVA,EQ,211.05,223.0,208.13,218.23,210.23,1438254,3140.73,2026-09-17
PVP,EQ,56.97,60.5,56.06,57.05,58.51,1803277,1043.37,2026-09-17
PVRINOX,EQ,1248.5,1282.0,1231.2,1272.7,1254.6,425001,5388.69,2026-09-17
PVSL,EQ,97.2,102.0,97.2,98.73,99.32,10987,10.92,2026-09-17
PVTBANIETF,EQ,27.73,27.97,27.51,27.58,27.94,2030986,560.56,2026-09-17
PVTBANK,EQ,27.5,27.5,27.23,27.23,27.41,1080,0.29,2026-09-17
PVTBANKADD,EQ,27.73,27.9,27.66,27.72,27.73,26754,7.43,2026-09-17
PVTBKGROWW,EQ,27.77,27.77,27.2,27.33,27.53,3592,0.98,2026-09-17
PWL,EQ,127.68,129.99,127.01,127.8,127.53,3147971,4038.28,2026-09-17
PYRAMID,EQ,156.39,156.39,151.11,154.56,153.93,16854,25.92,2026-09-17
QGOLDHALF,EQ,124.86,125.24,123.93,124.65,125.15,165964,206.86,2026-09-17
QNIFTY,EQ,258.9,258.9,255.6,257.24,256.39,11686,30.04,2026-09-17
QPOWER,EQ,1435.0,1494.0,1425.0,1489.8,1422.9,728624,10769.9,2026-09-17
QUADFUTURE,EQ,490.0,534.35,484.0,521.5,491.95,2251310,11655.2,2026-09-17
QUAL30IETF,EQ,20.33,20.45,20.25,20.38,20.27,23099,4.7,2026-09-17
QUALITY30,EQ,19.92,20.03,19.85,19.96,19.93,1924,0.38,2026-09-17
QUESS,EQ,340.0,355.0,336.15,353.0,342.4,319184,1117.93,2026-09-17
QUICKHEAL,EQ,158.39,158.39,150.1,152.37,157.33,174302,268.18,2026-09-17
QUINT,EQ,63.66,63.66,63.66,63.66,57.88,216505,137.83,2026-09-17
RACE,EQ,97.08,100.2,94.5,96.77,96.86,62847,61.07,2026-09-17
RACLGEAR,EQ,1874.9,1927.7,1790.7,1829.0,1852.4,133875,2507.18,2026-09-17
RADAAN,EQ,2.84,2.9,2.72,2.8,2.84,27820,0.78,2026-09-17
RADIANTCMS,EQ,38.29,38.44,36.04,36.26,38.05,704202,261.35,2026-09-17
RADICO,EQ,4450.0,4469.8,4380.0,4380.0,4466.0,155034,6846.05,2026-09-17
RADIOCITY,EQ,6.05,6.16,6.0,6.05,6.03,26879,1.62,2026-09-17
RAILTEL,EQ,254.75,265.65,253.95,259.25,252.35,1505311,3903.25,2026-09-17
RAIN,EQ,199.8,203.99,197.0,203.02,199.29,3466885,6974.72,2026-09-17
RAINBOW,EQ,1455.0,1505.0,1451.1,1473.4,1457.2,108213,1607.4,2026-09-17
RAJMET,EQ,3.11,3.15,3.1,3.12,3.13,122407,3.82,2026-09-17
RAJPALAYAM,EQ,774.0,780.0,765.0,771.25,760.0,747,5.77,2026-09-17
RAJRATAN,EQ,462.0,470.3,430.0,438.1,462.95,239849,1074.16,2026-09-17
RAJSREESUG,EQ,31.55,32.39,31.0,31.99,31.24,27288,8.69,2026-09-17
RAJTV,EQ,8.76,8.76,8.3,8.56,8.58,32088,2.79,2026-09-17
RALLIS,EQ,203.09,206.24,200.6,204.14,202.65,588516,1197.0,2026-09-17
RAMANEWS,EQ,30.16,32.5,30.16,30.94,30.16,24768,7.76,2026-09-17
RAMAPHO,EQ,117.89,119.0,115.5,116.9,115.18,14613,17.04,2026-09-17
RAMBHAJO,EQ,253.0,273.0,249.73,266.17,252.05,421913,1115.77,2026-09-17
RAMCOCEM,EQ,862.75,864.8,852.8,858.95,863.15,96798,831.86,2026-09-17
RAMCOIND,EQ,320.85,323.95,315.55,320.9,320.85,50789,162.56,2026-09-17
RAMCOSYS,EQ,555.0,577.9,550.8,564.85,558.65,35499,200.97,2026-09-17
RAMKY,EQ,311.75,322.7,309.05,320.7,311.75,35791,114.52,2026-09-17
RAMRAT,EQ,525.0,560.0,521.55,557.6,525.8,326151,1786.72,2026-09-17
RANASUG,EQ,14.85,14.85,14.16,14.7,14.7,1120437,164.85,2026-09-17
RANEHOLDIN,EQ,1631.1,1656.9,1620.1,1626.3,1630.3,5957,97.33,2026-09-17
RATEGAIN,EQ,853.95,871.0,853.95,865.45,860.95,103532,891.41,2026-09-17
RATNAMANI,EQ,2701.0,2735.6,2656.5,2702.6,2695.0,39882,1072.0,2026-09-17
RATNAVEER,EQ,287.75,322.0,284.75,303.85,286.75,21339407,64905.56,2026-09-17
RAYMOND,EQ,993.9,1008.7,966.05,978.2,993.9,3634141,35773.94,2026-09-17
RAYMONDLSL,EQ,668.0,675.65,655.15,657.25,667.75,95210,631.19,2026-09-17
RAYMONDREL,EQ,566.45,604.0,562.0,584.55,565.35,653981,3833.36,2026-09-17
RBA,EQ,95.99,96.83,94.63,96.12,95.83,2487096,2380.76,2026-09-17
RBLBANK,EQ,403.0,411.65,401.95,404.15,404.0,2254458,9161.98,2026-09-17
RCF,EQ,108.84,110.45,108.47,109.84,108.77,1203731,1318.59,2026-09-17
RECLTD,EQ,314.0,315.05,310.5,310.5,312.65,3222931,10074.23,2026-09-17
REDINGTON,EQ,387.5,403.2,385.0,400.1,388.15,7092777,28246.21,2026-09-17
REDTAPE,EQ,117.5,120.0,115.6,118.65,117.34,777362,918.62,2026-09-17
REFEX,EQ,259.4,277.0,259.4,271.75,260.9,496100,1348.61,2026-09-17
REGAAL,EQ,80.99,81.47,79.01,80.08,80.59,176752,141.51,2026-09-17
REGENCERAM,EQ,33.22,35.9,33.11,35.13,33.1,3189,1.12,2026-09-17
RELAXO,EQ,311.95,317.35,310.8,313.7,311.4,99274,311.6,2026-09-17
RELCHEMQ,EQ,120.0,122.42,116.67,119.21,116.66,7300,8.75,2026-09-17
RELIABLE,EQ,130.0,137.45,130.0,136.41,136.05,5899,8.01,2026-09-17
RELIANCE,EQ,1244.8,1253.4,1238.5,1243.9,1240.0,7752895,96475.22,2026-09-17
RELIGARE,EQ,247.25,252.0,245.08,249.89,247.65,238764,593.65,2026-09-17
RELTD,EQ,148.72,150.5,144.74,146.16,147.96,51287,75.35,2026-09-17
REMSONSIND,EQ,93.45,96.66,93.0,95.06,92.34,38817,36.71,2026-09-17
RENTOMOJO,EQ,482.45,546.8,482.45,534.25,404.0,45889291,234938.87,2026-09-17
RENUKA,EQ,23.0,23.33,22.61,22.81,23.01,7607455,1748.39,2026-09-17
REPCOHOME,EQ,344.0,350.9,343.15,346.3,346.7,73126,253.62,2026-09-17
REPRO,EQ,298.05,308.0,294.0,296.95,297.95,5286,15.85,2026-09-17
RESPONIND,EQ,159.47,164.7,159.16,163.4,161.57,156159,254.41,2026-09-17
RETAIL,EQ,16.78,17.75,16.21,16.83,16.78,3126,0.53,2026-09-17
RGL,EQ,148.0,158.5,148.0,156.49,149.5,777575,1212.37,2026-09-17
RHETAN,EQ,20.59,20.59,20.59,20.59,21.67,246581,50.77,2026-09-17
RHIM,EQ,363.6,369.65,363.6,365.95,363.6,66638,244.19,2026-09-17
RHL,EQ,172.95,174.0,165.0,173.74,173.24,1964,3.36,2026-09-17
RICOAUTO,EQ,125.25,129.0,124.7,128.04,125.86,701172,890.8,2026-09-17
RIIL,EQ,694.95,706.45,692.55,700.25,693.65,29678,207.88,2026-09-17
RIR,EQ,194.74,207.71,186.51,197.63,179.77,36391145,72911.68,2026-09-17
RISHABH,EQ,752.8,804.0,752.8,778.35,758.55,225313,1762.3,2026-09-17
RITCO,EQ,296.5,302.55,294.6,299.3,294.75,34285,102.74,2026-09-17
RITES,EQ,204.92,208.64,204.92,207.93,204.92,281095,582.76,2026-09-17
RKDL,EQ,17.85,18.49,17.85,18.3,17.94,5824,1.07,2026-09-17
RKEC,EQ,19.61,19.61,18.02,18.49,19.01,52286,9.78,2026-09-17
RKFORGE,EQ,686.0,714.7,681.05,705.45,688.8,420271,2965.2,2026-09-17
RKSWAMY,EQ,87.3,91.0,87.3,88.06,88.33,16452,14.65,2026-09-17
RMC,EQ,207.35,239.9,206.41,229.16,206.41,171578,391.86,2026-09-17
RML,EQ,1263.0,1320.0,1255.0,1281.8,1268.1,41572,537.43,2026-09-17
ROHLTD,EQ,304.8,304.95,296.05,297.45,296.1,7531,22.46,2026-09-17
ROLEXRINGS,EQ,168.72,171.01,168.0,169.82,168.53,620493,1052.55,2026-09-17
ROML,EQ,41.31,42.7,41.31,41.42,41.27,28,0.01,2026-09-17
ROSSARI,EQ,437.8,445.75,435.65,440.75,437.8,49511,218.5,2026-09-17
ROSSELLIND,EQ,55.25,56.05,54.01,54.38,55.35,33538,18.45,2026-09-17
ROSSTECH,EQ,1349.9,1426.9,1325.0,1357.2,1349.9,758996,10533.56,2026-09-17
ROTO,EQ,62.1,65.7,62.09,63.35,62.13,667933,429.92,2026-09-17
ROUTE,EQ,480.7,494.8,478.3,492.6,480.7,175473,853.69,2026-09-17
RPEL,EQ,1549.0,1695.0,1538.0,1654.3,1547.0,221802,3635.55,2026-09-17
RPGLIFE,EQ,2754.0,2889.0,2696.8,2824.5,2739.1,18681,526.52,2026-09-17
RPOWER,EQ,20.88,21.4,20.78,21.05,20.78,14286289,3014.27,2026-09-17
RPPINFRA,EQ,54.8,54.99,53.61,54.79,53.56,42606,23.19,2026-09-17
RPSGVENT,EQ,823.7,836.95,819.05,832.5,823.7,14068,116.55,2026-09-17
RPTECH,EQ,792.0,817.4,790.5,806.8,794.45,154700,1251.4,2026-09-17
RRECL,EQ,125.0,145.0,125.0,144.0,135.57,53,0.07,2026-09-17
RRIL,EQ,15.76,16.02,15.35,15.96,16.23,50261,7.88,2026-09-17
RRKABEL,EQ,2399.0,2441.3,2378.1,2390.5,2397.4,290367,6983.59,2026-09-17
RSL,EQ,180.9,188.18,179.05,180.63,180.84,269803,491.57,2026-09-17
RSSOFTWARE,EQ,30.24,30.49,29.95,30.0,29.92,9423,2.85,2026-09-17
RSYSTEMS,EQ,240.74,247.68,237.81,245.78,240.74,131088,320.01,2026-09-17
RTNINDIA,EQ,26.73,26.95,24.95,26.37,26.74,1807116,476.74,2026-09-17
RTNPOWER,EQ,7.06,7.09,7.0,7.06,7.03,10973501,772.3,2026-09-17
RTSPOWR,EQ,86.97,86.97,84.4,86.79,83.72,123,0.11,2026-09-17
RUBFILA,EQ,66.96,67.75,65.1,65.72,65.04,53106,35.08,2026-09-17
RUBICON,EQ,1766.7,1834.9,1766.7,1778.3,1766.7,181529,3259.01,2026-09-17
RUBYMILLS,EQ,461.0,466.4,446.45,457.6,462.1,25178,114.99,2026-09-17
RUCHINFRA,EQ,5.29,5.29,5.1,5.14,5.22,70536,3.66,2026-09-17
RUCHIRA,EQ,107.81,110.79,106.0,107.45,107.28,39762,43.16,2026-09-17
RUDRA,EQ,19.9,20.8,19.9,20.36,20.08,19030,3.87,2026-09-17
RUPA,EQ,132.08,135.27,130.31,134.97,132.08,108222,143.96,2026-09-17
RUSHIL,EQ,15.08,15.8,13.91,15.57,15.33,3207179,469.15,2026-09-17
RUSTOMJEE,EQ,338.35,345.05,337.0,340.95,338.35,13704,46.82,2026-09-17
RVHL,EQ,39.01,39.9,38.01,38.7,39.43,3771,1.46,2026-09-17
RVNL,EQ,196.5,201.9,196.5,201.7,197.5,3554203,7088.99,2026-09-17
RVTH,EQ,669.65,679.05,663.0,666.75,663.0,204,1.36,2026-09-17
S&SPOWER,EQ,329.8,329.8,318.0,318.7,321.35,1890,6.06,2026-09-17
SAATVIKGL,EQ,413.05,413.05,402.6,404.5,413.25,94033,383.01,2026-09-17
SAB,EQ,174.18,174.18,174.18,174.18,175.05,1,0.0,2026-09-17
SADBHAV,EQ,7.6,7.75,7.46,7.52,7.6,119756,9.1,2026-09-17
SADBHIN,EQ,2.66,2.66,2.46,2.48,2.55,162843,4.1,2026-09-17
SAFARI,EQ,1520.0,1525.5,1496.1,1511.4,1520.5,30289,457.1,2026-09-17
SAGARDEEP,EQ,23.92,24.15,23.2,23.5,23.81,5082,1.2,2026-09-17
SAGCEM,EQ,148.02,152.49,147.0,149.41,147.99,29756,44.22,2026-09-17
SAGILITY,EQ,45.02,45.38,44.45,44.56,45.02,10163066,4554.44,2026-09-17
SAHLIBHFI,EQ,79.9,80.87,77.0,78.52,78.94,9115,7.23,2026-09-17
SAHYADRI,EQ,364.9,370.0,357.0,359.25,361.3,5407,19.55,2026-09-17
SAICAPI,EQ,158.84,160.1,155.66,158.99,158.84,61,0.1,2026-09-17
SAIL,EQ,173.0,176.25,173.0,175.01,173.55,11246822,19664.39,2026-09-17
SAILIFE,EQ,1537.9,1569.6,1530.2,1545.7,1539.1,443745,6867.82,2026-09-17
SAIPARENT,EQ,516.0,516.0,505.55,510.25,516.45,23068,117.71,2026-09-17
SAKAR,EQ,1100.0,1163.85,1100.0,1129.55,1105.4,72715,826.73,2026-09-17
SAKHTISUG,EQ,18.53,18.9,18.31,18.44,18.53,64020,11.91,2026-09-17
SAKSOFT,EQ,141.18,143.85,140.71,142.92,141.18,179023,254.93,2026-09-17
SAKUMA,EQ,1.55,1.58,1.54,1.54,1.56,681384,10.57,2026-09-17
SALASAR,EQ,4.92,4.96,4.87,4.89,4.93,2278124,111.9,2026-09-17
SALONA,EQ,269.95,269.95,263.05,266.05,264.0,180,0.48,2026-09-17
SALSTEEL,EQ,76.7,78.35,75.87,78.35,74.62,243492,189.23,2026-09-17
SALZERELEC,EQ,556.5,564.95,548.65,550.95,557.85,39715,220.88,2026-09-17
SAMBANDAM,EQ,105.0,105.39,101.0,101.51,106.27,2802,2.85,2026-09-17
SAMBHAAV,EQ,5.9,6.14,5.88,6.0,5.89,13902,0.84,2026-09-17
SAMBHV,EQ,128.11,131.0,127.5,129.09,128.4,899777,1164.74,2026-09-17
SAMHI,EQ,160.0,162.24,153.6,156.67,160.27,1218576,1931.08,2026-09-17
SAMMAANCAP,EQ,142.0,144.57,141.3,142.22,142.19,4348828,6209.22,2026-09-17
SAMPANN,EQ,24.44,24.69,23.11,24.26,24.28,35582,8.5,2026-09-17
SANATHAN,EQ,448.0,466.75,448.0,461.95,454.05,43107,196.97,2026-09-17
SANDESH,EQ,1027.3,1045.0,1014.5,1037.4,1032.3,408,4.21,2026-09-17
SANDHAR,EQ,585.0,596.2,579.0,588.25,583.25,115625,679.15,2026-09-17
SANDUMA,EQ,180.6,183.78,180.6,182.53,180.6,389388,710.91,2026-09-17
SANGAMIND,EQ,562.3,590.0,562.3,583.05,566.55,18253,105.65,2026-09-17
SANGHVIMOV,EQ,410.4,424.8,410.4,419.65,408.25,307857,1286.24,2026-09-17
SANOFI,EQ,3111.2,3126.7,3075.2,3085.0,3111.2,15928,493.21,2026-09-17
SANOFICONR,EQ,4018.0,4046.8,3926.0,3989.5,3990.4,4821,192.91,2026-09-17
SANSERA,EQ,3969.0,4048.0,3938.5,4017.5,3971.2,130544,5227.31,2026-09-17
SANSTAR,EQ,112.48,116.55,112.48,115.54,112.81,348381,400.56,2026-09-17
SAPPHIRE,EQ,223.1,235.39,222.78,233.24,223.32,1148165,2658.34,2026-09-17
SAPPL,EQ,287.8,287.8,276.0,278.75,274.65,949,2.63,2026-09-17
SARDAEN,EQ,500.0,525.0,495.45,506.95,497.35,829409,4247.76,2026-09-17
SAREGAMA,EQ,483.5,501.9,483.0,489.25,486.55,420340,2077.96,2026-09-17
SARLAPOLY,EQ,95.62,97.1,95.62,96.49,95.22,19034,18.32,2026-09-17
SARVESHWAR,EQ,3.76,3.86,3.72,3.72,3.79,1262970,47.41,2026-09-17
SASKEN,EQ,1687.8,1740.0,1670.2,1722.1,1681.5,31022,532.01,2026-09-17
SATIA,EQ,68.11,70.0,67.08,67.63,68.11,92651,63.46,2026-09-17
SATIN,EQ,215.1,222.86,215.1,219.82,217.88,86493,190.18,2026-09-17
SAURASHCEM,EQ,52.5,53.29,51.4,51.91,52.33,152309,79.08,2026-09-17
SAYAJIIND,EQ,113.0,113.0,113.0,113.0,113.0,3,0.0,2026-09-17
SBC,EQ,47.65,48.68,47.65,48.25,47.63,7597720,3668.63,2026-09-17
SBCL,EQ,1062.0,1115.0,1057.2,1091.8,1057.0,279880,3061.83,2026-09-17
SBFC,EQ,94.0,95.15,93.06,93.32,93.66,515860,484.49,2026-09-17
SBGLP,EQ,23.0,25.78,22.99,25.78,21.49,684921,176.08,2026-09-17
SBIBPB,EQ,48.27,48.79,47.6,47.77,48.27,86400,41.46,2026-09-17
SBICARD,EQ,616.0,641.55,616.0,636.95,618.1,1811876,11470.63,2026-09-17
SBIETFCON,EQ,118.97,118.97,117.91,118.54,117.78,1963,2.32,2026-09-17
SBIETFIT,EQ,319.01,326.8,319.01,323.24,322.23,5344,17.21,2026-09-17
SBIETFPB,EQ,283.59,283.59,277.68,278.65,279.3,6642,18.54,2026-09-17
SBIETFQLTY,EQ,213.0,215.01,213.0,214.83,213.75,1903,4.07,2026-09-17
SBIFUNDS,EQ,530.0,542.3,528.25,540.95,530.1,1328674,7110.61,2026-09-17
SBILIFE,EQ,1693.0,1771.1,1689.0,1766.9,1697.9,1760558,30805.97,2026-09-17
SBILIQETF,EQ,1056.22,1056.22,1056.2,1056.2,1056.07,96438,1018.58,2026-09-17
SBIMIDMOM,EQ,61.92,62.95,61.92,62.65,62.01,106166,66.5,2026-09-17
SBIN,EQ,991.2,1000.9,985.2,988.7,991.4,8624398,85392.36,2026-09-17
SBINEQWETF,EQ,32.37,34.5,32.21,32.57,32.21,15561,5.04,2026-09-17
SBINMID150,EQ,22.48,22.89,22.48,22.74,22.48,9273,2.09,2026-09-17
SBISILVER,EQ,222.0,223.0,220.45,222.1,224.07,817072,1812.2,2026-09-17
SBISMLETF,EQ,18.07,18.17,17.91,18.16,17.9,10469,1.89,2026-09-17
SBIVALETF,EQ,14.42,14.48,14.34,14.44,14.35,855,0.12,2026-09-17
SCHAEFFLER,EQ,3921.9,4041.4,3870.2,3991.0,3898.9,87486,3456.39,2026-09-17
SCHAND,EQ,131.02,135.99,131.02,134.88,133.28,22948,30.89,2026-09-17
SCHNEIDER,EQ,1192.0,1207.5,1177.2,1201.9,1198.6,279345,3338.17,2026-09-17
SCI,EQ,267.65,272.25,267.15,270.0,266.9,1114004,3001.57,2026-09-17
SCILAL,EQ,37.5,38.64,37.5,38.19,37.91,207970,79.46,2026-09-17
SCODATUBES,EQ,124.99,128.09,123.0,123.97,124.34,162632,204.29,2026-09-17
SDBL,EQ,67.3,68.84,67.03,67.8,67.29,226418,153.53,2026-09-17
SEAMECLTD,EQ,1709.0,1750.9,1695.9,1738.5,1701.6,34655,597.4,2026-09-17
SECMARK,EQ,132.4,144.45,128.8,139.95,143.74,2421,3.35,2026-09-17
SECURKLOUD,EQ,16.6,17.44,16.6,17.17,17.06,14293,2.43,2026-09-17
SEDEMAC,EQ,3158.8,3214.4,3025.6,3110.6,3122.4,285470,9003.4,2026-09-17
SEIL,EQ,188.36,194.1,186.0,193.07,189.33,91703,173.89,2026-09-17
SEJALLTD,EQ,681.7,681.7,663.0,681.7,649.25,11757,79.93,2026-09-17
SEKURITIND,EQ,107.0,109.99,107.0,108.72,107.25,14502,15.69,2026-09-17
SELECTIPO,EQ,47.35,47.73,47.32,47.48,47.35,24630,11.7,2026-09-17
SEMAC,EQ,269.0,270.0,268.0,270.0,269.0,139,0.37,2026-09-17
SENCO,EQ,331.55,344.95,330.35,342.35,332.25,492434,1666.14,2026-09-17
SENORES,EQ,1378.4,1435.0,1358.0,1402.6,1376.9,369889,5178.6,2026-09-17
SENSEXADD,EQ,76.9,77.1,76.51,76.96,76.9,414,0.32,2026-09-17
SENSEXAXIS,EQ,77.33,77.6,77.05,77.44,77.33,602,0.47,2026-09-17
SENSEXBETA,EQ,819.0,832.0,818.01,830.88,818.38,1761,14.53,2026-09-17
SENSEXETF,EQ,77.15,77.15,76.61,76.91,76.84,20812,16.01,2026-09-17
SENSEXIETF,EQ,851.86,859.76,851.86,855.42,856.15,5540,47.43,2026-09-17
SEPC,EQ,5.08,5.25,5.08,5.22,5.11,5711817,295.77,2026-09-17
SERVOTECH,EQ,72.43,74.2,72.0,72.27,73.24,328484,239.53,2026-09-17
SESHAPAPER,EQ,247.0,252.98,247.0,247.82,246.72,49766,124.35,2026-09-17
SETF10GILT,EQ,262.49,263.87,261.35,261.38,262.49,1434,3.75,2026-09-17
SETFGOLD,EQ,128.19,128.88,127.59,128.39,128.88,4118582,5282.06,2026-09-17
SETFNIF50,EQ,251.4,252.09,249.91,251.29,250.64,487492,1225.68,2026-09-17
SETFNIFBK,EQ,577.41,580.9,576.06,576.31,577.41,260815,1506.46,2026-09-17
SETFNN50,EQ,761.11,766.5,756.14,765.01,758.2,13672,104.21,2026-09-17
SETL,EQ,409.95,422.0,401.45,401.45,422.55,2842075,11561.69,2026-09-17
SFL,EQ,663.8,679.45,663.8,673.0,663.05,68845,462.59,2026-09-17
SGFIN,EQ,618.25,630.5,610.0,619.9,618.2,161589,998.36,2026-09-17
SGIL,EQ,606.35,606.6,583.1,592.35,581.5,4910,29.04,2026-09-17
SGL,EQ,9.62,10.21,9.0,9.68,9.64,29470,2.79,2026-09-17
SGLRES,EQ,2.49,2.53,2.35,2.49,2.44,53314,1.32,2026-09-17
SGMART,EQ,694.15,722.8,694.15,712.25,697.65,219503,1566.26,2026-09-17
SGRL,EQ,654.8,679.0,638.85,678.2,648.65,6805,45.11,2026-09-17
SHADOWFAX,EQ,243.75,254.0,243.75,251.65,243.75,1463627,3670.96,2026-09-17
SHAH,EQ,3.35,3.38,3.29,3.3,3.34,3004944,99.99,2026-09-17
SHAILY,EQ,3080.0,3155.0,3080.0,3107.2,3097.3,78725,2449.97,2026-09-17
SHAKTIPUMP,EQ,466.8,468.95,458.5,464.1,463.9,505053,2337.24,2026-09-17
SHALBY,EQ,135.0,140.05,135.0,138.5,135.74,156178,214.92,2026-09-17
SHANKARA,EQ,149.85,149.85,148.61,149.29,149.24,129256,193.03,2026-09-17
SHANKESH,EQ,90.33,91.58,88.5,88.96,89.55,1886550,1694.24,2026-09-17
SHANTI,EQ,6.39,6.39,6.06,6.29,6.06,18255,1.13,2026-09-17
SHANTIGEAR,EQ,693.0,708.3,673.35,677.6,691.6,65634,453.63,2026-09-17
SHANTIGOLD,EQ,243.89,247.59,241.0,242.44,243.95,652411,1590.6,2026-09-17
SHARDACROP,EQ,745.0,758.85,740.05,741.7,745.5,103362,770.65,2026-09-17
SHARDAMOTR,EQ,935.0,951.85,918.0,948.35,930.55,63598,601.09,2026-09-17
SHAREINDIA,EQ,199.0,219.95,196.2,218.44,196.05,28924428,62065.05,2026-09-17
SHARIABEES,EQ,438.0,443.98,435.01,439.9,439.4,5890,25.87,2026-09-17
SHBAJRG,EQ,152.0,155.01,148.28,152.08,151.35,5324,8.17,2026-09-17
SHILCTECH,EQ,4017.0,4163.0,4017.0,4103.4,4016.5,11854,487.53,2026-09-17
SHILGRAVQ,EQ,155.02,162.99,155.0,158.0,154.88,1172,1.85,2026-09-17
SHILPAMED,EQ,923.0,963.0,923.0,958.35,928.05,819680,7806.32,2026-09-17
SHINDL,EQ,161.02,163.21,160.62,161.05,163.05,88869,144.12,2026-09-17
SHIPROCKET,EQ,123.66,125.98,120.0,120.93,123.66,4468956,5466.47,2026-09-17
SHIVAAGRO,EQ,39.88,39.89,38.0,38.71,39.89,130,0.05,2026-09-17
SHIVACEM,EQ,15.67,15.79,15.01,15.3,15.5,41715,6.36,2026-09-17
SHIVALIK,EQ,389.15,399.85,367.2,369.3,389.15,112649,429.27,2026-09-17
SHIVAMAUTO,EQ,17.0,17.0,16.1,16.19,16.33,13374,2.2,2026-09-17
SHIVAMILLS,EQ,61.49,61.49,59.02,60.2,59.86,1076,0.65,2026-09-17
SHIVATEX,EQ,180.5,180.5,174.11,174.17,177.7,2812,5.01,2026-09-17
SHIVAUM,EQ,468.15,469.95,468.0,468.05,469.0,439,2.06,2026-09-17
SHK,EQ,133.42,142.85,132.93,138.67,133.42,773894,1073.84,2026-09-17
SHOPERSTOP,EQ,390.65,438.6,390.0,413.3,395.3,835711,3531.46,2026-09-17
SHRADDHA,EQ,154.45,154.45,146.11,150.73,152.97,5141,7.76,2026-09-17
SHRADHA,EQ,31.94,31.95,31.09,31.15,31.49,3241,1.01,2026-09-17
SHREDIGCEM,EQ,67.14,67.98,66.1,67.42,66.19,58327,39.02,2026-09-17
SHREECEM,EQ,21760.0,22080.0,21685.0,21960.0,21795.0,15117,3310.28,2026-09-17
SHREEJISPG,EQ,688.35,697.55,680.3,691.0,690.2,1140193,7846.9,2026-09-17
SHREEPUSHK,EQ,506.65,522.85,502.7,512.5,506.95,69346,355.83,2026-09-17
SHREERAMA,EQ,44.41,44.75,43.91,44.36,43.98,14020,6.22,2026-09-17
SHREYANIND,EQ,126.25,129.75,125.82,128.01,127.48,5027,6.43,2026-09-17
SHRIKRISH,EQ,34.01,40.0,34.01,34.04,34.0,527,0.18,2026-09-17
SHRINGARMS,EQ,209.49,213.5,209.35,211.74,209.49,131415,278.52,2026-09-17
SHRIPISTON,EQ,4332.0,4433.7,4276.1,4385.4,4309.3,47628,2081.61,2026-09-17
SHRIRAMFIN,EQ,979.0,1005.5,978.3,995.0,979.0,4285999,42585.45,2026-09-17
SHRIRAMPPS,EQ,70.5,74.4,70.41,72.91,70.57,255885,183.68,2026-09-17
SHRJAGP,EQ,643.05,660.6,641.05,642.5,637.15,325,2.12,2026-09-17
SHUKRAPHAR,EQ,54.58,55.79,54.06,54.24,54.6,2008697,1093.13,2026-09-17
SHYAMMETL,EQ,1050.0,1093.9,1045.4,1077.0,1048.0,439035,4742.72,2026-09-17
SHYAMTEL,EQ,11.42,11.44,10.56,11.09,11.2,1777,0.2,2026-09-17
SICAGEN,EQ,52.41,53.29,52.0,52.22,52.41,7334,3.84,2026-09-17
SIEMENS,EQ,3743.1,3817.4,3742.0,3763.5,3742.0,373967,14142.36,2026-09-17
SIGACHI,EQ,27.58,31.24,27.58,29.33,31.16,12942255,3827.94,2026-09-17
SIGMA,EQ,46.48,46.94,45.7,46.24,45.6,78093,36.1,2026-09-17
SIGNATURE,EQ,753.6,793.3,745.0,755.3,752.5,647926,4961.23,2026-09-17
SIGNPOST,EQ,261.85,264.0,256.2,262.15,263.55,46904,122.51,2026-09-17
SIKA,EQ,1063.0,1063.0,1021.0,1027.05,1052.2,25819,268.3,2026-09-17
SIL,EQ,16.27,16.9,15.6,16.63,16.52,112890,18.32,2026-09-17
SILGO,EQ,70.62,71.57,70.0,70.18,71.04,12245,8.64,2026-09-17
SILINV,EQ,435.0,449.7,431.0,438.4,440.1,462,2.02,2026-09-17
SILVER,EQ,226.44,227.33,224.75,226.36,228.18,521415,1178.28,2026-09-17
SILVER001,EQ,23.67,23.67,22.75,22.94,23.12,15756,3.6,2026-09-17
SILVER1,EQ,22.0,22.1,21.84,21.98,22.2,13186412,2894.57,2026-09-17
SILVER360,EQ,220.2,224.3,220.2,223.42,225.16,5530,12.33,2026-09-17
SILVERADD,EQ,22.0,22.0,21.68,21.84,22.04,4411434,962.08,2026-09-17
SILVERAG,EQ,221.0,221.51,218.97,220.74,222.76,296566,653.74,2026-09-17
SILVERAXIS,EQ,225.1,226.37,223.71,225.27,227.04,265264,597.86,2026-09-17
SILVERBEES,EQ,216.01,217.58,215.17,216.64,218.46,13737345,29713.12,2026-09-17
SILVERBETA,EQ,219.0,219.7,217.13,218.54,220.69,763766,1666.62,2026-09-17
SILVERBND,EQ,227.58,228.09,226.0,227.01,229.24,5427,12.29,2026-09-17
SILVERCASE,EQ,22.98,23.07,22.8,22.95,23.16,5225578,1199.06,2026-09-17
SILVERIETF,EQ,226.2,227.28,224.7,226.19,228.08,2238306,5057.68,2026-09-17
SILVERTUC,EQ,153.05,155.57,148.2,149.08,153.05,290398,441.45,2026-09-17
SIMPLEXINF,EQ,246.05,261.0,246.05,252.4,248.85,123062,312.82,2026-09-17
SIMPLXREA,EQ,120.5,132.0,120.5,126.25,126.01,6,0.01,2026-09-17
SINCLAIR,EQ,77.93,78.96,77.42,77.56,77.92,9862,7.69,2026-09-17
SINDHUTRAD,EQ,23.35,23.7,22.66,23.27,23.35,909454,211.49,2026-09-17
SINGERIND,EQ,77.0,78.78,76.0,76.86,77.2,32404,25.23,2026-09-17
SINTERCOM,EQ,75.32,76.4,74.05,76.03,75.32,3794,2.85,2026-09-17
SIRCA,EQ,402.95,410.75,397.5,406.55,403.25,609017,2456.85,2026-09-17
SIS,EQ,415.9,425.9,415.0,419.8,415.9,370623,1566.98,2026-09-17
SIYSIL,EQ,518.75,529.15,511.1,514.45,516.05,31946,165.49,2026-09-17
SJS,EQ,2318.3,2318.3,2260.2,2266.0,2297.2,68521,1563.07,2026-09-17
SJVN,EQ,64.1,64.96,63.8,64.75,64.06,1251682,804.84,2026-09-17
SKFINDIA,EQ,1549.7,1560.0,1527.4,1541.0,1546.3,44468,685.0,2026-09-17
SKFINDUS,EQ,2925.0,3057.4,2890.0,2940.3,2943.0,27140,803.69,2026-09-17
SKIPPER,EQ,515.0,537.5,513.0,532.55,522.65,1109582,5842.9,2026-09-17
SKMEGGPROD,EQ,229.55,236.15,229.55,231.9,229.6,122879,286.21,2026-09-17
SKYGOLD,EQ,789.0,803.0,782.85,793.3,792.6,443143,3529.42,2026-09-17
SKYWAYS,EQ,113.57,119.0,112.25,117.98,113.42,2932070,3389.24,2026-09-17
SMALL250,EQ,18.29,18.29,17.91,18.1,17.9,257569,46.55,2026-09-17
SMALLADD,EQ,18.03,18.19,18.03,18.11,17.99,12790,2.32,2026-09-17
SMALLCAP,EQ,48.84,48.84,47.37,48.18,47.65,1476596,710.9,2026-09-17
SMALLGROWW,EQ,47.89,48.89,47.89,48.11,47.62,7927,3.82,2026-09-17
SMALLIETF,EQ,17.4,18.18,17.4,18.09,17.93,67545,12.18,2026-09-17
SMARTWORKS,EQ,516.0,525.0,511.7,519.9,520.2,49448,257.12,2026-09-17
SMCGLOBAL,EQ,80.97,83.47,80.43,82.87,80.57,1239264,1010.98,2026-09-17
SML100CASE,EQ,11.0,11.16,11.0,11.13,11.01,770506,85.59,2026-09-17
SMLMAH,EQ,6030.0,6268.5,6029.5,6220.5,5971.5,48450,2982.98,2026-09-17
SMLT,EQ,60.0,64.0,59.38,59.98,59.88,8842,5.36,2026-09-17
SMSPHARMA,EQ,405.25,418.55,403.25,413.75,402.95,672288,2780.74,2026-09-17
SNOWMAN,EQ,34.75,35.27,34.0,34.72,34.54,98327,34.07,2026-09-17
SNXT30BEES,EQ,41.5,42.0,41.5,41.91,41.62,2988,1.25,2026-09-17
SNXT50BETA,EQ,92.98,93.0,91.51,92.9,92.99,1834,1.7,2026-09-17
SOBHA,EQ,1178.3,1200.7,1172.0,1189.4,1181.8,46940,557.85,2026-09-17
SOFTTECH,EQ,500.0,500.7,474.1,500.7,476.9,18047,89.87,2026-09-17
SOLARA,EQ,722.15,750.0,715.95,741.7,711.5,504562,3737.95,2026-09-17
SOLARINDS,EQ,18900.0,19075.0,18590.0,18815.0,18900.0,214606,40479.28,2026-09-17
SOLARWORLD,EQ,133.76,137.9,133.0,133.78,133.76,200860,272.59,2026-09-17
SOLEX,EQ,659.35,680.0,656.05,671.3,657.65,21585,143.97,2026-09-17
SOMANYCERA,EQ,556.7,570.0,553.9,565.85,555.15,85673,485.39,2026-09-17
SOMATEX,EQ,80.5,83.4,80.5,82.77,80.58,5577,4.57,2026-09-17
SOMICONVEY,EQ,98.0,98.0,93.7,94.6,94.11,94923,91.59,2026-09-17
SONACOMS,EQ,762.0,791.25,759.05,777.9,768.0,3093640,24160.27,2026-09-17
SONAL,EQ,89.95,89.95,83.0,83.12,86.11,123,0.11,2026-09-17
SONATSOFTW,EQ,276.95,283.2,273.45,281.65,276.9,996730,2788.3,2026-09-17
SOTL,EQ,685.0,700.35,681.55,691.4,694.4,138210,954.47,2026-09-17
SOUTHBANK,EQ,45.2,46.4,45.2,45.88,45.19,9755681,4477.76,2026-09-17
SOUTHWEST,EQ,198.9,204.89,198.76,200.07,198.58,90501,181.18,2026-09-17
SPAL,EQ,973.3,1010.1,969.0,1003.1,974.9,47780,474.04,2026-09-17
SPANDANA,EQ,225.8,231.2,223.81,227.02,225.8,55272,125.87,2026-09-17
SPARC,EQ,184.0,195.36,183.08,193.16,185.59,836310,1599.77,2026-09-17
SPCENET,EQ,3.25,3.3,3.1,3.19,3.24,912892,29.12,2026-09-17
SPENCERS,EQ,28.4,28.5,27.52,28.17,28.21,22154,6.22,2026-09-17
SPIC,EQ,66.77,68.2,66.1,66.92,66.83,294399,198.5,2026-09-17
SPLIL,EQ,29.57,30.0,29.57,29.95,29.57,4639,1.38,2026-09-17
SPLPETRO,EQ,800.6,814.9,790.6,807.0,792.7,113748,918.35,2026-09-17
SPMLINFRA,EQ,171.58,172.84,168.61,170.67,172.03,63567,108.38,2026-09-17
SPORTKING,EQ,201.25,206.0,199.41,200.53,200.96,173075,349.31,2026-09-17
SRD,EQ,40.19,40.25,39.0,39.54,40.09,7101,2.81,2026-09-17
SRF,EQ,2505.0,2554.0,2501.0,2536.0,2480.1,796952,20236.13,2026-09-17
SRGHFL,EQ,120.0,132.0,118.6,126.65,126.4,106102,130.25,2026-09-17
SRHHYPOLTD,EQ,510.0,520.0,509.95,517.6,509.7,19885,102.86,2026-09-17
SRM,EQ,419.9,428.45,419.9,425.75,419.8,23088,98.01,2026-09-17
SRTL,EQ,36.86,38.28,36.5,37.98,36.86,24385,9.12,2026-09-17
SSDL,EQ,60.29,62.5,59.1,62.08,59.7,36959,22.62,2026-09-17
SSWL,EQ,350.95,356.85,346.3,348.25,350.05,440929,1549.28,2026-09-17
STANLEY,EQ,136.07,138.49,135.41,137.63,135.72,48824,66.93,2026-09-17
STAR,EQ,1180.0,1214.9,1162.0,1200.2,1183.9,225030,2700.27,2026-09-17
STARCEMENT,EQ,186.5,188.8,184.61,188.33,187.3,215639,405.22,2026-09-17
STARHEALTH,EQ,546.0,562.85,539.5,560.55,545.7,373802,2075.57,2026-09-17
STARPAPER,EQ,160.0,161.5,152.5,155.92,161.46,59733,93.07,2026-09-17
STARTECK,EQ,277.0,277.0,235.15,237.45,236.8,700,1.69,2026-09-17
STCINDIA,EQ,111.96,113.95,110.9,111.4,111.08,17027,19.01,2026-09-17
STEAMHOUSE,EQ,94.5,103.95,91.6,102.55,81.0,81139258,80488.26,2026-09-17
STEELCAS,EQ,299.25,308.0,296.15,303.45,299.25,154963,469.18,2026-09-17
STEELCITY,EQ,87.69,87.7,84.5,85.77,85.25,7679,6.55,2026-09-17
STEELXIND,EQ,10.92,11.52,10.92,11.2,11.07,5627901,635.0,2026-09-17
STEL,EQ,602.05,637.8,602.05,631.9,602.05,5198,32.42,2026-09-17
STLNETWORK,EQ,39.48,40.91,39.28,40.91,38.97,5830611,2363.09,2026-09-17
STLSTRINF,EQ,27.18,27.8,25.0,25.15,26.52,22466,5.88,2026-09-17
STOVEKRAFT,EQ,818.8,843.8,818.8,833.65,828.55,64463,538.25,2026-09-17
STUDDS,EQ,409.95,413.45,403.5,404.35,404.85,14567,59.12,2026-09-17
STYL,EQ,361.9,373.0,358.4,365.85,361.2,135224,496.19,2026-09-17
STYLAMIND,EQ,3152.2,3278.0,3152.2,3238.2,3188.1,37214,1206.75,2026-09-17
STYLEBAAZA,EQ,372.0,390.9,369.45,388.05,372.3,1409608,5364.53,2026-09-17
STYRENIX,EQ,2059.7,2088.9,2055.0,2065.9,2059.7,17937,371.74,2026-09-17
SUBEXLTD,EQ,19.79,20.5,19.45,19.9,19.59,10284365,2052.44,2026-09-17
SUBROS,EQ,678.0,695.0,678.0,689.6,678.0,31401,216.2,2026-09-17
SUDARCOLOR,EQ,370.5,386.0,370.0,377.6,370.5,10787,40.69,2026-09-17
SUDARSCHEM,EQ,1205.2,1231.7,1192.3,1205.4,1198.7,96727,1172.61,2026-09-17
SUDEEPPHRM,EQ,1107.2,1155.9,1086.2,1105.4,1107.2,263271,2935.04,2026-09-17
SUKHJITS,EQ,160.0,162.95,160.0,160.71,159.22,10305,16.64,2026-09-17
SULA,EQ,136.52,137.57,135.0,135.9,136.52,211637,287.88,2026-09-17
SUMEDHA,EQ,47.44,47.44,42.55,44.61,43.15,1402,0.63,2026-09-17
SUMEETINDS,EQ,9.44,9.98,9.26,9.35,9.73,1527262,145.19,2026-09-17
SUMICHEM,EQ,454.05,458.9,451.5,455.45,454.05,171579,781.47,2026-09-17
SUMIT,EQ,49.81,51.4,47.25,48.66,50.56,21772,10.72,2026-09-17
SUMMITSEC,EQ,1399.0,1399.0,1383.5,1384.8,1391.7,2158,29.97,2026-09-17
SUNCLAY,EQ,1268.8,1268.8,1250.0,1252.8,1257.4,2894,36.29,2026-09-17
SUNDARAM,EQ,1.19,1.22,1.17,1.18,1.17,276086,3.3,2026-09-17
SUNDARMFIN,EQ,4672.4,4725.0,4625.0,4662.8,4672.4,30137,1399.72,2026-09-17
SUNDRMFAST,EQ,1207.7,1236.9,1207.7,1226.7,1219.9,81682,1001.52,2026-09-17
SUNDROP,EQ,657.4,662.0,652.0,657.4,653.15,6188,40.65,2026-09-17
SUNFLAG,EQ,337.1,345.9,337.1,343.7,339.0,86885,297.16,2026-09-17
SUNLOC,EQ,73.49,73.49,73.49,73.49,73.49,20,0.01,2026-09-17
SUNPHARMA,EQ,1853.5,1867.3,1847.4,1867.3,1853.5,1377506,25603.15,2026-09-17
SUNRAKSHAK,EQ,370.0,372.0,360.0,362.1,370.55,5639,20.66,2026-09-17
SUNSHIEL,EQ,1234.9,1250.0,1205.0,1215.7,1213.8,3393,41.86,2026-09-17
SUNSHINE,EQ,365.0,400.05,350.0,394.0,363.7,2910804,11024.43,2026-09-17
SUNTECK,EQ,280.65,284.8,278.95,281.25,281.15,54136,152.29,2026-09-17
SUNTV,EQ,463.95,471.0,459.15,468.4,462.45,195432,912.87,2026-09-17
SUPERHOUSE,EQ,175.5,175.5,167.2,167.58,167.48,5587,9.43,2026-09-17
SUPRAJIT,EQ,485.0,492.6,481.1,484.75,488.15,40496,196.83,2026-09-17
SUPREME,EQ,32.0,34.3,31.72,32.21,32.08,36149,11.67,2026-09-17
SUPREMEIND,EQ,3300.0,3381.4,3300.0,3344.4,3300.0,84838,2840.47,2026-09-17
SUPREMEINF,EQ,79.05,83.5,79.05,82.65,79.66,6214,5.05,2026-09-17
SUPRIYA,EQ,876.6,904.0,870.1,900.65,877.85,126854,1130.97,2026-09-17
SURAJEST,EQ,168.3,179.3,165.0,177.39,168.69,224699,390.31,2026-09-17
SURAJLTD,EQ,201.49,202.0,201.49,201.9,197.32,151,0.3,2026-09-17
SURAKSHA,EQ,323.4,330.7,323.4,328.95,326.8,96967,317.7,2026-09-17
SURANASOL,EQ,25.27,25.9,24.83,25.03,25.01,24342,6.13,2026-09-17
SURANAT&P,EQ,15.66,16.2,15.66,15.85,15.86,38039,6.05,2026-09-17
SURYALA,EQ,405.0,405.0,380.6,400.25,386.85,525,2.09,2026-09-17
SURYALAXMI,EQ,57.59,58.0,56.0,57.79,55.89,3677,2.11,2026-09-17
SURYAROSNI,EQ,209.0,213.0,208.21,209.97,209.2,354392,745.46,2026-09-17
SURYODAY,EQ,143.9,147.58,143.6,146.51,143.61,107239,156.91,2026-09-17
SUVEN,EQ,332.0,352.0,332.0,349.85,336.45,366587,1261.78,2026-09-17
SUVIDHAA,EQ,2.33,2.33,2.16,2.2,2.21,238695,5.3,2026-09-17
SUYOG,EQ,664.75,671.9,660.0,664.25,657.35,5676,37.66,2026-09-17
SUZLON,EQ,42.01,42.9,42.01,42.54,42.15,31153614,13265.56,2026-09-17
SVGLOBAL,EQ,134.0,134.0,127.0,128.26,134.03,700,0.93,2026-09-17
SVLL,EQ,800.4,824.4,800.4,818.35,804.2,1207,9.79,2026-09-17
SVPGLOB,EQ,3.49,3.57,3.25,3.35,3.41,7503,0.25,2026-09-17
SWANCORP,EQ,292.0,294.15,288.5,289.8,292.85,897898,2616.08,2026-09-17
SWARAJENG,EQ,3535.6,3563.5,3510.0,3552.9,3524.8,6103,216.05,2026-09-17
SWARNSAR,EQ,38.5,39.68,37.5,38.72,37.32,5937,2.29,2026-09-17
SWELECTES,EQ,543.45,559.0,543.45,552.75,543.45,8351,45.99,2026-09-17
SWIGGY,EQ,271.0,278.65,271.0,276.5,270.5,9241202,25509.19,2026-09-17
SWSOLAR,EQ,177.95,184.4,176.1,179.22,177.94,890103,1592.98,2026-09-17
SYMBIOTEC,EQ,1040.0,1057.0,1020.6,1045.6,1042.8,496349,5168.57,2026-09-17
SYMPHONY,EQ,570.6,588.0,569.1,584.9,570.1,36945,214.01,2026-09-17
SYNCOMF,EQ,18.4,19.05,18.16,18.78,18.41,5134471,960.05,2026-09-17
SYNGENE,EQ,380.1,381.5,376.1,380.2,380.1,160993,610.28,2026-09-17
SYRMA,EQ,1513.5,1658.0,1513.5,1617.7,1511.2,9182371,149408.87,2026-09-17
TAALTECH,EQ,5220.0,5439.0,5175.4,5349.2,5121.2,16454,875.63,2026-09-17
TAINWALCHM,EQ,205.37,213.7,205.37,210.04,209.09,5026,10.6,2026-09-17
TAJGVK,EQ,327.4,335.0,325.05,333.4,327.4,42903,142.05,2026-09-17
TAKE,EQ,17.01,17.59,16.79,16.79,17.67,179028,30.27,2026-09-17
TALBROAUTO,EQ,420.8,442.0,418.4,435.2,418.8,360775,1569.13,2026-09-17
TANAA,EQ,263.2,269.95,263.2,266.05,263.2,4382,11.68,2026-09-17
TANLA,EQ,489.55,499.8,489.55,495.15,487.55,235269,1165.21,2026-09-17
TARACHAND,EQ,47.75,47.75,46.73,46.8,46.73,17811,8.35,2026-09-17
TARAPUR,EQ,13.21,13.21,12.25,12.46,12.53,36564,4.63,2026-09-17
TARC,EQ,128.81,131.9,128.11,130.69,128.81,380735,496.86,2026-09-17
TARIL,EQ,278.75,286.4,275.0,276.0,277.1,1012882,2819.81,2026-09-17
TARMAT,EQ,57.06,57.97,56.2,56.56,57.47,8291,4.74,2026-09-17
TARSONS,EQ,302.0,310.5,301.95,307.8,302.3,46004,141.54,2026-09-17
TASTYBITE,EQ,9900.0,10058.0,9868.0,9944.0,9936.0,2447,244.54,2026-09-17
TATACAP,EQ,342.5,348.0,341.65,343.65,343.5,1147908,3949.9,2026-09-17
TATACHEM,EQ,728.0,832.0,724.75,779.3,731.8,14321725,111899.54,2026-09-17
TATACOMM,EQ,1810.0,1831.5,1771.2,1791.6,1799.3,310186,5576.65,2026-09-17
TATACONSUM,EQ,1003.1,1020.3,999.0,1013.7,1000.1,1966538,19909.38,2026-09-17
TATAELXSI,EQ,3373.0,3405.0,3343.5,3381.8,3373.0,123676,4179.03,2026-09-17
TATAGOLD,EQ,14.56,14.69,14.55,14.62,14.68,37551457,5490.5,2026-09-17
TATAINVEST,EQ,676.1,733.5,670.0,719.3,681.95,3732302,26491.31,2026-09-17
TATAPOWER,EQ,360.4,370.4,360.2,369.0,360.4,2859852,10457.67,2026-09-17
TATASTEEL,EQ,183.0,189.49,182.87,187.29,183.0,29397693,54575.11,2026-09-17
TATATECH,EQ,747.95,767.8,743.8,758.75,748.4,737720,5585.97,2026-09-17
TATSILV,EQ,21.99,22.1,21.84,21.99,22.2,33319083,7319.32,2026-09-17
TATVA,EQ,1670.0,1720.0,1635.0,1709.6,1646.8,89934,1521.37,2026-09-17
TBOTEK,EQ,1646.3,1683.2,1625.1,1647.7,1631.4,68566,1137.58,2026-09-17
TBZ,EQ,558.0,574.85,555.1,574.85,547.5,268358,1531.39,2026-09-17
TCC,EQ,52.16,52.39,50.15,51.25,52.26,658138,337.81,2026-09-17
TCI,EQ,827.6,857.85,822.9,826.55,827.0,43970,367.4,2026-09-17
TCIEXP,EQ,488.0,503.0,486.95,490.75,489.1,10399,51.4,2026-09-17
TCIFINANCE,EQ,14.26,15.19,14.26,14.62,14.89,8402,1.24,2026-09-17
TCPLPACK,EQ,3817.0,3936.2,3817.0,3863.4,3863.0,7005,271.86,2026-09-17
TCS,EQ,2171.0,2263.6,2162.5,2190.0,2188.8,3295917,72481.74,2026-09-17
TDPOWERSYS,EQ,701.4,723.8,691.55,722.1,696.0,2030402,14493.94,2026-09-17
TEAMGTY,EQ,247.9,247.9,235.0,235.0,242.52,372,0.87,2026-09-17
TEAMLEASE,EQ,1231.1,1245.8,1213.0,1226.7,1228.0,9021,111.01,2026-09-17
TECH,EQ,32.06,32.38,31.6,31.99,32.06,20077,6.4,2026-09-17
TECHM,EQ,1545.1,1569.7,1538.0,1561.0,1558.0,2730331,42469.01,2026-09-17
TECHNOCRAF,EQ,433.7,450.0,430.85,439.15,439.4,1068609,4724.19,2026-09-17
TECHNOE,EQ,975.0,998.7,975.0,984.7,971.05,124912,1232.98,2026-09-17
TECHNVISN,EQ,4362.0,4576.0,4144.0,4144.0,4362.0,378,16.0,2026-09-17
TECILCHEM,EQ,10.68,10.68,8.99,9.76,9.2,5140,0.5,2026-09-17
TEGA,EQ,1699.1,1944.0,1699.0,1920.0,1717.1,3909542,73510.18,2026-09-17
TEJASNET,EQ,516.0,529.8,511.55,524.25,514.8,1659693,8622.52,2026-09-17
TEMBO,EQ,56.4,57.3,55.51,56.57,56.48,727896,410.8,2026-09-17
TEMPSENS,EQ,514.9,562.3,505.05,541.55,540.55,4389873,23772.36,2026-09-17
TENNIND,EQ,510.4,516.15,507.45,514.05,512.05,333393,1706.86,2026-09-17
TERAI,EQ,126.5,126.53,120.0,120.0,127.16,1285,1.62,2026-09-17
TERASOFT,EQ,230.25,240.9,223.25,225.45,234.25,29406,67.43,2026-09-17
TEXINFRA,EQ,114.36,117.58,114.32,115.13,116.25,51383,59.4,2026-09-17
TEXMOPIPES,EQ,57.2,63.0,57.2,62.24,57.45,516056,318.22,2026-09-17
TEXRAIL,EQ,108.6,112.5,108.6,111.69,108.62,1648322,1826.88,2026-09-17
TFCILTD,EQ,138.99,141.5,138.45,139.06,138.81,12032665,16795.13,2026-09-17
TFL,EQ,12.18,12.19,11.61,11.81,12.17,9281,1.1,2026-09-17
TGBHOTELS,EQ,9.4,9.6,9.35,9.37,9.4,12374,1.17,2026-09-17
TGVSL,EQ,102.65,104.0,102.01,102.58,102.37,45919,47.29,2026-09-17
THACKER,EQ,949.0,950.0,949.0,949.0,952.0,6,0.06,2026-09-17
THANGAMAYL,EQ,4950.0,4950.0,4801.5,4811.0,4927.0,49263,2385.57,2026-09-17
THEINVEST,EQ,96.98,98.0,93.61,95.52,95.13,2553,2.44,2026-09-17
THEJO,EQ,2162.9,2250.0,2157.0,2183.4,2156.8,10121,223.64,2026-09-17
THELEELA,EQ,520.2,536.0,520.2,530.0,524.2,76806,406.97,2026-09-17
THEMISMED,EQ,120.5,123.34,119.0,119.85,119.76,56488,68.29,2026-09-17
THERMAX,EQ,3536.8,3591.4,3502.1,3569.5,3536.8,80547,2867.44,2026-09-17
THOMASCOOK,EQ,102.0,103.79,101.51,103.42,102.01,332746,342.37,2026-09-17
THOMASCOTT,EQ,235.0,244.95,232.0,234.9,233.8,53928,127.81,2026-09-17
THYROCARE,EQ,542.05,560.0,536.1,559.25,541.3,145357,805.96,2026-09-17
TI,EQ,523.0,551.0,520.1,543.85,526.55,1302970,6968.63,2026-09-17
TIGERLOGS,EQ,27.31,27.61,26.46,26.66,26.88,26633,7.13,2026-09-17
TIIL,EQ,3139.2,3164.0,3019.8,3049.7,3114.2,45785,1414.54,2026-09-17
TIINDIA,EQ,2566.0,2626.6,2560.4,2598.8,2566.6,199703,5191.08,2026-09-17
TIMETECHNO,EQ,172.65,178.1,172.6,174.54,173.53,2984106,5249.09,2026-09-17
TIMEX,EQ,605.0,620.4,605.0,611.1,605.45,151529,929.57,2026-09-17
TIMKEN,EQ,3204.4,3276.7,3168.0,3185.1,3238.6,32353,1039.94,2026-09-17
TINNARUBR,EQ,1010.0,1010.0,992.0,1000.75,1002.5,25275,252.64,2026-09-17
TIPSFILMS,EQ,311.0,319.1,311.0,318.5,315.2,950,2.99,2026-09-17
TIPSMUSIC,EQ,651.6,663.5,651.35,656.6,654.55,218134,1435.53,2026-09-17
TIRUMALCHM,EQ,154.5,157.0,153.82,155.56,154.19,193996,300.96,2026-09-17
TITAGARH,EQ,813.15,845.0,813.1,827.15,813.15,585375,4885.52,2026-09-17
TITAN,EQ,4895.0,4915.5,4838.5,4841.0,4908.5,489416,23808.96,2026-09-17
TMB,EQ,907.0,912.4,889.45,891.45,904.2,90552,812.53,2026-09-17
TMCV,EQ,424.25,437.35,421.8,436.1,424.25,4775496,20606.04,2026-09-17
TMPV,EQ,301.0,319.8,299.75,314.5,301.0,11903808,37044.12,2026-09-17
TNIDETF,EQ,87.54,89.37,87.54,88.37,87.97,57525,50.79,2026-09-17
TNPETRO,EQ,126.84,132.0,125.2,127.34,127.72,902146,1160.0,2026-09-17
TNPL,EQ,147.25,151.0,143.81,144.64,152.09,389795,571.71,2026-09-17
TNTELE,EQ,8.99,8.99,8.52,8.84,8.72,13146,1.15,2026-09-17
TOKYOPLAST,EQ,73.05,75.6,73.0,75.6,76.4,1571,1.16,2026-09-17
TOLINS,EQ,86.1,88.5,86.1,88.22,86.07,25926,22.73,2026-09-17
TOP100CASE,EQ,10.46,10.46,10.2,10.26,10.21,1171887,120.33,2026-09-17
TOP10ADD,EQ,85.11,85.86,84.86,85.42,85.25,453187,386.64,2026-09-17
TOP15IETF,EQ,9.53,9.7,9.46,9.56,9.5,31445,2.99,2026-09-17
TOP20,EQ,8.6,9.0,8.59,8.64,8.6,69451,6.01,2026-09-17
TORNTPHARM,EQ,4810.0,4899.0,4794.5,4875.0,4812.5,411409,19885.25,2026-09-17
TORNTPOWER,EQ,1300.0,1310.6,1271.0,1276.4,1295.3,154452,1988.78,2026-09-17
TOUCHWOOD,EQ,62.17,62.17,60.03,61.52,61.64,348,0.21,2026-09-17
TOYAMSL,EQ,0.74,0.74,0.72,0.74,0.71,2893693,21.39,2026-09-17
TPLPLASTEH,EQ,65.47,66.46,62.81,64.49,64.63,131082,85.38,2026-09-17
TRACXN,EQ,30.99,31.49,30.65,30.84,30.96,80926,25.06,2026-09-17
TRANSCOR,EQ,25.1,25.1,24.0,25.04,25.1,2691,0.65,2026-09-17
TRANSRAILL,EQ,406.85,413.55,406.05,410.2,406.85,275501,1127.17,2026-09-17
TRAVELFOOD,EQ,1215.3,1247.0,1207.1,1232.0,1215.3,16972,207.63,2026-09-17
TREEHOUSE,EQ,6.1,6.1,5.85,5.87,5.87,3294,0.19,2026-09-17
TREJHARA,EQ,136.96,140.0,134.5,135.75,137.1,20769,28.31,2026-09-17
TREL,EQ,27.03,30.0,26.52,29.77,27.03,726901,210.71,2026-09-17
TRENT,EQ,2760.0,2811.0,2760.0,2789.0,2769.7,459529,12814.59,2026-09-17
TRF,EQ,215.34,226.71,213.0,219.49,213.97,19157,42.24,2026-09-17
TRIDENT,EQ,23.15,23.19,23.0,23.08,23.17,1827421,422.06,2026-09-17
TRIGYN,EQ,54.19,56.39,54.19,55.18,53.95,14714,8.15,2026-09-17
TRITONV,EQ,1061.2,1091.8,1061.2,1076.0,1061.6,2078,22.4,2026-09-17
TRITURBINE,EQ,542.3,559.0,540.5,556.8,540.8,490793,2691.06,2026-09-17
TRIVENI,EQ,239.45,241.0,228.7,232.45,239.45,1189405,2765.46,2026-09-17
TRU,EQ,3.9,4.2,3.9,4.09,4.01,96353,3.95,2026-09-17
TRUALT,EQ,422.7,434.2,420.1,423.95,422.7,356698,1519.5,2026-09-17
TSFINV,EQ,439.0,449.0,433.6,445.95,438.5,56347,250.07,2026-09-17
TTKHLTCARE,EQ,1061.0,1079.0,1043.0,1049.0,1065.1,25616,269.58,2026-09-17
TTKPRESTIG,EQ,544.75,548.0,540.55,543.6,541.1,17137,93.25,2026-09-17
TTL,EQ,6.49,7.6,6.48,7.07,6.43,626276,44.02,2026-09-17
TTML,EQ,35.0,38.25,34.95,36.64,35.22,3196332,1171.35,2026-09-17
TURTLEMINT,EQ,131.0,136.59,129.81,131.67,127.74,1635938,2176.12,2026-09-17
TUTIALKA,EQ,57.93,58.5,56.28,56.57,57.19,3789,2.17,2026-09-17
TVSELECT,EQ,403.15,411.55,393.15,403.75,401.5,23074,93.55,2026-09-17
TVSHLTD,EQ,12730.0,12997.0,12595.0,12884.0,12769.0,3783,484.47,2026-09-17
TVSMOTOR,EQ,4050.0,4162.2,4050.0,4101.7,4033.0,1025877,42289.53,2026-09-17
TVSSCS,EQ,126.0,130.5,125.79,130.09,126.28,376059,484.16,2026-09-17
TVSSRICHAK,EQ,4650.0,4919.5,4650.0,4886.0,4685.5,11977,578.42,2026-09-17
TVTODAY,EQ,105.55,108.49,103.01,107.72,103.49,68251,72.77,2026-09-17
TWCGOLDETF,EQ,150.71,150.71,149.13,149.93,150.59,2812,4.22,2026-09-17
UBL,EQ,1228.0,1239.5,1213.5,1216.8,1227.3,155453,1897.3,2026-09-17
UCOBANK,EQ,23.58,23.98,23.57,23.59,23.68,2624177,622.39,2026-09-17
UDAYJEW,EQ,158.52,164.88,156.4,158.62,158.53,46210,73.72,2026-09-17
UDS,EQ,188.97,193.28,185.85,188.25,190.6,118960,224.6,2026-09-17
UEL,EQ,208.49,215.0,194.54,196.19,204.77,66647,134.81,2026-09-17
UFLEX,EQ,642.0,669.0,642.0,652.95,645.45,154087,1014.43,2026-09-17
UFO,EQ,60.1,62.28,60.1,61.29,61.32,13342,8.15,2026-09-17
UGARSUGAR,EQ,53.47,54.29,53.19,53.41,53.39,243474,130.71,2026-09-17
UGROCAP,EQ,83.0,85.0,82.52,83.49,83.5,166882,139.69,2026-09-17
UJJIVANSFB,EQ,64.46,65.72,63.43,63.97,64.83,6237133,4010.78,2026-09-17
ULTRACEMCO,EQ,10740.0,10841.0,10703.0,10764.0,10700.0,180788,19490.49,2026-09-17
ULTRAMAR,EQ,415.25,423.7,405.95,412.5,418.65,50870,210.54,2026-09-17
UMESLTD,EQ,4.08,4.34,4.0,4.08,4.08,82484,3.41,2026-09-17
UMIYA-MRO,EQ,97.97,98.37,97.02,97.95,98.45,3995,3.89,2026-09-17
UNICHEMLAB,EQ,524.0,554.5,521.2,538.45,524.25,82024,445.17,2026-09-17
UNIDT,EQ,220.0,229.9,218.0,228.07,218.77,29288,66.4,2026-09-17
UNIECOM,EQ,80.1,85.7,80.1,84.45,80.94,416528,347.93,2026-09-17
UNIENTER,EQ,88.01,92.5,88.01,91.9,89.05,1385,1.27,2026-09-17
UNIINFO,EQ,11.23,11.45,10.89,11.38,11.46,1174,0.13,2026-09-17
UNIMECH,EQ,1550.0,1602.0,1530.3,1570.6,1515.8,261719,4126.7,2026-09-17
UNIONBANK,EQ,177.0,180.62,175.83,178.09,178.2,5299874,9425.76,2026-09-17
UNIONGOLD,EQ,148.7,148.7,146.4,146.95,147.9,1789,2.63,2026-09-17
UNIPARTS,EQ,851.15,886.45,830.0,878.05,851.15,81783,716.09,2026-09-17
UNITDSPR,EQ,1380.1,1395.4,1378.1,1390.0,1389.5,263642,3656.54,2026-09-17
UNITECH,EQ,4.44,4.52,4.26,4.27,4.46,3568646,155.43,2026-09-17
UNITEDPOLY,EQ,43.62,44.9,42.01,44.36,43.19,413271,180.22,2026-09-17
UNITEDTEA,EQ,432.2,433.7,426.3,429.05,431.2,544,2.35,2026-09-17
UNIVCABLES,EQ,1400.0,1472.5,1383.0,1438.8,1405.2,73570,1062.31,2026-09-17
UNOMINDA,EQ,1183.8,1218.0,1178.1,1205.0,1186.0,530438,6380.61,2026-09-17
UPHOT,EQ,1476.0,1480.0,1476.0,1480.0,1475.0,53,0.78,2026-09-17
UPL,EQ,551.0,558.0,549.8,554.75,550.6,1804536,9994.09,2026-09-17
URBANCO,EQ,164.56,166.29,160.46,162.81,164.56,2958947,4845.12,2026-09-17
URJA,EQ,8.77,9.15,8.75,9.1,8.77,615596,54.97,2026-09-17
USHAMART,EQ,479.0,498.5,477.0,495.65,478.85,1122407,5536.48,2026-09-17
USK,EQ,19.56,20.88,19.56,20.32,20.31,11687,2.38,2026-09-17
UTIAMC,EQ,894.45,902.65,890.1,898.25,895.2,36712,329.36,2026-09-17
UTKARSHBNK,EQ,13.75,14.39,13.75,14.05,13.82,7888005,1108.95,2026-09-17
UTLSOLAR,EQ,408.0,417.8,404.05,408.95,405.65,246129,1011.33,2026-09-17
UTTAMSUGAR,EQ,251.8,255.6,250.4,252.4,250.7,106696,269.41,2026-09-17
V2RETAIL,EQ,209.0,212.9,208.75,210.4,209.18,465833,982.74,2026-09-17
VADILALIND,EQ,7145.0,7244.5,7062.5,7101.0,7156.0,7210,516.69,2026-09-17
VADILENT,EQ,10400.0,10585.0,10395.0,10575.0,10599.0,9,0.94,2026-09-17
VAIBHAVGBL,EQ,211.42,212.99,208.03,211.35,210.66,157443,331.81,2026-09-17
VAISHALI,EQ,8.85,8.95,8.26,8.78,8.68,115742,10.12,2026-09-17
VAKRANGEE,EQ,5.25,5.32,5.22,5.25,5.25,747160,39.31,2026-09-17
VAL30IETF,EQ,14.8,14.92,14.78,14.88,14.8,158592,23.56,2026-09-17
VALUE,EQ,15.72,15.82,15.7,15.76,15.73,5339,0.84,2026-09-17
VALUEAXIS,EQ,32.11,32.2,31.94,32.03,31.96,40405,12.95,2026-09-17
VAML,EQ,405.25,413.35,402.3,404.3,409.3,6880378,27984.02,2026-09-17
VARDMNPOLY,EQ,5.99,6.35,5.8,5.83,5.86,116455,6.91,2026-09-17
VARROC,EQ,854.9,871.5,840.0,846.15,851.15,199305,1701.36,2026-09-17
VASCONEQ,EQ,29.4,30.7,29.28,30.51,29.57,187864,56.45,2026-09-17
VASWANI,EQ,44.98,45.36,43.26,44.61,44.98,17676,7.89,2026-09-17
VBL,EQ,411.0,419.5,411.0,415.45,410.4,3472718,14467.68,2026-09-17
VEDAVAAG,EQ,20.79,21.29,20.45,21.0,19.77,138410,28.76,2026-09-17
VEDL,EQ,254.0,257.7,253.95,257.45,256.0,3297466,8459.02,2026-09-17
VEDPOWER,EQ,30.95,31.33,30.76,31.01,31.0,7700949,2390.49,2026-09-17
VEEDOL,EQ,1372.0,1405.0,1370.6,1385.3,1375.3,12037,167.88,2026-09-17
VENKEYS,EQ,1683.0,1687.9,1648.9,1655.6,1670.6,29437,490.27,2026-09-17
VENTIVE,EQ,565.55,568.0,560.0,561.75,565.05,24344,137.1,2026-09-17
VENUSPIPES,EQ,1954.0,2160.0,1941.2,2131.7,1938.1,1296328,26791.41,2026-09-17
VERANDA,EQ,215.0,218.72,212.35,214.57,217.97,226183,486.43,2026-09-17
VERTOZ,EQ,37.51,38.0,36.7,37.12,37.69,17364,6.47,2026-09-17
VESUVIUS,EQ,397.0,406.7,397.0,400.0,394.75,65793,264.58,2026-09-17
VGCL,EQ,48.0,50.79,48.0,48.01,48.93,3676,1.81,2026-09-17
VGL,EQ,66.8,67.84,64.4,65.85,66.2,53566,35.15,2026-09-17
VGUARD,EQ,327.15,331.9,326.95,330.15,327.15,263157,868.26,2026-09-17
VHL,EQ,3401.0,3442.9,3330.0,3403.5,3396.8,884,29.81,2026-09-17
VIDHIING,EQ,337.4,351.0,331.8,348.3,337.4,27013,92.4,2026-09-17
VIDYAWIRES,EQ,84.5,87.0,84.5,85.34,84.93,280740,240.27,2026-09-17
VIJAYA,EQ,1457.0,1514.9,1423.3,1506.1,1438.3,196070,2923.65,2026-09-17
VIJSOLX,EQ,640.0,658.85,613.0,637.85,640.0,139,0.88,2026-09-17
VIKASECO,EQ,1.04,1.05,1.04,1.04,1.04,1038207,10.83,2026-09-17
VIKASLIFE,EQ,1.2,1.24,1.2,1.22,1.19,1172333,14.34,2026-09-17
VIKRAMSOLR,EQ,163.86,164.74,162.8,163.37,163.88,640352,1046.94,2026-09-17
VIKRAN,EQ,56.05,57.47,55.8,56.0,56.06,706914,398.61,2026-09-17
VIMTALABS,EQ,595.25,617.95,595.25,599.6,598.45,165328,1002.24,2026-09-17
VINATIORGA,EQ,1250.0,1269.3,1246.3,1249.7,1253.9,37122,464.91,2026-09-17
VINCOFE,EQ,168.0,177.65,168.0,175.96,167.27,2256156,3958.04,2026-09-17
VINDHYATEL,EQ,2581.1,2698.0,2575.0,2632.5,2586.5,49951,1321.4,2026-09-17
VINEETLAB,EQ,35.95,36.0,35.27,35.97,35.89,65283,23.46,2026-09-17
VINNY,EQ,1.0,1.0,0.95,0.97,0.98,344190,3.32,2026-09-17
VINYLINDIA,EQ,216.6,220.01,211.25,214.17,215.0,7244,15.58,2026-09-17
VIPCLOTHNG,EQ,20.3,20.79,20.11,20.6,20.5,98424,19.98,2026-09-17
VIPIND,EQ,295.0,309.5,295.0,304.25,297.65,473503,1441.19,2026-09-17
VIRAT,EQ,386.95,407.0,377.0,382.25,399.45,5561,21.44,2026-09-17
VIRINCHI,EQ,13.86,14.45,13.86,13.92,13.95,34921,4.89,2026-09-17
VISACHROME,EQ,31.86,32.3,30.27,30.27,31.86,104685,31.87,2026-09-17
VISAKAIND,EQ,87.39,91.12,87.01,90.81,87.15,201785,180.9,2026-09-17
VISHAL,EQ,18.47,18.87,18.04,18.12,18.42,49239,8.98,2026-09-17
VISHNU,EQ,694.05,714.5,689.25,709.1,693.9,87175,614.04,2026-09-17
VISHWARAJ,EQ,5.24,5.39,5.24,5.25,5.31,170500,9.04,2026-09-17
VISL,EQ,31.24,32.04,30.87,31.82,31.16,18850250,5942.96,2026-09-17
VITAL,EQ,52.69,55.29,52.0,55.19,52.69,2739,1.5,2026-09-17
VIVIANA,EQ,704.65,754.0,704.65,724.7,701.2,23225,169.59,2026-09-17
VIVIDHA,EQ,0.53,0.53,0.51,0.51,0.53,75480,0.39,2026-09-17
VIVOBIOT,EQ,16.19,17.5,16.19,16.85,16.83,26812,4.51,2026-09-17
VIYASH,EQ,239.05,247.15,237.75,244.5,238.85,2764864,6716.88,2026-09-17
VLEGOV,EQ,10.06,10.49,10.0,10.45,10.21,80383,8.23,2026-09-17
VLSFINANCE,EQ,242.0,242.0,238.0,239.67,241.88,5553,13.33,2026-09-17
VMART,EQ,784.95,804.6,776.45,790.05,786.4,107687,851.03,2026-09-17
VMM,EQ,101.51,102.11,100.59,101.24,100.97,4261275,4308.37,2026-09-17
VMSTMT,EQ,50.9,51.7,50.01,50.3,50.57,82286,41.57,2026-09-17
VOEPL,EQ,482.85,500.15,464.05,491.95,479.6,57584,282.24,2026-09-17
VOGL,EQ,34.99,35.47,34.71,34.83,34.98,16321048,5713.07,2026-09-17
VOITHPAPR,EQ,1450.0,1481.5,1445.0,1468.5,1452.1,134,1.96,2026-09-17
VOLTAMP,EQ,10501.0,10771.0,10501.0,10735.0,10513.0,15093,1609.31,2026-09-17
VOLTAS,EQ,1131.1,1141.2,1125.1,1135.0,1131.0,379667,4310.29,2026-09-17
VPRPL,EQ,32.83,33.5,32.16,33.35,31.79,333345,109.58,2026-09-17
VRAJ,EQ,122.8,125.28,120.6,123.99,122.25,21702,26.78,2026-09-17
VRLLOG,EQ,286.05,290.8,284.6,287.9,286.05,75100,216.04,2026-09-17
VSSL,EQ,408.0,428.25,403.1,406.05,405.85,475918,1963.46,2026-09-17
VSTIND,EQ,202.65,204.93,201.61,204.11,202.14,87322,177.79,2026-09-17
VSTL,EQ,114.89,115.9,112.15,114.82,112.75,3050,3.5,2026-09-17
VSTTILLERS,EQ,3990.0,4290.0,3968.0,4201.1,3996.5,11556,475.7,2026-09-17
VTL,EQ,570.75,572.4,558.8,561.3,571.75,160680,905.03,2026-09-17
VTMLTD,EQ,49.8,50.84,47.12,48.34,48.83,168443,82.12,2026-09-17
WAAREEENER,EQ,2499.0,2516.0,2470.0,2473.0,2501.0,453090,11278.85,2026-09-17
WAAREEINDO,EQ,248.0,259.25,244.5,258.8,246.95,171850,435.25,2026-09-17
WAAREERTL,EQ,805.05,814.5,801.45,811.05,801.05,102540,828.94,2026-09-17
WABAG,EQ,2056.0,2132.0,2052.0,2074.8,2055.8,438727,9188.15,2026-09-17
WAKEFIT,EQ,145.97,148.49,144.5,145.59,145.61,280341,410.37,2026-09-17
WALCHANNAG,EQ,197.5,204.48,197.5,199.84,197.08,331447,669.47,2026-09-17
WANBURY,EQ,220.5,230.0,220.5,223.65,222.6,101311,228.92,2026-09-17
WARDINMOBI,EQ,5.61,5.75,5.55,5.68,5.57,203170,11.45,2026-09-17
WATERBASE,EQ,47.95,47.95,45.0,45.39,47.31,39849,18.27,2026-09-17
WCIL,EQ,90.24,95.89,90.24,95.21,90.24,455551,427.01,2026-09-17
WEALTH,EQ,839.95,856.5,821.0,842.1,837.45,1536,12.98,2026-09-17
WEBELSOLAR,EQ,72.12,72.91,71.02,71.74,72.11,1568698,1124.97,2026-09-17
WEIZMANIND,EQ,72.01,72.9,70.92,71.24,72.53,112,0.08,2026-09-17
WEL,EQ,69.42,70.28,68.76,69.47,69.42,397990,276.26,2026-09-17
WELCORP,EQ,2420.0,2508.0,2415.1,2460.3,2424.5,1698993,42013.22,2026-09-17
WELENT,EQ,769.0,785.0,760.85,778.7,768.0,376786,2915.86,2026-09-17
WELSPLSOL,EQ,52.45,55.74,51.67,53.93,52.1,858565,462.25,2026-09-17
WELSPUNLIV,EQ,201.59,213.81,201.0,212.25,202.82,5153292,10832.59,2026-09-17
WENDT,EQ,8665.0,8904.0,8609.5,8765.0,8663.5,10651,935.54,2026-09-17
WESTLIFE,EQ,544.15,557.2,544.1,549.05,550.45,40486,222.67,2026-09-17
WEWIN,EQ,43.0,43.0,40.0,42.89,41.87,1354,0.56,2026-09-17
WEWORK,EQ,675.95,692.85,671.05,682.85,676.1,148050,1011.66,2026-09-17
WHBRADY,EQ,480.15,487.0,480.15,487.0,485.0,11,0.05,2026-09-17
WHEELS,EQ,2110.5,2184.6,2100.8,2124.6,2110.5,131049,2795.41,2026-09-17
WHIRLPOOL,EQ,734.4,739.45,723.2,727.4,731.75,209496,1525.57,2026-09-17
WILLAMAGOR,EQ,25.35,25.35,23.6,24.11,24.59,1587,0.38,2026-09-17
WINDLAS,EQ,1075.05,1126.45,1075.0,1117.6,1075.05,117378,1304.29,2026-09-17
WINDMACHIN,EQ,294.0,303.55,293.0,300.05,295.3,81754,244.95,2026-09-17
WIPL,EQ,168.0,168.0,164.61,167.18,168.0,841,1.41,2026-09-17
WIPRO,EQ,165.75,167.6,165.02,166.4,166.89,9129514,15188.13,2026-09-17
WOCKPHARMA,EQ,2025.0,2090.1,2021.5,2072.3,2021.5,603193,12385.15,2026-09-17
WONDERLA,EQ,511.4,521.95,511.4,516.65,517.6,34157,176.88,2026-09-17
WORTHPERI,EQ,147.01,147.9,141.65,146.27,148.07,15217,22.21,2026-09-17
WPIL,EQ,431.85,446.45,427.9,442.4,431.85,49611,218.43,2026-09-17
WSI,EQ,56.0,58.8,55.79,56.6,56.04,22541,12.83,2026-09-17
WSTCSTPAPR,EQ,711.0,743.0,709.95,716.45,711.0,275342,2005.06,2026-09-17
XCHANGING,EQ,63.0,63.96,61.2,61.8,63.08,85926,53.58,2026-09-17
XELPMOC,EQ,75.46,75.46,73.36,74.08,73.81,2530,1.88,2026-09-17
XPROINDIA,EQ,1255.7,1276.8,1226.4,1236.1,1255.7,24216,302.0,2026-09-17
XTGLOBAL,EQ,29.49,30.5,28.5,29.45,29.05,31522,9.27,2026-09-17
XTRANET,EQ,286.0,308.67,278.18,302.42,283.03,2378436,7127.55,2026-09-17
YASHO,EQ,4008.5,4112.5,3985.0,4003.0,4008.5,24402,988.12,2026-09-17
YATHARTH,EQ,987.0,1083.8,985.1,1072.4,982.3,3679332,38859.85,2026-09-17
YATRA,EQ,103.24,104.85,102.0,104.16,102.46,676150,700.59,2026-09-17
YESBANK,EQ,23.32,23.38,22.91,23.13,23.4,69914036,16181.71,2026-09-17
YOGI,EQ,164.95,164.95,163.0,163.0,160.0,7,0.01,2026-09-17
YUKEN,EQ,1140.0,1140.0,1114.65,1123.1,1134.95,21238,239.09,2026-09-17
ZAGGLE,EQ,177.45,183.17,176.48,181.38,177.81,606260,1092.54,2026-09-17
ZEEL,EQ,80.0,80.19,77.82,78.31,79.6,13155417,10335.13,2026-09-17
ZEELEARN,EQ,6.6,8.05,6.6,6.85,7.05,514594,35.61,2026-09-17
ZEEMEDIA,EQ,7.35,7.5,7.32,7.4,7.37,805569,59.73,2026-09-17
ZENITHEXPO,EQ,196.95,196.95,196.95,196.95,195.0,1,0.0,2026-09-17
ZENITHSTL,EQ,5.8,5.8,5.5,5.56,5.49,28764,1.61,2026-09-17
ZENSARTECH,EQ,450.0,450.15,431.6,441.85,450.15,2456285,10755.21,2026-09-17
ZENTEC,EQ,1663.0,1695.8,1656.9,1681.7,1662.8,212129,3555.63,2026-09-17
ZFCVINDIA,EQ,2452.5,2487.7,2435.0,2445.2,2461.5,25145,616.52,2026-09-17
ZFSTEERING,EQ,734.0,749.9,685.0,694.6,725.8,8982,63.86,2026-09-17
ZIMLAB,EQ,136.78,142.0,132.97,137.92,136.78,230315,314.69,2026-09-17
ZODIAC,EQ,225.37,229.0,215.0,220.25,220.37,11960,26.66,2026-09-17
ZODIACLOTH,EQ,69.95,69.95,68.9,69.1,69.26,482,0.33,2026-09-17
ZOTA,EQ,1114.1,1152.0,1107.8,1118.8,1114.1,122807,1384.48,2026-09-17
ZSARACOM,EQ,10494.0,10520.0,10062.0,10338.0,10494.0,37,3.79,2026-09-17
ZUARI,EQ,209.0,217.92,209.0,216.03,209.3,64917,138.69,2026-09-17
ZUARIIND,EQ,254.65,261.65,254.2,259.3,254.85,35493,91.77,2026-09-17
ZYDUSLIFE,EQ,1103.5,1139.9,1100.1,1135.1,1107.5,1086138,12252.73,2026-09-17
ZYDUSWELL,EQ,551.8,552.15,544.55,546.15,551.8,147021,806.25,2026-09-17
