SYMBOL,SERIES,OPEN_PRICE,HIGH_PRICE,LOW_PRICE,CLOSE_PRICE,PREV_CLOSE,TTL_TRD_QNTY,TURNOVER_LACS,DATE
20MICRONS,EQ,201.29,206.0,194.05,203.23,201.29,142761,283.0,2026-09-16
21STCENMGM,EQ,38.99,38.99,38.22,38.37,39.0,190,0.07,2026-09-16
360ONE,EQ,1051.2,1061.9,1042.4,1045.6,1052.1,635279,6690.5,2026-09-16
3BBLACKBIO,EQ,1355.0,1367.2,1285.0,1292.6,1355.8,24554,320.61,2026-09-16
3MINDIA,EQ,31710.0,33550.0,31600.0,31935.0,31590.0,27574,9020.61,2026-09-16
3PLAND,EQ,31.01,31.58,29.65,31.28,30.8,1449,0.44,2026-09-16
5PAISA,EQ,313.2,319.0,307.2,316.85,313.2,33376,105.04,2026-09-16
63MOONS,EQ,869.65,875.45,824.55,848.15,864.0,268737,2286.09,2026-09-16
A2ZINFRA,EQ,15.2,15.51,14.56,14.7,15.11,255635,38.03,2026-09-16
AAATECH,EQ,92.81,94.0,90.81,92.54,91.98,230663,213.9,2026-09-16
AADHARHFC,EQ,450.0,460.95,440.15,458.7,448.35,157363,714.8,2026-09-16
AAKASH,EQ,8.72,8.99,8.72,8.82,8.83,60235,5.33,2026-09-16
AAREYDRUGS,EQ,101.0,101.0,94.15,99.94,98.82,483322,478.43,2026-09-16
AARON,EQ,123.18,126.89,120.96,124.71,123.18,14637,18.04,2026-09-16
AARTIDRUGS,EQ,428.0,431.7,411.0,424.3,426.35,137839,581.23,2026-09-16
AARTIIND,EQ,470.5,474.45,459.55,472.85,468.7,521378,2439.64,2026-09-16
AARTIPHARM,EQ,785.0,819.8,765.0,813.0,789.45,378693,3017.79,2026-09-16
AARVI,EQ,141.58,143.69,139.25,140.07,141.39,9027,12.7,2026-09-16
AASTHA,EQ,76.91,76.91,71.72,74.33,76.38,356386,264.48,2026-09-16
AAVAS,EQ,1265.0,1289.4,1252.8,1282.5,1270.3,61560,783.53,2026-09-16
ABANSENT,EQ,27.82,28.14,26.92,27.0,27.83,4690,1.28,2026-09-16
ABB,EQ,7005.0,7051.0,6905.5,6980.0,7005.0,115646,8065.48,2026-09-16
ABBOTINDIA,EQ,26195.0,26450.0,25500.0,26125.0,26125.0,5678,1483.11,2026-09-16
ABCAPITAL,EQ,378.8,384.05,378.0,381.3,378.8,1287557,4911.31,2026-09-16
ABCOTS,EQ,209.0,211.9,201.02,204.63,206.04,1377,2.8,2026-09-16
ABDL,EQ,635.15,655.0,619.0,647.55,631.6,1453879,9329.5,2026-09-16
ABFRL,EQ,49.4,50.45,48.91,49.74,49.02,8057945,4010.78,2026-09-16
ABGSEC,EQ,114.2,114.45,112.49,113.74,113.07,366,0.41,2026-09-16
ABLBL,EQ,82.64,83.17,82.11,82.4,82.95,535560,442.23,2026-09-16
ABMKNO,EQ,174.72,179.9,168.3,171.04,174.71,513,0.89,2026-09-16
ABREL,EQ,1232.8,1250.3,1207.0,1233.4,1232.5,167844,2069.81,2026-09-16
ABSL10BANK,EQ,168.85,168.85,162.13,164.83,165.51,677,1.12,2026-09-16
ABSLAMC,EQ,1032.0,1069.8,1004.0,1058.4,1037.9,168606,1744.01,2026-09-16
ABSLBANETF,EQ,56.74,57.81,56.74,57.68,57.4,59736,34.29,2026-09-16
ABSLLIQUID,EQ,1000.01,1000.01,999.99,1000.0,999.99,2169,21.69,2026-09-16
ABSLMSCIN,EQ,28.76,28.76,28.45,28.46,28.67,322,0.09,2026-09-16
ABSLNN50ET,EQ,73.0,75.18,73.0,74.27,74.48,6880,5.1,2026-09-16
ABSLPSE,EQ,9.97,10.14,9.82,10.0,9.93,102027,10.12,2026-09-16
ACC,EQ,1233.0,1235.0,1219.1,1226.6,1225.2,85875,1053.41,2026-09-16
ACCELYA,EQ,1112.2,1118.4,1106.1,1116.1,1112.2,5452,60.69,2026-09-16
ACE,EQ,1130.0,1158.0,1102.0,1149.7,1132.1,425403,4834.5,2026-09-16
ACEINTEG,EQ,18.0,18.39,17.22,17.61,17.75,2250,0.4,2026-09-16
ACGL,EQ,1726.1,1800.2,1726.1,1769.4,1732.1,449,7.9,2026-09-16
ACI,EQ,456.9,468.0,446.0,461.45,455.25,236951,1087.69,2026-09-16
ACL,EQ,42.55,43.5,41.9,42.7,42.55,14356,6.12,2026-09-16
ACMESOLAR,EQ,419.45,425.5,412.0,418.0,420.4,1349732,5648.03,2026-09-16
ACUTAAS,EQ,3275.0,3359.0,3188.8,3344.7,3266.2,243061,7998.04,2026-09-16
ADANIENSOL,EQ,1347.6,1371.3,1341.6,1349.2,1347.5,946914,12828.05,2026-09-16
ADANIENT,EQ,2957.0,2972.9,2914.3,2920.0,2928.6,764624,22466.19,2026-09-16
ADANIGREEN,EQ,1253.9,1276.9,1245.6,1270.2,1255.0,624972,7905.25,2026-09-16
ADANIPORTS,EQ,1722.9,1737.9,1707.0,1723.8,1713.8,1060410,18310.76,2026-09-16
ADANIPOWER,EQ,202.1,205.0,200.4,202.34,202.0,12105905,24577.12,2026-09-16
ADDIND,EQ,78.6,79.79,76.25,79.0,79.0,52,0.04,2026-09-16
ADFFOODS,EQ,261.45,274.95,248.8,267.15,261.3,159718,413.24,2026-09-16
ADL,EQ,70.3,77.59,70.3,71.91,71.16,618,0.45,2026-09-16
ADOR,EQ,1545.3,1563.9,1487.1,1536.2,1548.2,26973,412.12,2026-09-16
ADROITINFO,EQ,11.15,11.49,10.64,11.2,11.04,58562,6.5,2026-09-16
ADSL,EQ,98.5,98.5,94.02,95.26,97.02,114360,109.15,2026-09-16
ADVAIT,EQ,2004.0,2019.9,1941.5,1996.3,2007.0,38672,767.14,2026-09-16
ADVANCE,EQ,113.65,114.9,108.6,110.15,113.95,358473,402.78,2026-09-16
ADVANIHOTR,EQ,48.01,48.99,46.75,47.18,47.98,31562,15.07,2026-09-16
ADVENTHTL,EQ,126.84,129.37,123.75,124.71,126.42,125781,157.88,2026-09-16
ADVENZYMES,EQ,287.9,293.2,282.05,287.85,287.7,179412,518.52,2026-09-16
ADVIKCA,EQ,0.96,0.99,0.95,0.97,0.98,461983,4.47,2026-09-16
AEGISLOG,EQ,1326.3,1395.0,1310.2,1381.2,1323.5,1953104,26740.85,2026-09-16
AEGISVOPAK,EQ,305.0,305.0,288.9,296.95,302.0,1920715,5717.58,2026-09-16
AEPL,EQ,16.5,16.7,15.4,15.87,16.27,60080,9.61,2026-09-16
AEQUS,EQ,222.5,223.37,213.41,220.68,221.52,1712222,3743.31,2026-09-16
AEROENTER,EQ,117.84,119.9,108.0,113.35,116.93,1723281,1944.95,2026-09-16
AEROFLEX,EQ,495.0,495.0,456.85,481.1,507.6,4838168,22595.48,2026-09-16
AERONEU,EQ,67.5,70.0,63.72,64.95,67.94,96688,64.58,2026-09-16
AEROPLANE,EQ,199.39,199.39,189.8,195.67,199.72,613769,1184.36,2026-09-16
AETHER,EQ,1588.0,1615.9,1552.7,1603.1,1583.1,159140,2526.37,2026-09-16
AFCONS,EQ,262.25,263.65,225.35,258.4,262.25,4434269,11197.3,2026-09-16
AFFLE,EQ,1537.0,1546.8,1500.3,1535.0,1536.4,124764,1910.4,2026-09-16
AFFORDABLE,EQ,158.0,162.86,153.61,162.29,158.93,20433,32.47,2026-09-16
AFIL,EQ,8.43,8.6,8.31,8.37,8.54,371881,31.35,2026-09-16
AFSL,EQ,201.01,201.8,201.0,201.02,201.03,8483,17.05,2026-09-16
AGARIND,EQ,427.9,427.9,407.95,409.6,421.0,46733,192.38,2026-09-16
AGARWALEYE,EQ,502.05,508.25,484.15,505.0,502.05,242956,1212.12,2026-09-16
AGI,EQ,735.9,735.9,701.5,717.3,736.65,159416,1144.89,2026-09-16
AGIIL,EQ,263.0,273.0,260.05,262.4,264.15,972027,2599.8,2026-09-16
AGL,EQ,14.23,14.26,13.63,14.03,14.23,2126782,296.32,2026-09-16
AGRITECH,EQ,102.44,102.44,97.25,98.1,97.57,1436,1.42,2026-09-16
AGROPHOS,EQ,24.29,24.29,22.63,23.18,23.47,12920,2.98,2026-09-16
AHCL,EQ,20.2,20.5,19.6,20.04,20.18,46066495,9207.51,2026-09-16
AHLADA,EQ,35.89,40.5,32.7,36.56,34.99,45748,16.05,2026-09-16
AHLEAST,EQ,135.01,136.99,133.0,136.06,133.56,838,1.13,2026-09-16
AHLUCONT,EQ,588.0,599.0,565.05,569.3,585.85,95786,549.61,2026-09-16
AIAENG,EQ,3897.1,3907.7,3778.0,3805.8,3899.3,133043,5078.63,2026-09-16
AIIL,EQ,532.0,535.2,518.05,528.95,529.85,188360,996.01,2026-09-16
AIRAN,EQ,16.48,17.41,15.17,15.72,16.45,226075,36.1,2026-09-16
AIROLAM,EQ,85.8,90.0,85.0,88.54,84.21,11084,9.74,2026-09-16
AJANTPHARM,EQ,3482.4,3530.8,3460.0,3508.9,3510.4,116329,4078.86,2026-09-16
AJAXENGG,EQ,579.0,582.0,555.1,566.55,581.6,76170,430.2,2026-09-16
AJMERA,EQ,114.5,114.5,109.33,113.51,114.37,264603,296.02,2026-09-16
AJOONI,EQ,3.41,3.44,3.08,3.3,3.43,463516,15.36,2026-09-16
AKASH,EQ,24.55,25.14,24.15,24.18,24.56,4395,1.06,2026-09-16
AKCAPIT,EQ,1714.1,1755.0,1710.0,1715.4,1714.1,1051,18.3,2026-09-16
AKG,EQ,10.53,10.68,10.41,10.55,10.48,3075,0.32,2026-09-16
AKSHAR,EQ,0.41,0.42,0.4,0.42,0.41,548513,2.26,2026-09-16
AKUMS,EQ,759.2,775.0,746.4,772.0,765.65,235680,1803.03,2026-09-16
ALANKIT,EQ,7.95,7.95,7.6,7.74,7.77,121612,9.45,2026-09-16
ALBERTDAVD,EQ,859.5,870.05,835.0,860.45,851.9,4783,40.45,2026-09-16
ALEMBICLTD,EQ,100.5,101.57,97.4,98.95,100.51,707870,700.81,2026-09-16
ALFREDHE,EQ,2840.0,2860.0,2820.0,2820.0,2820.0,7,0.2,2026-09-16
ALGOQUANT,EQ,64.13,65.65,64.01,65.15,64.13,1160108,753.12,2026-09-16
ALICON,EQ,688.65,708.75,672.9,688.35,697.2,30853,210.72,2026-09-16
ALIVUS,EQ,1350.0,1390.9,1317.6,1370.6,1347.8,153204,2082.42,2026-09-16
ALKALI,EQ,71.0,76.7,71.0,72.23,73.45,17465,12.8,2026-09-16
ALKEM,EQ,5170.5,5265.5,5148.0,5175.0,5161.0,304188,15780.84,2026-09-16
ALKYLAMINE,EQ,1775.7,1841.1,1740.0,1823.1,1775.7,65315,1172.77,2026-09-16
ALLCARGO,EQ,11.5,11.57,10.77,11.18,11.6,13509692,1495.26,2026-09-16
ALLDIGI,EQ,803.5,803.5,783.2,792.5,799.5,2974,23.49,2026-09-16
ALLTIME,EQ,212.39,212.42,203.72,206.42,213.38,45105,93.48,2026-09-16
ALMONDZ,EQ,17.6,18.45,16.7,18.01,16.84,535197,93.6,2026-09-16
ALOKINDS,EQ,7.45,7.54,7.31,7.48,7.38,14625867,1089.14,2026-09-16
ALPA,EQ,60.06,64.5,59.4,61.12,60.39,14768,8.9,2026-09-16
ALPHA,EQ,51.25,52.79,51.25,52.46,52.18,1649953,855.81,2026-09-16
ALPHAETF,EQ,25.8,25.82,25.35,25.73,25.68,485775,124.76,2026-09-16
ALPINETEX,EQ,54.8,55.18,49.15,52.33,54.68,340439,176.37,2026-09-16
ALPL30IETF,EQ,26.7,27.18,26.65,26.96,26.7,206822,55.57,2026-09-16
ALUFLUOR,EQ,490.2,495.25,477.3,494.2,492.55,6704,32.75,2026-09-16
AMAGI,EQ,565.8,576.0,564.05,569.3,569.4,270114,1541.48,2026-09-16
AMAL,EQ,718.0,719.0,673.55,711.75,713.3,17598,122.43,2026-09-16
AMARJOTHI,EQ,147.5,149.0,141.65,149.0,148.09,2026,2.96,2026-09-16
AMBER,EQ,6985.5,7009.5,6826.5,6930.0,7000.0,142671,9865.94,2026-09-16
AMBICAAGAR,EQ,25.6,25.6,24.4,24.57,24.94,5248,1.3,2026-09-16
AMBIKCO,EQ,1585.1,1587.7,1536.7,1564.9,1579.6,11248,175.6,2026-09-16
AMBUJACEM,EQ,382.0,385.45,379.55,381.05,381.75,1033371,3944.86,2026-09-16
AMDIND,EQ,68.5,72.37,62.2,63.66,69.64,424928,289.19,2026-09-16
AMJLAND,EQ,37.94,37.94,36.0,36.43,37.21,1943,0.72,2026-09-16
AMNPLST,EQ,169.75,169.75,160.0,160.4,165.52,2735,4.42,2026-09-16
AMRUTANJAN,EQ,489.6,493.7,476.5,490.4,489.6,54792,266.42,2026-09-16
ANANDRATHI,EQ,2180.0,2211.0,2150.0,2206.2,2183.9,279080,6100.87,2026-09-16
ANANTRAJ,EQ,585.0,594.9,576.85,583.5,585.9,2951237,17338.74,2026-09-16
ANDHRAPAP,EQ,71.64,74.01,70.0,73.32,71.64,769224,556.9,2026-09-16
ANDHRSUGAR,EQ,94.01,94.33,91.21,93.39,94.66,311145,287.74,2026-09-16
ANDREWYU,EQ,25.65,26.78,25.11,25.88,25.65,59473,15.35,2026-09-16
ANGELONE,EQ,295.0,299.3,291.6,293.5,297.5,2878370,8483.59,2026-09-16
ANIKINDS,EQ,40.03,43.78,40.03,42.86,40.58,17664,7.41,2026-09-16
ANMOL,EQ,15.99,16.0,13.75,14.39,15.27,346560,50.01,2026-09-16
ANNAPURNA,EQ,138.43,138.5,132.55,134.56,137.39,23446,31.96,2026-09-16
ANSALBU,EQ,86.99,86.99,78.0,80.11,84.0,2850,2.29,2026-09-16
ANTELOPUS,EQ,1071.05,1214.45,996.1,1170.95,1057.8,4319113,49570.57,2026-09-16
ANTGRAPHIC,EQ,0.74,0.74,0.72,0.72,0.74,115447,0.84,2026-09-16
ANTHEM,EQ,939.95,953.75,903.0,908.45,942.85,1023044,9412.44,2026-09-16
ANUHPHR,EQ,89.5,91.99,87.01,89.22,90.33,141288,126.92,2026-09-16
ANUP,EQ,1625.0,1667.4,1582.0,1637.0,1616.1,22345,364.07,2026-09-16
ANURAS,EQ,1179.5,1195.7,1160.5,1178.3,1170.4,435775,5136.33,2026-09-16
AONEGOLD,EQ,14.3,14.43,14.06,14.1,14.5,802872,113.36,2026-09-16
AONELIQUID,EQ,1077.03,1077.03,1077.01,1077.02,1076.87,40763,439.03,2026-09-16
AONENIFTY,EQ,9.81,9.81,9.55,9.61,9.58,165860,15.93,2026-09-16
AONESILVER,EQ,8.66,8.78,8.66,8.73,8.66,423225,36.97,2026-09-16
AONETMMQ50,EQ,10.2,10.2,9.86,10.01,10.0,46091,4.58,2026-09-16
AONETOTAL,EQ,11.75,11.75,11.43,11.55,11.52,461967,53.22,2026-09-16
APARINDS,EQ,16610.0,17200.0,16015.0,17075.0,16550.0,108334,18080.95,2026-09-16
APCL,EQ,101.5,101.5,96.15,99.18,99.4,5331,5.28,2026-09-16
APCOTEXIND,EQ,582.7,591.1,560.85,581.1,576.7,157464,906.87,2026-09-16
APEX,EQ,354.1,366.2,341.05,347.95,358.95,151673,528.84,2026-09-16
APLAPOLLO,EQ,2115.0,2132.9,2041.3,2120.0,2119.3,925656,19342.88,2026-09-16
APLLTD,EQ,817.3,839.95,813.2,825.3,824.75,136463,1129.57,2026-09-16
APOLLO,EQ,386.6,388.5,361.4,370.35,386.6,12109247,44774.21,2026-09-16
APOLLOHOSP,EQ,8756.0,8792.5,8672.5,8696.5,8714.0,232987,20290.45,2026-09-16
APOLLOPIPE,EQ,519.0,519.95,496.5,508.9,520.2,370429,1885.09,2026-09-16
APOLLOTYRE,EQ,410.95,429.55,402.15,411.95,406.2,2697223,11153.52,2026-09-16
APOLSINHOT,EQ,1220.6,1220.6,1185.0,1185.8,1214.5,722,8.63,2026-09-16
APOORVA,EQ,28.3,28.36,28.3,28.36,27.02,22,0.01,2026-09-16
APTUS,EQ,241.95,243.5,235.36,239.91,244.83,3168614,7572.68,2026-09-16
AQYLON,EQ,20.4,20.55,19.68,19.71,20.71,608668,121.24,2026-09-16
ARCHIDPLY,EQ,99.0,101.98,97.05,100.22,100.21,11540,11.5,2026-09-16
ARCHIES,EQ,12.41,12.41,12.15,12.21,12.29,3618,0.44,2026-09-16
ARCL,EQ,275.5,275.5,250.35,274.16,262.39,19792,54.18,2026-09-16
ARDEE,EQ,47.48,48.83,46.5,47.42,47.78,3672515,1747.66,2026-09-16
ARE&M,EQ,798.0,805.85,789.0,791.55,799.55,408549,3255.74,2026-09-16
ARENTERP,EQ,34.3,34.3,31.1,32.6,32.64,486,0.16,2026-09-16
ARFIN,EQ,82.72,83.45,80.84,82.68,82.72,725579,600.84,2026-09-16
ARIHANT,EQ,867.05,879.4,841.0,862.25,858.8,969,8.31,2026-09-16
ARIHANTCAP,EQ,81.45,83.5,79.55,80.45,81.45,579106,474.46,2026-09-16
ARIHANTSUP,EQ,216.1,224.0,209.05,220.45,213.95,2643,5.75,2026-09-16
ARIS,EQ,120.97,121.0,115.75,116.53,120.63,605692,711.99,2026-09-16
ARKADE,EQ,116.81,117.9,114.5,115.76,116.42,113779,132.27,2026-09-16
ARMANFIN,EQ,1918.2,1948.0,1806.6,1873.5,1918.1,67060,1245.89,2026-09-16
AROGRANITE,EQ,23.76,23.84,21.0,22.55,22.98,13812,3.09,2026-09-16
ARROWGREEN,EQ,848.0,952.75,827.0,907.45,838.55,311513,2800.59,2026-09-16
ARSSBL,EQ,485.9,514.75,470.55,496.95,479.65,261121,1285.75,2026-09-16
ARTEMISMED,EQ,330.55,333.7,306.6,325.25,330.55,533825,1712.6,2026-09-16
ARTNIRMAN,EQ,40.99,40.99,39.12,39.97,39.78,917,0.37,2026-09-16
ARVEE,EQ,172.8,173.45,162.0,168.27,168.6,3355,5.65,2026-09-16
ARVIND,EQ,553.0,561.9,532.6,548.05,550.6,980782,5412.04,2026-09-16
ARVINDFASN,EQ,426.0,429.5,414.95,416.35,428.5,249848,1049.6,2026-09-16
ARVSMART,EQ,564.15,564.2,546.05,549.2,564.15,106214,587.29,2026-09-16
ARYAMAN,EQ,610.0,634.0,610.0,610.0,632.0,170,1.05,2026-09-16
ASAHIINDIA,EQ,953.95,957.0,920.0,951.8,958.8,147987,1391.74,2026-09-16
ASAL,EQ,447.85,450.0,431.05,444.55,447.85,13551,59.82,2026-09-16
ASALCBR,EQ,662.0,673.45,644.55,649.55,661.9,40568,264.73,2026-09-16
ASHAPURMIN,EQ,515.05,523.75,505.9,515.7,518.4,340216,1753.86,2026-09-16
ASHIANA,EQ,346.2,354.4,332.95,348.35,341.9,47881,162.46,2026-09-16
ASHIMASYN,EQ,16.52,17.19,16.1,16.29,16.78,28662,4.73,2026-09-16
ASHOKA,EQ,111.37,111.67,107.37,108.76,111.37,768105,836.65,2026-09-16
ASHOKAMET,EQ,15.15,15.18,14.11,14.5,15.14,149476,21.54,2026-09-16
ASHOKLEY,EQ,157.4,158.21,154.75,156.5,156.65,10320454,16165.47,2026-09-16
ASIANENE,EQ,482.85,510.25,457.75,494.1,485.25,736572,3573.34,2026-09-16
ASIANHOTNR,EQ,385.0,399.0,363.05,388.55,385.45,33702,128.69,2026-09-16
ASIANPAINT,EQ,2405.1,2444.5,2397.4,2416.6,2402.8,591671,14375.39,2026-09-16
ASIANTILES,EQ,50.0,50.17,48.45,49.93,50.03,994691,492.28,2026-09-16
ASIANTNE,EQ,9.25,9.49,8.66,9.19,8.69,11228,1.03,2026-09-16
ASKAUTOLTD,EQ,607.65,625.0,596.5,617.9,604.7,209278,1281.16,2026-09-16
ASPINWALL,EQ,252.05,259.9,241.55,250.3,250.85,2282,5.7,2026-09-16
ASSAMENT,EQ,785.65,785.65,785.65,785.65,826.95,1,0.01,2026-09-16
ASTAR,EQ,485.0,581.9,485.0,560.7,562.5,197,1.09,2026-09-16
ASTEC,EQ,673.6,673.6,640.55,661.95,673.7,34108,224.05,2026-09-16
ASTERDM,EQ,741.0,746.8,729.05,741.2,741.25,982120,7263.47,2026-09-16
ASTRAL,EQ,1376.0,1388.3,1357.6,1382.5,1379.6,523897,7214.2,2026-09-16
ASTRAMICRO,EQ,1601.0,1638.8,1537.1,1621.9,1593.8,418082,6686.33,2026-09-16
ASTRAZEN,EQ,6671.0,6898.5,6650.5,6703.0,6695.5,17007,1146.38,2026-09-16
ATALREAL,EQ,14.58,15.84,14.4,14.44,14.4,6944853,1029.03,2026-09-16
ATAM,EQ,53.7,65.0,52.92,62.15,54.67,168740,101.31,2026-09-16
ATGL,EQ,581.0,597.25,580.25,586.5,580.15,838761,4939.43,2026-09-16
ATHERENERG,EQ,1557.9,1574.8,1521.1,1567.5,1568.5,3578038,55342.7,2026-09-16
ATL,EQ,24.33,24.83,23.12,23.89,24.33,233170,55.45,2026-09-16
ATLANTAA,EQ,36.36,36.79,35.01,36.46,36.74,27184,9.78,2026-09-16
ATLANTAELE,EQ,1680.0,1686.9,1623.9,1655.0,1660.0,78831,1304.34,2026-09-16
ATLASCYCLE,EQ,90.55,93.69,90.23,92.35,91.02,10762,9.9,2026-09-16
ATUL,EQ,6000.0,6140.5,5995.0,6076.0,6081.5,17089,1037.35,2026-09-16
ATULAUTO,EQ,443.0,443.0,427.2,436.4,438.45,63313,274.5,2026-09-16
AUBANK,EQ,1030.0,1038.1,1015.1,1033.2,1028.0,1013402,10449.45,2026-09-16
AUGMONT,EQ,836.2,851.45,812.1,833.05,832.25,732796,6103.52,2026-09-16
AURIONPRO,EQ,706.0,706.0,685.0,688.0,698.65,96488,667.61,2026-09-16
AUROPHARMA,EQ,1657.1,1657.1,1623.0,1643.0,1660.0,522849,8575.44,2026-09-16
AURUM,EQ,220.0,221.78,215.4,219.81,221.36,89898,197.32,2026-09-16
AURUS,EQ,4.93,4.99,4.72,4.83,4.85,24491,1.19,2026-09-16
AUSOMENT,EQ,154.5,155.0,144.15,149.9,151.73,5638,8.38,2026-09-16
AUSTENG,EQ,130.0,130.0,121.5,126.95,127.31,2381,3.0,2026-09-16
AUTOAXLES,EQ,1666.0,1686.3,1646.0,1659.0,1661.6,2634,43.77,2026-09-16
AUTOBEES,EQ,279.06,280.35,275.98,279.35,278.31,210833,587.27,2026-09-16
AUTOIETF,EQ,27.81,28.09,27.71,27.97,27.91,382894,106.9,2026-09-16
AUTOIND,EQ,78.97,79.0,75.9,77.5,79.11,255516,197.97,2026-09-16
AVADHSUGAR,EQ,740.0,740.0,709.1,726.2,732.7,99568,717.56,2026-09-16
AVALON,EQ,2150.0,2260.0,1980.0,2216.1,2160.7,935133,19618.45,2026-09-16
AVANCE,EQ,0.8,0.82,0.79,0.79,0.81,4352430,34.78,2026-09-16
AVANTEL,EQ,144.5,147.9,138.8,141.89,144.5,1229880,1746.0,2026-09-16
AVANTIFEED,EQ,774.15,782.2,759.75,770.35,771.95,188352,1448.21,2026-09-16
AVL,EQ,603.1,625.65,602.15,620.6,611.2,133409,820.51,2026-09-16
AVONMORE,EQ,13.61,13.83,12.9,13.06,13.79,280829,37.36,2026-09-16
AVROIND,EQ,7.5,8.04,7.47,7.92,7.66,207019,16.23,2026-09-16
AVTNPL,EQ,86.24,88.0,84.42,85.72,86.24,126738,109.03,2026-09-16
AWFIS,EQ,275.15,275.9,264.2,271.1,275.15,621355,1676.95,2026-09-16
AWHCL,EQ,354.1,355.25,337.55,345.5,354.1,191949,660.48,2026-09-16
AWL,EQ,183.15,183.76,180.47,181.94,183.14,844193,1538.74,2026-09-16
AXISBANK,EQ,1230.0,1252.5,1223.7,1241.0,1222.9,5799541,72119.91,2026-09-16
AXISCADES,EQ,1727.0,1736.9,1641.1,1684.5,1717.7,158521,2661.71,2026-09-16
AXITA,EQ,8.04,8.12,7.97,7.99,8.0,495132,39.64,2026-09-16
AXTEL,EQ,416.5,441.05,416.5,435.1,429.65,4299,18.67,2026-09-16
AYE,EQ,179.91,182.64,176.3,180.12,177.25,728043,1309.54,2026-09-16
AYMSYNTEX,EQ,272.0,295.5,261.25,270.8,269.1,318398,870.13,2026-09-16
AZAD,EQ,2719.0,2719.0,2555.0,2581.7,2704.9,683850,17760.11,2026-09-16
AZADIND,EQ,84.95,89.86,82.45,84.36,84.11,28956,24.43,2026-09-16
BAGFILMS,EQ,4.44,4.44,4.3,4.36,4.35,30908,1.34,2026-09-16
BAIDFIN,EQ,10.08,10.44,9.9,10.35,10.08,55486,5.67,2026-09-16
BAJAJ-AUTO,EQ,11425.0,11596.0,11379.0,11593.0,11424.0,305528,35102.83,2026-09-16
BAJAJCON,EQ,499.55,507.2,493.05,498.05,503.8,490370,2451.06,2026-09-16
BAJAJELEC,EQ,328.3,328.35,319.05,322.55,328.4,93301,301.56,2026-09-16
BAJAJFINSV,EQ,1864.0,1874.8,1832.9,1837.0,1855.5,613789,11343.95,2026-09-16
BAJAJHCARE,EQ,324.0,324.0,313.05,321.1,320.9,95502,304.92,2026-09-16
BAJAJHFL,EQ,83.78,83.78,82.4,82.96,84.0,2504935,2078.82,2026-09-16
BAJAJHIND,EQ,19.86,19.95,19.27,19.81,19.71,16263903,3192.22,2026-09-16
BAJAJHLDNG,EQ,11011.0,11090.0,10925.0,10930.0,11100.0,25570,2811.02,2026-09-16
BAJAJINDEF,EQ,220.78,220.78,214.01,215.36,220.69,13163,28.42,2026-09-16
BAJAJST,EQ,360.0,365.6,345.05,351.65,365.3,10917,39.21,2026-09-16
BAJEL,EQ,171.94,171.94,165.0,169.16,168.87,121724,204.56,2026-09-16
BAJFINANCE,EQ,1010.5,1019.3,1006.2,1006.2,1009.2,4190272,42413.14,2026-09-16
BALAJEE,EQ,24.52,25.4,24.24,24.43,24.96,24774,6.09,2026-09-16
BALAJITELE,EQ,95.48,96.42,91.8,92.1,95.48,211758,196.9,2026-09-16
BALAMINES,EQ,2128.3,2172.0,2081.0,2149.8,2105.7,165267,3526.99,2026-09-16
BALAXI,EQ,23.01,24.33,22.5,23.33,23.12,19590,4.57,2026-09-16
BALKRISHNA,EQ,16.89,17.14,16.1,16.53,16.73,6336,1.05,2026-09-16
BALKRISIND,EQ,2124.5,2140.0,2100.1,2124.9,2129.0,151993,3224.16,2026-09-16
BALMLAWRIE,EQ,162.67,163.81,160.7,162.1,164.24,158413,256.4,2026-09-16
BALPHARMA,EQ,107.88,110.0,96.51,101.33,107.44,125428,126.71,2026-09-16
BALRAMCHIN,EQ,674.9,685.0,657.3,682.6,677.1,936692,6300.41,2026-09-16
BALUFORGE,EQ,496.0,500.0,470.0,483.25,498.2,1000368,4827.42,2026-09-16
BANARBEADS,EQ,112.0,113.4,108.0,109.65,110.92,1067,1.17,2026-09-16
BANARISUG,EQ,3401.0,3405.0,3196.5,3267.2,3411.1,3218,104.94,2026-09-16
BANCOINDIA,EQ,588.4,598.95,578.05,593.15,587.65,144353,850.91,2026-09-16
BANDHANBNK,EQ,173.24,173.62,169.33,172.5,172.45,8261916,14202.09,2026-09-16
BANG,EQ,33.65,33.66,32.01,32.45,32.29,13063,4.27,2026-09-16
BANK10ADD,EQ,16.47,16.6,16.46,16.46,16.45,80293,13.29,2026-09-16
BANK10BETF,EQ,20.26,20.55,20.26,20.4,19.81,1871,0.38,2026-09-16
BANKA,EQ,77.86,79.8,77.7,77.83,77.86,285,0.22,2026-09-16
BANKADD,EQ,57.51,57.75,57.29,57.52,57.51,98870,56.85,2026-09-16
BANKBARODA,EQ,233.25,235.29,232.33,234.98,232.7,5789637,13556.35,2026-09-16
BANKBEES,EQ,583.84,584.34,578.84,582.68,579.33,324940,1890.48,2026-09-16
BANKBETA,EQ,57.49,58.53,57.49,58.14,58.08,84054,48.86,2026-09-16
BANKBETF,EQ,57.17,57.43,56.78,57.1,57.02,58830,33.6,2026-09-16
BANKETF,EQ,573.7,575.11,570.0,573.59,571.28,7305,41.8,2026-09-16
BANKIETF,EQ,58.65,58.65,57.43,57.75,57.5,491834,284.04,2026-09-16
BANKINDIA,EQ,138.0,139.35,136.85,137.81,137.61,5030108,6956.09,2026-09-16
BANKNIFTY1,EQ,58.16,58.61,58.05,58.32,58.06,282711,165.05,2026-09-16
BANKPSU,EQ,80.91,83.65,80.91,83.22,82.56,4267,3.55,2026-09-16
BANSALWIRE,EQ,302.05,308.95,292.55,307.15,303.7,96192,290.52,2026-09-16
BANSWRAS,EQ,110.03,113.93,107.56,109.34,110.03,16707,18.33,2026-09-16
BASF,EQ,3549.9,3585.9,3485.0,3558.4,3539.4,15289,542.62,2026-09-16
BATAINDIA,EQ,640.0,640.0,626.3,630.65,640.15,159770,1008.38,2026-09-16
BATLIBOI,EQ,84.05,84.06,81.0,82.1,83.95,38877,31.99,2026-09-16
BAYERCROP,EQ,3949.0,3965.4,3885.3,3938.6,3941.1,13378,525.13,2026-09-16
BBETF0432,EQ,1338.5,1340.85,1334.0,1335.29,1340.38,374,4.99,2026-09-16
BBL,EQ,2181.0,2231.3,2131.5,2178.2,2180.1,22867,499.05,2026-09-16
BBNPNBETF,EQ,56.34,57.6,56.34,56.63,56.44,1205,0.68,2026-09-16
BBNPPGOLD,EQ,144.8,147.4,144.8,146.4,144.8,7036,10.28,2026-09-16
BBOX,EQ,758.0,768.6,727.25,763.25,745.8,526729,3953.36,2026-09-16
BBTC,EQ,1423.9,1428.0,1393.0,1416.7,1416.4,36098,509.76,2026-09-16
BBTCL,EQ,226.9,229.9,223.0,224.0,224.92,1138,2.56,2026-09-16
BCG,EQ,9.88,9.91,9.63,9.78,9.85,5047851,491.66,2026-09-16
BCLIND,EQ,32.95,34.04,32.11,32.98,32.95,758362,251.4,2026-09-16
BCONCEPTS,EQ,158.0,158.0,148.0,150.68,154.24,8925,13.43,2026-09-16
BCPL,EQ,68.57,68.65,66.55,67.33,68.27,3186,2.15,2026-09-16
BDL,EQ,1131.4,1138.9,1095.0,1136.0,1135.0,1708626,19121.76,2026-09-16
BEARDSELL,EQ,24.12,25.58,23.57,24.06,24.27,25008,6.14,2026-09-16
BECTORFOOD,EQ,226.0,226.16,214.21,220.16,223.4,2203845,4797.03,2026-09-16
BEDMUTHA,EQ,104.0,104.0,98.2,102.28,104.42,16552,16.59,2026-09-16
BEEKAY,EQ,437.0,443.45,417.15,431.8,435.15,2215,9.43,2026-09-16
BEL,EQ,384.05,390.2,382.1,385.75,382.9,10138395,39236.39,2026-09-16
BELLACASA,EQ,248.0,252.5,240.0,250.48,252.67,14860,36.57,2026-09-16
BELRISE,EQ,226.8,229.75,222.75,229.35,226.66,2897775,6576.63,2026-09-16
BEML,EQ,1935.5,2007.8,1861.5,1991.9,1939.3,422730,8195.45,2026-09-16
BENARAS,EQ,11390.0,11395.0,10541.0,10789.0,11001.0,284,31.04,2026-09-16
BENGALASM,EQ,6309.0,6337.5,6201.0,6319.0,6286.5,302,19.09,2026-09-16
BEPL,EQ,122.98,126.08,118.32,124.92,120.69,1288886,1579.19,2026-09-16
BERGEPAINT,EQ,449.1,450.7,444.15,448.15,447.1,163379,732.55,2026-09-16
BESTAGRO,EQ,18.12,18.87,17.73,18.44,18.39,601821,109.59,2026-09-16
BETA,EQ,2082.2,2094.7,2002.6,2064.9,2105.2,13984,286.74,2026-09-16
BFINVEST,EQ,431.0,439.8,425.55,432.05,435.5,14710,63.56,2026-09-16
BFSI,EQ,25.52,26.34,25.52,26.27,26.18,149842,39.28,2026-09-16
BFUTILITIE,EQ,522.3,534.55,512.0,520.35,528.2,31854,165.82,2026-09-16
BHAGCHEM,EQ,251.0,251.5,242.0,244.25,250.0,89444,219.45,2026-09-16
BHAGYANGR,EQ,405.0,425.25,387.0,425.25,405.0,328669,1364.62,2026-09-16
BHANDARI,EQ,3.0,3.0,2.98,2.98,3.0,150895,4.51,2026-09-16
BHARATCOAL,EQ,32.4,32.59,31.81,32.23,32.4,3804118,1226.12,2026-09-16
BHARATFORG,EQ,1879.0,1897.6,1850.4,1885.0,1877.2,638432,11986.97,2026-09-16
BHARATRAS,EQ,1139.4,1179.9,1101.0,1157.4,1128.9,16438,186.79,2026-09-16
BHARATSE,EQ,208.41,208.9,198.36,205.26,208.62,108419,220.46,2026-09-16
BHARATWIRE,EQ,166.55,171.09,163.62,167.69,168.08,118340,197.85,2026-09-16
BHARTIARTL,EQ,1835.8,1838.0,1818.6,1835.0,1830.4,2925053,53590.01,2026-09-16
BHARTIHEXA,EQ,1500.0,1505.0,1472.6,1479.3,1505.5,52156,772.52,2026-09-16
BHEL,EQ,415.45,417.4,406.0,410.6,412.85,7088021,29189.69,2026-09-16
BIGBLOC,EQ,39.14,40.0,38.0,39.51,39.14,45536,17.83,2026-09-16
BIKAJI,EQ,545.25,547.7,532.75,540.95,541.6,69639,376.63,2026-09-16
BIL,EQ,1029.0,1081.75,995.0,1036.25,1027.55,12435,128.6,2026-09-16
BIMETAL,EQ,620.05,659.65,605.0,638.65,640.0,819,5.2,2026-09-16
BIOCON,EQ,381.0,383.5,373.5,374.4,382.0,1763053,6659.29,2026-09-16
BIOFILCHEM,EQ,33.0,33.71,33.0,33.13,33.65,11768,3.91,2026-09-16
BIRLACABLE,EQ,380.05,395.0,359.1,382.55,377.95,734776,2753.72,2026-09-16
BIRLACORPN,EQ,816.1,818.3,789.9,803.9,810.25,86521,691.66,2026-09-16
BIRLAMONEY,EQ,119.89,120.25,115.62,117.93,118.22,29866,35.23,2026-09-16
BIRLANU,EQ,1395.5,1407.3,1345.0,1387.1,1395.5,11149,152.92,2026-09-16
BLACKBUCK,EQ,612.05,624.1,594.75,619.05,611.9,892263,5460.96,2026-09-16
BLAL,EQ,160.5,163.0,159.21,161.99,161.01,12181,19.58,2026-09-16
BLBLIMITED,EQ,16.1,16.49,15.26,16.13,16.1,218177,34.45,2026-09-16
BLEL,EQ,435.0,436.7,415.0,428.4,439.65,591112,2508.38,2026-09-16
BLIL,EQ,67.1,67.95,67.1,67.33,67.13,49188,33.13,2026-09-16
BLKASHYAP,EQ,51.6,51.79,49.89,51.33,51.5,373401,190.17,2026-09-16
BLS,EQ,230.0,231.93,221.34,226.74,228.51,913859,2062.11,2026-09-16
BLSE,EQ,306.1,315.0,300.0,313.55,310.1,420165,1301.11,2026-09-16
BLUECLOUDS,EQ,19.24,19.74,18.85,19.59,19.19,1424515,276.73,2026-09-16
BLUECOAST,EQ,21.21,21.21,21.09,21.09,21.09,829,0.18,2026-09-16
BLUEDART,EQ,4808.5,4868.9,4740.9,4850.5,4843.5,10147,488.34,2026-09-16
BLUEJET,EQ,553.0,575.0,543.75,565.05,550.65,1113127,6286.5,2026-09-16
BLUESTARCO,EQ,1483.3,1515.0,1472.0,1504.0,1483.0,525657,7890.79,2026-09-16
BLUESTONE,EQ,838.0,863.8,798.2,856.0,828.55,806703,6719.79,2026-09-16
BLUSPRING,EQ,125.0,128.46,112.75,124.46,125.27,576465,698.87,2026-09-16
BMWVENTLTD,EQ,51.21,59.0,50.7,51.8,51.61,652482,345.44,2026-09-16
BNAGROCHEM,EQ,199.9,205.0,199.9,202.34,200.08,659,1.33,2026-09-16
BNKETFAXIS,EQ,577.46,582.47,576.74,579.81,577.46,558,3.24,2026-09-16
BODALCHEM,EQ,176.7,178.76,167.83,173.46,176.66,1821210,3118.01,2026-09-16
BOHRAIND,EQ,13.79,13.79,13.5,13.5,13.71,640,0.09,2026-09-16
BOMDYEING,EQ,107.99,108.1,105.01,107.16,107.58,514540,550.23,2026-09-16
BONLON,EQ,39.02,39.41,37.76,38.81,38.56,3542,1.38,2026-09-16
BORANA,EQ,303.5,309.35,298.0,303.05,303.5,38658,117.07,2026-09-16
BOROLTD,EQ,248.33,250.0,240.64,246.76,248.33,131207,322.42,2026-09-16
BORORENEW,EQ,460.7,461.85,443.0,446.0,461.3,710811,3189.9,2026-09-16
BOROSCI,EQ,121.9,122.9,115.54,118.52,120.02,58547,69.29,2026-09-16
BOSCH-HCIL,EQ,1667.4,1690.0,1631.6,1674.2,1667.4,20673,343.88,2026-09-16
BOSCHLTD,EQ,47100.0,48325.0,46850.0,47555.0,47070.0,34806,16597.98,2026-09-16
BPCL,EQ,301.0,304.0,298.1,303.35,298.65,4428358,13338.38,2026-09-16
BPL,EQ,47.6,47.6,45.36,46.73,46.58,41913,19.41,2026-09-16
BPLPHARMA,EQ,1570.0,1570.0,1500.0,1509.8,1543.4,515,7.83,2026-09-16
BRAHMINFRA,EQ,158.44,158.44,142.1,155.58,151.6,5582,8.59,2026-09-16
BRIGADE,EQ,612.0,630.15,598.6,626.85,612.25,264994,1635.89,2026-09-16
BRIGHOTEL,EQ,56.31,56.9,55.75,55.85,56.14,101442,56.76,2026-09-16
BRIGHTBR,EQ,245.05,252.0,232.25,252.0,248.5,585,1.47,2026-09-16
BRITANNIA,EQ,4947.5,5036.5,4933.0,4999.5,4947.5,250873,12548.03,2026-09-16
BRNL,EQ,16.59,16.95,16.05,16.24,16.31,29812,4.86,2026-09-16
BROOKS,EQ,64.49,64.7,59.13,61.02,63.09,51525,31.27,2026-09-16
BSE,EQ,3310.0,3317.0,3225.0,3240.0,3310.0,2894042,94211.78,2026-09-16
BSE500IETF,EQ,38.03,38.43,37.26,38.2,38.03,84303,32.14,2026-09-16
BSHSL,EQ,85.0,88.0,84.46,84.78,85.42,11809,10.13,2026-09-16
BSL,EQ,119.89,119.89,117.81,117.97,119.35,1724,2.04,2026-09-16
BSLGOLDETF,EQ,132.2,133.15,132.2,132.9,131.88,312123,414.61,2026-09-16
BSLNIFTY,EQ,27.5,28.01,27.02,27.47,27.33,964485,264.58,2026-09-16
BSLSENETFG,EQ,74.46,76.0,74.46,75.9,75.22,3679,2.75,2026-09-16
BSOFT,EQ,286.2,287.8,279.3,281.25,286.45,1260023,3567.34,2026-09-16
BTML,EQ,7.89,7.89,7.43,7.57,7.62,106229,8.05,2026-09-16
BUILDPRO,EQ,1289.9,1309.4,1252.7,1271.0,1283.0,43132,548.38,2026-09-16
BUTTERFLY,EQ,584.0,590.0,566.0,576.85,580.25,14048,81.04,2026-09-16
BVCL,EQ,41.44,41.54,40.0,40.71,40.8,13663,5.57,2026-09-16
CAMLINFINE,EQ,100.0,100.99,97.1,98.12,99.21,379806,374.98,2026-09-16
CAMPUS,EQ,212.0,214.3,208.69,211.47,212.9,442078,932.71,2026-09-16
CAMS,EQ,713.0,718.25,700.15,705.7,717.35,848314,5995.3,2026-09-16
CANBK,EQ,122.8,123.7,121.81,123.2,122.37,13945737,17144.83,2026-09-16
CANFINHOME,EQ,790.0,791.95,769.0,771.95,784.8,289578,2257.26,2026-09-16
CANHLIFE,EQ,150.2,154.54,147.27,153.92,151.78,545308,828.79,2026-09-16
CANTABIL,EQ,240.6,243.2,237.02,238.95,240.3,227852,547.54,2026-09-16
CAPACITE,EQ,190.37,191.44,185.25,186.88,189.57,290665,546.95,2026-09-16
CAPILLARY,EQ,476.9,476.9,449.6,452.05,472.2,514440,2407.35,2026-09-16
CAPITALSFB,EQ,270.0,275.0,269.05,273.25,269.7,6767,18.39,2026-09-16
CAPLIPOINT,EQ,2581.0,2606.7,2490.5,2583.0,2570.6,212393,5428.99,2026-09-16
CARBORUNIV,EQ,1031.8,1055.5,1018.1,1051.6,1031.8,96977,1010.39,2026-09-16
CARERATING,EQ,1630.5,1659.0,1602.8,1652.5,1635.7,28271,462.02,2026-09-16
CARRARO,EQ,521.0,521.0,506.1,508.85,521.0,65060,332.14,2026-09-16
CARTRADE,EQ,3037.0,3064.9,2856.7,2885.3,3017.1,416850,12126.39,2026-09-16
CARYSIL,EQ,1122.0,1131.6,1091.3,1118.4,1126.8,74682,830.69,2026-09-16
CASHIETF,EQ,1079.7,1079.7,1079.68,1079.68,1079.56,105529,1139.39,2026-09-16
CASTROLIND,EQ,187.51,189.45,187.05,188.84,187.82,1359799,2562.73,2026-09-16
CCAVENUE,EQ,15.95,15.95,15.25,15.32,15.69,10593710,1640.17,2026-09-16
CCCL,EQ,13.6,14.18,13.52,13.61,13.99,170456,23.26,2026-09-16
CCHHL,EQ,12.18,12.9,12.18,12.5,12.18,10753,1.36,2026-09-16
CCL,EQ,1056.2,1080.7,1043.6,1065.5,1060.9,103629,1105.65,2026-09-16
CDSL,EQ,1311.0,1319.9,1284.0,1299.0,1311.0,1055453,13677.85,2026-09-16
CEATLTD,EQ,3286.0,3324.0,3241.3,3305.6,3282.5,48579,1598.38,2026-09-16
CEIGALL,EQ,380.0,393.8,372.0,386.8,382.25,393782,1514.87,2026-09-16
CEINSYS,EQ,674.95,686.75,665.0,673.05,676.6,58089,390.62,2026-09-16
CELEBRITY,EQ,6.9,6.9,6.68,6.73,6.7,10862,0.74,2026-09-16
CELLO,EQ,328.0,329.95,319.45,323.4,327.55,212024,685.44,2026-09-16
CEMNTGROWW,EQ,14.0,14.08,13.73,13.85,13.95,171688,23.88,2026-09-16
CEMPRO,EQ,1218.3,1267.4,1209.1,1235.1,1207.1,553547,6889.13,2026-09-16
CENTENKA,EQ,553.15,565.0,535.8,561.45,550.4,51388,282.39,2026-09-16
CENTEXT,EQ,19.81,20.1,18.67,19.49,19.98,633227,121.37,2026-09-16
CENTRALBK,EQ,30.5,30.67,30.19,30.39,30.46,6327271,1927.33,2026-09-16
CENTRUM,EQ,21.85,21.99,20.92,21.52,21.65,150400,32.22,2026-09-16
CENTUM,EQ,4049.5,4313.4,3900.2,4276.1,4010.6,90062,3751.42,2026-09-16
CENTURYPLY,EQ,713.5,727.9,689.1,719.9,711.05,144990,1022.09,2026-09-16
CERA,EQ,5590.5,5708.5,5512.0,5646.0,5572.0,9354,528.12,2026-09-16
CESC,EQ,142.0,143.0,140.7,141.67,141.7,1662713,2355.08,2026-09-16
CEWATER,EQ,278.0,278.0,256.4,259.35,276.15,95434,249.88,2026-09-16
CFEL,EQ,47.0,47.49,43.15,46.0,47.41,66304,29.94,2026-09-16
CGCL,EQ,255.0,267.25,248.65,256.65,255.1,7620738,19741.88,2026-09-16
CGPOWER,EQ,858.0,864.2,838.55,851.55,858.0,1882336,16064.0,2026-09-16
CGVAK,EQ,148.7,148.7,141.6,144.11,144.31,1989,2.88,2026-09-16
CHALET,EQ,841.0,854.6,828.15,844.1,845.15,83424,704.35,2026-09-16
CHAMBLFERT,EQ,415.0,415.5,401.4,409.1,416.65,603060,2462.58,2026-09-16
CHEMBOND,EQ,199.4,199.4,176.8,190.06,195.52,20839,38.75,2026-09-16
CHEMCRUX,EQ,81.87,82.6,78.05,81.14,80.23,3017,2.42,2026-09-16
CHEMFAB,EQ,358.4,366.8,353.1,358.0,372.15,2640,9.46,2026-09-16
CHEMICAL,EQ,29.66,29.66,28.45,28.91,28.94,294836,84.92,2026-09-16
CHEMPLASTS,EQ,165.0,169.44,161.0,166.12,165.12,170758,281.59,2026-09-16
CHENNPETRO,EQ,1472.7,1487.0,1412.0,1456.0,1471.8,1363010,19749.31,2026-09-16
CHEVIOT,EQ,1165.0,1179.0,1160.1,1175.1,1172.3,1194,13.95,2026-09-16
CHOICEGOLD,EQ,151.0,151.0,149.11,150.06,149.29,10121,15.15,2026-09-16
CHOICEIN,EQ,740.35,741.6,722.5,725.65,740.4,204754,1496.12,2026-09-16
CHOLAFIN,EQ,1800.7,1800.7,1756.3,1765.6,1791.6,1312956,23222.76,2026-09-16
CHOLAHLDNG,EQ,1501.5,1524.0,1485.0,1512.4,1510.8,85920,1296.31,2026-09-16
CIEINDIA,EQ,371.9,379.75,366.9,375.8,375.0,270941,1011.03,2026-09-16
CIFL,EQ,19.42,20.63,18.56,20.2,19.53,375881,74.4,2026-09-16
CINELINE,EQ,91.81,93.11,88.0,89.96,91.81,27119,24.32,2026-09-16
CINEVISTA,EQ,14.89,14.89,13.6,13.88,14.08,27038,3.82,2026-09-16
CIPLA,EQ,1351.0,1363.7,1344.3,1358.0,1351.0,911572,12366.64,2026-09-16
CLEAN,EQ,820.95,827.45,806.25,820.0,820.3,348006,2843.94,2026-09-16
CLEANMAX,EQ,1303.1,1334.2,1265.0,1286.8,1321.5,205827,2646.5,2026-09-16
CLEDUCATE,EQ,56.01,57.39,54.29,56.94,57.14,9973,5.59,2026-09-16
CLSEL,EQ,281.6,305.95,274.1,298.25,281.6,200647,585.23,2026-09-16
CMLL,EQ,477.85,484.6,468.0,475.4,474.7,380398,1815.51,2026-09-16
CMPDI,EQ,204.0,207.98,199.99,203.77,203.74,1289252,2632.38,2026-09-16
CMRGREEN,EQ,213.9,215.36,209.32,211.91,212.76,351172,745.77,2026-09-16
CMSINFO,EQ,235.08,239.0,227.8,232.39,222.91,5544781,12925.08,2026-09-16
CNL,EQ,1065.0,1088.0,1050.0,1065.5,1068.6,27962,297.65,2026-09-16
COALINDIA,EQ,419.25,423.45,417.6,422.25,419.25,7049685,29728.84,2026-09-16
COASTCORP,EQ,37.25,37.69,35.6,36.18,37.32,73502,26.86,2026-09-16
COCHINSHIP,EQ,1327.8,1330.0,1290.9,1319.0,1325.0,1223182,16064.05,2026-09-16
COCKERILL,EQ,8210.0,8298.5,7771.0,7877.5,8286.0,18330,1447.59,2026-09-16
COFFEEDAY,EQ,30.48,31.0,29.66,30.4,30.37,521794,158.76,2026-09-16
COFORGE,EQ,1775.0,1784.4,1717.0,1766.7,1775.5,3593943,62845.68,2026-09-16
COHANCE,EQ,425.6,434.6,416.2,432.95,423.6,320413,1369.33,2026-09-16
COLPAL,EQ,1833.9,1900.1,1830.1,1860.0,1820.3,1465224,27451.98,2026-09-16
COMFINTE,EQ,5.86,6.18,5.82,5.88,5.92,146074,8.57,2026-09-16
COMMOIETF,EQ,96.24,97.0,95.56,96.56,96.24,42166,40.62,2026-09-16
COMPEAU,EQ,360.0,364.85,350.0,360.4,360.0,894,3.22,2026-09-16
COMPUSOFT,EQ,13.18,13.18,12.73,12.84,12.91,16485,2.12,2026-09-16
COMSYN,EQ,289.8,301.45,271.0,294.75,289.8,839631,2457.47,2026-09-16
CONCOR,EQ,484.0,491.3,480.7,488.8,483.7,443499,2158.88,2026-09-16
CONCORDBIO,EQ,1470.1,1484.2,1428.1,1453.8,1473.0,105795,1543.39,2026-09-16
CONFIPET,EQ,85.0,88.0,82.1,86.58,86.1,2646137,2244.33,2026-09-16
CONS,EQ,11.67,11.79,11.65,11.67,11.71,12069,1.41,2026-09-16
CONSUMAXIS,EQ,116.84,117.6,116.54,117.03,116.94,723,0.85,2026-09-16
CONSUMBEES,EQ,125.81,129.0,125.58,127.09,126.43,136732,173.54,2026-09-16
CONSUMER,EQ,11.84,11.84,11.39,11.65,11.61,183784,21.37,2026-09-16
CONSUMIETF,EQ,117.68,118.69,117.0,117.91,117.9,20296,23.92,2026-09-16
CONTROLPR,EQ,570.3,596.05,563.2,591.5,574.8,39907,233.63,2026-09-16
CORALFINAC,EQ,32.93,33.41,32.03,32.4,32.77,7438,2.43,2026-09-16
CORDELIA,EQ,111.0,113.25,106.72,108.19,112.33,2468400,2654.13,2026-09-16
CORDSCABLE,EQ,356.9,363.75,303.65,348.25,354.25,340527,1171.25,2026-09-16
COROMANDEL,EQ,1939.1,1945.0,1910.0,1937.8,1939.1,88917,1719.32,2026-09-16
CORONA,EQ,2205.3,2245.0,2132.0,2143.6,2217.9,28735,620.72,2026-09-16
COSMOFIRST,EQ,860.0,898.0,842.5,878.05,861.35,56751,490.36,2026-09-16
CPCAP,EQ,141.0,143.05,138.45,140.77,140.17,42512,59.61,2026-09-16
CPEDU,EQ,179.8,179.8,172.1,174.13,176.34,3045,5.3,2026-09-16
CPL,EQ,62.7,64.89,62.01,62.26,62.83,19954,12.58,2026-09-16
CPPLUS,EQ,3680.0,3699.0,3480.3,3547.7,3663.4,315432,11104.51,2026-09-16
CPSEETF,EQ,92.75,92.75,91.71,92.32,92.04,567759,523.31,2026-09-16
CRAFTSMAN,EQ,11260.0,11329.0,10600.0,11040.0,11099.0,56874,6202.78,2026-09-16
CRAMC,EQ,231.75,234.45,226.6,228.55,232.4,435060,1001.95,2026-09-16
CRAVATEX,EQ,316.55,338.0,312.0,323.1,319.5,311,1.0,2026-09-16
CREATIVEYE,EQ,5.87,5.87,5.56,5.59,5.74,4303,0.24,2026-09-16
CREDITACC,EQ,1392.3,1423.8,1370.0,1416.5,1409.6,188841,2649.42,2026-09-16
CREST,EQ,357.0,360.95,355.0,359.95,354.65,14808,53.08,2026-09-16
CRESTO,EQ,16.89,16.89,16.0,16.34,16.05,13052,2.14,2026-09-16
CRISIL,EQ,4644.0,4644.0,4494.2,4578.8,4596.9,72153,3307.69,2026-09-16
CRIZAC,EQ,179.89,179.9,171.1,176.02,179.89,212621,372.16,2026-09-16
CROMPTON,EQ,227.01,228.62,222.3,223.4,226.15,3565510,7982.89,2026-09-16
CROWN,EQ,105.03,111.0,102.7,107.54,106.83,9902,10.53,2026-09-16
CSBBANK,EQ,297.9,337.0,297.8,328.75,296.35,8547841,27330.48,2026-09-16
CSLFINANCE,EQ,216.51,217.8,210.5,214.26,215.37,76689,164.16,2026-09-16
CSM,EQ,91.99,103.45,88.68,96.22,89.85,6076531,5947.87,2026-09-16
CUB,EQ,225.0,229.0,216.42,227.24,225.78,2169990,4876.26,2026-09-16
CUBEXTUB,EQ,75.85,75.98,74.5,75.09,75.08,23653,17.79,2026-09-16
CUMMINSIND,EQ,4863.5,4985.0,4844.0,4940.0,4874.0,399690,19714.57,2026-09-16
CUPID,EQ,284.5,287.0,276.0,280.0,284.4,8678314,24397.76,2026-09-16
CURAA,EQ,75.5,79.4,75.0,75.0,75.5,162,0.12,2026-09-16
CYIENT,EQ,1078.9,1079.0,1030.3,1054.5,1078.9,488288,5114.4,2026-09-16
CYIENTDLM,EQ,882.4,884.65,811.95,867.4,882.7,855768,7225.79,2026-09-16
DABUR,EQ,386.85,389.45,382.0,382.0,384.9,1792878,6915.33,2026-09-16
DALBHARAT,EQ,1687.8,1704.5,1681.0,1693.6,1687.4,58268,985.71,2026-09-16
DALMIASUG,EQ,400.0,401.65,386.85,393.1,398.2,145925,573.93,2026-09-16
DAMCAPITAL,EQ,139.0,141.2,134.39,135.99,138.93,231257,314.09,2026-09-16
DANGEE,EQ,2.84,2.92,2.7,2.73,2.78,38911,1.07,2026-09-16
DATAMATICS,EQ,761.05,767.45,739.0,755.55,766.25,69650,526.11,2026-09-16
DATAPATTNS,EQ,4380.5,4386.7,4140.0,4321.7,4358.8,1076930,46071.2,2026-09-16
DAVANGERE,EQ,2.2,2.22,2.07,2.14,2.24,19163359,406.02,2026-09-16
DBCORP,EQ,184.01,188.3,182.51,186.49,184.73,46883,87.4,2026-09-16
DBEIL,EQ,6.94,6.97,6.51,6.74,6.79,121766,8.19,2026-09-16
DBL,EQ,401.0,415.0,390.4,406.2,399.6,309785,1253.53,2026-09-16
DBOL,EQ,114.79,114.79,110.65,113.41,113.26,85045,96.3,2026-09-16
DBREALTY,EQ,97.6,98.28,93.9,95.2,96.96,1376448,1310.38,2026-09-16
DCAL,EQ,164.26,167.99,158.5,162.08,163.16,183948,296.53,2026-09-16
DCBBANK,EQ,222.82,223.93,215.46,219.94,221.89,912819,2002.1,2026-09-16
DCI,EQ,266.9,280.8,255.6,264.15,264.7,376664,994.55,2026-09-16
DCM,EQ,75.06,77.02,74.98,76.27,76.42,16150,12.25,2026-09-16
DCMFINSERV,EQ,5.21,5.21,4.85,5.14,5.0,18394,0.93,2026-09-16
DCMNVL,EQ,173.89,176.4,172.5,174.05,172.6,8488,14.76,2026-09-16
DCMSHRIRAM,EQ,990.0,1002.0,975.2,986.3,994.1,45772,452.79,2026-09-16
DCMSIL,EQ,68.15,70.87,67.52,69.28,69.25,65734,45.31,2026-09-16
DCMSRIND,EQ,38.31,39.51,37.06,38.68,38.56,247070,94.11,2026-09-16
DCW,EQ,44.55,44.84,43.19,44.26,44.72,851390,375.25,2026-09-16
DCXINDIA,EQ,161.6,162.39,156.12,160.76,161.62,768094,1228.69,2026-09-16
DDEVPLSTIK,EQ,253.15,255.1,245.6,252.2,250.65,86381,216.77,2026-09-16
DECCANCE,EQ,562.4,579.95,555.55,570.0,566.05,26043,148.21,2026-09-16
DECNGOLD,EQ,224.0,225.99,216.6,220.67,222.82,1128957,2484.18,2026-09-16
DEEDEV,EQ,600.0,636.7,577.65,634.65,607.4,309277,1880.55,2026-09-16
DEEP,EQ,46.59,47.0,42.0,43.47,45.13,33346,14.44,2026-09-16
DEEPA,EQ,173.99,174.49,164.79,171.82,169.14,3436863,5845.83,2026-09-16
DEEPAKFERT,EQ,1297.9,1318.8,1269.1,1315.0,1284.8,173758,2262.23,2026-09-16
DEEPAKNTR,EQ,1562.8,1598.0,1546.2,1590.5,1561.3,443065,6955.2,2026-09-16
DEEPINDS,EQ,727.2,743.9,688.0,735.15,730.4,707797,5099.8,2026-09-16
DEFENCE,EQ,77.67,77.67,75.35,76.93,76.88,472845,362.89,2026-09-16
DELHIVERY,EQ,418.05,428.15,414.6,421.8,420.5,3025177,12755.96,2026-09-16
DELTACORP,EQ,53.8,57.1,51.66,55.19,53.79,2596609,1399.34,2026-09-16
DELTAMAGNT,EQ,57.45,57.45,52.2,54.88,55.65,7247,3.92,2026-09-16
DEN,EQ,26.47,26.68,26.12,26.42,26.62,231818,61.07,2026-09-16
DENORA,EQ,801.65,809.95,781.55,788.1,812.95,1735,13.77,2026-09-16
DENTA,EQ,276.6,296.3,267.35,282.05,276.3,300277,857.48,2026-09-16
DEVIT,EQ,23.36,24.7,23.1,23.34,23.8,23973,5.66,2026-09-16
DEVX,EQ,32.16,34.9,32.16,33.96,33.3,110612,37.08,2026-09-16
DEVYANI,EQ,135.53,137.9,135.16,136.69,136.22,1326172,1809.12,2026-09-16
DGCONTENT,EQ,23.75,23.94,23.6,23.88,23.74,3051,0.73,2026-09-16
DHAMPURSUG,EQ,157.4,157.4,150.1,152.74,156.61,665496,1014.5,2026-09-16
DHANBANK,EQ,29.85,30.18,29.05,29.42,29.79,511194,150.86,2026-09-16
DHANUKA,EQ,959.7,974.0,931.2,961.85,956.5,38687,368.18,2026-09-16
DHARMAJ,EQ,268.3,271.95,266.15,269.4,268.25,48933,131.54,2026-09-16
DHATRE,EQ,4.4,4.4,4.06,4.11,4.29,31101,1.28,2026-09-16
DHOOTTRANS,EQ,1525.0,1614.4,1400.4,1590.9,1555.9,6172314,91737.42,2026-09-16
DHRUV,EQ,21.76,22.88,21.04,21.46,22.14,10601,2.27,2026-09-16
DHUNINV,EQ,980.0,988.6,962.0,977.2,978.45,429,4.2,2026-09-16
DIAMINESQ,EQ,259.0,261.0,248.62,256.19,251.8,7064,17.94,2026-09-16
DIAMONDYD,EQ,1097.3,1119.9,1088.8,1102.2,1107.4,6122,67.41,2026-09-16
DICIND,EQ,600.0,623.6,590.05,610.3,593.15,3625,22.0,2026-09-16
DIFFNKG,EQ,429.9,435.0,415.1,428.7,427.25,112103,476.5,2026-09-16
DIGIDRIVE,EQ,17.58,18.75,17.11,17.22,17.58,39847,7.0,2026-09-16
DIGISPICE,EQ,16.13,16.92,15.8,16.45,16.33,136926,22.35,2026-09-16
DIGITIDE,EQ,85.0,88.08,82.6,86.25,85.06,188492,162.2,2026-09-16
DISAQ,EQ,11705.0,11844.0,11602.0,11747.0,11677.0,96,11.24,2026-09-16
DISHTV,EQ,2.62,2.75,2.61,2.66,2.62,3311191,88.34,2026-09-16
DIVGIITTS,EQ,1106.0,1147.3,1062.0,1119.7,1106.3,143879,1588.89,2026-09-16
DIVIDEND,EQ,34.87,34.87,34.5,34.71,34.71,4182,1.45,2026-09-16
DIVISLAB,EQ,9168.0,9180.0,8923.0,9158.0,9198.0,878300,79748.13,2026-09-16
DIVOPPBEES,EQ,75.24,75.24,74.18,74.62,74.4,32131,23.96,2026-09-16
DIXON,EQ,12985.0,13260.0,12850.0,13181.0,13180.0,540673,70893.11,2026-09-16
DJML,EQ,79.85,80.29,75.6,78.14,78.66,95259,74.21,2026-09-16
DLF,EQ,620.85,628.3,611.5,622.8,620.85,2223983,13808.57,2026-09-16
DLINKINDIA,EQ,418.45,420.75,406.3,418.0,417.05,56870,235.79,2026-09-16
DMART,EQ,3679.0,3730.0,3670.0,3720.0,3680.0,464459,17203.02,2026-09-16
DMCC,EQ,265.35,270.1,256.9,259.3,265.5,87873,228.61,2026-09-16
DNAMEDIA,EQ,2.55,2.7,2.26,2.45,2.5,83926,2.08,2026-09-16
DODLA,EQ,1083.9,1094.8,1059.9,1063.6,1080.3,13702,146.17,2026-09-16
DOLATALGO,EQ,68.25,68.43,66.21,67.47,68.25,127563,85.95,2026-09-16
DOLLAR,EQ,262.05,268.8,259.05,266.8,262.95,66963,177.22,2026-09-16
DOLLEX,EQ,38.8,38.8,35.9,37.0,37.4,26844,9.86,2026-09-16
DOLPHIN,EQ,641.3,651.0,610.0,635.1,651.05,35409,224.04,2026-09-16
DOMS,EQ,2102.6,2115.7,2061.3,2085.2,2120.4,20224,420.83,2026-09-16
DONEAR,EQ,82.46,83.5,82.01,82.06,82.46,10670,8.78,2026-09-16
DPABHUSHAN,EQ,1336.8,1340.9,1290.0,1321.6,1337.5,17595,230.35,2026-09-16
DRAGARWQ,EQ,5157.5,5325.0,5104.0,5269.5,5137.0,3151,163.32,2026-09-16
DRCSYSTEMS,EQ,12.95,12.95,12.4,12.48,12.75,41584,5.22,2026-09-16
DREAMFOLKS,EQ,67.0,67.7,65.05,65.33,66.76,61208,40.44,2026-09-16
DREDGECORP,EQ,994.9,994.9,961.1,987.8,994.0,45490,446.48,2026-09-16
DRREDDY,EQ,1142.0,1149.9,1133.9,1140.0,1145.0,1120896,12814.8,2026-09-16
DSSL,EQ,1047.5,1047.5,1011.6,1018.8,1034.4,22429,228.68,2026-09-16
DUCON,EQ,1.53,1.64,1.45,1.58,1.59,1986175,30.41,2026-09-16
DVL,EQ,280.0,281.95,270.9,275.2,282.7,15512,42.97,2026-09-16
DWARKESH,EQ,41.75,41.78,40.32,41.04,41.72,2115991,866.6,2026-09-16
DYCL,EQ,436.0,438.15,416.65,433.0,432.6,387406,1659.03,2026-09-16
DYNAMATECH,EQ,12000.0,12151.0,11500.0,12077.0,12071.0,28785,3423.18,2026-09-16
DYNPRO,EQ,226.61,231.39,224.4,230.04,227.94,9782,22.34,2026-09-16
EASEMYTRIP,EQ,5.79,5.88,5.76,5.78,5.78,14917947,865.89,2026-09-16
EASTWEST,EQ,2.3,2.33,2.27,2.33,2.3,10315,0.24,2026-09-16
EBANK10,EQ,16.1,16.77,16.09,16.52,16.26,940,0.15,2026-09-16
EBANKNIFTY,EQ,56.48,56.87,56.26,56.61,56.49,422,0.24,2026-09-16
EBBETF0430,EQ,1609.0,1609.0,1601.15,1604.0,1603.74,7059,113.24,2026-09-16
EBBETF0431,EQ,1425.79,1431.98,1424.15,1427.29,1425.49,5837,83.21,2026-09-16
EBBETF0433,EQ,1308.51,1311.36,1300.2,1309.64,1305.8,4937,64.58,2026-09-16
EBGNG,EQ,675.0,679.9,625.6,645.55,671.45,1024574,6640.6,2026-09-16
ECAPINSURE,EQ,22.95,23.16,22.54,23.03,22.95,41645,9.49,2026-09-16
ECLERX,EQ,1890.5,1968.0,1848.2,1961.2,1894.8,182677,3531.1,2026-09-16
ECORECO,EQ,427.4,429.85,415.1,425.1,427.4,11414,48.13,2026-09-16
ECOSMOBLTY,EQ,106.21,108.19,105.29,106.37,107.47,45900,48.99,2026-09-16
EDELWEISS,EQ,127.7,128.5,123.87,126.74,127.4,6116820,7724.19,2026-09-16
EFCIL,EQ,183.55,184.37,176.98,178.06,182.64,196331,353.09,2026-09-16
EGOLD,EQ,150.05,151.1,150.05,150.95,149.65,43760,66.03,2026-09-16
EICHERMOT,EQ,7430.0,7524.5,7406.0,7500.0,7452.5,316258,23608.95,2026-09-16
EIDPARRY,EQ,702.75,707.0,685.5,703.05,702.75,314736,2195.34,2026-09-16
EIEL,EQ,197.98,198.99,190.5,194.87,196.91,495754,961.58,2026-09-16
EIHAHOTELS,EQ,284.4,288.85,278.1,287.0,281.3,17383,49.37,2026-09-16
EIHOTEL,EQ,284.15,294.0,283.5,292.1,283.8,671193,1945.91,2026-09-16
EIMCOELECO,EQ,2242.2,2339.9,2211.1,2277.1,2242.2,58309,1326.81,2026-09-16
EKC,EQ,98.8,99.7,96.49,98.75,98.8,186889,182.7,2026-09-16
EKI,EQ,69.0,71.0,67.0,67.57,69.5,23169,15.82,2026-09-16
ELANTAS,EQ,13605.0,13676.0,12920.0,13436.0,13481.0,3194,423.88,2026-09-16
ELCIDIN,EQ,106300.0,108500.0,105305.0,107120.0,102210.0,24,25.7,2026-09-16
ELDEHSG,EQ,775.0,775.0,754.2,769.15,780.3,890,6.8,2026-09-16
ELECON,EQ,413.0,413.05,402.4,407.35,413.5,162968,663.46,2026-09-16
ELECTCAST,EQ,75.45,75.94,73.16,74.33,75.23,1233179,917.14,2026-09-16
ELECTHERM,EQ,956.65,957.9,916.05,941.15,945.35,6788,63.55,2026-09-16
ELGIEQUIP,EQ,615.0,615.05,590.1,592.5,612.05,533822,3196.08,2026-09-16
ELGIRUBCO,EQ,55.2,57.9,54.1,56.68,55.83,36113,19.96,2026-09-16
ELIN,EQ,86.3,89.0,83.97,88.71,87.15,185837,161.01,2026-09-16
ELIQUID,EQ,1048.2,1048.2,1047.85,1047.85,1047.72,10860,113.8,2026-09-16
ELITECON,EQ,8.83,8.9,8.15,8.15,8.57,2875950,241.56,2026-09-16
ELLEN,EQ,356.5,390.6,343.0,374.65,355.1,2421472,9058.99,2026-09-16
ELM250,EQ,16.1,16.19,15.97,15.99,16.0,58374,9.36,2026-09-16
ELMDIV,EQ,35.1,35.62,35.1,35.39,36.4,535,0.19,2026-09-16
ELPROINTL,EQ,174.14,174.5,173.5,173.51,172.85,7268,12.64,2026-09-16
EMAMILTD,EQ,375.0,376.0,365.8,369.3,373.7,1443979,5342.95,2026-09-16
EMAMIREAL,EQ,67.0,68.9,66.31,66.31,67.45,8902,5.97,2026-09-16
EMBDL,EQ,55.4,55.5,53.31,53.68,55.01,1630746,878.08,2026-09-16
EMCURE,EQ,2004.0,2013.0,1902.6,1931.9,1993.0,248066,4802.97,2026-09-16
EMETAL,EQ,12.86,13.2,12.6,12.99,12.74,5130,0.66,2026-09-16
EMIL,EQ,184.3,185.74,173.71,180.93,185.06,2115907,3804.68,2026-09-16
EMKAY,EQ,243.5,243.85,235.0,242.3,241.45,15157,36.3,2026-09-16
EMMVEE,EQ,322.5,330.6,318.6,321.7,328.55,1366386,4426.86,2026-09-16
EMPIND,EQ,1025.0,1034.0,1002.1,1026.9,1038.3,1254,12.85,2026-09-16
EMPOWER,EQ,2.43,2.49,2.43,2.48,2.38,43769639,1085.27,2026-09-16
EMSLIMITED,EQ,373.95,374.85,355.35,362.25,373.95,241061,872.33,2026-09-16
EMUDHRA,EQ,625.0,677.0,600.35,642.3,592.85,30254888,198274.71,2026-09-16
EMULTIMQ,EQ,40.6,41.6,39.57,39.95,40.58,135756,54.61,2026-09-16
ENDURANCE,EQ,2625.0,2659.0,2582.0,2628.4,2614.6,72279,1894.75,2026-09-16
ENERGY,EQ,38.15,38.15,37.16,37.54,37.4,512476,191.68,2026-09-16
ENERGYAXIS,EQ,19.47,19.81,18.58,18.71,19.78,85128,16.12,2026-09-16
ENERGYDEV,EQ,14.2,14.83,14.0,14.08,14.27,33641,4.78,2026-09-16
ENEXT50,EQ,70.16,71.0,69.8,70.54,70.0,236,0.17,2026-09-16
ENGINERSIN,EQ,261.4,265.6,253.6,260.65,262.45,2212377,5720.77,2026-09-16
ENIFTY,EQ,23.47,23.51,23.27,23.33,23.43,16917,3.96,2026-09-16
ENIL,EQ,101.9,102.79,99.26,100.34,100.4,7608,7.63,2026-09-16
ENKEIWHEL,EQ,398.55,398.55,388.0,390.2,398.55,247,0.97,2026-09-16
ENRIN,EQ,3028.0,3072.0,2968.0,3013.4,3028.7,332338,10020.71,2026-09-16
ENTERO,EQ,1785.1,1800.3,1666.8,1731.8,1802.1,236406,4062.35,2026-09-16
EPACK,EQ,177.34,181.32,175.04,178.09,177.7,354381,632.01,2026-09-16
EPACKPEB,EQ,222.01,224.0,213.22,221.47,221.26,428491,940.65,2026-09-16
EPIGRAL,EQ,1092.2,1092.2,1054.1,1084.0,1092.2,21627,233.22,2026-09-16
EPL,EQ,234.5,236.7,228.0,233.9,235.9,1925799,4471.0,2026-09-16
EQUAL200,EQ,13.36,13.36,13.2,13.34,13.33,29398,3.9,2026-09-16
EQUAL50,EQ,321.44,321.61,318.92,320.85,320.43,1416,4.55,2026-09-16
EQUAL50ADD,EQ,332.0,332.48,329.28,331.44,330.63,36479,120.99,2026-09-16
EQUITASBNK,EQ,71.39,74.5,70.82,73.5,71.35,2177983,1582.95,2026-09-16
ERIS,EQ,1296.2,1324.7,1282.8,1303.2,1310.1,15100,196.5,2026-09-16
ESABINDIA,EQ,5779.0,5779.0,5606.0,5675.0,5751.0,3839,217.35,2026-09-16
ESCORTS,EQ,2840.0,2864.9,2791.1,2815.6,2835.8,63932,1803.85,2026-09-16
ESDS,EQ,1820.0,1820.0,1733.5,1733.5,1824.7,1728190,30620.74,2026-09-16
ESENSEX,EQ,74.9,76.01,74.8,75.27,75.4,72,0.05,2026-09-16
ESG,EQ,39.88,40.0,39.69,39.91,39.72,1627,0.65,2026-09-16
ESILVER,EQ,225.73,229.52,225.73,228.89,224.0,663442,1518.05,2026-09-16
ESSARSHPNG,EQ,16.48,16.48,15.45,15.53,15.76,227399,35.79,2026-09-16
ESSENTIA,EQ,1.04,1.05,1.03,1.04,1.04,1782429,18.53,2026-09-16
ESTER,EQ,87.27,87.69,85.05,86.24,87.03,40282,34.75,2026-09-16
ETERNAL,EQ,316.25,318.35,310.8,317.0,315.25,11286053,35602.52,2026-09-16
ETHOSLTD,EQ,2602.0,2639.0,2520.0,2612.5,2574.1,47503,1229.17,2026-09-16
EUREKAFORB,EQ,396.0,401.15,385.0,394.15,394.3,218699,858.99,2026-09-16
EUROBOND,EQ,148.0,150.0,144.01,149.84,146.98,1652,2.43,2026-09-16
EUROPRATIK,EQ,241.0,249.35,233.5,240.05,240.5,153538,364.88,2026-09-16
EVEREADY,EQ,337.0,341.8,327.9,333.95,336.75,61719,205.8,2026-09-16
EVIETF,EQ,31.74,33.33,31.11,31.84,31.35,59450,18.7,2026-09-16
EVINDIA,EQ,31.5,31.65,31.17,31.5,31.5,129716,40.79,2026-09-16
EXCELINDUS,EQ,980.2,980.2,940.1,966.8,965.7,12959,123.68,2026-09-16
EXCELSOFT,EQ,78.59,82.0,75.31,80.17,77.63,2760983,2213.35,2026-09-16
EXICOM,EQ,169.5,171.99,156.29,162.72,168.43,1815871,2950.28,2026-09-16
EXIDEIND,EQ,407.8,419.65,407.8,415.5,409.2,2177347,9040.13,2026-09-16
EXPLEOSOL,EQ,867.0,890.0,842.0,879.85,862.6,44424,382.77,2026-09-16
EXXARO,EQ,6.48,6.48,6.22,6.25,6.35,128126,8.04,2026-09-16
FABTECH,EQ,145.75,146.68,142.52,145.66,146.3,55594,80.47,2026-09-16
FACT,EQ,754.55,756.35,740.05,749.0,754.55,76634,574.12,2026-09-16
FAZE3Q,EQ,467.85,475.05,445.0,447.2,467.85,33939,153.32,2026-09-16
FCL,EQ,53.48,54.13,49.34,53.07,53.88,29438708,15205.31,2026-09-16
FCSSOFT,EQ,1.43,1.43,1.4,1.41,1.42,1385664,19.55,2026-09-16
FDC,EQ,350.7,358.8,340.05,350.2,349.7,238731,837.0,2026-09-16
FEDDERSHOL,EQ,49.5,52.25,49.5,50.81,49.14,4985896,2523.43,2026-09-16
FEDERALBNK,EQ,341.8,346.0,340.1,341.8,343.0,2857474,9790.13,2026-09-16
FEDFINA,EQ,153.51,155.62,148.41,150.76,153.51,854914,1289.85,2026-09-16
FERMENTA,EQ,472.15,477.9,450.0,470.0,471.0,111404,518.9,2026-09-16
FIBERWEB,EQ,25.76,26.9,25.07,26.08,25.63,22525,5.83,2026-09-16
FIEMIND,EQ,1938.1,1965.0,1913.7,1927.9,1938.1,64556,1251.55,2026-09-16
FILATEX,EQ,81.0,88.0,80.3,87.22,82.41,4978051,4232.47,2026-09-16
FILATFASH,EQ,0.18,0.19,0.18,0.18,0.18,11830382,21.77,2026-09-16
FINCABLES,EQ,1344.2,1394.9,1299.1,1362.6,1339.9,1264308,17103.49,2026-09-16
FINEORG,EQ,5115.0,5249.0,5037.5,5193.0,5153.5,36658,1875.05,2026-09-16
FINIETF,EQ,31.65,31.83,31.28,31.61,31.64,202174,63.78,2026-09-16
FINKURVE,EQ,72.6,78.99,71.2,72.99,72.68,420501,317.51,2026-09-16
FINOPB,EQ,141.23,146.8,135.2,136.05,137.73,504308,702.41,2026-09-16
FINPIPE,EQ,152.0,152.76,148.05,151.05,151.33,388076,583.59,2026-09-16
FIRSTCRY,EQ,170.5,173.39,165.01,170.02,171.53,5950243,10098.41,2026-09-16
FISCHER,EQ,34.7,34.71,32.96,33.5,34.02,366426,123.17,2026-09-16
FIVESTAR,EQ,544.65,552.65,532.3,549.4,541.95,549733,3001.35,2026-09-16
FLAIR,EQ,234.1,236.17,228.0,231.89,233.73,67634,157.08,2026-09-16
FLEXIADD,EQ,9.69,9.73,9.6,9.68,9.67,133274,12.9,2026-09-16
FLUOROCHEM,EQ,4602.0,4620.0,4439.6,4533.6,4601.3,104607,4736.52,2026-09-16
FMCGADD,EQ,45.65,45.98,45.33,45.94,45.65,27665,12.64,2026-09-16
FMCGIETF,EQ,48.5,49.2,48.49,49.14,48.49,1672884,820.56,2026-09-16
FMGOETZE,EQ,447.9,453.65,432.5,446.8,445.65,286717,1267.89,2026-09-16
FMNL,EQ,9.11,9.3,9.1,9.28,9.09,4137,0.38,2026-09-16
FOODSIN,EQ,52.64,53.98,49.15,51.98,53.49,138960,71.49,2026-09-16
FORCEMOT,EQ,17300.0,17501.0,17187.0,17383.0,17245.0,56841,9861.24,2026-09-16
FORTIS,EQ,880.0,880.1,861.4,870.3,880.1,1094839,9520.45,2026-09-16
FOSECOIND,EQ,6224.5,7040.0,6141.0,6846.5,6223.5,178685,12101.88,2026-09-16
FRACTAL,EQ,750.0,751.0,735.0,738.6,748.1,166944,1238.96,2026-09-16
FREDUN,EQ,1322.5,1345.8,1195.2,1221.6,1327.9,306726,3754.86,2026-09-16
FRONTSP,EQ,1225.0,1225.0,1178.1,1185.8,1226.6,22377,266.71,2026-09-16
FSL,EQ,278.0,280.95,268.5,277.75,283.35,4437986,12150.66,2026-09-16
FUSION,EQ,186.68,188.97,182.13,182.73,188.18,528710,974.63,2026-09-16
GABRIEL,EQ,1292.4,1309.4,1268.2,1295.7,1300.5,275589,3554.38,2026-09-16
GAEL,EQ,159.0,159.51,152.64,157.16,158.72,1060772,1663.11,2026-09-16
GAIL,EQ,170.88,171.88,168.72,170.65,170.88,3949470,6727.32,2026-09-16
GAJA,EQ,142.73,144.45,137.5,138.83,142.55,551950,772.32,2026-09-16
GALAPREC,EQ,986.6,1016.8,969.0,999.9,992.1,30901,306.34,2026-09-16
GALAXYSURF,EQ,2112.9,2171.6,2078.7,2156.3,2127.3,26358,562.23,2026-09-16
GALLANTT,EQ,539.6,542.9,521.5,524.95,534.65,147112,776.22,2026-09-16
GANDHAR,EQ,262.45,262.95,247.05,258.95,260.45,888416,2272.24,2026-09-16
GANDHITUBE,EQ,851.0,914.5,850.0,900.9,871.2,9851,87.22,2026-09-16
GANECOS,EQ,1007.0,1016.0,983.2,1000.2,1007.0,45692,457.65,2026-09-16
GANESHCP,EQ,163.5,164.32,160.42,163.07,163.79,61120,99.26,2026-09-16
GANESHHOU,EQ,745.1,754.95,726.3,740.65,745.1,25380,186.62,2026-09-16
GANGAFORGE,EQ,1.64,1.65,1.58,1.59,1.63,1340813,21.56,2026-09-16
GANGESSECU,EQ,113.52,117.0,113.0,115.01,113.52,403,0.47,2026-09-16
GARFIBRES,EQ,781.95,804.75,762.15,800.6,785.5,44337,348.79,2026-09-16
GARUDA,EQ,175.25,177.98,170.7,175.98,176.05,449765,784.21,2026-09-16
GATEWAY,EQ,52.37,53.5,51.51,52.34,52.49,366855,191.35,2026-09-16
GAUDIUMIVF,EQ,115.01,118.9,111.4,116.42,114.42,135695,156.2,2026-09-16
GAYAHWS,EQ,1.92,1.93,1.81,1.84,1.88,205869,3.87,2026-09-16
GAYAPROJ,EQ,26.4,27.0,24.85,24.85,26.15,1543449,388.77,2026-09-16
GCSL,EQ,604.6,604.6,560.0,594.75,601.55,1045600,6091.98,2026-09-16
GEEKAYWIRE,EQ,31.1,31.72,29.05,30.56,29.34,540043,164.27,2026-09-16
GEMAROMA,EQ,156.7,158.82,154.0,156.07,158.08,65058,101.64,2026-09-16
GENCON,EQ,42.98,42.98,38.11,39.02,39.67,364890,141.94,2026-09-16
GENESYS,EQ,289.0,295.88,270.1,276.71,285.51,1018076,2863.95,2026-09-16
GENUSPAPER,EQ,11.38,11.74,10.87,11.11,11.38,117821,13.15,2026-09-16
GENUSPOWER,EQ,306.0,307.2,291.0,301.55,306.5,1972232,5880.93,2026-09-16
GEOJITFSL,EQ,77.5,78.0,75.36,76.9,77.27,227487,174.08,2026-09-16
GESHIP,EQ,1390.4,1395.0,1358.8,1391.6,1390.4,736615,10187.03,2026-09-16
GFLLIMITED,EQ,54.18,56.23,53.49,54.65,54.69,50994,27.75,2026-09-16
GHCL,EQ,423.0,424.5,415.0,418.85,423.15,128473,538.4,2026-09-16
GHCLTEXTIL,EQ,119.0,124.08,117.03,121.68,119.62,550150,665.89,2026-09-16
GICHSGFIN,EQ,135.4,136.0,132.94,134.92,134.89,64056,86.03,2026-09-16
GICRE,EQ,340.45,342.15,337.0,337.75,338.2,328457,1112.18,2026-09-16
GILLANDERS,EQ,102.4,105.01,102.4,103.0,102.91,3145,3.26,2026-09-16
GILLETTE,EQ,7249.0,7295.5,7180.0,7275.5,7248.5,7886,572.27,2026-09-16
GILT10BETA,EQ,26.08,26.61,26.0,26.59,26.21,464,0.12,2026-09-16
GILT5BETA,EQ,66.57,66.99,65.61,66.79,65.66,838,0.56,2026-09-16
GILT5YBEES,EQ,66.7,66.7,65.58,65.74,65.72,141028,92.68,2026-09-16
GIPCL,EQ,187.0,191.75,181.1,185.14,188.31,490068,907.92,2026-09-16
GKB,EQ,65.8,66.12,62.2,62.37,67.42,916,0.6,2026-09-16
GKENERGY,EQ,122.5,123.6,119.61,119.91,123.57,358279,432.69,2026-09-16
GKSL,EQ,173.99,175.83,163.94,172.33,173.6,505195,861.22,2026-09-16
GKWLIMITED,EQ,1551.0,1607.0,1522.9,1589.2,1554.0,251,3.96,2026-09-16
GLAND,EQ,2877.0,2914.2,2792.4,2826.6,2895.5,748751,21243.41,2026-09-16
GLASSWALL,EQ,194.0,229.0,185.2,214.85,182.0,50839300,105361.07,2026-09-16
GLAXO,EQ,2818.0,2878.0,2755.9,2856.2,2818.9,85460,2407.38,2026-09-16
GLENMARK,EQ,2371.7,2425.8,2306.3,2410.0,2371.7,677704,16038.66,2026-09-16
GLFL,EQ,5.4,5.4,5.01,5.35,5.26,5706,0.3,2026-09-16
GLOBAL,EQ,127.0,131.98,124.5,128.89,126.23,214392,274.95,2026-09-16
GLOBALE,EQ,11.7,11.7,11.12,11.12,11.7,284,0.03,2026-09-16
GLOBALVECT,EQ,129.5,134.39,125.5,126.96,129.84,9529,12.27,2026-09-16
GLOBE,EQ,1.79,1.79,1.75,1.77,1.76,179969,3.19,2026-09-16
GLOBECIVIL,EQ,44.9,45.44,42.03,42.56,43.5,61442,26.43,2026-09-16
GLOBUSSPR,EQ,825.0,844.0,810.9,839.05,820.55,57697,479.26,2026-09-16
GLOSTERLTD,EQ,575.0,589.9,570.0,578.95,575.1,465,2.69,2026-09-16
GLOTTIS,EQ,59.03,59.03,57.0,58.01,59.03,34936,20.27,2026-09-16
GMBREW,EQ,905.7,917.0,883.05,912.65,905.7,29171,264.67,2026-09-16
GMDCLTD,EQ,553.45,557.0,535.05,543.35,553.45,801915,4355.87,2026-09-16
GMMPFAUDLR,EQ,1348.0,1355.0,1300.1,1335.0,1348.0,586784,7812.27,2026-09-16
GMRAIRPORT,EQ,93.15,93.81,91.99,92.46,92.97,8814802,8169.27,2026-09-16
GMRP&UI,EQ,89.91,94.2,88.12,93.16,90.35,2290502,2104.79,2026-09-16
GNA,EQ,533.0,539.7,504.2,529.85,532.6,210288,1100.38,2026-09-16
GNFC,EQ,540.6,545.6,528.8,539.75,540.6,367982,1978.64,2026-09-16
GNRL,EQ,102.8,102.8,99.1,99.87,102.54,92414,92.75,2026-09-16
GOACARBON,EQ,388.75,400.0,384.0,390.6,384.9,37318,146.43,2026-09-16
GOCLCORP,EQ,440.0,440.0,415.85,428.4,435.65,199597,848.58,2026-09-16
GOCOLORS,EQ,306.8,310.2,298.0,303.6,304.9,79421,240.79,2026-09-16
GODAVARIB,EQ,226.63,258.87,224.0,236.94,226.63,9406369,23169.83,2026-09-16
GODFRYPHLP,EQ,1924.0,1938.7,1895.0,1934.0,1915.0,167013,3206.18,2026-09-16
GODIGIT,EQ,252.6,254.95,248.25,250.9,251.5,155492,391.07,2026-09-16
GODREJAGRO,EQ,644.0,650.0,630.1,647.35,645.3,125139,800.25,2026-09-16
GODREJCP,EQ,856.0,876.85,856.0,863.0,857.0,1427742,12444.14,2026-09-16
GODREJIND,EQ,1107.0,1172.0,1078.0,1136.5,1104.0,463606,5269.84,2026-09-16
GODREJPROP,EQ,1666.9,1703.7,1647.6,1665.3,1659.3,783588,13149.71,2026-09-16
GOKEX,EQ,741.2,743.15,705.95,725.35,743.3,273049,1969.18,2026-09-16
GOKUL,EQ,40.65,40.65,38.75,39.39,39.92,157381,61.88,2026-09-16
GOKULAGRO,EQ,219.8,219.96,213.01,218.43,218.69,222970,483.63,2026-09-16
GOLD1,EQ,125.53,126.35,125.53,126.08,124.66,3393728,4272.68,2026-09-16
GOLD360,EQ,146.2,147.8,137.15,147.35,145.8,130306,190.38,2026-09-16
GOLDADD,EQ,14.72,14.77,14.63,14.69,14.5,3004420,441.17,2026-09-16
GOLDAXIS,EQ,125.79,125.98,125.4,125.92,124.35,1451503,1824.91,2026-09-16
GOLDBEES,EQ,124.6,125.05,124.43,124.91,123.62,13858810,17291.34,2026-09-16
GOLDBETA,EQ,127.35,127.4,126.65,127.15,126.05,386720,491.32,2026-09-16
GOLDBND,EQ,149.7,152.28,149.7,151.13,149.43,14446,21.81,2026-09-16
GOLDCASE,EQ,23.68,23.82,23.68,23.78,23.51,6622272,1573.22,2026-09-16
GOLDETF,EQ,146.77,147.0,146.33,146.81,145.49,1182514,1734.74,2026-09-16
GOLDIAM,EQ,324.7,329.95,317.0,321.8,324.15,408492,1317.28,2026-09-16
GOLDIETF,EQ,129.15,129.6,128.93,129.44,127.94,2824470,3652.43,2026-09-16
GOODLUCK,EQ,519.15,527.05,495.5,510.3,519.15,533794,2700.07,2026-09-16
GOODYEAR,EQ,720.0,729.8,708.1,712.05,712.95,3200,22.89,2026-09-16
GOPAL,EQ,249.3,257.95,248.0,254.4,249.3,117717,296.61,2026-09-16
GOYALALUM,EQ,5.93,6.08,5.81,5.9,5.93,32092,1.9,2026-09-16
GPIL,EQ,237.68,238.0,231.24,236.49,237.16,1238726,2903.48,2026-09-16
GPPL,EQ,162.15,163.3,158.35,162.24,161.18,1409967,2269.87,2026-09-16
GPTHEALTH,EQ,158.42,164.06,155.0,163.3,159.45,135814,219.22,2026-09-16
GPTINFRA,EQ,111.72,112.51,109.65,111.0,111.72,114845,127.68,2026-09-16
GRANDOAK,EQ,34.8,36.43,34.0,34.08,34.89,1703,0.59,2026-09-16
GRANULES,EQ,869.0,872.0,829.0,835.6,872.6,2651978,22485.49,2026-09-16
GRAPHITE,EQ,785.0,818.7,774.6,805.05,781.5,3021853,24199.3,2026-09-16
GRASIM,EQ,3190.0,3201.8,3159.1,3187.0,3171.0,859973,27424.58,2026-09-16
GRAUWEIL,EQ,73.2,75.04,70.4,73.56,73.08,517563,378.54,2026-09-16
GRAVISSHO,EQ,49.0,49.9,42.28,42.37,46.97,94415,41.98,2026-09-16
GRAVITA,EQ,1639.3,1646.5,1601.3,1622.7,1639.0,100063,1626.05,2026-09-16
GREAVESCOT,EQ,186.05,187.7,178.71,185.64,187.13,949927,1746.03,2026-09-16
GREENLAM,EQ,227.7,232.08,221.67,230.86,226.57,29337,66.88,2026-09-16
GREENPANEL,EQ,152.7,154.25,148.51,152.77,151.24,620970,946.88,2026-09-16
GREENPLY,EQ,275.0,284.2,275.0,281.1,280.1,99357,277.58,2026-09-16
GREENPOWER,EQ,9.21,9.21,8.91,9.06,9.09,2506910,226.41,2026-09-16
GRINDWELL,EQ,1824.7,1867.9,1818.5,1852.9,1825.9,21384,395.37,2026-09-16
GRINFRA,EQ,835.0,840.55,815.6,819.05,838.15,25372,208.29,2026-09-16
GRMOVER,EQ,82.6,83.85,79.34,82.02,82.7,1077928,878.42,2026-09-16
GROBTEA,EQ,959.4,959.4,938.2,938.95,941.7,13,0.12,2026-09-16
GROWW,EQ,194.0,194.56,188.4,189.76,197.59,147977809,282943.93,2026-09-16
GROWWCAPM,EQ,11.1,11.15,10.85,11.03,11.1,832378,91.35,2026-09-16
GROWWCHEM,EQ,29.24,29.24,28.33,28.97,29.24,48615,14.01,2026-09-16
GROWWDEFNC,EQ,91.97,93.0,89.23,91.79,91.97,460123,418.4,2026-09-16
GROWWEV,EQ,31.58,31.58,31.03,31.21,31.48,298822,93.45,2026-09-16
GROWWGOLD,EQ,14.75,14.78,14.7,14.76,14.6,1752135,258.37,2026-09-16
GROWWHOSPI,EQ,51.92,52.35,50.57,51.14,51.92,332991,170.35,2026-09-16
GROWWLIQID,EQ,110.87,110.87,110.76,110.76,110.75,243164,269.35,2026-09-16
GROWWLOVOL,EQ,10.11,10.11,9.91,10.05,10.11,14072,1.41,2026-09-16
GROWWMC150,EQ,225.3,227.99,221.53,224.33,226.5,399,0.89,2026-09-16
GROWWMETAL,EQ,12.38,12.38,11.97,12.05,12.14,453032,54.81,2026-09-16
GROWWMOM50,EQ,10.65,10.69,10.46,10.66,10.65,155290,16.5,2026-09-16
GROWWN200,EQ,10.92,11.25,10.82,10.94,10.92,53232,5.82,2026-09-16
GROWWNET,EQ,10.64,10.94,10.49,10.72,10.7,1809603,192.36,2026-09-16
GROWWNIFTY,EQ,9.44,9.45,9.33,9.43,9.41,752550,70.75,2026-09-16
GROWWNXT50,EQ,72.68,72.68,70.01,72.43,71.8,7750,5.5,2026-09-16
GROWWPOWER,EQ,11.24,11.24,10.85,10.93,11.02,1833790,200.86,2026-09-16
GROWWPSE,EQ,97.68,97.68,94.85,95.52,96.11,3791,3.62,2026-09-16
GROWWPSUBK,EQ,82.88,83.79,81.35,83.33,82.08,5330,4.41,2026-09-16
GROWWRAIL,EQ,26.87,27.0,26.4,26.75,26.86,720691,192.0,2026-09-16
GROWWRLTY,EQ,9.39,9.39,9.05,9.28,9.22,366826,33.65,2026-09-16
GROWWSC250,EQ,10.52,10.59,10.1,10.41,10.38,283009,29.16,2026-09-16
GROWWSLVR,EQ,22.5,22.5,22.31,22.38,22.0,1498334,335.81,2026-09-16
GRPLTD,EQ,2046.2,2046.2,1916.1,1979.3,2046.2,2182,42.86,2026-09-16
GRSE,EQ,2370.0,2370.0,2290.0,2314.6,2358.8,428399,9929.61,2026-09-16
GRWRHITECH,EQ,6625.0,6640.0,6392.0,6431.0,6603.5,63165,4088.18,2026-09-16
GSEC10ABSL,EQ,111.24,111.92,111.24,111.92,112.59,16,0.02,2026-09-16
GSEC10IETF,EQ,262.81,263.5,255.0,262.2,263.08,203235,534.37,2026-09-16
GSEC10YEAR,EQ,30.04,30.47,30.04,30.19,30.05,1875,0.57,2026-09-16
GSEC5IETF,EQ,66.17,66.74,65.56,65.62,65.85,3276,2.16,2026-09-16
GSFC,EQ,151.85,152.24,147.15,149.16,151.55,1062067,1581.4,2026-09-16
GSLSU,EQ,27.15,28.77,27.11,27.51,28.0,34366,9.47,2026-09-16
GSPCROP,EQ,473.1,489.0,472.0,482.95,472.35,504025,2407.46,2026-09-16
GSS,EQ,10.47,10.47,9.6,10.08,10.22,28633,2.87,2026-09-16
GTECJAINX,EQ,28.3,29.0,27.11,27.61,29.31,5433,1.53,2026-09-16
GTL,EQ,7.01,7.25,6.95,7.1,7.08,144365,10.21,2026-09-16
GTLINFRA,EQ,1.13,1.14,1.11,1.11,1.13,25238570,283.18,2026-09-16
GTPL,EQ,57.11,58.74,55.8,56.46,57.83,49981,28.46,2026-09-16
GUFICBIO,EQ,424.45,424.45,404.1,419.85,425.1,112795,465.79,2026-09-16
GUJALKALI,EQ,692.0,709.55,674.0,696.5,692.7,88806,613.35,2026-09-16
GUJAPOLLO,EQ,340.0,344.0,332.2,338.1,340.85,50739,171.51,2026-09-16
GUJENERGY,EQ,244.36,245.87,241.5,244.24,243.56,1082398,2636.49,2026-09-16
GUJRAFFIA,EQ,42.35,42.35,40.05,40.23,40.26,2348,0.96,2026-09-16
GUJTHEM,EQ,425.9,427.95,401.95,412.6,430.45,394301,1620.09,2026-09-16
GULFOILLUB,EQ,1057.3,1065.2,1032.8,1057.2,1057.3,25186,265.71,2026-09-16
GULPOLY,EQ,170.6,170.6,165.06,168.89,170.03,135723,227.81,2026-09-16
GVPIL,EQ,628.95,630.0,597.75,616.1,620.05,128227,789.81,2026-09-16
GVT&D,EQ,4238.1,4315.7,4149.7,4267.0,4246.9,717611,30400.46,2026-09-16
GYFTR,EQ,176.1,182.1,176.1,178.11,178.62,19937,35.58,2026-09-16
HAL,EQ,4690.0,4709.6,4615.8,4695.6,4695.0,679509,31762.38,2026-09-16
HALDER,EQ,258.0,288.5,258.0,285.95,265.9,21626,60.11,2026-09-16
HALEOSLABS,EQ,1450.6,1524.0,1450.6,1507.9,1488.9,2124,31.8,2026-09-16
HAMPTON,EQ,8.0,8.72,7.85,8.55,7.95,314251,26.84,2026-09-16
HAPPSTMNDS,EQ,327.85,333.9,322.85,327.45,325.6,953262,3133.38,2026-09-16
HAPPYFORGE,EQ,2065.0,2178.0,2065.0,2155.9,2074.3,168189,3611.3,2026-09-16
HARDWYN,EQ,9.05,9.11,8.97,9.04,9.06,2829919,256.66,2026-09-16
HARIOMPIPE,EQ,348.0,356.95,346.1,350.35,351.6,104808,367.51,2026-09-16
HARRMALAYA,EQ,182.7,182.7,176.44,178.71,182.6,4508,8.1,2026-09-16
HARSHA,EQ,425.0,432.2,407.85,430.0,424.7,189658,803.5,2026-09-16
HATHWAY,EQ,9.94,10.12,9.86,10.0,9.95,1263943,126.17,2026-09-16
HATSUN,EQ,1273.1,1275.0,1206.1,1214.0,1275.0,88440,1087.68,2026-09-16
HAVELLS,EQ,1093.0,1106.9,1084.8,1089.9,1087.0,726459,7950.52,2026-09-16
HAVISHA,EQ,1.34,1.39,1.3,1.33,1.31,18072,0.24,2026-09-16
HAWKINCOOK,EQ,8375.0,8375.0,8200.0,8296.5,8381.5,1644,136.25,2026-09-16
HAZOOR,EQ,18.8,19.29,18.01,18.51,18.74,194145,36.35,2026-09-16
HBESD,EQ,69.01,74.01,69.0,71.02,71.5,319,0.23,2026-09-16
HBLENGINE,EQ,719.0,719.0,692.0,704.65,720.15,831268,5840.96,2026-09-16
HBPOR,EQ,65.0,65.0,59.0,62.3,59.99,1402,0.88,2026-09-16
HBSL,EQ,53.11,53.11,50.55,52.24,52.85,1508,0.79,2026-09-16
HCC,EQ,21.4,21.44,20.64,21.04,21.32,21826373,4573.9,2026-09-16
HCG,EQ,678.3,684.3,644.95,674.15,678.3,241632,1605.78,2026-09-16
HCL-INSYS,EQ,10.15,10.15,10.0,10.0,10.01,104971,10.54,2026-09-16
HCLTECH,EQ,1262.5,1284.6,1244.9,1253.0,1253.7,3049093,38554.63,2026-09-16
HDBFS,EQ,664.7,678.8,662.7,678.0,664.7,294552,1984.87,2026-09-16
HDFCAMC,EQ,2383.1,2408.5,2360.0,2373.1,2409.0,482108,11490.49,2026-09-16
HDFCBANK,EQ,714.9,725.4,710.85,721.5,716.55,27476943,197439.29,2026-09-16
HDFCBSE500,EQ,36.0,36.99,35.6,36.59,36.33,1443873,524.04,2026-09-16
HDFCGOLD,EQ,128.8,129.39,128.61,129.11,127.88,2989552,3855.22,2026-09-16
HDFCGROWTH,EQ,117.75,117.75,113.71,115.2,115.75,6856,7.9,2026-09-16
HDFCLIFE,EQ,522.0,534.0,517.0,530.2,516.1,3970025,20919.43,2026-09-16
HDFCLIQUID,EQ,1078.04,1078.06,1078.04,1078.05,1077.91,24738,266.69,2026-09-16
HDFCLOWVOL,EQ,19.87,19.95,19.63,19.8,19.87,3347,0.66,2026-09-16
HDFCMID150,EQ,22.71,22.79,22.39,22.72,22.71,527369,119.24,2026-09-16
HDFCMOMENT,EQ,30.14,30.34,29.64,30.09,30.05,136259,40.66,2026-09-16
HDFCNEXT50,EQ,70.73,72.43,70.73,72.13,72.18,128348,92.36,2026-09-16
HDFCNIF100,EQ,25.18,25.28,25.0,25.24,25.18,38353,9.66,2026-09-16
HDFCNIFBAN,EQ,57.69,58.03,57.54,57.93,57.69,45470,26.31,2026-09-16
HDFCNIFIT,EQ,31.79,31.82,30.9,30.96,31.64,125151,39.14,2026-09-16
HDFCNIFTY,EQ,262.7,262.84,261.08,262.14,261.49,1280964,3357.09,2026-09-16
HDFCNIMEG,EQ,130.7,130.7,125.73,127.21,136.31,141137,179.45,2026-09-16
HDFCPSUBK,EQ,83.19,83.9,82.75,83.78,82.65,21240,17.73,2026-09-16
HDFCPVTBAN,EQ,27.76,27.93,27.65,27.8,27.76,134447,37.28,2026-09-16
HDFCQUAL,EQ,56.69,56.86,56.31,56.71,56.56,4138,2.34,2026-09-16
HDFCSENSEX,EQ,83.98,84.8,83.92,84.78,84.58,59228,50.12,2026-09-16
HDFCSILVER,EQ,217.75,219.27,217.75,218.6,214.48,2201761,4814.07,2026-09-16
HDFCSML250,EQ,181.32,182.66,176.51,181.06,180.83,3533603,6336.67,2026-09-16
HDFCVALUE,EQ,122.95,123.55,121.22,121.57,121.73,12694,15.45,2026-09-16
HEADSUP,EQ,7.01,7.25,6.77,6.89,6.98,92166,6.38,2026-09-16
HEALTHADD,EQ,16.48,17.0,16.19,16.29,16.5,20520,3.36,2026-09-16
HEALTHAXIS,EQ,166.34,166.5,164.44,165.48,166.4,5023,8.31,2026-09-16
HEALTHCARE,EQ,21.82,21.82,19.26,21.33,21.39,21058,4.47,2026-09-16
HEALTHIETF,EQ,168.43,168.99,165.28,166.98,167.86,108076,180.15,2026-09-16
HEALTHX,EQ,306.0,306.9,293.95,298.1,305.55,3534,10.67,2026-09-16
HEALTHY,EQ,16.84,17.15,16.6,16.77,16.84,358358,60.0,2026-09-16
HECPROJECT,EQ,117.53,118.11,111.4,114.45,117.53,13832,15.78,2026-09-16
HEIDELBERG,EQ,145.77,145.93,139.95,141.2,145.97,291016,411.24,2026-09-16
HEMIPROP,EQ,118.05,118.05,115.2,117.67,117.18,160025,187.06,2026-09-16
HERANBA,EQ,167.85,169.89,161.04,163.31,165.95,36171,58.97,2026-09-16
HERITGFOOD,EQ,393.85,413.6,384.3,408.65,393.85,775192,3107.06,2026-09-16
HEROMOTOCO,EQ,5200.0,5315.0,5186.5,5235.0,5166.0,525693,27579.9,2026-09-16
HESTERBIO,EQ,2147.0,2305.0,2130.0,2207.7,2171.8,4571,98.83,2026-09-16
HEXATRADEX,EQ,158.99,158.99,154.0,156.37,156.06,1415,2.22,2026-09-16
HEXT,EQ,517.0,524.85,510.0,522.75,517.5,162429,843.91,2026-09-16
HGINFRA,EQ,471.9,473.95,460.1,461.5,471.8,54377,252.35,2026-09-16
HGM,EQ,46.79,47.5,46.2,46.81,46.77,2412,1.13,2026-09-16
HGS,EQ,391.35,391.35,375.15,386.05,381.6,9360,35.71,2026-09-16
HIKAL,EQ,211.87,226.0,203.83,224.38,212.22,1817632,3956.29,2026-09-16
HILINFRA,EQ,43.99,43.99,41.9,43.83,43.6,78958,34.12,2026-09-16
HILTON,EQ,17.01,17.93,17.01,17.52,17.29,72492,12.55,2026-09-16
HIMATSEIDE,EQ,65.05,65.35,63.25,64.76,65.12,353499,227.37,2026-09-16
HINDADH,EQ,384.0,384.0,364.0,378.45,371.95,3121,11.76,2026-09-16
HINDALCO,EQ,956.4,978.5,956.4,972.7,958.7,3439776,33416.88,2026-09-16
HINDALUMI,EQ,97.0,97.0,92.0,93.83,95.09,2229,2.1,2026-09-16
HINDCOMPOS,EQ,378.2,380.0,367.0,374.3,379.45,2149,8.06,2026-09-16
HINDCON,EQ,24.43,24.43,23.25,23.76,23.74,15512,3.69,2026-09-16
HINDCOPPER,EQ,496.0,496.7,477.5,481.6,492.1,7244772,34963.06,2026-09-16
HINDOILEXP,EQ,175.5,183.0,170.1,180.44,175.72,971364,1715.3,2026-09-16
HINDPETRO,EQ,347.0,352.25,343.05,350.05,345.3,3786470,13217.11,2026-09-16
HINDUNILVR,EQ,1944.1,1977.0,1943.5,1962.0,1938.1,1013304,19906.92,2026-09-16
HINDWAREAP,EQ,175.29,176.09,171.0,171.93,174.42,80014,138.25,2026-09-16
HINDZINC,EQ,564.8,573.55,561.2,567.5,560.9,2902624,16507.31,2026-09-16
HIRECT,EQ,1205.7,1215.0,1156.7,1182.6,1204.9,53206,629.82,2026-09-16
HISARMETAL,EQ,158.7,158.75,155.5,155.5,155.53,203,0.32,2026-09-16
HITECH,EQ,74.0,74.28,71.76,73.36,73.61,444665,325.3,2026-09-16
HLEGLAS,EQ,391.5,433.8,388.05,416.85,395.4,1168248,4902.21,2026-09-16
HLVLTD,EQ,6.4,7.0,6.27,6.79,6.26,815269,54.62,2026-09-16
HMAAGRO,EQ,24.99,24.99,22.2,23.04,23.41,11554697,2659.97,2026-09-16
HNDFDS,EQ,596.0,612.0,593.5,606.45,598.15,85796,516.79,2026-09-16
HNGSNGBEES,EQ,470.08,470.08,462.8,464.42,465.43,57841,268.96,2026-09-16
HOMEFIRST,EQ,1175.3,1187.0,1155.8,1175.9,1175.3,144222,1691.35,2026-09-16
HONASA,EQ,457.0,472.0,449.35,469.3,457.25,736639,3403.92,2026-09-16
HONAUT,EQ,33600.0,34170.0,33510.0,33895.0,33595.0,2373,804.02,2026-09-16
HONDAPOWER,EQ,1925.0,1931.9,1890.0,1922.9,1926.6,1842,35.18,2026-09-16
HORIZONIND,EQ,53.58,53.9,52.46,52.91,53.59,2695151,1425.37,2026-09-16
HPAL,EQ,35.36,36.88,34.4,35.64,35.41,52106,18.38,2026-09-16
HPIL,EQ,120.51,120.51,119.77,120.0,119.77,417,0.5,2026-09-16
HPL,EQ,283.25,283.3,274.05,278.0,283.2,116910,325.12,2026-09-16
HRYNSHP,EQ,96.86,100.0,96.1,100.0,96.38,68,0.07,2026-09-16
HSBCGOLD,EQ,133.0,133.0,130.07,131.51,130.59,240672,316.45,2026-09-16
HSCL,EQ,640.0,657.25,636.3,652.8,637.25,4620164,29925.58,2026-09-16
HTEL,EQ,78.4,78.4,71.79,74.21,81.32,3861012,2894.33,2026-09-16
HTMEDIA,EQ,23.55,23.9,22.75,22.99,23.55,246224,56.89,2026-09-16
HUBTOWN,EQ,173.0,180.09,169.11,176.39,173.18,380751,664.48,2026-09-16
HUDCO,EQ,169.02,171.2,167.11,169.73,168.92,985174,1669.95,2026-09-16
HUHTAMAKI,EQ,245.8,249.35,238.65,243.05,242.15,188067,460.07,2026-09-16
HYBRIDETF,EQ,9.9,9.9,9.8,9.88,9.86,21981,2.16,2026-09-16
HYUNDAI,EQ,2140.0,2182.0,2135.4,2155.0,2140.0,733017,15840.11,2026-09-16
IBULLSLTD,EQ,28.81,28.81,27.9,28.79,27.44,62047779,17784.92,2026-09-16
ICEMAKE,EQ,690.3,690.4,668.2,671.8,695.55,43401,293.99,2026-09-16
ICICIAMC,EQ,3065.0,3105.0,3028.0,3086.3,3065.0,293518,8995.02,2026-09-16
ICICIB22,EQ,113.56,113.56,110.97,111.78,111.33,8025440,8920.49,2026-09-16
ICICIBANK,EQ,1359.0,1361.4,1348.0,1358.8,1350.4,9625762,130278.5,2026-09-16
ICICIGI,EQ,1440.0,1455.6,1429.9,1440.0,1427.7,449383,6491.99,2026-09-16
ICICIPRULI,EQ,458.0,474.0,456.95,470.0,457.6,767677,3584.15,2026-09-16
ICIL,EQ,427.0,437.45,408.05,431.95,427.1,478937,2033.32,2026-09-16
ICRA,EQ,4679.1,4679.1,4578.1,4610.0,4643.3,16982,784.82,2026-09-16
IDBI,EQ,83.7,83.7,81.53,82.95,82.95,12983831,10730.94,2026-09-16
IDEA,EQ,14.48,14.49,14.13,14.26,14.45,307898731,44037.4,2026-09-16
IDEAFORGE,EQ,704.25,712.0,684.0,702.35,704.25,284863,1987.74,2026-09-16
IDFCFIRSTB,EQ,84.61,85.71,84.61,85.01,84.8,14275478,12181.21,2026-09-16
IDFNIFTYET,EQ,257.05,257.83,253.0,256.51,256.87,1148,2.94,2026-09-16
IEX,EQ,112.0,112.41,110.35,112.0,112.0,3302102,3678.38,2026-09-16
IFBAGRO,EQ,843.0,873.0,842.6,861.4,861.1,3154,26.94,2026-09-16
IFBIND,EQ,1260.1,1276.0,1235.5,1241.9,1272.0,17335,216.46,2026-09-16
IFCI,EQ,77.2,77.39,73.01,75.06,76.95,114066406,85476.45,2026-09-16
IFGLEXPOR,EQ,200.5,201.8,192.91,198.27,200.33,16938,33.34,2026-09-16
IGARASHI,EQ,432.0,443.0,421.65,428.4,437.05,509069,2195.25,2026-09-16
IGCL,EQ,66.59,67.5,64.02,65.27,65.59,120978,78.71,2026-09-16
IGIL,EQ,312.0,315.45,311.1,314.4,313.1,205329,644.8,2026-09-16
IGL,EQ,150.0,150.39,147.27,148.77,150.03,1025294,1521.68,2026-09-16
IGPL,EQ,519.0,536.45,508.65,533.3,525.25,55598,289.47,2026-09-16
IIFL,EQ,583.55,592.65,567.4,585.7,581.05,1242412,7186.13,2026-09-16
IIFLCAPS,EQ,336.5,337.85,335.05,335.6,336.5,527710,1771.86,2026-09-16
IITL,EQ,146.5,152.0,144.0,147.77,148.84,197944,289.96,2026-09-16
IKIO,EQ,211.06,213.0,199.19,202.78,211.06,500954,1016.85,2026-09-16
IKS,EQ,1767.1,1786.2,1744.9,1752.0,1783.0,129237,2281.49,2026-09-16
IMAGICAA,EQ,50.33,56.34,49.25,52.99,50.43,2106560,1102.54,2026-09-16
IMFA,EQ,1220.0,1259.4,1199.8,1246.1,1220.8,104558,1288.8,2026-09-16
IMPAL,EQ,1068.1,1087.9,1056.3,1065.0,1077.8,2141,22.83,2026-09-16
INA,EQ,86.93,88.93,84.2,86.95,86.93,989571,849.19,2026-09-16
INCREDIBLE,EQ,33.9,33.9,32.02,32.79,33.46,2468,0.81,2026-09-16
INDBANK,EQ,27.68,27.68,25.01,25.68,26.71,80099,20.78,2026-09-16
INDGN,EQ,570.35,574.1,559.0,573.2,571.5,205000,1165.3,2026-09-16
INDHOTEL,EQ,716.25,719.55,706.75,713.4,715.0,1037515,7416.2,2026-09-16
INDIACEM,EQ,336.0,338.7,331.65,334.65,336.0,62151,208.13,2026-09-16
INDIAMART,EQ,1662.0,1768.8,1645.2,1706.3,1659.5,365133,6290.82,2026-09-16
INDIANB,EQ,840.0,849.8,834.7,840.0,836.75,773817,6532.06,2026-09-16
INDIANCARD,EQ,209.42,218.71,206.05,214.96,207.35,463,0.97,2026-09-16
INDIANHUME,EQ,350.45,359.9,341.25,349.0,354.0,22793,79.62,2026-09-16
INDIASHLTR,EQ,640.5,665.0,640.5,661.6,647.25,67155,440.76,2026-09-16
INDIGO,EQ,4799.5,4806.0,4701.5,4733.5,4776.0,529301,25133.23,2026-09-16
INDIGOPNTS,EQ,1052.8,1106.0,1049.7,1081.6,1061.9,80470,867.18,2026-09-16
INDIQUBE,EQ,200.0,202.74,190.01,200.15,199.43,59017,116.41,2026-09-16
INDNIPPON,EQ,1268.0,1298.2,1214.9,1240.5,1279.0,189869,2341.81,2026-09-16
INDOBORAX,EQ,461.9,477.95,442.55,470.3,460.8,112370,516.22,2026-09-16
INDOCO,EQ,241.39,258.0,235.0,254.0,241.39,644188,1595.6,2026-09-16
INDOFARM,EQ,138.0,138.0,130.0,132.92,136.07,109186,144.81,2026-09-16
INDOKEM,EQ,614.75,625.0,555.0,606.55,611.7,9015,54.22,2026-09-16
INDOMIM,EQ,970.0,970.1,922.55,946.1,975.65,2684652,25340.82,2026-09-16
INDORAMA,EQ,83.09,89.9,81.1,85.6,82.81,3645127,3126.66,2026-09-16
INDOSTAR,EQ,233.75,235.01,222.62,226.17,233.07,120640,273.03,2026-09-16
INDOTECH,EQ,3313.4,3404.8,3198.9,3373.3,3377.2,47402,1581.34,2026-09-16
INDOTHAI,EQ,37.17,37.17,37.17,37.17,39.12,134685,50.06,2026-09-16
INDOUS,EQ,81.0,81.0,76.1,77.16,78.29,3838,3.03,2026-09-16
INDOWIND,EQ,8.92,9.09,8.66,8.95,8.9,47572,4.24,2026-09-16
INDPRUD,EQ,6388.0,6388.0,6200.0,6240.0,6081.0,17,1.07,2026-09-16
INDRAMEDCO,EQ,356.25,360.3,351.25,356.55,354.55,171771,610.64,2026-09-16
INDSWFTLAB,EQ,376.65,379.7,320.2,363.9,378.75,1637019,5722.69,2026-09-16
INDTERRAIN,EQ,28.9,33.61,28.36,30.29,28.01,254442,80.83,2026-09-16
INDUSINDBK,EQ,957.7,961.1,944.5,946.5,956.5,1727406,16410.56,2026-09-16
INDUSTOWER,EQ,381.0,381.5,375.2,375.6,379.0,4050806,15326.44,2026-09-16
INFOBEAN,EQ,155.0,156.12,148.03,150.98,153.13,182718,276.21,2026-09-16
INFOMEDIA,EQ,5.98,5.98,5.11,5.5,5.18,9690,0.54,2026-09-16
INFRA,EQ,11.56,11.58,11.43,11.56,11.55,24111,2.78,2026-09-16
INFRABEES,EQ,928.75,928.75,918.65,926.01,925.85,12156,112.44,2026-09-16
INFRAIETF,EQ,92.29,92.48,91.39,91.87,91.91,122117,112.21,2026-09-16
INFY,EQ,1082.5,1085.1,1053.5,1060.0,1077.0,6230590,66490.65,2026-09-16
INGERRAND,EQ,4344.3,4355.9,4225.0,4261.9,4344.3,33772,1439.7,2026-09-16
INNOVACAP,EQ,1124.2,1164.9,1080.2,1133.4,1140.1,119085,1337.62,2026-09-16
INNOVANA,EQ,314.35,314.35,300.1,301.3,306.1,21908,66.96,2026-09-16
INNOVISION,EQ,255.35,258.7,253.25,255.45,255.35,12512,31.86,2026-09-16
INOXGREEN,EQ,173.22,174.42,165.94,173.11,173.22,1578858,2713.11,2026-09-16
INOXINDIA,EQ,2006.0,2043.9,1930.8,1978.9,1992.8,707394,13980.65,2026-09-16
INOXWIND,EQ,74.35,74.5,72.67,74.5,74.35,5543694,4083.78,2026-09-16
INSECTICID,EQ,600.05,604.9,585.0,595.2,594.8,15018,89.19,2026-09-16
INSPIRISYS,EQ,84.0,84.0,78.2,83.31,81.78,5842,4.73,2026-09-16
INSUREIETF,EQ,14.48,14.89,14.36,14.73,14.48,479614,69.96,2026-09-16
INTELLECT,EQ,663.0,666.25,649.0,659.45,662.85,272239,1796.4,2026-09-16
INTENTECH,EQ,78.0,78.0,76.0,76.43,77.76,10622,8.14,2026-09-16
INTERARCH,EQ,1681.0,1689.2,1625.0,1660.8,1684.3,46273,765.23,2026-09-16
INTERNET,EQ,14.49,14.56,14.17,14.46,14.45,260561,37.17,2026-09-16
INTLCONV,EQ,76.04,77.7,75.01,75.39,76.04,23067,17.45,2026-09-16
INVENTURE,EQ,0.91,0.92,0.88,0.88,0.91,415952,3.72,2026-09-16
IOB,EQ,32.49,32.49,31.95,32.09,32.38,1804893,580.6,2026-09-16
IOC,EQ,132.79,134.97,131.7,134.75,132.03,10071835,13465.04,2026-09-16
IOLCP,EQ,182.0,197.9,173.55,194.57,179.52,8624277,16297.91,2026-09-16
IONEXCHANG,EQ,428.5,432.0,414.8,426.25,432.0,344615,1462.43,2026-09-16
IPCALAB,EQ,1963.3,1983.0,1905.0,1950.7,1932.4,337123,6544.47,2026-09-16
IPL,EQ,136.0,152.28,134.26,137.77,132.68,28419705,40885.53,2026-09-16
IPRINGLTD,EQ,137.02,142.89,133.02,138.34,137.02,965,1.32,2026-09-16
IRB,EQ,19.2,19.2,18.66,19.05,19.18,9930904,1882.25,2026-09-16
IRCON,EQ,109.5,109.65,107.54,108.51,109.42,1405153,1526.11,2026-09-16
IRCTC,EQ,457.2,458.0,446.5,452.95,458.55,1329707,5988.35,2026-09-16
IREDA,EQ,109.0,109.59,107.4,108.4,109.0,3083062,3343.97,2026-09-16
IRFC,EQ,79.41,79.58,78.16,78.95,79.15,9834178,7766.11,2026-09-16
IRIS,EQ,244.9,244.9,228.91,234.84,237.78,22712,53.12,2026-09-16
IRISDOREME,EQ,57.51,59.0,55.62,58.18,58.09,724226,415.67,2026-09-16
IRMENERGY,EQ,265.15,267.9,258.45,264.15,266.5,59978,158.05,2026-09-16
ISFT,EQ,78.04,79.4,73.4,75.22,76.59,127841,96.83,2026-09-16
ISGEC,EQ,766.2,773.0,749.5,759.05,773.85,36890,280.46,2026-09-16
ISHANCH,EQ,44.7,48.9,43.5,47.12,43.73,32446,15.02,2026-09-16
ISTLTD,EQ,650.0,650.0,631.0,650.0,661.2,170,1.09,2026-09-16
IT,EQ,33.24,33.24,32.18,32.25,32.85,240611,78.1,2026-09-16
ITADD,EQ,31.48,31.56,30.81,30.89,31.44,13383,4.16,2026-09-16
ITAXIS,EQ,327.0,327.01,319.8,320.41,325.36,865,2.8,2026-09-16
ITBEES,EQ,33.35,33.35,32.25,32.3,32.87,8243115,2681.99,2026-09-16
ITBETA,EQ,312.0,312.0,304.57,305.8,312.0,757,2.34,2026-09-16
ITC,EQ,259.4,264.9,259.3,264.15,258.0,15199856,39953.94,2026-09-16
ITCHOTELS,EQ,152.6,153.95,149.85,153.39,152.22,1635546,2490.13,2026-09-16
ITDC,EQ,645.45,669.0,633.45,656.75,653.45,97137,630.0,2026-09-16
ITETF,EQ,31.72,31.72,30.74,30.8,31.37,268691,83.43,2026-09-16
ITI,EQ,256.1,257.0,251.65,255.5,255.4,182220,464.27,2026-09-16
ITIETF,EQ,33.05,33.09,32.2,32.27,32.87,371540,121.28,2026-09-16
ITL,EQ,375.0,375.0,356.2,367.7,367.5,206,0.75,2026-09-16
IVALUE,EQ,226.18,235.99,226.0,230.45,225.7,273584,631.36,2026-09-16
IVC,EQ,7.61,7.82,7.56,7.76,7.92,493527,38.02,2026-09-16
IVZBANKNF,EQ,55.54,56.14,55.54,56.07,55.71,11194,6.27,2026-09-16
IVZINGOLD,EQ,130.95,131.85,130.85,131.6,129.8,9928,13.03,2026-09-16
IVZINNIFTY,EQ,266.8,267.46,266.02,267.21,267.04,343,0.92,2026-09-16
IVZSENSEX,EQ,75.38,75.38,73.73,74.55,74.5,7635,5.68,2026-09-16
IWP,EQ,35.03,35.03,34.01,34.5,34.85,3659,1.26,2026-09-16
IXIGO,EQ,161.02,162.99,156.14,160.53,161.02,568386,904.86,2026-09-16
IZMO,EQ,887.0,891.7,860.0,880.0,896.05,82400,721.83,2026-09-16
J&KBANK,EQ,145.18,148.79,144.1,147.66,144.75,3250203,4765.11,2026-09-16
JAGRAN,EQ,61.9,62.78,60.95,61.22,61.72,169560,103.97,2026-09-16
JAGSNPHARM,EQ,224.7,230.95,217.81,228.28,225.83,56466,126.76,2026-09-16
JAIBALAJI,EQ,61.65,64.81,61.01,64.05,62.25,814949,511.98,2026-09-16
JAICORPLTD,EQ,94.03,94.21,90.42,92.63,92.64,240050,220.97,2026-09-16
JAINREC,EQ,277.0,278.95,271.35,274.8,274.7,477646,1314.46,2026-09-16
JAIPURKURT,EQ,25.65,25.65,23.91,24.49,24.88,7292,1.77,2026-09-16
JAMNAAUTO,EQ,128.07,129.7,124.3,128.55,129.06,2491533,3169.87,2026-09-16
JARO,EQ,474.0,476.75,459.5,467.95,469.95,115000,540.86,2026-09-16
JASH,EQ,496.0,505.95,482.05,488.9,496.1,114592,561.01,2026-09-16
JAYAGROGN,EQ,227.0,234.9,217.52,231.66,227.39,36723,82.56,2026-09-16
JAYBARMARU,EQ,111.0,114.75,108.1,113.02,112.34,244009,273.3,2026-09-16
JAYKAY,EQ,158.9,160.2,152.4,154.77,158.45,273295,424.62,2026-09-16
JAYNECOIND,EQ,88.2,89.21,86.72,87.35,88.63,2439408,2147.08,2026-09-16
JAYSREETEA,EQ,91.75,93.94,89.0,89.23,91.64,32419,29.17,2026-09-16
JBMA,EQ,606.0,606.0,585.0,588.2,603.9,281220,1661.79,2026-09-16
JENBURPH,EQ,988.0,994.9,960.3,992.0,974.1,571,5.62,2026-09-16
JETFREIGHT,EQ,19.86,20.28,19.8,19.9,20.03,68397,13.67,2026-09-16
JGCHEM,EQ,568.0,589.0,544.95,582.9,564.65,277514,1582.3,2026-09-16
JHS,EQ,8.99,8.99,8.29,8.51,8.79,131649,11.34,2026-09-16
JINDALPHOT,EQ,1085.1,1130.0,1075.0,1125.6,1099.6,9876,109.92,2026-09-16
JINDALPOLY,EQ,765.0,800.0,725.1,742.4,737.9,423769,3245.87,2026-09-16
JINDALSAW,EQ,290.5,291.75,275.7,281.25,289.0,2433275,6851.7,2026-09-16
JINDALSTEL,EQ,1088.0,1117.0,1085.4,1103.0,1095.0,457237,5044.77,2026-09-16
JINDRILL,EQ,600.1,603.75,576.05,595.15,598.65,273892,1617.65,2026-09-16
JINDWORLD,EQ,49.0,50.63,47.9,49.16,49.44,6160770,3024.24,2026-09-16
JIOFIN,EQ,226.5,228.22,224.84,224.84,225.6,11926382,26989.74,2026-09-16
JISLDVREQS,EQ,20.3,21.78,20.3,21.49,20.67,19622,4.17,2026-09-16
JISLJALEQS,EQ,29.05,29.34,28.58,29.07,29.23,1129976,328.02,2026-09-16
JITFINFRA,EQ,275.6,282.9,272.6,278.0,279.35,23711,65.77,2026-09-16
JKCEMENT,EQ,4716.0,4872.0,4676.0,4750.0,4712.0,61980,2941.84,2026-09-16
JKIL,EQ,475.25,490.0,466.0,480.4,473.15,50757,241.03,2026-09-16
JKIPL,EQ,96.19,98.0,95.0,96.72,95.18,11597,11.17,2026-09-16
JKLAKSHMI,EQ,505.0,509.45,500.2,507.65,504.9,56959,288.27,2026-09-16
JKPAPER,EQ,403.5,420.0,396.8,417.35,402.1,708260,2923.06,2026-09-16
JKTYRE,EQ,343.1,350.6,339.55,343.3,345.25,475097,1635.4,2026-09-16
JLHL,EQ,273.3,282.7,273.3,276.85,275.55,117281,325.38,2026-09-16
JMA,EQ,90.7,93.8,89.0,90.3,88.96,10829,9.86,2026-09-16
JMFINANCIL,EQ,121.0,121.5,118.05,120.46,121.21,2236471,2680.48,2026-09-16
JNKINDIA,EQ,410.0,426.4,394.9,407.2,415.05,305381,1250.82,2026-09-16
JNPR,EQ,267.1,275.4,259.0,261.8,264.5,995377,2658.15,2026-09-16
JOCIL,EQ,140.0,147.0,132.8,143.0,142.39,2416,3.46,2026-09-16
JPOLYINVST,EQ,970.05,990.95,961.0,983.7,967.05,3276,31.96,2026-09-16
JPPOWER,EQ,15.65,15.7,15.28,15.41,15.64,40588771,6279.85,2026-09-16
JSFB,EQ,488.65,512.5,477.4,506.6,488.65,604934,3009.79,2026-09-16
JSL,EQ,723.55,738.8,715.0,730.85,723.55,1372384,10021.96,2026-09-16
JSLL,EQ,500.0,501.95,485.1,497.05,500.25,485564,2406.19,2026-09-16
JSWCEMENT,EQ,116.91,117.16,115.03,116.52,116.88,1308484,1519.02,2026-09-16
JSWDULUX,EQ,3133.8,3172.4,3041.0,3082.0,3133.8,10726,329.89,2026-09-16
JSWENERGY,EQ,506.6,510.95,503.05,504.7,505.0,1951623,9910.12,2026-09-16
JSWHL,EQ,11099.0,11109.0,10836.0,10935.0,10967.0,2885,316.37,2026-09-16
JSWINFRA,EQ,326.45,330.85,317.9,325.55,325.85,2646886,8642.67,2026-09-16
JSWSTEEL,EQ,1244.0,1250.2,1227.0,1248.9,1229.2,1803781,22414.41,2026-09-16
JTEKTINDIA,EQ,117.9,118.09,114.82,117.12,117.36,72080,84.22,2026-09-16
JTLIND,EQ,82.0,85.1,79.36,84.6,82.47,3752609,3128.47,2026-09-16
JUBLCPL,EQ,2097.6,2114.9,2052.0,2096.4,2082.0,4036,83.99,2026-09-16
JUBLFOOD,EQ,466.0,472.0,461.65,471.0,466.0,426648,1997.41,2026-09-16
JUBLINGREA,EQ,630.5,641.9,622.8,631.95,630.5,257245,1628.1,2026-09-16
JUBLPHARMA,EQ,1010.0,1010.0,977.5,1002.5,1011.95,154099,1537.77,2026-09-16
JUNIORBEES,EQ,760.0,766.7,754.4,764.82,762.71,302310,2301.98,2026-09-16
JUNIPER,EQ,212.0,217.28,209.21,214.32,214.84,451284,962.6,2026-09-16
JUSTDIAL,EQ,655.0,679.0,648.0,673.7,661.85,106509,706.59,2026-09-16
JWL,EQ,233.5,233.5,225.65,228.67,231.17,792229,1813.94,2026-09-16
JYOTHYLAB,EQ,193.0,197.0,190.22,195.41,192.22,505369,983.2,2026-09-16
JYOTICNC,EQ,964.0,974.5,928.6,967.7,961.45,970603,9223.55,2026-09-16
JYOTIRES,EQ,845.95,852.0,821.2,839.45,843.5,9126,76.17,2026-09-16
JYOTISTRUC,EQ,9.22,9.25,8.9,9.02,9.21,8024275,724.77,2026-09-16
KABRAEXTRU,EQ,640.0,650.0,585.8,628.1,650.85,651043,3958.03,2026-09-16
KAJARIACER,EQ,1213.6,1219.5,1179.1,1215.9,1213.6,156466,1879.24,2026-09-16
KAKATCEM,EQ,107.76,109.8,107.0,108.44,109.69,1636,1.77,2026-09-16
KALAMANDIR,EQ,78.99,79.86,76.7,77.78,78.97,467817,364.31,2026-09-16
KALPATARU,EQ,253.0,260.0,250.0,256.3,255.45,27592,69.89,2026-09-16
KALYANKJIL,EQ,606.9,611.8,574.4,580.9,604.2,7484433,43905.26,2026-09-16
KAMAHOLD,EQ,2250.0,2275.9,2244.1,2249.9,2269.7,3365,75.85,2026-09-16
KAMANWALA,EQ,17.17,17.49,16.49,17.24,17.0,15,0.0,2026-09-16
KAMATHOTEL,EQ,207.6,214.25,202.0,209.88,207.6,71866,150.56,2026-09-16
KAMOPAINTS,EQ,4.31,4.31,4.15,4.21,4.22,153248,6.46,2026-09-16
KANANIIND,EQ,1.45,1.47,1.41,1.42,1.44,170523,2.44,2026-09-16
KANCHI,EQ,391.5,391.5,382.0,388.5,392.5,690,2.67,2026-09-16
KANCOTEA,EQ,55.4,55.4,55.3,55.3,56.8,11,0.01,2026-09-16
KANOHAR,EQ,685.5,787.0,685.1,751.5,632.0,21611638,159168.47,2026-09-16
KANPRPLA,EQ,247.5,270.0,243.15,265.85,246.0,27577,70.43,2026-09-16
KANSAINER,EQ,183.03,185.98,181.06,184.81,183.03,277695,510.96,2026-09-16
KAPSTON,EQ,565.0,580.0,540.85,577.15,563.45,43954,244.63,2026-09-16
KARMAENG,EQ,38.95,43.88,37.31,38.72,37.29,111633,44.45,2026-09-16
KARURVYSYA,EQ,325.3,335.8,324.95,334.8,324.45,2316768,7681.39,2026-09-16
KAVDEFENCE,EQ,74.72,79.9,70.11,73.43,75.17,1471028,1115.48,2026-09-16
KAYNES,EQ,3392.0,3411.3,3293.0,3385.0,3392.0,723071,24306.2,2026-09-16
KCP,EQ,159.16,159.16,155.42,158.64,159.15,56006,88.36,2026-09-16
KDDL,EQ,3732.0,3865.0,3732.0,3819.0,3756.5,30057,1144.17,2026-09-16
KDGREEN,EQ,46.74,47.94,45.81,46.87,46.61,35148,16.43,2026-09-16
KEC,EQ,407.0,409.0,395.2,397.55,406.9,812676,3262.24,2026-09-16
KECL,EQ,117.61,121.44,115.05,120.02,119.47,80550,95.48,2026-09-16
KEEPLEARN,EQ,1.89,1.92,1.77,1.83,1.89,44368,0.82,2026-09-16
KEI,EQ,4484.0,4544.5,4468.0,4506.0,4500.0,306662,13808.26,2026-09-16
KELLTONTEC,EQ,13.69,13.91,13.4,13.5,13.65,2802031,380.07,2026-09-16
KENNAMET,EQ,4290.0,4444.0,4100.2,4135.8,4266.4,62456,2638.79,2026-09-16
KERNEX,EQ,1659.0,1679.0,1593.0,1648.3,1656.3,213622,3491.45,2026-09-16
KEYFINSERV,EQ,250.0,250.0,241.05,246.25,246.6,760,1.87,2026-09-16
KFINTECH,EQ,887.4,895.95,872.5,889.0,884.8,388510,3434.96,2026-09-16
KHAICHEM,EQ,50.89,51.9,49.41,50.47,50.6,158837,79.99,2026-09-16
KHAITANLTD,EQ,159.0,159.0,145.0,149.37,158.94,3814,5.69,2026-09-16
KHANDSE,EQ,17.3,17.87,17.0,17.5,17.67,1408,0.25,2026-09-16
KICL,EQ,4821.0,4950.0,4746.0,4779.5,4846.5,5039,241.05,2026-09-16
KIMS,EQ,766.85,775.0,758.5,766.65,766.85,310465,2375.14,2026-09-16
KINGFA,EQ,5694.0,5980.0,5675.5,5889.0,5754.0,18912,1100.63,2026-09-16
KIOCL,EQ,343.0,344.65,323.55,326.85,340.8,180378,596.92,2026-09-16
KIRANVYPAR,EQ,196.0,204.0,193.0,200.09,200.75,3730,7.5,2026-09-16
KIRIINDUS,EQ,521.0,526.2,492.0,513.4,522.85,797157,4055.3,2026-09-16
KIRLFER,EQ,468.0,475.15,461.15,470.9,464.85,140176,657.07,2026-09-16
KIRLOSBROS,EQ,1735.0,1755.0,1698.2,1724.7,1728.0,31065,536.53,2026-09-16
KIRLOSENG,EQ,2040.5,2111.2,1934.0,2040.5,2041.6,473446,9454.83,2026-09-16
KIRLOSIND,EQ,3834.7,3865.0,3636.1,3770.2,3834.0,15231,568.31,2026-09-16
KIRLPNU,EQ,698.15,701.0,676.55,695.2,698.15,142430,987.51,2026-09-16
KISSHT,EQ,341.0,349.25,329.0,342.65,339.55,1873189,6388.71,2026-09-16
KITEX,EQ,119.0,120.82,116.9,118.58,119.13,409195,485.13,2026-09-16
KJMCFIN,EQ,60.5,62.77,60.5,62.57,60.95,670,0.41,2026-09-16
KKCL,EQ,498.7,498.7,483.95,485.55,498.6,33495,162.96,2026-09-16
KLBRENG-B,EQ,461.1,469.05,448.0,462.65,466.0,181219,829.24,2026-09-16
KMCSHIL,EQ,133.46,154.0,128.48,146.93,132.8,9088731,13237.32,2026-09-16
KMEW,EQ,2710.0,2758.7,2488.8,2708.7,2730.5,240945,6284.69,2026-09-16
KMSUGAR,EQ,29.11,29.59,28.2,28.63,29.1,111052,31.8,2026-09-16
KNACK,EQ,178.58,182.1,171.1,179.69,178.58,805422,1434.99,2026-09-16
KNAGRI,EQ,194.95,196.6,163.55,180.25,192.52,9108,16.92,2026-09-16
KNRCON,EQ,121.0,122.82,117.49,121.82,121.22,1757894,2118.24,2026-09-16
KOHINOOR,EQ,30.4,31.75,28.64,31.36,29.58,318617,97.01,2026-09-16
KOKUYOCMLN,EQ,76.64,78.36,76.1,76.6,77.0,27445,21.03,2026-09-16
KOLTEPATIL,EQ,418.0,430.8,413.2,429.05,420.8,50440,213.23,2026-09-16
KOPRAN,EQ,251.5,274.78,237.78,260.86,249.9,14226630,37489.62,2026-09-16
KOTAKBANK,EQ,413.6,417.05,409.35,415.0,409.8,10898426,45230.8,2026-09-16
KOTHARIPET,EQ,131.81,134.62,130.02,133.03,130.35,66598,88.21,2026-09-16
KOTHARIPRO,EQ,66.0,66.0,63.0,64.14,65.03,9143,5.84,2026-09-16
KOTIC,EQ,128.8,137.95,123.12,133.61,126.62,26388,34.39,2026-09-16
KOVAI,EQ,6019.0,6169.0,5974.0,6088.0,6019.0,4040,244.58,2026-09-16
KPEL,EQ,210.5,214.0,206.52,210.32,210.24,208889,440.44,2026-09-16
KPIGREEN,EQ,279.0,280.4,271.9,276.35,277.15,657223,1813.88,2026-09-16
KPIL,EQ,1380.0,1395.3,1345.6,1390.9,1380.2,100752,1386.01,2026-09-16
KPITTECH,EQ,563.0,566.4,553.1,555.0,563.0,831708,4636.46,2026-09-16
KPL,EQ,3420.1,3477.2,3137.0,3356.0,3430.6,82018,2691.24,2026-09-16
KPRMILL,EQ,1117.2,1130.2,1080.0,1121.4,1120.2,162171,1807.64,2026-09-16
KRBL,EQ,395.0,398.65,383.5,394.85,397.15,386919,1511.32,2026-09-16
KREBSBIO,EQ,55.5,57.8,54.66,55.65,56.27,5062,2.83,2026-09-16
KRIDHANINF,EQ,1.95,1.95,1.85,1.89,1.94,63697,1.19,2026-09-16
KRISHANA,EQ,177.0,185.8,171.21,183.67,177.2,1194736,2155.29,2026-09-16
KRISHIVAL,EQ,421.0,421.5,417.75,419.4,419.5,6512,27.32,2026-09-16
KRISHNADEF,EQ,1018.7,1034.1,975.8,1002.4,1027.8,99852,1000.6,2026-09-16
KRITI,EQ,63.0,63.0,60.8,61.91,61.6,9680,6.02,2026-09-16
KRITIKA,EQ,5.22,5.35,5.0,5.17,5.24,114539,5.91,2026-09-16
KRITINUT,EQ,80.0,81.0,79.0,80.3,80.78,9859,7.86,2026-09-16
KRN,EQ,1491.8,1506.4,1438.3,1438.3,1514.0,278536,4018.64,2026-09-16
KROSS,EQ,228.86,229.79,220.42,225.86,228.87,554517,1246.63,2026-09-16
KRSNAA,EQ,540.0,549.0,525.0,536.4,541.65,42893,229.0,2026-09-16
KRYSTAL,EQ,611.95,668.5,600.25,655.6,607.8,174712,1140.67,2026-09-16
KSB,EQ,786.0,789.65,762.0,764.85,787.95,144252,1110.84,2026-09-16
KSCL,EQ,697.0,704.1,685.4,690.45,697.9,57444,399.28,2026-09-16
KSE,EQ,175.05,177.93,174.01,176.35,176.88,9240,16.24,2026-09-16
KSHINTL,EQ,1052.0,1067.0,990.9,1060.35,1058.85,397791,4099.83,2026-09-16
KSHITIJPOL,EQ,3.82,3.83,3.82,3.83,3.65,2313639,88.56,2026-09-16
KSL,EQ,930.45,963.45,901.15,952.0,930.45,108914,1022.9,2026-09-16
KSOLVES,EQ,250.0,261.9,249.0,255.75,252.1,35656,90.06,2026-09-16
KSR,EQ,45.98,46.62,44.65,46.52,44.4,86153,39.32,2026-09-16
KTKBANK,EQ,314.6,321.85,309.95,318.2,315.95,2085928,6588.03,2026-09-16
KUANTUM,EQ,77.13,77.13,75.25,75.69,75.99,49275,37.49,2026-09-16
KUSUMGAR,EQ,550.0,557.0,533.0,549.2,552.35,146373,800.53,2026-09-16
KWIL,EQ,40.85,41.67,39.11,41.32,40.83,17948121,7273.14,2026-09-16
LADDERUP,EQ,66.8,66.8,60.2,60.94,66.88,10098,6.17,2026-09-16
LAGNAM,EQ,71.03,72.99,69.13,71.3,71.15,977,0.69,2026-09-16
LAHOTIOV,EQ,40.99,40.99,39.2,40.43,39.28,1636,0.65,2026-09-16
LAKSHMIMIL,EQ,7760.0,7850.0,7554.0,7850.0,7565.0,10,0.77,2026-09-16
LAL,EQ,8.99,9.05,8.49,8.77,8.99,438065,37.85,2026-09-16
LALITHAA,EQ,305.65,305.65,305.65,305.65,321.7,147338,450.34,2026-09-16
LALPATHLAB,EQ,1921.0,2038.6,1870.0,1895.7,1906.4,1560989,30235.97,2026-09-16
LAMBODHARA,EQ,128.65,130.5,116.6,117.76,130.33,98400,117.13,2026-09-16
LANCER,EQ,12.95,12.95,12.05,12.23,12.47,243216,29.78,2026-09-16
LANDMARK,EQ,472.0,484.0,454.05,476.6,470.35,111985,528.07,2026-09-16
LANDSMILL,EQ,0.58,0.58,0.56,0.57,0.57,1288942,7.4,2026-09-16
LAOPALA,EQ,162.13,162.13,155.0,156.01,160.63,336735,526.09,2026-09-16
LARGEMID50,EQ,35.06,35.2,34.95,35.19,35.06,1217,0.43,2026-09-16
LASERPOWER,EQ,273.6,277.5,266.2,270.8,271.9,505982,1374.12,2026-09-16
LATENTVIEW,EQ,254.8,262.5,251.05,252.15,252.9,2075787,5347.98,2026-09-16
LATTEYS,EQ,20.52,20.99,20.12,20.65,20.52,20896,4.27,2026-09-16
LAURUSLABS,EQ,1924.6,1940.4,1863.5,1905.5,1926.9,2871410,54019.15,2026-09-16
LAXMICOT,EQ,12.59,13.45,12.54,13.22,12.63,27323,3.58,2026-09-16
LAXMIDENTL,EQ,196.33,198.56,190.81,195.43,197.46,50757,98.7,2026-09-16
LAXMIINDIA,EQ,121.59,124.8,117.25,119.85,121.59,198799,238.65,2026-09-16
LCCINFOTEC,EQ,3.03,3.13,2.99,3.13,2.99,39224,1.22,2026-09-16
LCL,EQ,532.8,535.9,504.4,523.8,535.5,495678,2565.59,2026-09-16
LEAPIND,EQ,134.61,135.85,128.55,134.71,134.61,2218348,2938.81,2026-09-16
LEMERITE,EQ,19.76,19.76,19.06,19.18,20.06,207689,40.02,2026-09-16
LEMONTREE,EQ,102.8,103.59,100.88,103.26,102.58,1729566,1772.68,2026-09-16
LENSKART,EQ,688.4,689.9,667.25,675.85,685.4,6968307,47285.36,2026-09-16
LEXUS,EQ,12.99,13.75,12.99,13.52,12.75,19072,2.53,2026-09-16
LFIC,EQ,138.9,138.95,128.9,131.3,136.64,11464,15.18,2026-09-16
LGBBROSLTD,EQ,1701.0,1716.0,1671.1,1706.7,1703.2,38929,657.1,2026-09-16
LGEINDIA,EQ,1630.0,1646.3,1599.0,1628.2,1629.6,196075,3176.75,2026-09-16
LGHL,EQ,184.19,196.0,173.52,187.04,185.11,49456,91.85,2026-09-16
LIBAS,EQ,11.9,11.9,11.3,11.47,11.43,193790,22.08,2026-09-16
LIBERTSHOE,EQ,220.0,222.0,215.0,217.94,218.62,28444,61.78,2026-09-16
LICHSGFIN,EQ,541.8,551.45,529.6,543.0,542.0,3693410,19981.0,2026-09-16
LICI,EQ,392.0,395.5,386.5,395.5,391.5,7015226,27515.13,2026-09-16
LICMFGOLD,EQ,135.1,136.7,135.1,135.6,133.95,315886,429.86,2026-09-16
LICNETFGSC,EQ,29.23,29.4,29.05,29.2,29.23,1880,0.55,2026-09-16
LICNETFN50,EQ,259.72,262.59,259.72,259.85,261.0,275,0.72,2026-09-16
LICNFNHGP,EQ,272.7,275.65,271.1,275.01,270.0,296,0.8,2026-09-16
LICNMID100,EQ,59.77,62.44,59.77,60.84,60.99,22005,13.41,2026-09-16
LIKHITHA,EQ,225.55,239.95,207.0,227.33,222.22,378760,864.13,2026-09-16
LINC,EQ,95.5,95.5,89.5,90.37,95.02,29059,26.55,2026-09-16
LINCOLN,EQ,606.65,609.95,586.1,590.7,602.6,33110,196.52,2026-09-16
LINDEINDIA,EQ,6090.0,6150.5,6024.5,6089.5,6080.0,12044,733.61,2026-09-16
LIQGRWBEES,EQ,1055.0,1055.66,1055.0,1055.64,1055.53,95816,1011.49,2026-09-16
LIQUID,EQ,999.99,1000.0,999.99,999.99,999.99,154680,1546.79,2026-09-16
LIQUID1,EQ,1122.67,1123.8,1122.3,1122.81,1122.67,739768,8306.2,2026-09-16
LIQUIDADD,EQ,1144.89,1144.91,1144.88,1144.88,1144.75,308661,3533.82,2026-09-16
LIQUIDBEES,EQ,999.99,1000.01,999.99,999.99,999.99,3811884,38118.66,2026-09-16
LIQUIDBETA,EQ,1008.16,1008.16,1008.16,1008.16,1008.02,132,1.33,2026-09-16
LIQUIDBETF,EQ,1098.95,1098.95,1098.93,1098.94,1098.82,123415,1356.26,2026-09-16
LIQUIDCASE,EQ,115.95,115.95,115.93,115.93,115.92,21585579,25026.68,2026-09-16
LIQUIDETF,EQ,1000.0,1000.01,999.99,999.99,999.99,159105,1591.05,2026-09-16
LIQUIDIETF,EQ,1000.0,1000.01,999.99,999.99,999.99,191381,1913.81,2026-09-16
LIQUIDPLUS,EQ,1103.32,1103.34,1103.32,1103.32,1103.18,571866,6309.54,2026-09-16
LIQUIDSBI,EQ,999.99,1000.0,999.99,1000.0,999.99,1823,18.23,2026-09-16
LIQUIDSHRI,EQ,1121.58,1121.6,1121.58,1121.58,1121.45,1086,12.18,2026-09-16
LKPSEC,EQ,15.2,15.77,14.98,15.03,15.2,35001,5.32,2026-09-16
LLOYDSENGG,EQ,79.71,81.0,77.68,80.02,79.71,4340426,3459.21,2026-09-16
LLOYDSENT,EQ,67.33,68.56,65.91,66.96,67.64,1910226,1283.43,2026-09-16
LLOYDSME,EQ,1780.0,1832.3,1765.0,1812.3,1778.8,293730,5307.82,2026-09-16
LMW,EQ,17180.0,17700.0,16800.0,17617.0,17103.0,7595,1319.07,2026-09-16
LODHA,EQ,1050.0,1090.6,1047.5,1087.4,1064.8,1204027,12900.43,2026-09-16
LOKESHMACH,EQ,333.0,354.8,322.45,348.25,332.2,55160,188.24,2026-09-16
LORDSCHLO,EQ,131.5,136.48,130.31,133.49,131.1,6679,8.95,2026-09-16
LOTUSCHO,EQ,580.65,584.0,560.0,561.7,574.9,2698,15.23,2026-09-16
LOTUSEYE,EQ,113.25,115.59,110.01,114.94,110.59,10389,11.73,2026-09-16
LOVABLE,EQ,71.9,71.99,68.16,69.75,70.91,16767,11.71,2026-09-16
LOWVOL,EQ,198.55,199.39,198.07,199.39,198.22,1505,2.99,2026-09-16
LOWVOL1,EQ,20.38,20.42,20.22,20.23,20.27,111209,22.64,2026-09-16
LOWVOLIETF,EQ,21.27,21.44,21.21,21.28,21.27,1400208,298.3,2026-09-16
LOYALTEX,EQ,210.0,210.0,203.0,209.99,210.0,156,0.33,2026-09-16
LPDC,EQ,6.17,6.18,6.02,6.12,6.06,12980,0.79,2026-09-16
LT,EQ,3844.2,3867.9,3799.9,3807.7,3850.7,2038640,77970.36,2026-09-16
LTF,EQ,296.9,300.95,293.8,295.5,296.8,1797290,5337.82,2026-09-16
LTFOODS,EQ,423.0,424.25,408.95,417.75,421.05,320057,1332.0,2026-09-16
LTGILTBEES,EQ,29.66,29.74,29.64,29.7,29.67,794995,235.9,2026-09-16
LTGILTCASE,EQ,30.82,30.82,30.2,30.28,30.22,180779,54.71,2026-09-16
LTM,EQ,4349.0,4370.0,4233.0,4233.0,4346.6,229957,9897.89,2026-09-16
LTTS,EQ,3340.0,3366.0,3293.0,3351.5,3312.2,46682,1557.48,2026-09-16
LUMAXIND,EQ,5738.5,5800.0,5560.0,5760.5,5766.5,11706,668.66,2026-09-16
LUMAXTECH,EQ,1990.2,2003.1,1905.0,1941.8,1991.3,110575,2146.88,2026-09-16
LUMINO,EQ,102.99,102.99,98.05,100.29,103.16,9172632,9231.09,2026-09-16
LUPIN,EQ,2056.4,2074.1,2033.5,2045.0,2063.2,789895,16165.58,2026-09-16
LUXIND,EQ,1057.0,1063.8,1030.0,1032.4,1056.7,36476,379.51,2026-09-16
LXCHEM,EQ,168.01,174.18,165.11,171.73,167.83,1325333,2259.95,2026-09-16
M&M,EQ,3044.6,3105.9,3044.6,3070.0,3029.5,2390779,73678.45,2026-09-16
M&MFIN,EQ,342.5,347.35,341.1,345.05,342.3,1115347,3841.27,2026-09-16
MAANALU,EQ,106.14,107.87,101.8,103.41,106.14,73650,76.53,2026-09-16
MACPOWER,EQ,1872.0,1930.0,1732.2,1889.6,1882.3,53070,976.97,2026-09-16
MADHAV,EQ,35.01,35.01,34.5,34.5,35.18,378,0.13,2026-09-16
MADHAVIPL,EQ,7.99,7.99,7.57,7.69,7.82,103376,7.98,2026-09-16
MADRASFERT,EQ,61.4,61.43,59.57,60.27,60.52,48477,29.22,2026-09-16
MAFANG,EQ,237.44,239.9,230.0,232.48,234.2,741752,1739.44,2026-09-16
MAFATIND,EQ,122.94,122.94,119.1,120.41,122.15,21676,26.06,2026-09-16
MAGADSUGAR,EQ,520.15,520.2,494.1,505.7,520.15,25481,128.22,2026-09-16
MAGNUM,EQ,18.51,19.9,18.46,18.94,18.69,102635,19.67,2026-09-16
MAHABANK,EQ,80.1,81.7,79.2,80.21,79.56,18702078,15039.03,2026-09-16
MAHAPEXLTD,EQ,54.0,58.02,52.67,54.88,53.15,24489,13.83,2026-09-16
MAHEPC,EQ,102.08,103.5,101.0,101.18,102.08,10621,10.81,2026-09-16
MAHESHWARI,EQ,72.98,72.98,69.35,71.48,70.3,8631,6.15,2026-09-16
MAHKTECH,EQ,21.74,22.74,21.4,21.5,21.74,1007198,217.69,2026-09-16
MAHLIFE,EQ,348.6,353.4,339.0,344.15,345.9,77651,266.6,2026-09-16
MAHLOG,EQ,383.0,390.5,380.0,386.8,387.25,122831,473.54,2026-09-16
MAHSCOOTER,EQ,13231.0,13231.0,12900.0,13123.0,12882.0,3273,427.67,2026-09-16
MAHSEAMLES,EQ,701.1,702.05,674.15,692.95,701.1,217121,1492.33,2026-09-16
MAITHANALL,EQ,1010.0,1010.0,974.45,994.45,1006.05,70638,701.61,2026-09-16
MAKEINDIA,EQ,160.98,160.98,157.23,159.39,158.97,39316,62.53,2026-09-16
MAKERSL,EQ,174.98,179.98,174.98,177.92,173.77,376,0.67,2026-09-16
MALLCOM,EQ,912.0,932.4,912.0,924.3,911.95,1187,10.95,2026-09-16
MALUPAPER,EQ,33.0,33.0,31.05,31.66,32.96,28875,9.23,2026-09-16
MAMATA,EQ,390.5,405.35,388.0,391.55,396.65,56046,221.18,2026-09-16
MANAKALUCO,EQ,36.49,36.49,34.0,35.0,35.47,82635,28.83,2026-09-16
MANAKCOAT,EQ,124.19,126.9,119.5,125.96,124.19,382017,475.21,2026-09-16
MANAKSIA,EQ,67.12,67.3,64.0,64.41,68.01,102935,66.81,2026-09-16
MANALIPETC,EQ,80.0,85.5,79.5,82.37,80.19,2637453,2158.63,2026-09-16
MANAPPURAM,EQ,321.25,324.7,317.25,319.9,318.85,3120709,10015.71,2026-09-16
MANBA,EQ,133.76,135.99,125.55,130.67,133.87,93447,122.59,2026-09-16
MANCREDIT,EQ,220.5,221.69,210.99,215.24,215.36,135509,289.99,2026-09-16
MANGALAM,EQ,33.0,33.79,31.2,31.98,33.54,56939,18.48,2026-09-16
MANGLMCEM,EQ,978.3,998.3,972.0,988.8,989.4,54115,532.86,2026-09-16
MANINDS,EQ,808.2,808.55,745.0,790.3,808.2,2075576,16110.61,2026-09-16
MANINFRA,EQ,124.43,126.6,121.98,124.23,124.83,2441811,3041.24,2026-09-16
MANIPALHOS,EQ,701.9,719.95,690.4,714.6,701.7,1278055,8987.29,2026-09-16
MANKIND,EQ,2280.5,2300.7,2246.0,2246.0,2280.5,650768,14740.44,2026-09-16
MANOMAY,EQ,228.15,230.81,221.28,223.85,228.71,129033,289.62,2026-09-16
MANORAMA,EQ,1986.0,1993.3,1876.1,1916.4,1987.1,264064,5041.48,2026-09-16
MANORG,EQ,450.1,463.35,448.05,451.05,454.3,9573,43.45,2026-09-16
MANUFGBEES,EQ,157.7,157.96,155.09,157.61,157.69,4901,7.68,2026-09-16
MANUGRAPH,EQ,15.1,15.88,14.7,15.14,14.65,19649,3.0,2026-09-16
MANYAVAR,EQ,560.0,563.65,543.25,554.7,566.65,245299,1350.92,2026-09-16
MAPMYINDIA,EQ,892.4,895.6,865.6,883.1,887.8,93593,825.57,2026-09-16
MARALOVER,EQ,59.7,61.89,58.06,59.42,60.0,31966,18.94,2026-09-16
MARATHON,EQ,408.2,419.9,397.25,415.05,414.0,97373,397.37,2026-09-16
MARICO,EQ,795.5,819.9,792.15,810.15,791.25,3237626,26338.1,2026-09-16
MARINE,EQ,383.0,383.0,352.65,373.3,376.75,1225207,4502.95,2026-09-16
MARKOLINES,EQ,163.36,172.0,159.53,170.59,163.08,451228,754.06,2026-09-16
MARKSANS,EQ,311.8,323.6,307.05,316.45,312.85,2264075,7135.51,2026-09-16
MARSONS,EQ,121.96,124.79,119.71,121.54,121.3,2019696,2458.26,2026-09-16
MARUTI,EQ,12231.0,12367.0,12159.0,12166.0,12231.0,312876,38366.15,2026-09-16
MASFIN,EQ,296.95,296.95,286.0,288.05,294.9,143175,414.05,2026-09-16
MASKINVEST,EQ,147.84,147.84,137.0,142.4,140.8,169,0.25,2026-09-16
MASPTOP50,EQ,97.44,100.5,95.31,98.65,95.31,739743,726.58,2026-09-16
MASTEK,EQ,1642.1,1664.8,1622.0,1633.1,1652.1,87363,1429.14,2026-09-16
MASTERTR,EQ,88.16,89.0,84.84,85.38,87.55,496413,428.39,2026-09-16
MATRIMONY,EQ,497.8,536.0,497.8,533.4,497.8,40915,214.76,2026-09-16
MAWANASUG,EQ,128.69,128.69,122.81,125.16,129.0,292895,365.13,2026-09-16
MAXESTATES,EQ,568.3,573.85,545.25,572.1,568.9,132037,746.22,2026-09-16
MAXHEALTH,EQ,1036.4,1036.4,1021.6,1025.0,1030.0,1600620,16457.02,2026-09-16
MAXIND,EQ,140.0,142.94,135.3,139.64,139.12,88956,124.86,2026-09-16
MAYURUNIQ,EQ,751.15,751.15,719.45,741.2,745.2,113517,833.17,2026-09-16
MAZDOCK,EQ,2236.0,2288.6,2190.0,2231.9,2236.0,545318,12118.35,2026-09-16
MBAPL,EQ,157.4,162.68,152.16,159.82,155.82,1546425,2445.55,2026-09-16
MBEL,EQ,253.2,260.65,249.95,254.4,252.65,122018,310.85,2026-09-16
MBLINFRA,EQ,22.6,22.8,21.85,22.14,22.56,26480,5.9,2026-09-16
MCCHRLS-B,EQ,650.1,699.0,650.1,660.0,675.0,5283,34.87,2026-09-16
MCL,EQ,56.4,57.98,54.46,54.96,56.53,52469,29.02,2026-09-16
MCLEODRUSS,EQ,41.57,43.39,40.36,42.55,41.57,413950,173.41,2026-09-16
MCLOUD,EQ,25.9,26.0,24.84,25.17,25.58,1055531,266.41,2026-09-16
MCX,EQ,3170.2,3224.5,3056.6,3211.2,3173.5,1971522,61949.88,2026-09-16
MEDANTA,EQ,1425.0,1425.0,1380.1,1404.6,1418.1,227556,3189.69,2026-09-16
MEDIASSIST,EQ,312.0,318.0,308.0,312.5,309.9,118389,370.19,2026-09-16
MEDICAMEQ,EQ,315.35,354.4,290.55,345.5,318.2,248996,835.71,2026-09-16
MEDICAPQ,EQ,27.9,27.9,25.68,25.81,28.53,21492,5.61,2026-09-16
MEDICO,EQ,35.75,36.98,35.11,35.33,35.68,139644,49.66,2026-09-16
MEDPLUS,EQ,656.05,660.65,645.0,656.1,656.3,114156,744.48,2026-09-16
MEESHO,EQ,212.4,214.5,207.61,213.26,212.4,9379846,19832.01,2026-09-16
MEGASTAR,EQ,281.2,289.85,272.4,277.75,285.5,988,2.75,2026-09-16
MEIL,EQ,273.2,274.7,262.55,268.6,276.55,44664,119.86,2026-09-16
MERCANTILE,EQ,22.97,22.97,21.62,22.13,22.02,5962,1.32,2026-09-16
MERCURYEV,EQ,41.0,41.97,36.79,39.08,40.87,1101352,420.33,2026-09-16
METAL,EQ,13.12,13.19,12.68,12.88,12.8,2201316,282.73,2026-09-16
METALIETF,EQ,12.77,12.9,12.64,12.85,12.77,4879226,623.47,2026-09-16
METROBRAND,EQ,951.75,955.35,934.55,948.3,944.45,24415,231.18,2026-09-16
METROGLOBL,EQ,131.01,135.3,131.0,132.0,134.31,1378,1.85,2026-09-16
METROPOLIS,EQ,571.0,585.0,557.8,580.85,572.5,368661,2128.78,2026-09-16
MFML,EQ,19.0,19.38,18.98,19.34,18.68,700,0.13,2026-09-16
MFSL,EQ,1425.9,1491.7,1423.6,1487.6,1425.9,929997,13614.02,2026-09-16
MGEL,EQ,15.41,15.88,15.41,15.6,15.53,226843,35.29,2026-09-16
MGL,EQ,1071.0,1084.5,1047.0,1080.1,1071.7,99105,1055.34,2026-09-16
MHRIL,EQ,194.59,196.02,188.21,193.51,192.4,103937,199.46,2026-09-16
MID150,EQ,23.31,23.31,22.46,22.88,22.85,73931,16.78,2026-09-16
MID150BEES,EQ,232.89,232.99,228.56,232.0,231.67,1289248,2976.48,2026-09-16
MID150CASE,EQ,11.06,11.35,11.06,11.3,11.29,2486914,278.8,2026-09-16
MIDBANKADD,EQ,17.18,18.0,16.94,17.22,17.07,220246,37.74,2026-09-16
MIDCAP,EQ,18.12,18.28,17.76,18.01,18.03,479334,85.8,2026-09-16
MIDCAPADD,EQ,22.47,22.8,22.21,22.7,22.47,14535,3.26,2026-09-16
MIDCAPBETA,EQ,233.75,233.75,224.0,226.47,231.44,42932,96.85,2026-09-16
MIDCAPETF,EQ,23.04,23.04,22.59,22.97,22.91,3919731,894.98,2026-09-16
MIDCAPIETF,EQ,23.28,23.35,22.92,23.23,23.28,1018692,235.87,2026-09-16
MIDHANI,EQ,407.35,409.7,387.45,399.25,405.85,1623475,6459.65,2026-09-16
MIDQ50ADD,EQ,24.12,24.13,23.7,24.07,24.12,40535,9.71,2026-09-16
MIDSELIETF,EQ,19.27,19.5,19.01,19.31,19.35,219935,42.22,2026-09-16
MIDSMALL,EQ,50.0,50.45,49.42,50.31,50.28,663597,331.22,2026-09-16
MIDWESTLTD,EQ,974.0,989.9,951.6,975.3,974.3,14345,139.48,2026-09-16
MIIL,EQ,689.95,704.9,640.5,663.0,666.1,140872,937.68,2026-09-16
MILKYMIST,EQ,270.0,281.7,264.24,276.23,278.14,13428031,36229.49,2026-09-16
MINDACORP,EQ,685.65,689.8,661.8,671.55,678.95,171805,1154.95,2026-09-16
MINDTECK,EQ,156.0,157.19,153.0,154.47,154.36,20656,31.99,2026-09-16
MIRZAINT,EQ,29.5,29.94,28.51,29.02,29.4,83103,24.13,2026-09-16
MITCON,EQ,80.0,83.8,79.95,80.26,80.0,3757,3.04,2026-09-16
MITTAL,EQ,0.79,0.79,0.76,0.77,0.77,1461130,11.38,2026-09-16
MKEXIM,EQ,65.88,65.88,62.59,65.17,64.52,14202,9.14,2026-09-16
MKPL,EQ,4.0,4.7,3.93,4.03,3.92,128524,5.25,2026-09-16
MLKFOOD,EQ,80.0,80.0,75.43,75.59,78.84,2562,1.94,2026-09-16
MMFL,EQ,597.0,611.6,578.2,606.95,593.8,109301,651.39,2026-09-16
MMP,EQ,457.7,466.15,430.75,456.35,457.7,64179,288.65,2026-09-16
MMTC,EQ,61.38,61.38,59.07,59.8,60.77,1176490,703.88,2026-09-16
MMWL,EQ,13.77,13.9,13.09,13.12,13.77,23806,3.18,2026-09-16
MNC,EQ,32.01,32.32,31.92,32.09,32.18,94848,30.54,2026-09-16
MOALPHA50,EQ,53.33,55.46,52.44,54.34,54.04,141639,75.89,2026-09-16
MOBANK10,EQ,16.51,16.73,16.48,16.62,16.42,2068,0.34,2026-09-16
MOBIKWIK,EQ,213.99,213.99,195.0,198.37,200.86,10303576,20937.2,2026-09-16
MOCAPITAL,EQ,52.85,53.06,51.71,52.57,52.85,1181704,617.74,2026-09-16
MODEFENCE,EQ,101.77,101.77,98.07,100.52,100.76,3266265,3253.12,2026-09-16
MODINATUR,EQ,341.35,341.8,323.0,326.0,338.0,6152,20.29,2026-09-16
MODIRUBBER,EQ,120.86,123.96,118.0,119.1,121.46,1276,1.53,2026-09-16
MODIS,EQ,356.0,363.25,339.5,352.7,354.4,33729,117.38,2026-09-16
MODTHREAD,EQ,51.04,52.0,48.5,51.45,52.13,1215,0.6,2026-09-16
MOENERGY,EQ,37.66,37.98,37.17,37.45,37.48,88248,33.0,2026-09-16
MOGOLD,EQ,149.5,151.9,149.05,149.35,149.25,31256,46.71,2026-09-16
MOGSEC,EQ,64.69,65.61,64.61,64.82,65.01,9755,6.31,2026-09-16
MOHEALTH,EQ,52.3,52.3,50.45,51.4,51.11,56997,29.05,2026-09-16
MOHITE,EQ,2.54,2.99,2.48,2.61,2.54,79733,2.12,2026-09-16
MOHITIND,EQ,24.1,24.45,22.01,23.23,23.68,4201,0.97,2026-09-16
MOIL,EQ,238.5,239.6,234.06,237.36,238.54,726299,1717.74,2026-09-16
MOINFRA,EQ,57.52,57.53,56.84,57.35,57.41,2209,1.27,2026-09-16
MOIPO,EQ,47.82,47.82,46.61,47.48,47.59,27647,13.05,2026-09-16
MOKSH,EQ,10.01,10.3,9.76,9.93,10.01,71948,7.12,2026-09-16
MOL,EQ,59.11,59.95,56.95,58.5,58.86,825563,480.9,2026-09-16
MOLBIO,EQ,1385.0,1437.6,1196.2,1307.0,1356.8,8096253,104398.8,2026-09-16
MOLDTKPAC,EQ,652.1,670.0,633.0,661.45,652.1,40145,261.62,2026-09-16
MOLOWVOL,EQ,35.02,35.15,34.88,34.99,34.96,28354,9.93,2026-09-16
MOM100,EQ,67.59,67.59,65.08,66.11,65.95,394657,259.25,2026-09-16
MOM30IETF,EQ,30.36,30.42,29.89,30.34,30.33,658877,198.9,2026-09-16
MOM50,EQ,245.93,245.93,242.44,243.84,243.41,6122,14.91,2026-09-16
MOMENTUM,EQ,30.5,30.6,29.72,30.16,30.25,80126,24.09,2026-09-16
MOMENTUM30,EQ,29.75,30.34,29.33,29.91,29.78,24629,7.3,2026-09-16
MOMENTUM50,EQ,52.63,52.77,51.59,52.66,52.63,791696,413.52,2026-09-16
MOMETAL,EQ,12.58,13.27,12.54,12.71,12.74,32836,4.19,2026-09-16
MOMGF,EQ,156.4,156.65,154.26,156.62,158.24,1032,1.61,2026-09-16
MOMIDMTM,EQ,63.88,63.88,61.56,62.69,62.66,34693,21.63,2026-09-16
MOMMIDCAP,EQ,12.62,12.66,12.4,12.6,12.58,868783,109.09,2026-09-16
MOMNC,EQ,31.12,31.8,30.95,31.38,31.12,11631,3.61,2026-09-16
MOMOMENTUM,EQ,60.35,60.78,59.31,60.33,60.3,61164,36.68,2026-09-16
MON100,EQ,338.88,338.88,325.1,326.77,330.62,688291,2254.81,2026-09-16
MON50EQUAL,EQ,32.26,32.75,31.93,32.27,32.22,3713,1.19,2026-09-16
MONARCH,EQ,370.15,371.0,350.45,368.95,366.5,269952,986.43,2026-09-16
MONEXT50,EQ,70.37,72.5,69.51,71.64,70.14,9193,6.47,2026-09-16
MONEYBOXX,EQ,49.43,49.43,49.43,49.43,44.94,16118,7.97,2026-09-16
MONIFTY100,EQ,24.48,24.6,24.37,24.59,24.48,38426,9.4,2026-09-16
MONIFTY500,EQ,23.19,23.35,22.88,23.15,23.19,593770,137.16,2026-09-16
MONQ50,EQ,236.62,275.67,232.0,275.28,229.73,1389811,3589.97,2026-09-16
MONTECARLO,EQ,552.4,570.0,540.05,549.95,552.35,50125,273.83,2026-09-16
MOOILGAS,EQ,11.1,11.2,10.79,10.86,10.87,5392,0.59,2026-09-16
MOPSE,EQ,97.0,103.0,97.0,97.76,99.1,3381,3.29,2026-09-16
MOQUALITY,EQ,191.6,192.77,190.32,191.94,192.25,4136,7.95,2026-09-16
MOREALTY,EQ,83.0,83.4,80.92,83.01,82.37,410066,336.78,2026-09-16
MOREPENLAB,EQ,106.45,116.0,97.04,114.73,106.22,39424210,42319.21,2026-09-16
MOSCHIP,EQ,203.02,204.36,195.02,199.16,203.02,1644416,3260.29,2026-09-16
MOSERVICE,EQ,30.0,30.11,29.9,30.11,30.0,2127,0.64,2026-09-16
MOSILVER,EQ,224.4,226.41,224.4,225.55,221.93,37189,84.01,2026-09-16
MOSMALL250,EQ,17.99,18.04,17.58,17.94,17.98,2922112,520.31,2026-09-16
MOTHERSON,EQ,157.19,160.4,156.4,158.27,158.15,8769455,13936.2,2026-09-16
MOTILALOFS,EQ,982.4,989.9,963.8,976.5,990.8,771004,7537.41,2026-09-16
MOTISONS,EQ,15.46,16.87,15.02,16.62,15.47,93614476,15294.1,2026-09-16
MOTOGENFIN,EQ,25.1,25.8,24.61,25.0,25.15,8559,2.14,2026-09-16
MOTOUR,EQ,75.27,75.29,74.22,75.02,75.27,10952,8.2,2026-09-16
MOVALUE,EQ,109.5,111.84,108.69,109.92,109.39,42339,46.38,2026-09-16
MPHASIS,EQ,2379.0,2393.9,2316.7,2316.7,2378.0,158994,3736.94,2026-09-16
MPSLTD,EQ,2545.0,2629.3,2473.0,2610.2,2522.6,14772,377.1,2026-09-16
MRF,EQ,125880.0,127700.0,124615.0,125010.0,125795.0,4959,6214.15,2026-09-16
MRPL,EQ,167.0,170.6,164.0,166.11,166.81,7293502,12202.55,2026-09-16
MSCI360,EQ,9.81,9.98,9.76,9.87,9.77,3079,0.31,2026-09-16
MSCIADD,EQ,28.49,28.63,28.47,28.63,28.56,314,0.09,2026-09-16
MSCIINDIA,EQ,28.91,29.0,28.7,28.88,28.89,15530,4.48,2026-09-16
MSL,EQ,139.9,139.9,120.0,136.0,140.0,1487,1.91,2026-09-16
MSPL,EQ,32.51,33.84,31.8,33.48,32.96,561971,184.36,2026-09-16
MSTCLTD,EQ,707.85,710.85,671.0,703.55,701.2,248850,1719.25,2026-09-16
MSUMI,EQ,34.99,36.6,34.85,35.47,35.06,30692547,10962.75,2026-09-16
MTNL,EQ,24.03,24.14,23.3,23.84,23.7,597123,142.1,2026-09-16
MUFIN,EQ,132.99,132.99,125.02,130.56,132.49,724979,948.47,2026-09-16
MUFTI,EQ,72.99,73.0,71.61,72.34,72.49,43535,31.43,2026-09-16
MUKANDLTD,EQ,135.2,136.27,129.91,134.89,135.62,134607,178.01,2026-09-16
MUKKA,EQ,31.1,31.31,29.26,29.53,31.39,1355601,405.98,2026-09-16
MULTICAP,EQ,16.21,16.42,16.08,16.23,16.22,127049,20.57,2026-09-16
MUNJALAU,EQ,103.31,103.67,98.96,102.06,103.8,297064,301.61,2026-09-16
MUNJALSHOW,EQ,125.28,126.59,123.31,124.67,125.28,15812,19.76,2026-09-16
MURUDCERA,EQ,29.0,29.8,28.16,28.6,29.0,11479,3.31,2026-09-16
MUTHOOTCAP,EQ,222.9,235.26,216.54,234.02,222.9,34493,78.55,2026-09-16
MUTHOOTFIN,EQ,2726.0,2804.6,2725.2,2771.4,2722.3,632020,17555.74,2026-09-16
MUTHOOTMF,EQ,187.98,192.3,185.34,187.41,187.61,216959,409.43,2026-09-16
MVELECTRO,EQ,777.1,845.7,736.0,819.05,777.0,4327351,34733.99,2026-09-16
MVGJL,EQ,196.04,209.9,185.15,207.16,196.05,672307,1353.65,2026-09-16
MWL,EQ,41.11,41.26,38.52,39.74,41.03,1184673,472.12,2026-09-16
NACLIND,EQ,150.14,154.25,144.0,151.18,149.92,774178,1155.03,2026-09-16
NAGREEKCAP,EQ,27.38,28.29,25.12,27.79,27.38,65647,17.85,2026-09-16
NAGREEKEXP,EQ,21.41,22.43,20.7,21.25,21.61,31177,6.78,2026-09-16
NAHARCAP,EQ,252.0,255.65,242.2,250.05,252.65,1758,4.38,2026-09-16
NAHARINDUS,EQ,126.35,130.19,124.0,127.3,127.37,36593,46.6,2026-09-16
NAHARPOLY,EQ,233.0,233.0,225.0,225.84,226.24,6869,15.55,2026-09-16
NAHARSPING,EQ,262.5,268.2,258.1,261.8,261.65,17468,45.77,2026-09-16
NAM-INDIA,EQ,1154.0,1158.0,1111.2,1124.0,1153.1,1222983,13699.15,2026-09-16
NARMADA,EQ,14.1,14.1,13.5,13.77,13.85,216587,29.83,2026-09-16
NATCOPHARM,EQ,813.1,828.75,801.0,813.3,819.15,492595,4003.94,2026-09-16
NATHBIOGEN,EQ,145.0,147.93,144.26,146.05,146.81,3309,4.83,2026-09-16
NATIONALUM,EQ,352.0,357.75,350.1,356.0,350.55,3670150,13034.59,2026-09-16
NATIONSTD,EQ,113.7,115.78,108.54,109.21,114.25,22636,25.2,2026-09-16
NAUKRI,EQ,1258.5,1274.3,1250.9,1256.0,1261.5,788281,9952.65,2026-09-16
NAVA,EQ,538.8,554.7,535.05,548.3,536.95,290194,1589.81,2026-09-16
NAVINFLUOR,EQ,8212.0,8295.0,8100.0,8160.5,8228.0,99485,8171.5,2026-09-16
NAVKARCORP,EQ,91.89,92.07,84.8,85.56,91.58,1883621,1632.0,2026-09-16
NAVNETEDUL,EQ,124.74,126.0,122.1,125.03,124.1,58197,72.16,2026-09-16
NAZARA,EQ,357.1,362.3,345.6,351.15,357.4,1068058,3756.44,2026-09-16
NBCC,EQ,81.2,81.54,79.72,81.41,80.69,5850166,4733.76,2026-09-16
NBIFIN,EQ,2049.5,2049.5,1965.3,1993.6,1978.5,5174,102.11,2026-09-16
NCC,EQ,137.31,137.85,133.78,135.01,137.33,1955001,2645.21,2026-09-16
NCLIND,EQ,173.99,173.99,168.6,172.42,173.02,38821,66.82,2026-09-16
NDGL,EQ,2652.3,2680.0,2601.0,2668.6,2655.5,71,1.89,2026-09-16
NDL,EQ,2.79,3.2,2.64,2.89,2.75,1436754,39.74,2026-09-16
NDLVENTURE,EQ,120.01,123.01,115.89,116.65,118.87,36791,43.24,2026-09-16
NDRAUTO,EQ,672.85,676.4,653.3,670.55,672.85,16270,108.05,2026-09-16
NDTV,EQ,71.91,71.91,68.75,69.74,70.43,40111,27.99,2026-09-16
NECLIFE,EQ,11.41,11.68,10.83,10.9,11.4,225810,24.73,2026-09-16
NELCAST,EQ,105.22,106.99,102.32,103.85,104.91,66256,69.04,2026-09-16
NELCO,EQ,928.0,954.5,904.55,938.05,924.3,223586,2087.74,2026-09-16
NEOGEN,EQ,2302.0,2347.8,2202.9,2302.4,2310.3,239255,5478.94,2026-09-16
NEPHROPLUS,EQ,734.85,742.7,710.05,735.2,734.95,144067,1048.08,2026-09-16
NESCO,EQ,1093.0,1103.3,1053.6,1075.6,1087.7,26040,278.63,2026-09-16
NESTLEIND,EQ,1369.2,1397.0,1368.7,1384.5,1362.0,1631890,22638.7,2026-09-16
NETF,EQ,253.6,257.1,245.0,251.74,253.54,1490,3.77,2026-09-16
NETWEB,EQ,4629.5,4638.5,4388.0,4562.0,4614.0,1768403,79756.75,2026-09-16
NETWORK18,EQ,25.8,26.55,25.71,26.12,25.95,4777743,1248.2,2026-09-16
NEULANDLAB,EQ,22595.0,23125.0,21855.0,22625.0,22595.0,50785,11393.9,2026-09-16
NEWGEN,EQ,502.4,507.9,487.3,492.0,499.35,531343,2630.84,2026-09-16
NEXT30ADD,EQ,41.48,41.77,41.07,41.24,41.59,4260,1.76,2026-09-16
NEXT50,EQ,732.0,732.0,720.0,729.58,728.36,24081,174.81,2026-09-16
NEXT50ADD,EQ,70.58,71.09,70.38,70.74,70.86,17831,12.6,2026-09-16
NEXT50BETA,EQ,76.45,76.72,75.16,76.34,76.45,150745,114.63,2026-09-16
NEXT50ETF,EQ,71.39,71.39,70.38,70.93,71.39,11289,7.99,2026-09-16
NEXT50IETF,EQ,76.4,76.4,73.56,74.61,74.54,732507,544.59,2026-09-16
NEXTMEDIA,EQ,3.83,3.83,3.7,3.8,3.83,14112,0.53,2026-09-16
NFL,EQ,67.0,67.13,65.3,66.29,67.18,545072,360.39,2026-09-16
NGIL,EQ,32.56,33.88,31.57,32.34,33.01,8245,2.64,2026-09-16
NGLFINE,EQ,2543.2,2738.9,2505.1,2673.8,2581.8,11725,310.98,2026-09-16
NH,EQ,1887.3,1887.3,1811.0,1851.6,1894.9,401015,7374.37,2026-09-16
NHPC,EQ,76.0,76.73,75.26,75.41,76.04,9639495,7292.04,2026-09-16
NIACL,EQ,186.6,187.1,179.15,184.19,185.41,3069621,5604.89,2026-09-16
NIBE,EQ,1224.4,1254.6,1188.0,1212.0,1224.4,51046,617.44,2026-09-16
NIBL,EQ,31.21,31.64,30.74,30.88,31.06,6036,1.87,2026-09-16
NICCOPAR,EQ,77.1,80.51,77.1,80.11,80.51,1639,1.31,2026-09-16
NIF100BEES,EQ,261.2,261.2,256.19,258.67,257.93,270971,697.85,2026-09-16
NIF100IETF,EQ,27.0,27.25,27.0,27.19,27.16,85738,23.3,2026-09-16
NIF500BETA,EQ,36.26,36.38,35.83,35.99,36.31,31278,11.31,2026-09-16
NIFTY1,EQ,257.46,259.41,256.67,258.43,257.46,53512,138.11,2026-09-16
NIFTY100EW,EQ,34.59,34.99,33.59,34.33,33.91,148048,50.14,2026-09-16
NIFTYADD,EQ,245.83,246.19,244.32,245.69,244.69,10290,25.23,2026-09-16
NIFTYAXIS,EQ,258.31,258.31,256.46,257.65,257.17,24717,63.67,2026-09-16
NIFTYBEES,EQ,264.58,266.28,262.79,265.02,264.58,6249520,16564.93,2026-09-16
NIFTYBETA,EQ,250.94,259.95,250.94,258.24,257.38,32014,82.48,2026-09-16
NIFTYBETF,EQ,241.04,244.0,238.11,240.54,239.22,3109,7.45,2026-09-16
NIFTYCASE,EQ,9.37,9.38,9.3,9.35,9.34,586025,54.78,2026-09-16
NIFTYETF,EQ,253.5,253.83,252.0,253.31,252.68,123040,311.34,2026-09-16
NIFTYIETF,EQ,269.94,269.94,262.7,263.67,263.36,511272,1349.01,2026-09-16
NIFTYJBLK,EQ,12.21,12.21,11.85,12.07,11.92,164395,19.64,2026-09-16
NIFTYQLITY,EQ,20.57,20.6,20.33,20.36,20.57,26136,5.34,2026-09-16
NIITLTD,EQ,87.8,88.89,84.86,85.35,87.32,351938,303.76,2026-09-16
NIITMTS,EQ,232.02,232.02,222.16,223.79,232.02,88940,199.99,2026-09-16
NILAINFRA,EQ,6.57,6.74,6.4,6.57,6.57,155759,10.14,2026-09-16
NILASPACES,EQ,12.04,12.8,11.81,12.56,12.23,1928596,237.96,2026-09-16
NILE,EQ,1468.3,1486.9,1431.1,1452.6,1431.9,1356,19.68,2026-09-16
NILKAMAL,EQ,2012.4,2012.4,1880.0,1920.5,2017.9,41077,789.42,2026-09-16
NIMBSPROJ,EQ,174.0,178.5,167.0,174.99,170.0,42855,73.22,2026-09-16
NINSYS,EQ,714.75,714.9,687.05,709.35,710.75,4210,29.59,2026-09-16
NIPPOBATRY,EQ,326.0,326.0,317.0,323.55,320.85,1173,3.78,2026-09-16
NIRAJ,EQ,27.85,28.55,27.33,27.61,27.58,13411,3.75,2026-09-16
NIRLON,EQ,598.0,602.75,591.8,593.6,600.65,1923,11.42,2026-09-16
NITCO,EQ,88.9,89.05,83.25,85.17,88.24,684232,585.16,2026-09-16
NITINSPIN,EQ,639.95,640.35,615.25,628.0,643.15,122404,763.77,2026-09-16
NITIRAJ,EQ,232.0,232.0,218.9,230.02,225.91,4246,9.7,2026-09-16
NITTAGELA,EQ,1725.9,1779.0,1651.2,1756.9,1693.0,11261,195.16,2026-09-16
NIVABUPA,EQ,81.5,81.79,79.08,79.55,81.5,1090983,872.67,2026-09-16
NKIND,EQ,52.2,59.89,50.0,57.62,55.52,1193,0.68,2026-09-16
NLCINDIA,EQ,261.25,262.0,254.3,255.35,261.05,3109419,8008.03,2026-09-16
NMDC,EQ,80.8,81.09,79.45,80.32,80.5,9502607,7636.54,2026-09-16
NOCIL,EQ,184.2,186.86,179.21,181.95,183.6,1428895,2627.07,2026-09-16
NOIDATOLL,EQ,3.94,4.06,3.92,3.96,4.01,42388,1.68,2026-09-16
NORBTEAEXP,EQ,64.5,67.72,64.5,64.56,64.5,1286,0.84,2026-09-16
NORTHARC,EQ,294.15,298.5,285.45,295.9,294.2,749709,2197.06,2026-09-16
NOVAAGRI,EQ,22.49,22.97,22.0,22.32,22.49,44964,10.08,2026-09-16
NOVARTIND,EQ,2164.0,2178.1,1980.0,1995.5,2188.0,122942,2503.16,2026-09-16
NPBET,EQ,281.1,282.9,281.1,282.63,278.83,148,0.42,2026-09-16
NPST,EQ,1730.0,1934.0,1673.5,1834.6,1639.5,3028115,55845.71,2026-09-16
NRAIL,EQ,642.0,659.95,603.95,621.4,638.85,31432,198.94,2026-09-16
NRBBEARING,EQ,479.0,479.45,453.5,471.3,480.85,506012,2368.47,2026-09-16
NSIL,EQ,5489.5,5489.5,5312.5,5397.5,5409.5,1168,62.88,2026-09-16
NSLNISP,EQ,41.6,41.77,40.23,41.17,41.45,4104940,1679.67,2026-09-16
NTCIND,EQ,138.8,138.8,130.4,136.7,134.11,1147,1.55,2026-09-16
NTPC,EQ,329.5,329.95,326.55,327.0,329.5,6556304,21524.74,2026-09-16
NTPCGREEN,EQ,85.8,87.9,85.16,87.59,85.86,1822934,1573.69,2026-09-16
NUCLEUS,EQ,690.0,697.65,689.0,692.45,696.4,9512,65.86,2026-09-16
NUVAMA,EQ,1661.6,1731.0,1649.8,1703.1,1668.2,295864,4995.13,2026-09-16
NUVOCO,EQ,312.2,318.35,307.95,316.2,313.75,297862,935.97,2026-09-16
NV20,EQ,13.57,13.76,13.46,13.56,13.51,122989,16.66,2026-09-16
NV20BEES,EQ,135.5,136.13,134.95,135.62,135.04,94023,127.4,2026-09-16
NV20IETF,EQ,13.48,13.48,13.13,13.19,13.16,227362,30.0,2026-09-16
NYKAA,EQ,336.2,338.3,323.55,325.6,336.2,4960142,16234.68,2026-09-16
OAL,EQ,510.95,527.85,478.1,508.85,510.95,28836,143.67,2026-09-16
OBCL,EQ,55.41,57.98,54.02,56.98,56.58,18956,10.73,2026-09-16
OBEROIRLTY,EQ,1660.0,1717.3,1660.0,1706.9,1668.5,599621,10201.65,2026-09-16
ODIGMA,EQ,22.09,22.09,21.2,21.42,22.09,5887,1.26,2026-09-16
ODYCORP,EQ,7.13,7.14,6.82,7.11,6.88,12042,0.85,2026-09-16
OFSS,EQ,11840.0,11920.0,11399.0,11510.0,11803.0,245645,28506.43,2026-09-16
OIL,EQ,485.5,489.5,481.4,487.6,485.6,1295800,6299.1,2026-09-16
OILIETF,EQ,11.0,11.09,10.96,11.06,11.0,804626,88.89,2026-09-16
OLAELEC,EQ,38.0,38.99,37.01,37.24,38.03,42359603,15889.36,2026-09-16
OLECTRA,EQ,1182.7,1190.4,1155.0,1168.0,1179.2,265014,3101.52,2026-09-16
OMAXAUTO,EQ,169.6,172.49,161.21,167.1,169.0,50833,84.32,2026-09-16
OMAXE,EQ,118.04,118.9,113.71,115.07,118.04,726110,838.63,2026-09-16
OMINFRAL,EQ,80.99,80.99,77.43,80.42,80.25,39905,31.76,2026-09-16
OMNI,EQ,543.0,549.8,527.05,539.5,540.3,284946,1533.6,2026-09-16
OMPOWER,EQ,165.35,168.19,162.1,164.82,168.2,96074,158.51,2026-09-16
ONEGLOBAL,EQ,519.1,531.2,495.0,524.75,518.5,8604,43.89,2026-09-16
ONEPOINT,EQ,57.09,58.77,55.41,56.28,56.68,1943119,1099.62,2026-09-16
ONESOURCE,EQ,1595.0,1613.6,1563.2,1596.6,1599.6,143256,2273.33,2026-09-16
ONGC,EQ,236.45,236.8,233.31,236.8,235.95,8748123,20565.94,2026-09-16
ONIDA,EQ,33.0,33.85,32.35,33.05,33.33,264250,87.33,2026-09-16
ONIXSOLAR,EQ,395.95,406.25,395.95,395.95,416.75,361158,1431.18,2026-09-16
ONWARDTEC,EQ,280.5,288.9,274.8,278.6,281.55,16389,45.6,2026-09-16
OPTIEMUS,EQ,600.0,605.0,575.0,592.85,604.95,419440,2495.82,2026-09-16
OPTIFIN,EQ,13.85,14.44,12.53,13.29,13.85,45848,6.17,2026-09-16
ORCHASP,EQ,1.68,1.71,1.54,1.6,1.58,529798,8.6,2026-09-16
ORCHPHARMA,EQ,988.0,992.75,950.2,957.5,988.2,54989,530.48,2026-09-16
ORICONENT,EQ,51.7,52.8,51.2,51.38,51.31,43753,22.57,2026-09-16
ORIENTALTL,EQ,5.03,5.11,4.95,5.0,5.02,62041,3.11,2026-09-16
ORIENTBELL,EQ,390.45,395.85,377.6,384.2,390.45,47962,184.96,2026-09-16
ORIENTCEM,EQ,122.1,122.59,120.6,121.64,121.98,731583,888.18,2026-09-16
ORIENTCER,EQ,45.26,45.97,42.5,44.82,44.79,53183,23.67,2026-09-16
ORIENTELEC,EQ,168.2,171.32,166.0,168.4,169.17,119138,199.83,2026-09-16
ORIENTHOT,EQ,138.2,139.55,135.92,138.59,138.98,1125124,1552.71,2026-09-16
ORIENTPPR,EQ,16.7,16.94,16.55,16.79,16.69,267446,44.72,2026-09-16
ORIENTTECH,EQ,242.28,245.76,230.56,233.32,242.28,241264,565.98,2026-09-16
ORIRAIL,EQ,120.2,121.9,115.1,119.85,119.03,131322,154.66,2026-09-16
ORISSAMINE,EQ,3877.9,3927.0,3795.5,3829.4,3877.9,12535,481.82,2026-09-16
ORKLAINDIA,EQ,580.0,587.9,575.0,579.8,582.3,81754,474.66,2026-09-16
ORTINGLOBE,EQ,16.63,17.38,16.01,17.25,16.62,11645,2.0,2026-09-16
OSWALAGRO,EQ,33.51,34.12,32.36,33.43,34.25,30937,10.4,2026-09-16
OSWALGREEN,EQ,19.95,20.11,18.55,19.29,19.59,294796,56.29,2026-09-16
OSWALPUMPS,EQ,276.85,276.85,266.45,269.85,275.45,273819,740.52,2026-09-16
OSWALSEEDS,EQ,16.48,16.5,14.51,14.6,15.83,531007,81.46,2026-09-16
PACEDIGITK,EQ,153.6,155.29,150.25,152.5,153.6,657267,1008.54,2026-09-16
PACIFICI,EQ,136.1,136.1,136.0,136.1,136.0,1179,1.6,2026-09-16
PAGEIND,EQ,34600.0,35035.0,34000.0,34275.0,34580.0,33484,11483.42,2026-09-16
PAISALO,EQ,82.95,85.6,81.1,84.59,84.47,20996365,17587.8,2026-09-16
PAKKA,EQ,74.85,76.0,73.5,75.15,74.85,49342,36.62,2026-09-16
PALASHSECU,EQ,89.0,89.0,88.0,88.0,88.72,14,0.01,2026-09-16
PALREDTEC,EQ,49.8,49.8,47.61,47.63,49.81,2041,0.98,2026-09-16
PANACEABIO,EQ,374.9,378.9,361.95,367.15,375.75,107394,396.3,2026-09-16
PANAMAPET,EQ,447.0,454.75,436.85,451.55,450.75,187471,839.62,2026-09-16
PANCHMAHQ,EQ,304.85,304.85,267.0,295.0,293.4,180,0.5,2026-09-16
PANORAMA,EQ,52.09,54.26,49.14,50.13,51.92,417500,214.03,2026-09-16
PANSARI,EQ,285.0,297.0,275.0,291.7,282.15,828,2.34,2026-09-16
PARACABLES,EQ,61.3,62.09,58.96,60.83,61.31,1483208,897.08,2026-09-16
PARADEEP,EQ,149.46,149.94,145.0,146.84,149.34,1898179,2786.87,2026-09-16
PARAGMILK,EQ,252.0,272.45,246.3,269.1,252.15,2510039,6553.69,2026-09-16
PARAS,EQ,1351.8,1351.8,1252.0,1318.8,1339.2,1223719,15888.74,2026-09-16
PARASPETRO,EQ,2.15,2.23,2.11,2.13,2.15,49817,1.07,2026-09-16
PARKHOSPS,EQ,278.65,281.55,273.0,276.4,279.15,858138,2379.15,2026-09-16
PARKHOTELS,EQ,107.74,108.24,105.0,105.85,106.83,132228,140.46,2026-09-16
PARNAXLAB,EQ,123.0,123.9,117.05,120.26,123.87,2002,2.42,2026-09-16
PASHUPATI,EQ,81.25,81.25,79.1,79.74,80.04,222499,178.08,2026-09-16
PASUPTAC,EQ,70.55,72.39,66.18,68.07,70.48,159716,109.65,2026-09-16
PATANJALI,EQ,339.05,367.4,337.5,365.0,338.55,28837966,102558.69,2026-09-16
PATELENG,EQ,26.09,26.21,25.38,25.62,26.08,1973986,506.99,2026-09-16
PATELRMART,EQ,206.07,209.9,201.25,202.92,207.44,144620,295.22,2026-09-16
PAUSHAKLTD,EQ,682.0,725.55,675.05,715.35,682.8,64217,449.56,2026-09-16
PAVNAIND,EQ,15.1,16.2,14.96,15.14,15.32,134895,20.72,2026-09-16
PAYTM,EQ,1830.0,1855.5,1731.1,1790.0,1730.0,15413025,274295.13,2026-09-16
PCBL,EQ,314.15,320.9,310.25,317.1,314.05,859081,2719.09,2026-09-16
PCJEWELLER,EQ,12.89,12.9,11.81,12.64,12.89,526445213,64578.1,2026-09-16
PDMJEPAPER,EQ,96.77,99.5,94.21,97.95,96.81,368391,358.14,2026-09-16
PDSL,EQ,332.15,342.0,325.15,336.65,334.25,79653,267.04,2026-09-16
PEARLPOLY,EQ,16.24,16.24,15.6,16.15,15.85,19450,3.13,2026-09-16
PENIND,EQ,167.55,168.99,162.0,166.79,167.3,496686,819.78,2026-09-16
PENINLAND,EQ,15.67,15.67,14.18,14.62,14.98,151536,22.31,2026-09-16
PERMAGN,EQ,829.0,842.35,824.7,834.8,827.7,3090,25.72,2026-09-16
PERNIASPOP,EQ,542.0,549.65,511.5,545.1,542.0,183715,985.09,2026-09-16
PERSISTENT,EQ,5522.0,5529.5,5390.5,5440.0,5477.5,412053,22408.74,2026-09-16
PETRONET,EQ,281.6,284.95,278.25,282.1,283.95,692663,1957.07,2026-09-16
PFC,EQ,344.0,349.1,343.65,346.0,344.0,6079360,21104.47,2026-09-16
PFIZER,EQ,4052.0,4080.0,3955.5,4014.4,4041.6,37281,1498.75,2026-09-16
PFOCUS,EQ,323.0,333.6,313.1,320.45,319.0,2349306,7637.07,2026-09-16
PFS,EQ,26.81,26.9,25.9,26.06,26.51,390809,102.19,2026-09-16
PGEL,EQ,515.25,527.0,513.0,523.85,518.0,768516,4010.66,2026-09-16
PGHH,EQ,7525.0,7659.0,7488.0,7611.0,7507.0,8431,639.87,2026-09-16
PGHL,EQ,5365.0,5568.0,5365.0,5460.0,5408.0,13561,746.1,2026-09-16
PGIL,EQ,1171.6,1237.0,1136.1,1179.9,1141.4,439780,5170.32,2026-09-16
PHARMABEES,EQ,26.26,27.1,26.26,26.95,26.94,3991876,1071.42,2026-09-16
PHOENIXLTD,EQ,1833.6,1864.1,1820.2,1855.0,1833.6,473466,8754.0,2026-09-16
PHOENXINTL,EQ,28.4,28.4,27.8,28.1,28.4,1778,0.5,2026-09-16
PICCADIL,EQ,584.0,597.35,572.0,593.05,585.65,178214,1042.75,2026-09-16
PIDILITIND,EQ,1521.2,1546.9,1521.2,1543.8,1521.1,573360,8830.63,2026-09-16
PIGL,EQ,99.99,106.0,97.82,101.74,99.54,75040,76.28,2026-09-16
PIIND,EQ,2255.0,2287.2,2227.2,2256.0,2255.0,160599,3630.66,2026-09-16
PILANIINVS,EQ,4090.0,4100.0,4026.9,4052.2,4081.8,3729,151.39,2026-09-16
PILITA,EQ,7.73,7.96,7.63,7.79,7.73,13479,1.04,2026-09-16
PINELABS,EQ,198.0,198.0,175.3,185.71,193.8,112454490,207241.43,2026-09-16
PIONEEREMB,EQ,22.89,22.89,20.7,21.01,20.89,14083,3.04,2026-09-16
PIRAMALFIN,EQ,2202.4,2237.2,2180.2,2201.1,2224.4,405982,8950.83,2026-09-16
PITTIENG,EQ,1107.2,1110.7,1060.0,1101.4,1109.3,136519,1483.98,2026-09-16
PIXTRANS,EQ,1739.8,1749.3,1711.6,1724.6,1734.0,9230,159.8,2026-09-16
PKTEA,EQ,1020.0,1020.0,922.2,936.95,1024.6,5082,48.39,2026-09-16
PLASTIBLEN,EQ,183.6,188.09,180.86,182.75,185.18,12425,22.78,2026-09-16
PLATIND,EQ,220.0,220.0,211.41,217.03,218.88,26600,57.27,2026-09-16
PLAZACABLE,EQ,61.38,64.0,59.82,62.51,61.38,101173,62.36,2026-09-16
PML,EQ,495.85,496.1,495.8,496.1,498.55,180,0.89,2026-09-16
PNB,EQ,114.73,117.48,114.63,116.8,114.7,18494065,21555.39,2026-09-16
PNBGILTS,EQ,76.5,80.24,74.03,77.91,76.29,627422,482.87,2026-09-16
PNBHOUSING,EQ,1143.4,1152.3,1126.9,1134.0,1145.0,988137,11242.46,2026-09-16
PNC,EQ,16.46,16.9,16.1,16.17,16.38,3026,0.49,2026-09-16
PNCINFRA,EQ,132.0,141.6,116.4,134.44,140.32,18753186,23669.63,2026-09-16
PNGJL,EQ,606.0,619.7,596.65,608.65,611.6,278105,1687.45,2026-09-16
PNGSREVA,EQ,497.55,506.5,481.7,496.95,494.2,133694,662.44,2026-09-16
POCL,EQ,435.3,468.35,427.6,452.9,435.3,1247116,5675.8,2026-09-16
PODDARMENT,EQ,275.95,279.9,265.65,267.15,270.1,1675,4.55,2026-09-16
POEL,EQ,142.35,142.35,136.11,137.47,139.45,21498,29.67,2026-09-16
POKARNA,EQ,750.0,765.8,740.0,750.5,758.25,70556,531.61,2026-09-16
POLICYBZR,EQ,1739.9,1847.0,1710.1,1827.1,1736.0,2054206,36871.52,2026-09-16
POLYCAB,EQ,8129.5,8244.0,8072.0,8121.5,8143.5,246715,20141.87,2026-09-16
POLYMED,EQ,1701.9,1716.7,1691.2,1704.6,1704.6,116363,1984.17,2026-09-16
POLYPLEX,EQ,1093.0,1100.0,1054.6,1079.7,1093.8,57907,623.99,2026-09-16
POLYSPIN,EQ,28.95,28.95,28.95,28.95,28.95,50,0.01,2026-09-16
PONNIERODE,EQ,351.8,370.45,343.1,359.55,351.8,23272,82.67,2026-09-16
POONAWALLA,EQ,434.5,434.95,428.1,432.45,434.6,679052,2932.2,2026-09-16
POWERGRID,EQ,264.1,266.35,262.8,262.8,262.8,7132902,18863.52,2026-09-16
POWERICA,EQ,536.0,547.1,516.75,540.0,532.75,112963,605.02,2026-09-16
POWERINDIA,EQ,30300.0,30400.0,29645.0,30200.0,30790.0,93574,28134.15,2026-09-16
POWERMECH,EQ,2325.1,2334.0,2278.8,2296.5,2336.4,41657,958.4,2026-09-16
PPLPHARMA,EQ,203.0,207.96,198.86,202.37,203.47,2966781,6011.19,2026-09-16
PRABHA,EQ,238.0,239.5,222.85,226.58,239.42,175244,403.46,2026-09-16
PRAENG,EQ,21.5,22.44,20.81,22.1,21.51,29615,6.41,2026-09-16
PRAJIND,EQ,318.0,318.0,310.0,314.0,318.0,414802,1298.35,2026-09-16
PRAKASH,EQ,118.0,118.9,115.01,118.48,119.49,357885,418.63,2026-09-16
PRAKASHSTL,EQ,3.82,3.82,3.57,3.74,3.56,127516,4.72,2026-09-16
PRANAV,EQ,121.0,123.7,105.6,106.81,132.0,19882781,22207.81,2026-09-16
PRASOLCHEM,EQ,610.0,671.0,601.0,671.0,676.0,2214873,14081.82,2026-09-16
PRAVEG,EQ,256.05,263.6,252.2,254.0,255.95,29166,74.32,2026-09-16
PRAXIS,EQ,4.37,4.39,4.15,4.23,4.28,84702,3.62,2026-09-16
PRECAM,EQ,113.6,114.96,111.61,112.81,113.69,126306,142.63,2026-09-16
PRECOT,EQ,643.0,660.0,643.0,654.45,656.1,586,3.81,2026-09-16
PRECWIRE,EQ,440.05,445.5,420.3,439.6,440.05,436969,1899.84,2026-09-16
PREMCO,EQ,391.35,397.0,386.95,392.05,391.35,1105,4.35,2026-09-16
PREMEXPLN,EQ,666.05,668.75,663.1,667.85,668.3,188663,1257.05,2026-09-16
PREMIERENE,EQ,940.4,944.2,888.1,899.0,945.0,3795481,34206.15,2026-09-16
PREMIERPOL,EQ,80.97,84.95,79.0,82.62,81.9,260231,211.64,2026-09-16
PRESTIGE,EQ,1418.9,1442.0,1409.1,1424.0,1417.0,498204,7130.2,2026-09-16
PRICOLLTD,EQ,740.0,751.55,721.0,744.8,740.75,291807,2153.18,2026-09-16
PRIMESECU,EQ,276.05,288.0,275.05,283.75,277.5,18774,53.04,2026-09-16
PRIMO,EQ,23.2,23.2,20.91,21.35,22.31,203469,43.66,2026-09-16
PRINCEPIPE,EQ,260.25,261.85,251.8,257.3,259.05,103383,265.39,2026-09-16
PRISMX,EQ,0.56,0.56,0.54,0.55,0.55,78577,0.43,2026-09-16
PRITI,EQ,33.52,33.52,31.0,31.96,33.52,11013,3.53,2026-09-16
PRIVISCL,EQ,3468.0,3498.7,3383.1,3480.7,3452.2,61992,2142.63,2026-09-16
PROSTARM,EQ,126.12,130.69,124.03,127.95,126.04,202291,257.59,2026-09-16
PROTEAN,EQ,488.0,500.3,484.1,485.35,488.85,257806,1265.94,2026-09-16
PROZONER,EQ,53.75,53.75,49.5,52.61,52.72,332568,171.82,2026-09-16
PRSMJOHNSN,EQ,112.4,115.8,111.05,114.54,112.14,529992,600.88,2026-09-16
PRUDENT,EQ,3232.0,3342.2,3190.2,3326.1,3251.5,14577,479.74,2026-09-16
PSB,EQ,22.35,22.45,22.11,22.25,22.38,895874,199.75,2026-09-16
PSPPROJECT,EQ,825.4,829.0,796.75,813.75,821.3,37931,308.82,2026-09-16
PSUBANK,EQ,81.95,83.05,81.88,82.8,81.95,251844,208.29,2026-09-16
PSUBANKADD,EQ,83.1,84.03,82.41,83.23,82.69,29062,24.26,2026-09-16
PSUBNKBEES,EQ,91.25,92.6,91.0,92.21,91.25,803010,737.93,2026-09-16
PSUBNKIETF,EQ,83.2,84.06,82.84,83.7,83.08,51646,43.11,2026-09-16
PTC,EQ,153.0,153.79,150.51,151.96,152.41,1795094,2731.06,2026-09-16
PTCIL,EQ,22615.0,22685.0,22120.0,22500.0,22560.0,25652,5753.48,2026-09-16
PTL,EQ,38.25,38.64,37.75,38.05,38.15,25279,9.62,2026-09-16
PUNJABCHEM,EQ,1049.5,1080.0,1020.1,1071.2,1041.2,5860,61.44,2026-09-16
PURVA,EQ,207.85,215.5,200.25,210.23,205.56,368141,766.52,2026-09-16
PVP,EQ,60.2,60.79,58.51,58.51,61.58,342199,201.3,2026-09-16
PVRINOX,EQ,1220.0,1264.0,1217.6,1254.6,1221.0,456245,5695.11,2026-09-16
PVSL,EQ,98.02,101.0,97.51,99.32,97.93,10100,9.97,2026-09-16
PVTBANIETF,EQ,27.75,28.5,27.36,27.94,27.51,1508749,416.97,2026-09-16
PVTBANK,EQ,27.23,27.45,27.15,27.41,27.28,11177,3.04,2026-09-16
PVTBANKADD,EQ,27.26,28.5,27.09,27.73,27.64,146716,41.44,2026-09-16
PVTBKGROWW,EQ,26.8,27.78,26.8,27.53,27.3,18943,5.17,2026-09-16
PWL,EQ,130.0,130.8,125.27,127.53,130.72,6610404,8400.95,2026-09-16
PYRAMID,EQ,154.96,157.0,151.5,153.93,154.96,43737,67.13,2026-09-16
QGOLDHALF,EQ,125.84,125.92,124.9,125.15,124.36,236584,296.06,2026-09-16
QNIFTY,EQ,255.0,257.0,255.0,256.39,255.81,2924,7.49,2026-09-16
QPOWER,EQ,1344.0,1422.9,1291.7,1422.9,1355.2,493456,6726.42,2026-09-16
QUADFUTURE,EQ,484.6,497.0,466.95,491.95,484.6,1127715,5472.55,2026-09-16
QUAL30IETF,EQ,20.37,20.39,20.16,20.27,20.37,123139,24.99,2026-09-16
QUALITY30,EQ,19.97,19.99,19.73,19.93,19.97,2463,0.49,2026-09-16
QUESS,EQ,344.1,345.0,328.2,342.4,342.1,373895,1263.24,2026-09-16
QUICKHEAL,EQ,161.0,164.8,151.18,157.33,158.81,346174,541.2,2026-09-16
QUINT,EQ,57.88,57.88,57.88,57.88,48.24,41492,24.02,2026-09-16
RACE,EQ,95.0,99.0,90.0,96.86,96.15,36959,35.88,2026-09-16
RACLGEAR,EQ,1755.0,1892.0,1726.5,1852.4,1755.2,258873,4687.13,2026-09-16
RADAAN,EQ,2.91,2.91,2.8,2.84,2.9,9341,0.27,2026-09-16
RADIANTCMS,EQ,38.24,39.49,36.31,38.05,35.89,649686,244.85,2026-09-16
RADICO,EQ,4338.7,4466.0,4321.6,4466.0,4360.0,278614,12274.01,2026-09-16
RADIOCITY,EQ,5.9,6.2,5.9,6.03,6.03,19490,1.18,2026-09-16
RAILTEL,EQ,255.0,255.0,248.0,252.35,252.4,487737,1227.71,2026-09-16
RAIN,EQ,196.74,202.5,191.04,199.29,196.74,4448597,8799.21,2026-09-16
RAINBOW,EQ,1449.9,1464.7,1424.5,1457.2,1453.7,55338,800.73,2026-09-16
RAJMET,EQ,3.14,3.18,3.12,3.13,3.14,123405,3.87,2026-09-16
RAJPALAYAM,EQ,760.0,770.0,755.0,760.0,759.0,2946,22.32,2026-09-16
RAJRATAN,EQ,481.0,481.0,460.6,462.95,485.1,109075,509.37,2026-09-16
RAJSREESUG,EQ,33.14,33.15,30.51,31.24,32.82,75840,23.78,2026-09-16
RAJTV,EQ,8.9,8.9,8.19,8.58,8.62,52656,4.45,2026-09-16
RALLIS,EQ,200.85,203.98,196.81,202.65,200.82,662039,1333.69,2026-09-16
RAMANEWS,EQ,31.57,31.57,30.0,30.16,30.94,13260,4.03,2026-09-16
RAMAPHO,EQ,118.5,119.49,113.86,115.18,118.86,46737,54.18,2026-09-16
RAMBHAJO,EQ,252.9,258.0,242.01,252.05,253.22,333413,825.65,2026-09-16
RAMCOCEM,EQ,859.55,868.8,849.2,863.15,859.55,270752,2331.1,2026-09-16
RAMCOIND,EQ,318.4,322.8,305.8,320.85,318.4,125109,396.59,2026-09-16
RAMCOSYS,EQ,566.9,567.8,543.95,558.65,567.8,62642,348.5,2026-09-16
RAMKY,EQ,315.0,318.0,308.85,311.75,314.8,39434,123.62,2026-09-16
RAMRAT,EQ,515.0,528.0,500.1,525.8,515.85,107130,552.98,2026-09-16
RANASUG,EQ,14.82,14.94,14.6,14.7,14.82,327889,48.21,2026-09-16
RANEHOLDIN,EQ,1650.1,1662.4,1602.6,1630.3,1669.0,7491,121.39,2026-09-16
RATEGAIN,EQ,869.0,875.0,849.85,860.95,878.65,140820,1216.9,2026-09-16
RATNAMANI,EQ,2730.0,2730.5,2615.6,2695.0,2691.4,33844,906.35,2026-09-16
RATNAVEER,EQ,280.0,294.9,275.2,286.75,289.6,11887521,33427.93,2026-09-16
RAYMOND,EQ,1000.0,1058.0,937.3,993.9,995.95,12662239,124537.46,2026-09-16
RAYMONDLSL,EQ,674.9,682.75,660.5,667.75,672.65,162589,1088.99,2026-09-16
RAYMONDREL,EQ,583.0,593.85,561.1,565.35,584.0,510026,2920.55,2026-09-16
RBA,EQ,95.23,96.58,93.1,95.83,95.23,2492691,2367.13,2026-09-16
RBLBANK,EQ,404.8,406.7,395.95,404.0,403.6,2607366,10460.42,2026-09-16
RCF,EQ,109.15,109.85,107.27,108.77,108.59,1035985,1124.82,2026-09-16
RECLTD,EQ,308.7,315.5,308.7,312.65,308.5,4651938,14570.06,2026-09-16
REDINGTON,EQ,378.95,389.9,371.2,388.15,378.95,5640367,21670.09,2026-09-16
REDTAPE,EQ,123.0,126.38,115.92,117.34,120.87,2138900,2547.48,2026-09-16
REFEX,EQ,265.55,269.95,258.1,260.9,265.85,260006,683.77,2026-09-16
REGAAL,EQ,79.96,81.01,77.71,80.59,79.72,120947,96.21,2026-09-16
REGENCERAM,EQ,34.0,34.9,32.0,33.1,34.0,2640,0.87,2026-09-16
RELAXO,EQ,318.0,318.45,309.15,311.4,317.15,255746,800.09,2026-09-16
RELCHEMQ,EQ,123.71,129.4,115.27,116.66,120.7,42380,52.24,2026-09-16
RELIABLE,EQ,136.4,137.45,133.61,136.05,134.92,57475,78.29,2026-09-16
RELIANCE,EQ,1243.0,1255.0,1240.0,1240.0,1235.3,10023997,125268.26,2026-09-16
RELIGARE,EQ,246.21,250.39,243.4,247.65,247.55,443966,1095.34,2026-09-16
RELTD,EQ,148.2,150.99,143.41,147.96,148.9,58078,85.0,2026-09-16
REMSONSIND,EQ,92.13,94.53,88.48,92.34,92.13,72102,66.02,2026-09-16
RENUKA,EQ,23.54,23.54,22.4,23.01,23.49,12297730,2806.9,2026-09-16
REPCOHOME,EQ,348.5,351.95,340.65,346.7,348.75,69215,238.79,2026-09-16
REPRO,EQ,290.05,306.6,288.1,297.95,296.4,20159,59.34,2026-09-16
RESPONIND,EQ,162.54,164.0,158.06,161.57,160.82,394977,639.06,2026-09-16
RETAIL,EQ,17.39,17.4,16.32,16.78,17.76,3489,0.58,2026-09-16
RGL,EQ,149.29,153.79,146.4,149.5,151.77,585544,874.42,2026-09-16
RHETAN,EQ,21.67,21.67,21.67,21.67,22.81,118798,25.74,2026-09-16
RHIM,EQ,361.7,366.7,360.5,363.6,361.6,123204,447.66,2026-09-16
RHL,EQ,170.0,177.95,170.0,173.24,175.23,807,1.42,2026-09-16
RICOAUTO,EQ,129.45,129.45,123.62,125.86,128.58,903568,1140.82,2026-09-16
RIIL,EQ,701.0,708.95,681.0,693.65,697.25,38754,268.35,2026-09-16
RIR,EQ,172.0,184.0,164.11,179.77,171.5,1024742,1818.48,2026-09-16
RISHABH,EQ,780.0,786.55,726.5,758.55,779.5,371434,2783.61,2026-09-16
RITCO,EQ,292.35,299.5,280.1,294.75,291.35,80345,232.0,2026-09-16
RITES,EQ,206.53,207.9,202.92,204.92,206.53,282038,577.67,2026-09-16
RKDL,EQ,18.59,18.59,17.49,17.94,18.0,17578,3.13,2026-09-16
RKEC,EQ,19.25,19.94,18.45,19.01,19.43,42803,8.09,2026-09-16
RKFORGE,EQ,684.0,693.9,659.1,688.8,688.2,507925,3444.02,2026-09-16
RKSWAMY,EQ,91.0,91.7,87.91,88.33,89.46,32265,28.71,2026-09-16
RMC,EQ,202.0,208.32,194.1,206.41,201.09,40032,80.71,2026-09-16
RML,EQ,1320.0,1320.0,1229.8,1268.1,1306.5,72986,918.76,2026-09-16
ROHLTD,EQ,300.1,300.35,292.0,296.1,298.5,12894,38.17,2026-09-16
ROLEXRINGS,EQ,166.43,169.7,160.74,168.53,166.47,952108,1580.25,2026-09-16
ROML,EQ,42.02,43.4,40.61,41.27,43.0,1543,0.64,2026-09-16
ROSSARI,EQ,435.4,441.45,428.3,437.8,435.4,57741,251.48,2026-09-16
ROSSELLIND,EQ,56.0,57.44,54.65,55.35,56.65,18235,10.11,2026-09-16
ROSSTECH,EQ,1270.0,1420.0,1219.5,1349.9,1265.4,3386100,45880.35,2026-09-16
ROTO,EQ,63.32,63.32,60.15,62.13,63.01,267153,164.91,2026-09-16
ROUTE,EQ,484.9,488.1,471.3,480.7,481.9,283400,1359.3,2026-09-16
RPEL,EQ,1648.0,1648.0,1507.2,1547.0,1622.4,244936,3809.19,2026-09-16
RPGLIFE,EQ,2691.1,2760.0,2630.5,2739.1,2718.8,14164,384.72,2026-09-16
RPOWER,EQ,21.03,21.18,20.51,20.78,21.03,18909477,3927.43,2026-09-16
RPPINFRA,EQ,55.25,55.5,53.0,53.56,54.72,98351,53.08,2026-09-16
RPSGVENT,EQ,824.05,840.05,820.0,823.7,829.35,13165,108.85,2026-09-16
RPTECH,EQ,801.0,814.35,768.2,794.45,797.35,308029,2415.1,2026-09-16
RRECL,EQ,124.0,136.0,124.0,135.57,123.7,707,0.93,2026-09-16
RRIL,EQ,15.38,16.65,15.38,16.23,15.94,10727,1.72,2026-09-16
RRKABEL,EQ,2398.9,2454.0,2340.2,2397.4,2381.3,456841,11008.61,2026-09-16
RSL,EQ,181.0,184.25,171.41,180.84,181.63,510807,915.89,2026-09-16
RSSOFTWARE,EQ,29.6,30.2,29.52,29.92,29.6,27506,8.21,2026-09-16
RSYSTEMS,EQ,240.47,244.9,235.37,240.74,240.47,140217,337.59,2026-09-16
RTNINDIA,EQ,27.14,27.14,26.51,26.74,27.01,2671333,717.92,2026-09-16
RTNPOWER,EQ,6.99,7.22,6.96,7.03,6.99,29119691,2060.06,2026-09-16
RTSPOWR,EQ,91.6,93.0,68.88,83.72,86.1,2735,2.38,2026-09-16
RUBFILA,EQ,64.64,67.0,62.25,65.04,63.56,70501,45.85,2026-09-16
RUBICON,EQ,1802.0,1812.3,1712.1,1766.7,1815.6,415964,7290.54,2026-09-16
RUBYMILLS,EQ,427.15,468.65,398.4,462.1,432.4,90742,401.94,2026-09-16
RUCHINFRA,EQ,5.51,5.51,5.16,5.22,5.41,73373,3.92,2026-09-16
RUCHIRA,EQ,105.5,108.38,105.5,107.28,105.44,23506,25.2,2026-09-16
RUDRA,EQ,20.79,20.79,19.85,20.08,20.16,59486,12.01,2026-09-16
RUPA,EQ,134.0,134.01,130.0,132.08,133.49,117220,154.13,2026-09-16
RUSHIL,EQ,15.59,15.85,15.06,15.33,15.59,380720,58.32,2026-09-16
RUSTOMJEE,EQ,340.9,340.9,333.55,338.35,339.45,33205,112.28,2026-09-16
RVHL,EQ,39.35,39.55,38.2,39.43,39.16,2490,0.97,2026-09-16
RVNL,EQ,199.05,200.19,195.15,197.5,199.0,4733889,9342.97,2026-09-16
RVTH,EQ,680.5,680.5,651.0,663.0,680.5,854,5.76,2026-09-16
S&SPOWER,EQ,344.9,344.9,316.25,321.35,332.85,2830,9.05,2026-09-16
SAATVIKGL,EQ,428.5,428.5,404.0,413.25,389.55,1244363,5180.76,2026-09-16
SADBHAV,EQ,7.79,7.79,7.45,7.6,7.67,137386,10.38,2026-09-16
SADBHIN,EQ,2.42,2.59,2.42,2.55,2.47,162598,4.12,2026-09-16
SAFARI,EQ,1526.2,1535.0,1495.0,1520.5,1532.1,31277,474.4,2026-09-16
SAGARDEEP,EQ,23.66,24.14,23.2,23.81,23.65,1209,0.28,2026-09-16
SAGCEM,EQ,146.8,148.74,141.52,147.99,146.8,59078,85.55,2026-09-16
SAGILITY,EQ,45.93,46.2,44.75,45.02,45.6,11752528,5318.8,2026-09-16
SAHLIBHFI,EQ,79.9,79.9,75.0,78.94,77.91,18065,14.04,2026-09-16
SAHYADRI,EQ,366.25,376.7,355.0,361.3,363.15,8746,31.68,2026-09-16
SAICAPI,EQ,167.0,167.0,152.05,158.84,154.5,832,1.33,2026-09-16
SAIL,EQ,173.79,174.9,170.5,173.55,173.0,9871840,17094.31,2026-09-16
SAILIFE,EQ,1539.8,1557.8,1494.4,1539.1,1541.5,801004,12257.88,2026-09-16
SAIPARENT,EQ,511.3,519.0,491.25,516.45,506.35,101958,515.56,2026-09-16
SAKAR,EQ,1137.0,1143.9,1042.7,1105.4,1137.55,164430,1792.1,2026-09-16
SAKHTISUG,EQ,19.38,19.38,18.31,18.53,18.95,116936,21.74,2026-09-16
SAKSOFT,EQ,142.29,143.21,137.62,141.18,142.25,225685,316.55,2026-09-16
SAKUMA,EQ,1.58,1.59,1.54,1.56,1.56,511864,7.97,2026-09-16
SALASAR,EQ,4.78,4.97,4.72,4.93,4.81,5331409,259.59,2026-09-16
SALONA,EQ,255.9,264.9,250.1,264.0,257.15,1163,3.04,2026-09-16
SALSTEEL,EQ,70.15,74.62,67.6,74.62,71.07,575115,405.56,2026-09-16
SALZERELEC,EQ,532.55,573.95,520.0,557.85,531.45,196809,1090.97,2026-09-16
SAMBANDAM,EQ,109.42,109.42,106.25,106.27,111.65,400,0.43,2026-09-16
SAMBHAAV,EQ,5.85,5.98,5.63,5.89,5.67,13015,0.76,2026-09-16
SAMBHV,EQ,129.55,130.27,123.75,128.4,128.96,2221545,2820.28,2026-09-16
SAMHI,EQ,152.05,164.0,149.0,160.27,152.73,4543499,7242.22,2026-09-16
SAMMAANCAP,EQ,142.1,143.28,139.96,142.19,141.96,4885236,6919.37,2026-09-16
SAMPANN,EQ,24.37,24.65,23.7,24.28,23.91,7222,1.74,2026-09-16
SANATHAN,EQ,460.0,461.35,443.05,454.05,461.4,95303,430.93,2026-09-16
SANDESH,EQ,1010.0,1051.0,997.0,1032.3,1018.8,1115,11.41,2026-09-16
SANDHAR,EQ,616.35,616.35,577.0,583.25,610.35,313788,1851.53,2026-09-16
SANDUMA,EQ,182.34,183.49,178.2,180.6,181.98,619561,1120.43,2026-09-16
SANGAMIND,EQ,559.3,575.55,557.8,566.55,565.65,9376,52.95,2026-09-16
SANGHVIMOV,EQ,403.7,411.0,395.3,408.25,401.5,277691,1122.83,2026-09-16
SANOFI,EQ,3131.0,3149.0,3081.0,3111.2,3131.0,18139,564.64,2026-09-16
SANOFICONR,EQ,4012.1,4039.3,3971.0,3990.4,4055.3,1967,78.65,2026-09-16
SANSERA,EQ,3870.4,3981.9,3800.0,3971.2,3871.7,229404,8990.89,2026-09-16
SANSTAR,EQ,111.5,114.77,107.21,112.81,110.76,194156,216.69,2026-09-16
SAPPHIRE,EQ,223.0,226.0,219.92,223.32,222.37,241465,537.64,2026-09-16
SAPPL,EQ,299.75,299.75,271.05,274.65,287.6,575,1.58,2026-09-16
SARDAEN,EQ,501.0,503.0,491.6,497.35,501.35,279078,1386.53,2026-09-16
SAREGAMA,EQ,485.5,498.0,475.2,486.55,485.5,380888,1857.59,2026-09-16
SARLAPOLY,EQ,96.8,98.75,93.5,95.22,96.7,78562,74.71,2026-09-16
SARVESHWAR,EQ,3.79,3.87,3.67,3.79,3.85,1724587,64.39,2026-09-16
SASKEN,EQ,1701.6,1736.8,1650.1,1681.5,1722.2,27960,473.0,2026-09-16
SATIA,EQ,66.17,68.5,65.33,68.11,66.51,101252,67.88,2026-09-16
SATIN,EQ,214.75,219.4,210.0,217.88,214.88,208980,448.41,2026-09-16
SAURASHCEM,EQ,52.8,55.88,51.8,52.33,53.03,122216,64.22,2026-09-16
SAYAJIHOTL,EQ,326.0,329.25,315.1,319.1,322.7,104,0.33,2026-09-16
SAYAJIIND,EQ,109.51,113.0,109.0,113.0,113.51,1049,1.15,2026-09-16
SBC,EQ,47.7,48.0,45.75,47.63,47.73,9128975,4299.76,2026-09-16
SBCL,EQ,1020.0,1070.9,957.1,1057.0,1020.2,529492,5402.54,2026-09-16
SBFC,EQ,94.44,95.24,92.43,93.66,94.43,611434,570.47,2026-09-16
SBGLP,EQ,21.11,22.01,20.0,21.49,21.33,39935,8.43,2026-09-16
SBIBPB,EQ,47.71,48.94,47.53,48.27,47.72,57633,27.65,2026-09-16
SBICARD,EQ,619.75,629.3,612.6,618.1,618.6,1306832,8069.74,2026-09-16
SBIETFCON,EQ,118.47,118.47,116.77,117.78,116.86,5383,6.32,2026-09-16
SBIETFIT,EQ,328.71,329.4,322.0,322.23,328.26,2435,7.9,2026-09-16
SBIETFPB,EQ,282.29,282.29,277.09,279.3,277.5,9739,27.11,2026-09-16
SBIETFQLTY,EQ,214.05,214.46,211.88,213.75,214.04,1690,3.6,2026-09-16
SBIFUNDS,EQ,537.0,537.5,525.3,530.1,536.5,941906,5001.58,2026-09-16
SBILIFE,EQ,1656.4,1705.0,1656.4,1697.9,1654.1,835034,14064.28,2026-09-16
SBILIQETF,EQ,1056.09,1056.09,1056.07,1056.07,1055.95,247158,2610.16,2026-09-16
SBIMIDMOM,EQ,61.8,63.67,60.93,62.01,61.85,7808,4.81,2026-09-16
SBIN,EQ,976.0,991.4,973.2,991.4,968.0,8609956,84799.81,2026-09-16
SBINEQWETF,EQ,32.33,32.47,32.02,32.21,32.24,74112,23.86,2026-09-16
SBINMID150,EQ,22.46,22.58,22.21,22.48,22.35,15025,3.36,2026-09-16
SBISILVER,EQ,223.19,224.75,223.19,224.07,220.12,859266,1925.49,2026-09-16
SBISMLETF,EQ,18.15,18.29,17.55,17.9,17.98,58946,10.45,2026-09-16
SBIVALETF,EQ,14.28,14.45,14.21,14.35,14.28,12811,1.84,2026-09-16
SCHAEFFLER,EQ,3916.4,3955.5,3818.1,3898.9,3916.4,33996,1320.99,2026-09-16
SCHAND,EQ,133.07,134.66,127.73,133.28,133.74,41303,54.34,2026-09-16
SCHNEIDER,EQ,1193.1,1215.0,1169.1,1198.6,1193.1,304100,3636.32,2026-09-16
SCI,EQ,269.05,274.0,262.8,266.9,269.05,1491512,3980.71,2026-09-16
SCILAL,EQ,37.88,37.99,36.8,37.91,37.34,180889,67.9,2026-09-16
SCODATUBES,EQ,126.24,126.24,118.6,124.34,126.23,232154,285.09,2026-09-16
SDBL,EQ,67.8,68.0,66.1,67.29,68.13,474100,318.55,2026-09-16
SEAMECLTD,EQ,1736.0,1736.0,1660.0,1701.6,1736.9,84964,1446.06,2026-09-16
SECMARK,EQ,134.0,160.25,133.9,143.74,142.98,9748,14.3,2026-09-16
SECURKLOUD,EQ,16.89,17.5,16.2,17.06,16.78,57998,9.82,2026-09-16
SEDEMAC,EQ,2963.8,3151.9,2896.9,3122.4,2950.7,279820,8495.43,2026-09-16
SEIL,EQ,187.24,193.43,178.4,189.33,190.09,377063,698.19,2026-09-16
SEJALLTD,EQ,625.5,649.25,587.45,649.25,618.35,112760,697.53,2026-09-16
SEKURITIND,EQ,108.0,108.9,106.0,107.25,106.86,17097,18.39,2026-09-16
SELECTIPO,EQ,47.9,47.9,46.54,47.35,47.34,63204,29.72,2026-09-16
SEMAC,EQ,272.0,272.0,261.05,269.0,269.0,202,0.54,2026-09-16
SENCO,EQ,337.9,337.95,325.65,332.25,336.4,473765,1567.37,2026-09-16
SENORES,EQ,1424.2,1425.0,1355.6,1376.9,1416.1,222954,3090.29,2026-09-16
SENSEXADD,EQ,76.82,77.0,76.53,76.9,76.77,496,0.38,2026-09-16
SENSEXAXIS,EQ,77.26,77.52,76.75,77.33,77.2,3236,2.5,2026-09-16
SENSEXBETA,EQ,818.0,827.64,813.89,818.38,824.0,3936,32.47,2026-09-16
SENSEXETF,EQ,75.09,77.04,75.09,76.84,76.63,13863,10.65,2026-09-16
SENSEXIETF,EQ,858.19,858.69,852.86,856.15,853.91,65446,560.36,2026-09-16
SEPC,EQ,5.1,5.19,5.0,5.11,5.12,6615229,337.17,2026-09-16
SERVOTECH,EQ,72.68,75.8,71.0,73.24,72.86,897042,657.98,2026-09-16
SESHAPAPER,EQ,243.4,248.08,239.12,246.72,242.8,35200,86.05,2026-09-16
SETF10GILT,EQ,263.0,263.0,261.09,262.49,263.75,6229,16.3,2026-09-16
SETFGOLD,EQ,128.51,128.98,128.29,128.88,127.57,3186743,4103.19,2026-09-16
SETFNIF50,EQ,251.88,252.0,248.6,250.64,250.09,674626,1690.61,2026-09-16
SETFNIFBK,EQ,570.35,579.48,570.35,577.41,575.11,12979,74.91,2026-09-16
SETFNN50,EQ,759.57,760.05,748.3,758.2,756.99,39694,299.99,2026-09-16
SETL,EQ,422.55,422.55,422.55,422.55,444.75,64549,272.75,2026-09-16
SFL,EQ,662.0,675.7,659.0,663.05,668.25,158561,1053.05,2026-09-16
SGFIN,EQ,629.0,636.0,600.0,618.2,629.75,226905,1397.77,2026-09-16
SGIL,EQ,585.0,594.2,565.9,581.5,590.9,5232,30.36,2026-09-16
SGL,EQ,10.02,10.02,9.4,9.64,9.82,5093,0.5,2026-09-16
SGLRES,EQ,2.4,2.46,2.33,2.44,2.35,14193,0.34,2026-09-16
SGMART,EQ,716.0,739.95,678.1,697.65,722.1,699054,4863.19,2026-09-16
SGRL,EQ,663.8,665.95,630.0,648.65,657.6,14381,93.15,2026-09-16
SHADOWFAX,EQ,242.45,247.5,236.0,243.75,241.15,2089926,5083.46,2026-09-16
SHAH,EQ,3.39,3.4,3.31,3.34,3.35,822276,27.57,2026-09-16
SHAILY,EQ,3180.0,3180.0,3040.0,3097.3,3181.8,129716,4010.88,2026-09-16
SHAKTIPUMP,EQ,472.15,474.2,455.0,463.9,474.2,711934,3299.39,2026-09-16
SHALBY,EQ,137.21,138.54,131.81,135.74,137.21,244848,328.35,2026-09-16
SHANKARA,EQ,147.51,149.82,147.51,149.24,149.83,42998,64.01,2026-09-16
SHANKESH,EQ,95.96,95.99,87.31,89.55,94.35,5412485,4876.01,2026-09-16
SHANTI,EQ,6.17,6.3,5.9,6.06,6.1,17273,1.04,2026-09-16
SHANTIGEAR,EQ,660.4,713.0,645.3,691.6,679.25,212317,1449.33,2026-09-16
SHANTIGOLD,EQ,247.9,253.99,238.82,243.95,247.89,1104713,2701.08,2026-09-16
SHARDACROP,EQ,754.4,758.75,740.05,745.5,753.4,127529,954.63,2026-09-16
SHARDAMOTR,EQ,933.15,938.9,902.15,930.55,933.15,82323,756.54,2026-09-16
SHAREINDIA,EQ,197.8,199.8,188.05,196.05,197.2,1855814,3580.58,2026-09-16
SHARIABEES,EQ,443.56,444.0,438.15,439.4,442.09,5901,25.96,2026-09-16
SHBAJRG,EQ,156.0,156.0,147.98,151.35,153.96,1514,2.29,2026-09-16
SHERVANI,EQ,350.1,350.1,332.0,332.0,349.5,33,0.12,2026-09-16
SHILCTECH,EQ,4119.8,4150.0,3964.7,4016.5,4078.3,12222,492.79,2026-09-16
SHILGRAVQ,EQ,163.25,163.25,153.05,154.88,159.62,811,1.27,2026-09-16
SHILPAMED,EQ,909.9,945.0,874.85,928.05,911.9,1187365,10818.04,2026-09-16
SHINDL,EQ,160.12,164.39,160.0,163.05,161.48,128760,209.3,2026-09-16
SHIPROCKET,EQ,126.95,128.33,120.31,123.66,127.82,9635180,11871.94,2026-09-16
SHIVAAGRO,EQ,37.72,41.0,36.5,39.89,37.9,1518,0.59,2026-09-16
SHIVACEM,EQ,15.61,16.02,15.3,15.5,15.89,89358,13.93,2026-09-16
SHIVALIK,EQ,355.7,406.55,341.85,389.15,353.9,289347,1098.15,2026-09-16
SHIVAMAUTO,EQ,16.54,16.9,16.1,16.33,16.54,28408,4.67,2026-09-16
SHIVAMILLS,EQ,61.9,61.9,58.21,59.86,61.12,379,0.22,2026-09-16
SHIVATEX,EQ,178.15,182.0,171.29,177.7,180.5,17665,31.44,2026-09-16
SHIVAUM,EQ,475.8,475.8,469.0,469.0,470.0,1900,8.93,2026-09-16
SHK,EQ,135.05,135.95,131.0,133.42,135.89,600690,800.92,2026-09-16
SHOPERSTOP,EQ,398.35,400.9,381.15,395.3,398.5,70172,274.08,2026-09-16
SHRADDHA,EQ,156.5,156.5,144.53,152.97,151.89,3646,5.49,2026-09-16
SHRADHA,EQ,33.88,34.9,30.51,31.49,29.97,107995,35.03,2026-09-16
SHREDIGCEM,EQ,66.0,67.5,65.0,66.19,65.87,85455,56.5,2026-09-16
SHREECEM,EQ,21970.0,22235.0,21665.0,21795.0,21905.0,21233,4642.2,2026-09-16
SHREEJISPG,EQ,682.0,694.35,655.75,690.2,684.0,809303,5496.62,2026-09-16
SHREEPUSHK,EQ,501.45,514.85,482.0,506.95,501.45,123748,619.26,2026-09-16
SHREERAMA,EQ,44.97,44.97,43.5,43.98,44.23,53787,23.77,2026-09-16
SHREYANIND,EQ,126.17,128.0,124.0,127.48,126.17,2846,3.6,2026-09-16
SHRIKRISH,EQ,34.23,34.23,33.85,34.0,34.22,23,0.01,2026-09-16
SHRINGARMS,EQ,212.25,217.0,205.17,209.49,211.05,236182,493.9,2026-09-16
SHRIPISTON,EQ,4243.1,4353.8,4150.0,4309.3,4275.4,62702,2671.09,2026-09-16
SHRIRAMFIN,EQ,979.0,990.3,972.6,979.0,979.8,7221528,70667.58,2026-09-16
SHRIRAMPPS,EQ,70.02,71.39,69.25,70.57,70.41,363848,256.35,2026-09-16
SHRJAGP,EQ,655.0,655.0,636.0,637.15,641.45,298,1.92,2026-09-16
SHUKRAPHAR,EQ,56.25,56.25,52.33,54.6,55.27,2286024,1235.11,2026-09-16
SHYAMMETL,EQ,1050.0,1063.3,1019.0,1048.0,1050.5,155947,1624.72,2026-09-16
SHYAMTEL,EQ,11.19,11.22,10.32,11.2,11.2,2765,0.29,2026-09-16
SICAGEN,EQ,55.55,55.55,51.67,52.41,53.98,13515,7.12,2026-09-16
SIEL,EQ,32.98,32.98,31.5,31.5,31.5,60,0.02,2026-09-16
SIEMENS,EQ,3764.0,3799.3,3682.4,3742.0,3770.0,132688,4972.37,2026-09-16
SIGACHI,EQ,32.0,32.26,29.81,31.16,31.51,5298985,1632.54,2026-09-16
SIGMA,EQ,44.0,46.49,41.21,45.6,44.9,306226,133.09,2026-09-16
SIGNATURE,EQ,754.6,761.3,742.85,752.5,751.15,185649,1403.69,2026-09-16
SIGNPOST,EQ,264.65,271.2,255.1,263.55,264.65,64789,169.48,2026-09-16
SIKA,EQ,1026.55,1085.7,993.6,1052.2,1040.05,62044,645.93,2026-09-16
SIL,EQ,17.7,18.0,16.32,16.52,17.6,80915,13.55,2026-09-16
SILGO,EQ,68.99,71.57,68.66,71.04,69.08,40113,28.12,2026-09-16
SILINV,EQ,445.0,452.0,436.55,440.1,444.95,1033,4.58,2026-09-16
SILVER,EQ,227.49,228.96,227.49,228.18,224.06,736262,1680.65,2026-09-16
SILVER001,EQ,24.2,24.2,22.89,23.12,23.0,2914,0.68,2026-09-16
SILVER1,EQ,22.11,22.31,22.1,22.2,21.78,18529177,4119.01,2026-09-16
SILVER360,EQ,224.3,226.1,224.15,225.16,222.74,32081,72.25,2026-09-16
SILVERADD,EQ,22.0,22.12,21.92,22.04,21.61,4462291,983.81,2026-09-16
SILVERAG,EQ,220.0,223.36,220.0,222.76,218.62,249835,556.31,2026-09-16
SILVERAXIS,EQ,226.38,227.95,226.38,227.04,223.1,2272938,5166.56,2026-09-16
SILVERBEES,EQ,217.77,219.28,217.77,218.46,214.67,14593538,31912.17,2026-09-16
SILVERBETA,EQ,219.26,221.41,219.26,220.69,216.69,428878,946.47,2026-09-16
SILVERBND,EQ,227.7,229.99,227.7,229.24,224.95,31333,71.81,2026-09-16
SILVERCASE,EQ,23.05,23.24,23.0,23.16,22.74,9484959,2197.17,2026-09-16
SILVERIETF,EQ,227.9,228.9,227.49,228.08,223.94,1819854,4153.51,2026-09-16
SILVERTUC,EQ,151.7,157.0,148.85,153.05,149.66,370310,570.51,2026-09-16
SIMPLEXINF,EQ,240.6,250.2,233.05,248.85,242.85,165011,401.59,2026-09-16
SIMPLXREA,EQ,126.01,126.01,126.01,126.01,132.27,2,0.0,2026-09-16
SINCLAIR,EQ,78.51,79.9,77.1,77.92,78.41,22330,17.36,2026-09-16
SINDHUTRAD,EQ,23.53,23.97,22.8,23.35,23.53,608340,141.91,2026-09-16
SINGERIND,EQ,75.96,78.5,71.42,77.2,74.98,110528,82.78,2026-09-16
SINTERCOM,EQ,75.12,79.0,73.3,75.32,75.05,2902,2.16,2026-09-16
SIRCA,EQ,419.0,420.95,399.8,403.25,418.15,225976,916.85,2026-09-16
SIS,EQ,418.4,426.85,410.65,415.9,414.9,461513,1945.92,2026-09-16
SIYSIL,EQ,521.05,529.35,508.35,516.05,520.95,41973,217.4,2026-09-16
SJS,EQ,2312.0,2334.3,2241.7,2297.2,2311.7,97320,2218.32,2026-09-16
SJVN,EQ,64.55,64.55,63.2,64.06,64.58,1560643,996.6,2026-09-16
SKFINDIA,EQ,1501.0,1554.8,1488.0,1546.3,1508.5,61886,946.14,2026-09-16
SKFINDUS,EQ,2840.0,2964.9,2802.4,2943.0,2833.8,51270,1494.14,2026-09-16
SKIPPER,EQ,533.0,534.55,513.7,522.65,534.15,661514,3458.48,2026-09-16
SKMEGGPROD,EQ,232.95,234.05,224.1,229.6,231.9,247841,564.69,2026-09-16
SKYGOLD,EQ,791.35,824.35,774.8,792.6,789.4,704650,5604.99,2026-09-16
SKYWAYS,EQ,111.74,114.5,108.54,113.42,111.29,1867585,2089.06,2026-09-16
SMALL250,EQ,18.42,18.42,17.57,17.9,17.98,1668162,297.81,2026-09-16
SMALLADD,EQ,18.2,18.47,17.67,17.99,18.11,292045,52.49,2026-09-16
SMALLCAP,EQ,47.76,47.98,46.67,47.65,47.76,4252598,2011.46,2026-09-16
SMALLGROWW,EQ,47.85,48.18,46.85,47.62,47.85,7786,3.68,2026-09-16
SMALLIETF,EQ,17.98,18.25,17.6,17.93,17.98,104207,18.62,2026-09-16
SMARTWORKS,EQ,521.0,525.0,503.3,520.2,518.7,69624,359.66,2026-09-16
SMCGLOBAL,EQ,81.93,82.04,78.83,80.57,81.94,959934,773.76,2026-09-16
SML100CASE,EQ,11.32,11.32,10.81,11.01,11.05,4609641,507.26,2026-09-16
SMLMAH,EQ,6200.0,6229.5,5941.5,5971.5,6254.0,83297,5005.14,2026-09-16
SMLT,EQ,63.7,63.7,58.25,59.88,62.18,16782,10.05,2026-09-16
SMSPHARMA,EQ,410.2,413.35,393.25,402.95,410.15,802591,3226.41,2026-09-16
SNOWMAN,EQ,36.39,36.39,34.15,34.54,35.03,128926,44.65,2026-09-16
SNXT30BEES,EQ,41.78,41.78,41.21,41.62,41.38,31627,13.11,2026-09-16
SNXT50BETA,EQ,93.0,93.0,91.0,92.99,93.0,1859,1.71,2026-09-16
SOBHA,EQ,1190.0,1194.7,1173.1,1181.8,1192.7,77935,923.17,2026-09-16
SOFTTECH,EQ,485.0,485.0,451.25,476.9,474.95,9640,44.9,2026-09-16
SOLARA,EQ,715.0,730.0,669.0,711.5,715.8,730185,5096.09,2026-09-16
SOLARINDS,EQ,19400.0,19460.0,18480.0,18900.0,19250.0,525092,98869.27,2026-09-16
SOLARWORLD,EQ,132.0,135.0,128.16,133.76,131.42,273416,360.91,2026-09-16
SOLEX,EQ,674.2,675.05,652.05,657.65,668.9,20235,133.64,2026-09-16
SOMANYCERA,EQ,542.55,561.9,529.65,555.15,550.8,103578,566.8,2026-09-16
SOMATEX,EQ,83.25,83.74,79.25,80.58,81.62,3656,2.96,2026-09-16
SOMICONVEY,EQ,90.69,97.5,89.01,94.11,91.01,28525,26.57,2026-09-16
SONACOMS,EQ,780.6,794.65,767.0,768.0,790.0,2589871,20043.62,2026-09-16
SONAL,EQ,86.05,87.0,86.05,86.11,90.5,145,0.12,2026-09-16
SONATSOFTW,EQ,287.95,289.0,274.1,276.9,281.3,2111366,5903.01,2026-09-16
SOTL,EQ,689.0,702.45,670.0,694.4,688.3,213789,1475.16,2026-09-16
SOUTHBANK,EQ,45.22,45.89,44.54,45.19,45.0,9001848,4061.34,2026-09-16
SOUTHWEST,EQ,201.0,203.24,193.72,198.58,201.59,286651,568.54,2026-09-16
SPAL,EQ,980.0,986.9,939.4,974.9,973.8,65492,628.9,2026-09-16
SPANDANA,EQ,227.0,229.39,222.35,225.8,226.96,152012,342.45,2026-09-16
SPARC,EQ,188.0,190.81,182.0,185.59,188.0,673294,1248.46,2026-09-16
SPCENET,EQ,3.34,3.4,3.23,3.24,3.27,474492,15.48,2026-09-16
SPENCERS,EQ,27.94,28.48,27.01,28.21,27.94,18839,5.22,2026-09-16
SPIC,EQ,67.39,67.63,65.1,66.83,67.38,460572,305.88,2026-09-16
SPLIL,EQ,29.6,30.2,29.01,29.57,28.84,7018,2.08,2026-09-16
SPLPETRO,EQ,789.35,798.0,769.3,792.7,789.35,175117,1369.7,2026-09-16
SPMLINFRA,EQ,169.05,173.0,163.54,172.03,168.47,122560,206.5,2026-09-16
SPORTKING,EQ,201.0,203.6,196.22,200.96,201.01,252465,507.04,2026-09-16
SRD,EQ,39.59,40.19,38.73,40.09,39.3,45265,18.03,2026-09-16
SRF,EQ,2457.5,2508.5,2444.5,2480.1,2455.2,159810,3974.02,2026-09-16
SRGHFL,EQ,126.4,138.2,126.4,126.4,140.4,350276,450.04,2026-09-16
SRHHYPOLTD,EQ,507.0,512.75,490.2,509.7,497.4,17233,86.76,2026-09-16
SRM,EQ,421.3,429.2,406.35,419.8,419.9,91640,382.49,2026-09-16
SRTL,EQ,37.51,37.8,36.56,36.86,37.55,15004,5.56,2026-09-16
SSDL,EQ,60.22,62.0,59.2,59.7,60.22,11507,6.94,2026-09-16
SSWL,EQ,340.8,354.0,326.0,350.05,339.0,1772756,6038.33,2026-09-16
STANLEY,EQ,134.37,136.49,134.37,135.72,135.02,88725,119.95,2026-09-16
STAR,EQ,1153.4,1192.0,1102.0,1183.9,1150.6,398309,4579.09,2026-09-16
STARCEMENT,EQ,184.93,187.89,183.6,187.3,184.93,254340,471.85,2026-09-16
STARHEALTH,EQ,540.8,549.45,531.05,545.7,540.8,589994,3197.61,2026-09-16
STARPAPER,EQ,163.99,169.5,160.0,161.46,160.27,10208,16.66,2026-09-16
STARTECK,EQ,240.05,244.0,233.1,236.8,238.9,21,0.05,2026-09-16
STCINDIA,EQ,112.6,112.6,110.1,111.08,111.26,11187,12.45,2026-09-16
STEELCAS,EQ,309.0,314.65,292.2,299.25,312.75,290998,875.44,2026-09-16
STEELCITY,EQ,87.86,87.86,84.1,85.25,86.12,6573,5.6,2026-09-16
STEELXIND,EQ,11.34,11.6,10.9,11.07,11.44,6088018,676.03,2026-09-16
STEL,EQ,597.05,605.0,596.0,602.05,597.9,4630,27.79,2026-09-16
STLNETWORK,EQ,38.45,39.06,35.34,38.97,37.2,15347153,5724.77,2026-09-16
STLSTRINF,EQ,26.99,27.9,22.9,26.52,25.44,135722,34.24,2026-09-16
STOVEKRAFT,EQ,797.0,833.0,797.0,828.55,804.7,109498,896.76,2026-09-16
STUDDS,EQ,411.0,418.0,402.55,404.85,410.7,50715,206.69,2026-09-16
STYL,EQ,361.25,364.0,345.0,361.2,360.2,106890,379.02,2026-09-16
STYLAMIND,EQ,3271.2,3299.9,3169.8,3188.1,3281.2,33962,1090.34,2026-09-16
STYLEBAAZA,EQ,377.0,379.05,362.05,372.3,376.05,712655,2641.91,2026-09-16
STYRENIX,EQ,2020.0,2091.4,2015.0,2059.7,2034.2,32782,671.99,2026-09-16
SUBEXLTD,EQ,20.5,20.94,19.3,19.59,20.44,15276187,3067.36,2026-09-16
SUBROS,EQ,683.0,690.45,666.2,678.0,682.55,30494,207.28,2026-09-16
SUDARCOLOR,EQ,376.0,376.0,370.0,370.5,375.1,2703,10.04,2026-09-16
SUDARSCHEM,EQ,1175.0,1208.2,1148.1,1198.7,1183.2,166126,1966.93,2026-09-16
SUDEEPPHRM,EQ,1125.8,1128.8,1085.6,1107.2,1142.7,535162,5882.9,2026-09-16
SUKHJITS,EQ,163.5,163.5,158.08,159.22,161.72,44293,70.66,2026-09-16
SULA,EQ,135.0,145.61,132.06,136.52,134.14,3167897,4429.45,2026-09-16
SUMEDHA,EQ,43.4,44.9,41.3,43.15,43.09,4562,1.97,2026-09-16
SUMEETINDS,EQ,10.18,10.18,9.73,9.73,10.24,1666510,162.75,2026-09-16
SUMICHEM,EQ,454.0,457.3,446.75,454.05,451.95,183439,831.14,2026-09-16
SUMIT,EQ,51.2,51.2,48.71,50.56,50.61,29732,14.94,2026-09-16
SUMMITSEC,EQ,1395.0,1403.1,1370.0,1391.7,1393.6,1752,24.35,2026-09-16
SUNCLAY,EQ,1241.0,1272.5,1198.3,1257.4,1250.2,13674,169.57,2026-09-16
SUNDARAM,EQ,1.2,1.2,1.16,1.17,1.18,113701,1.34,2026-09-16
SUNDARMFIN,EQ,4695.0,4696.0,4630.1,4672.4,4695.0,51662,2407.68,2026-09-16
SUNDRMFAST,EQ,1226.0,1235.2,1204.4,1219.9,1237.3,533381,6467.13,2026-09-16
SUNDROP,EQ,652.0,664.2,645.5,653.15,653.4,8010,52.15,2026-09-16
SUNFLAG,EQ,325.0,347.75,325.0,339.0,331.55,213617,717.07,2026-09-16
SUNLOC,EQ,76.49,76.49,73.49,73.49,76.49,22,0.02,2026-09-16
SUNPHARMA,EQ,1843.6,1857.4,1837.0,1853.5,1835.0,1370607,25358.72,2026-09-16
SUNRAKSHAK,EQ,366.05,374.0,359.85,370.55,362.45,9439,34.6,2026-09-16
SUNSHIEL,EQ,1255.0,1255.0,1205.0,1213.8,1209.3,2087,25.48,2026-09-16
SUNSHINE,EQ,350.15,367.3,332.35,363.7,333.95,3704081,13132.44,2026-09-16
SUNTECK,EQ,277.45,283.15,272.0,281.15,276.2,216291,600.97,2026-09-16
SUNTV,EQ,466.5,469.0,460.0,462.45,464.25,302447,1402.89,2026-09-16
SUPERHOUSE,EQ,176.75,176.75,166.11,167.48,169.83,5235,8.87,2026-09-16
SUPRAJIT,EQ,480.05,504.7,475.5,488.15,480.05,328298,1616.85,2026-09-16
SUPREME,EQ,33.2,34.45,31.68,32.08,32.98,23688,7.81,2026-09-16
SUPREMEIND,EQ,3300.0,3346.6,3270.0,3300.0,3300.0,84649,2811.16,2026-09-16
SUPREMEINF,EQ,84.5,84.5,79.35,79.66,81.4,29915,24.17,2026-09-16
SUPRIYA,EQ,863.75,889.45,845.55,877.85,874.95,191677,1669.02,2026-09-16
SURAJEST,EQ,171.0,171.0,166.0,168.69,169.85,45106,75.97,2026-09-16
SURAJLTD,EQ,200.0,202.98,197.01,197.32,195.75,50,0.1,2026-09-16
SURAKSHA,EQ,323.0,334.0,300.0,326.8,323.05,98905,319.83,2026-09-16
SURANASOL,EQ,25.27,25.7,24.61,25.01,25.02,16353,4.07,2026-09-16
SURANAT&P,EQ,15.81,16.0,15.75,15.86,15.81,29453,4.67,2026-09-16
SURYALA,EQ,393.0,401.0,381.5,386.85,401.0,99,0.4,2026-09-16
SURYALAXMI,EQ,55.19,56.45,54.11,55.89,55.46,2635,1.46,2026-09-16
SURYAROSNI,EQ,209.53,211.99,206.72,209.2,209.8,306174,641.95,2026-09-16
SURYODAY,EQ,146.0,146.0,142.01,143.61,144.81,146412,211.01,2026-09-16
SUVEN,EQ,335.0,342.0,324.0,336.45,333.45,521311,1735.55,2026-09-16
SUVIDHAA,EQ,2.28,2.34,2.05,2.21,2.28,152084,3.35,2026-09-16
SUYOG,EQ,647.95,668.8,643.05,657.35,643.6,17252,112.9,2026-09-16
SUZLON,EQ,42.9,42.9,41.76,42.15,42.9,65021879,27452.69,2026-09-16
SVGLOBAL,EQ,130.2,137.0,124.26,134.03,131.84,582,0.74,2026-09-16
SVLL,EQ,800.4,821.0,799.3,804.2,790.4,1647,13.39,2026-09-16
SVPGLOB,EQ,3.49,3.49,3.33,3.41,3.39,25916,0.88,2026-09-16
SWANCORP,EQ,289.0,297.75,284.15,292.85,292.6,1192992,3488.21,2026-09-16
SWARAJENG,EQ,3556.0,3569.4,3510.1,3524.8,3569.2,10589,375.03,2026-09-16
SWARNSAR,EQ,39.0,39.75,36.1,37.32,38.74,11771,4.49,2026-09-16
SWELECTES,EQ,554.2,559.4,533.1,543.45,551.4,9475,51.68,2026-09-16
SWIGGY,EQ,274.4,277.7,269.45,270.5,275.0,9369276,25451.19,2026-09-16
SWSOLAR,EQ,174.35,179.21,173.74,177.94,174.3,977482,1725.26,2026-09-16
SYMBIOTEC,EQ,1085.0,1087.9,1021.55,1042.8,1080.1,766135,8023.15,2026-09-16
SYMPHONY,EQ,573.7,579.4,562.1,570.1,573.7,57599,329.08,2026-09-16
SYNCOMF,EQ,18.56,18.88,16.61,18.41,18.53,10523823,1890.38,2026-09-16
SYNGENE,EQ,376.1,382.4,374.2,380.1,378.85,267759,1015.39,2026-09-16
SYRMA,EQ,1508.9,1522.8,1418.0,1511.2,1507.7,1682259,24773.23,2026-09-16
TAALTECH,EQ,5148.0,5200.0,4712.1,5121.2,5012.4,14013,695.83,2026-09-16
TAINWALCHM,EQ,205.01,210.49,205.0,209.09,205.0,2499,5.23,2026-09-16
TAJGVK,EQ,325.05,328.1,318.55,327.4,325.85,50327,162.93,2026-09-16
TAKE,EQ,19.41,19.41,17.57,17.67,18.49,1099505,204.69,2026-09-16
TALBROAUTO,EQ,419.85,429.45,410.05,418.8,421.3,207967,871.88,2026-09-16
TANAA,EQ,263.6,265.7,259.55,263.2,263.6,5701,15.01,2026-09-16
TANLA,EQ,495.0,503.4,484.0,487.55,490.55,529075,2605.2,2026-09-16
TARACHAND,EQ,47.99,47.99,46.5,46.73,47.11,33440,15.71,2026-09-16
TARAPUR,EQ,12.5,12.74,12.1,12.53,12.26,27522,3.42,2026-09-16
TARC,EQ,125.05,129.24,124.1,128.81,126.61,437372,556.18,2026-09-16
TARIL,EQ,277.95,279.3,269.55,277.1,277.95,972056,2673.32,2026-09-16
TARMAT,EQ,57.27,58.71,57.02,57.47,58.29,15351,8.85,2026-09-16
TARSONS,EQ,303.0,305.8,287.1,302.3,303.15,107349,320.4,2026-09-16
TASTYBITE,EQ,9900.0,10163.0,9742.0,9936.0,9927.0,2439,241.27,2026-09-16
TATACAP,EQ,352.0,355.0,342.1,343.5,353.35,1218761,4228.35,2026-09-16
TATACHEM,EQ,715.0,788.0,691.9,731.8,734.9,25483055,189622.64,2026-09-16
TATACOMM,EQ,1754.9,1815.9,1740.0,1799.3,1748.2,317034,5662.63,2026-09-16
TATACONSUM,EQ,990.0,1010.5,988.8,1000.1,986.1,1573391,15809.68,2026-09-16
TATAELXSI,EQ,3434.0,3441.9,3355.1,3373.0,3440.0,185990,6310.13,2026-09-16
TATAGOLD,EQ,14.61,14.69,14.61,14.68,14.52,32001501,4692.9,2026-09-16
TATAINVEST,EQ,708.0,708.0,666.0,681.95,718.35,4857618,33223.66,2026-09-16
TATAPOWER,EQ,363.0,366.1,360.4,360.4,363.0,2900501,10527.28,2026-09-16
TATASTEEL,EQ,183.65,185.4,180.28,183.0,183.65,29476234,54004.39,2026-09-16
TATATECH,EQ,763.95,775.85,745.0,748.4,759.3,942325,7152.36,2026-09-16
TATSILV,EQ,22.09,22.28,22.09,22.2,21.78,38004670,8441.0,2026-09-16
TATVA,EQ,1560.0,1666.6,1520.0,1646.8,1547.3,109010,1752.73,2026-09-16
TBOTEK,EQ,1643.7,1647.7,1600.0,1631.4,1656.1,84932,1382.5,2026-09-16
TBZ,EQ,525.95,550.65,505.1,547.5,524.45,1564537,8408.53,2026-09-16
TCC,EQ,53.7,54.74,50.15,52.26,54.63,1749386,915.38,2026-09-16
TCI,EQ,841.2,859.95,825.0,827.0,845.4,19650,163.89,2026-09-16
TCIEXP,EQ,494.3,497.3,480.0,489.1,494.3,21265,103.74,2026-09-16
TCIFINANCE,EQ,14.73,15.49,14.5,14.89,15.02,14981,2.22,2026-09-16
TCPLPACK,EQ,3655.0,3890.0,3655.0,3863.0,3692.1,10088,382.78,2026-09-16
TCS,EQ,2270.0,2273.9,2172.0,2188.8,2251.0,2763709,61107.97,2026-09-16
TDPOWERSYS,EQ,728.75,729.05,680.0,696.0,725.5,4260675,29891.55,2026-09-16
TEAMGTY,EQ,243.93,243.93,235.01,242.52,235.08,57,0.14,2026-09-16
TEAMLEASE,EQ,1229.6,1240.0,1213.2,1228.0,1229.6,5297,64.94,2026-09-16
TECH,EQ,32.38,32.54,31.8,32.06,32.38,12044,3.86,2026-09-16
TECHM,EQ,1578.2,1589.2,1548.0,1558.0,1575.9,1472713,23052.23,2026-09-16
TECHNOCRAF,EQ,429.0,443.9,422.15,439.4,424.35,1424369,6174.56,2026-09-16
TECHNOE,EQ,955.0,979.9,936.0,971.05,950.6,168316,1624.68,2026-09-16
TECHNVISN,EQ,4480.5,4480.5,4362.0,4362.0,4591.5,185,8.07,2026-09-16
TECILCHEM,EQ,9.39,9.89,9.1,9.2,9.27,7584,0.71,2026-09-16
TEGA,EQ,1674.4,1735.2,1630.4,1717.1,1671.1,225032,3811.25,2026-09-16
TEJASNET,EQ,524.75,524.75,495.5,514.8,521.25,2655014,13515.63,2026-09-16
TEMBO,EQ,55.1,57.0,54.25,56.48,55.52,967666,539.53,2026-09-16
TEMPSENS,EQ,530.0,546.0,521.1,540.55,523.65,2755719,14760.05,2026-09-16
TENNIND,EQ,513.5,520.0,502.5,512.05,512.9,398376,2034.68,2026-09-16
TERAI,EQ,115.95,139.0,104.15,127.16,125.63,463,0.53,2026-09-16
TERASOFT,EQ,235.1,244.75,230.0,234.25,238.35,22024,51.78,2026-09-16
TEXINFRA,EQ,113.85,118.0,111.63,116.25,114.07,173127,199.08,2026-09-16
TEXMOPIPES,EQ,60.96,61.29,55.05,57.45,60.56,315498,181.76,2026-09-16
TEXRAIL,EQ,110.8,111.38,107.21,108.62,110.71,1327822,1445.52,2026-09-16
TFCILTD,EQ,138.61,141.74,132.93,138.81,138.18,11711599,16119.42,2026-09-16
TFL,EQ,11.91,12.2,11.91,12.17,11.9,6356,0.77,2026-09-16
TGBHOTELS,EQ,9.45,9.9,9.1,9.4,9.7,17863,1.7,2026-09-16
TGVSL,EQ,104.2,104.89,101.01,102.37,103.91,119527,122.64,2026-09-16
THACKER,EQ,1000.0,1000.0,952.0,952.0,1000.0,7,0.07,2026-09-16
THAKDEV,EQ,128.15,128.15,128.15,128.15,128.15,24,0.03,2026-09-16
THANGAMAYL,EQ,4900.0,4950.0,4783.5,4927.0,4912.0,93434,4536.8,2026-09-16
THEINVEST,EQ,97.97,97.97,91.89,95.13,96.18,9717,9.14,2026-09-16
THEJO,EQ,2175.2,2179.4,2081.0,2156.8,2175.2,4749,100.88,2026-09-16
THELEELA,EQ,517.0,531.5,513.15,524.2,522.45,232426,1217.55,2026-09-16
THEMISMED,EQ,120.21,123.48,116.0,119.76,121.57,61249,72.73,2026-09-16
THERMAX,EQ,3559.4,3582.5,3481.6,3536.8,3559.4,245768,8710.32,2026-09-16
THOMASCOOK,EQ,103.84,105.0,100.1,102.01,103.37,653944,666.33,2026-09-16
THOMASCOTT,EQ,230.0,237.0,221.8,233.8,237.9,95963,221.3,2026-09-16
THYROCARE,EQ,543.3,549.45,532.75,541.3,544.45,263200,1422.62,2026-09-16
TI,EQ,508.7,532.4,500.65,526.55,510.75,568346,2938.24,2026-09-16
TIGERLOGS,EQ,27.4,28.38,26.56,26.88,27.4,73876,20.21,2026-09-16
TIIL,EQ,3135.0,3167.9,2988.4,3114.2,3128.6,37713,1154.05,2026-09-16
TIINDIA,EQ,2514.0,2609.0,2482.0,2566.6,2525.0,188014,4781.28,2026-09-16
TIMETECHNO,EQ,176.87,177.11,172.05,173.53,176.3,1790244,3120.75,2026-09-16
TIMEX,EQ,600.25,613.5,580.15,605.45,605.65,290955,1742.07,2026-09-16
TIMKEN,EQ,3126.6,3264.4,3091.2,3238.6,3151.2,40328,1285.24,2026-09-16
TINNARUBR,EQ,970.95,1010.95,940.0,1002.5,965.0,59516,584.3,2026-09-16
TIPSFILMS,EQ,320.0,320.0,312.35,315.2,319.4,1619,5.1,2026-09-16
TIPSMUSIC,EQ,656.1,667.4,645.15,654.55,659.15,215227,1416.03,2026-09-16
TIRUMALCHM,EQ,155.0,156.52,152.6,154.19,154.48,283261,437.59,2026-09-16
TITAGARH,EQ,828.0,830.9,789.45,813.15,811.45,789709,6372.61,2026-09-16
TITAN,EQ,4880.0,4921.5,4845.0,4908.5,4856.0,376036,18414.9,2026-09-16
TMB,EQ,870.0,909.7,863.9,904.2,868.35,261381,2328.12,2026-09-16
TMCV,EQ,425.1,426.4,416.0,424.25,427.15,5085378,21492.48,2026-09-16
TMPV,EQ,304.25,306.0,299.3,301.0,303.6,12264774,36946.19,2026-09-16
TNIDETF,EQ,89.95,89.95,87.64,87.97,88.19,69596,61.32,2026-09-16
TNPETRO,EQ,125.71,128.9,120.2,127.72,125.71,947867,1182.04,2026-09-16
TNPL,EQ,153.1,153.15,148.51,152.09,152.39,219131,330.91,2026-09-16
TNTELE,EQ,8.86,8.99,8.4,8.72,8.92,5379,0.47,2026-09-16
TOKYOPLAST,EQ,76.01,77.84,72.22,76.4,76.01,2231,1.63,2026-09-16
TOLINS,EQ,88.5,88.7,85.15,86.07,88.24,61099,53.07,2026-09-16
TOP100CASE,EQ,10.3,10.3,10.13,10.21,10.21,1220250,124.62,2026-09-16
TOP10ADD,EQ,85.68,85.68,85.02,85.25,85.39,237280,202.32,2026-09-16
TOP15IETF,EQ,9.49,9.7,9.46,9.5,9.49,66956,6.36,2026-09-16
TOP20,EQ,8.63,8.65,8.6,8.6,8.6,15770,1.36,2026-09-16
TORNTPHARM,EQ,4850.0,4870.0,4755.5,4812.5,4850.0,647806,31076.31,2026-09-16
TORNTPOWER,EQ,1294.2,1309.3,1267.4,1295.3,1300.9,389154,5025.61,2026-09-16
TOUCHWOOD,EQ,60.5,62.64,60.16,61.64,60.91,347,0.21,2026-09-16
TOYAMSL,EQ,0.7,0.71,0.68,0.71,0.68,3386208,23.61,2026-09-16
TPLPLASTEH,EQ,64.38,65.99,63.42,64.63,65.27,147167,95.27,2026-09-16
TRACXN,EQ,31.31,31.66,30.75,30.96,31.21,87218,27.14,2026-09-16
TRANSCOR,EQ,25.0,25.7,24.0,25.1,25.75,2364,0.58,2026-09-16
TRANSRAILL,EQ,404.9,417.0,400.65,406.85,404.9,495771,2028.77,2026-09-16
TRAVELFOOD,EQ,1239.9,1239.9,1190.1,1215.3,1227.4,28959,350.6,2026-09-16
TREEHOUSE,EQ,6.01,6.28,5.68,5.87,6.01,21285,1.25,2026-09-16
TREJHARA,EQ,140.0,143.38,133.55,137.1,137.1,10881,15.08,2026-09-16
TREL,EQ,25.95,27.24,25.15,27.03,25.71,136134,36.29,2026-09-16
TRENT,EQ,2735.4,2799.2,2723.9,2769.7,2730.0,620165,17141.47,2026-09-16
TRF,EQ,214.3,223.0,210.2,213.97,213.0,13547,28.99,2026-09-16
TRIDENT,EQ,23.42,23.42,22.8,23.17,23.12,3380565,781.04,2026-09-16
TRIGYN,EQ,52.97,54.49,50.82,53.95,52.58,43446,22.92,2026-09-16
TRITONV,EQ,1077.0,1077.0,1020.0,1061.6,1051.5,2116,22.15,2026-09-16
TRITURBINE,EQ,541.8,548.0,532.1,540.8,546.9,440380,2374.72,2026-09-16
TRIVENI,EQ,248.6,248.9,235.7,239.45,246.45,1811638,4318.91,2026-09-16
TRU,EQ,4.07,4.49,3.92,4.01,4.22,97881,4.03,2026-09-16
TRUALT,EQ,416.2,427.5,407.0,422.7,411.65,454451,1893.94,2026-09-16
TSFINV,EQ,449.5,449.5,429.05,438.5,442.95,67235,294.43,2026-09-16
TTKHLTCARE,EQ,1069.2,1082.9,1059.0,1065.1,1074.6,18487,198.43,2026-09-16
TTKPRESTIG,EQ,537.0,554.25,534.3,541.1,540.0,60787,330.41,2026-09-16
TTL,EQ,6.58,6.6,6.35,6.43,6.58,45020,2.91,2026-09-16
TTML,EQ,36.15,36.2,34.62,35.22,36.15,1878014,659.9,2026-09-16
TURTLEMINT,EQ,130.2,133.42,125.2,127.74,131.04,380515,485.95,2026-09-16
TUTIALKA,EQ,58.51,59.28,55.31,57.19,59.78,9553,5.49,2026-09-16
TVSELECT,EQ,400.6,407.85,387.6,401.5,399.4,23955,94.99,2026-09-16
TVSHLTD,EQ,12630.0,12970.0,12376.0,12769.0,12488.0,6360,802.16,2026-09-16
TVSMOTOR,EQ,4033.0,4078.5,4002.0,4033.0,4050.0,439422,17742.86,2026-09-16
TVSSCS,EQ,127.16,127.66,124.11,126.28,127.16,545154,687.71,2026-09-16
TVSSRICHAK,EQ,4942.0,4958.5,4627.0,4685.5,4960.5,20198,952.17,2026-09-16
TVTODAY,EQ,106.0,106.0,102.48,103.49,105.68,35794,37.17,2026-09-16
TWCGOLDETF,EQ,150.41,150.71,149.83,150.59,147.74,2550,3.84,2026-09-16
UBL,EQ,1244.1,1251.8,1225.2,1227.3,1241.8,73909,913.98,2026-09-16
UCOBANK,EQ,23.74,24.02,23.58,23.68,23.72,4352333,1034.03,2026-09-16
UDAYJEW,EQ,162.35,165.5,157.4,158.53,161.6,12332,19.81,2026-09-16
UDS,EQ,197.5,198.77,187.16,190.6,197.04,193396,369.43,2026-09-16
UEL,EQ,214.0,214.0,204.77,204.77,215.54,18722,38.5,2026-09-16
UFLEX,EQ,636.1,649.7,608.0,645.45,636.1,235420,1479.39,2026-09-16
UFO,EQ,60.03,62.98,59.5,61.32,60.66,28591,17.47,2026-09-16
UGARSUGAR,EQ,53.0,53.88,51.21,53.39,53.22,935629,494.97,2026-09-16
UGROCAP,EQ,82.66,85.79,81.27,83.5,83.28,229146,190.14,2026-09-16
UJJIVANSFB,EQ,63.82,64.98,63.08,64.83,64.07,8507406,5455.5,2026-09-16
ULTRACEMCO,EQ,10777.0,10880.0,10639.0,10700.0,10697.0,236781,25495.9,2026-09-16
ULTRAMAR,EQ,415.2,429.0,410.7,418.65,416.2,45196,189.5,2026-09-16
UMESLTD,EQ,4.9,4.9,4.08,4.08,4.53,363161,14.96,2026-09-16
UMIYA-MRO,EQ,97.0,101.9,93.7,98.45,95.66,24746,23.95,2026-09-16
UNICHEMLAB,EQ,517.05,530.1,497.8,524.25,519.05,65501,339.3,2026-09-16
UNIDT,EQ,212.16,223.9,202.98,218.77,216.49,35350,75.53,2026-09-16
UNIECOM,EQ,81.1,82.0,79.65,80.94,82.2,181226,146.15,2026-09-16
UNIENTER,EQ,91.99,91.99,88.43,89.05,89.22,2263,2.02,2026-09-16
UNIINFO,EQ,11.38,11.65,10.83,11.46,11.38,145,0.02,2026-09-16
UNIMECH,EQ,1530.9,1568.5,1430.1,1515.8,1538.5,459813,6835.73,2026-09-16
UNIONBANK,EQ,176.54,179.35,175.07,178.2,175.0,9588072,17028.06,2026-09-16
UNIONGOLD,EQ,151.0,151.0,146.15,147.9,149.25,4578,6.77,2026-09-16
UNIPARTS,EQ,859.0,867.45,817.25,851.15,865.7,262807,2210.94,2026-09-16
UNITDSPR,EQ,1370.0,1398.2,1368.1,1389.5,1370.6,235642,3270.48,2026-09-16
UNITECH,EQ,4.21,4.55,4.15,4.46,4.21,14237019,626.05,2026-09-16
UNITEDPOLY,EQ,44.4,44.4,41.5,43.19,42.75,143829,61.27,2026-09-16
UNITEDTEA,EQ,434.0,434.0,417.8,431.2,425.65,1123,4.79,2026-09-16
UNIVCABLES,EQ,1417.9,1450.0,1338.4,1405.2,1417.3,131254,1828.08,2026-09-16
UNOMINDA,EQ,1164.0,1188.3,1160.0,1186.0,1159.7,367236,4324.99,2026-09-16
UPHOT,EQ,1550.0,1550.0,1475.0,1475.0,1550.0,28,0.43,2026-09-16
UPL,EQ,560.9,563.55,550.6,550.6,560.8,3044986,16880.32,2026-09-16
URBANCO,EQ,160.44,166.8,153.3,164.56,158.22,10721087,17230.95,2026-09-16
URJA,EQ,8.81,8.99,8.72,8.77,8.81,593625,52.11,2026-09-16
USHAMART,EQ,482.0,482.0,464.15,478.85,480.25,1054481,4997.24,2026-09-16
USK,EQ,20.11,20.88,20.11,20.31,20.64,13276,2.7,2026-09-16
UTIAMC,EQ,909.0,915.95,877.15,895.2,911.1,111844,998.83,2026-09-16
UTKARSHBNK,EQ,14.27,14.39,13.76,13.82,14.2,13856543,1935.68,2026-09-16
UTLSOLAR,EQ,427.9,427.9,400.5,405.65,421.9,398209,1632.57,2026-09-16
UTTAMSUGAR,EQ,257.0,258.35,244.1,250.7,256.65,243694,606.86,2026-09-16
V2RETAIL,EQ,212.12,212.21,204.71,209.18,212.12,1524680,3177.66,2026-09-16
VADILALIND,EQ,7069.5,7189.5,7000.0,7156.0,7035.5,13274,940.2,2026-09-16
VADILENT,EQ,10400.0,10599.0,10390.0,10599.0,10400.0,10,1.04,2026-09-16
VAIBHAVGBL,EQ,209.3,211.34,204.05,210.66,209.3,196654,409.07,2026-09-16
VAISHALI,EQ,8.7,9.03,8.42,8.68,9.02,142834,12.47,2026-09-16
VAKRANGEE,EQ,5.27,5.45,5.13,5.25,5.27,1288190,66.96,2026-09-16
VAL30IETF,EQ,14.78,14.92,14.65,14.8,14.73,181031,26.72,2026-09-16
VALUE,EQ,15.69,15.76,15.56,15.73,15.65,8072,1.27,2026-09-16
VALUEAXIS,EQ,31.93,32.28,31.62,31.96,31.9,107751,34.46,2026-09-16
VAML,EQ,406.0,412.95,401.15,409.3,406.0,5420442,22125.71,2026-09-16
VARDMNPOLY,EQ,5.99,5.99,5.8,5.86,5.83,76615,4.5,2026-09-16
VARROC,EQ,835.5,860.05,807.9,851.15,836.0,438002,3683.92,2026-09-16
VASCONEQ,EQ,29.0,30.95,28.25,29.57,29.1,259421,75.02,2026-09-16
VASUPRADA,EQ,102.0,102.0,102.0,102.0,103.0,4,0.0,2026-09-16
VASWANI,EQ,45.25,45.9,43.35,44.98,44.67,19948,8.88,2026-09-16
VBL,EQ,408.9,414.4,407.15,410.4,409.6,3489901,14366.15,2026-09-16
VEDAVAAG,EQ,21.97,22.07,19.6,19.77,20.98,62223,12.56,2026-09-16
VEDL,EQ,256.0,257.7,252.5,256.0,257.0,5794228,14785.68,2026-09-16
VEDPOWER,EQ,31.5,31.8,30.78,31.0,31.68,13474724,4189.29,2026-09-16
VEEDOL,EQ,1389.9,1389.9,1361.0,1375.3,1382.5,5836,80.17,2026-09-16
VENKEYS,EQ,1720.0,1725.0,1638.7,1670.6,1713.6,89813,1501.12,2026-09-16
VENTIVE,EQ,558.2,572.95,558.2,565.05,563.15,29156,164.2,2026-09-16
VENUSPIPES,EQ,1935.0,1969.4,1860.0,1938.1,1941.6,218549,4190.22,2026-09-16
VERANDA,EQ,219.3,219.9,211.2,217.97,218.28,158113,342.08,2026-09-16
VERTOZ,EQ,37.27,38.65,37.01,37.69,37.49,28774,10.82,2026-09-16
VESUVIUS,EQ,401.05,403.95,391.6,394.75,400.8,111670,442.0,2026-09-16
VGCL,EQ,51.5,51.5,48.93,48.93,51.5,1558,0.76,2026-09-16
VGL,EQ,66.29,71.0,64.0,66.2,66.21,900280,596.86,2026-09-16
VGUARD,EQ,322.25,331.4,316.05,327.15,321.9,442903,1439.52,2026-09-16
VHL,EQ,3390.0,3436.4,3358.0,3396.8,3403.0,328,11.13,2026-09-16
VIDHIING,EQ,318.0,344.7,314.55,337.4,320.65,39645,130.39,2026-09-16
VIDYAWIRES,EQ,85.02,85.98,82.0,84.93,85.12,1005103,844.8,2026-09-16
VIJAYA,EQ,1436.7,1453.9,1380.0,1438.3,1443.7,157498,2237.75,2026-09-16
VIJSOLX,EQ,630.0,640.0,630.0,640.0,640.0,111,0.71,2026-09-16
VIKASECO,EQ,1.05,1.06,1.03,1.04,1.05,1728712,17.98,2026-09-16
VIKASLIFE,EQ,1.21,1.22,1.18,1.19,1.21,2174274,25.97,2026-09-16
VIKRAMSOLR,EQ,165.0,166.63,161.0,163.88,163.46,2212887,3609.69,2026-09-16
VIKRAN,EQ,55.53,56.35,53.85,56.06,55.54,926679,511.57,2026-09-16
VIMTALABS,EQ,615.05,619.1,580.0,598.45,616.0,286652,1722.46,2026-09-16
VINATIORGA,EQ,1260.0,1274.5,1242.8,1253.9,1261.4,38547,483.3,2026-09-16
VINCOFE,EQ,166.5,168.48,161.91,167.27,166.54,1939984,3220.22,2026-09-16
VINDHYATEL,EQ,2620.8,2631.9,2486.7,2586.5,2617.7,71256,1827.92,2026-09-16
VINEETLAB,EQ,35.61,35.99,34.41,35.89,35.61,82550,29.3,2026-09-16
VINNY,EQ,0.97,1.01,0.95,0.98,0.97,238913,2.36,2026-09-16
VINYLINDIA,EQ,219.0,220.17,213.28,215.0,218.59,4098,8.84,2026-09-16
VIPCLOTHNG,EQ,21.0,21.0,20.26,20.5,20.57,14347,2.95,2026-09-16
VIPIND,EQ,291.05,299.95,286.5,297.65,291.05,263461,777.56,2026-09-16
VIRAT,EQ,440.7,448.2,385.35,399.45,421.6,6298,26.2,2026-09-16
VIRINCHI,EQ,13.77,14.39,13.6,13.95,13.76,67481,9.37,2026-09-16
VISACHROME,EQ,33.53,35.2,31.86,31.86,33.53,69916,22.84,2026-09-16
VISAKAIND,EQ,88.0,88.66,85.11,87.15,88.47,144251,125.73,2026-09-16
VISHAL,EQ,17.8,18.9,17.8,18.42,18.35,24153,4.42,2026-09-16
VISHNU,EQ,686.0,703.0,666.9,693.9,682.8,112259,771.83,2026-09-16
VISHWARAJ,EQ,5.31,5.37,5.21,5.31,5.37,224472,11.86,2026-09-16
VISL,EQ,31.68,31.75,30.28,31.16,31.68,15541357,4816.88,2026-09-16
VITAL,EQ,53.76,53.96,52.0,52.69,53.76,562,0.29,2026-09-16
VIVIANA,EQ,711.0,750.0,687.05,701.2,710.9,32589,229.13,2026-09-16
VIVIDHA,EQ,0.53,0.54,0.52,0.53,0.52,54437,0.29,2026-09-16
VIVOBIOT,EQ,17.3,17.3,16.01,16.83,17.19,7197,1.21,2026-09-16
VIYASH,EQ,246.9,248.65,236.85,238.85,246.9,6370548,15281.78,2026-09-16
VLEGOV,EQ,10.7,10.7,10.05,10.21,10.47,60043,6.14,2026-09-16
VLSFINANCE,EQ,236.85,246.0,233.03,241.88,235.33,7848,18.75,2026-09-16
VMART,EQ,782.9,792.85,761.0,786.4,789.85,51736,402.84,2026-09-16
VMM,EQ,100.55,102.1,98.9,100.97,100.1,9534655,9633.54,2026-09-16
VMSTMT,EQ,47.98,50.9,47.98,50.57,47.46,298770,148.62,2026-09-16
VOEPL,EQ,490.6,497.25,471.0,479.6,495.0,76478,367.82,2026-09-16
VOGL,EQ,34.87,35.24,33.91,34.98,34.83,17539688,6074.79,2026-09-16
VOITHPAPR,EQ,1488.5,1488.5,1452.0,1452.1,1465.4,237,3.48,2026-09-16
VOLTAMP,EQ,10600.0,10652.0,10259.0,10513.0,10596.0,28298,2966.43,2026-09-16
VOLTAS,EQ,1137.0,1153.0,1131.0,1131.0,1137.0,466652,5316.47,2026-09-16
VPRPL,EQ,31.63,32.84,31.0,31.79,32.26,1042177,331.41,2026-09-16
VRAJ,EQ,125.1,125.1,121.2,122.25,125.08,8978,11.0,2026-09-16
VRLLOG,EQ,283.7,287.2,280.9,286.05,283.6,182706,518.85,2026-09-16
VSSL,EQ,395.0,410.5,379.15,405.85,389.1,383814,1521.39,2026-09-16
VSTIND,EQ,203.92,204.2,201.0,202.14,203.4,107670,217.71,2026-09-16
VSTL,EQ,112.1,116.99,110.76,112.75,114.88,6766,7.63,2026-09-16
VSTTILLERS,EQ,4030.1,4060.6,3950.0,3996.5,4030.3,7744,309.4,2026-09-16
VTL,EQ,550.5,577.0,543.35,571.75,547.0,547052,3099.9,2026-09-16
VTMLTD,EQ,40.0,50.5,39.15,48.83,42.17,388226,178.52,2026-09-16
WAAREEENER,EQ,2547.0,2565.4,2491.3,2501.0,2555.0,624441,15682.32,2026-09-16
WAAREEINDO,EQ,251.85,253.2,241.1,246.95,249.4,74425,183.24,2026-09-16
WAAREERTL,EQ,810.0,813.2,792.85,801.05,806.55,159892,1279.75,2026-09-16
WABAG,EQ,2113.8,2114.0,2010.1,2055.8,2103.4,874393,17882.81,2026-09-16
WAKEFIT,EQ,148.2,149.0,143.0,145.61,148.61,424569,618.47,2026-09-16
WALCHANNAG,EQ,199.0,199.9,192.36,197.08,200.03,815156,1596.83,2026-09-16
WANBURY,EQ,223.85,229.3,219.0,222.6,223.1,160579,358.79,2026-09-16
WARDINMOBI,EQ,5.73,5.77,5.5,5.57,5.62,165552,9.26,2026-09-16
WATERBASE,EQ,45.6,47.75,45.6,47.31,46.71,17196,8.12,2026-09-16
WCIL,EQ,92.98,93.0,87.92,90.24,91.45,283914,254.43,2026-09-16
WEALTH,EQ,825.3,839.1,810.2,837.45,825.3,2584,21.46,2026-09-16
WEBELSOLAR,EQ,73.0,74.14,71.1,72.11,72.75,1827286,1327.73,2026-09-16
WEIZMANIND,EQ,74.0,74.0,70.06,72.53,70.28,2564,1.83,2026-09-16
WEL,EQ,70.9,71.12,68.11,69.42,69.18,430709,299.72,2026-09-16
WELCORP,EQ,2413.0,2448.7,2240.2,2424.5,2413.3,2931474,68668.35,2026-09-16
WELENT,EQ,743.0,770.0,725.2,768.0,737.6,590693,4423.26,2026-09-16
WELSPLSOL,EQ,53.49,54.31,50.59,52.1,53.52,988521,517.41,2026-09-16
WELSPUNLIV,EQ,201.6,204.69,195.7,202.82,201.63,3113066,6236.5,2026-09-16
WENDT,EQ,8470.0,8855.0,8349.0,8663.5,8580.0,16389,1403.76,2026-09-16
WESTLIFE,EQ,556.1,556.1,540.2,550.45,556.1,40195,220.33,2026-09-16
WEWIN,EQ,40.63,42.21,40.63,41.87,40.83,507,0.21,2026-09-16
WEWORK,EQ,667.0,682.3,657.3,676.1,673.55,97214,654.29,2026-09-16
WHBRADY,EQ,485.0,485.0,485.0,485.0,477.0,2,0.01,2026-09-16
WHEELS,EQ,2129.1,2198.0,2031.9,2110.5,2129.1,240307,5105.9,2026-09-16
WHIRLPOOL,EQ,752.1,754.8,729.9,731.75,751.95,364148,2683.76,2026-09-16
WILLAMAGOR,EQ,24.92,24.92,23.52,24.59,24.46,152,0.04,2026-09-16
WINDLAS,EQ,1094.95,1099.95,1050.8,1075.05,1098.15,113547,1218.96,2026-09-16
WINDMACHIN,EQ,303.0,303.15,287.55,295.3,300.7,78486,230.66,2026-09-16
WIPL,EQ,165.16,168.0,164.09,168.0,168.72,953,1.57,2026-09-16
WIPRO,EQ,170.02,170.89,166.11,166.89,170.0,11030339,18487.57,2026-09-16
WOCKPHARMA,EQ,2050.0,2075.0,1967.3,2021.5,2064.1,1262973,25436.99,2026-09-16
WONDERLA,EQ,513.35,520.0,504.65,517.6,514.2,54569,279.75,2026-09-16
WORTHPERI,EQ,148.0,149.35,141.05,148.07,142.83,11083,16.2,2026-09-16
WPIL,EQ,425.0,436.0,418.0,431.85,428.55,30844,131.14,2026-09-16
WSI,EQ,60.6,61.45,54.01,56.04,59.92,169308,95.64,2026-09-16
WSTCSTPAPR,EQ,717.8,722.6,679.1,711.0,713.3,293983,2081.13,2026-09-16
XCHANGING,EQ,65.78,65.78,62.4,63.08,64.5,91818,58.34,2026-09-16
XELPMOC,EQ,75.06,77.3,73.02,73.81,74.59,11202,8.42,2026-09-16
XPROINDIA,EQ,1269.9,1273.0,1220.0,1255.7,1268.2,31096,389.35,2026-09-16
XTGLOBAL,EQ,30.15,30.15,27.91,29.05,29.45,21078,6.04,2026-09-16
XTRANET,EQ,279.4,288.0,248.49,283.03,276.09,2262758,6062.04,2026-09-16
YASHO,EQ,3950.0,4074.7,3790.6,4008.5,3883.4,43034,1697.54,2026-09-16
YATHARTH,EQ,988.0,994.9,960.5,982.3,981.8,259279,2534.29,2026-09-16
YATRA,EQ,107.49,108.98,101.67,102.46,107.96,1663021,1721.79,2026-09-16
YESBANK,EQ,23.58,24.1,23.26,23.4,23.07,205410106,48586.49,2026-09-16
YOGI,EQ,162.0,162.0,157.0,160.0,158.58,1164,1.83,2026-09-16
YUKEN,EQ,1077.6,1153.85,1029.35,1134.95,1077.6,66940,747.26,2026-09-16
ZAGGLE,EQ,179.4,180.6,174.6,177.81,179.41,782986,1392.83,2026-09-16
ZEEL,EQ,77.89,83.66,77.38,79.6,77.41,35791324,28780.04,2026-09-16
ZEELEARN,EQ,6.74,7.24,6.56,7.05,6.63,294285,20.69,2026-09-16
ZEEMEDIA,EQ,7.27,7.49,7.15,7.37,7.27,1396432,102.17,2026-09-16
ZENITHEXPO,EQ,196.35,206.0,195.0,195.0,196.35,38,0.08,2026-09-16
ZENITHSTL,EQ,5.79,5.79,5.47,5.49,5.71,63088,3.49,2026-09-16
ZENSARTECH,EQ,446.4,461.4,438.0,450.15,440.2,10541488,47424.68,2026-09-16
ZENTEC,EQ,1616.1,1670.0,1585.6,1662.8,1638.9,424705,6920.3,2026-09-16
ZFCVINDIA,EQ,2511.5,2511.5,2449.5,2461.5,2511.5,26952,663.97,2026-09-16
ZFSTEERING,EQ,764.6,764.6,721.2,725.8,762.05,6030,44.39,2026-09-16
ZIMLAB,EQ,130.16,138.99,127.81,136.78,133.61,104649,139.56,2026-09-16
ZODIAC,EQ,220.51,226.99,220.0,220.37,221.61,10443,23.12,2026-09-16
ZODIACLOTH,EQ,69.67,69.67,67.21,69.26,69.67,4026,2.77,2026-09-16
ZOTA,EQ,1108.4,1119.5,1095.0,1114.1,1113.1,31804,352.14,2026-09-16
ZSARACOM,EQ,10370.0,10495.0,9801.0,10494.0,10337.0,56,5.68,2026-09-16
ZUARI,EQ,212.98,214.3,204.11,209.3,212.4,73779,154.34,2026-09-16
ZUARIIND,EQ,264.1,265.7,246.8,254.85,265.3,157037,399.07,2026-09-16
ZYDUSLIFE,EQ,1093.7,1113.3,1086.0,1107.5,1099.0,689380,7601.34,2026-09-16
ZYDUSWELL,EQ,547.25,559.0,535.75,551.8,549.95,164461,902.31,2026-09-16
