SYMBOL,SERIES,OPEN_PRICE,HIGH_PRICE,LOW_PRICE,CLOSE_PRICE,PREV_CLOSE,TTL_TRD_QNTY,TURNOVER_LACS,DATE
20MICRONS,EQ,211.29,221.8,211.29,214.59,212.8,76779,166.68,2026-09-30
21STCENMGM,EQ,40.0,40.0,38.59,38.67,39.37,901,0.36,2026-09-30
360ONE,EQ,1029.2,1047.0,1029.0,1030.0,1029.2,1348986,14027.58,2026-09-30
3BBLACKBIO,EQ,1615.1,1740.0,1610.5,1710.4,1622.7,67737,1154.52,2026-09-30
3MINDIA,EQ,31890.0,32695.0,31890.0,32160.0,31890.0,3548,1147.49,2026-09-30
3PLAND,EQ,32.0,32.0,30.9,31.01,31.87,1104,0.34,2026-09-30
5PAISA,EQ,304.05,309.7,302.35,305.2,304.9,19885,60.81,2026-09-30
63MOONS,EQ,809.95,839.0,807.65,811.05,810.8,138349,1139.67,2026-09-30
A2ZINFRA,EQ,14.5,15.15,14.36,14.93,14.51,277855,41.4,2026-09-30
AAATECH,EQ,99.95,103.57,91.56,94.73,99.94,72253,70.63,2026-09-30
AADHARHFC,EQ,432.5,438.0,427.55,436.0,432.5,338639,1464.78,2026-09-30
AAKASH,EQ,8.79,8.79,8.3,8.44,8.59,71888,6.08,2026-09-30
AAREYDRUGS,EQ,100.18,103.69,99.22,102.72,99.92,392668,394.95,2026-09-30
AARON,EQ,122.01,126.0,122.01,124.68,122.01,13823,17.2,2026-09-30
AARTIDRUGS,EQ,429.8,439.0,429.6,430.9,428.6,145119,629.52,2026-09-30
AARTIIND,EQ,472.0,489.95,471.4,475.7,469.9,723013,3478.5,2026-09-30
AARTIPHARM,EQ,983.5,1002.4,943.0,953.75,972.8,951362,9219.38,2026-09-30
AARVI,EQ,135.1,138.0,135.1,136.83,136.21,2281,3.12,2026-09-30
AASTHA,EQ,36.61,36.9,33.96,34.15,37.53,1212077,428.49,2026-09-30
AAVAS,EQ,1240.0,1250.8,1206.0,1211.9,1248.4,80671,986.69,2026-09-30
ABANSENT,EQ,26.33,26.96,26.3,26.46,26.87,4977,1.32,2026-09-30
ABB,EQ,6801.0,6927.5,6771.0,6776.0,6660.5,229223,15713.44,2026-09-30
ABBOTINDIA,EQ,27270.0,27495.0,27015.0,27125.0,27270.0,5645,1538.07,2026-09-30
ABCAPITAL,EQ,380.15,385.55,379.95,380.6,378.0,3567531,13626.13,2026-09-30
ABCOTS,EQ,204.5,204.5,192.7,196.49,198.84,2630,5.18,2026-09-30
ABDL,EQ,716.5,729.0,711.65,718.9,716.5,319559,2298.75,2026-09-30
ABFRL,EQ,46.6,47.29,45.97,46.32,46.24,3805401,1779.45,2026-09-30
ABGSEC,EQ,112.92,113.68,112.92,113.58,112.92,115,0.13,2026-09-30
ABLBL,EQ,77.39,77.8,76.11,76.52,76.98,2517738,1931.81,2026-09-30
ABMKNO,EQ,169.5,187.8,161.55,170.98,168.59,12784,22.31,2026-09-30
ABREL,EQ,1169.9,1183.0,1122.1,1130.7,1160.6,276535,3170.27,2026-09-30
ABSL10BANK,EQ,161.0,163.62,161.0,162.51,160.58,1230,2.01,2026-09-30
ABSLAMC,EQ,955.9,1033.9,947.9,995.3,955.9,214646,2089.48,2026-09-30
ABSLBANETF,EQ,56.95,56.95,55.6,56.04,55.83,12244,6.88,2026-09-30
ABSLLIQUID,EQ,999.99,1000.01,999.99,1000.0,999.99,3737,37.37,2026-09-30
ABSLMSCIN,EQ,28.35,29.21,27.93,28.33,28.21,195,0.05,2026-09-30
ABSLNN50ET,EQ,74.85,74.93,73.04,73.58,74.11,6636,4.9,2026-09-30
ABSLPSE,EQ,9.73,10.14,9.73,9.78,9.82,71398,7.02,2026-09-30
ACC,EQ,1205.0,1224.0,1200.8,1204.1,1202.6,63787,771.62,2026-09-30
ACCELYA,EQ,1090.0,1111.9,1085.2,1090.3,1095.4,8286,90.83,2026-09-30
ACE,EQ,1205.9,1245.6,1205.0,1232.0,1205.8,343169,4216.16,2026-09-30
ACEINTEG,EQ,16.71,17.0,16.4,16.77,16.4,1622,0.27,2026-09-30
ACGL,EQ,1630.0,1674.9,1630.0,1638.0,1633.5,339,5.58,2026-09-30
ACI,EQ,487.0,496.45,481.5,485.85,490.6,231287,1126.37,2026-09-30
ACL,EQ,39.96,40.39,38.71,39.33,39.56,9813,3.87,2026-09-30
ACMESOLAR,EQ,441.3,444.6,436.0,439.0,437.95,1108840,4877.23,2026-09-30
ACUTAAS,EQ,3334.1,3344.0,3255.0,3279.4,3304.1,349433,11525.83,2026-09-30
ADANIENSOL,EQ,1319.0,1340.8,1308.9,1314.6,1305.8,1154073,15269.81,2026-09-30
ADANIENT,EQ,2910.0,2957.6,2880.0,2903.4,2972.9,1663023,48387.53,2026-09-30
ADANIGREEN,EQ,1250.4,1284.8,1250.4,1278.0,1260.0,1452231,18494.63,2026-09-30
ADANIPORTS,EQ,1793.5,1803.2,1775.4,1798.3,1822.0,3199507,57235.48,2026-09-30
ADANIPOWER,EQ,198.69,204.49,198.65,204.0,196.3,21070859,42664.86,2026-09-30
ADDIND,EQ,78.4,82.2,78.4,78.74,78.4,378,0.3,2026-09-30
ADFFOODS,EQ,268.3,274.95,263.1,273.1,268.3,59409,161.5,2026-09-30
ADL,EQ,78.0,80.0,67.33,77.6,70.0,6985,5.28,2026-09-30
ADOR,EQ,1625.1,1625.1,1585.2,1591.8,1612.0,15859,254.28,2026-09-30
ADROITINFO,EQ,14.69,15.84,14.26,14.67,14.23,1779133,269.58,2026-09-30
ADSL,EQ,110.8,113.37,108.0,108.53,109.99,187491,206.83,2026-09-30
ADVAIT,EQ,1915.2,1935.2,1863.4,1901.8,1903.6,33345,630.48,2026-09-30
ADVANCE,EQ,120.19,125.45,120.0,121.19,120.19,261919,321.94,2026-09-30
ADVANIHOTR,EQ,47.78,48.98,47.2,48.01,47.4,10655,5.1,2026-09-30
ADVENTHTL,EQ,125.74,130.5,123.9,126.32,124.7,194445,245.29,2026-09-30
ADVENZYMES,EQ,282.1,287.5,280.25,281.6,282.15,122182,346.74,2026-09-30
ADVIKCA,EQ,0.96,1.07,0.86,1.0,0.97,1451821,14.31,2026-09-30
AEGISLOG,EQ,1312.5,1400.0,1312.5,1380.1,1299.8,1090547,14946.22,2026-09-30
AEGISVOPAK,EQ,296.0,299.5,294.05,296.8,294.25,532792,1583.38,2026-09-30
AEPL,EQ,14.26,15.58,14.26,15.18,14.72,17337,2.55,2026-09-30
AEQUS,EQ,274.64,285.95,273.21,279.48,271.63,11216835,31468.46,2026-09-30
AEROENTER,EQ,125.5,126.99,122.71,124.0,124.7,231674,289.19,2026-09-30
AEROFLEX,EQ,539.6,553.5,527.55,536.6,539.6,981031,5281.77,2026-09-30
AERONEU,EQ,74.46,74.46,69.75,70.84,72.98,47313,33.89,2026-09-30
AEROPLANE,EQ,205.0,210.0,200.0,206.57,202.08,776058,1590.17,2026-09-30
AETHER,EQ,1758.2,1758.2,1685.6,1699.3,1749.9,292457,5016.25,2026-09-30
AFCONS,EQ,246.5,250.05,246.5,247.8,245.1,370681,920.57,2026-09-30
AFFLE,EQ,1511.0,1547.0,1502.1,1511.0,1501.0,216326,3305.93,2026-09-30
AFFORDABLE,EQ,176.2,176.85,168.0,171.1,173.52,23394,40.51,2026-09-30
AFIL,EQ,7.98,8.05,7.86,7.93,7.85,529863,42.07,2026-09-30
AFSL,EQ,201.04,201.78,201.0,201.0,201.04,9448,18.99,2026-09-30
AGARIND,EQ,394.0,398.9,390.0,391.95,391.2,12498,49.24,2026-09-30
AGARWALEYE,EQ,499.7,499.75,472.5,479.3,495.25,215481,1045.72,2026-09-30
AGI,EQ,791.9,816.0,790.05,804.4,792.9,112338,905.25,2026-09-30
AGIIL,EQ,265.0,268.95,262.55,264.7,264.85,319369,847.96,2026-09-30
AGL,EQ,13.03,13.4,13.01,13.13,13.19,885567,116.94,2026-09-30
AGRITECH,EQ,97.2,97.2,90.5,91.17,93.19,6729,6.22,2026-09-30
AGROPHOS,EQ,23.81,24.11,23.1,23.48,23.96,22366,5.28,2026-09-30
AHCL,EQ,37.17,37.24,34.58,34.58,36.39,18707312,6556.8,2026-09-30
AHLADA,EQ,37.9,38.74,37.05,37.09,37.15,2221,0.83,2026-09-30
AHLEAST,EQ,135.0,135.53,134.25,134.44,134.54,200,0.27,2026-09-30
AHLUCONT,EQ,552.05,563.7,542.8,550.05,551.55,77719,428.26,2026-09-30
AIAENG,EQ,3850.0,3910.9,3804.2,3869.0,3835.7,51956,1999.24,2026-09-30
AIIL,EQ,542.85,559.0,541.0,546.6,541.8,158568,873.07,2026-09-30
AIRAN,EQ,16.4,16.85,16.06,16.18,16.4,22565,3.69,2026-09-30
AIROLAM,EQ,89.0,96.0,89.0,92.85,89.06,5335,4.97,2026-09-30
AJANTPHARM,EQ,3570.0,3758.9,3567.1,3620.8,3557.5,344068,12613.99,2026-09-30
AJAXENGG,EQ,591.65,597.0,586.0,587.0,591.65,41369,244.46,2026-09-30
AJMERA,EQ,120.15,121.09,117.45,118.74,120.16,165082,196.48,2026-09-30
AJOONI,EQ,3.16,3.16,3.1,3.13,3.14,140753,4.4,2026-09-30
AKASH,EQ,25.83,25.83,24.6,24.94,25.32,4302,1.08,2026-09-30
AKCAPIT,EQ,1745.3,1751.9,1704.1,1706.3,1728.1,305,5.25,2026-09-30
AKG,EQ,9.89,9.89,9.6,9.74,9.8,13934,1.35,2026-09-30
AKSHAR,EQ,0.41,0.43,0.41,0.42,0.41,1069940,4.46,2026-09-30
AKUMS,EQ,828.2,828.2,811.1,818.5,819.55,196569,1611.43,2026-09-30
ALANKIT,EQ,7.68,7.94,7.56,7.83,7.56,128910,10.06,2026-09-30
ALBERTDAVD,EQ,894.4,894.4,870.05,872.25,876.35,6427,56.5,2026-09-30
ALEMBICLTD,EQ,109.1,110.59,106.11,107.23,108.44,819580,884.61,2026-09-30
ALGOQUANT,EQ,65.15,69.1,65.15,66.03,65.64,1174607,785.52,2026-09-30
ALICON,EQ,730.15,869.8,726.05,869.8,724.85,953310,7922.1,2026-09-30
ALIVUS,EQ,1350.0,1390.0,1350.0,1379.3,1356.8,186612,2571.7,2026-09-30
ALKEM,EQ,5249.5,5276.5,5135.0,5163.5,5250.0,146577,7589.86,2026-09-30
ALKYLAMINE,EQ,1781.3,1818.8,1751.3,1761.7,1781.3,31646,560.44,2026-09-30
ALLCARGO,EQ,10.78,10.78,10.05,10.13,10.53,7854276,813.94,2026-09-30
ALLDIGI,EQ,779.65,786.0,762.5,767.25,775.8,8379,64.74,2026-09-30
ALLTIME,EQ,193.9,197.85,192.15,194.0,193.18,31339,60.9,2026-09-30
ALOKINDS,EQ,7.1,7.24,7.07,7.09,7.06,12343099,882.85,2026-09-30
ALPA,EQ,59.76,61.5,59.25,59.51,59.76,8263,4.99,2026-09-30
ALPHA,EQ,52.29,52.92,51.7,51.9,52.26,1603268,838.74,2026-09-30
ALPHAETF,EQ,25.48,25.5,25.11,25.23,25.4,481250,121.75,2026-09-30
ALPINETEX,EQ,49.7,49.7,47.53,47.8,48.95,111760,53.93,2026-09-30
ALPL30IETF,EQ,26.47,26.48,26.17,26.2,26.49,235519,61.86,2026-09-30
ALUFLUOR,EQ,640.0,645.0,622.3,632.7,632.55,19252,121.28,2026-09-30
AMAGI,EQ,560.0,568.45,541.3,549.45,563.85,281619,1567.3,2026-09-30
AMAL,EQ,671.3,700.0,671.3,684.5,682.1,6607,45.39,2026-09-30
AMARJOTHI,EQ,152.0,152.0,147.05,149.0,152.0,342,0.51,2026-09-30
AMBER,EQ,6639.0,6786.0,6617.0,6672.5,6606.5,224400,15132.97,2026-09-30
AMBICAAGAR,EQ,24.5,25.12,24.14,24.4,24.37,13549,3.33,2026-09-30
AMBIKCO,EQ,1531.0,1545.9,1516.2,1520.6,1527.1,5265,80.3,2026-09-30
AMBUJACEM,EQ,369.0,376.65,368.65,374.0,365.75,3219926,12010.41,2026-09-30
AMJLAND,EQ,38.04,38.58,37.4,37.62,38.04,3327,1.26,2026-09-30
AMNPLST,EQ,174.9,174.9,168.56,171.57,170.18,2629,4.52,2026-09-30
AMRUTANJAN,EQ,505.25,522.2,505.25,514.75,505.25,62878,324.74,2026-09-30
ANANDRATHI,EQ,2111.1,2127.6,2072.0,2120.0,2100.6,552945,11634.94,2026-09-30
ANANTRAJ,EQ,605.0,611.0,597.0,598.9,602.3,1122020,6771.59,2026-09-30
ANDHRAPAP,EQ,72.0,73.93,72.0,72.68,72.32,240993,175.7,2026-09-30
ANDHRSUGAR,EQ,94.4,95.95,92.7,93.15,94.4,186327,175.81,2026-09-30
ANDREWYU,EQ,25.85,27.9,25.85,26.02,25.84,44656,11.73,2026-09-30
ANGELONE,EQ,274.25,278.2,273.25,274.0,273.5,2439788,6732.37,2026-09-30
ANIKINDS,EQ,44.89,44.89,43.8,44.45,43.98,2550,1.13,2026-09-30
ANNAPURNA,EQ,126.05,141.94,126.05,131.0,127.22,115324,154.36,2026-09-30
ANNU,EQ,47.85,50.2,47.85,48.22,47.84,585399,287.86,2026-09-30
ANSALBU,EQ,87.43,95.4,86.0,87.75,85.96,9005,8.12,2026-09-30
ANTELOPUS,EQ,1174.15,1178.15,1119.0,1125.9,1162.5,316480,3620.53,2026-09-30
ANTGRAPHIC,EQ,0.71,0.72,0.7,0.71,0.7,89758,0.64,2026-09-30
ANTHEM,EQ,871.0,878.2,855.05,858.6,869.75,189868,1643.82,2026-09-30
ANUHPHR,EQ,90.31,91.05,87.0,87.4,89.68,70318,62.2,2026-09-30
ANUP,EQ,1605.3,1635.0,1590.1,1596.3,1591.2,11751,189.37,2026-09-30
ANURAS,EQ,1181.0,1188.5,1169.0,1181.0,1177.8,133965,1576.93,2026-09-30
AONEGOLD,EQ,13.84,13.84,13.68,13.72,13.62,251762,34.62,2026-09-30
AONELIQUID,EQ,1079.0,1079.02,1079.0,1079.0,1078.86,7508,81.01,2026-09-30
AONENIFTY,EQ,9.65,9.65,9.35,9.37,9.42,165786,15.58,2026-09-30
AONESILVER,EQ,8.44,8.49,8.35,8.36,8.4,1239764,104.38,2026-09-30
AONETMMQ50,EQ,10.15,10.15,9.9,9.95,9.95,90255,8.98,2026-09-30
AONETOTAL,EQ,11.6,11.6,11.3,11.37,11.37,120405,13.68,2026-09-30
APARINDS,EQ,17804.0,17882.0,17291.0,17384.0,17803.0,116165,20326.5,2026-09-30
APCL,EQ,95.86,98.89,92.0,94.22,94.92,7847,7.34,2026-09-30
APCOTEXIND,EQ,600.0,607.4,592.0,595.6,595.45,40627,243.99,2026-09-30
APEX,EQ,343.1,348.3,335.0,336.5,343.1,66125,225.92,2026-09-30
APLAPOLLO,EQ,2201.9,2224.5,2181.6,2190.1,2188.6,587352,12942.01,2026-09-30
APLLTD,EQ,866.0,876.4,821.7,825.45,861.5,266145,2245.18,2026-09-30
APOLLO,EQ,402.9,410.7,401.7,403.45,402.6,4344769,17651.99,2026-09-30
APOLLOHOSP,EQ,8582.0,8659.0,8053.0,8165.5,8659.0,2108531,173048.2,2026-09-30
APOLLOPIPE,EQ,516.9,525.0,505.0,507.85,513.7,166142,857.3,2026-09-30
APOLLOTYRE,EQ,412.9,412.95,402.0,404.7,406.75,684149,2775.1,2026-09-30
APOLSINHOT,EQ,1156.1,1189.9,1156.1,1162.6,1166.2,1022,11.94,2026-09-30
APOORVA,EQ,33.0,33.0,31.35,33.0,33.0,103,0.03,2026-09-30
APTECHT,EQ,89.49,90.0,87.73,88.26,88.61,53672,47.58,2026-09-30
APTUS,EQ,235.0,236.87,230.0,232.53,233.34,1838844,4297.24,2026-09-30
AQYLON,EQ,17.11,17.39,16.26,16.26,17.11,476188,78.43,2026-09-30
ARCHIDPLY,EQ,101.11,104.99,99.52,103.5,101.98,33170,33.99,2026-09-30
ARCHIES,EQ,12.73,12.73,12.33,12.39,12.43,7581,0.94,2026-09-30
ARCIL,EQ,143.51,149.27,143.32,144.59,142.51,1943689,2850.6,2026-09-30
ARCL,EQ,233.0,242.0,232.95,241.9,233.0,351,0.83,2026-09-30
ARDEE,EQ,51.55,52.95,50.4,50.77,51.17,3252521,1685.97,2026-09-30
ARE&M,EQ,768.95,781.65,750.0,754.55,766.3,706708,5398.24,2026-09-30
ARENTERP,EQ,34.4,34.4,31.12,33.9,32.95,137,0.05,2026-09-30
ARFIN,EQ,88.05,91.0,88.05,89.19,88.16,916404,824.36,2026-09-30
ARIHANT,EQ,884.9,920.4,855.55,900.7,888.9,2591,23.11,2026-09-30
ARIHANTCAP,EQ,90.58,92.55,88.98,89.74,90.58,513589,465.15,2026-09-30
ARIHANTSUP,EQ,230.0,231.6,221.35,222.85,230.25,1653,3.72,2026-09-30
ARIS,EQ,140.0,146.4,136.79,143.88,135.0,4654571,6610.14,2026-09-30
ARKADE,EQ,122.5,123.48,119.0,119.39,121.92,136891,165.4,2026-09-30
ARMANFIN,EQ,1711.4,1756.7,1707.1,1744.2,1711.4,31160,541.77,2026-09-30
ARMEE,EQ,375.0,375.0,300.0,300.0,375.0,10736790,35412.49,2026-09-30
AROGRANITE,EQ,23.0,23.89,22.2,23.28,22.81,1925,0.44,2026-09-30
ARROWGREEN,EQ,876.5,886.95,840.15,856.05,872.5,48123,412.73,2026-09-30
ARSSBL,EQ,503.1,525.8,502.9,515.1,500.45,370040,1913.21,2026-09-30
ARTEMISMED,EQ,368.95,370.1,342.1,345.55,366.6,1002073,3529.58,2026-09-30
ARTNIRMAN,EQ,37.85,41.8,37.75,40.24,36.52,6656,2.67,2026-09-30
ARVEE,EQ,233.99,235.79,222.2,225.16,232.85,5986,13.63,2026-09-30
ARVIND,EQ,545.0,549.95,535.75,539.9,545.45,644224,3507.05,2026-09-30
ARVINDFASN,EQ,407.1,411.35,386.0,387.45,410.15,332564,1317.83,2026-09-30
ARVSMART,EQ,615.8,615.8,596.65,601.75,609.7,40388,244.33,2026-09-30
ARYAMAN,EQ,630.0,630.0,630.0,630.0,620.0,5,0.03,2026-09-30
ASAHIINDIA,EQ,956.1,974.7,956.1,958.85,957.95,85211,821.08,2026-09-30
ASAL,EQ,430.0,439.85,430.0,433.5,428.0,7089,30.83,2026-09-30
ASALCBR,EQ,634.6,636.45,615.1,615.45,634.6,44141,274.21,2026-09-30
ASHAPURMIN,EQ,526.6,526.6,502.5,504.15,518.8,261585,1340.77,2026-09-30
ASHIANA,EQ,389.3,397.95,382.95,386.0,390.55,34947,136.38,2026-09-30
ASHIMASYN,EQ,16.15,16.2,15.91,15.98,16.08,37084,5.94,2026-09-30
ASHOKA,EQ,108.74,111.83,107.31,107.75,108.53,413067,449.15,2026-09-30
ASHOKAMET,EQ,15.0,15.68,15.0,15.18,15.15,15455,2.35,2026-09-30
ASHOKLEY,EQ,154.41,156.19,153.35,154.19,153.44,17703276,27416.25,2026-09-30
ASIANENE,EQ,479.1,482.45,463.0,471.85,478.25,211572,997.01,2026-09-30
ASIANHOTNR,EQ,365.0,369.0,339.3,354.8,361.35,28570,99.53,2026-09-30
ASIANPAINT,EQ,2410.0,2430.5,2390.0,2402.6,2415.0,553695,13315.15,2026-09-30
ASIANTILES,EQ,51.0,51.0,49.26,49.68,50.1,1065834,533.88,2026-09-30
ASIANTNE,EQ,9.02,9.43,8.75,9.22,9.02,22821,2.11,2026-09-30
ASKAUTOLTD,EQ,621.95,652.2,614.75,640.1,619.85,479507,3057.18,2026-09-30
ASMS,EQ,6.2,6.49,5.81,6.06,6.08,557356,33.99,2026-09-30
ASPINWALL,EQ,242.5,250.15,240.0,241.85,242.5,2012,4.89,2026-09-30
ASSAMENT,EQ,741.0,818.0,741.0,818.0,780.0,15,0.11,2026-09-30
ASTAR,EQ,700.0,705.0,665.0,679.7,685.35,123,0.84,2026-09-30
ASTEC,EQ,699.0,787.8,699.0,722.75,696.25,1100746,8353.14,2026-09-30
ASTERDM,EQ,735.05,739.55,691.75,697.15,733.95,2346216,16482.42,2026-09-30
ASTRAL,EQ,1376.0,1384.1,1366.0,1370.4,1375.0,258131,3544.64,2026-09-30
ASTRAMICRO,EQ,1651.4,1663.6,1621.0,1636.7,1652.6,270444,4444.1,2026-09-30
ASTRAZEN,EQ,6210.0,6289.0,6120.5,6186.0,6254.5,56730,3509.41,2026-09-30
ATALREAL,EQ,11.88,12.63,11.7,12.58,12.03,2281142,276.2,2026-09-30
ATAM,EQ,56.01,58.6,55.01,56.34,54.91,12689,7.31,2026-09-30
ATGL,EQ,589.9,602.95,589.05,593.9,588.4,616167,3676.45,2026-09-30
ATHERENERG,EQ,1416.5,1441.0,1405.0,1425.0,1407.0,3085289,44079.32,2026-09-30
ATL,EQ,24.3,25.0,24.12,24.44,24.47,119329,29.29,2026-09-30
ATLANTAA,EQ,36.7,38.0,36.0,37.25,36.69,154317,57.26,2026-09-30
ATLANTAELE,EQ,1615.0,1652.5,1600.0,1608.1,1634.2,85264,1389.36,2026-09-30
ATLASCYCLE,EQ,95.0,97.0,93.05,93.53,94.86,4894,4.61,2026-09-30
ATUL,EQ,5980.0,6064.5,5881.0,5915.5,5982.5,61199,3655.87,2026-09-30
ATULAUTO,EQ,440.0,454.0,440.0,448.15,438.75,83527,372.48,2026-09-30
AUBANK,EQ,1001.9,1015.1,995.2,1010.3,1005.2,1358165,13667.31,2026-09-30
AUGMONT,EQ,1074.0,1138.5,1014.3,1086.55,1062.2,2989279,31562.97,2026-09-30
AURIONPRO,EQ,639.5,645.0,620.0,622.1,634.2,128401,808.11,2026-09-30
AUROPHARMA,EQ,1696.0,1707.2,1649.3,1672.0,1697.7,1138610,19091.94,2026-09-30
AURUM,EQ,221.8,238.54,220.06,232.37,220.31,461824,1068.09,2026-09-30
AURUS,EQ,4.77,4.77,4.36,4.43,4.57,43033,1.99,2026-09-30
AUSOMENT,EQ,142.31,145.9,139.01,140.68,143.75,4187,5.9,2026-09-30
AUSTENG,EQ,159.72,176.45,155.5,171.52,158.0,54150,91.64,2026-09-30
AUTOAXLES,EQ,1682.0,1717.0,1680.0,1706.5,1699.6,2884,48.95,2026-09-30
AUTOBEES,EQ,270.0,274.27,270.0,272.25,272.72,175105,478.06,2026-09-30
AUTOIETF,EQ,27.97,27.97,27.2,27.3,27.29,251181,68.7,2026-09-30
AUTOIND,EQ,81.11,84.25,81.11,82.66,81.99,106738,88.53,2026-09-30
AVADHSUGAR,EQ,793.45,817.1,786.6,800.2,793.45,100923,813.66,2026-09-30
AVALON,EQ,2205.0,2319.5,2180.0,2296.7,2302.0,2010767,45022.29,2026-09-30
AVANCE,EQ,0.85,0.86,0.82,0.82,0.85,8121839,67.52,2026-09-30
AVANTEL,EQ,149.02,156.5,149.0,154.06,149.22,1744909,2690.82,2026-09-30
AVANTIFEED,EQ,751.0,759.1,715.0,717.8,747.5,468691,3408.42,2026-09-30
AVL,EQ,591.0,599.8,576.3,594.35,585.8,107338,632.6,2026-09-30
AVONMORE,EQ,13.42,13.42,12.75,12.94,12.99,106930,14.01,2026-09-30
AVROIND,EQ,7.13,7.18,6.8,6.83,6.98,93679,6.5,2026-09-30
AVTNPL,EQ,93.0,93.49,90.41,91.29,92.2,232448,213.52,2026-09-30
AWFIS,EQ,249.35,250.7,242.6,244.1,247.1,196593,482.71,2026-09-30
AWHCL,EQ,364.35,371.7,361.05,364.55,364.35,68038,248.15,2026-09-30
AWL,EQ,178.95,181.3,177.11,177.68,178.75,910512,1625.76,2026-09-30
AXISBANK,EQ,1201.1,1237.1,1201.1,1226.0,1212.1,6178741,75694.28,2026-09-30
AXISCADES,EQ,2070.0,2274.1,2070.0,2231.2,2067.4,1248290,27593.27,2026-09-30
AXITA,EQ,7.84,7.86,7.7,7.71,7.81,504922,39.27,2026-09-30
AXTEL,EQ,447.5,447.5,438.2,440.8,443.65,5897,26.0,2026-09-30
AYE,EQ,160.7,161.29,155.0,155.89,159.7,864881,1364.43,2026-09-30
AYMSYNTEX,EQ,292.35,300.25,290.05,292.15,285.95,44125,130.41,2026-09-30
AZAD,EQ,2941.0,3127.9,2875.6,2963.2,2914.2,5708538,171396.47,2026-09-30
AZADIND,EQ,80.84,88.1,80.01,84.6,80.62,77601,65.31,2026-09-30
BAGFILMS,EQ,4.02,4.23,3.9,4.1,4.1,61189,2.47,2026-09-30
BAIDFIN,EQ,10.26,10.7,10.26,10.38,10.45,74200,7.73,2026-09-30
BAJAJ-AUTO,EQ,10779.0,10953.0,10779.0,10874.0,10811.0,313712,34147.38,2026-09-30
BAJAJCON,EQ,499.0,503.9,493.45,495.55,493.0,260252,1294.75,2026-09-30
BAJAJELEC,EQ,309.0,315.0,302.15,303.4,309.85,155806,478.75,2026-09-30
BAJAJFINSV,EQ,1742.4,1748.0,1702.1,1731.0,1742.4,1086211,18707.3,2026-09-30
BAJAJHCARE,EQ,337.8,338.0,325.15,327.2,335.0,84330,278.66,2026-09-30
BAJAJHFL,EQ,81.33,83.4,81.33,82.0,81.26,4275068,3510.76,2026-09-30
BAJAJHIND,EQ,20.09,20.51,19.41,19.54,19.98,12481018,2498.29,2026-09-30
BAJAJHLDNG,EQ,10686.0,10805.0,10655.0,10788.0,10600.0,40117,4309.13,2026-09-30
BAJAJINDEF,EQ,219.44,226.0,210.2,211.02,213.11,8436,18.11,2026-09-30
BAJAJST,EQ,345.1,347.75,340.0,345.45,345.1,7198,24.76,2026-09-30
BAJEL,EQ,168.93,172.56,163.5,164.9,170.2,199105,332.05,2026-09-30
BAJFINANCE,EQ,981.5,981.5,955.8,959.4,973.8,6625616,63827.7,2026-09-30
BALAJEE,EQ,24.67,26.44,24.67,25.2,25.43,36875,9.32,2026-09-30
BALAJITELE,EQ,91.74,93.78,90.71,91.26,91.74,130429,119.9,2026-09-30
BALAMINES,EQ,2143.0,2179.0,2095.0,2118.5,2142.1,117148,2488.49,2026-09-30
BALAXI,EQ,23.4,23.4,22.55,22.78,23.02,11994,2.73,2026-09-30
BALKRISHNA,EQ,15.88,16.49,15.76,16.29,15.87,4016,0.65,2026-09-30
BALKRISIND,EQ,2121.6,2155.0,2105.7,2117.0,2126.2,119706,2546.47,2026-09-30
BALMLAWRIE,EQ,161.0,165.65,161.0,161.16,161.59,90994,147.41,2026-09-30
BALPHARMA,EQ,112.44,113.38,109.0,109.53,112.11,41420,45.96,2026-09-30
BALRAMCHIN,EQ,678.0,688.4,654.0,662.85,672.9,1285691,8654.4,2026-09-30
BALUFORGE,EQ,505.0,511.95,493.5,496.35,501.15,310853,1564.22,2026-09-30
BANARBEADS,EQ,115.25,124.7,115.0,120.75,115.25,3639,4.34,2026-09-30
BANARISUG,EQ,3245.1,3329.2,3245.1,3300.2,3305.0,308,10.18,2026-09-30
BANCOINDIA,EQ,598.3,617.45,598.3,606.3,595.65,110117,671.71,2026-09-30
BANDHANBNK,EQ,184.01,184.37,177.26,178.23,185.31,13031625,23435.2,2026-09-30
BANG,EQ,31.53,32.8,30.92,32.27,31.68,21308,6.71,2026-09-30
BANK10ADD,EQ,16.12,16.37,16.09,16.27,16.11,30632,4.97,2026-09-30
BANK10BETF,EQ,19.45,20.48,19.36,19.89,19.45,10012558,1994.36,2026-09-30
BANKA,EQ,70.52,72.0,70.0,70.0,70.52,918,0.65,2026-09-30
BANKADD,EQ,56.16,56.43,55.84,56.23,55.89,428485,240.96,2026-09-30
BANKBARODA,EQ,230.4,235.7,230.29,230.55,227.68,10920670,25477.22,2026-09-30
BANKBEES,EQ,567.24,571.5,563.98,567.42,564.42,414243,2353.29,2026-09-30
BANKBETA,EQ,56.38,57.2,56.36,57.02,56.25,37577,21.26,2026-09-30
BANKBETF,EQ,55.43,56.5,54.93,55.6,55.43,6730,3.75,2026-09-30
BANKETF,EQ,551.06,562.0,551.06,557.44,553.83,41020,229.13,2026-09-30
BANKIETF,EQ,56.07,56.7,55.85,56.42,55.97,2045989,1153.24,2026-09-30
BANKINDIA,EQ,130.89,132.73,130.24,130.24,130.11,5018149,6591.77,2026-09-30
BANKNIFTY1,EQ,56.5,57.32,55.91,56.78,56.5,215264,122.72,2026-09-30
BANKPSU,EQ,81.56,81.87,81.0,81.09,80.9,2084,1.7,2026-09-30
BANSALWIRE,EQ,330.35,333.95,322.0,323.45,327.65,109681,358.68,2026-09-30
BANSWRAS,EQ,110.43,110.43,107.27,108.61,107.31,7017,7.6,2026-09-30
BASF,EQ,3445.0,3515.8,3438.6,3447.8,3435.6,10894,377.57,2026-09-30
BATAINDIA,EQ,620.4,627.0,617.05,618.75,620.35,59998,373.45,2026-09-30
BATLIBOI,EQ,85.85,86.9,82.58,82.95,85.24,26225,22.06,2026-09-30
BAYERCROP,EQ,3615.0,3665.8,3615.0,3627.6,3602.7,21117,768.33,2026-09-30
BBETF0432,EQ,1339.94,1339.94,1334.02,1335.5,1337.31,41450,553.78,2026-09-30
BBL,EQ,2129.4,2163.7,2091.6,2095.2,2123.7,13884,293.9,2026-09-30
BBNPNBETF,EQ,54.89,55.69,54.89,55.39,53.73,794,0.44,2026-09-30
BBNPPGOLD,EQ,141.8,143.45,141.6,142.05,141.1,17548,24.92,2026-09-30
BBOX,EQ,820.0,854.6,800.25,804.8,812.8,1137619,9414.72,2026-09-30
BBTC,EQ,1362.4,1378.8,1350.0,1357.4,1355.0,24685,337.42,2026-09-30
BBTCL,EQ,233.3,233.3,225.62,228.67,228.15,627,1.43,2026-09-30
BCG,EQ,9.2,9.42,9.2,9.22,9.28,3466176,321.51,2026-09-30
BCLIND,EQ,32.42,32.74,31.51,31.79,32.42,223784,71.99,2026-09-30
BCONCEPTS,EQ,144.9,145.77,136.5,140.66,139.25,6718,9.6,2026-09-30
BCPL,EQ,67.8,71.9,65.4,68.86,68.12,28331,19.75,2026-09-30
BDL,EQ,1091.0,1127.6,1091.0,1110.1,1085.1,1193043,13290.29,2026-09-30
BEARDSELL,EQ,24.44,24.44,22.02,22.43,23.32,82174,18.52,2026-09-30
BECTORFOOD,EQ,209.9,211.6,205.3,206.74,208.7,816875,1692.74,2026-09-30
BEDMUTHA,EQ,109.2,111.97,105.1,109.96,107.46,7028,7.64,2026-09-30
BEEKAY,EQ,433.35,480.0,433.35,452.95,433.3,12184,55.89,2026-09-30
BEL,EQ,386.4,391.0,385.0,388.3,387.75,9671143,37567.38,2026-09-30
BELLACASA,EQ,260.62,268.0,243.51,246.61,255.51,10056,25.08,2026-09-30
BELRISE,EQ,240.5,244.14,240.0,240.36,240.52,1036662,2505.6,2026-09-30
BEML,EQ,1956.6,2002.8,1956.6,1992.4,1966.6,204724,4067.36,2026-09-30
BENARAS,EQ,10205.0,10288.0,10200.0,10215.0,10215.0,24,2.46,2026-09-30
BENGALASM,EQ,6109.5,6138.0,6051.0,6103.0,6161.5,246,15.04,2026-09-30
BEPL,EQ,124.0,127.19,123.75,124.4,124.0,743884,932.35,2026-09-30
BERGEPAINT,EQ,451.15,458.75,449.25,455.45,448.2,302319,1377.15,2026-09-30
BESTAGRO,EQ,17.74,18.25,17.33,17.53,17.86,672928,119.97,2026-09-30
BETA,EQ,2079.9,2095.0,2026.6,2053.0,2064.9,7218,148.97,2026-09-30
BFINVEST,EQ,436.15,443.45,433.0,434.05,436.15,13108,57.16,2026-09-30
BFSI,EQ,26.09,26.09,25.41,25.66,25.58,105147,27.04,2026-09-30
BFUTILITIE,EQ,512.0,525.0,504.0,507.75,508.9,73546,379.19,2026-09-30
BHAGCHEM,EQ,240.0,242.75,235.05,238.55,240.25,78136,186.9,2026-09-30
BHAGERIA,EQ,382.0,413.5,378.0,406.45,377.85,364825,1463.57,2026-09-30
BHAGYANGR,EQ,405.0,422.0,400.05,411.15,408.1,87639,363.05,2026-09-30
BHANDARI,EQ,2.9,2.93,2.88,2.89,2.9,96957,2.81,2026-09-30
BHARATCOAL,EQ,33.49,33.55,32.45,32.8,33.5,4485549,1479.12,2026-09-30
BHARATFORG,EQ,1931.0,1944.9,1891.6,1926.0,1942.0,1059256,20401.66,2026-09-30
BHARATRAS,EQ,1008.1,1030.0,998.5,1003.9,1005.7,28003,282.6,2026-09-30
BHARATSE,EQ,216.13,217.12,210.5,212.38,213.61,50392,107.8,2026-09-30
BHARATWIRE,EQ,166.95,169.66,164.0,164.36,167.18,98885,163.65,2026-09-30
BHARTIARTL,EQ,1775.2,1779.5,1753.7,1757.0,1771.2,8080358,142353.53,2026-09-30
BHARTIHEXA,EQ,1409.4,1438.0,1401.0,1424.5,1409.4,102458,1461.6,2026-09-30
BHEL,EQ,415.1,421.8,411.7,415.5,413.35,8153812,33827.9,2026-09-30
BIGBLOC,EQ,39.77,40.0,38.8,39.79,38.64,23838,9.44,2026-09-30
BIKAJI,EQ,530.0,543.0,516.0,521.8,531.15,174430,921.34,2026-09-30
BIL,EQ,1030.0,1030.0,952.95,995.1,1000.7,7093,70.7,2026-09-30
BIMETAL,EQ,638.0,649.95,637.0,648.95,635.65,250,1.6,2026-09-30
BIOCON,EQ,378.0,381.2,370.3,370.3,377.0,1849491,6937.07,2026-09-30
BIOFILCHEM,EQ,30.51,31.81,29.6,30.38,31.52,18556,5.71,2026-09-30
BIRLACABLE,EQ,372.0,387.35,371.45,381.15,368.95,654414,2502.3,2026-09-30
BIRLACORPN,EQ,850.0,857.8,839.0,840.05,849.9,20629,173.86,2026-09-30
BIRLAMONEY,EQ,114.29,116.5,114.29,114.78,114.29,18729,21.55,2026-09-30
BIRLANU,EQ,1406.0,1426.5,1394.1,1400.1,1406.0,6563,92.51,2026-09-30
BLACKBUCK,EQ,628.0,634.0,606.0,607.9,622.4,471558,2922.87,2026-09-30
BLACKROSE,EQ,115.25,118.28,112.0,115.79,113.25,54925,63.45,2026-09-30
BLAL,EQ,162.38,163.09,159.01,160.26,163.65,23426,37.69,2026-09-30
BLBLIMITED,EQ,16.6,17.19,16.6,16.73,16.84,47532,8.01,2026-09-30
BLEL,EQ,451.9,529.95,449.6,485.6,447.05,15601996,78378.76,2026-09-30
BLIL,EQ,65.17,65.78,64.91,65.23,64.91,45185,29.56,2026-09-30
BLKASHYAP,EQ,50.61,53.44,50.0,50.36,50.9,421044,216.7,2026-09-30
BLS,EQ,219.55,223.93,217.23,218.26,219.55,602312,1326.01,2026-09-30
BLSE,EQ,323.0,332.0,321.1,328.6,321.1,445285,1456.64,2026-09-30
BLUECLOUDS,EQ,20.35,20.82,19.56,19.9,20.23,4389309,887.64,2026-09-30
BLUECOAST,EQ,22.7,23.8,22.01,22.07,22.7,3112,0.71,2026-09-30
BLUEDART,EQ,4574.9,4654.2,4539.3,4629.0,4576.0,14406,663.7,2026-09-30
BLUEJET,EQ,555.0,562.35,535.0,538.05,549.6,399671,2177.22,2026-09-30
BLUESTARCO,EQ,1525.0,1541.1,1502.1,1518.0,1529.5,615606,9351.0,2026-09-30
BLUESTONE,EQ,806.2,812.0,782.0,794.85,806.05,805919,6439.62,2026-09-30
BLUSPRING,EQ,145.8,147.8,140.1,141.74,143.11,149662,214.09,2026-09-30
BMWVENTLTD,EQ,51.13,51.89,51.12,51.5,51.49,27684,14.24,2026-09-30
BNAGROCHEM,EQ,215.0,217.6,210.1,217.6,207.24,102349,220.16,2026-09-30
BNKETFAXIS,EQ,564.54,618.0,564.49,575.31,562.34,689,3.94,2026-09-30
BOHRAIND,EQ,15.03,15.76,14.8,15.51,15.01,26872,4.13,2026-09-30
BOMDYEING,EQ,106.75,107.84,105.0,105.62,106.7,316532,337.35,2026-09-30
BONLON,EQ,41.0,41.9,38.01,40.21,40.16,38309,15.59,2026-09-30
BORANA,EQ,297.8,297.8,275.0,278.2,296.4,66407,188.14,2026-09-30
BOROLTD,EQ,282.0,300.0,279.41,293.38,276.21,1096443,3201.9,2026-09-30
BORORENEW,EQ,452.95,470.8,452.95,458.15,452.5,523400,2430.05,2026-09-30
BOROSCI,EQ,114.84,116.77,113.16,113.91,114.84,54494,62.68,2026-09-30
BOSCH-HCIL,EQ,1950.1,1979.0,1851.2,1876.7,1934.4,72922,1408.69,2026-09-30
BOSCHLTD,EQ,45960.0,47545.0,45960.0,47100.0,45700.0,30394,14318.15,2026-09-30
BPCL,EQ,301.95,308.25,301.1,303.2,299.35,5525502,16787.96,2026-09-30
BPL,EQ,46.78,46.85,45.32,45.59,46.5,37403,17.17,2026-09-30
BPLPHARMA,EQ,1945.0,1948.0,1756.4,1792.8,1926.0,15982,296.65,2026-09-30
BRAHMINFRA,EQ,158.2,159.0,146.15,148.08,149.26,41533,62.92,2026-09-30
BRIGADE,EQ,559.1,586.85,559.1,575.25,563.05,566667,3259.8,2026-09-30
BRIGHOTEL,EQ,55.85,57.8,55.85,56.96,56.14,282041,161.0,2026-09-30
BRIGHTBR,EQ,254.0,254.0,246.0,252.9,248.85,1978,4.99,2026-09-30
BRITANNIA,EQ,4830.0,4830.5,4758.0,4830.0,4835.0,485651,23281.0,2026-09-30
BRNL,EQ,16.15,16.9,15.67,15.84,16.45,34022,5.58,2026-09-30
BROOKS,EQ,56.8,57.61,55.02,55.8,56.51,46499,26.12,2026-09-30
BSE,EQ,3138.9,3149.0,3075.0,3092.0,3200.0,6411793,198884.86,2026-09-30
BSE500IETF,EQ,37.73,38.87,37.2,37.51,37.73,84433,31.88,2026-09-30
BSHSL,EQ,85.8,86.75,83.5,86.1,85.9,3551,3.02,2026-09-30
BSL,EQ,118.16,121.49,117.5,118.28,118.16,909,1.08,2026-09-30
BSLGOLDETF,EQ,128.69,130.0,128.69,129.46,128.49,650112,841.1,2026-09-30
BSLNIFTY,EQ,27.73,28.0,26.56,26.85,27.06,4493220,1202.28,2026-09-30
BSLSENETFG,EQ,72.29,74.2,72.29,73.09,73.03,907,0.67,2026-09-30
BSOFT,EQ,270.0,280.3,269.9,271.7,269.05,1727416,4773.72,2026-09-30
BTML,EQ,6.91,7.44,6.91,6.97,7.03,91799,6.48,2026-09-30
BUILDPRO,EQ,1249.1,1257.9,1221.1,1231.0,1244.2,84714,1056.9,2026-09-30
BUTTERFLY,EQ,564.3,565.35,551.55,552.75,561.25,12112,67.51,2026-09-30
BVCL,EQ,41.5,44.38,41.47,43.02,40.87,72324,31.11,2026-09-30
BYKE,EQ,29.5,29.87,29.0,29.12,28.93,40573,11.83,2026-09-30
CAMLINFINE,EQ,93.8,95.79,92.91,93.15,93.17,369269,347.03,2026-09-30
CAMPUS,EQ,210.0,211.36,207.52,208.83,209.76,196106,411.0,2026-09-30
CAMS,EQ,666.6,679.95,666.0,671.0,666.0,1798467,12104.74,2026-09-30
CANBK,EQ,119.7,121.48,119.44,119.44,119.51,12579795,15180.42,2026-09-30
CANFINHOME,EQ,733.0,739.8,715.0,719.2,731.7,235321,1706.9,2026-09-30
CANHLIFE,EQ,149.87,149.87,147.15,148.51,149.62,225185,334.33,2026-09-30
CANTABIL,EQ,232.2,233.99,229.3,231.22,232.5,69587,161.0,2026-09-30
CAPACITE,EQ,182.7,186.63,182.4,182.89,182.61,95782,176.69,2026-09-30
CAPILLARY,EQ,569.0,574.0,553.15,560.45,568.05,69748,392.15,2026-09-30
CAPITALSFB,EQ,278.0,298.0,278.0,288.6,279.65,137229,400.63,2026-09-30
CAPLIPOINT,EQ,2760.1,2797.8,2663.3,2716.4,2744.0,156298,4227.09,2026-09-30
CARBORUNIV,EQ,1206.5,1269.9,1204.4,1252.5,1200.5,475133,5929.18,2026-09-30
CARERATING,EQ,1637.0,1652.8,1611.0,1616.7,1637.8,51390,835.94,2026-09-30
CARRARO,EQ,520.0,530.45,515.0,527.5,520.8,352593,1850.75,2026-09-30
CARTRADE,EQ,2922.0,2949.5,2888.0,2899.8,2907.5,191607,5570.28,2026-09-30
CARYSIL,EQ,1046.1,1060.4,1020.0,1036.1,1056.5,149256,1548.06,2026-09-30
CASHIETF,EQ,1081.71,1081.71,1081.69,1081.7,1081.56,596911,6456.74,2026-09-30
CASTROLIND,EQ,199.83,202.75,199.83,200.52,199.83,2564891,5155.13,2026-09-30
CCAVENUE,EQ,15.31,15.52,15.08,15.12,15.36,7376759,1124.67,2026-09-30
CCCL,EQ,13.98,14.38,13.05,13.95,13.47,353951,49.16,2026-09-30
CCHHL,EQ,12.9,13.2,12.9,13.0,12.9,12278,1.6,2026-09-30
CCL,EQ,1002.0,1031.0,991.4,1019.5,1006.2,146634,1495.17,2026-09-30
CDSL,EQ,1270.0,1286.5,1262.5,1264.0,1261.9,871860,11108.48,2026-09-30
CEATLTD,EQ,3242.3,3320.9,3242.3,3264.4,3240.0,46666,1532.21,2026-09-30
CEIGALL,EQ,383.8,385.9,375.1,382.75,377.55,305558,1161.87,2026-09-30
CEINSYS,EQ,676.15,690.0,666.0,666.85,681.85,44612,300.39,2026-09-30
CELEBRITY,EQ,6.74,6.74,6.36,6.66,6.46,13125,0.87,2026-09-30
CELLO,EQ,330.0,337.55,324.1,325.55,333.35,174282,575.53,2026-09-30
CEMNTGROWW,EQ,13.89,13.97,13.75,13.86,13.72,36281,5.02,2026-09-30
CEMPRO,EQ,1226.3,1249.0,1182.6,1192.2,1223.3,242505,2934.31,2026-09-30
CENTENKA,EQ,552.0,569.3,551.55,554.6,549.5,24863,139.51,2026-09-30
CENTEXT,EQ,18.2,19.07,18.2,18.62,18.16,121183,22.75,2026-09-30
CENTRALBK,EQ,30.07,30.84,30.07,30.46,30.04,4973027,1519.34,2026-09-30
CENTRUM,EQ,20.95,21.35,19.0,19.61,20.56,765145,154.78,2026-09-30
CENTUM,EQ,4915.8,4925.0,4738.4,4797.9,4920.7,90214,4353.17,2026-09-30
CENTURYPLY,EQ,663.05,686.0,663.05,681.85,665.0,64964,443.63,2026-09-30
CERA,EQ,5125.0,5199.5,5037.0,5088.0,5124.5,25540,1309.62,2026-09-30
CESC,EQ,133.95,136.39,133.61,133.85,133.87,1540893,2080.56,2026-09-30
CEWATER,EQ,259.25,267.4,257.05,259.6,259.6,28177,73.53,2026-09-30
CGCL,EQ,249.3,252.75,246.5,247.45,246.9,1406907,3495.9,2026-09-30
CGPOWER,EQ,866.45,876.8,854.2,854.2,858.05,2404620,20786.34,2026-09-30
CGVAK,EQ,151.5,151.5,145.31,145.69,148.97,1492,2.21,2026-09-30
CHALET,EQ,849.9,861.95,831.0,845.2,840.75,132305,1122.98,2026-09-30
CHAMBLFERT,EQ,414.35,417.45,408.4,409.25,413.55,384509,1583.24,2026-09-30
CHEMBOND,EQ,182.5,189.44,181.62,182.73,182.87,12149,22.59,2026-09-30
CHEMCON,EQ,212.1,221.37,212.1,217.28,213.81,27761,60.43,2026-09-30
CHEMCRUX,EQ,79.8,80.2,77.51,78.62,78.01,6413,5.1,2026-09-30
CHEMFAB,EQ,359.8,359.8,335.0,335.9,343.5,4381,14.88,2026-09-30
CHEMICAL,EQ,28.15,28.74,28.0,28.47,28.11,326516,93.23,2026-09-30
CHEMPLASTS,EQ,192.26,196.79,184.5,185.92,192.35,278500,525.12,2026-09-30
CHENNPETRO,EQ,1447.9,1502.3,1428.0,1436.3,1436.9,1709133,25041.28,2026-09-30
CHEVIOT,EQ,1194.9,1199.9,1175.4,1183.2,1176.0,642,7.66,2026-09-30
CHOICEGOLD,EQ,145.2,147.12,145.2,145.54,145.05,10811,15.77,2026-09-30
CHOICEIN,EQ,741.05,749.4,721.2,726.25,741.15,401169,2939.35,2026-09-30
CHOLAFIN,EQ,1637.2,1642.1,1600.1,1620.0,1627.3,1860436,30037.73,2026-09-30
CHOLAHLDNG,EQ,1361.0,1400.0,1361.0,1386.2,1371.8,272263,3765.77,2026-09-30
CIEINDIA,EQ,379.0,390.0,378.05,386.3,376.45,288927,1116.74,2026-09-30
CIFL,EQ,20.63,21.85,20.63,21.34,21.36,72960,15.58,2026-09-30
CINELINE,EQ,89.44,89.5,85.35,86.96,88.13,22839,20.02,2026-09-30
CINEVISTA,EQ,13.75,13.99,13.65,13.83,13.64,5653,0.78,2026-09-30
CIPLA,EQ,1383.0,1384.0,1346.0,1346.0,1379.3,1063964,14481.05,2026-09-30
CLEAN,EQ,776.9,801.2,774.8,794.35,775.75,245660,1941.21,2026-09-30
CLEANMAX,EQ,1390.7,1405.0,1315.8,1327.2,1382.4,851431,11355.46,2026-09-30
CLEDUCATE,EQ,55.96,58.2,55.0,57.01,55.43,31888,18.05,2026-09-30
CLSEL,EQ,282.2,295.5,282.2,284.15,282.25,68524,197.78,2026-09-30
CMLL,EQ,547.05,553.55,529.0,532.05,542.9,314749,1705.1,2026-09-30
CMPDI,EQ,213.1,214.89,207.5,209.21,213.12,726889,1533.5,2026-09-30
CMRGREEN,EQ,228.98,233.99,223.5,224.83,227.91,395630,897.83,2026-09-30
CMSINFO,EQ,229.95,231.99,220.99,221.45,229.17,632685,1418.16,2026-09-30
CNL,EQ,1105.8,1156.9,1078.0,1082.2,1097.7,6433,70.55,2026-09-30
COALINDIA,EQ,425.1,432.9,423.95,425.0,425.0,7436925,31852.87,2026-09-30
COASTCORP,EQ,36.53,37.8,36.0,36.97,35.55,86221,31.53,2026-09-30
COCHINSHIP,EQ,1332.0,1348.6,1305.7,1315.0,1359.3,985418,13093.63,2026-09-30
COCKERILL,EQ,7905.5,8029.0,7840.5,7966.5,7883.0,3420,272.05,2026-09-30
COFFEEDAY,EQ,30.51,30.85,30.06,30.14,30.51,310652,94.23,2026-09-30
COFORGE,EQ,1757.6,1824.4,1749.1,1749.1,1722.0,3113656,55635.88,2026-09-30
COHANCE,EQ,456.0,460.95,440.8,444.0,457.9,1480412,6612.38,2026-09-30
COLPAL,EQ,1790.1,1808.6,1763.3,1763.3,1785.1,276534,4941.63,2026-09-30
COMFINTE,EQ,6.94,7.24,6.02,6.36,6.73,1331887,88.25,2026-09-30
COMMOIETF,EQ,95.27,95.98,94.56,95.31,95.27,45119,43.03,2026-09-30
COMPEAU,EQ,358.1,368.45,354.4,368.45,369.7,224,0.8,2026-09-30
COMPUSOFT,EQ,13.66,14.0,13.41,13.48,13.36,24794,3.39,2026-09-30
COMSYN,EQ,267.65,279.15,265.0,269.7,261.95,610951,1663.79,2026-09-30
CONCOR,EQ,449.0,454.6,445.3,447.5,443.5,1094966,4942.14,2026-09-30
CONCORDBIO,EQ,1423.4,1434.7,1366.6,1373.6,1410.7,100957,1400.29,2026-09-30
CONFIPET,EQ,87.0,89.55,86.52,88.13,87.19,1829935,1616.71,2026-09-30
CONS,EQ,11.53,11.55,11.4,11.46,11.72,68549,7.86,2026-09-30
CONSUMAXIS,EQ,115.58,116.9,113.9,113.93,115.71,2958,3.38,2026-09-30
CONSUMBEES,EQ,125.35,126.04,123.07,123.68,125.07,94086,116.67,2026-09-30
CONSUMER,EQ,11.33,11.4,11.29,11.3,11.34,59211,6.71,2026-09-30
CONSUMIETF,EQ,116.1,116.15,114.8,115.0,116.41,10322,11.9,2026-09-30
CONTROLPR,EQ,608.0,610.0,600.0,607.35,608.5,13322,80.6,2026-09-30
CORALFINAC,EQ,32.77,32.77,31.43,31.55,32.17,10305,3.29,2026-09-30
CORDELIA,EQ,103.46,105.16,102.3,102.59,102.56,630212,649.79,2026-09-30
COROMANDEL,EQ,1810.8,1832.0,1742.9,1758.2,1792.9,612561,10842.79,2026-09-30
CORONA,EQ,2085.0,2111.8,2062.1,2093.4,2078.4,23940,500.49,2026-09-30
COSMOFIRST,EQ,856.0,875.75,837.5,845.6,834.8,43706,375.25,2026-09-30
CPCAP,EQ,153.9,154.0,137.35,141.59,150.35,19440,28.28,2026-09-30
CPEDU,EQ,178.0,181.0,177.2,177.45,179.6,4608,8.29,2026-09-30
CPL,EQ,61.69,64.07,61.69,63.27,62.16,27672,17.5,2026-09-30
CPPLUS,EQ,3840.1,3950.0,3766.0,3846.5,3817.6,237687,9168.45,2026-09-30
CPSEETF,EQ,91.36,91.87,90.24,90.55,91.36,578348,526.26,2026-09-30
CRAFTSMAN,EQ,10581.0,10581.0,10316.0,10417.0,10505.0,46075,4811.25,2026-09-30
CRAMC,EQ,224.45,227.0,224.0,224.7,223.55,247677,557.56,2026-09-30
CRAVATEX,EQ,359.8,365.8,345.0,359.85,343.95,56,0.2,2026-09-30
CREATIVEYE,EQ,6.15,6.75,5.85,6.12,6.03,4878,0.3,2026-09-30
CREDITACC,EQ,1220.2,1278.8,1220.2,1272.0,1216.3,364278,4580.77,2026-09-30
CREST,EQ,364.95,375.0,355.0,366.85,356.9,4058,14.8,2026-09-30
CRESTO,EQ,23.99,23.99,22.93,23.21,23.59,53671,12.68,2026-09-30
CRISIL,EQ,4464.8,4519.0,4416.0,4450.8,4464.1,36918,1645.72,2026-09-30
CRIZAC,EQ,170.6,173.39,168.9,170.12,169.08,100955,172.66,2026-09-30
CROMPTON,EQ,212.0,214.56,208.67,208.67,211.37,1957515,4146.14,2026-09-30
CROWN,EQ,116.8,116.99,114.59,115.27,115.73,17028,19.72,2026-09-30
CSBBANK,EQ,316.0,319.15,309.5,311.0,316.2,283282,886.51,2026-09-30
CSLFINANCE,EQ,213.98,215.25,210.0,210.85,211.4,14378,30.51,2026-09-30
CSM,EQ,100.0,104.0,97.0,98.17,98.16,132729,132.02,2026-09-30
CUB,EQ,216.75,229.0,214.91,226.05,214.91,8157697,18419.24,2026-09-30
CUMMINSIND,EQ,4821.5,4839.0,4741.0,4760.0,4800.0,573791,27554.2,2026-09-30
CUPID,EQ,288.0,312.0,287.4,311.65,288.0,66496228,204451.01,2026-09-30
CYIENT,EQ,1055.3,1138.0,1050.1,1100.7,1055.3,2323228,25950.75,2026-09-30
CYIENTDLM,EQ,921.0,928.25,905.35,914.1,921.15,203064,1857.3,2026-09-30
DABUR,EQ,379.95,384.65,379.15,380.1,380.4,1957070,7475.46,2026-09-30
DALBHARAT,EQ,1637.6,1696.8,1637.4,1683.7,1637.4,111663,1868.45,2026-09-30
DALMIASUG,EQ,416.0,424.9,405.65,408.8,412.2,130282,541.56,2026-09-30
DAMCAPITAL,EQ,154.95,159.29,150.1,151.08,155.76,623800,966.77,2026-09-30
DANGEE,EQ,2.85,3.0,2.8,2.92,2.79,102268,2.99,2026-09-30
DATAMATICS,EQ,825.0,837.0,802.15,805.55,821.4,146286,1206.29,2026-09-30
DATAPATTNS,EQ,4241.2,4358.8,4226.0,4286.9,4221.6,336383,14515.75,2026-09-30
DAVANGERE,EQ,2.37,2.4,2.26,2.31,2.34,6763373,157.5,2026-09-30
DBCORP,EQ,177.02,181.6,174.01,175.38,175.73,195863,347.32,2026-09-30
DBEIL,EQ,6.45,6.74,6.45,6.68,6.54,157480,10.49,2026-09-30
DBL,EQ,410.45,416.0,403.1,406.2,410.9,63814,260.5,2026-09-30
DBOL,EQ,124.49,129.89,124.29,126.1,124.49,321088,408.08,2026-09-30
DBREALTY,EQ,98.25,98.99,95.5,96.52,97.82,1028560,999.39,2026-09-30
DCAL,EQ,162.57,163.83,156.35,157.47,161.39,228801,365.99,2026-09-30
DCBBANK,EQ,202.06,205.56,202.05,203.54,202.37,781971,1592.11,2026-09-30
DCI,EQ,326.9,340.0,322.9,335.0,325.7,162842,544.68,2026-09-30
DCM,EQ,75.01,77.6,73.41,74.0,75.0,18795,14.15,2026-09-30
DCMFINSERV,EQ,4.93,5.15,4.85,5.07,4.93,23478,1.18,2026-09-30
DCMNVL,EQ,175.09,176.75,171.06,172.6,175.13,4894,8.51,2026-09-30
DCMSHRIRAM,EQ,905.1,923.9,905.1,915.6,907.8,58580,537.67,2026-09-30
DCMSIL,EQ,78.05,85.31,77.3,82.25,77.56,216984,176.47,2026-09-30
DCMSRIND,EQ,39.61,40.35,38.83,39.57,39.34,203293,80.65,2026-09-30
DCW,EQ,46.05,47.17,45.31,45.62,45.98,928628,428.54,2026-09-30
DCXINDIA,EQ,159.6,164.87,159.6,161.18,158.81,345928,562.53,2026-09-30
DDEVPLSTIK,EQ,249.6,253.9,246.2,249.5,248.75,55337,138.84,2026-09-30
DECCANCE,EQ,550.0,587.45,537.85,566.5,540.1,102837,583.28,2026-09-30
DECNGOLD,EQ,201.61,208.0,198.06,200.76,201.41,933680,1898.76,2026-09-30
DEEDEV,EQ,659.75,683.0,659.75,676.9,653.5,93263,629.13,2026-09-30
DEEPA,EQ,191.8,199.9,189.74,195.48,188.89,2948558,5780.93,2026-09-30
DEEPAKFERT,EQ,1305.1,1387.4,1305.1,1351.0,1308.9,520150,7050.6,2026-09-30
DEEPAKNTR,EQ,1535.0,1555.0,1520.6,1529.8,1529.0,141444,2167.74,2026-09-30
DEEPINDS,EQ,782.45,789.0,746.95,755.95,782.5,186911,1432.37,2026-09-30
DEFENCE,EQ,77.15,77.98,76.99,77.52,76.93,198066,153.71,2026-09-30
DELHIVERY,EQ,418.35,418.35,400.35,409.7,417.4,5573038,22729.71,2026-09-30
DELTACORP,EQ,78.55,87.9,78.55,80.51,78.69,84962418,71974.69,2026-09-30
DELTAMAGNT,EQ,57.2,58.5,57.01,57.19,57.07,2227,1.28,2026-09-30
DEN,EQ,25.99,26.36,25.77,25.93,25.91,269929,70.13,2026-09-30
DENORA,EQ,735.0,756.0,718.6,736.5,741.35,10095,74.6,2026-09-30
DENTA,EQ,267.4,271.75,264.5,265.75,266.6,48166,129.19,2026-09-30
DEVIT,EQ,21.6,22.5,21.06,21.86,21.59,72158,15.55,2026-09-30
DEVX,EQ,36.12,36.56,35.71,36.07,36.12,41456,14.98,2026-09-30
DEVYANI,EQ,130.68,132.7,129.0,130.29,130.72,1090016,1429.6,2026-09-30
DGCONTENT,EQ,25.5,26.75,24.75,25.43,25.24,84649,21.55,2026-09-30
DHAMPURSUG,EQ,174.0,179.69,170.1,171.42,171.8,654374,1147.96,2026-09-30
DHANBANK,EQ,28.11,28.93,27.1,27.52,28.37,833002,231.21,2026-09-30
DHANUKA,EQ,931.0,940.75,925.1,928.35,930.55,21838,203.3,2026-09-30
DHARMAJ,EQ,276.2,282.9,262.0,264.35,278.75,100650,274.29,2026-09-30
DHATRE,EQ,3.91,4.1,3.91,3.98,3.97,17934,0.72,2026-09-30
DHOOTTRANS,EQ,1505.0,1518.9,1480.0,1488.8,1504.6,580685,8714.68,2026-09-30
DHRUV,EQ,20.87,21.89,19.96,20.08,20.89,8040,1.63,2026-09-30
DHUNINV,EQ,989.7,991.0,950.0,955.65,972.35,621,5.99,2026-09-30
DIAMINESQ,EQ,243.38,243.38,236.6,238.5,239.88,1955,4.69,2026-09-30
DIAMONDYD,EQ,1061.0,1124.9,1056.2,1108.5,1051.1,164680,1790.61,2026-09-30
DICIND,EQ,629.5,645.65,623.05,635.3,619.95,5230,33.14,2026-09-30
DIFFNKG,EQ,451.45,452.0,435.1,438.75,448.15,78332,346.11,2026-09-30
DIGIDRIVE,EQ,17.73,17.99,17.55,17.89,17.81,18503,3.29,2026-09-30
DIGISPICE,EQ,15.0,15.53,14.86,14.96,15.35,99635,15.06,2026-09-30
DIGITIDE,EQ,75.67,77.5,72.2,72.85,75.12,366324,273.02,2026-09-30
DISAQ,EQ,12050.0,12050.0,11750.0,11796.0,11804.0,158,18.86,2026-09-30
DISHTV,EQ,2.05,2.19,2.05,2.06,2.15,4887725,101.35,2026-09-30
DIVGIITTS,EQ,1220.0,1283.1,1166.3,1181.8,1212.9,161440,1970.25,2026-09-30
DIVIDEND,EQ,34.34,34.4,34.0,34.04,33.99,9597,3.29,2026-09-30
DIVISLAB,EQ,9499.5,9505.0,9275.0,9291.5,9431.0,541269,50664.51,2026-09-30
DIVOPPBEES,EQ,73.15,73.49,72.52,72.88,72.76,28022,20.44,2026-09-30
DIXON,EQ,13300.0,13425.0,13100.0,13100.0,13250.0,273569,36310.15,2026-09-30
DJML,EQ,70.91,72.9,70.91,71.82,71.62,96040,68.92,2026-09-30
DLF,EQ,665.05,674.0,653.0,674.0,653.0,5830044,38559.26,2026-09-30
DLINKINDIA,EQ,417.05,421.45,410.0,411.85,414.2,40130,166.69,2026-09-30
DMART,EQ,3769.5,3865.0,3769.5,3801.4,3750.0,620771,23797.85,2026-09-30
DMCC,EQ,317.0,324.0,308.35,311.7,314.45,250289,796.88,2026-09-30
DNAMEDIA,EQ,2.43,2.48,2.42,2.44,2.41,24871,0.6,2026-09-30
DODLA,EQ,1001.3,1032.9,1001.3,1019.4,1011.1,22246,226.9,2026-09-30
DOLATALGO,EQ,66.0,66.48,64.52,64.94,65.51,79533,52.09,2026-09-30
DOLLAR,EQ,278.2,285.9,276.0,277.25,280.25,210742,594.73,2026-09-30
DOLLEX,EQ,40.0,40.0,37.6,38.0,38.9,17634,6.75,2026-09-30
DOLPHIN,EQ,652.5,715.8,631.2,637.4,650.75,70720,474.09,2026-09-30
DOMS,EQ,2056.4,2122.0,2044.1,2107.0,2052.4,46672,974.83,2026-09-30
DONEAR,EQ,81.13,82.64,80.71,81.4,81.12,4484,3.66,2026-09-30
DPABHUSHAN,EQ,1750.0,1815.7,1685.0,1788.8,1665.8,869922,15270.0,2026-09-30
DRAGARWQ,EQ,5190.0,5201.0,5061.0,5130.0,5129.5,2230,114.12,2026-09-30
DRCSYSTEMS,EQ,12.19,14.0,12.16,13.15,12.31,111616,14.46,2026-09-30
DREAMFOLKS,EQ,62.19,62.89,61.5,61.66,61.91,28888,17.96,2026-09-30
DREDGECORP,EQ,939.4,954.6,912.0,920.2,932.9,61117,571.35,2026-09-30
DRREDDY,EQ,1242.2,1244.6,1214.2,1233.0,1251.9,4026022,49496.46,2026-09-30
DSFCL,EQ,29.17,29.8,28.19,28.94,29.1,45090,13.11,2026-09-30
DSSL,EQ,1023.5,1023.5,981.1,983.2,993.0,22519,222.89,2026-09-30
DUCON,EQ,1.37,1.43,1.35,1.36,1.42,3809077,52.47,2026-09-30
DVL,EQ,288.0,291.45,282.1,282.95,287.65,8519,24.19,2026-09-30
DWARKESH,EQ,43.8,44.55,42.45,42.66,43.33,1342472,584.26,2026-09-30
DYCL,EQ,435.5,446.45,435.0,437.15,433.9,216097,951.0,2026-09-30
DYNAMATECH,EQ,13065.0,13650.0,13060.0,13611.0,13065.0,49032,6621.51,2026-09-30
DYNPRO,EQ,226.0,227.02,221.0,223.58,222.6,5756,12.91,2026-09-30
EASEMYTRIP,EQ,5.88,6.03,5.81,5.86,5.88,9015155,534.27,2026-09-30
EASTWEST,EQ,2.27,2.36,2.25,2.33,2.27,34577,0.8,2026-09-30
EBANK10,EQ,16.1,16.23,15.74,15.82,16.04,1176,0.19,2026-09-30
EBANKNIFTY,EQ,55.02,55.78,55.02,55.41,54.94,643,0.36,2026-09-30
EBBETF0430,EQ,1591.93,1611.9,1591.93,1606.78,1607.4,2174,34.93,2026-09-30
EBBETF0431,EQ,1432.57,1433.94,1423.02,1427.54,1425.71,21312,303.88,2026-09-30
EBBETF0433,EQ,1293.04,1297.9,1293.04,1297.04,1298.53,2939,38.12,2026-09-30
EBGNG,EQ,700.05,711.45,684.9,686.75,674.8,906069,6326.21,2026-09-30
ECAPINSURE,EQ,22.84,23.03,22.21,22.56,22.58,46164,10.47,2026-09-30
ECLERX,EQ,1772.0,1848.7,1772.0,1819.9,1769.7,177436,3241.14,2026-09-30
ECORECO,EQ,407.95,410.0,391.45,395.5,403.3,9028,36.28,2026-09-30
ECOSMOBLTY,EQ,106.58,107.01,104.1,104.73,105.07,35333,37.25,2026-09-30
EDELWEISS,EQ,137.7,144.05,137.7,142.73,137.77,10840581,15363.0,2026-09-30
EFCIL,EQ,174.28,177.94,171.5,172.21,174.28,206429,358.08,2026-09-30
EGOLD,EQ,147.25,147.65,146.45,147.1,145.85,47305,69.57,2026-09-30
EICHERMOT,EQ,7182.0,7245.0,7120.0,7150.0,7179.0,418141,30025.75,2026-09-30
EIDPARRY,EQ,696.0,708.0,681.0,685.9,696.25,467662,3248.64,2026-09-30
EIEL,EQ,193.05,195.66,188.0,189.62,191.48,435975,834.17,2026-09-30
EIHAHOTELS,EQ,293.9,302.35,289.2,297.15,292.35,18403,54.59,2026-09-30
EIHOTEL,EQ,301.85,306.15,297.55,301.1,301.85,1001715,2993.78,2026-09-30
EIMCOELECO,EQ,2297.6,2320.4,2259.8,2269.2,2278.3,14680,335.65,2026-09-30
EKC,EQ,108.2,110.5,106.65,108.9,107.74,199123,216.0,2026-09-30
EKI,EQ,99.98,103.88,94.11,94.99,98.57,82152,81.23,2026-09-30
ELANTAS,EQ,13850.0,13978.0,13643.0,13839.0,13649.0,1294,178.95,2026-09-30
ELCIDIN,EQ,103000.0,103000.0,102665.0,102665.0,102665.0,2,2.06,2026-09-30
ELDEHSG,EQ,751.75,760.0,751.0,751.05,751.75,691,5.21,2026-09-30
ELECON,EQ,478.05,487.2,460.0,461.8,480.4,812540,3836.17,2026-09-30
ELECTCAST,EQ,76.12,78.19,73.89,74.37,76.53,3312574,2523.89,2026-09-30
ELECTHERM,EQ,785.05,790.85,768.7,774.25,778.35,8860,68.93,2026-09-30
ELEVATE,EQ,355.1,372.75,290.1,322.95,362.0,38490932,131314.93,2026-09-30
ELGIEQUIP,EQ,594.95,614.8,594.95,608.85,594.85,316761,1917.27,2026-09-30
ELGIRUBCO,EQ,52.95,54.0,52.95,53.42,52.9,21168,11.34,2026-09-30
ELIN,EQ,88.38,88.38,86.02,86.3,86.65,57220,49.52,2026-09-30
ELIQUID,EQ,1049.85,1049.85,1049.83,1049.84,1049.7,14787,155.24,2026-09-30
ELITECON,EQ,8.2,8.61,7.86,7.98,8.2,13834853,1138.32,2026-09-30
ELLEN,EQ,378.0,381.0,354.15,356.9,369.35,2144133,7862.37,2026-09-30
ELM250,EQ,15.7,15.99,15.55,15.77,15.7,43903,6.93,2026-09-30
ELMDIV,EQ,34.93,34.93,34.42,34.61,34.93,473,0.16,2026-09-30
ELPROINTL,EQ,170.4,174.1,170.4,174.0,170.47,2626,4.54,2026-09-30
EMAMILTD,EQ,382.5,384.5,375.6,379.05,381.05,1943040,7363.04,2026-09-30
EMAMIREAL,EQ,67.7,68.49,66.95,67.43,66.94,5618,3.8,2026-09-30
EMBDL,EQ,56.9,59.49,55.51,58.51,56.33,2043111,1172.31,2026-09-30
EMCURE,EQ,1960.0,1965.9,1907.2,1943.0,1959.1,71094,1377.64,2026-09-30
EMETAL,EQ,12.76,12.98,12.65,12.66,12.76,3247,0.42,2026-09-30
EMIL,EQ,192.0,208.98,192.0,205.36,191.71,14305072,29233.61,2026-09-30
EMKAY,EQ,284.7,289.05,277.05,278.2,282.6,41969,118.48,2026-09-30
EMMVEE,EQ,313.95,318.5,313.2,315.9,314.55,1295809,4093.51,2026-09-30
EMPIND,EQ,1052.0,1066.0,1052.0,1057.1,1046.2,2549,26.91,2026-09-30
EMPOWER,EQ,1.62,1.62,1.62,1.62,1.7,3851509,62.39,2026-09-30
EMSLIMITED,EQ,340.5,345.5,335.2,337.2,337.5,113345,385.56,2026-09-30
EMUDHRA,EQ,628.5,637.6,592.1,596.5,627.15,713583,4347.33,2026-09-30
EMULTIMQ,EQ,40.2,41.4,40.01,40.11,40.45,39253,15.8,2026-09-30
ENDURANCE,EQ,2665.0,2747.9,2621.1,2656.5,2654.8,137641,3698.78,2026-09-30
ENERGY,EQ,37.02,37.31,36.85,36.9,36.95,241151,89.38,2026-09-30
ENERGYAXIS,EQ,18.43,18.69,18.35,18.4,18.43,7782,1.44,2026-09-30
ENERGYDEV,EQ,14.48,14.98,14.1,14.39,14.6,30784,4.43,2026-09-30
ENEXT50,EQ,70.0,72.52,69.75,70.5,67.91,240,0.17,2026-09-30
ENGINERSIN,EQ,310.75,315.5,307.5,309.6,310.2,3125317,9751.93,2026-09-30
ENIFTY,EQ,23.42,23.97,22.85,22.9,24.03,34486,7.98,2026-09-30
ENIL,EQ,96.99,96.99,95.05,95.59,95.33,12291,11.77,2026-09-30
ENKEIWHEL,EQ,399.0,399.0,390.0,396.55,397.8,253,1.0,2026-09-30
ENRIN,EQ,3211.4,3322.8,3200.0,3200.0,3199.0,666697,21780.77,2026-09-30
ENTERO,EQ,1764.9,1775.3,1701.0,1708.9,1764.9,78337,1351.07,2026-09-30
EPACK,EQ,178.65,180.15,175.0,175.35,177.93,178498,316.5,2026-09-30
EPACKPEB,EQ,243.0,247.28,241.8,243.2,243.32,149107,363.34,2026-09-30
EPIGRAL,EQ,1024.0,1030.0,1011.0,1012.5,1018.1,37182,377.98,2026-09-30
EPL,EQ,235.8,241.35,233.5,237.0,233.05,3029109,7199.25,2026-09-30
EQUAL200,EQ,13.19,13.19,13.09,13.1,13.13,42187,5.53,2026-09-30
EQUAL50,EQ,314.98,315.11,312.17,312.57,314.93,4521,14.18,2026-09-30
EQUAL50ADD,EQ,324.25,325.71,322.85,323.42,325.79,94200,305.88,2026-09-30
EQUITASBNK,EQ,67.1,69.2,67.06,68.93,67.07,1798270,1229.17,2026-09-30
ERIS,EQ,1225.3,1226.3,1180.8,1191.9,1219.3,97144,1163.64,2026-09-30
ESABINDIA,EQ,5565.5,5565.5,5521.0,5530.0,5510.0,1062,58.81,2026-09-30
ESCORTS,EQ,2705.0,2743.4,2700.1,2715.2,2706.2,45053,1224.55,2026-09-30
ESDS,EQ,1509.5,1509.5,1509.5,1509.5,1588.9,35560,536.78,2026-09-30
ESENSEX,EQ,73.56,73.9,73.0,73.25,74.4,1347,0.99,2026-09-30
ESG,EQ,39.06,39.12,38.75,38.83,38.87,1842,0.72,2026-09-30
ESILVER,EQ,219.19,220.7,219.06,219.2,218.25,379464,831.85,2026-09-30
ESSARSHPNG,EQ,17.54,20.34,17.54,18.89,16.95,6789502,1335.55,2026-09-30
ESSENTIA,EQ,1.0,1.02,1.0,1.0,1.0,770450,7.78,2026-09-30
ESTER,EQ,90.0,101.46,87.19,101.22,84.55,3656608,3667.71,2026-09-30
ETERNAL,EQ,328.15,329.0,317.1,320.0,327.85,28850208,92455.32,2026-09-30
ETHOSLTD,EQ,2489.9,2555.0,2484.4,2537.2,2489.8,22966,579.56,2026-09-30
EUREKAFORB,EQ,361.95,371.0,357.5,361.0,362.95,311340,1129.82,2026-09-30
EUROBOND,EQ,150.0,151.89,145.65,146.25,147.12,1174,1.72,2026-09-30
EUROPRATIK,EQ,202.4,216.8,190.1,192.3,202.05,693046,1388.82,2026-09-30
EUROTEXIND,EQ,12.85,14.3,11.75,14.3,13.0,4554,0.65,2026-09-30
EVEREADY,EQ,318.9,325.0,318.9,323.2,318.9,38598,124.5,2026-09-30
EVIETF,EQ,30.75,31.09,30.7,30.8,30.73,296562,91.41,2026-09-30
EVINDIA,EQ,30.69,31.05,30.69,30.76,30.69,272976,84.48,2026-09-30
EXCELINDUS,EQ,925.3,957.7,925.3,945.2,924.8,33101,312.34,2026-09-30
EXCELSOFT,EQ,83.99,85.7,80.23,81.17,83.39,532184,440.0,2026-09-30
EXICOM,EQ,152.97,158.6,151.0,152.11,152.97,522829,804.89,2026-09-30
EXIDEIND,EQ,407.75,417.5,407.75,412.6,407.0,2723921,11245.87,2026-09-30
EXPLEOSOL,EQ,858.0,873.9,855.0,857.85,858.3,5181,44.71,2026-09-30
EXXARO,EQ,6.22,6.24,6.05,6.07,6.09,93351,5.71,2026-09-30
FABTECH,EQ,147.47,148.99,143.95,145.04,147.47,43962,63.82,2026-09-30
FACT,EQ,757.2,770.35,752.0,757.95,757.2,99917,760.89,2026-09-30
FAZE3Q,EQ,428.0,462.2,420.0,442.15,422.2,402154,1789.48,2026-09-30
FCL,EQ,57.94,59.21,57.0,57.45,57.94,16165821,9367.28,2026-09-30
FCSSOFT,EQ,1.39,1.45,1.38,1.4,1.39,2540760,35.89,2026-09-30
FDC,EQ,350.1,353.4,337.85,339.4,350.1,103104,354.35,2026-09-30
FEDDERSHOL,EQ,61.0,62.6,61.0,61.51,60.69,2131447,1318.46,2026-09-30
FEDERALBNK,EQ,321.05,324.25,317.4,317.4,320.2,5485971,17524.3,2026-09-30
FEDFINA,EQ,149.0,152.07,149.0,150.96,148.86,578967,873.58,2026-09-30
FERMENTA,EQ,538.0,564.9,528.7,549.7,551.35,521926,2862.09,2026-09-30
FIBERWEB,EQ,27.99,27.99,26.58,27.41,26.79,23194,6.35,2026-09-30
FIEMIND,EQ,1921.1,1955.2,1870.0,1877.6,1921.1,91793,1748.95,2026-09-30
FILATEX,EQ,111.85,112.94,107.1,107.76,112.0,2227616,2434.64,2026-09-30
FILATFASH,EQ,0.19,0.19,0.18,0.18,0.18,10328490,19.06,2026-09-30
FINCABLES,EQ,1432.0,1472.4,1432.0,1450.3,1435.5,452990,6562.63,2026-09-30
FINEORG,EQ,5140.5,5165.0,5092.5,5124.5,5140.0,24136,1236.02,2026-09-30
FINIETF,EQ,30.5,30.51,30.05,30.25,30.42,281730,85.15,2026-09-30
FINKURVE,EQ,69.9,71.2,67.45,67.92,69.37,42160,28.94,2026-09-30
FINOPB,EQ,129.85,131.06,126.3,127.21,129.23,135642,174.25,2026-09-30
FINPIPE,EQ,152.0,153.44,150.36,151.48,151.15,238428,362.47,2026-09-30
FIRSTCRY,EQ,184.37,187.0,178.35,179.94,184.37,2624709,4802.79,2026-09-30
FISCHER,EQ,33.68,34.7,33.35,33.55,33.68,284295,96.02,2026-09-30
FIVESTAR,EQ,495.05,519.9,494.85,516.85,497.25,602120,3087.72,2026-09-30
FLAIR,EQ,232.0,232.87,228.51,229.32,230.38,67611,155.66,2026-09-30
FLEXIADD,EQ,9.52,9.74,9.4,9.44,9.45,176556,16.78,2026-09-30
FLUOROCHEM,EQ,4420.1,4454.9,4358.1,4405.3,4406.2,68354,3009.92,2026-09-30
FMCGADD,EQ,45.23,45.3,44.75,44.79,45.19,27390,12.32,2026-09-30
FMCGIETF,EQ,48.5,48.74,47.86,47.92,48.35,1468352,707.08,2026-09-30
FMGOETZE,EQ,460.1,469.0,442.1,445.65,460.1,268118,1213.09,2026-09-30
FMNL,EQ,7.97,8.36,7.97,8.35,7.97,43409,3.56,2026-09-30
FOODSIN,EQ,50.9,52.32,50.4,50.92,51.46,48116,24.75,2026-09-30
FORCEMOT,EQ,17000.0,17435.0,17000.0,17054.0,16905.0,56785,9796.67,2026-09-30
FORTIS,EQ,817.0,821.0,757.45,770.0,822.0,5818918,45092.27,2026-09-30
FOSECOIND,EQ,6359.5,6640.0,6339.5,6462.5,6335.0,22698,1474.46,2026-09-30
FRACTAL,EQ,753.15,762.45,738.0,740.2,753.15,134937,1006.01,2026-09-30
FREDUN,EQ,1403.0,1447.4,1398.9,1404.5,1392.4,35676,506.08,2026-09-30
FRONTSP,EQ,1414.4,1500.0,1402.0,1460.2,1394.1,55952,814.23,2026-09-30
FSL,EQ,248.9,270.7,248.9,255.8,248.9,6657490,17208.98,2026-09-30
FUSION,EQ,175.05,178.2,172.87,175.08,173.3,555656,971.62,2026-09-30
GABRIEL,EQ,1315.4,1355.0,1313.0,1341.8,1303.9,243468,3244.57,2026-09-30
GAEL,EQ,162.7,164.01,159.25,160.21,161.75,271005,437.64,2026-09-30
GAIL,EQ,170.62,172.99,170.21,170.55,170.04,12187561,20912.76,2026-09-30
GAJA,EQ,140.0,143.05,139.21,140.05,140.42,309382,435.42,2026-09-30
GALAPREC,EQ,1165.9,1212.5,1147.1,1197.2,1157.7,103371,1228.13,2026-09-30
GALAXYSURF,EQ,2303.0,2378.9,2303.0,2332.8,2301.2,110086,2582.68,2026-09-30
GALLANTT,EQ,551.0,551.0,535.2,537.5,539.1,51095,277.83,2026-09-30
GANDHAR,EQ,274.0,283.45,274.0,278.85,273.55,742278,2078.93,2026-09-30
GANDHITUBE,EQ,970.0,974.5,945.0,951.55,966.55,5516,52.96,2026-09-30
GANECOS,EQ,1010.0,1029.4,993.3,1000.6,1010.6,39514,399.91,2026-09-30
GANESHCP,EQ,156.1,157.99,150.72,151.41,153.08,97953,150.35,2026-09-30
GANESHHOU,EQ,712.55,722.3,711.75,719.0,706.65,25145,180.29,2026-09-30
GANGAFORGE,EQ,1.54,1.54,1.51,1.54,1.47,1174893,18.07,2026-09-30
GANGESSECU,EQ,113.0,113.01,112.26,112.4,112.79,26,0.03,2026-09-30
GARFIBRES,EQ,754.85,783.3,752.05,770.85,753.85,18057,139.21,2026-09-30
GARUDA,EQ,178.4,179.2,173.8,174.67,176.56,213498,376.99,2026-09-30
GATEWAY,EQ,51.65,52.45,51.61,52.04,51.57,515500,267.7,2026-09-30
GAUDIUMIVF,EQ,114.88,116.39,110.01,111.15,113.9,201656,226.94,2026-09-30
GAYAHWS,EQ,1.84,1.84,1.72,1.76,1.84,312692,5.54,2026-09-30
GAYAPROJ,EQ,22.5,23.44,22.14,22.68,22.44,652974,149.78,2026-09-30
GCSL,EQ,667.5,682.5,666.75,675.85,666.25,247015,1666.76,2026-09-30
GEEKAYWIRE,EQ,30.01,31.64,30.01,31.19,30.5,82538,25.5,2026-09-30
GEMAROMA,EQ,157.76,168.0,157.76,161.0,157.76,123363,201.93,2026-09-30
GENCON,EQ,36.51,40.99,36.51,39.54,37.12,834565,315.52,2026-09-30
GENESYS,EQ,278.0,286.7,271.41,273.43,277.68,392461,1087.32,2026-09-30
GENUSPAPER,EQ,10.43,10.96,10.36,10.64,10.25,156399,16.82,2026-09-30
GENUSPOWER,EQ,294.05,298.65,286.1,288.65,293.65,2196401,6420.99,2026-09-30
GEOJITFSL,EQ,76.76,78.29,76.1,76.59,76.76,205675,158.35,2026-09-30
GESHIP,EQ,1538.0,1583.0,1538.0,1560.0,1537.8,938291,14672.05,2026-09-30
GFLLIMITED,EQ,56.85,56.85,54.51,54.94,55.7,29988,16.72,2026-09-30
GHCL,EQ,404.55,411.2,404.3,405.5,404.55,106362,434.11,2026-09-30
GHCLTEXTIL,EQ,132.04,136.44,128.15,128.9,132.27,528612,694.34,2026-09-30
GICHSGFIN,EQ,134.3,135.86,133.11,133.87,133.71,80679,108.19,2026-09-30
GICRE,EQ,320.0,333.5,320.0,331.15,320.25,772056,2535.28,2026-09-30
GILLANDERS,EQ,111.55,119.5,111.55,114.8,110.75,117182,136.96,2026-09-30
GILLETTE,EQ,6965.0,7055.0,6956.0,7000.0,6963.5,36059,2525.74,2026-09-30
GILT10BETA,EQ,26.19,26.5,26.15,26.36,26.06,96,0.03,2026-09-30
GILT5BETA,EQ,65.9,66.22,65.7,65.82,65.62,715,0.47,2026-09-30
GILT5YBEES,EQ,67.11,67.11,64.62,65.79,65.79,167837,110.37,2026-09-30
GIPCL,EQ,182.0,184.05,178.5,179.68,181.56,195771,354.42,2026-09-30
GKB,EQ,65.93,69.75,64.0,64.33,65.93,4797,3.14,2026-09-30
GKENERGY,EQ,119.03,128.89,119.03,119.88,119.4,1278697,1572.98,2026-09-30
GKSL,EQ,177.52,184.4,176.38,179.05,175.89,537362,970.76,2026-09-30
GKWLIMITED,EQ,1542.1,1570.0,1530.2,1550.0,1542.0,46,0.71,2026-09-30
GLAND,EQ,2990.0,3007.7,2872.0,2899.4,2989.7,528548,15552.16,2026-09-30
GLASSWALL,EQ,283.4,293.28,276.01,282.0,286.55,10083480,28561.54,2026-09-30
GLAXO,EQ,2783.8,2813.6,2752.1,2769.3,2783.8,45801,1271.41,2026-09-30
GLENMARK,EQ,2391.0,2410.0,2334.7,2334.7,2441.5,1261905,29996.15,2026-09-30
GLFL,EQ,5.52,5.53,5.1,5.39,5.27,11947,0.64,2026-09-30
GLOBAL,EQ,133.0,138.98,132.0,132.8,133.01,145033,194.55,2026-09-30
GLOBALE,EQ,10.64,11.15,10.11,10.31,10.64,16320,1.69,2026-09-30
GLOBALVECT,EQ,135.98,135.98,127.0,127.58,131.98,7330,9.49,2026-09-30
GLOBE,EQ,2.14,2.18,2.11,2.14,2.14,406477,8.75,2026-09-30
GLOBECIVIL,EQ,41.23,43.45,41.23,41.53,42.06,30345,12.77,2026-09-30
GLOBUSSPR,EQ,804.8,826.35,782.6,786.45,804.8,136954,1094.74,2026-09-30
GLOSTERLTD,EQ,553.9,553.9,545.4,546.1,539.25,238,1.31,2026-09-30
GLOTTIS,EQ,61.04,63.79,60.11,62.88,61.02,97164,60.47,2026-09-30
GMBREW,EQ,962.95,981.0,960.0,966.95,962.95,39378,381.58,2026-09-30
GMDCLTD,EQ,515.0,524.4,506.0,507.7,513.2,688502,3537.29,2026-09-30
GMMPFAUDLR,EQ,1489.9,1509.0,1444.0,1466.7,1477.1,164451,2432.54,2026-09-30
GMRAIRPORT,EQ,94.8,95.34,93.29,95.15,93.75,16281025,15376.81,2026-09-30
GMRP&UI,EQ,100.72,106.84,100.72,105.38,100.72,3679473,3834.02,2026-09-30
GNA,EQ,599.0,612.0,585.65,598.35,593.75,510171,3055.69,2026-09-30
GNFC,EQ,611.0,621.7,603.0,604.4,611.5,973991,5946.08,2026-09-30
GNRL,EQ,98.9,99.9,97.0,98.26,98.16,854365,833.8,2026-09-30
GOACARBON,EQ,408.85,414.45,401.3,404.95,408.85,17841,72.82,2026-09-30
GOCLCORP,EQ,364.7,370.6,360.65,362.45,363.65,64481,235.64,2026-09-30
GOCOLORS,EQ,306.9,311.0,298.5,300.75,304.3,74451,226.8,2026-09-30
GODAVARIB,EQ,236.79,237.0,230.0,232.01,236.48,112434,261.74,2026-09-30
GODFRYPHLP,EQ,1882.5,1932.0,1882.1,1891.8,1862.0,240882,4618.87,2026-09-30
GODIGIT,EQ,251.05,261.9,251.05,260.05,253.2,1467678,3806.07,2026-09-30
GODREJAGRO,EQ,629.0,641.45,620.95,623.55,631.7,114004,716.3,2026-09-30
GODREJCP,EQ,855.0,857.95,848.0,850.0,855.0,1632650,13923.17,2026-09-30
GODREJIND,EQ,1048.0,1069.0,1036.0,1039.4,1055.7,37170,389.54,2026-09-30
GODREJPROP,EQ,1640.6,1659.6,1623.4,1628.5,1634.4,832521,13657.0,2026-09-30
GOKEX,EQ,678.55,709.0,678.55,687.8,678.55,231795,1613.99,2026-09-30
GOKUL,EQ,39.1,39.8,39.06,39.42,39.41,142762,56.49,2026-09-30
GOKULAGRO,EQ,217.16,217.39,212.0,212.98,215.23,116742,250.73,2026-09-30
GOLD1,EQ,122.59,123.34,122.35,122.88,121.78,1441143,1770.09,2026-09-30
GOLD360,EQ,142.1,144.6,142.1,143.6,142.05,7494,10.77,2026-09-30
GOLDADD,EQ,14.26,14.36,13.81,14.28,14.16,12591544,1797.87,2026-09-30
GOLDAXIS,EQ,122.04,123.09,121.86,122.48,121.37,1574920,1931.43,2026-09-30
GOLDBEES,EQ,121.12,122.1,121.12,121.59,120.64,24806672,30173.34,2026-09-30
GOLDBETA,EQ,123.95,124.3,123.0,123.85,123.0,840320,1040.07,2026-09-30
GOLDBND,EQ,146.25,147.75,146.25,147.19,146.11,47342,69.67,2026-09-30
GOLDCASE,EQ,23.08,23.25,23.03,23.16,22.97,5642152,1306.36,2026-09-30
GOLDETF,EQ,142.87,143.55,142.53,143.02,142.06,1302559,1864.45,2026-09-30
GOLDIAM,EQ,323.0,327.45,311.15,313.45,322.85,331778,1054.46,2026-09-30
GOLDIETF,EQ,125.47,126.62,125.46,126.07,124.94,7166962,9049.8,2026-09-30
GOODLUCK,EQ,526.0,531.5,503.3,508.05,528.6,291149,1504.25,2026-09-30
GOODYEAR,EQ,713.9,713.9,700.1,703.15,702.55,2595,18.27,2026-09-30
GOPAL,EQ,252.9,255.05,250.2,250.95,253.0,66870,168.51,2026-09-30
GOYALALUM,EQ,6.05,6.06,5.68,5.86,5.88,68542,4.05,2026-09-30
GPIL,EQ,223.05,226.0,221.0,222.34,221.35,919919,2058.23,2026-09-30
GPPL,EQ,160.54,167.34,159.6,166.75,160.54,1900735,3145.88,2026-09-30
GPTHEALTH,EQ,153.15,156.18,150.0,150.74,153.8,71224,108.75,2026-09-30
GPTINFRA,EQ,116.57,119.4,114.1,118.34,115.72,162220,190.23,2026-09-30
GRANDOAK,EQ,35.01,35.01,33.94,34.19,35.72,1400,0.48,2026-09-30
GRANULES,EQ,867.0,884.0,844.0,846.55,866.75,819196,7049.61,2026-09-30
GRAPHITE,EQ,780.0,801.0,757.25,764.8,801.55,2394392,18563.9,2026-09-30
GRASIM,EQ,3100.0,3112.3,3046.4,3061.9,3100.0,448156,13759.19,2026-09-30
GRAUWEIL,EQ,83.98,85.28,82.5,82.77,82.78,394032,330.34,2026-09-30
GRAVITA,EQ,1459.7,1472.9,1439.7,1447.4,1446.9,221058,3215.33,2026-09-30
GREAVESCOT,EQ,235.75,240.4,227.3,230.28,234.99,2034376,4785.78,2026-09-30
GREENLAM,EQ,215.4,218.59,211.0,212.85,214.3,64940,139.11,2026-09-30
GREENPANEL,EQ,159.96,164.67,158.0,160.32,159.05,811571,1307.74,2026-09-30
GREENPLY,EQ,281.0,303.9,280.7,299.95,280.25,859868,2559.11,2026-09-30
GREENPOWER,EQ,8.85,9.0,8.8,8.83,8.85,1424370,126.27,2026-09-30
GRINDWELL,EQ,1916.0,2016.0,1916.0,1994.1,1916.7,63047,1256.35,2026-09-30
GRINFRA,EQ,809.2,819.85,796.1,800.6,816.25,12867,103.96,2026-09-30
GRMOVER,EQ,79.46,80.3,78.06,78.92,78.76,943352,747.29,2026-09-30
GROBTEA,EQ,887.5,909.35,887.5,909.1,899.0,123,1.1,2026-09-30
GROWW,EQ,184.1,187.65,183.08,183.91,183.52,24545475,45425.36,2026-09-30
GROWWCAPM,EQ,10.79,10.92,10.71,10.76,10.79,997429,107.22,2026-09-30
GROWWCHEM,EQ,28.5,28.81,28.18,28.37,28.5,20916,5.97,2026-09-30
GROWWDEFNC,EQ,93.06,93.52,91.7,92.51,93.06,123682,114.76,2026-09-30
GROWWEV,EQ,30.31,30.97,30.3,30.59,30.28,121403,37.33,2026-09-30
GROWWGOLD,EQ,14.29,14.47,14.22,14.33,14.25,8272551,1191.27,2026-09-30
GROWWHOSPI,EQ,51.0,51.07,47.41,48.11,50.48,2028190,977.04,2026-09-30
GROWWLIQID,EQ,110.96,110.96,110.95,110.95,110.94,247098,274.17,2026-09-30
GROWWLOVOL,EQ,9.81,10.1,9.81,9.86,9.89,5551,0.55,2026-09-30
GROWWMC150,EQ,224.8,227.86,219.38,227.14,222.58,903,2.02,2026-09-30
GROWWMETAL,EQ,12.26,12.44,12.23,12.24,12.26,153679,18.92,2026-09-30
GROWWMOM50,EQ,10.66,10.68,10.5,10.59,10.6,114128,12.12,2026-09-30
GROWWN200,EQ,10.61,10.84,10.6,10.68,10.61,42510,4.56,2026-09-30
GROWWNET,EQ,10.4,10.49,10.0,10.01,10.21,1218822,122.54,2026-09-30
GROWWNIFTY,EQ,9.01,9.35,9.01,9.18,9.25,756450,69.66,2026-09-30
GROWWNXT50,EQ,70.75,71.0,69.75,70.3,70.4,4299,3.03,2026-09-30
GROWWPOWER,EQ,10.91,11.01,10.72,10.84,10.9,1718738,187.02,2026-09-30
GROWWPSE,EQ,96.48,97.2,93.5,94.02,95.16,10573,10.0,2026-09-30
GROWWPSUBK,EQ,81.0,82.6,79.25,82.17,80.87,11236,9.14,2026-09-30
GROWWRAIL,EQ,26.22,27.11,26.1,26.55,26.23,1325731,354.84,2026-09-30
GROWWRLTY,EQ,9.4,9.55,9.27,9.48,9.36,89223,8.43,2026-09-30
GROWWSC250,EQ,10.39,10.4,10.3,10.32,10.3,72436,7.49,2026-09-30
GROWWSLVR,EQ,21.64,21.67,21.47,21.49,21.44,1765536,380.85,2026-09-30
GRPLTD,EQ,1899.0,1935.9,1890.0,1898.6,1899.4,628,11.95,2026-09-30
GRSE,EQ,2215.0,2235.1,2175.0,2181.9,2206.1,377318,8312.54,2026-09-30
GRWRHITECH,EQ,7072.0,7159.0,6937.0,7015.5,7016.5,84631,5970.29,2026-09-30
GSEC10ABSL,EQ,111.87,111.9,111.87,111.9,111.92,7,0.01,2026-09-30
GSEC10YEAR,EQ,30.26,30.26,30.1,30.1,29.81,11525,3.47,2026-09-30
GSEC5IETF,EQ,65.92,66.3,65.75,66.04,65.92,18548,12.25,2026-09-30
GSFC,EQ,152.41,154.0,150.25,150.79,151.65,768508,1166.34,2026-09-30
GSLSU,EQ,31.87,31.87,30.26,31.0,30.74,34789,10.72,2026-09-30
GSPCROP,EQ,478.7,480.55,462.55,467.15,469.45,261143,1241.27,2026-09-30
GSS,EQ,10.97,10.97,10.18,10.37,10.25,20250,2.12,2026-09-30
GTECJAINX,EQ,32.62,32.62,32.62,32.62,29.66,3654,1.19,2026-09-30
GTL,EQ,6.73,6.96,6.73,6.88,6.75,129838,8.95,2026-09-30
GTLINFRA,EQ,1.09,1.11,1.08,1.08,1.08,28683315,313.05,2026-09-30
GTPL,EQ,54.12,55.48,54.0,54.86,54.11,23329,12.75,2026-09-30
GUFICBIO,EQ,438.8,452.0,429.0,432.0,436.5,150453,665.09,2026-09-30
GUJALKALI,EQ,621.0,626.9,612.2,618.85,627.15,58668,363.24,2026-09-30
GUJAPOLLO,EQ,330.9,333.75,324.25,330.0,330.65,12761,41.94,2026-09-30
GUJENERGY,EQ,236.61,240.65,236.14,237.58,236.61,951899,2272.69,2026-09-30
GUJRAFFIA,EQ,40.21,40.7,39.75,40.69,40.21,2496,1.01,2026-09-30
GUJTHEM,EQ,404.1,408.6,386.5,387.6,406.5,187350,738.23,2026-09-30
GULFOILLUB,EQ,1107.9,1128.7,1103.4,1125.4,1105.8,61978,695.89,2026-09-30
GULPOLY,EQ,164.03,168.99,164.03,165.86,165.15,44432,73.95,2026-09-30
GVPIL,EQ,687.0,718.0,673.8,678.4,683.95,263834,1849.77,2026-09-30
GVT&D,EQ,4190.0,4258.4,4126.9,4201.0,4130.3,624058,26360.14,2026-09-30
GYFTR,EQ,154.18,166.0,154.18,159.16,156.36,146651,234.02,2026-09-30
HAL,EQ,4640.0,4701.0,4614.7,4668.0,4549.3,1233758,57593.57,2026-09-30
HALDER,EQ,241.35,258.8,239.65,245.75,241.0,318,0.78,2026-09-30
HALDYNGL,EQ,156.0,163.78,154.0,154.46,154.15,182272,288.09,2026-09-30
HALEOSLABS,EQ,1524.0,1529.0,1500.4,1501.4,1487.9,776,11.8,2026-09-30
HAMPTON,EQ,8.38,8.38,7.91,8.08,8.0,13378,1.07,2026-09-30
HAPPSTMNDS,EQ,308.7,315.25,308.65,310.6,308.7,477766,1492.73,2026-09-30
HAPPYFORGE,EQ,2079.0,2107.0,2050.0,2067.2,2074.8,57822,1205.11,2026-09-30
HARDWYN,EQ,9.33,9.39,9.11,9.21,9.26,302662,27.93,2026-09-30
HARIOMPIPE,EQ,345.1,349.8,340.1,340.95,345.1,38845,133.72,2026-09-30
HARRMALAYA,EQ,179.88,184.0,172.52,179.13,175.61,16158,29.2,2026-09-30
HARSHA,EQ,465.05,474.0,460.8,470.3,465.05,95299,445.82,2026-09-30
HATHWAY,EQ,9.5,9.64,9.41,9.45,9.49,1655209,157.5,2026-09-30
HATSUN,EQ,1106.5,1139.5,1093.5,1099.0,1099.7,15584,172.67,2026-09-30
HAVELLS,EQ,1045.0,1054.4,1015.1,1016.0,1043.3,1394518,14344.35,2026-09-30
HAVISHA,EQ,1.36,1.39,1.32,1.34,1.32,33131,0.45,2026-09-30
HAWKINCOOK,EQ,7904.0,8050.5,7828.5,8007.5,7904.0,1137,90.09,2026-09-30
HAZOOR,EQ,18.98,19.29,18.51,18.65,18.83,146563,27.45,2026-09-30
HBESD,EQ,74.53,74.53,69.11,71.63,73.98,200,0.14,2026-09-30
HBLENGINE,EQ,812.3,815.5,786.2,794.5,808.3,1235100,9903.26,2026-09-30
HBPOR,EQ,60.0,63.7,58.02,59.3,60.39,295,0.18,2026-09-30
HBSL,EQ,55.28,57.95,55.28,55.89,55.28,993,0.55,2026-09-30
HCC,EQ,20.61,21.14,20.35,20.41,20.71,9937639,2061.15,2026-09-30
HCG,EQ,703.6,710.0,660.5,666.05,703.6,204434,1372.96,2026-09-30
HCL-INSYS,EQ,10.26,10.35,10.02,10.1,10.11,206242,20.97,2026-09-30
HCLTECH,EQ,1229.0,1256.4,1224.8,1230.0,1222.0,4242658,52320.93,2026-09-30
HDBFS,EQ,630.9,637.5,620.0,621.3,630.9,420599,2639.88,2026-09-30
HDFCAMC,EQ,2255.0,2314.0,2252.6,2280.7,2223.3,908968,20821.98,2026-09-30
HDFCBANK,EQ,711.5,720.3,708.7,708.7,722.7,39365496,281208.07,2026-09-30
HDFCBSE500,EQ,35.92,36.32,35.5,35.71,35.75,1086363,388.62,2026-09-30
HDFCGOLD,EQ,125.05,126.19,125.05,125.75,124.76,4800287,6035.05,2026-09-30
HDFCGROWTH,EQ,111.11,112.28,110.55,110.8,111.63,13156,14.63,2026-09-30
HDFCLIFE,EQ,516.6,521.2,513.4,521.2,523.55,5062593,26196.97,2026-09-30
HDFCLIQUID,EQ,1080.05,1080.07,1080.05,1080.05,1079.9,29271,316.14,2026-09-30
HDFCLOWVOL,EQ,19.73,19.73,19.2,19.33,19.73,19748,3.82,2026-09-30
HDFCMID150,EQ,22.67,22.78,22.16,22.16,22.23,358356,79.73,2026-09-30
HDFCMOMENT,EQ,30.06,30.35,29.81,29.92,29.97,129784,38.87,2026-09-30
HDFCNEXT50,EQ,71.56,72.08,71.25,71.48,71.63,84297,60.47,2026-09-30
HDFCNIF100,EQ,24.67,25.4,24.55,25.04,24.57,119088,29.4,2026-09-30
HDFCNIFBAN,EQ,56.2,56.85,56.01,56.47,56.09,89379,50.46,2026-09-30
HDFCNIFIT,EQ,29.63,30.39,29.58,29.62,29.62,124808,37.1,2026-09-30
HDFCNIFTY,EQ,263.02,263.02,255.3,255.84,256.61,180348,462.03,2026-09-30
HDFCNIMEG,EQ,129.53,129.53,127.0,128.0,129.53,1482,1.9,2026-09-30
HDFCPSUBK,EQ,81.41,82.23,81.2,81.57,81.41,27800,22.72,2026-09-30
HDFCPVTBAN,EQ,27.6,27.6,26.95,27.27,26.93,86017,23.42,2026-09-30
HDFCQUAL,EQ,55.61,55.87,55.29,55.47,55.66,9412,5.24,2026-09-30
HDFCSENSEX,EQ,84.79,84.79,82.07,82.56,82.73,92417,76.3,2026-09-30
HDFCSILVER,EQ,209.95,211.09,209.3,209.63,209.02,2285176,4797.3,2026-09-30
HDFCSML250,EQ,182.88,182.88,178.55,179.55,181.07,1266359,2284.37,2026-09-30
HDFCVALUE,EQ,118.77,119.3,118.0,118.37,118.43,7996,9.49,2026-09-30
HEADSUP,EQ,6.78,6.84,6.33,6.75,6.45,2539,0.17,2026-09-30
HEALTHADD,EQ,16.81,16.99,16.27,16.33,16.81,100221,16.47,2026-09-30
HEALTHAXIS,EQ,168.43,169.21,164.0,164.49,168.43,5086,8.42,2026-09-30
HEALTHCARE,EQ,21.81,21.81,21.12,21.15,21.71,109519,23.28,2026-09-30
HEALTHIETF,EQ,170.0,171.74,165.52,166.5,169.98,204794,341.77,2026-09-30
HEALTHX,EQ,290.9,290.9,283.6,285.05,285.05,741,2.13,2026-09-30
HEALTHY,EQ,17.14,17.38,16.5,16.58,17.14,7501875,1249.46,2026-09-30
HECPROJECT,EQ,115.8,115.8,112.0,113.0,114.82,385,0.44,2026-09-30
HEGAM,EQ,241.0,250.3,232.0,237.65,238.25,1339286,3238.77,2026-09-30
HEIDELBERG,EQ,130.5,133.59,130.5,132.6,130.29,115695,153.45,2026-09-30
HEMIPROP,EQ,115.95,117.09,113.63,114.07,114.94,198593,228.11,2026-09-30
HERANBA,EQ,178.57,183.44,176.0,176.53,178.57,40668,72.89,2026-09-30
HERITGFOOD,EQ,400.0,407.3,398.15,402.0,401.2,179464,721.24,2026-09-30
HEROMOTOCO,EQ,5236.5,5341.0,5236.5,5241.0,5208.0,567810,30036.81,2026-09-30
HEROMOTORS,EQ,140.28,152.58,140.0,152.55,138.71,107202546,159591.08,2026-09-30
HESTERBIO,EQ,2163.6,2240.1,2160.2,2175.8,2165.0,2531,55.48,2026-09-30
HEXATRADEX,EQ,158.88,158.88,155.03,156.85,155.3,843,1.32,2026-09-30
HEXT,EQ,480.65,504.75,479.05,494.1,482.1,140752,696.61,2026-09-30
HGINFRA,EQ,439.55,442.55,431.0,432.75,438.25,125949,547.29,2026-09-30
HGM,EQ,43.4,43.4,42.05,42.56,42.85,347,0.15,2026-09-30
HGS,EQ,365.0,375.9,364.95,370.05,366.05,14795,54.85,2026-09-30
HIKAL,EQ,217.0,223.0,216.65,217.89,218.05,411937,908.26,2026-09-30
HILINFRA,EQ,42.3,43.34,41.71,42.75,43.26,81532,34.72,2026-09-30
HILTON,EQ,16.3,16.9,16.06,16.34,16.45,93970,15.61,2026-09-30
HIMATSEIDE,EQ,65.54,69.03,65.3,66.4,64.9,718202,483.24,2026-09-30
HINDADH,EQ,388.0,390.95,382.0,385.4,385.25,3288,12.63,2026-09-30
HINDALCO,EQ,950.2,956.8,941.1,941.8,955.2,4420021,41938.44,2026-09-30
HINDALUMI,EQ,91.99,93.0,90.31,92.69,90.15,1416,1.31,2026-09-30
HINDCOMPOS,EQ,377.5,390.95,377.4,381.3,377.5,3953,15.22,2026-09-30
HINDCON,EQ,34.95,35.05,33.81,35.05,33.39,296482,103.36,2026-09-30
HINDCOPPER,EQ,477.0,481.7,471.5,472.65,474.35,5881618,28068.04,2026-09-30
HINDOILEXP,EQ,172.4,175.37,171.25,171.55,173.91,262942,454.84,2026-09-30
HINDPETRO,EQ,351.2,357.4,350.35,350.35,349.2,2520543,8929.89,2026-09-30
HINDUNILVR,EQ,1871.4,1889.6,1865.2,1879.1,1863.8,1430335,26827.66,2026-09-30
HINDWAREAP,EQ,170.2,178.0,169.13,169.97,170.2,83588,142.73,2026-09-30
HINDZINC,EQ,567.2,575.05,562.6,566.0,563.3,2880602,16416.44,2026-09-30
HIRECT,EQ,1171.4,1189.0,1136.9,1147.2,1171.4,33683,391.28,2026-09-30
HISARMETAL,EQ,151.39,151.4,147.25,148.97,151.39,716,1.07,2026-09-30
HITECH,EQ,73.0,74.35,72.3,72.61,73.19,332376,243.86,2026-09-30
HLEGLAS,EQ,440.0,456.35,436.15,439.4,434.65,124676,558.5,2026-09-30
HLVLTD,EQ,6.3,6.55,6.25,6.41,6.39,124451,7.98,2026-09-30
HMAAGRO,EQ,23.79,24.69,23.61,23.92,23.8,978980,235.05,2026-09-30
HNDFDS,EQ,596.85,604.75,567.6,574.75,596.85,134253,774.09,2026-09-30
HNGSNGBEES,EQ,464.28,464.28,453.0,457.47,452.96,66686,303.37,2026-09-30
HOMEFIRST,EQ,1094.4,1136.9,1094.4,1104.8,1094.4,255917,2826.95,2026-09-30
HONASA,EQ,441.65,447.05,426.05,431.35,441.65,1589113,6898.37,2026-09-30
HONAUT,EQ,33980.0,34240.0,33360.0,33460.0,33980.0,1786,601.58,2026-09-30
HONDAPOWER,EQ,1870.1,1916.9,1868.1,1874.5,1886.0,1685,31.76,2026-09-30
HORIZONIND,EQ,50.6,51.0,50.07,50.28,51.02,1962971,989.86,2026-09-30
HPAL,EQ,34.2,35.58,33.36,33.83,34.44,36913,12.57,2026-09-30
HPL,EQ,270.1,274.65,268.1,269.05,270.15,57651,156.79,2026-09-30
HRYNSHP,EQ,96.5,97.0,95.0,96.0,96.01,331,0.32,2026-09-30
HSBCGOLD,EQ,130.7,130.7,127.01,127.47,129.08,160677,205.8,2026-09-30
HSCL,EQ,667.1,687.3,667.1,677.8,667.6,2047533,13945.4,2026-09-30
HTEL,EQ,71.7,77.15,70.0,72.29,69.52,4644616,3449.22,2026-09-30
HTMEDIA,EQ,23.51,24.13,22.92,23.02,23.46,62468,14.57,2026-09-30
HUBTOWN,EQ,167.45,186.0,167.21,182.28,166.41,1619724,2914.57,2026-09-30
HUDCO,EQ,166.47,169.25,164.28,166.58,165.57,2274257,3797.6,2026-09-30
HUHTAMAKI,EQ,236.7,243.0,234.7,237.35,235.7,87980,210.45,2026-09-30
HYBRIDETF,EQ,9.84,9.85,9.8,9.8,9.84,22319,2.2,2026-09-30
HYBRIDFIN,EQ,17.74,18.35,17.5,17.94,17.82,3054,0.54,2026-09-30
HYUNDAI,EQ,2060.0,2084.6,2026.7,2031.0,2100.0,644391,13273.9,2026-09-30
IBULLSLTD,EQ,30.45,30.65,29.52,29.61,29.93,7753680,2333.63,2026-09-30
ICEMAKE,EQ,634.0,641.45,623.0,629.55,634.0,21934,138.32,2026-09-30
ICICIAMC,EQ,3249.0,3249.0,3107.4,3136.7,3233.0,372808,11759.71,2026-09-30
ICICIB22,EQ,111.02,111.13,109.78,109.96,110.35,261911,289.77,2026-09-30
ICICIBANK,EQ,1295.3,1337.0,1295.3,1321.7,1292.2,14095232,186738.59,2026-09-30
ICICIGI,EQ,1516.1,1590.0,1511.6,1590.0,1515.0,1952166,30493.25,2026-09-30
ICICIPRULI,EQ,448.0,450.0,442.4,443.8,444.55,839768,3739.44,2026-09-30
ICIL,EQ,437.0,464.0,437.0,460.4,434.95,1020870,4673.45,2026-09-30
ICRA,EQ,4297.9,4320.0,4198.2,4232.0,4297.9,71638,3051.3,2026-09-30
IDBI,EQ,83.51,84.29,81.96,82.2,83.32,4433814,3680.01,2026-09-30
IDEA,EQ,13.6,13.61,12.84,12.95,13.56,640485531,84040.45,2026-09-30
IDEAFORGE,EQ,725.0,744.8,717.5,730.95,719.7,237947,1737.25,2026-09-30
IDFCFIRSTB,EQ,79.46,82.08,79.46,81.44,79.46,23332019,18938.4,2026-09-30
IDFNIFTYET,EQ,255.0,255.0,249.95,254.93,250.81,1087,2.76,2026-09-30
IEX,EQ,106.75,108.8,106.53,107.0,106.39,3890920,4192.79,2026-09-30
IFBAGRO,EQ,905.45,932.4,881.0,891.65,905.45,3890,35.04,2026-09-30
IFBIND,EQ,1211.6,1223.8,1199.0,1201.0,1201.0,20374,246.13,2026-09-30
IFCI,EQ,70.95,71.43,68.45,68.77,70.97,25751767,17972.16,2026-09-30
IFGLEXPOR,EQ,190.0,198.39,190.0,191.45,189.61,23250,45.09,2026-09-30
IGARASHI,EQ,414.5,418.5,401.0,403.4,411.55,45397,184.63,2026-09-30
IGCL,EQ,58.75,59.1,56.15,56.8,57.15,95296,54.48,2026-09-30
IGIL,EQ,323.2,327.05,314.05,315.9,324.3,584224,1871.57,2026-09-30
IGL,EQ,141.99,146.9,141.99,145.61,142.02,3093267,4497.79,2026-09-30
IGPL,EQ,586.6,594.9,577.0,579.75,584.3,37036,217.01,2026-09-30
IIFL,EQ,606.0,608.65,598.0,600.75,607.5,1194083,7202.74,2026-09-30
IIFLCAPS,EQ,343.7,349.8,343.7,346.0,344.95,1333723,4637.49,2026-09-30
IITL,EQ,127.69,139.25,127.52,133.26,125.64,113106,148.53,2026-09-30
IKIO,EQ,198.75,204.38,195.22,196.85,197.3,144490,287.14,2026-09-30
IKS,EQ,1782.9,1800.5,1740.3,1747.5,1779.4,152839,2684.59,2026-09-30
IMAGICAA,EQ,51.3,52.19,50.6,51.08,51.3,281012,143.92,2026-09-30
IMFA,EQ,1206.5,1228.0,1185.2,1190.9,1206.5,61334,738.72,2026-09-30
IMPAL,EQ,1049.4,1067.9,1029.4,1037.5,1042.6,1754,18.22,2026-09-30
INA,EQ,89.26,91.8,86.81,87.5,87.63,609109,540.84,2026-09-30
INCREDIBLE,EQ,31.52,33.98,31.52,32.61,31.6,6216,2.03,2026-09-30
INDBANK,EQ,25.6,25.99,25.06,25.36,25.06,17590,4.47,2026-09-30
INDGN,EQ,606.0,614.5,585.0,590.75,605.15,390007,2326.91,2026-09-30
INDHOTEL,EQ,714.35,736.9,713.0,728.65,714.35,3733640,27209.43,2026-09-30
INDIACEM,EQ,301.1,309.9,300.15,301.85,303.7,337561,1025.64,2026-09-30
INDIAGLYCO,EQ,307.0,314.3,304.1,307.4,304.5,321153,990.98,2026-09-30
INDIAMART,EQ,1615.0,1644.0,1613.1,1629.0,1612.9,101414,1656.49,2026-09-30
INDIANB,EQ,800.0,814.65,799.2,805.9,795.25,1068705,8646.31,2026-09-30
INDIANCARD,EQ,180.9,190.0,180.0,186.13,183.72,4029,7.44,2026-09-30
INDIANHUME,EQ,352.15,362.8,350.3,352.8,355.8,25759,92.4,2026-09-30
INDIASHLTR,EQ,639.75,645.8,630.75,635.6,639.75,44998,285.99,2026-09-30
INDIGO,EQ,4915.5,5021.5,4893.5,4984.0,4872.0,624800,31042.13,2026-09-30
INDIGOPNTS,EQ,1078.9,1104.2,1072.0,1091.0,1078.9,37864,411.9,2026-09-30
INDIQUBE,EQ,197.54,199.48,192.66,196.38,196.14,19857,38.97,2026-09-30
INDNIPPON,EQ,1246.0,1267.6,1216.1,1244.4,1244.8,48325,599.71,2026-09-30
INDOAMIN,EQ,145.61,148.0,138.35,142.07,145.45,208080,299.05,2026-09-30
INDOBORAX,EQ,489.0,495.0,470.0,481.45,489.5,168168,811.02,2026-09-30
INDOCO,EQ,270.52,274.87,255.35,261.67,269.15,1088133,2899.93,2026-09-30
INDOFARM,EQ,134.0,137.0,133.26,134.45,133.17,63176,85.45,2026-09-30
INDOKEM,EQ,625.0,625.0,595.2,600.45,617.0,4030,24.49,2026-09-30
INDOMIM,EQ,1263.9,1263.9,1223.0,1242.45,1248.15,707284,8790.82,2026-09-30
INDORAMA,EQ,105.85,107.5,99.0,100.36,103.44,1164796,1206.39,2026-09-30
INDOSTAR,EQ,210.0,215.7,209.05,213.54,209.04,106921,226.2,2026-09-30
INDOTECH,EQ,3267.0,3275.0,3161.2,3188.2,3186.2,8311,267.45,2026-09-30
INDOTHAI,EQ,32.4,33.52,32.39,33.52,31.93,452135,150.45,2026-09-30
INDOUS,EQ,79.5,81.98,75.51,78.22,77.42,35025,27.97,2026-09-30
INDOWIND,EQ,8.7,9.0,8.6,8.69,8.86,115529,10.13,2026-09-30
INDPRUD,EQ,6350.0,6450.0,6290.0,6336.5,6358.0,76,4.85,2026-09-30
INDRAMEDCO,EQ,355.0,358.95,340.2,348.95,354.8,390892,1356.42,2026-09-30
INDSWFTLAB,EQ,417.25,424.75,382.0,388.75,413.1,805121,3230.6,2026-09-30
INDTERRAIN,EQ,29.35,29.96,29.26,29.42,29.3,13832,4.11,2026-09-30
INDUSINDBK,EQ,885.0,902.1,885.0,901.4,878.0,2428835,21743.91,2026-09-30
INDUSTOWER,EQ,370.35,376.05,368.6,373.2,367.55,6712752,25027.97,2026-09-30
INFOBEAN,EQ,143.25,145.38,143.01,143.5,143.78,118611,170.94,2026-09-30
INFOMEDIA,EQ,5.29,5.54,5.05,5.38,5.19,21723,1.15,2026-09-30
INFRA,EQ,11.55,11.57,11.48,11.5,11.48,14992,1.73,2026-09-30
INFRABEES,EQ,911.5,913.09,900.0,903.01,908.55,8740,79.16,2026-09-30
INFRAIETF,EQ,90.61,92.74,89.35,90.81,90.62,106039,95.98,2026-09-30
INFY,EQ,1004.0,1024.0,992.2,994.1,1015.4,13508984,135482.01,2026-09-30
INGERRAND,EQ,4195.0,4237.3,4077.0,4144.0,4195.0,28231,1166.07,2026-09-30
INNOVACAP,EQ,1269.8,1270.0,1146.5,1159.8,1271.2,621573,7390.69,2026-09-30
INNOVANA,EQ,296.1,296.1,286.05,292.55,291.5,25036,73.12,2026-09-30
INNOVISION,EQ,253.25,255.65,251.2,252.0,253.7,6614,16.71,2026-09-30
INOXGREEN,EQ,164.79,166.82,160.0,161.07,163.96,413754,674.46,2026-09-30
INOXINDIA,EQ,2087.2,2099.0,2040.1,2052.5,2070.4,179897,3721.55,2026-09-30
INOXWIND,EQ,72.0,72.93,69.51,69.51,71.5,9235114,6563.79,2026-09-30
INSECTICID,EQ,585.1,599.2,581.05,584.3,588.9,7085,41.72,2026-09-30
INSPIRISYS,EQ,84.22,90.0,84.22,87.16,85.92,5963,5.18,2026-09-30
INSUREIETF,EQ,14.61,14.72,14.42,14.55,14.61,6536073,948.66,2026-09-30
INTELLECT,EQ,614.0,634.2,609.0,613.65,613.25,457036,2850.96,2026-09-30
INTENTECH,EQ,81.6,86.5,81.6,84.46,82.63,18698,15.73,2026-09-30
INTERARCH,EQ,1705.9,1713.5,1670.0,1673.4,1690.2,34454,579.85,2026-09-30
INTERNET,EQ,13.68,13.99,13.46,13.51,13.68,187020,25.42,2026-09-30
INTLCONV,EQ,78.6,81.09,78.4,80.01,80.0,28672,22.96,2026-09-30
INVENTURE,EQ,0.86,0.88,0.86,0.86,0.86,476101,4.13,2026-09-30
IOB,EQ,31.0,31.54,30.8,30.96,30.95,2518317,785.79,2026-09-30
IOC,EQ,133.3,135.99,133.14,134.93,131.33,9545086,12841.88,2026-09-30
IOLCP,EQ,202.6,211.6,202.51,207.08,201.48,3390524,7065.05,2026-09-30
IONEXCHANG,EQ,411.9,414.5,403.6,411.15,410.2,230496,947.0,2026-09-30
IPCALAB,EQ,1950.3,1984.9,1916.4,1927.0,1938.1,312460,6078.6,2026-09-30
IPL,EQ,133.0,135.0,131.1,132.72,133.12,140290,187.08,2026-09-30
IPRINGLTD,EQ,144.0,147.99,142.0,145.03,136.13,3198,4.67,2026-09-30
IRB,EQ,16.98,17.57,16.92,17.49,16.98,15971102,2766.7,2026-09-30
IRCON,EQ,102.8,122.96,102.8,117.09,102.47,76654100,89595.17,2026-09-30
IRCTC,EQ,452.55,467.35,452.55,455.4,452.55,829734,3817.82,2026-09-30
IREDA,EQ,111.7,113.84,111.37,111.68,111.0,3872732,4361.3,2026-09-30
IRFC,EQ,78.6,81.5,78.41,79.28,80.26,38110222,30612.3,2026-09-30
IRIS,EQ,234.92,234.99,222.0,223.38,230.23,9220,20.86,2026-09-30
IRISDOREME,EQ,62.8,63.48,61.0,61.55,62.8,155703,97.01,2026-09-30
IRMENERGY,EQ,263.25,272.1,263.25,264.45,267.25,32502,86.67,2026-09-30
ISGEC,EQ,880.25,893.5,871.2,883.1,880.1,77493,685.54,2026-09-30
ISHANCH,EQ,47.35,49.69,46.26,47.82,47.35,48457,23.55,2026-09-30
ISTLTD,EQ,655.0,665.0,620.0,642.9,640.0,458,2.96,2026-09-30
IT,EQ,30.72,31.63,30.64,30.83,30.72,284257,88.52,2026-09-30
ITADD,EQ,29.51,30.15,29.42,29.55,29.5,9323,2.77,2026-09-30
ITAXIS,EQ,311.45,313.81,305.01,305.64,311.83,6846,21.14,2026-09-30
ITBEES,EQ,31.57,31.57,30.75,30.86,30.8,11992964,3731.29,2026-09-30
ITBETA,EQ,297.19,299.0,291.37,292.6,292.46,179,0.53,2026-09-30
ITC,EQ,265.0,266.9,261.4,262.75,265.1,14079098,37239.66,2026-09-30
ITCHOTELS,EQ,161.7,164.9,160.25,164.13,160.53,1550628,2521.98,2026-09-30
ITDC,EQ,660.0,728.0,656.1,687.65,657.15,4549325,32132.76,2026-09-30
ITETF,EQ,29.7,30.18,29.35,29.47,29.35,570634,169.36,2026-09-30
ITI,EQ,242.6,261.9,242.25,246.4,243.4,1068588,2691.87,2026-09-30
ITIETF,EQ,30.82,31.6,30.79,30.9,30.82,1391110,432.38,2026-09-30
ITL,EQ,356.5,356.5,347.05,351.2,353.0,665,2.33,2026-09-30
IVALUE,EQ,225.9,228.1,220.25,222.76,224.61,66924,150.2,2026-09-30
IVC,EQ,7.71,8.18,7.71,7.8,7.68,469057,37.24,2026-09-30
IVZBANKNF,EQ,54.66,54.66,53.23,53.49,54.46,181,0.1,2026-09-30
IVZINGOLD,EQ,127.95,133.0,127.55,128.9,127.25,64490,83.03,2026-09-30
IVZINNIFTY,EQ,255.15,263.21,255.15,259.83,261.7,5228,13.66,2026-09-30
IVZSENSEX,EQ,73.03,73.5,72.51,72.77,73.03,4734,3.45,2026-09-30
IWP,EQ,38.34,38.65,36.41,37.52,36.88,82945,31.12,2026-09-30
IXIGO,EQ,160.24,164.21,159.51,162.89,160.24,842850,1371.8,2026-09-30
IZMO,EQ,895.0,909.8,870.1,874.8,888.2,82671,733.44,2026-09-30
J&KBANK,EQ,139.0,142.26,138.0,138.65,138.52,1592541,2233.38,2026-09-30
JAGRAN,EQ,62.05,62.99,62.0,62.3,62.01,103134,64.39,2026-09-30
JAGSNPHARM,EQ,237.99,246.0,232.0,237.74,234.71,282625,681.33,2026-09-30
JAIBALAJI,EQ,64.18,65.0,62.0,62.24,63.35,275374,173.01,2026-09-30
JAICORPLTD,EQ,91.8,93.63,91.3,91.69,91.8,201178,185.16,2026-09-30
JAINREC,EQ,286.9,293.85,283.05,292.35,287.65,924581,2672.02,2026-09-30
JAIPURKURT,EQ,27.0,27.0,25.02,26.69,25.86,48210,12.75,2026-09-30
JAMNAAUTO,EQ,136.35,141.75,135.7,136.35,136.27,2575110,3552.78,2026-09-30
JARO,EQ,421.55,427.65,419.0,420.1,421.55,91420,386.97,2026-09-30
JASH,EQ,600.0,619.4,585.15,591.65,598.4,838814,5066.95,2026-09-30
JAYAGROGN,EQ,224.77,226.14,222.7,223.18,225.44,7967,17.86,2026-09-30
JAYBARMARU,EQ,125.95,129.4,123.67,128.39,124.6,660716,838.52,2026-09-30
JAYKAY,EQ,206.05,214.9,204.1,204.93,205.01,641565,1346.77,2026-09-30
JAYNECOIND,EQ,93.7,96.38,92.0,92.79,92.66,5628555,5337.56,2026-09-30
JAYSREETEA,EQ,86.25,89.55,85.01,85.74,85.75,32813,28.23,2026-09-30
JBMA,EQ,568.95,572.7,552.0,556.5,563.15,234314,1316.45,2026-09-30
JENBURPH,EQ,930.0,944.0,911.2,914.6,924.0,2329,21.44,2026-09-30
JETFREIGHT,EQ,20.32,21.25,20.32,20.74,20.63,93418,19.43,2026-09-30
JGCHEM,EQ,671.55,688.0,617.5,645.1,658.65,1421545,9476.75,2026-09-30
JHS,EQ,11.4,12.45,11.0,12.45,10.38,2836786,344.39,2026-09-30
JINDALPHOT,EQ,1040.4,1067.0,1031.0,1040.5,1043.4,939,9.81,2026-09-30
JINDALPOLY,EQ,681.5,688.55,670.0,672.55,675.3,5648,38.42,2026-09-30
JINDALSAW,EQ,277.3,282.05,274.35,277.7,277.7,1224272,3407.69,2026-09-30
JINDALSTEL,EQ,1130.0,1144.3,1124.6,1134.9,1130.0,1535849,17408.16,2026-09-30
JINDRILL,EQ,599.9,612.4,595.35,600.6,599.95,191699,1158.35,2026-09-30
JINDWORLD,EQ,47.6,47.97,46.26,46.54,47.07,2793369,1313.79,2026-09-30
JIOFIN,EQ,218.0,220.39,215.64,216.88,217.56,14305215,31099.68,2026-09-30
JISLDVREQS,EQ,19.5,19.98,19.01,19.14,19.46,9109,1.75,2026-09-30
JISLJALEQS,EQ,28.93,29.3,27.75,27.93,28.97,1648888,468.88,2026-09-30
JITFINFRA,EQ,288.4,288.4,275.6,278.8,277.15,21653,60.62,2026-09-30
JKCEMENT,EQ,4848.0,5117.0,4848.0,5076.0,4824.5,106778,5349.35,2026-09-30
JKIL,EQ,452.5,471.0,452.0,463.3,451.4,98451,454.5,2026-09-30
JKIPL,EQ,96.05,100.5,96.0,97.7,97.69,3154,3.09,2026-09-30
JKLAKSHMI,EQ,490.05,498.75,488.1,492.3,490.15,104189,514.59,2026-09-30
JKPAPER,EQ,394.6,399.45,391.0,393.7,391.35,294026,1161.8,2026-09-30
JKTYRE,EQ,337.0,349.0,337.0,347.0,334.8,1039519,3596.35,2026-09-30
JLHL,EQ,262.05,263.05,251.5,253.6,262.05,384611,987.38,2026-09-30
JMA,EQ,89.1,91.34,87.06,89.6,89.34,7776,6.96,2026-09-30
JMFINANCIL,EQ,125.25,129.65,125.25,129.02,125.78,2299895,2946.74,2026-09-30
JNKINDIA,EQ,459.95,462.9,434.8,438.2,451.75,239632,1067.99,2026-09-30
JNPR,EQ,270.5,282.75,269.85,273.3,272.3,1056639,2920.44,2026-09-30
JOCIL,EQ,162.0,162.0,146.0,146.86,145.17,5784,8.65,2026-09-30
JPOLYINVST,EQ,950.0,959.5,930.05,933.4,950.0,1705,16.07,2026-09-30
JPPOWER,EQ,15.25,15.58,15.0,15.13,15.26,29140693,4467.18,2026-09-30
JSFB,EQ,506.0,509.0,486.0,489.3,503.7,428503,2123.0,2026-09-30
JSL,EQ,735.7,749.85,733.0,747.4,738.3,860756,6412.75,2026-09-30
JSLL,EQ,509.45,512.9,494.6,500.8,509.45,559788,2800.17,2026-09-30
JSWCEMENT,EQ,113.6,114.03,112.3,113.38,112.58,1945111,2204.18,2026-09-30
JSWDULUX,EQ,3069.0,3091.3,3035.7,3079.0,3034.4,14235,437.18,2026-09-30
JSWENERGY,EQ,498.0,500.45,489.5,494.7,501.15,1797485,8868.21,2026-09-30
JSWHL,EQ,11000.0,11409.0,11000.0,11346.0,11000.0,51678,5774.94,2026-09-30
JSWINFRA,EQ,352.0,358.5,348.7,356.6,350.0,2191121,7768.06,2026-09-30
JSWSTEEL,EQ,1272.4,1275.9,1253.4,1253.4,1272.4,1329600,16783.29,2026-09-30
JTEKTINDIA,EQ,115.84,117.3,115.84,116.58,115.84,54853,63.99,2026-09-30
JTLIND,EQ,88.99,91.11,87.8,88.28,88.88,1732287,1552.44,2026-09-30
JUBLCPL,EQ,2122.6,2141.5,2050.0,2061.2,2107.4,4910,102.84,2026-09-30
JUBLFOOD,EQ,463.4,466.25,451.1,456.7,463.0,797358,3634.79,2026-09-30
JUBLINGREA,EQ,639.5,677.4,639.5,653.2,639.1,605507,4022.63,2026-09-30
JUBLPHARMA,EQ,1052.1,1063.1,1021.6,1028.8,1048.2,460073,4756.93,2026-09-30
JUNIORBEES,EQ,765.3,765.3,746.43,756.31,761.66,325345,2470.5,2026-09-30
JUNIPER,EQ,214.0,218.0,212.15,213.42,213.95,90330,194.23,2026-09-30
JUSTDIAL,EQ,659.8,672.0,651.65,666.15,656.5,130940,870.05,2026-09-30
JWL,EQ,221.5,244.8,220.59,233.12,219.82,24061117,57200.63,2026-09-30
JYOTHYLAB,EQ,184.6,187.48,183.29,186.7,184.26,398247,739.95,2026-09-30
JYOTICNC,EQ,1062.0,1068.35,1028.0,1039.85,1059.3,430258,4530.68,2026-09-30
JYOTIRES,EQ,850.0,850.0,832.0,835.45,840.95,6331,53.16,2026-09-30
JYOTISTRUC,EQ,8.98,9.25,8.83,8.9,9.07,4112757,372.04,2026-09-30
KABRAEXTRU,EQ,835.0,838.9,788.35,805.55,829.8,221415,1794.97,2026-09-30
KAJARIACER,EQ,1227.8,1265.9,1212.8,1235.1,1190.5,2882388,35895.68,2026-09-30
KAKATCEM,EQ,107.88,107.9,104.4,105.18,107.83,1761,1.86,2026-09-30
KALAMANDIR,EQ,76.0,77.63,75.9,76.27,76.19,385217,295.87,2026-09-30
KALPATARU,EQ,278.8,285.0,276.0,278.7,278.8,55095,154.65,2026-09-30
KALYANKJIL,EQ,572.0,572.05,552.5,553.15,568.85,5559899,31147.88,2026-09-30
KAMAHOLD,EQ,2256.0,2304.9,2251.9,2286.8,2241.1,3772,86.33,2026-09-30
KAMANWALA,EQ,16.5,17.1,16.4,16.9,17.1,2326,0.39,2026-09-30
KAMATHOTEL,EQ,237.0,240.29,235.0,237.2,236.71,26647,63.24,2026-09-30
KAMDHENU,EQ,38.15,40.25,37.81,38.08,38.41,554860,213.34,2026-09-30
KAMOPAINTS,EQ,4.11,4.24,4.05,4.14,4.1,250787,10.41,2026-09-30
KANANIIND,EQ,1.37,1.38,1.34,1.36,1.36,74296,1.01,2026-09-30
KANCHI,EQ,383.05,394.85,380.0,388.05,391.0,929,3.6,2026-09-30
KANCOTEA,EQ,54.89,54.89,50.53,53.9,54.55,52,0.03,2026-09-30
KANOHAR,EQ,869.0,884.0,841.1,856.75,862.75,2079818,18031.43,2026-09-30
KANPRPLA,EQ,249.0,253.4,246.45,249.0,245.2,5949,14.84,2026-09-30
KANSAINER,EQ,182.9,183.54,177.1,177.99,181.33,178729,321.13,2026-09-30
KAPSTON,EQ,569.0,569.0,545.25,550.35,555.7,494511,2725.41,2026-09-30
KARAMTARA,EQ,364.0,395.35,361.35,395.35,359.45,5878325,22678.92,2026-09-30
KARMAENG,EQ,39.0,39.0,37.1,37.43,37.9,1021,0.39,2026-09-30
KARURVYSYA,EQ,318.1,327.0,311.4,324.8,318.15,3398416,10932.88,2026-09-30
KAYNES,EQ,3520.4,3611.0,3501.0,3501.0,3511.5,720015,25526.13,2026-09-30
KCP,EQ,155.6,158.59,153.91,154.15,156.19,80241,124.79,2026-09-30
KDDL,EQ,3980.0,4010.8,3857.2,3886.9,3931.6,16959,666.58,2026-09-30
KDGREEN,EQ,49.0,49.0,46.82,47.72,48.53,19545,9.35,2026-09-30
KEC,EQ,380.0,384.35,375.1,377.25,378.35,715246,2718.75,2026-09-30
KECL,EQ,122.44,124.9,119.15,120.64,121.4,118696,144.86,2026-09-30
KEEPLEARN,EQ,1.84,1.89,1.82,1.85,1.84,39242,0.72,2026-09-30
KEI,EQ,4504.5,4536.5,4450.0,4455.0,4461.0,182773,8204.0,2026-09-30
KELLTONTEC,EQ,13.0,13.24,12.82,12.85,13.05,1210486,156.89,2026-09-30
KENNAMET,EQ,4079.0,4170.0,3958.1,4131.0,4039.6,116894,4764.83,2026-09-30
KERNEX,EQ,1750.0,1762.5,1671.0,1686.0,1744.1,228842,3947.46,2026-09-30
KESORAMIND,EQ,11.08,11.1,10.56,10.92,10.84,547872,59.72,2026-09-30
KEYFINSERV,EQ,247.8,247.8,234.7,242.95,233.0,1823,4.43,2026-09-30
KFINTECH,EQ,840.0,853.8,837.4,840.0,838.2,489013,4137.52,2026-09-30
KHAICHEM,EQ,50.4,50.4,48.7,48.76,49.22,107547,52.98,2026-09-30
KHAITANLTD,EQ,154.79,154.79,146.25,146.25,150.01,1789,2.68,2026-09-30
KHANDSE,EQ,17.49,17.49,16.9,17.2,17.06,1628,0.28,2026-09-30
KICL,EQ,4837.0,4893.5,4761.5,4799.0,4773.0,1070,51.47,2026-09-30
KIMS,EQ,769.95,777.95,722.6,746.4,769.9,2363878,17506.69,2026-09-30
KINGFA,EQ,6550.0,6601.0,6380.5,6482.5,6524.5,19393,1255.31,2026-09-30
KIOCL,EQ,337.25,344.0,330.0,332.3,336.1,54237,182.74,2026-09-30
KIRANVYPAR,EQ,187.15,187.15,187.15,187.15,189.66,10,0.02,2026-09-30
KIRIINDUS,EQ,544.1,553.3,540.0,541.3,543.45,396704,2167.19,2026-09-30
KIRLFER,EQ,474.4,481.7,468.3,470.0,474.4,42951,202.57,2026-09-30
KIRLOSBROS,EQ,1828.0,1847.5,1745.0,1774.9,1848.3,321866,5702.07,2026-09-30
KIRLOSENG,EQ,2358.0,2360.0,2241.3,2304.2,2402.0,1822978,41849.67,2026-09-30
KIRLOSIND,EQ,3600.0,3659.7,3545.2,3570.7,3578.6,4008,144.81,2026-09-30
KIRLPNU,EQ,682.6,702.0,674.65,676.7,684.4,75891,519.59,2026-09-30
KISSHT,EQ,356.0,372.0,352.2,369.55,358.65,2404648,8745.21,2026-09-30
KITEX,EQ,115.51,121.18,115.2,119.55,115.56,552200,660.72,2026-09-30
KJMCFIN,EQ,60.0,60.0,58.0,60.0,59.0,380,0.23,2026-09-30
KKCL,EQ,467.1,472.25,458.0,460.35,467.1,7446,34.56,2026-09-30
KLBRENG-B,EQ,527.9,534.55,521.55,523.95,525.55,206790,1090.44,2026-09-30
KMCSHIL,EQ,163.98,175.4,156.26,171.14,161.98,2691889,4580.86,2026-09-30
KMEW,EQ,3106.3,3170.0,2986.0,3041.5,3064.8,217728,6709.38,2026-09-30
KMSUGAR,EQ,31.99,34.03,31.99,33.68,31.86,822756,274.58,2026-09-30
KNACK,EQ,175.75,182.0,175.75,180.0,176.58,582310,1046.5,2026-09-30
KNAGRI,EQ,204.9,204.9,192.0,198.13,199.92,3274,6.49,2026-09-30
KNRCON,EQ,118.38,120.6,118.08,118.58,119.33,458300,546.08,2026-09-30
KOHINOOR,EQ,30.35,32.3,30.35,30.58,30.99,105851,32.53,2026-09-30
KOKUYOCMLN,EQ,75.0,76.6,74.0,75.87,74.72,53215,40.31,2026-09-30
KOLTEPATIL,EQ,430.2,431.9,423.75,424.85,427.05,34307,146.73,2026-09-30
KOPRAN,EQ,293.8,295.83,277.01,278.32,290.9,487875,1395.39,2026-09-30
KOTAKBANK,EQ,406.1,419.15,405.95,417.0,406.0,32537029,134989.17,2026-09-30
KOTHARIPET,EQ,130.51,132.39,129.0,129.43,128.97,43927,57.25,2026-09-30
KOTHARIPRO,EQ,66.5,66.5,65.0,65.35,65.09,4794,3.15,2026-09-30
KOTIC,EQ,150.29,154.0,135.36,152.7,150.12,126637,183.83,2026-09-30
KOTYARK,EQ,29.08,30.9,29.07,29.83,29.39,288722,86.89,2026-09-30
KOVAI,EQ,6013.5,6075.5,5981.0,6007.0,6013.5,3797,228.45,2026-09-30
KPEL,EQ,225.5,229.2,219.13,220.41,224.03,231806,518.17,2026-09-30
KPIGREEN,EQ,386.4,386.9,355.5,358.95,371.25,4386433,16364.31,2026-09-30
KPIL,EQ,1366.9,1385.2,1366.9,1380.6,1365.1,71593,986.96,2026-09-30
KPITTECH,EQ,510.95,518.0,499.1,499.1,519.7,1625467,8260.15,2026-09-30
KPL,EQ,3699.0,3699.0,3611.1,3641.4,3625.1,14030,511.1,2026-09-30
KPRMILL,EQ,1081.5,1113.3,1076.4,1103.3,1081.5,165794,1826.62,2026-09-30
KRBL,EQ,386.3,393.7,379.5,381.6,386.2,243341,939.72,2026-09-30
KREBSBIO,EQ,55.4,63.69,55.33,60.2,56.42,50966,30.9,2026-09-30
KRIDHANINF,EQ,1.89,1.97,1.85,1.88,1.88,56032,1.07,2026-09-30
KRISHANA,EQ,186.0,193.0,185.19,188.23,185.19,1098163,2089.34,2026-09-30
KRISHIVAL,EQ,414.0,415.25,400.25,401.85,403.95,15013,60.91,2026-09-30
KRISHNADEF,EQ,1009.0,1047.0,1008.0,1032.8,1013.0,60180,621.54,2026-09-30
KRITI,EQ,63.8,63.8,60.46,61.0,62.41,10030,6.18,2026-09-30
KRITIKA,EQ,5.1,5.1,4.81,4.91,5.01,120247,5.97,2026-09-30
KRITINUT,EQ,72.65,73.89,68.9,69.81,72.52,60590,42.59,2026-09-30
KRN,EQ,1456.0,1481.0,1424.0,1436.5,1443.1,184949,2698.35,2026-09-30
KROSS,EQ,262.0,268.0,258.12,263.05,261.83,623813,1641.33,2026-09-30
KRSNAA,EQ,549.65,564.45,543.0,559.95,553.6,68107,377.92,2026-09-30
KRYSTAL,EQ,624.0,635.0,616.25,626.2,619.75,8802,54.99,2026-09-30
KSB,EQ,860.0,900.0,841.0,856.1,824.8,5216083,45313.43,2026-09-30
KSCL,EQ,746.5,752.8,720.0,725.65,742.1,229047,1685.27,2026-09-30
KSE,EQ,178.99,180.38,177.0,177.81,177.99,4570,8.16,2026-09-30
KSHINTL,EQ,1036.7,1040.2,1000.0,1001.1,1028.4,165317,1673.77,2026-09-30
KSL,EQ,964.35,989.6,957.25,965.4,964.35,76255,743.53,2026-09-30
KSOLVES,EQ,247.4,251.5,245.0,248.8,247.4,19655,49.07,2026-09-30
KTKBANK,EQ,324.4,332.15,322.55,329.0,324.25,1004306,3292.89,2026-09-30
KUANTUM,EQ,77.06,78.08,76.0,76.35,76.73,68177,52.51,2026-09-30
KUSUMGAR,EQ,608.6,616.95,597.0,600.95,606.25,82582,499.43,2026-09-30
KWIL,EQ,41.22,41.22,39.0,39.22,41.0,9990414,3983.7,2026-09-30
LAGNAM,EQ,72.15,74.9,72.02,72.24,72.02,1580,1.15,2026-09-30
LAHOTIOV,EQ,40.0,42.0,40.0,41.25,39.26,7759,3.18,2026-09-30
LAKSHMIMIL,EQ,7650.0,7874.0,7620.0,7632.5,7620.0,38,2.91,2026-09-30
LAL,EQ,8.55,8.9,8.4,8.42,8.55,7950,0.68,2026-09-30
LALITHAA,EQ,384.0,393.75,375.5,381.9,375.0,6734536,26223.07,2026-09-30
LALPATHLAB,EQ,1946.0,1994.0,1865.0,1987.0,1950.4,525994,10219.57,2026-09-30
LAMBODHARA,EQ,135.4,136.45,128.1,129.28,135.41,9370,12.44,2026-09-30
LANCER,EQ,11.64,11.79,11.31,11.45,11.41,136799,15.79,2026-09-30
LANDMARK,EQ,479.9,495.5,471.0,475.7,487.0,949666,4571.8,2026-09-30
LANDSMILL,EQ,0.96,0.96,0.96,0.96,0.88,5502985,52.83,2026-09-30
LAOPALA,EQ,156.8,158.69,155.31,156.18,156.71,57031,89.4,2026-09-30
LARGEMID50,EQ,34.54,34.6,34.4,34.42,34.54,1552,0.54,2026-09-30
LASERPOWER,EQ,269.75,277.0,262.25,263.85,270.45,490611,1326.36,2026-09-30
LATENTVIEW,EQ,235.5,243.8,234.75,236.0,235.5,300979,718.38,2026-09-30
LATTEYS,EQ,20.89,21.49,20.6,20.91,20.59,64502,13.49,2026-09-30
LAURUSLABS,EQ,1993.0,2001.6,1955.1,1980.0,1979.0,1397926,27690.94,2026-09-30
LAXMICOT,EQ,12.84,13.5,12.84,13.01,12.85,18035,2.36,2026-09-30
LAXMIDENTL,EQ,194.38,196.97,190.35,191.42,192.49,66468,128.49,2026-09-30
LAXMIINDIA,EQ,118.84,121.5,118.71,121.1,118.84,68302,82.35,2026-09-30
LCCINFOTEC,EQ,3.9,4.05,3.76,4.02,3.9,79585,3.17,2026-09-30
LCCPROJECT,EQ,151.0,156.5,150.71,154.36,150.82,1848088,2847.6,2026-09-30
LCL,EQ,580.0,587.65,553.45,557.15,581.65,296716,1682.8,2026-09-30
LEAPIND,EQ,137.44,142.4,136.51,137.78,137.44,814776,1130.35,2026-09-30
LEMERITE,EQ,19.9,20.38,19.0,19.93,19.95,598289,117.56,2026-09-30
LEMONTREE,EQ,104.2,105.4,103.7,104.25,104.17,2167934,2263.95,2026-09-30
LENSKART,EQ,684.35,698.1,672.4,685.05,674.6,6800271,46850.25,2026-09-30
LEXUS,EQ,11.82,12.38,11.51,11.76,11.82,15553,1.84,2026-09-30
LFIC,EQ,130.55,132.02,129.0,131.22,129.51,1406,1.85,2026-09-30
LGBBROSLTD,EQ,1736.6,1761.0,1729.1,1730.1,1730.1,9738,168.75,2026-09-30
LGEINDIA,EQ,1740.0,1740.0,1704.0,1723.5,1739.2,421274,7258.38,2026-09-30
LGHL,EQ,184.99,208.95,180.0,200.04,178.72,71282,139.7,2026-09-30
LIBAS,EQ,11.63,12.05,11.42,11.87,11.98,30725,3.61,2026-09-30
LIBERTSHOE,EQ,229.0,229.0,220.46,221.01,225.54,30337,67.85,2026-09-30
LICHSGFIN,EQ,555.1,565.0,530.2,530.2,548.5,5474497,29759.54,2026-09-30
LICI,EQ,395.0,398.95,391.9,395.2,390.0,6311852,24964.78,2026-09-30
LICMFGOLD,EQ,131.9,133.35,131.9,132.35,131.75,45397,60.2,2026-09-30
LICNETFGSC,EQ,29.2,29.2,29.0,29.04,29.06,234379,68.1,2026-09-30
LICNETFN50,EQ,254.76,257.22,254.47,255.11,256.9,350,0.9,2026-09-30
LICNETFSEN,EQ,825.5,826.55,824.25,824.25,804.15,7,0.06,2026-09-30
LICNFNHGP,EQ,259.89,265.0,255.1,264.99,268.85,2734,7.09,2026-09-30
LICNMID100,EQ,60.97,60.97,59.38,59.63,60.29,7451,4.46,2026-09-30
LIKHITHA,EQ,221.13,243.82,220.24,234.29,222.85,271910,642.45,2026-09-30
LINC,EQ,88.84,90.78,88.12,88.63,88.84,16141,14.35,2026-09-30
LINCOLN,EQ,590.0,593.4,584.0,585.65,584.3,19291,113.56,2026-09-30
LINDEINDIA,EQ,6241.0,6366.0,6180.5,6323.0,6199.5,28491,1792.15,2026-09-30
LIQGRWBEES,EQ,1057.52,1057.52,1057.5,1057.5,1057.36,85673,906.0,2026-09-30
LIQUID,EQ,999.99,1000.0,999.99,999.99,999.99,256215,2562.15,2026-09-30
LIQUID1,EQ,1124.68,1124.83,1124.68,1124.82,1124.68,2127440,23929.85,2026-09-30
LIQUIDADD,EQ,1146.97,1146.99,1146.97,1146.97,1146.82,523853,6008.49,2026-09-30
LIQUIDBEES,EQ,1000.01,1000.01,999.99,1000.0,1000.0,5812069,58121.01,2026-09-30
LIQUIDBETA,EQ,1010.02,1010.04,1010.02,1010.02,1009.64,14,0.14,2026-09-30
LIQUIDBETF,EQ,1100.88,1100.9,1100.88,1100.89,1100.75,175302,1929.88,2026-09-30
LIQUIDCASE,EQ,116.16,116.16,116.14,116.15,116.12,26123360,30342.95,2026-09-30
LIQUIDETF,EQ,1000.0,1000.01,999.99,999.99,999.99,144112,1441.12,2026-09-30
LIQUIDIETF,EQ,999.99,1000.01,999.99,999.99,999.99,481471,4814.71,2026-09-30
LIQUIDPLUS,EQ,1105.37,1105.39,1105.37,1105.38,1105.23,382273,4225.6,2026-09-30
LIQUIDSBI,EQ,1000.0,1000.01,999.99,1000.01,1000.0,4432,44.32,2026-09-30
LIQUIDSHRI,EQ,1123.56,1123.56,1123.54,1123.55,1123.41,16544,185.88,2026-09-30
LKPSEC,EQ,14.7,14.7,13.65,14.14,14.27,7198,1.01,2026-09-30
LLOYDSENGG,EQ,102.72,104.2,97.51,98.64,102.19,20659896,20881.76,2026-09-30
LLOYDSENT,EQ,79.7,82.1,78.68,79.23,79.13,4337499,3488.8,2026-09-30
LLOYDSME,EQ,1902.5,1918.8,1870.0,1884.0,1902.2,333292,6330.72,2026-09-30
LMW,EQ,16961.0,17054.0,16800.0,16862.0,16957.0,1450,244.96,2026-09-30
LODHA,EQ,1103.0,1135.0,1091.8,1135.0,1106.6,1779057,19786.65,2026-09-30
LOKESHMACH,EQ,345.0,369.5,341.75,365.9,341.55,76813,275.26,2026-09-30
LORDSCHLO,EQ,143.0,144.7,137.15,138.54,140.34,11305,15.92,2026-09-30
LOTUSCHO,EQ,554.55,564.95,546.1,550.35,554.55,1679,9.26,2026-09-30
LOTUSEYE,EQ,114.9,115.9,113.51,115.89,113.2,4479,5.13,2026-09-30
LOVABLE,EQ,71.0,72.45,69.8,71.05,71.0,3749,2.67,2026-09-30
LOWVOL,EQ,194.22,194.66,192.72,193.0,195.1,4298,8.33,2026-09-30
LOWVOL1,EQ,19.97,19.98,19.66,19.67,19.88,2308658,458.63,2026-09-30
LOWVOLIETF,EQ,20.85,20.96,20.6,20.66,20.85,4427471,919.87,2026-09-30
LOYALTEX,EQ,206.3,213.95,206.3,209.67,207.28,787,1.66,2026-09-30
LPDC,EQ,6.2,6.44,6.11,6.18,6.22,50182,3.13,2026-09-30
LT,EQ,3756.2,3786.5,3730.0,3760.0,3749.1,2396040,90094.27,2026-09-30
LTF,EQ,272.0,273.25,264.9,265.0,271.05,6415013,17180.13,2026-09-30
LTFOODS,EQ,405.65,409.4,399.0,400.4,402.8,356756,1437.77,2026-09-30
LTGILTBEES,EQ,29.56,29.65,29.56,29.58,29.55,1530615,453.07,2026-09-30
LTGILTCASE,EQ,30.75,30.75,30.15,30.16,30.15,531368,160.29,2026-09-30
LTM,EQ,3979.9,4138.0,3979.9,4045.0,3936.0,463734,18824.26,2026-09-30
LTTS,EQ,3100.0,3254.9,3100.0,3228.6,3081.6,146167,4666.99,2026-09-30
LUMAXIND,EQ,5650.0,5750.0,5523.0,5568.5,5691.5,12677,711.54,2026-09-30
LUMAXTECH,EQ,2034.8,2099.0,2007.4,2076.7,2011.7,137712,2843.34,2026-09-30
LUMINO,EQ,104.4,106.19,101.7,102.46,104.4,3888707,4038.48,2026-09-30
LUPIN,EQ,2065.0,2071.7,2027.0,2030.2,2052.1,1085192,22183.15,2026-09-30
LUXIND,EQ,1103.6,1134.5,1101.0,1107.0,1103.6,11916,133.35,2026-09-30
LXCHEM,EQ,176.0,182.2,176.0,177.36,176.49,710755,1275.77,2026-09-30
M&M,EQ,2925.0,2986.0,2925.0,2950.0,2947.8,2332540,68940.55,2026-09-30
M&MFIN,EQ,328.75,333.25,322.65,324.85,328.05,920944,3005.01,2026-09-30
MAANALU,EQ,102.63,102.63,99.81,100.17,100.62,29710,29.89,2026-09-30
MACPOWER,EQ,2165.5,2183.6,2080.0,2096.0,2128.1,40395,864.17,2026-09-30
MADHAV,EQ,34.81,35.89,34.1,34.16,34.81,4441,1.53,2026-09-30
MADHAVIPL,EQ,7.38,7.58,7.21,7.31,7.41,97889,7.21,2026-09-30
MADHUCON,EQ,4.1,4.25,3.91,4.19,4.05,39757,1.65,2026-09-30
MADRASFERT,EQ,58.5,59.69,58.5,58.77,58.55,34224,20.2,2026-09-30
MAFANG,EQ,238.14,242.36,235.6,240.79,238.14,504625,1213.48,2026-09-30
MAFATIND,EQ,117.98,118.99,115.75,117.54,115.29,19676,23.13,2026-09-30
MAGADSUGAR,EQ,540.65,548.4,527.3,531.25,536.7,16452,88.5,2026-09-30
MAGNUM,EQ,18.51,19.15,18.4,18.48,18.57,13633,2.53,2026-09-30
MAHABANK,EQ,80.0,81.5,79.37,79.37,79.16,19568168,15694.31,2026-09-30
MAHAPEXLTD,EQ,50.37,52.0,50.37,51.0,50.82,6541,3.36,2026-09-30
MAHEPC,EQ,97.01,98.48,96.3,96.74,96.78,10903,10.58,2026-09-30
MAHESHWARI,EQ,74.0,74.0,73.05,73.43,73.53,13129,9.68,2026-09-30
MAHKTECH,EQ,21.35,22.08,21.35,21.89,21.9,324852,71.34,2026-09-30
MAHLIFE,EQ,357.2,362.7,353.05,360.3,361.0,92476,330.85,2026-09-30
MAHLOG,EQ,427.0,439.75,423.25,435.85,425.7,367227,1595.47,2026-09-30
MAHSCOOTER,EQ,12300.0,12645.0,12300.0,12576.0,12341.0,5414,679.34,2026-09-30
MAHSEAMLES,EQ,725.0,768.0,721.95,737.65,721.85,1572414,11809.94,2026-09-30
MAITHANALL,EQ,930.0,955.05,918.1,925.25,928.2,52211,486.54,2026-09-30
MAKEINDIA,EQ,158.1,159.06,157.29,157.7,158.6,26088,41.28,2026-09-30
MAKERSL,EQ,181.4,189.49,178.0,181.75,181.38,1070,1.95,2026-09-30
MALLCOM,EQ,939.6,965.5,936.2,938.95,939.65,1522,14.42,2026-09-30
MALUPAPER,EQ,32.3,32.59,31.45,31.47,31.68,12910,4.09,2026-09-30
MAMATA,EQ,406.0,412.15,396.0,398.8,399.5,29583,118.91,2026-09-30
MANAKALUCO,EQ,34.5,35.22,34.1,34.32,34.71,20753,7.21,2026-09-30
MANAKCOAT,EQ,126.28,129.19,126.0,126.98,127.29,218743,278.05,2026-09-30
MANAKSIA,EQ,61.0,62.7,59.11,59.99,61.66,43003,26.12,2026-09-30
MANALIPETC,EQ,80.65,82.75,80.18,80.98,80.18,828103,676.97,2026-09-30
MANAPPURAM,EQ,316.45,322.65,312.95,315.85,316.45,3430831,10899.0,2026-09-30
MANBA,EQ,137.6,138.95,136.0,136.84,136.52,93564,127.99,2026-09-30
MANCREDIT,EQ,215.19,224.9,215.19,220.73,217.36,132906,294.26,2026-09-30
MANGALAM,EQ,31.39,31.93,29.51,30.74,31.39,42421,12.94,2026-09-30
MANGLMCEM,EQ,982.6,1021.8,982.6,993.2,985.8,85822,860.35,2026-09-30
MANINDS,EQ,962.0,992.95,898.25,907.35,959.6,1072563,9999.92,2026-09-30
MANINFRA,EQ,128.0,129.4,125.28,126.86,127.9,1599762,2044.15,2026-09-30
MANIPALHOS,EQ,749.8,752.3,703.15,708.3,747.75,2679610,19170.42,2026-09-30
MANKIND,EQ,2545.0,2552.0,2455.0,2503.8,2545.0,1311278,32853.99,2026-09-30
MANOMAY,EQ,238.5,244.9,234.17,240.66,236.46,491051,1185.29,2026-09-30
MANORAMA,EQ,1865.0,1879.4,1844.8,1852.8,1863.5,123908,2304.56,2026-09-30
MANORG,EQ,447.05,456.4,445.35,452.25,447.7,6490,29.15,2026-09-30
MANUFGBEES,EQ,156.17,158.69,155.75,155.82,156.03,19120,30.0,2026-09-30
MANYAVAR,EQ,534.25,541.0,527.9,535.1,531.7,127982,684.01,2026-09-30
MAPMYINDIA,EQ,854.0,873.4,849.1,858.1,845.2,121081,1041.74,2026-09-30
MARALOVER,EQ,61.5,61.74,57.0,60.31,61.09,23420,13.94,2026-09-30
MARATHON,EQ,385.15,394.4,384.15,389.15,384.9,29572,115.05,2026-09-30
MARICO,EQ,789.85,799.25,786.0,786.0,787.15,2455494,19446.53,2026-09-30
MARINE,EQ,440.4,446.05,416.65,429.55,438.25,1225757,5343.19,2026-09-30
MARKOLINES,EQ,169.59,170.2,166.4,167.72,167.82,473817,801.09,2026-09-30
MARKSANS,EQ,344.0,345.9,321.0,322.3,342.75,3253271,10705.37,2026-09-30
MARSONS,EQ,117.85,119.25,114.11,115.44,117.96,1066194,1236.46,2026-09-30
MARUTI,EQ,11901.0,12065.0,11879.0,11967.0,11877.0,430286,51483.12,2026-09-30
MASFIN,EQ,278.45,284.95,274.65,282.7,281.4,197774,553.12,2026-09-30
MASKINVEST,EQ,154.0,154.0,142.0,150.95,147.18,468,0.68,2026-09-30
MASPTOP50,EQ,101.98,101.98,98.01,99.66,99.5,519681,518.7,2026-09-30
MASTEK,EQ,1515.0,1583.8,1514.6,1562.8,1523.4,139740,2171.24,2026-09-30
MASTERTR,EQ,83.72,84.14,81.55,82.14,83.11,223611,185.6,2026-09-30
MATRIMONY,EQ,519.5,529.8,519.05,523.8,519.25,4149,21.75,2026-09-30
MAWANASUG,EQ,143.55,150.79,143.55,145.01,145.05,253411,374.12,2026-09-30
MAXESTATES,EQ,569.25,594.5,565.5,587.1,569.25,107816,631.71,2026-09-30
MAXHEALTH,EQ,963.0,976.3,907.7,929.8,982.1,13817675,128651.88,2026-09-30
MAXIND,EQ,162.45,164.2,158.22,160.83,160.24,111095,179.41,2026-09-30
MAYURUNIQ,EQ,730.0,752.45,725.05,734.35,727.25,148388,1098.69,2026-09-30
MAZDOCK,EQ,2083.4,2140.0,2081.1,2113.0,2087.1,510455,10820.02,2026-09-30
MBAPL,EQ,167.0,173.5,167.0,170.63,166.84,1417308,2428.7,2026-09-30
MBEL,EQ,254.15,256.0,248.0,249.0,251.5,53598,134.86,2026-09-30
MBLINFRA,EQ,22.5,22.85,21.96,22.85,21.77,53197,12.1,2026-09-30
MCCHRLS-B,EQ,704.0,704.0,660.0,689.85,695.35,68,0.46,2026-09-30
MCL,EQ,58.0,59.63,56.58,56.74,57.64,56806,32.79,2026-09-30
MCLEODRUSS,EQ,45.55,45.73,44.5,44.74,43.56,624727,283.3,2026-09-30
MCLOUD,EQ,25.43,25.79,24.9,25.06,25.12,2323995,589.4,2026-09-30
MCX,EQ,3280.1,3345.0,3255.0,3300.4,3232.0,2066935,68498.96,2026-09-30
MEDANTA,EQ,1426.7,1429.1,1352.4,1365.0,1415.1,457701,6305.61,2026-09-30
MEDIASSIST,EQ,307.0,314.85,301.1,302.25,306.7,211883,645.52,2026-09-30
MEDICO,EQ,22.4,23.64,21.17,21.53,21.84,1169517,260.54,2026-09-30
MEDPLUS,EQ,659.0,661.75,654.5,654.9,654.0,70747,464.28,2026-09-30
MEESHO,EQ,223.0,230.68,219.19,227.75,223.21,15536460,34909.7,2026-09-30
MEGASTAR,EQ,252.2,260.55,248.0,249.05,253.15,3858,9.71,2026-09-30
MEIL,EQ,268.65,269.0,263.35,264.85,266.4,18704,49.76,2026-09-30
MENONBE,EQ,296.55,303.0,292.0,296.2,291.1,70127,208.6,2026-09-30
MERCANTILE,EQ,22.03,23.46,22.0,22.99,22.14,3619,0.83,2026-09-30
MERCURYEV,EQ,38.18,39.25,38.13,38.17,38.69,65295,25.21,2026-09-30
METAL,EQ,13.28,13.28,12.88,12.91,13.02,2030313,263.86,2026-09-30
METALIETF,EQ,13.02,13.03,12.87,12.89,13.02,3593568,465.91,2026-09-30
METROBRAND,EQ,872.05,875.0,832.0,841.75,872.15,53574,454.36,2026-09-30
METROGLOBL,EQ,131.99,134.8,131.0,133.9,131.9,513,0.67,2026-09-30
METROPOLIS,EQ,560.0,561.25,536.65,541.7,562.3,572003,3115.93,2026-09-30
MFML,EQ,18.46,19.84,18.37,18.63,18.46,14210,2.71,2026-09-30
MFSL,EQ,1386.5,1395.1,1344.3,1373.4,1392.4,931017,12737.41,2026-09-30
MGEL,EQ,16.14,16.19,15.61,15.89,16.11,235063,37.56,2026-09-30
MGL,EQ,1048.0,1067.1,1039.0,1058.0,1050.5,217105,2287.65,2026-09-30
MHRIL,EQ,195.9,197.07,192.85,194.25,194.49,48568,94.49,2026-09-30
MID150,EQ,22.78,22.78,22.22,22.3,22.23,91415,20.46,2026-09-30
MID150BEES,EQ,229.65,229.65,226.5,227.04,227.38,492892,1121.89,2026-09-30
MID150CASE,EQ,11.06,11.28,11.0,11.05,11.06,1608104,177.96,2026-09-30
MIDBANKADD,EQ,16.46,16.53,16.42,16.5,16.46,24656,4.06,2026-09-30
MIDCAP,EQ,17.52,17.78,17.39,17.48,17.52,1467345,257.14,2026-09-30
MIDCAPADD,EQ,22.5,22.5,21.9,21.97,22.06,10128,2.23,2026-09-30
MIDCAPBETA,EQ,223.85,224.0,221.02,223.12,224.61,2319,5.15,2026-09-30
MIDCAPETF,EQ,22.44,22.6,22.36,22.4,22.44,2032130,456.59,2026-09-30
MIDCAPIETF,EQ,22.87,22.91,22.65,22.7,22.75,766520,174.6,2026-09-30
MIDHANI,EQ,421.8,442.35,419.75,437.65,419.1,1995574,8678.85,2026-09-30
MIDQ50ADD,EQ,23.78,24.14,23.57,23.6,23.78,42607,10.09,2026-09-30
MIDSELIETF,EQ,18.75,18.89,18.51,18.56,18.72,346145,64.6,2026-09-30
MIDSMALL,EQ,50.0,50.34,49.8,49.88,49.98,179826,89.98,2026-09-30
MIDWESTLTD,EQ,884.9,919.0,878.0,895.0,877.0,74483,666.7,2026-09-30
MIIL,EQ,697.0,699.4,672.1,682.05,692.05,86940,600.27,2026-09-30
MINDACORP,EQ,672.75,698.15,672.75,692.85,672.75,255045,1760.94,2026-09-30
MINDTECK,EQ,153.9,156.39,151.1,153.15,153.34,15052,23.18,2026-09-30
MIRZAINT,EQ,28.3,28.48,27.9,27.94,28.09,82196,23.06,2026-09-30
MITCON,EQ,84.89,85.0,81.1,82.95,82.66,7346,6.11,2026-09-30
MITTAL,EQ,0.73,0.73,0.72,0.72,0.72,528176,3.83,2026-09-30
MKEXIM,EQ,69.95,69.95,64.72,66.84,66.72,6295,4.21,2026-09-30
MKPL,EQ,4.0,4.05,3.92,3.99,3.92,69786,2.79,2026-09-30
MLKFOOD,EQ,84.24,85.99,81.0,83.36,84.24,6097,5.11,2026-09-30
MMFL,EQ,614.9,627.5,592.0,598.6,612.5,61917,375.67,2026-09-30
MMP,EQ,447.0,477.3,447.0,474.85,447.55,139843,654.23,2026-09-30
MMTC,EQ,57.82,58.48,56.7,56.91,56.76,1298784,748.36,2026-09-30
MMWL,EQ,14.82,14.82,14.02,14.82,14.12,28234,4.17,2026-09-30
MNC,EQ,32.18,32.18,31.22,31.41,31.77,117979,37.16,2026-09-30
MOALPHA50,EQ,54.29,54.4,53.5,53.77,54.9,26182,14.12,2026-09-30
MOBANK10,EQ,16.04,16.39,16.0,16.37,16.04,2028,0.33,2026-09-30
MOBIKWIK,EQ,194.95,202.39,194.95,196.32,194.93,603060,1195.47,2026-09-30
MOCAPITAL,EQ,52.58,52.58,51.1,51.31,51.55,726308,373.0,2026-09-30
MODEFENCE,EQ,101.29,102.3,101.0,101.86,101.29,1179096,1201.83,2026-09-30
MODINATUR,EQ,341.0,348.0,333.0,336.0,339.65,2947,9.95,2026-09-30
MODIRUBBER,EQ,122.5,122.5,117.0,120.21,121.89,987,1.18,2026-09-30
MODIS,EQ,369.5,373.0,366.25,372.35,367.15,42478,157.96,2026-09-30
MODTHREAD,EQ,48.9,48.9,47.5,48.64,47.19,54,0.03,2026-09-30
MOENERGY,EQ,37.34,37.34,36.62,36.75,36.92,75098,27.81,2026-09-30
MOGOLD,EQ,146.4,146.4,144.95,145.4,144.45,18221,26.51,2026-09-30
MOGSEC,EQ,64.7,65.25,64.7,64.75,64.66,221149,143.64,2026-09-30
MOHEALTH,EQ,52.89,52.89,50.8,51.07,52.21,73088,37.47,2026-09-30
MOHITE,EQ,2.53,2.6,2.25,2.52,2.53,151942,3.75,2026-09-30
MOHITIND,EQ,23.4,24.0,22.25,22.67,22.97,14977,3.43,2026-09-30
MOIL,EQ,244.0,245.88,235.0,237.76,243.96,392618,945.19,2026-09-30
MOINFRA,EQ,56.9,57.09,56.62,56.81,56.62,1008,0.57,2026-09-30
MOIPO,EQ,46.66,46.95,46.22,46.42,46.43,3076,1.43,2026-09-30
MOKSH,EQ,9.55,9.83,9.45,9.51,9.6,34960,3.36,2026-09-30
MOL,EQ,57.23,58.73,56.02,56.31,57.27,370257,212.31,2026-09-30
MOLBIO,EQ,1314.9,1369.2,1274.4,1308.9,1255.6,3130442,41323.9,2026-09-30
MOLDTKPAC,EQ,643.0,668.25,643.0,660.6,642.95,39184,259.16,2026-09-30
MOLOWVOL,EQ,34.57,34.57,34.21,34.23,34.57,6425,2.2,2026-09-30
MOM100,EQ,64.75,64.97,64.0,64.29,64.55,312563,201.3,2026-09-30
MOM30IETF,EQ,30.19,30.46,30.03,30.15,30.3,537232,162.35,2026-09-30
MOM50,EQ,239.0,239.0,236.01,236.92,239.16,2762,6.57,2026-09-30
MOMENTUM,EQ,30.01,30.79,29.94,30.01,30.01,12414,3.73,2026-09-30
MOMENTUM30,EQ,29.86,29.86,29.52,29.66,29.86,33859,10.05,2026-09-30
MOMENTUM50,EQ,52.47,53.05,52.23,52.54,52.47,591232,311.55,2026-09-30
MOMETAL,EQ,13.28,13.39,12.73,12.9,13.02,132480,17.05,2026-09-30
MOMGF,EQ,155.8,159.0,154.75,155.08,155.86,5453,8.47,2026-09-30
MOMIDMTM,EQ,61.99,62.55,61.7,61.77,61.96,25538,15.82,2026-09-30
MOMMIDCAP,EQ,12.58,12.59,12.45,12.46,12.51,1193102,149.22,2026-09-30
MOMNC,EQ,30.82,30.82,30.22,30.25,30.67,2920,0.89,2026-09-30
MOMOMENTUM,EQ,60.64,60.64,59.52,59.9,60.34,75860,45.52,2026-09-30
MOMSBELIEF,EQ,255.96,256.89,230.6,234.64,255.96,300642,728.94,2026-09-30
MON100,EQ,319.64,323.6,316.44,321.08,319.64,470889,1512.38,2026-09-30
MON50EQUAL,EQ,31.64,32.5,31.35,31.52,31.74,16989,5.35,2026-09-30
MONARCH,EQ,339.15,349.2,336.0,337.85,343.05,30720,104.54,2026-09-30
MONEXT50,EQ,70.33,70.48,69.8,69.98,70.31,2698,1.89,2026-09-30
MONEYBOXX,EQ,53.39,53.39,50.1,52.28,51.08,31574,16.4,2026-09-30
MONIFTY100,EQ,24.2,24.2,23.9,23.98,24.08,104720,25.16,2026-09-30
MONIFTY500,EQ,22.8,22.9,22.62,22.67,22.79,1019365,231.87,2026-09-30
MONQ50,EQ,193.12,202.99,186.07,194.62,188.41,960820,1876.44,2026-09-30
MONTECARLO,EQ,517.95,535.0,517.95,527.45,516.75,39094,206.02,2026-09-30
MOOILGAS,EQ,10.72,11.17,10.41,10.67,10.72,22490,2.41,2026-09-30
MOPSE,EQ,96.22,96.8,95.56,96.34,96.74,239,0.23,2026-09-30
MOQUALITY,EQ,188.9,190.65,188.0,189.01,188.62,12136,22.9,2026-09-30
MOREALTY,EQ,84.79,85.84,84.0,84.85,84.51,300207,253.77,2026-09-30
MOREPENLAB,EQ,119.34,128.1,117.8,125.99,118.8,26169666,32476.27,2026-09-30
MOSCHIP,EQ,199.04,205.49,199.04,201.25,198.47,1416715,2872.4,2026-09-30
MOSERVICE,EQ,29.4,30.3,29.08,29.73,29.32,2492,0.73,2026-09-30
MOSILVER,EQ,217.98,218.8,216.59,217.06,216.31,96372,210.34,2026-09-30
MOSMALL250,EQ,18.0,18.05,17.9,17.93,17.92,915284,164.59,2026-09-30
MOTHERSON,EQ,160.35,164.1,160.35,163.26,158.56,15307995,24894.72,2026-09-30
MOTILALOFS,EQ,999.9,1016.5,994.0,994.0,996.2,766759,7716.74,2026-09-30
MOTISONS,EQ,17.62,18.28,17.52,18.0,17.62,39407577,7085.43,2026-09-30
MOTOGENFIN,EQ,25.5,25.77,25.2,25.5,25.57,7018,1.79,2026-09-30
MOTOUR,EQ,76.39,76.72,75.89,76.35,75.66,6380,4.87,2026-09-30
MOVALUE,EQ,107.09,110.98,107.01,108.15,107.9,42580,46.17,2026-09-30
MPHASIS,EQ,2164.5,2252.6,2144.8,2154.4,2154.4,701536,15388.16,2026-09-30
MPIMANIPAL,EQ,425.05,438.8,400.15,409.15,417.4,3225179,13653.8,2026-09-30
MPSLTD,EQ,2648.0,2796.0,2622.1,2699.0,2634.7,44086,1201.08,2026-09-30
MRF,EQ,123000.0,125800.0,123000.0,125280.0,123080.0,4133,5145.82,2026-09-30
MRPL,EQ,172.5,180.8,162.5,169.29,171.65,30852898,52994.91,2026-09-30
MSCI360,EQ,9.88,9.95,9.56,9.56,9.77,10900,1.05,2026-09-30
MSCIADD,EQ,27.92,28.07,27.91,27.92,27.95,184,0.05,2026-09-30
MSCIINDIA,EQ,28.34,29.12,28.15,28.58,28.04,9983,2.84,2026-09-30
MSL,EQ,137.85,137.85,137.4,137.4,136.0,34,0.05,2026-09-30
MSPL,EQ,33.83,34.95,32.83,33.0,33.55,2560393,854.03,2026-09-30
MSTCLTD,EQ,715.0,733.05,712.2,714.75,713.05,219386,1580.48,2026-09-30
MSUMI,EQ,34.2,34.83,34.0,34.07,34.36,6241303,2140.96,2026-09-30
MTNL,EQ,23.25,23.48,22.82,22.97,23.18,376141,87.22,2026-09-30
MUFIN,EQ,131.97,133.65,130.01,131.51,132.15,589751,778.43,2026-09-30
MUFTI,EQ,68.75,74.0,68.75,72.31,69.28,123298,87.99,2026-09-30
MUKANDLTD,EQ,176.0,184.8,174.25,180.13,172.49,1438322,2596.88,2026-09-30
MUKESHB,EQ,126.0,126.0,126.0,126.0,127.0,56,0.07,2026-09-30
MUKTAARTS,EQ,56.5,57.5,55.4,57.09,56.57,4149,2.34,2026-09-30
MULTICAP,EQ,16.28,16.28,15.91,15.95,15.96,116380,18.64,2026-09-30
MUNJALAU,EQ,106.3,115.7,106.0,112.86,106.48,9221059,10448.54,2026-09-30
MUNJALSHOW,EQ,126.0,127.75,125.0,126.44,126.32,28696,36.28,2026-09-30
MURUDCERA,EQ,28.0,29.0,28.0,28.51,28.0,17394,4.97,2026-09-30
MUTHOOTCAP,EQ,219.32,221.5,216.52,218.9,217.07,5699,12.43,2026-09-30
MUTHOOTFIN,EQ,2747.9,2783.9,2737.1,2737.1,2736.8,459482,12676.74,2026-09-30
MUTHOOTMF,EQ,177.73,181.78,177.58,178.4,177.64,99224,178.23,2026-09-30
MVELECTRO,EQ,840.3,843.4,811.55,818.15,838.05,433635,3585.63,2026-09-30
MVGJL,EQ,214.33,216.47,205.1,207.16,212.6,143718,303.11,2026-09-30
MWL,EQ,43.6,43.95,42.9,43.38,43.4,283085,122.85,2026-09-30
NACLIND,EQ,132.1,136.99,132.1,132.86,132.45,449680,602.55,2026-09-30
NAGREEKCAP,EQ,26.05,28.0,25.2,26.03,26.05,3598,0.96,2026-09-30
NAGREEKEXP,EQ,21.72,22.69,21.5,21.7,22.09,10252,2.25,2026-09-30
NAHARCAP,EQ,232.0,248.6,231.0,244.9,237.6,3816,9.29,2026-09-30
NAHARINDUS,EQ,131.16,133.19,129.0,130.13,130.17,13521,17.79,2026-09-30
NAHARPOLY,EQ,232.97,232.97,224.05,225.27,230.27,3942,8.92,2026-09-30
NAHARSPING,EQ,265.95,271.7,259.2,260.05,261.75,15466,40.8,2026-09-30
NAM-INDIA,EQ,1077.0,1088.0,1062.0,1070.0,1068.0,728404,7811.58,2026-09-30
NARMADA,EQ,12.75,13.19,12.6,12.71,12.75,465925,60.3,2026-09-30
NATCOPHARM,EQ,845.0,849.0,821.1,827.5,843.1,615035,5113.54,2026-09-30
NATHBIOGEN,EQ,145.3,145.44,142.35,142.81,142.22,2506,3.59,2026-09-30
NATIONALUM,EQ,345.05,348.95,340.95,340.95,346.65,5109676,17625.89,2026-09-30
NATIONSTD,EQ,117.8,117.8,113.5,113.87,114.54,6077,6.97,2026-09-30
NAUKRI,EQ,1235.0,1246.0,1204.5,1219.5,1245.0,1589054,19451.41,2026-09-30
NAVA,EQ,547.0,565.5,547.0,559.35,545.95,374867,2103.12,2026-09-30
NAVINFLUOR,EQ,8334.0,8417.5,8200.5,8245.0,8234.5,161189,13388.03,2026-09-30
NAVKARCORP,EQ,87.0,88.05,84.11,84.88,86.6,591236,505.0,2026-09-30
NAVKARURB,EQ,0.88,0.9,0.84,0.86,0.86,1280895,10.93,2026-09-30
NAVNETEDUL,EQ,121.2,123.63,121.2,122.52,121.42,77676,95.33,2026-09-30
NAZARA,EQ,386.2,401.9,386.2,392.85,388.4,2088636,8294.88,2026-09-30
NBCC,EQ,78.83,79.99,78.5,78.5,78.01,6032283,4781.66,2026-09-30
NBIFIN,EQ,1900.3,1916.9,1863.1,1897.5,1876.6,352,6.63,2026-09-30
NCC,EQ,128.5,130.42,128.0,128.88,128.27,2665171,3441.86,2026-09-30
NCLIND,EQ,177.37,177.37,173.02,174.18,176.86,23631,41.23,2026-09-30
NDGL,EQ,2478.1,2500.0,2466.0,2484.0,2478.1,281,6.98,2026-09-30
NDL,EQ,2.65,2.65,2.6,2.61,2.62,635500,16.62,2026-09-30
NDLVENTURE,EQ,124.9,125.87,121.21,123.95,121.49,11631,14.4,2026-09-30
NDRAUTO,EQ,748.9,749.3,710.0,717.7,739.9,7470,54.52,2026-09-30
NDTV,EQ,70.0,70.2,68.16,69.14,69.06,38185,26.54,2026-09-30
NECLIFE,EQ,10.7,10.95,10.3,10.5,10.71,126810,13.43,2026-09-30
NELCAST,EQ,119.0,124.7,118.8,123.4,118.93,394628,482.85,2026-09-30
NELCO,EQ,923.0,944.85,913.5,914.5,922.3,112087,1035.48,2026-09-30
NEOGEN,EQ,2445.3,2480.0,2403.0,2451.6,2435.3,147004,3607.8,2026-09-30
NEPHROPLUS,EQ,665.3,669.8,655.0,659.75,663.4,391732,2608.36,2026-09-30
NESCO,EQ,1035.0,1054.2,1035.0,1046.9,1040.5,24923,260.94,2026-09-30
NESTLEIND,EQ,1341.5,1345.5,1310.0,1310.0,1345.7,1278279,16858.14,2026-09-30
NETF,EQ,249.8,249.8,245.61,246.6,247.71,2020,5.02,2026-09-30
NETWEB,EQ,4625.0,4684.5,4530.0,4548.0,4613.0,586472,27078.98,2026-09-30
NETWORK18,EQ,26.01,26.52,25.75,25.87,25.88,2299453,601.88,2026-09-30
NEULANDLAB,EQ,21375.0,21600.0,21200.0,21350.0,21375.0,51295,10959.87,2026-09-30
NEWGEN,EQ,474.9,481.2,465.55,467.85,473.0,443488,2104.49,2026-09-30
NEXT30ADD,EQ,41.0,41.04,40.7,40.74,41.11,4370,1.78,2026-09-30
NEXT50,EQ,722.06,727.84,719.42,721.29,721.7,49850,361.25,2026-09-30
NEXT50ADD,EQ,70.75,70.93,70.02,70.4,70.4,7326,5.15,2026-09-30
NEXT50BETA,EQ,76.17,76.5,75.25,75.35,76.02,85476,64.75,2026-09-30
NEXT50ETF,EQ,69.56,71.96,69.56,70.44,70.98,34246,24.2,2026-09-30
NEXT50IETF,EQ,73.81,74.39,73.61,73.82,73.81,761097,563.24,2026-09-30
NEXTMEDIA,EQ,3.78,3.78,3.64,3.73,3.7,7958,0.3,2026-09-30
NFL,EQ,65.25,65.94,64.72,65.2,64.79,682231,445.92,2026-09-30
NGIL,EQ,41.0,41.98,39.07,39.11,39.72,36513,14.56,2026-09-30
NGLFINE,EQ,2893.9,2944.7,2823.1,2909.5,2870.9,4054,116.8,2026-09-30
NH,EQ,1776.0,1813.7,1730.1,1791.4,1789.9,341005,6059.7,2026-09-30
NHPC,EQ,73.56,73.99,72.8,72.81,73.32,7849564,5749.61,2026-09-30
NIACL,EQ,167.91,169.29,165.7,167.02,168.29,1160229,1941.67,2026-09-30
NIBE,EQ,1251.0,1262.1,1230.5,1236.4,1238.5,44693,555.9,2026-09-30
NIBL,EQ,32.18,32.88,31.0,31.85,31.52,5959,1.89,2026-09-30
NICCOPAR,EQ,83.9,83.9,81.05,81.36,81.0,354,0.29,2026-09-30
NIF100BEES,EQ,254.02,254.79,252.18,252.83,253.21,35146,89.08,2026-09-30
NIF100IETF,EQ,26.53,26.77,26.52,26.58,26.64,137323,36.57,2026-09-30
NIF500BETA,EQ,38.51,38.51,35.49,36.61,37.58,5196,1.86,2026-09-30
NIFTY1,EQ,252.64,255.64,251.21,252.0,252.64,133566,337.37,2026-09-30
NIFTY100EW,EQ,34.09,34.09,33.25,33.32,33.67,102131,34.17,2026-09-30
NIFTYADD,EQ,240.79,240.94,238.87,239.83,239.94,7636,18.3,2026-09-30
NIFTYAXIS,EQ,250.0,255.99,250.0,251.36,252.45,22464,56.66,2026-09-30
NIFTYBEES,EQ,259.47,260.99,258.1,258.5,259.47,8559818,22199.4,2026-09-30
NIFTYBETA,EQ,254.91,265.47,251.48,252.81,252.39,66983,169.38,2026-09-30
NIFTYBETF,EQ,237.04,237.04,232.62,234.06,234.69,2663,6.24,2026-09-30
NIFTYCASE,EQ,9.34,9.34,9.08,9.12,9.16,1626425,148.44,2026-09-30
NIFTYETF,EQ,248.23,248.5,245.99,246.56,247.15,477495,1182.07,2026-09-30
NIFTYIETF,EQ,264.42,264.42,256.14,257.21,257.98,866065,2233.73,2026-09-30
NIFTYJBLK,EQ,11.93,11.93,11.6,11.64,11.64,128677,15.0,2026-09-30
NIFTYQLITY,EQ,20.07,20.45,19.73,19.94,20.07,55131,11.01,2026-09-30
NIITLTD,EQ,86.45,87.84,85.62,86.17,86.37,132517,114.75,2026-09-30
NIITMTS,EQ,206.67,208.8,203.02,204.51,204.96,94153,193.73,2026-09-30
NILAINFRA,EQ,6.77,6.99,6.66,6.71,6.71,117718,8.02,2026-09-30
NILASPACES,EQ,11.27,11.64,11.11,11.19,11.16,471707,53.62,2026-09-30
NILE,EQ,1265.0,1293.3,1203.5,1219.5,1264.7,10843,134.11,2026-09-30
NILKAMAL,EQ,1901.0,1935.0,1896.5,1901.7,1898.9,8647,165.32,2026-09-30
NIMBSPROJ,EQ,192.08,198.3,184.42,192.19,194.12,34060,64.81,2026-09-30
NINSYS,EQ,737.05,774.0,723.0,766.35,737.15,15354,117.23,2026-09-30
NIPPOBATRY,EQ,331.8,331.8,320.0,327.4,322.7,1726,5.64,2026-09-30
NIRAJ,EQ,27.7,28.95,27.25,27.66,28.36,66899,18.56,2026-09-30
NIRLON,EQ,610.0,610.0,601.0,605.0,605.85,1909,11.55,2026-09-30
NITCO,EQ,86.01,89.29,85.74,88.12,86.75,905412,795.34,2026-09-30
NITINSPIN,EQ,610.6,615.95,595.7,598.3,606.15,46740,282.26,2026-09-30
NITIRAJ,EQ,215.0,215.0,201.47,209.26,215.74,1020,2.15,2026-09-30
NITTAGELA,EQ,1710.6,1735.0,1651.5,1678.6,1702.8,2312,39.33,2026-09-30
NIVABUPA,EQ,73.05,75.8,72.82,74.81,73.28,3744324,2772.95,2026-09-30
NKIND,EQ,63.7,63.7,56.11,58.2,61.99,317,0.2,2026-09-30
NLCINDIA,EQ,258.55,263.5,255.4,261.7,255.75,1940444,5055.19,2026-09-30
NMDC,EQ,77.0,77.79,76.54,76.54,77.0,15817494,12195.7,2026-09-30
NOCIL,EQ,170.24,175.9,170.1,171.11,169.31,1017979,1758.67,2026-09-30
NOIDATOLL,EQ,3.6,3.87,3.6,3.85,3.65,96546,3.65,2026-09-30
NORBTEAEXP,EQ,64.8,68.12,61.72,66.25,64.9,4585,2.98,2026-09-30
NORTHARC,EQ,290.0,297.05,285.55,287.35,290.75,672623,1955.69,2026-09-30
NOVAAGRI,EQ,22.5,22.85,22.1,22.43,22.28,45494,10.24,2026-09-30
NOVARTIND,EQ,1924.1,2030.7,1910.0,1919.0,1924.1,24059,472.49,2026-09-30
NPBET,EQ,276.0,278.26,274.0,274.88,274.8,607,1.68,2026-09-30
NPST,EQ,1663.5,1800.0,1641.0,1764.8,1653.0,117252,2037.51,2026-09-30
NRAIL,EQ,670.4,679.45,651.05,669.45,660.5,9700,64.83,2026-09-30
NRBBEARING,EQ,542.0,555.0,527.55,534.05,541.05,557714,2998.38,2026-09-30
NSIL,EQ,5374.0,5439.5,5312.0,5324.0,5350.0,940,50.32,2026-09-30
NSLNISP,EQ,42.0,42.35,41.15,41.32,41.79,4305677,1797.61,2026-09-30
NTCIND,EQ,135.7,138.0,132.5,134.54,136.46,769,1.04,2026-09-30
NTPC,EQ,323.5,323.95,318.9,322.75,323.5,6908628,22220.15,2026-09-30
NTPCGREEN,EQ,89.99,93.92,89.91,93.37,89.99,3214816,2973.48,2026-09-30
NUCLEUS,EQ,647.7,662.9,647.0,650.25,652.55,15978,104.45,2026-09-30
NUVAMA,EQ,1655.4,1688.6,1645.5,1652.5,1652.1,206395,3420.44,2026-09-30
NUVOCO,EQ,333.15,344.05,331.0,337.8,330.2,197279,668.21,2026-09-30
NV20,EQ,13.32,13.35,13.16,13.18,13.26,31506,4.16,2026-09-30
NV20BEES,EQ,132.35,132.87,131.3,131.8,132.43,36907,48.78,2026-09-30
NV20IETF,EQ,12.83,12.94,12.8,12.85,12.83,426740,54.94,2026-09-30
NYKAA,EQ,327.0,330.55,320.0,320.0,327.35,3980003,12936.41,2026-09-30
OAL,EQ,542.0,553.0,527.2,533.25,541.85,15746,85.17,2026-09-30
OBCL,EQ,56.0,59.5,54.7,55.34,54.68,14378,8.17,2026-09-30
OBEROIRLTY,EQ,1760.0,1796.3,1751.5,1765.7,1762.9,573434,10191.23,2026-09-30
ODIGMA,EQ,21.11,22.04,21.11,21.35,21.41,8003,1.73,2026-09-30
ODYCORP,EQ,7.07,7.08,6.67,6.97,7.08,6337,0.43,2026-09-30
OFSS,EQ,10525.0,10869.0,10500.0,10630.0,10406.0,272759,29124.79,2026-09-30
OIL,EQ,458.0,462.25,446.25,448.65,459.45,3069066,13863.54,2026-09-30
OILIETF,EQ,11.07,11.07,10.76,10.78,10.8,623538,67.6,2026-09-30
OLAELEC,EQ,37.51,38.25,36.71,36.92,37.42,57479402,21594.6,2026-09-30
OLECTRA,EQ,1136.0,1167.0,1130.0,1134.2,1136.9,391576,4488.55,2026-09-30
OMAXAUTO,EQ,200.0,207.5,198.02,200.32,198.48,53737,108.7,2026-09-30
OMAXE,EQ,109.48,113.0,109.13,109.76,109.48,497588,552.82,2026-09-30
OMINFRAL,EQ,77.5,79.88,76.35,77.11,77.67,46370,36.02,2026-09-30
OMNI,EQ,555.0,580.0,552.0,564.05,560.4,1008108,5747.8,2026-09-30
OMPOWER,EQ,164.0,166.73,153.5,156.95,163.18,202294,322.79,2026-09-30
ONEGLOBAL,EQ,535.0,552.75,520.0,527.9,534.15,6160,32.59,2026-09-30
ONEPOINT,EQ,71.55,74.4,70.62,73.39,71.62,6743812,4921.5,2026-09-30
ONESOURCE,EQ,1587.0,1600.0,1506.1,1521.6,1583.3,194917,3013.53,2026-09-30
ONGC,EQ,230.21,231.57,223.6,225.8,230.0,11131417,25217.82,2026-09-30
ONIDA,EQ,31.76,32.74,31.5,32.03,31.75,293561,94.2,2026-09-30
ONIXSOLAR,EQ,337.0,350.9,335.0,343.05,344.5,149626,513.86,2026-09-30
ONWARDTEC,EQ,287.5,294.8,285.75,288.35,287.4,10723,30.93,2026-09-30
OPTIEMUS,EQ,800.0,827.0,759.05,767.75,796.2,716846,5719.09,2026-09-30
OPTIFIN,EQ,14.8,15.8,14.5,15.45,14.82,71103,10.82,2026-09-30
ORBTEXP,EQ,272.85,282.85,254.0,258.51,262.01,115278,313.82,2026-09-30
ORCHASP,EQ,1.33,1.37,1.31,1.32,1.33,80375,1.08,2026-09-30
ORCHPHARMA,EQ,1014.9,1034.4,990.0,997.0,1014.9,58886,593.48,2026-09-30
ORICONENT,EQ,52.9,52.9,50.71,51.34,51.83,55211,28.41,2026-09-30
ORIENTALTL,EQ,4.82,5.0,4.81,4.83,4.86,75934,3.69,2026-09-30
ORIENTBELL,EQ,404.9,408.25,396.05,398.55,402.6,23214,93.81,2026-09-30
ORIENTCEM,EQ,119.38,120.29,118.08,118.77,118.42,189008,225.27,2026-09-30
ORIENTCER,EQ,46.39,46.6,44.5,44.9,45.6,43434,19.79,2026-09-30
ORIENTELEC,EQ,156.9,159.46,156.6,158.11,156.62,128698,203.32,2026-09-30
ORIENTHOT,EQ,138.99,143.8,138.0,142.36,139.34,511057,724.97,2026-09-30
ORIENTPPR,EQ,16.31,16.67,16.31,16.45,16.43,116994,19.29,2026-09-30
ORIENTTECH,EQ,231.5,239.0,230.76,231.53,231.5,89355,207.76,2026-09-30
ORIRAIL,EQ,123.69,134.9,121.42,127.31,122.81,625276,811.67,2026-09-30
ORISSAMINE,EQ,3700.0,3743.8,3626.0,3651.5,3673.3,5117,188.59,2026-09-30
ORKLAINDIA,EQ,540.15,547.0,540.1,543.0,540.05,47004,255.55,2026-09-30
ORTINGLOBE,EQ,15.2,15.2,14.25,14.32,14.72,7318,1.05,2026-09-30
OSWALAGRO,EQ,34.75,34.97,33.7,33.95,34.9,89147,30.85,2026-09-30
OSWALGREEN,EQ,19.5,20.95,19.5,20.32,19.41,240885,48.87,2026-09-30
OSWALPUMPS,EQ,265.3,274.8,264.5,266.75,266.25,331888,894.63,2026-09-30
OSWALSEEDS,EQ,12.64,12.69,12.11,12.34,12.52,63193,7.8,2026-09-30
PACEDIGITK,EQ,161.82,164.58,159.2,159.98,162.3,350071,564.73,2026-09-30
PACIFICI,EQ,135.0,135.0,134.5,134.5,132.96,286,0.39,2026-09-30
PAGEIND,EQ,36695.0,37150.0,36210.0,36385.0,36580.0,83553,30549.23,2026-09-30
PAISALO,EQ,78.0,79.1,75.62,76.41,78.59,7129862,5483.01,2026-09-30
PAKKA,EQ,75.19,75.2,72.0,72.89,72.83,64593,46.99,2026-09-30
PALREDTEC,EQ,45.44,45.9,43.7,43.86,45.99,12703,5.58,2026-09-30
PANACEABIO,EQ,375.2,379.6,364.0,366.0,375.25,50560,186.64,2026-09-30
PANAMAPET,EQ,484.8,499.8,482.2,484.25,480.5,222411,1089.2,2026-09-30
PANCHMAHQ,EQ,306.5,306.5,275.5,294.95,290.0,49,0.14,2026-09-30
PANORAMA,EQ,59.0,62.15,55.0,58.29,57.77,1206378,706.0,2026-09-30
PANSARI,EQ,274.65,275.0,270.0,274.0,274.55,804,2.21,2026-09-30
PARACABLES,EQ,58.58,59.39,56.0,56.36,57.85,1234180,708.89,2026-09-30
PARADEEP,EQ,153.5,158.4,153.5,154.28,154.08,1932116,3021.46,2026-09-30
PARAGMILK,EQ,269.4,274.5,268.0,271.65,268.55,893163,2428.31,2026-09-30
PARAS,EQ,1325.0,1346.0,1303.0,1311.0,1325.0,529254,7028.33,2026-09-30
PARASPETRO,EQ,2.09,2.12,2.04,2.07,2.07,45657,0.95,2026-09-30
PARIN,EQ,724.95,724.95,702.6,710.9,720.35,26781,190.08,2026-09-30
PARKHOSPS,EQ,275.45,279.5,268.4,274.95,275.45,877385,2401.01,2026-09-30
PARKHOTELS,EQ,102.0,107.5,99.97,105.92,102.02,488392,508.66,2026-09-30
PARNAXLAB,EQ,112.0,117.74,109.99,111.73,113.37,2982,3.33,2026-09-30
PASHUPATI,EQ,111.26,111.26,74.18,75.4,92.72,2778737,2407.91,2026-09-30
PASUPTAC,EQ,76.1,76.89,71.87,72.73,75.2,180671,135.09,2026-09-30
PATANJALI,EQ,369.7,372.25,363.0,363.0,371.4,1344954,4945.07,2026-09-30
PATELENG,EQ,26.41,27.45,26.35,26.45,26.45,1520750,406.96,2026-09-30
PATELRMART,EQ,215.0,219.6,210.5,211.52,213.59,55798,119.63,2026-09-30
PATINTLOG,EQ,13.57,13.8,13.0,13.11,13.51,72397,9.6,2026-09-30
PAUSHAKLTD,EQ,672.5,680.9,651.2,665.25,668.3,26250,175.25,2026-09-30
PAVNAIND,EQ,15.34,16.1,15.34,15.46,15.77,40169,6.26,2026-09-30
PAYTM,EQ,1701.0,1708.0,1667.1,1678.0,1683.0,2424277,40814.57,2026-09-30
PBMPOLY,EQ,59.47,69.8,57.16,60.32,61.0,2085,1.27,2026-09-30
PCBL,EQ,330.45,339.8,330.15,331.1,330.45,1026589,3434.93,2026-09-30
PCJEWELLER,EQ,13.29,13.74,13.11,13.2,13.23,227698090,30701.39,2026-09-30
PDMJEPAPER,EQ,94.5,99.8,94.0,97.22,94.67,344257,337.42,2026-09-30
PDSL,EQ,350.0,357.0,349.85,352.3,348.95,61453,217.75,2026-09-30
PEARLPOLY,EQ,17.63,17.76,17.09,17.75,16.92,7471,1.31,2026-09-30
PENIND,EQ,183.0,187.25,182.1,184.0,180.28,783073,1446.22,2026-09-30
PENINLAND,EQ,15.21,15.99,15.0,15.05,15.48,247368,37.95,2026-09-30
PERMAGN,EQ,840.0,841.75,825.05,832.05,837.1,1822,15.2,2026-09-30
PERNIASPOP,EQ,527.0,556.0,526.95,547.9,530.75,97340,526.93,2026-09-30
PERSISTENT,EQ,5200.0,5397.0,5200.0,5279.0,5162.0,611251,32326.85,2026-09-30
PETRONET,EQ,285.1,288.9,284.0,284.5,282.95,2419296,6922.14,2026-09-30
PFC,EQ,325.85,332.5,325.0,325.5,324.1,9986223,32793.26,2026-09-30
PFIZER,EQ,3916.0,3933.8,3833.5,3875.3,3912.9,39848,1541.88,2026-09-30
PFOCUS,EQ,318.65,326.0,313.35,316.0,317.5,3709507,11901.75,2026-09-30
PFS,EQ,28.0,29.49,27.65,29.08,28.0,2963292,854.44,2026-09-30
PGEL,EQ,499.9,506.0,493.45,493.45,493.15,825728,4120.23,2026-09-30
PGHH,EQ,6904.0,6956.5,6782.0,6798.5,6871.5,44984,3071.15,2026-09-30
PGHL,EQ,5644.5,5696.0,5503.5,5563.0,5696.0,10902,605.91,2026-09-30
PGIL,EQ,1297.5,1324.6,1280.0,1282.1,1290.4,87275,1131.45,2026-09-30
PHARMABEES,EQ,27.79,28.55,27.22,27.32,27.79,4945372,1356.07,2026-09-30
PHOENIXLTD,EQ,1940.4,1963.4,1916.2,1935.0,1929.0,421345,8191.13,2026-09-30
PHOENXINTL,EQ,28.4,29.55,28.16,28.71,28.05,3924,1.14,2026-09-30
PICCADIL,EQ,606.9,613.25,588.55,592.35,602.85,87459,525.15,2026-09-30
PIDILITIND,EQ,1481.0,1496.9,1465.1,1465.1,1461.0,940925,13907.22,2026-09-30
PIGL,EQ,96.7,98.71,95.5,96.34,96.92,34714,33.64,2026-09-30
PIIND,EQ,2290.0,2322.8,2270.0,2310.0,2288.8,174009,4000.99,2026-09-30
PILANIINVS,EQ,4050.0,4127.0,3901.8,3956.5,4027.7,5707,228.93,2026-09-30
PILITA,EQ,7.7,7.7,7.17,7.52,7.34,45283,3.35,2026-09-30
PINELABS,EQ,172.0,176.75,169.14,171.79,171.55,19780220,34327.2,2026-09-30
PIONEEREMB,EQ,21.0,21.25,20.45,20.59,20.79,7008,1.45,2026-09-30
PIRAMALFIN,EQ,2098.0,2127.5,2012.0,2043.9,2127.5,230032,4768.36,2026-09-30
PITTIENG,EQ,1132.0,1154.8,1131.3,1139.5,1131.4,35903,409.88,2026-09-30
PIXTRANS,EQ,1732.3,1762.0,1725.0,1726.9,1728.1,4070,70.71,2026-09-30
PLASTIBLEN,EQ,205.85,207.0,199.23,200.29,204.5,39036,79.06,2026-09-30
PLATIND,EQ,207.02,210.89,205.41,206.85,205.7,27227,56.36,2026-09-30
PLAZACABLE,EQ,61.88,61.88,59.05,59.15,59.9,59674,35.86,2026-09-30
PML,EQ,498.95,498.95,465.0,465.85,472.7,1277,6.0,2026-09-30
PNB,EQ,111.8,114.9,111.8,113.06,111.75,15255055,17352.24,2026-09-30
PNBGILTS,EQ,72.0,78.9,72.0,73.99,71.89,2682738,2030.42,2026-09-30
PNBHOUSING,EQ,1098.0,1132.5,1095.9,1120.0,1098.2,1164222,13039.75,2026-09-30
PNC,EQ,17.4,18.5,16.4,17.65,17.4,10929,1.93,2026-09-30
PNCINFRA,EQ,130.05,134.89,130.05,133.18,129.8,790721,1046.45,2026-09-30
PNGJL,EQ,585.0,599.0,581.55,590.15,585.05,257823,1527.65,2026-09-30
PNGSREVA,EQ,517.6,524.95,508.7,511.65,513.4,78605,406.32,2026-09-30
POCL,EQ,464.2,466.65,450.0,452.65,461.6,373694,1698.16,2026-09-30
PODDARMENT,EQ,259.2,266.7,255.6,257.15,259.05,2926,7.65,2026-09-30
POEL,EQ,139.89,144.86,136.15,137.42,139.89,35690,49.75,2026-09-30
POKARNA,EQ,724.4,737.75,702.25,705.7,718.05,79843,569.85,2026-09-30
POLICYBZR,EQ,1087.0,1098.0,1031.4,1063.9,1081.0,8915211,94833.61,2026-09-30
POLYCAB,EQ,8102.5,8177.0,8026.0,8026.0,8102.5,494724,40038.75,2026-09-30
POLYMED,EQ,1639.9,1684.5,1625.8,1673.8,1644.7,118032,1955.93,2026-09-30
POLYPLEX,EQ,1066.6,1117.5,1050.0,1055.0,1061.3,38586,413.22,2026-09-30
POLYSPIN,EQ,30.0,31.39,29.3,31.22,31.46,918,0.28,2026-09-30
PONNIERODE,EQ,382.3,394.2,370.05,372.2,384.15,21766,82.29,2026-09-30
POONAWALLA,EQ,445.1,453.9,442.2,443.85,443.0,687449,3074.96,2026-09-30
POWERGRID,EQ,261.5,262.0,258.1,260.5,261.5,9769840,25443.62,2026-09-30
POWERICA,EQ,607.0,620.85,598.0,600.6,599.75,308631,1863.74,2026-09-30
POWERINDIA,EQ,30680.0,31050.0,30200.0,30630.0,30735.0,88522,27047.37,2026-09-30
POWERMECH,EQ,2488.9,2535.0,2442.0,2490.5,2397.2,293610,7281.46,2026-09-30
PPLPHARMA,EQ,209.0,210.4,205.21,206.52,209.07,2240520,4639.16,2026-09-30
PRABHA,EQ,226.0,229.8,220.15,222.03,224.41,44247,99.88,2026-09-30
PRAENG,EQ,22.88,22.88,21.0,21.18,21.76,46147,9.94,2026-09-30
PRAJIND,EQ,307.75,312.5,304.5,305.85,307.75,391097,1206.86,2026-09-30
PRAKASH,EQ,120.85,129.0,120.62,123.72,121.62,750601,939.33,2026-09-30
PRAKASHSTL,EQ,3.64,3.64,3.55,3.59,3.59,86867,3.11,2026-09-30
PRANAV,EQ,101.5,103.15,97.25,100.1,100.18,2087332,2109.06,2026-09-30
PRASOLCHEM,EQ,868.25,914.9,812.3,839.1,840.15,2133289,18414.21,2026-09-30
PRAVEG,EQ,244.35,248.0,240.5,241.8,242.6,18438,44.98,2026-09-30
PRAXIS,EQ,4.7,4.89,4.59,4.59,4.83,50073,2.34,2026-09-30
PRECAM,EQ,117.65,120.19,116.3,116.78,117.16,78594,92.81,2026-09-30
PRECOT,EQ,650.0,650.1,615.0,627.7,638.55,2044,12.89,2026-09-30
PRECWIRE,EQ,497.5,509.0,490.25,492.45,500.15,310956,1548.12,2026-09-30
PREMCO,EQ,398.3,405.0,398.05,400.85,398.3,806,3.24,2026-09-30
PREMEXPLN,EQ,676.0,685.7,676.0,684.1,675.3,494973,3380.25,2026-09-30
PREMIERENE,EQ,868.3,883.0,865.2,870.1,870.0,1144007,10011.64,2026-09-30
PREMIERPOL,EQ,97.89,97.89,92.0,92.76,95.89,208407,195.46,2026-09-30
PRESTIGE,EQ,1425.0,1493.0,1420.5,1481.9,1417.5,1284002,18915.69,2026-09-30
PRICOLLTD,EQ,752.0,763.9,742.15,747.6,749.35,240483,1809.06,2026-09-30
PRIMESECU,EQ,300.25,302.9,291.1,298.45,302.5,5435,16.15,2026-09-30
PRIMO,EQ,27.9,28.0,26.4,26.64,27.38,448253,122.27,2026-09-30
PRINCEPIPE,EQ,257.75,261.7,255.0,255.75,255.85,55165,141.98,2026-09-30
PRIORITY,EQ,305.0,326.8,297.8,301.6,293.64,517501,1623.12,2026-09-30
PRISMX,EQ,0.54,0.55,0.52,0.52,0.53,270697,1.44,2026-09-30
PRITI,EQ,32.98,32.98,32.0,32.71,32.14,5984,1.94,2026-09-30
PRITIKAUTO,EQ,19.0,19.0,16.91,17.08,18.4,394236,69.96,2026-09-30
PRIVISCL,EQ,3605.0,3624.0,3557.3,3586.6,3605.5,102693,3683.75,2026-09-30
PROSTARM,EQ,134.71,138.5,134.05,134.66,135.83,156328,212.37,2026-09-30
PROTEAN,EQ,666.65,684.4,651.65,659.3,666.65,574562,3844.75,2026-09-30
PROZONER,EQ,56.1,57.7,55.85,56.52,56.2,1330700,753.33,2026-09-30
PRSMJOHNSN,EQ,109.89,111.29,108.25,108.74,109.27,221376,243.62,2026-09-30
PRUDENT,EQ,3105.7,3150.0,3084.2,3129.2,3098.7,30361,943.62,2026-09-30
PRUDMOULI,EQ,14.0,14.0,12.6,13.39,13.98,6380,0.85,2026-09-30
PSB,EQ,21.1,21.47,21.09,21.33,21.11,1167887,249.28,2026-09-30
PSPPROJECT,EQ,787.0,803.9,763.95,767.0,782.65,62418,487.41,2026-09-30
PSUBANK,EQ,80.54,81.3,79.66,80.67,79.67,80841,65.19,2026-09-30
PSUBANKADD,EQ,81.51,82.71,80.94,81.54,81.28,15986,13.07,2026-09-30
PSUBNKBEES,EQ,89.71,90.74,89.01,89.59,89.71,1523620,1371.28,2026-09-30
PSUBNKIETF,EQ,80.1,82.45,80.1,81.68,81.49,42959,35.22,2026-09-30
PTC,EQ,156.0,156.39,154.7,155.56,155.75,1233686,1920.56,2026-09-30
PTCIL,EQ,22535.0,23245.0,22035.0,22190.0,22535.0,20719,4699.75,2026-09-30
PTL,EQ,38.25,38.5,37.6,37.87,38.2,40263,15.32,2026-09-30
PUNJABCHEM,EQ,1025.9,1059.8,1025.9,1054.5,1035.8,2439,25.61,2026-09-30
PURVA,EQ,205.0,211.2,204.54,206.34,204.84,81705,169.73,2026-09-30
PVP,EQ,54.5,56.88,53.12,53.12,55.91,2852031,1547.4,2026-09-30
PVRINOX,EQ,1197.9,1262.6,1187.0,1242.7,1190.1,711172,8776.92,2026-09-30
PVSL,EQ,95.02,99.96,95.0,95.5,97.01,15961,15.25,2026-09-30
PVTBANIETF,EQ,26.63,27.25,26.63,27.13,26.72,1570287,424.69,2026-09-30
PVTBANK,EQ,26.95,27.44,26.33,26.55,27.01,502363,135.24,2026-09-30
PVTBANKADD,EQ,26.99,27.37,26.97,27.23,26.8,70414,19.19,2026-09-30
PVTBKGROWW,EQ,26.73,27.0,26.56,26.88,26.47,37421,10.02,2026-09-30
PWL,EQ,126.05,126.7,122.0,123.48,125.15,5681880,7073.03,2026-09-30
PYRAMID,EQ,156.54,162.9,154.98,156.01,156.54,21871,34.18,2026-09-30
QGOLDHALF,EQ,122.28,122.31,121.5,121.85,120.8,186588,227.35,2026-09-30
QNIFTY,EQ,244.44,251.6,244.44,249.78,250.71,1753,4.39,2026-09-30
QPOWER,EQ,1610.1,1675.0,1572.3,1584.8,1614.3,267707,4317.0,2026-09-30
QUADFUTURE,EQ,545.6,567.2,540.3,547.45,542.15,852162,4720.91,2026-09-30
QUAL30IETF,EQ,19.85,20.5,19.73,19.74,19.82,73738,14.61,2026-09-30
QUALITY30,EQ,19.47,19.6,19.28,19.4,19.4,4845,0.94,2026-09-30
QUESS,EQ,342.1,346.0,332.05,334.95,342.1,513187,1735.67,2026-09-30
QUICKHEAL,EQ,146.0,149.79,143.35,144.49,145.92,78444,115.3,2026-09-30
QUINTEGRA,EQ,1.28,1.28,1.28,1.28,1.22,298,0.0,2026-09-30
RACE,EQ,124.0,124.0,118.0,118.02,119.85,26073,31.16,2026-09-30
RACLGEAR,EQ,1581.4,1616.8,1570.2,1594.8,1588.6,32646,520.53,2026-09-30
RADAAN,EQ,2.96,3.07,2.91,3.0,2.96,28286,0.85,2026-09-30
RADIANTCMS,EQ,35.2,36.01,35.2,35.41,35.65,62571,22.21,2026-09-30
RADICO,EQ,4408.9,4516.0,4365.1,4366.0,4364.0,387850,17201.05,2026-09-30
RADIOCITY,EQ,6.01,6.02,5.9,5.99,6.01,80434,4.8,2026-09-30
RAILTEL,EQ,259.1,281.0,258.65,265.65,259.25,6564878,17947.32,2026-09-30
RAIN,EQ,213.5,219.99,212.3,213.94,215.41,2138947,4639.35,2026-09-30
RAINBOW,EQ,1360.8,1383.0,1305.1,1314.3,1367.8,363556,4832.65,2026-09-30
RAJMET,EQ,3.11,3.16,3.06,3.12,3.06,208256,6.48,2026-09-30
RAJPALAYAM,EQ,760.2,775.0,741.2,749.15,757.8,7143,54.24,2026-09-30
RAJRATAN,EQ,465.0,470.75,458.5,461.6,466.15,36265,167.92,2026-09-30
RAJSREESUG,EQ,30.66,31.78,28.5,28.87,30.58,201576,60.58,2026-09-30
RAJTV,EQ,10.58,11.09,10.08,10.88,10.59,58444,6.04,2026-09-30
RALLIS,EQ,199.7,200.86,198.05,199.73,199.96,503038,1004.37,2026-09-30
RAMANEWS,EQ,30.65,31.48,30.01,30.27,30.31,6718,2.05,2026-09-30
RAMAPHO,EQ,120.72,122.41,119.5,120.09,120.33,14729,17.76,2026-09-30
RAMBHAJO,EQ,296.0,300.0,282.5,285.98,290.97,654381,1902.31,2026-09-30
RAMCOCEM,EQ,849.9,869.0,842.05,845.55,844.25,205668,1747.11,2026-09-30
RAMCOIND,EQ,310.05,323.7,305.15,307.6,310.1,172756,541.3,2026-09-30
RAMCOSYS,EQ,556.0,572.3,552.2,554.6,553.7,42408,238.06,2026-09-30
RAMKY,EQ,291.05,301.0,274.5,279.1,294.05,161267,461.3,2026-09-30
RAMRAT,EQ,589.7,597.0,578.65,582.4,583.8,193834,1140.68,2026-09-30
RANASUG,EQ,13.67,13.87,13.19,13.24,13.67,334802,45.0,2026-09-30
RANEHOLDIN,EQ,1544.0,1555.0,1526.7,1529.8,1541.3,9347,143.91,2026-09-30
RATEGAIN,EQ,835.0,870.0,823.4,851.55,830.0,381974,3249.86,2026-09-30
RATNAMANI,EQ,2822.5,2833.0,2715.1,2725.5,2833.3,42223,1165.33,2026-09-30
RATNAVEER,EQ,332.65,344.4,328.2,330.75,331.15,6063423,20244.52,2026-09-30
RAYMOND,EQ,1185.75,1241.0,1185.4,1213.05,1185.75,1545036,18855.72,2026-09-30
RAYMONDLSL,EQ,664.45,669.25,638.2,642.05,660.55,195234,1271.89,2026-09-30
RAYMONDREL,EQ,676.0,684.9,666.6,669.95,672.55,620734,4193.74,2026-09-30
RBA,EQ,92.25,92.45,90.0,91.58,91.98,1853911,1692.52,2026-09-30
RBLBANK,EQ,405.0,412.35,403.35,403.35,402.0,3855694,15752.44,2026-09-30
RCF,EQ,108.2,111.9,108.2,109.97,108.11,2028734,2236.55,2026-09-30
RECLTD,EQ,294.0,301.75,293.0,299.0,292.45,6842344,20464.62,2026-09-30
REDINGTON,EQ,405.45,413.5,404.4,407.0,405.45,4204334,17179.74,2026-09-30
REDTAPE,EQ,118.0,119.2,116.5,117.6,117.48,211189,248.3,2026-09-30
REFEX,EQ,272.05,279.75,264.0,265.25,272.05,312704,843.23,2026-09-30
REGAAL,EQ,89.47,91.19,87.6,88.08,88.64,119212,105.92,2026-09-30
REGENCERAM,EQ,33.4,34.1,31.11,32.38,32.51,32772,10.73,2026-09-30
RELAXO,EQ,291.55,297.45,290.8,291.2,291.5,115881,340.1,2026-09-30
RELCHEMQ,EQ,115.0,116.85,113.18,116.23,113.09,1280,1.47,2026-09-30
RELIABLE,EQ,148.07,148.07,141.77,144.28,145.17,60326,86.69,2026-09-30
RELIANCE,EQ,1182.0,1196.5,1181.7,1187.0,1182.0,16376789,194807.14,2026-09-30
RELIGARE,EQ,232.6,235.0,228.0,228.91,232.05,1077320,2489.62,2026-09-30
RELTD,EQ,149.12,151.5,146.51,149.67,149.12,173979,259.76,2026-09-30
REMSONSIND,EQ,113.43,124.8,112.97,113.93,111.56,869570,1019.16,2026-09-30
RENTOMOJO,EQ,505.1,532.4,505.1,510.35,502.15,2511330,13055.63,2026-09-30
RENUKA,EQ,22.6,23.02,21.73,21.89,22.54,8847058,1980.39,2026-09-30
REPCOHOME,EQ,345.0,346.25,340.0,341.7,343.65,51214,175.5,2026-09-30
REPL,EQ,64.13,64.13,59.0,59.35,61.14,5329,3.27,2026-09-30
REPRO,EQ,320.0,327.95,311.0,318.6,317.05,25861,82.81,2026-09-30
RESPONIND,EQ,168.02,176.59,163.35,165.38,168.09,390374,662.16,2026-09-30
RETAIL,EQ,31.76,31.76,31.76,31.76,28.88,45112,14.33,2026-09-30
RGL,EQ,165.9,167.6,163.28,165.02,164.27,340639,563.58,2026-09-30
RHETAN,EQ,17.52,17.52,17.51,17.51,16.69,9861676,1727.62,2026-09-30
RHIM,EQ,393.9,398.9,383.75,384.85,393.2,469409,1830.39,2026-09-30
RHL,EQ,165.5,169.9,164.99,165.18,164.99,501,0.83,2026-09-30
RICOAUTO,EQ,126.5,129.18,125.65,126.92,126.22,579784,740.9,2026-09-30
RIIL,EQ,676.0,687.45,673.0,677.35,677.05,39546,268.83,2026-09-30
RIR,EQ,190.0,197.9,183.11,184.1,188.08,2667403,5111.23,2026-09-30
RISHABH,EQ,723.9,729.7,695.0,703.0,723.85,122457,866.28,2026-09-30
RITCO,EQ,282.95,284.95,274.05,280.25,280.85,51847,144.13,2026-09-30
RITES,EQ,192.6,218.9,192.6,209.05,192.31,50416237,106951.51,2026-09-30
RKDL,EQ,18.47,18.47,17.6,18.17,18.36,2815,0.51,2026-09-30
RKEC,EQ,23.97,26.94,21.62,23.09,23.61,229395,56.71,2026-09-30
RKFORGE,EQ,719.9,724.0,699.1,702.3,714.65,529472,3758.13,2026-09-30
RKSWAMY,EQ,92.87,92.87,87.51,90.09,89.48,20350,18.16,2026-09-30
RMC,EQ,213.77,223.19,207.96,209.58,210.37,40748,87.24,2026-09-30
RML,EQ,1397.4,1405.0,1348.5,1351.9,1380.9,51913,713.76,2026-09-30
ROHLTD,EQ,306.35,306.35,297.0,299.85,306.35,7843,23.6,2026-09-30
ROLEXRINGS,EQ,192.11,193.99,188.25,190.09,190.58,1052365,2017.44,2026-09-30
ROML,EQ,41.56,43.53,41.56,43.38,41.91,1171,0.51,2026-09-30
ROSSARI,EQ,430.0,434.6,416.0,417.95,427.7,70439,297.28,2026-09-30
ROSSELLIND,EQ,51.44,51.89,50.31,50.87,51.03,17079,8.71,2026-09-30
ROSSTECH,EQ,1480.0,1525.0,1455.2,1503.2,1481.7,253108,3797.23,2026-09-30
ROTO,EQ,63.73,65.55,63.57,64.58,63.26,473626,304.57,2026-09-30
ROUTE,EQ,446.0,456.55,444.05,445.0,447.2,67891,305.69,2026-09-30
RPEL,EQ,1737.8,1824.0,1731.0,1809.0,1718.1,153483,2751.18,2026-09-30
RPGLIFE,EQ,3103.6,3112.8,2986.0,3037.1,3089.2,46586,1417.13,2026-09-30
RPOWER,EQ,19.77,20.39,19.63,19.69,19.77,19097261,3819.82,2026-09-30
RPPINFRA,EQ,50.2,52.28,50.2,51.49,50.8,40361,20.82,2026-09-30
RPSGVENT,EQ,837.05,873.9,835.0,850.5,833.85,40383,344.39,2026-09-30
RPTECH,EQ,930.15,1004.7,930.15,953.5,925.35,1657051,16184.93,2026-09-30
RRECL,EQ,139.99,139.99,134.95,134.95,129.19,431,0.58,2026-09-30
RRIL,EQ,15.3,15.71,15.17,15.36,15.48,25713,3.96,2026-09-30
RRKABEL,EQ,2530.0,2537.0,2477.0,2518.6,2523.2,254650,6411.02,2026-09-30
RSL,EQ,166.88,171.0,166.31,168.36,165.45,279565,471.63,2026-09-30
RSSOFTWARE,EQ,31.0,31.0,29.7,29.73,29.97,9352,2.8,2026-09-30
RSWM,EQ,210.25,215.5,207.0,208.6,212.37,45977,96.65,2026-09-30
RSYSTEMS,EQ,300.0,303.7,269.51,279.9,298.69,12512625,36195.72,2026-09-30
RTNINDIA,EQ,26.0,27.58,25.45,26.06,25.66,5394562,1437.4,2026-09-30
RTNPOWER,EQ,6.8,6.98,6.8,6.89,6.87,10508623,726.36,2026-09-30
RTSPOWR,EQ,118.18,121.8,107.2,109.87,118.18,31060,34.88,2026-09-30
RUBFILA,EQ,64.3,64.64,62.8,63.05,63.85,32520,20.61,2026-09-30
RUBICON,EQ,1601.2,1635.0,1577.7,1619.4,1609.0,228306,3668.66,2026-09-30
RUBYMILLS,EQ,495.9,509.7,495.9,499.75,491.8,15683,78.67,2026-09-30
RUCHINFRA,EQ,4.81,5.68,4.81,4.91,5.05,142608,7.11,2026-09-30
RUCHIRA,EQ,104.27,106.9,102.01,103.25,104.29,15631,16.28,2026-09-30
RUDRA,EQ,18.39,19.15,18.0,18.77,18.03,20494,3.79,2026-09-30
RUPA,EQ,132.1,133.88,130.0,130.52,132.39,90771,119.01,2026-09-30
RUSHIL,EQ,16.0,16.29,16.0,16.14,16.13,107116,17.3,2026-09-30
RUSTOMJEE,EQ,362.95,366.35,359.55,361.2,362.95,15536,56.24,2026-09-30
RVHL,EQ,37.8,39.0,37.8,38.2,38.28,5964,2.3,2026-09-30
RVNL,EQ,198.7,209.65,198.25,201.76,197.9,17689293,36429.51,2026-09-30
RVTH,EQ,664.0,700.0,641.9,669.8,664.9,900,6.12,2026-09-30
S&SPOWER,EQ,301.0,309.4,295.0,298.15,301.25,12222,36.77,2026-09-30
SAATVIKGL,EQ,415.5,421.6,410.0,413.55,414.5,33023,137.4,2026-09-30
SADBHAV,EQ,7.1,7.27,7.09,7.15,6.93,138349,9.95,2026-09-30
SADBHIN,EQ,2.55,2.62,2.51,2.6,2.56,90108,2.33,2026-09-30
SAFARI,EQ,1439.9,1439.9,1418.1,1429.6,1430.9,58651,838.43,2026-09-30
SAGARDEEP,EQ,23.98,23.98,22.83,23.13,23.44,8443,1.96,2026-09-30
SAGCEM,EQ,146.15,150.28,146.15,148.64,147.45,22428,33.39,2026-09-30
SAGILITY,EQ,42.69,43.4,42.38,42.58,42.54,11436383,4906.41,2026-09-30
SAHLIBHFI,EQ,80.0,80.99,78.1,78.84,78.37,9062,7.23,2026-09-30
SAHYADRI,EQ,350.0,356.95,341.0,346.75,349.2,7745,27.02,2026-09-30
SAICAPI,EQ,156.09,156.09,145.1,146.5,155.09,180,0.27,2026-09-30
SAIL,EQ,181.85,186.0,180.26,181.49,181.82,15646382,28663.26,2026-09-30
SAILIFE,EQ,1565.7,1577.9,1516.4,1524.5,1559.9,537181,8250.79,2026-09-30
SAIPARENT,EQ,500.05,539.95,500.05,529.3,502.5,352158,1859.18,2026-09-30
SAKAR,EQ,1116.4,1143.8,1082.0,1093.05,1121.85,58262,643.45,2026-09-30
SAKHTISUG,EQ,18.45,18.48,18.0,18.01,18.11,79469,14.45,2026-09-30
SAKSOFT,EQ,140.0,143.67,136.61,139.43,139.78,169137,238.23,2026-09-30
SAKUMA,EQ,1.57,1.58,1.52,1.56,1.55,797045,12.37,2026-09-30
SALASAR,EQ,4.16,4.3,3.8,4.08,4.16,14749412,594.57,2026-09-30
SALONA,EQ,267.1,267.1,256.0,260.7,266.95,116,0.3,2026-09-30
SALSTEEL,EQ,99.87,101.53,97.0,99.06,97.08,1173619,1168.41,2026-09-30
SALZERELEC,EQ,535.7,546.0,530.35,536.4,535.65,18504,99.63,2026-09-30
SAMBANDAM,EQ,109.98,114.7,105.1,111.4,109.98,576,0.65,2026-09-30
SAMBHAAV,EQ,5.93,6.24,5.56,5.74,5.92,155497,9.05,2026-09-30
SAMBHV,EQ,162.45,167.31,160.11,164.9,162.24,5951525,9782.45,2026-09-30
SAMHI,EQ,149.35,155.0,149.35,153.68,149.34,803682,1228.85,2026-09-30
SAMMAANCAP,EQ,136.94,141.19,136.0,136.54,136.48,4575005,6328.76,2026-09-30
SAMPANN,EQ,24.7,24.7,23.56,24.17,23.82,3944,0.95,2026-09-30
SANATHAN,EQ,524.0,527.75,505.0,508.15,515.0,99234,513.45,2026-09-30
SANDESH,EQ,1023.1,1037.4,990.6,999.3,1029.6,1002,10.09,2026-09-30
SANDHAR,EQ,583.0,599.95,583.0,585.9,582.7,133185,787.56,2026-09-30
SANDUMA,EQ,181.27,184.69,181.0,182.18,182.69,268845,492.4,2026-09-30
SANGAMIND,EQ,642.35,650.55,619.85,626.9,645.55,27711,175.97,2026-09-30
SANGHVIMOV,EQ,457.1,471.9,452.4,455.2,454.0,204771,947.25,2026-09-30
SANOFI,EQ,3080.0,3175.0,3051.6,3057.0,3072.1,15072,464.2,2026-09-30
SANOFICONR,EQ,3853.7,3919.0,3796.0,3802.8,3867.0,6012,229.72,2026-09-30
SANSERA,EQ,4450.0,4571.0,4317.3,4537.5,4362.2,247139,11131.0,2026-09-30
SANSTAR,EQ,105.2,108.14,104.15,104.94,105.9,61552,65.33,2026-09-30
SAPPHIRE,EQ,211.48,216.92,209.45,212.08,211.05,448922,957.6,2026-09-30
SAPPL,EQ,296.0,305.0,280.0,300.1,293.55,6609,19.5,2026-09-30
SARDAEN,EQ,500.35,507.75,495.1,497.3,500.35,213966,1075.34,2026-09-30
SAREGAMA,EQ,498.9,518.65,495.35,506.55,493.45,643873,3281.87,2026-09-30
SARLAPOLY,EQ,96.86,99.23,93.5,93.96,95.67,28986,27.72,2026-09-30
SARVESHWAR,EQ,3.45,3.56,3.45,3.49,3.44,1207657,42.29,2026-09-30
SASKEN,EQ,1680.0,1709.8,1650.0,1672.7,1658.8,12713,213.25,2026-09-30
SATIA,EQ,68.7,71.26,68.7,69.7,68.48,198881,139.15,2026-09-30
SATIN,EQ,239.3,239.3,230.15,232.2,237.69,386106,902.99,2026-09-30
SAURASHCEM,EQ,53.94,55.5,53.55,54.53,54.1,54035,29.38,2026-09-30
SAYAJIIND,EQ,121.0,121.0,116.5,119.9,118.7,2055,2.48,2026-09-30
SBC,EQ,54.99,59.5,54.81,58.29,54.73,35616365,20715.18,2026-09-30
SBCL,EQ,1140.0,1148.9,1060.0,1071.7,1111.3,233735,2547.52,2026-09-30
SBFC,EQ,85.4,86.36,84.7,85.48,84.46,642934,550.46,2026-09-30
SBGLP,EQ,23.18,23.89,22.3,22.84,22.98,49077,11.27,2026-09-30
SBIBPB,EQ,46.76,47.23,46.64,46.76,46.66,30253,14.21,2026-09-30
SBICARD,EQ,585.15,591.25,578.05,578.05,581.0,582328,3402.61,2026-09-30
SBIETFCON,EQ,117.47,117.47,113.71,114.18,115.9,3810,4.38,2026-09-30
SBIETFIT,EQ,307.5,315.32,305.12,307.98,307.5,3156,9.8,2026-09-30
SBIETFPB,EQ,270.63,275.5,270.22,273.4,270.52,1997,5.46,2026-09-30
SBIETFQLTY,EQ,209.47,210.0,207.0,207.69,209.05,432,0.9,2026-09-30
SBIFUNDS,EQ,517.8,524.45,514.0,516.05,517.8,1541375,7993.14,2026-09-30
SBILIFE,EQ,1724.0,1729.5,1681.0,1696.4,1735.0,1813203,30827.66,2026-09-30
SBILIQETF,EQ,1058.01,1058.03,1058.01,1058.02,1057.87,15055,159.29,2026-09-30
SBIMIDMOM,EQ,61.94,61.94,60.76,61.0,61.33,69405,42.37,2026-09-30
SBIN,EQ,964.7,972.8,959.5,959.5,964.7,8010571,77402.35,2026-09-30
SBINEQWETF,EQ,31.8,31.8,31.39,31.43,31.65,51596,16.28,2026-09-30
SBINMID150,EQ,22.39,22.39,21.9,21.97,22.34,173495,38.24,2026-09-30
SBISILVER,EQ,215.19,216.5,214.64,215.04,214.53,895460,1927.79,2026-09-30
SBISMLETF,EQ,18.02,18.17,17.84,17.92,17.84,22979,4.13,2026-09-30
SBIVALETF,EQ,14.13,14.19,14.05,14.05,14.06,4256,0.6,2026-09-30
SCHAEFFLER,EQ,3950.0,3960.0,3877.3,3897.1,3920.0,63788,2488.02,2026-09-30
SCHAND,EQ,143.52,148.73,143.52,148.08,147.29,17383,25.65,2026-09-30
SCHNEIDER,EQ,1197.3,1226.8,1190.0,1203.4,1192.7,249878,3014.33,2026-09-30
SCI,EQ,273.0,275.95,269.75,270.5,272.9,1048767,2858.09,2026-09-30
SCILAL,EQ,36.69,37.34,36.6,36.86,36.69,117368,43.45,2026-09-30
SCODATUBES,EQ,127.75,127.9,124.03,124.87,130.14,553569,695.88,2026-09-30
SDBL,EQ,78.96,80.69,77.5,78.17,79.05,1674455,1317.3,2026-09-30
SEAMECLTD,EQ,1685.0,1739.7,1609.7,1641.6,1653.2,71134,1169.29,2026-09-30
SECLEDBETA,EQ,14.28,14.35,13.89,13.93,13.93,12408,1.74,2026-09-30
SECMARK,EQ,141.4,142.3,140.0,140.0,142.75,175,0.25,2026-09-30
SECURKLOUD,EQ,17.05,17.16,16.45,16.61,17.06,17158,2.88,2026-09-30
SEDEMAC,EQ,3499.0,3587.0,3460.8,3494.5,3485.6,178976,6264.79,2026-09-30
SEIL,EQ,187.84,191.49,187.21,189.64,188.92,129978,246.53,2026-09-30
SEJALLTD,EQ,656.9,680.0,656.8,674.0,648.75,6126,41.02,2026-09-30
SEKURITIND,EQ,111.44,114.0,110.03,110.93,109.55,18760,21.01,2026-09-30
SELECTIPO,EQ,46.62,46.64,46.04,46.13,46.32,70262,32.52,2026-09-30
SEMAC,EQ,254.85,254.85,231.8,232.85,243.95,6426,15.49,2026-09-30
SENCO,EQ,329.0,332.7,320.0,320.95,328.3,502576,1634.82,2026-09-30
SENORES,EQ,1403.7,1413.0,1370.0,1385.8,1403.7,268540,3731.62,2026-09-30
SENSEXADD,EQ,75.11,76.5,74.85,75.14,74.74,1980,1.49,2026-09-30
SENSEXAXIS,EQ,76.37,76.37,75.32,75.32,75.45,6927,5.24,2026-09-30
SENSEXBETA,EQ,796.01,813.0,796.01,805.88,804.77,6072,48.94,2026-09-30
SENSEXETF,EQ,75.28,75.4,74.77,74.98,74.91,22576,16.95,2026-09-30
SENSEXIETF,EQ,838.86,841.93,834.45,836.37,836.33,10807,90.51,2026-09-30
SEPC,EQ,5.15,5.19,5.01,5.02,5.1,5233528,265.7,2026-09-30
SERVOTECH,EQ,71.1,72.19,70.04,70.25,71.34,364902,259.35,2026-09-30
SESHAPAPER,EQ,244.26,246.19,234.81,240.47,242.53,62115,149.45,2026-09-30
SETF10GILT,EQ,260.6,262.5,260.21,261.84,261.83,4092,10.71,2026-09-30
SETFGOLD,EQ,125.27,126.04,124.97,125.61,124.44,4803338,6030.64,2026-09-30
SETFNIF50,EQ,245.44,246.26,243.96,244.45,245.02,973095,2384.9,2026-09-30
SETFNIFBK,EQ,561.28,567.11,560.0,563.39,561.34,9974,56.18,2026-09-30
SETFNN50,EQ,757.5,757.5,746.77,749.01,754.68,41960,315.56,2026-09-30
SETL,EQ,428.95,436.95,415.0,422.8,428.95,407519,1724.48,2026-09-30
SFL,EQ,637.3,645.1,630.0,634.1,631.5,76853,489.12,2026-09-30
SGFIN,EQ,595.3,613.2,593.2,604.35,595.3,293138,1769.39,2026-09-30
SGIL,EQ,633.3,669.0,633.3,666.2,657.35,4759,31.28,2026-09-30
SGL,EQ,9.43,9.43,8.42,8.56,9.35,84208,7.27,2026-09-30
SGLRES,EQ,2.28,2.43,2.22,2.38,2.33,78563,1.84,2026-09-30
SGMART,EQ,760.85,769.05,743.0,750.75,755.95,125096,944.09,2026-09-30
SGRL,EQ,665.85,704.0,665.85,687.15,665.75,13348,91.87,2026-09-30
SHADOWFAX,EQ,282.0,289.8,278.15,280.25,280.85,7428809,21057.23,2026-09-30
SHAH,EQ,3.15,3.17,3.09,3.14,3.15,678623,21.22,2026-09-30
SHAILY,EQ,3042.7,3125.0,3042.7,3063.0,3040.8,80016,2468.1,2026-09-30
SHAKTIPUMP,EQ,459.95,471.0,458.6,461.35,458.0,477179,2215.28,2026-09-30
SHALBY,EQ,142.0,145.88,135.0,138.65,142.01,263673,364.54,2026-09-30
SHANKARA,EQ,133.9,133.9,125.0,126.48,127.47,39804,51.07,2026-09-30
SHANKESH,EQ,89.8,94.44,89.24,90.25,88.8,3014634,2771.22,2026-09-30
SHANTI,EQ,5.57,5.83,5.3,5.49,5.57,46100,2.54,2026-09-30
SHANTIGEAR,EQ,604.8,604.8,571.6,579.9,601.65,120371,702.33,2026-09-30
SHANTIGOLD,EQ,308.0,321.0,306.15,308.6,306.85,3315946,10417.0,2026-09-30
SHARDACROP,EQ,719.15,734.85,719.15,723.5,721.45,58845,427.5,2026-09-30
SHARDAMOTR,EQ,964.75,986.85,953.05,956.95,971.25,37174,360.31,2026-09-30
SHAREINDIA,EQ,206.58,208.9,202.5,205.01,205.68,703869,1453.6,2026-09-30
SHARIABEES,EQ,427.3,429.98,421.8,422.87,425.18,12440,52.8,2026-09-30
SHBAJRG,EQ,168.0,171.9,157.11,159.79,169.16,25638,41.71,2026-09-30
SHEMAROO,EQ,118.15,122.0,116.55,117.12,117.95,14665,17.39,2026-09-30
SHERVANI,EQ,325.0,335.0,325.0,335.0,325.0,3,0.01,2026-09-30
SHILCTECH,EQ,4050.0,4105.6,4036.4,4084.0,4032.7,9905,404.44,2026-09-30
SHILGRAVQ,EQ,142.0,149.8,139.82,146.05,139.82,3356,4.83,2026-09-30
SHILPAMED,EQ,1060.0,1075.0,1033.5,1047.2,1055.75,492219,5187.88,2026-09-30
SHINDL,EQ,160.32,160.39,158.16,159.6,160.1,66280,105.78,2026-09-30
SHIPROCKET,EQ,120.0,123.97,119.51,120.16,119.99,1916192,2319.01,2026-09-30
SHIVAAGRO,EQ,41.0,41.15,37.61,39.47,39.13,5236,2.06,2026-09-30
SHIVACEM,EQ,14.5,14.5,13.0,13.76,14.91,694858,95.22,2026-09-30
SHIVALIK,EQ,414.8,423.0,400.0,403.45,411.35,45380,185.42,2026-09-30
SHIVAMAUTO,EQ,17.5,18.54,16.85,17.04,16.7,113889,19.94,2026-09-30
SHIVAMILLS,EQ,61.5,61.5,58.0,58.14,60.0,580,0.34,2026-09-30
SHIVATEX,EQ,168.0,173.78,165.01,166.87,168.97,623,1.04,2026-09-30
SHIVAUM,EQ,545.05,559.1,545.0,557.15,545.4,122580,669.25,2026-09-30
SHK,EQ,139.96,142.78,139.65,141.02,140.33,181372,255.75,2026-09-30
SHOPERSTOP,EQ,410.0,426.0,410.0,415.0,418.95,26629,110.81,2026-09-30
SHRADDHA,EQ,148.64,159.7,143.1,152.31,147.91,10595,16.16,2026-09-30
SHRADHA,EQ,31.3,31.38,30.0,30.5,29.58,845,0.26,2026-09-30
SHREDIGCEM,EQ,66.99,67.19,65.5,65.92,66.41,32697,21.66,2026-09-30
SHREECEM,EQ,21900.0,22400.0,21900.0,22345.0,21900.0,20963,4653.12,2026-09-30
SHREEJISPG,EQ,764.0,774.0,764.0,770.4,763.3,359788,2772.33,2026-09-30
SHREEPUSHK,EQ,480.9,505.05,480.9,492.75,481.9,70018,346.18,2026-09-30
SHREERAMA,EQ,43.22,45.4,43.22,43.73,43.71,26435,11.65,2026-09-30
SHREYANIND,EQ,129.95,133.99,129.0,130.45,129.0,4801,6.27,2026-09-30
SHRIKRISH,EQ,35.2,35.2,33.17,33.89,36.1,2386,0.81,2026-09-30
SHRINGARMS,EQ,216.85,231.0,216.79,224.6,215.91,2130481,4807.75,2026-09-30
SHRIPISTON,EQ,4774.4,4774.4,4620.3,4653.7,4749.2,75703,3539.18,2026-09-30
SHRIRAMFIN,EQ,972.2,987.0,965.1,982.7,971.5,5552495,54385.36,2026-09-30
SHRIRAMPPS,EQ,70.15,70.64,68.51,69.21,69.86,334575,233.47,2026-09-30
SHRJAGP,EQ,635.0,693.0,635.0,665.6,634.35,758,5.02,2026-09-30
SHUKRAPHAR,EQ,60.96,63.36,60.77,62.09,60.3,6037718,3736.93,2026-09-30
SHYAMMETL,EQ,1076.9,1078.5,1055.0,1065.0,1074.0,235248,2516.47,2026-09-30
SHYAMTEL,EQ,10.81,11.34,10.81,10.99,10.86,2507,0.28,2026-09-30
SICAGEN,EQ,51.2,52.88,51.2,51.74,51.18,5078,2.64,2026-09-30
SIEL,EQ,30.5,30.6,28.99,29.01,30.5,204,0.06,2026-09-30
SIEMENS,EQ,3721.1,3789.1,3720.0,3725.6,3710.0,183302,6891.78,2026-09-30
SIGACHI,EQ,28.83,29.46,28.74,28.8,28.76,1852936,537.59,2026-09-30
SIGMA,EQ,44.5,45.83,43.55,44.25,43.9,48186,21.4,2026-09-30
SIGNATURE,EQ,750.0,761.85,721.05,727.15,754.45,331497,2453.6,2026-09-30
SIGNPOST,EQ,257.0,268.85,256.95,262.0,257.85,48744,128.13,2026-09-30
SIKA,EQ,1033.95,1039.0,1010.0,1014.35,1025.45,12197,124.81,2026-09-30
SIL,EQ,16.6,16.79,15.5,15.69,16.42,158905,25.54,2026-09-30
SILGO,EQ,70.49,71.09,69.69,70.21,70.49,50805,35.74,2026-09-30
SILINV,EQ,435.0,444.9,431.0,431.45,436.6,1394,6.06,2026-09-30
SILVER,EQ,218.98,220.59,218.72,218.96,218.64,734070,1611.51,2026-09-30
SILVER001,EQ,22.12,22.5,22.12,22.19,22.12,7767,1.73,2026-09-30
SILVER1,EQ,21.27,21.44,21.26,21.28,21.23,4628578,986.93,2026-09-30
SILVER360,EQ,215.68,218.23,215.24,216.12,215.68,7906,17.12,2026-09-30
SILVERADD,EQ,21.22,21.3,21.06,21.1,21.07,1389076,293.62,2026-09-30
SILVERAG,EQ,214.19,215.08,213.14,213.56,213.24,222521,475.6,2026-09-30
SILVERAXIS,EQ,218.0,219.65,217.69,217.94,217.68,177368,387.52,2026-09-30
SILVERBEES,EQ,209.51,211.2,209.23,209.62,209.15,13114685,27560.8,2026-09-30
SILVERBETA,EQ,211.42,213.22,211.35,211.66,211.4,715040,1516.82,2026-09-30
SILVERBND,EQ,220.98,221.94,219.18,220.06,219.43,19241,42.38,2026-09-30
SILVERCASE,EQ,22.28,22.38,22.17,22.2,22.17,3044024,677.66,2026-09-30
SILVERIETF,EQ,218.54,220.48,218.54,218.88,218.43,3909431,8582.05,2026-09-30
SILVERTUC,EQ,141.5,144.8,138.86,140.49,140.59,261015,367.6,2026-09-30
SIMPLEXINF,EQ,242.9,255.0,241.0,245.5,242.85,73280,181.9,2026-09-30
SIMPLXREA,EQ,130.85,130.85,125.88,130.0,130.88,89,0.12,2026-09-30
SINCLAIR,EQ,77.04,79.65,76.51,78.63,77.43,7388,5.81,2026-09-30
SINDHUTRAD,EQ,22.92,23.27,22.7,22.89,22.86,154892,35.6,2026-09-30
SINGERIND,EQ,78.2,78.2,75.2,77.31,76.79,76015,58.57,2026-09-30
SINTERCOM,EQ,80.3,80.3,77.01,79.91,76.96,1109,0.89,2026-09-30
SIRCA,EQ,409.0,416.3,409.0,410.1,408.05,138309,571.24,2026-09-30
SIS,EQ,416.4,424.0,415.8,419.1,418.65,321349,1352.83,2026-09-30
SIYSIL,EQ,543.9,543.9,538.0,539.95,541.4,14052,75.85,2026-09-30
SJS,EQ,2300.0,2319.6,2252.2,2258.0,2309.8,89175,2028.61,2026-09-30
SJVN,EQ,59.98,60.3,59.01,59.32,59.83,2571072,1535.32,2026-09-30
SKFINDIA,EQ,1513.0,1524.6,1500.3,1509.9,1514.0,30500,460.76,2026-09-30
SKFINDUS,EQ,2780.0,2842.9,2735.0,2767.9,2789.0,172115,4814.91,2026-09-30
SKIPPER,EQ,541.9,548.65,528.25,531.15,541.55,260601,1401.62,2026-09-30
SKMEGGPROD,EQ,220.95,223.9,210.1,211.15,219.1,187953,404.01,2026-09-30
SKYGOLD,EQ,824.95,838.45,806.0,810.7,820.85,695736,5708.79,2026-09-30
SKYWAYS,EQ,116.0,117.79,112.31,113.26,115.31,2306221,2638.74,2026-09-30
SMALL250,EQ,17.9,18.0,17.81,17.91,17.9,592871,106.28,2026-09-30
SMALLADD,EQ,18.04,18.07,17.8,18.0,17.85,13242,2.38,2026-09-30
SMALLCAP,EQ,47.72,48.23,47.71,47.86,47.72,1648275,790.79,2026-09-30
SMALLGROWW,EQ,47.9,48.78,47.8,48.3,47.9,5896,2.84,2026-09-30
SMALLIETF,EQ,18.0,18.08,17.8,17.92,17.8,39946,7.17,2026-09-30
SMARTWORKS,EQ,528.95,538.65,515.15,519.85,514.25,108747,568.78,2026-09-30
SMCGLOBAL,EQ,93.0,96.24,91.17,94.48,92.98,6836896,6395.68,2026-09-30
SML100CASE,EQ,11.34,11.34,10.95,10.98,11.12,2109388,232.24,2026-09-30
SMLMAH,EQ,6620.0,6709.5,6468.0,6578.0,6616.5,48022,3160.56,2026-09-30
SMLT,EQ,63.4,63.4,59.0,61.82,59.31,11905,7.29,2026-09-30
SMSPHARMA,EQ,483.9,485.0,467.5,476.6,479.4,372222,1775.68,2026-09-30
SNOWMAN,EQ,34.51,35.99,34.25,34.64,34.69,120284,41.87,2026-09-30
SNXT30BEES,EQ,41.2,41.2,40.5,40.69,41.0,4851,1.97,2026-09-30
SNXT50BETA,EQ,91.14,91.67,88.79,88.91,90.13,1552,1.41,2026-09-30
SOBHA,EQ,1201.0,1239.0,1198.0,1221.6,1216.5,121889,1481.98,2026-09-30
SOFTTECH,EQ,522.0,522.0,492.5,493.5,502.85,17609,90.91,2026-09-30
SOLARA,EQ,759.0,759.0,720.0,725.4,749.85,177501,1310.37,2026-09-30
SOLARINDS,EQ,19030.0,19820.0,19030.0,19700.0,18650.0,302167,59105.67,2026-09-30
SOLARWORLD,EQ,128.75,137.56,128.0,129.28,128.98,320705,420.04,2026-09-30
SOLEX,EQ,694.7,704.7,675.05,678.85,688.55,27975,191.67,2026-09-30
SOMANYCERA,EQ,614.0,622.0,606.55,617.75,613.85,64566,398.1,2026-09-30
SOMATEX,EQ,79.35,81.7,79.05,79.16,81.52,1858,1.48,2026-09-30
SOMICONVEY,EQ,88.1,89.98,87.5,89.31,88.62,5523,4.88,2026-09-30
SONACOMS,EQ,821.95,837.0,816.4,830.0,815.65,2734579,22645.5,2026-09-30
SONAL,EQ,90.0,90.18,87.5,87.56,91.72,94,0.08,2026-09-30
SONATSOFTW,EQ,260.85,267.4,257.0,258.25,260.85,817817,2140.41,2026-09-30
SOTL,EQ,860.4,860.4,711.4,718.8,717.0,2590903,19792.98,2026-09-30
SOUTHBANK,EQ,48.9,49.67,48.0,48.24,48.71,15754423,7702.79,2026-09-30
SOUTHWEST,EQ,183.5,186.28,180.35,182.49,183.41,62445,114.68,2026-09-30
SPAL,EQ,940.0,970.0,940.0,964.6,935.8,35667,342.52,2026-09-30
SPANDANA,EQ,226.68,231.0,219.01,220.76,226.67,304252,675.64,2026-09-30
SPARC,EQ,208.85,210.65,196.0,197.19,208.85,1366000,2758.19,2026-09-30
SPCENET,EQ,3.16,3.35,3.15,3.18,3.19,450589,14.46,2026-09-30
SPENCERS,EQ,27.4,27.59,26.5,26.71,27.4,37693,10.18,2026-09-30
SPIC,EQ,63.47,64.24,63.43,63.94,63.47,140574,89.7,2026-09-30
SPLIL,EQ,30.5,30.5,28.72,29.24,29.89,5213,1.54,2026-09-30
SPLPETRO,EQ,834.9,855.0,801.65,808.2,831.85,247547,2036.13,2026-09-30
SPMLINFRA,EQ,161.0,164.91,159.5,161.02,162.07,99740,162.32,2026-09-30
SPORTKING,EQ,212.2,217.61,208.1,210.5,212.16,121292,258.53,2026-09-30
SRD,EQ,39.4,39.74,37.95,38.54,38.78,52650,20.41,2026-09-30
SRF,EQ,2450.3,2502.1,2450.3,2472.5,2420.1,292029,7249.95,2026-09-30
SRGHFL,EQ,135.1,144.6,135.1,136.4,138.7,16267,22.73,2026-09-30
SRHHYPOLTD,EQ,581.35,583.45,563.0,563.9,575.5,17963,102.42,2026-09-30
SRM,EQ,413.0,416.9,400.75,404.4,408.25,42098,172.17,2026-09-30
SRTL,EQ,37.75,37.75,36.63,37.26,37.35,7793,2.9,2026-09-30
SSDL,EQ,80.88,80.88,74.3,75.81,83.92,224216,173.03,2026-09-30
SSRETAIL,EQ,756.05,761.6,725.3,749.5,746.85,13357301,99191.29,2026-09-30
SSWL,EQ,405.4,413.75,403.2,408.1,400.65,1299841,5301.9,2026-09-30
STANLEY,EQ,136.34,141.99,135.25,136.31,137.58,136853,187.87,2026-09-30
STAR,EQ,1167.0,1174.5,1110.0,1120.0,1172.6,447494,5060.92,2026-09-30
STARCEMENT,EQ,179.67,183.15,179.08,181.96,178.1,123938,225.51,2026-09-30
STARHEALTH,EQ,538.1,542.8,531.35,534.65,538.1,240982,1294.12,2026-09-30
STARPAPER,EQ,153.06,158.0,150.03,152.52,153.03,6486,10.05,2026-09-30
STARTECK,EQ,334.8,334.8,301.9,306.95,335.4,7138,22.31,2026-09-30
STCINDIA,EQ,108.99,112.0,108.1,109.14,106.98,20049,22.0,2026-09-30
STEAMHOUSE,EQ,111.4,113.85,110.3,110.94,110.86,3547240,3973.05,2026-09-30
STEELCAS,EQ,372.8,380.1,366.1,377.2,371.8,169841,636.58,2026-09-30
STEELCITY,EQ,82.11,82.78,80.73,81.35,82.18,3777,3.09,2026-09-30
STEELXIND,EQ,11.2,11.74,11.2,11.42,11.19,7015322,807.52,2026-09-30
STEL,EQ,615.4,622.0,561.25,570.1,597.95,11379,66.28,2026-09-30
STERTOOLS,EQ,221.98,229.8,215.0,218.31,221.24,18805,41.99,2026-09-30
STLNETWORK,EQ,51.93,51.93,48.48,48.97,49.46,26400187,13540.59,2026-09-30
STLSTRINF,EQ,23.01,24.44,22.12,22.25,23.0,7368,1.68,2026-09-30
STOVEKRAFT,EQ,809.6,823.8,791.1,794.95,813.65,70280,563.62,2026-09-30
STUDDS,EQ,398.5,404.0,389.45,393.85,395.65,55228,218.26,2026-09-30
STYL,EQ,372.15,377.8,368.2,369.95,368.8,48584,180.19,2026-09-30
STYLAMIND,EQ,3317.2,3348.0,3287.7,3308.7,3336.4,14001,465.28,2026-09-30
STYLEBAAZA,EQ,409.0,409.0,384.75,384.75,405.0,1886372,7321.17,2026-09-30
STYRENIX,EQ,2001.0,2044.6,1993.4,2015.5,2000.8,21522,433.64,2026-09-30
SUBEXLTD,EQ,20.6,20.89,19.6,19.73,20.35,10266212,2071.34,2026-09-30
SUBROS,EQ,702.2,710.45,693.0,699.35,702.2,18044,126.86,2026-09-30
SUDARCOLOR,EQ,380.9,390.0,375.0,376.95,383.7,2873,10.96,2026-09-30
SUDARSCHEM,EQ,1203.8,1241.6,1195.0,1203.9,1197.3,406263,4916.5,2026-09-30
SUDEEPPHRM,EQ,1195.1,1249.8,1181.5,1205.8,1195.2,176078,2154.39,2026-09-30
SUKHJITS,EQ,158.01,158.62,155.05,156.42,157.95,5663,8.9,2026-09-30
SULA,EQ,132.0,134.67,132.0,133.3,131.77,137957,183.85,2026-09-30
SUMEDHA,EQ,44.5,46.9,44.0,45.48,43.63,1311,0.6,2026-09-30
SUMEETINDS,EQ,11.45,11.66,10.71,10.92,11.2,833546,92.45,2026-09-30
SUMICHEM,EQ,430.0,445.9,430.0,433.25,431.15,261894,1143.41,2026-09-30
SUMIT,EQ,49.97,52.0,49.0,49.59,49.97,12830,6.35,2026-09-30
SUMMITSEC,EQ,1330.4,1336.4,1305.0,1318.9,1322.6,2412,31.78,2026-09-30
SUNCLAY,EQ,1239.7,1249.2,1225.0,1228.9,1231.5,4681,57.6,2026-09-30
SUNDARAM,EQ,1.1,1.12,1.05,1.09,1.1,613063,6.71,2026-09-30
SUNDARMFIN,EQ,4325.0,4407.8,4315.0,4355.0,4334.8,54266,2362.71,2026-09-30
SUNDRMBRAK,EQ,684.0,684.0,672.6,676.05,671.75,396,2.68,2026-09-30
SUNDRMFAST,EQ,1146.4,1159.0,1135.0,1139.3,1143.2,74514,852.81,2026-09-30
SUNDROP,EQ,758.25,761.9,740.0,745.2,750.75,6739,50.18,2026-09-30
SUNFLAG,EQ,465.0,471.0,447.6,456.05,464.3,624779,2870.43,2026-09-30
SUNLOC,EQ,74.8,74.8,68.7,68.8,68.0,336,0.24,2026-09-30
SUNPHARMA,EQ,1861.3,1863.6,1814.2,1816.6,1865.0,2401495,44011.64,2026-09-30
SUNRAKSHAK,EQ,365.9,367.4,355.05,358.9,365.6,12756,46.52,2026-09-30
SUNSHIEL,EQ,1094.8,1114.6,1034.8,1054.0,1087.5,15883,168.57,2026-09-30
SUNSHINE,EQ,447.95,467.0,443.3,453.65,445.05,290474,1324.17,2026-09-30
SUNTECK,EQ,278.6,284.0,276.0,277.4,280.3,67009,187.83,2026-09-30
SUNTV,EQ,555.0,663.9,554.05,605.0,553.25,34672457,215472.92,2026-09-30
SUPERHOUSE,EQ,161.7,164.49,159.22,160.05,159.9,3513,5.67,2026-09-30
SUPRAJIT,EQ,495.0,495.0,479.0,481.2,492.1,43215,208.96,2026-09-30
SUPREME,EQ,29.84,30.89,29.48,30.42,29.77,12129,3.67,2026-09-30
SUPREMEIND,EQ,3462.0,3545.0,3446.1,3451.0,3445.8,139486,4876.33,2026-09-30
SUPREMEINF,EQ,84.75,84.75,73.15,73.9,77.83,95895,73.24,2026-09-30
SUPRIYA,EQ,995.25,995.95,945.2,950.25,985.05,229715,2206.1,2026-09-30
SURAJEST,EQ,209.0,214.82,203.24,207.69,209.06,91950,190.93,2026-09-30
SURAJLTD,EQ,196.0,196.0,195.0,195.0,193.14,7,0.01,2026-09-30
SURAKSHA,EQ,356.0,357.6,350.1,355.4,355.05,121095,429.19,2026-09-30
SURANASOL,EQ,24.4,25.0,24.25,24.87,24.51,18686,4.61,2026-09-30
SURANAT&P,EQ,16.2,16.2,15.81,15.84,15.87,15359,2.44,2026-09-30
SURYALA,EQ,380.0,385.0,376.35,377.0,376.65,350,1.33,2026-09-30
SURYALAXMI,EQ,58.85,60.4,58.0,58.8,56.63,6614,3.93,2026-09-30
SURYAROSNI,EQ,220.75,225.5,220.74,221.37,220.75,298508,666.19,2026-09-30
SURYODAY,EQ,144.68,147.56,144.15,145.16,144.68,143795,209.85,2026-09-30
SUVEN,EQ,326.0,328.5,315.6,320.2,324.75,402663,1299.01,2026-09-30
SUVIDHAA,EQ,2.1,2.21,2.04,2.09,2.09,104823,2.19,2026-09-30
SUYOG,EQ,710.0,725.0,670.0,695.1,689.95,70242,491.42,2026-09-30
SUZLON,EQ,39.51,39.99,39.2,39.49,39.5,47026942,18618.07,2026-09-30
SVGLOBAL,EQ,143.19,146.5,135.11,137.18,143.2,1595,2.24,2026-09-30
SVLL,EQ,813.5,835.05,805.0,805.8,813.35,2386,19.55,2026-09-30
SVPGLOB,EQ,3.16,3.3,3.0,3.13,3.15,23663,0.72,2026-09-30
SWANCORP,EQ,283.95,288.7,279.4,280.2,284.05,919733,2598.87,2026-09-30
SWARAJENG,EQ,3550.0,3583.6,3501.0,3546.2,3548.2,4835,171.33,2026-09-30
SWARNSAR,EQ,41.29,41.94,39.1,39.96,41.29,3258,1.3,2026-09-30
SWELECTES,EQ,586.95,616.65,580.0,597.9,582.65,44503,268.29,2026-09-30
SWIGGY,EQ,255.95,257.0,250.0,250.1,253.7,9125415,23034.52,2026-09-30
SWSOLAR,EQ,170.75,177.6,170.1,171.18,171.08,1116546,1935.2,2026-09-30
SYMBIOTEC,EQ,1158.0,1196.8,1138.2,1176.75,1144.2,2016189,23697.85,2026-09-30
SYMPHONY,EQ,580.15,590.0,576.1,582.45,580.4,18960,110.11,2026-09-30
SYNCOMF,EQ,27.49,27.49,24.5,25.08,26.18,99577808,25330.28,2026-09-30
SYNGENE,EQ,367.2,373.3,363.1,365.3,367.2,345192,1269.12,2026-09-30
SYRMA,EQ,1686.0,1820.0,1686.0,1782.9,1692.6,3788979,67453.43,2026-09-30
TAALTECH,EQ,1053.6,1057.9,990.1,1001.0,1044.4,28224,286.96,2026-09-30
TAINWALCHM,EQ,209.99,209.99,204.0,205.19,205.36,1091,2.24,2026-09-30
TAJGVK,EQ,316.55,327.7,314.8,320.2,316.55,36962,118.45,2026-09-30
TAKE,EQ,13.31,14.59,13.31,13.31,14.01,843488,113.3,2026-09-30
TALBROAUTO,EQ,432.9,440.45,426.8,429.85,433.2,126449,546.43,2026-09-30
TANAA,EQ,334.0,355.0,332.5,338.55,335.0,40704,140.18,2026-09-30
TANLA,EQ,491.85,503.0,490.35,492.15,490.65,265486,1318.97,2026-09-30
TARACHAND,EQ,48.0,48.0,46.53,47.72,47.27,42702,20.24,2026-09-30
TARAPUR,EQ,12.6,12.6,12.0,12.16,12.03,12032,1.46,2026-09-30
TARC,EQ,128.0,128.29,125.26,125.96,127.02,140774,177.99,2026-09-30
TARIL,EQ,274.85,278.0,268.0,270.1,272.85,783795,2138.99,2026-09-30
TARMAT,EQ,57.03,61.0,55.5,59.4,57.03,48224,28.27,2026-09-30
TARSONS,EQ,330.35,334.0,319.95,320.3,330.35,121512,397.19,2026-09-30
TASTYBITE,EQ,9703.0,9759.0,9415.0,9487.0,9611.0,1318,126.25,2026-09-30
TATACAP,EQ,331.35,331.35,324.8,327.95,331.35,1709693,5592.42,2026-09-30
TATACHEM,EQ,615.0,628.75,610.2,611.45,613.85,1113198,6882.61,2026-09-30
TATACOMM,EQ,1640.1,1668.1,1640.1,1656.2,1654.7,137552,2279.27,2026-09-30
TATACONSUM,EQ,966.0,968.1,949.5,949.5,967.7,1708408,16417.96,2026-09-30
TATAELXSI,EQ,3150.0,3203.0,3085.0,3088.9,3211.7,356864,11208.99,2026-09-30
TATAGOLD,EQ,14.27,14.37,14.24,14.3,14.19,38787360,5545.18,2026-09-30
TATAINVEST,EQ,630.0,636.0,616.15,620.05,625.45,313002,1957.82,2026-09-30
TATAPOWER,EQ,357.95,362.05,356.55,359.0,359.0,5401745,19421.99,2026-09-30
TATASTEEL,EQ,189.0,189.55,184.3,184.3,188.0,32381754,60588.65,2026-09-30
TATATECH,EQ,686.75,719.75,686.75,707.5,686.75,891561,6316.54,2026-09-30
TATSILV,EQ,21.28,21.47,21.27,21.3,21.25,22886470,4887.04,2026-09-30
TATVA,EQ,1811.9,1825.0,1776.1,1784.2,1806.4,55095,994.35,2026-09-30
TBOTEK,EQ,1670.5,1729.9,1660.0,1685.2,1684.7,446861,7606.85,2026-09-30
TCC,EQ,50.1,54.55,48.15,49.93,50.09,2215816,1148.11,2026-09-30
TCI,EQ,874.0,884.9,863.85,872.5,868.7,148301,1294.58,2026-09-30
TCIEXP,EQ,533.1,552.0,508.6,521.65,531.85,794380,4243.37,2026-09-30
TCIFINANCE,EQ,14.98,14.98,14.5,14.78,14.48,8014,1.18,2026-09-30
TCPLPACK,EQ,4117.4,4179.2,4050.0,4102.6,4117.4,5095,209.09,2026-09-30
TCS,EQ,2069.0,2101.0,2050.6,2050.6,2032.4,3656425,75783.2,2026-09-30
TDPOWERSYS,EQ,783.0,801.0,770.15,786.05,777.35,2612869,20616.37,2026-09-30
TEAMGTY,EQ,235.0,235.01,235.0,235.0,235.0,165,0.39,2026-09-30
TEAMLEASE,EQ,1148.6,1159.9,1131.5,1148.6,1148.6,9039,103.5,2026-09-30
TECH,EQ,31.8,31.8,30.05,30.53,31.29,34421,10.52,2026-09-30
TECHM,EQ,1524.6,1559.5,1518.0,1524.0,1510.5,2794174,42892.9,2026-09-30
TECHNOCRAF,EQ,482.5,487.1,470.5,476.55,480.85,677585,3253.71,2026-09-30
TECHNOE,EQ,1006.2,1027.35,1001.5,1008.75,1010.15,133810,1357.03,2026-09-30
TECHNVISN,EQ,3896.5,4090.0,3702.0,3961.5,3896.5,417,16.21,2026-09-30
TECILCHEM,EQ,9.2,9.46,8.75,9.02,9.21,6287,0.57,2026-09-30
TEGA,EQ,2080.2,2198.0,2062.6,2106.7,2060.6,1493714,31973.3,2026-09-30
TEJASNET,EQ,488.5,496.9,482.25,486.2,490.4,935883,4587.02,2026-09-30
TEMBO,EQ,58.0,58.56,57.05,57.67,57.99,736216,425.7,2026-09-30
TEMPSENS,EQ,529.65,537.95,523.0,526.75,529.3,700380,3708.51,2026-09-30
TENNIND,EQ,514.5,516.75,506.25,508.25,508.6,502623,2575.91,2026-09-30
TERAI,EQ,115.75,117.0,114.0,116.75,115.8,118,0.14,2026-09-30
TERASOFT,EQ,210.0,215.95,204.0,207.2,209.25,33412,69.57,2026-09-30
TEXINFRA,EQ,115.13,125.0,115.13,119.41,115.54,649299,789.11,2026-09-30
TEXMOPIPES,EQ,52.75,58.59,52.75,55.08,53.72,182461,102.47,2026-09-30
TEXRAIL,EQ,125.75,135.4,125.75,131.73,125.67,16021545,21230.25,2026-09-30
TFCILTD,EQ,139.1,148.5,139.1,141.91,138.92,31904742,46084.4,2026-09-30
TFL,EQ,11.89,12.19,11.62,11.63,11.64,2612,0.31,2026-09-30
TGBHOTELS,EQ,9.48,10.24,9.1,9.6,9.13,33333,3.14,2026-09-30
TGVSL,EQ,123.6,125.0,120.0,121.48,122.47,424592,518.03,2026-09-30
THACKER,EQ,997.0,997.0,910.0,954.3,996.8,218,2.03,2026-09-30
THAKDEV,EQ,135.0,135.0,135.0,135.0,135.0,223,0.3,2026-09-30
THANGAMAYL,EQ,5210.5,5240.0,5050.0,5062.0,5204.5,38301,1963.69,2026-09-30
THEINVEST,EQ,92.34,94.74,91.25,93.45,90.53,3646,3.38,2026-09-30
THEJO,EQ,2113.9,2226.8,2100.2,2175.4,2110.3,11455,248.84,2026-09-30
THELEELA,EQ,532.0,586.95,532.0,573.8,533.6,1251659,7161.28,2026-09-30
THEMISMED,EQ,120.9,122.19,115.25,116.46,119.95,468486,546.98,2026-09-30
THERMAX,EQ,3280.0,3424.5,3276.0,3392.2,3291.0,406098,13749.86,2026-09-30
THOMASCOOK,EQ,103.03,104.58,102.0,102.39,103.92,582675,600.99,2026-09-30
THOMASCOTT,EQ,255.0,276.4,240.85,267.35,250.35,115936,302.99,2026-09-30
THYROCARE,EQ,547.0,550.6,532.7,534.15,547.1,237351,1279.57,2026-09-30
TI,EQ,551.0,565.3,536.25,540.65,550.85,864319,4696.75,2026-09-30
TIGERLOGS,EQ,26.94,27.0,25.8,26.25,26.17,123268,32.41,2026-09-30
TIIL,EQ,2950.0,2985.1,2862.3,2900.9,2926.4,29702,872.47,2026-09-30
TIINDIA,EQ,2419.4,2449.6,2373.2,2375.0,2413.0,690294,16534.46,2026-09-30
TIMETECHNO,EQ,183.75,188.4,181.41,182.36,183.92,3950098,7315.49,2026-09-30
TIMEX,EQ,729.1,746.4,713.2,719.55,729.1,317889,2313.04,2026-09-30
TIMKEN,EQ,3116.6,3145.0,3075.0,3136.0,3086.2,76082,2369.64,2026-09-30
TINNARUBR,EQ,954.0,977.55,941.5,952.1,955.2,24523,235.55,2026-09-30
TIPSFILMS,EQ,348.95,348.95,306.35,318.25,339.55,24583,78.49,2026-09-30
TIPSMUSIC,EQ,649.0,663.0,648.95,657.85,647.2,184367,1211.33,2026-09-30
TIRUMALCHM,EQ,152.7,155.83,150.74,151.39,152.39,243364,372.32,2026-09-30
TITAGARH,EQ,819.3,850.9,814.1,818.15,819.35,933675,7772.35,2026-09-30
TITAN,EQ,4683.0,4698.0,4587.0,4587.0,4675.0,927060,42924.62,2026-09-30
TMB,EQ,861.25,878.2,861.25,871.3,863.55,119178,1038.36,2026-09-30
TMCV,EQ,430.15,438.15,418.7,421.65,430.15,10915749,46365.4,2026-09-30
TMPV,EQ,281.0,287.05,280.1,283.5,280.95,11539983,32744.59,2026-09-30
TNIDETF,EQ,84.0,84.86,82.72,82.98,83.49,49766,41.62,2026-09-30
TNPETRO,EQ,125.77,129.99,123.15,124.08,125.67,945747,1195.56,2026-09-30
TNPL,EQ,150.62,152.9,149.75,150.61,151.8,68064,102.93,2026-09-30
TNTELE,EQ,13.11,13.2,12.84,12.84,14.26,217122,28.24,2026-09-30
TOKYOPLAST,EQ,73.5,74.9,71.01,73.2,73.5,1509,1.1,2026-09-30
TOLINS,EQ,86.15,88.49,85.01,85.86,86.21,41099,35.62,2026-09-30
TOP100CASE,EQ,10.1,10.1,9.97,9.99,10.05,1237679,124.12,2026-09-30
TOP10ADD,EQ,82.5,83.31,82.29,82.45,82.71,232956,192.84,2026-09-30
TOP15IETF,EQ,9.21,9.28,9.16,9.19,9.18,104116,9.59,2026-09-30
TOP20,EQ,8.41,8.44,8.35,8.37,8.39,38255,3.22,2026-09-30
TORNTPHARM,EQ,4935.0,4935.0,4786.0,4800.0,4894.0,397999,19207.75,2026-09-30
TORNTPOWER,EQ,1230.0,1256.4,1230.0,1245.9,1220.2,187402,2329.52,2026-09-30
TOUCHWOOD,EQ,59.01,60.0,57.0,59.22,59.99,2223,1.3,2026-09-30
TOYAMSL,EQ,0.72,0.75,0.71,0.72,0.74,2003449,14.44,2026-09-30
TPLPLASTEH,EQ,68.67,78.0,68.0,71.14,65.26,2013255,1470.46,2026-09-30
TRACXN,EQ,32.55,33.2,32.16,32.91,32.94,152016,49.88,2026-09-30
TRANSCOR,EQ,23.74,25.0,23.52,24.22,23.85,10425,2.54,2026-09-30
TRANSRAILL,EQ,448.8,498.0,448.8,476.4,451.65,6739028,32543.52,2026-09-30
TRAVELFOOD,EQ,1196.6,1208.3,1184.0,1200.3,1196.6,28635,342.54,2026-09-30
TREEHOUSE,EQ,5.81,5.99,5.72,5.78,5.81,28154,1.64,2026-09-30
TREJHARA,EQ,141.5,141.5,136.69,138.84,135.7,10186,14.19,2026-09-30
TREL,EQ,28.8,29.9,27.87,28.89,28.4,205678,59.4,2026-09-30
TRENT,EQ,2651.1,2669.9,2618.0,2621.6,2635.0,785465,20696.39,2026-09-30
TRF,EQ,207.75,209.0,196.55,197.82,202.9,18651,37.79,2026-09-30
TRIDENT,EQ,22.49,22.79,22.35,22.44,22.49,2060666,465.61,2026-09-30
TRIGYN,EQ,53.8,54.44,52.5,53.1,53.03,15509,8.34,2026-09-30
TRITONV,EQ,1087.5,1099.9,1076.1,1083.8,1075.4,476,5.19,2026-09-30
TRITURBINE,EQ,542.0,548.45,537.7,539.4,543.55,332296,1804.82,2026-09-30
TRIVENI,EQ,239.9,243.5,235.0,235.7,239.15,310906,738.85,2026-09-30
TRU,EQ,4.02,4.16,4.02,4.1,4.06,25979,1.06,2026-09-30
TRUALT,EQ,458.4,472.5,447.05,468.65,458.4,396825,1826.66,2026-09-30
TSFINV,EQ,422.0,434.8,415.9,417.15,421.45,59183,250.2,2026-09-30
TTKHLTCARE,EQ,1041.3,1050.6,1012.6,1023.0,1033.7,7751,80.25,2026-09-30
TTKPRESTIG,EQ,529.5,536.15,513.2,515.85,533.75,51023,266.4,2026-09-30
TTL,EQ,7.7,8.44,7.35,8.07,7.71,1258014,98.3,2026-09-30
TTML,EQ,34.86,35.67,34.02,34.3,35.18,3429419,1192.7,2026-09-30
TURTLEMINT,EQ,79.0,82.0,75.6,76.44,79.52,2617903,2060.86,2026-09-30
TUTIALKA,EQ,55.8,56.0,54.0,54.4,54.74,2819,1.54,2026-09-30
TVSELECT,EQ,372.05,440.55,371.15,416.15,374.3,2795681,11794.53,2026-09-30
TVSHLTD,EQ,12300.0,12450.0,12045.0,12107.0,12298.0,8540,1046.43,2026-09-30
TVSMOTOR,EQ,4100.0,4174.7,4084.1,4106.0,4091.1,605529,25019.63,2026-09-30
TVSSCS,EQ,131.0,134.4,130.05,130.57,131.3,488937,642.53,2026-09-30
TVSSRICHAK,EQ,4466.5,4520.0,4402.5,4437.5,4435.0,4983,222.34,2026-09-30
TVTODAY,EQ,106.0,106.0,103.3,104.19,103.84,13484,14.06,2026-09-30
TWCGOLDETF,EQ,146.17,147.4,146.11,146.78,145.45,32640,47.9,2026-09-30
UBL,EQ,1210.3,1213.8,1151.0,1158.1,1210.2,322312,3776.75,2026-09-30
UCOBANK,EQ,23.05,23.5,23.05,23.28,23.05,2802505,654.57,2026-09-30
UDAYJEW,EQ,177.9,177.9,165.19,166.94,168.37,13109,22.12,2026-09-30
UDS,EQ,209.0,211.92,205.27,208.57,207.79,59154,123.14,2026-09-30
UEL,EQ,186.5,189.4,182.01,184.92,184.75,12717,23.63,2026-09-30
UFLEX,EQ,656.0,671.0,652.0,657.85,647.7,159191,1054.21,2026-09-30
UFO,EQ,59.98,59.98,58.0,58.12,58.93,11186,6.55,2026-09-30
UGROCAP,EQ,81.67,84.56,81.15,83.68,81.07,277232,230.85,2026-09-30
UJJIVANSFB,EQ,65.98,68.3,65.7,67.5,65.26,28889413,19455.5,2026-09-30
ULTRACEMCO,EQ,10829.0,10971.0,10800.0,10956.0,10829.0,257558,28104.38,2026-09-30
ULTRAMAR,EQ,420.0,428.95,408.1,409.4,418.5,1302805,5405.12,2026-09-30
UMESLTD,EQ,4.69,4.69,4.15,4.49,4.41,22388,1.0,2026-09-30
UMIYA-MRO,EQ,94.0,95.94,92.01,93.16,94.8,21344,20.04,2026-09-30
UNICHEMLAB,EQ,569.0,579.2,542.1,545.5,568.4,217861,1217.42,2026-09-30
UNIDT,EQ,231.0,236.0,220.5,222.06,229.83,43999,99.32,2026-09-30
UNIECOM,EQ,82.89,84.5,82.25,83.9,82.45,194948,162.51,2026-09-30
UNIENTER,EQ,91.1,91.1,88.67,88.75,89.01,5499,4.89,2026-09-30
UNIINFO,EQ,11.03,11.35,10.61,10.94,11.08,1270,0.14,2026-09-30
UNIMECH,EQ,1721.0,1753.9,1705.1,1724.0,1675.0,274093,4744.51,2026-09-30
UNIONBANK,EQ,169.98,172.6,169.95,171.0,166.0,16921657,29015.54,2026-09-30
UNIONGOLD,EQ,143.1,149.9,143.1,144.5,143.0,162729,235.29,2026-09-30
UNIPARTS,EQ,849.0,859.0,829.55,836.0,843.55,63990,539.86,2026-09-30
UNITDSPR,EQ,1371.0,1376.5,1337.6,1354.0,1363.0,976345,13207.86,2026-09-30
UNITECH,EQ,3.95,3.99,3.9,3.96,3.92,3132347,123.89,2026-09-30
UNITEDPOLY,EQ,46.93,47.56,46.26,47.47,46.87,555562,262.26,2026-09-30
UNITEDTEA,EQ,405.2,433.75,405.2,427.9,421.6,313,1.33,2026-09-30
UNIVCABLES,EQ,1470.0,1484.0,1433.3,1443.0,1468.4,41248,601.3,2026-09-30
UNOMINDA,EQ,1159.1,1184.1,1159.1,1170.0,1162.0,527106,6193.07,2026-09-30
UPL,EQ,539.25,544.9,535.25,539.75,538.0,3114983,16842.83,2026-09-30
URBANCO,EQ,163.4,164.29,155.85,157.48,163.71,3304372,5273.38,2026-09-30
URJA,EQ,8.88,8.93,8.67,8.77,8.9,428412,37.71,2026-09-30
USHAMART,EQ,498.95,505.35,493.5,498.65,498.9,808936,4047.2,2026-09-30
USK,EQ,20.3,20.3,18.3,19.14,19.57,35344,6.73,2026-09-30
UTIAMC,EQ,873.25,894.55,873.25,882.4,877.6,50373,444.85,2026-09-30
UTKARSHBNK,EQ,13.97,14.0,13.68,13.76,13.91,4363721,601.81,2026-09-30
UTLSOLAR,EQ,403.0,410.15,396.9,398.45,407.7,205502,827.25,2026-09-30
UTTAMSUGAR,EQ,291.0,300.5,286.9,288.4,290.8,153061,451.38,2026-09-30
V2RETAIL,EQ,210.09,210.94,207.11,208.74,209.43,821359,1714.97,2026-09-30
VADILALIND,EQ,7281.0,7494.5,7155.5,7253.0,7277.0,11949,869.77,2026-09-30
VADILENT,EQ,10200.0,10200.0,10151.0,10151.0,10200.0,5,0.51,2026-09-30
VAIBHAVGBL,EQ,203.25,209.38,203.25,204.32,202.89,184844,381.56,2026-09-30
VAISHALI,EQ,8.75,8.99,8.31,8.35,8.39,199730,16.93,2026-09-30
VAKRANGEE,EQ,5.15,5.24,5.05,5.14,5.18,1066328,54.9,2026-09-30
VAL30IETF,EQ,14.58,14.69,14.45,14.48,14.55,278573,40.56,2026-09-30
VALIANTORG,EQ,409.95,467.0,407.0,455.1,404.6,606539,2735.57,2026-09-30
VALUE,EQ,15.45,15.51,15.32,15.33,15.4,28104,4.32,2026-09-30
VALUEAXIS,EQ,31.48,31.88,31.19,31.36,31.19,80182,25.29,2026-09-30
VAML,EQ,431.0,433.75,410.5,412.9,434.45,13904115,57983.54,2026-09-30
VARDMNPOLY,EQ,5.81,5.95,5.72,5.8,5.81,175113,10.16,2026-09-30
VARMORA,EQ,145.0,147.67,136.54,139.65,152.19,11245606,15887.61,2026-09-30
VARROC,EQ,837.3,867.0,834.0,862.95,837.4,266860,2292.4,2026-09-30
VASCONEQ,EQ,34.2,34.94,33.5,33.67,33.97,337424,114.46,2026-09-30
VASWANI,EQ,45.58,45.58,44.47,44.57,44.51,8219,3.69,2026-09-30
VBL,EQ,428.0,436.4,427.5,432.0,430.0,8815664,38180.31,2026-09-30
VEDAVAAG,EQ,22.06,22.96,21.81,22.24,22.06,43880,9.8,2026-09-30
VEDL,EQ,260.0,260.5,255.15,259.0,260.0,8639213,22322.01,2026-09-30
VEDPOWER,EQ,34.25,34.3,32.7,32.84,34.25,17056090,5662.19,2026-09-30
VEEDOL,EQ,1344.1,1380.7,1344.1,1373.3,1356.5,8913,121.79,2026-09-30
VENKEYS,EQ,1639.9,1649.3,1571.1,1588.1,1633.0,31231,502.2,2026-09-30
VENTIVE,EQ,559.0,574.55,557.0,558.4,559.85,9729,54.51,2026-09-30
VENUSPIPES,EQ,2197.0,2244.4,2135.5,2147.1,2195.8,125771,2742.84,2026-09-30
VENUSREM,EQ,1738.9,1796.1,1730.0,1796.1,1710.6,28419,508.01,2026-09-30
VERANDA,EQ,223.0,224.95,216.9,220.75,223.31,1426488,3145.23,2026-09-30
VERTOZ,EQ,35.64,36.1,35.25,35.59,35.64,25530,9.13,2026-09-30
VESUVIUS,EQ,404.95,453.8,403.75,424.2,400.2,8173574,35740.4,2026-09-30
VETO,EQ,146.25,150.01,140.0,142.72,146.25,117752,171.01,2026-09-30
VGCL,EQ,49.5,49.5,47.0,48.66,47.5,4089,1.98,2026-09-30
VGL,EQ,63.5,66.28,63.5,64.05,64.73,39842,25.65,2026-09-30
VGUARD,EQ,307.05,307.75,295.25,296.45,307.05,995389,2992.1,2026-09-30
VHL,EQ,3302.0,3430.0,3302.0,3400.8,3305.3,1023,34.7,2026-09-30
VIDHIING,EQ,359.9,364.8,346.05,357.6,359.4,22528,80.34,2026-09-30
VIDYAWIRES,EQ,94.23,96.9,93.42,94.41,93.54,1597875,1522.88,2026-09-30
VIJAYA,EQ,1486.3,1490.0,1435.0,1437.7,1475.0,71365,1035.08,2026-09-30
VIJSOLX,EQ,628.65,647.0,622.45,625.1,649.3,232,1.46,2026-09-30
VIKASECO,EQ,1.02,1.05,1.02,1.03,1.02,1096252,11.37,2026-09-30
VIKASLIFE,EQ,1.22,1.23,1.21,1.21,1.21,2060239,25.1,2026-09-30
VIKRAMSOLR,EQ,161.0,162.28,160.0,160.01,160.05,1243665,1994.01,2026-09-30
VIKRAN,EQ,60.33,61.73,59.0,59.71,60.88,1472938,888.01,2026-09-30
VIMTALABS,EQ,596.0,620.0,596.0,600.3,591.4,220346,1335.05,2026-09-30
VINATIORGA,EQ,1182.0,1192.8,1165.0,1168.3,1174.3,45076,529.53,2026-09-30
VINCOFE,EQ,182.5,187.3,179.0,179.96,182.56,817945,1501.95,2026-09-30
VINDHYATEL,EQ,2666.3,2788.7,2620.2,2662.9,2653.3,65292,1766.09,2026-09-30
VINEETLAB,EQ,36.52,38.49,35.0,37.16,36.72,128547,46.84,2026-09-30
VINNY,EQ,0.92,0.92,0.88,0.89,0.9,551566,4.94,2026-09-30
VINYLINDIA,EQ,218.45,222.0,215.0,219.03,214.68,3507,7.67,2026-09-30
VIPCLOTHNG,EQ,20.44,21.4,20.41,20.51,20.44,12182,2.51,2026-09-30
VIPIND,EQ,293.0,297.0,289.05,290.95,293.2,167259,490.32,2026-09-30
VIRAT,EQ,364.95,374.2,333.0,339.2,340.2,25393,89.9,2026-09-30
VIRINCHI,EQ,13.39,13.7,13.11,13.47,13.37,60617,8.16,2026-09-30
VISACHROME,EQ,35.98,36.77,35.5,36.77,35.02,1439494,518.52,2026-09-30
VISHAL,EQ,18.45,18.45,17.52,17.66,17.92,15318,2.72,2026-09-30
VISHNU,EQ,678.0,694.0,658.35,664.5,673.9,96048,645.5,2026-09-30
VISHWARAJ,EQ,5.27,5.37,5.26,5.26,5.26,190214,10.09,2026-09-30
VISL,EQ,34.4,34.49,31.82,32.3,32.85,67267019,22679.88,2026-09-30
VITAL,EQ,51.8,53.9,51.8,53.9,52.82,9302,5.01,2026-09-30
VIVIANA,EQ,704.7,714.0,700.05,704.35,704.7,13835,97.72,2026-09-30
VIVIDHA,EQ,0.52,0.53,0.51,0.51,0.52,265809,1.38,2026-09-30
VIVOBIOT,EQ,17.24,17.24,16.11,17.06,17.05,12331,2.05,2026-09-30
VIYASH,EQ,238.8,242.5,235.05,235.8,238.05,1248944,2971.42,2026-09-30
VLEGOV,EQ,10.25,10.55,9.86,9.99,10.2,169457,17.06,2026-09-30
VLSFINANCE,EQ,230.8,237.0,230.8,234.09,234.96,9330,21.91,2026-09-30
VMART,EQ,760.05,784.8,740.2,753.7,760.05,170425,1287.92,2026-09-30
VMM,EQ,102.18,102.6,99.92,101.0,104.3,16476797,16603.37,2026-09-30
VMSTMT,EQ,49.15,49.9,49.0,49.12,48.99,74544,36.9,2026-09-30
VOEPL,EQ,491.55,509.8,488.75,493.15,497.95,54039,267.59,2026-09-30
VOGL,EQ,34.1,34.38,33.0,33.11,33.96,19780131,6617.14,2026-09-30
VOITHPAPR,EQ,1446.0,1465.0,1420.0,1449.9,1408.2,225,3.24,2026-09-30
VOLTAMP,EQ,10601.0,10796.0,10462.0,10500.0,10624.0,16517,1741.14,2026-09-30
VOLTAS,EQ,1094.0,1097.8,1066.0,1070.0,1090.0,1028057,11129.9,2026-09-30
VPRPL,EQ,28.55,29.82,28.55,29.62,28.99,376950,111.13,2026-09-30
VRAJ,EQ,123.1,126.14,123.1,123.85,125.16,8306,10.36,2026-09-30
VRLLOG,EQ,283.95,290.15,283.95,287.15,282.4,133472,384.14,2026-09-30
VSSL,EQ,405.8,414.0,395.0,401.05,405.85,104397,417.4,2026-09-30
VSTIND,EQ,203.0,204.4,202.4,203.16,202.96,81303,165.4,2026-09-30
VSTL,EQ,110.9,114.0,110.51,112.09,110.81,5238,5.86,2026-09-30
VSTTILLERS,EQ,4398.5,4421.1,4311.3,4390.0,4427.4,7416,323.31,2026-09-30
VTL,EQ,531.65,542.7,524.65,534.6,529.55,615004,3286.83,2026-09-30
VTMLTD,EQ,41.49,42.0,38.5,38.88,39.93,74347,29.41,2026-09-30
WAAREEENER,EQ,2390.0,2401.4,2364.9,2374.4,2380.0,402951,9610.26,2026-09-30
WAAREEINDO,EQ,214.4,215.0,205.55,209.95,210.65,89461,189.04,2026-09-30
WAAREERTL,EQ,820.75,837.95,818.35,819.95,821.4,82105,678.69,2026-09-30
WABAG,EQ,2077.9,2141.9,2051.0,2061.4,2093.8,394972,8293.2,2026-09-30
WAKEFIT,EQ,144.06,144.93,140.8,143.82,144.06,215953,309.72,2026-09-30
WALCHANNAG,EQ,204.4,210.84,199.1,200.24,203.24,460410,941.34,2026-09-30
WANBURY,EQ,218.55,220.55,196.05,199.5,216.95,1016479,2083.59,2026-09-30
WARDINMOBI,EQ,5.64,5.64,5.41,5.45,5.49,275407,15.09,2026-09-30
WATERBASE,EQ,47.5,47.5,46.06,46.7,46.86,14225,6.63,2026-09-30
WCIL,EQ,95.0,96.5,93.0,93.16,94.91,165294,157.34,2026-09-30
WEALTH,EQ,899.95,920.0,865.0,907.85,887.5,2780,24.88,2026-09-30
WEBELSOLAR,EQ,70.4,73.07,70.32,70.56,70.62,914986,653.05,2026-09-30
WEIZMANIND,EQ,71.25,71.25,70.86,70.88,70.86,1033,0.73,2026-09-30
WEL,EQ,71.85,73.84,71.81,72.63,72.57,224981,163.64,2026-09-30
WELCORP,EQ,2802.0,2835.8,2700.9,2717.0,2842.0,1718055,47144.34,2026-09-30
WELENT,EQ,741.0,764.4,740.0,742.7,744.3,169996,1277.04,2026-09-30
WELSPLSOL,EQ,53.08,56.75,53.08,53.98,52.69,999336,550.53,2026-09-30
WELSPUNLIV,EQ,225.45,232.49,225.01,227.33,225.21,3089710,7077.94,2026-09-30
WENDT,EQ,8371.0,8599.0,8270.0,8351.5,8395.0,6714,566.81,2026-09-30
WESTLIFE,EQ,600.0,600.0,586.65,589.85,596.6,58873,348.23,2026-09-30
WEWIN,EQ,48.5,51.5,48.5,50.81,48.1,18452,9.21,2026-09-30
WEWORK,EQ,674.7,674.7,658.3,660.45,667.15,116352,771.81,2026-09-30
WHBRADY,EQ,491.0,491.0,491.0,491.0,491.0,1,0.0,2026-09-30
WHEELS,EQ,2239.8,2255.8,2177.5,2221.0,2204.0,134353,2973.05,2026-09-30
WHIRLPOOL,EQ,879.3,942.8,862.25,890.25,888.2,3226987,29273.84,2026-09-30
WILLAMAGOR,EQ,24.0,24.0,22.01,22.99,22.31,8070,1.87,2026-09-30
WINDLAS,EQ,1107.5,1139.9,1081.0,1091.3,1096.25,56202,626.34,2026-09-30
WINDMACHIN,EQ,298.1,304.6,294.0,300.2,300.0,112850,337.72,2026-09-30
WIPL,EQ,165.01,169.0,164.05,164.8,163.72,151,0.25,2026-09-30
WIPRO,EQ,157.01,161.73,157.01,158.5,156.79,15966068,25492.6,2026-09-30
WOCKPHARMA,EQ,2201.1,2213.6,2106.2,2116.3,2194.2,823461,17758.4,2026-09-30
WONDERLA,EQ,498.0,506.4,498.0,500.3,501.45,25602,128.44,2026-09-30
WORTHPERI,EQ,146.8,148.5,143.0,146.02,144.85,9508,13.86,2026-09-30
WPIL,EQ,432.95,447.0,428.0,438.85,431.5,95293,421.78,2026-09-30
WSI,EQ,55.62,56.55,53.98,54.04,55.62,43225,23.64,2026-09-30
WSTCSTPAPR,EQ,700.3,749.0,700.3,736.6,703.45,270128,1985.14,2026-09-30
XCHANGING,EQ,61.2,61.89,60.05,61.24,60.22,41413,25.18,2026-09-30
XELPMOC,EQ,88.0,88.0,79.0,80.24,85.53,40713,33.75,2026-09-30
XPROINDIA,EQ,1170.0,1181.9,1145.5,1161.9,1160.4,28334,330.95,2026-09-30
XTGLOBAL,EQ,30.29,30.29,28.8,29.19,29.43,29401,8.58,2026-09-30
XTRANET,EQ,271.9,285.05,262.2,285.05,271.48,712037,1970.91,2026-09-30
YASHO,EQ,4081.7,4098.0,3975.8,4005.4,4061.3,16391,659.57,2026-09-30
YATHARTH,EQ,1100.0,1106.0,1020.0,1032.5,1108.0,875912,9186.07,2026-09-30
YATRA,EQ,102.39,104.29,99.1,99.89,101.37,669290,679.25,2026-09-30
YESBANK,EQ,20.98,21.4,20.85,20.95,20.71,94081938,19881.41,2026-09-30
YOGI,EQ,161.7,161.7,156.5,160.56,156.67,638,1.0,2026-09-30
YUKEN,EQ,1138.95,1139.0,1088.95,1131.1,1130.7,10732,120.71,2026-09-30
ZAGGLE,EQ,173.8,178.75,172.52,173.18,173.84,641899,1127.86,2026-09-30
ZEEL,EQ,74.09,76.39,73.95,74.47,74.14,13100562,9845.75,2026-09-30
ZEELEARN,EQ,6.36,6.68,6.36,6.5,6.25,269367,17.61,2026-09-30
ZEEMEDIA,EQ,7.2,7.37,7.17,7.21,7.18,587340,42.64,2026-09-30
ZENITHEXPO,EQ,199.0,199.0,199.0,199.0,199.53,7,0.01,2026-09-30
ZENITHSTL,EQ,5.34,5.43,5.18,5.3,5.19,56981,3.0,2026-09-30
ZENSARTECH,EQ,429.4,438.95,420.15,422.1,429.0,994997,4261.76,2026-09-30
ZENTEC,EQ,1625.0,1647.2,1601.0,1605.2,1619.8,185419,3001.32,2026-09-30
ZFCVINDIA,EQ,2298.0,2352.9,2291.0,2341.0,2297.8,141190,3294.13,2026-09-30
ZFSTEERING,EQ,720.1,731.95,711.3,714.5,710.85,896,6.44,2026-09-30
ZIMLAB,EQ,134.99,140.98,134.68,137.97,134.89,87891,121.02,2026-09-30
ZODIAC,EQ,208.61,219.6,208.61,216.32,208.6,10246,22.2,2026-09-30
ZODIACLOTH,EQ,68.23,70.55,68.23,69.03,68.23,9810,6.79,2026-09-30
ZOTA,EQ,1309.4,1331.7,1276.0,1294.7,1300.2,44545,577.07,2026-09-30
ZSARACOM,EQ,10199.0,10287.0,10100.0,10140.0,10233.0,30,3.04,2026-09-30
ZUARI,EQ,220.76,224.1,218.6,220.33,221.66,86644,191.43,2026-09-30
ZUARIIND,EQ,279.25,287.5,279.25,282.2,281.85,73300,207.3,2026-09-30
ZYDUSLIFE,EQ,1204.8,1210.5,1149.1,1162.0,1200.5,1614233,18812.55,2026-09-30
ZYDUSWELL,EQ,507.0,518.6,500.2,512.8,506.1,258147,1314.14,2026-09-30
