SYMBOL,SERIES,OPEN_PRICE,HIGH_PRICE,LOW_PRICE,CLOSE_PRICE,PREV_CLOSE,TTL_TRD_QNTY,TURNOVER_LACS,DATE
20MICRONS,EQ,220.0,223.15,215.04,216.45,220.12,163799,359.0,2026-09-22
21STCENMGM,EQ,39.55,39.95,38.8,39.62,39.47,2450,0.97,2026-09-22
360ONE,EQ,1074.3,1093.2,1065.2,1073.5,1072.7,338935,3657.48,2026-09-22
3BBLACKBIO,EQ,1412.9,1421.0,1360.0,1369.3,1407.8,6598,92.02,2026-09-22
3MINDIA,EQ,34890.0,35095.0,34065.0,34220.0,34725.0,4367,1507.28,2026-09-22
3PLAND,EQ,30.5,34.88,30.5,30.74,31.5,85714,27.92,2026-09-22
5PAISA,EQ,312.55,318.95,312.55,315.3,314.1,10273,32.37,2026-09-22
63MOONS,EQ,888.8,914.95,788.5,841.75,892.05,1713258,14341.43,2026-09-22
A2ZINFRA,EQ,14.95,15.24,14.52,14.73,14.68,97954,14.58,2026-09-22
AAATECH,EQ,93.0,95.35,92.03,93.73,94.16,122242,113.61,2026-09-22
AADHARHFC,EQ,468.35,469.15,453.45,457.85,466.05,361745,1655.31,2026-09-22
AAKASH,EQ,9.07,9.07,8.8,8.96,8.97,45676,4.07,2026-09-22
AAREYDRUGS,EQ,102.37,103.99,101.1,102.52,102.37,281824,289.6,2026-09-22
AARON,EQ,121.42,126.6,119.0,120.48,120.74,26297,31.9,2026-09-22
AARTIDRUGS,EQ,435.5,440.8,422.6,425.75,435.5,124108,536.11,2026-09-22
AARTIIND,EQ,500.35,504.8,492.05,496.0,499.8,478713,2385.45,2026-09-22
AARTIPHARM,EQ,862.0,909.5,861.2,883.75,846.45,1401079,12462.79,2026-09-22
AARVI,EQ,136.93,140.39,136.88,138.18,136.1,4487,6.22,2026-09-22
AASTHA,EQ,74.9,81.63,74.35,81.62,74.21,1334826,1083.21,2026-09-22
AAVAS,EQ,1321.9,1342.6,1307.8,1313.1,1321.2,128992,1700.79,2026-09-22
ABANSENT,EQ,27.49,27.49,26.34,27.29,27.01,6800,1.86,2026-09-22
ABB,EQ,7261.5,7405.5,7117.5,7120.5,7271.0,196683,14307.2,2026-09-22
ABBOTINDIA,EQ,26960.0,27295.0,26960.0,27225.0,26960.0,4434,1204.75,2026-09-22
ABCAPITAL,EQ,401.0,405.0,394.65,397.0,403.4,2377189,9481.86,2026-09-22
ABCOTS,EQ,206.3,208.09,203.0,205.25,208.01,6173,12.67,2026-09-22
ABDL,EQ,660.65,661.4,631.7,647.9,656.3,798258,5137.23,2026-09-22
ABFRL,EQ,49.97,50.24,49.01,49.22,49.85,2744633,1360.85,2026-09-22
ABGSEC,EQ,113.0,114.44,113.0,114.15,114.01,74,0.08,2026-09-22
ABLBL,EQ,80.98,81.43,80.55,80.74,80.89,322317,260.73,2026-09-22
ABMKNO,EQ,175.67,175.67,171.01,173.34,175.67,2,0.0,2026-09-22
ABREL,EQ,1241.4,1250.0,1196.5,1201.1,1237.1,183365,2228.93,2026-09-22
ABSL10BANK,EQ,170.9,172.0,163.03,164.29,168.75,7252,12.05,2026-09-22
ABSLAMC,EQ,1033.5,1043.6,1017.0,1027.0,1034.3,139392,1431.32,2026-09-22
ABSLBANETF,EQ,58.15,58.15,57.57,57.75,57.87,393885,226.9,2026-09-22
ABSLLIQUID,EQ,1000.0,1000.01,999.99,1000.0,999.99,9206,92.06,2026-09-22
ABSLMSCIN,EQ,29.03,29.03,28.75,28.8,28.8,128,0.04,2026-09-22
ABSLNN50ET,EQ,76.07,76.41,75.68,75.97,76.21,9456,7.19,2026-09-22
ABSLPSE,EQ,9.79,10.08,9.79,10.0,10.05,71073,7.13,2026-09-22
ACC,EQ,1256.5,1260.0,1234.8,1238.2,1256.3,79866,993.19,2026-09-22
ACCELYA,EQ,1119.9,1125.0,1115.5,1118.8,1119.9,4271,47.83,2026-09-22
ACE,EQ,1240.2,1263.1,1235.1,1241.9,1230.4,237158,2950.87,2026-09-22
ACEINTEG,EQ,18.78,18.78,16.6,17.31,17.89,8495,1.47,2026-09-22
ACGL,EQ,1720.1,1764.9,1711.0,1728.5,1714.3,1102,19.17,2026-09-22
ACI,EQ,466.5,468.0,460.05,463.05,466.25,136463,632.67,2026-09-22
ACL,EQ,42.1,43.46,42.1,42.92,42.68,9176,3.93,2026-09-22
ACMESOLAR,EQ,460.0,476.9,441.55,458.65,458.1,3701858,16882.02,2026-09-22
ACUTAAS,EQ,3450.0,3450.0,3200.0,3213.7,3425.7,482993,15834.74,2026-09-22
ADANIENSOL,EQ,1399.0,1411.9,1375.9,1381.7,1397.6,1791593,24918.37,2026-09-22
ADANIENT,EQ,2995.0,3026.1,2979.6,2997.0,2975.0,793747,23786.11,2026-09-22
ADANIGREEN,EQ,1309.0,1317.0,1300.0,1304.0,1303.6,437524,5718.4,2026-09-22
ADANIPORTS,EQ,1796.0,1812.7,1786.1,1795.0,1787.1,871935,15679.35,2026-09-22
ADANIPOWER,EQ,207.0,210.0,206.56,206.96,206.55,11848251,24670.94,2026-09-22
ADDIND,EQ,82.0,82.0,74.93,76.7,77.74,1115,0.91,2026-09-22
ADFFOODS,EQ,268.25,268.25,261.6,263.15,267.9,52750,139.02,2026-09-22
ADL,EQ,72.0,73.79,67.4,69.0,70.06,67,0.05,2026-09-22
ADOR,EQ,1576.4,1632.4,1576.4,1594.8,1576.4,22625,362.85,2026-09-22
ADROITINFO,EQ,11.13,12.48,11.13,12.17,11.25,257593,31.08,2026-09-22
ADSL,EQ,96.35,98.19,96.02,96.44,96.94,59418,57.6,2026-09-22
ADVAIT,EQ,2021.5,2032.4,1989.0,2005.6,2005.5,19580,393.06,2026-09-22
ADVANCE,EQ,107.58,110.0,107.5,108.14,107.83,92635,100.75,2026-09-22
ADVANIHOTR,EQ,47.75,48.8,47.5,47.78,47.9,18657,8.9,2026-09-22
ADVENTHTL,EQ,126.64,127.95,125.68,126.76,126.64,97052,123.06,2026-09-22
ADVENZYMES,EQ,297.8,302.7,295.05,296.6,294.05,245144,732.45,2026-09-22
ADVIKCA,EQ,0.96,0.98,0.94,0.95,0.96,307535,2.93,2026-09-22
AEGISLOG,EQ,1474.0,1528.7,1382.1,1424.5,1486.0,2196787,31477.16,2026-09-22
AEGISVOPAK,EQ,320.85,320.85,296.7,301.4,318.3,3129116,9508.35,2026-09-22
AEPL,EQ,16.78,16.78,16.01,16.35,16.45,40538,6.58,2026-09-22
AEQUS,EQ,234.8,243.78,233.93,242.87,231.57,3668716,8848.96,2026-09-22
AEROENTER,EQ,123.4,125.5,122.72,123.6,122.36,317838,394.19,2026-09-22
AEROFLEX,EQ,519.35,526.95,510.05,516.7,515.5,748519,3880.98,2026-09-22
AERONEU,EQ,66.68,67.25,65.88,66.06,66.1,31837,21.13,2026-09-22
AEROPLANE,EQ,200.0,207.88,199.27,204.8,201.03,834421,1705.54,2026-09-22
AETHER,EQ,1637.7,1651.5,1621.1,1643.5,1639.6,159611,2617.47,2026-09-22
AFCONS,EQ,256.8,262.0,253.0,260.35,256.75,1138018,2937.52,2026-09-22
AFFLE,EQ,1605.0,1605.0,1582.0,1592.3,1600.2,74378,1184.35,2026-09-22
AFFORDABLE,EQ,172.5,172.5,168.0,170.77,168.63,16709,28.57,2026-09-22
AFIL,EQ,8.9,9.0,8.27,8.32,8.72,403059,34.23,2026-09-22
AFSL,EQ,202.05,202.05,201.0,201.0,201.03,7026,14.12,2026-09-22
AGARIND,EQ,409.0,412.95,404.0,405.8,408.55,23190,94.6,2026-09-22
AGARWALEYE,EQ,492.0,497.65,487.4,493.05,490.3,303733,1496.89,2026-09-22
AGI,EQ,825.9,851.0,804.45,845.7,819.35,476790,3959.29,2026-09-22
AGIIL,EQ,277.5,279.2,267.25,269.3,271.15,497300,1351.02,2026-09-22
AGL,EQ,13.7,14.25,13.7,13.94,13.81,1471915,205.7,2026-09-22
AGRITECH,EQ,98.22,100.39,96.1,97.38,98.71,1866,1.82,2026-09-22
AGROPHOS,EQ,24.2,24.5,22.0,23.97,23.85,38838,9.05,2026-09-22
AHCL,EQ,27.6,28.86,26.91,28.86,26.24,70018561,19734.08,2026-09-22
AHLADA,EQ,36.97,38.0,36.16,37.28,36.97,1431,0.53,2026-09-22
AHLEAST,EQ,135.01,137.48,135.0,135.13,135.0,472,0.64,2026-09-22
AHLUCONT,EQ,581.05,585.45,577.0,582.4,580.2,28751,167.21,2026-09-22
AIAENG,EQ,3941.0,3981.5,3912.0,3923.4,3941.0,18004,707.28,2026-09-22
AIIL,EQ,559.4,564.2,544.55,546.9,559.4,88597,489.97,2026-09-22
AIRAN,EQ,16.65,18.0,16.59,17.02,16.66,116617,20.1,2026-09-22
AIROLAM,EQ,87.01,90.1,87.01,87.69,88.24,4636,4.13,2026-09-22
AJANTPHARM,EQ,3539.0,3547.0,3465.8,3519.3,3542.1,106260,3736.1,2026-09-22
AJAXENGG,EQ,561.0,572.5,561.0,564.6,562.6,39283,222.18,2026-09-22
AJMERA,EQ,118.25,120.7,118.02,119.87,118.25,199233,237.93,2026-09-22
AJOONI,EQ,3.2,3.24,3.1,3.16,3.18,232957,7.43,2026-09-22
AKASH,EQ,24.46,25.47,24.46,24.99,24.77,3633,0.9,2026-09-22
AKCAPIT,EQ,1749.5,1770.0,1744.2,1766.8,1758.1,1327,23.36,2026-09-22
AKG,EQ,9.86,10.5,9.86,10.2,10.03,8052,0.83,2026-09-22
AKSHAR,EQ,0.42,0.42,0.41,0.41,0.41,632399,2.62,2026-09-22
AKUMS,EQ,830.0,834.7,801.0,807.9,821.45,262560,2141.52,2026-09-22
ALANKIT,EQ,7.56,8.55,7.52,7.94,7.66,424375,34.09,2026-09-22
ALBERTDAVD,EQ,848.95,853.05,837.3,848.9,841.75,2601,21.97,2026-09-22
ALEMBICLTD,EQ,103.54,106.7,102.56,104.79,103.54,709434,741.27,2026-09-22
ALFREDHE,EQ,2811.0,2811.0,2811.0,2811.0,2735.0,101,2.84,2026-09-22
ALGOQUANT,EQ,72.92,73.9,71.5,72.24,72.9,1189233,867.54,2026-09-22
ALICON,EQ,738.25,755.0,734.05,744.5,738.25,45206,336.83,2026-09-22
ALIVUS,EQ,1400.4,1422.2,1368.0,1374.2,1400.4,89919,1251.43,2026-09-22
ALKALI,EQ,97.7,106.3,92.12,103.2,98.63,251907,250.59,2026-09-22
ALKEM,EQ,5365.0,5419.5,5308.5,5331.5,5364.0,94905,5108.23,2026-09-22
ALKYLAMINE,EQ,1867.9,1898.9,1851.0,1863.8,1867.9,26813,501.13,2026-09-22
ALLCARGO,EQ,10.99,11.17,10.83,10.93,10.98,5186068,571.94,2026-09-22
ALLDIGI,EQ,791.9,801.8,771.1,784.6,787.9,6147,48.26,2026-09-22
ALLTIME,EQ,207.7,209.39,202.2,203.73,206.39,67645,138.87,2026-09-22
ALMONDZ,EQ,18.75,19.18,18.1,18.65,18.41,407680,76.31,2026-09-22
ALOKINDS,EQ,7.2,7.44,7.17,7.34,7.13,29145200,2142.79,2026-09-22
ALPA,EQ,60.49,61.85,58.35,61.36,59.62,11423,6.95,2026-09-22
ALPHA,EQ,53.61,53.95,53.04,53.16,53.6,770430,411.47,2026-09-22
ALPHAETF,EQ,26.34,26.45,26.1,26.13,26.23,2181529,570.51,2026-09-22
ALPINETEX,EQ,52.75,53.9,51.95,52.36,52.11,196992,103.44,2026-09-22
ALPL30IETF,EQ,27.25,27.33,26.99,27.03,27.25,243771,66.05,2026-09-22
ALUFLUOR,EQ,534.35,545.95,534.3,543.35,543.85,4483,24.27,2026-09-22
AMAGI,EQ,566.0,603.85,563.8,581.1,564.5,743158,4367.46,2026-09-22
AMAL,EQ,720.05,725.95,704.05,711.9,721.05,16314,117.25,2026-09-22
AMARJOTHI,EQ,149.0,149.7,147.0,148.91,149.39,127,0.19,2026-09-22
AMBER,EQ,7105.0,7164.5,6992.0,7000.0,7098.0,95036,6707.01,2026-09-22
AMBICAAGAR,EQ,25.42,25.42,24.73,24.83,24.9,38792,9.62,2026-09-22
AMBIKCO,EQ,1600.0,1600.0,1569.0,1577.7,1619.4,8416,133.34,2026-09-22
AMBUJACEM,EQ,391.1,394.0,385.15,386.9,390.75,1155681,4489.02,2026-09-22
AMJLAND,EQ,36.53,38.49,36.52,37.75,37.11,4545,1.71,2026-09-22
AMNPLST,EQ,173.0,176.49,166.66,169.65,170.54,6227,10.52,2026-09-22
AMRUTANJAN,EQ,493.4,504.0,493.4,500.05,496.05,30980,154.76,2026-09-22
ANANDRATHI,EQ,2210.0,2220.1,2161.4,2179.0,2211.2,485812,10578.89,2026-09-22
ANANTRAJ,EQ,595.9,614.8,594.5,610.1,595.2,1661656,10088.66,2026-09-22
ANDHRAPAP,EQ,72.25,73.75,70.77,71.43,72.69,388193,279.76,2026-09-22
ANDHRSUGAR,EQ,96.4,98.36,94.0,95.35,95.0,449168,432.66,2026-09-22
ANDREWYU,EQ,26.42,26.98,26.03,26.49,26.42,31507,8.37,2026-09-22
ANGELONE,EQ,296.2,298.65,293.2,295.1,296.15,2221167,6581.12,2026-09-22
ANIKINDS,EQ,43.5,44.74,42.71,42.99,43.95,3438,1.49,2026-09-22
ANNAPURNA,EQ,133.5,134.0,130.2,131.71,130.56,65755,86.78,2026-09-22
ANNU,EQ,53.7,54.8,52.1,54.17,52.69,1112623,595.38,2026-09-22
ANSALBU,EQ,75.1,90.12,75.1,90.12,75.1,32466,29.11,2026-09-22
ANTELOPUS,EQ,1109.15,1145.75,1080.05,1110.4,1100.8,639484,7138.95,2026-09-22
ANTGRAPHIC,EQ,0.74,0.74,0.71,0.71,0.73,181944,1.31,2026-09-22
ANTHEM,EQ,921.0,921.0,890.1,891.7,917.45,499529,4501.9,2026-09-22
ANUHPHR,EQ,94.69,95.89,93.0,93.48,93.66,106195,99.93,2026-09-22
ANUP,EQ,1639.0,1722.2,1639.0,1663.0,1632.1,29875,502.64,2026-09-22
ANURAS,EQ,1169.7,1210.0,1142.0,1197.9,1160.8,1218193,14445.03,2026-09-22
AONEGOLD,EQ,14.36,14.36,14.05,14.11,14.2,361549,51.1,2026-09-22
AONELIQUID,EQ,1077.85,1077.88,1077.85,1077.87,1077.73,4180,45.06,2026-09-22
AONENIFTY,EQ,9.43,9.79,9.25,9.67,9.68,118375,11.44,2026-09-22
AONESILVER,EQ,8.96,9.06,8.73,8.8,8.89,440688,38.86,2026-09-22
AONETMMQ50,EQ,10.2,10.29,10.13,10.16,10.15,41593,4.23,2026-09-22
AONETOTAL,EQ,11.83,11.83,11.62,11.68,11.69,79655,9.33,2026-09-22
APARINDS,EQ,18899.0,19265.0,17919.0,18233.0,18945.0,207076,38239.94,2026-09-22
APCL,EQ,98.0,98.0,94.24,94.8,93.99,2908,2.76,2026-09-22
APCOTEXIND,EQ,612.0,623.15,605.75,609.45,608.7,75211,460.68,2026-09-22
APEX,EQ,358.9,359.55,351.65,356.9,351.65,84991,302.29,2026-09-22
APLAPOLLO,EQ,2180.9,2199.3,2159.9,2195.0,2181.1,598956,13034.56,2026-09-22
APLLTD,EQ,847.05,850.95,835.9,840.15,848.75,104047,877.26,2026-09-22
APOLLO,EQ,390.0,412.65,390.0,406.75,385.45,13757604,55748.64,2026-09-22
APOLLOHOSP,EQ,8960.0,9000.0,8822.5,8835.5,8912.0,350507,31222.28,2026-09-22
APOLLOPIPE,EQ,539.45,543.2,523.0,526.1,539.5,81329,432.7,2026-09-22
APOLLOTYRE,EQ,409.3,411.35,401.0,402.55,409.3,600980,2430.66,2026-09-22
APOLSINHOT,EQ,1205.3,1235.9,1205.0,1223.3,1215.9,378,4.6,2026-09-22
APOORVA,EQ,33.92,33.92,30.7,33.89,32.31,1611,0.55,2026-09-22
APTECHT,EQ,94.1,94.24,91.1,91.78,94.72,120592,111.6,2026-09-22
APTUS,EQ,237.5,244.03,237.5,242.08,237.27,3567063,8602.39,2026-09-22
AQYLON,EQ,18.91,19.81,18.91,19.8,18.87,621543,122.33,2026-09-22
ARCHIDPLY,EQ,105.97,111.25,105.97,107.68,104.84,44478,48.49,2026-09-22
ARCHIES,EQ,12.71,12.94,12.68,12.75,12.62,6514,0.83,2026-09-22
ARCIL,EQ,135.3,140.9,135.1,138.91,135.18,3340524,4637.83,2026-09-22
ARCL,EQ,251.64,264.22,249.9,262.06,251.64,9484,24.99,2026-09-22
ARDEE,EQ,49.0,53.3,48.86,52.08,48.68,11664894,6078.21,2026-09-22
ARE&M,EQ,795.0,811.45,790.25,793.2,794.3,387946,3100.34,2026-09-22
ARENTERP,EQ,34.7,34.79,27.6,34.77,34.49,4820,1.53,2026-09-22
ARFIN,EQ,91.0,91.88,89.0,89.28,91.18,931091,836.2,2026-09-22
ARIHANT,EQ,977.0,977.0,890.4,923.9,957.35,773,7.12,2026-09-22
ARIHANTCAP,EQ,81.19,93.0,81.19,90.99,81.61,6068298,5441.44,2026-09-22
ARIHANTSUP,EQ,230.0,236.95,226.0,234.9,229.3,2580,6.02,2026-09-22
ARIS,EQ,142.5,143.44,136.51,140.1,142.09,2008186,2806.68,2026-09-22
ARKADE,EQ,124.88,128.99,123.5,128.4,123.44,297017,376.69,2026-09-22
ARMANFIN,EQ,1961.0,1994.9,1961.0,1974.9,1966.0,15081,298.06,2026-09-22
AROGRANITE,EQ,23.4,23.92,23.0,23.09,23.22,2305,0.54,2026-09-22
ARROWGREEN,EQ,888.95,939.45,882.2,913.05,876.05,148575,1362.7,2026-09-22
ARSSBL,EQ,503.95,503.95,490.0,496.25,496.1,89398,443.19,2026-09-22
ARTEMISMED,EQ,339.05,346.75,338.15,340.85,339.05,274562,939.06,2026-09-22
ARTNIRMAN,EQ,40.9,40.93,39.0,40.49,40.09,729,0.29,2026-09-22
ARVEE,EQ,224.9,247.99,222.25,236.07,208.87,229982,545.05,2026-09-22
ARVIND,EQ,542.0,543.0,531.0,533.55,538.55,313593,1683.1,2026-09-22
ARVINDFASN,EQ,427.7,427.7,417.1,419.4,427.6,100434,423.15,2026-09-22
ARVSMART,EQ,574.4,592.0,569.1,588.2,574.4,71059,413.78,2026-09-22
ARYAMAN,EQ,624.9,633.95,624.9,633.95,624.85,21,0.13,2026-09-22
ASAHIINDIA,EQ,958.0,974.7,950.0,965.15,950.25,71821,689.36,2026-09-22
ASAL,EQ,446.0,454.0,446.0,449.15,450.4,12265,55.21,2026-09-22
ASALCBR,EQ,656.0,662.05,649.2,651.8,651.9,21155,138.24,2026-09-22
ASHAPURMIN,EQ,532.5,555.75,532.5,537.35,532.25,437634,2376.27,2026-09-22
ASHIANA,EQ,405.55,410.0,381.55,385.0,405.55,169995,669.66,2026-09-22
ASHIMASYN,EQ,16.26,16.3,15.5,15.68,15.94,172316,27.33,2026-09-22
ASHOKA,EQ,112.95,113.8,111.6,111.96,112.66,454581,512.2,2026-09-22
ASHOKAMET,EQ,14.73,15.14,14.21,14.3,14.73,78479,11.41,2026-09-22
ASHOKLEY,EQ,163.0,164.2,159.8,160.75,161.75,8959874,14462.25,2026-09-22
ASIANENE,EQ,486.05,492.8,482.0,489.6,483.5,141941,692.01,2026-09-22
ASIANHOTNR,EQ,375.1,392.45,373.05,385.1,375.1,6272,23.85,2026-09-22
ASIANPAINT,EQ,2475.1,2475.1,2435.6,2448.5,2440.3,414715,10169.1,2026-09-22
ASIANTILES,EQ,51.26,51.7,49.76,50.09,51.26,1095832,555.81,2026-09-22
ASIANTNE,EQ,9.67,9.67,9.2,9.38,9.2,3290,0.31,2026-09-22
ASKAUTOLTD,EQ,661.65,674.8,655.15,663.4,655.1,435952,2903.14,2026-09-22
ASMS,EQ,6.8,6.8,6.58,6.61,6.68,187513,12.44,2026-09-22
ASPINWALL,EQ,250.05,253.7,248.2,252.35,249.15,3259,8.19,2026-09-22
ASSAMENT,EQ,818.0,818.0,742.0,788.0,780.0,27,0.2,2026-09-22
ASTAR,EQ,733.85,734.0,680.0,702.45,726.15,3138,22.14,2026-09-22
ASTEC,EQ,715.05,825.95,712.5,794.5,719.45,2103437,16976.01,2026-09-22
ASTERDM,EQ,756.75,758.45,746.3,750.7,756.75,586106,4401.86,2026-09-22
ASTRAL,EQ,1401.0,1407.9,1381.6,1381.6,1400.9,419577,5843.97,2026-09-22
ASTRAMICRO,EQ,1655.0,1662.3,1611.0,1616.3,1657.9,180438,2943.61,2026-09-22
ASTRAZEN,EQ,6605.0,6757.0,6603.0,6711.5,6650.0,4537,303.43,2026-09-22
ATALREAL,EQ,14.25,14.25,12.8,13.07,14.05,6493632,855.35,2026-09-22
ATAM,EQ,60.4,60.4,57.39,58.27,59.05,10919,6.42,2026-09-22
ATGL,EQ,640.0,642.95,622.2,626.25,638.4,1213917,7654.29,2026-09-22
ATHERENERG,EQ,1614.0,1621.8,1538.0,1543.8,1593.0,3426121,53847.84,2026-09-22
ATL,EQ,24.5,24.65,24.03,24.35,24.29,101478,24.68,2026-09-22
ATLANTAA,EQ,35.94,36.94,35.0,35.64,35.38,30631,10.89,2026-09-22
ATLANTAELE,EQ,1719.0,1724.8,1649.2,1664.9,1695.4,71639,1209.51,2026-09-22
ATLASCYCLE,EQ,88.42,94.49,88.42,93.55,88.42,26564,24.52,2026-09-22
ATUL,EQ,6128.0,6234.0,6096.0,6176.5,6086.0,92926,5724.4,2026-09-22
ATULAUTO,EQ,450.45,454.4,444.0,446.6,449.0,35641,159.25,2026-09-22
AUBANK,EQ,1037.9,1043.5,1027.6,1036.4,1038.0,506494,5230.49,2026-09-22
AUGMONT,EQ,830.0,872.0,825.2,853.35,887.2,1115175,9541.31,2026-09-22
AURIONPRO,EQ,687.1,698.95,675.15,681.9,687.05,122905,838.66,2026-09-22
AUROPHARMA,EQ,1718.3,1719.0,1689.3,1700.0,1713.4,869831,14770.64,2026-09-22
AURUM,EQ,217.51,225.5,217.4,222.04,218.9,106125,234.47,2026-09-22
AURUS,EQ,4.83,4.95,4.77,4.89,4.8,9217,0.45,2026-09-22
AUSOMENT,EQ,147.98,148.25,143.15,147.23,146.97,6276,9.25,2026-09-22
AUSTENG,EQ,135.0,162.85,135.0,162.85,135.71,77654,121.66,2026-09-22
AUTOAXLES,EQ,1702.2,1709.0,1659.0,1664.4,1694.0,4548,76.15,2026-09-22
AUTOBEES,EQ,280.61,283.48,279.65,280.12,281.25,175061,490.93,2026-09-22
AUTOIETF,EQ,28.24,28.37,28.08,28.19,28.24,289352,81.58,2026-09-22
AUTOIND,EQ,85.48,86.99,84.0,84.82,83.76,151528,129.8,2026-09-22
AVADHSUGAR,EQ,735.0,749.0,727.0,732.8,732.55,67763,498.82,2026-09-22
AVALON,EQ,2485.9,2526.3,2410.0,2468.5,2485.9,395562,9786.64,2026-09-22
AVANCE,EQ,0.85,0.89,0.84,0.86,0.84,6880158,59.53,2026-09-22
AVANTEL,EQ,146.0,149.8,145.73,146.71,145.01,786281,1156.57,2026-09-22
AVANTIFEED,EQ,776.0,776.0,750.65,753.15,767.0,186772,1419.16,2026-09-22
AVL,EQ,629.95,633.0,624.85,627.1,629.3,65399,410.75,2026-09-22
AVONMORE,EQ,13.01,13.27,12.77,12.87,13.01,95776,12.4,2026-09-22
AVROIND,EQ,8.14,8.14,7.08,7.24,7.91,765860,56.57,2026-09-22
AVTNPL,EQ,90.1,100.0,90.1,98.26,90.04,4546154,4416.87,2026-09-22
AWFIS,EQ,271.95,274.0,264.5,266.55,271.35,372113,996.94,2026-09-22
AWHCL,EQ,364.55,368.0,360.5,364.3,364.55,66519,242.48,2026-09-22
AWL,EQ,184.0,184.9,182.35,183.1,183.56,1156490,2124.9,2026-09-22
AXISBANK,EQ,1245.2,1255.6,1240.1,1242.7,1250.0,2689110,33472.76,2026-09-22
AXISCADES,EQ,1844.0,1908.1,1831.3,1891.1,1839.7,183778,3465.37,2026-09-22
AXITA,EQ,8.03,8.17,7.91,7.99,8.0,885885,70.98,2026-09-22
AXTEL,EQ,435.0,440.9,424.6,439.15,434.0,4892,21.28,2026-09-22
AYE,EQ,188.17,190.0,181.2,183.43,187.11,757630,1405.84,2026-09-22
AYMSYNTEX,EQ,288.2,300.8,287.15,295.4,288.35,92341,271.92,2026-09-22
AZAD,EQ,2764.9,2820.0,2759.0,2776.2,2764.9,235668,6569.24,2026-09-22
AZADIND,EQ,76.87,80.0,70.41,78.44,75.36,58205,43.32,2026-09-22
BAGFILMS,EQ,4.39,4.45,4.29,4.31,4.31,46537,2.02,2026-09-22
BAIDFIN,EQ,10.75,11.1,10.28,10.55,10.75,77323,8.31,2026-09-22
BAJAJ-AUTO,EQ,11460.0,11515.0,11281.0,11363.0,11460.0,154756,17569.74,2026-09-22
BAJAJCON,EQ,515.0,524.5,511.4,513.75,515.3,484075,2498.47,2026-09-22
BAJAJELEC,EQ,326.1,329.6,322.15,323.45,326.0,74689,243.07,2026-09-22
BAJAJFINSV,EQ,1862.7,1863.0,1823.4,1823.4,1849.8,405051,7444.47,2026-09-22
BAJAJHCARE,EQ,335.6,341.8,334.3,336.1,335.6,75304,254.3,2026-09-22
BAJAJHFL,EQ,84.03,84.31,82.98,83.12,83.98,1745461,1457.04,2026-09-22
BAJAJHIND,EQ,20.15,20.7,20.06,20.29,20.18,13242731,2693.73,2026-09-22
BAJAJHLDNG,EQ,11312.0,11389.0,11103.0,11185.0,11409.0,71522,8041.51,2026-09-22
BAJAJINDEF,EQ,216.1,222.89,214.1,219.02,214.81,124201,272.11,2026-09-22
BAJAJST,EQ,345.55,355.85,345.05,348.05,345.2,5127,17.82,2026-09-22
BAJEL,EQ,173.99,174.83,171.61,172.47,172.11,108677,187.99,2026-09-22
BAJFINANCE,EQ,1025.3,1029.2,1005.0,1008.8,1021.3,4581750,46443.71,2026-09-22
BALAJEE,EQ,24.61,25.89,24.53,25.19,25.14,24134,6.03,2026-09-22
BALAJITELE,EQ,94.49,95.5,93.2,93.71,93.55,57550,54.0,2026-09-22
BALAMINES,EQ,2140.5,2179.6,2126.4,2138.9,2130.7,83836,1801.32,2026-09-22
BALAXI,EQ,23.5,23.5,22.96,23.12,23.41,22486,5.24,2026-09-22
BALKRISHNA,EQ,16.53,16.65,16.3,16.41,16.21,1867,0.31,2026-09-22
BALKRISIND,EQ,2224.0,2231.0,2202.3,2216.9,2216.8,103064,2283.67,2026-09-22
BALMLAWRIE,EQ,166.25,168.74,163.55,167.43,166.01,178669,296.65,2026-09-22
BALPHARMA,EQ,109.27,112.87,107.11,108.16,109.37,91977,101.16,2026-09-22
BALRAMCHIN,EQ,661.0,668.4,651.3,661.05,663.65,1293003,8533.54,2026-09-22
BALUFORGE,EQ,519.0,521.7,501.05,505.25,518.65,563043,2868.61,2026-09-22
BANARBEADS,EQ,113.45,113.65,110.3,111.28,111.03,648,0.72,2026-09-22
BANARISUG,EQ,3314.5,3390.0,3303.1,3322.8,3305.4,756,25.35,2026-09-22
BANCOINDIA,EQ,599.95,608.7,599.95,605.65,599.3,55149,333.77,2026-09-22
BANDHANBNK,EQ,180.0,185.11,179.9,184.7,179.0,22278301,40701.2,2026-09-22
BANG,EQ,33.61,34.29,32.0,32.46,33.45,25889,8.5,2026-09-22
BANK10ADD,EQ,16.74,16.77,16.54,16.56,16.75,14040,2.34,2026-09-22
BANK10BETF,EQ,20.59,20.59,20.38,20.5,20.59,176,0.04,2026-09-22
BANKA,EQ,77.0,78.55,74.63,76.14,78.55,2695,2.05,2026-09-22
BANKADD,EQ,56.35,58.11,56.35,57.68,57.8,971,0.56,2026-09-22
BANKBARODA,EQ,233.64,234.9,232.71,234.35,233.64,3787052,8849.68,2026-09-22
BANKBEES,EQ,587.91,587.91,582.01,583.52,585.29,477077,2790.5,2026-09-22
BANKBETA,EQ,59.88,59.88,58.1,58.21,58.42,584220,339.51,2026-09-22
BANKBETF,EQ,57.37,57.71,57.1,57.2,57.37,6026,3.46,2026-09-22
BANKETF,EQ,561.51,577.98,561.51,573.85,575.91,28055,161.36,2026-09-22
BANKIETF,EQ,57.3,58.25,57.3,57.86,58.02,126483,73.27,2026-09-22
BANKINDIA,EQ,138.5,138.91,137.01,137.01,138.63,3112072,4289.13,2026-09-22
BANKNIFTY1,EQ,58.43,58.85,58.3,58.4,58.61,147348,86.27,2026-09-22
BANKPSU,EQ,84.07,84.07,83.14,83.55,84.01,4250,3.55,2026-09-22
BANSALWIRE,EQ,318.95,319.95,313.5,315.25,316.1,45581,144.01,2026-09-22
BANSWRAS,EQ,113.92,116.35,112.23,113.33,113.07,37753,43.11,2026-09-22
BASF,EQ,3675.0,3706.0,3555.0,3572.2,3663.8,16963,612.49,2026-09-22
BATAINDIA,EQ,637.25,639.4,629.05,631.75,635.2,122211,775.0,2026-09-22
BATLIBOI,EQ,86.0,86.5,82.42,82.96,85.08,15519,12.99,2026-09-22
BAYERCROP,EQ,3775.1,3797.4,3730.6,3765.8,3775.1,31340,1176.43,2026-09-22
BBETF0432,EQ,1343.97,1343.99,1340.56,1343.32,1342.07,676,9.07,2026-09-22
BBL,EQ,2186.9,2237.0,2186.9,2220.4,2187.0,15439,341.64,2026-09-22
BBNPNBETF,EQ,58.01,58.01,56.5,56.52,56.87,447,0.26,2026-09-22
BBNPPGOLD,EQ,147.0,148.0,145.0,146.6,146.6,1565,2.28,2026-09-22
BBOX,EQ,838.85,845.9,797.6,810.05,831.35,664899,5441.86,2026-09-22
BBTC,EQ,1493.0,1497.9,1453.2,1460.4,1484.6,48718,715.18,2026-09-22
BBTCL,EQ,237.78,238.8,232.0,234.0,235.61,1933,4.54,2026-09-22
BCG,EQ,9.7,9.74,9.55,9.6,9.67,5240142,504.23,2026-09-22
BCLIND,EQ,33.49,33.59,33.11,33.48,33.32,419750,139.99,2026-09-22
BCONCEPTS,EQ,153.7,153.71,149.0,152.58,151.94,6771,10.3,2026-09-22
BCPL,EQ,70.26,72.0,68.6,69.31,70.26,7514,5.26,2026-09-22
BDL,EQ,1185.0,1192.6,1164.0,1168.0,1175.0,523381,6153.98,2026-09-22
BEARDSELL,EQ,24.85,24.85,23.5,24.41,24.21,39301,9.43,2026-09-22
BECTORFOOD,EQ,225.86,226.9,217.01,217.81,225.68,1284560,2831.97,2026-09-22
BEDMUTHA,EQ,104.51,105.8,101.4,102.57,103.47,4118,4.3,2026-09-22
BEEKAY,EQ,427.6,434.4,419.5,420.8,429.7,349,1.49,2026-09-22
BEL,EQ,398.5,400.65,395.8,397.9,398.5,8488775,33777.58,2026-09-22
BELLACASA,EQ,276.86,285.0,266.3,279.3,273.31,21237,58.21,2026-09-22
BELRISE,EQ,242.0,248.8,242.0,244.74,241.89,4815462,11811.59,2026-09-22
BEML,EQ,2100.0,2120.0,2076.2,2096.8,2097.9,221034,4638.61,2026-09-22
BENARAS,EQ,10380.0,10449.0,10100.0,10254.0,10373.0,52,5.36,2026-09-22
BENGALASM,EQ,6155.5,6250.0,6155.5,6173.5,6215.5,152,9.41,2026-09-22
BEPL,EQ,129.35,132.8,128.52,130.23,128.1,1665214,2180.48,2026-09-22
BERGEPAINT,EQ,453.0,456.9,448.0,452.6,450.6,454498,2051.11,2026-09-22
BESTAGRO,EQ,18.7,18.75,18.21,18.34,18.54,640357,118.52,2026-09-22
BETA,EQ,2080.0,2170.0,2063.4,2105.0,2074.6,20315,428.81,2026-09-22
BFINVEST,EQ,446.2,446.95,442.0,443.75,444.5,11376,50.47,2026-09-22
BFSI,EQ,25.96,26.73,25.96,26.46,26.63,181085,48.06,2026-09-22
BFUTILITIE,EQ,537.9,537.9,525.0,527.45,532.35,30977,164.01,2026-09-22
BHAGCHEM,EQ,245.1,251.9,242.5,243.85,245.75,83051,204.86,2026-09-22
BHAGERIA,EQ,367.0,367.0,342.0,345.25,361.4,221218,778.57,2026-09-22
BHAGYANGR,EQ,435.55,448.0,421.0,426.05,432.85,115065,497.53,2026-09-22
BHANDARI,EQ,3.0,3.0,2.96,2.96,2.96,71168,2.11,2026-09-22
BHARATCOAL,EQ,32.35,32.8,32.15,32.24,32.27,2812928,912.88,2026-09-22
BHARATFORG,EQ,1965.0,2010.0,1965.0,2009.0,1968.9,982220,19614.95,2026-09-22
BHARATRAS,EQ,1117.9,1142.0,1110.5,1129.4,1109.1,10860,123.18,2026-09-22
BHARATSE,EQ,214.68,229.55,213.42,219.86,212.36,746137,1673.92,2026-09-22
BHARATWIRE,EQ,170.47,174.0,166.37,167.89,170.47,109806,185.24,2026-09-22
BHARTIARTL,EQ,1833.9,1836.3,1813.0,1817.2,1830.2,4134236,75418.39,2026-09-22
BHARTIHEXA,EQ,1533.4,1550.0,1526.4,1534.3,1522.0,37934,584.14,2026-09-22
BHEL,EQ,435.2,439.7,424.65,425.8,433.4,4718245,20356.59,2026-09-22
BIGBLOC,EQ,40.4,41.35,39.5,40.4,39.61,35066,14.08,2026-09-22
BIKAJI,EQ,559.0,561.5,552.0,553.65,558.95,215549,1203.36,2026-09-22
BIL,EQ,1088.0,1088.0,1042.55,1050.5,1044.35,6091,64.09,2026-09-22
BIMETAL,EQ,664.0,672.0,655.0,661.45,662.4,851,5.64,2026-09-22
BIOCON,EQ,394.3,396.25,389.0,390.0,395.0,2816261,11048.2,2026-09-22
BIOFILCHEM,EQ,32.56,33.29,32.34,32.88,32.61,7771,2.54,2026-09-22
BIRLACABLE,EQ,389.05,401.85,371.3,375.25,389.05,412134,1577.0,2026-09-22
BIRLACORPN,EQ,827.0,832.95,816.0,817.6,825.05,18917,155.62,2026-09-22
BIRLAMONEY,EQ,120.77,122.78,118.0,118.44,120.77,29095,34.73,2026-09-22
BIRLANU,EQ,1395.0,1428.0,1372.5,1385.6,1388.8,5042,69.73,2026-09-22
BLACKBUCK,EQ,635.0,659.7,618.15,620.35,629.95,2055001,13188.87,2026-09-22
BLAL,EQ,166.61,167.08,163.25,164.24,165.24,7668,12.67,2026-09-22
BLBLIMITED,EQ,16.25,16.3,15.91,16.22,15.99,133466,21.46,2026-09-22
BLEL,EQ,447.0,475.0,445.15,469.05,439.55,1603310,7468.47,2026-09-22
BLIL,EQ,67.35,67.5,66.8,67.35,67.38,45812,30.75,2026-09-22
BLKASHYAP,EQ,51.8,53.2,51.06,51.53,51.56,237471,123.9,2026-09-22
BLS,EQ,234.0,234.0,228.0,228.71,232.54,579169,1333.37,2026-09-22
BLSE,EQ,317.9,339.8,317.4,328.1,317.25,1257827,4190.75,2026-09-22
BLUECLOUDS,EQ,19.27,19.37,18.95,19.17,19.07,546154,104.6,2026-09-22
BLUECOAST,EQ,21.0,21.58,19.56,19.83,20.56,1308,0.28,2026-09-22
BLUEDART,EQ,4806.2,4844.9,4780.0,4786.6,4806.2,7423,357.05,2026-09-22
BLUEJET,EQ,584.0,602.65,580.55,587.3,579.65,621304,3672.41,2026-09-22
BLUESTARCO,EQ,1572.0,1572.2,1519.5,1525.0,1565.0,739436,11390.54,2026-09-22
BLUESTONE,EQ,850.7,950.0,847.95,930.4,845.45,3686322,33401.37,2026-09-22
BLUSPRING,EQ,121.89,127.57,121.89,125.47,121.89,222765,279.18,2026-09-22
BMWVENTLTD,EQ,50.9,52.73,50.58,51.92,50.47,228231,118.51,2026-09-22
BNAGROCHEM,EQ,208.67,209.99,200.0,200.85,206.6,355,0.73,2026-09-22
BNKETFAXIS,EQ,583.46,584.78,579.49,580.18,582.54,794,4.62,2026-09-22
BODALCHEM,EQ,199.55,206.0,187.83,192.9,197.71,2856632,5605.21,2026-09-22
BOHRAIND,EQ,13.2,13.8,12.36,13.26,12.7,6365,0.85,2026-09-22
BOMDYEING,EQ,110.5,111.6,108.85,109.58,110.02,411668,453.11,2026-09-22
BONLON,EQ,41.34,41.5,39.8,40.07,39.35,12082,4.86,2026-09-22
BORANA,EQ,295.05,301.0,291.25,292.4,296.85,24044,70.86,2026-09-22
BOROLTD,EQ,260.0,269.7,259.62,263.57,261.14,230571,609.22,2026-09-22
BORORENEW,EQ,476.9,489.7,472.1,474.7,473.75,666860,3203.76,2026-09-22
BOROSCI,EQ,122.75,126.35,116.7,119.81,119.11,329680,402.39,2026-09-22
BOSCH-HCIL,EQ,1681.1,1749.6,1681.1,1720.8,1685.7,31143,537.27,2026-09-22
BOSCHLTD,EQ,47795.0,48290.0,47530.0,48290.0,47565.0,17807,8534.16,2026-09-22
BPCL,EQ,315.0,318.2,308.15,313.6,312.75,10959640,34249.51,2026-09-22
BPL,EQ,45.8,46.06,44.99,45.2,44.96,33419,15.2,2026-09-22
BPLPHARMA,EQ,1560.0,1560.0,1531.0,1531.7,1541.7,1688,26.13,2026-09-22
BRAHMINFRA,EQ,164.3,164.3,155.01,156.51,160.92,8121,12.77,2026-09-22
BRIGADE,EQ,608.9,624.0,605.45,616.55,608.75,276171,1690.97,2026-09-22
BRIGHOTEL,EQ,56.29,57.5,56.08,56.48,56.4,114783,65.09,2026-09-22
BRIGHTBR,EQ,244.0,255.5,244.0,252.95,253.5,1978,5.03,2026-09-22
BRITANNIA,EQ,5030.0,5030.0,4915.0,4918.0,5023.0,177451,8786.24,2026-09-22
BRNL,EQ,16.1,16.9,16.1,16.67,16.1,20908,3.48,2026-09-22
BROOKS,EQ,60.0,60.55,59.01,59.09,59.09,24690,14.67,2026-09-22
BSE,EQ,3170.8,3254.0,3170.8,3235.0,3161.0,3165566,102089.63,2026-09-22
BSE500IETF,EQ,38.78,38.88,38.6,38.7,38.78,1326306,513.3,2026-09-22
BSHSL,EQ,86.1,88.0,85.3,85.64,84.93,4737,4.1,2026-09-22
BSL,EQ,123.63,126.93,123.02,125.54,126.15,1430,1.79,2026-09-22
BSLGOLDETF,EQ,133.08,133.71,132.24,133.06,133.72,426280,566.35,2026-09-22
BSLNIFTY,EQ,27.56,28.24,27.2,27.48,27.56,729462,200.47,2026-09-22
BSLSENETFG,EQ,76.59,76.59,74.75,75.16,75.5,3184,2.4,2026-09-22
BSOFT,EQ,284.15,284.5,280.75,281.15,284.15,486688,1371.87,2026-09-22
BTML,EQ,7.44,7.44,7.11,7.15,7.13,186655,13.5,2026-09-22
BUILDPRO,EQ,1287.0,1344.0,1285.0,1310.8,1280.0,110920,1466.05,2026-09-22
BUTTERFLY,EQ,580.0,585.75,559.75,562.3,574.35,38079,216.47,2026-09-22
BVCL,EQ,41.35,43.2,40.7,41.57,41.09,38781,16.18,2026-09-22
BYKE,EQ,31.0,31.0,29.65,30.31,30.44,10737,3.24,2026-09-22
CAMLINFINE,EQ,99.0,100.5,96.0,96.45,98.75,1677989,1629.84,2026-09-22
CAMPUS,EQ,211.16,214.2,210.5,211.35,211.16,257451,545.53,2026-09-22
CAMS,EQ,707.95,714.5,704.0,704.0,703.85,949770,6735.71,2026-09-22
CANBK,EQ,124.02,124.69,122.8,122.9,123.7,7064389,8722.39,2026-09-22
CANFINHOME,EQ,770.0,775.55,755.3,759.55,769.9,339027,2590.82,2026-09-22
CANHLIFE,EQ,154.0,154.45,151.63,153.4,152.97,425119,651.71,2026-09-22
CANTABIL,EQ,241.0,243.0,238.0,238.85,241.08,112830,271.07,2026-09-22
CAPACITE,EQ,195.32,197.71,194.02,194.73,195.02,146197,286.47,2026-09-22
CAPILLARY,EQ,511.0,556.8,509.35,547.1,510.15,1529129,8324.09,2026-09-22
CAPITALSFB,EQ,281.8,282.4,277.2,281.3,282.0,11748,33.0,2026-09-22
CAPLIPOINT,EQ,2768.9,2840.0,2762.1,2777.3,2756.6,118478,3325.98,2026-09-22
CARBORUNIV,EQ,1177.5,1239.8,1177.0,1211.3,1178.9,970152,11751.53,2026-09-22
CARERATING,EQ,1622.0,1641.3,1605.6,1627.8,1627.6,157788,2561.74,2026-09-22
CARRARO,EQ,529.0,551.0,529.0,542.3,528.35,146505,792.52,2026-09-22
CARTRADE,EQ,2920.0,2973.6,2900.1,2907.9,2918.0,196801,5761.45,2026-09-22
CARYSIL,EQ,1070.9,1080.9,1060.0,1065.3,1064.9,76582,818.17,2026-09-22
CASHIETF,EQ,1080.54,1080.56,1080.54,1080.54,1080.39,130946,1414.95,2026-09-22
CASTROLIND,EQ,193.89,196.0,193.2,195.61,193.5,3487992,6807.28,2026-09-22
CCAVENUE,EQ,16.08,16.83,16.02,16.11,16.0,21347420,3504.67,2026-09-22
CCCL,EQ,13.55,13.79,13.55,13.6,13.55,109103,14.89,2026-09-22
CCHHL,EQ,13.02,13.25,12.62,12.94,13.02,18869,2.44,2026-09-22
CCL,EQ,1073.0,1074.5,1044.1,1050.0,1071.0,156624,1646.36,2026-09-22
CDSL,EQ,1361.0,1374.0,1342.5,1348.0,1361.0,721143,9771.62,2026-09-22
CEATLTD,EQ,3411.9,3422.0,3360.1,3401.4,3392.7,54853,1861.77,2026-09-22
CEIGALL,EQ,381.7,381.7,369.1,377.2,379.95,375674,1408.97,2026-09-22
CEINSYS,EQ,713.0,715.0,690.0,701.5,709.65,75985,534.97,2026-09-22
CELEBRITY,EQ,6.7,6.82,6.37,6.79,6.64,29456,1.95,2026-09-22
CELLO,EQ,321.95,325.4,318.85,320.3,321.95,245545,791.17,2026-09-22
CEMNTGROWW,EQ,13.89,14.35,13.89,14.3,14.25,30136,4.28,2026-09-22
CEMPRO,EQ,1256.5,1319.3,1252.5,1319.3,1256.5,316336,4136.19,2026-09-22
CENTENKA,EQ,571.9,584.0,565.2,567.4,571.9,19449,111.61,2026-09-22
CENTEXT,EQ,19.57,19.79,18.35,18.63,19.35,346646,66.48,2026-09-22
CENTRALBK,EQ,31.53,31.69,31.26,31.37,31.49,2768742,870.69,2026-09-22
CENTRUM,EQ,22.19,22.34,21.3,21.43,21.85,232939,50.26,2026-09-22
CENTUM,EQ,4745.0,4894.8,4640.0,4858.7,4739.2,98747,4707.87,2026-09-22
CENTURYPLY,EQ,706.9,716.3,692.35,695.6,703.35,162121,1134.06,2026-09-22
CERA,EQ,5525.0,5579.5,5484.0,5501.0,5528.0,5363,295.78,2026-09-22
CESC,EQ,144.0,144.22,142.28,142.52,143.47,1319444,1889.09,2026-09-22
CEWATER,EQ,277.8,281.1,274.0,278.75,279.6,54231,150.75,2026-09-22
CGCL,EQ,269.5,271.8,265.1,267.05,268.85,2002679,5382.55,2026-09-22
CGPOWER,EQ,915.65,926.1,896.1,896.1,910.0,2299693,20914.63,2026-09-22
CGVAK,EQ,151.0,151.0,141.0,145.41,145.77,2150,3.1,2026-09-22
CHALET,EQ,858.05,888.9,857.0,872.35,860.05,141251,1241.59,2026-09-22
CHAMBLFERT,EQ,417.95,420.0,414.3,418.5,417.2,650166,2712.17,2026-09-22
CHEMBOND,EQ,190.2,198.99,185.25,192.77,187.04,15681,30.02,2026-09-22
CHEMCRUX,EQ,79.4,82.1,78.0,78.57,79.23,8574,6.78,2026-09-22
CHEMFAB,EQ,367.45,367.45,352.1,354.0,359.3,3146,11.2,2026-09-22
CHEMICAL,EQ,29.6,29.68,29.36,29.45,29.39,550652,162.7,2026-09-22
CHEMPLASTS,EQ,181.0,202.45,178.5,198.67,181.17,7329815,14371.18,2026-09-22
CHENNPETRO,EQ,1375.5,1405.0,1362.0,1392.0,1375.5,1113436,15409.92,2026-09-22
CHEVIOT,EQ,1160.1,1190.0,1156.1,1170.4,1168.4,2309,27.11,2026-09-22
CHOICEGOLD,EQ,150.9,150.99,149.0,149.56,150.99,5647,8.46,2026-09-22
CHOICEIN,EQ,783.95,785.4,753.6,760.9,782.05,318303,2444.2,2026-09-22
CHOLAFIN,EQ,1769.9,1779.4,1756.8,1759.1,1764.0,906681,16002.15,2026-09-22
CHOLAHLDNG,EQ,1476.0,1481.1,1442.8,1459.6,1474.8,138445,2021.94,2026-09-22
CIEINDIA,EQ,396.8,398.1,389.1,390.6,395.15,173881,684.64,2026-09-22
CIFL,EQ,20.29,21.7,20.1,21.27,20.02,268122,56.26,2026-09-22
CINELINE,EQ,92.0,92.0,88.0,89.16,90.31,26334,23.46,2026-09-22
CINEVISTA,EQ,14.2,16.15,14.05,14.51,14.14,150406,22.88,2026-09-22
CIPLA,EQ,1386.3,1388.7,1364.5,1384.1,1386.1,767139,10518.22,2026-09-22
CLEAN,EQ,840.0,843.0,830.55,833.2,834.9,195980,1638.37,2026-09-22
CLEANMAX,EQ,1349.5,1415.9,1340.3,1367.5,1340.5,226917,3133.4,2026-09-22
CLEDUCATE,EQ,56.99,57.89,55.0,55.38,56.75,4261,2.37,2026-09-22
CLSEL,EQ,291.65,296.9,291.65,293.4,293.25,28674,84.31,2026-09-22
CMLL,EQ,480.85,495.0,475.15,490.9,475.95,348444,1702.42,2026-09-22
CMPDI,EQ,210.01,213.9,207.76,209.34,209.96,605161,1274.87,2026-09-22
CMRGREEN,EQ,231.0,238.85,227.75,229.49,229.9,642934,1500.03,2026-09-22
CMSINFO,EQ,232.95,235.74,230.55,234.62,232.14,474646,1105.02,2026-09-22
CNL,EQ,1148.0,1153.5,1098.1,1108.1,1139.4,17470,196.19,2026-09-22
COALINDIA,EQ,424.7,428.75,419.65,428.0,414.7,16676174,71023.33,2026-09-22
COASTCORP,EQ,39.49,39.49,37.93,38.19,38.94,35585,13.64,2026-09-22
COCHINSHIP,EQ,1390.0,1411.0,1376.5,1388.9,1385.0,830403,11572.64,2026-09-22
COCKERILL,EQ,8050.5,8289.5,8030.5,8178.0,8055.0,3955,322.49,2026-09-22
COFFEEDAY,EQ,30.49,31.32,30.01,30.59,30.15,325352,99.58,2026-09-22
COFORGE,EQ,1814.0,1818.0,1784.4,1803.0,1814.0,1220431,22004.98,2026-09-22
COHANCE,EQ,461.35,468.55,451.6,452.75,460.45,705248,3240.6,2026-09-22
COLPAL,EQ,1892.1,1892.3,1863.0,1869.0,1892.0,200338,3747.41,2026-09-22
COMFINTE,EQ,5.89,5.89,5.72,5.8,5.72,117214,6.77,2026-09-22
COMMOIETF,EQ,97.96,98.98,97.11,97.67,97.49,103277,100.84,2026-09-22
COMPEAU,EQ,364.0,364.0,364.0,364.0,366.6,65,0.24,2026-09-22
COMPUSOFT,EQ,13.79,13.79,13.07,13.24,13.35,17471,2.33,2026-09-22
COMSYN,EQ,308.0,310.9,300.1,301.25,304.1,927179,2811.97,2026-09-22
CONCOR,EQ,489.5,489.5,466.7,467.0,487.05,2828067,13397.09,2026-09-22
CONCORDBIO,EQ,1588.0,1588.7,1522.8,1532.4,1579.4,170913,2641.04,2026-09-22
CONFIPET,EQ,88.92,90.54,86.3,86.76,88.96,1813161,1591.72,2026-09-22
CONS,EQ,11.91,11.91,11.84,11.85,11.91,8035,0.95,2026-09-22
CONSUMAXIS,EQ,118.55,119.27,118.47,118.47,119.0,1278,1.52,2026-09-22
CONSUMBEES,EQ,129.5,129.5,127.51,128.23,128.5,28104,36.1,2026-09-22
CONSUMER,EQ,11.85,11.88,11.8,11.84,11.84,40564,4.81,2026-09-22
CONSUMIETF,EQ,119.56,119.97,119.0,119.04,119.56,8207,9.79,2026-09-22
CONTROLPR,EQ,599.75,599.75,585.55,589.15,598.95,22760,135.26,2026-09-22
CORALFINAC,EQ,32.5,32.99,31.5,32.14,32.1,9094,2.92,2026-09-22
CORDELIA,EQ,114.49,115.47,111.33,112.18,113.67,1099605,1244.29,2026-09-22
CORDSCABLE,EQ,361.0,389.0,360.0,382.9,355.35,391036,1475.73,2026-09-22
COROMANDEL,EQ,1935.0,1953.4,1935.0,1944.9,1940.8,77210,1500.4,2026-09-22
CORONA,EQ,2212.9,2215.7,2171.2,2181.5,2212.9,10943,239.66,2026-09-22
COSMOFIRST,EQ,865.0,879.95,856.2,862.75,866.45,28152,244.11,2026-09-22
CPCAP,EQ,160.5,160.5,151.11,151.7,156.9,38437,59.31,2026-09-22
CPEDU,EQ,183.99,183.99,176.0,177.35,182.28,1229,2.17,2026-09-22
CPL,EQ,63.75,65.36,62.1,62.7,63.75,23267,14.73,2026-09-22
CPPLUS,EQ,3500.1,3656.4,3500.1,3649.5,3482.3,317707,11514.05,2026-09-22
CPSEETF,EQ,90.4,93.52,90.4,92.94,92.72,663335,617.04,2026-09-22
CRAFTSMAN,EQ,11006.0,11018.0,10556.0,10602.0,11006.0,81543,8771.57,2026-09-22
CRAMC,EQ,231.6,234.75,226.2,227.9,231.1,551421,1266.04,2026-09-22
CRAVATEX,EQ,335.75,335.85,325.0,326.15,335.75,1385,4.63,2026-09-22
CREATIVEYE,EQ,5.55,6.5,5.51,6.25,5.55,104668,6.59,2026-09-22
CREDITACC,EQ,1400.0,1400.0,1354.0,1357.9,1393.0,130909,1790.26,2026-09-22
CREST,EQ,368.5,385.0,362.0,363.7,367.05,2879,10.59,2026-09-22
CRESTO,EQ,16.49,19.21,16.21,19.21,16.01,200316,37.86,2026-09-22
CRISIL,EQ,4597.5,4677.8,4515.5,4559.8,4605.6,76168,3512.04,2026-09-22
CRIZAC,EQ,176.99,180.25,176.2,177.03,176.49,104937,186.66,2026-09-22
CROMPTON,EQ,224.75,225.71,221.76,222.0,225.05,2814418,6285.55,2026-09-22
CROWN,EQ,123.0,132.0,121.38,124.96,121.38,148899,189.96,2026-09-22
CSBBANK,EQ,336.0,340.9,331.25,334.95,334.8,231055,772.42,2026-09-22
CSLFINANCE,EQ,224.5,224.5,217.62,220.24,220.46,12304,27.08,2026-09-22
CSM,EQ,112.0,112.0,103.06,105.15,108.19,525358,553.21,2026-09-22
CUB,EQ,234.9,235.78,226.0,227.21,234.94,2192380,5015.46,2026-09-22
CUBEXTUB,EQ,89.0,104.85,87.91,104.85,87.38,1043536,1040.23,2026-09-22
CUMMINSIND,EQ,5090.0,5128.5,4962.5,4962.5,5067.0,314342,15785.62,2026-09-22
CUPID,EQ,251.0,265.5,246.0,258.2,251.3,43352836,112117.46,2026-09-22
CYIENT,EQ,1064.8,1085.1,1032.0,1079.0,1060.8,587228,6213.48,2026-09-22
CYIENTDLM,EQ,915.0,938.8,913.7,917.2,912.4,281857,2605.22,2026-09-22
DABUR,EQ,388.3,390.1,385.2,388.1,386.8,1352500,5245.38,2026-09-22
DALBHARAT,EQ,1764.0,1785.4,1736.3,1741.6,1764.4,35465,624.25,2026-09-22
DALMIASUG,EQ,385.0,400.0,384.75,388.1,384.1,145352,570.26,2026-09-22
DAMCAPITAL,EQ,137.32,139.5,137.1,137.7,137.32,109917,152.15,2026-09-22
DANGEE,EQ,2.72,2.76,2.6,2.7,2.7,29077,0.78,2026-09-22
DATAMATICS,EQ,773.0,776.0,755.15,765.3,773.85,38498,295.48,2026-09-22
DATAPATTNS,EQ,4541.7,4640.0,4462.4,4484.9,4511.8,401737,18267.67,2026-09-22
DAVANGERE,EQ,2.15,2.32,2.15,2.26,2.14,11390212,256.74,2026-09-22
DBCORP,EQ,184.62,184.62,181.55,183.04,182.62,62503,114.25,2026-09-22
DBEIL,EQ,7.24,7.28,6.93,7.0,6.99,410139,28.95,2026-09-22
DBL,EQ,423.95,430.0,419.5,423.1,421.3,272116,1152.32,2026-09-22
DBOL,EQ,113.21,116.33,113.01,114.81,113.31,96815,111.17,2026-09-22
DBREALTY,EQ,95.0,98.39,95.0,96.65,95.29,827941,802.45,2026-09-22
DCAL,EQ,171.99,172.99,169.0,169.88,170.5,73638,125.65,2026-09-22
DCBBANK,EQ,218.71,221.8,217.06,218.58,218.77,568379,1244.6,2026-09-22
DCI,EQ,273.0,283.3,273.0,275.85,272.55,54335,150.63,2026-09-22
DCM,EQ,76.0,76.67,75.55,76.37,76.01,12046,9.14,2026-09-22
DCMFINSERV,EQ,5.39,5.39,4.9,5.09,4.9,8377,0.42,2026-09-22
DCMNVL,EQ,180.0,182.06,175.1,178.04,180.01,4551,8.19,2026-09-22
DCMSHRIRAM,EQ,984.2,993.6,976.6,979.3,984.2,35282,346.99,2026-09-22
DCMSIL,EQ,69.5,71.5,69.04,70.42,69.6,64277,45.21,2026-09-22
DCMSRIND,EQ,38.1,39.13,37.6,37.87,38.1,227030,86.7,2026-09-22
DCW,EQ,45.5,48.45,45.47,48.02,45.47,3396420,1603.07,2026-09-22
DCXINDIA,EQ,170.0,170.0,162.5,163.5,162.02,443850,735.43,2026-09-22
DDEVPLSTIK,EQ,262.75,264.0,258.0,260.45,259.9,95768,249.38,2026-09-22
DECCANCE,EQ,569.95,575.0,560.05,562.25,567.2,41769,237.04,2026-09-22
DECNGOLD,EQ,217.99,226.5,217.02,225.17,217.04,1187001,2638.19,2026-09-22
DEEDEV,EQ,677.95,695.7,677.95,691.8,681.1,112901,777.31,2026-09-22
DEEPA,EQ,184.0,192.0,181.94,188.43,183.06,2177575,4102.89,2026-09-22
DEEPAKFERT,EQ,1365.9,1386.7,1337.5,1340.4,1365.9,165923,2245.5,2026-09-22
DEEPAKNTR,EQ,1605.1,1623.8,1593.4,1613.2,1586.3,183682,2961.33,2026-09-22
DEEPINDS,EQ,732.1,765.55,731.25,761.6,726.3,362342,2728.27,2026-09-22
DEFENCE,EQ,79.02,79.8,78.8,79.24,79.02,190693,151.16,2026-09-22
DELHIVERY,EQ,435.5,437.35,428.4,430.75,435.0,2292809,9908.55,2026-09-22
DELTACORP,EQ,61.99,63.55,61.02,61.77,61.59,2802181,1742.48,2026-09-22
DELTAMAGNT,EQ,56.0,56.78,53.52,55.0,54.9,1288,0.71,2026-09-22
DEN,EQ,26.75,26.8,26.06,26.26,26.42,197380,52.24,2026-09-22
DENORA,EQ,814.9,820.9,792.8,798.4,813.4,1605,13.0,2026-09-22
DENTA,EQ,277.25,279.45,271.1,272.65,276.05,91689,252.02,2026-09-22
DEVIT,EQ,23.35,23.99,22.8,23.12,23.15,30918,7.14,2026-09-22
DEVX,EQ,35.64,35.64,34.8,35.06,35.13,87156,30.57,2026-09-22
DEVYANI,EQ,143.89,145.4,141.02,144.51,143.22,2365367,3405.61,2026-09-22
DGCONTENT,EQ,24.3,24.5,23.8,23.92,24.06,2454,0.6,2026-09-22
DHAMPURSUG,EQ,163.01,170.3,161.51,164.13,162.29,717925,1191.25,2026-09-22
DHANBANK,EQ,29.52,29.73,29.01,29.18,29.44,226911,66.6,2026-09-22
DHANUKA,EQ,985.15,985.15,963.7,966.4,975.6,9208,89.2,2026-09-22
DHARMAJ,EQ,283.3,288.4,278.3,281.6,281.25,42905,121.56,2026-09-22
DHATRE,EQ,4.08,4.36,4.08,4.27,4.22,28145,1.19,2026-09-22
DHOOTTRANS,EQ,1590.0,1679.0,1529.5,1653.2,1582.3,2848268,46165.79,2026-09-22
DHRUV,EQ,21.79,21.79,20.7,21.57,20.95,5220,1.1,2026-09-22
DHUNINV,EQ,995.8,1005.1,982.0,983.6,981.65,414,4.11,2026-09-22
DIAMINESQ,EQ,256.44,256.74,250.5,254.85,255.56,4769,12.1,2026-09-22
DIAMONDYD,EQ,1110.8,1110.8,1089.3,1090.3,1099.3,3469,37.88,2026-09-22
DICIND,EQ,629.9,667.95,626.0,654.25,627.9,19144,125.06,2026-09-22
DIFFNKG,EQ,445.85,449.95,436.95,441.6,444.05,95045,420.96,2026-09-22
DIGIDRIVE,EQ,17.25,17.95,17.22,17.76,17.56,10299,1.82,2026-09-22
DIGISPICE,EQ,16.55,16.8,16.2,16.4,16.31,57388,9.42,2026-09-22
DIGITIDE,EQ,84.39,84.45,81.13,81.82,83.56,267976,221.11,2026-09-22
DISAQ,EQ,11905.0,12188.0,11905.0,12185.0,12134.0,67,8.12,2026-09-22
DISHTV,EQ,2.48,2.52,2.43,2.5,2.45,1038239,25.8,2026-09-22
DIVGIITTS,EQ,1126.1,1176.0,1105.3,1118.9,1124.4,73787,828.12,2026-09-22
DIVIDEND,EQ,34.85,34.87,34.75,34.86,34.89,3912,1.36,2026-09-22
DIVISLAB,EQ,9444.0,9444.0,9315.5,9352.0,9410.5,293688,27546.49,2026-09-22
DIVOPPBEES,EQ,75.2,75.2,74.3,74.58,74.93,20835,15.53,2026-09-22
DIXON,EQ,13364.0,13434.0,12996.0,13084.0,13350.0,400815,52458.62,2026-09-22
DJML,EQ,75.0,78.0,73.51,74.45,76.15,234675,178.42,2026-09-22
DLF,EQ,662.0,671.9,659.05,669.5,660.25,5186082,34610.17,2026-09-22
DLINKINDIA,EQ,426.6,429.3,421.15,423.55,425.7,32294,137.43,2026-09-22
DMART,EQ,3793.3,3830.5,3769.3,3777.0,3800.4,473697,17996.34,2026-09-22
DMCC,EQ,286.8,297.9,283.8,290.65,285.4,93524,273.28,2026-09-22
DNAMEDIA,EQ,2.53,2.57,2.37,2.55,2.45,32982,0.83,2026-09-22
DODLA,EQ,1065.5,1086.3,1036.8,1047.6,1065.1,34218,362.1,2026-09-22
DOLATALGO,EQ,66.6,70.0,66.6,68.16,66.79,167707,113.37,2026-09-22
DOLLAR,EQ,276.5,276.65,271.05,272.8,275.25,27774,76.06,2026-09-22
DOLLEX,EQ,38.0,38.5,36.0,36.6,37.6,16696,6.2,2026-09-22
DOLPHIN,EQ,694.0,745.0,668.4,724.3,684.0,205636,1476.0,2026-09-22
DOMS,EQ,2109.0,2111.7,2087.2,2098.8,2083.1,19537,410.04,2026-09-22
DONEAR,EQ,82.13,83.26,82.13,82.5,82.61,9673,8.0,2026-09-22
DPABHUSHAN,EQ,1422.6,1475.4,1406.2,1469.4,1422.6,39075,569.12,2026-09-22
DRAGARWQ,EQ,5241.0,5315.0,5180.0,5200.0,5280.5,1448,75.73,2026-09-22
DRCSYSTEMS,EQ,12.77,13.15,11.52,12.29,12.72,195714,23.83,2026-09-22
DREAMFOLKS,EQ,63.48,64.48,62.57,63.04,63.48,57824,36.59,2026-09-22
DREDGECORP,EQ,997.0,1035.0,984.4,993.8,994.7,160585,1615.3,2026-09-22
DRREDDY,EQ,1207.0,1222.0,1201.2,1211.0,1198.3,3355097,40686.58,2026-09-22
DSFCL,EQ,28.68,28.81,28.0,28.81,27.44,120100,34.47,2026-09-22
DSSL,EQ,1055.0,1059.0,1021.0,1022.2,1032.9,23096,238.14,2026-09-22
DUCON,EQ,1.41,1.46,1.36,1.46,1.33,3328520,47.83,2026-09-22
DVL,EQ,285.15,292.5,282.6,283.25,283.45,3523,10.01,2026-09-22
DWARKESH,EQ,40.7,42.66,40.7,41.68,40.93,2743999,1147.46,2026-09-22
DYCL,EQ,458.5,465.0,449.1,453.75,457.7,188194,862.89,2026-09-22
DYNAMATECH,EQ,12205.0,12695.0,12102.0,12516.0,12169.0,35975,4467.06,2026-09-22
DYNPRO,EQ,230.95,232.46,228.93,231.51,229.98,6561,15.11,2026-09-22
EASEMYTRIP,EQ,5.79,6.22,5.75,5.99,5.79,42659431,2552.98,2026-09-22
EASTWEST,EQ,2.35,2.42,2.24,2.3,2.38,107411,2.48,2026-09-22
EBANK10,EQ,16.56,16.56,16.4,16.4,16.64,306,0.05,2026-09-22
EBANKNIFTY,EQ,57.17,57.22,56.72,56.95,57.13,839,0.48,2026-09-22
EBBETF0430,EQ,1604.41,1613.87,1604.41,1608.23,1609.4,12362,198.86,2026-09-22
EBBETF0431,EQ,1436.92,1437.56,1430.01,1432.9,1432.0,1924,27.56,2026-09-22
EBBETF0433,EQ,1306.65,1306.65,1302.01,1302.8,1302.06,6496,84.63,2026-09-22
EBGNG,EQ,695.0,710.0,684.1,692.3,690.45,676693,4717.0,2026-09-22
ECAPINSURE,EQ,23.7,23.74,23.5,23.57,23.6,11385,2.69,2026-09-22
ECLERX,EQ,1965.0,1998.9,1908.3,1924.1,1951.2,210085,4093.12,2026-09-22
ECORECO,EQ,425.0,429.45,416.1,422.9,422.75,10233,43.26,2026-09-22
ECOSMOBLTY,EQ,109.67,111.18,108.0,108.62,109.6,34838,37.95,2026-09-22
EDELWEISS,EQ,140.6,144.19,139.5,141.16,139.52,13480301,19061.45,2026-09-22
EFCIL,EQ,178.9,185.01,177.2,177.99,178.43,96963,173.97,2026-09-22
EGOLD,EQ,151.45,152.1,150.4,151.1,151.8,24890,37.64,2026-09-22
EICHERMOT,EQ,7519.0,7555.0,7427.0,7427.0,7512.5,336400,25177.27,2026-09-22
EIDPARRY,EQ,704.95,704.95,694.0,695.55,700.9,179390,1253.81,2026-09-22
EIEL,EQ,203.9,207.0,200.5,201.07,203.89,383292,780.05,2026-09-22
EIHAHOTELS,EQ,301.0,301.0,297.5,298.8,298.85,6173,18.46,2026-09-22
EIHOTEL,EQ,309.0,309.0,302.6,303.9,309.0,107926,329.9,2026-09-22
EIMCOELECO,EQ,2285.9,2333.8,2241.6,2256.1,2288.0,15657,357.04,2026-09-22
EKC,EQ,100.06,102.0,100.06,100.81,100.06,75429,76.09,2026-09-22
EKI,EQ,70.89,70.89,67.11,68.79,69.99,12895,8.87,2026-09-22
ELANTAS,EQ,14999.0,15150.0,14262.0,14410.0,14793.0,1964,288.26,2026-09-22
ELCIDIN,EQ,106000.0,106000.0,105000.0,105000.0,105870.0,6,6.33,2026-09-22
ELDEHSG,EQ,783.0,790.0,771.05,780.0,781.9,365,2.85,2026-09-22
ELECON,EQ,413.95,424.95,413.75,420.55,413.45,225275,944.23,2026-09-22
ELECTCAST,EQ,73.7,73.95,72.23,72.88,73.63,1213133,884.56,2026-09-22
ELECTHERM,EQ,910.3,911.25,896.0,903.85,902.25,11398,102.86,2026-09-22
ELGIEQUIP,EQ,612.85,623.9,607.65,608.95,612.2,306980,1885.09,2026-09-22
ELGIRUBCO,EQ,60.97,60.97,59.22,59.77,59.86,7429,4.43,2026-09-22
ELIN,EQ,90.25,91.0,89.58,90.71,89.38,57844,52.26,2026-09-22
ELIQUID,EQ,1048.68,1048.7,1048.68,1048.7,1048.54,35927,376.77,2026-09-22
ELITECON,EQ,8.17,8.76,8.05,8.74,8.35,15398398,1338.36,2026-09-22
ELLEN,EQ,375.9,382.6,342.9,357.1,373.45,1571584,5649.63,2026-09-22
ELM250,EQ,16.48,16.48,16.23,16.26,16.37,53297,8.7,2026-09-22
ELMDIV,EQ,35.75,35.75,35.5,35.52,35.75,263,0.09,2026-09-22
ELPROINTL,EQ,168.25,174.08,165.05,172.24,171.4,8639,14.79,2026-09-22
EMAMILTD,EQ,384.9,392.0,380.55,390.0,380.6,1848450,7180.91,2026-09-22
EMAMIREAL,EQ,68.8,68.8,67.2,68.0,66.99,24259,16.61,2026-09-22
EMBDL,EQ,61.0,63.8,58.2,58.43,58.89,5822899,3527.62,2026-09-22
EMCURE,EQ,2000.0,2010.3,1972.0,1975.0,2009.3,41985,836.41,2026-09-22
EMETAL,EQ,12.7,13.07,12.7,12.92,13.03,5192,0.67,2026-09-22
EMIL,EQ,191.28,195.03,190.21,192.61,191.28,1941463,3747.85,2026-09-22
EMKAY,EQ,253.0,277.0,253.0,264.55,255.0,101420,271.25,2026-09-22
EMMVEE,EQ,343.0,346.8,338.3,339.75,340.6,1458115,4999.98,2026-09-22
EMPIND,EQ,1057.0,1060.5,1035.0,1038.1,1054.2,941,9.88,2026-09-22
EMPOWER,EQ,2.16,2.25,2.16,2.16,2.27,13600179,294.52,2026-09-22
EMSLIMITED,EQ,365.7,370.45,360.1,365.25,364.3,144550,528.69,2026-09-22
EMUDHRA,EQ,664.0,681.6,639.9,649.25,662.0,1234222,8137.36,2026-09-22
EMULTIMQ,EQ,41.68,41.84,41.32,41.52,41.38,30702,12.73,2026-09-22
ENDURANCE,EQ,2756.4,2764.6,2687.8,2693.7,2756.4,47437,1293.24,2026-09-22
ENERGY,EQ,38.94,38.94,37.97,38.02,38.18,91298,34.87,2026-09-22
ENERGYAXIS,EQ,18.48,19.47,18.48,18.89,18.96,34831,6.65,2026-09-22
ENERGYDEV,EQ,14.9,14.99,14.52,14.54,14.57,17512,2.57,2026-09-22
ENEXT50,EQ,71.96,72.31,71.9,71.9,72.32,14,0.01,2026-09-22
ENGINERSIN,EQ,286.7,304.95,281.5,302.55,285.25,23538487,69528.04,2026-09-22
ENIFTY,EQ,24.21,24.21,23.52,23.64,23.62,963,0.23,2026-09-22
ENIL,EQ,100.9,101.54,99.1,99.64,100.03,16506,16.57,2026-09-22
ENKEIWHEL,EQ,394.95,407.3,391.2,395.2,388.2,630,2.49,2026-09-22
ENRIN,EQ,3225.1,3348.0,3217.6,3235.0,3214.7,545192,17917.29,2026-09-22
ENTERO,EQ,1804.5,1865.1,1782.5,1841.8,1795.5,262292,4825.46,2026-09-22
EPACK,EQ,179.8,184.9,179.8,181.55,179.67,340700,622.61,2026-09-22
EPACKPEB,EQ,242.5,252.0,241.0,250.34,241.57,1057801,2626.05,2026-09-22
EPIGRAL,EQ,1115.0,1125.0,1095.2,1100.9,1111.0,22809,251.98,2026-09-22
EPL,EQ,241.1,241.1,234.95,236.65,239.65,1299475,3088.98,2026-09-22
EQUAL200,EQ,13.65,13.65,13.52,13.57,13.6,7792,1.06,2026-09-22
EQUAL50,EQ,324.62,324.62,322.58,323.49,324.67,3425,11.09,2026-09-22
EQUAL50ADD,EQ,335.27,335.64,333.08,334.34,335.27,8378,28.02,2026-09-22
EQUITASBNK,EQ,73.11,73.95,71.69,72.91,72.43,1575361,1146.48,2026-09-22
ERIS,EQ,1295.5,1300.0,1263.6,1271.2,1295.3,50895,649.69,2026-09-22
ESABINDIA,EQ,5561.0,5799.0,5558.0,5654.5,5561.0,6061,343.26,2026-09-22
ESCORTS,EQ,2833.9,2848.3,2787.0,2793.6,2819.8,28639,802.23,2026-09-22
ESDS,EQ,1724.85,1724.85,1724.85,1724.85,1642.75,158784,2738.79,2026-09-22
ESENSEX,EQ,75.6,75.6,74.95,75.4,75.69,383,0.29,2026-09-22
ESG,EQ,40.3,40.39,40.09,40.09,40.32,25154,10.09,2026-09-22
ESILVER,EQ,231.51,232.63,228.26,229.6,231.52,23570,54.31,2026-09-22
ESSARSHPNG,EQ,16.49,16.49,15.43,15.63,16.15,156754,24.9,2026-09-22
ESSENTIA,EQ,1.03,1.07,1.02,1.04,1.02,3587816,37.58,2026-09-22
ESTER,EQ,87.17,88.4,86.45,87.11,87.17,24596,21.43,2026-09-22
ETERNAL,EQ,337.7,342.0,334.65,342.0,335.9,22276945,75455.18,2026-09-22
ETHOSLTD,EQ,2593.8,2638.5,2555.6,2613.3,2593.8,48788,1261.85,2026-09-22
EUREKAFORB,EQ,381.0,384.95,375.95,377.3,378.45,183218,694.72,2026-09-22
EUROBOND,EQ,154.0,157.0,151.15,153.1,153.34,2636,4.05,2026-09-22
EUROPRATIK,EQ,224.0,229.0,217.0,218.45,224.0,260706,582.02,2026-09-22
EVEREADY,EQ,325.0,331.0,321.0,329.05,321.85,91573,299.29,2026-09-22
EVIETF,EQ,31.9,31.97,31.6,31.69,31.87,137555,43.62,2026-09-22
EVINDIA,EQ,32.06,32.06,31.6,31.64,31.81,73252,23.27,2026-09-22
EXCELINDUS,EQ,958.2,963.1,946.1,952.6,953.5,7504,71.68,2026-09-22
EXCELSOFT,EQ,80.6,83.85,80.6,82.85,81.83,921406,761.26,2026-09-22
EXICOM,EQ,162.75,165.49,160.4,161.44,161.61,549513,895.38,2026-09-22
EXIDEIND,EQ,434.5,438.5,427.5,429.7,434.5,1869658,8075.28,2026-09-22
EXPLEOSOL,EQ,885.0,887.75,870.4,877.2,883.15,8135,71.71,2026-09-22
EXXARO,EQ,6.34,6.34,6.21,6.23,6.21,114586,7.18,2026-09-22
FABTECH,EQ,148.92,150.4,145.5,147.02,147.23,67544,99.59,2026-09-22
FACT,EQ,800.0,808.3,792.5,798.45,801.75,106175,848.23,2026-09-22
FAZE3Q,EQ,428.15,438.4,416.2,422.85,427.9,37589,161.0,2026-09-22
FCL,EQ,56.7,58.68,55.89,57.39,55.75,20804868,11993.69,2026-09-22
FCSSOFT,EQ,1.41,1.41,1.37,1.38,1.4,1621095,22.52,2026-09-22
FDC,EQ,363.4,363.4,355.0,356.5,362.4,77747,278.82,2026-09-22
FEDDERSHOL,EQ,65.0,72.77,59.37,64.8,61.49,51021947,35001.11,2026-09-22
FEDERALBNK,EQ,332.3,334.85,325.5,327.0,332.0,5612786,18394.92,2026-09-22
FEDFINA,EQ,152.7,154.2,150.0,152.14,151.74,923446,1406.07,2026-09-22
FERMENTA,EQ,475.0,486.2,461.8,470.6,474.25,110202,519.02,2026-09-22
FIBERWEB,EQ,26.27,26.48,25.56,26.14,26.27,7490,1.96,2026-09-22
FIEMIND,EQ,1910.8,1925.1,1895.5,1906.7,1901.1,46110,879.72,2026-09-22
FILATEX,EQ,102.88,105.75,99.43,101.07,102.2,7326971,7483.76,2026-09-22
FILATFASH,EQ,0.18,0.18,0.17,0.17,0.17,11808473,20.79,2026-09-22
FINCABLES,EQ,1409.9,1474.0,1404.3,1468.1,1399.7,1670261,24176.95,2026-09-22
FINEORG,EQ,5155.0,5198.5,5079.5,5159.5,5149.5,24450,1256.02,2026-09-22
FINIETF,EQ,32.28,32.33,31.9,32.0,32.19,139491,44.87,2026-09-22
FINKURVE,EQ,71.39,71.5,69.74,70.39,71.05,37846,26.7,2026-09-22
FINOPB,EQ,135.2,136.89,131.4,133.02,134.82,152627,204.3,2026-09-22
FINPIPE,EQ,153.1,154.56,152.1,152.94,152.16,206950,317.13,2026-09-22
FIRSTCRY,EQ,170.5,182.36,169.77,175.08,170.43,11963508,21288.09,2026-09-22
FISCHER,EQ,33.23,34.01,32.68,32.95,32.87,7482910,2467.55,2026-09-22
FIVESTAR,EQ,525.0,534.6,520.5,524.85,524.95,541837,2845.38,2026-09-22
FLAIR,EQ,239.0,244.19,234.0,241.29,238.8,122428,295.24,2026-09-22
FLEXIADD,EQ,9.76,9.95,9.7,9.76,9.67,261971,25.53,2026-09-22
FLUOROCHEM,EQ,4582.9,4590.0,4478.3,4487.2,4560.0,47912,2163.48,2026-09-22
FMCGADD,EQ,46.14,46.22,45.62,45.84,46.21,7261,3.34,2026-09-22
FMCGIETF,EQ,50.84,50.85,49.1,49.19,49.6,737924,363.79,2026-09-22
FMGOETZE,EQ,439.85,449.4,439.85,446.75,439.1,121636,541.58,2026-09-22
FMNL,EQ,8.89,9.14,8.41,8.43,8.85,144674,12.28,2026-09-22
FOODSIN,EQ,53.26,54.3,53.12,53.83,53.15,41389,22.24,2026-09-22
FORCEMOT,EQ,17600.0,17600.0,17182.0,17275.0,17485.0,64656,11225.79,2026-09-22
FORTIS,EQ,894.2,908.8,892.35,896.55,893.5,808369,7274.56,2026-09-22
FOSECOIND,EQ,6649.0,6779.5,6500.0,6562.0,6643.0,19928,1316.27,2026-09-22
FRACTAL,EQ,767.0,775.0,756.05,761.4,760.9,225446,1728.28,2026-09-22
FREDUN,EQ,1325.0,1409.9,1325.0,1382.6,1348.2,137800,1905.46,2026-09-22
FRONTSP,EQ,1182.5,1214.0,1150.5,1162.2,1173.5,13399,156.25,2026-09-22
FSL,EQ,270.3,274.8,268.3,269.5,269.45,407264,1104.46,2026-09-22
FUSION,EQ,185.4,187.25,181.98,183.6,184.67,233787,430.75,2026-09-22
GABRIEL,EQ,1291.3,1495.0,1291.3,1471.4,1290.3,7891064,113832.94,2026-09-22
GAEL,EQ,161.8,162.13,156.15,157.08,161.25,475136,750.93,2026-09-22
GAIL,EQ,173.08,174.3,171.35,171.84,172.61,8361284,14429.6,2026-09-22
GAJA,EQ,162.51,163.76,157.52,159.34,162.71,1914226,3070.33,2026-09-22
GALAPREC,EQ,1054.0,1088.8,1039.0,1058.0,1042.4,45642,484.46,2026-09-22
GALAXYSURF,EQ,2200.0,2238.1,2169.0,2188.0,2188.5,27241,601.21,2026-09-22
GALLANTT,EQ,554.8,581.45,540.15,545.7,546.85,516798,2891.55,2026-09-22
GANDHAR,EQ,269.0,271.65,266.3,269.05,267.65,380656,1023.2,2026-09-22
GANDHITUBE,EQ,909.0,1046.6,906.15,1003.2,909.3,315988,3183.7,2026-09-22
GANECOS,EQ,1003.7,1025.2,993.4,998.4,1008.2,43065,434.56,2026-09-22
GANESHCP,EQ,172.0,172.01,165.75,166.59,171.4,112408,189.31,2026-09-22
GANESHHOU,EQ,743.9,750.0,735.0,736.8,742.45,15648,116.12,2026-09-22
GANGAFORGE,EQ,1.59,1.6,1.57,1.57,1.58,1700312,26.9,2026-09-22
GANGESSECU,EQ,114.28,116.9,114.2,115.04,114.2,67,0.08,2026-09-22
GARFIBRES,EQ,801.0,806.9,794.95,800.45,800.45,29629,237.0,2026-09-22
GARUDA,EQ,175.5,182.8,175.5,181.56,176.77,617015,1108.05,2026-09-22
GATEWAY,EQ,52.98,52.98,52.05,52.28,52.51,691852,362.15,2026-09-22
GAUDIUMIVF,EQ,112.01,114.1,109.25,111.35,112.25,281800,314.14,2026-09-22
GAYAHWS,EQ,1.9,1.94,1.86,1.9,1.9,98199,1.86,2026-09-22
GAYAPROJ,EQ,24.84,24.85,23.5,23.68,24.59,799991,191.63,2026-09-22
GCSL,EQ,639.8,645.25,617.05,639.2,635.1,789628,4961.63,2026-09-22
GEEKAYWIRE,EQ,31.5,33.5,30.5,32.73,30.9,517452,166.67,2026-09-22
GEMAROMA,EQ,150.58,157.59,150.45,153.72,150.58,62073,95.31,2026-09-22
GENCON,EQ,41.24,41.24,39.25,39.84,40.54,261394,105.67,2026-09-22
GENESYS,EQ,282.0,286.98,273.5,280.1,279.09,482544,1350.42,2026-09-22
GENUSPAPER,EQ,11.5,11.5,11.25,11.28,11.49,21443,2.43,2026-09-22
GENUSPOWER,EQ,312.5,313.9,308.6,309.45,310.9,883342,2745.78,2026-09-22
GEOJITFSL,EQ,81.57,82.69,80.36,80.64,81.94,209758,170.25,2026-09-22
GESHIP,EQ,1490.0,1495.1,1458.0,1462.0,1485.0,859612,12659.12,2026-09-22
GFLLIMITED,EQ,57.0,58.49,56.65,56.95,57.0,38366,21.99,2026-09-22
GHCL,EQ,421.85,425.95,419.1,420.3,421.55,117521,496.77,2026-09-22
GHCLTEXTIL,EQ,132.1,137.36,130.11,133.92,129.52,664643,893.95,2026-09-22
GICHSGFIN,EQ,139.9,142.98,138.6,138.86,139.28,47067,65.54,2026-09-22
GICRE,EQ,346.3,348.4,340.3,341.2,346.2,451093,1547.72,2026-09-22
GILLANDERS,EQ,106.0,106.0,102.91,105.0,107.03,2693,2.83,2026-09-22
GILLETTE,EQ,7045.0,7060.5,6988.0,7009.0,7048.0,18255,1280.29,2026-09-22
GILT10BETA,EQ,26.68,26.68,26.3,26.6,26.64,95,0.03,2026-09-22
GILT5BETA,EQ,66.46,66.59,65.84,66.59,66.46,313,0.21,2026-09-22
GILT5YBEES,EQ,65.95,66.02,65.78,65.92,65.84,145399,95.87,2026-09-22
GIPCL,EQ,190.3,191.56,186.2,186.92,189.36,258472,485.07,2026-09-22
GKB,EQ,69.11,76.02,67.11,68.37,69.11,86152,63.43,2026-09-22
GKENERGY,EQ,128.36,130.5,127.1,127.77,126.59,753442,969.51,2026-09-22
GKSL,EQ,184.99,185.21,173.01,175.17,183.21,2252924,3946.75,2026-09-22
GKWLIMITED,EQ,1572.7,1619.6,1560.0,1565.4,1571.4,211,3.3,2026-09-22
GLAND,EQ,2944.9,2968.4,2900.0,2916.6,2940.2,124161,3634.35,2026-09-22
GLASSWALL,EQ,304.15,317.9,296.1,309.29,295.21,70304720,216756.28,2026-09-22
GLAXO,EQ,2862.7,2880.9,2840.0,2873.6,2862.9,37100,1064.21,2026-09-22
GLENMARK,EQ,2460.4,2472.0,2443.0,2461.4,2450.0,402355,9907.23,2026-09-22
GLFL,EQ,5.24,5.24,4.97,5.09,5.19,1446,0.07,2026-09-22
GLOBAL,EQ,130.4,133.5,127.58,132.23,130.6,214321,280.76,2026-09-22
GLOBALE,EQ,11.38,11.43,10.75,11.15,11.16,1219,0.13,2026-09-22
GLOBALVECT,EQ,134.95,137.79,132.9,133.41,133.56,5110,6.9,2026-09-22
GLOBE,EQ,2.25,2.33,2.19,2.22,2.25,1261268,28.7,2026-09-22
GLOBECIVIL,EQ,42.87,43.99,42.02,43.66,42.14,25572,11.06,2026-09-22
GLOBUSSPR,EQ,830.8,833.9,819.0,821.3,830.8,48747,401.9,2026-09-22
GLOSTERLTD,EQ,588.0,588.0,563.1,572.15,578.5,393,2.24,2026-09-22
GLOTTIS,EQ,57.99,58.5,57.01,57.41,57.76,12647,7.32,2026-09-22
GMBREW,EQ,947.0,959.25,942.7,948.05,947.0,20472,194.55,2026-09-22
GMDCLTD,EQ,562.2,565.95,557.0,563.65,557.9,726787,4085.62,2026-09-22
GMMPFAUDLR,EQ,1511.0,1516.2,1440.3,1462.3,1507.2,327918,4800.68,2026-09-22
GMRAIRPORT,EQ,98.99,99.5,97.69,98.35,98.7,8095151,7966.36,2026-09-22
GMRP&UI,EQ,92.25,97.2,92.25,95.26,92.43,2027140,1930.26,2026-09-22
GNA,EQ,567.95,567.95,553.3,561.65,564.85,152556,854.06,2026-09-22
GNFC,EQ,592.1,615.85,589.3,598.7,589.9,2063093,12491.35,2026-09-22
GNRL,EQ,99.1,100.2,96.3,98.42,97.17,735614,718.17,2026-09-22
GOACARBON,EQ,389.2,396.35,383.95,386.9,389.1,24946,97.38,2026-09-22
GOCLCORP,EQ,421.65,424.0,406.35,411.05,453.45,374867,1543.7,2026-09-22
GOCOLORS,EQ,306.1,310.8,305.9,307.9,306.7,31470,96.97,2026-09-22
GODAVARIB,EQ,244.2,244.9,241.01,243.4,242.47,38955,94.63,2026-09-22
GODFRYPHLP,EQ,1989.9,1997.1,1967.0,1970.0,1980.0,96350,1909.22,2026-09-22
GODIGIT,EQ,241.45,243.6,237.15,241.85,241.45,1511491,3623.7,2026-09-22
GODREJAGRO,EQ,660.7,667.35,650.1,653.9,660.65,81790,538.59,2026-09-22
GODREJCP,EQ,869.8,878.8,864.2,873.6,867.5,483682,4217.43,2026-09-22
GODREJIND,EQ,1101.7,1111.0,1090.6,1099.6,1101.7,35951,395.54,2026-09-22
GODREJPROP,EQ,1710.0,1732.0,1690.2,1699.5,1696.9,473583,8082.02,2026-09-22
GOKEX,EQ,695.0,714.0,690.0,695.05,694.7,353650,2477.78,2026-09-22
GOKUL,EQ,39.7,40.65,39.61,40.4,39.56,147335,59.25,2026-09-22
GOKULAGRO,EQ,221.97,223.81,220.1,221.15,221.16,158912,352.49,2026-09-22
GOLD1,EQ,126.57,126.76,125.4,125.99,126.65,15280316,19281.25,2026-09-22
GOLD360,EQ,147.85,148.3,146.8,147.45,147.85,6641,9.8,2026-09-22
GOLDADD,EQ,14.81,14.81,14.59,14.69,14.75,5061615,743.59,2026-09-22
GOLDAXIS,EQ,126.5,126.77,125.08,125.84,126.44,2262010,2843.22,2026-09-22
GOLDBEES,EQ,125.56,125.57,124.28,125.0,125.57,21852347,27307.21,2026-09-22
GOLDBETA,EQ,127.9,127.9,126.6,127.25,127.9,460617,585.93,2026-09-22
GOLDBND,EQ,151.0,152.47,150.15,151.21,152.07,50308,75.99,2026-09-22
GOLDCASE,EQ,23.86,23.97,23.65,23.79,23.91,14811313,3523.9,2026-09-22
GOLDETF,EQ,148.0,148.0,146.2,146.96,147.7,1145706,1682.98,2026-09-22
GOLDIAM,EQ,324.0,326.55,318.65,319.8,323.35,381738,1229.69,2026-09-22
GOLDIETF,EQ,130.0,130.11,128.7,129.42,130.01,6958253,9001.61,2026-09-22
GOODLUCK,EQ,525.9,541.25,523.0,538.05,523.9,827953,4419.49,2026-09-22
GOODYEAR,EQ,708.9,714.2,700.6,706.25,708.2,3588,25.39,2026-09-22
GOPAL,EQ,258.4,259.65,255.3,258.35,257.05,35086,90.34,2026-09-22
GOYALALUM,EQ,6.29,6.29,5.9,5.97,6.09,70853,4.28,2026-09-22
GPIL,EQ,239.0,239.0,232.2,232.89,236.8,1398629,3278.75,2026-09-22
GPPL,EQ,165.9,166.95,163.6,164.41,164.99,819136,1348.92,2026-09-22
GPTHEALTH,EQ,163.99,166.78,162.0,162.79,165.32,60740,99.51,2026-09-22
GPTINFRA,EQ,117.6,119.5,117.5,118.16,118.42,152627,180.46,2026-09-22
GRANDOAK,EQ,34.69,34.69,32.76,33.6,33.07,2503,0.85,2026-09-22
GRANULES,EQ,876.0,876.6,853.9,864.05,875.15,640982,5527.54,2026-09-22
GRAPHITE,EQ,819.9,832.65,811.0,827.75,812.8,1332319,11001.96,2026-09-22
GRASIM,EQ,3171.0,3180.8,3125.0,3128.2,3166.0,692941,21716.65,2026-09-22
GRAUWEIL,EQ,85.17,86.43,82.9,83.24,85.34,476150,401.95,2026-09-22
GRAVITA,EQ,1585.1,1596.6,1560.0,1564.9,1580.0,198743,3128.78,2026-09-22
GREAVESCOT,EQ,198.99,205.7,198.06,199.67,198.58,2267387,4588.55,2026-09-22
GREENLAM,EQ,229.9,234.99,225.0,226.17,228.76,22030,50.11,2026-09-22
GREENPANEL,EQ,168.27,176.54,168.27,170.18,165.45,857586,1478.75,2026-09-22
GREENPLY,EQ,290.95,297.7,289.05,296.65,289.9,295075,862.12,2026-09-22
GREENPOWER,EQ,9.09,9.18,8.97,9.0,9.04,1950021,176.56,2026-09-22
GRINDWELL,EQ,1985.0,2018.0,1933.0,1941.9,1966.8,57640,1141.31,2026-09-22
GRINFRA,EQ,820.2,828.0,793.6,805.15,824.85,67733,550.03,2026-09-22
GRMOVER,EQ,82.43,82.65,80.11,80.59,82.43,1070563,868.13,2026-09-22
GROBTEA,EQ,919.8,919.8,850.0,904.2,910.0,711,6.29,2026-09-22
GROWW,EQ,190.1,190.5,188.1,189.18,190.59,14342042,27131.76,2026-09-22
GROWWCAPM,EQ,11.14,11.19,11.11,11.16,11.14,252556,28.19,2026-09-22
GROWWCHEM,EQ,29.0,29.7,29.0,29.27,29.33,22198,6.54,2026-09-22
GROWWDEFNC,EQ,94.02,95.32,93.74,94.27,94.02,116798,110.39,2026-09-22
GROWWEV,EQ,31.8,31.92,31.29,31.41,31.79,243425,76.76,2026-09-22
GROWWGOLD,EQ,14.8,14.86,14.68,14.75,14.83,2180086,321.9,2026-09-22
GROWWHOSPI,EQ,53.16,53.29,52.57,52.85,53.07,162188,85.78,2026-09-22
GROWWLIQID,EQ,110.84,110.85,110.84,110.84,110.83,320946,355.75,2026-09-22
GROWWLOVOL,EQ,10.32,10.32,10.04,10.18,10.14,10850,1.1,2026-09-22
GROWWMC150,EQ,230.67,230.73,226.42,227.56,230.34,4199,9.66,2026-09-22
GROWWMETAL,EQ,12.6,12.6,12.27,12.36,12.4,127942,15.86,2026-09-22
GROWWMOM50,EQ,10.99,11.01,10.83,10.88,10.94,38960,4.25,2026-09-22
GROWWN200,EQ,11.2,11.2,11.01,11.05,11.15,44483,4.92,2026-09-22
GROWWNET,EQ,11.05,11.2,10.89,11.11,11.0,793359,87.71,2026-09-22
GROWWNIFTY,EQ,9.73,9.73,9.43,9.47,9.5,583316,55.25,2026-09-22
GROWWNXT50,EQ,73.04,73.04,71.23,71.52,72.32,7901,5.71,2026-09-22
GROWWPOWER,EQ,11.44,11.44,11.12,11.17,11.22,1157658,130.2,2026-09-22
GROWWPSE,EQ,98.0,98.0,96.37,96.99,97.31,1892,1.83,2026-09-22
GROWWPSUBK,EQ,83.64,84.58,82.5,82.64,83.64,5789,4.8,2026-09-22
GROWWRAIL,EQ,27.46,27.46,27.05,27.16,27.32,278757,75.92,2026-09-22
GROWWRLTY,EQ,9.69,9.7,9.36,9.56,9.55,215291,20.7,2026-09-22
GROWWSC250,EQ,10.63,10.63,10.51,10.54,10.56,68472,7.24,2026-09-22
GROWWSLVR,EQ,22.65,22.8,22.39,22.56,22.76,1392509,315.07,2026-09-22
GRPLTD,EQ,1970.7,2003.9,1969.0,2000.0,1992.7,1422,28.38,2026-09-22
GRSE,EQ,2390.2,2459.2,2386.9,2399.7,2372.2,584333,14141.6,2026-09-22
GRWRHITECH,EQ,6450.0,6502.0,6302.0,6366.5,6454.5,48819,3119.22,2026-09-22
GSEC10ABSL,EQ,112.1,112.1,112.1,112.1,112.34,10,0.01,2026-09-22
GSEC10IETF,EQ,263.57,264.6,261.46,264.6,264.57,71,0.19,2026-09-22
GSEC10YEAR,EQ,30.26,30.37,30.11,30.12,30.11,450,0.14,2026-09-22
GSEC5IETF,EQ,66.15,66.32,65.67,66.09,65.77,21662,14.28,2026-09-22
GSFC,EQ,151.36,153.8,151.0,152.19,150.75,626935,955.93,2026-09-22
GSLSU,EQ,30.09,30.91,29.84,30.91,29.44,112033,34.35,2026-09-22
GSPCROP,EQ,493.8,493.8,482.55,484.9,490.9,238074,1156.55,2026-09-22
GSS,EQ,11.17,11.17,10.36,10.54,10.82,36992,4.0,2026-09-22
GTECJAINX,EQ,26.39,29.02,26.39,28.43,26.39,9492,2.71,2026-09-22
GTL,EQ,7.04,7.09,6.81,6.99,7.04,191858,13.4,2026-09-22
GTLINFRA,EQ,1.13,1.14,1.11,1.12,1.13,30228187,339.39,2026-09-22
GTPL,EQ,55.88,55.88,54.6,55.06,55.06,23773,13.14,2026-09-22
GUFICBIO,EQ,440.4,449.0,434.55,442.15,435.65,61868,273.96,2026-09-22
GUJALKALI,EQ,628.0,635.95,617.05,626.55,629.5,78981,493.4,2026-09-22
GUJAPOLLO,EQ,346.9,349.0,336.1,337.4,344.2,7101,24.37,2026-09-22
GUJENERGY,EQ,239.89,239.89,229.5,230.4,238.52,2054302,4772.91,2026-09-22
GUJRAFFIA,EQ,40.01,40.98,39.05,39.21,40.33,1636,0.65,2026-09-22
GUJTHEM,EQ,414.95,416.95,408.0,411.65,413.7,245616,1012.6,2026-09-22
GULFOILLUB,EQ,1058.6,1065.3,1046.0,1050.9,1058.4,23913,251.43,2026-09-22
GULPOLY,EQ,169.52,173.99,169.52,173.1,169.52,131794,227.24,2026-09-22
GVPIL,EQ,698.0,711.9,670.1,673.1,688.9,312168,2158.46,2026-09-22
GVT&D,EQ,4420.0,4513.5,4348.0,4348.0,4366.1,545018,24138.41,2026-09-22
GYFTR,EQ,171.58,171.58,167.0,168.5,169.95,33108,56.06,2026-09-22
HAL,EQ,4834.8,4879.5,4776.2,4800.0,4826.0,548249,26366.96,2026-09-22
HALDER,EQ,296.9,296.9,273.7,277.3,283.5,26279,74.91,2026-09-22
HALEOSLABS,EQ,1485.0,1539.4,1485.0,1500.0,1487.6,339,5.09,2026-09-22
HAMPTON,EQ,8.22,8.22,7.9,8.17,8.04,8908,0.72,2026-09-22
HAPPSTMNDS,EQ,319.0,320.15,311.6,313.4,317.8,879998,2775.61,2026-09-22
HAPPYFORGE,EQ,2109.1,2124.4,2076.1,2108.5,2109.1,99354,2091.54,2026-09-22
HARDWYN,EQ,9.2,9.24,9.03,9.09,9.15,289352,26.48,2026-09-22
HARIOMPIPE,EQ,363.8,374.0,358.5,361.85,358.85,127395,464.64,2026-09-22
HARRMALAYA,EQ,181.87,181.87,176.1,176.66,178.18,4078,7.26,2026-09-22
HARSHA,EQ,472.55,475.0,461.35,465.1,467.9,187169,875.89,2026-09-22
HATHWAY,EQ,9.95,10.08,9.95,9.99,9.97,1017873,101.93,2026-09-22
HATSUN,EQ,1130.0,1180.9,1128.0,1168.0,1130.7,47379,547.84,2026-09-22
HAVELLS,EQ,1103.6,1109.4,1086.0,1088.9,1103.1,252772,2774.18,2026-09-22
HAVISHA,EQ,1.34,1.37,1.31,1.36,1.34,33997,0.46,2026-09-22
HAWKINCOOK,EQ,8200.0,8259.5,7951.0,8009.5,8166.0,4227,339.66,2026-09-22
HAZOOR,EQ,19.0,19.94,18.81,19.11,19.11,430931,83.43,2026-09-22
HBESD,EQ,71.51,74.9,66.5,70.52,73.0,720,0.5,2026-09-22
HBLENGINE,EQ,751.0,778.0,746.0,767.15,749.85,1613557,12400.61,2026-09-22
HBPOR,EQ,61.5,62.1,55.01,61.99,61.79,204,0.12,2026-09-22
HBSL,EQ,53.0,54.5,53.0,54.45,53.25,6255,3.35,2026-09-22
HCC,EQ,21.84,22.31,21.61,21.67,21.83,14710707,3226.02,2026-09-22
HCG,EQ,701.35,715.7,696.85,713.1,701.35,99348,705.95,2026-09-22
HCL-INSYS,EQ,10.69,11.24,10.69,10.79,10.7,531935,58.28,2026-09-22
HCLTECH,EQ,1280.0,1286.1,1240.3,1270.4,1281.0,2680986,33891.38,2026-09-22
HDBFS,EQ,680.95,684.1,672.75,674.55,680.95,153222,1037.3,2026-09-22
HDFCAMC,EQ,2438.2,2451.8,2414.1,2430.0,2440.0,481994,11714.43,2026-09-22
HDFCBANK,EQ,738.85,749.3,738.6,738.6,739.5,35483669,264187.91,2026-09-22
HDFCBSE500,EQ,37.08,37.09,36.63,36.79,36.93,1159363,426.38,2026-09-22
HDFCGOLD,EQ,129.53,129.92,128.47,129.26,129.83,3410806,4405.95,2026-09-22
HDFCGROWTH,EQ,114.81,114.82,114.01,114.34,114.73,14004,16.01,2026-09-22
HDFCLIFE,EQ,560.55,567.4,559.05,559.2,559.4,1788405,10073.04,2026-09-22
HDFCLIQUID,EQ,1078.9,1078.92,1078.9,1078.92,1078.77,27281,294.34,2026-09-22
HDFCLOWVOL,EQ,20.29,20.29,19.91,19.96,20.04,3253,0.65,2026-09-22
HDFCMID150,EQ,23.25,23.25,23.05,23.16,23.11,498977,115.56,2026-09-22
HDFCMOMENT,EQ,30.79,30.83,30.5,30.69,30.64,198472,60.93,2026-09-22
HDFCNEXT50,EQ,73.99,74.07,73.54,73.66,73.84,99490,73.43,2026-09-22
HDFCNIF100,EQ,25.53,25.53,25.21,25.31,25.41,66513,16.85,2026-09-22
HDFCNIFBAN,EQ,58.4,58.4,57.84,58.03,58.17,45977,26.71,2026-09-22
HDFCNIFIT,EQ,31.55,31.55,30.35,30.49,30.93,1173850,358.24,2026-09-22
HDFCNIFTY,EQ,271.4,271.4,263.1,263.97,264.79,131748,347.75,2026-09-22
HDFCNIMEG,EQ,130.17,130.46,129.12,129.68,129.91,2207,2.86,2026-09-22
HDFCPSUBK,EQ,84.28,84.29,83.19,83.44,84.02,15620,13.06,2026-09-22
HDFCPVTBAN,EQ,27.87,28.06,27.82,27.88,27.87,46295,12.92,2026-09-22
HDFCQUAL,EQ,55.82,57.1,55.82,56.82,57.26,15973,9.08,2026-09-22
HDFCSENSEX,EQ,87.17,87.17,84.51,84.8,85.05,33409,28.37,2026-09-22
HDFCSILVER,EQ,222.05,222.22,218.18,220.07,222.04,3187602,7018.85,2026-09-22
HDFCSML250,EQ,183.0,186.43,182.2,183.98,184.23,981864,1810.46,2026-09-22
HDFCVALUE,EQ,122.4,122.5,121.14,121.26,122.33,8667,10.57,2026-09-22
HEADSUP,EQ,6.89,6.91,6.66,6.77,6.91,3446,0.23,2026-09-22
HEALTHADD,EQ,17.07,17.32,16.88,16.9,16.99,9214,1.56,2026-09-22
HEALTHAXIS,EQ,171.35,171.35,170.1,171.22,171.79,639,1.09,2026-09-22
HEALTHCARE,EQ,22.5,22.5,21.83,21.9,22.06,38218,8.4,2026-09-22
HEALTHIETF,EQ,173.01,173.8,171.0,171.77,172.96,125259,215.67,2026-09-22
HEALTHX,EQ,297.0,303.0,287.0,289.4,297.0,8261,24.19,2026-09-22
HEALTHY,EQ,17.33,17.45,17.2,17.24,17.33,412294,71.19,2026-09-22
HECPROJECT,EQ,117.26,118.95,114.1,115.68,118.1,11252,13.06,2026-09-22
HEGAM,EQ,247.0,248.0,229.5,232.9,248.5,1096045,2617.73,2026-09-22
HEIDELBERG,EQ,141.7,142.98,140.44,141.13,141.67,69280,98.11,2026-09-22
HEMIPROP,EQ,120.02,121.54,118.55,119.16,120.02,326039,390.58,2026-09-22
HERANBA,EQ,169.75,169.85,165.0,166.47,167.08,19818,33.03,2026-09-22
HERITGFOOD,EQ,422.4,426.2,412.8,414.7,421.5,234231,981.0,2026-09-22
HEROMOTOCO,EQ,5424.0,5443.0,5368.0,5373.0,5419.0,542248,29266.76,2026-09-22
HESTERBIO,EQ,2184.8,2235.9,2166.1,2178.7,2188.8,1267,27.87,2026-09-22
HEXATRADEX,EQ,160.9,160.9,157.1,158.81,159.84,601,0.95,2026-09-22
HEXT,EQ,513.1,515.6,503.0,504.2,515.25,274878,1402.73,2026-09-22
HGINFRA,EQ,442.65,452.4,440.05,444.45,442.65,70448,313.62,2026-09-22
HGM,EQ,47.5,48.5,40.0,42.66,46.46,66926,28.5,2026-09-22
HGS,EQ,376.1,386.15,376.1,379.65,377.8,11133,42.23,2026-09-22
HIKAL,EQ,229.5,234.0,225.2,227.0,229.15,736129,1690.74,2026-09-22
HILINFRA,EQ,44.3,44.3,43.02,43.26,43.37,33250,14.5,2026-09-22
HILTON,EQ,17.0,17.0,16.46,16.59,16.44,157941,26.38,2026-09-22
HIMATSEIDE,EQ,63.25,64.0,61.09,63.21,62.76,1370385,853.5,2026-09-22
HINDADH,EQ,391.9,391.9,375.25,384.45,383.9,2862,10.97,2026-09-22
HINDALCO,EQ,987.0,987.5,967.1,973.0,981.2,3336085,32461.97,2026-09-22
HINDALUMI,EQ,94.0,96.5,91.25,94.08,93.26,1945,1.83,2026-09-22
HINDCOMPOS,EQ,380.5,383.75,371.5,376.55,379.25,2234,8.45,2026-09-22
HINDCON,EQ,24.37,25.5,24.37,24.73,24.44,59407,14.82,2026-09-22
HINDCOPPER,EQ,510.05,521.7,507.1,508.2,503.95,7778716,40019.0,2026-09-22
HINDOILEXP,EQ,176.5,177.48,174.0,174.83,176.63,370465,649.98,2026-09-22
HINDPETRO,EQ,359.2,365.2,354.7,360.7,357.6,5830757,21026.54,2026-09-22
HINDUNILVR,EQ,1952.0,1956.8,1933.8,1933.8,1947.0,1023040,19856.2,2026-09-22
HINDWAREAP,EQ,175.0,178.69,174.0,174.77,176.57,41766,73.59,2026-09-22
HINDZINC,EQ,591.8,599.95,590.15,590.5,591.8,3894528,23126.21,2026-09-22
HIRECT,EQ,1249.9,1295.9,1235.0,1242.2,1241.2,51959,660.35,2026-09-22
HISARMETAL,EQ,158.0,162.69,155.35,156.05,159.02,1158,1.82,2026-09-22
HITECH,EQ,74.96,75.85,74.0,74.62,74.96,499235,372.04,2026-09-22
HLEGLAS,EQ,479.9,483.4,445.75,445.75,469.2,431598,1989.46,2026-09-22
HLVLTD,EQ,6.7,6.74,6.29,6.4,6.73,546868,35.21,2026-09-22
HMAAGRO,EQ,24.41,24.41,23.36,23.72,23.95,2088829,495.78,2026-09-22
HNDFDS,EQ,617.75,625.9,613.05,622.15,617.75,41151,255.05,2026-09-22
HNGSNGBEES,EQ,465.4,466.98,462.16,462.58,463.13,46908,217.61,2026-09-22
HOMEFIRST,EQ,1255.0,1255.0,1190.0,1212.5,1257.7,308917,3746.97,2026-09-22
HONASA,EQ,474.0,476.6,472.0,473.65,473.6,463681,2201.34,2026-09-22
HONAUT,EQ,34685.0,34890.0,33950.0,34025.0,34685.0,2713,932.69,2026-09-22
HONDAPOWER,EQ,1920.6,1938.0,1910.0,1916.5,1920.6,1669,32.07,2026-09-22
HORIZONIND,EQ,52.74,53.5,52.02,52.76,52.74,4274349,2252.97,2026-09-22
HPAL,EQ,36.65,36.65,35.26,35.39,35.93,27400,9.74,2026-09-22
HPIL,EQ,120.0,120.01,115.01,118.71,119.1,397,0.47,2026-09-22
HPL,EQ,283.3,291.45,278.2,279.85,283.15,102152,289.77,2026-09-22
HRYNSHP,EQ,92.01,100.95,92.01,99.85,99.99,332,0.33,2026-09-22
HSBCGOLD,EQ,131.74,133.0,130.51,131.14,131.63,4741,6.24,2026-09-22
HSCL,EQ,676.35,678.7,668.05,669.45,676.45,2081157,14007.96,2026-09-22
HTEL,EQ,73.39,74.48,70.15,70.96,72.52,1699824,1227.31,2026-09-22
HTMEDIA,EQ,24.05,24.75,23.77,24.45,24.04,77379,18.81,2026-09-22
HUBTOWN,EQ,175.73,179.25,175.06,175.61,175.73,225987,400.04,2026-09-22
HUDCO,EQ,173.5,174.49,171.99,172.4,173.23,970859,1677.86,2026-09-22
HUHTAMAKI,EQ,243.95,249.05,242.0,246.55,243.75,92529,228.15,2026-09-22
HYBRIDETF,EQ,10.02,10.02,9.92,9.98,9.98,3286,0.33,2026-09-22
HYUNDAI,EQ,2145.0,2152.8,2097.6,2101.0,2144.0,462118,9797.68,2026-09-22
IBULLSLTD,EQ,29.0,29.9,28.66,29.51,29.09,7641378,2246.26,2026-09-22
ICEMAKE,EQ,693.0,709.0,689.9,702.1,693.7,14608,102.14,2026-09-22
ICICIAMC,EQ,3207.0,3216.1,3141.0,3151.2,3207.8,335076,10621.1,2026-09-22
ICICIB22,EQ,109.84,113.61,109.84,112.46,112.66,267853,301.55,2026-09-22
ICICIBANK,EQ,1343.0,1347.2,1333.8,1339.6,1345.0,6433249,86230.52,2026-09-22
ICICIGI,EQ,1511.0,1513.8,1480.0,1480.0,1509.1,690497,10334.88,2026-09-22
ICICIPRULI,EQ,495.9,497.9,486.05,486.65,493.0,517509,2542.85,2026-09-22
ICIL,EQ,436.25,453.15,436.25,448.9,436.15,400281,1790.8,2026-09-22
ICRA,EQ,4558.0,4607.9,4552.0,4579.8,4545.7,64757,2966.34,2026-09-22
IDBI,EQ,83.25,84.0,82.7,82.88,83.06,4998773,4160.02,2026-09-22
IDEA,EQ,13.89,14.36,13.71,14.27,13.84,527812273,74526.36,2026-09-22
IDEAFORGE,EQ,765.0,775.95,727.75,741.4,766.05,216245,1630.18,2026-09-22
IDFCFIRSTB,EQ,85.64,86.1,84.9,85.37,85.8,7198920,6142.36,2026-09-22
IDFNIFTYET,EQ,259.85,259.97,257.59,259.13,259.6,791,2.05,2026-09-22
IEX,EQ,113.82,114.12,112.12,112.9,113.82,4454976,5023.01,2026-09-22
IFBAGRO,EQ,874.05,880.0,860.0,865.7,870.0,1783,15.56,2026-09-22
IFBIND,EQ,1220.0,1238.0,1210.5,1213.1,1222.3,16131,197.49,2026-09-22
IFCI,EQ,74.45,77.08,73.91,75.94,74.25,67877909,51454.71,2026-09-22
IFGLEXPOR,EQ,197.15,200.0,193.2,194.65,197.9,38262,75.32,2026-09-22
IGARASHI,EQ,426.0,432.15,421.2,424.0,424.25,43387,185.03,2026-09-22
IGCL,EQ,65.0,67.08,64.11,64.85,65.55,102898,67.59,2026-09-22
IGIL,EQ,324.0,332.25,323.2,326.95,323.8,1036006,3397.24,2026-09-22
IGL,EQ,148.71,148.99,145.5,146.68,148.85,2535771,3718.84,2026-09-22
IGPL,EQ,585.0,585.0,558.7,563.4,576.75,65381,371.54,2026-09-22
IIFL,EQ,608.0,620.0,604.0,617.55,608.1,1734500,10667.2,2026-09-22
IIFLCAPS,EQ,344.5,345.9,342.0,345.05,344.4,284144,977.85,2026-09-22
IITL,EQ,142.78,163.0,140.16,143.4,143.02,93108,133.54,2026-09-22
IKIO,EQ,213.68,216.8,203.83,205.98,211.68,266100,552.71,2026-09-22
IKS,EQ,1771.7,1886.0,1771.3,1869.2,1782.8,486580,9006.34,2026-09-22
IMAGICAA,EQ,53.05,54.1,52.03,52.4,52.87,462703,245.78,2026-09-22
IMFA,EQ,1240.0,1270.0,1238.0,1252.8,1238.0,76934,966.29,2026-09-22
IMPAL,EQ,1084.0,1129.0,1071.0,1075.0,1077.2,1353,14.66,2026-09-22
INA,EQ,91.05,95.9,91.05,92.56,90.72,755835,708.66,2026-09-22
INCREDIBLE,EQ,33.01,33.01,32.32,32.51,33.11,786,0.26,2026-09-22
INDBANK,EQ,25.7,25.95,25.5,25.65,25.47,14492,3.72,2026-09-22
INDGN,EQ,596.0,600.35,588.0,592.1,595.95,192223,1142.0,2026-09-22
INDHOTEL,EQ,749.4,749.4,735.75,736.25,745.0,1255870,9308.77,2026-09-22
INDIACEM,EQ,348.6,348.6,339.6,340.65,345.0,97438,334.43,2026-09-22
INDIAGLYCO,EQ,257.8,258.5,252.0,253.6,255.8,284894,724.32,2026-09-22
INDIAMART,EQ,1635.0,1645.0,1630.0,1635.2,1631.4,39293,642.15,2026-09-22
INDIANB,EQ,844.95,850.8,835.5,840.8,841.0,498899,4193.23,2026-09-22
INDIANCARD,EQ,207.11,213.0,207.08,212.95,206.05,641,1.36,2026-09-22
INDIANHUME,EQ,364.0,377.0,359.0,367.9,362.95,61624,226.83,2026-09-22
INDIASHLTR,EQ,680.0,681.15,660.7,662.15,674.6,48202,320.43,2026-09-22
INDIGO,EQ,5000.0,5064.0,4943.0,5030.0,4941.0,873833,43654.24,2026-09-22
INDIGOPNTS,EQ,1131.0,1149.9,1117.0,1142.0,1130.5,48417,552.06,2026-09-22
INDIQUBE,EQ,190.81,192.29,183.85,187.96,188.34,67403,126.01,2026-09-22
INDNIPPON,EQ,1254.0,1276.0,1226.8,1237.0,1238.6,38127,475.04,2026-09-22
INDOBORAX,EQ,467.0,473.95,461.0,463.55,463.85,32044,149.23,2026-09-22
INDOCO,EQ,259.25,262.99,253.1,254.51,257.59,149543,386.19,2026-09-22
INDOFARM,EQ,142.0,144.29,139.0,139.9,143.36,84078,118.84,2026-09-22
INDOKEM,EQ,625.0,640.0,601.65,607.2,614.6,3087,18.89,2026-09-22
INDOMIM,EQ,1155.0,1248.0,1146.65,1233.3,1161.45,8175941,99030.42,2026-09-22
INDORAMA,EQ,106.18,112.3,102.26,103.57,106.55,4610713,4947.6,2026-09-22
INDOSTAR,EQ,234.55,237.37,230.0,231.58,235.45,35719,82.93,2026-09-22
INDOTECH,EQ,3313.5,3359.9,3249.1,3279.0,3313.5,11936,392.73,2026-09-22
INDOTHAI,EQ,34.0,34.79,32.38,32.38,34.08,1578498,519.55,2026-09-22
INDOUS,EQ,79.7,79.7,78.0,78.99,78.5,4002,3.14,2026-09-22
INDOWIND,EQ,9.06,9.14,8.85,9.0,8.92,84149,7.58,2026-09-22
INDPRUD,EQ,6273.0,6273.0,6271.0,6273.0,6295.5,21,1.32,2026-09-22
INDRAMEDCO,EQ,369.5,369.65,357.0,360.95,365.95,148051,540.33,2026-09-22
INDSWFTLAB,EQ,388.0,417.0,386.2,405.55,379.4,2018474,8163.51,2026-09-22
INDTERRAIN,EQ,29.02,29.52,28.63,29.2,29.02,13764,3.99,2026-09-22
INDUSINDBK,EQ,959.0,963.5,949.3,955.0,956.0,971946,9290.47,2026-09-22
INDUSTOWER,EQ,377.65,382.1,373.65,382.1,377.65,3537704,13378.17,2026-09-22
INFOBEAN,EQ,153.88,153.88,150.45,151.05,152.45,115367,174.97,2026-09-22
INFOMEDIA,EQ,5.65,5.65,5.16,5.34,5.48,10392,0.55,2026-09-22
INFRA,EQ,11.92,11.92,11.78,11.78,11.85,12256,1.45,2026-09-22
INFRABEES,EQ,940.97,944.47,929.88,931.64,936.29,7995,74.74,2026-09-22
INFRAIETF,EQ,93.4,93.78,92.65,93.09,93.16,67131,62.49,2026-09-22
INFY,EQ,1037.7,1041.0,1019.2,1029.4,1038.5,9341109,95960.77,2026-09-22
INGERRAND,EQ,4210.0,4249.0,4140.0,4146.7,4206.4,14361,599.37,2026-09-22
INNOVACAP,EQ,1207.6,1237.9,1204.2,1226.7,1198.3,56049,685.61,2026-09-22
INNOVANA,EQ,307.0,307.9,291.05,295.3,304.5,44589,132.63,2026-09-22
INNOVISION,EQ,253.6,255.95,250.85,254.45,253.3,5564,14.16,2026-09-22
INOXGREEN,EQ,172.34,175.9,169.26,171.41,172.34,1945949,3350.33,2026-09-22
INOXINDIA,EQ,2130.7,2175.5,2097.7,2133.7,2089.2,376256,8060.99,2026-09-22
INOXWIND,EQ,78.03,78.89,77.4,77.9,77.5,10089416,7893.35,2026-09-22
INSECTICID,EQ,598.95,616.85,596.5,611.6,598.95,37873,230.71,2026-09-22
INSPIRISYS,EQ,89.79,89.79,87.0,88.99,87.15,1156,1.02,2026-09-22
INSUREIETF,EQ,15.44,16.0,15.09,15.17,15.22,427861,65.24,2026-09-22
INTELLECT,EQ,660.5,664.65,644.95,647.75,659.1,466891,3038.76,2026-09-22
INTENTECH,EQ,81.0,85.88,79.0,81.35,81.26,38938,31.56,2026-09-22
INTERARCH,EQ,1715.0,1733.7,1692.0,1701.6,1709.4,32052,549.02,2026-09-22
INTERNET,EQ,14.86,15.0,14.8,14.97,14.8,321002,47.99,2026-09-22
INTLCONV,EQ,75.22,78.3,75.22,77.86,75.35,41166,31.82,2026-09-22
INVENTURE,EQ,0.89,0.91,0.89,0.89,0.89,1112088,10.01,2026-09-22
IOB,EQ,32.06,32.2,31.85,31.92,32.06,1483150,474.77,2026-09-22
IOC,EQ,137.53,139.3,136.8,137.8,136.53,11156453,15387.6,2026-09-22
IOLCP,EQ,203.05,206.19,193.46,200.39,202.91,2518148,5078.46,2026-09-22
IONEXCHANG,EQ,432.25,442.95,422.9,429.8,432.25,197060,854.55,2026-09-22
IPCALAB,EQ,2015.5,2037.0,1980.0,1992.4,2008.2,122345,2455.27,2026-09-22
IPL,EQ,135.8,135.9,133.2,133.47,134.43,173144,232.06,2026-09-22
IPRINGLTD,EQ,137.0,138.99,132.0,135.95,140.42,2867,3.89,2026-09-22
IRB,EQ,18.1,18.27,17.93,17.98,18.1,16358591,2949.7,2026-09-22
IRCON,EQ,109.0,110.9,108.66,109.09,108.85,1704761,1872.48,2026-09-22
IRCTC,EQ,472.0,474.6,466.35,469.65,470.7,431674,2034.57,2026-09-22
IREDA,EQ,111.25,112.19,110.0,110.25,111.0,2673698,2966.8,2026-09-22
IRFC,EQ,80.51,80.8,79.8,80.0,80.22,4813566,3859.35,2026-09-22
IRIS,EQ,246.5,248.99,232.5,236.43,245.37,25387,60.3,2026-09-22
IRISDOREME,EQ,64.81,68.0,63.2,66.24,64.81,2598455,1719.1,2026-09-22
IRMENERGY,EQ,269.0,273.0,267.6,268.35,271.75,39213,105.83,2026-09-22
ISFT,EQ,93.98,108.24,91.65,104.02,92.09,385240,387.88,2026-09-22
ISGEC,EQ,851.4,859.4,835.0,840.75,852.85,64283,545.72,2026-09-22
ISHANCH,EQ,53.35,53.39,50.0,50.78,49.7,73746,37.28,2026-09-22
ISTLTD,EQ,652.0,680.0,642.5,675.75,652.0,1091,7.25,2026-09-22
IT,EQ,32.1,32.11,31.55,31.78,32.14,588058,186.76,2026-09-22
ITADD,EQ,30.55,30.55,30.12,30.45,30.63,22170,6.73,2026-09-22
ITAXIS,EQ,325.48,325.48,313.0,315.69,321.5,2172,6.84,2026-09-22
ITBEES,EQ,32.34,32.34,31.55,31.77,32.12,11585503,3679.07,2026-09-22
ITBETA,EQ,301.33,309.0,299.3,309.0,304.29,540,1.62,2026-09-22
ITC,EQ,267.9,268.25,264.75,265.8,267.0,7177847,19111.24,2026-09-22
ITCHOTELS,EQ,157.0,159.78,157.0,158.6,155.86,1872495,2975.05,2026-09-22
ITDC,EQ,651.95,723.7,651.0,705.75,651.95,3480946,24664.61,2026-09-22
ITETF,EQ,30.6,30.6,30.09,30.33,30.59,531253,160.87,2026-09-22
ITI,EQ,255.35,257.8,252.8,253.25,255.25,182578,466.12,2026-09-22
ITIETF,EQ,32.13,32.19,31.58,31.82,32.13,583650,185.29,2026-09-22
ITL,EQ,367.35,369.9,361.1,365.75,363.9,1430,5.24,2026-09-22
IVALUE,EQ,224.79,229.8,221.22,225.48,221.33,165371,373.4,2026-09-22
IVC,EQ,7.83,7.99,7.72,7.78,7.83,153235,11.96,2026-09-22
IVZBANKNF,EQ,56.54,56.57,56.15,56.24,56.39,35,0.02,2026-09-22
IVZINGOLD,EQ,132.0,132.1,130.65,131.55,132.05,47281,62.14,2026-09-22
IVZINNIFTY,EQ,269.7,269.7,267.61,268.0,268.95,102,0.27,2026-09-22
IVZSENSEX,EQ,77.0,77.0,74.6,74.6,75.13,2559,1.92,2026-09-22
IWP,EQ,34.18,34.5,33.66,34.47,33.84,2747,0.94,2026-09-22
IXIGO,EQ,161.85,165.26,160.65,163.28,160.98,892824,1454.83,2026-09-22
IZMO,EQ,934.0,979.9,929.2,931.55,930.1,189787,1812.14,2026-09-22
J&KBANK,EQ,146.11,147.9,145.26,145.94,145.95,832954,1218.39,2026-09-22
JAGRAN,EQ,62.9,62.94,62.01,62.44,62.53,109716,68.51,2026-09-22
JAGSNPHARM,EQ,226.81,230.09,224.1,225.68,226.81,29107,65.98,2026-09-22
JAIBALAJI,EQ,64.01,65.63,64.01,64.33,63.56,233054,150.69,2026-09-22
JAICORPLTD,EQ,95.05,96.39,92.9,94.25,95.02,287511,272.04,2026-09-22
JAINREC,EQ,274.95,299.8,274.85,291.25,272.75,15629652,45537.43,2026-09-22
JAIPURKURT,EQ,25.3,25.3,24.1,24.79,24.9,9986,2.45,2026-09-22
JAMNAAUTO,EQ,129.4,131.4,127.27,127.99,129.24,1646548,2133.27,2026-09-22
JARO,EQ,474.85,483.2,457.3,460.4,474.85,80130,375.04,2026-09-22
JASH,EQ,583.0,603.0,576.35,584.75,575.9,2189614,12861.17,2026-09-22
JAYAGROGN,EQ,232.0,238.0,227.67,233.47,235.12,12637,29.65,2026-09-22
JAYBARMARU,EQ,109.01,112.7,108.45,110.58,109.85,244474,269.9,2026-09-22
JAYKAY,EQ,189.0,194.99,186.46,189.5,187.56,1302037,2482.78,2026-09-22
JAYNECOIND,EQ,91.74,92.1,89.81,90.28,91.6,1316788,1197.29,2026-09-22
JAYSREETEA,EQ,90.3,90.81,88.5,88.75,90.26,19817,17.72,2026-09-22
JBMA,EQ,592.0,606.95,591.0,593.15,592.05,324713,1943.49,2026-09-22
JENBURPH,EQ,997.5,997.7,949.8,957.2,979.6,2235,21.8,2026-09-22
JETFREIGHT,EQ,22.3,22.82,21.11,22.15,21.47,571916,126.99,2026-09-22
JGCHEM,EQ,622.0,644.4,606.1,610.35,618.0,314170,1952.52,2026-09-22
JHS,EQ,8.54,8.88,8.2,8.34,8.54,83247,6.99,2026-09-22
JINDALPHOT,EQ,1129.9,1129.9,1088.0,1097.2,1111.8,925,10.18,2026-09-22
JINDALPOLY,EQ,743.95,748.0,712.1,721.9,741.5,18243,132.36,2026-09-22
JINDALSAW,EQ,293.35,296.55,285.7,286.45,293.05,873761,2530.07,2026-09-22
JINDALSTEL,EQ,1135.0,1147.5,1131.0,1141.0,1130.6,891592,10180.11,2026-09-22
JINDRILL,EQ,576.0,592.4,576.0,587.65,576.5,178381,1044.03,2026-09-22
JINDWORLD,EQ,50.46,53.5,49.7,52.22,49.81,15568112,8119.35,2026-09-22
JIOFIN,EQ,231.3,234.0,229.34,230.7,229.97,8586144,19851.91,2026-09-22
JISLDVREQS,EQ,21.49,21.49,20.4,20.53,21.0,37989,7.85,2026-09-22
JISLJALEQS,EQ,31.09,31.34,28.85,28.93,30.96,7791317,2306.49,2026-09-22
JITFINFRA,EQ,280.3,289.4,280.3,282.7,282.25,12947,36.83,2026-09-22
JKCEMENT,EQ,5090.5,5175.0,5050.0,5104.0,5087.0,19306,988.21,2026-09-22
JKIL,EQ,484.3,486.0,472.8,478.0,479.5,71045,339.6,2026-09-22
JKIPL,EQ,101.9,102.79,97.55,99.24,101.9,6931,6.98,2026-09-22
JKLAKSHMI,EQ,515.75,523.0,507.0,507.8,515.75,62075,317.78,2026-09-22
JKPAPER,EQ,423.45,425.85,415.0,416.4,422.9,245359,1025.78,2026-09-22
JKTYRE,EQ,348.75,352.55,345.15,346.5,346.9,478597,1667.44,2026-09-22
JLHL,EQ,276.0,278.95,273.4,274.8,275.55,54029,149.24,2026-09-22
JMA,EQ,90.79,91.6,89.29,90.82,88.3,11615,10.52,2026-09-22
JMFINANCIL,EQ,126.26,128.5,126.0,126.31,126.26,1411675,1793.08,2026-09-22
JNKINDIA,EQ,409.9,420.0,405.0,413.95,409.0,83207,343.15,2026-09-22
JNPR,EQ,270.5,275.7,266.4,268.7,270.9,423701,1142.29,2026-09-22
JOCIL,EQ,146.0,157.76,143.02,146.4,143.28,3829,5.64,2026-09-22
JPOLYINVST,EQ,984.35,989.95,970.3,972.75,974.75,1503,14.71,2026-09-22
JPPOWER,EQ,16.55,16.57,16.02,16.17,16.48,107197215,17410.06,2026-09-22
JSFB,EQ,535.0,549.85,532.0,533.7,531.3,1228918,6648.93,2026-09-22
JSL,EQ,749.0,750.1,738.5,743.45,751.45,890183,6610.34,2026-09-22
JSLL,EQ,507.1,530.75,507.1,515.4,508.1,504867,2629.61,2026-09-22
JSWCEMENT,EQ,117.0,118.1,115.91,116.7,116.36,3073613,3587.69,2026-09-22
JSWDULUX,EQ,3173.8,3192.0,3122.5,3137.1,3159.5,26982,847.42,2026-09-22
JSWENERGY,EQ,517.0,522.05,515.35,518.0,517.0,1108603,5758.64,2026-09-22
JSWHL,EQ,11151.0,11424.0,11038.0,11219.0,11205.0,2737,306.95,2026-09-22
JSWINFRA,EQ,351.45,375.5,351.3,367.6,349.6,17124150,62864.41,2026-09-22
JSWSTEEL,EQ,1274.7,1277.5,1264.4,1267.0,1268.6,874592,11110.07,2026-09-22
JTEKTINDIA,EQ,115.67,117.32,115.6,116.49,115.37,64920,75.7,2026-09-22
JTLIND,EQ,89.05,91.52,88.6,89.21,88.92,1285481,1154.67,2026-09-22
JUBLCPL,EQ,2129.4,2132.9,2053.3,2099.1,2111.4,5028,105.61,2026-09-22
JUBLFOOD,EQ,487.65,495.9,487.0,491.1,487.05,1745967,8595.75,2026-09-22
JUBLINGREA,EQ,631.0,637.8,613.35,617.6,627.25,216018,1349.33,2026-09-22
JUBLPHARMA,EQ,1052.6,1079.05,1045.4,1070.85,1049.25,192545,2047.27,2026-09-22
JUNIORBEES,EQ,786.06,786.07,777.0,778.55,782.31,232951,1819.89,2026-09-22
JUNIPER,EQ,225.0,229.0,220.84,222.8,222.92,118013,263.59,2026-09-22
JUSTDIAL,EQ,682.95,694.0,675.05,682.6,682.7,124991,856.23,2026-09-22
JWL,EQ,230.0,232.9,227.51,228.63,228.06,657865,1513.36,2026-09-22
JYOTHYLAB,EQ,195.17,196.0,193.55,193.97,194.67,168293,327.07,2026-09-22
JYOTICNC,EQ,1110.05,1114.0,1072.25,1084.3,1113.85,1090012,11958.99,2026-09-22
JYOTIRES,EQ,842.5,859.25,832.8,840.0,842.45,5238,44.09,2026-09-22
JYOTISTRUC,EQ,9.08,9.33,9.08,9.19,9.08,2694027,248.29,2026-09-22
KABRAEXTRU,EQ,676.1,683.3,662.0,666.25,676.1,96279,642.61,2026-09-22
KAJARIACER,EQ,1203.9,1205.3,1176.6,1183.6,1200.5,126005,1494.96,2026-09-22
KAKATCEM,EQ,110.4,110.4,105.1,109.75,108.85,2050,2.21,2026-09-22
KALAMANDIR,EQ,79.53,79.96,77.51,78.08,79.14,352318,277.08,2026-09-22
KALPATARU,EQ,271.0,273.95,267.0,268.4,269.9,19444,52.46,2026-09-22
KALYANKJIL,EQ,583.85,590.95,578.9,583.1,581.5,3440026,20083.12,2026-09-22
KAMAHOLD,EQ,2280.0,2280.0,2230.0,2236.4,2250.0,2484,55.65,2026-09-22
KAMANWALA,EQ,16.52,17.3,16.52,16.56,17.4,250,0.04,2026-09-22
KAMATHOTEL,EQ,238.91,242.49,233.43,237.05,236.44,68823,163.63,2026-09-22
KAMDHENU,EQ,43.19,43.7,41.0,41.51,42.48,1778308,752.14,2026-09-22
KAMOPAINTS,EQ,4.3,4.41,4.12,4.26,4.34,412431,17.43,2026-09-22
KANANIIND,EQ,1.41,1.43,1.4,1.42,1.42,97331,1.37,2026-09-22
KANCHI,EQ,382.0,404.15,381.25,395.45,384.95,816,3.18,2026-09-22
KANCOTEA,EQ,54.59,56.85,54.59,56.85,54.59,151,0.08,2026-09-22
KANOHAR,EQ,880.15,904.6,847.1,870.5,866.95,5305723,46094.61,2026-09-22
KANPRPLA,EQ,256.75,268.8,252.1,266.75,254.8,33973,90.06,2026-09-22
KANSAINER,EQ,183.0,183.83,180.06,180.98,182.27,129858,236.28,2026-09-22
KAPSTON,EQ,578.0,591.0,565.3,570.55,577.95,93628,542.7,2026-09-22
KARAMTARA,EQ,360.0,382.15,360.0,365.1,356.95,5727743,21103.12,2026-09-22
KARMAENG,EQ,41.6,41.6,40.05,40.1,41.02,4026,1.63,2026-09-22
KARURVYSYA,EQ,328.35,328.95,318.0,320.15,326.15,2085010,6689.45,2026-09-22
KAYNES,EQ,3599.0,3599.0,3425.0,3455.0,3650.0,3022938,105945.69,2026-09-22
KCP,EQ,159.42,161.4,155.42,157.4,159.42,121658,191.69,2026-09-22
KDDL,EQ,4052.5,4104.0,3940.1,3973.1,4006.8,35491,1421.97,2026-09-22
KDGREEN,EQ,50.08,51.99,50.0,50.01,51.41,90966,45.95,2026-09-22
KEC,EQ,405.1,408.7,390.5,391.55,403.3,1574562,6237.98,2026-09-22
KECL,EQ,120.8,126.0,118.97,121.21,118.43,162499,198.63,2026-09-22
KEEPLEARN,EQ,1.94,1.94,1.84,1.84,1.88,9184,0.17,2026-09-22
KEI,EQ,4648.0,4657.0,4548.0,4575.0,4596.0,182004,8356.85,2026-09-22
KELLTONTEC,EQ,13.71,13.88,13.65,13.7,13.69,1040960,143.11,2026-09-22
KENNAMET,EQ,4400.0,4499.9,4323.5,4379.4,4348.3,35892,1587.67,2026-09-22
KERNEX,EQ,1787.0,1789.0,1732.0,1744.7,1779.7,119313,2094.33,2026-09-22
KEYFINSERV,EQ,250.0,250.0,238.3,240.05,241.45,276,0.67,2026-09-22
KFINTECH,EQ,896.9,905.75,891.6,898.0,896.7,569715,5119.04,2026-09-22
KHAICHEM,EQ,49.55,50.32,49.26,50.02,49.55,85997,42.92,2026-09-22
KHAITANLTD,EQ,150.39,152.2,149.1,151.82,149.65,824,1.24,2026-09-22
KHANDSE,EQ,17.76,17.93,17.0,17.91,17.15,1004,0.18,2026-09-22
KICL,EQ,4951.0,5048.0,4900.0,5005.5,4954.0,1575,78.26,2026-09-22
KIMS,EQ,789.7,801.95,788.0,789.8,788.85,158613,1260.11,2026-09-22
KINGFA,EQ,6062.0,6300.0,6056.0,6168.5,6062.0,21396,1323.07,2026-09-22
KIOCL,EQ,342.0,351.0,338.0,342.55,341.0,76799,265.09,2026-09-22
KIRANVYPAR,EQ,221.78,221.78,207.38,218.79,207.89,7877,17.2,2026-09-22
KIRIINDUS,EQ,541.0,555.0,538.5,540.5,537.5,507200,2771.99,2026-09-22
KIRLFER,EQ,484.75,487.7,473.3,479.85,480.5,86299,414.9,2026-09-22
KIRLOSBROS,EQ,1790.1,1824.9,1772.0,1775.3,1797.0,22481,402.63,2026-09-22
KIRLOSENG,EQ,2132.0,2178.0,2130.5,2165.0,2132.4,236947,5122.85,2026-09-22
KIRLOSIND,EQ,3722.2,3743.9,3650.0,3667.2,3722.2,8029,295.93,2026-09-22
KIRLPNU,EQ,711.8,728.2,705.3,706.8,714.45,71425,512.58,2026-09-22
KISSHT,EQ,362.5,372.0,350.5,352.55,362.5,1816221,6548.21,2026-09-22
KITEX,EQ,116.13,123.73,116.13,119.48,116.12,814091,981.35,2026-09-22
KJMCFIN,EQ,61.73,64.0,61.73,61.8,64.97,352,0.22,2026-09-22
KKCL,EQ,490.45,491.0,476.05,484.8,486.0,29062,140.36,2026-09-22
KLBRENG-B,EQ,461.15,525.0,461.15,519.5,460.0,1923203,9816.67,2026-09-22
KMCSHIL,EQ,162.95,166.3,157.52,159.61,160.45,735446,1193.72,2026-09-22
KMEW,EQ,2898.0,3029.9,2895.0,2976.7,2878.9,186241,5567.38,2026-09-22
KMSUGAR,EQ,28.69,29.45,28.66,28.85,28.69,114356,33.11,2026-09-22
KNACK,EQ,183.0,186.48,183.0,185.55,182.66,348907,646.37,2026-09-22
KNAGRI,EQ,207.0,208.0,201.23,203.95,202.63,2275,4.67,2026-09-22
KNRCON,EQ,122.5,123.23,119.8,120.04,121.93,1303513,1576.84,2026-09-22
KOHINOOR,EQ,30.77,31.36,30.53,31.06,30.76,120015,37.23,2026-09-22
KOKUYOCMLN,EQ,77.7,77.8,75.0,75.71,76.25,37342,28.46,2026-09-22
KOLTEPATIL,EQ,426.9,440.95,426.4,435.55,426.4,99378,434.38,2026-09-22
KOPRAN,EQ,282.9,285.49,270.0,276.44,282.98,603842,1669.46,2026-09-22
KOTAKBANK,EQ,416.5,417.8,412.55,412.65,414.8,3795161,15736.01,2026-09-22
KOTHARIPET,EQ,135.5,137.77,134.0,134.16,136.05,49825,67.35,2026-09-22
KOTHARIPRO,EQ,65.0,65.0,63.0,63.67,63.23,9366,5.97,2026-09-22
KOTIC,EQ,147.89,163.0,145.2,146.89,145.25,321420,499.5,2026-09-22
KOVAI,EQ,6221.0,6221.0,6085.5,6153.5,6179.0,1546,94.74,2026-09-22
KPEL,EQ,233.8,239.8,228.1,230.94,232.32,464862,1089.92,2026-09-22
KPIGREEN,EQ,321.4,350.0,321.4,346.45,321.4,10752256,36450.63,2026-09-22
KPIL,EQ,1440.6,1443.7,1392.1,1400.1,1439.1,117910,1661.73,2026-09-22
KPITTECH,EQ,539.9,539.9,524.0,529.05,536.8,1583599,8420.3,2026-09-22
KPL,EQ,3819.9,3819.9,3682.0,3752.8,3844.9,58050,2169.92,2026-09-22
KPRMILL,EQ,1121.0,1131.9,1105.5,1120.8,1119.3,109610,1229.29,2026-09-22
KRBL,EQ,391.0,394.95,386.55,389.9,393.15,247235,965.33,2026-09-22
KREBSBIO,EQ,56.08,59.5,56.08,56.86,56.22,5820,3.34,2026-09-22
KRIDHANINF,EQ,1.86,1.86,1.81,1.85,1.86,23202,0.43,2026-09-22
KRISHANA,EQ,185.0,189.99,185.0,189.55,182.4,829723,1562.61,2026-09-22
KRISHIVAL,EQ,418.0,418.9,413.0,415.7,417.1,6275,26.1,2026-09-22
KRISHNADEF,EQ,1040.0,1074.2,1018.1,1025.6,1037.6,69961,723.62,2026-09-22
KRITI,EQ,58.52,59.99,58.0,59.75,59.01,22034,12.96,2026-09-22
KRITIKA,EQ,5.1,5.17,4.9,5.04,5.1,113844,5.74,2026-09-22
KRITINUT,EQ,80.55,82.45,80.1,80.66,81.29,6993,5.63,2026-09-22
KRN,EQ,1437.0,1448.0,1406.1,1420.1,1416.5,159708,2273.41,2026-09-22
KROSS,EQ,260.0,262.58,254.51,256.13,256.93,1039237,2681.02,2026-09-22
KRSNAA,EQ,554.0,573.9,551.05,557.85,554.65,185318,1043.96,2026-09-22
KRYSTAL,EQ,649.65,654.9,637.6,638.8,652.2,12729,81.87,2026-09-22
KSB,EQ,802.6,822.0,802.6,820.15,802.6,145461,1188.25,2026-09-22
KSCL,EQ,715.0,715.75,698.0,699.7,710.65,41522,292.48,2026-09-22
KSE,EQ,181.02,182.0,178.81,179.96,180.32,5068,9.15,2026-09-22
KSHINTL,EQ,1035.0,1068.95,1032.0,1040.95,1032.15,166419,1742.57,2026-09-22
KSHITIJPOL,EQ,4.61,4.62,4.61,4.61,4.4,8716105,402.48,2026-09-22
KSL,EQ,944.45,962.0,943.6,959.15,944.45,46816,446.99,2026-09-22
KSOLVES,EQ,253.25,254.45,250.0,250.75,252.15,17191,43.24,2026-09-22
KTKBANK,EQ,315.95,334.0,315.0,331.5,314.55,3195855,10444.16,2026-09-22
KUANTUM,EQ,80.46,87.0,78.0,84.95,80.74,356156,294.13,2026-09-22
KUSUMGAR,EQ,609.35,634.0,606.05,616.15,610.35,600887,3748.48,2026-09-22
KWIL,EQ,42.39,42.98,41.71,41.99,42.09,11145561,4708.62,2026-09-22
LAGNAM,EQ,75.5,76.0,72.5,74.01,75.5,6107,4.53,2026-09-22
LAHOTIOV,EQ,39.98,40.97,39.56,40.68,39.89,1423,0.57,2026-09-22
LAKSHMIMIL,EQ,7755.0,7755.0,7700.0,7700.0,7750.0,7,0.54,2026-09-22
LAL,EQ,8.85,8.92,8.28,8.66,8.61,320607,27.4,2026-09-22
LALITHAA,EQ,325.0,336.1,324.9,336.1,320.1,4493449,15083.13,2026-09-22
LALPATHLAB,EQ,1920.4,1944.0,1903.1,1909.8,1920.4,262090,5035.37,2026-09-22
LAMBODHARA,EQ,120.01,122.0,115.57,116.08,120.61,11958,14.07,2026-09-22
LANCER,EQ,11.82,11.99,11.55,11.69,11.8,253663,29.95,2026-09-22
LANDMARK,EQ,500.0,514.2,496.85,510.5,502.1,64035,324.73,2026-09-22
LANDSMILL,EQ,0.56,0.56,0.54,0.54,0.55,4275266,23.4,2026-09-22
LAOPALA,EQ,161.8,163.36,159.3,160.61,161.59,77552,124.93,2026-09-22
LARGEMID50,EQ,35.67,35.67,35.39,35.46,35.63,92,0.03,2026-09-22
LASERPOWER,EQ,276.15,280.0,272.9,275.05,275.95,379905,1050.45,2026-09-22
LATENTVIEW,EQ,254.8,254.8,249.65,250.55,252.45,306722,770.67,2026-09-22
LATTEYS,EQ,20.04,20.94,20.04,20.48,20.19,46555,9.54,2026-09-22
LAURUSLABS,EQ,2018.0,2032.8,2002.2,2006.5,2017.5,1487044,29971.56,2026-09-22
LAXMICOT,EQ,12.94,13.3,12.56,13.05,12.94,7690,0.99,2026-09-22
LAXMIDENTL,EQ,194.42,196.35,192.6,193.18,194.9,62927,121.79,2026-09-22
LAXMIINDIA,EQ,124.82,128.97,123.0,123.73,125.32,159542,199.27,2026-09-22
LCCINFOTEC,EQ,3.6,3.7,3.4,3.66,3.53,373518,13.52,2026-09-22
LCCPROJECT,EQ,145.0,155.12,142.25,147.56,141.33,6263543,9315.25,2026-09-22
LCL,EQ,560.35,590.0,558.45,580.3,560.35,711729,4103.85,2026-09-22
LEAPIND,EQ,146.5,149.98,145.63,148.44,145.9,2591990,3841.13,2026-09-22
LEMERITE,EQ,18.99,19.19,17.94,18.94,18.35,499276,91.2,2026-09-22
LEMONTREE,EQ,106.49,108.7,105.91,107.51,105.99,2586160,2784.44,2026-09-22
LENSKART,EQ,685.0,697.0,669.3,691.45,683.85,6868715,47315.21,2026-09-22
LEXUS,EQ,13.67,13.67,12.3,12.47,13.24,96413,12.18,2026-09-22
LFIC,EQ,135.4,138.98,133.66,135.3,132.52,122,0.17,2026-09-22
LGBBROSLTD,EQ,1735.0,1745.9,1723.3,1730.2,1731.4,19648,340.34,2026-09-22
LGEINDIA,EQ,1661.1,1684.8,1657.0,1663.7,1656.3,427916,7121.07,2026-09-22
LGHL,EQ,190.0,190.0,177.0,177.38,177.2,6393,11.48,2026-09-22
LIBAS,EQ,13.19,13.19,12.5,12.58,12.79,138738,17.62,2026-09-22
LIBERTSHOE,EQ,220.75,223.95,217.1,218.54,220.75,9624,21.16,2026-09-22
LICHSGFIN,EQ,569.0,573.95,563.2,565.0,568.0,2772548,15787.65,2026-09-22
LICI,EQ,400.85,406.8,399.55,404.55,400.0,5528988,22305.63,2026-09-22
LICMFGOLD,EQ,136.85,136.9,135.2,135.8,136.45,48124,65.41,2026-09-22
LICNETFGSC,EQ,29.36,29.72,29.21,29.21,29.27,103950,30.37,2026-09-22
LICNETFN50,EQ,262.55,264.42,261.47,263.27,264.18,2332,6.1,2026-09-22
LICNETFSEN,EQ,843.34,843.34,843.34,843.34,843.34,4,0.03,2026-09-22
LICNFNHGP,EQ,276.95,276.95,268.19,272.55,270.2,240,0.65,2026-09-22
LICNMID100,EQ,63.18,63.18,61.58,61.89,62.5,10260,6.39,2026-09-22
LIKHITHA,EQ,220.85,229.95,220.85,227.96,218.6,62359,141.29,2026-09-22
LINC,EQ,93.89,93.89,90.35,92.37,91.57,9400,8.65,2026-09-22
LINCOLN,EQ,610.0,612.0,590.35,594.35,601.55,21211,127.1,2026-09-22
LINDEINDIA,EQ,6287.0,6479.5,6276.5,6320.0,6276.5,30577,1949.25,2026-09-22
LIQGRWBEES,EQ,1056.44,1056.46,1056.44,1056.45,1056.31,54659,577.44,2026-09-22
LIQUID,EQ,999.99,1000.0,999.99,999.99,999.99,175256,1752.55,2026-09-22
LIQUID1,EQ,1124.7,1124.7,1123.66,1123.66,1123.51,630809,7088.19,2026-09-22
LIQUIDADD,EQ,1145.77,1145.79,1145.77,1145.78,1145.63,786773,9014.76,2026-09-22
LIQUIDBEES,EQ,1000.0,1000.01,999.22,1000.0,1000.0,2523773,25237.78,2026-09-22
LIQUIDBETF,EQ,1099.77,1099.78,1099.76,1099.77,1099.64,132373,1455.8,2026-09-22
LIQUIDCASE,EQ,116.02,116.04,116.02,116.03,116.01,14665202,17016.32,2026-09-22
LIQUIDETF,EQ,1000.0,1000.01,999.99,999.99,1000.0,66236,662.36,2026-09-22
LIQUIDIETF,EQ,1000.0,1000.01,999.99,999.99,999.99,663727,6637.27,2026-09-22
LIQUIDPLUS,EQ,1104.06,1104.22,1104.06,1104.21,1104.06,563717,6224.65,2026-09-22
LIQUIDSBI,EQ,1000.0,1000.01,999.99,1000.01,999.99,3916,39.16,2026-09-22
LIQUIDSHRI,EQ,1122.42,1122.44,1122.42,1122.43,1122.28,11842,132.92,2026-09-22
LKPSEC,EQ,15.45,16.55,15.15,15.31,15.06,5275,0.82,2026-09-22
LLOYDSENGG,EQ,85.86,88.9,85.5,85.73,85.01,8563009,7458.98,2026-09-22
LLOYDSENT,EQ,70.5,72.84,69.81,70.41,70.49,3151980,2237.02,2026-09-22
LLOYDSME,EQ,1830.9,1884.0,1828.1,1857.4,1824.6,498981,9270.1,2026-09-22
LMW,EQ,17440.0,17470.0,17025.0,17077.0,17313.0,3430,588.48,2026-09-22
LODHA,EQ,1150.0,1159.6,1135.1,1144.0,1138.0,647829,7433.31,2026-09-22
LOKESHMACH,EQ,338.0,348.75,335.0,337.15,336.15,29943,101.89,2026-09-22
LORDSCHLO,EQ,138.6,140.0,135.21,138.3,138.3,5742,7.94,2026-09-22
LOTUSCHO,EQ,590.0,590.0,574.4,586.4,577.8,469,2.75,2026-09-22
LOTUSEYE,EQ,114.68,115.02,113.0,114.97,114.68,6701,7.69,2026-09-22
LOVABLE,EQ,70.44,72.0,69.4,71.27,70.44,14944,10.5,2026-09-22
LOWVOL,EQ,200.45,200.45,199.0,199.77,200.33,545,1.09,2026-09-22
LOWVOL1,EQ,20.48,20.6,20.29,20.48,20.48,209096,42.76,2026-09-22
LOWVOLIETF,EQ,21.63,21.63,21.28,21.39,21.5,1337740,286.01,2026-09-22
LOYALTEX,EQ,202.72,214.95,202.72,214.95,202.54,31,0.07,2026-09-22
LPDC,EQ,6.87,6.95,6.32,6.58,6.87,162076,10.58,2026-09-22
LT,EQ,3919.6,3930.5,3866.0,3866.4,3904.8,1355288,52707.88,2026-09-22
LTF,EQ,308.15,309.25,302.05,304.9,307.8,2577248,7851.94,2026-09-22
LTFOODS,EQ,430.8,430.8,420.15,421.35,430.8,336273,1429.32,2026-09-22
LTGILTBEES,EQ,29.83,29.84,29.7,29.74,29.75,3072917,913.11,2026-09-22
LTGILTCASE,EQ,30.37,30.39,30.27,30.35,30.3,154472,46.85,2026-09-22
LTM,EQ,4187.1,4187.1,4094.0,4158.3,4280.0,995608,41177.64,2026-09-22
LTTS,EQ,3317.1,3330.5,3271.0,3293.6,3307.0,40975,1346.96,2026-09-22
LUMAXIND,EQ,5778.0,5900.0,5778.0,5846.0,5778.0,4530,265.15,2026-09-22
LUMAXTECH,EQ,2085.0,2129.9,2067.3,2116.4,2068.8,137061,2884.43,2026-09-22
LUMINO,EQ,112.98,116.64,106.56,108.27,113.36,22815313,25159.79,2026-09-22
LUPIN,EQ,2123.6,2135.0,2109.0,2135.0,2124.5,597568,12669.58,2026-09-22
LUXIND,EQ,1203.5,1210.3,1150.0,1157.5,1192.4,42998,507.64,2026-09-22
LXCHEM,EQ,178.5,182.64,177.1,178.01,177.62,736074,1318.77,2026-09-22
M&M,EQ,3066.0,3093.7,3035.0,3044.5,3055.3,1708090,52195.24,2026-09-22
M&MFIN,EQ,355.65,356.85,349.8,352.4,354.7,1732378,6115.54,2026-09-22
MAANALU,EQ,108.37,108.37,100.2,104.81,105.12,63465,65.93,2026-09-22
MACPOWER,EQ,1956.6,2124.0,1945.2,2096.5,1955.3,83048,1696.55,2026-09-22
MADHAV,EQ,35.01,36.0,34.05,34.46,35.25,1060,0.37,2026-09-22
MADHAVIPL,EQ,7.65,8.08,7.21,7.39,7.74,200477,15.25,2026-09-22
MADHUCON,EQ,4.2,4.2,3.97,4.07,4.02,9701,0.39,2026-09-22
MADRASFERT,EQ,62.6,62.6,61.2,61.35,61.43,33641,20.69,2026-09-22
MAFANG,EQ,245.79,248.96,237.0,238.18,243.36,736357,1767.07,2026-09-22
MAFATIND,EQ,122.59,122.59,120.05,120.32,122.59,31498,38.13,2026-09-22
MAGADSUGAR,EQ,494.8,510.6,490.0,500.75,488.8,30380,152.36,2026-09-22
MAGNUM,EQ,19.27,19.27,18.81,19.02,19.27,24116,4.58,2026-09-22
MAHABANK,EQ,82.52,83.3,82.29,82.4,82.2,6615014,5466.46,2026-09-22
MAHAPEXLTD,EQ,55.95,55.98,53.3,53.79,54.36,3234,1.75,2026-09-22
MAHEPC,EQ,100.39,100.6,97.1,98.75,99.27,29129,28.75,2026-09-22
MAHESHWARI,EQ,73.0,73.4,71.5,71.53,72.0,12444,9.02,2026-09-22
MAHKTECH,EQ,22.31,22.31,21.8,22.01,21.77,556489,122.63,2026-09-22
MAHLIFE,EQ,360.85,363.6,356.25,359.05,362.65,68310,244.96,2026-09-22
MAHLOG,EQ,397.0,406.95,397.0,400.3,399.3,69426,278.52,2026-09-22
MAHSCOOTER,EQ,13600.0,13658.0,13251.0,13313.0,13609.0,3629,489.13,2026-09-22
MAHSEAMLES,EQ,707.0,712.85,695.0,697.35,706.95,112372,788.39,2026-09-22
MAITHANALL,EQ,1005.0,1005.0,986.0,994.95,998.25,41393,412.7,2026-09-22
MAKEINDIA,EQ,162.76,163.26,161.43,161.65,162.68,17768,28.83,2026-09-22
MAKERSL,EQ,189.0,191.49,180.0,181.26,190.37,3883,7.19,2026-09-22
MALLCOM,EQ,974.0,978.95,950.1,951.7,967.8,2723,26.04,2026-09-22
MALUPAPER,EQ,32.12,32.15,31.9,31.98,32.12,8576,2.75,2026-09-22
MAMATA,EQ,402.0,414.0,400.0,403.55,404.3,40816,166.2,2026-09-22
MANAKALUCO,EQ,35.0,36.5,35.0,35.36,35.43,39820,14.21,2026-09-22
MANAKCOAT,EQ,136.27,136.27,132.01,132.67,135.19,235115,315.33,2026-09-22
MANAKSIA,EQ,63.98,66.7,63.7,65.34,63.27,57853,37.78,2026-09-22
MANALIPETC,EQ,87.0,87.0,84.35,84.87,86.71,927627,791.56,2026-09-22
MANAPPURAM,EQ,315.9,320.2,315.9,319.3,315.1,2282054,7276.45,2026-09-22
MANBA,EQ,136.38,139.67,135.2,136.41,136.73,390344,537.01,2026-09-22
MANCREDIT,EQ,228.0,229.0,221.22,222.53,226.68,102916,231.99,2026-09-22
MANGALAM,EQ,33.19,33.59,31.67,32.24,32.66,48764,15.94,2026-09-22
MANGLMCEM,EQ,1010.1,1020.6,998.0,1006.3,1010.1,56199,566.48,2026-09-22
MANINDS,EQ,870.5,880.0,840.15,849.9,859.75,625173,5351.0,2026-09-22
MANINFRA,EQ,123.5,124.98,122.75,124.04,123.22,1053458,1304.01,2026-09-22
MANIPALHOS,EQ,756.0,769.75,743.0,746.1,747.15,1312945,9934.01,2026-09-22
MANKIND,EQ,2450.0,2490.0,2438.7,2480.0,2437.8,667075,16479.26,2026-09-22
MANOMAY,EQ,226.35,228.58,223.5,227.35,224.96,124259,281.86,2026-09-22
MANORAMA,EQ,1923.0,1945.3,1905.0,1911.0,1923.0,88545,1705.07,2026-09-22
MANORG,EQ,475.0,480.0,457.5,459.5,464.15,2762,12.91,2026-09-22
MANUFGBEES,EQ,162.03,162.03,159.71,160.44,160.43,5380,8.62,2026-09-22
MANUGRAPH,EQ,18.85,21.38,18.1,20.22,18.85,293270,60.41,2026-09-22
MANYAVAR,EQ,539.95,540.05,526.0,535.35,536.7,286758,1526.32,2026-09-22
MAPMYINDIA,EQ,900.5,969.8,900.5,922.0,900.5,1688962,15841.69,2026-09-22
MARALOVER,EQ,58.0,63.4,57.5,61.11,56.87,36191,22.09,2026-09-22
MARATHON,EQ,419.95,424.75,415.3,417.8,417.65,46245,193.77,2026-09-22
MARICO,EQ,824.55,830.5,824.55,830.0,824.4,1090303,9033.94,2026-09-22
MARINE,EQ,422.0,423.8,404.0,411.45,415.8,1021060,4215.44,2026-09-22
MARKOLINES,EQ,170.7,171.75,167.27,169.24,169.76,249643,423.54,2026-09-22
MARKSANS,EQ,340.05,340.95,328.65,332.95,338.1,1560912,5209.08,2026-09-22
MARSONS,EQ,127.99,132.37,126.33,127.88,127.33,859909,1111.16,2026-09-22
MARUTI,EQ,12155.0,12275.0,12142.0,12190.0,12153.0,246724,30084.57,2026-09-22
MASFIN,EQ,295.0,295.0,286.1,289.35,292.15,220651,639.53,2026-09-22
MASKINVEST,EQ,146.1,146.1,138.0,144.31,145.0,361,0.52,2026-09-22
MASPTOP50,EQ,116.08,118.83,96.27,98.01,113.25,4467822,4688.43,2026-09-22
MASTEK,EQ,1590.0,1591.8,1561.5,1567.9,1589.2,47680,750.88,2026-09-22
MASTERTR,EQ,88.67,88.67,86.2,86.46,87.68,135711,118.17,2026-09-22
MATRIMONY,EQ,555.0,555.45,544.7,550.75,549.8,13550,74.71,2026-09-22
MAWANASUG,EQ,126.35,134.0,124.57,131.43,125.45,303537,396.89,2026-09-22
MAXESTATES,EQ,595.85,602.3,586.35,595.05,597.9,124021,737.11,2026-09-22
MAXHEALTH,EQ,1060.1,1069.0,1049.7,1056.5,1066.6,1132196,12021.91,2026-09-22
MAXIND,EQ,153.52,154.4,148.21,151.86,152.0,45282,68.07,2026-09-22
MAYURUNIQ,EQ,755.0,758.7,724.2,726.15,751.25,117662,866.5,2026-09-22
MAZDOCK,EQ,2241.2,2250.5,2196.0,2204.0,2232.0,611823,13570.57,2026-09-22
MBAPL,EQ,162.0,166.36,162.0,165.68,160.76,810859,1335.2,2026-09-22
MBEL,EQ,255.9,262.65,254.85,259.25,255.05,145564,377.79,2026-09-22
MBLINFRA,EQ,22.0,22.55,21.24,21.76,21.76,14782,3.23,2026-09-22
MCCHRLS-B,EQ,679.9,679.9,650.0,654.8,664.65,4108,26.9,2026-09-22
MCL,EQ,55.75,57.25,55.48,56.35,55.75,43960,24.88,2026-09-22
MCLEODRUSS,EQ,48.0,48.29,44.3,44.96,46.54,479493,223.2,2026-09-22
MCLOUD,EQ,25.15,25.45,24.98,25.18,25.0,657233,165.85,2026-09-22
MCX,EQ,3220.0,3289.8,3212.8,3262.6,3209.0,1069125,34818.17,2026-09-22
MEDANTA,EQ,1508.1,1516.0,1483.6,1487.8,1508.1,144659,2162.62,2026-09-22
MEDIASSIST,EQ,340.4,342.9,327.0,328.6,336.6,740848,2464.65,2026-09-22
MEDICO,EQ,34.5,34.65,33.75,33.96,34.06,141351,48.11,2026-09-22
MEDPLUS,EQ,660.0,663.05,655.0,655.55,660.7,22088,145.06,2026-09-22
MEESHO,EQ,221.88,244.74,218.6,240.19,219.15,108359244,256477.45,2026-09-22
MEGASTAR,EQ,284.0,284.0,272.05,276.1,275.95,4264,11.82,2026-09-22
MEIL,EQ,271.25,273.95,265.55,271.75,267.25,21109,56.84,2026-09-22
MERCANTILE,EQ,23.48,23.48,21.6,22.1,22.82,4899,1.08,2026-09-22
MERCURYEV,EQ,39.97,41.48,39.7,39.93,39.81,644774,260.11,2026-09-22
METAL,EQ,13.34,13.34,13.06,13.11,13.12,5819561,763.56,2026-09-22
METALIETF,EQ,13.18,13.18,13.01,13.05,13.05,3502799,457.66,2026-09-22
METROBRAND,EQ,931.2,937.4,904.5,920.3,939.05,64975,596.07,2026-09-22
METROGLOBL,EQ,133.3,133.5,129.0,132.97,132.01,1154,1.5,2026-09-22
METROPOLIS,EQ,593.5,599.0,590.35,592.4,593.4,107949,641.91,2026-09-22
MFML,EQ,19.78,19.78,18.7,19.26,18.82,471,0.09,2026-09-22
MFSL,EQ,1574.9,1581.1,1549.2,1554.2,1569.0,279864,4365.28,2026-09-22
MGEL,EQ,15.94,15.94,15.31,15.52,15.78,5412606,839.19,2026-09-22
MGL,EQ,1075.5,1079.8,1059.0,1067.3,1077.8,236016,2523.23,2026-09-22
MHRIL,EQ,201.37,202.0,198.1,199.07,201.37,44579,88.98,2026-09-22
MID150,EQ,23.25,23.35,23.0,23.17,23.2,24126,5.61,2026-09-22
MID150BEES,EQ,237.59,237.59,235.5,236.21,236.51,312262,738.45,2026-09-22
MID150CASE,EQ,11.31,11.8,11.31,11.47,11.52,1366142,157.22,2026-09-22
MIDBANKADD,EQ,17.14,17.15,17.0,17.06,17.12,308564,52.67,2026-09-22
MIDCAP,EQ,18.26,18.48,18.06,18.22,18.26,260998,47.65,2026-09-22
MIDCAPADD,EQ,22.96,23.0,22.86,22.89,22.96,16028,3.68,2026-09-22
MIDCAPBETA,EQ,231.91,232.1,230.05,232.0,230.76,2505,5.77,2026-09-22
MIDCAPETF,EQ,23.34,23.47,23.27,23.32,23.34,1440561,336.71,2026-09-22
MIDCAPIETF,EQ,23.66,23.85,23.48,23.54,23.63,714577,169.16,2026-09-22
MIDHANI,EQ,419.95,423.95,413.35,415.2,418.55,496164,2069.41,2026-09-22
MIDQ50ADD,EQ,24.99,24.99,24.3,24.35,24.39,10218,2.49,2026-09-22
MIDSELIETF,EQ,19.78,19.78,19.6,19.65,19.7,430796,84.76,2026-09-22
MIDSMALL,EQ,51.63,51.63,51.09,51.14,51.37,116835,59.94,2026-09-22
MIDWESTLTD,EQ,998.1,1029.0,986.6,1018.3,988.3,17524,177.77,2026-09-22
MIIL,EQ,714.5,716.0,699.0,710.45,703.6,88266,623.35,2026-09-22
MILKYMIST,EQ,293.2,302.15,291.2,302.15,287.77,11275606,33751.37,2026-09-22
MINDACORP,EQ,680.3,687.95,676.7,685.4,679.6,101472,694.67,2026-09-22
MINDTECK,EQ,155.37,160.0,155.37,157.94,155.72,14331,22.57,2026-09-22
MIRZAINT,EQ,29.11,29.49,29.0,29.12,29.16,54503,15.89,2026-09-22
MITCON,EQ,79.8,82.5,79.8,80.12,79.86,79499,64.4,2026-09-22
MITTAL,EQ,0.78,0.78,0.76,0.76,0.76,1010483,7.75,2026-09-22
MKEXIM,EQ,64.1,68.9,64.1,68.04,65.87,15103,10.14,2026-09-22
MKPL,EQ,4.04,4.11,3.98,4.03,3.98,64158,2.59,2026-09-22
MLKFOOD,EQ,83.0,83.0,80.26,82.45,81.62,4497,3.68,2026-09-22
MMFL,EQ,613.0,616.95,597.5,603.4,612.85,86119,521.84,2026-09-22
MMP,EQ,489.9,497.0,455.35,461.3,477.7,157727,746.57,2026-09-22
MMTC,EQ,60.47,60.8,59.56,59.67,59.79,718269,431.39,2026-09-22
MMWL,EQ,13.19,13.39,12.77,13.29,13.19,9664,1.27,2026-09-22
MNC,EQ,32.5,32.78,32.18,32.28,32.58,40231,13.05,2026-09-22
MOALPHA50,EQ,55.69,56.98,55.0,55.44,55.69,18003,10.01,2026-09-22
MOBANK10,EQ,16.89,16.89,16.65,16.77,16.73,3877,0.65,2026-09-22
MOBIKWIK,EQ,209.5,214.2,207.7,209.02,209.57,1446487,3057.16,2026-09-22
MOCAPITAL,EQ,53.01,53.69,52.91,52.94,52.93,338511,179.74,2026-09-22
MODEFENCE,EQ,103.99,104.48,102.3,103.81,103.27,915413,951.79,2026-09-22
MODINATUR,EQ,345.1,359.0,345.1,355.75,349.75,3282,11.59,2026-09-22
MODIRUBBER,EQ,122.0,126.0,121.51,122.04,123.51,1014,1.25,2026-09-22
MODIS,EQ,346.6,350.75,344.85,347.3,346.6,10261,35.63,2026-09-22
MODTHREAD,EQ,46.4,47.66,45.22,46.37,47.05,6243,2.88,2026-09-22
MOENERGY,EQ,38.0,38.37,37.77,37.91,37.99,57907,22.08,2026-09-22
MOGOLD,EQ,150.4,150.4,148.8,149.7,150.05,257739,385.49,2026-09-22
MOGSEC,EQ,63.66,65.49,63.66,65.03,65.3,9575,6.19,2026-09-22
MOHEALTH,EQ,53.85,53.85,52.58,52.65,53.06,55690,29.44,2026-09-22
MOHITE,EQ,2.48,2.54,2.43,2.47,2.47,11716,0.29,2026-09-22
MOHITIND,EQ,23.9,23.9,22.56,22.87,23.75,12579,2.9,2026-09-22
MOIL,EQ,241.5,245.59,241.5,243.2,241.35,338539,823.61,2026-09-22
MOINFRA,EQ,58.57,58.57,57.06,57.56,58.41,2967,1.72,2026-09-22
MOIPO,EQ,48.87,49.64,48.73,48.98,48.42,6695,3.28,2026-09-22
MOKSH,EQ,9.97,10.1,9.95,10.06,9.94,49760,4.98,2026-09-22
MOL,EQ,62.25,62.94,61.02,61.45,62.18,480743,297.27,2026-09-22
MOLBIO,EQ,1230.0,1283.5,1227.6,1263.8,1218.8,1579734,19817.5,2026-09-22
MOLDTKPAC,EQ,644.85,651.25,638.0,639.95,644.85,25115,161.8,2026-09-22
MOLOWVOL,EQ,36.1,36.1,35.09,35.25,35.4,84026,29.53,2026-09-22
MOM100,EQ,67.25,67.4,66.66,66.87,67.1,137012,91.9,2026-09-22
MOM30IETF,EQ,31.09,31.14,30.77,30.83,30.91,448767,139.05,2026-09-22
MOM50,EQ,243.55,246.51,243.52,243.74,244.97,3737,9.15,2026-09-22
MOMENTUM,EQ,29.99,31.0,29.99,30.75,30.76,91264,28.03,2026-09-22
MOMENTUM30,EQ,30.48,31.8,30.3,30.93,30.3,21103,6.49,2026-09-22
MOMENTUM50,EQ,54.07,54.37,53.36,53.53,53.81,435747,234.91,2026-09-22
MOMETAL,EQ,13.07,13.07,12.97,13.02,12.95,2155,0.28,2026-09-22
MOMGF,EQ,162.8,162.81,159.05,159.42,162.18,1497,2.4,2026-09-22
MOMIDMTM,EQ,62.42,64.68,62.42,63.64,64.03,77472,49.55,2026-09-22
MOMMIDCAP,EQ,12.9,12.92,12.81,12.82,12.85,2474779,317.81,2026-09-22
MOMNC,EQ,31.72,31.73,31.3,31.41,31.65,2870,0.9,2026-09-22
MOMOMENTUM,EQ,62.27,62.27,60.83,61.32,61.32,51028,31.36,2026-09-22
MON100,EQ,338.49,339.7,320.42,324.95,330.24,1056991,3488.45,2026-09-22
MON50EQUAL,EQ,33.0,33.49,32.34,32.63,32.66,6702,2.17,2026-09-22
MONARCH,EQ,362.0,369.05,361.95,366.9,361.7,68954,251.76,2026-09-22
MONEXT50,EQ,72.2,72.99,71.26,71.54,72.25,4634,3.35,2026-09-22
MONEYBOXX,EQ,60.07,60.07,54.55,57.4,57.21,514607,298.84,2026-09-22
MONIFTY100,EQ,24.75,24.84,24.57,24.72,24.82,5958,1.47,2026-09-22
MONIFTY500,EQ,23.47,23.59,23.34,23.44,23.47,213318,50.0,2026-09-22
MONQ50,EQ,317.04,317.04,253.64,253.64,317.04,942885,2501.13,2026-09-22
MONTECARLO,EQ,534.1,539.0,521.0,524.35,534.65,68944,362.93,2026-09-22
MOOILGAS,EQ,11.27,12.15,10.9,11.51,11.05,14110,1.55,2026-09-22
MOPSE,EQ,99.26,100.3,98.03,98.42,101.3,4721,4.67,2026-09-22
MOQUALITY,EQ,194.43,194.9,193.11,193.97,193.74,704,1.36,2026-09-22
MOREALTY,EQ,87.79,87.79,85.15,86.08,85.65,335647,289.38,2026-09-22
MOREPENLAB,EQ,122.35,123.8,118.12,119.04,122.35,10361426,12487.51,2026-09-22
MOSCHIP,EQ,208.0,211.7,206.51,207.37,206.05,938006,1952.91,2026-09-22
MOSERVICE,EQ,30.37,30.37,30.1,30.2,30.43,17172,5.18,2026-09-22
MOSILVER,EQ,230.2,230.2,226.0,227.71,229.59,22873,52.26,2026-09-22
MOSMALL250,EQ,18.37,18.48,18.2,18.3,18.36,395721,72.72,2026-09-22
MOTHERSON,EQ,162.75,163.9,161.21,161.77,162.91,8031394,13076.42,2026-09-22
MOTILALOFS,EQ,995.6,1025.0,995.6,1007.0,995.0,813525,8243.74,2026-09-22
MOTISONS,EQ,18.0,18.71,17.88,18.04,17.94,70245799,12756.92,2026-09-22
MOTOGENFIN,EQ,27.4,27.5,26.0,26.28,26.45,110559,29.73,2026-09-22
MOTOUR,EQ,78.01,78.71,78.01,78.52,78.01,9292,7.28,2026-09-22
MOVALUE,EQ,110.66,111.48,110.13,110.44,110.66,384762,424.48,2026-09-22
MPHASIS,EQ,2298.4,2306.5,2254.5,2265.0,2296.2,506297,11497.72,2026-09-22
MPIMANIPAL,EQ,335.0,342.6,330.35,338.6,336.6,616288,2074.57,2026-09-22
MPSLTD,EQ,2605.0,2650.0,2591.8,2603.2,2617.2,4754,124.61,2026-09-22
MRF,EQ,125490.0,125755.0,124635.0,124770.0,124855.0,1591,1990.29,2026-09-22
MRPL,EQ,167.65,168.06,164.0,164.44,167.03,4279978,7072.44,2026-09-22
MSCI360,EQ,9.86,9.94,9.83,9.91,9.86,316,0.03,2026-09-22
MSCIADD,EQ,28.93,28.94,28.8,28.91,28.96,333,0.1,2026-09-22
MSCIINDIA,EQ,29.2,29.32,29.09,29.19,29.22,6221,1.82,2026-09-22
MSL,EQ,136.1,138.0,136.1,138.0,136.0,41,0.06,2026-09-22
MSPL,EQ,33.4,33.8,32.8,33.39,33.28,1337071,444.83,2026-09-22
MSTCLTD,EQ,729.1,755.0,728.0,746.95,729.85,255933,1901.02,2026-09-22
MSUMI,EQ,35.63,35.74,35.1,35.15,35.6,5632984,1989.89,2026-09-22
MTNL,EQ,23.75,24.26,23.5,23.67,23.65,734073,174.96,2026-09-22
MUFIN,EQ,132.84,135.47,131.01,132.69,132.17,610502,814.54,2026-09-22
MUFTI,EQ,72.25,73.92,72.12,73.34,72.73,36520,26.65,2026-09-22
MUKANDLTD,EQ,136.1,143.0,136.03,141.41,136.03,207157,291.49,2026-09-22
MUKESHB,EQ,132.7,132.7,127.0,130.5,126.42,51,0.07,2026-09-22
MULTICAP,EQ,16.53,16.57,16.43,16.45,16.49,151841,25.05,2026-09-22
MUNJALAU,EQ,105.71,107.49,104.15,104.8,105.71,239397,252.61,2026-09-22
MUNJALSHOW,EQ,129.3,138.8,126.02,133.32,128.53,173266,232.11,2026-09-22
MURUDCERA,EQ,28.5,30.2,28.5,29.23,28.3,27522,8.07,2026-09-22
MUTHOOTCAP,EQ,228.95,233.18,226.02,229.85,228.87,4638,10.65,2026-09-22
MUTHOOTFIN,EQ,2855.0,2874.0,2822.0,2831.5,2854.2,484238,13777.78,2026-09-22
MUTHOOTMF,EQ,189.3,194.44,187.45,188.32,188.75,218153,414.67,2026-09-22
MVELECTRO,EQ,884.9,895.0,851.0,877.35,882.2,1534723,13454.38,2026-09-22
MVGJL,EQ,214.5,217.09,205.82,213.26,214.51,407774,863.28,2026-09-22
MWL,EQ,43.15,43.25,41.87,42.03,42.56,378882,160.47,2026-09-22
NACLIND,EQ,144.6,145.44,137.97,138.62,143.9,1558909,2179.27,2026-09-22
NAGREEKCAP,EQ,30.0,30.0,28.15,28.46,29.06,17052,4.92,2026-09-22
NAGREEKEXP,EQ,21.06,22.5,21.06,21.66,21.65,18998,4.19,2026-09-22
NAHARCAP,EQ,256.5,256.5,247.9,249.95,255.75,1357,3.39,2026-09-22
NAHARINDUS,EQ,131.17,133.9,130.0,131.71,131.7,38768,51.09,2026-09-22
NAHARPOLY,EQ,223.01,238.09,223.01,232.84,223.41,6546,15.26,2026-09-22
NAHARSPING,EQ,280.0,281.9,277.0,277.85,279.9,18714,52.24,2026-09-22
NAM-INDIA,EQ,1149.0,1164.9,1139.2,1159.0,1146.7,699444,8045.95,2026-09-22
NARMADA,EQ,13.47,13.75,13.3,13.42,13.47,434476,58.37,2026-09-22
NATCOPHARM,EQ,819.3,820.0,806.1,815.05,816.3,619357,5039.91,2026-09-22
NATHBIOGEN,EQ,153.0,153.76,148.0,148.38,151.8,99665,147.58,2026-09-22
NATIONALUM,EQ,352.95,353.2,348.1,352.2,352.5,2687468,9417.39,2026-09-22
NATIONSTD,EQ,116.5,116.85,113.02,114.98,114.76,9396,10.79,2026-09-22
NAUKRI,EQ,1296.0,1316.9,1291.9,1304.0,1296.4,1322215,17264.21,2026-09-22
NAVA,EQ,558.9,562.35,550.0,550.9,554.65,183108,1013.82,2026-09-22
NAVINFLUOR,EQ,8500.0,8650.0,8411.0,8438.0,8486.5,72911,6207.31,2026-09-22
NAVKARCORP,EQ,88.58,90.36,88.58,89.38,88.58,214447,191.54,2026-09-22
NAVKARURB,EQ,0.9,0.91,0.88,0.91,0.87,284743,2.59,2026-09-22
NAVNETEDUL,EQ,125.55,127.05,121.65,123.12,126.82,202463,249.94,2026-09-22
NAZARA,EQ,369.0,372.45,366.0,370.45,367.25,548510,2027.01,2026-09-22
NBCC,EQ,83.18,83.64,81.5,81.9,83.15,4367203,3596.17,2026-09-22
NBIFIN,EQ,1998.9,1998.9,1927.0,1948.0,1945.0,6323,122.05,2026-09-22
NCC,EQ,136.05,137.62,133.75,134.41,136.03,1592824,2153.83,2026-09-22
NCLIND,EQ,176.5,177.4,175.1,175.51,175.68,26986,47.5,2026-09-22
NDGL,EQ,2670.0,2698.9,2521.0,2590.0,2580.6,175,4.56,2026-09-22
NDL,EQ,2.79,2.79,2.74,2.76,2.79,649914,17.95,2026-09-22
NDLVENTURE,EQ,123.4,126.13,122.5,124.01,124.64,3522,4.36,2026-09-22
NDRAUTO,EQ,732.2,767.65,732.2,753.2,732.2,39462,297.7,2026-09-22
NDTV,EQ,71.97,73.5,71.0,72.31,71.57,42101,30.23,2026-09-22
NEAGI,EQ,3452.7,3470.0,3452.7,3468.8,3470.0,15,0.52,2026-09-22
NECLIFE,EQ,11.05,11.14,10.75,10.83,10.93,130968,14.27,2026-09-22
NELCAST,EQ,109.49,110.0,108.08,108.9,107.57,58414,63.76,2026-09-22
NELCO,EQ,989.0,1030.0,989.0,1011.75,986.35,421377,4279.42,2026-09-22
NEOGEN,EQ,2371.6,2397.7,2363.7,2379.2,2359.8,122496,2917.31,2026-09-22
NEPHROPLUS,EQ,753.0,762.1,739.2,749.45,751.6,205974,1545.35,2026-09-22
NESCO,EQ,1080.0,1085.0,1063.5,1069.0,1081.9,39039,418.34,2026-09-22
NESTLEIND,EQ,1382.2,1392.9,1363.9,1363.9,1385.0,865008,11870.52,2026-09-22
NETF,EQ,256.0,256.0,254.01,254.99,254.72,421,1.07,2026-09-22
NETWEB,EQ,4768.0,4835.0,4742.0,4817.0,4718.0,927925,44456.46,2026-09-22
NETWORK18,EQ,26.8,27.37,26.71,26.91,26.79,3752909,1015.44,2026-09-22
NEULANDLAB,EQ,22730.0,23040.0,22435.0,22550.0,22610.0,26441,6015.64,2026-09-22
NEWGEN,EQ,497.0,500.75,492.3,495.7,494.1,352708,1750.36,2026-09-22
NEXT30ADD,EQ,42.24,42.37,41.85,42.1,42.21,1600,0.67,2026-09-22
NEXT50,EQ,746.51,748.72,741.06,742.39,745.51,22526,167.79,2026-09-22
NEXT50ADD,EQ,72.87,72.87,72.35,72.57,72.68,16335,11.86,2026-09-22
NEXT50BETA,EQ,78.02,78.39,77.03,77.27,78.02,936981,727.59,2026-09-22
NEXT50ETF,EQ,72.82,74.5,72.01,72.61,72.89,16434,11.95,2026-09-22
NEXT50IETF,EQ,76.35,76.6,75.71,75.87,76.35,364547,277.68,2026-09-22
NEXTMEDIA,EQ,3.88,3.89,3.64,3.74,3.82,12492,0.47,2026-09-22
NFL,EQ,66.99,67.29,66.57,66.71,66.83,357620,238.94,2026-09-22
NGIL,EQ,38.2,40.49,38.16,39.04,38.16,214313,83.6,2026-09-22
NGLFINE,EQ,2761.4,2875.0,2695.0,2859.4,2731.6,16029,450.58,2026-09-22
NH,EQ,1896.9,1913.8,1878.0,1883.3,1896.9,86014,1626.48,2026-09-22
NHPC,EQ,75.89,76.49,75.6,76.01,75.8,9874034,7506.6,2026-09-22
NIACL,EQ,187.0,191.54,186.56,187.41,186.56,2272794,4291.05,2026-09-22
NIBE,EQ,1399.0,1405.0,1358.9,1369.9,1371.1,65055,899.54,2026-09-22
NIBL,EQ,30.62,34.99,30.62,33.08,30.62,105959,35.53,2026-09-22
NICCOPAR,EQ,82.1,84.9,81.5,81.5,82.1,596,0.49,2026-09-22
NIF100BEES,EQ,261.32,261.61,258.7,259.98,260.86,12858,33.47,2026-09-22
NIF100IETF,EQ,27.39,27.59,26.95,27.25,27.5,81203,22.21,2026-09-22
NIF500BETA,EQ,37.7,37.7,36.23,36.72,36.76,6061,2.22,2026-09-22
NIFTY1,EQ,261.87,263.01,258.93,259.86,260.41,45764,118.95,2026-09-22
NIFTY100EW,EQ,34.54,34.84,34.3,34.53,34.36,50714,17.46,2026-09-22
NIFTYADD,EQ,247.72,247.77,245.88,246.38,247.27,2959,7.3,2026-09-22
NIFTYAXIS,EQ,267.02,267.02,258.53,259.35,260.51,5836,15.13,2026-09-22
NIFTYBEES,EQ,267.85,268.89,266.01,266.64,267.76,5397108,14409.83,2026-09-22
NIFTYBETA,EQ,267.07,267.07,258.3,259.33,260.56,16304,42.34,2026-09-22
NIFTYBETF,EQ,242.24,242.35,240.01,240.6,241.37,931,2.25,2026-09-22
NIFTYCASE,EQ,9.64,9.64,9.25,9.39,9.41,694769,65.26,2026-09-22
NIFTYETF,EQ,255.39,255.85,253.75,254.53,255.39,112153,285.56,2026-09-22
NIFTYIETF,EQ,266.6,266.6,262.5,265.42,266.09,315625,838.5,2026-09-22
NIFTYJBLK,EQ,12.28,12.28,11.95,11.99,11.99,50272,6.04,2026-09-22
NIFTYQLITY,EQ,20.54,20.88,20.28,20.39,20.64,173635,35.61,2026-09-22
NIITLTD,EQ,90.57,91.37,88.82,89.52,90.56,132756,119.33,2026-09-22
NIITMTS,EQ,215.3,219.9,213.37,217.81,215.26,111441,241.83,2026-09-22
NILAINFRA,EQ,6.7,6.74,6.56,6.66,6.62,76534,5.1,2026-09-22
NILASPACES,EQ,12.1,12.38,11.97,12.02,12.12,1263682,153.04,2026-09-22
NILE,EQ,1461.0,1468.9,1441.5,1444.9,1458.6,1778,25.77,2026-09-22
NILKAMAL,EQ,1899.0,1915.0,1845.4,1864.8,1888.6,16543,309.4,2026-09-22
NIMBSPROJ,EQ,194.8,194.8,180.54,188.54,186.85,29424,54.21,2026-09-22
NINSYS,EQ,725.0,725.0,705.25,711.05,713.9,6565,46.68,2026-09-22
NIPPOBATRY,EQ,319.05,335.0,319.05,325.55,318.15,7961,25.92,2026-09-22
NIRAJ,EQ,29.89,29.89,27.66,28.16,28.75,65381,18.46,2026-09-22
NIRLON,EQ,591.5,605.0,580.0,601.35,594.15,5883,34.93,2026-09-22
NITCO,EQ,89.9,93.38,89.45,91.89,89.47,1072518,982.66,2026-09-22
NITINSPIN,EQ,613.0,618.0,606.3,608.4,610.8,49283,301.47,2026-09-22
NITIRAJ,EQ,230.95,230.95,224.0,229.33,227.85,1681,3.8,2026-09-22
NITTAGELA,EQ,1770.0,1770.0,1691.3,1700.1,1725.8,2217,37.92,2026-09-22
NIVABUPA,EQ,80.48,81.5,79.93,80.83,80.48,804858,649.65,2026-09-22
NKIND,EQ,56.66,59.77,56.4,56.55,57.82,590,0.34,2026-09-22
NLCINDIA,EQ,266.0,269.8,265.4,267.0,266.65,1009013,2696.12,2026-09-22
NMDC,EQ,80.09,80.31,79.34,80.2,79.8,8885406,7095.17,2026-09-22
NOCIL,EQ,196.3,197.79,191.23,193.89,194.57,789706,1528.54,2026-09-22
NOIDATOLL,EQ,4.0,4.04,3.93,4.0,3.97,40221,1.6,2026-09-22
NORBTEAEXP,EQ,66.4,68.8,66.0,66.26,66.2,1057,0.71,2026-09-22
NORTHARC,EQ,319.0,320.9,314.1,315.9,319.15,649137,2055.84,2026-09-22
NOVAAGRI,EQ,23.25,23.31,23.0,23.08,23.28,39425,9.12,2026-09-22
NOVARTIND,EQ,2037.0,2042.0,1960.0,1973.3,2004.1,46906,939.98,2026-09-22
NPBET,EQ,285.3,285.3,283.41,284.26,283.81,116,0.33,2026-09-22
NPST,EQ,1792.5,1930.0,1792.5,1888.8,1789.6,163372,3088.14,2026-09-22
NRAIL,EQ,638.5,678.3,621.05,652.1,627.15,35475,232.17,2026-09-22
NRBBEARING,EQ,525.8,529.0,518.0,520.5,528.5,327766,1713.04,2026-09-22
NSIL,EQ,5527.0,5564.0,5490.0,5524.0,5527.0,712,39.27,2026-09-22
NSLNISP,EQ,42.8,43.08,42.4,42.51,42.44,2214252,944.18,2026-09-22
NTCIND,EQ,134.45,134.99,131.0,133.81,130.68,973,1.3,2026-09-22
NTPC,EQ,326.5,329.0,325.55,327.8,326.4,6219007,20366.23,2026-09-22
NTPCGREEN,EQ,91.8,95.3,91.8,93.31,91.26,10827047,10151.57,2026-09-22
NUCLEUS,EQ,682.0,689.95,681.05,685.95,683.95,8452,57.89,2026-09-22
NUVAMA,EQ,1689.4,1710.0,1669.5,1675.7,1687.1,160021,2696.64,2026-09-22
NUVOCO,EQ,330.55,340.6,330.55,338.85,330.55,292607,989.18,2026-09-22
NV20,EQ,13.57,13.61,13.43,13.58,13.57,50769,6.88,2026-09-22
NV20BEES,EQ,136.18,138.89,135.01,135.7,136.18,10399,14.11,2026-09-22
NV20IETF,EQ,13.32,13.34,13.13,13.23,13.27,330687,43.68,2026-09-22
NYKAA,EQ,335.0,337.65,330.3,333.55,336.0,1885771,6293.75,2026-09-22
OAL,EQ,554.8,570.0,550.05,556.9,548.85,64317,361.19,2026-09-22
OBCL,EQ,58.77,58.77,58.0,58.16,58.77,5112,2.97,2026-09-22
OBEROIRLTY,EQ,1823.9,1853.0,1802.6,1845.6,1821.0,470585,8634.71,2026-09-22
ODIGMA,EQ,21.05,21.65,20.9,20.92,20.95,13535,2.85,2026-09-22
ODYCORP,EQ,6.9,7.29,6.62,7.02,6.92,310960,21.76,2026-09-22
OFSS,EQ,10962.0,11111.0,10835.0,10989.0,10911.0,232724,25555.9,2026-09-22
OIL,EQ,476.6,479.15,463.25,467.0,478.35,2648023,12400.12,2026-09-22
OILIETF,EQ,11.19,11.23,11.0,11.12,11.19,880678,98.05,2026-09-22
OLAELEC,EQ,37.15,38.9,37.14,37.78,37.0,73804321,28214.41,2026-09-22
OLECTRA,EQ,1212.0,1256.0,1210.5,1217.2,1205.8,561988,6934.62,2026-09-22
OMAXAUTO,EQ,191.43,197.22,187.21,190.86,191.43,58433,111.97,2026-09-22
OMAXE,EQ,114.0,119.34,114.0,116.5,114.0,773045,904.11,2026-09-22
OMINFRAL,EQ,80.6,80.69,78.42,78.93,79.11,33594,26.58,2026-09-22
OMNI,EQ,553.4,571.4,546.05,562.5,551.35,1018160,5736.5,2026-09-22
OMPOWER,EQ,169.37,171.99,167.0,170.34,170.5,50245,85.31,2026-09-22
ONEGLOBAL,EQ,537.3,552.0,519.95,547.9,538.8,10380,56.13,2026-09-22
ONEPOINT,EQ,60.3,65.2,60.05,63.2,60.03,6891301,4393.73,2026-09-22
ONESOURCE,EQ,1601.3,1618.9,1585.0,1587.9,1599.2,155059,2479.32,2026-09-22
ONGC,EQ,235.51,236.37,233.75,236.13,235.63,8097173,19048.52,2026-09-22
ONIDA,EQ,34.3,35.49,34.0,34.73,34.31,628277,218.54,2026-09-22
ONIXSOLAR,EQ,328.0,338.0,322.6,322.6,339.55,249185,812.68,2026-09-22
ONWARDTEC,EQ,293.9,297.0,284.95,286.6,290.05,26976,77.99,2026-09-22
OPTIEMUS,EQ,590.0,708.9,590.0,708.9,590.75,8046819,54131.33,2026-09-22
OPTIFIN,EQ,13.99,16.71,13.99,16.7,13.93,1436544,237.41,2026-09-22
ORCHASP,EQ,1.43,1.46,1.31,1.37,1.43,175541,2.46,2026-09-22
ORCHPHARMA,EQ,1089.9,1143.5,1075.1,1107.2,1081.8,493833,5543.83,2026-09-22
ORICONENT,EQ,54.15,56.0,54.15,55.78,54.84,27420,15.21,2026-09-22
ORIENTALTL,EQ,5.08,5.1,4.95,4.98,5.08,53067,2.65,2026-09-22
ORIENTBELL,EQ,394.9,406.8,391.0,392.8,392.55,14460,57.24,2026-09-22
ORIENTCEM,EQ,125.07,125.5,122.57,123.19,125.07,361493,447.4,2026-09-22
ORIENTCER,EQ,48.29,49.43,47.53,48.08,47.53,207701,100.9,2026-09-22
ORIENTELEC,EQ,168.01,168.75,165.8,166.54,168.01,82979,138.58,2026-09-22
ORIENTHOT,EQ,145.19,145.19,142.15,142.88,144.06,292194,419.17,2026-09-22
ORIENTPPR,EQ,17.25,17.5,16.93,16.99,17.15,114990,19.72,2026-09-22
ORIENTTECH,EQ,235.77,237.39,233.01,235.08,235.04,86146,202.32,2026-09-22
ORIRAIL,EQ,128.75,128.75,122.21,126.96,116.41,244531,307.01,2026-09-22
ORISSAMINE,EQ,3819.0,3894.6,3819.0,3879.7,3820.8,5140,198.36,2026-09-22
ORKLAINDIA,EQ,579.05,585.4,567.4,569.25,579.05,49707,286.23,2026-09-22
ORTINGLOBE,EQ,15.35,15.64,14.6,14.74,15.36,52473,7.73,2026-09-22
OSWALAGRO,EQ,35.0,35.45,34.61,35.12,34.76,9299,3.26,2026-09-22
OSWALGREEN,EQ,19.75,20.15,19.57,20.06,19.75,65670,13.04,2026-09-22
OSWALPUMPS,EQ,277.4,282.45,273.0,273.6,276.2,292752,809.61,2026-09-22
OSWALSEEDS,EQ,13.75,14.45,13.58,13.81,13.58,56475,7.77,2026-09-22
PACEDIGITK,EQ,165.5,175.37,165.4,167.74,154.86,26735640,45671.34,2026-09-22
PACIFICI,EQ,144.0,144.0,140.0,140.0,143.6,204,0.29,2026-09-22
PAGEIND,EQ,36130.0,37345.0,36075.0,37150.0,35950.0,38196,14142.83,2026-09-22
PAISALO,EQ,93.0,94.05,92.51,93.43,92.85,19182757,17971.82,2026-09-22
PAKKA,EQ,78.67,79.67,76.35,77.02,78.67,37438,29.09,2026-09-22
PALASHSECU,EQ,86.5,87.0,86.5,86.7,86.89,727,0.63,2026-09-22
PALREDTEC,EQ,48.2,48.5,46.62,46.95,48.25,316,0.15,2026-09-22
PANACEABIO,EQ,381.95,393.95,377.0,382.65,376.15,149585,579.02,2026-09-22
PANAMAPET,EQ,475.9,485.5,472.3,481.25,475.15,138492,665.3,2026-09-22
PANORAMA,EQ,56.29,56.5,54.12,55.32,54.89,319717,177.45,2026-09-22
PANSARI,EQ,281.0,281.05,275.2,278.1,279.6,461,1.29,2026-09-22
PARACABLES,EQ,61.29,62.74,60.9,61.75,61.03,1049848,647.93,2026-09-22
PARADEEP,EQ,155.6,157.79,153.51,154.17,155.73,1162417,1811.54,2026-09-22
PARAGMILK,EQ,278.0,283.0,270.25,279.4,272.4,3909827,10843.84,2026-09-22
PARAS,EQ,1413.5,1444.9,1364.4,1375.5,1406.5,723945,10159.07,2026-09-22
PARASPETRO,EQ,2.18,2.18,2.07,2.09,2.14,77231,1.64,2026-09-22
PARKHOSPS,EQ,285.0,288.5,281.0,285.1,284.7,364039,1036.45,2026-09-22
PARKHOTELS,EQ,106.25,109.7,105.2,107.75,106.19,231164,246.14,2026-09-22
PARNAXLAB,EQ,118.42,139.8,118.42,129.22,118.42,6455,8.24,2026-09-22
PASHUPATI,EQ,80.8,81.19,79.55,80.2,80.19,127639,102.52,2026-09-22
PASUPTAC,EQ,72.5,78.0,71.75,76.37,71.17,967519,726.71,2026-09-22
PATANJALI,EQ,394.0,412.8,394.0,404.0,396.2,15560500,63070.36,2026-09-22
PATELENG,EQ,25.85,27.87,25.85,26.85,25.75,8482601,2304.89,2026-09-22
PATELRMART,EQ,204.6,207.69,203.41,205.36,203.41,38760,79.6,2026-09-22
PATINTLOG,EQ,14.66,15.19,14.1,14.19,14.64,80249,11.56,2026-09-22
PAUSHAKLTD,EQ,713.05,723.65,696.0,700.95,705.25,28680,203.09,2026-09-22
PAVNAIND,EQ,16.09,16.56,15.3,15.46,15.7,192402,30.42,2026-09-22
PAYTM,EQ,1808.7,1828.1,1802.6,1814.4,1810.0,1208769,21931.91,2026-09-22
PBMPOLY,EQ,65.0,68.0,65.0,65.01,65.0,1938,1.26,2026-09-22
PCBL,EQ,346.2,354.15,345.7,347.75,344.35,1739256,6078.99,2026-09-22
PCJEWELLER,EQ,12.79,13.72,12.71,13.58,12.79,638501220,85042.82,2026-09-22
PDMJEPAPER,EQ,99.42,101.42,97.0,97.36,98.18,118631,116.92,2026-09-22
PDSL,EQ,353.85,367.9,352.65,361.45,353.85,106649,386.24,2026-09-22
PEARLPOLY,EQ,18.82,18.83,18.15,18.83,17.94,26641,5.01,2026-09-22
PENIND,EQ,172.9,176.7,171.72,174.14,171.07,375240,655.14,2026-09-22
PENINLAND,EQ,16.35,17.7,15.8,17.03,16.19,657910,112.12,2026-09-22
PERMAGN,EQ,850.0,850.0,827.7,837.85,836.65,3008,25.16,2026-09-22
PERNIASPOP,EQ,533.7,549.75,533.5,545.75,533.35,92753,503.5,2026-09-22
PERSISTENT,EQ,5454.5,5463.0,5359.0,5366.0,5449.0,350423,18865.25,2026-09-22
PETRONET,EQ,287.6,288.25,280.3,281.75,287.5,1996961,5639.11,2026-09-22
PFC,EQ,345.2,346.5,343.1,345.8,344.75,7604431,26217.96,2026-09-22
PFIZER,EQ,4050.0,4050.0,3990.5,3998.9,4035.7,10508,421.88,2026-09-22
PFOCUS,EQ,352.6,362.0,346.1,357.45,352.65,4255646,15036.57,2026-09-22
PFS,EQ,27.03,27.09,26.31,26.43,26.73,261099,69.64,2026-09-22
PGEL,EQ,540.0,541.45,519.0,520.2,536.55,855489,4499.26,2026-09-22
PGHH,EQ,7426.0,7454.0,7200.0,7282.0,7426.0,52867,3848.14,2026-09-22
PGHL,EQ,5480.0,5544.5,5406.0,5459.0,5503.5,5659,309.05,2026-09-22
PGIL,EQ,1139.6,1228.0,1139.5,1194.9,1138.4,230499,2761.02,2026-09-22
PHARMABEES,EQ,28.4,28.4,27.15,27.68,27.76,2961932,821.23,2026-09-22
PHOENIXLTD,EQ,1948.9,1958.0,1930.3,1953.4,1929.0,421114,8191.29,2026-09-22
PHOENXINTL,EQ,28.9,28.9,27.8,28.35,27.95,810,0.23,2026-09-22
PICCADIL,EQ,594.7,624.35,591.3,614.8,591.2,255580,1566.52,2026-09-22
PIDILITIND,EQ,1576.3,1587.0,1562.7,1572.7,1573.2,482511,7592.09,2026-09-22
PIGL,EQ,101.9,102.0,99.9,101.06,101.05,19598,19.75,2026-09-22
PIIND,EQ,2364.9,2428.7,2350.0,2410.0,2321.8,837735,20087.97,2026-09-22
PILANIINVS,EQ,4060.0,4072.8,4006.0,4008.3,4027.1,1454,58.47,2026-09-22
PILITA,EQ,7.3,7.52,7.3,7.38,7.3,19689,1.46,2026-09-22
PINELABS,EQ,195.25,204.95,191.63,197.58,193.7,82008849,162841.09,2026-09-22
PIONEEREMB,EQ,22.5,22.5,22.0,22.28,22.32,8614,1.92,2026-09-22
PIRAMALFIN,EQ,2220.4,2231.9,2176.3,2206.7,2220.4,265963,5876.94,2026-09-22
PITTIENG,EQ,1140.0,1142.4,1113.4,1121.9,1134.4,41005,461.07,2026-09-22
PIXTRANS,EQ,1730.7,1754.1,1724.1,1733.0,1730.7,8411,146.16,2026-09-22
PLASTIBLEN,EQ,186.79,189.5,185.0,185.94,185.67,7913,14.81,2026-09-22
PLATIND,EQ,212.75,217.49,210.25,216.07,211.08,67727,145.23,2026-09-22
PLAZACABLE,EQ,61.7,63.54,60.45,62.27,61.7,92063,57.25,2026-09-22
PML,EQ,474.05,498.85,474.05,498.85,490.85,425,2.05,2026-09-22
PNB,EQ,118.45,118.74,116.7,117.0,118.0,8967547,10531.06,2026-09-22
PNBGILTS,EQ,76.61,80.0,76.02,76.23,76.88,402524,311.51,2026-09-22
PNBHOUSING,EQ,1139.8,1147.7,1121.0,1125.6,1141.1,217294,2457.31,2026-09-22
PNC,EQ,16.5,16.8,16.15,16.42,16.66,4378,0.72,2026-09-22
PNCINFRA,EQ,140.47,143.9,138.34,139.62,140.47,1611269,2262.32,2026-09-22
PNGJL,EQ,601.05,606.4,596.7,598.4,601.55,131220,788.7,2026-09-22
PNGSREVA,EQ,511.9,529.0,508.0,511.7,511.05,167836,873.2,2026-09-22
POCL,EQ,476.0,482.5,470.05,472.95,472.85,349421,1667.27,2026-09-22
PODDARMENT,EQ,290.0,290.0,282.0,288.7,289.15,2054,5.87,2026-09-22
POEL,EQ,137.35,141.0,137.35,138.05,137.31,20838,28.84,2026-09-22
POKARNA,EQ,739.7,747.45,730.0,732.55,732.9,47211,349.16,2026-09-22
POLICYBZR,EQ,1794.4,1806.4,1773.7,1805.0,1793.0,793833,14216.49,2026-09-22
POLYCAB,EQ,8400.0,8442.0,8345.0,8350.0,8369.5,231281,19410.36,2026-09-22
POLYMED,EQ,1715.4,1728.0,1695.5,1699.0,1706.2,59651,1017.11,2026-09-22
POLYPLEX,EQ,1108.0,1118.9,1082.4,1091.6,1107.7,33912,371.13,2026-09-22
POLYSPIN,EQ,30.6,30.6,28.0,28.51,30.0,2465,0.72,2026-09-22
PONNIERODE,EQ,359.4,369.45,359.0,362.8,354.1,14405,52.37,2026-09-22
POONAWALLA,EQ,468.2,478.45,468.2,471.9,471.0,787982,3725.77,2026-09-22
POWERGRID,EQ,267.0,268.3,265.95,265.95,266.1,7314792,19536.27,2026-09-22
POWERICA,EQ,579.95,579.95,549.8,559.3,568.1,113348,640.96,2026-09-22
POWERINDIA,EQ,32170.0,32550.0,31195.0,31415.0,31870.0,89147,28415.13,2026-09-22
POWERMECH,EQ,2455.0,2491.3,2410.0,2443.1,2444.2,32584,800.28,2026-09-22
PPLPHARMA,EQ,215.5,215.97,209.5,210.12,214.66,2470090,5241.98,2026-09-22
PRABHA,EQ,230.23,241.73,230.23,235.72,230.12,249425,590.51,2026-09-22
PRAENG,EQ,22.49,22.8,21.35,21.56,22.26,25926,5.66,2026-09-22
PRAJIND,EQ,312.5,323.2,312.5,317.55,312.15,502874,1606.27,2026-09-22
PRAKASH,EQ,121.0,125.73,118.3,119.12,120.09,564037,684.53,2026-09-22
PRAKASHSTL,EQ,3.81,3.82,3.66,3.72,3.69,65227,2.44,2026-09-22
PRANAV,EQ,105.98,106.07,101.89,102.87,105.25,2894567,3006.75,2026-09-22
PRASOLCHEM,EQ,685.05,710.4,676.0,704.75,681.4,413042,2873.59,2026-09-22
PRAVEG,EQ,253.9,263.95,252.05,255.85,252.3,26918,69.01,2026-09-22
PRAXIS,EQ,4.32,4.35,4.2,4.35,4.22,39242,1.69,2026-09-22
PRECAM,EQ,117.42,120.9,116.81,118.87,117.42,110105,130.83,2026-09-22
PRECOT,EQ,709.0,709.0,668.85,674.6,689.85,2741,18.7,2026-09-22
PRECWIRE,EQ,471.0,499.65,471.0,491.1,473.7,960152,4725.14,2026-09-22
PREMCO,EQ,400.0,403.85,390.5,402.0,397.0,354,1.42,2026-09-22
PREMEXPLN,EQ,677.9,677.9,671.0,674.25,675.15,109557,739.02,2026-09-22
PREMIERENE,EQ,914.6,920.0,896.2,907.2,919.9,1202025,10874.84,2026-09-22
PREMIERPOL,EQ,79.96,82.0,79.18,81.02,79.3,94173,75.9,2026-09-22
PRESTIGE,EQ,1483.0,1495.1,1454.0,1479.6,1474.0,512562,7548.36,2026-09-22
PRICOLLTD,EQ,756.5,776.0,752.4,768.1,756.5,210797,1619.2,2026-09-22
PRIMESECU,EQ,300.0,300.0,287.3,290.2,298.7,8958,26.19,2026-09-22
PRIMO,EQ,22.31,23.3,21.26,22.69,22.31,174515,39.44,2026-09-22
PRINCEPIPE,EQ,266.3,269.25,264.1,265.25,266.1,99974,266.53,2026-09-22
PRIORITY,EQ,232.0,236.0,221.41,223.5,231.88,124239,283.17,2026-09-22
PRISMX,EQ,0.56,0.56,0.54,0.55,0.55,88701,0.49,2026-09-22
PRITI,EQ,33.59,33.88,32.0,32.9,32.93,6371,2.08,2026-09-22
PRIVISCL,EQ,3535.3,3571.2,3493.3,3515.2,3525.6,41202,1453.92,2026-09-22
PROSTARM,EQ,128.03,130.0,127.09,127.84,128.4,66825,85.61,2026-09-22
PROTEAN,EQ,575.0,656.9,568.35,620.65,588.35,14817622,92863.33,2026-09-22
PROZONER,EQ,53.39,53.39,51.5,52.23,52.9,432191,225.57,2026-09-22
PRSMJOHNSN,EQ,117.65,117.65,115.5,116.08,116.44,173322,201.09,2026-09-22
PRUDENT,EQ,3426.8,3468.8,3393.0,3403.7,3426.8,9530,325.95,2026-09-22
PRUDMOULI,EQ,14.0,14.69,13.61,13.71,14.19,25129,3.48,2026-09-22
PSB,EQ,21.95,22.06,21.81,21.93,21.95,468789,102.79,2026-09-22
PSPPROJECT,EQ,828.95,855.6,821.25,828.7,820.15,54861,460.91,2026-09-22
PSUBANK,EQ,83.09,83.69,82.51,82.66,83.07,29570,24.54,2026-09-22
PSUBANKADD,EQ,84.46,84.46,83.16,83.2,83.97,14924,12.46,2026-09-22
PSUBNKBEES,EQ,93.9,93.9,92.0,92.15,92.76,686677,634.51,2026-09-22
PSUBNKIETF,EQ,84.5,84.69,83.55,83.66,84.2,30018,25.19,2026-09-22
PTC,EQ,156.78,157.95,155.08,155.63,156.28,1053065,1646.61,2026-09-22
PTCIL,EQ,22320.0,22455.0,22005.0,22130.0,22300.0,15358,3408.43,2026-09-22
PTL,EQ,38.44,38.59,38.05,38.35,38.3,16578,6.35,2026-09-22
PUNJABCHEM,EQ,1072.0,1085.9,1052.5,1066.2,1064.8,6041,64.5,2026-09-22
PURVA,EQ,214.94,223.7,214.0,216.69,214.94,395080,863.94,2026-09-22
PVP,EQ,65.35,65.35,63.7,65.35,62.24,789426,513.26,2026-09-22
PVRINOX,EQ,1350.0,1352.8,1306.0,1334.8,1349.3,388638,5151.71,2026-09-22
PVSL,EQ,99.75,100.99,99.0,99.92,99.38,11215,11.19,2026-09-22
PVTBANIETF,EQ,28.37,28.37,27.58,27.7,27.68,755688,209.36,2026-09-22
PVTBANK,EQ,28.0,28.0,27.29,27.3,27.54,3207,0.88,2026-09-22
PVTBANKADD,EQ,27.9,27.98,27.74,27.91,27.9,54566,15.21,2026-09-22
PVTBKGROWW,EQ,27.95,27.95,27.3,27.39,27.6,14442,3.98,2026-09-22
PWL,EQ,135.01,136.84,132.5,136.35,134.76,6126383,8271.81,2026-09-22
PYRAMID,EQ,157.67,159.05,155.43,157.79,157.67,16861,26.53,2026-09-22
QGOLDHALF,EQ,125.82,125.9,124.6,125.2,125.82,142236,178.2,2026-09-22
QNIFTY,EQ,257.62,261.9,257.0,257.6,258.5,5541,14.28,2026-09-22
QPOWER,EQ,1500.0,1539.1,1487.5,1491.6,1486.4,215820,3260.99,2026-09-22
QUADFUTURE,EQ,538.0,551.45,516.9,522.4,536.0,701484,3741.62,2026-09-22
QUAL30IETF,EQ,20.42,20.43,20.28,20.37,20.51,41414,8.42,2026-09-22
QUALITY30,EQ,20.14,20.14,19.96,19.96,20.14,4581,0.92,2026-09-22
QUESS,EQ,359.65,372.25,357.8,360.45,363.1,403546,1470.99,2026-09-22
QUICKHEAL,EQ,151.84,156.0,151.4,152.32,151.79,114004,174.78,2026-09-22
RACE,EQ,102.0,119.98,99.94,119.98,99.99,682329,732.42,2026-09-22
RACLGEAR,EQ,1717.0,1813.0,1713.1,1758.0,1716.7,64952,1147.55,2026-09-22
RADAAN,EQ,2.88,2.88,2.81,2.87,2.82,14744,0.42,2026-09-22
RADIANTCMS,EQ,35.39,35.99,35.13,35.24,35.24,263083,93.02,2026-09-22
RADICO,EQ,4493.0,4512.3,4436.0,4448.8,4480.0,160829,7177.14,2026-09-22
RADIOCITY,EQ,6.1,6.14,5.98,6.09,6.02,59997,3.61,2026-09-22
RAILTEL,EQ,260.2,266.15,258.3,263.9,260.25,469926,1237.8,2026-09-22
RAIN,EQ,212.98,221.0,212.6,219.54,212.18,4482583,9772.85,2026-09-22
RAINBOW,EQ,1442.0,1454.6,1411.2,1430.9,1439.6,95288,1363.35,2026-09-22
RAJMET,EQ,3.16,3.19,3.12,3.14,3.12,283086,8.9,2026-09-22
RAJPALAYAM,EQ,772.35,778.5,757.0,758.5,768.55,367,2.81,2026-09-22
RAJRATAN,EQ,452.0,461.0,445.0,450.2,452.75,86400,391.09,2026-09-22
RAJSREESUG,EQ,32.48,32.9,31.4,32.16,32.32,24067,7.75,2026-09-22
RAJTV,EQ,9.09,9.31,8.84,9.31,8.87,128187,11.87,2026-09-22
RALLIS,EQ,202.0,203.44,199.23,201.95,202.15,559902,1125.96,2026-09-22
RAMANEWS,EQ,32.39,32.54,31.51,32.11,32.14,17709,5.69,2026-09-22
RAMAPHO,EQ,121.21,123.5,120.05,120.16,120.98,12642,15.42,2026-09-22
RAMBHAJO,EQ,306.0,306.0,282.1,284.1,304.03,754506,2202.69,2026-09-22
RAMCOCEM,EQ,880.0,889.9,872.5,883.5,885.1,292303,2564.07,2026-09-22
RAMCOIND,EQ,323.8,328.65,319.5,320.85,326.15,46173,149.1,2026-09-22
RAMCOSYS,EQ,564.0,592.4,564.0,592.4,564.2,92608,545.71,2026-09-22
RAMKY,EQ,320.05,323.95,314.3,316.55,317.0,33762,107.28,2026-09-22
RAMRAT,EQ,550.1,571.8,545.85,562.75,550.1,812222,4560.32,2026-09-22
RANASUG,EQ,14.11,14.39,14.04,14.11,14.18,237048,33.65,2026-09-22
RANEHOLDIN,EQ,1584.3,1600.0,1571.5,1585.6,1570.8,5656,89.7,2026-09-22
RATEGAIN,EQ,844.9,858.0,834.0,837.5,842.3,277542,2339.92,2026-09-22
RATNAMANI,EQ,2777.0,2802.0,2765.0,2781.7,2776.9,27421,764.12,2026-09-22
RATNAVEER,EQ,336.2,341.1,327.0,332.3,334.55,6199353,20682.9,2026-09-22
RAYMOND,EQ,1090.0,1193.4,1089.95,1116.95,1084.95,4950372,57010.88,2026-09-22
RAYMONDLSL,EQ,652.4,667.15,647.55,652.8,646.15,312338,2046.42,2026-09-22
RAYMONDREL,EQ,587.0,612.4,586.0,589.5,585.45,765481,4605.54,2026-09-22
RBA,EQ,95.7,95.7,92.14,93.64,95.22,3566634,3333.32,2026-09-22
RBLBANK,EQ,404.3,424.4,402.85,423.2,402.4,7366610,30507.34,2026-09-22
RCF,EQ,109.24,109.5,107.45,107.63,108.74,957267,1037.11,2026-09-22
RECLTD,EQ,310.3,311.0,307.1,307.1,310.2,4641953,14338.37,2026-09-22
REDINGTON,EQ,394.0,412.2,392.6,410.35,392.05,5662870,22960.55,2026-09-22
REDTAPE,EQ,116.41,120.0,115.9,118.8,116.41,543970,643.62,2026-09-22
REFEX,EQ,293.2,296.9,289.05,291.0,293.2,525817,1538.03,2026-09-22
REGAAL,EQ,83.44,100.12,82.6,97.21,83.44,8177219,7708.12,2026-09-22
REGENCERAM,EQ,32.0,33.55,31.99,33.3,31.02,2947,0.95,2026-09-22
RELAXO,EQ,295.95,298.0,291.5,292.65,293.55,209982,617.54,2026-09-22
RELCHEMQ,EQ,118.0,119.8,116.0,117.61,118.72,2469,2.9,2026-09-22
RELIABLE,EQ,142.1,147.98,141.15,142.05,141.01,20777,29.95,2026-09-22
RELIANCE,EQ,1247.6,1251.9,1237.4,1240.4,1247.4,10684376,133037.25,2026-09-22
RELIGARE,EQ,252.01,253.09,248.4,249.17,253.21,903971,2268.06,2026-09-22
RELTD,EQ,143.99,153.58,143.99,151.26,143.93,195108,293.62,2026-09-22
REMSONSIND,EQ,97.99,99.85,96.1,97.82,96.02,111502,109.17,2026-09-22
RENTOMOJO,EQ,542.0,546.0,520.0,524.9,539.75,3415248,18119.93,2026-09-22
RENUKA,EQ,22.92,23.35,22.72,22.82,22.98,6690805,1541.43,2026-09-22
REPCOHOME,EQ,362.15,362.15,355.0,357.25,362.15,62778,224.25,2026-09-22
REPL,EQ,59.5,59.5,56.0,57.67,59.25,3370,1.95,2026-09-22
REPRO,EQ,299.85,300.0,295.3,298.2,299.4,10077,30.02,2026-09-22
RESPONIND,EQ,160.0,162.47,156.48,157.38,160.26,83796,133.38,2026-09-22
RETAIL,EQ,18.89,18.89,17.05,17.11,17.89,1490,0.26,2026-09-22
RGL,EQ,162.24,162.96,155.51,156.78,161.55,467283,739.01,2026-09-22
RHETAN,EQ,17.67,18.8,17.67,17.67,18.6,5520962,986.6,2026-09-22
RHIM,EQ,392.6,397.85,372.2,379.2,368.0,11882563,45787.41,2026-09-22
RHL,EQ,176.0,179.99,173.0,174.82,176.5,4903,8.64,2026-09-22
RICOAUTO,EQ,128.9,130.9,127.31,128.14,128.43,457519,589.36,2026-09-22
RIIL,EQ,712.0,719.95,703.8,709.7,705.35,36666,260.99,2026-09-22
RIR,EQ,196.0,199.75,188.87,191.56,194.45,1078839,2087.06,2026-09-22
RISHABH,EQ,750.0,765.95,731.15,736.55,748.05,108922,815.09,2026-09-22
RITCO,EQ,285.0,290.2,280.9,287.2,283.6,67260,191.65,2026-09-22
RITES,EQ,203.98,208.34,203.0,203.6,203.23,578211,1182.28,2026-09-22
RKDL,EQ,18.76,19.16,18.21,18.85,18.66,86335,16.26,2026-09-22
RKEC,EQ,18.61,18.61,17.4,18.43,18.36,19316,3.53,2026-09-22
RKFORGE,EQ,719.4,741.0,712.1,716.25,716.5,660677,4812.22,2026-09-22
RKSWAMY,EQ,91.05,91.5,87.25,87.8,88.79,20496,18.12,2026-09-22
RMC,EQ,217.51,228.16,217.51,225.2,216.64,28244,63.37,2026-09-22
RML,EQ,1345.6,1384.4,1341.1,1347.9,1345.6,37741,512.67,2026-09-22
ROHLTD,EQ,314.0,314.0,305.15,306.0,308.5,8254,25.4,2026-09-22
ROLEXRINGS,EQ,172.7,175.85,172.06,172.5,172.68,534690,929.22,2026-09-22
ROML,EQ,40.55,41.68,40.29,41.14,40.71,3417,1.4,2026-09-22
ROSSARI,EQ,441.65,445.9,435.0,442.25,441.0,88725,389.86,2026-09-22
ROSSELLIND,EQ,52.27,52.5,51.3,51.92,51.96,37290,19.45,2026-09-22
ROSSTECH,EQ,1363.8,1505.0,1363.7,1494.1,1359.7,1051024,15429.03,2026-09-22
ROTO,EQ,63.24,63.8,62.5,62.8,62.75,234959,148.19,2026-09-22
ROUTE,EQ,468.9,471.3,462.2,463.95,469.2,187200,872.09,2026-09-22
RPEL,EQ,1714.9,1760.0,1713.8,1742.3,1692.2,70679,1230.88,2026-09-22
RPGLIFE,EQ,2760.3,2819.9,2722.1,2746.9,2760.2,7450,205.83,2026-09-22
RPOWER,EQ,21.02,21.32,20.82,20.89,21.0,15218039,3194.82,2026-09-22
RPPINFRA,EQ,53.05,55.49,53.05,54.98,53.56,27867,15.15,2026-09-22
RPSGVENT,EQ,855.65,857.0,831.5,841.65,843.4,23708,200.36,2026-09-22
RPTECH,EQ,812.0,900.0,812.0,883.55,811.9,726954,6291.33,2026-09-22
RRECL,EQ,138.8,138.8,137.0,137.0,138.8,156,0.22,2026-09-22
RRIL,EQ,16.3,16.5,15.51,16.11,16.38,28596,4.61,2026-09-22
RRKABEL,EQ,2416.0,2491.0,2414.5,2472.5,2411.7,317242,7812.27,2026-09-22
RSL,EQ,199.9,202.22,186.05,187.27,197.88,483336,928.45,2026-09-22
RSSOFTWARE,EQ,30.3,31.74,29.7,31.6,30.23,48181,15.07,2026-09-22
RSWM,EQ,234.4,234.9,225.55,227.01,231.4,95632,219.38,2026-09-22
RSYSTEMS,EQ,242.31,244.89,238.15,239.45,243.08,93080,224.22,2026-09-22
RTNINDIA,EQ,27.17,28.39,27.06,27.22,27.08,1363637,375.98,2026-09-22
RTNPOWER,EQ,7.11,7.21,7.05,7.06,7.11,13563610,964.17,2026-09-22
RTSPOWR,EQ,90.0,91.5,85.3,90.06,87.96,6801,6.16,2026-09-22
RUBFILA,EQ,67.8,67.88,66.02,66.97,67.88,40794,27.22,2026-09-22
RUBICON,EQ,1720.0,1730.8,1662.0,1671.2,1732.6,344602,5834.63,2026-09-22
RUBYMILLS,EQ,479.75,479.75,450.05,459.95,462.3,6782,31.14,2026-09-22
RUCHINFRA,EQ,5.07,5.2,4.96,5.01,4.98,70765,3.59,2026-09-22
RUCHIRA,EQ,108.0,108.0,105.6,105.93,109.13,14598,15.6,2026-09-22
RUDRA,EQ,20.43,20.5,20.0,20.1,20.23,15293,3.08,2026-09-22
RUPA,EQ,137.1,138.8,136.8,138.52,137.22,75272,103.63,2026-09-22
RUSHIL,EQ,16.2,17.5,16.2,16.7,16.28,592262,99.54,2026-09-22
RUSTOMJEE,EQ,358.35,367.45,353.95,363.55,354.45,38395,138.59,2026-09-22
RVHL,EQ,39.8,40.5,39.2,39.65,40.01,5919,2.38,2026-09-22
RVNL,EQ,211.0,213.3,209.63,211.15,209.71,4049857,8559.33,2026-09-22
RVTH,EQ,685.0,685.35,670.05,671.55,679.35,132,0.89,2026-09-22
S&SPOWER,EQ,323.1,330.05,318.6,325.45,322.5,4106,13.36,2026-09-22
SAATVIKGL,EQ,434.2,451.0,428.8,446.75,431.6,345259,1532.26,2026-09-22
SAB,EQ,174.15,174.15,170.0,174.15,174.15,5,0.01,2026-09-22
SADBHAV,EQ,7.5,7.73,7.46,7.68,7.5,115553,8.72,2026-09-22
SADBHIN,EQ,2.52,2.59,2.46,2.58,2.49,117847,2.98,2026-09-22
SAFARI,EQ,1494.0,1517.4,1480.5,1498.5,1485.7,29262,439.15,2026-09-22
SAGARDEEP,EQ,23.03,23.87,23.03,23.39,23.39,4115,0.96,2026-09-22
SAGCEM,EQ,152.6,154.72,151.0,151.32,152.7,45894,69.98,2026-09-22
SAGILITY,EQ,46.0,46.24,45.51,45.61,45.95,7493649,3436.1,2026-09-22
SAHLIBHFI,EQ,77.4,77.8,74.5,77.36,76.56,28755,21.78,2026-09-22
SAHYADRI,EQ,367.6,380.0,358.55,360.25,370.95,6899,25.27,2026-09-22
SAICAPI,EQ,159.99,159.99,142.5,152.52,156.99,55,0.09,2026-09-22
SAIL,EQ,177.1,178.29,174.0,174.01,177.3,7065250,12394.11,2026-09-22
SAILIFE,EQ,1608.1,1615.0,1592.5,1600.5,1608.0,274572,4404.28,2026-09-22
SAIPARENT,EQ,513.15,517.35,505.0,506.65,510.85,27104,137.91,2026-09-22
SAKAR,EQ,1168.0,1196.9,1145.0,1188.4,1158.45,107278,1263.41,2026-09-22
SAKHTISUG,EQ,18.55,18.8,18.21,18.3,18.21,86231,15.89,2026-09-22
SAKSOFT,EQ,147.0,147.0,143.74,144.36,146.62,221274,321.41,2026-09-22
SAKUMA,EQ,1.52,1.53,1.51,1.52,1.53,822511,12.49,2026-09-22
SALASAR,EQ,4.86,5.0,4.86,4.96,4.86,3500589,172.1,2026-09-22
SALONA,EQ,261.1,280.0,261.05,271.5,261.05,5038,13.95,2026-09-22
SALSTEEL,EQ,82.36,84.8,79.49,80.98,82.26,715814,587.71,2026-09-22
SALZERELEC,EQ,548.95,563.1,542.35,545.95,546.65,39062,215.95,2026-09-22
SAMBHAAV,EQ,6.0,6.29,5.9,5.96,6.06,36588,2.19,2026-09-22
SAMBHV,EQ,155.9,156.0,150.8,151.94,155.13,5785775,8860.47,2026-09-22
SAMHI,EQ,159.59,161.69,159.0,159.52,160.26,527288,843.75,2026-09-22
SAMMAANCAP,EQ,143.5,144.95,141.75,142.36,142.88,2980044,4276.24,2026-09-22
SAMPANN,EQ,24.89,24.89,23.76,24.1,24.07,14344,3.46,2026-09-22
SANATHAN,EQ,479.9,482.45,466.8,471.3,479.9,34433,163.71,2026-09-22
SANDESH,EQ,1055.0,1055.0,1032.0,1038.7,1048.3,412,4.31,2026-09-22
SANDHAR,EQ,594.0,599.8,583.4,586.3,591.45,76254,449.75,2026-09-22
SANDUMA,EQ,183.15,186.47,182.21,183.24,183.15,386959,711.83,2026-09-22
SANGAMIND,EQ,582.85,582.85,556.8,569.3,578.8,10602,60.52,2026-09-22
SANGHVIMOV,EQ,437.0,444.9,433.1,438.8,436.65,154791,680.5,2026-09-22
SANOFI,EQ,3077.8,3091.1,3053.0,3058.8,3077.3,13451,412.32,2026-09-22
SANOFICONR,EQ,3997.6,4024.8,3960.0,3993.0,3997.6,3410,135.81,2026-09-22
SANSERA,EQ,4489.9,4630.0,4393.3,4586.5,4297.0,914987,41365.6,2026-09-22
SANSTAR,EQ,113.46,114.85,112.1,112.61,112.34,164181,185.91,2026-09-22
SAPPHIRE,EQ,239.6,239.6,232.56,237.24,238.37,675367,1595.87,2026-09-22
SAPPL,EQ,272.3,272.3,272.0,272.15,282.4,270,0.73,2026-09-22
SARDAEN,EQ,505.95,510.0,500.55,503.35,503.25,219099,1105.15,2026-09-22
SAREGAMA,EQ,488.2,508.85,486.45,503.35,488.2,406636,2043.11,2026-09-22
SARLAPOLY,EQ,98.15,100.5,97.09,99.26,98.68,65467,64.94,2026-09-22
SARVESHWAR,EQ,3.74,3.74,3.66,3.67,3.69,801580,29.51,2026-09-22
SASKEN,EQ,1738.0,1795.5,1700.0,1755.6,1710.0,62363,1091.59,2026-09-22
SATIA,EQ,67.69,68.95,66.11,67.41,67.68,70149,47.3,2026-09-22
SATIN,EQ,223.4,225.1,218.51,223.2,221.12,156325,347.07,2026-09-22
SAURASHCEM,EQ,53.14,54.0,52.71,53.15,53.22,44355,23.59,2026-09-22
SAYAJIHOTL,EQ,329.9,329.9,309.15,309.15,319.35,266,0.84,2026-09-22
SAYAJIIND,EQ,120.42,121.0,119.79,121.0,120.42,1013,1.23,2026-09-22
SBC,EQ,49.19,49.49,49.19,49.23,49.2,7180385,3542.52,2026-09-22
SBCL,EQ,1140.0,1168.5,1117.7,1126.9,1144.1,193534,2215.16,2026-09-22
SBFC,EQ,91.01,91.44,90.27,90.41,91.28,623342,565.96,2026-09-22
SBGLP,EQ,23.62,24.1,22.65,23.34,23.22,92156,21.73,2026-09-22
SBIBPB,EQ,48.55,48.55,47.78,47.86,48.14,22749,10.96,2026-09-22
SBICARD,EQ,637.1,642.65,630.65,634.95,637.0,676501,4297.95,2026-09-22
SBIETFCON,EQ,118.85,120.28,118.33,118.93,118.85,2601,3.1,2026-09-22
SBIETFIT,EQ,321.44,324.55,314.3,317.37,321.44,14353,45.41,2026-09-22
SBIETFPB,EQ,279.37,284.9,278.96,279.18,279.37,24239,67.64,2026-09-22
SBIETFQLTY,EQ,215.17,215.17,213.46,214.19,215.52,1235,2.64,2026-09-22
SBIFUNDS,EQ,552.5,554.9,544.0,546.0,552.6,526991,2891.96,2026-09-22
SBILIFE,EQ,1761.1,1772.7,1740.0,1756.3,1756.0,329671,5797.74,2026-09-22
SBILIQETF,EQ,1056.9,1056.92,1056.9,1056.9,1056.76,621027,6563.64,2026-09-22
SBIMIDMOM,EQ,63.86,65.04,62.57,63.01,63.26,61859,39.04,2026-09-22
SBIN,EQ,999.1,1000.1,981.3,987.0,996.0,6126235,60513.43,2026-09-22
SBINEQWETF,EQ,33.14,33.38,32.28,32.43,32.73,29413,9.58,2026-09-22
SBINMID150,EQ,23.39,23.7,22.83,22.93,22.96,41838,9.62,2026-09-22
SBISILVER,EQ,227.11,227.92,223.81,225.6,227.75,1305691,2949.8,2026-09-22
SBISMLETF,EQ,18.32,18.43,18.24,18.28,18.32,33143,6.07,2026-09-22
SBIVALETF,EQ,14.51,14.51,14.4,14.46,14.5,4168,0.6,2026-09-22
SCHAEFFLER,EQ,4112.0,4124.5,4035.0,4054.2,4118.2,27601,1124.81,2026-09-22
SCHAND,EQ,135.25,135.97,131.1,133.75,134.28,30117,40.32,2026-09-22
SCHNEIDER,EQ,1235.0,1254.1,1210.0,1214.2,1235.2,136911,1678.28,2026-09-22
SCI,EQ,282.0,283.9,279.0,281.1,280.55,1193262,3357.11,2026-09-22
SCILAL,EQ,38.19,39.29,37.72,38.27,38.23,298183,114.27,2026-09-22
SCODATUBES,EQ,128.95,130.26,128.5,128.85,129.28,184669,238.34,2026-09-22
SDBL,EQ,68.85,69.15,67.21,67.45,68.11,289834,197.04,2026-09-22
SEAMECLTD,EQ,1695.0,1754.0,1690.1,1734.7,1698.8,35821,617.64,2026-09-22
SECLEDBETA,EQ,14.96,14.96,14.29,14.31,14.38,11225,1.61,2026-09-22
SECMARK,EQ,140.21,142.38,135.05,136.11,140.21,1337,1.85,2026-09-22
SECURKLOUD,EQ,17.0,17.0,16.57,16.85,16.85,4936,0.83,2026-09-22
SEDEMAC,EQ,3100.0,3108.0,2985.6,3034.3,3088.0,95017,2885.7,2026-09-22
SEIL,EQ,186.23,192.73,184.91,191.74,184.79,257983,490.02,2026-09-22
SEJALLTD,EQ,688.35,688.35,659.6,666.3,678.9,3526,23.55,2026-09-22
SEKURITIND,EQ,113.21,115.79,112.41,114.35,113.6,26965,30.8,2026-09-22
SELECTIPO,EQ,48.72,48.93,48.57,48.84,48.48,70034,34.21,2026-09-22
SEMAC,EQ,272.25,281.95,272.25,279.0,284.2,24,0.07,2026-09-22
SENCO,EQ,341.9,344.7,336.0,337.35,341.9,343192,1165.16,2026-09-22
SENORES,EQ,1396.0,1409.8,1372.1,1379.9,1395.1,229036,3159.36,2026-09-22
SENSEXADD,EQ,77.54,77.55,76.83,77.06,77.08,729,0.56,2026-09-22
SENSEXAXIS,EQ,77.8,78.09,77.28,77.69,77.68,2580,2.01,2026-09-22
SENSEXBETA,EQ,829.45,833.68,826.0,828.37,829.42,1707,14.14,2026-09-22
SENSEXETF,EQ,77.5,77.61,76.88,77.12,77.27,14793,11.42,2026-09-22
SENSEXIETF,EQ,875.0,875.0,856.51,860.49,863.3,4680,40.29,2026-09-22
SEPC,EQ,5.09,5.2,5.09,5.16,5.09,6308331,325.63,2026-09-22
SERVOTECH,EQ,71.45,72.7,70.11,70.64,71.8,551402,392.83,2026-09-22
SESHAPAPER,EQ,247.16,250.0,245.0,246.94,247.61,28688,70.78,2026-09-22
SETF10GILT,EQ,262.85,263.89,261.78,262.53,262.08,1544,4.05,2026-09-22
SETFGOLD,EQ,129.5,129.58,128.12,128.91,129.53,5500775,7089.07,2026-09-22
SETFNIF50,EQ,259.09,259.09,251.03,251.73,252.78,534174,1344.11,2026-09-22
SETFNIFBK,EQ,581.09,582.32,576.61,578.21,580.4,34953,201.94,2026-09-22
SETFNN50,EQ,776.75,777.9,770.24,772.86,776.38,14862,115.07,2026-09-22
SETL,EQ,410.0,412.2,393.15,402.55,408.65,721740,2897.67,2026-09-22
SFL,EQ,655.0,676.3,644.95,648.25,643.5,223486,1475.27,2026-09-22
SGFIN,EQ,632.0,646.75,618.1,624.6,623.25,174549,1099.56,2026-09-22
SGIL,EQ,606.0,650.0,600.05,636.8,598.1,39063,247.72,2026-09-22
SGL,EQ,9.67,9.74,9.0,9.07,9.43,6143,0.57,2026-09-22
SGLRES,EQ,2.53,2.55,2.36,2.4,2.48,42415,1.02,2026-09-22
SGMART,EQ,728.1,737.05,718.1,721.8,730.4,57564,418.71,2026-09-22
SGRL,EQ,735.0,736.95,675.05,704.8,720.75,33078,233.55,2026-09-22
SHADOWFAX,EQ,272.75,288.25,272.5,283.05,272.75,10724382,30333.17,2026-09-22
SHAH,EQ,3.32,3.32,3.23,3.25,3.29,843480,27.54,2026-09-22
SHAILY,EQ,3281.5,3281.5,3150.0,3168.8,3265.1,152551,4879.47,2026-09-22
SHAKTIPUMP,EQ,471.0,482.25,467.5,469.1,470.95,446914,2121.25,2026-09-22
SHALBY,EQ,138.75,144.13,136.1,136.7,138.32,196871,273.89,2026-09-22
SHANKARA,EQ,147.46,147.99,138.15,141.39,147.46,115988,164.94,2026-09-22
SHANKESH,EQ,91.99,93.0,90.66,91.09,91.54,1338379,1229.71,2026-09-22
SHANTI,EQ,5.7,5.88,5.45,5.56,5.61,49440,2.76,2026-09-22
SHANTIGEAR,EQ,700.0,723.0,670.5,673.7,691.3,84984,590.14,2026-09-22
SHANTIGOLD,EQ,259.8,268.4,256.15,258.04,258.69,1083004,2826.67,2026-09-22
SHARDACROP,EQ,746.0,756.15,743.25,747.35,745.75,82060,614.46,2026-09-22
SHARDAMOTR,EQ,957.7,988.9,955.8,985.75,957.75,141934,1389.96,2026-09-22
SHAREINDIA,EQ,223.95,229.59,221.34,223.32,227.11,2064061,4625.45,2026-09-22
SHARIABEES,EQ,451.75,451.75,434.0,435.76,440.74,17144,74.84,2026-09-22
SHBAJRG,EQ,153.79,153.99,151.0,153.79,152.27,2551,3.9,2026-09-22
SHERVANI,EQ,343.0,343.0,343.0,343.0,343.0,27,0.09,2026-09-22
SHILCTECH,EQ,3975.0,4025.0,3965.5,3989.0,3976.7,9161,365.64,2026-09-22
SHILGRAVQ,EQ,157.0,159.54,152.0,154.57,156.52,2724,4.18,2026-09-22
SHILPAMED,EQ,1060.0,1073.0,1023.3,1033.15,1070.8,675143,7085.5,2026-09-22
SHINDL,EQ,164.83,164.83,160.0,162.53,163.0,247030,400.92,2026-09-22
SHIPROCKET,EQ,122.99,130.15,122.55,126.19,122.49,4643439,5895.07,2026-09-22
SHIVAAGRO,EQ,42.44,42.44,39.0,40.03,41.75,2056,0.82,2026-09-22
SHIVACEM,EQ,15.88,15.88,15.31,15.5,15.67,33780,5.27,2026-09-22
SHIVALIK,EQ,404.5,436.9,395.8,416.9,398.95,297963,1253.26,2026-09-22
SHIVAMAUTO,EQ,17.9,18.23,17.55,17.75,18.23,87411,15.56,2026-09-22
SHIVAMILLS,EQ,61.35,61.35,59.22,61.24,60.15,110,0.07,2026-09-22
SHIVATEX,EQ,174.08,177.98,168.11,172.07,172.35,3694,6.31,2026-09-22
SHIVAUM,EQ,460.35,519.0,460.0,515.05,472.55,682178,3196.07,2026-09-22
SHK,EQ,136.27,141.02,136.27,138.28,136.26,210414,293.7,2026-09-22
SHOPERSTOP,EQ,394.95,400.0,389.8,392.5,394.95,28442,111.96,2026-09-22
SHRADDHA,EQ,152.9,152.9,144.2,144.78,148.11,5638,8.35,2026-09-22
SHRADHA,EQ,30.94,30.94,29.9,30.78,29.99,5324,1.61,2026-09-22
SHREDIGCEM,EQ,67.7,67.94,66.13,66.92,67.08,60844,40.71,2026-09-22
SHREECEM,EQ,22540.0,22650.0,22165.0,22200.0,22550.0,9585,2138.06,2026-09-22
SHREEJISPG,EQ,713.55,723.65,695.6,719.35,709.5,1156580,8234.98,2026-09-22
SHREEPUSHK,EQ,519.6,519.6,501.35,505.85,513.25,33737,170.89,2026-09-22
SHREERAMA,EQ,44.0,44.46,43.11,43.69,43.24,41912,18.41,2026-09-22
SHREYANIND,EQ,133.61,133.61,126.8,127.31,132.29,13105,16.8,2026-09-22
SHRIKRISH,EQ,35.61,35.61,34.75,34.75,37.26,104,0.04,2026-09-22
SHRINGARMS,EQ,208.99,211.0,207.0,208.56,207.9,192061,401.61,2026-09-22
SHRIPISTON,EQ,4523.5,4587.9,4491.0,4512.6,4508.7,52033,2354.42,2026-09-22
SHRIRAMFIN,EQ,1011.8,1016.6,995.5,1006.0,1011.8,3773069,37953.48,2026-09-22
SHRIRAMPPS,EQ,72.03,72.83,70.52,71.03,71.76,248568,177.68,2026-09-22
SHRJAGP,EQ,638.95,640.0,625.05,630.5,639.0,614,3.9,2026-09-22
SHUKRAPHAR,EQ,55.33,59.4,55.33,58.59,55.33,5114278,2974.5,2026-09-22
SHYAMMETL,EQ,1105.2,1105.2,1085.9,1094.1,1097.5,383963,4200.44,2026-09-22
SHYAMTEL,EQ,11.13,11.39,10.81,11.05,11.18,5020,0.56,2026-09-22
SICAGEN,EQ,53.57,53.57,51.7,52.05,52.22,12795,6.7,2026-09-22
SIEL,EQ,28.9,30.48,28.9,30.48,29.03,14,0.0,2026-09-22
SIEMENS,EQ,3890.0,3954.3,3850.1,3858.0,3887.0,257553,10018.35,2026-09-22
SIGACHI,EQ,31.3,31.64,30.41,30.61,31.12,3127491,969.09,2026-09-22
SIGMA,EQ,46.8,47.4,46.0,46.46,46.76,69532,32.59,2026-09-22
SIGNATURE,EQ,767.15,787.55,760.0,763.1,761.9,308020,2377.44,2026-09-22
SIGNPOST,EQ,269.95,272.65,266.3,267.05,269.15,17124,46.21,2026-09-22
SIKA,EQ,1097.4,1103.0,1052.45,1062.8,1085.25,38121,411.07,2026-09-22
SIL,EQ,15.7,16.5,15.7,16.01,15.7,72593,11.69,2026-09-22
SILGO,EQ,70.6,71.26,68.18,70.92,70.02,16891,11.88,2026-09-22
SILINV,EQ,443.0,452.35,433.1,440.8,443.0,149,0.66,2026-09-22
SILVER,EQ,232.04,232.3,228.2,230.01,232.01,391777,902.28,2026-09-22
SILVER001,EQ,23.93,24.15,23.11,23.34,23.55,74232,17.44,2026-09-22
SILVER1,EQ,22.53,22.62,22.15,22.35,22.54,10450572,2338.42,2026-09-22
SILVER360,EQ,228.58,228.66,224.89,226.34,228.25,11650,26.41,2026-09-22
SILVERADD,EQ,22.54,22.54,22.0,22.18,22.39,6357708,1412.52,2026-09-22
SILVERAG,EQ,225.0,226.66,222.32,224.07,226.13,387711,868.42,2026-09-22
SILVERAXIS,EQ,230.95,231.22,227.2,229.33,230.95,886110,2034.99,2026-09-22
SILVERBEES,EQ,222.25,222.49,218.42,220.27,222.21,17443388,38457.06,2026-09-22
SILVERBETA,EQ,223.0,224.53,220.46,222.29,224.32,593224,1319.37,2026-09-22
SILVERBND,EQ,232.52,233.24,229.19,231.26,233.58,10288,23.76,2026-09-22
SILVERCASE,EQ,23.52,23.58,23.17,23.36,23.56,4537007,1063.25,2026-09-22
SILVERIETF,EQ,232.25,232.29,228.11,230.18,232.0,3508319,8077.83,2026-09-22
SILVERTUC,EQ,162.5,164.71,155.15,155.89,160.7,655906,1053.77,2026-09-22
SIMPLEXINF,EQ,252.1,260.5,252.1,256.3,250.7,149503,383.55,2026-09-22
SINCLAIR,EQ,83.15,84.07,81.05,81.79,83.71,8447,6.95,2026-09-22
SINDHUTRAD,EQ,24.0,24.3,23.8,24.11,23.99,337022,80.9,2026-09-22
SINGERIND,EQ,76.8,78.9,76.48,77.26,75.98,26645,20.75,2026-09-22
SINTERCOM,EQ,75.15,80.94,75.0,80.49,73.91,38291,29.89,2026-09-22
SIRCA,EQ,406.0,411.6,402.25,404.6,404.55,139519,568.02,2026-09-22
SIS,EQ,420.55,433.0,420.35,424.05,420.55,254932,1090.26,2026-09-22
SIYSIL,EQ,535.8,538.4,527.1,535.75,530.0,20446,109.19,2026-09-22
SJS,EQ,2335.0,2359.9,2304.5,2310.8,2329.6,56227,1305.91,2026-09-22
SJVN,EQ,63.4,63.91,62.85,63.11,63.35,2784240,1761.19,2026-09-22
SKFINDIA,EQ,1537.9,1539.8,1504.0,1507.2,1532.5,37128,563.15,2026-09-22
SKFINDUS,EQ,2894.4,2917.6,2781.6,2790.8,2880.0,21855,616.39,2026-09-22
SKIPPER,EQ,563.2,577.5,555.45,561.55,560.35,666777,3782.41,2026-09-22
SKMEGGPROD,EQ,229.0,231.1,218.3,221.25,229.05,237366,529.78,2026-09-22
SKYGOLD,EQ,796.0,806.0,788.55,802.55,794.75,490824,3916.01,2026-09-22
SKYWAYS,EQ,128.54,133.0,124.63,130.32,126.03,13853831,17848.3,2026-09-22
SMALL250,EQ,18.73,18.73,18.29,18.35,18.36,597786,109.68,2026-09-22
SMALLADD,EQ,18.49,18.52,18.35,18.43,18.35,23859,4.39,2026-09-22
SMALLCAP,EQ,50.2,50.2,48.66,48.74,48.98,1707236,834.53,2026-09-22
SMALLGROWW,EQ,49.1,49.38,48.62,48.84,48.91,8360,4.09,2026-09-22
SMALLIETF,EQ,18.47,18.47,18.25,18.34,18.38,43651,8.02,2026-09-22
SMARTWORKS,EQ,545.7,557.9,536.65,543.9,540.25,75216,412.44,2026-09-22
SMCGLOBAL,EQ,81.99,82.88,80.76,82.43,81.53,641242,526.59,2026-09-22
SML100CASE,EQ,11.56,11.56,11.25,11.29,11.28,1248407,141.14,2026-09-22
SMLMAH,EQ,6490.0,6787.0,6451.5,6719.5,6464.0,73551,4882.65,2026-09-22
SMLT,EQ,61.5,61.5,58.5,60.77,59.98,3830,2.31,2026-09-22
SMSPHARMA,EQ,467.85,494.45,467.85,483.35,466.5,1908207,9214.34,2026-09-22
SNOWMAN,EQ,35.79,35.79,34.75,34.85,35.21,115991,40.67,2026-09-22
SNXT30BEES,EQ,42.14,42.33,41.93,42.06,42.14,5894,2.48,2026-09-22
SNXT50BETA,EQ,95.2,95.44,92.05,92.66,94.34,4011,3.75,2026-09-22
SOBHA,EQ,1223.3,1260.0,1217.9,1230.9,1214.0,133744,1655.35,2026-09-22
SOFTTECH,EQ,535.0,535.0,494.95,498.25,521.0,9390,47.35,2026-09-22
SOLARA,EQ,753.4,763.0,739.55,744.55,753.25,260825,1951.25,2026-09-22
SOLARINDS,EQ,19395.0,20225.0,19315.0,19890.0,19265.0,396641,78801.11,2026-09-22
SOLARWORLD,EQ,141.0,142.93,138.24,139.46,140.82,581345,811.66,2026-09-22
SOLEX,EQ,699.8,712.9,671.4,678.95,692.05,42358,292.65,2026-09-22
SOMANYCERA,EQ,589.5,601.75,589.45,594.75,589.45,97579,581.38,2026-09-22
SOMATEX,EQ,80.0,81.44,78.51,80.02,80.11,5262,4.21,2026-09-22
SOMICONVEY,EQ,93.0,93.98,90.98,92.66,92.46,1916,1.77,2026-09-22
SONACOMS,EQ,800.0,809.0,794.05,809.0,795.25,1560055,12509.0,2026-09-22
SONAL,EQ,84.01,84.01,84.01,84.01,84.01,50,0.04,2026-09-22
SONATSOFTW,EQ,279.9,285.0,276.0,284.45,278.8,954532,2693.08,2026-09-22
SOTL,EQ,728.6,733.35,714.55,724.35,724.7,190337,1379.79,2026-09-22
SOUTHBANK,EQ,45.89,45.95,45.11,45.23,45.52,4437444,2018.98,2026-09-22
SOUTHWEST,EQ,189.0,194.51,189.0,190.79,189.49,95266,182.59,2026-09-22
SPAL,EQ,977.7,991.0,972.5,979.7,973.1,20612,202.17,2026-09-22
SPANDANA,EQ,229.2,231.41,226.0,227.38,228.63,51888,118.61,2026-09-22
SPARC,EQ,195.9,203.5,195.9,197.96,196.1,884640,1773.76,2026-09-22
SPCENET,EQ,3.22,3.38,3.19,3.29,3.17,909337,30.02,2026-09-22
SPENCERS,EQ,28.39,28.99,27.85,28.47,28.03,19506,5.54,2026-09-22
SPIC,EQ,66.8,67.15,65.86,66.09,66.74,205502,136.48,2026-09-22
SPLIL,EQ,30.26,31.5,29.65,30.52,30.26,7934,2.46,2026-09-22
SPLPETRO,EQ,870.75,871.0,852.35,864.75,865.6,126025,1090.09,2026-09-22
SPMLINFRA,EQ,169.83,171.0,165.49,166.44,167.99,121670,204.62,2026-09-22
SPORTKING,EQ,206.87,219.79,205.97,214.49,206.87,455954,981.21,2026-09-22
SRD,EQ,40.99,41.0,39.65,40.32,40.47,15162,6.07,2026-09-22
SRF,EQ,2540.0,2554.3,2526.4,2538.3,2540.0,69512,1765.86,2026-09-22
SRGHFL,EQ,133.0,145.0,130.2,143.75,132.5,74850,104.84,2026-09-22
SRHHYPOLTD,EQ,664.7,670.0,591.25,599.25,627.7,336785,2118.19,2026-09-22
SRM,EQ,420.25,428.0,415.3,419.8,421.0,43479,183.08,2026-09-22
SRTL,EQ,38.36,39.03,37.4,38.84,38.36,55248,21.28,2026-09-22
SSDL,EQ,62.78,70.99,62.77,65.71,60.28,490278,332.61,2026-09-22
SSWL,EQ,361.75,389.85,358.0,364.8,361.75,2427282,9120.45,2026-09-22
STANLEY,EQ,136.15,136.99,134.7,135.43,135.11,35397,48.09,2026-09-22
STAR,EQ,1234.2,1246.7,1195.5,1217.4,1235.1,285056,3483.99,2026-09-22
STARCEMENT,EQ,194.0,195.0,189.1,189.51,193.5,147576,282.73,2026-09-22
STARHEALTH,EQ,543.0,547.0,539.2,544.6,542.9,355636,1934.97,2026-09-22
STARPAPER,EQ,158.5,160.0,155.22,156.79,159.13,3168,4.98,2026-09-22
STARTECK,EQ,253.15,253.15,240.3,242.0,251.85,19,0.05,2026-09-22
STCINDIA,EQ,111.9,112.15,110.9,111.06,111.04,14626,16.3,2026-09-22
STEAMHOUSE,EQ,107.75,113.04,106.65,112.02,105.05,21132380,23196.09,2026-09-22
STEELCAS,EQ,365.0,365.0,340.0,350.15,317.45,1480419,5159.53,2026-09-22
STEELCITY,EQ,87.56,87.56,84.87,85.59,86.07,3722,3.19,2026-09-22
STEELXIND,EQ,11.22,11.45,11.1,11.18,11.22,3289141,368.9,2026-09-22
STEL,EQ,662.0,674.0,656.05,663.55,662.75,3924,26.09,2026-09-22
STLNETWORK,EQ,45.09,47.34,44.01,47.34,45.09,13000814,5981.06,2026-09-22
STLSTRINF,EQ,24.99,24.99,23.0,23.16,24.04,10145,2.38,2026-09-22
STOVEKRAFT,EQ,817.9,835.95,816.05,827.8,815.1,107974,895.73,2026-09-22
STUDDS,EQ,429.0,434.4,419.55,421.45,430.5,44386,188.41,2026-09-22
STYL,EQ,350.15,364.0,345.25,361.25,350.15,84140,301.78,2026-09-22
STYLAMIND,EQ,3194.9,3360.5,3153.4,3309.4,3195.5,109057,3551.79,2026-09-22
STYLEBAAZA,EQ,398.95,399.05,375.05,375.05,394.75,4125890,15636.13,2026-09-22
STYRENIX,EQ,2096.0,2110.4,2070.0,2078.3,2096.1,16283,340.15,2026-09-22
SUBEXLTD,EQ,19.7,19.83,19.1,19.37,19.61,4951473,959.05,2026-09-22
SUBROS,EQ,715.0,724.35,715.0,720.65,714.9,18563,133.42,2026-09-22
SUDARCOLOR,EQ,410.0,410.0,388.15,390.2,402.0,4738,18.63,2026-09-22
SUDARSCHEM,EQ,1274.1,1274.1,1222.4,1230.3,1257.9,122386,1517.9,2026-09-22
SUDEEPPHRM,EQ,1141.1,1201.2,1133.8,1197.1,1144.0,307848,3666.08,2026-09-22
SUKHJITS,EQ,163.0,164.5,160.03,161.0,163.31,11140,18.04,2026-09-22
SULA,EQ,134.9,136.89,134.46,135.48,134.46,259852,352.3,2026-09-22
SUMEDHA,EQ,48.1,48.1,44.0,44.04,43.9,2902,1.31,2026-09-22
SUMEETINDS,EQ,10.44,10.53,10.44,10.53,10.03,624237,65.66,2026-09-22
SUMICHEM,EQ,453.55,462.7,450.65,457.5,454.55,466298,2134.0,2026-09-22
SUMIT,EQ,50.99,50.99,48.5,50.06,49.54,13814,6.84,2026-09-22
SUMMITSEC,EQ,1404.8,1410.0,1395.3,1404.0,1388.5,650,9.11,2026-09-22
SUNCLAY,EQ,1252.5,1266.6,1221.0,1252.5,1251.8,6249,77.51,2026-09-22
SUNDARAM,EQ,1.19,1.19,1.16,1.17,1.17,232872,2.73,2026-09-22
SUNDARMFIN,EQ,4665.6,4873.7,4650.0,4751.9,4679.5,90693,4364.47,2026-09-22
SUNDRMFAST,EQ,1205.6,1218.9,1176.6,1190.9,1207.4,190200,2266.69,2026-09-22
SUNDROP,EQ,719.0,773.0,711.5,742.35,707.95,291500,2175.36,2026-09-22
SUNFLAG,EQ,355.45,362.2,352.7,355.05,352.85,199128,713.03,2026-09-22
SUNLOC,EQ,73.0,75.8,73.0,75.8,73.0,122,0.09,2026-09-22
SUNPHARMA,EQ,1869.0,1876.4,1842.3,1846.4,1868.9,1062235,19669.54,2026-09-22
SUNRAKSHAK,EQ,365.5,368.9,363.0,364.85,365.0,4543,16.63,2026-09-22
SUNSHIEL,EQ,1227.0,1235.0,1184.8,1192.0,1208.4,6652,80.25,2026-09-22
SUNSHINE,EQ,432.8,444.0,427.2,440.4,430.1,705974,3071.2,2026-09-22
SUNTECK,EQ,290.3,292.7,286.1,287.9,290.0,54482,157.78,2026-09-22
SUNTV,EQ,458.0,494.2,454.0,490.1,457.55,3413835,16528.26,2026-09-22
SUPERHOUSE,EQ,170.31,171.0,168.0,169.17,169.49,4819,8.17,2026-09-22
SUPRAJIT,EQ,484.0,487.7,482.2,483.45,480.85,37481,181.72,2026-09-22
SUPREME,EQ,33.7,33.7,31.1,32.19,31.96,14062,4.47,2026-09-22
SUPREMEIND,EQ,3495.0,3511.2,3435.9,3460.5,3500.0,194956,6767.27,2026-09-22
SUPREMEINF,EQ,82.92,83.0,80.2,80.5,80.95,6278,5.11,2026-09-22
SUPRIYA,EQ,963.0,971.65,933.1,939.1,957.7,333549,3176.01,2026-09-22
SURAJEST,EQ,213.0,226.61,213.0,217.0,216.41,622792,1379.51,2026-09-22
SURAJLTD,EQ,198.0,204.99,190.3,202.41,198.0,920,1.85,2026-09-22
SURAKSHA,EQ,351.9,358.05,341.0,353.4,349.1,177064,623.26,2026-09-22
SURANASOL,EQ,25.82,26.35,25.41,25.53,26.03,17108,4.42,2026-09-22
SURANAT&P,EQ,16.11,16.5,16.11,16.19,16.1,22965,3.74,2026-09-22
SURYALA,EQ,392.9,392.95,380.2,390.8,382.0,421,1.64,2026-09-22
SURYALAXMI,EQ,57.6,58.89,57.01,57.4,57.74,3951,2.3,2026-09-22
SURYAROSNI,EQ,211.18,215.8,211.01,212.05,211.18,391334,831.93,2026-09-22
SURYODAY,EQ,148.55,148.97,145.79,146.4,146.94,125159,184.46,2026-09-22
SUVEN,EQ,337.9,345.2,334.3,335.45,337.9,271490,917.64,2026-09-22
SUVIDHAA,EQ,2.25,2.39,2.19,2.22,2.22,1482871,33.18,2026-09-22
SUYOG,EQ,654.9,658.5,641.5,644.65,648.2,15031,97.42,2026-09-22
SUZLON,EQ,43.5,44.22,42.91,43.0,43.34,41578320,18082.48,2026-09-22
SVGLOBAL,EQ,159.0,159.5,150.2,155.6,160.65,7057,10.99,2026-09-22
SVLL,EQ,814.0,885.0,814.0,867.65,816.0,7371,62.46,2026-09-22
SVPGLOB,EQ,3.44,3.44,3.19,3.34,3.35,31926,1.05,2026-09-22
SWANCORP,EQ,303.0,311.0,301.0,302.75,302.2,1116225,3416.08,2026-09-22
SWARAJENG,EQ,3572.4,3594.7,3542.0,3556.0,3572.4,5088,180.86,2026-09-22
SWARNSAR,EQ,37.81,40.4,36.55,39.69,37.07,54675,21.51,2026-09-22
SWELECTES,EQ,573.8,574.0,559.8,564.95,572.6,4248,24.03,2026-09-22
SWIGGY,EQ,273.0,284.25,272.8,284.05,272.7,32604564,91231.74,2026-09-22
SWSOLAR,EQ,178.89,186.66,176.1,178.42,173.27,5752741,10461.48,2026-09-22
SYMBIOTEC,EQ,1099.0,1188.0,1095.0,1120.9,1156.05,2182137,25054.82,2026-09-22
SYMPHONY,EQ,597.8,598.05,589.1,590.55,597.8,22943,136.11,2026-09-22
SYNCOMF,EQ,19.87,21.0,19.87,20.4,19.85,9828587,2028.62,2026-09-22
SYNGENE,EQ,385.15,385.85,373.6,377.5,385.15,422362,1598.11,2026-09-22
SYRMA,EQ,1720.0,1803.9,1714.5,1741.8,1713.3,4023734,71303.9,2026-09-22
TAALTECH,EQ,1163.0,1234.0,1158.0,1185.4,5714.6,145451,1749.63,2026-09-22
TAINWALCHM,EQ,219.54,228.0,216.0,219.29,219.54,1736,3.84,2026-09-22
TAJGVK,EQ,328.8,332.95,326.05,328.85,328.8,38081,125.41,2026-09-22
TAKE,EQ,16.6,16.6,15.75,15.84,16.47,254803,41.26,2026-09-22
TALBROAUTO,EQ,466.0,485.8,464.55,475.3,467.3,342284,1627.72,2026-09-22
TANAA,EQ,334.5,378.95,332.5,367.05,319.6,965676,3510.71,2026-09-22
TANLA,EQ,493.0,496.35,483.75,485.35,493.4,387958,1892.45,2026-09-22
TARACHAND,EQ,47.25,47.99,46.6,47.08,47.2,41820,19.78,2026-09-22
TARAPUR,EQ,12.0,12.53,11.45,12.08,12.31,39790,4.8,2026-09-22
TARC,EQ,129.97,132.19,129.05,130.66,129.97,312935,408.71,2026-09-22
TARIL,EQ,279.15,285.75,279.15,280.75,278.25,810752,2288.35,2026-09-22
TARMAT,EQ,55.87,55.9,54.13,54.22,54.76,9899,5.43,2026-09-22
TARSONS,EQ,342.0,344.9,330.2,331.5,341.3,262560,882.96,2026-09-22
TASTYBITE,EQ,9801.0,9941.0,9784.0,9829.0,9798.0,3087,303.22,2026-09-22
TATACAP,EQ,343.0,345.6,340.25,341.1,343.7,934131,3194.95,2026-09-22
TATACHEM,EQ,695.0,697.05,673.0,674.0,694.7,1586207,10802.79,2026-09-22
TATACOMM,EQ,1733.0,1741.0,1682.1,1692.4,1732.7,136660,2325.64,2026-09-22
TATACONSUM,EQ,1002.9,1006.0,984.1,984.1,1000.6,683063,6782.04,2026-09-22
TATAELXSI,EQ,3295.0,3295.0,3200.0,3220.0,3287.0,523177,16850.3,2026-09-22
TATAGOLD,EQ,14.78,14.78,14.61,14.69,14.76,45022739,6619.63,2026-09-22
TATAINVEST,EQ,686.0,697.15,677.1,682.25,680.5,729720,5013.97,2026-09-22
TATAPOWER,EQ,367.0,370.0,365.9,367.0,367.15,2521297,9276.27,2026-09-22
TATASTEEL,EQ,183.6,185.49,183.1,184.97,183.4,17525509,32276.13,2026-09-22
TATATECH,EQ,724.9,724.9,712.0,715.55,724.9,476836,3423.17,2026-09-22
TATSILV,EQ,22.52,22.59,22.17,22.36,22.55,31043387,6948.44,2026-09-22
TATVA,EQ,1775.0,1817.0,1731.5,1744.2,1761.2,53674,953.82,2026-09-22
TBOTEK,EQ,1705.0,1748.0,1682.1,1703.7,1704.9,596139,10237.65,2026-09-22
TBZ,EQ,650.0,665.35,636.95,665.35,633.7,881481,5815.8,2026-09-22
TCC,EQ,46.22,55.18,45.2,52.62,45.99,4284942,2185.1,2026-09-22
TCI,EQ,809.8,825.0,797.0,813.45,807.25,70223,567.91,2026-09-22
TCIEXP,EQ,482.6,489.95,482.6,486.15,482.6,8484,41.22,2026-09-22
TCIFINANCE,EQ,15.15,15.68,14.81,15.26,15.41,4943,0.76,2026-09-22
TCPLPACK,EQ,3914.0,3919.8,3813.5,3833.8,3881.1,2746,105.53,2026-09-22
TCS,EQ,2135.1,2135.2,2098.2,2105.0,2128.7,3641623,76777.94,2026-09-22
TDPOWERSYS,EQ,754.0,763.25,743.35,756.4,747.3,1714771,12925.06,2026-09-22
TEAMGTY,EQ,242.99,242.99,235.2,240.77,241.9,359,0.86,2026-09-22
TEAMLEASE,EQ,1230.2,1230.2,1195.4,1201.0,1217.0,16127,195.18,2026-09-22
TECH,EQ,31.55,32.23,31.1,31.37,31.71,33252,10.41,2026-09-22
TECHM,EQ,1553.7,1558.7,1530.9,1551.6,1558.5,1013719,15647.19,2026-09-22
TECHNOCRAF,EQ,439.0,463.0,438.3,457.5,437.65,1492761,6737.05,2026-09-22
TECHNOE,EQ,1017.7,1041.4,1000.0,1005.65,1012.25,112644,1145.5,2026-09-22
TECHNVISN,EQ,4154.5,4290.0,3947.0,3982.5,4154.5,773,31.07,2026-09-22
TECILCHEM,EQ,9.31,9.46,9.0,9.31,9.46,6433,0.6,2026-09-22
TEGA,EQ,2130.0,2175.0,2060.0,2069.0,2129.0,1295775,27512.38,2026-09-22
TEJASNET,EQ,518.0,527.0,515.0,516.3,516.85,963970,5010.18,2026-09-22
TEMBO,EQ,57.99,58.86,57.01,57.36,57.8,1028129,592.41,2026-09-22
TEMPSENS,EQ,528.0,551.55,528.0,537.1,526.85,1620809,8742.56,2026-09-22
TENNIND,EQ,513.0,535.1,513.0,532.75,514.1,1047619,5532.91,2026-09-22
TERASOFT,EQ,251.1,252.8,238.25,240.8,248.65,15569,37.64,2026-09-22
TEXINFRA,EQ,115.31,115.9,108.95,115.02,114.06,130228,149.74,2026-09-22
TEXMOPIPES,EQ,61.0,62.0,59.15,59.38,60.67,270473,163.26,2026-09-22
TEXRAIL,EQ,114.43,119.95,114.43,119.2,114.43,4041975,4787.68,2026-09-22
TFCILTD,EQ,140.49,144.48,139.79,140.8,140.06,9890686,14065.25,2026-09-22
TFL,EQ,11.84,12.08,11.67,11.75,12.08,1810,0.21,2026-09-22
TGBHOTELS,EQ,9.9,9.9,9.34,9.64,9.54,18593,1.8,2026-09-22
TGVSL,EQ,106.12,109.0,106.12,107.45,107.0,126979,136.77,2026-09-22
THACKER,EQ,1077.9,1077.9,1000.0,1008.75,1077.9,16,0.17,2026-09-22
THAKDEV,EQ,125.0,128.9,115.6,126.36,118.42,622,0.78,2026-09-22
THANGAMAYL,EQ,4965.0,5164.5,4955.0,5119.5,4930.5,65238,3324.13,2026-09-22
THEINVEST,EQ,95.99,95.99,93.5,95.25,95.39,1491,1.41,2026-09-22
THEJO,EQ,2141.8,2199.0,2140.0,2167.9,2141.8,9018,194.95,2026-09-22
THELEELA,EQ,540.0,548.75,531.05,537.05,537.45,518559,2795.4,2026-09-22
THEMISMED,EQ,123.2,126.19,122.0,122.6,123.92,57664,71.37,2026-09-22
THERMAX,EQ,3580.0,3615.0,3459.0,3472.2,3578.2,183238,6449.87,2026-09-22
THOMASCOOK,EQ,105.05,106.0,103.81,104.85,105.03,359934,378.15,2026-09-22
THOMASCOTT,EQ,239.85,245.0,235.1,236.9,236.7,91068,218.49,2026-09-22
THYROCARE,EQ,573.4,594.0,573.0,577.5,571.45,397695,2317.87,2026-09-22
TI,EQ,581.2,585.7,572.1,574.65,579.55,1596488,9255.74,2026-09-22
TIGERLOGS,EQ,25.66,26.75,25.66,26.57,25.66,94527,24.77,2026-09-22
TIIL,EQ,3050.0,3065.7,2936.0,2983.0,3043.4,57681,1721.73,2026-09-22
TIINDIA,EQ,2602.0,2617.4,2558.4,2574.0,2588.0,81195,2100.8,2026-09-22
TIMETECHNO,EQ,178.52,181.9,176.9,180.59,180.23,2674483,4796.54,2026-09-22
TIMEX,EQ,708.5,718.45,701.65,703.8,709.65,236271,1673.98,2026-09-22
TIMKEN,EQ,3156.6,3194.9,3115.0,3178.5,3136.8,38073,1203.44,2026-09-22
TINNARUBR,EQ,1029.35,1047.0,1002.75,1008.1,1029.35,40473,411.91,2026-09-22
TIPSFILMS,EQ,317.0,328.45,314.25,316.35,320.7,2578,8.19,2026-09-22
TIPSMUSIC,EQ,658.1,672.0,658.1,661.8,660.0,165069,1098.43,2026-09-22
TIRUMALCHM,EQ,157.75,159.76,156.2,157.32,156.75,146008,230.46,2026-09-22
TITAGARH,EQ,841.9,854.6,831.3,834.85,841.05,341550,2872.87,2026-09-22
TITAN,EQ,4876.0,4982.0,4862.5,4928.5,4875.0,1238174,61144.9,2026-09-22
TMB,EQ,895.0,897.8,870.6,883.75,886.35,140878,1237.23,2026-09-22
TMCV,EQ,444.5,452.0,437.2,440.1,444.5,4761149,21178.35,2026-09-22
TMPV,EQ,302.1,302.8,298.5,300.05,301.65,6935097,20845.6,2026-09-22
TNIDETF,EQ,88.06,88.99,88.06,88.6,88.77,20531,18.16,2026-09-22
TNPETRO,EQ,131.7,132.0,128.15,129.0,130.35,559727,727.83,2026-09-22
TNPL,EQ,146.01,146.23,141.22,142.56,145.48,241006,343.78,2026-09-22
TNTELE,EQ,9.89,9.89,8.95,9.11,9.24,22551,2.07,2026-09-22
TOKYOPLAST,EQ,77.0,78.98,75.02,78.4,77.0,4504,3.46,2026-09-22
TOLINS,EQ,90.77,92.77,89.02,89.6,89.39,26635,24.11,2026-09-22
TOP100CASE,EQ,10.43,10.45,10.26,10.3,10.35,903235,93.13,2026-09-22
TOP10ADD,EQ,85.39,85.39,84.49,84.53,85.39,590727,501.2,2026-09-22
TOP15IETF,EQ,9.55,9.57,9.43,9.45,9.52,284359,26.9,2026-09-22
TOP20,EQ,8.69,8.69,8.62,8.64,8.67,44627,3.86,2026-09-22
TORNTPHARM,EQ,4984.0,4984.0,4910.0,4935.0,4970.0,244345,12075.67,2026-09-22
TORNTPOWER,EQ,1261.0,1268.4,1242.0,1246.3,1262.0,126940,1590.28,2026-09-22
TOUCHWOOD,EQ,61.79,62.78,59.08,61.67,61.78,903,0.55,2026-09-22
TOYAMSL,EQ,0.84,0.84,0.84,0.84,0.8,170180,1.43,2026-09-22
TPLPLASTEH,EQ,65.72,66.25,64.47,65.09,65.03,118214,77.05,2026-09-22
TRACXN,EQ,31.98,32.85,31.5,32.69,31.98,265268,85.75,2026-09-22
TRANSCOR,EQ,29.0,29.0,24.2,24.92,24.97,12276,3.33,2026-09-22
TRANSRAILL,EQ,420.0,488.0,420.0,477.15,414.2,23971640,112589.18,2026-09-22
TRAVELFOOD,EQ,1228.5,1240.7,1223.3,1230.3,1228.5,15552,191.29,2026-09-22
TREEHOUSE,EQ,5.84,6.1,5.76,6.05,5.84,21627,1.29,2026-09-22
TREJHARA,EQ,136.0,145.0,132.0,136.21,132.25,46087,63.88,2026-09-22
TREL,EQ,26.51,27.89,26.51,27.31,26.68,181088,49.5,2026-09-22
TRENT,EQ,2838.7,2847.9,2754.2,2782.9,2815.5,764083,21328.91,2026-09-22
TRF,EQ,217.0,219.01,215.15,216.06,216.43,4526,9.78,2026-09-22
TRIDENT,EQ,23.09,23.19,22.82,22.93,23.02,2129961,489.96,2026-09-22
TRIGYN,EQ,56.0,56.45,55.2,55.76,56.02,16792,9.37,2026-09-22
TRITONV,EQ,1085.0,1091.6,1063.9,1080.1,1063.9,981,10.63,2026-09-22
TRITURBINE,EQ,555.65,564.85,546.8,550.3,555.65,374231,2078.36,2026-09-22
TRIVENI,EQ,239.95,244.05,238.55,239.55,238.75,311291,751.7,2026-09-22
TRU,EQ,4.03,4.28,4.03,4.17,4.12,36808,1.51,2026-09-22
TRUALT,EQ,415.55,428.9,411.0,414.45,415.05,371407,1557.46,2026-09-22
TSFINV,EQ,464.95,467.35,459.0,461.35,460.35,47069,217.81,2026-09-22
TTKHLTCARE,EQ,1079.8,1084.8,1040.0,1050.2,1073.3,29824,315.61,2026-09-22
TTKPRESTIG,EQ,529.45,530.0,516.0,517.15,524.9,41161,214.51,2026-09-22
TTL,EQ,7.32,7.48,7.01,7.29,7.42,574914,41.68,2026-09-22
TTML,EQ,35.25,35.99,35.25,35.62,35.36,1182880,421.15,2026-09-22
TURTLEMINT,EQ,132.46,143.0,130.51,140.23,131.17,3713889,5179.53,2026-09-22
TUTIALKA,EQ,57.5,57.5,54.05,55.34,56.56,3470,1.92,2026-09-22
TVSELECT,EQ,401.2,401.2,388.0,391.15,396.0,26743,105.3,2026-09-22
TVSHLTD,EQ,12671.0,12798.0,12501.0,12543.0,12729.0,3500,441.01,2026-09-22
TVSMOTOR,EQ,4155.0,4188.1,4134.0,4140.0,4155.0,544904,22666.16,2026-09-22
TVSSCS,EQ,133.1,135.63,131.58,132.31,132.85,510639,680.69,2026-09-22
TVSSRICHAK,EQ,4658.0,4690.0,4610.0,4650.0,4592.0,7781,361.64,2026-09-22
TVTODAY,EQ,107.15,109.81,107.0,107.67,107.64,40045,43.24,2026-09-22
TWCGOLDETF,EQ,151.2,151.2,149.46,150.57,151.46,51682,77.59,2026-09-22
UBL,EQ,1234.0,1234.9,1210.4,1215.2,1227.8,88734,1079.89,2026-09-22
UCOBANK,EQ,23.62,23.78,23.62,23.72,23.62,2058479,487.9,2026-09-22
UDAYJEW,EQ,151.83,152.11,147.0,148.87,151.08,11047,16.51,2026-09-22
UDS,EQ,198.0,207.8,196.0,198.14,198.48,138849,280.03,2026-09-22
UEL,EQ,202.99,202.99,190.0,191.3,198.29,19352,37.41,2026-09-22
UFLEX,EQ,669.0,679.7,640.0,648.15,656.15,251203,1651.6,2026-09-22
UFO,EQ,61.0,61.95,60.3,60.64,60.87,33271,20.3,2026-09-22
UGARSUGAR,EQ,56.01,56.85,55.0,55.35,55.8,452353,252.87,2026-09-22
UGROCAP,EQ,82.01,83.31,82.01,82.74,82.29,78300,64.69,2026-09-22
UJJIVANSFB,EQ,64.99,65.8,64.46,64.74,64.79,5992425,3899.3,2026-09-22
ULTRACEMCO,EQ,11100.0,11142.0,11000.0,11000.0,11100.0,320797,35566.4,2026-09-22
ULTRAMAR,EQ,438.0,438.0,422.05,423.9,435.0,20679,88.43,2026-09-22
UMESLTD,EQ,4.34,4.64,4.27,4.57,4.25,45624,2.04,2026-09-22
UMIYA-MRO,EQ,98.06,99.49,96.21,97.29,98.33,7773,7.6,2026-09-22
UNICHEMLAB,EQ,538.0,566.0,534.7,538.75,540.65,114861,631.36,2026-09-22
UNIDT,EQ,222.0,223.35,210.72,212.42,222.44,12203,26.44,2026-09-22
UNIECOM,EQ,81.55,90.5,80.96,86.32,81.11,13825616,12164.57,2026-09-22
UNIENTER,EQ,92.0,92.0,89.67,91.15,91.82,3572,3.24,2026-09-22
UNIINFO,EQ,11.0,11.48,11.0,11.45,11.33,1335,0.15,2026-09-22
UNIMECH,EQ,1719.9,1868.2,1715.0,1732.5,1698.4,1014230,17980.05,2026-09-22
UNIONBANK,EQ,178.0,178.8,175.86,178.0,178.09,5275793,9341.87,2026-09-22
UNIONGOLD,EQ,149.0,150.5,147.25,147.9,148.3,400811,592.88,2026-09-22
UNIPARTS,EQ,859.0,860.95,841.65,851.7,854.85,68579,582.77,2026-09-22
UNITDSPR,EQ,1402.9,1405.3,1390.2,1398.0,1397.0,387186,5412.88,2026-09-22
UNITECH,EQ,4.17,4.17,4.08,4.09,4.13,2193592,90.26,2026-09-22
UNITEDPOLY,EQ,46.0,46.75,44.95,45.57,46.05,212897,98.48,2026-09-22
UNITEDTEA,EQ,430.05,437.45,423.2,427.35,430.05,3724,16.02,2026-09-22
UNIVCABLES,EQ,1488.0,1548.6,1462.0,1478.2,1477.5,145762,2192.57,2026-09-22
UNOMINDA,EQ,1227.5,1240.1,1220.7,1226.0,1227.5,316922,3897.95,2026-09-22
UPHOT,EQ,1449.0,1522.5,1449.0,1507.8,1450.0,34,0.51,2026-09-22
UPL,EQ,559.25,562.55,555.0,559.9,559.9,2741227,15305.55,2026-09-22
URBANCO,EQ,173.4,175.95,171.67,174.21,173.4,6235889,10838.11,2026-09-22
URJA,EQ,9.06,9.14,8.96,9.04,9.06,413283,37.33,2026-09-22
USHAMART,EQ,541.0,541.0,525.7,531.3,533.9,2758062,14667.08,2026-09-22
USK,EQ,19.65,20.49,19.65,19.97,20.12,18360,3.69,2026-09-22
UTIAMC,EQ,921.35,935.95,911.05,919.95,924.8,129398,1197.98,2026-09-22
UTKARSHBNK,EQ,14.0,14.3,13.85,13.88,14.0,6307706,881.43,2026-09-22
UTLSOLAR,EQ,418.05,435.9,418.05,434.6,422.05,217304,933.32,2026-09-22
UTTAMSUGAR,EQ,259.0,264.25,255.25,258.25,256.05,120563,314.33,2026-09-22
V2RETAIL,EQ,210.68,213.6,210.0,213.18,210.85,459607,976.49,2026-09-22
VADILALIND,EQ,7520.0,7937.5,7520.0,7598.0,7415.0,48713,3772.99,2026-09-22
VADILENT,EQ,10400.0,10400.0,10300.0,10350.0,10500.0,79,8.18,2026-09-22
VAIBHAVGBL,EQ,209.1,211.32,206.9,208.18,208.01,223734,467.18,2026-09-22
VAISHALI,EQ,8.17,8.75,8.17,8.58,8.24,124367,10.62,2026-09-22
VAKRANGEE,EQ,5.2,5.3,5.16,5.26,5.16,1307740,68.37,2026-09-22
VAL30IETF,EQ,14.96,14.96,14.8,14.84,14.84,161495,23.99,2026-09-22
VALIANTORG,EQ,421.0,425.0,391.15,418.35,422.95,123062,503.82,2026-09-22
VALUE,EQ,15.84,15.85,15.75,15.79,15.8,16648,2.63,2026-09-22
VALUEAXIS,EQ,32.43,32.43,32.0,32.04,32.16,116290,37.31,2026-09-22
VAML,EQ,415.8,430.75,415.15,425.35,413.05,8507810,36195.84,2026-09-22
VARDMNPOLY,EQ,5.89,5.95,5.75,5.8,5.79,87970,5.12,2026-09-22
VARROC,EQ,877.9,912.2,860.25,864.5,872.55,721004,6372.42,2026-09-22
VASCONEQ,EQ,32.25,32.49,31.2,31.44,32.18,391428,124.53,2026-09-22
VASUPRADA,EQ,93.1,100.0,93.1,100.0,98.0,462,0.45,2026-09-22
VASWANI,EQ,46.99,46.99,45.28,45.61,46.1,13382,6.14,2026-09-22
VBL,EQ,427.2,433.8,424.2,430.0,425.0,5138730,22129.93,2026-09-22
VEDAVAAG,EQ,23.21,23.21,20.5,21.8,22.85,109600,24.03,2026-09-22
VEDL,EQ,261.0,263.85,260.2,263.0,260.5,5419840,14211.97,2026-09-22
VEDPOWER,EQ,30.86,31.61,30.77,31.07,30.78,18011957,5615.44,2026-09-22
VEEDOL,EQ,1362.0,1372.7,1357.3,1369.9,1357.0,8152,111.51,2026-09-22
VENKEYS,EQ,1641.0,1698.0,1641.0,1675.9,1640.3,58766,981.46,2026-09-22
VENTIVE,EQ,560.0,583.5,555.35,579.6,556.75,97386,552.48,2026-09-22
VENUSPIPES,EQ,2242.0,2258.8,2182.0,2223.3,2231.2,149878,3316.26,2026-09-22
VENUSREM,EQ,1599.0,1644.0,1582.8,1611.5,1593.2,21162,342.95,2026-09-22
VERANDA,EQ,231.97,232.61,225.16,230.13,229.17,627174,1446.7,2026-09-22
VERTOZ,EQ,37.99,37.99,36.5,36.89,36.93,20979,7.73,2026-09-22
VESUVIUS,EQ,399.95,405.0,392.0,392.75,397.75,84558,334.9,2026-09-22
VETO,EQ,145.95,145.95,139.0,139.57,143.78,101878,144.31,2026-09-22
VGCL,EQ,48.49,48.49,45.0,46.9,47.14,5454,2.49,2026-09-22
VGL,EQ,69.05,70.6,68.07,68.34,69.03,167860,115.5,2026-09-22
VGUARD,EQ,327.95,328.0,318.55,320.5,324.95,275290,886.36,2026-09-22
VHL,EQ,3348.3,3396.7,3331.0,3342.8,3339.1,306,10.25,2026-09-22
VIDHIING,EQ,358.35,364.0,351.7,359.95,354.45,72419,259.94,2026-09-22
VIDYAWIRES,EQ,85.97,86.5,84.34,84.77,85.45,526875,450.33,2026-09-22
VIJAYA,EQ,1548.3,1571.8,1505.9,1516.0,1556.1,147335,2270.95,2026-09-22
VIJSOLX,EQ,664.4,664.5,621.2,638.0,634.95,330,2.12,2026-09-22
VIKASECO,EQ,1.05,1.07,1.04,1.04,1.04,1737447,18.31,2026-09-22
VIKASLIFE,EQ,1.24,1.27,1.23,1.26,1.23,1613858,20.12,2026-09-22
VIKRAMSOLR,EQ,164.73,165.6,161.7,162.35,163.75,1586320,2582.9,2026-09-22
VIKRAN,EQ,56.48,57.07,55.06,55.38,56.16,851048,476.25,2026-09-22
VIMTALABS,EQ,622.6,626.5,607.1,610.15,616.05,154392,950.81,2026-09-22
VINATIORGA,EQ,1226.5,1232.7,1199.5,1202.7,1222.1,89448,1080.64,2026-09-22
VINCOFE,EQ,176.5,181.0,173.32,174.2,176.33,1555865,2751.52,2026-09-22
VINDHYATEL,EQ,2881.0,2947.7,2822.0,2865.4,2853.2,100801,2915.42,2026-09-22
VINEETLAB,EQ,36.23,36.23,34.3,34.81,35.54,63313,22.35,2026-09-22
VINNY,EQ,0.94,0.94,0.92,0.92,0.93,483748,4.5,2026-09-22
VINYLINDIA,EQ,219.0,222.72,219.0,220.2,216.69,3368,7.44,2026-09-22
VIPCLOTHNG,EQ,21.3,22.2,20.61,21.66,21.25,84807,18.32,2026-09-22
VIPIND,EQ,299.0,305.0,295.6,297.2,295.9,297936,897.91,2026-09-22
VIRAT,EQ,376.0,384.8,355.3,376.55,371.95,3472,12.89,2026-09-22
VIRINCHI,EQ,14.27,14.27,13.85,14.0,13.98,26065,3.65,2026-09-22
VISACHROME,EQ,32.0,33.16,31.51,33.16,31.59,15870,5.24,2026-09-22
VISAKAIND,EQ,95.57,96.19,94.0,94.47,95.42,120212,114.26,2026-09-22
VISHAL,EQ,18.35,18.43,18.0,18.19,18.17,36313,6.58,2026-09-22
VISHNU,EQ,714.5,732.8,714.5,720.9,716.5,69771,504.68,2026-09-22
VISHWARAJ,EQ,5.35,5.39,5.28,5.32,5.27,204980,10.93,2026-09-22
VISL,EQ,31.0,32.21,30.68,32.21,30.68,16918818,5388.41,2026-09-22
VITAL,EQ,56.9,56.9,53.0,53.02,54.9,510,0.28,2026-09-22
VIVIANA,EQ,747.0,790.0,721.25,734.0,732.6,38813,293.75,2026-09-22
VIVIDHA,EQ,0.52,0.55,0.51,0.52,0.52,285268,1.51,2026-09-22
VIVOBIOT,EQ,16.58,16.98,16.22,16.71,16.21,7298,1.22,2026-09-22
VIYASH,EQ,252.0,262.65,250.25,251.5,251.65,4520764,11584.69,2026-09-22
VLEGOV,EQ,10.1,10.39,9.95,10.29,10.09,90978,9.31,2026-09-22
VLSFINANCE,EQ,238.14,241.0,235.57,236.46,238.14,4007,9.55,2026-09-22
VMART,EQ,815.0,815.0,792.1,795.6,808.8,51319,411.8,2026-09-22
VMM,EQ,102.0,104.03,101.34,104.03,101.65,12806676,13157.34,2026-09-22
VMSTMT,EQ,48.5,49.0,47.02,47.23,48.62,54927,26.31,2026-09-22
VOEPL,EQ,496.8,512.85,488.2,493.05,494.4,52839,264.98,2026-09-22
VOGL,EQ,34.33,35.95,33.95,35.01,33.87,46962562,16400.33,2026-09-22
VOITHPAPR,EQ,1454.0,1470.0,1432.1,1440.0,1432.4,745,10.75,2026-09-22
VOLTAMP,EQ,10802.0,11094.0,10665.0,10747.0,10802.0,14738,1606.22,2026-09-22
VOLTAS,EQ,1143.0,1143.1,1100.0,1100.8,1142.1,1090998,12166.78,2026-09-22
VPRPL,EQ,34.0,34.43,33.34,33.56,33.96,230707,77.7,2026-09-22
VRAJ,EQ,129.2,130.9,125.2,125.88,128.65,20043,25.82,2026-09-22
VRLLOG,EQ,291.2,297.0,290.7,291.75,292.25,99556,292.27,2026-09-22
VSSL,EQ,410.15,416.6,406.45,407.8,410.8,91342,375.39,2026-09-22
VSTIND,EQ,206.5,208.01,204.2,205.69,206.76,94917,195.3,2026-09-22
VSTL,EQ,113.9,115.45,113.0,114.19,114.48,5081,5.81,2026-09-22
VSTTILLERS,EQ,4312.2,4398.9,4238.0,4305.4,4290.7,13939,602.21,2026-09-22
VTL,EQ,554.0,559.85,549.05,551.2,554.15,196638,1089.65,2026-09-22
VTMLTD,EQ,46.2,47.0,45.1,45.4,46.26,74894,34.13,2026-09-22
WAAREEENER,EQ,2529.0,2547.0,2480.2,2494.8,2499.0,1148630,28876.4,2026-09-22
WAAREEINDO,EQ,256.95,267.25,251.0,254.45,255.1,366936,958.51,2026-09-22
WAAREERTL,EQ,818.0,841.4,811.6,816.95,813.9,173634,1434.79,2026-09-22
WABAG,EQ,2105.0,2123.2,2063.1,2072.1,2099.5,230608,4811.45,2026-09-22
WAKEFIT,EQ,147.41,151.64,142.6,146.86,146.66,567656,831.88,2026-09-22
WALCHANNAG,EQ,201.98,205.0,197.5,199.05,201.18,371862,744.58,2026-09-22
WANBURY,EQ,228.05,230.0,221.0,222.7,227.55,104097,234.52,2026-09-22
WARDINMOBI,EQ,5.75,6.18,5.57,5.63,5.61,318418,18.02,2026-09-22
WATERBASE,EQ,44.99,45.89,44.99,45.52,44.99,24632,11.21,2026-09-22
WCIL,EQ,96.5,96.5,94.01,95.14,95.59,164399,157.25,2026-09-22
WEALTH,EQ,824.45,844.5,824.0,836.4,822.55,1276,10.64,2026-09-22
WEBELSOLAR,EQ,72.0,73.78,71.35,71.8,72.03,1722203,1249.35,2026-09-22
WEIZMANIND,EQ,73.0,73.01,71.02,72.8,71.76,1007,0.73,2026-09-22
WEL,EQ,77.9,80.4,77.73,80.4,76.58,462050,367.96,2026-09-22
WELCORP,EQ,2762.7,2829.0,2706.7,2731.5,2762.7,1437944,39748.9,2026-09-22
WELENT,EQ,788.65,800.0,778.0,783.75,784.7,519523,4092.16,2026-09-22
WELSPLSOL,EQ,55.8,56.25,53.0,53.06,55.74,912274,492.85,2026-09-22
WELSPUNLIV,EQ,215.4,224.0,215.32,221.51,215.87,5107266,11261.01,2026-09-22
WENDT,EQ,8718.0,8945.0,8570.5,8627.0,8640.5,16023,1406.35,2026-09-22
WESTLIFE,EQ,564.1,585.4,555.2,574.0,564.1,139627,800.39,2026-09-22
WEWIN,EQ,42.4,43.02,41.5,43.0,42.4,3623,1.54,2026-09-22
WEWORK,EQ,670.05,680.85,668.3,671.15,672.35,31492,212.63,2026-09-22
WHBRADY,EQ,484.0,485.0,458.3,464.4,472.55,445,2.08,2026-09-22
WHEELS,EQ,2174.9,2255.9,2141.1,2174.0,2174.9,125029,2744.4,2026-09-22
WHIRLPOOL,EQ,728.0,730.75,718.7,721.05,723.65,104472,756.12,2026-09-22
WILLAMAGOR,EQ,24.15,24.15,23.08,23.6,23.67,408,0.1,2026-09-22
WINDLAS,EQ,1138.5,1148.0,1092.3,1102.3,1129.4,51621,576.24,2026-09-22
WINDMACHIN,EQ,296.0,303.0,293.25,300.0,295.85,183702,550.74,2026-09-22
WIPL,EQ,165.0,165.0,158.5,159.4,165.44,2901,4.69,2026-09-22
WIPRO,EQ,164.81,166.0,163.21,166.0,164.55,14726893,24215.75,2026-09-22
WOCKPHARMA,EQ,2205.9,2247.0,2176.8,2185.4,2187.3,1006397,22223.59,2026-09-22
WONDERLA,EQ,512.3,517.0,510.0,511.15,511.95,46738,239.07,2026-09-22
WORTHPERI,EQ,145.41,149.96,145.1,148.82,148.33,4773,6.98,2026-09-22
WPIL,EQ,446.95,452.9,434.15,439.35,446.95,76916,339.37,2026-09-22
WSI,EQ,57.4,58.99,56.0,58.32,57.32,11479,6.63,2026-09-22
WSTCSTPAPR,EQ,761.25,764.95,737.35,749.75,760.25,223516,1674.14,2026-09-22
XCHANGING,EQ,61.95,61.95,60.1,60.32,61.31,67795,41.13,2026-09-22
XELPMOC,EQ,75.4,75.7,71.1,73.32,73.88,21198,15.55,2026-09-22
XPROINDIA,EQ,1200.0,1212.4,1164.6,1201.0,1195.1,51808,613.88,2026-09-22
XTGLOBAL,EQ,30.34,30.85,29.9,30.14,30.01,16700,5.07,2026-09-22
XTRANET,EQ,352.0,358.5,326.3,334.36,341.43,2041149,7052.19,2026-09-22
YASHO,EQ,3965.5,4011.9,3850.0,3959.4,3945.8,37966,1492.9,2026-09-22
YATHARTH,EQ,1125.3,1136.0,1102.4,1129.1,1125.3,578412,6489.72,2026-09-22
YATRA,EQ,104.8,110.73,104.5,108.82,103.69,1814749,1968.75,2026-09-22
YESBANK,EQ,23.17,23.29,23.04,23.2,23.17,36775729,8514.53,2026-09-22
YOGI,EQ,163.9,163.9,155.01,161.0,162.0,401,0.63,2026-09-22
YUKEN,EQ,1138.45,1149.0,1071.7,1137.95,1125.8,32762,362.85,2026-09-22
ZAGGLE,EQ,182.0,182.7,178.55,179.95,180.01,652387,1176.78,2026-09-22
ZEEL,EQ,78.22,79.2,77.77,78.21,77.68,8389460,6579.1,2026-09-22
ZEELEARN,EQ,6.95,6.99,6.7,6.81,6.77,167275,11.41,2026-09-22
ZEEMEDIA,EQ,7.4,7.99,7.39,7.56,7.31,2865132,220.9,2026-09-22
ZENITHEXPO,EQ,197.0,198.97,197.0,197.62,197.0,280,0.55,2026-09-22
ZENITHSTL,EQ,5.58,5.58,5.27,5.31,5.31,61929,3.3,2026-09-22
ZENSARTECH,EQ,432.55,439.3,431.7,432.6,436.4,578686,2509.39,2026-09-22
ZENTEC,EQ,1696.5,1729.9,1666.0,1673.8,1687.2,252218,4267.74,2026-09-22
ZFCVINDIA,EQ,2362.6,2385.9,2312.9,2362.2,2362.6,264362,6221.25,2026-09-22
ZFSTEERING,EQ,695.0,703.95,686.1,689.7,693.65,1643,11.41,2026-09-22
ZIMLAB,EQ,131.25,134.96,130.5,133.8,133.65,56716,75.57,2026-09-22
ZODIAC,EQ,235.8,235.8,225.0,227.72,230.26,10456,24.16,2026-09-22
ZODIACLOTH,EQ,69.4,70.89,69.12,69.89,69.51,3940,2.75,2026-09-22
ZOTA,EQ,1317.0,1438.0,1295.0,1356.0,1287.8,1031885,14278.03,2026-09-22
ZSARACOM,EQ,10282.0,10535.0,10282.0,10485.0,10282.0,9,0.94,2026-09-22
ZUARI,EQ,222.84,226.76,222.21,225.72,222.84,57519,129.53,2026-09-22
ZUARIIND,EQ,273.25,279.95,273.0,275.1,272.6,77212,213.39,2026-09-22
ZYDUSLIFE,EQ,1161.0,1178.0,1160.0,1162.3,1161.0,1243696,14541.7,2026-09-22
ZYDUSWELL,EQ,534.5,537.0,514.0,520.55,530.45,193863,1011.0,2026-09-22
