SYMBOL,SERIES,OPEN_PRICE,HIGH_PRICE,LOW_PRICE,CLOSE_PRICE,PREV_CLOSE,TTL_TRD_QNTY,TURNOVER_LACS,DATE
20MICRONS,EQ,211.75,211.75,204.01,207.86,211.87,163867,340.25,2026-09-11
21STCENMGM,EQ,38.97,38.97,38.25,38.39,38.97,528,0.2,2026-09-11
360ONE,EQ,1089.7,1098.3,1065.6,1091.0,1094.9,835305,9076.11,2026-09-11
3BBLACKBIO,EQ,1442.0,1448.3,1389.0,1419.9,1443.3,19596,277.27,2026-09-11
3MINDIA,EQ,32410.0,32865.0,32400.0,32710.0,32800.0,1598,521.59,2026-09-11
3PLAND,EQ,32.0,32.0,28.51,31.24,32.0,18145,5.61,2026-09-11
5PAISA,EQ,330.0,331.8,322.35,326.55,332.5,38072,124.56,2026-09-11
63MOONS,EQ,880.0,945.0,861.3,908.9,886.35,1336886,12221.55,2026-09-11
A2ZINFRA,EQ,15.09,15.35,14.81,15.33,14.92,74902,11.37,2026-09-11
AAATECH,EQ,92.92,92.92,91.05,91.88,92.77,7375,6.77,2026-09-11
AADHARHFC,EQ,460.5,460.75,452.0,456.8,462.7,197994,901.97,2026-09-11
AAKASH,EQ,9.15,9.4,9.04,9.1,9.14,134797,12.36,2026-09-11
AAREYDRUGS,EQ,95.71,100.3,94.92,98.89,95.71,369808,365.58,2026-09-11
AARON,EQ,137.0,137.0,121.16,126.94,136.95,34810,44.52,2026-09-11
AARTIDRUGS,EQ,437.0,444.0,426.15,428.5,437.0,173089,747.15,2026-09-11
AARTIIND,EQ,503.0,503.0,490.05,492.7,504.05,592348,2920.2,2026-09-11
AARTIPHARM,EQ,814.0,833.0,814.0,826.95,825.75,268696,2217.38,2026-09-11
AARVI,EQ,142.0,143.11,140.7,141.85,143.11,12981,18.38,2026-09-11
AASTHA,EQ,79.34,79.34,77.0,78.43,79.29,179977,139.93,2026-09-11
AAVAS,EQ,1282.3,1284.9,1256.6,1275.1,1286.1,59394,758.22,2026-09-11
ABANSENT,EQ,27.91,28.37,27.43,28.09,27.78,7373,2.05,2026-09-11
ABB,EQ,7294.0,7324.0,7173.0,7274.0,7329.0,192422,13973.07,2026-09-11
ABBOTINDIA,EQ,25260.0,25635.0,25135.0,25550.0,25260.0,9615,2434.85,2026-09-11
ABCAPITAL,EQ,395.0,396.2,391.0,395.0,400.0,1630117,6417.26,2026-09-11
ABCOTS,EQ,211.0,211.0,201.6,203.06,205.55,1253,2.56,2026-09-11
ABDL,EQ,601.0,636.9,599.0,632.5,611.45,563681,3508.73,2026-09-11
ABFRL,EQ,50.5,50.65,49.4,50.44,50.89,4118000,2058.84,2026-09-11
ABGSEC,EQ,113.96,113.96,113.96,113.96,113.96,4,0.0,2026-09-11
ABLBL,EQ,83.56,83.94,82.6,83.61,84.0,401584,335.15,2026-09-11
ABMKNO,EQ,181.35,185.0,180.0,181.45,181.35,1407,2.55,2026-09-11
ABREL,EQ,1315.1,1315.2,1276.0,1281.6,1337.4,346175,4453.06,2026-09-11
ABSL10BANK,EQ,167.0,170.8,163.16,167.34,165.0,1397,2.3,2026-09-11
ABSLAMC,EQ,1086.0,1116.9,1067.1,1109.9,1088.5,578949,6362.65,2026-09-11
ABSLBANETF,EQ,57.34,58.1,57.23,58.01,57.76,69129,39.9,2026-09-11
ABSLLIQUID,EQ,999.99,1000.01,999.99,1000.0,1000.0,14903,149.03,2026-09-11
ABSLMSCIN,EQ,29.02,29.09,28.75,28.9,28.93,148,0.04,2026-09-11
ABSLNN50ET,EQ,78.0,78.61,75.22,76.15,76.61,18690,14.24,2026-09-11
ABSLPSE,EQ,10.1,10.14,10.0,10.11,10.14,127603,12.9,2026-09-11
ACC,EQ,1251.4,1251.7,1230.6,1246.5,1254.3,111729,1384.39,2026-09-11
ACCELYA,EQ,1118.1,1120.9,1111.1,1118.4,1118.1,5762,64.3,2026-09-11
ACE,EQ,1110.0,1134.0,1086.1,1129.0,1121.2,299344,3314.91,2026-09-11
ACEINTEG,EQ,18.47,18.47,17.16,17.62,17.89,843,0.15,2026-09-11
ACGL,EQ,1702.0,1961.9,1702.0,1785.7,1754.6,2316,41.44,2026-09-11
ACI,EQ,480.55,481.0,461.6,470.45,480.55,306609,1439.25,2026-09-11
ACL,EQ,42.75,42.94,41.5,42.7,42.68,32848,13.91,2026-09-11
ACMESOLAR,EQ,390.05,407.9,389.6,402.3,397.25,1235415,4955.31,2026-09-11
ACUTAAS,EQ,3488.0,3488.0,3350.0,3383.7,3451.4,325242,11110.88,2026-09-11
ADANIENSOL,EQ,1375.0,1382.0,1364.2,1373.0,1391.9,1154404,15846.11,2026-09-11
ADANIENT,EQ,3040.0,3065.0,2999.0,3060.0,3077.2,1815342,55087.59,2026-09-11
ADANIGREEN,EQ,1292.6,1302.4,1273.2,1281.3,1299.1,997068,12790.52,2026-09-11
ADANIPORTS,EQ,1755.0,1771.9,1750.8,1764.6,1768.0,1674823,29479.56,2026-09-11
ADANIPOWER,EQ,212.0,212.48,208.41,209.97,213.5,10271412,21569.8,2026-09-11
ADDIND,EQ,80.0,80.0,74.5,77.48,74.83,1712,1.29,2026-09-11
ADFFOODS,EQ,270.65,271.65,267.15,269.55,274.05,66092,177.67,2026-09-11
ADL,EQ,72.02,73.4,70.4,71.54,71.27,966,0.69,2026-09-11
ADOR,EQ,1633.9,1633.9,1579.4,1603.7,1623.4,30109,481.7,2026-09-11
ADROITINFO,EQ,11.23,11.3,10.66,11.02,10.87,20102,2.22,2026-09-11
ADSL,EQ,98.38,101.0,97.05,100.21,98.54,98156,97.29,2026-09-11
ADVAIT,EQ,2026.0,2086.7,2014.4,2065.0,2057.6,34152,695.88,2026-09-11
ADVANCE,EQ,119.03,119.03,116.62,117.85,119.03,65560,77.42,2026-09-11
ADVANIHOTR,EQ,48.99,50.0,48.0,49.18,48.43,16431,8.06,2026-09-11
ADVENTHTL,EQ,132.0,132.0,127.0,128.56,132.39,108834,140.54,2026-09-11
ADVENZYMES,EQ,303.35,303.35,292.0,293.4,303.35,216076,637.89,2026-09-11
ADVIKCA,EQ,1.05,1.05,0.91,1.02,1.04,603812,6.07,2026-09-11
AEGISLOG,EQ,1311.1,1364.6,1287.7,1353.6,1307.6,1216825,16293.08,2026-09-11
AEGISVOPAK,EQ,289.6,298.4,281.3,295.1,291.85,1776446,5217.28,2026-09-11
AEPL,EQ,18.48,18.48,17.0,17.21,17.56,27690,4.88,2026-09-11
AEQUS,EQ,228.1,228.9,222.11,225.97,229.96,2450720,5514.64,2026-09-11
AEROENTER,EQ,133.6,139.0,130.54,137.09,135.01,981278,1328.38,2026-09-11
AEROFLEX,EQ,560.0,569.5,545.25,563.95,564.2,1042637,5830.17,2026-09-11
AERONEU,EQ,69.5,72.76,68.35,68.76,70.03,81254,56.17,2026-09-11
AEROPLANE,EQ,206.98,207.5,196.56,205.13,206.9,4850211,9747.77,2026-09-11
AETHER,EQ,1629.9,1691.5,1600.1,1674.7,1640.3,352268,5782.78,2026-09-11
AFCONS,EQ,262.3,263.75,249.0,253.8,260.85,1849652,4731.54,2026-09-11
AFFLE,EQ,1583.1,1586.2,1558.5,1567.6,1594.0,89489,1405.04,2026-09-11
AFFORDABLE,EQ,165.9,165.9,157.9,159.88,162.34,15027,23.98,2026-09-11
AFIL,EQ,8.9,9.1,8.8,8.92,8.94,234271,20.84,2026-09-11
AFSL,EQ,201.5,201.9,201.0,201.0,201.27,28715,57.72,2026-09-11
AGARIND,EQ,428.8,434.5,421.0,431.75,433.85,45584,194.45,2026-09-11
AGARWALEYE,EQ,503.0,511.85,493.25,508.4,508.35,183331,922.95,2026-09-11
AGI,EQ,778.0,778.0,756.0,762.65,778.05,80322,615.08,2026-09-11
AGIIL,EQ,275.0,275.2,271.0,272.95,276.7,223061,608.08,2026-09-11
AGL,EQ,15.32,15.69,15.0,15.13,15.51,3154038,481.64,2026-09-11
AGRITECH,EQ,100.72,100.72,99.0,99.84,99.08,851,0.85,2026-09-11
AGROPHOS,EQ,23.79,23.8,23.0,23.5,23.37,18506,4.34,2026-09-11
AHCL,EQ,17.73,20.0,17.54,19.57,17.54,150749037,28802.48,2026-09-11
AHLADA,EQ,35.48,36.0,34.8,35.06,35.29,20179,7.13,2026-09-11
AHLEAST,EQ,136.01,136.01,133.0,133.95,135.85,2151,2.89,2026-09-11
AHLUCONT,EQ,587.0,605.9,582.65,601.0,592.3,57589,343.2,2026-09-11
AIAENG,EQ,4116.3,4125.9,4055.6,4096.6,4116.3,18371,752.06,2026-09-11
AIIL,EQ,508.0,558.0,503.0,544.35,512.3,5994616,32551.18,2026-09-11
AIRAN,EQ,16.62,17.36,16.5,17.13,17.04,109228,18.3,2026-09-11
AIROLAM,EQ,87.95,87.95,83.98,84.25,85.37,1901,1.61,2026-09-11
AJANTPHARM,EQ,3516.0,3560.0,3460.0,3533.4,3520.0,45547,1600.89,2026-09-11
AJAXENGG,EQ,588.0,595.0,576.0,590.6,589.5,71818,422.41,2026-09-11
AJMERA,EQ,116.5,118.15,114.66,116.75,118.74,411339,477.89,2026-09-11
AJOONI,EQ,3.46,3.52,3.4,3.47,3.5,416976,14.31,2026-09-11
AKASH,EQ,24.87,25.48,24.79,24.86,24.88,5123,1.29,2026-09-11
AKCAPIT,EQ,1697.9,1744.9,1686.0,1708.4,1702.5,887,15.12,2026-09-11
AKG,EQ,10.72,10.75,10.13,10.61,10.73,23492,2.45,2026-09-11
AKSHAR,EQ,0.42,0.43,0.41,0.41,0.42,895612,3.74,2026-09-11
AKUMS,EQ,753.0,784.4,740.5,776.35,749.65,398725,3074.93,2026-09-11
ALANKIT,EQ,8.15,8.18,7.5,7.91,8.01,185587,14.58,2026-09-11
ALBERTDAVD,EQ,847.65,850.45,835.5,844.35,850.0,2805,23.66,2026-09-11
ALEMBICLTD,EQ,105.32,105.9,103.14,104.33,106.5,698680,728.15,2026-09-11
ALFREDHE,EQ,2830.0,2979.9,2775.5,2845.0,2900.0,125,3.52,2026-09-11
ALGOQUANT,EQ,63.63,65.55,63.5,64.61,63.94,1630807,1044.16,2026-09-11
ALICON,EQ,731.4,743.85,712.4,733.4,740.6,18905,137.4,2026-09-11
ALIVUS,EQ,1385.0,1398.1,1376.1,1386.8,1390.2,74367,1029.97,2026-09-11
ALKALI,EQ,77.61,78.78,75.2,77.25,79.19,19801,15.23,2026-09-11
ALKEM,EQ,5122.0,5128.0,5051.0,5087.5,5138.0,238760,12137.84,2026-09-11
ALKYLAMINE,EQ,1920.3,1920.3,1859.1,1867.5,1920.3,67897,1275.81,2026-09-11
ALLCARGO,EQ,12.2,12.31,12.0,12.16,12.26,10086572,1224.27,2026-09-11
ALLDIGI,EQ,802.7,802.7,795.15,797.3,802.7,1925,15.36,2026-09-11
ALLTIME,EQ,209.9,225.76,200.0,221.15,210.16,431750,922.61,2026-09-11
ALMONDZ,EQ,19.54,19.6,19.0,19.13,19.54,165677,31.67,2026-09-11
ALOKINDS,EQ,7.4,7.41,7.25,7.36,7.4,13200683,967.42,2026-09-11
ALPA,EQ,62.93,63.2,61.0,61.69,62.62,10634,6.62,2026-09-11
ALPHA,EQ,54.74,54.74,53.0,54.06,54.27,1159861,624.16,2026-09-11
ALPHAETF,EQ,26.55,26.56,26.13,26.49,26.57,253862,66.78,2026-09-11
ALPINETEX,EQ,58.5,58.5,56.35,57.13,58.22,94740,54.0,2026-09-11
ALPL30IETF,EQ,27.37,27.37,27.07,27.25,27.37,122468,33.31,2026-09-11
ALUFLUOR,EQ,484.05,499.0,484.05,487.4,497.15,8607,41.92,2026-09-11
AMAGI,EQ,571.0,586.0,562.75,578.35,572.05,380967,2192.96,2026-09-11
AMAL,EQ,748.8,751.1,730.6,738.7,760.6,8186,60.66,2026-09-11
AMARJOTHI,EQ,151.6,154.95,148.01,150.14,152.36,4782,7.21,2026-09-11
AMBER,EQ,7261.0,7261.0,7125.5,7245.0,7280.0,111991,8069.66,2026-09-11
AMBICAAGAR,EQ,25.5,26.29,24.75,24.99,25.49,21404,5.35,2026-09-11
AMBIKCO,EQ,1606.0,1614.9,1588.6,1593.1,1606.9,15561,248.63,2026-09-11
AMBUJACEM,EQ,393.0,393.55,387.65,391.85,395.6,1311052,5113.74,2026-09-11
AMDIND,EQ,56.32,65.2,55.51,64.03,56.04,484603,304.29,2026-09-11
AMJLAND,EQ,38.99,39.0,37.4,38.56,38.32,8003,3.05,2026-09-11
AMNPLST,EQ,169.95,169.95,164.0,165.26,167.92,1476,2.46,2026-09-11
AMRUTANJAN,EQ,492.0,498.0,485.05,490.95,493.25,73521,360.34,2026-09-11
ANANDRATHI,EQ,2180.1,2219.0,2180.1,2211.0,2202.5,175283,3871.21,2026-09-11
ANANTRAJ,EQ,602.0,604.45,585.05,598.35,608.85,2041960,12110.03,2026-09-11
ANDHRAPAP,EQ,72.5,73.95,70.84,73.36,72.58,1705341,1237.79,2026-09-11
ANDHRSUGAR,EQ,96.5,97.39,93.97,96.38,96.5,486239,464.65,2026-09-11
ANDREWYU,EQ,27.2,27.2,25.81,26.24,26.77,64991,17.04,2026-09-11
ANGELONE,EQ,295.0,307.4,289.05,305.0,297.3,5942668,17710.07,2026-09-11
ANIKINDS,EQ,46.0,46.0,43.11,44.66,44.39,1140,0.51,2026-09-11
ANMOL,EQ,15.0,16.87,15.0,16.87,15.34,1521669,249.11,2026-09-11
ANNAPURNA,EQ,135.72,138.9,132.21,137.95,135.03,32222,43.62,2026-09-11
ANSALBU,EQ,81.7,82.51,81.0,82.0,80.9,276,0.23,2026-09-11
ANTELOPUS,EQ,1118.0,1200.0,1114.15,1139.35,1124.1,4164751,47943.52,2026-09-11
ANTGRAPHIC,EQ,0.74,0.77,0.72,0.75,0.72,305036,2.26,2026-09-11
ANTHEM,EQ,938.1,952.0,932.7,940.9,942.3,844305,7949.02,2026-09-11
ANUHPHR,EQ,91.2,95.88,90.79,94.86,91.21,222204,208.0,2026-09-11
ANUP,EQ,1703.6,1708.0,1650.0,1664.3,1719.4,34067,573.06,2026-09-11
ANURAS,EQ,1232.5,1232.6,1205.0,1219.4,1231.1,418693,5093.27,2026-09-11
AONEGOLD,EQ,14.19,14.21,13.97,14.15,14.24,480448,67.73,2026-09-11
AONELIQUID,EQ,1076.74,1076.76,1076.72,1076.74,1076.19,8190,88.19,2026-09-11
AONENIFTY,EQ,9.92,9.92,9.59,9.71,9.68,209232,20.16,2026-09-11
AONESILVER,EQ,8.82,8.82,8.55,8.7,8.91,630579,54.72,2026-09-11
AONETMMQ50,EQ,10.58,10.58,10.2,10.34,10.37,28404,2.92,2026-09-11
AONETOTAL,EQ,11.95,11.95,10.74,11.7,11.72,418828,48.83,2026-09-11
APARINDS,EQ,17200.0,17558.0,16686.0,17500.0,17342.0,169196,29182.5,2026-09-11
APCL,EQ,100.0,100.0,97.5,98.16,98.61,3681,3.61,2026-09-11
APCOTEXIND,EQ,603.8,604.55,590.0,601.15,603.8,92249,549.3,2026-09-11
APEX,EQ,370.5,371.95,366.25,368.5,374.7,64885,238.91,2026-09-11
APLAPOLLO,EQ,2176.2,2176.2,2109.8,2153.5,2194.8,591497,12718.38,2026-09-11
APLLTD,EQ,806.0,822.0,799.2,810.95,816.4,118504,960.88,2026-09-11
APOLLO,EQ,411.0,423.5,409.55,422.25,413.2,7751875,32370.99,2026-09-11
APOLLOHOSP,EQ,8806.0,8950.0,8806.0,8836.0,8900.0,207930,18497.65,2026-09-11
APOLLOPIPE,EQ,569.35,569.35,550.0,554.9,569.35,328830,1837.95,2026-09-11
APOLLOTYRE,EQ,413.95,419.45,410.0,417.65,419.55,260936,1084.8,2026-09-11
APOLSINHOT,EQ,1208.3,1237.7,1181.0,1226.7,1228.9,1813,22.01,2026-09-11
APOORVA,EQ,26.58,27.88,26.43,27.63,26.56,135,0.04,2026-09-11
APTUS,EQ,250.02,251.2,245.5,249.11,252.2,1138103,2828.03,2026-09-11
AQYLON,EQ,21.8,22.34,20.89,21.24,21.88,515179,109.71,2026-09-11
ARCHIDPLY,EQ,100.5,102.99,98.16,101.96,100.5,21936,22.12,2026-09-11
ARCHIES,EQ,12.52,12.65,12.06,12.19,12.52,47987,5.91,2026-09-11
ARCL,EQ,240.0,249.9,235.0,249.9,238.0,3115,7.67,2026-09-11
ARDEE,EQ,52.0,52.5,50.48,50.91,52.62,4081585,2089.98,2026-09-11
ARE&M,EQ,815.2,816.4,803.75,813.9,819.2,385804,3124.47,2026-09-11
ARENTERP,EQ,33.4,33.4,32.6,33.34,32.6,517,0.17,2026-09-11
ARFIN,EQ,88.0,88.61,85.14,85.98,88.07,791089,678.98,2026-09-11
ARIHANT,EQ,899.35,899.4,885.0,887.75,883.35,3002,26.63,2026-09-11
ARIHANTCAP,EQ,76.0,79.44,74.52,79.0,76.47,273519,211.57,2026-09-11
ARIHANTSUP,EQ,222.4,222.4,215.0,218.45,219.65,2989,6.51,2026-09-11
ARIS,EQ,126.06,127.0,122.0,125.46,126.98,1150625,1440.34,2026-09-11
ARKADE,EQ,123.24,123.85,120.0,122.03,122.94,241772,293.58,2026-09-11
ARMANFIN,EQ,2000.6,2024.0,1960.5,2011.3,2036.5,13661,273.88,2026-09-11
AROGRANITE,EQ,23.6,24.82,23.0,23.38,24.19,13819,3.27,2026-09-11
ARSSBL,EQ,500.1,501.0,488.0,490.25,502.05,176505,868.2,2026-09-11
ARTEMISMED,EQ,348.55,351.8,339.7,344.9,348.55,347172,1196.23,2026-09-11
ARTNIRMAN,EQ,40.06,40.06,38.0,39.92,39.87,2071,0.81,2026-09-11
ARVEE,EQ,195.0,195.0,176.5,180.69,195.25,7318,13.62,2026-09-11
ARVIND,EQ,564.0,579.7,552.3,575.1,569.8,470791,2674.55,2026-09-11
ARVINDFASN,EQ,450.0,453.95,441.7,446.5,453.4,629613,2822.47,2026-09-11
ARVSMART,EQ,595.45,602.9,585.15,598.05,597.05,60418,358.71,2026-09-11
ARYAMAN,EQ,635.0,635.0,615.0,635.0,625.0,112,0.7,2026-09-11
ASAHIINDIA,EQ,976.0,992.5,963.6,985.8,976.2,205299,2017.48,2026-09-11
ASAL,EQ,465.5,465.5,458.5,462.4,466.55,6191,28.55,2026-09-11
ASALCBR,EQ,694.0,694.0,675.0,676.7,698.25,47216,320.95,2026-09-11
ASHAPURMIN,EQ,538.05,549.0,528.3,542.9,542.05,332067,1788.66,2026-09-11
ASHIANA,EQ,346.0,349.75,340.0,346.75,347.9,26317,90.53,2026-09-11
ASHIMASYN,EQ,17.0,17.0,16.36,16.61,17.08,88813,14.76,2026-09-11
ASHOKA,EQ,112.0,114.24,111.15,113.86,113.53,682933,768.25,2026-09-11
ASHOKAMET,EQ,14.54,17.2,14.01,17.2,14.34,1455188,244.86,2026-09-11
ASHOKLEY,EQ,163.8,165.04,160.0,163.75,166.12,19044403,30948.23,2026-09-11
ASIANENE,EQ,530.0,553.55,523.5,535.1,533.95,492430,2653.3,2026-09-11
ASIANHOTNR,EQ,384.6,404.0,370.1,378.8,382.15,26340,100.17,2026-09-11
ASIANPAINT,EQ,2453.2,2472.5,2442.8,2472.5,2498.1,653006,16073.37,2026-09-11
ASIANTILES,EQ,50.3,50.95,48.77,50.34,50.39,5492697,2758.28,2026-09-11
ASIANTNE,EQ,9.46,9.85,9.22,9.25,9.23,1124,0.11,2026-09-11
ASKAUTOLTD,EQ,621.7,632.85,612.05,624.55,622.4,129770,811.8,2026-09-11
ASPINWALL,EQ,250.15,265.9,239.2,260.5,250.15,4219,10.7,2026-09-11
ASTAR,EQ,595.0,595.0,565.0,583.0,587.75,172,1.0,2026-09-11
ASTEC,EQ,716.0,722.4,694.0,699.8,715.8,83837,590.41,2026-09-11
ASTERDM,EQ,761.0,770.9,757.55,763.05,766.5,600395,4592.03,2026-09-11
ASTRAL,EQ,1452.0,1456.0,1402.5,1411.4,1459.0,872167,12337.57,2026-09-11
ASTRAMICRO,EQ,1691.9,1695.0,1656.1,1680.6,1696.8,200377,3352.69,2026-09-11
ASTRAZEN,EQ,6880.0,6880.0,6750.0,6764.5,6860.5,3314,224.66,2026-09-11
ATALREAL,EQ,13.75,13.75,13.75,13.75,15.27,370055,50.88,2026-09-11
ATAM,EQ,54.45,56.11,53.01,55.38,53.7,7175,3.93,2026-09-11
ATGL,EQ,599.5,601.45,592.5,594.8,602.7,437058,2600.33,2026-09-11
ATHERENERG,EQ,1657.0,1673.5,1615.5,1656.0,1658.3,4881695,80878.82,2026-09-11
ATL,EQ,24.2,25.7,24.2,25.18,24.61,242102,60.43,2026-09-11
ATLANTAA,EQ,37.97,37.97,36.26,37.22,37.51,29600,11.0,2026-09-11
ATLANTAELE,EQ,1798.0,1798.0,1759.0,1777.8,1805.4,69995,1240.9,2026-09-11
ATLASCYCLE,EQ,97.43,99.05,94.65,95.71,98.07,26962,26.06,2026-09-11
ATUL,EQ,6327.0,6327.0,6156.5,6244.5,6356.0,33362,2076.92,2026-09-11
ATULAUTO,EQ,448.95,449.8,439.85,445.6,449.65,59361,263.45,2026-09-11
AUBANK,EQ,1052.0,1061.2,1033.2,1058.9,1054.7,1058773,11104.52,2026-09-11
AUGMONT,EQ,915.0,915.0,873.7,886.15,917.5,1169259,10376.06,2026-09-11
AURIONPRO,EQ,670.0,689.5,665.05,680.85,671.15,163921,1114.88,2026-09-11
AUROPHARMA,EQ,1666.7,1681.4,1655.5,1679.8,1668.4,494251,8267.11,2026-09-11
AURUM,EQ,218.4,226.16,218.4,224.02,220.38,74800,166.46,2026-09-11
AURUS,EQ,4.8,4.92,4.68,4.89,4.8,14697,0.72,2026-09-11
AUSOMENT,EQ,152.0,155.0,146.0,152.59,153.0,7199,10.91,2026-09-11
AUSTENG,EQ,127.04,137.0,124.2,135.29,127.04,6029,8.09,2026-09-11
AUTOAXLES,EQ,1652.2,1690.0,1650.0,1678.0,1657.9,4539,76.03,2026-09-11
AUTOBEES,EQ,284.11,284.11,280.36,282.87,284.53,170286,480.66,2026-09-11
AUTOIETF,EQ,28.55,29.41,28.12,28.58,28.55,608290,172.63,2026-09-11
AUTOIND,EQ,84.0,84.94,80.99,82.83,84.25,152032,125.34,2026-09-11
AVADHSUGAR,EQ,788.95,812.0,763.3,769.6,794.45,185275,1462.69,2026-09-11
AVALON,EQ,2225.0,2299.8,2188.4,2264.5,2227.0,334741,7539.54,2026-09-11
AVANCE,EQ,0.83,0.83,0.81,0.81,0.82,3112294,25.32,2026-09-11
AVANTEL,EQ,157.77,157.77,154.96,156.46,159.07,782263,1221.98,2026-09-11
AVANTIFEED,EQ,809.55,809.55,795.7,798.6,815.3,207665,1663.03,2026-09-11
AVL,EQ,600.0,620.0,593.8,616.45,603.55,243754,1474.84,2026-09-11
AVONMORE,EQ,14.2,14.6,13.85,14.0,14.19,258430,36.28,2026-09-11
AVROIND,EQ,8.4,8.43,7.72,7.81,8.34,891730,71.09,2026-09-11
AVTNPL,EQ,90.48,90.98,87.71,90.13,90.6,180833,161.49,2026-09-11
AWFIS,EQ,248.5,299.45,244.1,293.2,249.6,23945553,67870.41,2026-09-11
AWHCL,EQ,370.05,372.3,360.0,366.5,373.15,85509,312.6,2026-09-11
AWL,EQ,185.3,185.94,181.0,185.02,185.7,1727993,3170.47,2026-09-11
AXISBANK,EQ,1237.9,1252.8,1229.8,1246.0,1246.0,4562285,56817.78,2026-09-11
AXISCADES,EQ,1864.2,1866.7,1815.0,1831.8,1869.7,131542,2415.22,2026-09-11
AXITA,EQ,8.04,8.06,7.98,7.98,8.0,1291259,103.27,2026-09-11
AXTEL,EQ,425.5,448.0,413.0,440.2,425.1,20070,85.91,2026-09-11
AYE,EQ,176.95,180.6,172.45,179.46,178.1,606572,1074.05,2026-09-11
AYMSYNTEX,EQ,294.9,294.9,280.5,281.65,293.1,93298,265.78,2026-09-11
AZAD,EQ,2744.0,2864.0,2677.8,2849.1,2773.5,454037,12607.55,2026-09-11
AZADIND,EQ,88.53,88.78,83.25,87.13,86.79,33984,29.62,2026-09-11
BAGFILMS,EQ,4.53,4.66,4.32,4.44,4.46,136648,6.17,2026-09-11
BAIDFIN,EQ,11.74,12.16,11.25,11.88,11.74,152112,17.67,2026-09-11
BAJAJ-AUTO,EQ,11624.0,11723.0,11529.0,11678.0,11768.0,214731,25020.44,2026-09-11
BAJAJCON,EQ,520.9,523.15,507.25,520.5,524.45,901856,4661.11,2026-09-11
BAJAJELEC,EQ,335.0,338.5,327.8,335.3,337.75,102318,342.09,2026-09-11
BAJAJFINSV,EQ,1912.1,1926.0,1895.0,1913.5,1940.5,762375,14554.41,2026-09-11
BAJAJHCARE,EQ,332.0,338.4,325.0,334.05,333.3,131431,438.17,2026-09-11
BAJAJHFL,EQ,83.6,85.51,82.9,84.11,84.22,5140262,4338.96,2026-09-11
BAJAJHIND,EQ,21.35,21.46,20.8,20.94,21.4,24595964,5179.76,2026-09-11
BAJAJHLDNG,EQ,10990.0,11146.0,10922.0,11134.0,10992.0,49910,5520.73,2026-09-11
BAJAJINDEF,EQ,222.9,237.0,219.61,228.57,221.03,44398,101.89,2026-09-11
BAJAJST,EQ,365.05,370.45,357.1,365.65,362.6,9972,36.34,2026-09-11
BAJEL,EQ,177.61,181.25,175.0,179.89,177.42,136248,243.4,2026-09-11
BAJFINANCE,EQ,1031.0,1035.0,1015.1,1034.5,1043.5,5411299,55623.6,2026-09-11
BALAJEE,EQ,25.52,25.67,24.36,25.14,25.53,53682,13.49,2026-09-11
BALAJITELE,EQ,91.66,91.89,89.21,90.63,91.81,168159,151.88,2026-09-11
BALAMINES,EQ,2329.8,2329.8,2245.6,2276.5,2342.6,175673,4004.52,2026-09-11
BALAXI,EQ,23.4,24.69,22.75,23.39,23.24,39705,9.36,2026-09-11
BALKRISHNA,EQ,16.59,16.59,15.9,16.1,16.28,12742,2.06,2026-09-11
BALKRISIND,EQ,2180.2,2190.1,2156.4,2164.6,2193.0,177906,3858.39,2026-09-11
BALMLAWRIE,EQ,170.21,170.25,167.41,168.72,174.08,170327,286.99,2026-09-11
BALPHARMA,EQ,105.6,114.95,104.13,107.42,106.21,316936,351.09,2026-09-11
BALRAMCHIN,EQ,697.4,709.0,687.0,691.4,705.15,1301177,9072.73,2026-09-11
BALUFORGE,EQ,534.0,536.9,523.3,533.4,536.65,532783,2821.04,2026-09-11
BANARBEADS,EQ,113.65,113.65,107.0,107.56,110.56,1907,2.06,2026-09-11
BANARISUG,EQ,3588.0,3588.0,3475.0,3517.6,3590.4,1867,65.54,2026-09-11
BANCOINDIA,EQ,619.05,619.05,607.0,615.0,627.5,105218,644.81,2026-09-11
BANDHANBNK,EQ,171.75,178.54,170.85,176.52,174.0,25334991,44584.09,2026-09-11
BANG,EQ,34.9,35.9,33.49,35.12,34.51,316170,110.72,2026-09-11
BANK10ADD,EQ,16.34,16.73,16.34,16.65,16.44,36319,6.01,2026-09-11
BANK10BETF,EQ,20.28,20.46,20.13,20.21,20.28,31320,6.32,2026-09-11
BANKA,EQ,77.75,81.82,77.75,81.78,77.93,3172,2.58,2026-09-11
BANKADD,EQ,57.57,58.35,57.07,58.09,57.68,4145,2.39,2026-09-11
BANKBARODA,EQ,235.35,238.13,234.3,238.13,237.62,7018275,16598.58,2026-09-11
BANKBEES,EQ,583.13,587.5,578.23,586.35,583.52,931482,5434.86,2026-09-11
BANKBETA,EQ,58.02,58.86,57.69,58.63,58.29,235689,136.84,2026-09-11
BANKBETF,EQ,57.05,57.77,56.61,57.61,57.31,1195831,689.07,2026-09-11
BANKETF,EQ,571.81,578.6,568.58,577.62,575.23,21995,126.38,2026-09-11
BANKIETF,EQ,57.79,58.21,57.29,58.14,57.87,2702304,1566.32,2026-09-11
BANKINDIA,EQ,140.0,140.1,137.26,140.0,141.0,4385344,6103.84,2026-09-11
BANKNIFTY1,EQ,58.34,58.82,57.94,58.7,58.46,5309458,3103.54,2026-09-11
BANKPSU,EQ,84.0,84.44,83.72,84.34,84.3,7528,6.33,2026-09-11
BANSALWIRE,EQ,309.95,311.0,305.1,309.35,311.4,36627,112.74,2026-09-11
BANSWRAS,EQ,113.06,113.9,110.66,112.84,113.04,13011,14.64,2026-09-11
BASF,EQ,3663.4,3682.8,3585.6,3661.5,3688.3,18224,663.07,2026-09-11
BATAINDIA,EQ,652.0,652.55,643.0,648.65,653.25,105041,681.03,2026-09-11
BATLIBOI,EQ,84.89,86.0,84.5,85.91,85.59,25049,21.39,2026-09-11
BAYERCROP,EQ,3952.0,3990.0,3926.6,3974.1,3978.4,19851,787.85,2026-09-11
BBETF0432,EQ,1347.92,1353.59,1344.23,1350.41,1346.48,2657,35.88,2026-09-11
BBL,EQ,2215.3,2269.2,2189.0,2246.5,2231.2,18662,414.25,2026-09-11
BBNPNBETF,EQ,56.67,56.88,56.24,56.66,56.89,328,0.19,2026-09-11
BBNPPGOLD,EQ,147.6,147.6,145.6,146.2,147.8,7331,10.76,2026-09-11
BBOX,EQ,741.0,808.4,740.0,800.8,744.85,1663788,13111.38,2026-09-11
BBTC,EQ,1426.0,1434.6,1405.3,1423.5,1434.7,31609,448.87,2026-09-11
BBTCL,EQ,231.0,233.99,226.76,227.51,235.33,5488,12.62,2026-09-11
BCG,EQ,10.08,10.26,9.83,9.99,10.1,8199526,823.57,2026-09-11
BCLIND,EQ,34.94,35.06,34.01,34.18,35.12,573427,196.89,2026-09-11
BCONCEPTS,EQ,159.0,159.0,150.3,156.56,154.5,8986,13.92,2026-09-11
BCPL,EQ,71.9,71.9,69.26,70.01,71.05,13097,9.18,2026-09-11
BDL,EQ,1185.0,1192.0,1165.0,1190.0,1195.0,974802,11485.85,2026-09-11
BEARDSELL,EQ,24.21,24.87,24.21,24.67,24.39,11804,2.91,2026-09-11
BECTORFOOD,EQ,244.8,245.7,236.51,242.5,245.44,903250,2178.34,2026-09-11
BEDMUTHA,EQ,105.1,107.8,103.0,103.94,105.37,8678,9.03,2026-09-11
BEEKAY,EQ,430.3,446.5,417.0,425.6,433.4,25298,108.84,2026-09-11
BEL,EQ,402.6,405.4,399.25,404.35,405.0,7805974,31480.51,2026-09-11
BELLACASA,EQ,265.0,265.66,252.0,256.52,262.11,15318,39.75,2026-09-11
BELRISE,EQ,227.5,229.69,225.36,228.0,228.4,1312518,2989.49,2026-09-11
BEML,EQ,2019.0,2044.0,1982.2,2023.4,2029.0,230934,4635.01,2026-09-11
BENARAS,EQ,10897.0,11100.0,10796.0,11085.0,10736.0,467,51.28,2026-09-11
BENGALASM,EQ,6107.5,6300.0,6105.0,6265.0,6200.5,186,11.55,2026-09-11
BEPL,EQ,129.0,129.76,126.26,128.08,130.29,1126927,1440.58,2026-09-11
BERGEPAINT,EQ,460.75,465.75,457.0,458.05,463.8,283827,1307.63,2026-09-11
BESTAGRO,EQ,19.14,19.35,18.63,19.05,19.14,493330,93.83,2026-09-11
BETA,EQ,2070.0,2147.8,2013.8,2118.5,2085.8,18068,378.1,2026-09-11
BFINVEST,EQ,448.6,453.9,440.55,448.3,448.6,19703,88.1,2026-09-11
BFSI,EQ,26.36,26.6,26.15,26.52,26.47,2829147,748.84,2026-09-11
BFUTILITIE,EQ,541.95,567.0,528.9,548.9,544.45,275682,1525.52,2026-09-11
BHAGCHEM,EQ,257.1,261.0,254.6,258.75,258.2,21384,55.03,2026-09-11
BHAGYANGR,EQ,431.75,431.75,410.6,422.55,432.2,540725,2282.78,2026-09-11
BHANDARI,EQ,3.0,3.05,2.98,3.0,3.0,161333,4.86,2026-09-11
BHARATCOAL,EQ,33.28,33.28,32.76,33.01,33.42,4257207,1404.95,2026-09-11
BHARATFORG,EQ,1947.8,1947.9,1908.6,1944.9,1954.9,283776,5475.81,2026-09-11
BHARATRAS,EQ,1168.9,1168.9,1154.0,1157.9,1168.2,11351,131.52,2026-09-11
BHARATSE,EQ,215.0,218.59,211.2,217.47,217.08,128822,275.89,2026-09-11
BHARATWIRE,EQ,173.2,173.89,168.5,172.48,173.2,90466,154.52,2026-09-11
BHARTIARTL,EQ,1832.0,1852.0,1830.5,1831.1,1839.0,4181325,77040.04,2026-09-11
BHARTIHEXA,EQ,1530.0,1567.4,1527.5,1545.0,1539.2,139554,2161.48,2026-09-11
BHEL,EQ,427.0,433.0,418.2,431.0,429.5,6548117,27854.28,2026-09-11
BIGBLOC,EQ,39.61,41.1,39.61,40.79,40.57,23710,9.62,2026-09-11
BIKAJI,EQ,566.0,566.0,547.3,548.25,566.15,142922,788.96,2026-09-11
BIL,EQ,1097.0,1097.0,1030.2,1073.0,1081.7,17520,187.05,2026-09-11
BIMETAL,EQ,635.05,647.0,635.05,640.5,645.0,119,0.76,2026-09-11
BIOCON,EQ,391.55,396.85,384.65,390.65,391.65,3665623,14346.9,2026-09-11
BIOFILCHEM,EQ,37.8,37.8,32.36,34.51,36.79,173376,61.07,2026-09-11
BIRLACABLE,EQ,367.0,393.35,362.25,392.35,374.65,996485,3862.04,2026-09-11
BIRLACORPN,EQ,833.45,835.95,821.45,825.15,836.7,70252,580.15,2026-09-11
BIRLAMONEY,EQ,122.15,123.79,118.26,121.19,122.9,53016,63.93,2026-09-11
BIRLANU,EQ,1434.7,1465.0,1404.0,1448.4,1434.6,10843,154.48,2026-09-11
BLACKBUCK,EQ,575.0,634.4,575.0,628.15,585.9,4433382,26918.43,2026-09-11
BLAL,EQ,161.91,162.01,158.0,161.47,161.23,12189,19.58,2026-09-11
BLBLIMITED,EQ,15.98,17.3,15.6,16.13,15.98,420547,67.48,2026-09-11
BLEL,EQ,437.95,445.05,429.0,442.15,441.6,733830,3213.85,2026-09-11
BLIL,EQ,67.79,70.09,67.79,68.44,71.42,188524,129.39,2026-09-11
BLKASHYAP,EQ,54.9,55.11,52.79,53.91,55.55,557333,300.15,2026-09-11
BLS,EQ,233.0,233.36,228.88,231.58,235.63,804283,1855.75,2026-09-11
BLSE,EQ,314.9,316.05,307.05,312.8,316.6,356250,1111.05,2026-09-11
BLUECLOUDS,EQ,19.5,19.5,19.1,19.13,19.5,846423,162.33,2026-09-11
BLUECOAST,EQ,20.75,22.92,20.75,22.18,21.83,477,0.11,2026-09-11
BLUEDART,EQ,4850.0,4858.2,4812.2,4830.9,4882.6,3737,180.47,2026-09-11
BLUEJET,EQ,572.6,572.6,563.0,568.55,575.3,294503,1669.62,2026-09-11
BLUESTARCO,EQ,1500.0,1565.1,1489.0,1558.0,1514.0,1336366,20656.57,2026-09-11
BLUESTONE,EQ,853.0,899.0,841.5,890.35,855.15,1308518,11483.21,2026-09-11
BLUSPRING,EQ,136.3,136.3,130.21,131.48,137.45,388095,516.38,2026-09-11
BMWVENTLTD,EQ,54.6,54.6,53.45,54.05,54.59,32634,17.56,2026-09-11
BNAGROCHEM,EQ,203.01,208.0,201.4,204.99,212.0,13194,27.07,2026-09-11
BNKETFAXIS,EQ,575.86,585.25,575.67,584.36,581.68,778,4.51,2026-09-11
BODALCHEM,EQ,159.0,174.0,157.81,172.4,166.11,7456837,12063.93,2026-09-11
BOHRAIND,EQ,12.75,14.49,12.52,13.42,13.18,17722,2.4,2026-09-11
BOMDYEING,EQ,111.9,111.9,109.8,111.27,112.51,447712,496.35,2026-09-11
BONLON,EQ,40.5,41.5,38.91,40.1,40.25,12737,5.24,2026-09-11
BORANA,EQ,319.5,319.5,308.85,313.4,317.65,10383,32.47,2026-09-11
BOROLTD,EQ,262.88,262.88,255.4,257.48,263.78,117326,301.92,2026-09-11
BORORENEW,EQ,499.05,501.9,494.0,495.65,502.2,331461,1646.53,2026-09-11
BOROSCI,EQ,125.29,126.9,123.9,125.28,125.29,17100,21.37,2026-09-11
BOSCH-HCIL,EQ,1678.0,1728.5,1652.2,1704.0,1689.9,48942,825.17,2026-09-11
BOSCHLTD,EQ,48480.0,48960.0,48080.0,48385.0,48775.0,19898,9659.71,2026-09-11
BPCL,EQ,299.4,306.45,296.0,304.5,303.0,4137678,12431.58,2026-09-11
BPL,EQ,47.21,48.25,45.3,46.3,47.36,76466,35.57,2026-09-11
BPLPHARMA,EQ,1558.6,1577.0,1449.8,1505.1,1558.6,8418,125.94,2026-09-11
BRAHMINFRA,EQ,158.0,158.0,155.0,157.35,158.62,12462,19.47,2026-09-11
BRIGADE,EQ,648.8,650.4,628.2,638.65,651.15,380544,2421.77,2026-09-11
BRIGHOTEL,EQ,56.0,56.69,55.75,56.51,56.36,65944,37.02,2026-09-11
BRIGHTBR,EQ,250.25,255.6,246.15,255.25,255.75,1377,3.44,2026-09-11
BRITANNIA,EQ,4996.0,5012.5,4945.0,4962.0,5009.0,194857,9716.98,2026-09-11
BRNL,EQ,17.0,17.0,16.06,16.73,16.65,17005,2.82,2026-09-11
BROOKS,EQ,64.7,69.72,63.12,65.69,63.85,101530,67.75,2026-09-11
BSE,EQ,3280.0,3394.4,3193.2,3384.0,3306.0,4326473,140844.22,2026-09-11
BSE500IETF,EQ,38.84,38.86,38.38,38.78,38.84,63405,24.53,2026-09-11
BSHSL,EQ,89.9,93.5,85.41,88.8,88.84,17879,15.65,2026-09-11
BSL,EQ,122.06,123.28,117.2,120.39,122.06,4137,4.97,2026-09-11
BSLGOLDETF,EQ,133.0,133.84,132.0,133.25,134.33,472915,628.96,2026-09-11
BSLNIFTY,EQ,27.4,27.65,27.1,27.55,27.5,827639,227.69,2026-09-11
BSLSENETFG,EQ,75.41,78.08,75.05,77.19,75.53,1931,1.46,2026-09-11
BSOFT,EQ,280.75,284.8,274.2,281.65,275.8,4622260,12889.71,2026-09-11
BTML,EQ,7.79,7.88,7.28,7.48,7.79,663574,50.38,2026-09-11
BUILDPRO,EQ,1272.2,1274.0,1240.0,1252.5,1272.2,38794,486.09,2026-09-11
BUTTERFLY,EQ,609.2,610.1,579.95,586.25,610.35,36028,213.42,2026-09-11
BVCL,EQ,43.43,43.8,41.9,42.05,43.44,26950,11.41,2026-09-11
CAMLINFINE,EQ,102.57,102.65,100.89,101.68,103.57,388816,395.39,2026-09-11
CAMPUS,EQ,212.8,215.5,210.98,214.36,213.68,196725,420.56,2026-09-11
CAMS,EQ,708.5,713.05,694.6,711.0,712.0,1442644,10189.14,2026-09-11
CANBK,EQ,124.0,124.06,122.65,124.0,124.6,11131129,13744.45,2026-09-11
CANFINHOME,EQ,781.3,782.4,768.05,779.75,782.2,407215,3158.93,2026-09-11
CANHLIFE,EQ,150.57,153.68,145.65,151.92,152.36,603161,914.64,2026-09-11
CANTABIL,EQ,238.8,241.58,234.6,240.21,240.06,142609,340.62,2026-09-11
CAPACITE,EQ,193.7,195.56,190.96,191.98,196.25,455544,879.61,2026-09-11
CAPILLARY,EQ,458.95,464.4,449.55,461.95,459.9,61095,281.46,2026-09-11
CAPITALSFB,EQ,272.0,274.95,269.6,271.35,272.15,13631,37.06,2026-09-11
CAPLIPOINT,EQ,2790.1,2790.1,2716.0,2754.9,2795.4,103090,2828.7,2026-09-11
CARBORUNIV,EQ,1091.8,1091.8,1055.1,1075.2,1090.2,113965,1218.56,2026-09-11
CARERATING,EQ,1680.0,1680.2,1645.3,1650.5,1693.0,49841,827.88,2026-09-11
CARRARO,EQ,547.0,549.75,533.0,538.45,551.95,90810,490.1,2026-09-11
CARTRADE,EQ,3005.9,3105.2,2982.1,3087.9,3034.7,273739,8406.95,2026-09-11
CARYSIL,EQ,1170.2,1172.0,1145.3,1161.9,1178.5,67653,781.49,2026-09-11
CASHIETF,EQ,1079.43,1079.45,1079.43,1079.43,1078.88,217314,2345.79,2026-09-11
CASTROLIND,EQ,187.8,189.0,187.05,188.03,188.06,1118348,2106.21,2026-09-11
CCAVENUE,EQ,15.35,16.4,15.0,16.29,15.36,42406012,6759.54,2026-09-11
CCCL,EQ,14.38,14.38,13.7,13.91,14.15,245082,33.97,2026-09-11
CCHHL,EQ,12.41,12.89,12.2,12.37,12.5,19039,2.37,2026-09-11
CCL,EQ,1086.0,1089.0,1059.1,1081.0,1096.8,152869,1643.69,2026-09-11
CDSL,EQ,1343.6,1360.0,1315.5,1360.0,1355.0,1040559,13854.95,2026-09-11
CEATLTD,EQ,3275.0,3294.6,3247.0,3278.5,3295.7,37708,1233.69,2026-09-11
CEIGALL,EQ,376.3,383.0,369.2,380.4,379.1,266487,1000.62,2026-09-11
CEINSYS,EQ,685.0,719.0,677.55,707.0,685.0,83507,587.45,2026-09-11
CELEBRITY,EQ,6.95,6.95,6.75,6.85,6.72,16891,1.15,2026-09-11
CELLO,EQ,338.9,338.9,332.0,332.8,338.9,203828,680.74,2026-09-11
CEMNTGROWW,EQ,14.44,14.53,14.02,14.37,14.34,141005,19.92,2026-09-11
CEMPRO,EQ,1248.0,1257.8,1214.9,1244.3,1251.9,288343,3563.52,2026-09-11
CENTENKA,EQ,568.5,569.45,552.3,565.4,569.1,67709,381.37,2026-09-11
CENTEXT,EQ,22.5,23.4,22.03,22.37,22.8,704806,160.47,2026-09-11
CENTRALBK,EQ,30.79,30.82,30.45,30.74,30.82,3617142,1109.71,2026-09-11
CENTRUM,EQ,21.75,22.99,21.7,22.34,21.91,104669,23.21,2026-09-11
CENTUM,EQ,4214.0,4258.0,4082.5,4192.0,4210.4,27427,1136.72,2026-09-11
CENTURYPLY,EQ,734.0,734.0,715.0,717.05,734.05,51749,372.6,2026-09-11
CERA,EQ,5605.0,5643.0,5555.5,5587.5,5614.0,3246,181.31,2026-09-11
CESC,EQ,145.0,146.7,144.65,145.37,147.58,1387965,2019.01,2026-09-11
CEWATER,EQ,278.0,289.7,278.0,284.7,279.9,378859,1081.21,2026-09-11
CFEL,EQ,42.66,49.41,42.0,49.3,44.92,493522,234.81,2026-09-11
CGCL,EQ,270.9,271.95,265.2,266.0,272.25,1958467,5253.94,2026-09-11
CGPOWER,EQ,906.85,912.5,889.0,909.0,914.55,2163164,19571.71,2026-09-11
CGVAK,EQ,150.99,150.99,144.1,145.83,146.25,1819,2.68,2026-09-11
CHALET,EQ,865.0,884.45,856.05,877.25,875.55,133609,1163.24,2026-09-11
CHAMBLFERT,EQ,415.0,420.0,411.45,418.8,417.75,572806,2391.16,2026-09-11
CHEMBOND,EQ,222.6,225.82,211.1,217.12,225.82,15946,34.71,2026-09-11
CHEMCRUX,EQ,86.75,86.75,81.5,82.4,85.52,3233,2.69,2026-09-11
CHEMFAB,EQ,389.45,399.0,369.75,379.35,384.5,4288,16.24,2026-09-11
CHEMICAL,EQ,30.85,30.85,29.79,29.97,30.1,1512280,453.49,2026-09-11
CHEMPLASTS,EQ,176.15,176.16,170.0,171.35,176.15,215773,370.6,2026-09-11
CHENNPETRO,EQ,1660.0,1677.5,1563.1,1572.9,1626.4,2916939,46947.9,2026-09-11
CHEVIOT,EQ,1190.0,1225.0,1180.1,1207.8,1195.9,1164,13.97,2026-09-11
CHOICEGOLD,EQ,148.7,151.08,148.7,150.0,151.84,4250,6.38,2026-09-11
CHOICEIN,EQ,768.0,768.95,757.45,759.8,770.4,228484,1740.1,2026-09-11
CHOLAFIN,EQ,1834.1,1850.2,1795.1,1845.9,1859.0,1505149,27407.19,2026-09-11
CHOLAHLDNG,EQ,1525.0,1539.4,1493.0,1528.6,1532.0,57387,870.92,2026-09-11
CIEINDIA,EQ,380.15,381.0,376.05,379.65,381.8,100295,380.48,2026-09-11
CIFL,EQ,20.08,20.36,19.9,20.2,20.19,247154,49.68,2026-09-11
CINELINE,EQ,94.0,97.18,91.15,96.31,93.58,19934,18.96,2026-09-11
CINEVISTA,EQ,14.06,14.73,14.06,14.23,14.36,10771,1.53,2026-09-11
CIPLA,EQ,1373.0,1373.0,1347.7,1366.0,1373.3,1681155,22820.47,2026-09-11
CLEAN,EQ,848.4,851.2,825.1,842.05,848.45,371357,3114.36,2026-09-11
CLEANMAX,EQ,1395.1,1442.0,1361.7,1431.0,1399.0,250397,3529.48,2026-09-11
CLEDUCATE,EQ,59.75,61.15,57.49,59.18,59.98,16667,9.88,2026-09-11
CLSEL,EQ,299.0,299.0,294.45,296.5,302.55,41516,123.06,2026-09-11
CMLL,EQ,467.0,480.35,460.0,474.15,470.8,290791,1366.92,2026-09-11
CMPDI,EQ,216.0,218.0,213.16,215.23,218.77,1563637,3365.27,2026-09-11
CMRGREEN,EQ,216.77,219.9,215.0,216.58,220.45,312177,675.74,2026-09-11
CMSINFO,EQ,225.1,226.45,223.5,224.38,227.69,532465,1196.72,2026-09-11
CNL,EQ,1094.7,1139.0,1077.3,1116.9,1086.3,40193,447.42,2026-09-11
COALINDIA,EQ,432.0,434.3,424.2,426.4,432.0,3868222,16576.67,2026-09-11
COASTCORP,EQ,39.15,39.55,38.5,39.09,39.43,54723,21.42,2026-09-11
COCHINSHIP,EQ,1510.0,1510.0,1372.0,1381.0,1520.4,6390480,89806.94,2026-09-11
COCKERILL,EQ,7951.0,8259.0,7860.5,8191.0,8009.0,4452,357.99,2026-09-11
COFFEEDAY,EQ,31.8,31.82,31.1,31.67,31.99,619170,194.68,2026-09-11
COFORGE,EQ,1807.3,1858.6,1807.3,1846.5,1833.1,2687329,49454.86,2026-09-11
COHANCE,EQ,445.2,445.2,434.15,440.2,445.3,468144,2052.02,2026-09-11
COLPAL,EQ,1799.0,1799.9,1782.1,1797.4,1808.5,280878,5031.03,2026-09-11
COMFINTE,EQ,6.09,6.12,5.98,6.08,6.09,101443,6.12,2026-09-11
COMMOIETF,EQ,98.56,98.57,97.5,98.26,98.57,55954,54.75,2026-09-11
COMPEAU,EQ,363.0,363.0,361.0,362.0,360.0,885,3.2,2026-09-11
COMPUSOFT,EQ,13.1,13.29,12.85,12.9,13.21,70186,9.13,2026-09-11
COMSYN,EQ,299.35,304.9,297.1,299.15,299.0,71613,215.43,2026-09-11
CONCOR,EQ,500.0,503.5,494.15,499.25,504.15,556686,2780.98,2026-09-11
CONCORDBIO,EQ,1439.6,1529.0,1426.9,1505.7,1452.8,372504,5542.86,2026-09-11
CONFIPET,EQ,87.79,90.5,86.95,89.22,87.84,4722048,4187.31,2026-09-11
CONS,EQ,11.8,11.9,11.74,11.84,11.88,28718,3.39,2026-09-11
CONSUMAXIS,EQ,120.8,120.8,117.62,117.94,118.4,371,0.44,2026-09-11
CONSUMBEES,EQ,128.2,128.22,127.06,127.96,128.34,61796,78.97,2026-09-11
CONSUMER,EQ,11.64,12.1,11.64,11.82,11.88,248772,29.39,2026-09-11
CONSUMIETF,EQ,119.1,119.29,118.19,119.03,119.33,10411,12.34,2026-09-11
CONTROLPR,EQ,576.0,597.95,576.0,588.7,572.95,84948,495.61,2026-09-11
CORALFINAC,EQ,32.21,32.99,32.05,32.16,32.88,7264,2.36,2026-09-11
CORDELIA,EQ,109.38,114.32,107.05,112.85,109.44,3486070,3894.95,2026-09-11
CORDSCABLE,EQ,357.6,382.8,353.15,373.4,363.1,522110,1927.2,2026-09-11
COROMANDEL,EQ,1950.8,1950.8,1916.4,1929.0,1961.9,100672,1939.4,2026-09-11
CORONA,EQ,2214.2,2250.8,2181.5,2236.1,2200.8,140561,3132.24,2026-09-11
COSMOFIRST,EQ,878.05,884.4,858.2,874.9,880.65,51751,451.7,2026-09-11
CPCAP,EQ,136.5,138.37,130.32,135.08,134.49,31656,42.62,2026-09-11
CPEDU,EQ,181.2,184.0,175.01,177.74,185.58,3545,6.34,2026-09-11
CPL,EQ,66.39,66.39,64.71,64.79,66.38,117444,76.33,2026-09-11
CPPLUS,EQ,3810.0,3900.0,3775.0,3825.5,3829.1,161471,6218.94,2026-09-11
CPSEETF,EQ,94.78,95.25,93.5,93.89,94.78,2100651,1984.47,2026-09-11
CRAFTSMAN,EQ,11711.0,11831.0,11542.0,11669.0,11851.0,53409,6243.7,2026-09-11
CRAMC,EQ,240.0,240.0,235.5,238.9,240.05,234612,557.93,2026-09-11
CRAVATEX,EQ,320.0,326.3,320.0,323.95,318.3,174,0.56,2026-09-11
CREATIVEYE,EQ,5.99,5.99,5.26,5.72,6.07,81227,4.51,2026-09-11
CREDITACC,EQ,1382.1,1438.0,1370.8,1424.2,1403.2,120902,1705.29,2026-09-11
CREST,EQ,358.2,361.45,354.0,355.25,357.4,285,1.02,2026-09-11
CRESTO,EQ,16.1,17.25,14.35,16.91,16.01,52808,8.41,2026-09-11
CRISIL,EQ,4711.0,4721.7,4656.3,4697.9,4721.7,24019,1127.17,2026-09-11
CRIZAC,EQ,179.01,187.5,175.1,186.68,179.7,631557,1162.58,2026-09-11
CROMPTON,EQ,229.0,231.69,226.63,231.0,230.0,1077937,2474.73,2026-09-11
CROWN,EQ,113.8,116.48,112.0,112.55,114.47,2853,3.23,2026-09-11
CSBBANK,EQ,307.5,307.75,304.0,305.7,307.6,303520,928.1,2026-09-11
CSLFINANCE,EQ,234.54,234.54,217.12,220.98,241.04,149373,329.8,2026-09-11
CSM,EQ,101.15,101.15,76.26,83.44,94.96,2772772,2404.28,2026-09-11
CUB,EQ,225.9,231.85,223.69,227.32,226.45,1628700,3732.96,2026-09-11
CUBEXTUB,EQ,78.69,78.69,76.07,77.1,77.2,34020,26.19,2026-09-11
CUMMINSIND,EQ,5117.0,5152.0,5020.5,5070.0,5155.0,331010,16779.98,2026-09-11
CUPID,EQ,275.0,283.5,275.0,280.0,277.45,10688011,30013.49,2026-09-11
CURAA,EQ,75.88,83.97,75.41,79.61,75.88,727,0.57,2026-09-11
CYIENT,EQ,1078.2,1087.4,1054.4,1059.4,1076.4,308753,3305.05,2026-09-11
CYIENTDLM,EQ,907.05,921.3,893.3,904.4,923.3,506275,4573.99,2026-09-11
DABUR,EQ,372.35,377.0,372.1,376.0,376.45,863561,3239.71,2026-09-11
DALBHARAT,EQ,1745.0,1755.0,1708.0,1746.6,1745.3,41100,712.05,2026-09-11
DALMIASUG,EQ,430.0,436.9,414.0,417.35,431.5,313193,1333.74,2026-09-11
DAMCAPITAL,EQ,141.0,143.0,140.32,142.43,142.78,162057,229.9,2026-09-11
DANGEE,EQ,2.82,2.82,2.71,2.75,2.82,54796,1.51,2026-09-11
DATAMATICS,EQ,770.0,777.95,756.15,760.2,780.45,44416,339.47,2026-09-11
DATAPATTNS,EQ,4730.0,4848.0,4655.5,4829.2,4777.2,561224,26773.33,2026-09-11
DAVANGERE,EQ,1.95,2.1,1.9,2.1,1.91,36081250,748.72,2026-09-11
DBCORP,EQ,190.03,191.94,188.1,190.79,189.67,45053,85.7,2026-09-11
DBEIL,EQ,7.2,7.2,6.82,7.06,7.11,110846,7.81,2026-09-11
DBL,EQ,407.45,407.45,398.5,403.35,407.75,161004,648.13,2026-09-11
DBOL,EQ,120.3,123.25,117.58,118.55,120.38,321135,386.07,2026-09-11
DBREALTY,EQ,99.15,99.5,97.0,97.79,100.19,888816,869.91,2026-09-11
DCAL,EQ,167.49,168.35,163.57,167.25,167.49,115563,191.88,2026-09-11
DCBBANK,EQ,225.0,226.99,223.41,226.37,227.13,1245963,2806.48,2026-09-11
DCI,EQ,272.7,276.8,270.5,271.7,274.6,86670,236.5,2026-09-11
DCMFINSERV,EQ,5.07,5.28,4.78,5.07,5.22,7604,0.38,2026-09-11
DCMNVL,EQ,171.1,183.96,171.1,178.77,175.2,16378,29.26,2026-09-11
DCMSHRIRAM,EQ,1000.2,1004.8,985.7,1000.0,1007.5,30875,308.07,2026-09-11
DCMSIL,EQ,73.99,73.99,69.72,71.04,72.36,188725,134.32,2026-09-11
DCMSRIND,EQ,41.89,41.89,40.39,40.56,41.76,501707,204.71,2026-09-11
DCW,EQ,46.5,46.86,45.75,46.63,47.06,839230,388.37,2026-09-11
DCXINDIA,EQ,166.1,167.8,163.55,166.63,167.56,315264,522.14,2026-09-11
DDEVPLSTIK,EQ,256.0,260.4,249.7,256.8,256.0,169491,431.67,2026-09-11
DECCANCE,EQ,566.8,625.75,563.0,573.7,571.75,161187,958.35,2026-09-11
DECNGOLD,EQ,225.41,236.8,222.13,229.73,225.88,3107818,7149.64,2026-09-11
DEEDEV,EQ,645.0,652.95,632.8,639.35,653.45,184000,1178.86,2026-09-11
DEEP,EQ,41.38,49.17,40.11,46.08,40.98,446458,206.47,2026-09-11
DEEPA,EQ,194.0,194.25,185.0,185.86,196.04,3500638,6645.11,2026-09-11
DEEPAKFERT,EQ,1335.6,1341.3,1316.0,1320.4,1335.6,147816,1958.17,2026-09-11
DEEPAKNTR,EQ,1634.0,1635.1,1583.2,1587.8,1645.8,323567,5173.57,2026-09-11
DEEPINDS,EQ,784.9,795.5,760.0,774.4,782.8,513815,3986.58,2026-09-11
DEFENCE,EQ,82.35,82.35,81.09,81.92,82.35,297659,243.25,2026-09-11
DELHIVERY,EQ,445.35,447.4,434.85,439.0,447.7,1047933,4595.26,2026-09-11
DELTACORP,EQ,54.0,55.4,53.1,54.15,54.34,1394247,751.63,2026-09-11
DELTAMAGNT,EQ,57.39,57.5,55.85,55.87,56.82,665,0.38,2026-09-11
DEN,EQ,27.13,27.13,26.5,26.98,27.05,264336,70.81,2026-09-11
DENORA,EQ,802.05,814.2,766.0,798.45,802.05,6410,50.11,2026-09-11
DENTA,EQ,285.1,291.6,280.25,287.75,287.45,91603,260.18,2026-09-11
DEVIT,EQ,24.75,25.0,23.82,24.18,23.97,37864,9.24,2026-09-11
DEVX,EQ,32.88,34.2,32.57,34.05,32.99,150339,50.42,2026-09-11
DEVYANI,EQ,135.0,138.4,133.75,137.97,135.92,2136370,2933.0,2026-09-11
DGCONTENT,EQ,23.89,24.68,23.88,24.12,24.09,3681,0.89,2026-09-11
DHAMPURSUG,EQ,167.1,168.35,162.0,163.59,166.33,644277,1060.08,2026-09-11
DHANBANK,EQ,30.68,31.5,30.15,31.15,30.73,372461,114.48,2026-09-11
DHANUKA,EQ,979.7,989.65,965.0,980.0,979.7,21689,211.91,2026-09-11
DHARMAJ,EQ,270.0,271.0,262.8,269.35,270.0,58585,157.26,2026-09-11
DHATRE,EQ,4.24,4.4,4.2,4.31,4.14,25752,1.1,2026-09-11
DHOOTTRANS,EQ,1552.0,1728.7,1531.5,1728.7,1571.6,5862704,96960.39,2026-09-11
DHRUV,EQ,23.48,23.48,21.66,21.84,22.79,16609,3.64,2026-09-11
DHUNINV,EQ,982.1,1007.65,980.2,995.0,991.5,304,3.01,2026-09-11
DIAMINESQ,EQ,251.01,259.0,251.0,258.27,258.09,2539,6.5,2026-09-11
DIAMONDYD,EQ,1108.5,1110.0,1093.0,1108.4,1115.6,6366,70.13,2026-09-11
DICIND,EQ,602.0,619.75,600.0,602.1,601.25,2447,14.84,2026-09-11
DIFFNKG,EQ,448.55,459.95,442.0,449.5,449.55,124277,559.32,2026-09-11
DIGIDRIVE,EQ,17.5,17.5,17.1,17.15,17.47,11469,1.97,2026-09-11
DIGISPICE,EQ,17.0,17.35,16.21,16.87,16.53,141198,24.11,2026-09-11
DIGITIDE,EQ,88.47,90.31,86.25,88.75,88.28,238604,210.63,2026-09-11
DIGJAMLMTD,EQ,64.5,73.19,61.84,68.42,61.84,1282661,874.18,2026-09-11
DISAQ,EQ,11845.0,11962.0,11623.0,11688.0,11849.0,280,32.98,2026-09-11
DISHTV,EQ,2.38,2.5,2.33,2.5,2.39,1281496,31.24,2026-09-11
DIVGIITTS,EQ,1168.0,1215.0,1146.1,1188.3,1171.3,136129,1613.94,2026-09-11
DIVIDEND,EQ,35.17,35.17,34.77,34.86,35.0,4455,1.55,2026-09-11
DIVISLAB,EQ,9370.0,9415.0,9310.5,9322.0,9438.5,516756,48335.07,2026-09-11
DIVOPPBEES,EQ,75.02,75.41,74.4,74.92,75.31,32493,24.33,2026-09-11
DIXON,EQ,13300.0,13490.0,12980.0,13425.0,13500.0,549928,72836.93,2026-09-11
DJML,EQ,83.0,83.0,80.11,82.39,81.75,53632,43.66,2026-09-11
DLF,EQ,650.0,651.4,630.0,644.5,655.85,4502321,28728.16,2026-09-11
DLINKINDIA,EQ,433.8,437.2,428.85,434.25,433.8,42937,185.18,2026-09-11
DMART,EQ,3677.8,3706.2,3650.0,3688.0,3690.0,710188,26091.1,2026-09-11
DMCC,EQ,292.8,292.8,284.55,287.55,291.95,79664,228.82,2026-09-11
DNAMEDIA,EQ,2.48,2.56,2.45,2.51,2.48,18152,0.45,2026-09-11
DODLA,EQ,1090.1,1103.3,1068.1,1090.8,1090.1,20513,222.56,2026-09-11
DOLATALGO,EQ,68.93,69.98,68.02,69.32,69.77,89632,61.61,2026-09-11
DOLLAR,EQ,270.0,276.9,265.6,273.55,271.8,119178,325.03,2026-09-11
DOLLEX,EQ,35.0,38.95,35.0,38.45,39.05,215183,80.66,2026-09-11
DOLPHIN,EQ,650.05,668.7,627.2,649.0,654.0,66808,432.65,2026-09-11
DOMS,EQ,2151.0,2165.1,2110.0,2121.0,2165.6,28530,608.14,2026-09-11
DONEAR,EQ,85.21,85.99,84.01,85.03,85.21,13507,11.48,2026-09-11
DPABHUSHAN,EQ,1369.9,1369.9,1325.4,1340.6,1369.3,23180,311.31,2026-09-11
DRAGARWQ,EQ,5252.0,5350.5,5252.0,5306.5,5306.0,976,51.8,2026-09-11
DRCSYSTEMS,EQ,12.9,12.98,12.63,12.92,12.86,26002,3.34,2026-09-11
DREAMFOLKS,EQ,66.6,66.99,65.27,66.12,67.12,37033,24.46,2026-09-11
DREDGECORP,EQ,1025.5,1046.0,1009.1,1039.7,1030.7,59951,617.29,2026-09-11
DRREDDY,EQ,1130.0,1182.0,1130.0,1165.5,1143.0,2403285,28048.27,2026-09-11
DSSL,EQ,1030.0,1080.0,1015.3,1059.1,1032.2,32122,339.99,2026-09-11
DUCON,EQ,1.81,1.81,1.75,1.78,1.78,760655,13.58,2026-09-11
DVL,EQ,286.7,290.0,282.45,286.2,285.1,8642,24.62,2026-09-11
DWARKESH,EQ,45.65,47.45,44.52,44.74,45.78,4383063,2002.94,2026-09-11
DYCL,EQ,452.1,462.3,442.05,455.45,454.65,397841,1806.37,2026-09-11
DYNAMATECH,EQ,11463.0,12300.0,11250.0,12097.0,11543.0,62178,7451.09,2026-09-11
DYNPRO,EQ,235.0,235.0,231.0,232.18,237.05,10634,24.74,2026-09-11
EASEMYTRIP,EQ,5.8,5.94,5.74,5.83,5.79,17129400,999.48,2026-09-11
EASTWEST,EQ,2.36,2.38,2.29,2.36,2.34,26955,0.64,2026-09-11
EBANK10,EQ,16.41,16.45,16.18,16.45,16.25,6818,1.11,2026-09-11
EBANKNIFTY,EQ,57.01,57.25,56.25,56.94,57.06,2370,1.34,2026-09-11
EBBETF0430,EQ,1604.14,1616.98,1604.14,1608.01,1612.2,34294,551.5,2026-09-11
EBBETF0431,EQ,1444.39,1444.39,1432.01,1432.97,1439.23,6760,96.88,2026-09-11
EBBETF0433,EQ,1309.17,1311.97,1307.0,1308.54,1309.17,1418,18.56,2026-09-11
EBGNG,EQ,671.0,686.75,666.1,679.65,677.95,518414,3519.19,2026-09-11
ECAPINSURE,EQ,23.25,23.39,23.02,23.35,23.28,35535,8.23,2026-09-11
ECLERX,EQ,1875.0,1917.0,1864.2,1899.6,1899.8,107578,2038.23,2026-09-11
ECORECO,EQ,440.0,441.0,423.05,435.5,437.25,8801,38.22,2026-09-11
ECOSMOBLTY,EQ,111.0,112.98,109.82,111.68,111.73,36406,40.37,2026-09-11
EDELWEISS,EQ,134.0,134.98,130.3,132.43,136.74,9724312,12907.7,2026-09-11
EFCIL,EQ,187.99,187.99,184.0,185.18,188.04,85983,159.67,2026-09-11
EGOLD,EQ,151.6,151.9,150.0,151.05,152.6,86655,130.42,2026-09-11
EICHERMOT,EQ,7600.0,7633.0,7530.0,7530.0,7697.0,444280,33683.72,2026-09-11
EIDPARRY,EQ,733.35,733.35,719.0,721.05,733.95,326581,2359.64,2026-09-11
EIEL,EQ,209.0,209.0,202.09,207.11,211.65,1550750,3178.0,2026-09-11
EIHAHOTELS,EQ,293.2,293.2,284.6,287.45,291.55,15104,43.56,2026-09-11
EIHOTEL,EQ,283.9,287.5,281.6,286.45,285.05,104848,298.66,2026-09-11
EIMCOELECO,EQ,2279.0,2335.0,2255.4,2325.5,2291.4,27993,646.03,2026-09-11
EKC,EQ,101.41,102.61,100.0,101.8,102.39,101748,103.12,2026-09-11
EKI,EQ,70.11,71.9,68.13,69.28,70.73,14683,10.29,2026-09-11
ELANTAS,EQ,13397.0,14769.0,13162.0,14513.0,13397.0,23985,3442.34,2026-09-11
ELCIDIN,EQ,105000.0,107000.0,105000.0,106850.0,106400.0,6,6.35,2026-09-11
ELDEHSG,EQ,782.0,795.9,780.0,783.5,781.6,367,2.87,2026-09-11
ELECON,EQ,418.0,426.0,412.1,422.1,420.5,298340,1252.05,2026-09-11
ELECTCAST,EQ,79.79,79.79,76.5,77.62,79.86,1640745,1270.36,2026-09-11
ELECTHERM,EQ,943.0,972.0,934.65,956.3,943.0,225365,2145.2,2026-09-11
ELGIEQUIP,EQ,621.15,627.6,610.65,617.7,621.6,335930,2082.62,2026-09-11
ELGIRUBCO,EQ,61.0,61.0,57.2,58.48,59.87,38468,22.67,2026-09-11
ELIN,EQ,93.11,93.11,90.5,90.96,92.62,159232,145.64,2026-09-11
ELIQUID,EQ,1047.93,1047.93,1047.59,1047.59,1047.09,49832,522.04,2026-09-11
ELITECON,EQ,7.97,8.19,7.96,8.18,7.8,13024169,1061.47,2026-09-11
ELLEN,EQ,373.0,384.0,366.1,380.2,373.5,1713956,6417.74,2026-09-11
ELM250,EQ,16.22,16.65,16.18,16.31,16.3,123028,20.01,2026-09-11
ELMDIV,EQ,36.14,36.45,35.6,36.26,35.81,1154,0.41,2026-09-11
ELPROINTL,EQ,173.4,174.74,172.8,173.24,173.76,10781,18.7,2026-09-11
EMAMILTD,EQ,370.0,370.0,363.0,363.8,370.85,801488,2927.87,2026-09-11
EMAMIREAL,EQ,72.31,74.5,69.16,69.8,72.31,14904,10.58,2026-09-11
EMBDL,EQ,57.31,57.32,55.04,55.28,57.6,2777678,1542.69,2026-09-11
EMCURE,EQ,1965.0,1999.0,1948.2,1978.9,1962.8,122389,2418.36,2026-09-11
EMETAL,EQ,13.49,13.49,12.87,13.06,13.49,66044,8.57,2026-09-11
EMIL,EQ,191.85,192.97,185.5,188.38,191.82,2336802,4396.7,2026-09-11
EMKAY,EQ,248.0,253.8,242.4,250.9,249.2,16946,42.31,2026-09-11
EMMVEE,EQ,342.65,348.2,332.9,346.0,342.65,3747104,12844.49,2026-09-11
EMPIND,EQ,1052.3,1062.9,1050.1,1054.0,1062.5,2614,27.54,2026-09-11
EMPOWER,EQ,2.23,2.29,2.23,2.28,2.19,25714397,586.85,2026-09-11
EMSLIMITED,EQ,385.55,387.95,379.5,383.1,391.4,170750,653.0,2026-09-11
EMUDHRA,EQ,492.0,498.1,489.0,494.05,497.9,146792,725.23,2026-09-11
EMULTIMQ,EQ,42.1,42.1,41.32,41.85,42.1,14210,5.92,2026-09-11
ENDURANCE,EQ,2700.0,2733.3,2678.0,2692.6,2715.9,56131,1515.26,2026-09-11
ENERGY,EQ,38.97,38.97,38.15,38.3,38.42,465300,178.15,2026-09-11
ENERGYAXIS,EQ,19.51,19.51,18.97,19.06,19.18,14940,2.85,2026-09-11
ENERGYDEV,EQ,15.27,15.39,14.62,14.92,15.12,20713,3.08,2026-09-11
ENEXT50,EQ,71.03,72.73,70.94,72.21,72.1,1951,1.39,2026-09-11
ENGINERSIN,EQ,270.6,272.25,267.1,268.95,272.05,1652427,4447.07,2026-09-11
ENIFTY,EQ,24.2,24.2,23.34,23.63,23.61,62822,14.88,2026-09-11
ENIL,EQ,101.68,102.0,99.02,101.24,101.74,8264,8.32,2026-09-11
ENKEIWHEL,EQ,397.4,406.6,380.4,399.0,392.2,2634,10.48,2026-09-11
ENRIN,EQ,3167.0,3191.0,3124.0,3181.3,3179.1,209741,6640.69,2026-09-11
ENTERO,EQ,1792.9,1840.4,1792.9,1815.4,1792.9,98792,1795.46,2026-09-11
EPACK,EQ,186.5,187.85,184.0,185.15,188.14,281411,520.57,2026-09-11
EPACKPEB,EQ,236.0,242.49,229.41,240.44,239.03,1131348,2678.51,2026-09-11
EPIGRAL,EQ,1155.9,1155.9,1117.0,1131.1,1149.8,22425,253.18,2026-09-11
EPL,EQ,244.7,244.7,237.7,239.3,245.25,2253374,5424.14,2026-09-11
EQUAL200,EQ,13.52,13.61,13.48,13.59,13.64,99106,13.46,2026-09-11
EQUAL50,EQ,328.12,328.12,321.41,324.09,324.87,81887,264.25,2026-09-11
EQUAL50ADD,EQ,334.1,335.2,332.11,334.19,335.86,32089,106.95,2026-09-11
EQUITASBNK,EQ,71.71,73.75,71.3,73.15,72.63,1535970,1115.88,2026-09-11
ERIS,EQ,1356.6,1362.0,1335.1,1355.5,1356.6,24968,337.74,2026-09-11
ESABINDIA,EQ,5880.5,5915.0,5740.0,5884.0,5824.0,4246,247.08,2026-09-11
ESCORTS,EQ,2930.0,2949.6,2884.9,2899.7,2958.4,42588,1236.22,2026-09-11
ESDS,EQ,1600.0,1740.4,1582.7,1740.4,1582.2,7498763,127428.45,2026-09-11
ESENSEX,EQ,75.19,75.62,74.88,75.52,75.45,1600,1.2,2026-09-11
ESG,EQ,39.99,40.34,39.95,40.18,40.18,31838,12.79,2026-09-11
ESILVER,EQ,228.0,228.0,223.46,226.52,233.29,44105,99.8,2026-09-11
ESSARSHPNG,EQ,16.1,16.38,15.91,16.31,16.1,92645,14.95,2026-09-11
ESSENTIA,EQ,1.07,1.07,1.04,1.06,1.06,1743261,18.44,2026-09-11
ESTER,EQ,89.23,90.48,89.12,89.89,90.54,32880,29.5,2026-09-11
ETERNAL,EQ,317.95,324.8,316.05,323.5,322.1,22712054,72862.13,2026-09-11
ETHOSLTD,EQ,2654.0,2668.0,2612.5,2635.4,2687.4,52075,1378.09,2026-09-11
EUREKAFORB,EQ,395.0,402.0,388.6,394.15,397.35,141916,560.82,2026-09-11
EUROBOND,EQ,154.0,155.0,148.05,150.46,150.0,3318,5.0,2026-09-11
EUROPRATIK,EQ,243.0,255.3,238.1,245.7,247.75,196361,480.55,2026-09-11
EVEREADY,EQ,366.2,368.9,355.7,363.0,366.2,205568,743.25,2026-09-11
EVIETF,EQ,32.11,32.15,31.7,31.97,32.14,220571,70.45,2026-09-11
EVINDIA,EQ,32.77,32.77,31.71,31.99,32.13,214172,68.34,2026-09-11
EXCELINDUS,EQ,995.0,995.0,961.2,980.8,992.6,11159,109.02,2026-09-11
EXCELSOFT,EQ,80.81,81.84,79.26,81.03,80.08,2108387,1706.29,2026-09-11
EXICOM,EQ,175.65,183.5,172.17,182.28,176.73,1693706,3039.43,2026-09-11
EXIDEIND,EQ,418.25,418.45,411.45,412.65,420.85,1294606,5357.31,2026-09-11
EXPLEOSOL,EQ,883.0,892.95,873.2,889.5,883.8,9546,84.5,2026-09-11
EXXARO,EQ,6.54,6.54,6.28,6.38,6.37,206060,13.08,2026-09-11
FABTECH,EQ,146.0,148.35,146.0,147.02,147.42,80611,118.3,2026-09-11
FACT,EQ,781.95,782.5,775.2,779.6,789.95,61387,478.09,2026-09-11
FAZE3Q,EQ,484.3,498.9,474.05,489.45,486.4,13163,63.97,2026-09-11
FCL,EQ,58.36,59.14,56.53,57.72,58.71,23377217,13487.56,2026-09-11
FCSSOFT,EQ,1.42,1.46,1.4,1.44,1.41,2063349,29.54,2026-09-11
FDC,EQ,344.0,344.8,339.0,341.45,345.35,136483,466.6,2026-09-11
FEDDERSHOL,EQ,48.5,49.32,48.5,48.51,48.42,1182463,575.61,2026-09-11
FEDERALBNK,EQ,343.0,345.3,341.15,344.5,346.0,3188640,10951.58,2026-09-11
FEDFINA,EQ,156.36,159.49,155.78,158.53,158.88,777351,1228.24,2026-09-11
FERMENTA,EQ,484.0,484.0,471.0,474.65,483.65,53319,253.75,2026-09-11
FIBERWEB,EQ,26.89,27.94,25.46,27.1,26.98,53439,14.3,2026-09-11
FIEMIND,EQ,1973.0,2029.0,1947.9,2009.5,1986.8,52734,1049.88,2026-09-11
FILATEX,EQ,76.0,90.9,74.27,87.41,76.25,38898608,32868.07,2026-09-11
FILATFASH,EQ,0.18,0.19,0.17,0.18,0.18,24532367,43.88,2026-09-11
FINCABLES,EQ,1406.4,1498.0,1340.1,1424.0,1418.4,3358636,48173.02,2026-09-11
FINEORG,EQ,5156.0,5180.5,5056.5,5167.5,5156.0,16852,862.64,2026-09-11
FINIETF,EQ,33.16,33.16,31.81,32.4,32.36,255467,82.06,2026-09-11
FINKURVE,EQ,67.08,74.92,66.16,72.49,66.73,794258,565.81,2026-09-11
FINOPB,EQ,140.5,141.78,137.21,139.83,139.95,229846,319.61,2026-09-11
FINPIPE,EQ,155.1,155.77,152.9,153.45,157.08,316277,486.19,2026-09-11
FIRSTCRY,EQ,170.0,170.05,166.95,168.83,171.38,749261,1260.8,2026-09-11
FISCHER,EQ,35.29,36.14,33.68,35.87,34.9,580113,205.95,2026-09-11
FIVESTAR,EQ,525.75,556.85,521.0,551.05,530.65,1960216,10761.44,2026-09-11
FLAIR,EQ,234.86,238.43,234.01,236.08,238.54,71616,169.45,2026-09-11
FLEXIADD,EQ,9.79,9.83,9.68,9.77,9.79,77407,7.54,2026-09-11
FLUOROCHEM,EQ,4750.0,4820.0,4730.0,4773.2,4786.3,130082,6206.78,2026-09-11
FMCGADD,EQ,45.4,45.6,45.01,45.52,45.4,35532,16.16,2026-09-11
FMCGIETF,EQ,48.65,48.78,48.25,48.6,48.65,1558291,756.98,2026-09-11
FMGOETZE,EQ,440.0,464.95,431.2,461.0,443.55,611438,2733.37,2026-09-11
FMNL,EQ,9.14,9.59,9.02,9.43,9.15,14442,1.33,2026-09-11
FOODSIN,EQ,55.77,55.95,54.01,55.23,56.77,93506,51.68,2026-09-11
FORCEMOT,EQ,18000.0,18048.0,17630.0,17705.0,18175.0,65131,11562.72,2026-09-11
FORTIS,EQ,897.5,900.0,885.0,887.8,902.45,784589,7003.23,2026-09-11
FOSECOIND,EQ,6231.5,6351.5,6100.0,6194.5,6194.0,9080,566.72,2026-09-11
FRACTAL,EQ,766.65,781.1,759.1,764.45,766.65,662525,5090.86,2026-09-11
FREDUN,EQ,1450.0,1450.0,1400.0,1412.2,1461.2,25210,356.97,2026-09-11
FRONTSP,EQ,1255.0,1255.0,1231.0,1240.0,1255.0,10679,132.5,2026-09-11
FSL,EQ,250.85,251.0,246.65,247.6,251.35,557943,1388.49,2026-09-11
FUSION,EQ,189.15,193.45,184.42,189.72,190.68,1012761,1920.71,2026-09-11
GABRIEL,EQ,1326.3,1369.3,1314.1,1346.4,1338.7,116059,1560.7,2026-09-11
GAEL,EQ,162.4,164.45,160.91,163.08,164.8,569293,925.91,2026-09-11
GAIL,EQ,173.5,175.18,173.01,173.62,174.49,6770227,11801.41,2026-09-11
GAJA,EQ,155.0,155.2,151.0,152.6,155.33,695770,1062.0,2026-09-11
GALAPREC,EQ,1027.0,1043.5,1013.4,1031.0,1038.0,26357,270.61,2026-09-11
GALAXYSURF,EQ,2247.4,2248.7,2172.0,2187.3,2247.4,24175,530.62,2026-09-11
GALLANTT,EQ,550.0,550.0,541.3,546.4,553.25,45220,246.37,2026-09-11
GANDHAR,EQ,271.3,274.95,266.55,272.7,271.3,748277,2033.18,2026-09-11
GANDHITUBE,EQ,899.3,899.3,886.0,887.75,899.3,3500,31.1,2026-09-11
GANECOS,EQ,1031.0,1037.9,1008.4,1013.3,1048.6,60954,621.42,2026-09-11
GANESHCP,EQ,166.98,169.49,165.25,167.36,166.98,278416,467.18,2026-09-11
GANESHHOU,EQ,765.45,771.6,752.4,763.4,772.95,25527,193.99,2026-09-11
GANGAFORGE,EQ,1.63,1.63,1.55,1.58,1.6,4435014,70.09,2026-09-11
GANGESSECU,EQ,118.0,118.0,115.0,115.11,115.62,541,0.63,2026-09-11
GARFIBRES,EQ,780.95,808.8,772.4,795.7,784.5,47380,377.12,2026-09-11
GARUDA,EQ,178.4,183.7,175.25,181.9,179.29,747410,1349.18,2026-09-11
GATEWAY,EQ,53.22,53.7,53.02,53.35,53.65,552261,294.39,2026-09-11
GAYAHWS,EQ,1.93,1.93,1.85,1.92,1.9,113257,2.14,2026-09-11
GAYAPROJ,EQ,25.3,26.04,24.5,26.03,24.8,2686464,692.05,2026-09-11
GCSL,EQ,609.9,613.45,598.1,600.7,614.8,862249,5204.2,2026-09-11
GEEKAYWIRE,EQ,28.62,28.84,27.26,27.83,28.62,106072,29.56,2026-09-11
GEMAROMA,EQ,164.32,164.44,159.29,160.87,165.09,84214,135.4,2026-09-11
GENCON,EQ,41.71,42.06,40.6,41.01,41.91,237259,97.79,2026-09-11
GENESYS,EQ,291.81,316.94,286.98,307.81,299.67,2809027,8553.33,2026-09-11
GENUSPAPER,EQ,12.19,12.19,11.8,12.04,12.1,82560,9.94,2026-09-11
GENUSPOWER,EQ,324.95,326.9,320.1,323.1,326.15,1329018,4297.72,2026-09-11
GEOJITFSL,EQ,79.34,79.74,78.0,78.6,79.47,165423,129.9,2026-09-11
GESHIP,EQ,1400.0,1416.2,1389.4,1412.2,1400.2,902109,12655.58,2026-09-11
GFLLIMITED,EQ,58.0,59.9,56.42,58.27,58.44,128897,74.91,2026-09-11
GFSTEELS,EQ,20.95,20.95,20.95,20.95,19.96,2228,0.47,2026-09-11
GHCL,EQ,424.7,424.75,420.7,421.15,424.7,114539,483.35,2026-09-11
GHCLTEXTIL,EQ,131.99,134.4,129.22,130.76,132.54,509572,669.75,2026-09-11
GICHSGFIN,EQ,136.0,138.7,134.72,136.84,136.12,110463,150.79,2026-09-11
GICRE,EQ,342.5,351.0,340.7,349.4,343.7,670025,2324.13,2026-09-11
GILLANDERS,EQ,102.0,109.5,100.0,103.58,102.37,16966,17.49,2026-09-11
GILLETTE,EQ,7350.0,7350.0,7290.0,7307.0,7385.5,8784,641.6,2026-09-11
GILT10BETA,EQ,26.78,26.78,26.27,26.28,26.71,1075,0.29,2026-09-11
GILT5BETA,EQ,67.17,67.17,66.31,66.41,67.19,213,0.14,2026-09-11
GILT5YBEES,EQ,66.3,66.3,66.05,66.16,66.28,139072,92.05,2026-09-11
GIPCL,EQ,196.5,204.0,195.01,199.72,201.3,428319,850.29,2026-09-11
GKB,EQ,65.0,67.0,63.51,64.79,65.09,2674,1.73,2026-09-11
GKENERGY,EQ,127.0,128.31,125.3,127.85,128.01,215251,272.48,2026-09-11
GKSL,EQ,174.35,176.45,170.0,171.09,173.22,120195,206.38,2026-09-11
GKWLIMITED,EQ,1540.8,1591.8,1540.8,1584.8,1556.3,248,3.91,2026-09-11
GLAND,EQ,2940.0,2950.1,2882.0,2922.3,2946.9,389004,11347.46,2026-09-11
GLAXO,EQ,2840.9,2863.5,2793.9,2828.4,2840.9,38428,1086.78,2026-09-11
GLENMARK,EQ,2411.2,2431.9,2384.1,2419.2,2415.0,346692,8371.68,2026-09-11
GLFL,EQ,5.15,5.25,5.0,5.22,5.26,6271,0.32,2026-09-11
GLOBAL,EQ,123.0,128.0,122.0,126.91,123.56,180836,227.54,2026-09-11
GLOBALE,EQ,11.25,11.39,10.87,11.38,10.85,13142,1.47,2026-09-11
GLOBALVECT,EQ,137.0,139.89,130.0,132.17,138.35,23069,30.84,2026-09-11
GLOBE,EQ,1.84,1.86,1.8,1.81,1.85,422290,7.66,2026-09-11
GLOBECIVIL,EQ,45.9,45.9,43.4,44.21,44.55,25780,11.43,2026-09-11
GLOBUSSPR,EQ,837.55,843.45,822.1,839.75,837.55,65575,546.2,2026-09-11
GLOSTERLTD,EQ,590.0,605.8,581.0,583.1,599.45,1352,7.92,2026-09-11
GLOTTIS,EQ,58.47,59.99,57.0,59.04,58.74,43281,25.32,2026-09-11
GMBREW,EQ,910.0,921.95,900.5,910.9,912.5,21159,192.54,2026-09-11
GMDCLTD,EQ,577.85,577.85,569.1,575.35,580.4,667017,3823.65,2026-09-11
GMMPFAUDLR,EQ,1327.0,1330.0,1295.6,1307.9,1319.2,261557,3421.89,2026-09-11
GMRAIRPORT,EQ,96.79,97.98,95.28,97.98,97.46,7112955,6888.95,2026-09-11
GMRP&UI,EQ,95.0,95.44,93.8,94.07,96.51,549701,520.01,2026-09-11
GNA,EQ,554.0,558.3,539.0,551.1,553.95,293874,1608.42,2026-09-11
GNFC,EQ,564.5,565.5,559.75,562.4,570.75,310457,1745.16,2026-09-11
GNRL,EQ,108.2,108.2,103.83,104.29,107.73,102693,108.41,2026-09-11
GOACARBON,EQ,434.7,457.0,408.95,413.4,440.25,164355,712.74,2026-09-11
GOCLCORP,EQ,431.0,446.35,426.55,441.55,432.2,203952,891.53,2026-09-11
GOCOLORS,EQ,314.85,328.2,314.85,324.75,318.45,89664,287.74,2026-09-11
GODAVARIB,EQ,235.6,237.9,230.82,233.65,235.82,93278,218.25,2026-09-11
GODFRYPHLP,EQ,1965.8,1965.8,1921.2,1927.0,1972.0,229401,4441.13,2026-09-11
GODIGIT,EQ,250.6,257.8,248.0,256.2,250.75,216275,547.61,2026-09-11
GODREJAGRO,EQ,669.8,680.0,659.25,675.85,673.05,217886,1465.61,2026-09-11
GODREJCP,EQ,860.0,872.6,859.0,865.0,869.9,772816,6701.26,2026-09-11
GODREJIND,EQ,1115.0,1130.0,1101.1,1126.8,1122.3,46331,516.92,2026-09-11
GODREJPROP,EQ,1855.0,1855.0,1719.0,1748.0,1872.0,2684348,46947.66,2026-09-11
GOKEX,EQ,769.0,791.7,757.45,785.5,774.2,298288,2301.77,2026-09-11
GOKUL,EQ,43.67,43.67,41.27,42.03,42.61,233417,97.42,2026-09-11
GOKULAGRO,EQ,225.0,228.5,221.21,226.76,226.4,329785,742.08,2026-09-11
GOLD1,EQ,125.98,126.93,125.16,126.19,127.4,2448652,3090.52,2026-09-11
GOLD360,EQ,149.15,149.15,146.4,147.8,149.15,7364,10.86,2026-09-11
GOLDADD,EQ,14.73,14.79,14.57,14.71,14.83,11625798,1709.85,2026-09-11
GOLDAXIS,EQ,125.71,126.78,124.75,125.93,127.19,2104753,2646.31,2026-09-11
GOLDBEES,EQ,124.55,125.79,123.91,125.12,126.2,22473340,28082.16,2026-09-11
GOLDBETA,EQ,127.25,128.1,126.25,127.5,128.5,507327,645.79,2026-09-11
GOLDBND,EQ,151.0,152.1,148.55,151.29,152.51,25687,38.87,2026-09-11
GOLDCASE,EQ,23.75,23.95,23.61,23.82,24.04,9749511,2321.94,2026-09-11
GOLDETF,EQ,146.63,147.9,145.9,147.2,148.46,1651331,2425.66,2026-09-11
GOLDIAM,EQ,325.0,329.3,320.8,325.0,327.8,477957,1550.17,2026-09-11
GOLDIETF,EQ,129.35,130.3,128.29,129.63,130.75,5171162,6692.79,2026-09-11
GOODLUCK,EQ,519.8,522.0,508.55,516.85,517.9,636725,3286.93,2026-09-11
GOODYEAR,EQ,724.7,727.75,708.6,722.05,724.7,4337,31.19,2026-09-11
GOPAL,EQ,260.85,260.85,253.45,257.35,260.5,94401,241.42,2026-09-11
GOYALALUM,EQ,6.14,6.18,5.96,6.01,6.14,118715,7.17,2026-09-11
GPIL,EQ,248.61,248.79,242.5,244.45,252.23,2161543,5315.16,2026-09-11
GPPL,EQ,160.0,163.6,159.9,161.32,162.27,1544847,2501.13,2026-09-11
GPTHEALTH,EQ,161.0,161.2,157.12,159.38,161.29,97541,154.93,2026-09-11
GPTINFRA,EQ,112.1,113.0,111.0,112.21,113.47,59297,66.35,2026-09-11
GRADIENTE,EQ,2.57,2.57,2.46,2.51,2.53,1359568,33.89,2026-09-11
GRANDOAK,EQ,36.16,36.16,35.04,35.16,36.88,2496,0.88,2026-09-11
GRANULES,EQ,895.95,914.85,881.25,909.3,899.25,7851231,70297.32,2026-09-11
GRAPHITE,EQ,812.0,834.4,785.1,825.8,824.8,3972340,32367.62,2026-09-11
GRASIM,EQ,3302.4,3302.4,3267.0,3281.9,3319.0,515990,16918.74,2026-09-11
GRAUWEIL,EQ,75.9,77.1,73.74,75.6,76.48,839285,634.97,2026-09-11
GRAVISSHO,EQ,37.5,42.7,36.83,42.7,35.59,433905,179.68,2026-09-11
GRAVITA,EQ,1685.0,1688.0,1654.0,1668.2,1698.7,113850,1900.51,2026-09-11
GREAVESCOT,EQ,193.6,193.6,190.05,192.25,193.6,543534,1043.14,2026-09-11
GREENLAM,EQ,234.4,237.78,231.11,234.63,236.39,81141,190.94,2026-09-11
GREENPANEL,EQ,159.97,159.97,152.91,153.6,159.99,484400,748.49,2026-09-11
GREENPLY,EQ,295.0,295.0,287.5,290.25,296.7,151520,438.97,2026-09-11
GREENPOWER,EQ,9.3,9.48,9.2,9.31,9.36,1717718,159.07,2026-09-11
GRINDWELL,EQ,1897.9,1930.0,1865.0,1885.8,1907.7,12610,236.97,2026-09-11
GRINFRA,EQ,850.0,866.65,842.0,855.8,850.55,11176,95.28,2026-09-11
GRMOVER,EQ,86.37,87.38,82.2,84.45,87.48,1178962,1007.45,2026-09-11
GROBTEA,EQ,960.4,977.4,941.1,945.85,960.0,87,0.83,2026-09-11
GROWW,EQ,194.7,200.91,192.6,200.24,195.84,31136422,61547.98,2026-09-11
GROWWCAPM,EQ,11.45,11.45,11.1,11.28,11.31,1047081,117.32,2026-09-11
GROWWCHEM,EQ,30.15,30.15,29.6,29.87,30.05,8627115,2557.99,2026-09-11
GROWWDEFNC,EQ,97.51,97.7,96.36,97.41,97.96,169687,164.59,2026-09-11
GROWWEV,EQ,32.01,32.12,31.61,31.91,32.12,210189,66.84,2026-09-11
GROWWGOLD,EQ,14.74,14.87,14.63,14.78,14.91,4411269,652.33,2026-09-11
GROWWHOSPI,EQ,52.53,52.89,51.96,52.32,52.65,235268,123.16,2026-09-11
GROWWLIQID,EQ,110.74,110.75,110.74,110.74,110.68,613864,679.8,2026-09-11
GROWWLOVOL,EQ,10.15,10.4,10.02,10.15,10.2,28956,2.95,2026-09-11
GROWWMC150,EQ,225.47,230.14,225.47,228.18,229.09,910,2.07,2026-09-11
GROWWMETAL,EQ,12.7,12.7,12.24,12.45,12.7,889261,110.35,2026-09-11
GROWWMOM50,EQ,11.23,11.23,10.89,11.02,11.09,148850,16.32,2026-09-11
GROWWN200,EQ,11.24,11.26,10.97,11.13,11.14,75308,8.34,2026-09-11
GROWWNET,EQ,10.95,11.0,10.65,10.96,10.83,3268901,356.96,2026-09-11
GROWWNIFTY,EQ,9.55,9.69,9.4,9.49,9.5,1174205,111.08,2026-09-11
GROWWNXT50,EQ,72.45,72.99,71.57,71.83,73.06,14536,10.48,2026-09-11
GROWWPOWER,EQ,11.55,11.55,11.2,11.36,11.36,13772281,1547.9,2026-09-11
GROWWPSE,EQ,99.41,99.41,96.0,98.28,98.38,3727,3.66,2026-09-11
GROWWPSUBK,EQ,84.35,84.38,83.11,84.03,84.45,4371,3.66,2026-09-11
GROWWRAIL,EQ,28.33,28.33,27.06,27.32,27.64,3297424,897.52,2026-09-11
GROWWRLTY,EQ,9.66,9.76,9.35,9.53,9.76,1492211,141.47,2026-09-11
GROWWSC250,EQ,10.66,10.68,10.5,10.64,10.66,103950,11.0,2026-09-11
GROWWSLVR,EQ,22.13,22.34,21.94,22.2,22.92,2935673,649.48,2026-09-11
GRPLTD,EQ,1984.6,1989.8,1885.5,1925.1,1992.5,1612,31.19,2026-09-11
GRSE,EQ,2418.0,2449.2,2359.7,2427.5,2435.3,460144,11012.03,2026-09-11
GRWRHITECH,EQ,6895.5,7010.0,6772.0,6921.5,6905.0,31550,2181.46,2026-09-11
GSEC10ABSL,EQ,113.03,113.03,113.03,113.03,113.27,2,0.0,2026-09-11
GSEC10ADD,EQ,26.46,27.85,26.46,27.0,26.83,4,0.0,2026-09-11
GSEC10IETF,EQ,264.95,265.26,262.33,262.33,262.33,3063,8.07,2026-09-11
GSEC10YEAR,EQ,30.55,30.55,30.49,30.49,30.61,33,0.01,2026-09-11
GSEC5IETF,EQ,66.3,66.77,66.19,66.26,66.19,1702,1.14,2026-09-11
GSFC,EQ,154.91,156.8,152.85,155.95,160.38,1425671,2201.87,2026-09-11
GSLSU,EQ,27.5,28.58,26.78,28.25,27.22,76411,21.39,2026-09-11
GSPCROP,EQ,472.0,485.4,464.95,471.25,471.75,184008,873.78,2026-09-11
GSS,EQ,10.47,10.71,10.0,10.19,10.47,87837,8.99,2026-09-11
GTL,EQ,7.25,7.28,7.06,7.24,7.2,227358,16.34,2026-09-11
GTLINFRA,EQ,1.17,1.17,1.15,1.16,1.16,19959792,231.84,2026-09-11
GTPL,EQ,59.69,60.86,59.0,59.81,59.75,58766,35.25,2026-09-11
GUFICBIO,EQ,423.25,431.95,418.1,425.1,422.65,86404,366.45,2026-09-11
GUJALKALI,EQ,715.5,716.05,703.55,705.0,718.75,54425,384.72,2026-09-11
GUJAPOLLO,EQ,333.05,350.0,333.0,348.1,338.35,12367,42.47,2026-09-11
GUJENERGY,EQ,247.94,249.21,240.36,241.59,254.8,1808646,4386.41,2026-09-11
GUJRAFFIA,EQ,40.51,41.9,40.5,41.72,41.17,5856,2.44,2026-09-11
GUJTHEM,EQ,430.0,430.0,413.6,422.65,430.1,390855,1638.38,2026-09-11
GULFOILLUB,EQ,1073.0,1073.0,1010.3,1060.7,1073.0,62866,664.24,2026-09-11
GULPOLY,EQ,176.4,176.62,173.0,174.84,176.68,160780,280.86,2026-09-11
GVPIL,EQ,651.25,659.0,640.4,652.65,654.5,102461,666.38,2026-09-11
GVT&D,EQ,4500.0,4548.1,4428.7,4548.1,4545.0,588462,26463.38,2026-09-11
GYFTR,EQ,189.0,189.0,175.0,175.73,185.32,47421,85.06,2026-09-11
HAL,EQ,4930.0,4930.0,4875.0,4905.0,4950.0,762754,37403.86,2026-09-11
HALDER,EQ,275.0,284.35,271.7,276.15,281.9,30980,87.46,2026-09-11
HALEOSLABS,EQ,1450.6,1500.0,1437.0,1462.5,1450.6,382,5.64,2026-09-11
HAMPTON,EQ,8.39,8.39,8.02,8.05,8.4,6475,0.53,2026-09-11
HAPPSTMNDS,EQ,331.5,338.15,328.8,332.35,332.4,930766,3094.62,2026-09-11
HAPPYFORGE,EQ,2195.0,2244.8,2150.0,2169.0,2233.4,66048,1439.94,2026-09-11
HARDWYN,EQ,9.15,9.2,9.04,9.16,9.12,496044,45.28,2026-09-11
HARIOMPIPE,EQ,352.0,364.95,351.0,359.2,361.8,66567,237.76,2026-09-11
HARRMALAYA,EQ,187.14,189.58,183.55,185.81,186.8,6619,12.35,2026-09-11
HARSHA,EQ,444.0,446.55,436.0,445.0,447.2,107635,476.02,2026-09-11
HATHWAY,EQ,10.01,10.29,10.0,10.23,10.17,1406853,142.55,2026-09-11
HATSUN,EQ,1194.5,1240.2,1167.7,1224.4,1194.5,113105,1378.38,2026-09-11
HAVELLS,EQ,1107.9,1114.7,1096.2,1111.0,1116.0,699007,7742.2,2026-09-11
HAVISHA,EQ,1.32,1.35,1.25,1.34,1.34,35386,0.46,2026-09-11
HAWKINCOOK,EQ,8410.5,8491.5,8366.5,8411.5,8408.0,2765,232.95,2026-09-11
HAZOOR,EQ,19.79,19.99,18.8,19.22,19.7,324963,62.47,2026-09-11
HBESD,EQ,75.37,75.38,70.7,72.99,71.26,616,0.45,2026-09-11
HBLENGINE,EQ,718.0,724.7,705.25,722.2,720.9,1018560,7301.44,2026-09-11
HBPOR,EQ,58.7,60.05,58.5,59.99,58.9,664,0.4,2026-09-11
HBSL,EQ,53.99,53.99,52.8,52.91,54.37,3721,1.97,2026-09-11
HCC,EQ,22.65,22.89,21.94,22.73,22.81,23241864,5200.04,2026-09-11
HCG,EQ,700.9,700.9,691.3,693.9,700.9,44421,308.73,2026-09-11
HCL-INSYS,EQ,10.06,10.15,9.9,10.07,10.12,274708,27.55,2026-09-11
HCLTECH,EQ,1196.0,1223.4,1195.7,1206.1,1207.0,2272845,27590.79,2026-09-11
HDBFS,EQ,672.5,674.5,666.4,669.2,677.7,168613,1128.48,2026-09-11
HDFCAMC,EQ,2405.0,2424.6,2366.1,2403.9,2433.8,677643,16286.78,2026-09-11
HDFCBANK,EQ,683.9,709.0,681.9,708.25,693.8,31411934,217779.65,2026-09-11
HDFCBSE500,EQ,36.98,37.0,36.5,36.89,36.8,2047858,753.42,2026-09-11
HDFCGOLD,EQ,129.2,129.98,128.13,129.37,130.49,3331298,4304.65,2026-09-11
HDFCGROWTH,EQ,115.06,115.98,115.01,115.87,115.49,5891,6.81,2026-09-11
HDFCLIFE,EQ,522.0,531.5,518.2,530.0,526.15,4127867,21737.08,2026-09-11
HDFCLIQUID,EQ,1077.78,1077.8,1077.78,1077.78,1077.25,28711,309.44,2026-09-11
HDFCLOWVOL,EQ,19.92,20.05,19.89,20.01,19.98,5968,1.19,2026-09-11
HDFCMID150,EQ,23.24,23.24,22.9,23.13,23.24,685818,158.04,2026-09-11
HDFCMOMENT,EQ,31.61,31.61,30.65,30.91,31.12,135504,41.76,2026-09-11
HDFCNEXT50,EQ,73.82,74.0,73.09,73.91,74.08,103448,76.1,2026-09-11
HDFCNIF100,EQ,25.5,25.5,25.25,25.44,25.47,32301,8.19,2026-09-11
HDFCNIFBAN,EQ,57.83,58.41,57.4,58.33,58.03,78212,45.19,2026-09-11
HDFCNIFIT,EQ,30.84,31.15,30.84,31.01,30.85,50580,15.69,2026-09-11
HDFCNIFTY,EQ,270.93,270.93,262.16,263.79,264.33,3460871,9125.85,2026-09-11
HDFCNIMEG,EQ,130.21,130.7,129.03,130.37,133.04,12438,16.12,2026-09-11
HDFCPSUBK,EQ,84.01,84.96,83.84,84.27,84.7,29654,24.97,2026-09-11
HDFCPVTBAN,EQ,27.65,28.15,27.5,27.94,27.74,140346,38.92,2026-09-11
HDFCQUAL,EQ,57.15,57.46,57.1,57.43,57.4,1548,0.89,2026-09-11
HDFCSENSEX,EQ,86.85,86.85,84.3,85.32,84.74,90887,77.04,2026-09-11
HDFCSILVER,EQ,216.02,217.67,213.85,216.48,223.54,6499736,14018.36,2026-09-11
HDFCSML250,EQ,188.11,188.2,183.26,185.17,186.25,1196133,2207.7,2026-09-11
HDFCVALUE,EQ,122.61,122.83,121.45,122.49,122.37,9138,11.15,2026-09-11
HEADSUP,EQ,7.0,7.15,6.8,6.99,6.9,9463,0.65,2026-09-11
HEALTHADD,EQ,16.58,16.82,16.55,16.68,16.66,240178,40.11,2026-09-11
HEALTHAXIS,EQ,168.13,168.85,167.02,168.42,168.13,3098,5.21,2026-09-11
HEALTHCARE,EQ,22.11,22.11,21.51,21.71,21.68,110839,23.99,2026-09-11
HEALTHIETF,EQ,169.5,170.34,167.94,169.67,169.47,61063,103.27,2026-09-11
HEALTHX,EQ,301.0,310.0,295.05,308.15,305.35,3397,10.34,2026-09-11
HEALTHY,EQ,17.0,17.25,16.81,16.96,17.0,265871,45.13,2026-09-11
HECPROJECT,EQ,118.1,121.0,115.0,119.04,119.55,9426,10.98,2026-09-11
HEIDELBERG,EQ,150.95,150.95,147.8,149.8,158.79,314126,469.53,2026-09-11
HEMIPROP,EQ,120.8,121.48,119.21,120.62,120.95,254402,306.18,2026-09-11
HERANBA,EQ,172.3,174.0,168.5,171.58,172.3,43044,73.58,2026-09-11
HERITGFOOD,EQ,396.0,425.0,389.0,417.4,398.05,3638335,15152.11,2026-09-11
HEROMOTOCO,EQ,5218.0,5243.0,5186.0,5221.5,5280.0,251663,13143.34,2026-09-11
HESTERBIO,EQ,2275.0,2298.9,2238.3,2264.9,2279.0,5276,119.73,2026-09-11
HEXATRADEX,EQ,156.88,159.99,155.3,155.81,156.88,765,1.19,2026-09-11
HEXT,EQ,501.3,502.95,496.0,497.05,502.95,87553,436.43,2026-09-11
HGINFRA,EQ,485.0,490.0,476.55,484.0,487.25,29567,142.55,2026-09-11
HGM,EQ,48.62,50.0,48.5,48.68,49.57,7531,3.71,2026-09-11
HGS,EQ,381.0,383.85,377.0,381.45,383.85,9177,34.84,2026-09-11
HIKAL,EQ,231.02,232.39,221.98,224.95,234.78,902881,2041.96,2026-09-11
HILINFRA,EQ,42.5,42.99,40.2,41.53,42.59,128374,53.47,2026-09-11
HILTON,EQ,18.3,18.7,17.61,18.06,18.28,89366,16.06,2026-09-11
HIMATSEIDE,EQ,68.7,68.7,66.63,67.83,68.85,420697,283.1,2026-09-11
HINDADH,EQ,365.3,370.9,345.25,369.1,365.3,3185,11.55,2026-09-11
HINDALCO,EQ,990.0,992.8,973.1,981.5,1014.0,4754493,46804.75,2026-09-11
HINDALUMI,EQ,97.0,98.99,95.1,96.18,96.57,2716,2.62,2026-09-11
HINDCOMPOS,EQ,380.0,390.0,375.0,376.45,381.45,6223,23.52,2026-09-11
HINDCON,EQ,23.9,24.63,22.36,24.09,23.34,24080,5.63,2026-09-11
HINDCOPPER,EQ,510.0,516.5,505.0,514.5,527.3,8769684,44825.04,2026-09-11
HINDOILEXP,EQ,189.44,192.4,184.5,185.22,187.66,1154009,2164.32,2026-09-11
HINDPETRO,EQ,346.5,354.9,340.1,352.0,352.65,5835890,20202.52,2026-09-11
HINDUNILVR,EQ,1930.5,1946.6,1926.2,1927.0,1942.3,1100313,21304.95,2026-09-11
HINDWAREAP,EQ,181.67,181.67,177.94,178.4,181.67,63015,112.71,2026-09-11
HINDZINC,EQ,575.45,583.3,565.55,576.45,593.6,7158790,41203.0,2026-09-11
HIRECT,EQ,1244.9,1255.0,1205.0,1245.4,1248.9,51541,633.67,2026-09-11
HISARMETAL,EQ,161.98,161.98,157.0,157.2,155.28,808,1.28,2026-09-11
HITECH,EQ,76.89,76.89,75.46,76.39,77.4,643983,490.59,2026-09-11
HLEGLAS,EQ,367.85,404.35,363.0,404.35,367.6,870661,3400.86,2026-09-11
HLVLTD,EQ,6.38,6.4,6.3,6.38,6.38,148728,9.47,2026-09-11
HMAAGRO,EQ,20.0,20.24,19.68,20.07,19.98,982208,195.74,2026-09-11
HNDFDS,EQ,612.25,623.95,610.15,618.7,619.95,51791,318.78,2026-09-11
HNGSNGBEES,EQ,465.9,465.9,461.55,463.91,466.06,63270,293.25,2026-09-11
HOMEFIRST,EQ,1195.0,1195.0,1100.6,1184.5,1209.4,435329,5145.23,2026-09-11
HONASA,EQ,472.0,478.15,470.0,471.15,475.65,680363,3216.86,2026-09-11
HONAUT,EQ,34000.0,34700.0,33800.0,34580.0,34150.0,2181,748.47,2026-09-11
HONDAPOWER,EQ,1979.8,1979.8,1941.2,1953.0,1969.5,4009,78.21,2026-09-11
HORIZONIND,EQ,55.0,55.89,53.75,55.67,55.55,3566247,1951.25,2026-09-11
HPAL,EQ,37.5,39.82,37.0,37.91,36.61,620683,238.38,2026-09-11
HPIL,EQ,120.1,124.89,120.04,123.87,120.03,278,0.35,2026-09-11
HPL,EQ,281.9,294.0,281.9,292.0,295.8,129096,373.66,2026-09-11
HRYNSHP,EQ,99.32,100.95,98.0,100.84,99.32,957,0.94,2026-09-11
HSBCGOLD,EQ,132.0,132.41,130.95,131.94,132.9,78821,103.71,2026-09-11
HSCL,EQ,660.0,666.0,654.2,664.9,663.75,1420588,9369.2,2026-09-11
HTMEDIA,EQ,24.65,25.35,23.99,24.92,24.32,115860,28.65,2026-09-11
HUBTOWN,EQ,181.05,183.0,178.72,181.21,183.22,181732,328.78,2026-09-11
HUDCO,EQ,173.6,173.6,171.6,172.76,174.08,1180108,2034.35,2026-09-11
HUHTAMAKI,EQ,260.0,260.0,250.25,254.4,262.05,211803,536.76,2026-09-11
HYBRIDETF,EQ,10.19,10.19,9.98,10.04,10.09,214733,21.49,2026-09-11
HYUNDAI,EQ,2187.6,2195.5,2170.6,2174.0,2205.0,484805,10591.44,2026-09-11
IBULLSLTD,EQ,24.31,26.14,24.31,26.14,24.9,32865374,8425.87,2026-09-11
ICEMAKE,EQ,727.0,739.0,721.0,730.1,727.9,11852,86.43,2026-09-11
ICICIAMC,EQ,3010.0,3051.0,2992.3,3041.5,3033.5,135852,4105.88,2026-09-11
ICICIB22,EQ,113.64,113.64,112.6,113.16,113.5,164595,186.04,2026-09-11
ICICIBANK,EQ,1371.6,1389.0,1367.6,1379.3,1384.5,7064417,97460.3,2026-09-11
ICICIGI,EQ,1465.0,1465.0,1443.7,1459.8,1465.0,663654,9625.23,2026-09-11
ICICIPRULI,EQ,468.8,475.5,461.25,471.5,471.0,1354875,6377.06,2026-09-11
ICIL,EQ,437.35,446.3,426.4,443.25,439.45,443332,1933.07,2026-09-11
ICRA,EQ,4731.0,4754.7,4665.6,4728.9,4726.2,21358,1005.73,2026-09-11
IDBI,EQ,81.21,84.2,80.62,83.43,81.62,22126952,18438.76,2026-09-11
IDEA,EQ,15.08,15.2,14.84,14.97,14.9,547907103,82357.72,2026-09-11
IDEAFORGE,EQ,740.0,742.0,724.0,733.95,743.45,164262,1200.44,2026-09-11
IDFCFIRSTB,EQ,86.2,86.73,85.41,86.21,86.84,13937814,12013.52,2026-09-11
IDFNIFTYET,EQ,256.62,258.66,256.62,258.6,259.15,2321,5.98,2026-09-11
IEX,EQ,115.88,115.91,113.0,113.88,116.63,6657040,7572.84,2026-09-11
IFBAGRO,EQ,880.0,894.9,860.0,884.45,874.8,5292,46.41,2026-09-11
IFBIND,EQ,1267.2,1312.1,1251.0,1300.1,1283.2,53221,684.08,2026-09-11
IFCI,EQ,83.8,85.59,81.52,82.29,85.15,110886137,92183.64,2026-09-11
IFGLEXPOR,EQ,210.0,212.2,203.67,206.08,212.54,41185,84.88,2026-09-11
IGARASHI,EQ,408.55,418.45,402.05,414.3,408.3,45453,186.23,2026-09-11
IGCL,EQ,71.15,72.38,67.16,67.61,72.4,265110,186.63,2026-09-11
IGIL,EQ,310.0,315.0,307.05,314.3,311.2,233518,729.27,2026-09-11
IGL,EQ,152.23,152.5,151.02,151.98,153.46,766290,1164.12,2026-09-11
IGPL,EQ,555.9,555.9,535.7,547.05,553.5,58951,320.97,2026-09-11
IIFL,EQ,605.0,616.35,595.0,600.6,607.65,2661025,16062.74,2026-09-11
IIFLCAPS,EQ,336.6,340.95,336.6,339.05,337.3,422556,1434.19,2026-09-11
IITL,EQ,147.8,153.84,145.6,149.01,147.23,93711,140.06,2026-09-11
IKIO,EQ,234.0,238.8,221.42,223.87,231.73,1450380,3367.06,2026-09-11
IKS,EQ,1783.0,1783.0,1732.4,1740.6,1783.7,83326,1458.61,2026-09-11
IMAGICAA,EQ,53.01,53.15,51.8,52.33,53.2,449274,235.61,2026-09-11
IMFA,EQ,1272.0,1277.4,1236.9,1243.5,1279.1,110255,1374.87,2026-09-11
IMPAL,EQ,1108.0,1134.8,1105.0,1113.2,1127.7,1166,12.96,2026-09-11
INA,EQ,92.9,93.95,90.61,92.98,93.0,594093,549.59,2026-09-11
INCREDIBLE,EQ,31.92,34.49,31.05,33.58,30.98,17146,5.71,2026-09-11
INDBANK,EQ,27.85,28.45,27.25,27.64,27.72,56742,15.73,2026-09-11
INDGN,EQ,571.1,583.25,570.3,578.35,577.35,225658,1301.16,2026-09-11
INDHOTEL,EQ,712.75,720.75,708.6,718.5,715.75,1019599,7292.16,2026-09-11
INDIACEM,EQ,347.95,348.0,342.55,346.9,347.95,65795,227.2,2026-09-11
INDIAMART,EQ,1637.7,1716.4,1624.1,1695.0,1637.7,140423,2355.25,2026-09-11
INDIANB,EQ,848.95,859.7,835.0,853.5,856.5,1579708,13443.3,2026-09-11
INDIANCARD,EQ,210.01,212.96,208.1,212.45,209.36,1949,4.09,2026-09-11
INDIANHUME,EQ,367.0,375.0,362.25,369.55,367.0,30095,110.84,2026-09-11
INDIASHLTR,EQ,674.35,674.35,647.0,652.25,672.15,81000,530.97,2026-09-11
INDIGO,EQ,4875.0,4973.0,4822.0,4973.0,4945.0,923733,45190.62,2026-09-11
INDIGOPNTS,EQ,1075.0,1094.0,1059.3,1089.3,1077.8,55830,601.19,2026-09-11
INDIQUBE,EQ,204.0,205.1,199.35,202.87,205.56,14391,29.06,2026-09-11
INDNIPPON,EQ,1338.6,1404.0,1300.0,1358.9,1369.0,274425,3650.68,2026-09-11
INDOBORAX,EQ,481.0,492.45,465.25,484.55,483.45,125334,601.33,2026-09-11
INDOCO,EQ,260.0,276.98,251.5,263.02,254.25,5002402,13144.17,2026-09-11
INDOFARM,EQ,140.0,144.03,135.83,141.66,140.32,131169,182.51,2026-09-11
INDOKEM,EQ,617.0,620.0,603.0,613.85,620.45,3375,20.75,2026-09-11
INDOMIM,EQ,995.0,1024.5,978.75,1018.2,1006.55,1564591,15646.68,2026-09-11
INDORAMA,EQ,83.02,87.64,80.0,86.5,82.93,1794174,1528.45,2026-09-11
INDOSTAR,EQ,245.4,247.11,241.68,244.38,246.89,52664,128.92,2026-09-11
INDOTECH,EQ,3601.0,3687.6,3462.3,3522.9,3602.4,12309,433.47,2026-09-11
INDOTHAI,EQ,43.4,45.49,41.17,41.17,43.43,20200138,8864.14,2026-09-11
INDOUS,EQ,82.0,82.0,78.0,78.24,79.54,10159,7.98,2026-09-11
INDOWIND,EQ,9.01,9.2,8.91,9.09,9.08,122015,11.08,2026-09-11
INDPRUD,EQ,6250.0,6250.0,6250.0,6250.0,6211.5,2,0.13,2026-09-11
INDRAMEDCO,EQ,345.0,356.2,344.1,355.0,360.0,185246,654.01,2026-09-11
INDSWFTLAB,EQ,375.0,391.4,372.3,385.35,377.5,565658,2179.55,2026-09-11
INDTERRAIN,EQ,28.89,29.33,28.65,28.85,28.68,6587,1.9,2026-09-11
INDUSINDBK,EQ,988.7,988.7,972.3,978.2,993.3,2504608,24479.06,2026-09-11
INDUSTOWER,EQ,372.0,390.85,372.0,388.0,372.0,16707001,64286.14,2026-09-11
INFOBEAN,EQ,155.2,155.2,152.91,154.01,155.2,153246,235.57,2026-09-11
INFOMEDIA,EQ,4.82,5.44,4.82,5.2,5.23,18095,0.92,2026-09-11
INFRA,EQ,11.88,11.93,11.8,11.91,11.96,127871,15.13,2026-09-11
INFRABEES,EQ,943.84,946.69,934.7,943.65,944.9,5078,47.75,2026-09-11
INFRAIETF,EQ,93.34,95.5,93.05,94.18,93.54,70908,66.35,2026-09-11
INFY,EQ,1032.0,1047.3,1029.7,1037.7,1036.5,6168088,64129.3,2026-09-11
INGERRAND,EQ,4599.9,4617.3,4506.3,4573.0,4604.8,10539,481.56,2026-09-11
INNOVACAP,EQ,1150.1,1168.1,1133.1,1147.2,1167.4,44230,506.38,2026-09-11
INNOVANA,EQ,310.8,334.0,300.1,327.0,309.3,50677,155.79,2026-09-11
INNOVISION,EQ,265.0,265.0,258.85,260.35,266.8,22172,57.95,2026-09-11
INOXGREEN,EQ,178.01,179.5,171.85,178.21,178.12,1096299,1932.25,2026-09-11
INOXINDIA,EQ,2272.0,2313.4,2236.9,2246.6,2295.8,245450,5553.01,2026-09-11
INOXWIND,EQ,75.5,76.5,73.78,76.5,76.02,7415115,5575.36,2026-09-11
INSECTICID,EQ,610.0,619.0,595.1,609.7,612.5,26007,158.52,2026-09-11
INSPIRISYS,EQ,87.0,87.95,84.2,85.43,86.25,4201,3.6,2026-09-11
INSUREIETF,EQ,14.75,14.83,14.6,14.76,14.77,143136,21.08,2026-09-11
INTELLECT,EQ,680.2,689.6,676.6,682.6,685.05,280610,1914.99,2026-09-11
INTENTECH,EQ,78.5,80.5,76.49,78.53,79.12,15643,12.21,2026-09-11
INTERARCH,EQ,1717.1,1762.7,1700.0,1728.2,1729.4,36252,628.62,2026-09-11
INTERNET,EQ,14.66,15.8,14.44,14.87,14.59,266026,38.95,2026-09-11
INTLCONV,EQ,76.99,78.88,76.39,78.27,77.16,32019,24.82,2026-09-11
INVENTURE,EQ,0.92,0.94,0.9,0.92,0.91,1362737,12.47,2026-09-11
IOB,EQ,32.7,33.14,32.54,33.07,32.86,1926531,634.97,2026-09-11
IOC,EQ,134.0,136.16,133.25,135.11,134.94,7203039,9689.04,2026-09-11
IOLCP,EQ,210.51,210.95,192.0,194.31,211.43,5129124,10261.37,2026-09-11
IONEXCHANG,EQ,430.0,461.0,426.65,445.7,435.45,1336559,6009.04,2026-09-11
IPCALAB,EQ,1975.8,1995.0,1958.4,1968.5,1970.9,176417,3484.87,2026-09-11
IPL,EQ,134.52,135.65,133.3,133.69,135.74,100420,134.32,2026-09-11
IPRINGLTD,EQ,147.0,150.5,138.0,145.87,147.85,2231,3.21,2026-09-11
IRB,EQ,19.79,19.79,19.35,19.64,19.91,8984467,1755.33,2026-09-11
IRCON,EQ,114.9,114.9,112.55,113.26,115.21,1556241,1759.36,2026-09-11
IRCTC,EQ,467.0,467.15,462.15,462.9,467.75,604286,2799.94,2026-09-11
IREDA,EQ,112.27,112.57,111.31,111.71,113.32,3342411,3736.72,2026-09-11
IRFC,EQ,80.95,81.09,80.1,81.09,81.08,8029026,6469.17,2026-09-11
IRIS,EQ,246.07,249.0,243.85,245.39,249.08,12982,31.98,2026-09-11
IRISDOREME,EQ,62.6,62.84,60.9,61.47,62.29,437736,270.09,2026-09-11
IRMENERGY,EQ,281.2,284.9,274.3,280.25,281.25,57018,158.21,2026-09-11
ISFT,EQ,81.78,81.78,78.15,79.48,81.17,118688,94.65,2026-09-11
ISGEC,EQ,821.0,821.0,792.0,795.95,810.15,47204,377.3,2026-09-11
ISHANCH,EQ,45.44,45.44,42.99,44.84,44.82,15039,6.63,2026-09-11
ISTLTD,EQ,650.0,678.0,637.0,662.2,661.0,625,4.09,2026-09-11
IT,EQ,32.03,32.34,31.95,32.13,32.06,281406,90.57,2026-09-11
ITADD,EQ,30.63,30.87,30.59,30.75,30.59,8717,2.68,2026-09-11
ITAXIS,EQ,317.73,320.98,317.73,320.94,317.69,1947,6.22,2026-09-11
ITBEES,EQ,32.1,32.38,31.99,32.17,32.06,7008652,2257.7,2026-09-11
ITBETA,EQ,302.0,308.0,299.48,305.42,309.14,713,2.18,2026-09-11
ITC,EQ,258.0,261.65,257.7,259.85,259.3,11116049,28953.0,2026-09-11
ITCHOTELS,EQ,153.85,154.5,152.61,153.69,154.13,1693876,2596.58,2026-09-11
ITDC,EQ,679.95,730.0,674.7,690.85,664.6,3431057,24143.7,2026-09-11
ITETF,EQ,31.17,31.17,30.51,30.74,30.56,182890,56.25,2026-09-11
ITI,EQ,261.4,264.0,258.45,262.85,263.5,134104,349.9,2026-09-11
ITIETF,EQ,32.19,32.42,32.03,32.26,32.09,467820,150.89,2026-09-11
ITL,EQ,368.3,371.9,359.0,369.25,368.3,3944,14.53,2026-09-11
IVALUE,EQ,227.0,229.27,219.6,223.35,226.62,119413,265.73,2026-09-11
IVC,EQ,9.57,9.57,9.05,9.11,9.68,1429459,132.25,2026-09-11
IVZBANKNF,EQ,56.2,56.2,55.78,55.85,56.22,357,0.2,2026-09-11
IVZINGOLD,EQ,132.4,132.5,130.15,131.9,133.25,76066,100.15,2026-09-11
IVZINNIFTY,EQ,266.53,269.4,266.53,269.29,269.07,1110,2.98,2026-09-11
IVZSENSEX,EQ,75.95,76.81,74.27,75.01,74.64,685,0.51,2026-09-11
IWP,EQ,33.58,35.28,33.58,34.41,34.27,6626,2.27,2026-09-11
IXIGO,EQ,159.24,161.27,157.27,158.63,161.92,1167601,1852.3,2026-09-11
IZMO,EQ,895.0,916.8,866.4,906.8,900.2,117769,1047.47,2026-09-11
J&KBANK,EQ,145.2,146.65,142.8,145.27,145.77,1131898,1640.28,2026-09-11
JAGRAN,EQ,62.02,62.56,61.5,62.09,62.01,143137,88.9,2026-09-11
JAGSNPHARM,EQ,229.21,234.6,228.01,232.89,232.99,51421,119.2,2026-09-11
JAIBALAJI,EQ,67.1,67.41,64.33,65.07,67.53,934174,607.67,2026-09-11
JAICORPLTD,EQ,96.0,96.59,94.9,95.73,96.84,285725,273.02,2026-09-11
JAINREC,EQ,290.0,291.15,282.7,284.7,291.45,807025,2303.81,2026-09-11
JAIPURKURT,EQ,25.99,25.99,24.7,25.57,25.03,1576,0.4,2026-09-11
JAMNAAUTO,EQ,132.5,137.33,131.27,135.46,131.86,6244729,8415.09,2026-09-11
JARO,EQ,453.5,460.0,446.25,454.05,456.25,93689,424.81,2026-09-11
JASH,EQ,520.4,520.4,509.55,514.05,521.45,90550,465.43,2026-09-11
JAYAGROGN,EQ,257.0,257.0,239.09,244.13,258.18,47854,117.19,2026-09-11
JAYBARMARU,EQ,115.0,120.0,114.84,116.58,117.53,333020,390.76,2026-09-11
JAYKAY,EQ,165.09,168.0,160.22,165.32,165.09,256432,419.1,2026-09-11
JAYNECOIND,EQ,90.2,91.26,89.0,89.97,91.29,2973675,2677.07,2026-09-11
JAYSREETEA,EQ,93.88,94.6,92.02,92.9,95.08,51691,48.28,2026-09-11
JBMA,EQ,604.0,633.45,594.0,620.3,604.25,857400,5307.03,2026-09-11
JENBURPH,EQ,1020.0,1034.8,998.6,1003.9,1026.8,1783,18.1,2026-09-11
JETFREIGHT,EQ,20.2,20.7,19.7,20.07,20.2,180744,36.42,2026-09-11
JGCHEM,EQ,591.85,595.1,575.6,592.05,595.0,335069,1964.7,2026-09-11
JHS,EQ,8.38,9.21,7.91,8.43,8.03,305861,26.56,2026-09-11
JINDALPHOT,EQ,980.4,1019.5,980.4,1010.9,1001.6,1935,19.23,2026-09-11
JINDALPOLY,EQ,670.0,693.75,670.0,671.3,677.3,9891,67.13,2026-09-11
JINDALSAW,EQ,316.0,316.0,305.05,311.95,317.5,1875374,5823.49,2026-09-11
JINDALSTEL,EQ,1111.0,1122.0,1058.0,1120.5,1137.0,549857,6121.23,2026-09-11
JINDRILL,EQ,666.65,697.0,630.25,633.25,654.2,2159907,14389.48,2026-09-11
JINDWORLD,EQ,54.7,55.5,52.01,52.88,55.64,14626067,7791.09,2026-09-11
JIOFIN,EQ,228.7,231.37,226.44,229.9,230.25,22102551,50421.16,2026-09-11
JISLDVREQS,EQ,20.83,21.39,20.33,20.76,20.84,10008,2.07,2026-09-11
JISLJALEQS,EQ,29.7,29.94,28.97,29.71,30.02,2167782,639.85,2026-09-11
JITFINFRA,EQ,295.0,303.75,287.0,290.35,300.95,32081,93.81,2026-09-11
JKCEMENT,EQ,4900.0,4909.5,4813.0,4843.5,4915.5,54957,2662.5,2026-09-11
JKIL,EQ,481.7,481.75,475.0,475.85,483.4,37901,180.9,2026-09-11
JKIPL,EQ,92.03,92.9,89.42,91.64,91.6,22555,20.48,2026-09-11
JKLAKSHMI,EQ,498.0,509.75,496.1,505.9,505.9,74863,378.25,2026-09-11
JKPAPER,EQ,411.85,418.85,406.8,414.25,415.15,395550,1635.94,2026-09-11
JKTYRE,EQ,355.65,355.65,350.25,353.95,357.65,331201,1169.93,2026-09-11
JLHL,EQ,277.55,285.05,277.3,279.15,281.0,78427,219.24,2026-09-11
JMA,EQ,95.99,95.99,91.35,93.22,95.51,14169,13.21,2026-09-11
JMFINANCIL,EQ,125.5,125.94,123.2,124.47,127.24,2358523,2934.1,2026-09-11
JNKINDIA,EQ,425.05,433.9,416.85,422.4,428.85,61081,257.47,2026-09-11
JNPR,EQ,259.0,269.3,254.85,265.35,259.05,773789,2049.06,2026-09-11
JOCIL,EQ,150.61,150.8,143.1,149.89,149.87,8542,12.52,2026-09-11
JPOLYINVST,EQ,997.0,997.0,984.05,989.5,996.7,822,8.12,2026-09-11
JPPOWER,EQ,16.2,16.2,15.95,16.02,16.23,34693775,5557.91,2026-09-11
JSFB,EQ,510.0,520.65,484.85,516.85,514.75,1255413,6294.47,2026-09-11
JSL,EQ,754.55,766.5,741.0,756.1,762.15,1619515,12289.76,2026-09-11
JSLL,EQ,516.0,516.7,507.0,511.85,518.3,342560,1753.6,2026-09-11
JSWCEMENT,EQ,120.5,120.74,118.4,118.87,120.77,1784827,2127.19,2026-09-11
JSWDULUX,EQ,3164.5,3172.0,3143.1,3155.1,3179.7,31176,983.17,2026-09-11
JSWENERGY,EQ,527.0,527.0,522.75,526.45,530.45,583365,3062.73,2026-09-11
JSWHL,EQ,11444.0,11649.0,11213.0,11449.0,11444.0,2996,342.69,2026-09-11
JSWINFRA,EQ,339.25,344.1,335.75,343.15,342.45,2957954,10077.85,2026-09-11
JSWSTEEL,EQ,1281.0,1286.9,1265.0,1265.0,1304.0,1580944,20176.53,2026-09-11
JTEKTINDIA,EQ,120.29,121.25,118.52,120.55,119.93,79648,95.46,2026-09-11
JTLIND,EQ,88.8,89.39,86.4,88.68,89.6,2156849,1901.1,2026-09-11
JUBLCPL,EQ,2090.0,2142.0,2041.0,2105.8,2101.0,7884,165.16,2026-09-11
JUBLFOOD,EQ,470.6,472.85,465.65,470.25,473.8,354487,1663.55,2026-09-11
JUBLINGREA,EQ,664.0,666.8,651.4,658.4,666.6,313699,2062.97,2026-09-11
JUBLPHARMA,EQ,1020.0,1034.15,1006.3,1025.2,1025.65,230939,2352.14,2026-09-11
JUNIORBEES,EQ,787.3,787.3,773.5,781.96,785.79,470922,3662.46,2026-09-11
JUNIPER,EQ,227.39,228.0,220.23,221.12,227.39,163779,365.21,2026-09-11
JUSTDIAL,EQ,656.3,669.9,656.3,665.55,668.75,97065,645.04,2026-09-11
JWL,EQ,240.06,240.25,237.72,239.58,241.56,394239,942.98,2026-09-11
JYOTHYLAB,EQ,195.7,196.61,194.0,195.06,195.65,394200,769.31,2026-09-11
JYOTICNC,EQ,994.0,998.6,966.0,985.0,1003.9,692249,6794.3,2026-09-11
JYOTIRES,EQ,868.0,878.95,860.0,867.85,875.9,7907,68.52,2026-09-11
JYOTISTRUC,EQ,9.95,9.97,9.55,9.69,9.98,7294287,712.51,2026-09-11
KABRAEXTRU,EQ,710.0,733.0,690.6,723.15,707.55,479794,3444.73,2026-09-11
KAJARIACER,EQ,1245.0,1245.0,1215.3,1226.4,1243.9,88820,1088.99,2026-09-11
KAKATCEM,EQ,109.0,110.8,107.5,109.57,109.42,1851,2.01,2026-09-11
KALAMANDIR,EQ,83.64,83.64,82.05,82.57,83.64,345687,285.38,2026-09-11
KALPATARU,EQ,267.4,267.9,263.1,266.25,267.4,41966,111.46,2026-09-11
KALYANKJIL,EQ,609.5,610.0,589.05,601.15,615.2,6340796,37885.29,2026-09-11
KAMAHOLD,EQ,2241.1,2303.5,2241.1,2273.5,2285.0,2654,60.27,2026-09-11
KAMANWALA,EQ,17.5,17.5,16.27,17.46,17.02,2767,0.48,2026-09-11
KAMATHOTEL,EQ,223.0,225.77,220.21,224.2,224.68,38878,86.98,2026-09-11
KAMOPAINTS,EQ,4.4,4.4,4.29,4.33,4.29,105351,4.56,2026-09-11
KANANIIND,EQ,1.51,1.54,1.31,1.5,1.51,251370,3.72,2026-09-11
KANCHI,EQ,396.0,397.0,383.6,390.75,403.75,2129,8.27,2026-09-11
KANCOTEA,EQ,52.29,52.29,52.29,52.29,52.29,1,0.0,2026-09-11
KANPRPLA,EQ,248.05,277.45,247.5,264.6,251.7,72663,193.74,2026-09-11
KANSAINER,EQ,189.39,189.54,187.3,188.6,191.11,119478,224.69,2026-09-11
KAPSTON,EQ,584.95,597.85,578.55,588.2,584.95,63762,374.34,2026-09-11
KARMAENG,EQ,38.25,39.99,37.25,39.63,37.88,9768,3.82,2026-09-11
KARURVYSYA,EQ,336.05,336.05,330.45,333.8,335.3,987355,3288.5,2026-09-11
KAVDEFENCE,EQ,72.41,73.8,68.2,69.33,74.77,1320997,936.46,2026-09-11
KAYNES,EQ,3475.0,3550.0,3433.4,3505.0,3499.0,555805,19244.95,2026-09-11
KCP,EQ,163.15,163.15,160.05,162.4,162.21,88951,143.41,2026-09-11
KDDL,EQ,3894.9,3955.8,3835.0,3881.9,3891.4,20482,797.14,2026-09-11
KDGREEN,EQ,50.0,51.14,47.95,49.09,50.14,20263,9.94,2026-09-11
KEC,EQ,411.0,411.0,404.1,406.4,413.45,608964,2478.1,2026-09-11
KECL,EQ,125.0,129.4,120.35,124.21,126.36,152390,189.5,2026-09-11
KEEPLEARN,EQ,1.89,1.92,1.82,1.89,1.89,18438,0.35,2026-09-11
KEI,EQ,4599.0,4599.0,4447.0,4578.0,4640.0,1138228,51226.55,2026-09-11
KELLTONTEC,EQ,13.45,15.19,13.35,13.77,13.51,9142272,1294.47,2026-09-11
KENNAMET,EQ,5000.0,5000.0,4660.0,4682.4,5027.9,70326,3350.36,2026-09-11
KERNEX,EQ,1709.2,1750.0,1673.1,1732.1,1709.5,144751,2475.73,2026-09-11
KEYFINSERV,EQ,249.95,249.95,238.0,239.2,242.95,800,1.95,2026-09-11
KFINTECH,EQ,893.0,904.7,882.4,900.0,899.0,622342,5566.64,2026-09-11
KHAICHEM,EQ,52.68,55.55,51.22,54.03,52.68,402804,217.61,2026-09-11
KHAITANLTD,EQ,158.4,165.0,154.4,162.51,159.12,2808,4.47,2026-09-11
KHANDSE,EQ,17.49,17.49,16.5,17.1,16.97,620,0.11,2026-09-11
KICL,EQ,5065.0,5083.0,5014.0,5040.5,5083.5,524,26.43,2026-09-11
KIMS,EQ,773.95,776.85,761.75,768.95,772.8,127766,982.48,2026-09-11
KINGFA,EQ,6215.0,6240.0,6087.0,6197.0,6227.5,15424,951.96,2026-09-11
KIOCL,EQ,365.35,365.35,354.3,355.9,367.9,142628,511.33,2026-09-11
KIRANVYPAR,EQ,204.45,209.89,203.99,207.02,206.99,2019,4.17,2026-09-11
KIRIINDUS,EQ,518.8,541.0,512.1,537.35,523.1,1067749,5650.13,2026-09-11
KIRLFER,EQ,465.0,468.4,458.85,465.1,466.1,91717,425.64,2026-09-11
KIRLOSBROS,EQ,1805.1,1811.2,1771.0,1784.0,1818.3,56553,1015.81,2026-09-11
KIRLOSENG,EQ,2229.9,2230.0,2155.7,2168.6,2209.0,316085,6915.74,2026-09-11
KIRLOSIND,EQ,3575.0,4055.0,3562.3,3828.3,3576.8,639315,25023.51,2026-09-11
KIRLPNU,EQ,715.05,726.4,706.4,719.9,719.7,115300,827.31,2026-09-11
KISSHT,EQ,330.0,336.2,324.5,328.7,333.9,1596936,5272.38,2026-09-11
KITEX,EQ,125.0,125.4,123.6,123.87,125.65,247724,307.17,2026-09-11
KJMCFIN,EQ,61.58,62.5,60.03,60.51,61.58,1605,0.97,2026-09-11
KKCL,EQ,505.95,505.95,492.15,494.9,501.7,45845,227.54,2026-09-11
KLBRENG-B,EQ,477.05,490.0,465.7,486.95,477.4,237994,1141.63,2026-09-11
KMCSHIL,EQ,137.45,139.31,134.75,138.47,137.45,161203,220.41,2026-09-11
KMEW,EQ,2904.9,2950.8,2812.1,2869.2,2915.6,93353,2668.08,2026-09-11
KMSUGAR,EQ,30.1,31.23,29.5,30.41,30.1,222197,67.39,2026-09-11
KNACK,EQ,185.74,185.74,181.51,183.27,186.96,429457,786.22,2026-09-11
KNAGRI,EQ,197.0,197.9,192.75,193.74,195.02,9965,19.35,2026-09-11
KNRCON,EQ,123.11,126.54,119.61,125.66,123.68,2245207,2759.13,2026-09-11
KOHINOOR,EQ,30.0,31.2,28.72,30.85,30.17,148832,44.82,2026-09-11
KOKUYOCMLN,EQ,77.4,78.97,77.3,77.91,78.94,23988,18.66,2026-09-11
KOLTEPATIL,EQ,445.0,445.0,435.0,436.85,451.15,84268,369.96,2026-09-11
KOPRAN,EQ,235.75,237.6,226.2,235.26,235.82,399882,924.43,2026-09-11
KOTAKBANK,EQ,412.6,420.0,409.25,419.0,416.55,15197483,63162.4,2026-09-11
KOTHARIPET,EQ,143.0,143.06,136.33,138.57,143.21,35052,48.88,2026-09-11
KOTHARIPRO,EQ,66.0,66.2,64.83,65.78,65.76,3613,2.37,2026-09-11
KOTIC,EQ,148.76,148.76,130.55,133.82,151.21,122378,170.24,2026-09-11
KOVAI,EQ,6292.0,6339.0,6150.5,6203.5,6292.0,4574,284.08,2026-09-11
KPEL,EQ,224.13,225.0,213.82,214.91,224.13,618562,1342.1,2026-09-11
KPIGREEN,EQ,284.05,285.0,281.0,281.7,287.5,847067,2390.78,2026-09-11
KPIL,EQ,1432.0,1442.0,1401.1,1435.7,1432.0,107494,1529.85,2026-09-11
KPITTECH,EQ,550.9,555.95,545.6,553.75,550.95,860098,4743.17,2026-09-11
KPL,EQ,3500.1,3694.0,3422.3,3643.3,3511.6,42959,1520.43,2026-09-11
KPRMILL,EQ,1122.0,1122.1,1100.0,1109.1,1127.3,166974,1849.02,2026-09-11
KRBL,EQ,423.25,425.9,416.05,421.05,423.25,377861,1592.29,2026-09-11
KREBSBIO,EQ,62.89,62.89,57.07,58.72,61.47,8042,4.77,2026-09-11
KRIDHANINF,EQ,1.96,2.05,1.91,1.96,1.99,56301,1.11,2026-09-11
KRISHANA,EQ,183.5,183.67,178.72,179.66,183.5,331496,598.59,2026-09-11
KRISHIVAL,EQ,418.95,420.0,417.25,419.95,418.15,11258,47.23,2026-09-11
KRISHNADEF,EQ,1067.4,1075.0,1047.1,1065.5,1070.0,70159,745.71,2026-09-11
KRITI,EQ,62.9,63.3,60.0,61.4,62.9,5393,3.29,2026-09-11
KRITIKA,EQ,5.46,5.46,5.31,5.4,5.37,101267,5.46,2026-09-11
KRITINUT,EQ,81.98,81.98,80.1,80.52,81.98,6426,5.22,2026-09-11
KRN,EQ,1560.0,1610.7,1531.5,1593.6,1584.6,188504,2967.17,2026-09-11
KROSS,EQ,232.03,239.8,222.84,239.07,231.54,2135648,4992.78,2026-09-11
KRSNAA,EQ,557.0,557.6,548.0,550.05,564.4,40893,225.19,2026-09-11
KRYSTAL,EQ,624.45,624.45,608.6,614.45,624.45,9449,58.07,2026-09-11
KSB,EQ,797.2,810.0,788.8,804.2,804.2,94866,760.68,2026-09-11
KSCL,EQ,715.0,721.0,706.05,715.85,718.05,80701,574.34,2026-09-11
KSE,EQ,175.02,180.05,175.02,177.22,178.69,23974,42.54,2026-09-11
KSHINTL,EQ,1173.0,1178.35,1118.05,1170.9,1174.3,259796,2986.55,2026-09-11
KSHITIJPOL,EQ,3.32,3.57,3.32,3.48,3.43,1531366,53.27,2026-09-11
KSL,EQ,970.0,981.9,931.0,968.75,968.2,204430,1964.21,2026-09-11
KSOLVES,EQ,255.5,261.9,254.0,258.1,259.1,33182,85.12,2026-09-11
KSR,EQ,42.5,42.9,39.05,42.4,40.93,124716,51.47,2026-09-11
KTKBANK,EQ,328.5,330.4,322.5,325.35,332.55,2126968,6928.62,2026-09-11
KUANTUM,EQ,75.49,78.49,75.01,76.43,75.49,117403,89.77,2026-09-11
KUSUMGAR,EQ,561.85,574.5,556.6,568.1,566.0,170440,967.68,2026-09-11
KWIL,EQ,41.1,44.17,40.7,43.04,41.53,42730153,18362.12,2026-09-11
LADDERUP,EQ,73.0,74.31,73.0,74.31,61.93,59231,43.87,2026-09-11
LAGNAM,EQ,72.53,72.8,71.0,72.56,72.53,2870,2.07,2026-09-11
LAHOTIOV,EQ,41.0,41.5,40.16,40.55,41.14,11066,4.51,2026-09-11
LAKSHMIMIL,EQ,7760.0,7835.0,7540.0,7800.0,7800.0,30,2.32,2026-09-11
LAL,EQ,8.89,9.19,8.8,8.83,8.89,20411,1.82,2026-09-11
LALITHAA,EQ,337.9,343.6,330.3,338.6,337.6,6734761,22774.2,2026-09-11
LALPATHLAB,EQ,1900.0,1924.6,1893.9,1909.0,1916.7,224876,4297.85,2026-09-11
LAMBODHARA,EQ,136.49,138.5,136.16,137.37,137.22,4215,5.79,2026-09-11
LANCER,EQ,12.95,12.95,12.6,12.74,12.83,169288,21.52,2026-09-11
LANDMARK,EQ,484.8,494.95,473.95,487.95,484.1,110531,531.57,2026-09-11
LANDSMILL,EQ,0.58,0.59,0.55,0.56,0.57,4314557,24.67,2026-09-11
LAOPALA,EQ,161.79,161.79,158.51,158.93,162.4,142467,228.14,2026-09-11
LARGEMID50,EQ,36.55,36.55,35.4,35.69,35.83,1478,0.53,2026-09-11
LASERPOWER,EQ,289.0,294.05,281.0,289.75,290.65,685699,1973.37,2026-09-11
LATENTVIEW,EQ,255.8,255.8,251.55,252.45,255.8,335107,848.05,2026-09-11
LATTEYS,EQ,21.53,21.83,20.42,21.8,21.53,24026,5.1,2026-09-11
LAURUSLABS,EQ,1943.0,1981.8,1918.1,1969.0,1945.0,2277375,44669.44,2026-09-11
LAXMICOT,EQ,13.08,13.47,12.2,12.89,13.18,22433,2.85,2026-09-11
LAXMIDENTL,EQ,201.15,204.0,197.01,202.84,202.56,52887,106.3,2026-09-11
LAXMIINDIA,EQ,126.5,131.11,125.5,129.07,127.88,162049,208.3,2026-09-11
LCCINFOTEC,EQ,3.12,3.24,2.88,3.14,3.19,119835,3.71,2026-09-11
LCL,EQ,561.25,561.25,545.4,553.05,561.25,237836,1310.99,2026-09-11
LEAPIND,EQ,139.9,145.0,136.0,144.34,140.96,4172766,5882.25,2026-09-11
LEMERITE,EQ,21.0,21.73,20.3,21.11,20.71,319184,66.75,2026-09-11
LEMONTREE,EQ,105.05,105.37,104.06,104.78,105.7,1933002,2024.13,2026-09-11
LENSKART,EQ,691.6,696.05,680.0,681.75,693.3,4110589,28269.49,2026-09-11
LEXUS,EQ,13.12,13.73,13.12,13.31,13.45,5153,0.69,2026-09-11
LFIC,EQ,144.0,144.0,137.0,139.35,145.32,9389,13.08,2026-09-11
LGBBROSLTD,EQ,1711.0,1729.1,1697.1,1711.0,1715.4,21366,365.21,2026-09-11
LGEINDIA,EQ,1647.8,1661.0,1632.4,1636.8,1650.0,358511,5903.76,2026-09-11
LGHL,EQ,197.75,199.0,180.0,183.99,189.49,8290,15.24,2026-09-11
LIBAS,EQ,10.79,11.48,10.19,11.2,10.69,371208,40.81,2026-09-11
LIBERTSHOE,EQ,232.95,233.0,225.3,228.68,229.41,9747,22.23,2026-09-11
LICHSGFIN,EQ,546.0,572.35,546.0,562.9,552.3,11556446,64992.06,2026-09-11
LICI,EQ,402.0,405.65,400.25,404.1,405.6,8144654,32845.62,2026-09-11
LICMFGOLD,EQ,136.4,137.0,135.0,136.3,137.2,65781,89.72,2026-09-11
LICNETFGSC,EQ,29.12,29.56,29.12,29.31,29.37,21752,6.37,2026-09-11
LICNETFN50,EQ,256.84,263.8,256.84,263.79,263.43,2585,6.73,2026-09-11
LICNETFSEN,EQ,841.94,841.94,838.51,841.94,844.02,6,0.05,2026-09-11
LICNFNHGP,EQ,268.53,269.6,266.87,269.57,270.35,99,0.27,2026-09-11
LICNMID100,EQ,62.5,62.81,61.53,62.8,62.54,31829,19.71,2026-09-11
LIKHITHA,EQ,213.0,219.9,209.95,217.07,213.71,88740,191.17,2026-09-11
LINC,EQ,97.0,98.42,94.1,95.61,97.3,8862,8.47,2026-09-11
LINCOLN,EQ,635.0,635.0,619.1,623.5,634.4,34328,214.82,2026-09-11
LINDEINDIA,EQ,6203.0,6250.0,6160.0,6227.5,6227.5,11729,727.98,2026-09-11
LIQGRWBEES,EQ,1051.75,1055.66,1051.75,1055.41,1054.92,34508,364.19,2026-09-11
LIQUID,EQ,999.99,1000.0,999.99,999.99,999.99,75735,757.35,2026-09-11
LIQUID1,EQ,1121.98,1123.01,1120.85,1122.52,1121.97,627614,7045.17,2026-09-11
LIQUIDADD,EQ,1144.55,1144.61,1144.55,1144.6,1144.03,297195,3401.68,2026-09-11
LIQUIDBEES,EQ,1000.0,1000.01,999.62,1000.0,999.99,3052115,30521.12,2026-09-11
LIQUIDBETA,EQ,1007.77,1007.91,1007.77,1007.91,1007.41,7,0.07,2026-09-11
LIQUIDBETF,EQ,1098.14,1098.69,1098.14,1098.68,1098.14,592160,6505.9,2026-09-11
LIQUIDCASE,EQ,115.9,115.92,115.9,115.91,115.84,19174916,22225.25,2026-09-11
LIQUIDETF,EQ,1000.0,1000.01,999.99,1000.0,999.99,97436,974.36,2026-09-11
LIQUIDIETF,EQ,999.99,1000.01,999.99,999.99,1000.0,1126798,11267.98,2026-09-11
LIQUIDPLUS,EQ,1103.07,1103.09,1103.07,1103.07,1102.52,466094,5141.37,2026-09-11
LIQUIDSBI,EQ,999.99,1000.01,999.99,999.99,1000.0,4014,40.14,2026-09-11
LIQUIDSHRI,EQ,1121.3,1121.32,1121.3,1121.3,1120.8,20670,231.77,2026-09-11
LKPSEC,EQ,15.95,16.1,15.44,15.82,15.96,2384,0.38,2026-09-11
LLOYDSENGG,EQ,80.0,83.5,78.5,82.76,80.55,8020345,6468.32,2026-09-11
LLOYDSENT,EQ,69.36,70.24,67.6,69.79,70.01,3763753,2592.24,2026-09-11
LLOYDSME,EQ,1810.0,1819.0,1773.9,1799.6,1814.3,400758,7219.06,2026-09-11
LMW,EQ,17302.0,17970.0,17255.0,17727.0,17614.0,5570,977.31,2026-09-11
LODHA,EQ,1145.7,1145.8,1075.5,1116.9,1163.4,4191874,46026.95,2026-09-11
LOKESHMACH,EQ,345.8,354.9,336.55,347.15,347.25,33450,115.95,2026-09-11
LORDSCHLO,EQ,136.08,139.96,135.0,137.67,139.08,10254,14.21,2026-09-11
LOTUSCHO,EQ,597.1,599.9,579.6,589.45,597.1,1396,8.21,2026-09-11
LOTUSEYE,EQ,112.45,114.84,111.0,113.9,111.62,6522,7.35,2026-09-11
LOVABLE,EQ,72.05,72.88,70.0,71.73,71.85,40924,29.34,2026-09-11
LOWVOL,EQ,199.57,200.63,199.5,200.1,200.52,1327,2.66,2026-09-11
LOWVOL1,EQ,20.46,20.61,20.36,20.51,20.46,314690,64.47,2026-09-11
LOWVOLIETF,EQ,21.49,21.69,21.36,21.47,21.51,585603,125.63,2026-09-11
LOYALTEX,EQ,210.0,221.2,202.51,213.83,217.6,354,0.77,2026-09-11
LPDC,EQ,6.1,6.35,6.1,6.16,6.14,28809,1.78,2026-09-11
LT,EQ,3926.0,3948.0,3880.7,3930.7,3955.0,1195489,46801.19,2026-09-11
LTF,EQ,307.15,311.55,302.7,309.1,311.3,3956142,12141.45,2026-09-11
LTFOODS,EQ,438.0,440.35,431.4,438.1,441.5,573174,2500.99,2026-09-11
LTGILTBEES,EQ,29.89,29.89,29.75,29.75,29.84,1845066,549.3,2026-09-11
LTGILTCASE,EQ,30.5,30.5,30.35,30.38,30.4,124569,37.84,2026-09-11
LTM,EQ,4300.0,4366.8,4275.0,4275.0,4374.0,349314,15051.89,2026-09-11
LTTS,EQ,3370.0,3370.1,3322.1,3337.4,3377.9,32052,1071.84,2026-09-11
LUMAXIND,EQ,5862.0,5942.0,5750.0,5879.5,5861.0,12470,730.19,2026-09-11
LUMAXTECH,EQ,1942.0,2011.9,1893.7,1993.7,1942.6,164997,3259.73,2026-09-11
LUMINO,EQ,106.0,112.8,105.65,108.81,107.93,22447623,24387.14,2026-09-11
LUPIN,EQ,2064.0,2108.5,2058.0,2095.0,2077.8,621899,13000.58,2026-09-11
LUXIND,EQ,1118.4,1118.4,1097.0,1098.6,1109.2,16241,179.09,2026-09-11
LXCHEM,EQ,170.0,176.39,169.0,175.56,170.63,1243946,2152.79,2026-09-11
M&M,EQ,3110.0,3124.2,3069.1,3107.0,3123.8,1311484,40662.37,2026-09-11
M&MFIN,EQ,355.0,357.6,351.55,356.15,359.25,2169574,7694.31,2026-09-11
MAANALU,EQ,110.5,111.38,108.0,110.4,110.79,36365,40.09,2026-09-11
MACPOWER,EQ,1868.0,1871.6,1780.1,1843.0,1870.4,20730,379.27,2026-09-11
MADHAV,EQ,37.2,37.2,36.1,36.29,36.89,328,0.12,2026-09-11
MADHAVIPL,EQ,7.9,8.07,7.81,7.96,7.92,110032,8.72,2026-09-11
MADRASFERT,EQ,62.0,62.64,61.51,61.83,62.6,52408,32.37,2026-09-11
MAFANG,EQ,227.96,239.98,221.0,235.56,225.7,802166,1870.51,2026-09-11
MAFATIND,EQ,122.7,123.58,120.15,122.57,122.85,18322,22.49,2026-09-11
MAGADSUGAR,EQ,554.0,554.9,530.3,543.8,554.65,39314,213.82,2026-09-11
MAGNUM,EQ,19.49,19.49,18.51,18.73,19.1,12351,2.34,2026-09-11
MAHABANK,EQ,83.8,84.9,83.05,84.2,84.35,21676225,18207.07,2026-09-11
MAHAPEXLTD,EQ,57.63,57.63,54.0,54.57,56.23,6489,3.58,2026-09-11
MAHEPC,EQ,102.64,102.89,101.51,101.82,102.65,15709,16.02,2026-09-11
MAHKTECH,EQ,23.8,23.8,21.2,22.03,22.24,1130987,250.1,2026-09-11
MAHLIFE,EQ,359.6,360.0,349.1,353.05,359.65,105958,374.0,2026-09-11
MAHLOG,EQ,399.85,399.9,392.6,397.2,400.1,90944,360.19,2026-09-11
MAHSCOOTER,EQ,13098.0,13120.0,12852.0,12964.0,13098.0,1980,256.57,2026-09-11
MAHSEAMLES,EQ,720.95,738.0,707.25,728.9,718.95,1045480,7571.4,2026-09-11
MAITHANALL,EQ,1050.0,1058.0,1026.55,1045.85,1055.6,91972,959.7,2026-09-11
MAKEINDIA,EQ,163.46,163.46,161.29,162.79,163.9,68217,110.62,2026-09-11
MAKERSL,EQ,177.05,189.0,175.98,185.87,177.97,4047,7.31,2026-09-11
MALLCOM,EQ,970.05,980.0,943.0,952.15,976.3,8524,82.02,2026-09-11
MALUPAPER,EQ,33.9,34.89,33.65,34.53,34.39,8781,3.01,2026-09-11
MAMATA,EQ,408.85,417.0,403.4,407.85,409.45,22417,91.47,2026-09-11
MANAKALUCO,EQ,38.17,38.19,36.75,36.87,37.69,147808,54.79,2026-09-11
MANAKCOAT,EQ,123.9,129.8,121.53,128.53,124.37,734495,927.59,2026-09-11
MANAKSIA,EQ,69.45,73.4,68.91,70.95,70.51,221417,158.54,2026-09-11
MANALIPETC,EQ,85.49,87.65,82.22,84.93,86.27,2153198,1830.26,2026-09-11
MANAPPURAM,EQ,324.75,329.1,323.1,329.0,330.8,3460959,11295.23,2026-09-11
MANBA,EQ,131.48,133.99,130.21,132.47,131.48,58753,77.35,2026-09-11
MANCREDIT,EQ,221.5,222.0,215.25,219.9,218.58,17559,38.37,2026-09-11
MANGALAM,EQ,35.0,38.25,33.11,36.46,34.88,385169,140.28,2026-09-11
MANGLMCEM,EQ,1015.0,1038.2,1014.7,1028.0,1026.7,75011,769.19,2026-09-11
MANINDS,EQ,873.0,904.0,819.1,866.1,876.45,4525404,39360.16,2026-09-11
MANINFRA,EQ,127.95,127.95,125.7,126.87,128.66,1968685,2496.04,2026-09-11
MANIPALHOS,EQ,732.05,733.5,714.4,717.35,733.25,725068,5218.34,2026-09-11
MANKIND,EQ,2237.2,2280.0,2222.0,2280.0,2238.4,530698,11968.49,2026-09-11
MANOMAY,EQ,234.8,236.0,231.27,234.19,234.86,118616,276.98,2026-09-11
MANORAMA,EQ,2078.9,2080.0,2040.1,2055.7,2085.0,120283,2474.1,2026-09-11
MANORG,EQ,459.0,470.05,450.25,466.45,458.8,7599,35.09,2026-09-11
MANUFGBEES,EQ,161.5,166.38,159.05,160.93,162.21,4576,7.34,2026-09-11
MANYAVAR,EQ,575.8,584.5,562.0,582.35,576.6,230359,1325.98,2026-09-11
MAPMYINDIA,EQ,940.0,943.4,921.4,925.8,939.9,154456,1439.37,2026-09-11
MARALOVER,EQ,63.35,63.35,59.0,62.41,62.65,12281,7.46,2026-09-11
MARATHON,EQ,444.0,444.0,428.0,435.45,438.5,87056,376.9,2026-09-11
MARICO,EQ,797.0,810.0,795.7,802.1,803.0,1533624,12330.46,2026-09-11
MARINE,EQ,413.0,425.65,390.0,419.15,408.85,774758,3178.94,2026-09-11
MARKOLINES,EQ,172.79,172.9,168.88,170.86,171.42,84274,144.07,2026-09-11
MARKSANS,EQ,325.0,333.75,324.2,329.4,330.4,1631814,5374.85,2026-09-11
MARSONS,EQ,125.38,128.4,122.46,127.24,125.38,1265195,1586.68,2026-09-11
MARUTI,EQ,12520.0,12541.0,12381.0,12400.0,12590.0,514868,63986.36,2026-09-11
MASFIN,EQ,291.0,298.4,288.0,295.95,294.45,267840,787.6,2026-09-11
MASKINVEST,EQ,146.0,154.89,141.19,145.36,148.62,671,0.98,2026-09-11
MASPTOP50,EQ,97.96,103.96,91.36,93.97,95.58,1819204,1766.15,2026-09-11
MASTEK,EQ,1610.0,1643.9,1593.8,1626.3,1610.0,115370,1871.33,2026-09-11
MASTERTR,EQ,91.99,93.4,88.77,90.61,92.35,346480,312.38,2026-09-11
MATRIMONY,EQ,508.65,519.0,502.65,514.8,510.6,11096,56.75,2026-09-11
MAWANASUG,EQ,135.0,138.19,132.4,134.63,135.7,308048,415.67,2026-09-11
MAXESTATES,EQ,557.85,568.0,537.95,560.45,559.75,105077,585.04,2026-09-11
MAXHEALTH,EQ,1028.2,1041.5,1022.7,1037.7,1038.6,2506618,25867.39,2026-09-11
MAXIND,EQ,145.5,147.31,144.47,146.0,147.42,45617,66.4,2026-09-11
MAYURUNIQ,EQ,747.85,755.0,738.3,740.05,756.55,80412,599.53,2026-09-11
MAZDOCK,EQ,2367.6,2367.6,2315.4,2339.0,2383.2,509510,11871.44,2026-09-11
MBAPL,EQ,162.05,162.25,159.63,160.87,161.2,613250,986.42,2026-09-11
MBEL,EQ,259.0,259.3,249.65,254.2,259.35,220155,560.14,2026-09-11
MBLINFRA,EQ,23.7,23.7,22.7,23.0,23.13,12917,3.0,2026-09-11
MCCHRLS-B,EQ,720.0,720.0,670.0,673.9,679.0,4933,33.26,2026-09-11
MCL,EQ,59.9,59.9,57.56,57.92,59.86,39370,22.89,2026-09-11
MCLEODRUSS,EQ,44.2,44.51,42.15,43.28,44.05,258616,112.84,2026-09-11
MCLOUD,EQ,26.0,26.01,25.55,25.67,25.99,940129,241.7,2026-09-11
MCX,EQ,3326.0,3389.0,3247.2,3276.0,3300.0,1686562,55434.51,2026-09-11
MEDANTA,EQ,1450.1,1459.7,1432.3,1447.2,1459.6,74678,1080.94,2026-09-11
MEDIASSIST,EQ,320.6,321.0,311.05,316.4,323.05,178119,562.29,2026-09-11
MEDICAMEQ,EQ,301.0,330.0,289.45,323.05,307.5,191712,604.31,2026-09-11
MEDICAPQ,EQ,34.59,36.2,31.7,31.7,35.22,64727,21.0,2026-09-11
MEDICO,EQ,35.15,38.75,34.86,37.05,35.42,1342990,493.72,2026-09-11
MEDPLUS,EQ,658.0,661.45,654.0,660.15,658.05,78313,514.19,2026-09-11
MEESHO,EQ,215.0,223.1,214.5,217.08,217.91,27172498,59601.85,2026-09-11
MEGASTAR,EQ,295.0,295.0,267.75,277.5,284.95,1349,3.76,2026-09-11
MEIL,EQ,277.0,284.0,272.0,282.1,280.2,33612,92.98,2026-09-11
MERCANTILE,EQ,24.0,24.78,23.52,23.86,24.03,3994,0.95,2026-09-11
MERCURYEV,EQ,41.51,44.05,40.71,41.86,41.61,2352177,995.92,2026-09-11
METAL,EQ,13.72,13.72,13.03,13.16,13.39,2627619,345.15,2026-09-11
METALIETF,EQ,13.34,13.35,12.98,13.1,13.34,24846699,3245.34,2026-09-11
METROBRAND,EQ,940.25,950.0,922.6,940.2,952.1,466848,4388.99,2026-09-11
METROGLOBL,EQ,141.99,145.0,128.7,138.58,140.97,6913,9.61,2026-09-11
METROPOLIS,EQ,598.1,598.1,583.0,585.5,595.65,121416,713.5,2026-09-11
MFML,EQ,18.81,19.0,18.52,18.52,18.94,2771,0.52,2026-09-11
MFSL,EQ,1468.0,1488.0,1453.6,1477.0,1479.9,350366,5171.3,2026-09-11
MGEL,EQ,15.72,16.6,15.6,15.86,16.03,337674,53.69,2026-09-11
MGL,EQ,1099.9,1099.9,1080.4,1084.3,1100.8,76835,835.33,2026-09-11
MHRIL,EQ,195.0,199.95,193.97,196.73,196.57,136133,268.37,2026-09-11
MID150,EQ,23.25,23.59,22.97,23.25,23.14,52420,12.13,2026-09-11
MID150BEES,EQ,242.53,242.53,233.49,236.63,236.62,895099,2104.97,2026-09-11
MID150CASE,EQ,11.28,11.6,11.28,11.51,11.51,1149059,131.57,2026-09-11
MIDBANKADD,EQ,17.18,17.39,17.18,17.39,17.4,2320,0.4,2026-09-11
MIDCAP,EQ,18.69,18.69,18.04,18.31,18.32,670228,121.8,2026-09-11
MIDCAPADD,EQ,22.69,22.98,22.66,22.89,22.98,11142,2.54,2026-09-11
MIDCAPBETA,EQ,230.11,230.62,227.98,230.43,232.43,1517,3.48,2026-09-11
MIDCAPETF,EQ,23.5,23.5,23.1,23.39,23.41,2535292,589.33,2026-09-11
MIDCAPIETF,EQ,23.86,23.86,23.37,23.71,23.73,831090,195.69,2026-09-11
MIDHANI,EQ,461.0,461.0,442.5,447.4,463.35,1941042,8713.55,2026-09-11
MIDQ50ADD,EQ,24.88,24.88,24.1,24.33,24.39,26379,6.39,2026-09-11
MIDSELIETF,EQ,19.56,19.88,19.41,19.78,19.65,212799,41.85,2026-09-11
MIDSMALL,EQ,51.48,51.65,50.8,51.56,51.56,390431,199.88,2026-09-11
MIDWESTLTD,EQ,1066.7,1066.7,1005.5,1016.4,1065.5,61358,627.58,2026-09-11
MIIL,EQ,699.95,699.95,669.95,676.45,687.2,76449,517.83,2026-09-11
MILKYMIST,EQ,279.0,292.77,276.83,292.77,278.83,8807785,25276.37,2026-09-11
MINDACORP,EQ,698.0,708.0,693.1,705.45,703.1,109889,772.75,2026-09-11
MINDTECK,EQ,160.0,161.39,156.61,158.61,160.0,35491,56.26,2026-09-11
MIRZAINT,EQ,30.81,31.0,30.31,30.63,30.81,55731,17.01,2026-09-11
MITCON,EQ,82.0,82.0,79.1,80.15,81.65,9000,7.22,2026-09-11
MITTAL,EQ,0.82,0.83,0.78,0.8,0.83,3402263,27.43,2026-09-11
MKEXIM,EQ,65.9,65.9,61.2,64.99,65.73,33700,21.18,2026-09-11
MKPL,EQ,4.01,4.05,3.68,3.96,4.01,121039,4.78,2026-09-11
MLKFOOD,EQ,83.42,83.42,79.0,80.64,83.42,3274,2.62,2026-09-11
MMFL,EQ,644.15,644.7,626.6,631.7,644.1,71004,449.09,2026-09-11
MMP,EQ,445.0,475.0,439.7,469.95,447.8,94390,431.57,2026-09-11
MMTC,EQ,62.25,62.36,61.06,61.92,62.23,1116559,686.79,2026-09-11
MMWL,EQ,14.09,14.09,13.31,13.46,13.87,16167,2.18,2026-09-11
MNC,EQ,33.06,33.06,32.4,32.71,32.9,119113,38.89,2026-09-11
MOALPHA50,EQ,56.05,56.26,55.55,56.12,56.43,6468,3.61,2026-09-11
MOBANK10,EQ,16.65,16.65,16.32,16.65,16.51,2913,0.48,2026-09-11
MOBIKWIK,EQ,194.42,220.22,193.21,209.7,194.68,18106631,38222.86,2026-09-11
MOCAPITAL,EQ,53.63,54.45,52.56,53.99,53.63,971245,517.19,2026-09-11
MODEFENCE,EQ,110.0,110.0,105.85,106.73,107.62,1297463,1381.61,2026-09-11
MODINATUR,EQ,350.0,362.15,335.1,339.7,355.3,15368,53.14,2026-09-11
MODIRUBBER,EQ,126.64,126.64,122.4,123.91,125.39,1863,2.3,2026-09-11
MODIS,EQ,373.3,373.3,364.05,365.5,373.85,10813,39.61,2026-09-11
MODTHREAD,EQ,51.02,53.5,50.21,52.92,51.62,1510,0.79,2026-09-11
MOENERGY,EQ,38.8,38.8,38.0,38.06,38.15,196018,74.86,2026-09-11
MOGOLD,EQ,149.8,150.5,148.1,149.8,150.75,15805,23.62,2026-09-11
MOGSEC,EQ,65.69,65.7,65.08,65.17,65.64,1358,0.89,2026-09-11
MOHEALTH,EQ,52.08,52.28,51.33,52.15,51.83,37848,19.65,2026-09-11
MOHITE,EQ,2.78,2.78,2.38,2.63,2.75,242470,6.18,2026-09-11
MOHITIND,EQ,23.5,23.95,22.67,23.23,23.55,12041,2.81,2026-09-11
MOIL,EQ,248.6,248.6,244.36,244.93,250.18,820722,2015.27,2026-09-11
MOINFRA,EQ,58.66,58.87,58.25,58.73,58.93,917,0.54,2026-09-11
MOIPO,EQ,48.09,48.71,47.79,48.7,48.68,5307,2.56,2026-09-11
MOKSH,EQ,10.23,10.7,9.99,10.31,10.18,352186,36.84,2026-09-11
MOL,EQ,61.99,63.25,60.61,62.52,62.55,903722,558.03,2026-09-11
MOLBIO,EQ,1545.0,1686.8,1391.7,1438.2,1509.4,22057840,341712.34,2026-09-11
MOLDTKPAC,EQ,685.0,685.0,662.85,676.45,685.45,45072,303.22,2026-09-11
MOLOWVOL,EQ,35.58,35.58,35.06,35.33,35.41,4926,1.74,2026-09-11
MOM100,EQ,67.31,67.5,66.28,67.29,67.31,350787,234.01,2026-09-11
MOM30IETF,EQ,31.37,31.37,30.86,31.3,31.39,846206,263.14,2026-09-11
MOM50,EQ,244.44,246.88,244.01,246.88,245.5,3523,8.62,2026-09-11
MOMENTUM,EQ,31.8,31.98,30.76,31.61,31.33,61704,19.12,2026-09-11
MOMENTUM30,EQ,30.55,30.81,30.37,30.63,30.9,51053,15.6,2026-09-11
MOMENTUM50,EQ,54.41,54.7,53.67,54.52,54.6,412402,223.53,2026-09-11
MOMETAL,EQ,13.3,13.3,12.87,13.07,13.28,93214,12.05,2026-09-11
MOMGF,EQ,158.98,160.28,157.9,160.0,161.04,2350,3.74,2026-09-11
MOMIDMTM,EQ,64.25,64.75,63.39,64.37,64.35,37777,24.11,2026-09-11
MOMMIDCAP,EQ,12.91,13.01,12.8,12.99,12.99,1529959,197.58,2026-09-11
MOMNC,EQ,32.61,32.61,31.37,31.85,31.97,6101,1.93,2026-09-11
MOMOMENTUM,EQ,62.8,62.88,61.31,62.07,62.29,49442,30.51,2026-09-11
MON100,EQ,331.0,338.0,324.87,332.83,333.21,624312,2070.22,2026-09-11
MON50EQUAL,EQ,32.5,32.57,32.3,32.51,32.68,3476,1.13,2026-09-11
MONARCH,EQ,370.0,376.0,363.3,373.95,370.95,125966,465.27,2026-09-11
MONEXT50,EQ,71.56,72.46,71.18,71.9,72.67,6729,4.83,2026-09-11
MONEYBOXX,EQ,36.0,40.86,36.0,40.86,37.15,182568,73.81,2026-09-11
MONIFTY100,EQ,24.61,24.81,24.6,24.78,24.62,3430,0.85,2026-09-11
MONIFTY500,EQ,23.49,23.74,23.25,23.53,23.5,476815,111.58,2026-09-11
MONQ50,EQ,198.99,218.7,190.26,216.35,199.89,805626,1675.69,2026-09-11
MONTECARLO,EQ,556.05,557.8,548.0,555.45,556.05,35635,196.45,2026-09-11
MOOILGAS,EQ,11.27,11.4,10.92,11.34,11.04,11555,1.29,2026-09-11
MOPSE,EQ,99.23,99.41,98.53,99.27,99.68,1829,1.81,2026-09-11
MOQUALITY,EQ,193.74,195.0,193.74,194.92,195.85,1640,3.19,2026-09-11
MOREALTY,EQ,90.1,90.1,83.51,85.21,87.52,4236073,3559.67,2026-09-11
MOREPENLAB,EQ,114.5,117.7,111.01,115.78,115.28,15303804,17515.95,2026-09-11
MOSCHIP,EQ,206.7,211.75,204.0,210.29,206.69,1607823,3340.96,2026-09-11
MOSERVICE,EQ,30.13,30.35,29.81,30.33,30.13,1731,0.52,2026-09-11
MOSILVER,EQ,225.98,225.98,221.29,224.35,230.84,47162,105.46,2026-09-11
MOSMALL250,EQ,18.97,18.97,18.25,18.41,18.51,1053169,193.39,2026-09-11
MOTHERSON,EQ,161.44,165.58,160.71,164.45,163.2,13200183,21645.94,2026-09-11
MOTILALOFS,EQ,1003.3,1030.7,988.0,1026.5,1015.0,625141,6320.71,2026-09-11
MOTISONS,EQ,15.99,16.1,15.62,15.95,16.01,10279100,1625.04,2026-09-11
MOTOGENFIN,EQ,26.56,26.86,25.16,25.59,26.87,26188,6.88,2026-09-11
MOTOUR,EQ,76.5,77.32,75.53,76.85,76.58,12352,9.42,2026-09-11
MOVALUE,EQ,111.59,112.0,109.64,111.48,111.59,45242,50.11,2026-09-11
MPHASIS,EQ,2275.0,2309.2,2273.3,2295.0,2291.7,184932,4237.16,2026-09-11
MPSLTD,EQ,2705.9,2705.9,2600.0,2608.5,2705.9,26139,686.85,2026-09-11
MRF,EQ,128105.0,128765.0,127015.0,128290.0,128270.0,2143,2742.9,2026-09-11
MRPL,EQ,183.99,186.83,173.51,175.86,181.32,15708657,27974.96,2026-09-11
MSCI360,EQ,9.86,10.09,9.8,9.94,9.96,15049,1.48,2026-09-11
MSCIADD,EQ,28.9,28.95,28.66,28.92,28.95,594,0.17,2026-09-11
MSCIINDIA,EQ,29.18,29.4,28.94,29.11,29.29,4111,1.2,2026-09-11
MSL,EQ,149.0,149.0,140.0,141.56,149.0,236,0.34,2026-09-11
MSPL,EQ,34.11,34.53,33.06,33.96,34.4,493940,167.52,2026-09-11
MSTCLTD,EQ,727.0,758.95,717.0,738.55,737.55,311849,2307.64,2026-09-11
MSUMI,EQ,36.27,36.55,36.02,36.3,36.34,7815501,2836.83,2026-09-11
MTNL,EQ,25.0,25.06,24.61,24.74,25.1,581753,144.26,2026-09-11
MUFIN,EQ,134.8,135.84,133.6,134.76,135.22,233975,315.05,2026-09-11
MUFTI,EQ,74.09,74.5,72.5,72.78,74.09,70139,51.4,2026-09-11
MUKANDLTD,EQ,140.89,140.89,137.81,139.48,142.57,78890,109.81,2026-09-11
MUKESHB,EQ,132.5,133.0,132.5,133.0,132.5,13,0.02,2026-09-11
MUKKA,EQ,30.57,33.0,28.56,32.17,30.57,1909923,596.68,2026-09-11
MULTICAP,EQ,16.86,16.86,16.37,16.51,16.53,258604,42.62,2026-09-11
MUNJALAU,EQ,109.0,109.01,105.1,106.64,109.17,457549,488.26,2026-09-11
MUNJALSHOW,EQ,127.47,128.4,125.42,127.66,127.07,14894,18.91,2026-09-11
MURUDCERA,EQ,29.76,30.4,29.21,29.78,30.0,11028,3.26,2026-09-11
MUTHOOTCAP,EQ,230.0,235.02,225.0,226.85,232.44,11199,25.78,2026-09-11
MUTHOOTFIN,EQ,2790.0,2820.0,2728.6,2792.1,2841.5,1015297,28058.11,2026-09-11
MUTHOOTMF,EQ,196.13,197.0,190.25,196.48,196.13,130018,253.43,2026-09-11
MVELECTRO,EQ,843.0,874.25,817.5,841.7,835.45,4580933,38528.45,2026-09-11
MVGJL,EQ,208.7,208.7,195.6,197.37,208.78,332881,672.1,2026-09-11
MWL,EQ,38.95,41.9,38.25,40.6,39.56,1344494,534.02,2026-09-11
NACLIND,EQ,157.96,158.89,156.6,157.62,159.49,259054,408.6,2026-09-11
NAGREEKCAP,EQ,22.98,25.15,22.31,24.9,22.87,17663,4.38,2026-09-11
NAGREEKEXP,EQ,22.33,22.74,22.26,22.4,22.33,9711,2.18,2026-09-11
NAHARCAP,EQ,258.6,259.0,252.0,258.9,256.9,1192,3.04,2026-09-11
NAHARINDUS,EQ,133.89,134.7,130.1,131.62,133.89,14797,19.55,2026-09-11
NAHARPOLY,EQ,240.92,240.92,230.1,231.87,233.77,3654,8.48,2026-09-11
NAHARSPING,EQ,267.0,275.0,264.8,273.1,270.8,22807,61.59,2026-09-11
NAM-INDIA,EQ,1169.0,1192.0,1159.4,1189.6,1185.0,776467,9133.39,2026-09-11
NARMADA,EQ,13.89,14.49,13.82,14.38,14.05,319864,45.55,2026-09-11
NATCOPHARM,EQ,816.1,821.45,801.4,815.35,818.65,567956,4594.2,2026-09-11
NATHBIOGEN,EQ,150.95,150.95,141.3,147.78,152.51,29647,43.19,2026-09-11
NATIONALUM,EQ,365.0,365.0,352.35,361.0,373.35,6560514,23506.95,2026-09-11
NATIONSTD,EQ,116.5,116.5,110.1,110.11,115.89,24335,27.18,2026-09-11
NAUKRI,EQ,1250.0,1262.1,1244.8,1250.8,1265.0,524171,6566.55,2026-09-11
NAVA,EQ,555.0,555.0,546.5,551.85,558.35,169081,930.96,2026-09-11
NAVINFLUOR,EQ,8671.0,8699.5,8486.5,8543.5,8700.5,86538,7438.22,2026-09-11
NAVKARCORP,EQ,93.55,94.28,92.6,93.58,93.85,143303,133.81,2026-09-11
NAVNETEDUL,EQ,127.61,128.3,126.61,127.85,127.69,49863,63.64,2026-09-11
NAZARA,EQ,372.4,374.6,362.0,370.3,374.65,1148490,4233.43,2026-09-11
NBCC,EQ,82.88,83.14,82.0,82.9,83.94,6012573,4959.18,2026-09-11
NBIFIN,EQ,1960.0,2020.0,1960.0,2020.0,2010.0,28,0.56,2026-09-11
NCC,EQ,142.25,142.39,138.8,140.94,143.15,1687263,2367.53,2026-09-11
NCLIND,EQ,176.51,177.89,171.82,175.05,178.11,60944,106.14,2026-09-11
NDGL,EQ,2660.0,2705.0,2648.9,2692.2,2716.0,203,5.45,2026-09-11
NDL,EQ,2.95,2.95,2.82,2.86,2.9,711856,20.34,2026-09-11
NDLVENTURE,EQ,129.0,131.5,121.07,125.43,126.46,55538,70.34,2026-09-11
NDRAUTO,EQ,701.15,701.15,684.9,692.85,702.25,13350,92.54,2026-09-11
NDTV,EQ,72.29,72.61,70.1,72.02,72.29,89989,64.35,2026-09-11
NEAGI,EQ,3443.0,3443.0,3435.0,3435.0,3469.0,11,0.38,2026-09-11
NECLIFE,EQ,11.93,12.18,11.41,11.5,11.93,110885,12.94,2026-09-11
NELCAST,EQ,110.0,110.0,107.71,108.56,110.0,67750,73.72,2026-09-11
NELCO,EQ,932.05,955.0,919.6,947.25,937.55,159706,1493.03,2026-09-11
NEOGEN,EQ,2390.0,2411.0,2274.4,2373.0,2388.9,409164,9646.34,2026-09-11
NEPHROPLUS,EQ,747.25,781.5,734.05,765.35,747.25,337264,2584.66,2026-09-11
NESCO,EQ,1090.0,1109.8,1090.0,1102.2,1091.2,39091,428.78,2026-09-11
NESTLEIND,EQ,1376.7,1401.2,1373.5,1383.3,1386.2,1238699,17181.73,2026-09-11
NETF,EQ,263.11,263.11,253.54,254.79,256.7,8327,21.16,2026-09-11
NETWEB,EQ,4967.5,5055.0,4916.0,5027.0,5013.5,870299,43485.06,2026-09-11
NETWORK18,EQ,26.61,26.89,26.35,26.64,26.83,3839278,1022.87,2026-09-11
NEULANDLAB,EQ,23780.0,23895.0,23225.0,23535.0,23800.0,43901,10377.49,2026-09-11
NEWGEN,EQ,507.0,509.0,498.55,501.4,507.9,583926,2932.41,2026-09-11
NEXT30ADD,EQ,42.11,42.5,42.01,42.39,42.64,3594,1.52,2026-09-11
NEXT50,EQ,746.0,747.68,738.6,746.1,748.86,39376,292.7,2026-09-11
NEXT50ADD,EQ,72.55,72.91,71.96,72.78,74.55,6726,4.87,2026-09-11
NEXT50BETA,EQ,78.34,78.34,77.27,78.06,78.34,1478655,1146.71,2026-09-11
NEXT50ETF,EQ,72.95,74.98,71.86,72.96,73.21,11202,8.12,2026-09-11
NEXT50IETF,EQ,78.23,78.23,75.53,76.35,76.7,1014382,770.86,2026-09-11
NEXTMEDIA,EQ,3.89,3.92,3.77,3.9,3.89,9170,0.36,2026-09-11
NFL,EQ,68.2,68.74,67.6,68.49,69.45,498200,338.82,2026-09-11
NGIL,EQ,34.21,34.7,32.93,33.42,34.68,13638,4.55,2026-09-11
NGLFINE,EQ,2723.5,2723.5,2578.0,2657.2,2725.7,8524,227.63,2026-09-11
NH,EQ,1903.0,1908.3,1864.6,1869.2,1909.7,183488,3451.43,2026-09-11
NHPC,EQ,75.91,77.4,75.87,76.38,76.35,12031109,9232.89,2026-09-11
NIACL,EQ,197.0,203.77,194.13,198.39,197.35,7024229,13956.29,2026-09-11
NIBE,EQ,1298.0,1298.0,1266.5,1282.4,1298.2,40817,522.35,2026-09-11
NIBL,EQ,31.0,36.69,29.97,33.23,30.58,438095,154.85,2026-09-11
NICCOPAR,EQ,80.5,83.0,79.5,83.0,80.02,306,0.25,2026-09-11
NIF100BEES,EQ,267.58,267.58,258.44,261.2,261.06,48961,127.4,2026-09-11
NIF100IETF,EQ,27.3,27.6,27.21,27.49,27.49,71066,19.45,2026-09-11
NIF500BETA,EQ,36.6,36.78,36.42,36.78,36.94,1712,0.62,2026-09-11
NIFTY1,EQ,260.24,264.25,258.3,260.41,260.24,105159,272.84,2026-09-11
NIFTY100EW,EQ,34.28,35.59,34.22,34.53,34.6,91355,31.39,2026-09-11
NIFTYADD,EQ,246.48,247.58,245.37,246.89,247.15,35502,87.57,2026-09-11
NIFTYAXIS,EQ,258.76,262.29,257.75,259.44,259.69,653406,1698.59,2026-09-11
NIFTYBEES,EQ,268.6,268.6,265.01,267.14,267.17,9238422,24617.09,2026-09-11
NIFTYBETA,EQ,266.56,266.56,257.46,260.23,260.06,20680,53.59,2026-09-11
NIFTYBETF,EQ,240.47,241.7,239.59,241.1,241.36,3514,8.45,2026-09-11
NIFTYCASE,EQ,9.64,9.64,9.33,9.41,9.41,1453190,136.28,2026-09-11
NIFTYETF,EQ,254.57,255.59,252.56,255.29,255.09,193221,491.75,2026-09-11
NIFTYIETF,EQ,264.77,266.36,263.66,265.67,265.84,494060,1309.09,2026-09-11
NIFTYJBLK,EQ,12.3,12.61,11.89,12.14,12.0,137929,16.57,2026-09-11
NIFTYQLITY,EQ,20.9,20.9,20.63,20.83,20.8,10193,2.11,2026-09-11
NIITLTD,EQ,93.8,94.25,92.0,92.49,94.09,219228,203.02,2026-09-11
NIITMTS,EQ,224.0,237.93,219.44,229.84,224.64,1468129,3388.13,2026-09-11
NILAINFRA,EQ,6.8,6.8,6.61,6.64,6.73,96646,6.45,2026-09-11
NILASPACES,EQ,12.2,12.46,11.99,12.28,12.14,1502397,182.91,2026-09-11
NILE,EQ,1450.5,1473.1,1440.0,1452.1,1457.0,1642,23.78,2026-09-11
NILKAMAL,EQ,2067.1,2067.1,2005.0,2050.8,2077.4,24037,489.86,2026-09-11
NIMBSPROJ,EQ,163.63,165.43,163.5,165.25,157.56,1022,1.69,2026-09-11
NINSYS,EQ,714.7,716.7,705.0,710.7,708.45,3308,23.52,2026-09-11
NIPPOBATRY,EQ,316.0,324.0,316.0,317.85,322.45,1674,5.33,2026-09-11
NIRAJ,EQ,27.5,28.37,25.7,27.22,27.76,41690,11.38,2026-09-11
NIRLON,EQ,624.0,624.0,598.8,607.5,620.05,6764,41.15,2026-09-11
NITCO,EQ,94.3,94.3,91.5,93.71,95.23,329886,306.06,2026-09-11
NITINSPIN,EQ,649.0,652.95,636.55,651.05,649.5,63163,407.27,2026-09-11
NITIRAJ,EQ,233.0,237.1,226.0,233.25,231.16,5204,12.08,2026-09-11
NITTAGELA,EQ,1655.0,1655.1,1584.0,1645.3,1654.4,6154,99.77,2026-09-11
NIVABUPA,EQ,79.1,80.36,78.36,79.93,79.42,472895,376.46,2026-09-11
NKIND,EQ,56.8,57.4,55.04,55.43,56.6,506,0.28,2026-09-11
NLCINDIA,EQ,268.0,268.55,263.55,264.4,270.4,1177609,3129.47,2026-09-11
NMDC,EQ,83.79,83.79,82.25,82.4,84.6,9234255,7642.29,2026-09-11
NOCIL,EQ,193.5,194.3,188.03,189.65,195.31,1202651,2293.61,2026-09-11
NOIDATOLL,EQ,4.0,4.08,3.9,3.95,3.99,68478,2.72,2026-09-11
NORBTEAEXP,EQ,64.02,67.34,61.4,64.4,64.14,4523,2.91,2026-09-11
NORTHARC,EQ,306.15,307.65,302.4,305.1,309.15,699849,2136.37,2026-09-11
NOVARTIND,EQ,2380.0,2550.0,2262.1,2391.3,2428.2,454582,11031.51,2026-09-11
NPBET,EQ,280.92,284.79,280.92,284.56,282.93,189,0.54,2026-09-11
NPST,EQ,1720.0,1723.1,1663.4,1686.1,1718.5,20477,344.12,2026-09-11
NRAIL,EQ,595.3,634.0,561.65,627.9,595.3,40702,248.62,2026-09-11
NRBBEARING,EQ,518.3,519.0,498.2,514.65,515.95,700202,3562.87,2026-09-11
NSIL,EQ,5620.0,5638.0,5510.5,5551.0,5604.0,2296,127.36,2026-09-11
NSLNISP,EQ,43.36,43.83,42.46,43.66,43.86,3568740,1540.87,2026-09-11
NTCIND,EQ,136.7,136.7,130.01,134.91,131.7,596,0.8,2026-09-11
NTPC,EQ,333.0,336.25,331.6,333.4,335.0,4968535,16618.32,2026-09-11
NTPCGREEN,EQ,87.7,87.72,86.44,86.94,87.72,1230861,1067.63,2026-09-11
NUCLEUS,EQ,701.05,701.05,690.1,696.45,701.05,13685,95.06,2026-09-11
NUVAMA,EQ,1735.6,1746.5,1703.4,1737.2,1757.9,240099,4132.67,2026-09-11
NUVOCO,EQ,330.85,331.5,325.25,330.15,331.3,101606,334.2,2026-09-11
NV20,EQ,13.73,13.73,13.26,13.56,13.57,102904,13.91,2026-09-11
NV20BEES,EQ,135.5,136.68,134.6,136.15,135.96,29250,39.73,2026-09-11
NV20IETF,EQ,13.23,13.31,12.99,13.27,13.24,538148,70.91,2026-09-11
NYKAA,EQ,341.15,344.5,339.05,344.5,341.95,3977712,13605.93,2026-09-11
OAL,EQ,522.1,544.8,511.0,532.1,524.7,43221,229.42,2026-09-11
OBCL,EQ,56.7,56.7,55.7,55.78,55.89,4948,2.76,2026-09-11
OBEROIRLTY,EQ,1775.7,1780.0,1714.8,1741.1,1792.0,543198,9412.11,2026-09-11
ODIGMA,EQ,22.33,22.7,21.99,22.23,22.33,17891,3.96,2026-09-11
ODYCORP,EQ,7.4,7.4,6.11,7.18,7.03,121012,8.3,2026-09-11
OFSS,EQ,11599.0,11830.0,11595.0,11763.0,11725.0,246099,28937.6,2026-09-11
OIL,EQ,508.0,511.95,485.4,489.8,500.3,5273521,26243.2,2026-09-11
OILIETF,EQ,11.17,11.19,11.1,11.17,11.17,1400822,156.11,2026-09-11
OLAELEC,EQ,38.7,39.35,38.34,38.54,39.15,48676576,18879.68,2026-09-11
OLECTRA,EQ,1193.1,1223.0,1185.5,1209.5,1206.7,311051,3742.49,2026-09-11
OMAXAUTO,EQ,176.0,176.0,168.0,172.93,176.44,67161,114.98,2026-09-11
OMAXE,EQ,121.0,126.2,117.51,123.98,122.42,1063265,1297.13,2026-09-11
OMINFRAL,EQ,80.8,82.0,78.85,79.59,80.8,50982,40.8,2026-09-11
OMNI,EQ,554.9,558.0,537.55,549.75,563.35,582475,3200.69,2026-09-11
OMPOWER,EQ,167.01,174.95,165.0,171.54,168.11,206438,350.52,2026-09-11
ONEGLOBAL,EQ,545.0,545.0,535.0,540.45,546.0,10095,54.47,2026-09-11
ONEPOINT,EQ,57.7,57.7,55.99,56.39,57.74,363820,205.83,2026-09-11
ONESOURCE,EQ,1548.1,1624.7,1530.0,1592.2,1541.9,919086,14713.8,2026-09-11
ONGC,EQ,239.9,243.16,232.5,232.5,237.27,27128531,64520.19,2026-09-11
ONIDA,EQ,32.7,32.99,31.62,32.18,32.98,510143,165.23,2026-09-11
ONIXSOLAR,EQ,458.9,459.0,436.45,438.65,459.4,428009,1894.47,2026-09-11
ONWARDTEC,EQ,287.15,287.15,281.0,283.65,288.65,13987,39.82,2026-09-11
OPTIEMUS,EQ,551.0,570.0,540.0,566.25,557.65,169027,948.23,2026-09-11
OPTIFIN,EQ,15.22,15.22,14.2,14.5,14.57,31031,4.55,2026-09-11
ORCHASP,EQ,1.45,1.48,1.36,1.41,1.44,169364,2.41,2026-09-11
ORCHPHARMA,EQ,1005.5,1010.0,973.55,1003.05,1016.1,68916,680.32,2026-09-11
ORICONENT,EQ,53.0,53.0,51.2,51.39,51.65,48345,25.06,2026-09-11
ORIENTALTL,EQ,5.03,5.14,5.0,5.07,5.09,65353,3.31,2026-09-11
ORIENTBELL,EQ,408.8,412.0,400.2,401.95,412.0,22419,90.89,2026-09-11
ORIENTCEM,EQ,125.0,126.28,123.0,125.58,126.06,258021,321.25,2026-09-11
ORIENTCER,EQ,45.81,46.7,45.15,46.01,46.68,58539,26.78,2026-09-11
ORIENTELEC,EQ,175.0,175.45,171.2,173.56,173.64,143546,247.95,2026-09-11
ORIENTHOT,EQ,139.0,145.0,137.35,141.35,139.81,466572,651.75,2026-09-11
ORIENTPPR,EQ,17.65,18.06,17.65,17.78,18.06,151622,27.1,2026-09-11
ORIENTTECH,EQ,237.18,274.5,233.7,249.64,235.36,8430139,22149.45,2026-09-11
ORIRAIL,EQ,123.8,125.0,116.86,124.11,122.3,164548,201.19,2026-09-11
ORISSAMINE,EQ,4100.0,4100.0,3948.0,3955.2,4074.5,10318,410.82,2026-09-11
ORKLAINDIA,EQ,572.25,594.9,571.05,591.25,578.5,39880,234.26,2026-09-11
ORTINGLOBE,EQ,16.7,17.11,15.81,17.09,16.3,30391,5.09,2026-09-11
OSWALAGRO,EQ,35.0,35.97,34.91,35.6,34.34,58945,20.93,2026-09-11
OSWALGREEN,EQ,19.79,20.09,19.65,20.01,19.79,43802,8.74,2026-09-11
OSWALPUMPS,EQ,282.0,283.5,276.4,282.45,283.6,289556,810.02,2026-09-11
OSWALSEEDS,EQ,15.0,17.0,15.0,15.54,14.75,1482517,237.92,2026-09-11
PACEDIGITK,EQ,157.6,159.8,155.71,158.33,159.0,474369,745.3,2026-09-11
PACIFICI,EQ,144.8,145.0,140.0,140.0,137.82,421,0.6,2026-09-11
PAGEIND,EQ,35405.0,35410.0,35080.0,35365.0,35750.0,11287,3978.62,2026-09-11
PAISALO,EQ,81.72,84.6,81.2,84.23,83.05,16781160,14025.04,2026-09-11
PAKKA,EQ,77.29,77.59,76.01,76.57,76.28,159578,122.09,2026-09-11
PALASHSECU,EQ,89.9,89.9,85.0,85.92,87.99,2205,1.92,2026-09-11
PALREDTEC,EQ,50.9,54.9,50.62,52.0,53.28,796,0.42,2026-09-11
PANACEABIO,EQ,387.9,399.95,383.45,397.65,388.65,89281,350.34,2026-09-11
PANAMAPET,EQ,493.8,495.0,479.0,483.15,491.65,196478,953.49,2026-09-11
PANCHMAHQ,EQ,280.0,300.0,280.0,280.0,290.0,4,0.01,2026-09-11
PANORAMA,EQ,52.89,55.96,50.01,53.78,52.92,755344,406.37,2026-09-11
PANSARI,EQ,275.3,292.5,275.3,281.5,293.0,1995,5.61,2026-09-11
PARACABLES,EQ,65.1,65.71,63.2,64.87,65.69,1513296,976.25,2026-09-11
PARADEEP,EQ,156.25,156.38,153.03,155.96,157.11,1894916,2935.9,2026-09-11
PARAGMILK,EQ,263.3,273.2,261.0,268.5,264.85,2611943,6999.97,2026-09-11
PARAS,EQ,1440.0,1446.6,1404.0,1435.6,1453.3,703534,10033.93,2026-09-11
PARASPETRO,EQ,2.19,2.23,2.1,2.17,2.15,112354,2.43,2026-09-11
PARKHOSPS,EQ,279.0,281.7,276.65,279.3,280.8,211652,590.62,2026-09-11
PARKHOTELS,EQ,111.63,111.79,109.2,110.77,111.63,113025,124.64,2026-09-11
PARNAXLAB,EQ,127.48,134.72,125.0,127.0,127.48,3083,4.01,2026-09-11
PASHUPATI,EQ,81.0,84.7,79.98,80.73,80.24,139989,113.91,2026-09-11
PATANJALI,EQ,338.0,341.0,336.0,341.0,339.75,1986378,6733.09,2026-09-11
PATELENG,EQ,26.7,26.74,26.11,26.61,26.87,1915972,507.34,2026-09-11
PATELRMART,EQ,214.0,214.0,205.82,211.05,211.9,101683,213.57,2026-09-11
PAUSHAKLTD,EQ,730.0,748.6,723.8,729.6,734.05,55605,405.68,2026-09-11
PAVNAIND,EQ,15.23,15.88,14.51,14.88,15.08,94965,14.23,2026-09-11
PAYTM,EQ,1745.0,1840.0,1726.8,1807.5,1739.0,9269434,166289.06,2026-09-11
PBMPOLY,EQ,59.43,61.0,59.43,61.0,60.0,65,0.04,2026-09-11
PCBL,EQ,331.3,332.0,324.45,331.05,334.8,1147765,3769.26,2026-09-11
PCJEWELLER,EQ,13.83,13.92,13.22,13.7,13.83,420161544,57127.93,2026-09-11
PDMJEPAPER,EQ,97.74,99.79,96.15,97.7,98.77,231141,226.49,2026-09-11
PDSL,EQ,347.45,349.6,342.3,348.2,348.2,31707,109.93,2026-09-11
PEARLPOLY,EQ,15.65,15.97,15.51,15.51,15.62,1835,0.29,2026-09-11
PENIND,EQ,175.0,178.3,171.01,175.54,177.34,471310,822.82,2026-09-11
PENINLAND,EQ,15.32,15.82,15.21,15.59,15.32,116121,17.98,2026-09-11
PERMAGN,EQ,857.0,878.5,849.5,864.65,869.5,1843,15.94,2026-09-11
PERNIASPOP,EQ,561.0,585.0,542.1,569.9,575.5,426175,2373.48,2026-09-11
PERSISTENT,EQ,5469.0,5545.5,5444.5,5516.0,5509.5,335360,18497.03,2026-09-11
PETRONET,EQ,285.65,287.2,283.85,287.2,288.7,781806,2234.12,2026-09-11
PFC,EQ,348.0,353.45,348.0,353.45,352.8,6198609,21733.47,2026-09-11
PFIZER,EQ,4103.1,4123.8,4054.0,4060.2,4095.4,138685,5643.37,2026-09-11
PFOCUS,EQ,310.0,315.6,307.0,310.85,313.55,313377,973.01,2026-09-11
PFS,EQ,27.1,27.83,26.99,27.42,27.47,511300,140.55,2026-09-11
PGEL,EQ,537.5,545.0,527.5,545.0,542.0,852250,4588.1,2026-09-11
PGHH,EQ,7560.0,7564.0,7507.5,7518.0,7581.5,9836,740.2,2026-09-11
PGHL,EQ,5430.0,5470.5,5302.5,5411.5,5425.5,7707,415.95,2026-09-11
PGIL,EQ,1200.8,1224.8,1155.3,1187.7,2378.4,130774,1543.16,2026-09-11
PHARMABEES,EQ,27.27,27.77,26.58,27.29,27.27,3064207,834.88,2026-09-11
PHOENIXLTD,EQ,1876.0,1910.0,1825.1,1890.0,1890.0,723014,13591.07,2026-09-11
PHOENXINTL,EQ,29.0,30.15,29.0,29.85,30.15,1965,0.58,2026-09-11
PICCADIL,EQ,602.0,610.2,592.1,602.15,600.5,150037,900.81,2026-09-11
PIDILITIND,EQ,1550.0,1567.9,1540.4,1566.9,1569.0,389368,6067.91,2026-09-11
PIGL,EQ,104.0,105.99,102.0,102.1,104.11,81976,84.81,2026-09-11
PIIND,EQ,2350.0,2365.0,2191.0,2259.0,2365.0,1124887,25384.26,2026-09-11
PILANIINVS,EQ,4270.0,4270.0,4167.3,4191.6,4235.8,1468,61.6,2026-09-11
PILITA,EQ,7.76,8.0,7.7,7.84,7.88,15708,1.22,2026-09-11
PINELABS,EQ,171.0,206.38,170.96,202.17,173.17,276696049,530930.86,2026-09-11
PIONEEREMB,EQ,20.42,21.4,20.24,20.51,20.42,7098,1.47,2026-09-11
PIRAMALFIN,EQ,2267.9,2287.4,2249.3,2255.6,2295.6,290691,6568.3,2026-09-11
PITTIENG,EQ,1170.0,1172.0,1123.8,1167.9,1171.4,128175,1479.1,2026-09-11
PIXTRANS,EQ,1721.1,1750.0,1709.9,1722.1,1728.3,10173,175.83,2026-09-11
PKTEA,EQ,1080.0,1150.0,1001.1,1121.75,1094.2,25219,275.5,2026-09-11
PLASTIBLEN,EQ,194.4,195.04,186.73,192.78,194.15,28068,53.84,2026-09-11
PLATIND,EQ,219.23,223.0,218.42,221.05,221.04,33790,74.69,2026-09-11
PLAZACABLE,EQ,60.9,63.5,59.32,62.97,60.51,304379,189.82,2026-09-11
PML,EQ,499.0,499.0,482.0,482.45,486.75,301,1.47,2026-09-11
PNB,EQ,116.0,117.79,114.52,116.75,116.85,11479971,13404.39,2026-09-11
PNBGILTS,EQ,80.36,81.0,79.04,80.34,80.36,230861,184.01,2026-09-11
PNBHOUSING,EQ,1172.0,1189.6,1162.0,1178.9,1179.0,1152599,13559.84,2026-09-11
PNC,EQ,16.0,16.94,16.0,16.5,16.52,10552,1.74,2026-09-11
PNCINFRA,EQ,177.0,177.29,174.1,175.4,177.41,287085,504.13,2026-09-11
PNGJL,EQ,603.0,622.0,598.7,613.2,611.05,300120,1833.09,2026-09-11
PNGSREVA,EQ,504.6,517.45,500.0,512.7,504.7,79334,402.03,2026-09-11
POCL,EQ,457.55,462.95,445.05,454.15,457.55,414804,1872.24,2026-09-11
PODDARMENT,EQ,295.1,298.95,275.05,279.85,299.4,12804,36.44,2026-09-11
POEL,EQ,140.85,141.99,138.8,140.83,140.7,25399,35.55,2026-09-11
POKARNA,EQ,775.0,819.0,753.35,804.15,780.45,314231,2449.14,2026-09-11
POLICYBZR,EQ,1783.0,1813.3,1757.3,1797.3,1800.0,564406,10124.14,2026-09-11
POLYCAB,EQ,8319.0,8319.0,8118.0,8241.0,8358.0,400369,32846.72,2026-09-11
POLYMED,EQ,1740.1,1741.2,1709.7,1738.5,1747.7,69913,1208.17,2026-09-11
POLYPLEX,EQ,1116.0,1149.9,1102.6,1134.2,1125.3,72017,812.09,2026-09-11
POLYSPIN,EQ,29.97,30.0,28.55,29.58,28.5,1047,0.31,2026-09-11
PONNIERODE,EQ,362.0,375.6,358.4,371.1,363.45,41196,150.79,2026-09-11
POONAWALLA,EQ,443.0,449.1,436.5,445.25,449.4,1633833,7207.78,2026-09-11
POWERGRID,EQ,269.95,274.05,268.35,269.1,271.75,11423068,30833.39,2026-09-11
POWERICA,EQ,574.85,578.85,557.45,569.35,575.85,169099,962.86,2026-09-11
POWERINDIA,EQ,31060.0,31515.0,30700.0,31435.0,31195.0,53538,16661.19,2026-09-11
POWERMECH,EQ,2365.0,2435.0,2332.6,2421.3,2379.4,38776,925.43,2026-09-11
PPLPHARMA,EQ,210.59,214.45,208.68,211.35,212.49,3408833,7219.88,2026-09-11
PRABHA,EQ,239.0,247.0,230.4,244.64,247.58,816981,1968.41,2026-09-11
PRAENG,EQ,22.2,22.75,21.66,21.93,22.2,48149,10.62,2026-09-11
PRAJIND,EQ,323.35,324.5,318.3,322.15,326.85,479380,1538.76,2026-09-11
PRAKASH,EQ,123.0,124.0,122.0,123.14,123.78,280763,345.23,2026-09-11
PRAKASHSTL,EQ,3.79,3.83,3.7,3.75,3.79,81450,3.06,2026-09-11
PRAVEG,EQ,266.0,266.5,259.85,263.05,266.5,38024,99.55,2026-09-11
PRAXIS,EQ,4.71,4.71,4.48,4.48,4.71,310216,14.12,2026-09-11
PRECAM,EQ,117.49,119.9,114.54,116.81,118.05,166363,193.66,2026-09-11
PRECOT,EQ,671.85,675.35,653.0,658.3,670.75,5108,33.61,2026-09-11
PRECWIRE,EQ,463.0,469.5,447.5,462.55,464.65,535295,2459.7,2026-09-11
PREMCO,EQ,386.3,398.0,385.05,394.0,386.3,162,0.64,2026-09-11
PREMEXPLN,EQ,666.9,668.85,663.35,668.0,667.05,98184,653.89,2026-09-11
PREMIERENE,EQ,972.2,980.5,950.1,974.2,967.9,1528118,14767.42,2026-09-11
PREMIERPOL,EQ,87.5,87.69,85.01,85.91,87.99,224408,193.19,2026-09-11
PRESTIGE,EQ,1530.5,1530.8,1467.2,1498.0,1543.6,746627,11094.0,2026-09-11
PRICOLLTD,EQ,743.5,770.85,739.05,761.4,739.6,760356,5761.47,2026-09-11
PRIMESECU,EQ,278.15,284.9,274.0,283.05,276.75,90543,255.07,2026-09-11
PRIMO,EQ,21.43,24.67,21.43,23.71,21.7,1605579,381.14,2026-09-11
PRINCEPIPE,EQ,278.15,278.45,264.15,266.65,279.9,328545,886.66,2026-09-11
PRISMX,EQ,0.59,0.59,0.55,0.58,0.59,269843,1.54,2026-09-11
PRIVISCL,EQ,3437.9,3570.5,3418.0,3556.1,3495.6,107650,3801.9,2026-09-11
PROSTARM,EQ,133.1,136.0,132.5,133.63,134.78,128408,171.37,2026-09-11
PROTEAN,EQ,492.0,502.0,486.35,492.35,492.75,194728,964.0,2026-09-11
PROZONER,EQ,52.18,53.48,50.65,52.88,52.3,257438,134.49,2026-09-11
PRSMJOHNSN,EQ,114.0,114.25,112.5,113.35,115.22,298782,338.1,2026-09-11
PRUDENT,EQ,3288.0,3449.9,3249.1,3385.0,3318.8,39123,1316.43,2026-09-11
PSB,EQ,22.58,22.79,22.34,22.73,22.6,684511,154.56,2026-09-11
PSPPROJECT,EQ,865.0,865.0,840.2,846.4,865.05,52797,447.63,2026-09-11
PSUBANK,EQ,83.51,83.99,82.77,83.42,84.03,438730,366.2,2026-09-11
PSUBANKADD,EQ,84.54,84.59,83.8,84.34,84.62,25438,21.45,2026-09-11
PSUBNKBEES,EQ,93.54,93.54,92.38,93.22,93.54,874574,812.84,2026-09-11
PSUBNKIETF,EQ,84.0,84.92,83.8,84.59,84.67,106071,89.5,2026-09-11
PTC,EQ,153.5,153.65,152.3,152.78,153.69,878717,1343.88,2026-09-11
PTCIL,EQ,22385.0,24050.0,22055.0,23630.0,22385.0,65881,15332.32,2026-09-11
PTL,EQ,38.17,38.79,38.06,38.43,38.17,25926,9.92,2026-09-11
PUNJABCHEM,EQ,1085.0,1095.2,1061.4,1065.3,1091.8,2438,26.26,2026-09-11
PURVA,EQ,214.02,214.02,209.64,212.06,214.16,179867,380.66,2026-09-11
PVP,EQ,66.0,66.0,63.2,64.82,66.1,1157979,742.66,2026-09-11
PVRINOX,EQ,1228.0,1256.0,1212.1,1237.1,1221.3,879763,10858.94,2026-09-11
PVSL,EQ,98.52,102.31,98.01,101.3,100.53,28536,28.58,2026-09-11
PVTBANIETF,EQ,27.44,28.28,27.26,27.85,27.54,1573560,434.82,2026-09-11
PVTBANK,EQ,27.12,27.53,27.12,27.53,27.35,3765,1.03,2026-09-11
PVTBANKADD,EQ,27.44,28.06,27.41,27.89,27.76,53839,14.88,2026-09-11
PVTBKGROWW,EQ,27.02,27.67,26.77,27.43,27.33,11593,3.17,2026-09-11
PWL,EQ,125.5,137.12,125.37,136.1,126.73,41161986,55203.72,2026-09-11
PYRAMID,EQ,154.56,160.0,151.11,157.74,154.59,116058,182.43,2026-09-11
QGOLDHALF,EQ,124.84,125.95,124.25,125.35,126.42,301995,378.64,2026-09-11
QNIFTY,EQ,257.0,259.0,255.8,258.9,258.22,2099,5.41,2026-09-11
QPOWER,EQ,1455.0,1473.5,1401.8,1426.5,1458.2,364591,5222.58,2026-09-11
QUADFUTURE,EQ,431.0,511.8,428.2,478.5,435.8,10362562,50350.97,2026-09-11
QUAL30IETF,EQ,20.56,20.6,20.4,20.5,20.56,75719,15.51,2026-09-11
QUALITY30,EQ,20.11,20.18,19.99,20.18,20.22,10110,2.03,2026-09-11
QUESS,EQ,350.0,357.0,344.55,348.0,355.1,382962,1343.84,2026-09-11
QUICKHEAL,EQ,147.1,150.0,145.01,147.52,147.48,90015,132.79,2026-09-11
QUINT,EQ,39.23,41.48,38.49,40.2,39.23,13066,5.27,2026-09-11
RACE,EQ,96.0,99.9,94.03,98.12,96.43,3194,3.1,2026-09-11
RACLGEAR,EQ,1586.0,1856.0,1551.0,1756.7,1588.2,1142834,20361.28,2026-09-11
RADAAN,EQ,2.81,2.96,2.81,2.83,2.87,9763,0.28,2026-09-11
RADHIKAJWE,EQ,84.16,84.99,81.46,83.21,84.15,1473665,1221.74,2026-09-11
RADIANTCMS,EQ,37.21,37.69,35.26,35.99,37.53,485582,173.68,2026-09-11
RADICO,EQ,4422.4,4437.6,4362.5,4368.1,4460.0,104310,4569.55,2026-09-11
RADIOCITY,EQ,6.34,6.34,6.1,6.15,6.21,17731,1.1,2026-09-11
RAILTEL,EQ,261.3,261.5,256.7,259.9,262.7,439813,1137.82,2026-09-11
RAIN,EQ,214.46,217.4,208.64,215.97,217.28,4334459,9227.48,2026-09-11
RAINBOW,EQ,1453.5,1461.7,1430.1,1444.9,1460.1,82388,1188.97,2026-09-11
RAJMET,EQ,3.21,3.25,3.1,3.2,3.26,179619,5.74,2026-09-11
RAJPALAYAM,EQ,765.95,778.4,754.0,775.95,751.1,374,2.87,2026-09-11
RAJRATAN,EQ,507.45,507.45,492.8,498.15,509.65,79238,394.58,2026-09-11
RAJSREESUG,EQ,33.7,34.89,32.81,33.13,33.66,87667,29.33,2026-09-11
RAJTV,EQ,8.15,8.21,7.7,8.21,7.82,54141,4.44,2026-09-11
RALLIS,EQ,201.94,202.99,200.52,201.99,203.06,365628,738.55,2026-09-11
RAMANEWS,EQ,32.79,32.79,30.52,30.95,32.15,55690,17.32,2026-09-11
RAMAPHO,EQ,123.0,124.84,120.71,122.67,123.57,31234,38.1,2026-09-11
RAMBHAJO,EQ,264.06,273.96,261.0,269.28,267.51,368989,985.48,2026-09-11
RAMCOCEM,EQ,860.0,869.9,851.75,866.65,869.75,301862,2590.62,2026-09-11
RAMCOIND,EQ,315.55,323.95,310.95,322.25,319.55,157854,499.24,2026-09-11
RAMCOSYS,EQ,610.0,610.55,591.0,594.55,610.6,41056,244.99,2026-09-11
RAMKY,EQ,335.35,335.65,327.05,332.1,335.9,36614,121.01,2026-09-11
RAMRAT,EQ,531.0,538.8,524.1,532.4,536.75,107590,571.42,2026-09-11
RANASUG,EQ,14.92,15.28,14.6,14.74,14.85,329456,49.0,2026-09-11
RANEHOLDIN,EQ,1704.9,1706.2,1675.0,1696.2,1704.8,6389,107.96,2026-09-11
RATEGAIN,EQ,861.85,887.2,851.6,878.25,866.45,249314,2182.87,2026-09-11
RATNAMANI,EQ,2780.0,2890.0,2741.5,2811.4,2823.0,71947,2030.52,2026-09-11
RATNAVEER,EQ,310.0,310.4,283.15,288.3,310.6,4371239,12878.7,2026-09-11
RAYMOND,EQ,853.85,1024.5,835.05,1002.8,853.85,16245056,157044.2,2026-09-11
RAYMONDLSL,EQ,687.45,708.9,675.05,692.0,687.65,445304,3086.48,2026-09-11
RAYMONDREL,EQ,570.0,585.6,565.0,583.55,572.05,650450,3753.94,2026-09-11
RBA,EQ,95.17,98.95,95.17,98.05,96.82,2109191,2057.47,2026-09-11
RBLBANK,EQ,408.0,416.5,406.0,412.55,410.8,3209425,13182.96,2026-09-11
RCF,EQ,111.7,111.9,110.12,111.45,112.57,854075,947.79,2026-09-11
RECLTD,EQ,312.0,315.05,311.25,312.7,313.8,4509899,14133.94,2026-09-11
REDINGTON,EQ,395.85,396.85,384.2,393.7,392.0,7473984,29283.15,2026-09-11
REDTAPE,EQ,114.0,116.5,113.1,116.1,115.06,211278,242.66,2026-09-11
REFEX,EQ,268.0,275.3,264.0,273.55,269.95,234110,633.07,2026-09-11
REGAAL,EQ,85.0,85.58,82.3,83.71,85.73,296792,247.6,2026-09-11
REGENCERAM,EQ,34.66,37.5,33.2,34.1,36.05,4604,1.6,2026-09-11
RELAXO,EQ,326.05,328.95,319.85,324.95,326.9,112342,363.68,2026-09-11
RELCHEMQ,EQ,114.26,115.8,108.6,110.23,113.69,4867,5.44,2026-09-11
RELIABLE,EQ,138.9,138.9,134.81,137.04,135.95,2873,3.92,2026-09-11
RELIANCE,EQ,1267.0,1267.4,1253.0,1257.5,1274.0,8777736,110535.02,2026-09-11
RELIGARE,EQ,255.25,258.75,253.15,256.81,258.78,416095,1065.34,2026-09-11
RELTD,EQ,153.23,157.8,151.72,155.64,155.08,145106,225.0,2026-09-11
REMSONSIND,EQ,96.25,98.45,92.63,96.32,96.32,148192,140.22,2026-09-11
RENUKA,EQ,24.51,25.13,23.97,24.87,24.82,19203049,4725.8,2026-09-11
REPCOHOME,EQ,350.05,361.95,348.85,359.6,353.8,106122,377.25,2026-09-11
REPRO,EQ,307.7,313.55,306.05,309.5,306.9,4874,15.06,2026-09-11
RESPONIND,EQ,170.85,176.8,164.17,173.27,169.54,1947707,3364.21,2026-09-11
RETAIL,EQ,16.52,17.39,16.15,17.14,16.6,2912,0.49,2026-09-11
RGL,EQ,156.0,161.2,154.25,155.49,156.48,1372451,2164.87,2026-09-11
RHETAN,EQ,24.01,24.01,24.01,24.01,25.27,72250,17.35,2026-09-11
RHIM,EQ,376.65,378.6,371.5,375.8,378.7,112757,423.13,2026-09-11
RHL,EQ,167.0,168.9,165.0,166.85,166.59,2318,3.86,2026-09-11
RICOAUTO,EQ,129.25,136.0,127.11,134.17,130.31,1711893,2278.3,2026-09-11
RIIL,EQ,712.0,714.5,704.55,710.75,714.85,35302,250.48,2026-09-11
RIR,EQ,177.99,181.0,172.61,177.26,177.38,353197,624.73,2026-09-11
RISHABH,EQ,817.75,848.4,800.0,829.6,809.55,223706,1853.97,2026-09-11
RITCO,EQ,305.1,308.55,296.75,300.7,305.35,49147,148.87,2026-09-11
RITES,EQ,209.05,210.79,207.12,209.15,210.8,309078,645.28,2026-09-11
RKDL,EQ,18.32,18.39,17.95,18.06,18.32,10185,1.84,2026-09-11
RKEC,EQ,19.17,19.65,18.27,19.33,19.17,39692,7.59,2026-09-11
RKFORGE,EQ,720.0,720.9,699.55,711.2,727.05,571407,4039.6,2026-09-11
RKSWAMY,EQ,91.5,94.0,91.0,92.94,91.47,13763,12.71,2026-09-11
RMC,EQ,215.77,215.77,210.31,211.68,215.96,29563,62.8,2026-09-11
RML,EQ,1415.8,1415.9,1340.1,1360.0,1408.9,72216,984.84,2026-09-11
ROHLTD,EQ,305.15,308.95,302.05,306.3,307.2,8615,26.35,2026-09-11
ROLEXRINGS,EQ,173.9,173.9,166.5,171.37,173.15,1250767,2126.8,2026-09-11
ROML,EQ,42.94,43.22,41.72,42.69,42.13,1948,0.84,2026-09-11
ROSSARI,EQ,449.65,449.65,440.85,446.15,449.5,36449,162.18,2026-09-11
ROSSELLIND,EQ,56.11,56.14,54.5,55.06,56.1,38496,21.2,2026-09-11
ROSSTECH,EQ,1200.1,1236.0,1189.2,1214.3,1206.6,147435,1786.15,2026-09-11
ROTO,EQ,65.0,65.55,63.27,64.29,65.07,258884,166.28,2026-09-11
ROUTE,EQ,499.95,502.0,491.0,493.55,500.75,158844,786.23,2026-09-11
RPEL,EQ,1773.5,1854.1,1725.9,1845.2,1743.5,171393,3084.79,2026-09-11
RPGLIFE,EQ,2794.3,2794.3,2680.0,2698.6,2782.7,17821,484.65,2026-09-11
RPOWER,EQ,21.7,21.77,21.41,21.58,21.84,14641908,3150.51,2026-09-11
RPPINFRA,EQ,62.39,62.65,60.0,60.34,63.03,84305,51.29,2026-09-11
RPSGVENT,EQ,828.6,844.85,828.2,831.8,840.2,9494,79.13,2026-09-11
RPTECH,EQ,780.0,830.75,780.0,819.65,806.45,286250,2319.72,2026-09-11
RRECL,EQ,126.0,138.6,125.58,133.8,126.0,883,1.16,2026-09-11
RRIL,EQ,16.4,16.4,15.6,15.99,15.97,31013,4.93,2026-09-11
RRKABEL,EQ,2425.0,2438.9,2368.6,2424.4,2437.0,331584,7993.41,2026-09-11
RSL,EQ,186.8,191.99,184.01,190.1,186.7,379349,717.27,2026-09-11
RSSOFTWARE,EQ,29.8,29.85,28.5,29.63,29.21,12071,3.56,2026-09-11
RSYSTEMS,EQ,243.57,243.57,238.0,240.36,243.05,89858,215.86,2026-09-11
RTNINDIA,EQ,27.48,28.0,27.0,27.68,27.6,1756505,484.32,2026-09-11
RTNPOWER,EQ,7.25,7.27,7.13,7.17,7.25,15082630,1081.83,2026-09-11
RTSPOWR,EQ,88.51,89.99,80.3,87.94,88.07,2567,2.27,2026-09-11
RUBFILA,EQ,68.89,69.89,67.01,68.51,68.09,52411,35.66,2026-09-11
RUBICON,EQ,1792.0,1848.6,1758.1,1835.4,1790.0,318589,5718.74,2026-09-11
RUBYMILLS,EQ,445.9,463.8,426.95,455.1,445.9,11703,51.77,2026-09-11
RUCHINFRA,EQ,5.62,5.68,5.46,5.55,5.68,108052,6.01,2026-09-11
RUCHIRA,EQ,110.4,110.4,108.31,108.83,110.54,51220,56.01,2026-09-11
RUDRA,EQ,19.7,20.85,19.7,20.49,20.0,24938,5.08,2026-09-11
RUPA,EQ,138.9,138.9,135.8,137.48,140.45,105141,144.03,2026-09-11
RUSHIL,EQ,16.01,16.19,15.65,15.91,16.01,258300,41.02,2026-09-11
RUSTOMJEE,EQ,351.0,351.2,331.9,344.95,350.5,351342,1198.7,2026-09-11
RVHL,EQ,40.5,40.5,38.0,39.46,39.45,5424,2.12,2026-09-11
RVNL,EQ,204.5,204.99,202.04,204.9,205.6,3816727,7757.01,2026-09-11
RVTH,EQ,762.5,762.5,740.4,740.95,762.5,97,0.73,2026-09-11
S&SPOWER,EQ,352.0,359.0,333.05,350.35,342.6,2806,9.75,2026-09-11
SAATVIKGL,EQ,402.05,402.2,389.15,395.95,402.05,73637,289.75,2026-09-11
SADBHAV,EQ,8.06,8.06,7.71,7.87,8.06,468955,36.74,2026-09-11
SAFARI,EQ,1500.0,1556.8,1470.0,1544.7,1501.6,115745,1757.78,2026-09-11
SAGARDEEP,EQ,24.2,24.2,23.72,23.79,24.04,9000,2.17,2026-09-11
SAGCEM,EQ,149.48,150.34,145.5,146.25,150.34,121275,177.9,2026-09-11
SAGILITY,EQ,44.25,45.5,43.47,45.2,44.41,24429679,10906.38,2026-09-11
SAHLIBHFI,EQ,83.15,84.0,81.1,81.67,82.33,17382,14.3,2026-09-11
SAHYADRI,EQ,389.9,396.45,374.45,390.9,383.35,17080,66.08,2026-09-11
SAICAPI,EQ,155.0,157.99,147.5,152.18,155.34,329,0.51,2026-09-11
SAIL,EQ,182.43,182.43,178.65,179.0,183.75,8764231,15759.69,2026-09-11
SAILIFE,EQ,1590.0,1616.1,1571.4,1585.0,1591.1,1170229,18609.52,2026-09-11
SAIPARENT,EQ,516.5,527.9,515.55,523.35,522.55,39054,203.78,2026-09-11
SAKAR,EQ,1118.0,1195.0,1096.05,1158.55,1117.3,181225,2094.25,2026-09-11
SAKHTISUG,EQ,19.19,21.55,19.05,19.9,19.19,421371,84.93,2026-09-11
SAKSOFT,EQ,146.79,147.5,145.0,146.49,146.87,211197,308.27,2026-09-11
SAKUMA,EQ,1.58,1.6,1.54,1.57,1.59,1273560,19.95,2026-09-11
SALASAR,EQ,5.02,5.15,4.96,5.05,5.03,4132123,207.75,2026-09-11
SALONA,EQ,261.45,261.45,255.0,260.05,262.75,55,0.14,2026-09-11
SALSTEEL,EQ,76.0,76.69,74.0,74.81,76.63,418767,315.27,2026-09-11
SALZERELEC,EQ,549.25,558.95,544.25,550.55,550.15,39771,219.64,2026-09-11
SAMBANDAM,EQ,113.01,113.25,111.0,111.65,113.01,200,0.22,2026-09-11
SAMBHAAV,EQ,5.94,6.4,5.81,5.96,5.82,26997,1.63,2026-09-11
SAMBHV,EQ,131.0,134.75,129.01,131.08,132.51,1936674,2553.3,2026-09-11
SAMHI,EQ,158.4,160.0,156.13,157.07,160.2,1091697,1721.98,2026-09-11
SAMMAANCAP,EQ,149.0,149.37,146.6,147.3,149.77,4129688,6094.64,2026-09-11
SAMPANN,EQ,24.5,24.99,24.0,24.46,24.11,24675,6.07,2026-09-11
SANATHAN,EQ,485.5,489.05,468.05,472.1,483.1,142861,680.65,2026-09-11
SANDESH,EQ,1001.2,1032.0,1000.0,1014.6,1021.1,1545,15.6,2026-09-11
SANDHAR,EQ,624.95,624.95,610.2,618.6,627.25,99497,612.76,2026-09-11
SANDUMA,EQ,195.0,195.35,189.6,190.35,196.74,858154,1648.57,2026-09-11
SANGAMIND,EQ,576.15,579.9,562.55,574.4,577.05,19897,114.05,2026-09-11
SANGHVIMOV,EQ,431.05,433.0,420.1,426.5,434.15,256297,1094.16,2026-09-11
SANOFI,EQ,3101.3,3105.4,3069.3,3079.2,3106.0,9890,304.98,2026-09-11
SANOFICONR,EQ,4099.0,4113.5,4001.1,4023.4,4089.6,4396,178.28,2026-09-11
SANSERA,EQ,4086.7,4149.0,4050.0,4129.9,4107.9,127741,5248.36,2026-09-11
SANSTAR,EQ,107.95,111.2,105.55,110.53,107.38,202115,219.81,2026-09-11
SAPPHIRE,EQ,222.5,226.98,219.31,225.74,224.11,581886,1304.33,2026-09-11
SAPPL,EQ,292.0,292.0,286.05,290.8,286.05,212,0.62,2026-09-11
SARDAEN,EQ,533.0,534.5,522.8,524.15,537.25,374526,1973.54,2026-09-11
SAREGAMA,EQ,505.45,516.2,493.35,505.5,505.15,522041,2652.67,2026-09-11
SARLAPOLY,EQ,101.25,101.98,99.62,100.22,101.31,107369,107.68,2026-09-11
SARVESHWAR,EQ,4.1,4.1,3.89,4.01,3.99,4826620,193.42,2026-09-11
SASKEN,EQ,1780.7,1818.9,1728.0,1783.6,1777.6,29817,523.59,2026-09-11
SATIA,EQ,68.43,68.43,66.0,68.01,68.57,115287,78.16,2026-09-11
SATIN,EQ,217.0,220.89,215.03,216.68,217.21,136042,295.99,2026-09-11
SAURASHCEM,EQ,55.63,55.84,54.0,54.76,55.48,60190,32.94,2026-09-11
SAYAJIHOTL,EQ,324.35,330.0,315.0,326.8,325.2,308,1.0,2026-09-11
SAYAJIIND,EQ,110.3,118.9,110.3,118.9,115.99,214,0.24,2026-09-11
SBC,EQ,47.8,48.39,47.7,48.33,48.05,8267285,3987.99,2026-09-11
SBCL,EQ,1107.8,1108.0,1072.6,1087.0,1112.0,165852,1801.52,2026-09-11
SBFC,EQ,97.99,99.01,96.52,98.19,98.48,411967,403.36,2026-09-11
SBGLP,EQ,22.33,23.4,21.31,21.56,22.44,95640,21.08,2026-09-11
SBIBPB,EQ,48.55,48.81,48.02,48.58,48.7,69244,33.55,2026-09-11
SBICARD,EQ,665.0,665.15,650.05,655.2,666.3,1571692,10301.34,2026-09-11
SBIETFCON,EQ,119.47,119.47,117.65,118.35,118.65,2489,2.94,2026-09-11
SBIETFIT,EQ,318.0,323.96,318.0,322.45,320.35,7677,24.69,2026-09-11
SBIETFPB,EQ,278.51,282.15,275.3,281.69,278.52,2857,7.92,2026-09-11
SBIETFQLTY,EQ,216.53,216.53,214.9,216.09,216.53,640,1.38,2026-09-11
SBIFUNDS,EQ,550.0,550.0,543.15,544.3,551.0,756177,4123.13,2026-09-11
SBILIFE,EQ,1680.0,1697.7,1671.0,1684.7,1700.6,308631,5207.4,2026-09-11
SBILIQETF,EQ,1055.82,1055.82,1055.8,1055.8,1055.27,435842,4601.62,2026-09-11
SBIMIDMOM,EQ,63.35,63.82,62.68,63.53,63.53,55215,35.0,2026-09-11
SBIN,EQ,1000.0,1001.9,993.0,995.7,1009.7,7771109,77444.7,2026-09-11
SBINEQWETF,EQ,32.98,32.98,32.31,32.55,32.7,32422,10.54,2026-09-11
SBINMID150,EQ,22.9,22.96,22.64,22.94,22.95,13150,3.0,2026-09-11
SBISILVER,EQ,221.76,223.3,219.31,221.92,229.15,1619779,3584.9,2026-09-11
SBISMLETF,EQ,18.55,18.55,18.14,18.28,18.46,155495,28.46,2026-09-11
SBIVALETF,EQ,14.62,14.62,14.42,14.57,14.62,24030,3.48,2026-09-11
SCHAEFFLER,EQ,3951.0,3967.7,3890.1,3950.5,3940.2,18313,721.05,2026-09-11
SCHAND,EQ,136.0,138.0,134.96,137.72,135.42,36456,49.79,2026-09-11
SCHNEIDER,EQ,1180.0,1237.0,1168.0,1227.0,1194.9,261523,3180.45,2026-09-11
SCI,EQ,283.25,283.35,277.5,280.6,285.2,1518756,4254.47,2026-09-11
SCILAL,EQ,38.0,38.94,37.9,38.14,38.46,212235,81.03,2026-09-11
SCODATUBES,EQ,130.09,131.0,127.21,129.82,129.21,79209,102.05,2026-09-11
SDBL,EQ,70.75,71.55,69.35,70.07,70.87,386681,270.62,2026-09-11
SEAMECLTD,EQ,1774.5,1849.0,1774.5,1788.4,1772.9,150565,2720.75,2026-09-11
SECMARK,EQ,148.0,148.0,138.0,141.31,149.16,2320,3.27,2026-09-11
SECURKLOUD,EQ,16.51,17.1,15.6,16.51,16.92,79798,13.13,2026-09-11
SEDEMAC,EQ,2915.9,3008.9,2878.1,2906.2,2915.7,106773,3136.69,2026-09-11
SEIL,EQ,196.68,196.68,191.0,192.68,195.02,123748,238.32,2026-09-11
SEJALLTD,EQ,660.0,673.0,639.0,646.3,672.0,7569,49.1,2026-09-11
SEKURITIND,EQ,111.2,115.0,108.96,110.34,112.43,50303,55.45,2026-09-11
SELECTIPO,EQ,48.51,48.51,47.79,48.48,48.48,51448,24.79,2026-09-11
SEMAC,EQ,279.85,279.85,270.0,273.05,279.85,2318,6.36,2026-09-11
SENCO,EQ,349.9,349.9,340.25,346.4,349.9,676349,2332.37,2026-09-11
SENORES,EQ,1452.0,1480.0,1437.1,1467.3,1463.1,134825,1969.9,2026-09-11
SENSEXADD,EQ,77.42,77.45,76.74,77.35,77.42,4095,3.16,2026-09-11
SENSEXAXIS,EQ,77.45,77.94,76.93,77.35,77.22,6532,5.04,2026-09-11
SENSEXBETA,EQ,836.84,836.84,824.05,832.37,840.98,4181,34.57,2026-09-11
SENSEXETF,EQ,77.0,77.47,76.53,77.42,77.19,32749,25.22,2026-09-11
SENSEXIETF,EQ,856.19,866.0,854.8,863.63,860.55,325681,2796.14,2026-09-11
SEPC,EQ,5.28,5.3,5.17,5.27,5.29,7963406,417.06,2026-09-11
SERVOTECH,EQ,77.62,77.62,76.26,77.28,77.62,356343,274.55,2026-09-11
SESHAPAPER,EQ,246.85,255.0,242.41,251.14,246.96,179922,451.99,2026-09-11
SETF10GILT,EQ,265.0,265.0,262.57,263.98,264.48,1367,3.62,2026-09-11
SETFGOLD,EQ,128.7,129.74,127.84,129.06,130.26,6085719,7842.99,2026-09-11
SETFNIF50,EQ,258.92,258.92,250.8,252.41,252.61,870218,2192.52,2026-09-11
SETFNIFBK,EQ,581.72,582.9,573.42,581.78,578.83,222320,1288.49,2026-09-11
SETFNN50,EQ,781.51,781.51,767.21,772.61,777.83,67424,520.09,2026-09-11
SETL,EQ,468.15,468.15,443.0,468.15,445.9,2933978,13573.89,2026-09-11
SFL,EQ,697.1,701.5,679.95,691.55,697.95,216987,1502.25,2026-09-11
SGFIN,EQ,670.0,673.2,658.0,660.75,672.0,162612,1076.2,2026-09-11
SGIL,EQ,590.8,602.45,590.0,592.2,602.0,8771,52.22,2026-09-11
SGL,EQ,9.86,10.22,9.67,9.73,9.9,8778,0.86,2026-09-11
SGLRES,EQ,2.45,2.45,2.31,2.44,2.36,37017,0.88,2026-09-11
SGMART,EQ,766.55,775.0,749.4,750.95,766.55,160171,1209.03,2026-09-11
SGRL,EQ,633.95,661.95,620.0,659.2,631.65,18758,120.71,2026-09-11
SHADOWFAX,EQ,253.0,255.0,246.5,253.4,255.1,1996782,5023.5,2026-09-11
SHAH,EQ,3.58,3.58,3.48,3.51,3.54,945289,33.31,2026-09-11
SHAILY,EQ,3351.8,3366.1,3222.1,3279.5,3383.2,192834,6331.45,2026-09-11
SHAKTIPUMP,EQ,503.0,503.0,484.55,493.8,503.2,1008120,4953.76,2026-09-11
SHALBY,EQ,145.25,146.99,141.7,144.78,145.96,112748,162.78,2026-09-11
SHANKARA,EQ,148.0,148.51,146.0,148.29,148.41,75913,112.26,2026-09-11
SHANKESH,EQ,104.4,115.9,100.0,101.3,98.41,53876821,57470.76,2026-09-11
SHANTI,EQ,6.1,6.49,6.1,6.2,6.2,18127,1.13,2026-09-11
SHANTIGEAR,EQ,720.0,733.9,708.55,714.95,725.45,146091,1054.52,2026-09-11
SHANTIGOLD,EQ,256.9,259.75,247.53,258.17,257.29,1074560,2736.94,2026-09-11
SHARDACROP,EQ,781.35,781.35,763.0,765.55,781.35,90612,696.87,2026-09-11
SHARDAMOTR,EQ,946.3,948.5,915.1,943.75,946.25,86523,809.83,2026-09-11
SHAREINDIA,EQ,197.0,204.87,192.3,198.93,196.32,15203480,30225.65,2026-09-11
SHARIABEES,EQ,438.57,440.76,435.12,437.38,438.57,11009,48.21,2026-09-11
SHBAJRG,EQ,159.5,159.81,153.0,155.85,159.5,3297,5.14,2026-09-11
SHERVANI,EQ,326.0,360.0,309.0,348.85,311.0,3811,13.25,2026-09-11
SHILCTECH,EQ,4158.0,4189.0,4084.0,4174.4,4158.6,17556,728.7,2026-09-11
SHILGRAVQ,EQ,168.4,172.65,163.0,163.94,168.4,5074,8.48,2026-09-11
SHILPAMED,EQ,935.0,975.0,910.0,961.15,939.9,1471659,14013.21,2026-09-11
SHINDL,EQ,162.0,164.75,160.0,163.02,161.98,258569,416.76,2026-09-11
SHIPROCKET,EQ,129.0,135.42,126.13,133.99,129.17,8823294,11680.1,2026-09-11
SHIVAAGRO,EQ,40.32,40.88,39.0,39.69,40.32,5721,2.29,2026-09-11
SHIVACEM,EQ,16.04,16.5,15.0,15.95,16.04,117344,18.48,2026-09-11
SHIVALIK,EQ,358.45,365.65,349.55,362.05,366.8,115411,413.57,2026-09-11
SHIVAMAUTO,EQ,16.98,16.98,16.45,16.69,16.68,13023,2.17,2026-09-11
SHIVAMILLS,EQ,62.7,62.7,59.59,61.47,60.38,162,0.1,2026-09-11
SHIVATEX,EQ,178.95,187.95,173.07,178.05,179.18,9452,16.93,2026-09-11
SHIVAUM,EQ,476.0,476.0,462.05,465.4,461.45,13315,61.92,2026-09-11
SHK,EQ,142.96,142.96,138.88,141.22,143.58,231464,325.51,2026-09-11
SHOPERSTOP,EQ,376.2,388.0,368.25,375.45,377.55,38249,144.2,2026-09-11
SHRADDHA,EQ,150.0,154.85,148.0,152.67,150.02,5140,7.79,2026-09-11
SHRADHA,EQ,31.0,31.7,29.5,30.84,31.19,20345,6.17,2026-09-11
SHREDIGCEM,EQ,69.41,69.51,68.0,68.49,69.09,56640,38.84,2026-09-11
SHREECEM,EQ,22660.0,22680.0,22370.0,22570.0,22785.0,16171,3645.34,2026-09-11
SHREEJISPG,EQ,706.65,711.3,686.45,691.75,713.1,919480,6429.71,2026-09-11
SHREEPUSHK,EQ,495.55,506.45,478.8,486.9,491.6,157309,774.33,2026-09-11
SHREERAMA,EQ,46.69,47.4,45.0,47.12,45.88,107895,50.3,2026-09-11
SHREYANIND,EQ,135.0,135.0,131.5,132.8,135.46,3771,5.02,2026-09-11
SHRIKRISH,EQ,37.02,37.02,36.1,37.0,37.39,492,0.18,2026-09-11
SHRINGARMS,EQ,217.4,218.0,214.04,217.27,216.79,148214,320.86,2026-09-11
SHRIPISTON,EQ,4431.0,4462.0,4354.0,4371.5,4447.4,35262,1549.61,2026-09-11
SHRIRAMFIN,EQ,1021.0,1034.5,1013.2,1028.6,1038.0,3171217,32521.59,2026-09-11
SHRIRAMPPS,EQ,72.37,72.61,70.96,71.83,72.62,365745,261.69,2026-09-11
SHRJAGP,EQ,625.55,664.0,625.55,647.0,643.45,155,1.01,2026-09-11
SHUKRAPHAR,EQ,54.05,55.6,53.75,53.94,53.97,1577298,857.81,2026-09-11
SHYAMMETL,EQ,1096.0,1096.0,1065.3,1074.8,1086.1,224493,2429.33,2026-09-11
SHYAMTEL,EQ,11.5,11.5,11.01,11.48,11.5,3685,0.42,2026-09-11
SICAGEN,EQ,55.89,55.89,53.11,53.53,55.24,26131,14.1,2026-09-11
SIEL,EQ,29.35,30.0,28.1,30.0,29.35,169,0.05,2026-09-11
SIEMENS,EQ,3912.1,3957.0,3858.4,3957.0,3954.4,172514,6754.74,2026-09-11
SIGACHI,EQ,38.0,38.5,36.7,37.93,37.56,4502407,1697.82,2026-09-11
SIGMA,EQ,44.83,44.83,44.0,44.19,44.97,64453,28.56,2026-09-11
SIGNATURE,EQ,772.35,779.95,751.0,760.85,772.35,209605,1590.04,2026-09-11
SIGNPOST,EQ,269.25,279.0,260.15,276.25,267.8,102421,276.21,2026-09-11
SIKA,EQ,1030.1,1111.0,993.6,1085.55,1024.85,654708,7099.32,2026-09-11
SIL,EQ,18.19,18.55,17.5,17.76,18.1,43283,7.74,2026-09-11
SILGO,EQ,70.75,70.98,69.0,70.01,71.74,14401,10.1,2026-09-11
SILINV,EQ,450.0,475.4,445.0,463.8,451.0,3697,17.1,2026-09-11
SILVER,EQ,224.99,227.67,223.75,226.48,233.49,1308998,2954.83,2026-09-11
SILVER001,EQ,23.05,23.45,22.25,22.94,23.6,269685,62.05,2026-09-11
SILVER1,EQ,22.12,22.12,21.73,22.01,22.71,15547379,3413.24,2026-09-11
SILVER360,EQ,225.0,225.0,221.33,223.61,230.33,19580,43.61,2026-09-11
SILVERADD,EQ,21.8,21.98,21.55,21.82,22.55,5816871,1268.23,2026-09-11
SILVERAG,EQ,219.99,221.82,217.9,220.59,227.93,423680,931.99,2026-09-11
SILVERAXIS,EQ,225.44,234.7,222.66,225.76,232.4,1197571,2702.2,2026-09-11
SILVERBEES,EQ,216.79,218.0,214.02,216.72,223.53,31806842,68728.51,2026-09-11
SILVERBETA,EQ,218.44,219.95,215.92,218.53,225.65,780985,1701.8,2026-09-11
SILVERBND,EQ,228.0,228.88,222.69,227.2,233.85,14276,32.4,2026-09-11
SILVERCASE,EQ,22.88,23.11,22.71,22.98,23.72,10830127,2482.82,2026-09-11
SILVERIETF,EQ,225.9,227.66,223.7,226.39,233.48,4458877,10062.38,2026-09-11
SILVERTUC,EQ,151.15,157.59,150.0,152.49,152.0,529921,815.68,2026-09-11
SIMPLEXINF,EQ,254.2,257.55,249.65,255.1,255.75,108268,273.36,2026-09-11
SIMPLXREA,EQ,139.0,139.0,137.0,137.0,132.5,10,0.01,2026-09-11
SINCLAIR,EQ,80.04,81.58,79.62,80.28,81.58,17030,13.7,2026-09-11
SINDHUTRAD,EQ,23.52,24.17,23.44,23.99,23.81,3110385,745.41,2026-09-11
SINGERIND,EQ,75.3,76.96,73.01,76.16,74.02,62570,47.01,2026-09-11
SINTERCOM,EQ,79.02,82.8,75.81,76.65,79.82,13695,10.59,2026-09-11
SIRCA,EQ,429.05,432.75,425.45,427.35,431.55,166249,712.37,2026-09-11
SIS,EQ,423.8,427.0,415.2,419.3,422.95,453528,1917.47,2026-09-11
SIYSIL,EQ,540.45,543.75,528.65,535.15,547.0,38397,204.93,2026-09-11
SJS,EQ,2341.2,2385.0,2314.4,2354.0,2342.6,140948,3302.63,2026-09-11
SJVN,EQ,66.8,66.84,66.1,66.18,67.2,1187604,788.12,2026-09-11
SKFINDIA,EQ,1526.0,1531.9,1505.0,1527.8,1531.6,16051,243.66,2026-09-11
SKFINDUS,EQ,2934.3,2963.2,2870.1,2887.7,2935.4,40808,1188.99,2026-09-11
SKIPPER,EQ,581.0,581.0,541.35,551.55,583.0,2163432,11953.79,2026-09-11
SKMEGGPROD,EQ,247.65,247.65,240.0,241.3,247.9,151658,367.27,2026-09-11
SKYGOLD,EQ,826.05,834.45,814.0,827.4,830.3,436603,3613.13,2026-09-11
SKYWAYS,EQ,109.0,117.5,108.5,116.01,111.19,4483291,5131.65,2026-09-11
SMALL250,EQ,18.88,18.88,18.24,18.4,18.51,390167,71.63,2026-09-11
SMALLADD,EQ,18.73,18.78,18.3,18.48,18.51,15741,2.9,2026-09-11
SMALLCAP,EQ,49.54,49.54,48.64,49.14,49.44,1384314,678.57,2026-09-11
SMALLGROWW,EQ,49.05,49.56,48.57,49.55,49.16,21602,10.6,2026-09-11
SMALLIETF,EQ,18.3,18.6,18.24,18.4,18.47,44709,8.21,2026-09-11
SMARTWORKS,EQ,534.3,534.7,521.1,530.75,535.55,36274,191.25,2026-09-11
SMCGLOBAL,EQ,84.5,87.59,84.29,86.0,85.64,3491875,3004.54,2026-09-11
SML100CASE,EQ,11.32,11.39,11.2,11.29,11.32,2766423,311.27,2026-09-11
SMLMAH,EQ,6219.0,6591.5,6064.5,6583.0,6278.0,109374,7023.4,2026-09-11
SMLT,EQ,62.01,63.0,61.31,62.29,61.44,2950,1.84,2026-09-11
SMSPHARMA,EQ,417.85,469.0,414.55,463.45,417.45,10401534,47104.48,2026-09-11
SNOWMAN,EQ,36.1,36.16,35.51,35.91,36.16,72438,25.99,2026-09-11
SNXT30BEES,EQ,41.97,42.28,41.93,42.2,42.47,12162,5.13,2026-09-11
SNXT50BETA,EQ,93.3,94.46,92.21,94.41,93.19,586,0.55,2026-09-11
SOBHA,EQ,1234.0,1234.0,1201.9,1216.8,1235.7,96039,1167.35,2026-09-11
SOFTTECH,EQ,435.0,455.9,433.85,452.35,435.0,7424,33.12,2026-09-11
SOLARA,EQ,707.2,759.55,697.4,749.15,707.25,1159874,8460.22,2026-09-11
SOLARINDS,EQ,22300.0,22500.0,22130.0,22290.0,22370.0,148838,33287.37,2026-09-11
SOLARWORLD,EQ,140.0,142.53,137.31,141.48,140.98,276812,385.79,2026-09-11
SOLEX,EQ,710.9,710.9,677.6,698.6,705.25,28447,197.45,2026-09-11
SOMANYCERA,EQ,559.0,571.0,550.6,565.2,559.7,101279,570.06,2026-09-11
SOMATEX,EQ,84.48,85.9,81.25,84.52,84.48,5517,4.6,2026-09-11
SOMICONVEY,EQ,97.6,97.6,92.12,92.93,92.76,10309,9.63,2026-09-11
SONACOMS,EQ,798.0,799.95,786.9,788.0,803.5,832096,6592.13,2026-09-11
SONAL,EQ,90.5,90.5,86.25,86.25,90.08,108,0.09,2026-09-11
SONATSOFTW,EQ,260.1,268.1,257.8,265.85,260.1,1384592,3655.28,2026-09-11
SOTL,EQ,697.1,732.8,681.3,716.25,697.1,461088,3287.04,2026-09-11
SOUTHBANK,EQ,45.6,46.47,45.18,46.18,46.08,5755589,2650.56,2026-09-11
SOUTHWEST,EQ,214.1,217.77,212.04,213.35,216.19,203063,435.0,2026-09-11
SPAL,EQ,1015.9,1027.0,1003.9,1023.0,1029.7,54987,558.96,2026-09-11
SPANDANA,EQ,230.0,236.79,228.37,235.37,232.17,102898,239.82,2026-09-11
SPARC,EQ,196.89,197.55,192.56,196.01,196.91,475527,925.64,2026-09-11
SPCENET,EQ,3.46,3.5,3.37,3.39,3.47,367991,12.49,2026-09-11
SPENCERS,EQ,28.56,28.65,27.0,28.3,28.64,121748,33.73,2026-09-11
SPIC,EQ,68.5,69.3,68.16,69.0,69.3,246359,169.14,2026-09-11
SPLIL,EQ,30.4,31.19,30.0,30.05,30.5,4270,1.29,2026-09-11
SPLPETRO,EQ,836.0,836.05,804.6,818.35,828.15,176561,1439.51,2026-09-11
SPMLINFRA,EQ,172.35,172.72,169.51,171.63,173.0,140993,241.51,2026-09-11
SPORTKING,EQ,215.4,215.6,210.61,214.77,215.83,182419,389.25,2026-09-11
SRD,EQ,38.9,39.4,37.85,38.27,38.5,52623,20.33,2026-09-11
SREEL,EQ,365.0,365.8,333.27,333.27,370.3,129115,437.32,2026-09-11
SRF,EQ,2508.0,2508.0,2460.0,2482.4,2519.0,288552,7147.84,2026-09-11
SRGHFL,EQ,156.0,156.0,156.0,156.0,195.0,11743,18.32,2026-09-11
SRHHYPOLTD,EQ,524.4,528.1,518.5,523.8,517.1,18998,99.23,2026-09-11
SRM,EQ,447.7,447.7,437.15,439.35,447.7,64564,284.57,2026-09-11
SRTL,EQ,37.0,37.4,36.67,37.32,37.39,15044,5.58,2026-09-11
SSDL,EQ,71.0,72.7,61.37,62.59,67.84,560099,377.22,2026-09-11
SSWL,EQ,370.0,384.15,364.55,370.65,373.6,1219997,4576.25,2026-09-11
STANLEY,EQ,136.0,137.97,135.0,135.6,137.43,76185,103.73,2026-09-11
STAR,EQ,1199.9,1215.9,1179.0,1183.4,1217.0,161625,1929.61,2026-09-11
STARCEMENT,EQ,194.0,195.9,193.1,195.14,194.68,240287,467.61,2026-09-11
STARHEALTH,EQ,575.0,579.75,559.7,562.7,576.25,460832,2622.86,2026-09-11
STARPAPER,EQ,170.0,170.8,166.05,168.44,169.84,26257,44.08,2026-09-11
STARTECK,EQ,242.35,247.0,238.55,240.65,245.2,52,0.13,2026-09-11
STCINDIA,EQ,113.2,113.5,112.11,112.6,113.25,8404,9.46,2026-09-11
STEELCAS,EQ,323.55,328.75,315.0,325.25,323.55,102466,329.36,2026-09-11
STEELCITY,EQ,91.4,92.74,88.2,90.3,91.4,31154,28.22,2026-09-11
STEELXIND,EQ,12.49,12.53,12.01,12.14,12.17,11073848,1358.87,2026-09-11
STEL,EQ,604.0,620.6,589.0,611.1,590.2,4670,28.18,2026-09-11
STLNETWORK,EQ,36.0,36.6,35.57,36.6,34.86,5579818,2030.12,2026-09-11
STLSTRINF,EQ,19.19,21.2,18.7,21.2,17.67,12925,2.64,2026-09-11
STOVEKRAFT,EQ,830.0,832.95,809.1,814.9,840.05,106138,869.18,2026-09-11
STUDDS,EQ,417.95,424.2,410.0,418.65,418.4,44136,183.26,2026-09-11
STYL,EQ,379.95,391.55,374.15,387.4,385.9,124133,474.94,2026-09-11
STYLAMIND,EQ,3280.0,3355.1,3250.8,3329.9,3310.6,19311,640.24,2026-09-11
STYLEBAAZA,EQ,388.0,394.05,378.0,388.1,388.95,488731,1894.53,2026-09-11
STYRENIX,EQ,2125.6,2127.5,2100.0,2113.1,2142.9,34221,722.11,2026-09-11
SUBEXLTD,EQ,19.91,21.0,19.2,20.8,19.76,34488169,7036.69,2026-09-11
SUBROS,EQ,707.15,708.85,697.1,703.75,712.6,27663,194.31,2026-09-11
SUDARCOLOR,EQ,380.05,391.25,375.25,378.4,380.9,5571,21.08,2026-09-11
SUDARSCHEM,EQ,1262.0,1277.5,1232.2,1248.2,1270.8,316394,3973.66,2026-09-11
SUDEEPPHRM,EQ,1152.9,1244.0,1152.9,1202.8,1213.5,593341,7086.59,2026-09-11
SUKHJITS,EQ,159.99,161.0,158.11,159.78,159.99,13568,21.66,2026-09-11
SULA,EQ,138.0,138.13,135.75,136.38,138.28,349596,476.55,2026-09-11
SUMEDHA,EQ,41.94,43.5,39.56,41.4,39.0,5329,2.2,2026-09-11
SUMEETINDS,EQ,10.95,11.04,10.72,10.77,10.95,715081,77.46,2026-09-11
SUMICHEM,EQ,480.0,480.0,466.5,476.4,480.9,269822,1273.62,2026-09-11
SUMIT,EQ,53.2,53.2,48.2,49.4,48.93,22760,11.3,2026-09-11
SUMMITSEC,EQ,1439.2,1441.9,1400.0,1409.2,1438.6,2388,33.72,2026-09-11
SUNCLAY,EQ,1304.0,1304.0,1276.7,1298.3,1295.2,3732,48.36,2026-09-11
SUNDARAM,EQ,1.23,1.23,1.18,1.19,1.2,300725,3.59,2026-09-11
SUNDARMFIN,EQ,4679.7,4746.5,4611.0,4710.7,4703.0,25632,1206.59,2026-09-11
SUNDRMFAST,EQ,1257.3,1284.6,1227.1,1270.0,1256.1,158860,1992.81,2026-09-11
SUNDROP,EQ,673.8,673.8,656.1,662.0,669.15,8117,53.79,2026-09-11
SUNFLAG,EQ,344.85,344.85,334.0,337.2,345.4,122690,414.04,2026-09-11
SUNLOC,EQ,75.7,75.7,75.0,75.5,75.5,909,0.69,2026-09-11
SUNPHARMA,EQ,1845.0,1854.5,1834.0,1840.0,1861.0,1445071,26653.55,2026-09-11
SUNRAKSHAK,EQ,376.0,378.95,374.95,377.05,375.55,14206,53.34,2026-09-11
SUNSHIEL,EQ,1220.0,1249.0,1185.7,1200.2,1231.7,4670,56.13,2026-09-11
SUNSHINE,EQ,512.4,524.95,407.8,407.8,509.7,3900142,17493.0,2026-09-11
SUNTECK,EQ,288.25,289.9,282.1,288.0,289.8,127980,365.68,2026-09-11
SUNTV,EQ,450.55,485.5,450.0,476.0,455.55,3312335,15752.01,2026-09-11
SUPERHOUSE,EQ,168.2,173.87,166.6,169.66,171.67,5993,10.2,2026-09-11
SUPRAJIT,EQ,497.0,497.0,480.3,488.9,500.3,105726,515.0,2026-09-11
SUPREME,EQ,34.3,35.84,33.01,34.74,34.7,42197,14.44,2026-09-11
SUPREMEIND,EQ,3499.1,3499.1,3364.4,3364.4,3510.0,130229,4431.6,2026-09-11
SUPREMEINF,EQ,87.98,87.98,84.0,85.04,88.73,56316,48.13,2026-09-11
SUPRIYA,EQ,915.0,915.3,891.25,901.75,917.45,208583,1882.04,2026-09-11
SURAJEST,EQ,175.0,175.49,172.5,174.59,177.0,44125,76.81,2026-09-11
SURAJLTD,EQ,200.0,205.0,196.0,199.99,200.66,1492,2.98,2026-09-11
SURAKSHA,EQ,330.1,330.1,318.1,323.75,327.85,50564,162.82,2026-09-11
SURANASOL,EQ,25.5,25.63,25.01,25.51,25.63,25340,6.42,2026-09-11
SURANAT&P,EQ,16.05,16.2,15.8,16.1,16.05,56422,9.0,2026-09-11
SURYALA,EQ,395.05,410.0,383.0,395.25,398.55,782,3.09,2026-09-11
SURYALAXMI,EQ,58.41,59.38,55.0,56.28,58.12,5357,3.03,2026-09-11
SURYAROSNI,EQ,215.5,218.0,212.02,214.27,216.05,455493,979.83,2026-09-11
SURYODAY,EQ,149.5,150.0,146.75,148.05,151.06,400335,591.82,2026-09-11
SUVEN,EQ,355.0,359.95,351.5,355.55,360.7,369913,1312.05,2026-09-11
SUVIDHAA,EQ,2.47,2.47,2.19,2.25,2.41,184883,4.25,2026-09-11
SUYOG,EQ,661.05,679.6,645.05,650.5,669.4,46738,308.27,2026-09-11
SUZLON,EQ,44.12,44.5,43.21,44.12,44.22,52777120,23144.11,2026-09-11
SVGLOBAL,EQ,140.69,140.69,126.55,133.35,140.8,1859,2.46,2026-09-11
SVPGLOB,EQ,3.44,3.46,3.34,3.45,3.42,20107,0.68,2026-09-11
SWANCORP,EQ,296.0,298.5,284.0,296.45,298.15,5650793,16497.39,2026-09-11
SWARAJENG,EQ,3550.0,3592.2,3531.3,3576.0,3551.0,8326,296.51,2026-09-11
SWARNSAR,EQ,40.7,41.4,39.3,39.66,41.61,60733,24.3,2026-09-11
SWELECTES,EQ,570.65,582.0,561.05,567.4,568.15,15589,89.36,2026-09-11
SWIGGY,EQ,276.05,281.45,275.3,278.2,279.0,17233642,47895.83,2026-09-11
SWSOLAR,EQ,182.0,182.11,178.51,180.22,182.65,763085,1370.31,2026-09-11
SYMBIOTEC,EQ,1128.0,1148.0,1105.0,1133.45,1138.95,1010520,11355.96,2026-09-11
SYMPHONY,EQ,604.85,605.0,591.0,592.65,606.95,62790,373.21,2026-09-11
SYNCOMF,EQ,18.98,20.1,18.51,19.46,19.26,9148018,1770.53,2026-09-11
SYNGENE,EQ,383.25,383.6,375.55,382.65,384.0,373196,1419.94,2026-09-11
SYRMA,EQ,1598.9,1608.2,1556.1,1589.3,1598.8,638884,10105.32,2026-09-11
TAALTECH,EQ,5190.0,5550.0,5180.0,5375.5,5198.7,43191,2343.89,2026-09-11
TAINWALCHM,EQ,212.0,212.0,207.01,207.79,210.02,258,0.54,2026-09-11
TAJGVK,EQ,341.9,342.0,333.2,334.8,342.6,51864,174.21,2026-09-11
TAKE,EQ,17.61,17.61,16.78,17.61,16.78,317126,55.56,2026-09-11
TALBROAUTO,EQ,418.0,427.2,414.9,423.75,420.2,164443,693.89,2026-09-11
TANAA,EQ,246.55,269.85,238.0,266.95,251.5,50644,130.09,2026-09-11
TANLA,EQ,500.0,505.0,497.0,502.8,503.85,289977,1454.67,2026-09-11
TARACHAND,EQ,47.6,47.6,46.57,46.86,47.24,84039,39.49,2026-09-11
TARAPUR,EQ,12.74,13.0,12.5,12.97,12.74,21384,2.73,2026-09-11
TARC,EQ,128.56,132.59,126.4,131.39,128.56,472565,616.82,2026-09-11
TARIL,EQ,288.5,290.45,285.15,288.5,289.95,827433,2373.68,2026-09-11
TARMAT,EQ,60.5,61.99,58.58,59.6,60.66,30543,18.29,2026-09-11
TARSONS,EQ,317.65,317.65,304.0,311.2,317.65,159992,493.51,2026-09-11
TASTYBITE,EQ,10074.0,10339.0,10074.0,10273.0,10201.0,2921,298.48,2026-09-11
TATACAP,EQ,361.2,365.15,356.8,362.9,363.15,495348,1793.04,2026-09-11
TATACHEM,EQ,608.25,616.25,600.0,612.45,610.55,642048,3893.56,2026-09-11
TATACOMM,EQ,1756.2,1785.0,1747.8,1761.6,1764.4,167102,2960.08,2026-09-11
TATACONSUM,EQ,993.0,1000.0,988.0,991.0,999.6,905959,9002.18,2026-09-11
TATAELXSI,EQ,3400.2,3411.0,3373.7,3383.0,3409.0,112924,3830.59,2026-09-11
TATAGOLD,EQ,14.61,14.79,14.58,14.7,14.83,38276819,5622.1,2026-09-11
TATAINVEST,EQ,646.0,654.5,641.7,650.9,645.15,577285,3742.25,2026-09-11
TATAPOWER,EQ,364.8,367.4,362.95,364.65,367.0,2425732,8865.84,2026-09-11
TATASTEEL,EQ,184.0,184.24,180.79,183.0,186.78,31510206,57465.76,2026-09-11
TATATECH,EQ,774.0,777.0,758.1,762.15,779.05,871685,6675.87,2026-09-11
TATSILV,EQ,22.01,22.13,21.73,21.99,22.69,73279808,16082.19,2026-09-11
TATVA,EQ,1659.2,1659.6,1597.0,1608.7,1659.2,47765,772.13,2026-09-11
TBOTEK,EQ,1671.0,1687.0,1632.2,1679.5,1671.6,128318,2139.24,2026-09-11
TBZ,EQ,485.2,526.3,476.2,526.3,501.25,2734893,13575.14,2026-09-11
TCC,EQ,54.0,57.31,54.0,55.32,53.62,13756114,7671.7,2026-09-11
TCI,EQ,856.9,865.5,843.2,858.85,856.9,21578,184.71,2026-09-11
TCIEXP,EQ,535.1,535.1,509.0,514.6,535.4,32945,171.13,2026-09-11
TCPLPACK,EQ,3803.2,3911.8,3801.0,3871.0,3856.1,5134,198.34,2026-09-11
TCS,EQ,2185.5,2232.6,2185.5,2200.8,2204.1,2634124,58238.97,2026-09-11
TDPOWERSYS,EQ,760.0,812.8,743.05,804.9,762.75,4284956,33730.48,2026-09-11
TEAMGTY,EQ,243.8,243.8,235.0,235.0,235.32,1191,2.8,2026-09-11
TEAMLEASE,EQ,1252.0,1252.0,1232.3,1241.4,1253.9,14460,179.42,2026-09-11
TECH,EQ,31.7,32.5,31.5,31.78,31.7,27370,8.7,2026-09-11
TECHM,EQ,1519.3,1557.3,1518.6,1541.0,1525.8,2007328,30985.74,2026-09-11
TECHNOCRAF,EQ,459.15,459.8,425.5,442.3,439.4,2759682,12231.71,2026-09-11
TECHNOE,EQ,972.0,985.95,963.55,972.15,977.85,127552,1243.91,2026-09-11
TECHNVISN,EQ,4800.0,4800.5,4766.0,4788.0,4808.0,145,6.95,2026-09-11
TECILCHEM,EQ,9.77,9.77,9.2,9.6,9.43,9564,0.92,2026-09-11
TEGA,EQ,1721.0,1742.0,1677.0,1729.1,1721.6,278676,4757.85,2026-09-11
TEJASNET,EQ,546.0,560.4,539.4,552.65,549.8,2465801,13504.48,2026-09-11
TEMBO,EQ,56.9,57.0,56.0,56.08,57.12,1259812,708.8,2026-09-11
TEMPSENS,EQ,578.9,594.15,561.2,584.8,581.3,2352665,13642.11,2026-09-11
TENNIND,EQ,518.55,518.55,504.8,506.35,519.25,515274,2627.6,2026-09-11
TERAI,EQ,127.11,127.11,126.9,126.9,125.85,180,0.23,2026-09-11
TERASOFT,EQ,252.85,256.25,245.0,248.8,253.55,39096,97.62,2026-09-11
TEXINFRA,EQ,114.25,117.0,112.1,115.52,114.21,140099,161.37,2026-09-11
TEXMOPIPES,EQ,56.25,62.99,55.5,60.08,56.44,1133568,685.99,2026-09-11
TEXRAIL,EQ,117.44,118.8,113.65,117.81,117.77,2468362,2864.97,2026-09-11
TFCILTD,EQ,142.0,144.21,140.05,141.49,143.17,6496168,9216.37,2026-09-11
TFL,EQ,12.05,12.46,11.64,11.8,12.11,10799,1.27,2026-09-11
TGBHOTELS,EQ,9.86,9.9,9.31,9.7,9.86,42580,4.17,2026-09-11
TGVSL,EQ,107.45,107.45,105.12,105.91,107.45,70249,74.52,2026-09-11
THACKER,EQ,1045.0,1045.0,1000.0,1038.0,1045.0,9,0.09,2026-09-11
THAKDEV,EQ,130.65,139.8,125.35,128.15,138.99,660,0.84,2026-09-11
THANGAMAYL,EQ,5063.0,5158.0,5038.5,5126.0,5081.5,79789,4081.69,2026-09-11
THEINVEST,EQ,99.0,99.0,94.66,96.8,97.34,5797,5.64,2026-09-11
THEJO,EQ,2197.4,2231.9,2158.0,2192.6,2197.4,19444,427.8,2026-09-11
THELEELA,EQ,553.8,553.95,533.35,542.3,554.15,361329,1966.98,2026-09-11
THEMISMED,EQ,132.02,132.02,126.16,128.25,132.07,110605,141.92,2026-09-11
THERMAX,EQ,3611.0,3702.1,3589.5,3682.0,3645.4,84569,3097.4,2026-09-11
THOMASCOOK,EQ,107.5,109.25,106.12,108.63,108.35,462603,498.3,2026-09-11
THOMASCOTT,EQ,241.0,244.2,232.35,237.55,243.9,93348,221.68,2026-09-11
THYROCARE,EQ,552.0,555.95,545.0,549.7,557.7,394901,2175.61,2026-09-11
TI,EQ,525.0,529.45,520.05,521.6,535.75,316424,1658.87,2026-09-11
TIGERLOGS,EQ,27.11,28.42,26.95,27.16,27.73,76584,20.9,2026-09-11
TIIL,EQ,3135.0,3300.0,3107.9,3250.2,3157.1,40351,1298.53,2026-09-11
TIINDIA,EQ,2637.0,2637.1,2580.1,2606.1,2652.0,135215,3518.01,2026-09-11
TIMETECHNO,EQ,183.89,183.89,179.42,180.8,184.87,1260819,2278.83,2026-09-11
TIMEX,EQ,625.0,636.0,611.5,631.7,627.1,226422,1417.82,2026-09-11
TIMKEN,EQ,3297.2,3319.8,3210.1,3302.4,3297.2,43706,1427.68,2026-09-11
TINNARUBR,EQ,1025.0,1043.2,1004.1,1034.05,1028.6,33404,342.95,2026-09-11
TIPSFILMS,EQ,322.1,329.4,322.1,327.5,327.4,501,1.64,2026-09-11
TIPSMUSIC,EQ,657.1,668.45,650.05,661.55,658.4,252477,1669.37,2026-09-11
TIRUMALCHM,EQ,157.52,157.7,153.55,155.98,157.52,432083,671.61,2026-09-11
TITAGARH,EQ,852.0,853.1,833.2,842.15,859.2,463818,3895.7,2026-09-11
TITAN,EQ,4964.0,5015.0,4943.0,5009.5,5021.0,403235,20098.37,2026-09-11
TMB,EQ,918.0,920.0,904.0,910.9,923.65,89596,815.44,2026-09-11
TMCV,EQ,436.0,436.95,425.35,434.55,439.25,7109495,30803.83,2026-09-11
TMPV,EQ,299.75,304.4,296.5,301.1,300.5,7683193,23126.55,2026-09-11
TNIDETF,EQ,88.88,89.74,87.43,88.36,88.6,32712,28.98,2026-09-11
TNPETRO,EQ,133.0,146.0,126.41,128.9,133.14,5650401,7654.78,2026-09-11
TNPL,EQ,152.52,155.26,151.1,153.27,154.03,185071,283.96,2026-09-11
TNTELE,EQ,9.0,9.34,8.8,8.94,8.94,21111,1.9,2026-09-11
TOKYOPLAST,EQ,80.29,80.29,75.26,78.94,76.81,1713,1.34,2026-09-11
TOLINS,EQ,90.86,92.68,88.63,89.4,90.96,44120,39.6,2026-09-11
TOP100CASE,EQ,10.31,10.35,10.2,10.33,10.31,660684,68.05,2026-09-11
TOP10ADD,EQ,84.81,86.0,84.59,85.56,84.89,218951,186.87,2026-09-11
TOP15IETF,EQ,9.51,9.62,9.48,9.56,9.56,103972,9.92,2026-09-11
TOP20,EQ,8.65,8.67,8.59,8.65,8.65,62958,5.44,2026-09-11
TORNTPHARM,EQ,4929.0,4988.0,4894.0,4965.5,4930.0,263114,13009.4,2026-09-11
TORNTPOWER,EQ,1281.7,1300.4,1278.3,1297.6,1296.3,194814,2517.24,2026-09-11
TOYAMSL,EQ,0.64,0.66,0.63,0.66,0.63,1597779,10.27,2026-09-11
TPLPLASTEH,EQ,68.5,69.1,67.13,68.48,68.2,124603,84.9,2026-09-11
TRACXN,EQ,28.59,32.39,28.43,31.9,28.61,1039887,323.07,2026-09-11
TRANSCOR,EQ,25.05,25.48,24.0,25.39,25.05,5538,1.36,2026-09-11
TRANSRAILL,EQ,417.0,418.95,407.0,410.35,419.2,547873,2251.88,2026-09-11
TRAVELFOOD,EQ,1285.0,1285.0,1247.5,1253.6,1285.9,25521,320.77,2026-09-11
TREEHOUSE,EQ,6.28,6.3,5.9,6.14,5.95,11939,0.73,2026-09-11
TREJHARA,EQ,145.36,145.36,142.5,143.02,145.33,13989,20.05,2026-09-11
TREL,EQ,26.7,27.39,26.0,26.97,26.94,157483,42.31,2026-09-11
TRENT,EQ,2789.0,2816.0,2757.5,2802.4,2818.7,677898,18944.55,2026-09-11
TRF,EQ,221.0,223.0,218.6,222.05,220.8,12406,27.45,2026-09-11
TRIDENT,EQ,23.59,23.6,23.23,23.39,23.59,2078247,485.68,2026-09-11
TRIGYN,EQ,56.5,57.85,55.35,56.1,57.03,40050,22.57,2026-09-11
TRITONV,EQ,1133.4,1144.6,1059.3,1092.1,1133.3,4924,54.57,2026-09-11
TRITURBINE,EQ,560.85,572.8,552.5,569.65,560.85,613864,3447.58,2026-09-11
TRIVENI,EQ,263.95,264.0,254.0,255.4,263.95,744952,1918.74,2026-09-11
TRU,EQ,4.32,4.32,4.03,4.28,4.28,36038,1.54,2026-09-11
TRUALT,EQ,416.1,423.95,413.55,416.35,419.65,99815,417.64,2026-09-11
TSFINV,EQ,436.0,439.95,425.1,437.25,441.15,91968,397.02,2026-09-11
TTKHLTCARE,EQ,1139.0,1146.5,1112.1,1115.4,1134.4,34353,386.21,2026-09-11
TTKPRESTIG,EQ,540.2,540.2,527.45,537.3,540.2,39518,211.41,2026-09-11
TTL,EQ,6.8,6.8,6.32,6.66,6.73,488208,31.89,2026-09-11
TTML,EQ,35.81,35.81,35.31,35.6,35.91,1102640,391.6,2026-09-11
TURTLEMINT,EQ,131.99,136.87,129.84,136.12,131.84,589477,785.88,2026-09-11
TUTIALKA,EQ,58.45,59.89,57.79,59.19,58.48,4605,2.69,2026-09-11
TVSELECT,EQ,410.5,418.0,402.05,413.85,410.45,26088,106.85,2026-09-11
TVSHLTD,EQ,13239.0,13239.0,12876.0,13024.0,13134.0,2094,271.8,2026-09-11
TVSMOTOR,EQ,4081.0,4151.9,4062.8,4125.0,4121.5,454748,18723.07,2026-09-11
TVSSCS,EQ,130.01,135.25,127.0,130.49,128.73,2918654,3834.99,2026-09-11
TVSSRICHAK,EQ,5220.0,5250.5,4940.5,5146.0,5222.5,9142,468.94,2026-09-11
TVTODAY,EQ,109.7,109.98,108.0,109.3,109.7,18765,20.43,2026-09-11
TWCGOLDETF,EQ,151.8,152.92,147.0,150.58,152.05,10595,15.88,2026-09-11
UBL,EQ,1254.5,1263.5,1240.2,1256.1,1256.7,407531,5113.44,2026-09-11
UCOBANK,EQ,23.7,24.17,23.59,24.12,23.93,5092337,1220.55,2026-09-11
UDAYJEW,EQ,178.0,178.0,169.9,172.04,175.12,19771,34.18,2026-09-11
UDS,EQ,211.0,211.88,206.06,207.5,214.07,83336,173.37,2026-09-11
UEL,EQ,188.01,206.64,186.96,206.64,196.8,41410,82.65,2026-09-11
UFLEX,EQ,666.5,674.95,650.0,653.45,672.6,184116,1206.3,2026-09-11
UFO,EQ,63.31,63.65,62.11,62.63,63.08,7797,4.89,2026-09-11
UGARSUGAR,EQ,49.99,58.99,48.49,54.3,49.92,11275075,6324.34,2026-09-11
UGROCAP,EQ,83.0,84.54,81.5,83.66,83.17,244074,202.86,2026-09-11
UJJIVANSFB,EQ,65.9,66.08,64.7,65.54,66.52,9596521,6276.05,2026-09-11
ULTRACEMCO,EQ,10859.0,11060.0,10790.0,11000.0,10979.0,223277,24442.23,2026-09-11
ULTRAMAR,EQ,430.5,432.2,422.85,428.55,433.35,21619,92.37,2026-09-11
UMESLTD,EQ,4.99,5.02,4.7,4.97,5.01,28419,1.4,2026-09-11
UMIYA-MRO,EQ,94.0,97.45,93.44,96.23,94.84,7897,7.5,2026-09-11
UNICHEMLAB,EQ,528.7,544.2,522.05,539.7,532.7,59557,318.63,2026-09-11
UNIECOM,EQ,84.77,84.8,82.69,83.33,84.77,208793,173.74,2026-09-11
UNIENTER,EQ,92.0,92.98,91.01,91.32,91.55,1757,1.61,2026-09-11
UNIINFO,EQ,10.91,11.13,10.71,10.94,11.27,5048,0.55,2026-09-11
UNIMECH,EQ,1560.9,1614.9,1531.0,1610.0,1568.1,296742,4707.24,2026-09-11
UNIONBANK,EQ,177.1,179.65,175.53,178.1,179.2,7422504,13204.47,2026-09-11
UNIONGOLD,EQ,149.0,149.0,146.8,148.3,149.35,3579,5.3,2026-09-11
UNIPARTS,EQ,888.0,905.0,859.95,897.45,893.85,168282,1500.98,2026-09-11
UNITDSPR,EQ,1395.1,1407.2,1384.3,1395.0,1400.0,552853,7718.47,2026-09-11
UNITECH,EQ,4.22,4.22,4.06,4.17,4.22,3308451,136.4,2026-09-11
UNITEDPOLY,EQ,44.0,44.0,41.0,43.28,43.07,144169,62.62,2026-09-11
UNITEDTEA,EQ,434.9,439.6,421.7,432.95,435.8,1928,8.32,2026-09-11
UNIVCABLES,EQ,1540.0,1540.1,1485.0,1492.5,1556.9,129409,1943.73,2026-09-11
UNOMINDA,EQ,1217.0,1217.6,1199.5,1201.6,1224.8,374682,4525.65,2026-09-11
UPHOT,EQ,1424.0,1499.4,1424.0,1499.0,1428.0,64,0.94,2026-09-11
UPL,EQ,571.8,577.65,567.55,572.95,575.3,1449635,8308.94,2026-09-11
URBANCO,EQ,162.97,167.8,161.1,166.89,164.56,4314864,7134.35,2026-09-11
URJA,EQ,9.0,9.05,8.8,9.02,9.0,452061,40.61,2026-09-11
USHAMART,EQ,493.0,501.5,487.05,494.5,495.75,1607761,7943.54,2026-09-11
USK,EQ,20.74,21.1,20.51,20.64,20.56,10354,2.14,2026-09-11
UTIAMC,EQ,909.65,920.0,899.35,910.0,921.45,113860,1035.75,2026-09-11
UTKARSHBNK,EQ,14.76,14.76,14.29,14.52,14.8,14252337,2061.53,2026-09-11
UTLSOLAR,EQ,439.0,450.15,434.8,447.8,441.25,169862,754.58,2026-09-11
UTTAMSUGAR,EQ,279.2,287.0,275.8,279.85,282.4,205674,578.99,2026-09-11
V2RETAIL,EQ,217.5,219.03,212.57,218.0,218.13,879127,1900.46,2026-09-11
VADILALIND,EQ,7125.0,7217.0,6887.5,6960.5,7256.5,52588,3690.32,2026-09-11
VADILENT,EQ,10401.0,10501.0,10400.0,10400.0,10400.0,31,3.23,2026-09-11
VAIBHAVGBL,EQ,215.96,216.1,210.0,212.58,215.96,187970,399.28,2026-09-11
VAISHALI,EQ,8.22,9.42,8.22,8.77,8.57,392962,35.09,2026-09-11
VAKRANGEE,EQ,5.4,5.49,5.3,5.37,5.47,1038339,55.8,2026-09-11
VAL30IETF,EQ,15.01,15.1,14.86,15.02,15.06,223102,33.3,2026-09-11
VALUE,EQ,16.03,16.03,15.82,15.92,16.04,41013,6.53,2026-09-11
VALUEAXIS,EQ,33.03,33.03,32.26,32.47,32.54,66956,21.69,2026-09-11
VAML,EQ,431.25,432.0,416.25,421.75,437.05,11587958,48757.33,2026-09-11
VARDMNPOLY,EQ,6.0,6.0,5.88,5.94,5.94,66395,3.96,2026-09-11
VARROC,EQ,877.4,889.85,866.0,872.0,884.4,482620,4235.38,2026-09-11
VASCONEQ,EQ,30.15,30.34,29.62,30.08,30.15,205831,61.55,2026-09-11
VASWANI,EQ,46.01,47.99,45.67,45.88,46.41,13498,6.24,2026-09-11
VBL,EQ,406.8,417.15,403.0,416.5,410.5,9719304,40072.13,2026-09-11
VEDAVAAG,EQ,22.65,25.69,22.51,23.38,22.21,930326,225.32,2026-09-11
VEDL,EQ,264.0,264.85,256.5,263.7,269.05,11843976,31055.74,2026-09-11
VEDPOWER,EQ,33.8,33.94,33.34,33.62,33.96,5964281,2004.5,2026-09-11
VEEDOL,EQ,1437.7,1437.7,1422.0,1428.5,1437.7,8081,115.35,2026-09-11
VENKEYS,EQ,1690.0,1795.0,1676.2,1787.2,1706.7,254979,4494.62,2026-09-11
VENTIVE,EQ,569.7,577.95,560.05,574.7,569.8,34114,194.28,2026-09-11
VENUSPIPES,EQ,1948.0,2044.4,1909.4,2020.1,1949.1,301736,6015.52,2026-09-11
VERANDA,EQ,230.1,232.86,223.66,225.24,230.51,334713,755.75,2026-09-11
VERTOZ,EQ,39.43,39.43,38.0,38.38,39.42,43289,16.61,2026-09-11
VESUVIUS,EQ,412.3,415.65,408.55,413.05,416.1,31667,130.9,2026-09-11
VGCL,EQ,51.77,51.77,49.0,50.0,49.42,548,0.27,2026-09-11
VGL,EQ,57.96,69.33,54.62,66.82,57.78,2056842,1361.15,2026-09-11
VGUARD,EQ,326.4,327.0,318.05,323.7,328.75,303031,977.24,2026-09-11
VHL,EQ,3407.0,3483.4,3407.0,3447.9,3443.0,337,11.65,2026-09-11
VIDHIING,EQ,333.9,337.9,328.85,334.45,338.9,17238,57.6,2026-09-11
VIDYAWIRES,EQ,88.8,89.59,87.4,88.25,90.21,606031,535.94,2026-09-11
VIJAYA,EQ,1495.0,1517.4,1466.1,1502.0,1498.8,98574,1477.01,2026-09-11
VIJSOLX,EQ,649.8,649.8,610.0,633.7,625.9,503,3.16,2026-09-11
VIKASECO,EQ,1.06,1.06,1.04,1.05,1.05,1426919,15.01,2026-09-11
VIKASLIFE,EQ,1.23,1.24,1.22,1.22,1.23,1661197,20.37,2026-09-11
VIKRAMSOLR,EQ,165.52,167.84,165.15,166.86,165.61,1840186,3059.55,2026-09-11
VIKRAN,EQ,57.37,57.5,56.3,57.08,57.64,856569,487.22,2026-09-11
VIMTALABS,EQ,635.8,635.8,623.25,629.6,634.95,75010,471.64,2026-09-11
VINATIORGA,EQ,1313.0,1315.0,1289.5,1294.3,1312.4,64208,831.79,2026-09-11
VINCOFE,EQ,178.0,180.61,173.05,174.35,176.93,1851750,3255.61,2026-09-11
VINDHYATEL,EQ,2795.0,2865.5,2760.6,2813.5,2818.3,64033,1801.24,2026-09-11
VINEETLAB,EQ,37.09,37.57,35.01,37.02,35.79,71650,26.06,2026-09-11
VINNY,EQ,1.0,1.01,0.95,0.97,1.0,331980,3.27,2026-09-11
VINYLINDIA,EQ,221.63,224.0,219.02,219.93,221.63,4847,10.68,2026-09-11
VIPCLOTHNG,EQ,21.26,21.88,20.05,21.38,21.26,69320,14.61,2026-09-11
VIPIND,EQ,301.55,301.95,296.15,300.1,301.55,215768,645.43,2026-09-11
VIRAT,EQ,448.7,454.75,448.7,450.05,450.35,6401,28.82,2026-09-11
VIRINCHI,EQ,13.93,14.34,13.93,14.25,14.16,30033,4.26,2026-09-11
VISACHROME,EQ,36.39,36.39,34.8,35.03,34.9,12397,4.42,2026-09-11
VISAKAIND,EQ,91.15,91.37,89.31,90.45,91.91,142149,128.59,2026-09-11
VISHAL,EQ,17.85,18.8,17.85,18.36,18.17,76965,14.22,2026-09-11
VISHNU,EQ,724.45,724.45,708.2,713.95,723.8,101468,724.09,2026-09-11
VISHWARAJ,EQ,5.52,5.59,5.33,5.38,5.62,934016,50.71,2026-09-11
VISL,EQ,33.35,33.6,32.39,33.34,33.37,13476504,4449.03,2026-09-11
VITAL,EQ,55.99,55.99,54.06,55.65,55.96,2687,1.45,2026-09-11
VIVIANA,EQ,750.0,774.75,748.0,752.15,769.15,12940,97.91,2026-09-11
VIVIDHA,EQ,0.52,0.54,0.51,0.51,0.51,204897,1.07,2026-09-11
VIVOBIOT,EQ,17.0,17.37,16.5,17.13,16.99,33194,5.53,2026-09-11
VIYASH,EQ,259.3,259.35,253.5,257.6,260.45,1859725,4776.46,2026-09-11
VLEGOV,EQ,10.01,10.3,9.4,10.24,9.87,148242,14.95,2026-09-11
VLSFINANCE,EQ,242.05,246.38,241.0,244.0,244.68,12116,29.54,2026-09-11
VMART,EQ,814.0,820.8,803.85,808.95,817.8,67763,550.01,2026-09-11
VMM,EQ,102.6,102.65,101.06,101.71,103.4,7712844,7842.77,2026-09-11
VMSTMT,EQ,44.05,44.5,43.75,44.12,44.09,10687,4.72,2026-09-11
VOEPL,EQ,531.8,531.8,503.8,515.35,531.85,132543,680.61,2026-09-11
VOGL,EQ,36.5,37.44,35.85,36.71,36.37,38669198,14178.59,2026-09-11
VOITHPAPR,EQ,1440.0,1470.0,1440.0,1459.6,1484.7,347,5.04,2026-09-11
VOLTAMP,EQ,10800.0,11255.0,10672.0,11217.0,10924.0,22505,2482.08,2026-09-11
VOLTAS,EQ,1149.0,1169.0,1138.0,1165.0,1158.5,762254,8836.62,2026-09-11
VPRPL,EQ,36.4,37.0,35.8,36.17,37.12,413477,150.46,2026-09-11
VRAJ,EQ,125.3,126.5,124.0,125.5,126.31,31941,39.99,2026-09-11
VRLLOG,EQ,286.0,291.45,286.0,288.3,288.8,101854,293.62,2026-09-11
VSSL,EQ,389.1,405.0,381.25,397.45,392.0,621233,2445.56,2026-09-11
VSTIND,EQ,206.0,206.45,203.0,203.93,206.46,169400,346.17,2026-09-11
VSTL,EQ,118.45,122.8,117.0,119.71,120.17,8436,10.04,2026-09-11
VSTTILLERS,EQ,4082.0,4088.9,4026.3,4042.9,4081.3,6213,251.31,2026-09-11
VTL,EQ,572.6,573.3,557.7,566.2,575.6,200543,1134.18,2026-09-11
VTMLTD,EQ,53.24,53.24,46.83,48.42,52.72,58536,29.06,2026-09-11
WAAREEENER,EQ,2543.3,2635.0,2515.1,2625.0,2548.0,1067044,27545.27,2026-09-11
WAAREEINDO,EQ,259.8,261.95,251.0,251.95,258.25,206769,526.7,2026-09-11
WAAREERTL,EQ,831.0,836.95,821.5,831.95,833.85,89735,743.66,2026-09-11
WABAG,EQ,2195.0,2319.0,2164.6,2277.9,2211.8,2231415,50363.31,2026-09-11
WAKEFIT,EQ,152.75,158.2,150.45,155.13,152.44,732141,1136.27,2026-09-11
WALCHANNAG,EQ,207.0,214.74,203.5,210.1,208.92,1276691,2673.63,2026-09-11
WANBURY,EQ,240.0,240.4,234.75,239.35,241.45,59568,141.84,2026-09-11
WARDINMOBI,EQ,5.84,5.89,5.67,5.72,5.78,221210,12.69,2026-09-11
WATERBASE,EQ,46.53,47.24,45.7,46.54,46.55,9577,4.46,2026-09-11
WCIL,EQ,84.95,89.4,84.63,87.51,84.42,446170,390.23,2026-09-11
WEALTH,EQ,821.1,852.9,815.3,845.25,839.3,1525,12.84,2026-09-11
WEBELSOLAR,EQ,75.37,76.95,74.05,75.84,75.39,1825883,1382.4,2026-09-11
WEIZMANIND,EQ,74.0,74.0,70.5,71.71,71.57,2145,1.56,2026-09-11
WEL,EQ,72.0,72.85,70.7,72.34,74.2,401778,289.82,2026-09-11
WELCORP,EQ,2745.0,2761.8,2658.5,2676.6,2776.9,1221515,32922.2,2026-09-11
WELENT,EQ,797.95,797.95,777.0,786.2,797.95,250248,1965.97,2026-09-11
WELSPLSOL,EQ,56.0,56.21,54.51,55.59,56.42,525139,291.09,2026-09-11
WELSPUNLIV,EQ,208.0,208.9,203.52,207.68,210.5,2653493,5471.77,2026-09-11
WENDT,EQ,8660.0,8900.0,8461.0,8812.5,8669.5,28678,2510.72,2026-09-11
WESTLIFE,EQ,554.8,572.0,548.95,569.6,561.95,7221944,41130.56,2026-09-11
WEWIN,EQ,43.2,43.4,42.01,42.46,42.99,2714,1.16,2026-09-11
WEWORK,EQ,667.0,674.45,656.55,670.25,676.95,78098,520.8,2026-09-11
WHEELS,EQ,2288.1,2319.9,2215.2,2230.1,2313.0,386291,8682.75,2026-09-11
WHIRLPOOL,EQ,786.1,786.1,760.75,762.35,795.65,300241,2308.56,2026-09-11
WILLAMAGOR,EQ,24.61,24.61,23.5,24.18,24.49,593,0.14,2026-09-11
WINDLAS,EQ,1127.1,1141.9,1110.75,1129.25,1129.4,66749,753.61,2026-09-11
WINDMACHIN,EQ,299.0,304.95,292.0,300.65,298.9,53705,161.72,2026-09-11
WIPL,EQ,164.11,169.88,164.11,169.58,164.55,145,0.24,2026-09-11
WIPRO,EQ,165.2,167.75,165.16,167.4,166.3,8484897,14164.05,2026-09-11
WOCKPHARMA,EQ,2200.0,2237.0,2167.3,2179.4,2220.6,1109909,24336.69,2026-09-11
WONDERLA,EQ,518.75,530.45,504.1,520.95,519.05,73285,381.56,2026-09-11
WORTHPERI,EQ,150.0,150.0,144.5,145.82,149.96,7377,10.8,2026-09-11
WPIL,EQ,442.8,444.0,430.0,435.25,444.2,51726,224.65,2026-09-11
WSI,EQ,61.98,63.8,58.22,61.92,58.83,146840,89.94,2026-09-11
WSTCSTPAPR,EQ,703.0,722.4,691.05,713.8,710.1,271781,1931.45,2026-09-11
XCHANGING,EQ,63.98,64.94,61.78,62.34,63.62,82421,51.93,2026-09-11
XELPMOC,EQ,75.11,77.47,72.1,76.03,76.21,12608,9.47,2026-09-11
XPROINDIA,EQ,1269.8,1309.2,1239.2,1294.7,1265.5,50993,649.01,2026-09-11
XTGLOBAL,EQ,30.9,30.9,29.5,29.53,30.04,25934,7.7,2026-09-11
XTRANET,EQ,284.91,288.89,270.0,271.34,285.59,1232212,3414.31,2026-09-11
YASHO,EQ,3950.0,4250.0,3773.0,4187.5,3960.0,95474,3804.44,2026-09-11
YATHARTH,EQ,971.1,975.9,960.9,966.3,977.2,128509,1243.31,2026-09-11
YATRA,EQ,113.25,116.95,111.25,115.42,113.98,1430101,1634.29,2026-09-11
YESBANK,EQ,22.23,23.95,22.07,23.48,22.3,234792571,54699.71,2026-09-11
YOGI,EQ,162.9,169.0,155.0,157.13,155.37,3204,5.12,2026-09-11
YUKEN,EQ,1085.7,1124.85,1060.55,1113.75,1085.7,35432,390.03,2026-09-11
ZAGGLE,EQ,182.0,187.88,180.34,187.0,183.93,1685484,3123.52,2026-09-11
ZEEL,EQ,81.0,81.9,79.2,79.36,80.95,21161135,16945.94,2026-09-11
ZEEMEDIA,EQ,7.65,7.65,7.26,7.43,7.67,2297783,172.42,2026-09-11
ZENITHEXPO,EQ,206.0,206.0,205.0,205.0,204.98,17,0.03,2026-09-11
ZENITHSTL,EQ,6.13,6.35,5.73,5.85,5.99,88082,5.17,2026-09-11
ZENSARTECH,EQ,425.7,432.8,421.0,425.25,427.4,980587,4164.66,2026-09-11
ZENTEC,EQ,1740.0,1741.2,1707.1,1722.6,1749.9,273823,4710.61,2026-09-11
ZFCVINDIA,EQ,2514.9,2559.9,2490.0,2548.2,2528.4,49717,1258.13,2026-09-11
ZFSTEERING,EQ,742.0,773.7,723.0,764.75,743.4,18700,139.82,2026-09-11
ZIMLAB,EQ,137.18,141.5,132.0,139.22,136.43,119406,163.0,2026-09-11
ZODIAC,EQ,221.35,231.18,221.35,227.98,230.88,12124,27.46,2026-09-11
ZODIACLOTH,EQ,70.01,70.4,69.0,69.54,70.42,2956,2.05,2026-09-11
ZOTA,EQ,1100.0,1103.8,1081.0,1087.2,1099.5,22932,250.32,2026-09-11
ZSARACOM,EQ,11100.0,11190.0,10221.0,10797.0,11190.0,43,4.67,2026-09-11
ZUARI,EQ,221.01,221.01,218.02,220.42,223.04,62275,136.87,2026-09-11
ZUARIIND,EQ,270.0,276.8,265.0,273.15,271.5,49536,134.05,2026-09-11
ZYDUSLIFE,EQ,1114.0,1135.5,1104.6,1119.1,1117.8,1038797,11661.5,2026-09-11
ZYDUSWELL,EQ,567.85,570.0,545.3,552.0,566.3,210690,1174.74,2026-09-11
