SYMBOL,SERIES,OPEN_PRICE,HIGH_PRICE,LOW_PRICE,CLOSE_PRICE,PREV_CLOSE,TTL_TRD_QNTY,TURNOVER_LACS,DATE
20MICRONS,EQ,204.9,204.91,193.0,194.81,204.56,142707,281.73,2026-10-08
21STCENMGM,EQ,40.05,41.07,40.05,41.07,39.12,27836,11.41,2026-10-08
360ONE,EQ,1067.2,1068.3,1038.3,1041.1,1063.0,410285,4295.86,2026-10-08
3BBLACKBIO,EQ,1629.9,1629.9,1511.0,1530.0,1615.5,11870,183.33,2026-10-08
3MINDIA,EQ,30850.0,31050.0,29915.0,30025.0,30825.0,3002,912.41,2026-10-08
3PLAND,EQ,30.8,31.2,30.72,30.77,30.8,693,0.21,2026-10-08
5PAISA,EQ,353.0,353.15,335.55,338.2,348.0,38686,132.7,2026-10-08
63MOONS,EQ,786.8,789.55,759.15,761.55,783.2,149584,1152.24,2026-10-08
A2ZINFRA,EQ,13.91,13.91,13.58,13.72,14.1,234410,32.29,2026-10-08
AAATECH,EQ,108.3,109.39,103.0,103.44,106.79,319270,331.77,2026-10-08
AADHARHFC,EQ,455.05,455.8,443.85,450.55,455.05,178210,801.88,2026-10-08
AAKASH,EQ,8.39,8.4,8.0,8.2,8.24,53295,4.32,2026-10-08
AAREYDRUGS,EQ,106.24,108.79,103.37,103.89,108.81,436502,457.17,2026-10-08
AARON,EQ,122.45,124.88,120.2,121.05,122.5,5174,6.3,2026-10-08
AARTIDRUGS,EQ,417.8,431.65,411.3,414.0,417.55,246945,1037.65,2026-10-08
AARTIIND,EQ,493.2,502.6,476.0,478.05,491.25,700924,3420.62,2026-10-08
AARTIPHARM,EQ,956.0,958.05,868.25,879.05,953.35,1140881,10197.41,2026-10-08
AARVI,EQ,143.0,143.0,137.35,138.26,140.71,5006,7.0,2026-10-08
AASTHA,EQ,30.29,30.69,28.62,28.68,30.12,672748,194.46,2026-10-08
AAVAS,EQ,1229.4,1229.4,1182.0,1190.5,1231.7,43293,517.84,2026-10-08
ABANSENT,EQ,27.67,29.87,26.53,28.45,27.66,24469,6.89,2026-10-08
ABB,EQ,7005.0,7005.5,6750.0,6770.0,7005.0,155147,10632.02,2026-10-08
ABBOTINDIA,EQ,26090.0,26270.0,25475.0,25580.0,26095.0,5523,1426.47,2026-10-08
ABCAPITAL,EQ,373.2,374.75,367.8,368.65,372.1,4608495,17078.31,2026-10-08
ABCOTS,EQ,195.9,195.9,189.02,190.67,192.07,1925,3.66,2026-10-08
ABDL,EQ,699.8,714.8,680.85,693.45,694.25,845151,5901.22,2026-10-08
ABFRL,EQ,44.46,45.09,43.05,43.18,44.62,3988608,1746.19,2026-10-08
ABGSEC,EQ,112.99,112.99,112.99,112.99,112.99,2,0.0,2026-10-08
ABLBL,EQ,73.73,73.86,71.1,71.95,73.69,5937102,4321.61,2026-10-08
ABMKNO,EQ,164.41,164.99,155.0,161.27,169.0,5804,9.42,2026-10-08
ABREL,EQ,1049.4,1060.2,1011.6,1018.0,1049.4,187497,1920.18,2026-10-08
ABSL10BANK,EQ,162.72,162.82,160.69,161.32,163.61,779,1.26,2026-10-08
ABSLAMC,EQ,1012.05,1024.6,996.2,1004.9,1015.5,254248,2573.31,2026-10-08
ABSLBANETF,EQ,56.73,56.73,55.85,55.92,56.5,166965,93.66,2026-10-08
ABSLLIQUID,EQ,999.99,1000.01,999.99,1000.0,999.99,5791,57.91,2026-10-08
ABSLMSCIN,EQ,27.75,27.75,27.34,27.34,27.89,1338,0.37,2026-10-08
ABSLNN50ET,EQ,74.82,74.91,70.95,73.75,73.35,16688,12.06,2026-10-08
ABSLPSE,EQ,9.78,10.05,9.4,9.44,9.65,147191,13.95,2026-10-08
ACC,EQ,1164.1,1165.0,1125.1,1130.1,1165.5,139914,1599.67,2026-10-08
ACCELYA,EQ,1109.9,1109.9,1090.0,1094.4,1100.1,44431,488.19,2026-10-08
ACCURACY,EQ,4.2,4.25,4.02,4.12,4.17,56022,2.33,2026-10-08
ACE,EQ,1249.9,1249.9,1165.0,1179.8,1249.9,394361,4733.99,2026-10-08
ACEINTEG,EQ,17.0,17.15,16.45,16.45,16.84,837,0.14,2026-10-08
ACEVECTOR,EQ,32.42,33.27,28.38,29.12,31.11,75616274,23577.26,2026-10-08
ACGL,EQ,1703.8,1730.0,1670.0,1690.1,1703.8,654,11.03,2026-10-08
ACI,EQ,480.95,480.95,460.0,462.2,476.2,225917,1048.36,2026-10-08
ACL,EQ,39.2,39.93,38.82,38.97,39.41,6743,2.63,2026-10-08
ACMESOLAR,EQ,436.4,437.95,416.15,420.4,436.15,1067095,4506.82,2026-10-08
ACUTAAS,EQ,3174.6,3182.2,3036.0,3056.7,3174.2,358872,11056.45,2026-10-08
ADANIENSOL,EQ,1328.9,1328.9,1241.2,1251.5,1318.8,2431825,30738.42,2026-10-08
ADANIENT,EQ,2740.0,2743.0,2547.0,2596.0,2743.0,4400475,114554.74,2026-10-08
ADANIGREEN,EQ,1342.7,1344.8,1208.0,1235.7,1341.4,7489433,93170.57,2026-10-08
ADANIPORTS,EQ,1749.9,1749.9,1674.2,1708.0,1750.1,3344747,56674.2,2026-10-08
ADANIPOWER,EQ,196.0,196.49,184.05,188.0,196.94,46457240,87388.74,2026-10-08
ADDIND,EQ,75.39,78.8,72.0,72.46,73.88,3284,2.42,2026-10-08
ADFFOODS,EQ,292.0,292.0,278.1,288.3,291.7,118955,341.88,2026-10-08
ADL,EQ,72.5,73.95,70.41,73.64,72.29,137,0.1,2026-10-08
ADOR,EQ,1563.5,1563.5,1470.4,1486.1,1552.1,44086,661.23,2026-10-08
ADSL,EQ,102.77,105.0,98.1,98.42,102.04,183260,182.9,2026-10-08
ADVAIT,EQ,1910.8,1919.2,1860.2,1871.6,1910.8,32228,606.12,2026-10-08
ADVANCE,EQ,118.03,118.19,111.81,113.85,117.49,182223,208.27,2026-10-08
ADVANIHOTR,EQ,47.51,48.36,47.02,47.23,47.91,14310,6.78,2026-10-08
ADVENTHTL,EQ,122.66,122.67,116.8,118.45,121.77,134084,159.25,2026-10-08
ADVENZYMES,EQ,271.05,272.05,264.0,264.9,270.05,132497,353.02,2026-10-08
ADVIKCA,EQ,1.0,1.02,0.96,0.98,0.98,157493,1.56,2026-10-08
AEGISLOG,EQ,1473.9,1473.9,1372.7,1382.3,1460.2,880592,12354.44,2026-10-08
AEGISVOPAK,EQ,294.95,295.25,282.95,285.2,294.25,1013795,2925.01,2026-10-08
AEPL,EQ,15.29,15.84,14.65,14.85,15.04,8748,1.31,2026-10-08
AEQUS,EQ,287.75,289.4,265.6,268.0,288.15,5008002,13635.88,2026-10-08
AEROENTER,EQ,130.79,130.79,123.9,125.45,129.01,412189,518.01,2026-10-08
AEROFLEX,EQ,572.05,574.9,525.5,529.0,563.85,1597169,8641.13,2026-10-08
AERONEU,EQ,71.0,71.0,67.7,68.4,70.21,25597,17.72,2026-10-08
AEROPLANE,EQ,219.99,220.89,211.9,216.09,218.44,972495,2089.7,2026-10-08
AETHER,EQ,1787.6,1804.1,1736.9,1744.1,1787.6,198493,3514.02,2026-10-08
AFCONS,EQ,244.0,244.54,238.0,242.11,244.38,354259,855.49,2026-10-08
AFFLE,EQ,1438.0,1450.0,1388.1,1401.4,1436.0,151287,2136.85,2026-10-08
AFFORDABLE,EQ,167.0,167.0,157.0,158.28,165.3,11017,17.63,2026-10-08
AFIL,EQ,7.52,7.69,7.46,7.58,7.54,109416,8.31,2026-10-08
AFSL,EQ,201.0,201.5,201.0,201.0,201.0,2929,5.89,2026-10-08
AGARIND,EQ,391.7,391.7,360.1,369.15,388.9,90828,335.36,2026-10-08
AGARWALEYE,EQ,485.1,485.15,465.35,471.0,483.25,208641,988.25,2026-10-08
AGI,EQ,783.2,802.05,776.7,782.6,787.5,113112,890.26,2026-10-08
AGIIL,EQ,258.3,258.3,248.2,250.05,257.15,403792,1021.43,2026-10-08
AGL,EQ,14.5,14.5,12.05,12.15,12.63,3867954,490.59,2026-10-08
AGRITECH,EQ,89.6,95.81,88.0,92.99,87.1,11900,11.06,2026-10-08
AGROPHOS,EQ,22.75,23.69,21.66,21.89,23.38,32299,7.2,2026-10-08
AHCL,EQ,26.78,27.83,26.78,26.78,28.18,20145752,5427.06,2026-10-08
AHLADA,EQ,38.4,38.4,36.31,36.78,38.8,7177,2.64,2026-10-08
AHLEAST,EQ,135.63,136.0,132.05,132.78,134.95,760,1.01,2026-10-08
AHLUCONT,EQ,557.0,561.05,550.0,554.05,561.5,71412,395.78,2026-10-08
AIAENG,EQ,3851.0,3851.0,3726.9,3742.9,3858.0,34411,1295.97,2026-10-08
AIIL,EQ,547.9,554.95,545.0,550.1,549.65,115992,636.78,2026-10-08
AIRAN,EQ,15.5,15.5,14.7,14.95,15.32,151582,22.73,2026-10-08
AIROLAM,EQ,92.89,92.89,85.05,86.52,91.07,3891,3.4,2026-10-08
AJANTPHARM,EQ,3579.0,3580.4,3411.9,3435.6,3569.8,83212,2875.05,2026-10-08
AJAXENGG,EQ,579.0,586.25,567.7,571.25,582.75,75642,432.23,2026-10-08
AJMERA,EQ,117.0,117.79,115.5,115.77,117.99,245670,286.35,2026-10-08
AJOONI,EQ,3.0,3.07,2.99,3.01,3.01,245903,7.4,2026-10-08
AKASH,EQ,25.16,25.25,24.16,24.45,24.66,9427,2.33,2026-10-08
AKCAPIT,EQ,1730.3,1749.2,1689.4,1728.4,1747.2,1608,27.77,2026-10-08
AKG,EQ,9.38,9.49,9.31,9.4,9.38,5442,0.51,2026-10-08
AKSHAR,EQ,0.42,0.43,0.41,0.42,0.42,1065915,4.44,2026-10-08
AKUMS,EQ,816.6,831.95,773.2,786.7,822.55,301314,2391.8,2026-10-08
ALANKIT,EQ,7.59,7.85,7.58,7.6,7.71,159157,12.25,2026-10-08
ALBERTDAVD,EQ,810.0,817.3,781.0,793.9,812.75,6278,49.91,2026-10-08
ALEMBICLTD,EQ,103.39,103.48,99.01,99.72,103.57,602964,606.88,2026-10-08
ALFREDHE,EQ,2819.0,2819.0,2740.0,2740.0,2769.6,7,0.19,2026-10-08
ALGOQUANT,EQ,70.2,71.0,66.57,67.5,70.2,1585602,1082.76,2026-10-08
ALICON,EQ,904.9,904.9,847.05,859.0,901.4,55487,479.9,2026-10-08
ALIVUS,EQ,1370.2,1371.9,1320.3,1337.2,1370.2,82770,1110.64,2026-10-08
ALKEM,EQ,5407.0,5407.0,5237.5,5249.5,5350.5,281234,14863.84,2026-10-08
ALKYLAMINE,EQ,1915.4,1915.4,1815.0,1827.3,1918.9,85427,1588.57,2026-10-08
ALLCARGO,EQ,10.28,10.28,9.93,9.99,10.28,4301600,433.43,2026-10-08
ALLDIGI,EQ,782.3,787.45,774.0,782.75,783.8,6869,53.76,2026-10-08
ALLTIME,EQ,184.43,185.33,174.3,175.43,184.43,105803,187.4,2026-10-08
ALOKINDS,EQ,8.5,9.47,8.24,9.0,8.29,148792635,13531.82,2026-10-08
ALPA,EQ,56.56,58.49,56.0,56.38,57.71,9222,5.24,2026-10-08
ALPHA,EQ,51.8,53.19,51.49,51.64,52.84,1800923,933.59,2026-10-08
ALPHAETF,EQ,25.53,25.53,24.7,24.75,25.49,897897,223.96,2026-10-08
ALPINETEX,EQ,46.64,46.64,44.8,45.11,46.04,106955,48.53,2026-10-08
ALPL30IETF,EQ,25.78,25.81,25.2,25.31,25.78,185598,47.24,2026-10-08
ALUFLUOR,EQ,658.15,661.95,640.0,645.0,649.15,8809,56.71,2026-10-08
AMAGI,EQ,559.1,570.0,554.75,555.3,561.45,136933,766.49,2026-10-08
AMAL,EQ,813.35,813.35,762.1,774.8,798.05,19308,152.33,2026-10-08
AMARJOTHI,EQ,147.95,151.95,147.2,147.3,147.12,481,0.72,2026-10-08
AMBER,EQ,6839.5,6839.5,6550.0,6555.0,6925.0,241576,16088.58,2026-10-08
AMBICAAGAR,EQ,23.99,23.99,22.25,23.31,23.53,8020,1.85,2026-10-08
AMBIKCO,EQ,1515.6,1539.0,1479.5,1483.3,1504.9,4347,64.81,2026-10-08
AMBUJACEM,EQ,356.9,357.25,341.0,341.0,356.9,2489181,8673.46,2026-10-08
AMJLAND,EQ,36.45,37.68,36.45,36.66,37.35,4161,1.54,2026-10-08
AMNPLST,EQ,172.6,178.8,163.35,165.87,172.6,16346,27.42,2026-10-08
AMRUTANJAN,EQ,521.0,523.0,502.0,503.05,521.55,49550,254.37,2026-10-08
ANANDRATHI,EQ,2139.0,2155.9,2064.3,2138.9,2127.2,1335549,28327.22,2026-10-08
ANANTRAJ,EQ,615.0,616.9,567.55,582.5,612.15,1898871,11307.46,2026-10-08
ANDHRAPAP,EQ,70.13,70.16,67.0,67.45,70.07,203935,138.86,2026-10-08
ANDHRSUGAR,EQ,94.43,94.43,88.34,89.83,93.37,321145,293.41,2026-10-08
ANDREWYU,EQ,24.65,24.87,24.16,24.3,24.63,51601,12.61,2026-10-08
ANGELONE,EQ,300.2,301.95,293.15,295.0,302.0,7127359,21181.05,2026-10-08
ANIKINDS,EQ,44.52,45.2,41.55,42.2,45.65,23962,10.22,2026-10-08
ANNAPURNA,EQ,131.5,131.5,121.6,124.0,129.4,41485,53.18,2026-10-08
ANNU,EQ,45.64,47.26,45.05,46.33,45.53,600436,278.13,2026-10-08
ANSALBU,EQ,84.0,86.19,81.6,82.42,84.5,2409,2.05,2026-10-08
ANTELOPUS,EQ,1141.0,1141.0,1095.0,1105.8,1130.2,194209,2163.31,2026-10-08
ANTGRAPHIC,EQ,0.71,0.71,0.69,0.69,0.7,72152,0.5,2026-10-08
ANTHEM,EQ,887.9,892.0,866.0,872.55,887.05,324946,2849.65,2026-10-08
ANUHPHR,EQ,84.4,86.1,81.1,81.79,85.51,75558,62.56,2026-10-08
ANUP,EQ,1545.0,1555.9,1490.0,1498.2,1547.0,19281,291.37,2026-10-08
ANURAS,EQ,1165.2,1170.9,1082.3,1097.7,1165.1,588879,6577.23,2026-10-08
AONEGOLD,EQ,13.85,13.85,13.64,13.66,13.69,502418,68.71,2026-10-08
AONELIQUID,EQ,1080.17,1080.18,1080.15,1080.17,1080.02,15727,169.88,2026-10-08
AONENIFTY,EQ,9.57,9.57,9.18,9.21,9.34,238034,21.98,2026-10-08
AONESILVER,EQ,8.35,8.39,8.22,8.25,8.36,597026,49.38,2026-10-08
AONESTEELS,EQ,420.35,426.55,401.8,416.95,420.35,535838,2224.67,2026-10-08
AONETMMQ50,EQ,10.04,10.04,9.76,9.79,10.0,37707,3.71,2026-10-08
AONETOTAL,EQ,11.39,11.39,11.05,11.07,11.3,347534,38.79,2026-10-08
APARINDS,EQ,18296.0,18375.0,17600.0,17816.0,18160.0,99697,17838.35,2026-10-08
APCL,EQ,94.49,94.49,90.55,92.87,92.64,3010,2.79,2026-10-08
APCOTEXIND,EQ,597.0,598.7,575.0,576.9,592.7,59990,348.61,2026-10-08
APEX,EQ,343.4,343.4,328.55,330.6,343.4,72204,241.39,2026-10-08
APLAPOLLO,EQ,2125.0,2125.0,2040.0,2040.0,2135.0,253118,5258.58,2026-10-08
APLLTD,EQ,833.8,835.1,797.95,800.5,833.8,171505,1382.78,2026-10-08
APOLLO,EQ,413.95,415.65,391.7,395.15,414.75,6111236,24304.11,2026-10-08
APOLLOHOSP,EQ,7869.5,7892.0,7607.5,7666.0,7917.0,928942,71419.42,2026-10-08
APOLLOPIPE,EQ,528.75,530.6,503.35,506.9,531.45,62109,318.84,2026-10-08
APOLLOTYRE,EQ,406.25,406.85,398.65,401.7,407.6,400584,1612.04,2026-10-08
APOLSINHOT,EQ,1161.2,1180.0,1149.9,1159.1,1178.3,1070,12.39,2026-10-08
APTECHT,EQ,87.0,87.59,84.75,85.05,86.87,73175,62.67,2026-10-08
APTUS,EQ,219.9,223.0,216.0,216.92,219.46,2083763,4571.01,2026-10-08
AQYLON,EQ,16.0,16.2,15.67,15.77,15.79,200438,31.81,2026-10-08
ARCHIDPLY,EQ,104.75,104.75,100.51,101.0,102.73,11049,11.38,2026-10-08
ARCHIES,EQ,12.42,12.42,12.0,12.01,12.42,2576,0.31,2026-10-08
ARCIL,EQ,164.9,164.9,150.1,156.18,160.31,6175518,9645.45,2026-10-08
ARCL,EQ,241.4,241.4,211.5,221.87,229.99,1607,3.6,2026-10-08
ARDEE,EQ,50.75,50.87,48.58,48.96,50.79,1426456,704.44,2026-10-08
ARE&M,EQ,733.05,740.6,715.0,720.3,733.25,437641,3187.15,2026-10-08
ARENTERP,EQ,31.52,33.09,31.52,32.87,32.44,250,0.08,2026-10-08
ARFIN,EQ,104.29,112.69,102.6,107.52,103.06,18357661,19786.0,2026-10-08
ARIHANT,EQ,927.0,940.8,904.35,939.75,929.9,2464,22.93,2026-10-08
ARIHANTCAP,EQ,98.5,98.5,95.06,95.62,97.38,749697,724.78,2026-10-08
ARIHANTSUP,EQ,235.6,235.6,217.48,219.51,231.18,7208,16.13,2026-10-08
ARIS,EQ,142.5,142.97,134.58,136.42,142.31,548947,763.17,2026-10-08
ARKADE,EQ,120.98,120.98,117.0,117.67,119.73,292344,346.88,2026-10-08
ARMANFIN,EQ,1740.0,1750.9,1700.0,1703.9,1741.2,27644,473.55,2026-10-08
ARMEE,EQ,271.0,273.3,252.25,256.4,269.95,524567,1374.46,2026-10-08
AROGRANITE,EQ,22.54,22.89,22.26,22.76,22.53,4137,0.94,2026-10-08
ARROWGREEN,EQ,899.9,899.9,841.05,847.45,893.35,32294,277.75,2026-10-08
ARSSBL,EQ,574.0,574.0,535.0,537.55,571.15,320882,1772.96,2026-10-08
ARTEMISMED,EQ,319.2,319.2,307.65,308.45,318.3,339500,1054.06,2026-10-08
ARTNIRMAN,EQ,40.23,41.27,37.6,38.0,40.13,1446,0.56,2026-10-08
ARVEE,EQ,210.26,220.0,210.0,212.08,211.79,4739,10.22,2026-10-08
ARVIND,EQ,528.1,528.1,500.45,510.5,529.3,1030883,5254.83,2026-10-08
ARVINDFASN,EQ,398.0,400.25,389.15,392.1,397.95,236141,929.43,2026-10-08
ARVSMART,EQ,609.25,624.0,600.0,608.5,612.5,62833,381.24,2026-10-08
ARYAMAN,EQ,610.0,610.0,610.0,610.0,610.0,24,0.15,2026-10-08
ASAHIINDIA,EQ,980.05,980.05,934.0,938.8,976.25,75267,716.23,2026-10-08
ASAL,EQ,423.3,423.95,391.4,395.55,423.3,40416,162.42,2026-10-08
ASALCBR,EQ,587.05,590.7,567.0,573.2,590.1,57765,333.14,2026-10-08
ASHAPURMIN,EQ,488.2,491.45,467.55,469.35,488.0,370650,1768.12,2026-10-08
ASHIANA,EQ,379.2,379.2,369.0,372.25,379.2,32813,122.49,2026-10-08
ASHIMASYN,EQ,14.51,14.93,13.5,14.08,14.51,181130,25.52,2026-10-08
ASHOKA,EQ,104.03,104.08,101.1,101.4,104.03,723525,737.25,2026-10-08
ASHOKAMET,EQ,14.81,14.99,14.46,14.6,14.61,12937,1.89,2026-10-08
ASHOKLEY,EQ,149.5,149.8,144.52,145.02,149.2,15971379,23290.05,2026-10-08
ASIANENE,EQ,481.0,481.0,453.3,459.45,480.15,262784,1215.26,2026-10-08
ASIANHOTNR,EQ,339.0,339.25,325.0,329.5,330.25,4470,14.69,2026-10-08
ASIANPAINT,EQ,2364.4,2367.0,2311.6,2311.6,2372.1,652405,15237.81,2026-10-08
ASIANTILES,EQ,47.62,47.62,45.5,45.79,47.19,730857,336.64,2026-10-08
ASIANTNE,EQ,9.07,9.19,8.05,8.21,9.07,28744,2.41,2026-10-08
ASKAUTOLTD,EQ,628.75,628.75,588.0,594.6,626.55,217664,1315.51,2026-10-08
ASMS,EQ,6.08,6.08,5.8,5.81,5.95,111580,6.56,2026-10-08
ASPINWALL,EQ,243.5,248.98,236.72,241.52,241.65,8527,20.53,2026-10-08
ASSAMENT,EQ,789.55,789.55,789.55,789.55,789.55,10,0.08,2026-10-08
ASTAR,EQ,652.0,652.0,640.0,641.6,645.05,30,0.19,2026-10-08
ASTEC,EQ,740.0,740.0,710.1,714.75,748.2,34972,251.74,2026-10-08
ASTERDM,EQ,677.1,682.65,674.9,677.15,680.3,1342683,9097.41,2026-10-08
ASTRAL,EQ,1428.0,1452.0,1408.5,1408.5,1427.7,579289,8287.96,2026-10-08
ASTRAMICRO,EQ,1700.0,1701.1,1625.0,1630.8,1701.1,260781,4313.49,2026-10-08
ASTRAZEN,EQ,5950.5,5950.5,5675.0,5719.5,5918.0,6824,394.68,2026-10-08
ATALREAL,EQ,11.97,12.65,11.52,11.63,12.12,2019970,243.94,2026-10-08
ATAM,EQ,55.95,55.96,54.03,54.91,55.26,2602,1.42,2026-10-08
ATGL,EQ,585.0,585.0,560.0,562.2,581.9,736398,4199.63,2026-10-08
ATHERENERG,EQ,1454.5,1469.0,1386.0,1406.0,1455.0,2833297,40051.28,2026-10-08
ATL,EQ,25.99,26.27,24.8,25.18,25.67,332015,84.19,2026-10-08
ATLANTAA,EQ,36.19,36.5,34.61,35.15,35.47,28140,9.96,2026-10-08
ATLANTAELE,EQ,1896.0,1911.9,1755.0,1806.6,1875.8,336989,6102.56,2026-10-08
ATLASCYCLE,EQ,91.0,93.2,91.0,91.53,92.1,2671,2.46,2026-10-08
ATUL,EQ,6015.5,6022.0,5904.0,5923.0,5999.5,25841,1541.97,2026-10-08
ATULAUTO,EQ,429.7,432.0,407.1,410.35,426.25,93982,390.96,2026-10-08
AUBANK,EQ,997.9,997.9,974.0,975.0,993.4,973635,9555.84,2026-10-08
AUGMONT,EQ,1229.0,1277.0,1210.1,1274.1,1216.2,807492,10025.62,2026-10-08
AURIONPRO,EQ,616.8,624.3,595.0,596.55,612.8,110437,669.55,2026-10-08
AUROPHARMA,EQ,1679.1,1681.9,1641.0,1645.0,1682.0,439291,7257.28,2026-10-08
AURUM,EQ,231.7,235.8,223.66,227.39,231.2,92988,212.39,2026-10-08
AURUS,EQ,4.39,4.39,4.22,4.29,4.29,4562,0.2,2026-10-08
AUSOMENT,EQ,143.0,147.0,135.41,143.29,141.68,11429,16.1,2026-10-08
AUSTENG,EQ,161.74,164.67,150.61,151.39,161.74,10101,15.84,2026-10-08
AUTOAXLES,EQ,1648.5,1656.4,1605.7,1608.8,1651.4,7522,121.62,2026-10-08
AUTOBEES,EQ,260.91,261.26,254.0,254.92,260.91,354659,910.51,2026-10-08
AUTOIETF,EQ,26.14,26.14,25.45,25.53,26.14,762845,196.24,2026-10-08
AUTOIND,EQ,83.0,83.39,79.01,80.06,83.38,72173,58.16,2026-10-08
AVADHSUGAR,EQ,951.0,978.8,916.2,939.55,937.55,519526,4904.13,2026-10-08
AVALON,EQ,2429.7,2432.5,2272.3,2302.0,2429.7,267746,6271.35,2026-10-08
AVANCE,EQ,0.78,0.79,0.77,0.78,0.78,3823054,29.73,2026-10-08
AVANTEL,EQ,153.2,153.2,145.0,145.31,153.28,998810,1474.08,2026-10-08
AVANTIFEED,EQ,723.05,724.8,695.0,698.65,722.3,154178,1090.39,2026-10-08
AVG,EQ,172.9,172.9,160.55,161.98,169.65,15027,24.85,2026-10-08
AVL,EQ,620.0,623.1,595.6,604.45,621.1,82911,501.3,2026-10-08
AVONMORE,EQ,13.29,13.29,12.31,12.43,12.8,56134,7.03,2026-10-08
AVROIND,EQ,6.18,6.29,5.61,5.87,6.13,294136,17.29,2026-10-08
AVTNPL,EQ,89.4,89.8,85.1,85.45,88.75,148749,128.46,2026-10-08
AWFIS,EQ,253.04,253.04,235.75,238.12,250.75,465552,1117.9,2026-10-08
AWHCL,EQ,348.7,348.75,335.25,339.25,348.7,124721,423.58,2026-10-08
AWL,EQ,186.25,188.0,181.6,182.81,187.11,1298637,2395.04,2026-10-08
AXISBANK,EQ,1244.7,1257.0,1232.6,1245.0,1242.5,7360960,91639.8,2026-10-08
AXISCADES,EQ,2245.0,2245.0,2063.5,2077.6,2245.6,333272,7006.46,2026-10-08
AXITA,EQ,7.53,7.53,7.4,7.41,7.44,265685,19.74,2026-10-08
AXTEL,EQ,432.05,439.75,432.05,432.8,435.5,5717,24.83,2026-10-08
AYE,EQ,166.63,170.37,158.85,160.79,167.63,822596,1349.58,2026-10-08
AYMSYNTEX,EQ,276.55,278.6,271.15,271.75,277.5,44664,122.1,2026-10-08
AZAD,EQ,3051.0,3052.7,2863.1,2883.7,3048.2,603234,17706.68,2026-10-08
AZADIND,EQ,85.99,85.99,81.0,82.56,82.85,20151,16.65,2026-10-08
BAGFILMS,EQ,4.14,4.16,4.04,4.07,4.12,117938,4.81,2026-10-08
BAIDFIN,EQ,10.46,10.73,9.9,10.17,10.21,60974,6.26,2026-10-08
BAJAJ-AUTO,EQ,9840.0,9894.0,9637.0,9637.0,9884.0,198806,19351.57,2026-10-08
BAJAJCON,EQ,485.0,509.8,480.3,489.15,483.0,972259,4822.01,2026-10-08
BAJAJELEC,EQ,299.15,300.15,289.05,290.05,300.7,141208,414.0,2026-10-08
BAJAJFINSV,EQ,1727.3,1738.6,1700.0,1708.0,1743.3,1193738,20436.93,2026-10-08
BAJAJHCARE,EQ,323.9,324.0,311.2,314.85,323.3,100994,318.75,2026-10-08
BAJAJHFL,EQ,84.08,84.22,81.9,82.14,84.08,3402612,2820.83,2026-10-08
BAJAJHIND,EQ,20.94,21.12,19.86,20.04,21.05,15262142,3124.49,2026-10-08
BAJAJHLDNG,EQ,10630.0,10860.0,10600.0,10600.0,10662.0,54532,5859.43,2026-10-08
BAJAJINDEF,EQ,203.96,205.38,197.5,199.24,203.96,12059,24.18,2026-10-08
BAJAJST,EQ,328.0,333.95,322.1,324.3,331.4,10062,32.87,2026-10-08
BAJEL,EQ,162.49,162.49,155.0,156.63,162.34,231341,364.8,2026-10-08
BAJFINANCE,EQ,956.5,962.75,946.3,955.95,963.85,9368412,89417.14,2026-10-08
BALAJEE,EQ,24.39,25.0,23.02,23.77,23.97,55242,13.05,2026-10-08
BALAJITELE,EQ,89.84,90.06,85.35,86.08,89.18,95182,82.76,2026-10-08
BALAMINES,EQ,2156.0,2168.4,2078.0,2085.5,2155.9,254861,5372.56,2026-10-08
BALAXI,EQ,22.81,23.4,21.05,22.09,22.38,61447,13.89,2026-10-08
BALKRISHNA,EQ,15.9,16.38,15.67,15.73,16.0,6065,0.96,2026-10-08
BALKRISIND,EQ,2014.8,2027.8,1976.6,1996.9,2006.6,189701,3785.47,2026-10-08
BALMLAWRIE,EQ,159.4,159.4,155.75,156.08,158.88,129306,202.67,2026-10-08
BALRAMCHIN,EQ,704.45,717.25,681.75,689.45,706.6,1408394,9885.92,2026-10-08
BALUFORGE,EQ,509.4,509.4,487.0,489.45,507.5,555173,2738.23,2026-10-08
BANARBEADS,EQ,110.27,112.99,110.27,110.28,110.27,1142,1.26,2026-10-08
BANARISUG,EQ,3386.9,3386.9,3300.0,3300.0,3375.3,1106,36.57,2026-10-08
BANCOINDIA,EQ,601.05,605.35,588.0,588.9,600.2,55576,330.21,2026-10-08
BANDHANBNK,EQ,163.29,163.29,154.13,155.54,162.99,14678826,23054.39,2026-10-08
BANG,EQ,33.65,34.24,32.15,33.7,33.64,27413,9.18,2026-10-08
BANK10ADD,EQ,16.26,16.64,16.05,16.19,16.35,1685591,274.35,2026-10-08
BANK10BETF,EQ,20.1,20.34,19.51,19.61,20.15,51268,10.23,2026-10-08
BANKA,EQ,67.29,70.0,66.6,68.35,67.97,2311,1.58,2026-10-08
BANKADD,EQ,56.25,56.4,55.8,55.86,56.5,14529,8.15,2026-10-08
BANKBARODA,EQ,234.55,239.4,233.07,234.0,234.55,14608595,34530.86,2026-10-08
BANKBEES,EQ,568.11,576.6,563.51,564.48,570.22,863939,4888.28,2026-10-08
BANKBETA,EQ,56.79,57.24,56.29,56.37,57.03,214568,121.35,2026-10-08
BANKBETF,EQ,56.31,56.31,55.4,55.41,56.09,26657,14.84,2026-10-08
BANKETF,EQ,562.7,562.7,555.05,555.21,561.26,22556,125.72,2026-10-08
BANKIETF,EQ,56.59,56.66,55.93,55.99,56.59,255389,143.71,2026-10-08
BANKINDIA,EQ,134.0,135.49,131.9,132.35,133.55,5494158,7348.29,2026-10-08
BANKNIFTY1,EQ,57.1,57.42,56.53,56.63,57.1,238345,135.34,2026-10-08
BANKPSU,EQ,81.57,82.18,80.73,80.87,81.6,15812,12.9,2026-10-08
BANSALWIRE,EQ,328.75,329.0,309.7,313.2,324.0,189053,601.19,2026-10-08
BANSWRAS,EQ,105.96,105.96,101.71,102.16,105.44,8825,9.12,2026-10-08
BASF,EQ,3470.0,3470.0,3336.0,3346.8,3453.8,12322,418.12,2026-10-08
BASML,EQ,22.51,22.91,19.65,20.74,22.69,579977,119.78,2026-10-08
BATAINDIA,EQ,617.1,617.1,601.0,603.35,615.1,91894,557.97,2026-10-08
BATLIBOI,EQ,97.8,97.8,89.0,93.98,94.8,58777,54.07,2026-10-08
BAYERCROP,EQ,3510.0,3522.3,3366.3,3381.6,3491.5,46172,1573.92,2026-10-08
BBETF0432,EQ,1332.5,1341.83,1332.5,1337.13,1337.0,1249,16.71,2026-10-08
BBL,EQ,2050.0,2084.8,2009.0,2075.3,2042.0,24984,510.61,2026-10-08
BBNPNBETF,EQ,54.35,55.71,54.35,54.8,55.46,2025,1.12,2026-10-08
BBNPPGOLD,EQ,142.3,142.6,141.4,141.65,141.6,937,1.33,2026-10-08
BBOX,EQ,901.0,913.6,851.2,856.55,884.85,1783271,15634.74,2026-10-08
BBTC,EQ,1269.4,1269.4,1215.1,1224.6,1269.4,95885,1183.52,2026-10-08
BBTCL,EQ,231.83,234.1,221.91,225.54,225.66,18589,42.16,2026-10-08
BCG,EQ,9.08,9.2,8.95,8.99,9.08,5967212,539.74,2026-10-08
BCLIND,EQ,31.5,31.82,29.5,29.88,31.55,836004,253.02,2026-10-08
BCONCEPTS,EQ,141.0,144.9,138.42,142.47,143.73,9968,14.18,2026-10-08
BCPL,EQ,66.2,67.2,64.8,64.91,66.43,11491,7.51,2026-10-08
BDL,EQ,1083.7,1087.6,1047.7,1050.5,1085.0,853117,9041.77,2026-10-08
BEARDSELL,EQ,22.54,22.68,21.75,21.77,22.22,39298,8.61,2026-10-08
BECTORFOOD,EQ,210.58,211.52,201.0,205.64,211.07,1021466,2093.86,2026-10-08
BEDMUTHA,EQ,110.0,113.5,108.0,108.5,110.08,1657,1.82,2026-10-08
BEEKAY,EQ,434.0,438.0,415.3,421.05,440.05,684,2.92,2026-10-08
BEL,EQ,378.0,378.1,366.2,367.3,378.3,13373488,49519.47,2026-10-08
BELLACASA,EQ,259.0,259.93,245.0,246.27,251.77,10817,27.24,2026-10-08
BELRISE,EQ,246.31,246.6,233.27,234.8,246.31,1764665,4206.49,2026-10-08
BEML,EQ,2010.0,2012.0,1908.0,1911.2,2006.2,188955,3677.47,2026-10-08
BENARAS,EQ,10112.0,10290.0,10112.0,10200.0,10201.0,62,6.31,2026-10-08
BENGALASM,EQ,6001.5,6034.0,5900.0,5901.5,6036.0,203,12.1,2026-10-08
BEPL,EQ,127.5,128.36,123.02,123.44,127.61,1029919,1285.36,2026-10-08
BERGEPAINT,EQ,465.9,471.0,462.45,467.95,463.9,545378,2552.16,2026-10-08
BESTAGRO,EQ,17.71,17.76,16.72,16.88,17.59,489980,84.06,2026-10-08
BETA,EQ,2000.0,2000.0,1890.0,1898.0,1991.4,24558,471.99,2026-10-08
BFINVEST,EQ,441.2,441.2,425.0,426.0,439.1,10716,46.05,2026-10-08
BFSI,EQ,26.11,26.11,25.55,25.6,25.99,98232,25.25,2026-10-08
BFUTILITIE,EQ,493.05,495.75,468.1,471.05,496.2,62569,299.14,2026-10-08
BHAGCHEM,EQ,232.99,235.0,220.2,222.87,235.82,481702,1114.15,2026-10-08
BHAGERIA,EQ,387.0,387.0,365.0,367.0,377.55,160878,596.66,2026-10-08
BHANDARI,EQ,2.83,2.84,2.75,2.76,2.78,81208,2.27,2026-10-08
BHARATCOAL,EQ,32.0,32.09,31.2,31.31,32.09,3090614,974.48,2026-10-08
BHARATFORG,EQ,1836.7,1842.0,1778.0,1790.6,1841.8,484831,8721.82,2026-10-08
BHARATRAS,EQ,992.4,995.2,958.0,966.8,985.2,13280,129.59,2026-10-08
BHARATSE,EQ,204.97,204.97,199.03,200.84,204.59,85980,172.8,2026-10-08
BHARATWIRE,EQ,171.99,171.99,164.1,165.73,171.99,153125,256.81,2026-10-08
BHARTIARTL,EQ,1847.8,1847.8,1789.7,1804.6,1833.9,6582419,119264.97,2026-10-08
BHARTIHEXA,EQ,1470.0,1538.0,1467.9,1500.7,1477.9,373610,5646.77,2026-10-08
BHEL,EQ,448.8,451.45,429.45,429.6,448.5,12838774,56409.57,2026-10-08
BIGBLOC,EQ,36.3,36.9,34.46,34.63,36.47,76141,26.94,2026-10-08
BIKAJI,EQ,483.4,488.05,466.75,468.65,483.55,146925,697.47,2026-10-08
BIL,EQ,1073.95,1076.85,1042.65,1048.55,1072.9,7802,82.45,2026-10-08
BIMETAL,EQ,635.0,640.05,635.0,638.0,640.65,96,0.61,2026-10-08
BIOCON,EQ,360.5,361.15,347.2,350.0,360.0,2135284,7502.97,2026-10-08
BIOFILCHEM,EQ,30.01,30.8,28.55,29.52,30.43,10323,3.06,2026-10-08
BIRLACABLE,EQ,384.0,384.0,365.8,366.9,385.05,319579,1190.35,2026-10-08
BIRLACORPN,EQ,811.85,816.95,790.2,794.85,814.4,32855,263.59,2026-10-08
BIRLAMONEY,EQ,119.98,119.98,111.35,113.14,118.98,30200,34.46,2026-10-08
BIRLANU,EQ,1331.0,1331.7,1271.4,1284.7,1321.3,14128,181.81,2026-10-08
BLACKBUCK,EQ,617.0,617.95,586.5,587.6,616.4,195194,1166.41,2026-10-08
BLACKROSE,EQ,112.9,112.9,107.0,107.27,110.78,13828,14.98,2026-10-08
BLAL,EQ,156.8,160.0,154.59,156.16,156.57,13851,21.63,2026-10-08
BLBLIMITED,EQ,17.25,17.25,16.52,16.69,16.91,61799,10.42,2026-10-08
BLEL,EQ,517.0,518.95,485.1,486.95,514.4,859991,4289.43,2026-10-08
BLIL,EQ,65.78,65.79,64.62,64.92,65.28,39069,25.44,2026-10-08
BLKASHYAP,EQ,53.24,54.39,51.68,52.14,53.94,326522,173.78,2026-10-08
BLS,EQ,220.84,221.26,213.37,215.08,220.84,674812,1460.68,2026-10-08
BLSE,EQ,156.15,160.8,155.2,157.55,158.2,1566257,2489.69,2026-10-08
BLUECLOUDS,EQ,20.58,21.15,19.82,19.96,20.35,10852083,2213.83,2026-10-08
BLUECOAST,EQ,22.49,22.49,20.42,20.63,22.49,1583,0.33,2026-10-08
BLUEDART,EQ,4555.2,4600.4,4545.0,4557.0,4555.2,6512,297.04,2026-10-08
BLUEJET,EQ,543.95,543.95,516.0,518.55,541.35,316481,1658.31,2026-10-08
BLUESTARCO,EQ,1532.8,1543.5,1514.6,1519.0,1530.1,232039,3542.41,2026-10-08
BLUESTONE,EQ,835.0,835.95,795.1,799.25,831.1,505863,4083.17,2026-10-08
BLUSPRING,EQ,146.4,149.0,134.99,135.79,142.71,381601,537.26,2026-10-08
BMWVENTLTD,EQ,50.11,50.7,49.52,49.72,50.11,51496,25.83,2026-10-08
BNAGROCHEM,EQ,213.55,214.21,195.0,199.39,215.21,20042,39.95,2026-10-08
BNKETFAXIS,EQ,566.23,567.33,561.11,561.85,566.23,5560,31.25,2026-10-08
BOHRAIND,EQ,13.88,14.69,13.86,14.23,14.21,3768,0.53,2026-10-08
BOMDYEING,EQ,101.7,102.47,97.12,97.73,101.63,610988,606.86,2026-10-08
BONLON,EQ,40.0,41.0,39.0,39.33,40.68,8843,3.54,2026-10-08
BORANA,EQ,270.8,271.0,255.55,259.8,270.7,19626,51.34,2026-10-08
BOROLTD,EQ,280.2,282.45,265.15,269.15,281.15,213742,584.2,2026-10-08
BORORENEW,EQ,436.35,443.0,427.9,430.1,438.1,276426,1199.51,2026-10-08
BOROSCI,EQ,115.03,115.51,107.0,108.11,115.03,99491,109.51,2026-10-08
BOSCH-HCIL,EQ,1960.0,2037.0,1910.0,1943.8,1948.1,102060,2008.63,2026-10-08
BOSCHLTD,EQ,44410.0,44450.0,43000.0,43155.0,44410.0,21529,9339.81,2026-10-08
BPCL,EQ,295.1,295.15,282.95,286.25,296.35,7116001,20442.11,2026-10-08
BPL,EQ,44.22,44.75,42.05,42.5,44.22,48022,20.61,2026-10-08
BPLPHARMA,EQ,1899.6,1938.7,1850.0,1892.8,1881.2,10327,196.22,2026-10-08
BRAHMINFRA,EQ,144.0,144.2,138.0,140.49,142.98,19989,28.13,2026-10-08
BRIGADE,EQ,554.2,558.2,540.2,547.2,554.2,303610,1659.06,2026-10-08
BRIGHOTEL,EQ,56.52,56.99,55.4,55.6,56.87,64682,36.14,2026-10-08
BRIGHTBR,EQ,234.0,234.0,222.5,228.0,234.0,49,0.11,2026-10-08
BRITANNIA,EQ,4802.0,4844.7,4745.6,4745.6,4780.0,193750,9288.39,2026-10-08
BRNL,EQ,15.8,16.0,15.4,15.6,15.93,31808,4.96,2026-10-08
BROOKS,EQ,60.0,70.53,59.01,69.46,58.78,1508771,1045.59,2026-10-08
BSE,EQ,3355.0,3389.0,3311.0,3334.8,3356.0,4342269,145169.76,2026-10-08
BSE500IETF,EQ,37.36,37.36,36.23,36.5,37.4,493285,180.5,2026-10-08
BSHSL,EQ,77.1,81.9,75.56,78.36,78.25,11035,8.62,2026-10-08
BSL,EQ,121.24,121.24,119.1,119.57,120.04,107,0.13,2026-10-08
BSLGOLDETF,EQ,128.99,129.3,128.5,128.62,128.99,560355,722.64,2026-10-08
BSLNIFTY,EQ,26.96,26.96,26.08,26.15,26.5,2651473,696.12,2026-10-08
BSLSENETFG,EQ,73.49,73.51,72.02,72.28,73.15,2648,1.92,2026-10-08
BSOFT,EQ,278.0,285.7,271.0,271.8,278.05,3155620,8777.59,2026-10-08
BTML,EQ,6.94,7.14,6.86,6.88,7.14,126415,8.75,2026-10-08
BUILDPRO,EQ,259.7,260.3,234.1,250.2,1302.0,399108,987.61,2026-10-08
BUTTERFLY,EQ,545.5,548.85,530.0,538.3,545.0,11489,62.23,2026-10-08
BVCL,EQ,40.69,41.38,40.5,41.15,40.69,12420,5.07,2026-10-08
BYKE,EQ,30.01,30.01,29.5,29.5,30.01,17459,5.18,2026-10-08
CAMLINFINE,EQ,94.52,94.65,88.26,88.84,94.52,775653,698.38,2026-10-08
CAMPUS,EQ,207.58,207.58,197.0,199.0,208.37,725417,1449.83,2026-10-08
CAMS,EQ,691.6,691.6,662.0,662.5,694.6,1020764,6883.02,2026-10-08
CANBK,EQ,119.15,120.37,117.2,117.35,119.15,15108675,17926.3,2026-10-08
CANFINHOME,EQ,727.3,731.4,714.15,723.75,727.0,193895,1401.6,2026-10-08
CANHLIFE,EQ,147.29,148.5,141.06,145.56,146.06,1139709,1651.56,2026-10-08
CANTABIL,EQ,227.51,236.6,226.5,232.76,228.22,108900,251.29,2026-10-08
CAPACITE,EQ,182.68,182.69,176.1,177.19,181.72,173192,310.11,2026-10-08
CAPILLARY,EQ,584.0,584.0,552.0,553.8,578.3,238910,1336.2,2026-10-08
CAPITALSFB,EQ,274.2,280.0,266.05,268.95,274.2,36250,98.17,2026-10-08
CAPLIPOINT,EQ,2649.1,2652.7,2529.0,2548.8,2649.1,69987,1803.66,2026-10-08
CARBORUNIV,EQ,1264.0,1264.0,1205.0,1209.4,1256.7,172823,2110.56,2026-10-08
CARERATING,EQ,1591.0,1599.2,1530.2,1542.3,1595.9,34961,546.91,2026-10-08
CARRARO,EQ,533.95,534.0,505.0,509.8,533.85,123419,635.33,2026-10-08
CARTRADE,EQ,2917.9,2927.5,2818.1,2837.9,2914.7,162253,4661.87,2026-10-08
CARYSIL,EQ,1007.9,1019.0,991.4,1011.8,1007.5,106289,1067.56,2026-10-08
CASHIETF,EQ,1082.66,1082.86,1082.66,1082.84,1082.69,148401,1606.96,2026-10-08
CASTROLIND,EQ,196.5,198.09,194.32,196.08,197.15,2531668,4954.68,2026-10-08
CCAVENUE,EQ,15.56,15.56,14.98,15.02,15.56,9784750,1486.43,2026-10-08
CCCL,EQ,13.2,13.2,12.7,12.79,12.99,143389,18.44,2026-10-08
CCHHL,EQ,12.99,12.99,12.26,12.3,12.81,24485,3.07,2026-10-08
CCL,EQ,1050.6,1059.7,1041.9,1050.6,1052.3,55123,578.79,2026-10-08
CDSL,EQ,1270.5,1276.7,1247.2,1258.0,1275.0,695430,8768.93,2026-10-08
CEATLTD,EQ,3301.6,3306.4,3209.3,3226.2,3301.9,40691,1322.47,2026-10-08
CEIGALL,EQ,380.0,391.0,369.2,374.1,372.8,859874,3261.42,2026-10-08
CEINSYS,EQ,699.75,699.75,658.5,666.45,691.15,38698,259.9,2026-10-08
CELEBRITY,EQ,6.02,6.3,5.91,6.0,6.02,17611,1.07,2026-10-08
CELLO,EQ,386.8,391.0,373.65,375.7,390.65,1868274,7142.78,2026-10-08
CEMNTGROWW,EQ,13.49,13.5,13.2,13.24,13.52,76658,10.2,2026-10-08
CEMPRO,EQ,1160.0,1202.9,1132.1,1140.8,1137.8,553267,6482.77,2026-10-08
CENTENKA,EQ,565.0,569.9,549.9,555.55,569.9,30530,170.74,2026-10-08
CENTEXT,EQ,17.94,19.06,16.89,18.6,17.82,518161,93.01,2026-10-08
CENTRALBK,EQ,30.42,30.62,29.9,29.99,30.44,4709484,1421.85,2026-10-08
CENTRUM,EQ,20.71,20.71,19.31,19.44,20.35,306946,60.19,2026-10-08
CENTUM,EQ,4330.3,4345.2,4021.7,4142.1,4345.9,140841,5832.71,2026-10-08
CENTURYPLY,EQ,689.0,689.0,657.0,659.85,683.5,35186,234.83,2026-10-08
CERA,EQ,5038.5,5048.5,4925.5,4949.5,5038.5,4494,223.97,2026-10-08
CESC,EQ,131.18,132.37,128.31,128.73,131.18,1690507,2206.33,2026-10-08
CEWATER,EQ,262.9,264.15,253.55,254.8,260.95,25788,66.24,2026-10-08
CGCL,EQ,248.95,249.51,241.0,241.54,250.74,1133999,2760.69,2026-10-08
CGPOWER,EQ,894.0,896.3,862.0,862.05,894.5,1549328,13507.8,2026-10-08
CGVAK,EQ,136.49,140.06,133.0,137.73,133.8,5151,7.14,2026-10-08
CHALET,EQ,848.0,848.05,818.8,825.55,847.4,102997,852.24,2026-10-08
CHAMBLFERT,EQ,396.4,397.05,376.1,378.65,396.35,715945,2750.13,2026-10-08
CHEMBOND,EQ,188.0,191.9,180.1,181.76,188.56,2217,4.09,2026-10-08
CHEMCON,EQ,222.16,222.87,213.76,215.12,220.59,47440,102.75,2026-10-08
CHEMCRUX,EQ,87.97,87.97,83.81,86.03,87.16,5467,4.7,2026-10-08
CHEMFAB,EQ,345.0,345.0,325.0,327.6,331.8,4582,15.05,2026-10-08
CHEMICAL,EQ,28.46,28.65,27.95,28.04,28.36,278138,78.17,2026-10-08
CHEMPLASTS,EQ,227.6,227.6,211.5,212.38,228.22,592736,1292.96,2026-10-08
CHENNPETRO,EQ,1605.0,1625.0,1521.1,1531.0,1612.3,6075729,95081.79,2026-10-08
CHEVIOT,EQ,1146.2,1159.2,1130.0,1138.0,1148.4,1802,20.54,2026-10-08
CHOICEGOLD,EQ,145.27,146.18,145.0,145.09,145.27,50597,73.58,2026-10-08
CHOICEIN,EQ,723.75,726.0,708.1,710.65,723.7,152810,1094.98,2026-10-08
CHOLAFIN,EQ,1550.0,1571.6,1543.1,1544.0,1564.7,1539977,23952.1,2026-10-08
CHOLAHLDNG,EQ,1408.4,1408.4,1353.0,1370.4,1402.7,47048,652.41,2026-10-08
CIEINDIA,EQ,377.35,378.95,370.0,371.65,378.7,172401,644.92,2026-10-08
CIFL,EQ,21.35,21.35,19.61,20.17,20.97,119288,24.29,2026-10-08
CINELINE,EQ,94.8,94.8,90.0,90.75,93.35,20344,18.8,2026-10-08
CINEVISTA,EQ,15.9,15.9,14.36,14.6,15.37,71458,10.82,2026-10-08
CIPLA,EQ,1323.2,1334.2,1292.0,1306.8,1327.2,551708,7196.14,2026-10-08
CLEAN,EQ,813.65,827.75,794.2,796.8,813.7,230719,1870.46,2026-10-08
CLEANMAX,EQ,1390.0,1396.9,1322.0,1348.3,1388.5,259581,3497.57,2026-10-08
CLEDUCATE,EQ,52.51,52.51,47.86,49.84,53.12,66520,33.23,2026-10-08
CLSEL,EQ,296.0,296.5,286.1,289.25,295.15,44437,128.74,2026-10-08
CMLL,EQ,534.85,534.85,508.5,515.15,531.95,286651,1475.16,2026-10-08
CMPDI,EQ,209.07,212.65,205.11,206.65,209.05,2075231,4352.25,2026-10-08
CMRGREEN,EQ,224.8,225.49,216.1,217.22,224.99,246318,540.46,2026-10-08
CMSINFO,EQ,218.43,221.95,213.86,214.35,218.37,480125,1043.92,2026-10-08
CNL,EQ,1085.0,1085.0,1056.0,1060.2,1079.0,11895,126.07,2026-10-08
COALINDIA,EQ,414.5,414.5,403.85,409.35,414.5,5463875,22294.82,2026-10-08
COASTCORP,EQ,36.9,36.91,34.0,34.25,36.98,97392,34.07,2026-10-08
COCHINSHIP,EQ,1255.1,1256.0,1200.0,1200.0,1255.1,940775,11485.44,2026-10-08
COCKERILL,EQ,7913.5,7980.0,7700.0,7727.5,7856.0,3217,250.74,2026-10-08
COFFEEDAY,EQ,30.81,33.4,30.0,30.53,30.63,4260764,1359.9,2026-10-08
COFORGE,EQ,1826.0,1870.6,1804.5,1814.3,1822.2,1849205,34090.53,2026-10-08
COHANCE,EQ,456.0,456.0,438.3,442.4,455.45,847656,3768.19,2026-10-08
COLPAL,EQ,1760.2,1782.0,1735.7,1735.7,1757.4,234538,4123.87,2026-10-08
COMFINTE,EQ,6.49,6.49,6.2,6.23,6.37,82241,5.15,2026-10-08
COMMOIETF,EQ,93.13,93.13,90.2,90.32,93.13,104655,95.17,2026-10-08
COMPEAU,EQ,362.0,362.0,362.0,362.0,362.0,1,0.0,2026-10-08
COMPUSOFT,EQ,13.35,13.35,12.9,12.9,13.25,9235,1.2,2026-10-08
COMSYN,EQ,262.95,267.7,255.4,256.5,260.85,109386,284.76,2026-10-08
CONCOR,EQ,441.8,444.8,433.25,434.0,439.75,1456360,6374.94,2026-10-08
CONCORDBIO,EQ,1360.0,1371.0,1309.5,1330.8,1359.7,181142,2432.2,2026-10-08
CONFIPET,EQ,92.0,92.01,84.4,84.9,91.75,3728198,3231.24,2026-10-08
CONS,EQ,11.34,11.34,11.08,11.09,11.29,15766,1.76,2026-10-08
CONSUMAXIS,EQ,112.5,112.71,111.0,111.01,113.24,1771,1.98,2026-10-08
CONSUMBEES,EQ,122.49,122.49,119.81,120.01,122.49,78897,95.16,2026-10-08
CONSUMER,EQ,11.49,11.49,10.97,10.99,11.26,104728,11.58,2026-10-08
CONSUMIETF,EQ,113.81,113.94,111.28,111.67,115.33,22636,25.35,2026-10-08
CONTROLPR,EQ,623.2,623.2,605.0,613.4,619.95,11503,70.23,2026-10-08
CORALFINAC,EQ,30.86,31.89,30.02,30.26,31.41,8645,2.64,2026-10-08
CORDELIA,EQ,112.76,113.7,102.0,102.9,109.52,1634458,1734.34,2026-10-08
COROMANDEL,EQ,1740.0,1748.8,1662.2,1673.7,1745.5,239886,4059.73,2026-10-08
CORONA,EQ,2041.0,2041.0,1980.6,1993.5,2041.1,15069,301.47,2026-10-08
COSMOFIRST,EQ,830.0,831.75,799.05,812.7,831.95,57788,467.86,2026-10-08
CPCAP,EQ,155.22,160.33,151.12,152.17,155.22,59663,92.75,2026-10-08
CPEDU,EQ,179.72,183.9,177.25,178.82,179.72,6078,10.96,2026-10-08
CPL,EQ,61.9,62.5,59.53,60.06,61.1,42251,25.6,2026-10-08
CPPLUS,EQ,4100.0,4100.0,3889.2,3972.2,4064.9,272957,10782.74,2026-10-08
CPSEETF,EQ,89.56,89.56,87.02,87.15,89.12,1247634,1093.93,2026-10-08
CRAFTSMAN,EQ,10225.0,10225.0,9980.0,10038.0,10198.0,56037,5638.14,2026-10-08
CRAMC,EQ,231.18,231.18,220.0,220.79,229.52,347604,778.28,2026-10-08
CRAVATEX,EQ,345.45,352.0,335.2,344.65,355.2,383,1.32,2026-10-08
CREATIVEYE,EQ,6.29,6.29,5.91,6.0,6.21,11465,0.71,2026-10-08
CREDITACC,EQ,1240.9,1280.0,1231.9,1263.4,1239.6,314609,3988.09,2026-10-08
CREST,EQ,356.7,359.75,351.25,351.8,362.85,551,1.95,2026-10-08
CRISIL,EQ,4495.2,4517.7,4391.0,4404.0,4509.1,12843,569.83,2026-10-08
CRIZAC,EQ,167.8,167.8,159.02,159.97,166.91,231178,376.29,2026-10-08
CROMPTON,EQ,210.3,212.5,203.13,204.34,210.7,2157911,4465.67,2026-10-08
CROWN,EQ,111.2,111.2,107.42,108.11,112.44,12871,14.01,2026-10-08
CSBBANK,EQ,305.15,306.55,299.65,301.75,306.5,352293,1063.99,2026-10-08
CSLFINANCE,EQ,209.99,209.99,199.99,202.53,206.94,18034,36.8,2026-10-08
CSM,EQ,93.9,93.9,89.33,90.35,91.82,241672,217.63,2026-10-08
CUB,EQ,223.49,225.47,219.74,220.07,222.12,2359128,5241.07,2026-10-08
CUMMINSIND,EQ,4872.2,4877.0,4720.0,4740.9,4872.2,224821,10734.99,2026-10-08
CUPID,EQ,348.5,357.0,344.0,356.65,343.95,29558194,104355.67,2026-10-08
CYBERTECH,EQ,136.0,137.94,130.25,132.25,137.7,37739,50.41,2026-10-08
CYIENT,EQ,1120.7,1129.5,1071.3,1084.7,1115.0,425447,4670.26,2026-10-08
CYIENTDLM,EQ,989.0,991.95,949.05,981.3,988.3,619329,6052.9,2026-10-08
DABUR,EQ,382.8,386.65,376.8,376.8,383.55,874845,3337.38,2026-10-08
DALBHARAT,EQ,1636.1,1658.4,1585.1,1592.9,1640.1,75425,1210.41,2026-10-08
DALMIASUG,EQ,449.5,456.3,425.1,428.95,447.65,198793,871.75,2026-10-08
DAMCAPITAL,EQ,148.75,148.76,140.15,141.38,148.74,386479,553.31,2026-10-08
DANGEE,EQ,3.3,3.3,3.02,3.13,3.22,78899,2.49,2026-10-08
DATAMATICS,EQ,765.8,767.0,741.2,744.8,763.8,37472,282.88,2026-10-08
DATAPATTNS,EQ,4253.0,4253.0,4080.0,4097.1,4233.4,295706,12273.8,2026-10-08
DAVANGERE,EQ,2.34,2.38,2.25,2.28,2.36,6282307,144.6,2026-10-08
DBCORP,EQ,170.14,172.99,166.1,167.39,171.05,59442,100.78,2026-10-08
DBEIL,EQ,6.78,6.78,6.3,6.39,6.55,666735,43.28,2026-10-08
DBL,EQ,408.85,409.2,395.5,397.4,409.25,89566,359.34,2026-10-08
DBOL,EQ,141.0,143.09,134.72,140.43,140.25,472789,657.72,2026-10-08
DBREALTY,EQ,89.0,89.2,84.36,84.72,88.79,1953440,1676.92,2026-10-08
DCAL,EQ,153.25,153.25,146.0,146.66,152.46,152394,226.41,2026-10-08
DCBBANK,EQ,201.19,201.99,195.62,196.56,201.19,1899693,3789.33,2026-10-08
DCI,EQ,342.1,349.85,332.3,345.2,342.1,141809,487.31,2026-10-08
DCM,EQ,71.9,71.9,68.64,69.84,71.01,3384,2.37,2026-10-08
DCMFINSERV,EQ,4.77,5.4,4.77,4.88,5.15,40281,2.02,2026-10-08
DCMSHRIRAM,EQ,969.3,984.0,951.0,955.75,969.3,50809,490.37,2026-10-08
DCMSIL,EQ,79.22,81.0,75.0,75.72,79.22,162798,126.63,2026-10-08
DCMSRIND,EQ,39.81,40.5,38.26,38.42,39.81,213669,83.65,2026-10-08
DCW,EQ,46.8,46.89,44.11,44.3,46.6,1204650,541.68,2026-10-08
DCXINDIA,EQ,157.61,158.66,152.0,153.51,157.88,348701,536.77,2026-10-08
DDEVPLSTIK,EQ,257.5,257.5,243.85,244.15,254.05,109111,270.23,2026-10-08
DECCANCE,EQ,549.15,549.15,531.3,532.95,545.25,13594,72.91,2026-10-08
DECNGOLD,EQ,198.0,204.0,189.05,191.16,198.24,1511142,2959.66,2026-10-08
DEEDEV,EQ,625.0,651.45,605.45,608.6,624.1,228401,1426.44,2026-10-08
DEEPA,EQ,229.0,235.41,222.78,232.8,227.06,8368904,19309.37,2026-10-08
DEEPAKFERT,EQ,1415.0,1415.1,1378.3,1390.2,1415.4,269941,3761.51,2026-10-08
DEEPAKNTR,EQ,1558.8,1616.0,1558.7,1584.1,1553.9,631015,10065.53,2026-10-08
DEEPINDS,EQ,790.8,791.85,765.0,777.6,795.6,347535,2695.02,2026-10-08
DEFENCE,EQ,78.5,78.5,74.46,74.75,76.96,374221,280.21,2026-10-08
DELHIVERY,EQ,397.5,406.1,393.0,397.0,398.15,2102812,8374.36,2026-10-08
DELTACORP,EQ,82.25,82.3,77.4,78.32,82.37,9531081,7562.53,2026-10-08
DELTAMAGNT,EQ,55.1,56.99,55.1,56.63,56.47,332,0.19,2026-10-08
DEN,EQ,26.1,26.1,25.0,25.1,26.1,319502,81.24,2026-10-08
DENORA,EQ,717.0,732.2,698.85,717.35,720.65,13154,93.77,2026-10-08
DENTA,EQ,265.0,265.0,255.0,258.7,263.7,64345,166.11,2026-10-08
DEVIT,EQ,19.52,20.55,19.11,19.47,19.96,98244,19.15,2026-10-08
DEVX,EQ,40.5,40.5,37.8,39.02,40.37,232147,89.64,2026-10-08
DEVYANI,EQ,128.65,129.35,122.41,123.23,128.98,2021608,2515.64,2026-10-08
DGCONTENT,EQ,23.82,24.25,23.2,23.68,24.16,5385,1.27,2026-10-08
DHAMPURSUG,EQ,190.4,193.0,180.65,182.91,188.92,886547,1655.83,2026-10-08
DHANBANK,EQ,32.0,33.74,31.41,32.65,32.83,6525785,2137.81,2026-10-08
DHANUKA,EQ,895.85,907.0,885.55,893.35,891.8,26889,241.06,2026-10-08
DHARMAJ,EQ,265.25,267.2,258.35,263.1,267.35,67144,176.24,2026-10-08
DHATRE,EQ,3.93,4.03,3.72,3.89,3.94,57864,2.26,2026-10-08
DHOOTTRANS,EQ,1469.0,1507.7,1427.2,1440.4,1463.7,1187219,17450.69,2026-10-08
DHRUV,EQ,19.98,21.41,19.98,20.94,19.47,13084,2.73,2026-10-08
DHUNINV,EQ,985.5,985.5,924.0,933.35,971.95,191,1.82,2026-10-08
DIAMINESQ,EQ,239.4,241.93,235.0,235.73,239.04,8649,20.66,2026-10-08
DIAMONDYD,EQ,1077.0,1087.3,1040.1,1044.7,1079.2,19304,204.51,2026-10-08
DICIND,EQ,618.7,619.0,593.75,600.75,610.35,489,2.94,2026-10-08
DIFFNKG,EQ,457.05,458.45,422.25,427.25,452.85,162474,705.89,2026-10-08
DIGIDRIVE,EQ,18.0,18.38,17.5,17.51,18.1,39845,7.15,2026-10-08
DIGISPICE,EQ,15.39,15.39,14.82,15.02,15.28,50597,7.64,2026-10-08
DIGITIDE,EQ,76.07,76.08,70.9,71.65,75.7,243269,175.21,2026-10-08
DISAQ,EQ,11501.0,11793.0,11211.0,11359.0,11419.0,43,4.95,2026-10-08
DISHTV,EQ,2.16,2.18,1.99,2.03,2.14,4479640,93.07,2026-10-08
DIVGIITTS,EQ,1092.9,1092.9,1020.6,1025.6,1092.9,109222,1142.97,2026-10-08
DIVIDEND,EQ,33.54,33.54,32.8,32.86,33.54,12972,4.3,2026-10-08
DIVISLAB,EQ,9588.0,9658.0,9355.0,9361.0,9588.0,441895,41958.9,2026-10-08
DIVOPPBEES,EQ,71.44,72.08,70.45,70.64,71.69,68257,48.37,2026-10-08
DIXON,EQ,13060.0,13070.0,12632.0,12650.0,13024.0,215841,27665.72,2026-10-08
DJML,EQ,72.1,73.75,70.38,71.76,72.62,73424,52.81,2026-10-08
DLF,EQ,653.8,653.8,634.15,636.95,656.0,4391406,28247.25,2026-10-08
DLINKINDIA,EQ,419.0,419.15,405.0,406.7,419.2,53665,219.77,2026-10-08
DMART,EQ,3635.2,3638.0,3560.1,3585.0,3636.0,365999,13144.22,2026-10-08
DMCC,EQ,356.05,360.0,334.0,337.1,356.05,251316,860.65,2026-10-08
DNAMEDIA,EQ,2.49,2.5,2.35,2.44,2.47,60435,1.45,2026-10-08
DODLA,EQ,1019.0,1019.0,992.0,997.5,1013.3,21678,216.59,2026-10-08
DOLATALGO,EQ,62.2,62.2,59.25,59.72,61.68,129811,78.39,2026-10-08
DOLLAR,EQ,278.0,281.85,271.65,279.55,278.95,257928,716.11,2026-10-08
DOLLEX,EQ,38.19,38.19,36.8,37.21,37.49,10697,3.97,2026-10-08
DOLPHIN,EQ,657.4,657.4,615.0,620.05,652.9,23588,148.98,2026-10-08
DOMS,EQ,2055.0,2080.0,2046.5,2057.4,2058.9,15910,327.83,2026-10-08
DONEAR,EQ,80.0,82.0,79.5,79.95,80.86,12755,10.24,2026-10-08
DPABHUSHAN,EQ,2246.9,2315.8,2150.0,2258.9,2262.7,157486,3525.72,2026-10-08
DPWIRES,EQ,227.4,234.9,205.05,215.64,227.46,191324,417.9,2026-10-08
DRAGARWQ,EQ,5200.0,5269.0,5132.0,5160.5,5198.0,590,30.59,2026-10-08
DRCSYSTEMS,EQ,13.22,13.22,12.5,12.57,12.96,24661,3.15,2026-10-08
DREAMFOLKS,EQ,59.85,60.88,59.0,59.41,60.13,62315,37.17,2026-10-08
DREDGECORP,EQ,935.0,963.0,893.3,905.05,931.0,173058,1600.24,2026-10-08
DRREDDY,EQ,1197.3,1201.2,1167.2,1180.0,1203.8,2278637,26912.55,2026-10-08
DSSL,EQ,1052.4,1124.9,1023.9,1030.1,1032.45,319949,3464.98,2026-10-08
DUCON,EQ,1.56,1.56,1.42,1.44,1.49,2545594,37.0,2026-10-08
DVL,EQ,275.3,277.6,268.1,270.25,275.9,6925,18.83,2026-10-08
DWARKESH,EQ,46.8,47.4,43.75,44.0,46.8,2242124,1016.57,2026-10-08
DYCL,EQ,442.5,442.65,422.15,423.9,441.05,245975,1053.38,2026-10-08
DYNAMATECH,EQ,13723.0,13859.0,13220.0,13391.0,13723.0,21879,2931.47,2026-10-08
DYNPRO,EQ,227.93,229.79,220.1,223.23,226.7,6033,13.44,2026-10-08
EASEMYTRIP,EQ,5.78,5.87,5.77,5.78,5.86,6711837,389.35,2026-10-08
EASTWEST,EQ,2.36,2.36,2.27,2.32,2.35,16648,0.38,2026-10-08
EBANK10,EQ,16.15,16.16,16.0,16.09,16.32,221,0.04,2026-10-08
EBANKNIFTY,EQ,55.65,55.65,55.23,55.3,55.41,453,0.25,2026-10-08
EBBETF0430,EQ,1611.9,1611.9,1601.1,1609.82,1605.78,25528,410.08,2026-10-08
EBBETF0431,EQ,1424.57,1431.46,1424.56,1426.59,1423.34,3491,49.81,2026-10-08
EBBETF0433,EQ,1298.74,1303.51,1293.75,1300.7,1298.74,2766,35.98,2026-10-08
EBGNG,EQ,735.0,740.4,689.0,692.15,731.35,884893,6235.66,2026-10-08
ECAPINSURE,EQ,23.28,23.28,22.61,22.75,23.28,71734,16.31,2026-10-08
ECLERX,EQ,1890.4,1915.1,1828.8,1846.8,1896.0,73080,1355.28,2026-10-08
ECORECO,EQ,426.35,429.2,408.6,411.95,424.25,4649,19.34,2026-10-08
ECOSMOBLTY,EQ,108.5,109.8,105.31,107.43,108.24,53062,56.8,2026-10-08
EDELWEISS,EQ,134.1,134.39,126.78,127.71,133.8,5719681,7405.53,2026-10-08
EFCIL,EQ,173.8,173.8,167.0,167.07,173.8,248907,423.88,2026-10-08
EGOLD,EQ,146.7,146.9,145.95,146.45,146.5,23821,34.9,2026-10-08
EICHERMOT,EQ,6936.0,6950.0,6767.5,6767.5,6960.0,361283,24760.46,2026-10-08
EIDPARRY,EQ,700.0,700.0,675.0,677.15,699.55,289574,1984.27,2026-10-08
EIEL,EQ,187.01,187.01,180.01,180.96,187.41,360168,656.26,2026-10-08
EIHAHOTELS,EQ,297.3,297.3,288.0,291.05,297.3,6532,18.99,2026-10-08
EIHOTEL,EQ,294.0,296.0,290.25,291.2,296.5,133690,392.77,2026-10-08
EIMCOELECO,EQ,2250.0,2275.9,2198.0,2234.2,2247.3,79547,1770.04,2026-10-08
EKC,EQ,105.52,105.52,100.31,101.67,105.52,252138,257.45,2026-10-08
ELANTAS,EQ,14022.0,14100.0,13330.0,13597.0,14022.0,1858,255.71,2026-10-08
ELCIDIN,EQ,100250.0,102700.0,99250.0,99260.0,102900.0,16,16.01,2026-10-08
ELDEHSG,EQ,769.0,774.0,751.0,762.95,769.0,1046,7.94,2026-10-08
ELECON,EQ,442.4,442.4,415.1,416.95,441.25,719015,3048.44,2026-10-08
ELECTCAST,EQ,78.93,78.99,74.0,74.26,78.73,2685874,2033.01,2026-10-08
ELECTHERM,EQ,718.05,718.05,676.0,683.75,722.95,26579,184.13,2026-10-08
ELEVATE,EQ,351.0,353.35,325.45,329.85,350.0,1725747,5765.03,2026-10-08
ELGIEQUIP,EQ,599.75,600.0,576.0,579.0,602.05,245828,1440.54,2026-10-08
ELGIRUBCO,EQ,58.13,58.44,53.2,54.24,57.85,51214,28.4,2026-10-08
ELIN,EQ,79.1,79.1,74.0,75.56,77.07,92409,69.86,2026-10-08
ELIQUID,EQ,1050.84,1050.99,1050.84,1050.97,1050.83,33774,354.92,2026-10-08
ELITECON,EQ,7.75,7.84,7.18,7.2,7.53,4660153,342.18,2026-10-08
ELLEN,EQ,365.0,370.7,343.95,350.4,365.75,755718,2678.38,2026-10-08
ELM250,EQ,15.68,15.88,15.33,15.46,15.58,64649,10.01,2026-10-08
ELMDIV,EQ,34.38,34.38,33.92,33.92,34.51,224,0.08,2026-10-08
ELPROINTL,EQ,174.9,175.9,170.0,174.53,174.86,10448,18.12,2026-10-08
EMAMILTD,EQ,373.85,376.6,366.1,367.25,375.45,511099,1892.02,2026-10-08
EMAMIREAL,EQ,65.25,71.5,65.25,67.76,69.12,13138,9.02,2026-10-08
EMBDL,EQ,57.49,59.0,55.6,56.26,57.19,4082534,2332.98,2026-10-08
EMCURE,EQ,1905.1,1919.5,1838.0,1851.5,1918.0,65719,1227.14,2026-10-08
EMETAL,EQ,12.48,12.97,11.73,11.91,12.42,32213,3.86,2026-10-08
EMIL,EQ,212.1,212.14,192.1,193.31,211.54,4764152,9438.75,2026-10-08
EMKAY,EQ,288.4,288.4,263.1,265.65,287.3,115131,312.67,2026-10-08
EMMBI,EQ,85.62,88.0,84.0,85.32,85.62,14986,12.81,2026-10-08
EMMVEE,EQ,306.55,314.2,299.0,302.0,305.8,2237909,6876.09,2026-10-08
EMPIND,EQ,1044.6,1044.6,1015.0,1021.7,1032.9,6369,65.48,2026-10-08
EMPOWER,EQ,1.8,1.84,1.8,1.83,1.76,22812366,418.46,2026-10-08
EMSLIMITED,EQ,331.95,337.5,317.3,321.7,328.95,544671,1773.41,2026-10-08
EMUDHRA,EQ,606.3,606.3,561.2,569.9,605.5,579645,3347.84,2026-10-08
EMULTIMQ,EQ,40.72,40.85,39.2,39.34,40.72,59203,23.48,2026-10-08
ENDURANCE,EQ,2501.7,2512.4,2425.0,2433.5,2513.4,78215,1918.14,2026-10-08
ENERGY,EQ,37.72,37.72,35.86,35.93,36.98,413902,149.6,2026-10-08
ENERGYAXIS,EQ,18.58,18.97,17.86,17.95,18.4,23060,4.14,2026-10-08
ENERGYDEV,EQ,14.75,14.75,13.77,14.14,14.57,19761,2.8,2026-10-08
ENEXT50,EQ,69.61,69.74,67.75,67.76,69.61,522,0.36,2026-10-08
ENGINERSIN,EQ,307.8,307.8,277.75,289.0,308.3,14479246,41454.93,2026-10-08
ENIFTY,EQ,22.27,22.8,22.27,22.51,22.85,4624,1.05,2026-10-08
ENIL,EQ,92.97,93.2,91.27,91.51,92.0,5585,5.11,2026-10-08
ENKEIWHEL,EQ,396.15,396.15,380.0,390.1,388.45,1373,5.32,2026-10-08
ENRIN,EQ,3361.8,3377.7,3178.8,3180.0,3344.0,420238,13693.35,2026-10-08
ENTERO,EQ,1711.7,1719.9,1680.0,1688.8,1713.3,63560,1077.37,2026-10-08
EPACK,EQ,171.2,171.84,163.1,165.16,171.84,354621,591.74,2026-10-08
EPACKPEB,EQ,267.44,269.18,255.75,256.33,267.44,1065154,2799.1,2026-10-08
EPIGRAL,EQ,1038.4,1038.4,995.2,1012.2,1030.0,29610,299.63,2026-10-08
EPL,EQ,236.0,236.0,229.01,232.03,237.03,3290602,7621.39,2026-10-08
EQUAL200,EQ,13.03,13.03,12.72,12.82,13.03,131625,16.88,2026-10-08
EQUAL50,EQ,308.75,308.88,304.0,304.4,310.32,3575,10.9,2026-10-08
EQUAL50ADD,EQ,321.69,322.52,314.42,314.87,321.69,44712,141.5,2026-10-08
EQUITASBNK,EQ,68.92,69.19,66.1,66.44,68.92,1079801,728.5,2026-10-08
ERIS,EQ,1150.1,1187.4,1145.4,1155.1,1145.8,465585,5408.81,2026-10-08
ESABINDIA,EQ,5601.0,5632.0,5307.5,5360.5,5627.0,5623,304.73,2026-10-08
ESCORTS,EQ,2804.9,2809.0,2727.8,2773.6,2785.5,46619,1287.93,2026-10-08
ESDS,EQ,1426.9,1426.9,1387.3,1426.9,1359.0,3261278,46384.61,2026-10-08
ESENSEX,EQ,73.17,73.17,72.09,72.15,73.17,1698,1.23,2026-10-08
ESG,EQ,38.73,38.73,38.0,38.01,38.73,13912,5.32,2026-10-08
ESILVER,EQ,217.51,218.65,214.65,215.67,218.59,40127,86.68,2026-10-08
ESSARSHPNG,EQ,16.9,16.9,15.95,16.06,16.66,283463,46.0,2026-10-08
ESSENTIA,EQ,1.01,1.02,1.0,1.0,1.0,1493223,15.02,2026-10-08
ESTER,EQ,95.8,97.95,90.36,94.67,94.55,157811,147.17,2026-10-08
ETERNAL,EQ,328.0,328.4,317.5,319.05,328.0,18044786,58215.08,2026-10-08
ETHOSLTD,EQ,2646.0,2679.3,2570.2,2600.3,2634.8,39204,1030.74,2026-10-08
EUREKAFORB,EQ,353.0,353.0,338.0,339.75,351.75,185554,643.64,2026-10-08
EUROBOND,EQ,139.57,142.5,132.0,134.54,140.27,3604,4.9,2026-10-08
EUROPRATIK,EQ,178.01,183.93,170.35,173.98,179.12,330831,592.25,2026-10-08
EUROTEXIND,EQ,15.59,15.61,15.32,15.32,16.12,17578,2.7,2026-10-08
EVEREADY,EQ,325.0,325.1,317.0,318.6,320.5,166173,532.05,2026-10-08
EVERESTIND,EQ,499.95,500.35,467.25,480.3,499.35,26977,129.44,2026-10-08
EVIETF,EQ,30.15,30.15,29.31,29.38,30.06,342045,100.87,2026-10-08
EVINDIA,EQ,30.0,30.17,29.3,29.37,30.07,231338,68.55,2026-10-08
EXCELINDUS,EQ,919.1,928.85,907.5,918.7,923.9,10049,92.4,2026-10-08
EXCELSOFT,EQ,84.57,84.57,80.18,80.99,81.71,519593,423.39,2026-10-08
EXICOM,EQ,154.99,154.99,146.37,147.13,153.78,751647,1121.1,2026-10-08
EXIDEIND,EQ,402.8,406.95,392.85,394.9,402.95,1481428,5901.0,2026-10-08
EXPLEOSOL,EQ,862.65,877.0,850.0,851.8,862.65,17272,147.93,2026-10-08
EXXARO,EQ,6.1,6.44,6.01,6.12,6.13,202766,12.49,2026-10-08
FABTECH,EQ,141.14,141.88,137.21,138.98,143.03,28275,39.63,2026-10-08
FACT,EQ,743.1,743.1,715.1,717.75,746.95,65738,477.76,2026-10-08
FAIRCHEMOR,EQ,715.0,767.0,712.0,720.9,703.85,104670,771.78,2026-10-08
FAZE3Q,EQ,453.4,454.85,412.35,424.1,450.1,43028,183.32,2026-10-08
FCL,EQ,58.5,58.54,55.56,55.99,57.8,16262759,9156.01,2026-10-08
FCSSOFT,EQ,1.4,1.42,1.37,1.37,1.4,1266940,17.55,2026-10-08
FDC,EQ,328.3,330.0,321.4,324.05,328.55,113874,369.51,2026-10-08
FEDDERSHOL,EQ,63.2,63.74,60.66,61.76,63.43,5042763,3141.18,2026-10-08
FEDERALBNK,EQ,323.5,326.35,319.5,321.0,323.5,10087249,32601.72,2026-10-08
FEDFINA,EQ,149.1,149.1,141.6,145.31,148.56,1166488,1691.01,2026-10-08
FERMENTA,EQ,568.1,570.95,535.1,539.6,565.3,153492,843.79,2026-10-08
FIBERWEB,EQ,26.89,26.89,25.55,25.63,26.36,8886,2.31,2026-10-08
FIEMIND,EQ,1810.0,1810.0,1742.5,1746.6,1799.3,41058,722.62,2026-10-08
FILATEX,EQ,111.62,111.62,106.01,109.74,111.63,2775146,3015.62,2026-10-08
FILATFASH,EQ,0.18,0.19,0.18,0.18,0.18,19590372,35.6,2026-10-08
FINCABLES,EQ,1497.3,1499.0,1396.6,1402.2,1483.5,719704,10250.74,2026-10-08
FINEORG,EQ,5650.0,5650.0,5354.5,5380.5,5625.5,38476,2106.13,2026-10-08
FINIETF,EQ,30.35,30.39,29.81,29.92,30.68,506458,151.93,2026-10-08
FINKURVE,EQ,67.53,68.8,65.91,67.41,67.53,17804,11.92,2026-10-08
FINOPB,EQ,134.0,150.95,134.0,145.53,128.76,26642006,38995.39,2026-10-08
FINPIPE,EQ,153.0,155.0,148.55,149.76,153.91,582621,878.39,2026-10-08
FIRSTCRY,EQ,172.0,172.2,166.1,168.56,172.2,2078375,3499.73,2026-10-08
FISCHER,EQ,32.61,32.7,31.25,31.96,32.63,449805,143.19,2026-10-08
FIVESTAR,EQ,507.0,509.9,500.0,502.2,509.35,444955,2245.03,2026-10-08
FLAIR,EQ,226.1,228.9,222.0,224.44,227.97,70493,158.0,2026-10-08
FLEXIADD,EQ,9.46,9.5,9.26,9.29,9.46,103022,9.65,2026-10-08
FLUOROCHEM,EQ,4575.0,4579.9,4416.2,4440.1,4555.9,109797,4913.65,2026-10-08
FMCGADD,EQ,44.9,45.16,44.01,44.19,45.0,8144,3.61,2026-10-08
FMCGIETF,EQ,49.0,49.0,46.5,47.36,48.01,1043271,496.23,2026-10-08
FMGOETZE,EQ,445.0,445.0,432.6,434.85,441.15,126883,553.2,2026-10-08
FMNL,EQ,8.25,8.68,7.61,8.15,8.12,29030,2.35,2026-10-08
FOCUS,EQ,56.76,56.76,52.25,54.96,56.26,48824,26.66,2026-10-08
FOODSIN,EQ,50.06,50.22,47.25,47.69,50.05,49131,23.8,2026-10-08
FORCEMOT,EQ,17000.0,17032.0,16611.0,16700.0,16956.0,49079,8241.4,2026-10-08
FORTIS,EQ,779.1,779.1,762.35,763.0,779.1,1664438,12775.26,2026-10-08
FOSECOIND,EQ,6340.0,6464.0,6282.0,6343.5,6373.0,11539,734.18,2026-10-08
FRACTAL,EQ,721.0,721.3,698.0,700.65,721.3,260764,1850.11,2026-10-08
FREDUN,EQ,1488.0,1665.0,1462.7,1531.7,1473.9,1074150,16922.21,2026-10-08
FRONTSP,EQ,1442.8,1442.8,1380.0,1395.9,1431.2,24543,341.93,2026-10-08
FSL,EQ,263.0,282.85,260.1,266.35,259.2,19362338,52471.71,2026-10-08
FUSION,EQ,168.11,168.12,160.85,162.35,168.52,550556,900.1,2026-10-08
GABRIEL,EQ,1357.7,1357.7,1316.9,1335.4,1346.9,168589,2253.25,2026-10-08
GAEL,EQ,162.98,163.45,157.0,158.47,162.98,820466,1303.49,2026-10-08
GAIL,EQ,170.11,170.6,166.3,167.7,170.71,7163700,11984.29,2026-10-08
GAJA,EQ,148.0,149.5,141.88,145.1,146.35,341010,494.04,2026-10-08
GALAPREC,EQ,1173.7,1173.7,1086.0,1103.2,1161.4,52381,583.35,2026-10-08
GALAXYSURF,EQ,2434.0,2458.0,2376.1,2406.7,2434.0,42011,1018.92,2026-10-08
GALLANTT,EQ,512.0,522.5,500.45,503.15,514.55,79564,404.81,2026-10-08
GANDHAR,EQ,301.0,303.0,289.35,296.45,299.2,1098034,3249.02,2026-10-08
GANDHITUBE,EQ,984.95,985.0,946.0,951.5,974.15,8708,83.05,2026-10-08
GANECOS,EQ,998.9,998.9,959.1,961.3,998.9,59515,577.74,2026-10-08
GANESHCP,EQ,161.0,161.24,150.0,150.66,158.87,775542,1203.81,2026-10-08
GANESHHOU,EQ,699.0,703.45,676.7,691.8,701.1,40397,277.46,2026-10-08
GANGAFORGE,EQ,1.59,1.65,1.51,1.51,1.58,2647191,41.55,2026-10-08
GANGESSECU,EQ,113.01,121.0,113.01,113.75,113.96,7456,8.65,2026-10-08
GARFIBRES,EQ,773.75,780.2,750.6,765.15,773.75,17551,133.9,2026-10-08
GARUDA,EQ,172.56,172.77,164.74,165.42,172.55,305674,515.33,2026-10-08
GATEWAY,EQ,51.73,51.81,50.0,50.33,51.65,883072,447.22,2026-10-08
GAUDIUMIVF,EQ,109.49,109.5,102.83,104.38,107.5,160202,166.92,2026-10-08
GAYAHWS,EQ,1.89,1.89,1.79,1.8,1.86,99734,1.83,2026-10-08
GAYAPROJ,EQ,20.94,21.0,20.0,20.0,21.05,587679,119.59,2026-10-08
GCSL,EQ,693.25,699.7,681.45,697.75,689.7,479957,3326.24,2026-10-08
GEECEE,EQ,366.15,369.0,344.5,352.7,363.45,1344,4.81,2026-10-08
GEEKAYWIRE,EQ,34.0,34.0,31.42,31.63,33.14,211046,69.38,2026-10-08
GEMAROMA,EQ,151.25,154.2,145.0,146.56,153.2,82737,123.12,2026-10-08
GENCON,EQ,36.26,37.14,36.0,36.34,37.04,293636,107.69,2026-10-08
GENESYS,EQ,294.85,298.95,276.6,279.6,294.85,632691,1806.39,2026-10-08
GENUSPAPER,EQ,10.69,10.69,10.1,10.29,10.47,30373,3.16,2026-10-08
GENUSPOWER,EQ,302.0,302.0,287.0,288.2,301.05,1005127,2941.79,2026-10-08
GEOJITFSL,EQ,78.0,78.0,74.6,74.94,77.98,160147,121.21,2026-10-08
GERMAN,EQ,121.8,122.5,115.0,115.62,120.11,2633145,3104.38,2026-10-08
GESHIP,EQ,1567.9,1577.0,1528.0,1529.7,1567.9,808062,12477.35,2026-10-08
GFLLIMITED,EQ,57.83,58.5,54.5,54.91,57.83,130840,73.54,2026-10-08
GHCL,EQ,398.8,400.6,385.0,388.05,398.8,155133,607.0,2026-10-08
GHCLTEXTIL,EQ,130.0,130.01,124.5,125.1,130.04,238117,302.65,2026-10-08
GICHSGFIN,EQ,132.8,134.5,130.88,131.3,132.83,68313,90.36,2026-10-08
GICRE,EQ,316.55,317.65,308.0,309.1,316.55,438547,1361.2,2026-10-08
GILLANDERS,EQ,107.19,111.59,103.51,104.15,109.38,11619,12.42,2026-10-08
GILLETTE,EQ,7220.0,7320.0,7107.5,7263.5,7223.5,37501,2707.94,2026-10-08
GILT10BETA,EQ,26.28,26.43,25.92,26.21,26.15,403,0.11,2026-10-08
GILT5BETA,EQ,66.38,66.38,65.45,66.34,66.25,1092,0.72,2026-10-08
GILT5YBEES,EQ,65.62,65.62,65.43,65.46,65.54,650203,425.86,2026-10-08
GIPCL,EQ,171.02,172.09,164.21,164.94,171.86,374712,625.12,2026-10-08
GKB,EQ,61.5,63.48,61.1,62.91,61.5,564,0.35,2026-10-08
GKENERGY,EQ,113.01,115.04,111.52,113.17,114.63,240347,271.42,2026-10-08
GKSL,EQ,189.18,193.0,180.0,180.71,187.12,719355,1318.24,2026-10-08
GKWLIMITED,EQ,1550.0,1603.8,1526.1,1562.3,1550.6,10689,167.09,2026-10-08
GLAND,EQ,3162.0,3170.5,3049.5,3079.1,3150.6,495007,15355.07,2026-10-08
GLASSWALL,EQ,266.3,272.8,259.2,267.1,262.25,9306343,24736.98,2026-10-08
GLAXO,EQ,2634.0,2647.1,2526.5,2534.4,2634.0,64517,1655.6,2026-10-08
GLENMARK,EQ,2280.0,2284.0,2181.2,2192.2,2282.3,816490,18128.09,2026-10-08
GLFL,EQ,5.69,5.94,5.14,5.6,5.43,13375,0.73,2026-10-08
GLOBAL,EQ,145.85,145.85,139.8,141.41,144.79,147670,211.73,2026-10-08
GLOBALE,EQ,10.99,11.53,10.75,11.53,10.49,25811,2.96,2026-10-08
GLOBALVECT,EQ,127.19,127.39,123.1,124.2,125.94,6410,7.98,2026-10-08
GLOBE,EQ,2.1,2.18,2.06,2.07,2.11,734494,15.69,2026-10-08
GLOBECIVIL,EQ,40.89,42.0,40.51,40.82,40.89,20910,8.56,2026-10-08
GLOBUSSPR,EQ,800.7,810.6,780.05,783.45,796.85,54907,436.19,2026-10-08
GLOSTERLTD,EQ,541.0,552.9,536.0,542.3,552.9,464,2.51,2026-10-08
GLOTTIS,EQ,59.29,59.61,55.75,56.62,58.71,186055,106.17,2026-10-08
GMBREW,EQ,988.0,1010.0,880.0,887.45,984.95,1154788,10865.22,2026-10-08
GMDCLTD,EQ,477.9,485.9,462.1,463.35,477.1,1009088,4771.37,2026-10-08
GMMPFAUDLR,EQ,1439.9,1445.4,1329.8,1340.4,1438.0,282833,3849.19,2026-10-08
GMRAIRPORT,EQ,90.31,91.0,87.68,87.77,91.19,55866346,50065.12,2026-10-08
GMRP&UI,EQ,101.63,102.73,96.25,97.11,101.58,936381,926.68,2026-10-08
GNA,EQ,583.65,585.05,542.8,557.7,583.65,853670,4756.89,2026-10-08
GNFC,EQ,618.0,618.05,597.1,599.25,618.2,392723,2379.88,2026-10-08
GNRL,EQ,98.1,98.4,94.11,95.52,97.67,1196410,1137.35,2026-10-08
GOACARBON,EQ,403.6,415.5,391.45,394.8,407.8,27831,111.71,2026-10-08
GOCLCORP,EQ,367.6,367.6,355.25,357.6,367.85,46097,166.04,2026-10-08
GOCOLORS,EQ,306.15,306.15,292.2,296.9,306.15,42886,128.69,2026-10-08
GODAVARIB,EQ,225.1,228.29,217.0,221.02,226.24,72871,163.07,2026-10-08
GODFRYPHLP,EQ,1862.0,1866.0,1770.0,1771.0,1862.4,284307,5122.68,2026-10-08
GODIGIT,EQ,264.75,266.4,260.0,261.45,264.75,280849,736.84,2026-10-08
GODREJAGRO,EQ,638.0,649.1,627.4,639.95,639.6,351869,2243.65,2026-10-08
GODREJCP,EQ,866.2,874.5,861.3,865.0,865.55,892378,7734.36,2026-10-08
GODREJIND,EQ,1019.1,1042.9,974.5,1002.4,1029.0,144753,1448.43,2026-10-08
GODREJPROP,EQ,1579.0,1580.4,1530.0,1534.0,1580.2,866694,13389.63,2026-10-08
GOKEX,EQ,674.75,675.0,647.1,652.35,673.0,198105,1307.48,2026-10-08
GOKUL,EQ,38.52,39.04,37.21,37.8,38.97,153365,59.25,2026-10-08
GOKULAGRO,EQ,212.99,216.6,204.4,205.54,212.42,182844,380.27,2026-10-08
GOLD1,EQ,122.7,122.7,121.91,122.19,122.3,1195878,1462.38,2026-10-08
GOLD360,EQ,142.15,143.65,142.15,143.0,142.75,4170,5.96,2026-10-08
GOLDADD,EQ,14.24,14.28,14.19,14.22,14.24,5401057,769.17,2026-10-08
GOLDAXIS,EQ,122.29,122.38,121.56,121.77,121.9,397178,484.5,2026-10-08
GOLDBEES,EQ,121.43,121.49,120.7,120.94,121.08,17791469,21536.61,2026-10-08
GOLDBETA,EQ,123.7,123.7,122.85,123.15,123.25,584349,720.15,2026-10-08
GOLDBND,EQ,146.43,147.07,145.9,146.43,146.4,1448,2.12,2026-10-08
GOLDCASE,EQ,23.15,23.15,22.98,23.01,23.05,14046361,3238.05,2026-10-08
GOLDETF,EQ,142.89,142.89,142.01,142.24,142.57,757069,1078.07,2026-10-08
GOLDIAM,EQ,315.25,315.9,305.0,305.75,317.0,339067,1047.31,2026-10-08
GOLDIETF,EQ,125.55,125.9,125.09,125.32,125.44,7800446,9787.23,2026-10-08
GOODLUCK,EQ,501.9,513.95,492.4,496.8,501.95,640719,3236.31,2026-10-08
GOODYEAR,EQ,685.05,688.85,676.0,677.05,685.05,3650,24.78,2026-10-08
GOPAL,EQ,255.85,258.7,248.9,252.4,255.4,113725,286.17,2026-10-08
GOYALALUM,EQ,5.94,5.96,5.45,5.6,5.94,93153,5.3,2026-10-08
GPIL,EQ,215.01,215.5,204.52,205.63,214.31,1261703,2623.38,2026-10-08
GPPL,EQ,173.5,174.77,165.77,166.64,172.46,2201234,3727.93,2026-10-08
GPTHEALTH,EQ,145.03,145.61,138.15,140.12,146.34,147331,208.96,2026-10-08
GPTINFRA,EQ,130.0,130.2,120.1,121.19,130.06,474533,588.48,2026-10-08
GRANDOAK,EQ,36.3,36.4,34.02,36.0,34.96,1629,0.59,2026-10-08
GRANULES,EQ,850.0,850.0,810.3,815.05,845.3,671015,5554.69,2026-10-08
GRAPHITE,EQ,830.1,831.0,794.2,802.15,834.05,1148572,9261.27,2026-10-08
GRASIM,EQ,2909.0,2919.9,2853.5,2856.8,2921.1,493070,14178.73,2026-10-08
GRAUWEIL,EQ,80.51,81.35,77.32,78.0,81.05,475568,374.42,2026-10-08
GRAVITA,EQ,1496.0,1523.6,1475.1,1482.3,1496.0,173491,2590.02,2026-10-08
GREAVESCOT,EQ,211.1,212.55,204.96,211.61,212.0,2122180,4442.42,2026-10-08
GREENLAM,EQ,211.45,211.45,205.2,206.86,210.5,32345,67.21,2026-10-08
GREENPANEL,EQ,158.0,158.0,152.41,154.17,159.12,158414,245.14,2026-10-08
GREENPLY,EQ,311.6,311.6,301.25,305.7,310.75,108920,331.9,2026-10-08
GREENPOWER,EQ,8.64,8.69,8.31,8.34,8.65,2176694,183.56,2026-10-08
GRINDWELL,EQ,2020.0,2045.0,1984.9,2007.0,2018.2,121957,2440.52,2026-10-08
GRINFRA,EQ,802.35,806.3,780.0,789.4,798.4,16925,134.41,2026-10-08
GRMOVER,EQ,80.87,82.99,77.5,79.68,81.19,1831769,1447.61,2026-10-08
GROBTEA,EQ,897.15,897.15,880.0,890.7,899.5,17,0.15,2026-10-08
GROWW,EQ,197.37,198.52,189.74,192.6,197.75,21260958,41128.79,2026-10-08
GROWWCAPM,EQ,11.09,11.29,10.91,10.96,11.09,406149,44.75,2026-10-08
GROWWCHEM,EQ,28.88,28.88,27.8,27.92,28.79,52477,14.75,2026-10-08
GROWWDEFNC,EQ,92.52,92.52,89.4,89.86,92.51,313941,282.87,2026-10-08
GROWWEV,EQ,29.98,30.64,29.31,29.41,30.29,243634,71.97,2026-10-08
GROWWGOLD,EQ,14.36,14.36,14.26,14.27,14.31,957072,136.89,2026-10-08
GROWWHOSPI,EQ,46.93,47.0,45.53,45.81,46.7,360320,165.22,2026-10-08
GROWWLIQID,EQ,111.08,111.08,111.07,111.07,111.05,274931,305.39,2026-10-08
GROWWLOVOL,EQ,9.96,9.96,9.58,9.61,9.76,16364,1.58,2026-10-08
GROWWMC150,EQ,222.52,222.52,214.5,214.93,220.32,1891,4.07,2026-10-08
GROWWMETAL,EQ,11.75,11.75,11.35,11.38,11.77,592751,68.01,2026-10-08
GROWWMOM50,EQ,10.7,10.73,10.45,10.54,10.7,188239,19.8,2026-10-08
GROWWN200,EQ,10.75,10.75,10.5,10.53,10.71,102050,10.77,2026-10-08
GROWWNET,EQ,10.11,10.34,9.94,9.99,10.28,332848,33.36,2026-10-08
GROWWNIFTY,EQ,9.19,9.19,8.96,9.02,9.16,1607666,145.45,2026-10-08
GROWWNXT50,EQ,69.88,69.88,68.03,69.0,70.39,21846,14.99,2026-10-08
GROWWPOWER,EQ,10.88,10.92,10.48,10.52,10.88,4375639,462.45,2026-10-08
GROWWPSE,EQ,94.98,94.98,90.84,91.25,93.53,7686,7.04,2026-10-08
GROWWPSUBK,EQ,81.37,82.38,80.4,81.24,81.42,6156,4.99,2026-10-08
GROWWRAIL,EQ,25.76,26.11,25.25,25.32,25.99,701608,178.94,2026-10-08
GROWWRLTY,EQ,9.21,9.21,8.8,8.87,9.21,372845,33.51,2026-10-08
GROWWSC250,EQ,10.57,10.57,10.11,10.16,10.36,141862,14.47,2026-10-08
GROWWSLVR,EQ,21.44,21.45,21.06,21.11,21.41,1014039,215.2,2026-10-08
GRPLTD,EQ,1801.0,1825.0,1681.0,1728.7,1847.0,8016,138.53,2026-10-08
GRSE,EQ,2102.0,2105.0,2008.6,2014.0,2102.0,516394,10556.39,2026-10-08
GRWRHITECH,EQ,6903.5,6998.5,6834.5,6929.0,6903.5,34750,2408.64,2026-10-08
GSEC10ABSL,EQ,111.1,111.1,110.63,110.64,111.2,3,0.0,2026-10-08
GSEC10IETF,EQ,261.68,261.68,258.58,258.58,259.19,1510,3.91,2026-10-08
GSEC10YEAR,EQ,30.23,30.23,29.85,29.87,30.38,4209,1.26,2026-10-08
GSEC5IETF,EQ,65.99,65.99,65.45,65.82,65.69,837,0.55,2026-10-08
GSFC,EQ,149.79,150.13,146.01,146.5,149.73,745300,1100.78,2026-10-08
GSLSU,EQ,30.3,30.3,27.44,27.44,28.88,61808,17.39,2026-10-08
GSPCROP,EQ,489.0,501.5,480.35,492.1,482.8,308253,1518.82,2026-10-08
GSS,EQ,10.35,10.38,10.0,10.23,10.22,24905,2.54,2026-10-08
GTECJAINX,EQ,35.7,35.7,34.22,35.51,35.69,10119,3.58,2026-10-08
GTL,EQ,6.95,6.99,6.6,6.71,6.9,468402,31.57,2026-10-08
GTLINFRA,EQ,1.07,1.09,1.05,1.05,1.07,22000323,234.91,2026-10-08
GTPL,EQ,56.2,56.2,53.62,54.56,55.92,26922,14.87,2026-10-08
GUFICBIO,EQ,422.55,422.55,402.0,404.05,422.55,75557,308.63,2026-10-08
GUJALKALI,EQ,616.0,617.0,590.5,596.65,616.0,24120,145.19,2026-10-08
GUJAPOLLO,EQ,340.05,347.4,328.1,332.0,341.8,7499,25.39,2026-10-08
GUJENERGY,EQ,228.48,229.27,219.04,219.86,228.48,2436601,5388.78,2026-10-08
GUJRAFFIA,EQ,43.87,46.2,42.5,43.47,42.37,13548,6.04,2026-10-08
GUJTHEM,EQ,380.1,380.5,360.1,367.95,379.5,238012,872.82,2026-10-08
GULFOILLUB,EQ,1111.1,1111.1,1080.1,1089.3,1118.6,42073,461.57,2026-10-08
GULPOLY,EQ,165.35,165.49,159.2,159.84,166.63,107005,172.04,2026-10-08
GVPIL,EQ,717.0,717.0,648.5,656.15,698.15,401560,2695.68,2026-10-08
GVT&D,EQ,4285.8,4285.9,4181.0,4200.0,4316.3,517368,21804.48,2026-10-08
GYFTR,EQ,169.52,177.0,167.44,171.38,169.52,261249,449.88,2026-10-08
HAL,EQ,4756.7,4759.8,4620.5,4647.4,4746.3,521431,24394.42,2026-10-08
HALDER,EQ,268.0,268.0,242.3,257.82,262.9,21882,57.36,2026-10-08
HALDYNGL,EQ,141.78,143.0,137.32,140.89,140.78,80215,112.15,2026-10-08
HALEOSLABS,EQ,1590.0,1590.0,1550.0,1567.8,1584.7,431,6.77,2026-10-08
HAMPTON,EQ,8.37,8.37,8.03,8.09,8.24,4014,0.33,2026-10-08
HAPPSTMNDS,EQ,304.6,315.6,299.0,300.2,304.6,1112264,3429.57,2026-10-08
HAPPYFORGE,EQ,1969.9,2003.1,1930.2,1940.9,1934.3,73303,1436.72,2026-10-08
HARDWYN,EQ,9.16,9.21,9.0,9.13,9.17,796564,72.71,2026-10-08
HARIOMPIPE,EQ,340.65,341.2,326.0,326.55,338.15,77026,254.81,2026-10-08
HARRMALAYA,EQ,177.35,177.35,168.1,169.2,173.9,6138,10.42,2026-10-08
HARSHA,EQ,461.5,463.8,435.55,442.4,460.4,186779,828.85,2026-10-08
HATHWAY,EQ,9.58,9.63,9.0,9.21,9.64,2182480,204.81,2026-10-08
HATSUN,EQ,1154.9,1154.9,1112.0,1120.7,1148.1,24416,275.0,2026-10-08
HAVELLS,EQ,1060.5,1061.7,1023.2,1023.7,1060.5,637800,6623.9,2026-10-08
HAVISHA,EQ,1.62,1.62,1.38,1.41,1.52,75846,1.13,2026-10-08
HAWKINCOOK,EQ,7974.0,8079.0,7860.0,7979.5,7973.5,843,67.06,2026-10-08
HAZOOR,EQ,18.6,18.83,16.51,17.07,18.58,680287,118.87,2026-10-08
HBESD,EQ,76.68,78.55,74.0,74.4,77.06,17097,12.86,2026-10-08
HBLENGINE,EQ,762.7,762.7,721.4,725.15,762.45,1321528,9710.36,2026-10-08
HBPOR,EQ,63.91,63.91,60.0,61.99,62.36,2573,1.61,2026-10-08
HBSL,EQ,59.6,59.85,53.2,54.44,58.61,1073,0.61,2026-10-08
HCC,EQ,19.8,19.85,18.68,18.75,19.8,21311169,4074.52,2026-10-08
HCG,EQ,653.0,662.85,635.2,638.75,657.6,67593,438.17,2026-10-08
HCL-INSYS,EQ,10.05,10.19,9.91,9.92,10.05,220010,22.02,2026-10-08
HCLTECH,EQ,1185.0,1211.8,1176.9,1176.9,1185.0,2500607,29867.33,2026-10-08
HDBFS,EQ,602.35,604.0,585.25,586.4,600.1,248709,1476.3,2026-10-08
HDFCAMC,EQ,2304.0,2316.0,2234.8,2245.0,2314.8,970349,21951.71,2026-10-08
HDFCBANK,EQ,704.05,705.8,690.5,692.25,702.75,26808765,186265.82,2026-10-08
HDFCBSE500,EQ,36.43,36.43,34.65,34.96,35.55,897862,313.11,2026-10-08
HDFCGOLD,EQ,125.22,125.56,124.73,125.02,125.19,2857218,3575.95,2026-10-08
HDFCGROWTH,EQ,108.88,109.06,107.1,108.44,108.34,31973,34.45,2026-10-08
HDFCLIFE,EQ,545.1,549.4,542.05,544.5,546.05,2480224,13532.96,2026-10-08
HDFCLIQUID,EQ,1081.2,1081.22,1081.2,1081.2,1081.05,26298,284.34,2026-10-08
HDFCLOWVOL,EQ,19.13,19.23,18.85,19.03,19.2,4740,0.9,2026-10-08
HDFCMID150,EQ,22.05,22.16,21.6,21.7,22.05,617255,134.53,2026-10-08
HDFCMOMENT,EQ,29.82,30.06,29.13,29.36,30.07,308112,90.84,2026-10-08
HDFCNEXT50,EQ,71.21,71.21,69.25,69.46,71.03,383000,266.88,2026-10-08
HDFCNIF100,EQ,24.5,24.5,24.08,24.13,24.55,68335,16.54,2026-10-08
HDFCNIFBAN,EQ,56.78,56.83,56.07,56.19,56.71,210294,118.43,2026-10-08
HDFCNIFIT,EQ,29.95,30.29,29.51,29.56,29.61,355400,106.58,2026-10-08
HDFCNIFTY,EQ,248.66,259.06,248.66,251.1,255.04,367386,923.73,2026-10-08
HDFCNIMEG,EQ,123.33,123.33,118.05,118.94,123.33,97047,116.44,2026-10-08
HDFCPSUBK,EQ,80.58,82.39,79.94,80.78,81.58,44863,36.67,2026-10-08
HDFCPVTBAN,EQ,27.69,27.69,27.32,27.42,27.75,74506,20.49,2026-10-08
HDFCQUAL,EQ,54.79,54.98,53.95,54.02,54.96,32555,17.65,2026-10-08
HDFCSENSEX,EQ,84.64,84.64,81.1,81.68,82.58,113251,92.62,2026-10-08
HDFCSILVER,EQ,208.39,209.05,205.15,205.84,208.83,2478343,5116.07,2026-10-08
HDFCSML250,EQ,180.59,181.48,175.8,176.41,180.77,2339240,4147.84,2026-10-08
HDFCVALUE,EQ,118.5,118.5,116.5,116.56,118.56,12066,14.11,2026-10-08
HEADSUP,EQ,6.44,6.79,6.38,6.49,6.33,11310,0.74,2026-10-08
HEALTHADD,EQ,16.32,16.32,15.83,15.84,16.32,100713,16.01,2026-10-08
HEALTHAXIS,EQ,160.9,164.2,159.4,160.0,162.95,5238,8.44,2026-10-08
HEALTHCARE,EQ,21.46,21.46,20.47,20.5,21.04,51033,10.53,2026-10-08
HEALTHIETF,EQ,164.41,165.32,160.09,160.49,164.41,136809,221.19,2026-10-08
HEALTHX,EQ,288.95,317.0,288.95,292.9,284.15,60830,184.97,2026-10-08
HEALTHY,EQ,16.49,17.0,16.11,16.16,16.49,308216,50.24,2026-10-08
HECPROJECT,EQ,111.63,113.95,109.03,110.66,112.19,3746,4.16,2026-10-08
HEGAM,EQ,248.21,248.22,236.1,237.17,246.99,955261,2289.58,2026-10-08
HEIDELBERG,EQ,127.1,127.11,125.0,125.48,127.49,152306,191.56,2026-10-08
HEMIPROP,EQ,113.0,113.4,108.62,109.24,112.87,273782,301.6,2026-10-08
HERANBA,EQ,170.0,170.61,161.0,162.05,169.27,62832,102.9,2026-10-08
HERITGFOOD,EQ,399.65,401.95,380.5,383.75,398.75,266260,1040.73,2026-10-08
HEROMOTOCO,EQ,4991.5,4991.5,4840.5,4856.5,5004.0,490628,24033.29,2026-10-08
HEROMOTORS,EQ,171.02,171.54,161.51,164.35,170.84,22992210,38058.04,2026-10-08
HESTERBIO,EQ,2167.1,2174.9,2051.0,2069.9,2167.2,2614,54.59,2026-10-08
HEXATRADEX,EQ,159.49,159.49,154.08,155.1,157.01,1879,2.95,2026-10-08
HEXT,EQ,503.1,519.9,503.0,511.4,505.5,360274,1847.58,2026-10-08
HGINFRA,EQ,416.0,416.0,400.15,403.0,416.15,77560,315.03,2026-10-08
HGM,EQ,39.99,39.99,39.4,39.83,40.05,318,0.13,2026-10-08
HGS,EQ,360.0,364.45,357.2,358.95,363.0,7434,26.74,2026-10-08
HIKAL,EQ,226.0,226.0,211.1,212.21,225.24,509857,1097.24,2026-10-08
HILINFRA,EQ,48.0,48.45,46.24,47.69,47.6,254499,120.37,2026-10-08
HILTON,EQ,16.88,16.95,16.2,16.34,16.58,67908,11.19,2026-10-08
HIMATSEIDE,EQ,63.49,63.66,59.9,60.32,63.22,660832,404.47,2026-10-08
HINDADH,EQ,373.0,389.6,373.0,386.75,384.8,6339,24.47,2026-10-08
HINDALCO,EQ,910.0,910.85,886.5,890.15,910.85,3807802,34048.88,2026-10-08
HINDALUMI,EQ,92.5,92.75,89.5,89.9,89.99,833,0.75,2026-10-08
HINDCOMPOS,EQ,404.1,425.0,404.1,417.0,403.75,61165,253.71,2026-10-08
HINDCOPPER,EQ,482.0,485.85,465.0,467.5,479.95,3671010,17438.78,2026-10-08
HINDOILEXP,EQ,171.01,174.99,167.55,169.4,171.88,532758,902.56,2026-10-08
HINDPETRO,EQ,342.5,342.75,326.05,326.6,343.15,12074362,40013.49,2026-10-08
HINDUNILVR,EQ,1860.0,1872.0,1837.2,1844.5,1865.4,2027849,37520.19,2026-10-08
HINDWAREAP,EQ,170.19,171.88,168.75,169.01,170.19,102703,174.14,2026-10-08
HINDZINC,EQ,554.0,554.0,530.75,531.75,551.0,2064026,11133.75,2026-10-08
HIRECT,EQ,1119.0,1158.8,1090.0,1096.1,1113.9,48780,548.89,2026-10-08
HISARMETAL,EQ,145.1,149.0,144.0,144.26,145.1,395,0.57,2026-10-08
HITECH,EQ,73.9,74.2,70.2,70.8,73.9,540818,389.37,2026-10-08
HLEGLAS,EQ,476.0,476.0,446.0,446.0,469.45,129147,583.12,2026-10-08
HLVLTD,EQ,6.12,6.2,6.0,6.06,6.12,265897,16.14,2026-10-08
HMAAGRO,EQ,24.91,25.25,23.5,23.62,24.91,1306967,315.46,2026-10-08
HNDFDS,EQ,583.95,583.95,564.0,572.6,580.4,70895,406.54,2026-10-08
HNGSNGBEES,EQ,464.5,464.5,455.0,455.65,463.23,101779,464.63,2026-10-08
HOMEFIRST,EQ,1086.2,1087.0,1054.0,1071.9,1087.9,119792,1280.55,2026-10-08
HONASA,EQ,477.0,483.5,465.0,467.5,477.05,710408,3362.14,2026-10-08
HONAUT,EQ,33630.0,33635.0,32180.0,32465.0,33345.0,3344,1089.52,2026-10-08
HONDAPOWER,EQ,1871.4,1891.4,1830.0,1839.8,1871.4,2567,47.51,2026-10-08
HORIZONIND,EQ,50.0,50.05,48.18,48.47,50.15,2433872,1193.96,2026-10-08
HPAL,EQ,34.62,35.18,32.16,33.5,34.62,106645,36.19,2026-10-08
HPIL,EQ,114.1,118.59,113.5,116.48,116.49,1348,1.57,2026-10-08
HPL,EQ,266.0,267.1,255.0,256.45,266.3,107096,277.36,2026-10-08
HRYNSHP,EQ,94.19,96.0,92.5,96.0,94.1,805,0.76,2026-10-08
HSBCGOLD,EQ,129.0,129.8,127.1,127.45,127.56,1602,2.04,2026-10-08
HSCL,EQ,675.55,675.55,657.95,660.05,672.95,1268759,8396.48,2026-10-08
HTEL,EQ,90.6,103.72,90.16,97.27,87.94,47580825,46400.6,2026-10-08
HTMEDIA,EQ,22.65,22.7,21.81,22.06,22.59,83706,18.42,2026-10-08
HUBTOWN,EQ,164.68,165.79,154.0,155.13,164.52,647056,1025.63,2026-10-08
HUDCO,EQ,161.5,161.9,156.4,156.99,161.79,3282320,5197.53,2026-10-08
HUHTAMAKI,EQ,230.2,232.2,223.05,225.67,231.19,99538,225.15,2026-10-08
HYBRIDETF,EQ,9.81,9.81,9.65,9.67,9.84,104213,10.14,2026-10-08
HYBRIDFIN,EQ,17.6,18.4,17.2,17.81,17.84,8407,1.5,2026-10-08
HYUNDAI,EQ,1940.0,1946.1,1905.6,1915.0,1945.0,336709,6476.31,2026-10-08
IBULLSLTD,EQ,34.4,38.89,32.78,34.88,32.49,80328946,27978.97,2026-10-08
ICEMAKE,EQ,673.35,688.9,642.2,660.25,673.35,45004,303.31,2026-10-08
ICICIAMC,EQ,3055.0,3099.9,2982.0,3066.4,3058.5,562837,17124.91,2026-10-08
ICICIB22,EQ,109.27,109.27,106.25,106.52,108.86,243725,260.83,2026-10-08
ICICIBANK,EQ,1350.0,1360.8,1340.0,1349.0,1357.5,11277755,152240.53,2026-10-08
ICICIGI,EQ,1591.0,1628.6,1589.3,1624.0,1590.0,896637,14515.95,2026-10-08
ICICIPRULI,EQ,458.0,458.05,448.75,457.0,457.5,1477630,6678.08,2026-10-08
ICIL,EQ,470.0,470.0,443.25,449.0,471.1,374799,1712.8,2026-10-08
ICRA,EQ,4346.3,4373.3,4295.0,4299.4,4346.3,18820,815.65,2026-10-08
IDBI,EQ,85.67,85.9,82.81,83.18,85.67,3762899,3165.44,2026-10-08
IDEA,EQ,13.17,13.29,12.8,12.8,13.18,296467874,38467.99,2026-10-08
IDEAFORGE,EQ,701.1,707.75,662.45,669.2,700.0,269320,1826.43,2026-10-08
IDFCFIRSTB,EQ,79.49,79.49,78.01,78.46,79.54,17426267,13713.06,2026-10-08
IDFNIFTYET,EQ,249.45,250.0,245.25,248.66,250.44,945,2.34,2026-10-08
IEX,EQ,105.71,106.33,103.5,103.75,105.85,3581560,3748.82,2026-10-08
IFBAGRO,EQ,870.0,880.05,846.45,866.95,875.35,5637,48.89,2026-10-08
IFBIND,EQ,1222.0,1222.0,1180.5,1186.8,1216.0,16892,201.87,2026-10-08
IFCI,EQ,64.0,69.8,63.3,66.43,64.03,216192035,146173.16,2026-10-08
IFGLEXPOR,EQ,183.9,184.49,177.2,179.72,183.05,23061,41.66,2026-10-08
IGARASHI,EQ,402.0,402.05,391.2,393.1,403.45,37801,149.5,2026-10-08
IGCL,EQ,59.29,59.29,55.5,55.61,57.75,311278,173.29,2026-10-08
IGIL,EQ,318.7,319.45,305.6,307.05,317.05,415597,1285.83,2026-10-08
IGL,EQ,145.0,146.69,140.1,142.03,146.35,1860599,2675.36,2026-10-08
IGPL,EQ,588.0,593.4,565.1,568.4,586.25,81670,473.09,2026-10-08
IIFL,EQ,591.4,592.3,566.3,579.15,588.55,1555838,8964.8,2026-10-08
IIFLCAPS,EQ,346.0,347.8,343.5,344.2,346.85,414332,1427.14,2026-10-08
IITL,EQ,130.34,132.79,127.01,128.19,130.75,97976,127.74,2026-10-08
IKIO,EQ,192.0,192.98,180.0,181.05,191.05,210057,386.53,2026-10-08
IKS,EQ,1745.0,1791.6,1742.2,1751.1,1737.4,236677,4178.12,2026-10-08
IMAGICAA,EQ,49.08,49.08,46.75,47.11,48.72,525695,249.83,2026-10-08
IMFA,EQ,1183.0,1184.8,1139.9,1165.1,1186.8,94157,1091.75,2026-10-08
IMPAL,EQ,1005.0,1010.0,994.0,996.5,1000.2,2072,20.75,2026-10-08
INA,EQ,82.05,83.37,79.0,79.73,82.0,633313,506.62,2026-10-08
INCREDIBLE,EQ,31.3,32.0,29.62,30.0,31.47,23312,7.12,2026-10-08
INDBANK,EQ,26.75,26.76,25.02,25.14,26.11,56275,14.45,2026-10-08
INDGN,EQ,607.1,609.85,580.0,586.15,607.1,303851,1803.12,2026-10-08
INDHOTEL,EQ,731.0,732.25,710.3,711.65,731.3,2320806,16646.95,2026-10-08
INDIACEM,EQ,302.3,302.3,291.0,294.6,303.05,1138184,3372.21,2026-10-08
INDIAGLYCO,EQ,399.0,399.0,351.8,356.9,382.7,2966275,10957.99,2026-10-08
INDIAMART,EQ,1605.3,1607.0,1575.0,1602.7,1605.3,71691,1142.49,2026-10-08
INDIANB,EQ,830.9,832.0,807.8,807.8,828.3,2115065,17316.31,2026-10-08
INDIANCARD,EQ,186.98,186.98,179.0,180.95,186.99,598,1.09,2026-10-08
INDIANHUME,EQ,350.0,352.1,337.0,338.8,355.45,26750,91.69,2026-10-08
INDIASHLTR,EQ,630.0,650.0,630.0,643.5,633.85,71079,456.67,2026-10-08
INDIGO,EQ,4975.0,4983.7,4782.2,4813.1,4990.0,748671,36246.61,2026-10-08
INDIGOPNTS,EQ,1053.8,1071.0,1033.0,1035.7,1060.2,59869,628.52,2026-10-08
INDIQUBE,EQ,192.51,199.0,190.0,191.89,194.57,36199,70.15,2026-10-08
INDNIPPON,EQ,1231.4,1232.5,1169.0,1187.4,1231.4,45280,539.04,2026-10-08
INDOAMIN,EQ,159.5,160.49,148.35,151.7,157.97,511210,789.05,2026-10-08
INDOBORAX,EQ,480.9,507.95,471.55,482.2,480.9,294787,1450.98,2026-10-08
INDOCO,EQ,248.85,248.85,235.1,236.9,246.55,139829,334.63,2026-10-08
INDOFARM,EQ,140.1,140.99,133.25,134.66,139.92,88097,119.8,2026-10-08
INDOKEM,EQ,600.0,697.1,600.0,692.8,580.95,587044,3957.45,2026-10-08
INDOMIM,EQ,1369.0,1374.4,1231.3,1238.6,1359.9,2412867,30445.75,2026-10-08
INDORAMA,EQ,96.9,96.9,86.4,88.1,95.99,917283,826.78,2026-10-08
INDOSTAR,EQ,201.59,201.59,187.07,196.6,200.12,467933,908.07,2026-10-08
INDOTECH,EQ,3310.0,3373.2,3120.0,3148.8,3323.3,25774,822.62,2026-10-08
INDOTHAI,EQ,42.68,42.68,38.68,38.68,40.71,1688109,674.73,2026-10-08
INDOUS,EQ,74.7,76.29,71.99,72.75,74.93,7922,5.86,2026-10-08
INDOWIND,EQ,8.66,8.73,8.25,8.39,8.58,144689,12.19,2026-10-08
INDPRUD,EQ,6250.0,6300.0,6225.0,6300.0,6305.0,54,3.37,2026-10-08
INDRAMEDCO,EQ,329.4,332.25,317.15,319.9,329.4,591365,1894.44,2026-10-08
INDSWFTLAB,EQ,391.5,394.15,359.35,366.1,391.1,820418,3048.46,2026-10-08
INDTERRAIN,EQ,29.61,29.61,29.15,29.15,29.22,12023,3.51,2026-10-08
INDUSINDBK,EQ,876.0,877.95,857.0,864.0,874.9,1682277,14553.33,2026-10-08
INDUSTOWER,EQ,385.05,388.95,372.05,373.0,385.05,2309118,8744.58,2026-10-08
INFOBEAN,EQ,147.2,153.36,144.9,146.17,147.24,221690,328.21,2026-10-08
INFOMEDIA,EQ,5.43,5.49,5.18,5.45,5.41,11598,0.63,2026-10-08
INFRA,EQ,11.44,11.44,11.13,11.15,11.47,81796,9.15,2026-10-08
INFRABEES,EQ,905.74,907.85,879.22,881.81,905.74,16151,142.97,2026-10-08
INFRAIETF,EQ,89.11,90.68,87.22,87.61,89.87,129588,114.21,2026-10-08
INFY,EQ,1002.0,1012.65,992.9,997.0,992.0,14847874,148830.07,2026-10-08
INGERRAND,EQ,4115.3,4121.5,3982.1,4001.2,4115.3,7994,324.2,2026-10-08
INNOVACAP,EQ,1172.0,1172.0,1125.0,1129.5,1166.2,39665,452.4,2026-10-08
INNOVANA,EQ,287.45,290.75,278.35,283.2,289.9,25642,73.36,2026-10-08
INNOVISION,EQ,256.0,257.95,252.05,252.85,256.0,13968,35.63,2026-10-08
INOXGREEN,EQ,135.17,135.17,108.7,115.08,135.87,43594723,49448.27,2026-10-08
INOXINDIA,EQ,2081.8,2081.8,2016.1,2039.3,2082.0,150616,3079.73,2026-10-08
INOXWIND,EQ,67.1,67.4,62.43,62.43,67.1,21894766,14030.1,2026-10-08
INSECTICID,EQ,581.3,586.6,569.0,571.5,586.6,8344,48.26,2026-10-08
INSPIRISYS,EQ,84.1,85.99,81.6,84.39,83.74,2145,1.79,2026-10-08
INSURADD,EQ,14.57,16.07,14.45,14.45,14.61,14897,2.17,2026-10-08
INSUREIETF,EQ,14.65,14.74,14.46,14.48,14.68,885702,128.38,2026-10-08
INTELLECT,EQ,591.35,603.0,564.05,567.35,591.35,467950,2704.89,2026-10-08
INTENTECH,EQ,82.49,84.14,79.29,82.44,80.92,14822,12.15,2026-10-08
INTERARCH,EQ,1702.0,1712.9,1664.4,1694.4,1700.9,68792,1164.59,2026-10-08
INTERNET,EQ,13.2,14.37,13.2,13.43,13.86,437423,59.46,2026-10-08
INTLCONV,EQ,80.99,80.99,78.0,79.14,80.17,93149,74.39,2026-10-08
INVENTURE,EQ,0.83,0.84,0.81,0.81,0.83,982151,8.1,2026-10-08
IOB,EQ,31.03,31.19,30.4,30.48,31.03,1864731,574.03,2026-10-08
IOC,EQ,130.3,130.31,125.27,126.25,130.0,12167724,15460.29,2026-10-08
IOLCP,EQ,220.41,220.98,203.1,205.55,220.22,4159908,8755.81,2026-10-08
IONEXCHANG,EQ,402.0,402.0,388.3,392.15,402.4,209927,823.69,2026-10-08
IPCALAB,EQ,1940.9,1965.4,1923.0,1938.4,1938.5,320842,6238.83,2026-10-08
IPL,EQ,130.65,131.89,128.16,130.03,130.39,114837,148.46,2026-10-08
IPRINGLTD,EQ,143.0,143.0,138.2,138.23,144.94,495,0.69,2026-10-08
IRB,EQ,17.41,17.89,17.3,17.53,17.44,17723493,3116.35,2026-10-08
IRCON,EQ,106.65,107.11,103.0,103.29,106.66,2132989,2230.9,2026-10-08
IRCTC,EQ,453.95,457.25,448.0,449.85,453.65,815679,3685.67,2026-10-08
IREDA,EQ,107.5,107.94,103.41,103.8,107.33,5964182,6287.71,2026-10-08
IRFC,EQ,76.24,76.29,74.12,74.3,76.15,9189122,6911.75,2026-10-08
IRIS,EQ,222.06,229.5,211.0,212.68,223.23,32848,70.94,2026-10-08
IRISDOREME,EQ,60.0,60.84,57.34,58.71,59.26,313792,183.63,2026-10-08
IRMENERGY,EQ,265.0,272.65,254.3,256.0,263.0,123708,323.69,2026-10-08
ISGEC,EQ,901.75,931.05,886.1,918.4,901.75,231042,2121.94,2026-10-08
ISHANCH,EQ,46.17,47.52,45.5,46.44,47.08,6797,3.14,2026-10-08
ISTLTD,EQ,630.0,630.0,613.0,628.25,638.45,246,1.54,2026-10-08
IT,EQ,31.35,31.58,30.65,30.76,30.74,292143,91.1,2026-10-08
ITADD,EQ,29.99,30.08,29.44,29.53,29.58,32299,9.6,2026-10-08
ITAXIS,EQ,309.01,312.8,305.35,310.38,306.14,56833,175.63,2026-10-08
ITBEES,EQ,30.94,31.5,30.72,30.8,30.9,9049333,2818.71,2026-10-08
ITBETA,EQ,297.15,298.0,290.86,291.6,291.72,73,0.22,2026-10-08
ITC,EQ,264.0,264.65,253.15,255.0,265.7,53680318,137936.62,2026-10-08
ITCHOTELS,EQ,159.0,159.1,153.22,154.63,159.17,1255360,1962.34,2026-10-08
ITDC,EQ,677.0,677.0,652.0,661.55,671.75,70280,465.24,2026-10-08
ITETF,EQ,29.63,30.1,29.33,29.4,29.48,709878,210.74,2026-10-08
ITI,EQ,245.25,245.39,236.15,237.18,245.84,121820,292.06,2026-10-08
ITIETF,EQ,31.2,31.55,30.73,30.79,30.91,769719,239.78,2026-10-08
ITL,EQ,373.95,379.0,362.55,364.85,372.8,6804,24.84,2026-10-08
IVALUE,EQ,233.4,240.5,226.1,227.52,232.04,269787,635.63,2026-10-08
IVC,EQ,7.98,7.98,7.85,7.87,7.95,92979,7.36,2026-10-08
IVZBANKNF,EQ,55.21,57.2,54.23,54.6,55.21,811,0.45,2026-10-08
IVZINGOLD,EQ,127.7,128.1,127.2,127.75,127.7,113134,144.43,2026-10-08
IVZINNIFTY,EQ,255.05,260.0,255.05,256.56,261.59,1342,3.44,2026-10-08
IVZSENSEX,EQ,72.87,73.74,71.55,71.86,74.74,5775,4.16,2026-10-08
IWP,EQ,37.79,37.79,35.6,36.02,37.1,9564,3.47,2026-10-08
IXIGO,EQ,158.7,159.44,151.5,153.96,158.27,2051064,3150.86,2026-10-08
IZMO,EQ,899.9,928.8,852.7,861.4,889.95,233706,2061.09,2026-10-08
J&KBANK,EQ,139.89,140.25,135.02,135.5,139.4,1889831,2594.43,2026-10-08
JAGRAN,EQ,62.0,62.3,61.1,61.42,62.05,172303,106.01,2026-10-08
JAGSNPHARM,EQ,236.9,237.79,228.81,231.7,235.4,49600,114.99,2026-10-08
JAIBALAJI,EQ,69.5,70.0,66.3,68.61,67.37,2662623,1822.98,2026-10-08
JAICORPLTD,EQ,89.61,90.39,84.58,86.52,90.9,1224849,1058.68,2026-10-08
JAINREC,EQ,295.15,296.0,279.15,281.05,295.15,839305,2394.0,2026-10-08
JAIPURKURT,EQ,29.0,34.2,28.99,32.4,28.5,1003604,331.8,2026-10-08
JAMNAAUTO,EQ,151.05,151.99,145.11,147.95,151.77,4686358,6937.05,2026-10-08
JARO,EQ,415.0,416.25,402.0,404.0,414.4,51372,209.83,2026-10-08
JASH,EQ,592.6,592.6,563.0,565.85,586.15,212196,1211.23,2026-10-08
JAYAGROGN,EQ,214.2,216.59,208.16,208.96,213.0,10667,22.44,2026-10-08
JAYBARMARU,EQ,136.2,138.3,125.35,128.0,132.78,888803,1149.85,2026-10-08
JAYKAY,EQ,263.49,263.49,237.11,240.24,263.45,1932722,4713.89,2026-10-08
JAYNECOIND,EQ,95.3,95.3,91.0,91.48,95.24,2278353,2117.98,2026-10-08
JAYSREETEA,EQ,83.0,84.66,82.05,82.32,83.41,15120,12.51,2026-10-08
JBMA,EQ,545.1,549.0,524.5,526.6,547.0,213074,1139.07,2026-10-08
JENBURPH,EQ,890.0,1052.0,864.0,954.2,891.4,18745,184.65,2026-10-08
JETFREIGHT,EQ,19.71,19.93,18.66,19.03,19.72,128827,24.79,2026-10-08
JGCHEM,EQ,654.85,674.75,633.2,638.7,654.95,259024,1666.82,2026-10-08
JINDALPHOT,EQ,1029.0,1031.7,1021.2,1021.2,1032.8,902,9.26,2026-10-08
JINDALPOLY,EQ,666.0,667.0,630.1,635.05,653.25,9768,62.9,2026-10-08
JINDALSAW,EQ,280.0,280.05,267.25,270.2,281.9,1083251,2947.92,2026-10-08
JINDALSTEL,EQ,1061.0,1064.8,1001.1,1010.0,1061.0,2144341,21767.09,2026-10-08
JINDRILL,EQ,599.0,599.4,572.1,575.8,598.1,150252,874.92,2026-10-08
JINDWORLD,EQ,44.4,44.49,42.7,42.94,44.83,1538743,666.23,2026-10-08
JIOFIN,EQ,215.8,216.0,210.3,211.0,216.44,10614368,22523.53,2026-10-08
JISLDVREQS,EQ,19.48,19.48,18.2,18.71,19.18,7763,1.45,2026-10-08
JISLJALEQS,EQ,27.9,27.9,26.5,27.02,27.95,2711099,740.01,2026-10-08
JITFINFRA,EQ,286.0,286.0,264.05,269.55,278.3,25480,69.04,2026-10-08
JKCEMENT,EQ,5017.0,5018.0,4916.0,4966.5,5047.0,68549,3401.74,2026-10-08
JKIL,EQ,442.2,443.0,430.0,432.15,442.2,250084,1086.05,2026-10-08
JKIPL,EQ,102.0,109.0,100.0,103.48,100.29,23506,23.98,2026-10-08
JKLAKSHMI,EQ,471.65,475.0,461.45,470.0,471.65,117933,551.24,2026-10-08
JKPAPER,EQ,384.0,384.0,366.3,367.35,384.5,344435,1285.98,2026-10-08
JKTYRE,EQ,333.4,335.85,328.2,330.25,333.4,503166,1666.34,2026-10-08
JLHL,EQ,249.95,250.5,242.25,247.1,250.0,160279,395.32,2026-10-08
JMA,EQ,90.19,90.19,85.9,86.79,88.69,6939,6.04,2026-10-08
JMFINANCIL,EQ,124.33,124.43,120.15,120.6,124.92,1967364,2405.11,2026-10-08
JNKINDIA,EQ,443.9,445.25,419.15,426.2,444.75,161836,689.76,2026-10-08
JNPR,EQ,282.0,282.9,272.0,274.45,280.65,555579,1534.87,2026-10-08
JOCIL,EQ,145.15,149.75,144.0,146.44,149.04,3096,4.53,2026-10-08
JPOLYINVST,EQ,905.05,914.45,871.6,878.2,901.1,3207,28.38,2026-10-08
JPPOWER,EQ,14.96,14.99,14.2,14.31,14.86,43370302,6310.82,2026-10-08
JSFB,EQ,500.0,504.5,480.5,482.3,500.1,600833,2951.47,2026-10-08
JSIPL,EQ,203.2,214.96,175.88,175.88,195.42,6841860,13301.95,2026-10-08
JSL,EQ,734.6,734.6,702.2,705.6,732.15,721953,5145.14,2026-10-08
JSLL,EQ,417.3,419.8,377.75,381.25,417.2,3804816,14975.37,2026-10-08
JSWCEMENT,EQ,112.51,113.35,110.55,112.97,112.14,2617489,2939.56,2026-10-08
JSWDULUX,EQ,3035.0,3051.6,2980.8,2989.1,3028.1,14829,443.98,2026-10-08
JSWENERGY,EQ,484.05,484.5,465.0,466.85,485.45,1639708,7703.28,2026-10-08
JSWHL,EQ,11217.0,11299.0,11130.0,11158.0,11272.0,1667,186.55,2026-10-08
JSWINFRA,EQ,352.0,353.9,331.45,333.75,353.9,4831830,16335.42,2026-10-08
JSWSTEEL,EQ,1225.1,1229.6,1171.1,1175.2,1230.0,3829207,45377.07,2026-10-08
JTEKTINDIA,EQ,114.05,115.26,111.0,113.1,114.46,155937,175.52,2026-10-08
JTLIND,EQ,90.62,90.62,83.15,83.81,88.2,4207348,3584.76,2026-10-08
JUBLCPL,EQ,1978.2,1993.5,1895.4,1927.2,1988.0,14736,285.43,2026-10-08
JUBLFOOD,EQ,456.5,456.7,426.2,427.6,460.6,4370870,19098.7,2026-10-08
JUBLINGREA,EQ,641.95,642.95,616.0,620.3,642.55,201372,1262.62,2026-10-08
JUBLPHARMA,EQ,971.0,974.6,921.5,932.2,974.6,417017,3889.44,2026-10-08
JUNIORBEES,EQ,767.04,767.04,732.53,734.61,752.0,564944,4174.95,2026-10-08
JUNIPER,EQ,216.34,218.01,212.28,215.33,216.34,80750,173.17,2026-10-08
JUSTDIAL,EQ,661.0,662.45,625.4,631.65,657.4,69728,446.93,2026-10-08
JWL,EQ,222.5,223.0,216.0,216.43,223.56,705633,1542.92,2026-10-08
JYOTHYLAB,EQ,191.0,191.17,184.5,186.29,191.44,357455,667.76,2026-10-08
JYOTICNC,EQ,1069.2,1070.9,988.2,1009.9,1071.0,1726011,17441.45,2026-10-08
JYOTIRES,EQ,840.15,857.6,830.0,836.65,842.95,6180,52.16,2026-10-08
JYOTISTRUC,EQ,9.03,9.28,8.7,8.75,9.03,6326738,566.22,2026-10-08
KAJARIACER,EQ,1228.4,1254.5,1209.0,1210.6,1226.2,385389,4760.35,2026-10-08
KAKATCEM,EQ,107.1,107.1,102.0,102.33,105.95,1694,1.75,2026-10-08
KALAMANDIR,EQ,77.06,77.11,73.5,74.3,77.01,409583,306.79,2026-10-08
KALPATARU,EQ,269.2,269.2,256.4,259.9,267.3,32195,84.95,2026-10-08
KALYANKJIL,EQ,571.8,573.0,552.7,553.5,569.0,6140158,34529.42,2026-10-08
KAMAHOLD,EQ,2236.0,2255.9,2219.5,2227.6,2236.2,1029,22.96,2026-10-08
KAMATHOTEL,EQ,264.99,264.99,250.37,251.72,262.89,70365,179.57,2026-10-08
KAMDHENU,EQ,38.36,38.48,36.31,36.71,38.08,888363,330.08,2026-10-08
KAMOPAINTS,EQ,4.07,4.14,4.07,4.08,4.07,145052,5.94,2026-10-08
KANANIIND,EQ,1.35,1.35,1.3,1.3,1.33,89261,1.18,2026-10-08
KANCHI,EQ,381.0,381.0,365.0,366.25,378.15,1728,6.39,2026-10-08
KANCOTEA,EQ,52.0,52.99,50.69,52.93,52.55,1713,0.9,2026-10-08
KANOHAR,EQ,1070.0,1207.7,1040.0,1183.25,1091.05,22128480,251477.49,2026-10-08
KANPRPLA,EQ,247.5,257.5,235.25,236.96,250.96,23392,58.24,2026-10-08
KANSAINER,EQ,192.4,192.4,180.0,180.75,192.4,255858,473.01,2026-10-08
KAPSTON,EQ,545.45,554.85,535.05,542.4,545.45,34599,186.44,2026-10-08
KARAMTARA,EQ,417.8,421.6,376.05,393.8,416.65,4031111,15780.62,2026-10-08
KARMAENG,EQ,35.0,35.42,34.0,34.51,34.86,4388,1.52,2026-10-08
KARURVYSYA,EQ,330.1,336.8,328.0,329.2,330.1,2066032,6855.94,2026-10-08
KAYNES,EQ,3371.0,3378.5,3215.6,3233.0,3365.0,1099748,36057.95,2026-10-08
KCP,EQ,154.95,156.46,152.0,152.67,154.33,87248,133.63,2026-10-08
KDDL,EQ,3985.6,4008.3,3840.3,3873.2,3997.2,28459,1109.12,2026-10-08
KDGREEN,EQ,50.37,50.45,47.22,48.76,48.53,39827,19.45,2026-10-08
KEC,EQ,363.5,364.0,348.0,349.6,362.5,1237294,4380.57,2026-10-08
KECL,EQ,130.95,131.2,122.72,123.13,129.04,168702,212.56,2026-10-08
KEEPLEARN,EQ,1.86,1.89,1.71,1.84,1.86,81015,1.45,2026-10-08
KEI,EQ,4668.0,4728.0,4578.0,4580.0,4677.7,176120,8203.89,2026-10-08
KELLTONTEC,EQ,12.18,12.24,11.8,11.83,12.15,1595937,191.06,2026-10-08
KENNAMET,EQ,4221.8,4221.8,4071.4,4115.1,4180.9,21123,869.16,2026-10-08
KERNEX,EQ,1779.0,1780.6,1690.0,1700.5,1767.5,131811,2260.01,2026-10-08
KESORAMIND,EQ,10.99,11.23,10.41,10.56,10.81,370397,39.39,2026-10-08
KEYFINSERV,EQ,240.0,243.79,234.5,238.0,240.0,489,1.16,2026-10-08
KFINTECH,EQ,863.95,863.95,838.2,838.2,858.0,350743,2972.17,2026-10-08
KHAICHEM,EQ,48.82,49.45,47.26,47.6,48.82,336861,160.51,2026-10-08
KHAITANLTD,EQ,147.2,153.79,146.55,148.99,150.76,769,1.14,2026-10-08
KHANDSE,EQ,17.0,17.45,16.8,17.21,17.16,166,0.03,2026-10-08
KICL,EQ,4807.2,4831.9,4680.0,4692.0,4881.9,1072,50.8,2026-10-08
KILITCH,EQ,258.0,258.0,242.0,244.3,256.25,87295,215.37,2026-10-08
KIMS,EQ,694.3,695.75,678.8,687.15,693.95,473382,3250.32,2026-10-08
KINGFA,EQ,6997.0,6997.0,6715.0,6804.0,6932.5,8335,566.76,2026-10-08
KIOCL,EQ,347.8,355.9,333.3,350.55,349.35,179285,621.42,2026-10-08
KIRANVYPAR,EQ,203.0,225.4,195.0,199.19,191.35,74812,161.03,2026-10-08
KIRIINDUS,EQ,556.7,560.95,537.65,542.55,556.25,438451,2394.26,2026-10-08
KIRLFER,EQ,473.85,473.85,460.8,464.65,473.8,158991,739.73,2026-10-08
KIRLOSBROS,EQ,1723.0,1723.0,1662.3,1667.2,1712.8,38940,652.66,2026-10-08
KIRLOSENG,EQ,2230.0,2231.0,2131.5,2163.0,2230.8,409305,8875.51,2026-10-08
KIRLOSIND,EQ,3510.2,3628.4,3425.9,3473.1,3531.2,7953,279.87,2026-10-08
KIRLPNU,EQ,706.5,706.5,668.0,670.3,696.15,104467,708.27,2026-10-08
KISSHT,EQ,375.0,378.2,366.9,372.15,377.35,886460,3304.61,2026-10-08
KITEX,EQ,116.99,117.95,114.75,115.11,116.93,288348,333.92,2026-10-08
KJMCFIN,EQ,58.45,58.5,54.8,57.69,58.45,1390,0.79,2026-10-08
KKCL,EQ,475.55,477.95,468.45,472.5,475.55,22954,108.39,2026-10-08
KLBRENG-B,EQ,527.9,527.9,492.2,500.15,524.35,341466,1725.2,2026-10-08
KMCSHIL,EQ,185.5,185.5,176.21,177.28,183.22,315682,565.49,2026-10-08
KMEW,EQ,3230.0,3307.0,3168.0,3256.7,3214.0,177999,5770.68,2026-10-08
KNACK,EQ,214.0,216.9,195.95,202.16,211.86,1684388,3485.4,2026-10-08
KNAGRI,EQ,208.1,212.0,199.0,202.6,205.9,9384,19.29,2026-10-08
KNRCON,EQ,115.53,115.53,110.6,111.61,115.72,751097,846.88,2026-10-08
KOHINOOR,EQ,29.5,29.85,28.2,28.88,29.42,107327,31.27,2026-10-08
KOKUYOCMLN,EQ,74.99,74.99,72.25,73.26,73.0,9143,6.7,2026-10-08
KOLTEPATIL,EQ,438.9,438.9,422.1,423.4,435.9,46054,196.99,2026-10-08
KOPRAN,EQ,276.5,276.5,248.35,254.3,276.5,626846,1619.5,2026-10-08
KOTAKBANK,EQ,440.0,440.0,432.95,435.0,440.0,22068818,96290.15,2026-10-08
KOTHARIPET,EQ,127.46,127.78,118.35,121.1,126.56,69670,85.64,2026-10-08
KOTHARIPRO,EQ,65.08,66.15,63.3,63.51,65.08,9212,5.87,2026-10-08
KOTIC,EQ,146.79,168.87,142.51,155.14,143.91,1027245,1636.36,2026-10-08
KOTYARK,EQ,31.94,32.05,30.5,31.06,31.1,273468,85.59,2026-10-08
KOVAI,EQ,5979.5,5979.5,5878.5,5891.5,5919.5,6536,385.71,2026-10-08
KPEL,EQ,214.22,214.22,206.2,206.87,212.89,201029,419.45,2026-10-08
KPIGREEN,EQ,333.0,333.0,318.15,323.25,334.45,882321,2876.75,2026-10-08
KPIL,EQ,1458.4,1458.4,1394.2,1401.5,1458.4,120298,1708.82,2026-10-08
KPITTECH,EQ,484.25,493.85,470.1,471.0,484.25,1408072,6777.32,2026-10-08
KPL,EQ,3680.0,3680.0,3511.5,3533.3,3681.2,27259,973.97,2026-10-08
KPRMILL,EQ,1096.9,1102.6,1050.1,1053.3,1101.3,199692,2152.36,2026-10-08
KRBL,EQ,399.8,401.85,385.0,386.05,398.2,473055,1861.49,2026-10-08
KREBSBIO,EQ,59.4,59.48,57.3,57.96,59.72,13155,7.69,2026-10-08
KRIDHANINF,EQ,1.86,1.98,1.82,1.82,1.86,18017,0.33,2026-10-08
KRISHANA,EQ,192.7,192.7,187.18,188.69,191.38,293743,556.49,2026-10-08
KRISHIVAL,EQ,400.25,400.25,372.0,383.7,397.4,30805,118.9,2026-10-08
KRISHNADEF,EQ,1245.0,1291.6,1170.0,1240.8,1242.1,201821,2451.7,2026-10-08
KRITI,EQ,59.07,59.89,53.8,55.55,59.07,61801,34.29,2026-10-08
KRITIKA,EQ,5.12,5.12,4.86,4.86,4.95,87603,4.31,2026-10-08
KRITINUT,EQ,71.0,73.8,69.12,72.26,70.15,31575,22.71,2026-10-08
KRN,EQ,1519.0,1519.0,1408.5,1414.5,1484.2,210590,3027.94,2026-10-08
KROSS,EQ,265.0,267.9,238.2,239.7,263.9,1075805,2664.06,2026-10-08
KRSNAA,EQ,550.0,550.0,526.0,531.95,548.1,47652,254.59,2026-10-08
KRYSTAL,EQ,645.25,660.4,623.7,633.2,644.45,8739,55.58,2026-10-08
KSB,EQ,802.0,803.15,775.0,776.7,801.5,89997,707.22,2026-10-08
KSCL,EQ,710.0,710.0,670.8,679.0,710.75,208432,1440.54,2026-10-08
KSE,EQ,179.8,179.8,174.3,175.48,176.84,9537,16.69,2026-10-08
KSHINTL,EQ,1076.0,1076.0,1005.6,1017.7,1072.3,320815,3281.47,2026-10-08
KSL,EQ,936.0,956.3,900.55,945.05,932.65,109467,1019.55,2026-10-08
KSOLVES,EQ,244.0,249.49,240.0,241.68,246.44,24042,58.57,2026-10-08
KTKBANK,EQ,325.0,326.8,316.4,320.8,326.45,2527395,8114.6,2026-10-08
KUANTUM,EQ,76.22,77.75,73.0,74.07,76.72,108276,80.89,2026-10-08
KUSUMGAR,EQ,638.0,638.0,587.05,608.0,626.85,462631,2805.52,2026-10-08
KWIL,EQ,38.15,38.19,36.5,36.91,38.06,7970741,2949.95,2026-10-08
LAGNAM,EQ,72.63,73.89,70.22,71.14,72.26,1308,0.94,2026-10-08
LAHOTIOV,EQ,39.25,39.98,38.5,38.5,39.9,3197,1.24,2026-10-08
LAKSHMIMIL,EQ,7352.0,7747.5,7352.0,7634.0,7715.0,9,0.68,2026-10-08
LAL,EQ,8.69,8.79,8.42,8.53,8.61,196674,16.72,2026-10-08
LALITHAA,EQ,395.5,397.95,375.15,376.45,394.85,6058030,22890.86,2026-10-08
LALPATHLAB,EQ,1945.1,1961.0,1888.0,1898.9,1945.1,271926,5194.65,2026-10-08
LAMBODHARA,EQ,135.98,135.98,127.5,128.09,133.74,6952,9.07,2026-10-08
LANCER,EQ,11.19,11.28,10.78,10.83,10.98,148980,16.22,2026-10-08
LANDMARK,EQ,485.45,485.45,461.3,468.65,480.95,86631,407.04,2026-10-08
LAOPALA,EQ,155.5,156.2,152.71,153.98,155.04,77178,118.67,2026-10-08
LARGEMID50,EQ,34.24,34.24,33.76,33.76,34.37,12567,4.25,2026-10-08
LASERPOWER,EQ,283.5,283.5,265.85,272.5,284.55,789645,2148.49,2026-10-08
LATENTVIEW,EQ,231.0,245.0,228.37,230.26,230.08,1565857,3692.57,2026-10-08
LATTEYS,EQ,22.29,22.29,20.6,20.91,21.87,47619,10.12,2026-10-08
LAURUSLABS,EQ,2055.0,2055.0,1997.9,1997.9,2052.8,1394208,28187.01,2026-10-08
LAXMICOT,EQ,12.6,13.05,12.6,12.62,12.8,8867,1.12,2026-10-08
LAXMIDENTL,EQ,198.0,198.0,190.31,192.52,197.12,45528,87.62,2026-10-08
LAXMIINDIA,EQ,111.6,111.6,106.0,106.66,110.81,161733,174.04,2026-10-08
LCCPROJECT,EQ,143.09,150.4,143.09,145.08,143.97,913274,1336.15,2026-10-08
LCL,EQ,627.75,631.45,604.0,608.7,624.1,343343,2106.49,2026-10-08
LEAPIND,EQ,148.9,150.2,137.35,141.42,148.03,1307008,1887.95,2026-10-08
LEMERITE,EQ,19.99,19.99,18.37,18.77,19.26,176005,33.42,2026-10-08
LEMONTREE,EQ,112.71,113.46,109.56,110.05,112.52,5897444,6544.27,2026-10-08
LENSKART,EQ,684.9,686.0,645.5,653.95,681.3,5023579,33126.79,2026-10-08
LEXUS,EQ,9.89,9.89,9.0,9.7,9.48,74806,7.15,2026-10-08
LFIC,EQ,129.0,129.1,126.0,126.22,129.0,705,0.9,2026-10-08
LGBBROSLTD,EQ,1714.9,1714.9,1659.9,1676.4,1715.8,17854,298.81,2026-10-08
LGEINDIA,EQ,1782.0,1785.0,1705.0,1723.0,1780.3,388141,6788.27,2026-10-08
LGHL,EQ,219.39,219.9,210.11,213.87,215.12,17192,37.01,2026-10-08
LIBAS,EQ,11.6,11.98,10.9,11.39,11.55,21712,2.47,2026-10-08
LIBERTSHOE,EQ,218.45,218.45,209.0,210.18,216.48,18127,38.4,2026-10-08
LICHSGFIN,EQ,519.9,547.65,519.4,537.0,515.4,14555953,78465.0,2026-10-08
LICI,EQ,386.3,388.0,378.2,379.25,386.3,3328818,12702.62,2026-10-08
LICMFGOLD,EQ,132.25,132.55,131.65,131.8,132.25,26824,35.42,2026-10-08
LICNETFGSC,EQ,28.2,29.22,28.2,28.92,28.93,127031,36.76,2026-10-08
LICNETFN50,EQ,247.65,254.52,247.65,251.56,254.0,2083,5.24,2026-10-08
LICNETFSEN,EQ,817.0,849.7,791.33,804.17,817.51,68,0.55,2026-10-08
LICNFNHGP,EQ,260.56,268.0,250.09,252.43,260.56,587,1.51,2026-10-08
LICNMID100,EQ,59.6,59.89,57.87,58.19,59.58,7238,4.25,2026-10-08
LIKHITHA,EQ,229.02,238.0,224.02,226.08,234.14,49617,114.43,2026-10-08
LINC,EQ,87.9,87.95,83.3,84.57,86.84,17910,15.33,2026-10-08
LINCOLN,EQ,563.2,579.45,548.55,561.7,563.85,28927,161.45,2026-10-08
LINDEINDIA,EQ,6098.5,6146.5,5990.0,6026.0,6094.0,12243,739.75,2026-10-08
LIQGRWBEES,EQ,1057.39,1059.0,1056.25,1058.57,1058.45,41466,438.93,2026-10-08
LIQUID,EQ,999.99,1000.0,999.99,999.99,999.99,293072,2930.72,2026-10-08
LIQUID1,EQ,1128.65,1128.65,1125.96,1125.96,1125.82,2322622,26152.03,2026-10-08
LIQUIDADD,EQ,1148.18,1148.2,1148.18,1148.18,1148.02,570497,6550.38,2026-10-08
LIQUIDBEES,EQ,1000.0,1000.01,999.99,1000.0,1000.0,5906055,59060.87,2026-10-08
LIQUIDBETA,EQ,1011.11,1011.11,1011.11,1011.11,1010.85,6,0.06,2026-10-08
LIQUIDBETF,EQ,1103.0,1103.0,1102.06,1102.07,1101.91,418277,4609.72,2026-10-08
LIQUIDCASE,EQ,116.26,116.28,116.26,116.27,116.25,17621757,20488.98,2026-10-08
LIQUIDETF,EQ,1000.0,1000.01,999.99,999.99,1000.0,122284,1222.84,2026-10-08
LIQUIDIETF,EQ,1000.0,1000.01,999.99,999.99,999.99,341684,3416.84,2026-10-08
LIQUIDPLUS,EQ,1106.61,1106.63,1106.61,1106.61,1106.47,414744,4589.63,2026-10-08
LIQUIDSBI,EQ,999.99,1000.01,999.99,999.99,1000.01,7498,74.98,2026-10-08
LIQUIDSHRI,EQ,1124.72,1124.72,1124.7,1124.71,1124.55,9043,101.71,2026-10-08
LKPSEC,EQ,13.7,13.97,13.55,13.62,13.65,6352,0.87,2026-10-08
LLOYDSENGG,EQ,101.47,101.48,95.45,96.18,101.1,13917134,13478.34,2026-10-08
LLOYDSENT,EQ,78.81,78.81,73.65,74.37,78.98,3657105,2752.06,2026-10-08
LLOYDSME,EQ,1844.6,1844.8,1764.0,1795.6,1844.5,473935,8555.83,2026-10-08
LMW,EQ,16817.0,16870.0,16187.0,16346.0,16819.0,4278,702.21,2026-10-08
LODHA,EQ,1109.1,1111.1,1065.6,1065.6,1109.4,1712251,18574.67,2026-10-08
LOKESHMACH,EQ,465.6,488.0,442.0,447.85,465.45,424361,1977.38,2026-10-08
LORDSCHLO,EQ,140.0,143.0,135.12,136.01,139.5,11769,16.15,2026-10-08
LOTUSCHO,EQ,655.0,724.0,650.0,658.9,646.85,76663,526.84,2026-10-08
LOTUSEYE,EQ,116.6,116.6,113.61,113.94,114.84,2258,2.59,2026-10-08
LOVABLE,EQ,70.09,71.5,67.01,67.23,68.73,8663,5.96,2026-10-08
LOWVOL,EQ,191.56,191.62,188.55,189.02,192.52,570,1.08,2026-10-08
LOWVOL1,EQ,19.57,19.68,19.22,19.22,19.57,79708,15.42,2026-10-08
LOWVOLIETF,EQ,20.67,20.67,20.13,20.18,20.53,7131131,1445.2,2026-10-08
LOYALTEX,EQ,205.2,206.6,205.2,206.55,208.02,391,0.81,2026-10-08
LPDC,EQ,6.28,6.39,6.17,6.21,6.25,35412,2.2,2026-10-08
LT,EQ,3698.0,3702.0,3607.0,3625.1,3701.5,1690918,61531.9,2026-10-08
LTF,EQ,258.0,261.25,255.05,257.4,260.25,5991864,15452.9,2026-10-08
LTFOODS,EQ,418.4,420.35,404.15,405.45,418.2,250683,1031.67,2026-10-08
LTGILTBEES,EQ,29.52,29.52,29.44,29.45,29.51,2053169,605.27,2026-10-08
LTGILTCASE,EQ,30.66,30.66,29.97,30.01,30.06,426767,128.18,2026-10-08
LTM,EQ,3929.7,4003.3,3915.0,3915.0,3930.0,398649,15814.02,2026-10-08
LTTS,EQ,3252.0,3356.2,3168.8,3176.6,3252.1,53392,1743.06,2026-10-08
LUMAXIND,EQ,5465.5,5466.0,5260.0,5294.0,5401.5,7039,373.82,2026-10-08
LUMAXTECH,EQ,1860.1,1860.1,1763.6,1770.2,1849.2,143877,2580.06,2026-10-08
LUMINO,EQ,109.0,109.54,101.23,101.95,108.9,5015473,5237.35,2026-10-08
LUPIN,EQ,2012.9,2020.9,1936.9,1936.9,2012.9,611469,12047.86,2026-10-08
LUXIND,EQ,1166.0,1166.0,1100.0,1108.5,1157.5,19524,218.88,2026-10-08
LXCHEM,EQ,192.0,192.5,181.1,182.03,190.35,1570106,2900.96,2026-10-08
M&M,EQ,2800.0,2806.1,2744.3,2751.2,2800.0,3278766,90826.84,2026-10-08
M&MFIN,EQ,321.7,321.75,309.2,310.5,321.75,2187388,6916.22,2026-10-08
MAANALU,EQ,104.7,104.7,98.27,98.97,103.99,74422,74.41,2026-10-08
MACPOWER,EQ,2082.1,2098.2,1951.0,1981.0,2062.9,46860,933.61,2026-10-08
MADHAV,EQ,33.6,34.79,31.13,32.1,33.62,7474,2.43,2026-10-08
MADHAVIPL,EQ,7.32,7.39,7.1,7.21,7.39,41409,3.0,2026-10-08
MADHUCON,EQ,3.86,4.08,3.7,3.79,3.93,24640,0.94,2026-10-08
MADRASFERT,EQ,60.0,60.0,57.21,57.54,58.89,30906,17.92,2026-10-08
MAFANG,EQ,299.95,307.49,265.51,280.37,295.01,2509797,7093.07,2026-10-08
MAFATIND,EQ,115.1,116.37,110.01,111.07,115.95,40912,46.1,2026-10-08
MAGADSUGAR,EQ,562.25,576.45,540.0,544.65,562.3,39991,222.45,2026-10-08
MAGNUM,EQ,18.49,18.49,17.61,17.82,18.18,31692,5.68,2026-10-08
MAHABANK,EQ,84.15,84.5,82.05,82.05,84.15,9505081,7901.6,2026-10-08
MAHAPEXLTD,EQ,51.91,52.95,49.09,50.77,51.66,6954,3.54,2026-10-08
MAHEPC,EQ,97.0,99.79,96.5,98.16,98.37,15501,15.17,2026-10-08
MAHESHWARI,EQ,71.0,71.0,70.0,70.72,71.2,5959,4.18,2026-10-08
MAHKTECH,EQ,23.46,23.46,22.05,22.63,23.0,879558,199.36,2026-10-08
MAHLIFE,EQ,351.1,353.65,339.1,342.1,351.1,201761,693.04,2026-10-08
MAHLOG,EQ,411.15,411.15,393.1,395.4,411.15,164360,656.84,2026-10-08
MAHSCOOTER,EQ,12251.0,12300.0,12000.0,12048.0,12242.0,6118,743.58,2026-10-08
MAHSEAMLES,EQ,704.55,704.55,641.15,644.25,692.75,538476,3568.26,2026-10-08
MAITHANALL,EQ,910.0,910.05,881.0,887.55,905.75,42951,383.98,2026-10-08
MAKEINDIA,EQ,156.8,156.8,151.1,151.43,155.25,39422,60.04,2026-10-08
MAKERSL,EQ,180.01,185.9,176.51,179.5,179.21,3186,5.71,2026-10-08
MALLCOM,EQ,900.0,909.75,892.0,900.85,902.1,1740,15.67,2026-10-08
MALUPAPER,EQ,30.81,31.48,30.5,30.68,31.08,13051,4.03,2026-10-08
MAMATA,EQ,393.0,396.0,384.1,385.7,395.95,30456,118.31,2026-10-08
MANAKALUCO,EQ,32.0,33.25,30.92,31.22,32.21,56163,17.71,2026-10-08
MANAKCOAT,EQ,130.19,130.19,124.61,126.33,129.25,201412,255.1,2026-10-08
MANAKSIA,EQ,57.85,59.78,56.32,56.82,58.26,40757,23.6,2026-10-08
MANALIPETC,EQ,90.48,90.69,85.2,85.88,90.48,2439553,2116.25,2026-10-08
MANAPPURAM,EQ,308.1,309.7,303.65,304.15,308.9,1839807,5637.09,2026-10-08
MANBA,EQ,141.95,150.4,141.95,146.82,141.74,525646,775.06,2026-10-08
MANCREDIT,EQ,238.95,239.32,222.0,223.63,240.56,73180,166.59,2026-10-08
MANGALAM,EQ,33.75,34.0,31.1,31.48,33.09,27243,8.72,2026-10-08
MANGLMCEM,EQ,971.1,999.35,948.0,950.8,971.1,66709,648.57,2026-10-08
MANIKA,EQ,58.0,61.25,54.42,55.46,58.64,4757797,2745.32,2026-10-08
MANINDS,EQ,910.95,911.9,851.0,857.85,905.75,451881,3939.99,2026-10-08
MANINFRA,EQ,122.0,122.0,117.18,117.74,122.52,1717708,2050.86,2026-10-08
MANIPALHOS,EQ,700.1,703.0,678.1,684.05,699.15,724488,4969.35,2026-10-08
MANKIND,EQ,2501.1,2510.9,2347.6,2380.0,2500.0,783247,18692.83,2026-10-08
MANOMAY,EQ,240.0,241.0,227.52,232.54,236.9,135011,315.17,2026-10-08
MANORAMA,EQ,1996.0,2049.0,1985.0,1998.5,1996.0,195866,3960.75,2026-10-08
MANORG,EQ,438.0,445.4,419.1,427.25,438.0,11435,48.71,2026-10-08
MANUFGBEES,EQ,155.39,155.39,148.5,149.43,153.85,16946,25.5,2026-10-08
MANYAVAR,EQ,500.95,510.7,486.15,489.9,500.2,135776,669.17,2026-10-08
MAPMYINDIA,EQ,895.4,909.1,870.0,874.7,896.0,90531,810.67,2026-10-08
MARALOVER,EQ,61.0,61.0,56.11,56.41,58.48,15494,9.16,2026-10-08
MARATHON,EQ,379.55,379.55,358.4,361.2,377.7,62541,228.35,2026-10-08
MARICO,EQ,788.2,794.15,774.3,777.25,787.25,565931,4418.62,2026-10-08
MARINE,EQ,473.9,473.9,446.0,452.6,476.4,1804249,8175.51,2026-10-08
MARKOLINES,EQ,170.26,170.79,161.81,164.44,169.6,114531,192.23,2026-10-08
MARKSANS,EQ,326.1,326.25,304.45,307.8,325.45,2348179,7304.46,2026-10-08
MARSONS,EQ,133.55,133.55,124.32,126.79,132.45,2972319,3827.74,2026-10-08
MARUTI,EQ,11433.0,11463.0,11225.0,11228.0,11450.0,431962,48771.81,2026-10-08
MASFIN,EQ,268.15,270.7,260.75,262.95,270.25,115672,305.87,2026-10-08
MASKINVEST,EQ,144.27,144.27,140.0,144.2,144.99,154,0.22,2026-10-08
MASPTOP50,EQ,118.5,119.64,109.01,111.67,116.81,1562893,1768.37,2026-10-08
MASTEK,EQ,1630.0,1679.0,1612.1,1651.2,1624.9,127423,2104.07,2026-10-08
MASTERTR,EQ,83.55,85.56,79.15,81.6,82.94,563079,466.76,2026-10-08
MATRIMONY,EQ,529.05,565.9,511.25,517.8,517.5,56966,307.16,2026-10-08
MAWANASUG,EQ,150.5,155.2,144.0,145.11,151.66,330517,491.34,2026-10-08
MAXESTATES,EQ,550.5,550.5,529.6,531.75,550.5,70271,375.81,2026-10-08
MAXHEALTH,EQ,900.5,903.6,870.0,873.4,908.0,2239281,19681.75,2026-10-08
MAXIND,EQ,162.8,162.8,152.5,158.42,162.27,138284,215.18,2026-10-08
MAYURUNIQ,EQ,766.5,766.5,740.3,749.9,762.85,78266,586.93,2026-10-08
MAZDOCK,EQ,2055.0,2060.9,1990.0,1990.0,2064.4,683614,13750.6,2026-10-08
MBAPL,EQ,169.7,169.7,163.0,163.42,168.02,375576,620.02,2026-10-08
MBEL,EQ,290.0,290.0,261.6,265.56,290.6,961258,2639.32,2026-10-08
MBLINFRA,EQ,25.0,25.85,22.66,23.88,25.06,69631,16.6,2026-10-08
MCCHRLS-B,EQ,679.2,683.5,645.0,675.15,672.55,194,1.29,2026-10-08
MCL,EQ,55.99,55.99,53.28,53.75,55.27,24501,13.25,2026-10-08
MCLEODRUSS,EQ,42.7,42.7,40.13,40.63,42.0,308898,127.36,2026-10-08
MCLOUD,EQ,24.61,25.04,24.06,24.3,24.76,1019479,249.38,2026-10-08
MCX,EQ,3360.0,3370.3,3246.0,3255.6,3362.6,2036568,66872.53,2026-10-08
MEDANTA,EQ,1299.0,1309.3,1270.9,1276.5,1294.1,144593,1862.27,2026-10-08
MEDIASSIST,EQ,301.95,301.95,293.7,295.2,300.0,88729,262.94,2026-10-08
MEDICO,EQ,22.65,22.65,21.5,21.83,22.37,124325,27.52,2026-10-08
MEDPLUS,EQ,645.0,645.0,626.5,631.9,647.3,44614,283.84,2026-10-08
MEESHO,EQ,236.53,237.0,229.4,232.19,236.52,14862375,34393.95,2026-10-08
MEGASTAR,EQ,315.15,315.15,290.0,292.31,309.06,9122,27.36,2026-10-08
MEIL,EQ,275.0,275.0,263.0,266.2,274.4,31315,83.64,2026-10-08
MENONBE,EQ,298.5,299.9,282.65,287.1,301.45,77881,225.1,2026-10-08
MERCANTILE,EQ,22.33,23.79,20.52,20.7,22.33,4342,0.92,2026-10-08
MERCURYEV,EQ,38.7,38.7,36.05,36.48,37.88,199519,73.68,2026-10-08
METAL,EQ,12.77,12.77,11.99,12.02,12.46,4182535,505.71,2026-10-08
METALIETF,EQ,12.69,12.69,11.96,12.09,12.39,10298143,1247.59,2026-10-08
METROBRAND,EQ,825.1,849.9,817.0,840.65,825.1,43221,362.34,2026-10-08
METROGLOBL,EQ,128.5,132.0,124.58,126.28,132.0,941,1.19,2026-10-08
METROPOLIS,EQ,544.7,545.9,521.1,525.85,541.45,157417,839.12,2026-10-08
MFML,EQ,18.39,20.98,18.29,18.3,18.39,12728,2.42,2026-10-08
MFSL,EQ,1350.0,1361.4,1316.0,1322.4,1345.1,519819,6909.69,2026-10-08
MGEL,EQ,15.83,16.15,15.51,15.9,15.71,336436,53.39,2026-10-08
MGL,EQ,1040.0,1050.8,1028.3,1043.9,1041.6,94398,980.91,2026-10-08
MHRIL,EQ,195.07,195.36,186.21,187.23,195.07,132243,250.73,2026-10-08
MID150,EQ,22.17,22.39,21.72,22.04,22.26,110438,24.2,2026-10-08
MID150BEES,EQ,226.99,226.99,220.52,221.17,226.35,1622414,3603.9,2026-10-08
MID150CASE,EQ,11.07,11.07,10.73,10.75,11.02,1581075,171.27,2026-10-08
MIDBANKADD,EQ,16.26,16.69,15.96,16.07,16.34,212870,34.27,2026-10-08
MIDCAP,EQ,17.0,17.85,16.87,16.97,17.32,598078,102.03,2026-10-08
MIDCAPADD,EQ,21.83,22.09,21.34,21.52,21.83,10311,2.21,2026-10-08
MIDCAPBETA,EQ,219.66,222.39,215.35,219.23,223.5,1902,4.13,2026-10-08
MIDCAPETF,EQ,22.4,22.41,21.8,21.83,22.34,4378583,962.15,2026-10-08
MIDCAPIETF,EQ,22.66,22.66,22.05,22.11,22.61,1048512,233.41,2026-10-08
MIDHANI,EQ,453.8,457.55,437.05,442.55,458.7,655965,2922.52,2026-10-08
MIDQ50ADD,EQ,23.74,23.75,23.2,23.38,23.74,21565,5.05,2026-10-08
MIDSELIETF,EQ,18.5,18.52,18.06,18.1,18.47,184918,33.78,2026-10-08
MIDSMALL,EQ,50.25,50.25,49.0,49.11,50.3,157649,77.81,2026-10-08
MIDWESTLTD,EQ,1050.0,1082.4,985.05,989.8,1067.15,73088,754.17,2026-10-08
MIIL,EQ,672.0,675.2,655.1,670.85,667.5,54760,363.11,2026-10-08
MINDACORP,EQ,639.0,639.2,629.0,635.15,639.45,193198,1226.76,2026-10-08
MINDTECK,EQ,141.7,142.55,133.0,135.08,140.12,45751,62.84,2026-10-08
MIRZAINT,EQ,27.85,27.97,27.24,27.44,27.85,55976,15.43,2026-10-08
MITCON,EQ,78.5,80.1,77.25,77.85,78.49,3676,2.87,2026-10-08
MITTAL,EQ,0.73,0.73,0.68,0.69,0.72,1326303,9.33,2026-10-08
MKEXIM,EQ,63.19,63.98,55.7,57.76,62.0,11651,6.93,2026-10-08
MKPL,EQ,3.94,4.58,3.88,3.92,3.93,196664,7.98,2026-10-08
MLKFOOD,EQ,86.0,86.4,84.6,85.15,85.7,4571,3.9,2026-10-08
MMFL,EQ,569.0,586.0,550.5,553.7,566.05,85497,486.77,2026-10-08
MMP,EQ,512.0,515.45,475.15,483.25,498.8,213115,1052.14,2026-10-08
MMTC,EQ,56.82,56.82,54.02,54.27,56.2,999275,549.18,2026-10-08
MMWL,EQ,19.78,19.78,19.0,19.77,17.99,1519214,299.52,2026-10-08
MNC,EQ,31.16,31.16,30.3,30.45,31.16,37215,11.43,2026-10-08
MOALPHA50,EQ,54.91,55.73,53.36,53.59,54.91,6757,3.65,2026-10-08
MOBANK10,EQ,16.31,16.31,16.11,16.15,16.25,4357,0.71,2026-10-08
MOBIKWIK,EQ,247.0,249.1,234.52,244.52,256.08,18727942,45052.88,2026-10-08
MOCAPITAL,EQ,54.23,54.23,51.89,52.02,52.91,700832,366.58,2026-10-08
MODEFENCE,EQ,101.25,101.49,98.11,98.39,100.93,1452875,1437.33,2026-10-08
MODINATUR,EQ,299.6,323.8,284.7,288.65,299.6,23362,69.05,2026-10-08
MODIRUBBER,EQ,118.9,119.0,117.51,118.67,118.87,584,0.69,2026-10-08
MODIS,EQ,379.5,383.35,369.85,375.25,382.8,14117,53.15,2026-10-08
MODTHREAD,EQ,46.09,50.89,45.51,46.2,45.21,6795,3.23,2026-10-08
MOENERGY,EQ,36.9,37.08,35.88,35.98,36.81,123530,44.63,2026-10-08
MOGOLD,EQ,145.65,145.65,144.5,144.6,144.95,15431,22.34,2026-10-08
MOGSEC,EQ,64.87,64.95,64.3,64.77,64.87,8198,5.31,2026-10-08
MOHEALTH,EQ,51.64,51.64,49.2,49.36,50.39,54881,27.32,2026-10-08
MOHITE,EQ,2.48,2.49,2.42,2.45,2.47,25601,0.63,2026-10-08
MOHITIND,EQ,22.57,22.98,22.01,22.01,22.57,14333,3.23,2026-10-08
MOIL,EQ,236.0,238.49,228.7,229.58,236.4,506838,1180.6,2026-10-08
MOINFRA,EQ,56.2,56.2,54.02,54.59,56.18,20504,11.27,2026-10-08
MOIPO,EQ,46.8,46.8,45.19,45.34,46.71,4879,2.22,2026-10-08
MOKSH,EQ,9.54,9.75,9.1,9.17,9.52,85759,7.99,2026-10-08
MOL,EQ,61.47,61.47,57.4,57.74,61.06,672128,397.12,2026-10-08
MOLBIO,EQ,1559.0,1583.8,1451.2,1479.2,1544.7,2011925,30257.44,2026-10-08
MOLDTKPAC,EQ,670.0,671.8,645.0,652.1,667.2,73950,488.17,2026-10-08
MOLOWVOL,EQ,34.1,34.9,33.17,33.27,34.17,33095,11.02,2026-10-08
MOM100,EQ,65.74,65.74,62.44,62.74,64.14,570879,359.83,2026-10-08
MOM30IETF,EQ,29.43,30.49,29.4,29.44,30.19,1268035,375.1,2026-10-08
MOM50,EQ,236.67,236.67,230.31,231.28,236.09,12211,28.38,2026-10-08
MOMENTUM,EQ,30.17,30.17,29.27,29.32,30.17,164306,48.37,2026-10-08
MOMENTUM30,EQ,29.74,29.83,28.75,28.99,29.74,40233,11.69,2026-10-08
MOMENTUM50,EQ,52.97,53.21,51.6,51.71,52.97,728947,379.23,2026-10-08
MOMETAL,EQ,12.6,12.8,11.89,12.08,12.35,173547,20.82,2026-10-08
MOMGF,EQ,151.92,151.92,148.35,149.22,152.85,1519,2.27,2026-10-08
MOMIDMTM,EQ,62.55,62.55,60.71,60.95,62.23,58854,36.02,2026-10-08
MOMMIDCAP,EQ,12.5,12.5,12.22,12.24,12.56,1421498,174.35,2026-10-08
MOMNC,EQ,30.5,30.5,29.48,29.51,30.18,1028,0.31,2026-10-08
MOMOMENTUM,EQ,59.78,59.98,58.47,58.67,59.98,91404,53.82,2026-10-08
MOMSBELIEF,EQ,234.89,234.96,215.1,218.49,229.68,460625,1019.79,2026-10-08
MON100,EQ,337.49,337.5,320.42,325.15,332.06,1018267,3320.47,2026-10-08
MON50EQUAL,EQ,31.15,31.45,30.54,30.7,31.15,12371,3.8,2026-10-08
MONARCH,EQ,348.5,348.5,327.1,330.05,347.15,95473,318.29,2026-10-08
MONEXT50,EQ,69.0,69.51,67.11,67.27,69.51,21959,14.87,2026-10-08
MONEYVIEW,EQ,64.4,64.56,55.66,57.89,60.46,375979634,227486.26,2026-10-08
MONIFTY100,EQ,23.8,23.8,23.4,23.63,23.84,80998,19.01,2026-10-08
MONIFTY500,EQ,22.6,22.66,22.01,22.1,22.59,1018148,226.56,2026-10-08
MONQ50,EQ,261.7,272.3,221.05,243.73,258.57,3577769,8601.93,2026-10-08
MONTECARLO,EQ,529.7,529.7,512.75,514.7,525.7,24851,128.46,2026-10-08
MOOILGAS,EQ,10.97,10.97,10.36,10.46,10.98,66431,6.92,2026-10-08
MOPSE,EQ,93.98,93.98,91.9,92.12,95.53,4286,3.97,2026-10-08
MOQUALITY,EQ,188.19,188.19,182.0,182.84,188.19,4213,7.8,2026-10-08
MOREALTY,EQ,81.84,83.12,80.1,80.26,82.77,580042,470.08,2026-10-08
MOREPENLAB,EQ,147.48,147.48,133.26,136.55,146.97,21277943,29728.49,2026-10-08
MOSCHIP,EQ,196.25,196.25,186.0,186.71,195.2,1250720,2376.84,2026-10-08
MOSERVICE,EQ,29.46,29.84,28.66,28.74,29.25,4903,1.42,2026-10-08
MOSILVER,EQ,216.48,216.48,212.54,213.07,216.16,46870,100.2,2026-10-08
MOSMALL250,EQ,18.03,18.03,17.5,17.58,17.95,1208467,213.44,2026-10-08
MOTHERSON,EQ,158.57,158.9,153.08,153.08,159.2,14700252,22810.17,2026-10-08
MOTILALOFS,EQ,1066.9,1066.9,1011.25,1014.3,1067.9,789291,8142.94,2026-10-08
MOTISONS,EQ,17.84,17.84,17.45,17.57,17.68,13426360,2369.91,2026-10-08
MOTOGENFIN,EQ,25.78,26.98,25.18,25.21,25.3,11748,3.03,2026-10-08
MOTOUR,EQ,76.22,76.22,73.5,73.82,76.15,34599,25.79,2026-10-08
MOVALUE,EQ,106.5,106.56,104.0,104.61,106.5,63183,66.65,2026-10-08
MPHASIS,EQ,2299.0,2357.3,2280.8,2303.4,2289.0,753211,17545.32,2026-10-08
MPIMANIPAL,EQ,378.75,378.75,348.75,361.8,377.6,1133413,4061.54,2026-10-08
MPSLTD,EQ,2675.0,2688.9,2542.2,2573.8,2697.1,17669,456.75,2026-10-08
MRF,EQ,123585.0,123585.0,122000.0,122465.0,123075.0,2651,3248.14,2026-10-08
MRPL,EQ,182.5,183.73,170.78,173.85,182.86,13192536,23140.04,2026-10-08
MSCI360,EQ,9.51,9.53,9.33,9.37,9.51,2424,0.23,2026-10-08
MSCIADD,EQ,27.6,27.71,27.21,27.32,27.88,925,0.25,2026-10-08
MSCIINDIA,EQ,28.18,28.18,27.5,27.6,28.18,37276,10.33,2026-10-08
MSL,EQ,147.85,148.59,133.1,136.69,145.69,579,0.82,2026-10-08
MSPL,EQ,30.8,31.3,29.79,30.19,30.95,1032825,314.17,2026-10-08
MSTCLTD,EQ,707.85,710.05,665.0,668.4,698.75,196069,1334.56,2026-10-08
MSUMI,EQ,33.45,33.48,32.75,32.97,33.57,7113684,2354.64,2026-10-08
MTNL,EQ,23.6,23.72,22.52,22.81,23.55,1366574,312.78,2026-10-08
MUFIN,EQ,135.5,136.9,132.43,133.08,135.17,1006522,1355.66,2026-10-08
MUFTI,EQ,69.1,70.78,68.0,68.26,69.96,70824,48.95,2026-10-08
MUKANDLTD,EQ,186.38,186.38,171.49,174.29,185.92,528265,935.32,2026-10-08
MUKTAARTS,EQ,57.59,57.59,54.92,57.0,56.5,326,0.18,2026-10-08
MULTICAP,EQ,16.02,16.02,15.57,15.61,15.95,306415,48.13,2026-10-08
MUNJALAU,EQ,105.05,105.24,100.97,101.51,105.44,295251,302.72,2026-10-08
MUNJALSHOW,EQ,124.1,126.89,120.0,120.7,125.58,38791,47.51,2026-10-08
MURUDCERA,EQ,27.7,28.43,27.0,27.04,27.97,14408,3.97,2026-10-08
MUTHOOTCAP,EQ,217.78,217.78,198.67,207.66,213.53,20264,41.83,2026-10-08
MUTHOOTFIN,EQ,2650.0,2651.5,2559.6,2559.6,2654.4,699689,18133.21,2026-10-08
MUTHOOTMF,EQ,179.0,179.63,167.41,168.21,172.91,459570,787.55,2026-10-08
MVELECTRO,EQ,929.5,929.5,856.35,879.25,920.25,1542045,13499.34,2026-10-08
MVGJL,EQ,214.9,219.0,207.1,208.29,212.39,275432,587.26,2026-10-08
MWL,EQ,42.04,42.04,40.31,40.76,42.04,238059,97.59,2026-10-08
NACLIND,EQ,132.5,132.88,128.05,129.1,132.6,338234,440.29,2026-10-08
NAGREEKCAP,EQ,28.25,28.25,26.78,27.26,27.25,9985,2.77,2026-10-08
NAGREEKEXP,EQ,21.05,22.97,20.8,21.3,21.63,26269,5.61,2026-10-08
NAHARCAP,EQ,246.79,252.0,230.0,230.64,241.99,3822,8.95,2026-10-08
NAHARINDUS,EQ,135.9,135.9,124.5,125.25,133.93,20091,25.6,2026-10-08
NAHARPOLY,EQ,223.0,224.9,220.01,223.85,222.13,1834,4.08,2026-10-08
NAHARSPING,EQ,265.0,268.9,250.0,251.4,264.3,25450,65.6,2026-10-08
NAM-INDIA,EQ,1055.0,1059.5,1032.6,1039.4,1047.2,490778,5132.11,2026-10-08
NARMADA,EQ,11.5,12.06,11.1,11.15,11.35,465218,53.03,2026-10-08
NATCOPHARM,EQ,812.95,819.0,792.1,795.4,810.1,312124,2502.15,2026-10-08
NATHBIOGEN,EQ,138.0,138.45,134.0,136.1,136.87,6451,8.79,2026-10-08
NATIONALUM,EQ,321.4,322.0,311.1,313.1,321.3,5007229,15779.36,2026-10-08
NATIONSTD,EQ,115.69,115.69,104.7,104.9,110.21,15649,16.53,2026-10-08
NAUKRI,EQ,1221.0,1253.2,1182.8,1182.8,1225.3,2180593,26198.06,2026-10-08
NAVA,EQ,570.0,571.5,539.1,544.5,570.45,569066,3149.51,2026-10-08
NAVINFLUOR,EQ,8475.0,8590.0,8400.0,8417.5,8490.0,89654,7610.13,2026-10-08
NAVKARCORP,EQ,85.88,86.49,82.74,83.33,85.88,283352,237.02,2026-10-08
NAVKARURB,EQ,0.87,0.91,0.85,0.87,0.86,580968,5.05,2026-10-08
NAVNETEDUL,EQ,123.66,123.79,120.76,121.66,123.95,51644,63.15,2026-10-08
NAZARA,EQ,377.85,396.0,374.3,376.0,378.45,3687557,14256.4,2026-10-08
NBCC,EQ,76.74,76.86,73.9,74.0,76.74,4958138,3721.33,2026-10-08
NBIFIN,EQ,1845.9,1869.0,1812.0,1813.9,1839.3,97,1.79,2026-10-08
NCC,EQ,126.88,126.88,119.01,119.93,126.88,3547134,4336.69,2026-10-08
NCLIND,EQ,163.93,164.5,160.0,160.54,163.93,88170,142.63,2026-10-08
NDGL,EQ,2393.8,2393.8,2299.9,2324.0,2383.7,84,1.96,2026-10-08
NDL,EQ,2.64,2.65,2.57,2.58,2.6,924178,24.11,2026-10-08
NDLVENTURE,EQ,120.26,122.69,117.0,117.51,120.26,7985,9.45,2026-10-08
NDRAUTO,EQ,722.0,722.0,670.0,677.65,716.6,39373,269.58,2026-10-08
NDTV,EQ,67.0,67.0,63.59,64.35,66.48,96367,62.27,2026-10-08
NEAGI,EQ,3112.1,3194.6,3112.1,3194.6,3284.4,5,0.16,2026-10-08
NECCLTD,EQ,19.1,19.1,18.2,18.31,18.87,33977,6.28,2026-10-08
NECLIFE,EQ,10.59,10.77,10.15,10.55,10.59,117526,12.27,2026-10-08
NELCAST,EQ,150.0,150.84,132.31,141.52,146.29,1946820,2768.64,2026-10-08
NELCO,EQ,914.5,915.6,860.0,865.0,915.8,214964,1893.14,2026-10-08
NEOGEN,EQ,2435.0,2450.0,2370.0,2379.7,2431.3,78074,1867.89,2026-10-08
NEPHROPLUS,EQ,641.6,647.55,620.8,626.95,641.6,176599,1108.99,2026-10-08
NESCO,EQ,1034.0,1038.0,1018.0,1027.8,1028.9,63527,652.12,2026-10-08
NESTLEIND,EQ,1319.6,1345.2,1311.8,1319.0,1324.0,1344650,17816.32,2026-10-08
NETF,EQ,245.53,246.11,242.18,242.25,246.55,4013,9.78,2026-10-08
NETWEB,EQ,4696.9,4903.0,4667.8,4715.1,4685.4,2348245,112450.14,2026-10-08
NETWORK18,EQ,25.65,25.7,24.25,24.39,25.7,4653625,1155.89,2026-10-08
NEULANDLAB,EQ,21655.0,21925.0,20925.0,21015.0,21655.0,28994,6202.33,2026-10-08
NEWGEN,EQ,448.1,469.25,439.1,442.55,447.75,1175264,5327.96,2026-10-08
NEXT30ADD,EQ,39.78,39.81,39.0,39.03,39.96,5271,2.07,2026-10-08
NEXT50,EQ,719.52,719.52,698.67,699.37,718.03,74496,524.62,2026-10-08
NEXT50ADD,EQ,69.71,69.74,68.22,68.32,69.98,5246,3.6,2026-10-08
NEXT50BETA,EQ,75.08,75.08,73.0,73.27,75.08,93420,68.9,2026-10-08
NEXT50ETF,EQ,70.0,70.01,68.11,68.58,70.11,24495,16.9,2026-10-08
NEXT50IETF,EQ,73.79,73.79,71.35,71.46,73.4,2292032,1651.45,2026-10-08
NEXTMEDIA,EQ,3.54,3.55,3.48,3.49,3.53,5684,0.2,2026-10-08
NFL,EQ,63.5,63.65,61.15,61.34,63.76,816453,506.74,2026-10-08
NGIL,EQ,36.51,38.0,36.51,37.75,37.37,584,0.22,2026-10-08
NGLFINE,EQ,3157.1,3157.1,2975.0,2998.9,3134.2,3947,119.84,2026-10-08
NH,EQ,1726.0,1729.2,1680.2,1695.3,1723.2,176338,3010.82,2026-10-08
NHPC,EQ,72.5,72.88,71.1,71.65,72.5,10723011,7688.09,2026-10-08
NIACL,EQ,161.35,167.26,155.55,158.14,159.29,6834159,11090.33,2026-10-08
NIBE,EQ,1300.0,1300.0,1215.0,1224.7,1270.1,86830,1076.5,2026-10-08
NIBL,EQ,31.98,32.1,30.66,30.97,31.37,6719,2.1,2026-10-08
NICCOPAR,EQ,76.8,78.99,74.81,76.9,76.91,485,0.37,2026-10-08
NIF100BEES,EQ,251.32,252.29,246.8,247.39,251.24,77347,192.43,2026-10-08
NIF100IETF,EQ,26.45,26.5,25.93,26.01,26.51,281570,73.46,2026-10-08
NIF500BETA,EQ,34.91,36.27,34.55,34.68,35.36,3621,1.27,2026-10-08
NIFTY1,EQ,251.29,251.29,246.94,247.2,251.29,152789,378.75,2026-10-08
NIFTY100EW,EQ,33.38,33.38,32.37,32.51,33.38,124558,40.57,2026-10-08
NIFTYADD,EQ,238.3,238.3,234.0,234.67,238.12,191114,449.0,2026-10-08
NIFTYAXIS,EQ,244.23,251.33,244.23,246.72,250.5,587984,1458.82,2026-10-08
NIFTYBEES,EQ,258.69,258.69,253.37,253.76,257.59,10595383,26985.61,2026-10-08
NIFTYBETA,EQ,250.97,251.89,246.66,247.32,250.97,89062,220.82,2026-10-08
NIFTYBETF,EQ,232.89,232.89,228.45,229.55,232.77,4141,9.53,2026-10-08
NIFTYCASE,EQ,9.16,9.16,8.93,8.96,9.09,2153640,193.44,2026-10-08
NIFTYETF,EQ,246.39,246.39,241.82,242.12,246.38,273528,664.06,2026-10-08
NIFTYIETF,EQ,257.35,257.35,252.17,252.65,256.5,1856758,4707.29,2026-10-08
NIFTYJBLK,EQ,11.9,11.9,11.38,11.43,11.61,174100,19.98,2026-10-08
NIFTYQLITY,EQ,19.78,19.99,19.45,19.53,19.78,43804,8.57,2026-10-08
NIITLTD,EQ,84.95,86.17,81.12,81.78,84.99,149727,123.56,2026-10-08
NIITMTS,EQ,204.29,204.29,197.63,200.01,203.37,114988,229.54,2026-10-08
NILAINFRA,EQ,6.54,6.65,6.47,6.47,6.63,111839,7.28,2026-10-08
NILASPACES,EQ,11.35,11.37,10.76,11.01,11.35,555730,61.41,2026-10-08
NILE,EQ,1265.0,1294.0,1202.3,1216.4,1258.6,5610,70.65,2026-10-08
NILKAMAL,EQ,1821.1,1890.8,1821.1,1854.3,1831.7,27741,515.94,2026-10-08
NIMBSPROJ,EQ,185.23,190.79,184.2,189.88,191.61,31447,58.54,2026-10-08
NINSYS,EQ,829.75,829.75,788.3,816.45,829.75,12531,100.89,2026-10-08
NIPPOBATRY,EQ,318.0,319.9,310.3,311.7,316.05,471,1.48,2026-10-08
NIRAJ,EQ,27.8,28.06,26.9,27.32,27.52,23394,6.35,2026-10-08
NIRLON,EQ,615.55,628.9,615.5,620.0,620.1,5724,35.57,2026-10-08
NITCO,EQ,82.16,82.29,78.64,78.9,82.75,416999,333.46,2026-10-08
NITINSPIN,EQ,615.6,615.6,595.0,596.4,615.6,79233,478.03,2026-10-08
NITIRAJ,EQ,214.98,214.98,202.5,203.69,213.86,643,1.32,2026-10-08
NITTAGELA,EQ,1670.5,1697.9,1620.3,1652.2,1668.4,2334,38.63,2026-10-08
NIVABUPA,EQ,78.85,83.5,76.49,77.83,77.38,10991966,8840.95,2026-10-08
NKIND,EQ,60.19,60.19,57.0,57.0,58.99,1609,0.92,2026-10-08
NLCINDIA,EQ,250.85,250.85,240.5,241.45,250.35,1113004,2717.12,2026-10-08
NMDC,EQ,72.75,72.75,70.1,70.69,72.8,26538950,18902.34,2026-10-08
NOCIL,EQ,173.5,173.51,165.1,165.76,172.82,500059,840.12,2026-10-08
NOIDATOLL,EQ,3.74,4.09,3.54,3.83,3.67,330776,12.75,2026-10-08
NORBTEAEXP,EQ,61.36,63.99,59.52,61.99,61.36,2764,1.68,2026-10-08
NORTHARC,EQ,291.9,292.0,278.85,280.7,293.75,757527,2154.52,2026-10-08
NOVAAGRI,EQ,22.24,22.59,21.5,21.95,22.24,31244,6.92,2026-10-08
NOVARTIND,EQ,2041.5,2057.9,1970.0,1987.7,2010.4,34524,689.86,2026-10-08
NPBET,EQ,281.53,281.53,279.11,279.11,281.53,494,1.38,2026-10-08
NPST,EQ,1867.2,1867.2,1774.0,1790.2,1854.9,64718,1165.65,2026-10-08
NRAIL,EQ,660.9,668.0,643.15,651.15,660.9,29846,194.32,2026-10-08
NRBBEARING,EQ,534.45,534.45,498.1,510.2,529.95,572093,2920.31,2026-10-08
NSIL,EQ,5212.0,5365.5,5055.0,5108.0,5266.5,2222,114.72,2026-10-08
NSLNISP,EQ,40.51,40.56,39.0,39.1,40.55,3495333,1387.62,2026-10-08
NTCIND,EQ,135.19,136.54,132.0,135.03,132.53,450,0.6,2026-10-08
NTPC,EQ,316.0,316.4,308.45,309.7,316.75,12262742,38156.9,2026-10-08
NTPCGREEN,EQ,88.51,91.98,87.62,90.8,88.51,6500219,5872.87,2026-10-08
NUCLEUS,EQ,628.15,633.95,609.3,619.8,628.85,24065,149.6,2026-10-08
NUVAMA,EQ,1807.8,1813.1,1721.1,1737.4,1825.9,245430,4336.63,2026-10-08
NUVOCO,EQ,324.1,328.7,320.6,321.9,324.75,142319,460.17,2026-10-08
NV20,EQ,13.08,13.17,12.92,12.99,13.08,161083,20.92,2026-10-08
NV20BEES,EQ,131.77,132.99,129.5,129.65,131.77,26603,34.58,2026-10-08
NV20IETF,EQ,12.83,12.88,12.61,12.63,12.83,538863,68.25,2026-10-08
NYKAA,EQ,340.85,344.1,332.3,332.3,341.25,4233718,14286.88,2026-10-08
OAL,EQ,515.0,527.2,508.0,512.0,515.6,25390,131.21,2026-10-08
OBCL,EQ,57.56,57.56,54.56,54.84,57.56,9154,5.04,2026-10-08
OBEROIRLTY,EQ,1730.0,1730.0,1663.3,1663.3,1736.0,352318,5942.1,2026-10-08
ODIGMA,EQ,20.7,21.91,20.46,20.67,20.9,7515,1.55,2026-10-08
ODYCORP,EQ,6.76,6.98,6.51,6.86,6.7,7321,0.49,2026-10-08
OFSS,EQ,10586.0,10812.0,10400.0,10400.0,10576.0,174397,18550.19,2026-10-08
OIL,EQ,452.0,454.25,443.6,447.0,453.75,618269,2766.38,2026-10-08
OILIETF,EQ,10.85,10.85,10.5,10.51,10.78,1245891,131.79,2026-10-08
OLAELEC,EQ,36.02,36.08,32.7,34.63,36.32,163853977,56054.04,2026-10-08
OLECTRA,EQ,1085.0,1096.2,1037.1,1041.5,1084.1,500948,5329.46,2026-10-08
OMAXAUTO,EQ,206.85,212.79,196.6,200.16,206.85,44903,90.99,2026-10-08
OMAXE,EQ,105.8,106.85,96.61,98.42,107.01,534627,538.43,2026-10-08
OMFREIGHT,EQ,108.0,108.0,102.0,106.72,106.63,32040,33.91,2026-10-08
OMINFRAL,EQ,72.45,72.99,67.39,68.86,72.45,116818,81.72,2026-10-08
OMNI,EQ,662.45,669.9,627.3,636.5,657.55,474250,3071.89,2026-10-08
OMPOWER,EQ,170.0,174.59,164.25,166.11,165.75,455548,773.44,2026-10-08
ONEGLOBAL,EQ,604.0,606.0,555.65,561.3,585.0,21890,127.27,2026-10-08
ONEPOINT,EQ,78.99,79.6,77.43,78.45,78.77,3031082,2377.14,2026-10-08
ONESOURCE,EQ,1528.0,1534.5,1462.5,1478.2,1528.6,232650,3445.13,2026-10-08
ONGC,EQ,222.5,223.0,218.53,219.8,221.88,9471873,20802.94,2026-10-08
ONIDA,EQ,31.0,32.78,28.62,29.5,30.67,722888,218.82,2026-10-08
ONIXSOLAR,EQ,359.0,372.85,359.0,371.2,355.1,341416,1254.12,2026-10-08
ONWARDTEC,EQ,303.4,303.4,293.35,294.6,297.4,55959,166.5,2026-10-08
OPTIEMUS,EQ,865.0,866.95,810.15,816.85,861.9,783987,6479.22,2026-10-08
OPTIFIN,EQ,14.29,14.55,14.0,14.29,14.58,17739,2.52,2026-10-08
ORBTEXP,EQ,247.0,248.05,231.85,235.75,242.9,6792,16.2,2026-10-08
ORCHASP,EQ,1.35,1.39,1.3,1.31,1.33,106190,1.43,2026-10-08
ORCHPHARMA,EQ,1029.05,1029.05,975.0,981.2,1023.95,93627,927.92,2026-10-08
ORICONENT,EQ,53.25,53.25,50.15,50.72,52.27,37804,19.45,2026-10-08
ORIENTALTL,EQ,4.8,4.88,4.76,4.79,4.83,93221,4.49,2026-10-08
ORIENTBELL,EQ,433.0,442.0,412.0,413.0,432.55,91820,391.84,2026-10-08
ORIENTCABL,EQ,417.0,418.0,378.55,386.85,418.4,3679726,14735.92,2026-10-08
ORIENTCEM,EQ,113.55,113.88,109.7,110.08,113.21,216317,241.03,2026-10-08
ORIENTCER,EQ,43.5,43.99,41.2,41.94,42.87,57395,24.38,2026-10-08
ORIENTELEC,EQ,162.67,164.93,160.6,162.95,160.73,259935,422.48,2026-10-08
ORIENTHOT,EQ,142.11,142.7,138.08,139.12,143.06,188020,264.73,2026-10-08
ORIENTPPR,EQ,16.04,16.04,15.6,15.73,15.99,119803,18.87,2026-10-08
ORIENTTECH,EQ,240.0,250.29,233.25,234.94,239.8,1873315,4554.14,2026-10-08
ORIRAIL,EQ,121.25,121.99,118.05,119.28,120.66,49230,58.79,2026-10-08
ORISSAMINE,EQ,3551.5,3587.6,3450.0,3460.4,3581.3,5515,192.73,2026-10-08
ORKLAINDIA,EQ,563.0,565.85,546.0,549.7,562.75,49803,277.86,2026-10-08
ORTINGLOBE,EQ,14.6,14.8,14.0,14.38,14.9,13680,1.95,2026-10-08
OSWALAGRO,EQ,32.74,33.46,31.5,31.96,32.74,35587,11.46,2026-10-08
OSWALGREEN,EQ,19.65,19.66,18.79,19.0,18.99,66929,12.78,2026-10-08
OSWALPUMPS,EQ,263.0,264.35,254.55,255.45,264.6,297453,767.71,2026-10-08
OSWALSEEDS,EQ,12.37,12.37,11.75,11.91,12.2,84638,10.08,2026-10-08
PACEDIGITK,EQ,165.45,165.88,161.0,161.85,165.45,454268,737.6,2026-10-08
PACIFICI,EQ,134.81,138.5,130.0,133.01,138.59,223,0.3,2026-10-08
PAGEIND,EQ,37565.0,37565.0,36450.0,36450.0,37570.0,18034,6672.07,2026-10-08
PAISALO,EQ,83.8,84.63,79.33,81.13,84.23,11572512,9443.62,2026-10-08
PAKKA,EQ,72.37,72.5,70.98,71.69,72.37,83544,59.89,2026-10-08
PALASHSECU,EQ,87.8,88.0,84.01,87.1,87.99,1566,1.36,2026-10-08
PALREDTEC,EQ,41.55,41.55,41.25,41.25,43.42,5894,2.44,2026-10-08
PANACEABIO,EQ,357.1,358.6,342.6,344.5,357.6,77413,268.19,2026-10-08
PANAMAPET,EQ,540.5,540.65,496.1,501.3,537.0,562620,2870.17,2026-10-08
PANCHMAHQ,EQ,280.0,280.0,261.6,269.0,285.0,662,1.78,2026-10-08
PANORAMA,EQ,67.0,67.0,63.0,63.65,66.29,581967,374.35,2026-10-08
PANSARI,EQ,265.0,266.95,258.0,266.95,271.0,20,0.05,2026-10-08
PARACABLES,EQ,57.49,57.72,54.6,55.05,57.49,1051625,586.09,2026-10-08
PARADEEP,EQ,155.0,155.0,148.5,150.55,155.38,1424165,2158.26,2026-10-08
PARAGMILK,EQ,310.0,317.0,302.0,303.25,311.8,2092973,6478.07,2026-10-08
PARAS,EQ,1286.7,1288.7,1234.1,1241.9,1286.1,518139,6503.07,2026-10-08
PARASPETRO,EQ,1.99,2.07,1.99,2.02,2.03,116049,2.36,2026-10-08
PARIN,EQ,694.4,705.0,687.0,691.9,704.3,7071,49.0,2026-10-08
PARKHOSPS,EQ,270.5,271.2,260.2,260.85,272.8,558323,1481.5,2026-10-08
PARKHOTELS,EQ,103.15,104.54,100.8,101.16,103.62,71842,73.25,2026-10-08
PARNAXLAB,EQ,113.79,118.6,111.65,113.07,111.54,1464,1.71,2026-10-08
PASHUPATI,EQ,69.99,72.99,68.9,69.68,69.6,154220,108.23,2026-10-08
PASUPTAC,EQ,71.0,71.95,66.76,70.33,70.5,169057,116.96,2026-10-08
PATANJALI,EQ,360.25,361.05,350.0,355.0,360.95,3092753,10919.84,2026-10-08
PATELENG,EQ,25.71,25.75,24.8,24.88,25.74,2554873,643.11,2026-10-08
PATELRMART,EQ,228.8,232.89,223.01,229.61,227.86,157882,358.36,2026-10-08
PATINTLOG,EQ,13.38,13.38,12.8,12.9,13.11,46346,6.03,2026-10-08
PAUSHAKLTD,EQ,696.8,698.0,664.25,671.65,697.55,31455,212.41,2026-10-08
PAVNAIND,EQ,15.45,15.59,14.99,15.08,15.3,25589,3.88,2026-10-08
PAYTM,EQ,1671.0,1671.4,1558.8,1641.5,1732.0,17399723,282582.45,2026-10-08
PBMPOLY,EQ,58.89,64.99,58.73,60.24,57.75,129,0.08,2026-10-08
PCBL,EQ,328.5,331.9,317.5,319.25,326.9,919958,2972.1,2026-10-08
PCJEWELLER,EQ,13.49,14.38,13.42,13.9,13.14,859046354,119956.93,2026-10-08
PDMJEPAPER,EQ,95.74,96.68,91.0,92.37,96.36,147054,137.3,2026-10-08
PDSL,EQ,344.1,344.1,335.55,336.95,342.0,34294,116.05,2026-10-08
PEARLPOLY,EQ,17.77,17.77,16.78,17.09,17.55,8444,1.45,2026-10-08
PENIND,EQ,180.0,180.06,170.27,171.89,180.85,684933,1188.26,2026-10-08
PENINLAND,EQ,14.78,14.78,13.75,14.6,14.66,334859,47.92,2026-10-08
PERMAGN,EQ,889.95,910.0,851.0,855.75,881.6,6417,56.48,2026-10-08
PERNIASPOP,EQ,534.35,539.1,519.15,528.55,531.45,45054,236.86,2026-10-08
PERSISTENT,EQ,5504.5,5629.0,5430.0,5468.0,5507.0,332743,18427.23,2026-10-08
PETRONET,EQ,295.95,296.95,288.0,288.5,297.0,2877618,8364.85,2026-10-08
PFC,EQ,326.0,331.8,322.85,323.7,325.55,6668472,21812.09,2026-10-08
PFIZER,EQ,3815.1,3817.7,3731.0,3750.0,3815.1,22215,835.85,2026-10-08
PFOCUS,EQ,282.45,285.7,270.0,271.95,284.0,4320861,11999.88,2026-10-08
PFS,EQ,27.05,27.15,26.16,26.39,27.12,485875,129.22,2026-10-08
PGEL,EQ,520.2,532.45,510.5,510.6,522.0,1883752,9778.52,2026-10-08
PGHH,EQ,6929.0,6956.0,6778.0,6857.0,6921.0,12144,833.98,2026-10-08
PGHL,EQ,5220.0,5239.5,5135.5,5156.5,5234.0,5789,300.67,2026-10-08
PGIL,EQ,1278.8,1298.7,1262.1,1272.3,1273.1,129386,1654.07,2026-10-08
PHARMABEES,EQ,27.25,27.3,26.46,26.56,27.16,5378292,1436.6,2026-10-08
PHOENIXLTD,EQ,1850.9,1850.9,1771.2,1771.2,1845.5,842456,15140.05,2026-10-08
PHOENXINTL,EQ,28.84,28.84,27.8,27.84,28.98,688,0.19,2026-10-08
PICCADIL,EQ,597.8,597.8,569.2,573.1,589.0,125128,721.88,2026-10-08
PIDILITIND,EQ,1485.0,1498.0,1460.1,1460.1,1488.5,985340,14549.13,2026-10-08
PIGL,EQ,97.0,97.36,95.0,96.22,97.09,15538,15.01,2026-10-08
PIIND,EQ,2212.7,2212.7,2100.0,2100.0,2210.0,246249,5253.26,2026-10-08
PILANIINVS,EQ,4139.0,4139.0,3920.0,3948.5,4076.3,2215,88.67,2026-10-08
PILITA,EQ,7.75,7.75,7.32,7.34,7.32,15008,1.11,2026-10-08
PINELABS,EQ,175.05,176.4,168.66,169.79,177.67,21356083,36613.22,2026-10-08
PIONEEREMB,EQ,20.65,20.79,20.11,20.55,20.7,892,0.18,2026-10-08
PIRAMALFIN,EQ,1981.6,2009.5,1950.0,1956.4,1981.5,388357,7688.89,2026-10-08
PITTIENG,EQ,1118.9,1119.1,1046.1,1066.1,1118.4,151128,1618.83,2026-10-08
PIXTRANS,EQ,1803.2,1830.8,1729.5,1755.1,1788.4,13876,244.1,2026-10-08
PLASTIBLEN,EQ,207.0,207.0,199.0,199.47,205.09,57601,115.89,2026-10-08
PLATIND,EQ,202.0,202.0,193.01,195.17,200.56,48634,95.51,2026-10-08
PLAZACABLE,EQ,59.0,60.0,55.0,56.46,58.2,49972,29.15,2026-10-08
PML,EQ,477.0,480.0,453.5,453.5,483.85,17,0.08,2026-10-08
PNB,EQ,114.73,117.45,113.71,115.29,114.59,20438240,23738.03,2026-10-08
PNBGILTS,EQ,72.24,72.24,66.8,68.39,71.52,853213,584.4,2026-10-08
PNBHOUSING,EQ,1143.0,1166.9,1131.2,1150.0,1131.0,1912599,22137.65,2026-10-08
PNC,EQ,17.49,18.5,16.51,16.76,17.49,7617,1.31,2026-10-08
PNCINFRA,EQ,136.99,138.7,132.3,134.49,136.93,1100367,1485.62,2026-10-08
PNGJL,EQ,600.0,606.6,582.0,586.3,597.05,414424,2462.08,2026-10-08
PNGSREVA,EQ,643.4,738.0,625.0,701.95,631.0,14908756,104613.34,2026-10-08
POCL,EQ,448.9,450.0,429.1,432.4,448.4,205003,893.44,2026-10-08
PODDARMENT,EQ,255.0,259.0,248.0,250.2,254.8,13749,34.68,2026-10-08
POEL,EQ,135.35,136.35,125.1,128.25,135.86,29674,38.92,2026-10-08
POKARNA,EQ,706.2,739.95,675.1,678.25,704.45,186379,1320.07,2026-10-08
POLICYBZR,EQ,1041.0,1047.5,995.3,996.0,1040.0,3262071,33063.9,2026-10-08
POLYCAB,EQ,8255.0,8394.5,8138.0,8151.0,8310.0,367261,30296.03,2026-10-08
POLYMED,EQ,1609.8,1624.9,1584.3,1605.2,1615.0,81847,1313.58,2026-10-08
POLYPLEX,EQ,1031.6,1031.6,992.1,998.9,1023.3,40584,407.95,2026-10-08
POLYSPIN,EQ,29.59,29.97,29.04,29.96,29.0,187,0.06,2026-10-08
PONNIERODE,EQ,368.0,369.0,346.1,348.35,365.4,27567,97.86,2026-10-08
POONAWALLA,EQ,448.0,449.15,433.25,437.9,448.9,1123865,4935.75,2026-10-08
POWERGRID,EQ,253.95,254.0,244.65,244.65,253.05,14409222,35749.04,2026-10-08
POWERICA,EQ,600.05,602.65,578.05,585.0,600.95,182738,1070.51,2026-10-08
POWERINDIA,EQ,31610.0,31625.0,30705.0,30935.0,31610.0,72074,22358.05,2026-10-08
POWERMECH,EQ,2429.0,2486.0,2332.8,2445.9,2429.3,70299,1696.44,2026-10-08
PPL,EQ,243.5,255.0,241.0,243.65,247.6,30893,75.88,2026-10-08
PPLPHARMA,EQ,203.5,203.5,196.0,196.43,203.01,1896685,3775.16,2026-10-08
PRABHA,EQ,224.5,229.8,210.0,212.31,225.82,558092,1194.58,2026-10-08
PRADPME,EQ,609.05,621.0,579.95,587.75,620.9,53637,322.62,2026-10-08
PRAENG,EQ,19.15,20.05,18.0,18.17,19.37,78654,14.62,2026-10-08
PRAJIND,EQ,300.0,301.95,286.7,289.75,300.4,763594,2235.87,2026-10-08
PRAKASH,EQ,118.05,118.31,115.0,115.31,118.31,386318,448.16,2026-10-08
PRAKASHSTL,EQ,3.38,3.49,3.36,3.41,3.43,68822,2.34,2026-10-08
PRANAV,EQ,95.15,101.65,94.22,95.73,94.22,6698570,6584.51,2026-10-08
PRASOLCHEM,EQ,883.1,899.0,855.2,878.2,878.9,554827,4896.63,2026-10-08
PRAVEG,EQ,244.98,244.99,232.0,233.64,242.27,30247,71.95,2026-10-08
PRAXIS,EQ,4.94,4.94,4.3,4.36,4.51,67104,2.99,2026-10-08
PRECAM,EQ,113.96,114.78,109.26,109.92,113.85,88022,97.81,2026-10-08
PRECOT,EQ,613.5,619.75,586.3,590.65,613.1,6388,38.14,2026-10-08
PRECWIRE,EQ,519.0,522.35,490.05,493.15,516.6,527519,2634.33,2026-10-08
PREMCO,EQ,398.0,405.0,381.3,395.65,397.15,1992,7.75,2026-10-08
PREMEXPLN,EQ,686.0,691.9,685.0,689.05,687.05,283990,1957.13,2026-10-08
PREMIERENE,EQ,912.8,927.4,881.0,884.65,910.0,1266435,11377.38,2026-10-08
PREMIERPOL,EQ,104.6,106.7,97.5,98.25,101.23,1065254,1086.23,2026-10-08
PRESTIGE,EQ,1429.3,1436.6,1389.8,1411.0,1429.3,1068811,15042.3,2026-10-08
PRICOLLTD,EQ,660.0,662.1,645.8,650.1,661.25,640387,4194.69,2026-10-08
PRIMESECU,EQ,293.7,299.7,280.0,296.5,295.8,62388,183.32,2026-10-08
PRIMO,EQ,25.62,25.83,24.21,24.58,25.62,134784,33.73,2026-10-08
PRINCEPIPE,EQ,257.45,257.85,248.5,249.25,256.65,104694,262.87,2026-10-08
PRIORITY,EQ,319.9,334.45,306.1,310.05,319.55,639455,2030.65,2026-10-08
PRISMX,EQ,0.49,0.53,0.49,0.49,0.49,248541,1.24,2026-10-08
PRITI,EQ,33.2,33.2,31.61,31.66,32.2,1880,0.6,2026-10-08
PRITIKAUTO,EQ,16.05,16.43,15.3,15.41,16.18,237862,37.19,2026-10-08
PRIVISCL,EQ,3519.2,3520.9,3425.0,3446.3,3519.2,127460,4404.19,2026-10-08
PROSTARM,EQ,130.85,132.01,126.0,126.46,131.36,246602,315.46,2026-10-08
PROTEAN,EQ,669.95,672.4,635.0,638.7,669.95,559800,3644.78,2026-10-08
PROZONER,EQ,52.6,54.3,51.68,52.5,54.06,216509,114.14,2026-10-08
PRSMJOHNSN,EQ,100.1,102.0,96.3,96.87,100.71,242512,237.97,2026-10-08
PRUDENT,EQ,3219.0,3250.0,3152.9,3210.6,3223.3,32284,1033.18,2026-10-08
PRUDMOULI,EQ,14.49,14.49,13.46,13.9,13.54,3284,0.45,2026-10-08
PSB,EQ,21.1,21.14,20.74,20.8,21.06,1119343,233.93,2026-10-08
PSPPROJECT,EQ,774.1,774.1,743.0,747.45,765.6,53985,406.55,2026-10-08
PSUBANK,EQ,81.72,81.72,80.0,80.39,80.92,604616,488.82,2026-10-08
PSUBANKADD,EQ,81.72,82.42,81.01,81.16,81.72,10528,8.58,2026-10-08
PSUBNKBEES,EQ,88.25,90.83,88.25,89.31,90.12,1101535,989.88,2026-10-08
PSUBNKIETF,EQ,80.69,82.48,80.69,81.1,82.34,153370,125.58,2026-10-08
PTC,EQ,151.3,151.45,148.0,148.57,151.72,1768219,2635.59,2026-10-08
PTCIL,EQ,24685.0,24685.0,24105.0,24470.0,24685.0,31950,7786.02,2026-10-08
PTL,EQ,38.2,38.25,37.6,37.79,38.2,30492,11.57,2026-10-08
PUNJABCHEM,EQ,1050.0,1050.0,1013.5,1026.0,1044.1,3243,33.38,2026-10-08
PURVA,EQ,209.58,209.68,200.35,202.39,209.68,84126,172.21,2026-10-08
PVP,EQ,55.0,55.0,50.21,50.25,52.85,3494020,1806.42,2026-10-08
PVRINOX,EQ,1335.1,1342.4,1301.0,1309.2,1343.8,661907,8723.43,2026-10-08
PVSL,EQ,94.6,95.99,90.5,92.06,95.37,80406,75.88,2026-10-08
PVTBANIETF,EQ,27.49,27.5,27.13,27.18,27.5,3370596,919.49,2026-10-08
PVTBANK,EQ,27.14,27.17,26.9,26.96,27.19,896,0.24,2026-10-08
PVTBANKADD,EQ,27.48,28.8,27.25,27.35,27.48,461573,126.42,2026-10-08
PVTBKGROWW,EQ,27.25,27.28,26.86,26.98,26.99,32528,8.82,2026-10-08
PWL,EQ,138.69,141.38,136.34,140.48,139.57,15456696,21615.66,2026-10-08
PYRAMID,EQ,151.02,152.05,150.0,150.68,151.27,30856,46.54,2026-10-08
QGOLDHALF,EQ,121.3,121.75,121.05,121.22,121.3,160040,194.13,2026-10-08
QNIFTY,EQ,249.65,249.66,244.8,245.25,249.49,3012,7.42,2026-10-08
QPOWER,EQ,1628.8,1630.0,1521.0,1532.2,1615.0,347588,5397.66,2026-10-08
QUADFUTURE,EQ,535.25,535.25,502.5,505.75,534.4,462603,2361.77,2026-10-08
QUAL30IETF,EQ,19.67,19.69,19.25,19.28,19.62,219402,42.51,2026-10-08
QUALITY30,EQ,19.17,19.28,18.88,18.93,19.24,25610,4.87,2026-10-08
QUESS,EQ,328.0,331.2,317.0,320.75,328.4,268372,869.46,2026-10-08
QUICKHEAL,EQ,140.97,142.18,136.3,137.03,140.97,74138,102.54,2026-10-08
QUINTEGRA,EQ,1.61,1.61,1.61,1.61,1.54,10010,0.16,2026-10-08
RACE,EQ,103.76,104.9,98.3,101.06,103.75,28789,29.54,2026-10-08
RACLGEAR,EQ,1588.0,1591.2,1481.9,1502.0,1589.5,53215,802.41,2026-10-08
RADAAN,EQ,2.89,3.0,2.8,2.82,2.89,13419,0.39,2026-10-08
RADIANTCMS,EQ,34.2,34.54,33.16,33.45,34.52,218721,73.8,2026-10-08
RADICO,EQ,4517.4,4539.9,4415.0,4415.0,4495.0,202947,9095.62,2026-10-08
RADIOCITY,EQ,6.05,6.05,5.52,5.71,5.87,270231,15.48,2026-10-08
RAILTEL,EQ,254.65,255.35,247.7,248.1,254.65,544399,1363.12,2026-10-08
RAIN,EQ,220.4,220.45,210.45,211.6,218.95,3708119,7911.84,2026-10-08
RAINBOW,EQ,1267.0,1271.9,1222.6,1230.7,1270.7,168525,2091.58,2026-10-08
RAJMET,EQ,3.11,3.18,3.03,3.06,3.1,288989,8.98,2026-10-08
RAJOOENG,EQ,63.9,66.5,58.8,59.92,62.37,2689885,1689.32,2026-10-08
RAJPALAYAM,EQ,732.0,732.0,709.95,721.0,743.8,1085,7.8,2026-10-08
RAJRATAN,EQ,462.6,462.6,441.0,444.25,460.6,55360,248.92,2026-10-08
RAJSREESUG,EQ,27.89,28.0,27.13,27.26,27.4,106065,29.25,2026-10-08
RALLIS,EQ,198.96,199.7,195.05,195.76,200.03,538125,1063.89,2026-10-08
RAMANEWS,EQ,28.98,29.48,28.0,28.59,28.98,22991,6.57,2026-10-08
RAMAPHO,EQ,115.0,116.0,109.12,110.09,115.17,47033,52.44,2026-10-08
RAMBHAJO,EQ,361.5,364.8,346.0,356.55,360.8,721735,2558.45,2026-10-08
RAMCOCEM,EQ,844.55,844.6,811.6,817.9,845.0,68677,565.61,2026-10-08
RAMCOIND,EQ,299.7,303.1,289.15,290.75,299.7,76507,224.97,2026-10-08
RAMCOSYS,EQ,576.0,576.9,535.65,537.45,574.35,88285,483.84,2026-10-08
RAMKY,EQ,282.4,283.0,266.4,269.8,281.7,46112,125.88,2026-10-08
RAMRAT,EQ,637.5,638.05,604.15,611.15,637.4,201976,1247.27,2026-10-08
RANASUG,EQ,13.82,13.96,13.42,13.46,13.82,243155,33.07,2026-10-08
RANEHOLDIN,EQ,1549.7,1595.0,1501.0,1513.1,1536.6,5799,88.26,2026-10-08
RATEGAIN,EQ,855.0,867.95,828.4,830.95,854.55,148917,1255.17,2026-10-08
RATNAMANI,EQ,2523.9,2545.0,2448.5,2498.9,2524.3,33970,841.63,2026-10-08
RATNAVEER,EQ,338.3,338.3,326.15,331.35,336.45,3247691,10802.43,2026-10-08
RAYMOND,EQ,1218.7,1226.0,1136.2,1167.1,1206.7,1649827,19318.37,2026-10-08
RAYMONDLSL,EQ,625.05,625.15,593.9,596.4,624.85,302600,1828.1,2026-10-08
RAYMONDREL,EQ,705.45,706.0,676.0,679.9,701.8,688642,4716.65,2026-10-08
RBA,EQ,97.0,97.0,92.12,92.61,96.08,2294330,2154.08,2026-10-08
RBLBANK,EQ,413.9,413.9,400.7,400.7,412.0,2517494,10192.5,2026-10-08
RCF,EQ,107.8,107.85,103.1,103.5,107.58,1027602,1076.54,2026-10-08
RECLTD,EQ,300.1,301.35,292.9,295.0,298.9,4540452,13516.12,2026-10-08
REDINGTON,EQ,406.2,406.2,384.8,388.0,406.5,2996766,11708.95,2026-10-08
REDTAPE,EQ,113.63,114.5,110.42,113.16,113.63,341916,385.03,2026-10-08
REFEX,EQ,264.1,266.0,256.0,258.7,266.35,148628,386.76,2026-10-08
REGAAL,EQ,85.92,85.92,83.0,83.34,85.49,152414,128.03,2026-10-08
REGENCERAM,EQ,32.24,32.24,30.66,30.86,31.66,6449,2.01,2026-10-08
RELAXO,EQ,288.7,289.5,280.5,281.8,287.75,85915,244.77,2026-10-08
RELCHEMQ,EQ,115.0,115.0,111.2,111.33,114.19,2333,2.62,2026-10-08
RELIABLE,EQ,141.03,141.51,135.0,139.76,141.58,5389,7.44,2026-10-08
RELIANCE,EQ,1207.7,1208.0,1173.0,1178.0,1207.7,13965493,165394.19,2026-10-08
RELIGARE,EQ,224.01,225.51,218.25,220.57,224.92,1313224,2913.01,2026-10-08
RELTD,EQ,151.2,152.67,142.3,143.81,148.58,175444,257.39,2026-10-08
REMSONSIND,EQ,101.0,103.39,97.25,98.95,104.02,402776,406.98,2026-10-08
RENTOMOJO,EQ,634.5,648.0,580.05,600.45,618.95,5134616,30639.06,2026-10-08
RENUKA,EQ,22.95,23.03,21.5,21.63,22.78,10343917,2299.02,2026-10-08
REPCOHOME,EQ,338.75,346.0,333.3,337.1,339.8,57505,194.39,2026-10-08
REPL,EQ,55.0,60.29,54.58,55.78,55.3,4633,2.6,2026-10-08
REPRO,EQ,290.1,303.45,290.1,295.95,295.7,16784,49.97,2026-10-08
RESPONIND,EQ,158.4,159.59,152.55,152.99,159.73,103279,160.25,2026-10-08
RGL,EQ,168.47,169.58,153.41,155.63,168.47,994491,1571.39,2026-10-08
RHETAN,EQ,18.27,18.27,18.26,18.26,17.4,23550550,4301.88,2026-10-08
RHIM,EQ,370.0,370.05,362.9,367.1,369.45,602781,2208.59,2026-10-08
RHL,EQ,164.0,164.9,161.0,161.29,165.87,1596,2.59,2026-10-08
RICOAUTO,EQ,123.05,123.46,117.26,117.88,123.45,683921,816.15,2026-10-08
RIIL,EQ,703.85,703.85,678.1,682.6,705.05,61986,428.08,2026-10-08
RIR,EQ,184.45,185.01,172.32,173.34,183.81,1157446,2049.2,2026-10-08
RISHABH,EQ,678.0,678.0,640.0,644.9,674.2,194735,1279.42,2026-10-08
RITCO,EQ,285.05,285.75,271.35,272.5,284.05,33682,93.11,2026-10-08
RITES,EQ,200.0,200.09,195.0,195.85,200.74,450741,889.28,2026-10-08
RKDL,EQ,17.0,17.4,16.0,16.2,16.93,22334,3.68,2026-10-08
RKFORGE,EQ,715.3,716.0,693.1,700.75,716.4,647988,4566.05,2026-10-08
RKSWAMY,EQ,88.0,88.0,86.31,87.4,88.16,13636,11.84,2026-10-08
RMC,EQ,199.8,199.8,185.1,186.46,196.41,49421,93.47,2026-10-08
RML,EQ,1337.0,1345.4,1270.5,1279.6,1336.4,42298,549.72,2026-10-08
ROHLTD,EQ,297.0,301.45,292.2,294.9,297.25,18187,54.22,2026-10-08
ROLEXRINGS,EQ,183.2,183.2,165.12,170.14,183.67,4407699,7566.08,2026-10-08
ROML,EQ,42.34,42.34,41.0,41.16,43.2,1659,0.69,2026-10-08
ROSSARI,EQ,425.0,425.0,408.05,409.8,422.9,54486,225.41,2026-10-08
ROSSELLIND,EQ,52.26,52.89,50.6,51.25,52.26,15327,7.88,2026-10-08
ROSSTECH,EQ,1612.1,1622.4,1525.1,1570.1,1622.4,227875,3556.43,2026-10-08
ROTO,EQ,62.05,62.19,60.4,60.73,62.35,215524,131.98,2026-10-08
ROUTE,EQ,426.5,433.75,412.1,414.8,426.5,205870,867.22,2026-10-08
RPEL,EQ,1825.0,1834.9,1701.0,1717.2,1820.9,106875,1871.34,2026-10-08
RPGLIFE,EQ,2892.8,2912.0,2795.0,2811.7,2892.8,15873,450.82,2026-10-08
RPOWER,EQ,20.31,20.36,19.75,19.8,20.32,17859215,3574.54,2026-10-08
RPPINFRA,EQ,50.36,56.25,50.36,53.44,51.43,170869,91.99,2026-10-08
RPSGVENT,EQ,864.85,881.6,830.0,844.65,870.15,51467,438.0,2026-10-08
RPTECH,EQ,939.0,951.3,889.6,898.8,939.7,289149,2621.52,2026-10-08
RRECL,EQ,135.0,135.0,133.96,133.96,124.0,3,0.0,2026-10-08
RRIL,EQ,16.07,16.27,15.64,15.97,16.07,23411,3.74,2026-10-08
RRKABEL,EQ,2701.0,2749.6,2666.3,2696.4,2722.5,281306,7617.12,2026-10-08
RSL,EQ,174.51,175.6,171.5,171.94,174.51,311957,539.19,2026-10-08
RSSOFTWARE,EQ,30.5,30.99,27.04,28.66,30.04,69717,19.61,2026-10-08
RSWM,EQ,202.5,204.0,188.1,195.79,203.83,121017,235.79,2026-10-08
RSYSTEMS,EQ,252.95,255.3,241.4,242.85,252.35,619012,1528.44,2026-10-08
RTNINDIA,EQ,25.95,25.95,24.87,25.03,25.78,807118,203.48,2026-10-08
RTNPOWER,EQ,6.7,6.73,6.36,6.43,6.7,14694768,959.7,2026-10-08
RUBFILA,EQ,64.78,64.79,62.95,63.72,64.9,27899,17.79,2026-10-08
RUBICON,EQ,1575.6,1580.9,1521.0,1535.4,1575.6,105152,1623.96,2026-10-08
RUBYMILLS,EQ,513.45,513.45,480.5,485.05,509.8,10015,49.53,2026-10-08
RUCHINFRA,EQ,4.99,4.99,4.71,4.79,4.94,34449,1.67,2026-10-08
RUCHIRA,EQ,102.2,103.49,99.8,100.35,103.15,19490,19.6,2026-10-08
RUDRA,EQ,20.43,20.43,19.13,19.38,19.46,18509,3.63,2026-10-08
RUNWALENTR,EQ,279.45,283.0,258.9,263.2,279.1,724383,1944.9,2026-10-08
RUPA,EQ,128.0,128.18,122.87,124.14,127.62,308607,383.38,2026-10-08
RUSHIL,EQ,15.1,15.39,14.75,14.94,15.17,207758,31.13,2026-10-08
RUSTOMJEE,EQ,383.45,393.9,356.4,359.0,379.3,341753,1305.45,2026-10-08
RVHL,EQ,38.08,39.0,36.89,37.31,37.38,15073,5.69,2026-10-08
RVNL,EQ,195.0,195.6,186.9,187.2,195.87,5378212,10227.36,2026-10-08
RVTH,EQ,729.5,741.25,716.1,728.55,726.75,549,4.0,2026-10-08
S&SPOWER,EQ,299.4,299.4,265.55,275.2,290.6,11740,32.71,2026-10-08
SAATVIKGL,EQ,404.5,406.0,390.15,397.25,405.3,96156,380.99,2026-10-08
SAB,EQ,170.0,171.0,170.0,171.0,170.0,31,0.05,2026-10-08
SADBHAV,EQ,7.02,7.02,6.6,6.72,6.92,151064,10.23,2026-10-08
SADBHIN,EQ,2.63,2.72,2.54,2.67,2.6,165560,4.35,2026-10-08
SAFARI,EQ,1313.4,1320.8,1280.0,1289.3,1319.2,37258,484.0,2026-10-08
SAGARDEEP,EQ,22.59,22.97,22.0,22.4,22.18,7541,1.67,2026-10-08
SAGCEM,EQ,145.55,145.98,140.1,144.37,143.91,48594,69.47,2026-10-08
SAGILITY,EQ,43.8,44.04,43.23,43.35,43.11,22661142,9885.46,2026-10-08
SAHLIBHFI,EQ,78.8,80.8,77.15,77.91,76.31,7524,5.91,2026-10-08
SAHYADRI,EQ,355.95,355.95,335.05,338.9,352.1,6520,22.46,2026-10-08
SAICAPI,EQ,142.13,146.0,142.13,143.05,146.08,133,0.19,2026-10-08
SAIL,EQ,175.65,175.65,165.76,166.25,174.31,13744496,23256.84,2026-10-08
SAILIFE,EQ,1563.4,1563.4,1499.0,1505.6,1561.8,513978,7772.5,2026-10-08
SAIPARENT,EQ,521.8,521.8,497.05,500.45,521.65,108603,547.72,2026-10-08
SAKAR,EQ,1020.0,1020.0,994.0,1002.4,1020.1,88900,892.22,2026-10-08
SAKHTISUG,EQ,18.75,19.0,17.75,17.88,18.63,111995,20.4,2026-10-08
SAKSOFT,EQ,138.51,141.75,130.0,132.8,139.08,354513,480.86,2026-10-08
SAKUMA,EQ,1.52,1.54,1.49,1.49,1.5,789369,11.9,2026-10-08
SALASAR,EQ,4.17,4.2,4.03,4.09,4.17,2863815,117.52,2026-10-08
SALONA,EQ,274.7,278.95,262.1,277.0,276.55,311,0.84,2026-10-08
SALSTEEL,EQ,87.99,90.76,84.41,88.93,86.44,1424858,1269.78,2026-10-08
SALZERELEC,EQ,525.1,525.1,508.0,510.3,521.0,40874,210.53,2026-10-08
SAMBHAAV,EQ,5.14,6.0,5.02,5.61,5.1,19639,1.05,2026-10-08
SAMBHV,EQ,157.82,160.47,153.25,157.31,158.32,3138458,4900.45,2026-10-08
SAMHI,EQ,148.7,148.77,143.0,143.89,147.25,568252,825.33,2026-10-08
SAMMAANCAP,EQ,132.52,133.14,127.4,127.82,132.94,4883082,6334.37,2026-10-08
SAMPANN,EQ,24.39,24.39,23.51,23.78,23.96,8542,2.04,2026-10-08
SANATHAN,EQ,520.0,524.15,499.5,502.65,522.85,52584,268.28,2026-10-08
SANDESH,EQ,1010.0,1015.0,988.5,990.35,1002.05,497,4.95,2026-10-08
SANDHAR,EQ,557.0,564.55,530.05,534.15,561.3,107554,584.23,2026-10-08
SANDUMA,EQ,181.0,181.75,175.01,179.15,181.19,615550,1094.6,2026-10-08
SANGAMIND,EQ,625.0,640.0,600.0,602.95,624.05,26131,159.41,2026-10-08
SANGHVIMOV,EQ,412.5,412.5,385.6,389.2,410.65,469081,1850.4,2026-10-08
SANOFI,EQ,3032.3,3032.3,2967.0,2979.7,3023.8,17459,521.67,2026-10-08
SANOFICONR,EQ,3722.9,3725.3,3573.4,3600.5,3722.9,4312,156.41,2026-10-08
SANSERA,EQ,4250.0,4258.0,4102.5,4129.4,4261.7,227040,9442.53,2026-10-08
SANSTAR,EQ,105.0,105.8,97.1,97.42,104.23,160837,161.59,2026-10-08
SAPPHIRE,EQ,214.05,214.84,203.1,205.11,215.03,613198,1282.2,2026-10-08
SAPPL,EQ,311.6,332.8,311.6,328.4,317.9,3119,10.18,2026-10-08
SARDAEN,EQ,499.35,500.5,488.05,491.9,499.35,271539,1341.39,2026-10-08
SAREGAMA,EQ,506.75,506.75,479.2,481.85,503.75,315892,1550.98,2026-10-08
SARLAPOLY,EQ,97.8,97.8,93.5,93.69,96.7,64273,61.26,2026-10-08
SARVESHWAR,EQ,3.68,3.73,3.54,3.57,3.61,1709505,62.31,2026-10-08
SASKEN,EQ,1698.0,1698.0,1588.0,1598.1,1665.1,23343,377.42,2026-10-08
SATIA,EQ,69.49,69.49,66.62,67.64,69.0,173194,118.09,2026-10-08
SATIN,EQ,221.9,225.2,216.1,217.39,223.79,295806,650.06,2026-10-08
SAURASHCEM,EQ,50.12,51.19,49.1,49.68,50.6,72985,36.49,2026-10-08
SAYAJIHOTL,EQ,309.0,309.0,305.0,306.6,309.0,14,0.04,2026-10-08
SAYAJIIND,EQ,114.41,115.41,114.41,115.41,116.0,129,0.15,2026-10-08
SBC,EQ,62.28,64.4,61.63,63.21,61.77,17429844,11040.26,2026-10-08
SBCL,EQ,1089.3,1098.5,1040.0,1050.6,1099.3,179885,1915.76,2026-10-08
SBFC,EQ,81.14,81.94,79.82,81.28,81.1,2262015,1832.73,2026-10-08
SBGLP,EQ,23.15,23.15,22.0,22.5,22.72,32378,7.29,2026-10-08
SBIBPB,EQ,47.13,47.47,46.55,46.59,46.74,50772,23.83,2026-10-08
SBICARD,EQ,555.0,559.45,547.65,547.65,557.4,925527,5119.87,2026-10-08
SBIETFCON,EQ,114.55,114.55,110.74,111.17,113.42,2187,2.45,2026-10-08
SBIETFIT,EQ,312.56,314.15,306.5,308.48,308.87,3727,11.59,2026-10-08
SBIETFPB,EQ,277.26,280.0,274.05,275.45,277.45,28750,79.22,2026-10-08
SBIETFQLTY,EQ,206.14,212.48,202.5,204.35,206.3,1374,2.81,2026-10-08
SBIFUNDS,EQ,501.0,505.4,498.45,499.95,501.2,893682,4482.25,2026-10-08
SBILIFE,EQ,1724.0,1724.0,1658.1,1682.5,1726.1,1427096,23946.55,2026-10-08
SBILIQETF,EQ,1059.18,1059.2,1059.18,1059.18,1059.04,115987,1228.51,2026-10-08
SBIMIDMOM,EQ,62.23,62.23,59.7,60.02,61.62,43262,26.06,2026-10-08
SBIN,EQ,953.9,953.9,937.5,940.0,954.0,7600646,71761.76,2026-10-08
SBINEQWETF,EQ,31.46,32.0,30.5,30.67,31.31,69497,21.37,2026-10-08
SBINMID150,EQ,21.93,21.93,21.4,21.52,21.93,22090,4.77,2026-10-08
SBISILVER,EQ,214.23,214.49,210.5,211.15,214.32,668406,1416.8,2026-10-08
SBISMLETF,EQ,17.5,17.95,17.5,17.56,17.95,110508,19.43,2026-10-08
SBIVALETF,EQ,13.87,13.94,13.52,13.6,13.87,657425,90.43,2026-10-08
SCHAEFFLER,EQ,3796.9,3808.0,3725.5,3736.7,3797.0,30762,1150.28,2026-10-08
SCHAND,EQ,146.45,146.45,141.0,141.85,144.15,13657,19.4,2026-10-08
SCHNEIDER,EQ,1256.2,1259.0,1185.2,1191.4,1256.2,286019,3450.1,2026-10-08
SCI,EQ,285.1,288.35,276.1,280.75,285.35,3562846,10013.32,2026-10-08
SCILAL,EQ,37.59,39.0,36.15,36.95,37.85,375348,139.79,2026-10-08
SCODATUBES,EQ,122.0,122.52,119.0,119.69,122.88,191273,230.53,2026-10-08
SDBL,EQ,73.08,74.9,70.1,70.48,73.08,810204,584.37,2026-10-08
SEAMECLTD,EQ,1612.1,1627.9,1557.2,1572.7,1610.9,50976,808.72,2026-10-08
SECLEDBETA,EQ,13.89,14.28,13.6,14.12,13.89,19813,2.72,2026-10-08
SECMARK,EQ,141.95,141.95,137.4,139.8,139.69,370,0.52,2026-10-08
SECURKLOUD,EQ,15.41,15.97,14.5,15.17,15.34,12600,1.91,2026-10-08
SEDEMAC,EQ,3440.0,3440.0,3205.0,3232.1,3425.6,148846,4885.09,2026-10-08
SEIL,EQ,186.39,186.4,176.3,178.12,185.98,270970,491.1,2026-10-08
SEJALLTD,EQ,704.9,765.0,671.2,678.55,680.55,57296,406.49,2026-10-08
SEKURITIND,EQ,110.99,110.99,106.47,107.41,109.99,17065,18.42,2026-10-08
SELECTIPO,EQ,46.39,46.39,45.14,45.21,46.55,39137,17.81,2026-10-08
SEMAC,EQ,230.05,237.8,212.75,217.81,236.38,2883,6.33,2026-10-08
SENCO,EQ,346.05,358.8,330.0,337.1,320.6,48528473,167694.16,2026-10-08
SENORES,EQ,1389.6,1393.2,1311.2,1325.6,1389.6,299845,4023.79,2026-10-08
SENSEXADD,EQ,76.07,76.07,73.89,74.01,75.12,5535,4.1,2026-10-08
SENSEXAXIS,EQ,75.69,75.69,74.25,74.33,75.32,4136,3.09,2026-10-08
SENSEXBETA,EQ,808.8,808.8,793.0,793.67,804.11,1798,14.34,2026-10-08
SENSEXETF,EQ,75.4,75.4,73.63,73.92,75.05,65166,48.33,2026-10-08
SENSEXIETF,EQ,834.17,835.94,820.0,822.46,836.45,17107,141.43,2026-10-08
SEPC,EQ,5.03,5.03,4.9,4.93,5.03,6489296,321.3,2026-10-08
SERVOTECH,EQ,71.9,71.91,68.2,68.56,71.15,430990,298.53,2026-10-08
SESHAPAPER,EQ,230.6,234.0,228.5,229.99,231.31,60305,139.05,2026-10-08
SETF10GILT,EQ,261.04,261.37,259.27,260.51,260.15,3363,8.74,2026-10-08
SETFGOLD,EQ,125.04,125.33,124.51,124.77,124.92,2925368,3651.85,2026-10-08
SETFNIF50,EQ,243.65,244.44,237.55,239.71,243.65,1176317,2831.46,2026-10-08
SETFNIFBK,EQ,564.93,565.43,558.28,559.43,566.09,305732,1711.06,2026-10-08
SETFNN50,EQ,745.75,746.17,726.55,728.39,746.57,54239,397.3,2026-10-08
SETL,EQ,426.0,429.45,408.35,408.35,429.8,790901,3248.6,2026-10-08
SFL,EQ,620.15,620.65,601.0,606.05,620.05,83651,508.59,2026-10-08
SGFIN,EQ,663.7,668.35,640.3,645.9,663.7,301459,1958.55,2026-10-08
SGIL,EQ,598.45,616.2,598.45,606.35,604.55,8692,52.71,2026-10-08
SGL,EQ,9.12,9.39,9.12,9.14,9.09,19692,1.81,2026-10-08
SGLRES,EQ,2.24,2.39,2.16,2.26,2.18,29601,0.67,2026-10-08
SGMART,EQ,746.15,757.45,730.05,743.45,752.25,324541,2414.31,2026-10-08
SGRL,EQ,718.7,718.7,685.0,706.25,715.1,12417,86.78,2026-10-08
SHADOWFAX,EQ,293.5,293.55,284.25,286.1,292.85,3459278,9949.78,2026-10-08
SHAH,EQ,3.04,3.04,2.92,2.95,3.01,632080,18.77,2026-10-08
SHAILY,EQ,3086.8,3098.0,3035.0,3053.0,3085.3,80256,2457.32,2026-10-08
SHAKTIPUMP,EQ,447.0,447.3,423.0,426.65,447.4,700324,3025.35,2026-10-08
SHALBY,EQ,134.62,134.62,130.02,130.42,134.62,87980,115.94,2026-10-08
SHANKARA,EQ,120.0,120.0,114.01,115.3,119.98,58121,67.31,2026-10-08
SHANKESH,EQ,96.2,97.19,90.5,91.84,96.51,3033582,2837.91,2026-10-08
SHANTI,EQ,5.46,6.55,5.22,5.56,5.46,174486,10.17,2026-10-08
SHANTIGEAR,EQ,580.05,595.65,556.75,557.0,586.05,36611,206.74,2026-10-08
SHANTIGOLD,EQ,342.75,361.35,333.0,350.65,341.05,5937219,20704.89,2026-10-08
SHARDACROP,EQ,744.0,744.0,721.6,725.8,742.05,69664,506.64,2026-10-08
SHARDAMOTR,EQ,929.0,929.0,871.0,884.4,924.85,97687,869.4,2026-10-08
SHAREINDIA,EQ,207.5,208.99,183.59,185.9,207.27,2231244,4295.92,2026-10-08
SHARIABEES,EQ,419.52,423.03,413.49,415.89,419.52,7427,31.02,2026-10-08
SHBAJRG,EQ,169.95,169.95,155.82,161.66,168.8,3693,5.95,2026-10-08
SHEMAROO,EQ,110.56,113.28,101.0,102.95,111.11,15073,15.86,2026-10-08
SHERVANI,EQ,315.4,315.4,315.0,315.0,321.05,101,0.32,2026-10-08
SHILCTECH,EQ,4010.8,4036.3,3916.6,3944.0,4000.9,11499,455.84,2026-10-08
SHILGRAVQ,EQ,142.75,146.99,136.6,141.99,145.82,2956,4.15,2026-10-08
SHILPAMED,EQ,1077.5,1077.5,1016.0,1025.3,1071.2,677879,6984.33,2026-10-08
SHINDL,EQ,157.9,159.98,154.5,158.39,157.72,166158,261.19,2026-10-08
SHIPROCKET,EQ,132.85,134.3,127.55,129.1,133.11,3966840,5178.93,2026-10-08
SHIVAAGRO,EQ,40.0,40.0,37.5,39.03,39.4,1957,0.76,2026-10-08
SHIVACEM,EQ,13.24,13.24,12.81,12.95,13.0,120071,15.57,2026-10-08
SHIVALIK,EQ,378.3,378.35,345.0,351.95,365.05,96828,342.95,2026-10-08
SHIVAMAUTO,EQ,16.95,17.8,16.6,16.84,16.68,41146,6.94,2026-10-08
SHIVAMILLS,EQ,60.2,60.2,60.0,60.11,58.33,8,0.0,2026-10-08
SHIVATEX,EQ,165.05,169.69,165.01,165.29,166.41,6270,10.35,2026-10-08
SHIVAUM,EQ,553.55,554.4,550.2,551.5,551.4,848,4.67,2026-10-08
SHK,EQ,141.62,144.99,134.9,136.13,141.62,593627,821.28,2026-10-08
SHOPERSTOP,EQ,395.0,395.45,380.9,384.7,392.4,21757,83.99,2026-10-08
SHRADDHA,EQ,162.5,168.8,157.2,158.87,163.31,29893,48.17,2026-10-08
SHRADHA,EQ,30.0,30.7,29.11,30.03,30.78,13253,3.93,2026-10-08
SHREDIGCEM,EQ,65.0,65.0,62.0,62.4,64.55,71395,44.96,2026-10-08
SHREECEM,EQ,21700.0,21830.0,21450.0,21600.0,21780.0,32326,6989.33,2026-10-08
SHREEJISPG,EQ,809.0,809.75,789.0,800.75,802.1,1184742,9491.64,2026-10-08
SHREEPUSHK,EQ,520.0,520.0,483.75,488.2,517.5,70560,350.1,2026-10-08
SHREERAMA,EQ,43.89,43.89,40.22,41.34,43.36,77759,32.44,2026-10-08
SHREYANIND,EQ,129.64,129.79,129.0,129.02,129.0,4589,5.92,2026-10-08
SHRIKRISH,EQ,36.99,37.0,35.0,35.0,34.82,2045,0.75,2026-10-08
SHRINGARMS,EQ,222.4,222.4,217.5,218.59,221.03,417072,914.57,2026-10-08
SHRIPISTON,EQ,4382.2,4430.5,4260.1,4270.4,4411.6,90921,3909.33,2026-10-08
SHRIRAMFIN,EQ,950.0,951.0,917.25,917.25,948.0,6408257,59357.46,2026-10-08
SHRIRAMPPS,EQ,68.23,68.47,65.5,65.8,68.05,304667,202.28,2026-10-08
SHRJAGP,EQ,653.85,654.75,625.0,650.5,657.1,411,2.62,2026-10-08
SHUKRAPHAR,EQ,69.47,70.4,66.23,66.78,68.32,7399313,4980.01,2026-10-08
SHYAMCENT,EQ,5.23,5.23,4.9,4.92,4.98,27036,1.34,2026-10-08
SHYAMMETL,EQ,1067.0,1073.0,1053.4,1066.8,1067.3,357787,3808.48,2026-10-08
SHYAMTEL,EQ,11.0,11.33,10.81,11.14,11.15,1601,0.17,2026-10-08
SICAGEN,EQ,52.89,52.89,49.0,49.82,51.53,20368,10.16,2026-10-08
SIEL,EQ,31.5,31.5,29.95,29.95,31.5,404,0.12,2026-10-08
SIEMENS,EQ,3796.1,3799.5,3630.0,3639.0,3793.0,240310,8858.74,2026-10-08
SIGACHI,EQ,29.36,29.62,28.5,28.57,29.36,1299436,374.44,2026-10-08
SIGMA,EQ,47.0,47.0,43.92,44.48,45.71,79357,35.87,2026-10-08
SIGNATURE,EQ,714.4,738.4,695.0,711.25,712.5,963963,6920.59,2026-10-08
SIGNPOST,EQ,267.45,267.45,258.0,260.75,267.45,28224,73.66,2026-10-08
SIKA,EQ,1076.5,1076.5,1009.9,1028.7,1068.6,27322,281.14,2026-10-08
SIL,EQ,16.15,16.65,15.23,15.81,15.62,45681,7.19,2026-10-08
SILGO,EQ,70.16,70.99,68.0,69.75,70.16,154930,108.2,2026-10-08
SILINV,EQ,461.0,474.8,460.0,462.1,464.1,9861,45.64,2026-10-08
SILVER,EQ,217.76,218.49,214.51,215.21,218.35,673146,1452.95,2026-10-08
SILVER001,EQ,22.13,22.13,21.77,21.8,22.03,19115,4.19,2026-10-08
SILVER1,EQ,21.2,21.23,20.82,20.89,21.2,6493835,1366.43,2026-10-08
SILVER360,EQ,215.0,215.26,211.27,212.39,215.26,9838,20.98,2026-10-08
SILVERADD,EQ,21.09,21.09,20.67,20.74,21.06,4662047,969.1,2026-10-08
SILVERAG,EQ,212.98,213.17,209.15,209.82,212.92,244484,514.47,2026-10-08
SILVERAXIS,EQ,217.0,217.9,213.6,214.62,217.45,529091,1139.98,2026-10-08
SILVERBEES,EQ,208.55,209.15,205.29,205.87,209.02,16854609,34863.39,2026-10-08
SILVERBETA,EQ,210.89,211.19,207.14,207.81,210.93,219458,458.26,2026-10-08
SILVERBND,EQ,219.25,219.52,215.44,215.97,219.27,12639,27.41,2026-10-08
SILVERCASE,EQ,22.12,22.17,21.77,21.81,22.14,5342528,1171.26,2026-10-08
SILVERIETF,EQ,217.99,218.45,214.41,214.97,218.21,4523139,9749.67,2026-10-08
SILVERTUC,EQ,137.25,143.35,125.0,125.98,135.11,886816,1181.43,2026-10-08
SIMPLEXINF,EQ,252.0,254.9,242.0,243.35,255.77,103509,254.53,2026-10-08
SIMPLXREA,EQ,125.4,125.4,125.4,125.4,119.43,1,0.0,2026-10-08
SINCLAIR,EQ,74.0,75.47,74.0,74.83,75.1,12487,9.34,2026-10-08
SINDHUTRAD,EQ,21.84,21.93,20.66,21.01,21.68,581767,123.05,2026-10-08
SINGERIND,EQ,77.45,77.45,75.1,75.8,77.45,94414,71.73,2026-10-08
SINTERCOM,EQ,76.83,76.83,73.0,73.41,76.83,1091,0.82,2026-10-08
SIRCA,EQ,413.0,413.15,400.5,402.2,413.7,80595,326.39,2026-10-08
SIS,EQ,415.1,418.85,407.3,411.4,413.3,121031,501.32,2026-10-08
SIYSIL,EQ,554.65,558.6,537.1,542.55,554.45,20718,113.62,2026-10-08
SJS,EQ,2004.0,2014.0,1964.9,1980.3,1982.6,174122,3457.04,2026-10-08
SJVN,EQ,56.6,56.6,54.01,54.24,56.36,4063317,2228.95,2026-10-08
SKFINDIA,EQ,1428.0,1432.9,1399.0,1407.7,1428.9,45781,646.32,2026-10-08
SKFINDUS,EQ,2760.7,2760.7,2611.2,2622.6,2745.1,41301,1103.01,2026-10-08
SKIPPER,EQ,539.0,540.0,515.2,517.5,541.35,813996,4264.78,2026-10-08
SKMEGGPROD,EQ,216.0,216.39,205.51,207.1,215.37,125375,264.08,2026-10-08
SKYGOLD,EQ,873.65,901.8,844.75,884.5,876.95,2677878,23413.32,2026-10-08
SKYWAYS,EQ,114.99,117.31,110.01,111.14,114.72,2087847,2379.44,2026-10-08
SMALL250,EQ,18.3,18.3,17.51,17.54,17.93,725495,127.99,2026-10-08
SMALLADD,EQ,18.49,18.49,17.55,17.59,18.04,69338,12.26,2026-10-08
SMALLCAP,EQ,48.01,48.62,47.08,47.21,48.45,2021110,960.93,2026-10-08
SMALLGROWW,EQ,48.7,49.28,47.17,48.2,48.67,13591,6.49,2026-10-08
SMALLIETF,EQ,18.27,18.27,17.55,17.56,17.91,136010,24.04,2026-10-08
SMARTWORKS,EQ,490.95,493.0,479.0,482.35,489.35,113656,552.45,2026-10-08
SMCGLOBAL,EQ,110.83,111.0,106.0,107.83,110.24,3775916,4096.86,2026-10-08
SML100CASE,EQ,11.07,11.11,10.79,10.81,11.06,1624872,176.7,2026-10-08
SMLMAH,EQ,6095.0,6123.0,5808.0,5850.5,6095.0,57803,3413.89,2026-10-08
SMLT,EQ,73.94,76.8,73.94,76.26,73.94,40500,30.74,2026-10-08
SMSPHARMA,EQ,472.0,472.0,445.0,446.75,468.85,748702,3391.55,2026-10-08
SNOWMAN,EQ,34.74,35.52,33.89,34.35,34.32,262456,91.35,2026-10-08
SNXT30BEES,EQ,39.8,39.8,38.77,38.88,39.83,11174,4.37,2026-10-08
SNXT50BETA,EQ,89.0,90.0,86.81,87.67,89.63,5147,4.53,2026-10-08
SOBHA,EQ,1197.8,1209.6,1168.7,1183.9,1197.9,98897,1171.07,2026-10-08
SOFTTECH,EQ,455.0,475.0,440.05,450.8,458.05,4927,22.81,2026-10-08
SOLARA,EQ,683.0,683.0,652.0,654.9,683.7,169235,1120.91,2026-10-08
SOLARINDS,EQ,20010.0,20184.0,19610.0,19870.0,20050.0,133296,26459.92,2026-10-08
SOLARWORLD,EQ,131.25,131.82,124.0,124.91,131.25,162392,205.48,2026-10-08
SOLEX,EQ,680.2,680.2,651.0,653.15,670.15,42226,278.47,2026-10-08
SOMANYCERA,EQ,624.0,624.0,592.3,600.6,621.15,76485,460.57,2026-10-08
SOMATEX,EQ,81.88,82.5,74.0,76.71,80.95,5610,4.41,2026-10-08
SOMICONVEY,EQ,86.55,86.55,82.55,82.84,83.37,2708,2.26,2026-10-08
SONACOMS,EQ,811.0,815.7,788.6,793.0,810.5,1805058,14391.82,2026-10-08
SONAL,EQ,84.4,88.0,73.35,85.0,80.46,581,0.46,2026-10-08
SONATSOFTW,EQ,249.0,258.8,238.3,240.9,248.1,1354336,3349.92,2026-10-08
SOTL,EQ,807.8,807.9,759.5,764.2,803.8,281955,2185.32,2026-10-08
SOUTHBANK,EQ,47.75,47.75,46.15,46.39,47.47,14721642,6853.12,2026-10-08
SOUTHWEST,EQ,193.95,196.67,185.2,187.46,193.95,51999,98.23,2026-10-08
SPAL,EQ,958.5,967.4,916.1,922.8,960.3,31720,294.62,2026-10-08
SPANDANA,EQ,217.0,218.0,208.11,209.1,218.19,91807,194.26,2026-10-08
SPARC,EQ,197.0,201.39,187.19,187.74,196.79,1270428,2435.81,2026-10-08
SPCENET,EQ,3.33,3.5,3.19,3.27,3.33,438872,14.35,2026-10-08
SPENCERS,EQ,28.0,28.19,27.02,27.11,27.87,28050,7.69,2026-10-08
SPIC,EQ,63.99,63.99,61.3,61.77,63.06,185128,114.63,2026-10-08
SPLIL,EQ,29.04,30.0,27.6,30.0,29.05,11378,3.31,2026-10-08
SPLPETRO,EQ,807.8,807.85,781.85,783.65,806.65,130060,1026.02,2026-10-08
SPMLINFRA,EQ,160.02,160.32,152.51,153.72,160.02,140256,217.24,2026-10-08
SPORTKING,EQ,202.0,202.51,194.4,196.39,201.71,209764,413.22,2026-10-08
SRD,EQ,38.4,38.4,36.8,37.21,37.81,10965,4.1,2026-10-08
SRF,EQ,2454.5,2528.0,2435.1,2485.2,2460.0,303720,7582.37,2026-10-08
SRGHFL,EQ,125.87,126.0,120.28,120.97,126.61,12795,15.54,2026-10-08
SRHHYPOLTD,EQ,550.0,558.4,533.15,534.75,549.15,16135,87.37,2026-10-08
SRM,EQ,420.0,422.95,403.1,406.3,421.45,30631,125.67,2026-10-08
SRTL,EQ,37.75,38.48,36.7,36.8,37.74,29215,10.87,2026-10-08
SSDL,EQ,64.77,66.8,64.5,65.01,66.2,41662,27.32,2026-10-08
SSRETAIL,EQ,720.25,721.85,671.2,681.45,720.3,2574962,17912.34,2026-10-08
SSWL,EQ,425.95,426.1,405.8,410.5,424.2,1268927,5239.33,2026-10-08
STANLEY,EQ,135.44,135.44,126.1,127.29,135.0,102266,133.1,2026-10-08
STAR,EQ,1100.6,1106.1,1067.0,1095.3,1100.6,420852,4574.83,2026-10-08
STARCEMENT,EQ,174.3,175.0,167.62,169.65,174.88,222369,378.27,2026-10-08
STARHEALTH,EQ,556.9,568.95,542.65,545.5,553.85,407450,2259.65,2026-10-08
STARPAPER,EQ,153.8,153.8,147.7,149.08,151.5,7579,11.46,2026-10-08
STARTECK,EQ,273.7,273.7,262.3,264.25,273.7,646,1.72,2026-10-08
STCINDIA,EQ,104.5,105.45,101.11,102.08,104.5,12608,13.03,2026-10-08
STEAMHOUSE,EQ,124.66,125.7,117.2,121.21,125.17,6184504,7478.75,2026-10-08
STEELCAS,EQ,371.4,375.0,356.55,360.25,373.3,85086,311.09,2026-10-08
STEELCITY,EQ,81.94,82.47,79.5,79.97,81.54,2943,2.38,2026-10-08
STEELXIND,EQ,10.68,11.14,10.16,10.32,10.9,15980036,1702.31,2026-10-08
STEL,EQ,574.0,583.4,545.15,567.75,568.6,3395,19.09,2026-10-08
STERTOOLS,EQ,218.79,235.99,218.79,231.69,218.79,129326,296.95,2026-10-08
STLNETWORK,EQ,50.6,50.6,46.96,48.07,49.43,9238203,4455.59,2026-10-08
STLSTRINF,EQ,22.5,23.85,21.5,22.0,22.5,3334,0.75,2026-10-08
STOVEKRAFT,EQ,817.35,817.35,795.1,803.1,817.35,69116,554.17,2026-10-08
STUDDS,EQ,421.0,428.05,410.2,416.0,420.45,92229,387.51,2026-10-08
STYL,EQ,367.85,372.0,352.95,354.25,369.7,196259,715.19,2026-10-08
STYLAMIND,EQ,3350.0,3350.0,3220.0,3243.8,3351.6,26161,852.8,2026-10-08
STYLEBAAZA,EQ,379.9,388.0,370.05,372.35,379.9,586747,2230.47,2026-10-08
STYRENIX,EQ,2008.7,2018.7,1970.0,1990.5,2001.3,20229,402.77,2026-10-08
SUBEXLTD,EQ,19.15,19.15,18.3,18.41,19.15,5288891,984.98,2026-10-08
SUBROS,EQ,675.6,680.3,657.0,664.5,675.5,32055,213.6,2026-10-08
SUDARCOLOR,EQ,362.05,370.9,347.8,351.9,364.55,9998,35.63,2026-10-08
SUDARSCHEM,EQ,1233.0,1240.1,1170.0,1176.8,1226.6,357840,4275.48,2026-10-08
SUDEEPPHRM,EQ,1170.4,1184.9,1095.0,1114.9,1170.4,208848,2335.57,2026-10-08
SUKHJITS,EQ,151.3,151.99,146.51,146.67,149.56,5904,8.74,2026-10-08
SULA,EQ,133.0,133.48,130.05,130.58,133.41,159849,210.19,2026-10-08
SUMEDHA,EQ,43.0,43.0,41.0,41.95,43.05,2084,0.87,2026-10-08
SUMEETINDS,EQ,12.0,12.04,11.4,11.4,12.0,1404962,162.25,2026-10-08
SUMICHEM,EQ,421.9,426.4,409.5,411.4,421.95,148881,620.33,2026-10-08
SUMIT,EQ,51.49,51.49,44.15,45.92,50.48,51096,23.37,2026-10-08
SUMMITSEC,EQ,1310.0,1330.8,1297.2,1305.0,1320.4,3943,51.81,2026-10-08
SUNCLAY,EQ,1149.8,1149.8,1096.1,1100.8,1131.8,4215,46.82,2026-10-08
SUNDARAM,EQ,1.09,1.09,1.04,1.05,1.07,445554,4.7,2026-10-08
SUNDARMFIN,EQ,4290.0,4350.0,4101.0,4110.6,4301.2,65226,2715.38,2026-10-08
SUNDRMBRAK,EQ,667.1,678.85,661.0,669.7,667.05,237,1.58,2026-10-08
SUNDRMFAST,EQ,1159.9,1159.9,1095.2,1108.3,1127.0,103754,1162.63,2026-10-08
SUNDROP,EQ,731.25,752.0,726.4,743.55,745.9,39823,296.4,2026-10-08
SUNFLAG,EQ,477.0,477.0,450.7,450.7,474.4,423244,1929.53,2026-10-08
SUNLOC,EQ,71.39,72.5,70.0,72.5,70.0,32,0.02,2026-10-08
SUNPHARMA,EQ,1788.1,1796.0,1745.0,1759.8,1781.0,1605236,28283.83,2026-10-08
SUNRAKSHAK,EQ,361.15,362.1,349.6,353.8,356.9,5772,20.56,2026-10-08
SUNSHIEL,EQ,1090.1,1117.4,1025.0,1048.3,1103.5,1860,19.49,2026-10-08
SUNSHINE,EQ,455.1,455.1,425.0,432.8,448.9,470121,2051.64,2026-10-08
SUNTECK,EQ,278.3,278.3,270.65,271.6,278.15,102432,279.58,2026-10-08
SUNTV,EQ,634.9,639.8,610.5,614.2,636.5,1100802,6882.88,2026-10-08
SUPERHOUSE,EQ,154.0,155.99,150.0,152.11,154.93,1827,2.8,2026-10-08
SUPRAJIT,EQ,465.0,479.5,455.15,470.85,465.15,69105,322.23,2026-10-08
SUPREME,EQ,29.95,30.48,29.46,29.96,29.98,5937,1.77,2026-10-08
SUPREMEIND,EQ,3567.7,3598.8,3462.0,3462.0,3550.0,87986,3092.71,2026-10-08
SUPREMEINF,EQ,55.21,55.56,49.21,49.92,54.67,456795,232.91,2026-10-08
SUPRIYA,EQ,894.35,894.35,850.1,861.35,889.25,241403,2084.04,2026-10-08
SURAJEST,EQ,208.26,209.26,196.0,196.86,208.26,79684,159.57,2026-10-08
SURAJLTD,EQ,181.7,187.99,177.99,184.57,181.7,6983,12.64,2026-10-08
SURAKSHA,EQ,324.05,324.05,307.0,309.4,321.7,63897,200.47,2026-10-08
SURANASOL,EQ,24.36,24.36,23.57,23.73,24.36,11613,2.77,2026-10-08
SURANAT&P,EQ,16.0,16.0,15.6,15.61,15.76,18123,2.85,2026-10-08
SURYALA,EQ,377.0,383.3,376.25,376.35,376.25,670,2.52,2026-10-08
SURYALAXMI,EQ,56.92,56.92,55.5,55.6,56.64,1795,1.01,2026-10-08
SURYAROSNI,EQ,218.3,218.3,212.0,213.0,218.34,369129,791.91,2026-10-08
SURYODAY,EQ,155.8,156.31,148.54,149.05,155.54,144228,217.93,2026-10-08
SUTLEJTEX,EQ,36.6,37.28,35.16,35.25,36.57,26174,9.33,2026-10-08
SUVEN,EQ,306.5,306.6,287.25,288.9,305.55,589929,1728.9,2026-10-08
SUVIDHAA,EQ,2.1,2.18,2.01,2.07,2.1,67624,1.39,2026-10-08
SUYOG,EQ,665.0,673.65,640.0,643.3,672.85,11327,73.44,2026-10-08
SUZLON,EQ,38.43,38.43,36.31,36.43,38.34,85701657,31779.26,2026-10-08
SVGLOBAL,EQ,141.69,143.11,136.0,136.06,138.95,393,0.54,2026-10-08
SVLL,EQ,829.95,841.35,792.5,801.3,824.9,456,3.7,2026-10-08
SVPGLOB,EQ,3.14,3.3,2.76,3.13,3.0,162953,5.1,2026-10-08
SWANCORP,EQ,271.85,271.85,254.4,260.25,271.85,1229944,3217.72,2026-10-08
SWARAJENG,EQ,3546.1,3546.1,3475.0,3491.6,3546.1,9227,324.35,2026-10-08
SWARNSAR,EQ,40.79,42.45,37.9,39.1,40.01,10678,4.13,2026-10-08
SWELECTES,EQ,610.0,610.0,577.45,581.6,608.8,11348,66.83,2026-10-08
SWIGGY,EQ,246.0,247.2,234.0,234.95,246.0,8382103,20068.64,2026-10-08
SWSOLAR,EQ,168.38,168.95,159.1,160.09,168.11,1067977,1738.78,2026-10-08
SYMBIOTEC,EQ,1130.0,1143.0,1080.7,1093.8,1135.6,645045,7070.11,2026-10-08
SYMPHONY,EQ,560.0,560.0,536.25,538.85,558.1,57974,315.72,2026-10-08
SYNCOMF,EQ,25.19,25.19,23.3,23.57,24.94,14107513,3366.98,2026-10-08
SYNGENE,EQ,363.7,363.7,345.2,346.0,360.3,333710,1167.77,2026-10-08
SYRMA,EQ,1752.0,1759.5,1657.6,1680.9,1746.7,904837,15447.32,2026-10-08
TAALTECH,EQ,1087.9,1088.6,1033.0,1041.5,1087.9,59953,631.05,2026-10-08
TAINWALCHM,EQ,200.4,204.45,193.1,203.35,200.4,4962,9.74,2026-10-08
TAJGVK,EQ,322.8,326.8,315.0,322.4,320.45,100851,323.75,2026-10-08
TAKE,EQ,12.72,12.72,12.72,12.72,12.12,166290,21.15,2026-10-08
TALBROAUTO,EQ,417.0,420.95,402.0,405.35,417.05,141783,577.17,2026-10-08
TANAA,EQ,354.0,364.5,324.85,330.35,349.25,156930,545.28,2026-10-08
TANLA,EQ,491.0,501.0,488.25,493.35,494.55,367977,1818.08,2026-10-08
TARACHAND,EQ,46.75,46.96,46.0,46.11,46.26,80254,37.1,2026-10-08
TARAPUR,EQ,13.8,13.82,12.4,13.82,11.52,146419,19.89,2026-10-08
TARC,EQ,122.87,122.88,115.67,117.55,122.24,687814,809.35,2026-10-08
TARIL,EQ,289.0,289.0,279.25,282.75,289.15,1397291,3954.18,2026-10-08
TARMAT,EQ,56.79,57.87,54.85,55.15,56.78,5724,3.18,2026-10-08
TARSONS,EQ,341.7,341.7,325.35,327.65,341.7,110553,368.91,2026-10-08
TASTYBITE,EQ,9374.0,9374.0,8960.5,8999.0,9373.0,1591,144.94,2026-10-08
TATACAP,EQ,318.0,320.2,311.5,314.9,320.55,1747230,5535.79,2026-10-08
TATACHEM,EQ,612.0,613.9,591.0,592.95,609.8,744076,4455.44,2026-10-08
TATACOMM,EQ,1655.2,1698.9,1632.3,1677.4,1659.6,514789,8607.6,2026-10-08
TATACONSUM,EQ,966.4,974.0,947.3,951.9,968.5,873932,8349.42,2026-10-08
TATAELXSI,EQ,3090.0,3141.4,2996.0,2996.0,3082.5,244061,7454.03,2026-10-08
TATAGOLD,EQ,14.25,14.28,14.2,14.21,14.23,25730797,3663.97,2026-10-08
TATAINVEST,EQ,614.05,617.85,606.4,609.3,615.3,525736,3205.4,2026-10-08
TATAPOWER,EQ,347.0,347.75,334.0,335.65,345.15,6295578,21257.57,2026-10-08
TATASTEEL,EQ,176.3,176.4,170.54,171.96,175.64,30689721,53076.78,2026-10-08
TATATECH,EQ,701.8,723.0,686.7,694.65,697.6,1754369,12466.54,2026-10-08
TATSILV,EQ,21.2,21.26,20.85,20.9,21.21,37689405,7911.32,2026-10-08
TATVA,EQ,1999.9,2008.7,1841.4,1855.6,1991.2,140860,2689.32,2026-10-08
TBOTEK,EQ,1728.7,1730.0,1653.9,1666.5,1704.5,146903,2471.56,2026-10-08
TCC,EQ,46.01,46.85,44.11,44.84,46.1,286728,129.11,2026-10-08
TCI,EQ,888.1,889.0,870.55,877.05,885.6,93239,819.06,2026-10-08
TCIEXP,EQ,499.75,499.75,475.0,477.2,499.75,52641,254.1,2026-10-08
TCIFINANCE,EQ,13.94,14.9,13.91,14.11,14.21,18972,2.68,2026-10-08
TCPLPACK,EQ,4057.1,4265.0,3905.5,3994.4,4031.5,37264,1535.36,2026-10-08
TCS,EQ,2104.0,2141.5,2060.0,2076.0,2080.3,4288031,90216.93,2026-10-08
TDPOWERSYS,EQ,835.0,836.0,790.5,793.5,821.1,2548022,20574.28,2026-10-08
TEAMGTY,EQ,241.45,241.49,232.0,235.75,238.95,884,2.07,2026-10-08
TEAMLEASE,EQ,1109.0,1109.0,1072.5,1076.9,1101.0,14287,154.55,2026-10-08
TECH,EQ,30.89,31.08,30.31,30.48,30.48,11988,3.68,2026-10-08
TECHM,EQ,1495.0,1525.0,1490.0,1496.2,1491.1,1633921,24594.8,2026-10-08
TECHNOCRAF,EQ,488.0,489.0,466.1,472.5,486.4,936890,4429.01,2026-10-08
TECHNOE,EQ,991.1,994.9,940.1,942.7,988.3,191306,1825.94,2026-10-08
TECHNVISN,EQ,4210.1,4421.0,4210.1,4384.5,4213.5,559,24.35,2026-10-08
TECILCHEM,EQ,9.59,9.85,9.35,9.47,9.4,4173,0.4,2026-10-08
TEGA,EQ,2121.0,2125.4,1952.0,1958.1,2123.6,654228,13073.76,2026-10-08
TEJASNET,EQ,467.95,467.95,447.25,451.15,466.7,1481274,6736.89,2026-10-08
TEMBO,EQ,56.4,57.19,54.95,55.91,56.42,980291,550.06,2026-10-08
TEMPSENS,EQ,573.9,583.35,555.15,561.0,578.0,2135205,12159.9,2026-10-08
TENNIND,EQ,481.0,481.0,465.45,468.8,480.4,723263,3406.36,2026-10-08
TERAI,EQ,110.41,119.0,110.2,116.68,113.5,1267,1.44,2026-10-08
TERASOFT,EQ,223.0,226.9,215.41,217.16,226.04,22803,50.46,2026-10-08
TEXINFRA,EQ,121.25,122.34,119.9,120.04,121.24,113845,137.43,2026-10-08
TEXMOPIPES,EQ,52.75,54.0,51.08,51.42,52.58,94341,49.67,2026-10-08
TEXRAIL,EQ,115.0,115.0,106.61,107.08,114.74,3429622,3745.41,2026-10-08
TFCILTD,EQ,153.1,154.19,145.65,146.65,152.24,8707702,12900.65,2026-10-08
TFL,EQ,12.2,12.2,11.7,11.88,12.16,3302,0.39,2026-10-08
TGBHOTELS,EQ,9.59,9.59,8.76,8.99,9.4,59376,5.48,2026-10-08
TGVSL,EQ,127.25,127.88,118.3,120.82,126.26,319936,392.52,2026-10-08
THACKER,EQ,972.0,972.0,931.0,938.75,980.0,65,0.61,2026-10-08
THAKDEV,EQ,133.0,133.0,133.0,133.0,134.39,2,0.0,2026-10-08
THANGAMAYL,EQ,4840.0,4903.5,4786.0,4810.5,4803.0,65435,3175.95,2026-10-08
THEINVEST,EQ,92.4,92.79,89.0,90.72,90.2,5391,4.87,2026-10-08
THEJO,EQ,2100.4,2114.0,2055.0,2073.8,2100.4,11248,235.03,2026-10-08
THELEELA,EQ,604.45,605.5,584.05,586.95,602.45,253791,1495.69,2026-10-08
THEMISMED,EQ,116.56,116.56,108.35,108.71,115.47,57030,63.21,2026-10-08
THERMAX,EQ,3230.4,3230.4,3125.1,3138.1,3230.4,75486,2388.69,2026-10-08
THOMASCOOK,EQ,100.5,101.45,98.0,98.53,100.54,328736,325.97,2026-10-08
THOMASCOTT,EQ,284.85,284.85,264.9,266.4,278.85,24790,67.21,2026-10-08
THYROCARE,EQ,515.5,515.5,498.0,501.0,513.05,869553,4399.84,2026-10-08
TI,EQ,552.85,553.1,538.3,548.05,551.55,792792,4320.01,2026-10-08
TIGERLOGS,EQ,26.35,26.42,24.74,24.88,26.17,152277,38.37,2026-10-08
TIIL,EQ,2715.4,2720.0,2574.0,2581.9,2715.4,38826,1016.56,2026-10-08
TIINDIA,EQ,2388.0,2400.0,2241.0,2241.0,2388.0,772851,17756.53,2026-10-08
TIMETECHNO,EQ,183.9,184.95,178.2,179.68,183.62,2316985,4230.35,2026-10-08
TIMEX,EQ,726.0,728.0,704.2,709.25,724.45,273241,1948.16,2026-10-08
TIMKEN,EQ,3144.6,3144.7,3005.2,3015.6,3132.0,19814,605.9,2026-10-08
TINNARUBR,EQ,935.0,948.7,876.0,879.6,930.55,51054,454.21,2026-10-08
TIPSFILMS,EQ,330.1,330.1,311.0,318.2,328.75,14166,45.07,2026-10-08
TIPSMUSIC,EQ,642.8,643.0,616.05,618.15,639.9,326790,2049.98,2026-10-08
TIRUMALCHM,EQ,147.9,148.0,141.0,142.84,147.91,247640,355.29,2026-10-08
TITAGARH,EQ,799.65,799.65,772.1,778.0,799.75,314209,2472.6,2026-10-08
TITAN,EQ,4380.0,4467.0,4359.5,4359.5,4377.0,1490894,65739.9,2026-10-08
TMB,EQ,874.5,880.0,850.5,855.45,877.35,155002,1337.57,2026-10-08
TMCV,EQ,427.1,430.65,409.0,413.2,427.9,4430589,18607.02,2026-10-08
TMPV,EQ,283.45,284.35,273.0,273.0,283.0,7215586,20015.19,2026-10-08
TNIDETF,EQ,85.0,85.0,82.77,83.24,84.55,391527,327.68,2026-10-08
TNPETRO,EQ,127.6,127.7,118.0,118.98,125.78,853194,1031.74,2026-10-08
TNPL,EQ,143.3,144.87,137.1,137.95,143.35,169808,238.33,2026-10-08
TOKYOPLAST,EQ,72.49,72.49,69.1,69.89,70.87,265,0.19,2026-10-08
TOLINS,EQ,91.0,91.0,85.5,86.56,90.08,39432,34.43,2026-10-08
TOP100CASE,EQ,10.02,10.02,9.75,9.8,9.97,1069570,105.27,2026-10-08
TOP10ADD,EQ,83.7,83.7,82.3,82.5,83.76,261721,216.11,2026-10-08
TOP15IETF,EQ,9.26,9.26,9.08,9.09,9.24,128543,11.75,2026-10-08
TOP20,EQ,8.35,8.36,8.22,8.24,8.35,40472,3.35,2026-10-08
TORNTPHARM,EQ,4713.0,4738.0,4592.3,4617.1,4716.2,253761,11789.76,2026-10-08
TORNTPOWER,EQ,1231.4,1232.7,1195.0,1214.6,1236.5,386016,4673.81,2026-10-08
TOUCHWOOD,EQ,59.01,59.01,58.41,58.54,59.61,288,0.17,2026-10-08
TOYAMSL,EQ,0.73,0.74,0.71,0.73,0.71,727162,5.32,2026-10-08
TPLPLASTEH,EQ,69.0,71.0,67.5,67.69,68.6,139751,96.1,2026-10-08
TRACXN,EQ,33.2,34.64,32.61,33.06,33.89,245101,81.72,2026-10-08
TRANSCOR,EQ,25.38,25.38,23.75,23.98,25.38,2824,0.68,2026-10-08
TRANSRAILL,EQ,484.0,486.5,469.0,472.15,479.3,858748,4109.38,2026-10-08
TRAVELFOOD,EQ,1189.0,1192.0,1161.5,1186.2,1189.6,58790,691.38,2026-10-08
TREEHOUSE,EQ,5.67,5.88,5.65,5.65,5.78,17035,0.97,2026-10-08
TREJHARA,EQ,127.47,132.5,121.21,124.43,127.48,22269,27.7,2026-10-08
TREL,EQ,27.15,27.45,25.7,25.75,26.71,74657,19.44,2026-10-08
TRENT,EQ,2873.6,2936.0,2868.2,2876.3,2890.3,1348808,39189.49,2026-10-08
TRF,EQ,199.5,199.5,191.0,191.78,198.02,13862,27.05,2026-10-08
TRIDENT,EQ,22.16,22.32,21.8,21.83,22.31,3000810,660.02,2026-10-08
TRIGYN,EQ,51.1,52.8,51.0,51.59,51.63,19594,10.12,2026-10-08
TRITONV,EQ,1050.2,1067.0,1025.0,1029.9,1050.2,1621,16.83,2026-10-08
TRITURBINE,EQ,527.05,529.95,512.2,516.45,531.45,371191,1921.17,2026-10-08
TRIVENI,EQ,245.0,253.86,236.17,237.86,245.13,1140719,2757.14,2026-10-08
TRU,EQ,4.34,4.99,4.21,4.36,4.25,56618,2.45,2026-10-08
TRUALT,EQ,448.85,449.85,421.3,424.05,448.85,240421,1036.27,2026-10-08
TSFINV,EQ,409.6,409.6,396.3,397.55,409.6,86481,347.63,2026-10-08
TTKHLTCARE,EQ,1038.9,1041.7,1000.0,1007.0,1046.6,12569,128.12,2026-10-08
TTKPRESTIG,EQ,520.0,520.0,511.3,513.0,517.85,21480,110.37,2026-10-08
TTL,EQ,7.36,7.36,7.11,7.11,7.29,46785,3.35,2026-10-08
TTML,EQ,34.01,34.14,32.7,32.95,34.01,2087316,695.48,2026-10-08
TURTLEMINT,EQ,73.64,73.8,68.67,69.53,72.28,2028151,1420.15,2026-10-08
TUTIALKA,EQ,54.7,55.35,51.08,52.41,54.7,5395,2.83,2026-10-08
TVSELECT,EQ,400.0,400.0,385.0,386.7,397.0,36839,143.71,2026-10-08
TVSHLTD,EQ,11799.0,11799.0,11475.0,11529.0,11735.0,10643,1233.3,2026-10-08
TVSMOTOR,EQ,3921.4,3964.0,3839.4,3839.4,3926.0,1018799,39843.35,2026-10-08
TVSSCS,EQ,130.4,130.4,124.85,125.92,130.4,648346,822.08,2026-10-08
TVSSRICHAK,EQ,4366.7,4399.0,4195.7,4255.2,4354.1,5741,244.44,2026-10-08
TVTODAY,EQ,101.05,110.0,100.06,103.3,101.3,58342,61.08,2026-10-08
TWCGOLDETF,EQ,146.43,153.2,145.41,146.0,145.99,23866,34.84,2026-10-08
UBL,EQ,1188.6,1211.5,1160.0,1162.7,1185.7,93742,1105.7,2026-10-08
UCOBANK,EQ,23.4,23.49,22.9,22.96,23.4,3559272,826.95,2026-10-08
UDAYJEW,EQ,162.01,172.0,161.21,168.73,161.13,163207,276.06,2026-10-08
UDS,EQ,218.11,221.05,207.35,210.09,218.11,257354,554.74,2026-10-08
UEL,EQ,179.22,195.4,175.01,195.4,177.64,31963,61.46,2026-10-08
UFLEX,EQ,644.25,644.25,613.7,617.05,643.15,102526,639.32,2026-10-08
UFO,EQ,56.35,58.0,54.2,54.9,56.88,46462,25.97,2026-10-08
UGROCAP,EQ,81.29,81.29,79.0,79.72,81.28,114480,91.69,2026-10-08
UJJIVANSFB,EQ,64.93,64.93,61.65,62.3,64.94,24673897,15395.01,2026-10-08
ULTRACEMCO,EQ,10660.0,10670.0,10426.0,10426.0,10658.0,227189,23925.98,2026-10-08
ULTRAMAR,EQ,413.0,413.0,400.15,400.8,409.6,81846,329.15,2026-10-08
UMESLTD,EQ,4.68,4.68,4.43,4.57,4.51,17815,0.81,2026-10-08
UMIYA-MRO,EQ,93.8,94.5,91.0,92.71,92.22,5649,5.25,2026-10-08
UNICHEMLAB,EQ,548.0,568.95,526.1,530.9,546.2,164167,901.59,2026-10-08
UNIDT,EQ,231.5,231.5,220.64,226.24,227.34,19874,44.5,2026-10-08
UNIECOM,EQ,83.0,83.0,78.72,79.9,82.61,322152,258.27,2026-10-08
UNIENTER,EQ,86.72,88.0,86.35,86.39,86.72,952,0.83,2026-10-08
UNIINFO,EQ,12.34,12.34,10.64,11.16,11.45,4350,0.49,2026-10-08
UNIMECH,EQ,1854.0,1854.0,1721.7,1751.9,1854.5,293889,5178.59,2026-10-08
UNIONBANK,EQ,172.05,174.57,171.2,171.51,173.15,6780803,11705.54,2026-10-08
UNIONGOLD,EQ,143.5,144.2,142.85,143.35,143.5,9605,13.77,2026-10-08
UNIPARTS,EQ,806.6,822.0,771.0,776.6,812.3,153849,1211.27,2026-10-08
UNITDSPR,EQ,1344.9,1350.0,1308.1,1318.2,1344.0,882097,11685.04,2026-10-08
UNITECH,EQ,4.16,4.16,3.99,4.01,4.1,3426526,139.48,2026-10-08
UNITEDPOLY,EQ,47.14,49.13,46.6,47.56,48.1,215130,102.25,2026-10-08
UNITEDTEA,EQ,424.0,424.0,403.0,403.0,408.85,2956,12.04,2026-10-08
UNIVCABLES,EQ,1626.7,1626.7,1546.6,1549.9,1633.1,103063,1610.94,2026-10-08
UNOMINDA,EQ,1100.0,1105.8,1085.0,1085.0,1104.8,479061,5243.91,2026-10-08
UPHOT,EQ,1530.0,1597.0,1465.1,1597.0,1530.0,44,0.67,2026-10-08
UPL,EQ,497.75,497.75,476.45,481.05,495.0,2055106,9945.23,2026-10-08
URBANCO,EQ,167.8,167.98,159.82,160.25,168.23,3360124,5466.11,2026-10-08
URJA,EQ,8.46,8.5,8.3,8.36,8.51,590341,49.52,2026-10-08
USHAMART,EQ,519.0,519.0,499.8,503.95,520.25,510088,2588.04,2026-10-08
USK,EQ,18.77,20.0,18.5,18.72,18.4,22205,4.27,2026-10-08
UTIAMC,EQ,896.9,897.0,875.45,877.2,892.3,71495,632.57,2026-10-08
UTKARSHBNK,EQ,13.98,13.98,13.5,13.64,13.98,5461414,743.7,2026-10-08
UTLSOLAR,EQ,434.8,434.8,407.0,409.2,431.75,281419,1170.41,2026-10-08
UTTAMSUGAR,EQ,310.0,316.55,287.25,291.55,308.3,340072,1025.65,2026-10-08
V2RETAIL,EQ,162.0,163.91,153.5,154.87,163.95,4585965,7204.19,2026-10-08
VADILALIND,EQ,7287.0,7287.0,7041.0,7167.5,7247.0,6377,455.46,2026-10-08
VADILENT,EQ,9875.0,9875.0,9822.0,9822.0,9910.0,4,0.39,2026-10-08
VAIBHAVGBL,EQ,200.75,209.98,197.33,199.55,200.75,1132315,2299.42,2026-10-08
VAISHALI,EQ,8.48,8.48,7.9,7.99,8.1,112532,9.14,2026-10-08
VAKRANGEE,EQ,5.19,5.2,4.91,5.04,5.19,1445866,73.35,2026-10-08
VAL30IETF,EQ,14.29,14.29,13.98,13.99,14.29,363412,51.08,2026-10-08
VALIANTORG,EQ,483.0,483.05,445.5,450.6,479.85,128189,585.76,2026-10-08
VALUE,EQ,15.05,15.21,14.81,14.82,15.14,39577,5.9,2026-10-08
VALUEAXIS,EQ,31.55,31.55,30.0,30.37,30.93,104875,31.92,2026-10-08
VAML,EQ,394.0,394.8,372.0,374.45,394.0,6597010,25055.28,2026-10-08
VARDHACRLC,EQ,43.7,43.7,42.5,42.7,43.72,10409,4.46,2026-10-08
VARDMNPOLY,EQ,5.4,5.5,5.13,5.25,5.4,192967,10.32,2026-10-08
VARMORA,EQ,137.97,139.14,131.51,134.16,136.31,979661,1313.25,2026-10-08
VARROC,EQ,824.75,824.75,797.0,802.9,823.75,201786,1627.35,2026-10-08
VASCONEQ,EQ,32.09,32.24,30.0,30.34,32.33,731367,225.05,2026-10-08
VASUPRADA,EQ,98.99,98.99,98.97,98.97,95.0,239,0.24,2026-10-08
VASWANI,EQ,44.29,45.1,43.26,43.37,43.8,9732,4.29,2026-10-08
VBL,EQ,442.0,442.0,428.95,432.0,440.75,4361263,18899.84,2026-10-08
VEDAVAAG,EQ,23.0,23.79,22.13,22.22,22.84,86178,19.92,2026-10-08
VEDL,EQ,262.0,262.35,253.1,253.1,261.4,13299826,34091.11,2026-10-08
VEDPOWER,EQ,32.79,32.79,31.23,31.89,32.42,9960019,3175.03,2026-10-08
VEEDOL,EQ,1383.0,1384.4,1352.0,1357.8,1383.0,9366,128.34,2026-10-08
VEEGALAND,EQ,143.5,143.5,134.21,136.9,143.63,781582,1070.35,2026-10-08
VENKEYS,EQ,1655.6,1660.0,1602.5,1608.2,1655.6,21560,349.91,2026-10-08
VENTIVE,EQ,587.0,587.0,560.05,563.55,582.4,11108,62.95,2026-10-08
VENUSPIPES,EQ,2271.7,2347.0,2081.5,2119.8,2238.5,525166,11732.63,2026-10-08
VERTOZ,EQ,33.33,34.0,30.12,32.43,33.06,127557,39.82,2026-10-08
VESUVIUS,EQ,408.4,410.45,402.75,406.65,409.7,108080,438.78,2026-10-08
VETO,EQ,138.49,140.24,134.0,135.63,138.49,57281,78.42,2026-10-08
VGCL,EQ,54.9,54.97,48.03,48.08,49.98,29574,14.91,2026-10-08
VGL,EQ,63.0,64.89,62.01,62.41,62.92,72892,45.69,2026-10-08
VGUARD,EQ,301.95,302.15,291.0,291.85,302.15,274637,812.55,2026-10-08
VHL,EQ,3543.2,3625.0,3464.0,3578.8,3598.8,2435,86.98,2026-10-08
VIDHIING,EQ,348.7,353.0,328.5,331.0,348.2,29672,98.84,2026-10-08
VIDYAWIRES,EQ,103.5,104.8,97.5,98.03,100.62,4901890,4946.19,2026-10-08
VIJAYA,EQ,1464.5,1472.7,1416.5,1431.1,1462.4,87062,1257.74,2026-10-08
VIJSOLX,EQ,617.05,677.0,600.0,661.0,615.85,841,5.3,2026-10-08
VIKASECO,EQ,1.02,1.03,1.01,1.01,1.02,1113238,11.3,2026-10-08
VIKASLIFE,EQ,1.19,1.2,1.18,1.18,1.19,1810479,21.55,2026-10-08
VIKRAMSOLR,EQ,148.9,148.9,143.0,143.31,148.94,2341088,3391.98,2026-10-08
VIKRAN,EQ,57.8,57.99,55.51,56.76,57.85,619447,353.18,2026-10-08
VIMTALABS,EQ,567.0,567.0,550.8,553.0,567.2,113339,631.72,2026-10-08
VINATIORGA,EQ,1143.0,1149.9,1117.3,1120.8,1142.3,47711,540.6,2026-10-08
VINCOFE,EQ,185.0,185.0,174.36,175.79,184.19,1055945,1876.77,2026-10-08
VINDHYATEL,EQ,2787.0,2845.9,2773.0,2776.7,2810.1,72244,2018.83,2026-10-08
VINEETLAB,EQ,37.2,38.0,36.01,36.5,36.65,66511,24.29,2026-10-08
VINNY,EQ,0.9,0.91,0.89,0.89,0.89,188304,1.69,2026-10-08
VINYLINDIA,EQ,216.6,216.6,207.62,209.8,215.53,6717,14.15,2026-10-08
VIPCLOTHNG,EQ,20.02,20.6,19.56,19.97,20.02,36517,7.34,2026-10-08
VIPIND,EQ,281.9,282.4,273.8,275.2,281.1,177297,492.42,2026-10-08
VIRAT,EQ,420.65,420.65,385.0,406.25,382.45,33561,139.69,2026-10-08
VIRINCHI,EQ,12.91,13.15,12.73,12.76,12.97,46640,5.99,2026-10-08
VISACHROME,EQ,36.2,36.2,32.0,33.31,35.22,42270,14.32,2026-10-08
VISHAL,EQ,17.13,17.5,16.02,16.48,17.13,67233,11.27,2026-10-08
VISHNU,EQ,686.5,687.8,660.1,665.65,683.4,63015,420.31,2026-10-08
VISHWARAJ,EQ,5.45,5.69,5.3,5.35,5.51,228071,12.41,2026-10-08
VISL,EQ,29.56,29.6,28.32,28.46,29.44,17950507,5157.44,2026-10-08
VITAL,EQ,52.9,52.9,52.5,52.5,52.87,49,0.03,2026-10-08
VIVIANA,EQ,825.0,893.95,823.0,844.35,817.85,152795,1321.81,2026-10-08
VIVIDHA,EQ,0.5,0.52,0.5,0.5,0.5,216615,1.1,2026-10-08
VIVOBIOT,EQ,15.1,15.79,14.0,14.51,15.1,74240,10.85,2026-10-08
VIYASH,EQ,241.9,250.9,235.01,235.86,240.77,3818274,9261.3,2026-10-08
VLEGOV,EQ,9.49,9.7,9.25,9.44,9.37,66306,6.23,2026-10-08
VLSFINANCE,EQ,228.6,234.5,227.1,228.67,229.97,2802,6.45,2026-10-08
VMART,EQ,805.0,825.0,786.05,811.15,806.2,85252,685.58,2026-10-08
VMM,EQ,100.1,100.15,96.8,97.0,100.5,17757126,17363.23,2026-10-08
VMSTMT,EQ,45.81,47.05,44.36,44.66,45.76,36929,16.82,2026-10-08
VOEPL,EQ,526.9,540.0,505.2,532.6,526.9,178943,949.01,2026-10-08
VOGL,EQ,31.1,31.21,29.56,29.87,31.11,27930239,8417.76,2026-10-08
VOITHPAPR,EQ,1437.9,1437.9,1395.0,1398.7,1410.8,320,4.49,2026-10-08
VOLTAMP,EQ,10620.0,10653.0,10304.0,10399.0,10512.0,21128,2200.07,2026-10-08
VOLTAS,EQ,1053.0,1058.2,1024.1,1032.0,1056.8,491244,5095.79,2026-10-08
VPRPL,EQ,28.95,28.95,26.83,27.4,28.32,385217,105.79,2026-10-08
VRAJ,EQ,121.58,122.39,118.0,119.85,121.86,8515,10.19,2026-10-08
VRLLOG,EQ,284.7,289.5,283.2,284.1,285.1,148377,423.64,2026-10-08
VSSL,EQ,398.0,398.0,375.1,376.15,393.75,64435,245.47,2026-10-08
VSTIND,EQ,201.34,203.1,200.0,200.86,201.33,108251,217.88,2026-10-08
VSTL,EQ,106.84,107.9,103.6,104.78,106.84,11836,12.46,2026-10-08
VSTTILLERS,EQ,4375.6,4375.7,4180.0,4211.5,4375.6,7052,298.5,2026-10-08
VTL,EQ,535.05,540.3,525.5,527.35,536.4,133897,711.0,2026-10-08
VTMLTD,EQ,33.69,34.4,30.3,31.58,34.11,204882,65.99,2026-10-08
WAAREEENER,EQ,2401.0,2404.5,2312.0,2317.0,2401.0,611473,14282.32,2026-10-08
WAAREEINDO,EQ,209.9,209.9,196.8,197.0,207.15,211454,424.34,2026-10-08
WAAREERTL,EQ,815.0,817.95,790.55,795.95,812.45,133592,1067.93,2026-10-08
WABAG,EQ,2012.4,2019.9,1925.1,1934.1,1998.3,459305,8988.73,2026-10-08
WAKEFIT,EQ,134.01,134.24,126.36,130.51,134.42,1006613,1302.47,2026-10-08
WALCHANNAG,EQ,226.8,227.8,205.0,208.01,223.99,1058874,2275.24,2026-10-08
WANBURY,EQ,198.7,201.44,193.0,194.2,198.7,362463,714.74,2026-10-08
WATERBASE,EQ,45.8,45.8,43.21,44.12,45.07,9752,4.33,2026-10-08
WCIL,EQ,92.1,93.74,91.32,93.3,92.54,204979,189.64,2026-10-08
WEALTH,EQ,848.0,848.0,829.0,836.7,833.45,1105,9.25,2026-10-08
WEBELSOLAR,EQ,69.4,69.4,65.8,66.4,69.13,2046719,1372.38,2026-10-08
WEIZMANIND,EQ,73.55,73.8,71.05,71.07,73.52,421,0.3,2026-10-08
WEL,EQ,74.96,77.15,74.51,75.25,74.96,516439,392.25,2026-10-08
WELCORP,EQ,2699.4,2709.4,2593.0,2651.3,2704.6,1394511,36782.34,2026-10-08
WELENT,EQ,742.25,748.0,713.5,732.35,740.75,436424,3170.46,2026-10-08
WELSPLSOL,EQ,51.6,51.6,48.61,48.92,51.31,726399,361.44,2026-10-08
WELSPUNLIV,EQ,236.21,236.94,223.15,225.07,235.86,2311267,5271.4,2026-10-08
WENDT,EQ,7991.0,7995.5,7671.0,7712.0,7991.0,10076,783.89,2026-10-08
WESTLIFE,EQ,586.4,592.6,570.35,577.2,586.4,93935,546.28,2026-10-08
WEWIN,EQ,54.0,58.0,50.66,51.36,52.85,8402,4.57,2026-10-08
WEWORK,EQ,665.0,678.8,653.2,664.1,673.15,188645,1245.63,2026-10-08
WHBRADY,EQ,477.15,478.75,470.0,471.75,467.8,17,0.08,2026-10-08
WHEELS,EQ,2318.1,2345.9,2162.1,2208.2,2283.9,246531,5523.54,2026-10-08
WHIRLPOOL,EQ,842.0,847.3,806.2,823.15,845.5,426408,3513.33,2026-10-08
WILLAMAGOR,EQ,21.74,22.07,19.6,19.91,21.63,10148,2.04,2026-10-08
WINDLAS,EQ,1018.4,1024.5,979.6,991.6,1022.0,122795,1218.26,2026-10-08
WINDMACHIN,EQ,303.0,303.0,286.1,288.1,303.05,60638,177.84,2026-10-08
WIPL,EQ,166.4,166.4,160.61,160.69,163.27,32,0.05,2026-10-08
WIPRO,EQ,159.55,162.21,158.38,158.38,159.6,19938747,31990.45,2026-10-08
WOCKPHARMA,EQ,2150.4,2159.8,2019.0,2029.6,2150.4,769434,15881.37,2026-10-08
WONDERLA,EQ,524.7,526.95,508.1,509.45,519.6,91227,471.7,2026-10-08
WORTHPERI,EQ,140.02,141.99,134.2,137.18,143.26,17832,24.78,2026-10-08
WPIL,EQ,435.55,435.55,418.2,421.0,435.5,35923,153.09,2026-10-08
WSI,EQ,51.0,53.71,51.0,52.89,52.1,34724,18.33,2026-10-08
WSTCSTPAPR,EQ,734.95,734.95,708.6,713.1,732.3,118388,849.16,2026-10-08
XCHANGING,EQ,61.04,61.55,58.85,58.96,61.04,59015,35.21,2026-10-08
XELPMOC,EQ,91.32,94.2,87.51,90.39,91.32,12486,11.34,2026-10-08
XPROINDIA,EQ,1131.2,1131.2,1076.8,1088.1,1130.0,38489,423.38,2026-10-08
XTGLOBAL,EQ,27.27,27.55,26.75,26.85,27.2,23916,6.5,2026-10-08
XTRANET,EQ,307.7,307.7,287.55,287.6,302.65,428654,1254.8,2026-10-08
YASHO,EQ,4350.0,4350.0,4094.7,4114.7,4337.6,25520,1063.48,2026-10-08
YATHARTH,EQ,1030.1,1034.4,1004.0,1014.2,1032.7,210051,2138.41,2026-10-08
YATRA,EQ,101.37,101.99,94.55,96.1,101.59,930142,911.27,2026-10-08
YESBANK,EQ,20.76,20.79,20.35,20.45,20.79,62706430,12869.29,2026-10-08
YOGI,EQ,162.0,162.0,156.0,156.35,161.86,549,0.86,2026-10-08
YUKEN,EQ,1218.5,1222.8,1122.9,1135.3,1216.5,35706,415.89,2026-10-08
ZAGGLE,EQ,172.0,172.88,165.92,166.43,172.22,856733,1442.82,2026-10-08
ZEEL,EQ,70.7,71.93,68.1,68.37,70.12,15515933,10859.92,2026-10-08
ZEELEARN,EQ,6.2,6.38,5.83,6.2,6.29,368411,22.44,2026-10-08
ZEEMEDIA,EQ,7.33,7.38,7.03,7.05,7.21,2171245,156.58,2026-10-08
ZENITHEXPO,EQ,188.0,188.0,177.5,180.05,186.63,62,0.12,2026-10-08
ZENITHSTL,EQ,5.32,5.32,5.1,5.11,5.28,29243,1.52,2026-10-08
ZENSARTECH,EQ,444.5,456.8,439.9,441.8,439.3,2373992,10673.95,2026-10-08
ZENTEC,EQ,1581.0,1619.0,1479.2,1514.2,1580.2,587778,8886.1,2026-10-08
ZFCVINDIA,EQ,2172.0,2172.0,2081.0,2116.2,2172.2,87649,1867.3,2026-10-08
ZFSTEERING,EQ,690.0,701.6,674.0,683.1,691.7,2385,16.25,2026-10-08
ZIMLAB,EQ,149.69,149.69,140.1,140.53,146.61,105008,150.2,2026-10-08
ZODIAC,EQ,223.0,223.0,205.0,207.2,214.34,12285,25.88,2026-10-08
ZODIACLOTH,EQ,67.71,67.71,65.81,66.19,67.71,8042,5.32,2026-10-08
ZOTA,EQ,1336.0,1356.1,1303.7,1322.4,1342.1,71414,949.13,2026-10-08
ZSARACOM,EQ,10282.0,10282.0,9850.0,9901.0,10282.0,24,2.39,2026-10-08
ZUARI,EQ,216.1,216.11,206.05,208.18,216.19,92293,193.59,2026-10-08
ZUARIIND,EQ,283.55,283.55,267.1,268.7,281.45,60511,164.75,2026-10-08
ZYDUSLIFE,EQ,1165.0,1166.9,1109.1,1112.0,1153.0,1746342,19615.19,2026-10-08
ZYDUSWELL,EQ,503.65,507.55,492.5,495.8,507.55,91265,454.53,2026-10-08
