SYMBOL,SERIES,OPEN_PRICE,HIGH_PRICE,LOW_PRICE,CLOSE_PRICE,PREV_CLOSE,TTL_TRD_QNTY,TURNOVER_LACS,DATE
20MICRONS,EQ,219.48,220.9,210.73,211.87,218.06,115259,246.91,2026-09-10
21STCENMGM,EQ,39.19,39.55,38.21,38.97,38.8,2643,1.03,2026-09-10
360ONE,EQ,1087.0,1104.4,1076.6,1094.9,1087.4,839166,9194.19,2026-09-10
3BBLACKBIO,EQ,1494.6,1494.6,1431.0,1443.3,1476.1,13603,198.73,2026-09-10
3MINDIA,EQ,32750.0,33330.0,32490.0,32800.0,33025.0,1403,461.66,2026-09-10
3PLAND,EQ,32.5,32.5,31.56,32.0,32.25,1053,0.34,2026-09-10
5PAISA,EQ,333.75,338.95,328.3,332.5,334.3,28304,94.17,2026-09-10
63MOONS,EQ,873.5,912.0,871.0,886.35,865.05,841520,7555.53,2026-09-10
A2ZINFRA,EQ,15.5,15.5,14.85,14.92,15.25,263345,39.66,2026-09-10
AAATECH,EQ,92.97,94.5,91.02,92.77,91.86,10673,9.86,2026-09-10
AADHARHFC,EQ,471.9,474.85,460.25,462.7,471.9,418935,1946.63,2026-09-10
AAKASH,EQ,8.5,9.98,8.31,9.14,8.49,795578,73.28,2026-09-10
AAREYDRUGS,EQ,101.29,101.29,94.99,95.71,99.98,98928,96.11,2026-09-10
AARON,EQ,136.0,142.0,132.1,136.95,134.5,14071,19.46,2026-09-10
AARTIDRUGS,EQ,426.25,439.4,422.35,437.0,423.45,254738,1109.37,2026-09-10
AARTIIND,EQ,496.2,511.95,495.45,504.05,496.2,589520,2973.56,2026-09-10
AARTIPHARM,EQ,836.0,839.0,814.0,825.75,829.65,285444,2349.57,2026-09-10
AARVI,EQ,142.45,143.7,142.0,143.11,142.04,4118,5.88,2026-09-10
AASTHA,EQ,81.41,81.41,78.8,79.29,81.46,263315,209.98,2026-09-10
AAVAS,EQ,1287.0,1302.9,1277.2,1286.1,1290.3,69794,900.64,2026-09-10
ABANSENT,EQ,27.99,29.0,27.51,27.78,27.99,12639,3.55,2026-09-10
ABB,EQ,7400.0,7418.5,7287.0,7329.0,7401.5,93304,6849.02,2026-09-10
ABBOTINDIA,EQ,25245.0,25395.0,25205.0,25260.0,25225.0,7222,1825.92,2026-09-10
ABCAPITAL,EQ,398.0,402.05,395.85,400.0,400.0,1395209,5562.39,2026-09-10
ABCOTS,EQ,205.0,206.64,200.1,205.55,205.71,5619,11.44,2026-09-10
ABDL,EQ,603.0,613.7,598.4,611.45,604.15,300853,1829.8,2026-09-10
ABFRL,EQ,51.35,51.82,50.75,50.89,51.33,2526835,1295.51,2026-09-10
ABGSEC,EQ,113.96,114.4,113.96,113.96,114.17,15,0.02,2026-09-10
ABLBL,EQ,84.2,85.05,83.51,84.0,84.26,410335,345.42,2026-09-10
ABMKNO,EQ,181.01,182.0,181.01,181.35,180.73,220,0.4,2026-09-10
ABREL,EQ,1345.9,1346.0,1323.1,1337.4,1337.9,47082,627.72,2026-09-10
ABSL10BANK,EQ,165.34,165.46,165.0,165.0,165.01,1768,2.92,2026-09-10
ABSLAMC,EQ,1063.0,1098.9,1042.3,1088.5,1066.5,371848,4011.31,2026-09-10
ABSLBANETF,EQ,58.13,58.13,57.7,57.76,58.0,224185,129.78,2026-09-10
ABSLLIQUID,EQ,999.99,1000.01,999.99,1000.0,999.99,3130,31.3,2026-09-10
ABSLMSCIN,EQ,29.12,29.12,28.9,28.93,29.19,154,0.04,2026-09-10
ABSLNN50ET,EQ,76.8,77.51,76.31,76.61,76.8,7701,5.9,2026-09-10
ABSLPSE,EQ,10.39,10.39,10.1,10.14,10.19,29732,3.03,2026-09-10
ACC,EQ,1259.2,1260.3,1250.1,1254.3,1257.7,110068,1381.49,2026-09-10
ACCELYA,EQ,1114.4,1128.8,1110.0,1118.1,1119.9,5259,58.81,2026-09-10
ACE,EQ,1132.0,1137.5,1112.4,1121.2,1127.0,182048,2048.36,2026-09-10
ACEINTEG,EQ,18.39,18.39,17.56,17.89,17.54,2437,0.43,2026-09-10
ACGL,EQ,1766.5,1795.1,1750.0,1754.6,1795.1,764,13.43,2026-09-10
ACI,EQ,484.1,485.2,478.15,480.55,481.25,159627,768.51,2026-09-10
ACL,EQ,43.15,43.8,42.3,42.68,43.21,8422,3.61,2026-09-10
ACMESOLAR,EQ,396.3,401.95,392.75,397.25,401.6,743888,2950.99,2026-09-10
ACUTAAS,EQ,3241.8,3464.0,3220.0,3451.4,3241.8,1000453,34165.8,2026-09-10
ADANIENSOL,EQ,1439.4,1439.4,1382.1,1391.9,1423.3,1412618,19807.62,2026-09-10
ADANIENT,EQ,3114.5,3114.5,3041.1,3077.2,3104.7,1716315,52794.47,2026-09-10
ADANIGREEN,EQ,1322.0,1322.0,1292.0,1299.1,1315.0,1163355,15180.23,2026-09-10
ADANIPORTS,EQ,1779.9,1780.0,1750.4,1768.0,1775.0,2777377,49058.6,2026-09-10
ADANIPOWER,EQ,214.5,215.28,212.5,213.5,214.9,18719604,40070.56,2026-09-10
ADDIND,EQ,79.0,82.0,72.0,74.83,79.0,3924,2.89,2026-09-10
ADFFOODS,EQ,278.0,278.0,270.55,274.05,278.2,72441,198.43,2026-09-10
ADL,EQ,73.6,73.6,71.16,71.27,71.84,610,0.44,2026-09-10
ADOR,EQ,1635.4,1641.2,1610.0,1623.4,1628.2,20760,336.93,2026-09-10
ADROITINFO,EQ,11.35,11.35,10.68,10.87,10.98,59921,6.64,2026-09-10
ADSL,EQ,99.52,101.49,97.5,98.54,99.68,91385,90.98,2026-09-10
ADVAIT,EQ,2082.7,2105.9,2036.0,2057.6,2091.7,39928,826.12,2026-09-10
ADVANCE,EQ,114.5,123.38,113.85,119.03,113.85,447365,534.44,2026-09-10
ADVANIHOTR,EQ,48.15,49.48,48.0,48.43,48.74,24668,11.95,2026-09-10
ADVENTHTL,EQ,130.9,133.0,129.05,132.39,130.32,70220,92.21,2026-09-10
ADVENZYMES,EQ,299.35,311.0,298.8,303.35,299.5,461639,1406.77,2026-09-10
ADVIKCA,EQ,1.08,1.09,1.04,1.04,1.07,299553,3.17,2026-09-10
AEGISLOG,EQ,1351.2,1385.0,1301.0,1307.6,1343.4,1152343,15377.65,2026-09-10
AEGISVOPAK,EQ,299.15,300.7,289.25,291.85,297.65,693995,2048.7,2026-09-10
AEPL,EQ,17.5,18.25,17.1,17.56,16.99,36236,6.41,2026-09-10
AEQUS,EQ,230.46,235.2,228.52,229.96,230.55,1702460,3944.51,2026-09-10
AEROENTER,EQ,143.32,147.04,132.41,135.01,142.95,1779021,2436.11,2026-09-10
AEROFLEX,EQ,560.0,568.1,548.1,564.2,561.15,940236,5260.34,2026-09-10
AERONEU,EQ,75.0,75.0,69.9,70.03,70.41,99364,70.84,2026-09-10
AEROPLANE,EQ,201.8,209.44,200.1,206.9,199.47,1976088,4105.59,2026-09-10
AETHER,EQ,1620.8,1662.5,1586.4,1640.3,1610.9,349496,5689.98,2026-09-10
AFCONS,EQ,273.0,275.45,259.6,260.85,274.15,3868242,10250.61,2026-09-10
AFFLE,EQ,1581.4,1617.0,1579.8,1594.0,1587.3,141274,2259.05,2026-09-10
AFFORDABLE,EQ,161.94,165.19,160.5,162.34,161.71,29015,47.36,2026-09-10
AFIL,EQ,9.1,9.19,8.67,8.94,9.01,519018,46.57,2026-09-10
AFSL,EQ,201.51,203.12,201.0,201.27,201.21,4088,8.23,2026-09-10
AGARIND,EQ,446.55,447.1,430.6,433.85,447.25,37587,165.13,2026-09-10
AGARWALEYE,EQ,513.7,516.8,500.2,508.35,513.7,154967,789.61,2026-09-10
AGI,EQ,800.0,801.6,761.0,778.05,796.15,203446,1583.68,2026-09-10
AGIIL,EQ,289.0,292.8,275.55,276.7,283.2,1376698,3908.1,2026-09-10
AGL,EQ,15.85,16.1,15.05,15.51,15.55,3759448,584.76,2026-09-10
AGRITECH,EQ,100.9,100.9,96.65,99.08,98.25,3421,3.39,2026-09-10
AGROPHOS,EQ,21.99,23.84,21.5,23.37,21.72,84181,18.96,2026-09-10
AHCL,EQ,16.41,18.0,16.05,17.54,16.28,31629564,5450.43,2026-09-10
AHLADA,EQ,35.41,36.32,35.21,35.29,35.48,8683,3.08,2026-09-10
AHLEAST,EQ,137.06,137.99,135.22,135.85,137.08,548,0.75,2026-09-10
AHLUCONT,EQ,599.0,599.95,590.1,592.3,596.15,34728,206.33,2026-09-10
AIAENG,EQ,4183.9,4184.2,4102.1,4116.3,4172.1,27226,1124.77,2026-09-10
AIIL,EQ,514.7,517.3,511.0,512.3,513.95,68818,353.68,2026-09-10
AIRAN,EQ,17.94,18.05,16.88,17.04,17.66,200063,35.07,2026-09-10
AIROLAM,EQ,87.0,88.5,84.11,85.37,87.97,2260,1.94,2026-09-10
AJANTPHARM,EQ,3515.0,3550.0,3480.0,3520.0,3534.4,20445,717.54,2026-09-10
AJAXENGG,EQ,580.05,595.0,575.3,589.5,578.05,58801,345.08,2026-09-10
AJMERA,EQ,116.51,120.95,116.25,118.74,117.12,614428,729.13,2026-09-10
AJOONI,EQ,3.5,3.57,3.44,3.5,3.5,279132,9.74,2026-09-10
AKASH,EQ,25.4,25.4,24.75,24.88,25.45,2847,0.71,2026-09-10
AKCAPIT,EQ,1727.7,1736.0,1676.0,1702.5,1691.6,1610,27.67,2026-09-10
AKG,EQ,10.7,10.75,10.05,10.73,10.52,59083,6.28,2026-09-10
AKSHAR,EQ,0.42,0.43,0.41,0.42,0.41,917541,3.88,2026-09-10
AKUMS,EQ,741.1,755.1,740.35,749.65,741.1,289465,2172.44,2026-09-10
ALANKIT,EQ,8.18,8.22,7.9,8.01,8.02,82978,6.69,2026-09-10
ALBERTDAVD,EQ,855.15,861.0,838.6,850.0,850.55,1634,13.94,2026-09-10
ALEMBICLTD,EQ,106.1,109.9,105.55,106.5,106.95,819704,881.88,2026-09-10
ALGOQUANT,EQ,63.79,66.95,63.5,63.94,63.79,1336644,866.61,2026-09-10
ALICON,EQ,745.0,763.9,735.0,740.6,737.65,53814,401.66,2026-09-10
ALIVUS,EQ,1407.2,1414.3,1381.5,1390.2,1400.1,72284,1005.85,2026-09-10
ALKALI,EQ,83.75,84.0,78.11,79.19,85.21,36492,29.43,2026-09-10
ALKEM,EQ,5166.0,5185.0,5104.5,5138.0,5139.0,41390,2123.68,2026-09-10
ALKYLAMINE,EQ,1946.0,1963.8,1910.0,1920.3,1944.4,56790,1095.93,2026-09-10
ALLCARGO,EQ,12.8,12.84,12.08,12.26,12.75,11337840,1416.08,2026-09-10
ALLDIGI,EQ,806.8,810.7,800.0,802.7,802.7,3897,31.33,2026-09-10
ALLTIME,EQ,214.93,214.93,209.06,210.16,213.54,29906,63.33,2026-09-10
ALMONDZ,EQ,19.42,19.85,19.32,19.54,19.0,292639,57.42,2026-09-10
ALOKINDS,EQ,7.58,7.66,7.35,7.4,7.41,21813064,1623.78,2026-09-10
ALPA,EQ,63.24,64.02,62.19,62.62,63.24,8797,5.52,2026-09-10
ALPHA,EQ,54.22,54.49,54.05,54.27,54.22,538298,292.26,2026-09-10
ALPHAETF,EQ,27.14,27.14,26.56,26.57,26.84,227031,60.53,2026-09-10
ALPINETEX,EQ,59.63,60.0,57.22,58.22,59.63,125778,73.68,2026-09-10
ALPL30IETF,EQ,27.47,27.49,27.2,27.37,27.51,222030,60.79,2026-09-10
ALUFLUOR,EQ,503.05,505.0,495.1,497.15,500.1,2392,11.97,2026-09-10
AMAGI,EQ,580.05,581.35,568.0,572.05,583.75,165269,947.18,2026-09-10
AMAL,EQ,742.0,765.0,742.0,760.6,740.8,6250,47.35,2026-09-10
AMARJOTHI,EQ,158.0,162.0,150.0,152.36,160.05,7568,11.66,2026-09-10
AMBER,EQ,7202.5,7309.0,7183.0,7280.0,7210.0,96213,6975.87,2026-09-10
AMBICAAGAR,EQ,25.25,26.36,25.02,25.49,25.05,35462,9.05,2026-09-10
AMBIKCO,EQ,1617.2,1628.0,1603.1,1606.9,1617.2,7441,120.07,2026-09-10
AMBUJACEM,EQ,395.5,397.55,394.05,395.6,397.0,1427859,5651.62,2026-09-10
AMDIND,EQ,57.4,58.09,56.0,56.04,56.57,15155,8.6,2026-09-10
AMJLAND,EQ,38.5,39.37,38.05,38.32,38.98,10983,4.23,2026-09-10
AMNPLST,EQ,172.8,173.6,167.0,167.92,167.99,3607,6.09,2026-09-10
AMRUTANJAN,EQ,504.0,508.5,492.2,493.25,504.0,53900,267.86,2026-09-10
ANANDRATHI,EQ,2189.7,2210.9,2155.0,2202.5,2180.6,473429,10303.27,2026-09-10
ANANTRAJ,EQ,610.05,615.95,605.3,608.85,613.6,1181722,7194.47,2026-09-10
ANDHRAPAP,EQ,67.9,73.52,67.55,72.58,68.08,4500334,3221.57,2026-09-10
ANDHRSUGAR,EQ,97.75,98.5,96.11,96.5,97.75,221478,215.16,2026-09-10
ANDREWYU,EQ,26.73,27.19,26.55,26.77,26.73,35796,9.61,2026-09-10
ANGELONE,EQ,297.0,301.35,296.15,297.3,299.05,2559910,7654.07,2026-09-10
ANIKINDS,EQ,44.21,44.9,44.09,44.39,44.72,2353,1.05,2026-09-10
ANMOL,EQ,13.7,15.55,12.56,15.34,13.63,1844371,269.8,2026-09-10
ANNAPURNA,EQ,137.68,139.75,134.05,135.03,137.68,39912,54.58,2026-09-10
ANSALBU,EQ,77.0,86.0,76.21,80.9,77.15,2021,1.64,2026-09-10
ANTELOPUS,EQ,1160.3,1169.9,1090.5,1124.1,1169.4,2976174,34005.46,2026-09-10
ANTGRAPHIC,EQ,0.71,0.75,0.7,0.72,0.72,400862,2.93,2026-09-10
ANTHEM,EQ,945.95,959.2,934.0,942.3,942.95,844850,8028.37,2026-09-10
ANUHPHR,EQ,97.9,98.88,90.2,91.21,96.74,400127,372.13,2026-09-10
ANUP,EQ,1744.0,1760.9,1703.0,1719.4,1744.5,16776,291.07,2026-09-10
ANURAS,EQ,1234.0,1235.5,1229.3,1231.1,1229.6,33522,413.01,2026-09-10
AONEGOLD,EQ,14.2,14.33,14.2,14.24,14.2,318543,45.46,2026-09-10
AONELIQUID,EQ,1076.21,1076.21,1076.19,1076.19,1076.06,10942,117.76,2026-09-10
AONENIFTY,EQ,9.86,9.86,9.67,9.68,9.72,231174,22.4,2026-09-10
AONESILVER,EQ,8.96,9.04,8.9,8.91,8.88,352020,31.61,2026-09-10
AONETMMQ50,EQ,10.45,10.45,10.33,10.37,10.4,37382,3.87,2026-09-10
AONETOTAL,EQ,11.52,11.87,11.52,11.72,11.76,130733,15.35,2026-09-10
APARINDS,EQ,17453.0,17595.0,17040.0,17342.0,17448.0,114403,19814.96,2026-09-10
APCL,EQ,101.4,101.4,97.25,98.61,100.41,4073,4.04,2026-09-10
APCOTEXIND,EQ,618.9,618.9,601.2,603.8,615.45,81232,491.62,2026-09-10
APEX,EQ,378.6,378.6,373.45,374.7,380.55,50528,189.88,2026-09-10
APLAPOLLO,EQ,2180.0,2194.8,2158.4,2194.8,2168.0,292273,6360.99,2026-09-10
APLLTD,EQ,818.55,836.5,813.8,816.4,817.4,119529,987.24,2026-09-10
APOLLO,EQ,422.0,423.3,408.1,413.2,422.45,7449993,30795.68,2026-09-10
APOLLOHOSP,EQ,9000.0,9024.0,8875.0,8900.0,8967.0,329159,29409.68,2026-09-10
APOLLOPIPE,EQ,577.0,589.5,566.65,569.35,577.6,130281,753.46,2026-09-10
APOLLOTYRE,EQ,423.6,423.65,416.4,419.55,422.25,284234,1191.23,2026-09-10
APOLSINHOT,EQ,1226.8,1232.6,1211.6,1228.9,1220.5,610,7.46,2026-09-10
APOORVA,EQ,25.3,26.56,24.04,26.56,25.3,958,0.25,2026-09-10
APTUS,EQ,257.0,257.55,250.1,252.2,258.28,1627426,4112.38,2026-09-10
AQYLON,EQ,22.99,22.99,21.6,21.88,22.61,387396,85.67,2026-09-10
ARCHIDPLY,EQ,101.02,104.39,100.0,100.5,102.54,30279,30.72,2026-09-10
ARCHIES,EQ,12.81,13.2,12.29,12.52,13.03,27960,3.52,2026-09-10
ARCL,EQ,232.0,238.17,228.0,238.0,226.83,2888,6.79,2026-09-10
ARDEE,EQ,53.5,54.5,52.39,52.62,53.27,3003161,1600.82,2026-09-10
ARE&M,EQ,832.15,836.5,816.85,819.2,832.15,438438,3624.42,2026-09-10
ARENTERP,EQ,34.99,34.99,32.13,32.6,34.99,5299,1.77,2026-09-10
ARFIN,EQ,89.0,91.33,87.51,88.07,88.77,674744,599.3,2026-09-10
ARIHANT,EQ,852.75,890.95,850.55,883.35,887.5,727,6.4,2026-09-10
ARIHANTCAP,EQ,77.39,77.78,76.31,76.47,77.06,77332,59.57,2026-09-10
ARIHANTSUP,EQ,223.95,228.8,217.1,219.65,221.8,8100,18.05,2026-09-10
ARIS,EQ,128.6,131.88,125.33,126.98,127.85,2028975,2612.15,2026-09-10
ARKADE,EQ,122.95,123.57,121.92,122.94,122.95,154761,190.11,2026-09-10
ARMANFIN,EQ,2035.9,2084.9,2030.1,2036.5,2037.1,16638,342.76,2026-09-10
AROGRANITE,EQ,24.04,24.48,23.7,24.19,24.04,11239,2.69,2026-09-10
ARSSBL,EQ,505.55,510.0,500.0,502.05,505.55,81397,410.9,2026-09-10
ARTEMISMED,EQ,356.0,362.0,343.0,348.55,354.3,724459,2556.98,2026-09-10
ARTNIRMAN,EQ,40.9,40.9,39.13,39.87,40.52,568,0.23,2026-09-10
ARVEE,EQ,210.29,210.29,194.0,195.25,210.29,18321,36.61,2026-09-10
ARVIND,EQ,574.0,583.4,567.05,569.8,570.8,423712,2436.9,2026-09-10
ARVINDFASN,EQ,446.3,455.0,443.45,453.4,446.05,291313,1313.86,2026-09-10
ARVSMART,EQ,606.5,610.0,595.0,597.05,605.25,42075,253.12,2026-09-10
ARYAMAN,EQ,610.0,625.0,610.0,625.0,621.65,34,0.21,2026-09-10
ASAHIINDIA,EQ,968.75,993.4,967.95,976.2,968.75,220953,2167.79,2026-09-10
ASAL,EQ,464.05,473.9,464.05,466.55,468.3,5668,26.53,2026-09-10
ASALCBR,EQ,691.1,703.35,666.0,698.25,686.7,75970,527.05,2026-09-10
ASHAPURMIN,EQ,551.8,557.85,540.0,542.05,550.6,268976,1465.4,2026-09-10
ASHIANA,EQ,351.4,352.0,344.9,347.9,349.1,19176,66.53,2026-09-10
ASHIMASYN,EQ,17.2,17.85,16.6,17.08,17.22,66907,11.42,2026-09-10
ASHOKA,EQ,114.25,114.5,112.85,113.53,113.58,492184,558.19,2026-09-10
ASHOKAMET,EQ,14.85,14.85,14.24,14.34,14.54,12840,1.85,2026-09-10
ASHOKLEY,EQ,166.5,167.04,164.71,166.12,167.0,16214508,26897.53,2026-09-10
ASIANENE,EQ,539.0,542.0,530.55,533.95,535.5,161522,865.81,2026-09-10
ASIANHOTNR,EQ,400.0,404.3,380.0,382.15,404.5,13812,53.55,2026-09-10
ASIANPAINT,EQ,2485.1,2498.1,2468.6,2498.1,2489.0,549332,13657.01,2026-09-10
ASIANTILES,EQ,50.92,51.12,47.37,50.39,50.47,5267540,2633.41,2026-09-10
ASIANTNE,EQ,9.05,10.7,9.0,9.23,9.52,49541,4.76,2026-09-10
ASKAUTOLTD,EQ,627.25,631.45,616.25,622.4,627.25,107736,672.84,2026-09-10
ASPINWALL,EQ,251.25,251.25,240.2,250.15,251.25,1162,2.89,2026-09-10
ASSAMENT,EQ,826.95,826.95,826.95,826.95,790.0,1,0.01,2026-09-10
ASTAR,EQ,589.9,589.9,576.0,587.75,575.1,52,0.3,2026-09-10
ASTEC,EQ,751.0,751.0,693.4,715.8,761.0,524163,3758.48,2026-09-10
ASTERDM,EQ,778.1,781.55,765.0,766.5,780.35,999914,7709.64,2026-09-10
ASTRAL,EQ,1468.2,1474.8,1451.7,1459.0,1474.8,914375,13346.45,2026-09-10
ASTRAMICRO,EQ,1708.0,1722.9,1685.0,1696.8,1706.1,258483,4409.13,2026-09-10
ASTRAZEN,EQ,6880.5,6906.0,6837.5,6860.5,6876.5,2286,157.14,2026-09-10
ATALREAL,EQ,15.27,15.27,15.27,15.27,16.96,504050,76.97,2026-09-10
ATAM,EQ,55.64,56.34,53.1,53.7,55.64,11476,6.27,2026-09-10
ATGL,EQ,613.5,616.0,600.25,602.7,612.3,461142,2798.59,2026-09-10
ATHERENERG,EQ,1614.0,1661.9,1607.4,1658.3,1580.0,8086256,132424.57,2026-09-10
ATL,EQ,24.85,24.85,24.41,24.61,24.89,127832,31.55,2026-09-10
ATLANTAA,EQ,38.11,38.49,37.13,37.51,38.11,20113,7.58,2026-09-10
ATLANTAELE,EQ,1848.0,1859.9,1796.1,1805.4,1848.7,53101,967.24,2026-09-10
ATLASCYCLE,EQ,108.0,109.99,97.2,98.07,106.47,85127,87.69,2026-09-10
ATUL,EQ,6221.5,6395.0,6209.5,6356.0,6221.5,31851,2016.55,2026-09-10
ATULAUTO,EQ,447.1,457.9,447.1,449.65,456.1,96646,435.72,2026-09-10
AUBANK,EQ,1058.9,1062.0,1047.2,1054.7,1060.5,1126434,11888.53,2026-09-10
AUGMONT,EQ,910.2,950.0,890.8,917.5,895.3,2403694,22300.36,2026-09-10
AURIONPRO,EQ,664.95,678.0,664.95,671.15,664.95,84200,566.28,2026-09-10
AUROPHARMA,EQ,1693.4,1693.4,1655.0,1668.4,1698.9,798368,13329.43,2026-09-10
AURUM,EQ,220.86,222.5,218.44,220.38,220.17,65446,144.27,2026-09-10
AURUS,EQ,4.82,4.98,4.78,4.8,4.93,18844,0.91,2026-09-10
AUSOMENT,EQ,154.96,157.0,148.98,153.0,154.19,6437,9.86,2026-09-10
AUSTENG,EQ,129.0,139.0,120.21,127.04,122.95,5658,7.15,2026-09-10
AUTOAXLES,EQ,1665.5,1684.0,1652.2,1657.9,1658.5,4446,74.16,2026-09-10
AUTOBEES,EQ,283.5,287.53,283.21,284.53,285.51,155334,442.36,2026-09-10
AUTOIETF,EQ,28.72,28.78,28.43,28.55,28.71,358459,102.41,2026-09-10
AUTOIND,EQ,86.11,86.63,83.56,84.25,86.11,80757,68.86,2026-09-10
AVADHSUGAR,EQ,818.5,829.0,784.1,794.45,822.3,70563,570.98,2026-09-10
AVALON,EQ,2293.7,2315.0,2218.0,2227.0,2293.6,280040,6325.79,2026-09-10
AVANCE,EQ,0.83,0.84,0.81,0.82,0.82,3178287,26.17,2026-09-10
AVANTEL,EQ,158.99,165.7,158.7,159.07,160.6,1221911,1981.24,2026-09-10
AVANTIFEED,EQ,807.0,816.9,799.6,815.3,807.15,232284,1882.54,2026-09-10
AVL,EQ,619.0,623.1,590.5,603.55,623.1,579067,3490.25,2026-09-10
AVONMORE,EQ,14.1,14.67,13.85,14.19,13.99,441717,63.05,2026-09-10
AVROIND,EQ,8.7,8.75,8.22,8.34,8.59,365184,30.82,2026-09-10
AVTNPL,EQ,92.55,93.33,90.1,90.6,92.42,216414,197.23,2026-09-10
AWFIS,EQ,253.0,255.65,247.05,249.6,253.9,318609,796.19,2026-09-10
AWHCL,EQ,373.85,379.55,372.0,373.15,376.15,43898,164.34,2026-09-10
AWL,EQ,187.52,188.51,185.21,185.7,187.52,782230,1459.04,2026-09-10
AXISBANK,EQ,1242.1,1255.2,1240.4,1246.0,1238.5,4150654,51810.79,2026-09-10
AXISCADES,EQ,1876.0,1920.0,1845.1,1869.7,1875.7,144733,2717.6,2026-09-10
AXITA,EQ,8.03,8.04,7.99,8.0,8.0,424366,33.98,2026-09-10
AXTEL,EQ,448.0,448.0,420.0,425.1,436.05,6892,29.77,2026-09-10
AYE,EQ,179.9,182.8,176.12,178.1,178.83,458271,821.87,2026-09-10
AYMSYNTEX,EQ,311.6,317.2,291.0,293.1,311.3,149205,446.61,2026-09-10
AZAD,EQ,2805.0,2813.0,2760.0,2773.5,2805.0,171925,4776.25,2026-09-10
AZADIND,EQ,90.0,93.49,85.05,86.79,89.26,43615,38.58,2026-09-10
BAGFILMS,EQ,4.52,4.68,4.29,4.46,4.59,104673,4.7,2026-09-10
BAIDFIN,EQ,12.39,12.45,11.67,11.74,12.03,173715,20.81,2026-09-10
BAJAJ-AUTO,EQ,11771.0,11820.0,11673.0,11768.0,11790.0,121394,14229.77,2026-09-10
BAJAJCON,EQ,524.95,533.0,514.25,524.45,521.45,1178666,6186.2,2026-09-10
BAJAJELEC,EQ,338.1,346.15,336.1,337.75,339.8,142088,485.06,2026-09-10
BAJAJFINSV,EQ,1932.9,1942.7,1921.1,1940.5,1927.0,658197,12715.43,2026-09-10
BAJAJHCARE,EQ,335.9,337.9,331.5,333.3,333.7,62427,208.95,2026-09-10
BAJAJHFL,EQ,82.82,84.64,82.4,84.22,82.92,3734084,3117.61,2026-09-10
BAJAJHIND,EQ,21.35,21.89,21.21,21.4,21.35,20871933,4489.64,2026-09-10
BAJAJHLDNG,EQ,11078.0,11078.0,10965.0,10992.0,11078.0,18035,1984.84,2026-09-10
BAJAJINDEF,EQ,221.41,222.5,219.99,221.03,221.46,19297,42.68,2026-09-10
BAJAJST,EQ,370.0,378.0,360.6,362.6,369.85,8005,29.35,2026-09-10
BAJEL,EQ,183.9,183.9,176.6,177.42,183.93,237404,426.17,2026-09-10
BAJFINANCE,EQ,1042.5,1048.7,1036.5,1043.5,1039.3,3902988,40700.6,2026-09-10
BALAJEE,EQ,25.8,25.8,25.16,25.53,25.5,41722,10.6,2026-09-10
BALAJITELE,EQ,92.65,93.19,91.35,91.81,92.85,78249,72.09,2026-09-10
BALAMINES,EQ,2359.3,2415.0,2330.1,2342.6,2359.3,150948,3588.99,2026-09-10
BALAXI,EQ,24.2,24.36,22.73,23.24,23.68,39290,9.16,2026-09-10
BALKRISHNA,EQ,16.12,16.9,16.12,16.28,16.52,9811,1.61,2026-09-10
BALKRISIND,EQ,2210.0,2234.8,2188.0,2193.0,2208.6,353459,7785.01,2026-09-10
BALMLAWRIE,EQ,175.9,176.57,172.1,174.08,175.6,436931,762.63,2026-09-10
BALPHARMA,EQ,120.0,124.6,105.05,106.21,114.45,690310,798.11,2026-09-10
BALRAMCHIN,EQ,703.0,714.0,693.3,705.15,700.05,1534401,10828.18,2026-09-10
BALUFORGE,EQ,536.05,545.8,533.75,536.65,541.55,613100,3296.99,2026-09-10
BANARBEADS,EQ,113.65,113.98,110.0,110.56,111.11,914,1.02,2026-09-10
BANARISUG,EQ,3661.0,3680.5,3556.0,3590.4,3650.8,897,32.34,2026-09-10
BANCOINDIA,EQ,635.0,639.3,624.4,627.5,635.15,103582,652.01,2026-09-10
BANDHANBNK,EQ,171.9,174.01,169.41,174.0,171.7,11859976,20346.39,2026-09-10
BANG,EQ,35.63,35.99,33.3,34.51,35.63,30450,10.55,2026-09-10
BANK10ADD,EQ,16.51,16.57,16.4,16.44,16.54,16364,2.7,2026-09-10
BANK10BETF,EQ,20.52,20.68,20.24,20.28,20.42,12551513,2541.77,2026-09-10
BANKA,EQ,79.9,81.43,77.2,77.93,77.56,14098,11.42,2026-09-10
BANKADD,EQ,57.82,58.01,57.57,57.68,57.81,2483,1.44,2026-09-10
BANKBARODA,EQ,235.0,239.46,234.84,237.62,234.1,8949331,21280.15,2026-09-10
BANKBEES,EQ,585.87,586.83,582.94,583.52,585.87,393692,2302.9,2026-09-10
BANKBETA,EQ,58.46,58.6,58.2,58.29,58.54,263273,153.77,2026-09-10
BANKBETF,EQ,57.31,57.64,57.2,57.31,57.49,9361,5.38,2026-09-10
BANKETF,EQ,576.26,577.5,574.0,575.23,575.63,18747,107.89,2026-09-10
BANKIETF,EQ,58.3,58.3,57.8,57.87,58.1,213648,123.91,2026-09-10
BANKINDIA,EQ,141.3,142.72,140.0,141.0,141.06,5321538,7519.03,2026-09-10
BANKNIFTY1,EQ,58.31,58.81,58.31,58.46,58.66,281372,164.99,2026-09-10
BANKPSU,EQ,85.1,85.52,84.25,84.3,84.7,3636,3.09,2026-09-10
BANSALWIRE,EQ,306.0,312.8,305.4,311.4,304.35,59609,184.59,2026-09-10
BANSWRAS,EQ,113.4,117.0,112.6,113.04,113.42,30780,35.04,2026-09-10
BASF,EQ,3700.0,3783.0,3678.4,3688.3,3746.0,18740,695.75,2026-09-10
BATAINDIA,EQ,660.0,664.0,651.15,653.25,661.05,78777,518.18,2026-09-10
BATLIBOI,EQ,87.29,88.49,85.05,85.59,87.29,27083,23.28,2026-09-10
BAYERCROP,EQ,3945.1,3995.0,3942.1,3978.4,3951.1,13598,540.18,2026-09-10
BBETF0432,EQ,1346.0,1348.99,1344.02,1346.48,1345.64,236,3.18,2026-09-10
BBL,EQ,2250.0,2268.2,2225.0,2231.2,2245.5,11549,258.77,2026-09-10
BBNPNBETF,EQ,56.85,57.35,56.68,56.89,58.44,1242,0.71,2026-09-10
BBNPPGOLD,EQ,147.4,150.35,146.05,147.8,147.4,777,1.15,2026-09-10
BBOX,EQ,760.0,774.35,742.5,744.85,763.1,215001,1629.95,2026-09-10
BBTC,EQ,1448.8,1456.3,1431.0,1434.7,1448.8,33032,475.08,2026-09-10
BBTCL,EQ,227.6,237.9,227.6,235.33,228.05,3137,7.35,2026-09-10
BCG,EQ,10.29,10.39,9.96,10.1,10.23,9302127,944.47,2026-09-10
BCLIND,EQ,35.43,35.59,35.01,35.12,35.49,253699,89.46,2026-09-10
BCONCEPTS,EQ,163.0,163.0,151.6,154.5,161.36,24836,38.42,2026-09-10
BCPL,EQ,72.71,72.71,70.2,71.05,72.71,11430,8.11,2026-09-10
BDL,EQ,1215.0,1221.2,1190.0,1195.0,1218.1,1240303,14867.95,2026-09-10
BEARDSELL,EQ,25.7,25.7,24.2,24.39,24.96,14895,3.67,2026-09-10
BECTORFOOD,EQ,242.05,247.71,238.15,245.44,242.05,1400466,3417.52,2026-09-10
BEDMUTHA,EQ,106.41,107.75,105.02,105.37,108.39,5440,5.78,2026-09-10
BEEKAY,EQ,426.95,440.0,420.1,433.4,426.15,2538,10.98,2026-09-10
BEL,EQ,407.0,407.2,402.0,405.0,406.0,8716895,35230.9,2026-09-10
BELLACASA,EQ,248.58,267.58,244.21,262.11,246.65,28023,72.98,2026-09-10
BELRISE,EQ,228.26,230.2,227.07,228.4,228.54,1568821,3590.09,2026-09-10
BEML,EQ,2100.0,2109.6,2024.4,2029.0,2097.8,403865,8298.57,2026-09-10
BENARAS,EQ,10360.0,11200.0,10205.0,10736.0,10520.0,341,36.82,2026-09-10
BENGALASM,EQ,6196.5,6374.5,6151.0,6200.5,6149.5,4096,254.37,2026-09-10
BEPL,EQ,133.56,135.99,129.5,130.29,133.56,1382749,1827.78,2026-09-10
BERGEPAINT,EQ,471.0,473.95,460.95,463.8,470.8,262246,1225.69,2026-09-10
BESTAGRO,EQ,19.52,19.56,19.05,19.14,19.5,353461,68.16,2026-09-10
BETA,EQ,2101.0,2107.5,2073.0,2085.8,2107.6,11535,241.19,2026-09-10
BFINVEST,EQ,452.65,463.9,441.3,448.6,449.7,52557,238.63,2026-09-10
BFSI,EQ,26.42,26.57,26.33,26.47,26.47,146489,38.79,2026-09-10
BFUTILITIE,EQ,523.0,567.5,516.05,544.45,521.85,482912,2672.05,2026-09-10
BHAGCHEM,EQ,264.45,264.45,257.5,258.2,262.55,25913,67.24,2026-09-10
BHAGYANGR,EQ,415.75,432.2,415.75,432.2,411.65,487769,2096.02,2026-09-10
BHANDARI,EQ,3.0,3.05,2.98,3.0,3.0,87555,2.63,2026-09-10
BHARATCOAL,EQ,33.8,34.1,33.33,33.42,33.79,3227357,1084.59,2026-09-10
BHARATFORG,EQ,1974.6,1981.0,1941.5,1954.9,1979.6,403296,7907.1,2026-09-10
BHARATRAS,EQ,1174.0,1228.9,1150.1,1168.2,1167.0,39675,472.13,2026-09-10
BHARATSE,EQ,221.9,224.59,215.15,217.08,222.0,77910,171.01,2026-09-10
BHARATWIRE,EQ,171.51,175.73,171.0,173.2,171.84,111621,192.56,2026-09-10
BHARTIARTL,EQ,1815.1,1849.0,1814.0,1839.0,1814.7,4588126,83977.84,2026-09-10
BHARTIHEXA,EQ,1553.2,1553.2,1533.2,1539.2,1544.8,87669,1351.24,2026-09-10
BHEL,EQ,434.2,435.45,427.05,429.5,433.7,3963862,17094.68,2026-09-10
BIGBLOC,EQ,41.45,41.45,40.02,40.57,40.82,38315,15.49,2026-09-10
BIKAJI,EQ,572.95,573.65,565.0,566.15,571.7,429656,2433.3,2026-09-10
BIL,EQ,1122.6,1150.0,1055.0,1081.7,1108.2,50377,548.22,2026-09-10
BIMETAL,EQ,650.0,659.0,633.6,645.0,650.0,563,3.63,2026-09-10
BIOCON,EQ,397.0,397.95,388.45,391.65,395.0,4737510,18519.25,2026-09-10
BIOFILCHEM,EQ,31.46,37.75,31.46,36.79,31.46,681889,248.83,2026-09-10
BIRLACABLE,EQ,369.45,374.65,360.4,374.65,356.85,929542,3449.61,2026-09-10
BIRLACORPN,EQ,839.0,844.95,831.0,836.7,836.9,27535,231.01,2026-09-10
BIRLAMONEY,EQ,123.31,124.97,122.0,122.9,123.25,24305,29.9,2026-09-10
BIRLANU,EQ,1410.0,1505.0,1410.0,1434.6,1407.8,22823,331.72,2026-09-10
BLACKBUCK,EQ,579.6,590.1,575.0,585.9,580.05,279838,1641.33,2026-09-10
BLAL,EQ,161.73,163.0,161.0,161.23,161.34,12629,20.45,2026-09-10
BLBLIMITED,EQ,16.85,16.98,14.6,15.98,16.5,362722,58.35,2026-09-10
BLEL,EQ,458.9,461.65,437.15,441.6,456.75,563397,2525.43,2026-09-10
BLIL,EQ,72.25,72.25,71.25,71.42,72.01,117230,84.07,2026-09-10
BLKASHYAP,EQ,55.41,56.79,55.0,55.55,55.41,421323,235.05,2026-09-10
BLS,EQ,237.0,238.58,235.0,235.63,236.45,501500,1187.58,2026-09-10
BLSE,EQ,320.25,321.9,311.3,316.6,320.6,372453,1179.63,2026-09-10
BLUECLOUDS,EQ,19.73,19.92,19.3,19.5,19.7,1031852,201.38,2026-09-10
BLUECOAST,EQ,21.93,22.88,21.39,21.83,22.5,4015,0.87,2026-09-10
BLUEDART,EQ,4910.0,4925.8,4868.0,4882.6,4928.4,5407,264.5,2026-09-10
BLUEJET,EQ,575.3,579.55,568.2,575.3,575.3,248896,1429.92,2026-09-10
BLUESTARCO,EQ,1450.0,1518.5,1450.0,1514.0,1456.9,997496,14964.52,2026-09-10
BLUESTONE,EQ,874.1,875.9,844.65,855.15,874.4,402544,3469.23,2026-09-10
BLUSPRING,EQ,130.0,139.5,129.21,137.45,130.52,835035,1127.34,2026-09-10
BMWVENTLTD,EQ,54.45,54.89,54.22,54.59,54.18,26343,14.39,2026-09-10
BNAGROCHEM,EQ,205.0,215.99,203.3,212.0,214.0,424,0.88,2026-09-10
BNKETFAXIS,EQ,581.91,584.33,581.31,581.68,583.14,488,2.84,2026-09-10
BODALCHEM,EQ,167.01,169.9,166.11,166.11,174.85,2774629,4630.02,2026-09-10
BOHRAIND,EQ,13.0,13.29,12.5,13.18,13.0,12410,1.63,2026-09-10
BOMDYEING,EQ,112.52,114.18,111.65,112.51,112.86,326804,368.35,2026-09-10
BONLON,EQ,40.65,40.7,38.55,40.25,40.1,5635,2.26,2026-09-10
BORANA,EQ,316.2,324.45,316.1,317.65,316.2,8546,27.18,2026-09-10
BOROLTD,EQ,253.61,274.86,253.61,263.78,255.46,1214319,3257.66,2026-09-10
BORORENEW,EQ,500.0,506.8,496.0,502.2,501.95,292829,1467.86,2026-09-10
BOROSCI,EQ,127.59,130.18,124.7,125.29,127.19,124569,158.11,2026-09-10
BOSCH-HCIL,EQ,1788.1,1790.1,1681.8,1689.9,1780.3,69787,1200.69,2026-09-10
BOSCHLTD,EQ,48865.0,49080.0,48480.0,48775.0,49100.0,28128,13713.23,2026-09-10
BPCL,EQ,302.95,306.1,301.75,303.0,303.55,3231631,9806.28,2026-09-10
BPL,EQ,48.9,48.9,47.2,47.36,48.03,41997,20.06,2026-09-10
BPLPHARMA,EQ,1565.0,1565.0,1530.0,1558.6,1518.6,1275,19.81,2026-09-10
BRAHMINFRA,EQ,160.95,160.95,158.01,158.62,157.11,5970,9.48,2026-09-10
BRIGADE,EQ,660.6,665.75,649.4,651.15,662.9,181772,1193.15,2026-09-10
BRIGHOTEL,EQ,56.69,56.69,56.0,56.36,56.43,104697,58.95,2026-09-10
BRIGHTBR,EQ,252.05,261.0,249.0,255.75,261.7,788,2.01,2026-09-10
BRITANNIA,EQ,5108.0,5108.0,4997.0,5009.0,5090.0,263129,13225.26,2026-09-10
BRNL,EQ,16.78,16.99,16.5,16.65,16.78,29344,4.9,2026-09-10
BROOKS,EQ,66.0,66.0,63.1,63.85,62.99,24314,15.71,2026-09-10
BSE,EQ,3288.0,3312.0,3261.0,3306.0,3289.8,2228183,73178.38,2026-09-10
BSE500IETF,EQ,39.07,39.07,38.38,38.84,39.07,89012,34.57,2026-09-10
BSHSL,EQ,90.8,90.9,87.0,88.84,89.42,3781,3.36,2026-09-10
BSL,EQ,125.0,125.0,121.3,122.06,123.25,3578,4.37,2026-09-10
BSLGOLDETF,EQ,135.31,135.31,134.14,134.33,133.98,254424,342.09,2026-09-10
BSLNIFTY,EQ,28.3,28.3,27.45,27.5,27.61,895388,246.41,2026-09-10
BSLSENETFG,EQ,76.07,76.07,75.4,75.53,76.07,3821,2.89,2026-09-10
BSOFT,EQ,279.0,282.7,275.0,275.8,277.2,854846,2380.29,2026-09-10
BTML,EQ,7.8,8.04,7.58,7.79,7.87,178696,13.9,2026-09-10
BUILDPRO,EQ,1309.8,1360.0,1264.2,1272.2,1302.7,119521,1578.15,2026-09-10
BUTTERFLY,EQ,615.9,621.7,608.1,610.35,616.3,5449,33.4,2026-09-10
BVCL,EQ,44.6,44.99,43.1,43.44,44.02,19531,8.59,2026-09-10
CAMLINFINE,EQ,104.0,106.0,103.11,103.57,103.8,320150,333.06,2026-09-10
CAMPUS,EQ,214.86,216.2,212.15,213.68,214.86,588814,1264.37,2026-09-10
CAMS,EQ,718.75,722.4,681.0,712.0,715.0,1371752,9817.03,2026-09-10
CANBK,EQ,124.0,127.6,123.7,124.6,124.08,22002938,27648.48,2026-09-10
CANFINHOME,EQ,788.9,791.75,780.3,782.2,786.9,196858,1547.56,2026-09-10
CANHLIFE,EQ,149.4,153.05,148.21,152.36,149.49,463305,700.67,2026-09-10
CANTABIL,EQ,239.0,241.17,237.2,240.06,238.8,53432,128.01,2026-09-10
CAPACITE,EQ,200.4,201.99,195.0,196.25,199.59,257180,510.45,2026-09-10
CAPILLARY,EQ,456.7,464.2,450.0,459.9,460.3,151245,692.41,2026-09-10
CAPITALSFB,EQ,283.3,283.3,270.6,272.15,279.4,22130,60.78,2026-09-10
CAPLIPOINT,EQ,2716.0,2839.5,2714.0,2795.4,2723.1,245863,6864.13,2026-09-10
CARBORUNIV,EQ,1090.0,1123.4,1085.0,1090.2,1094.1,210273,2314.91,2026-09-10
CARERATING,EQ,1733.2,1748.3,1690.0,1693.0,1724.6,29312,502.29,2026-09-10
CARRARO,EQ,535.1,564.5,531.05,551.95,538.85,125406,692.3,2026-09-10
CARTRADE,EQ,3027.0,3064.0,2994.2,3034.7,3027.1,155066,4702.52,2026-09-10
CARYSIL,EQ,1185.0,1211.0,1170.3,1178.5,1180.3,150482,1790.56,2026-09-10
CASHIETF,EQ,1078.87,1078.89,1078.87,1078.88,1078.74,95860,1034.21,2026-09-10
CASTROLIND,EQ,188.61,190.84,187.41,188.06,189.16,4597808,8661.05,2026-09-10
CCAVENUE,EQ,15.38,15.63,15.33,15.36,15.41,8320009,1284.44,2026-09-10
CCCL,EQ,14.44,14.44,14.0,14.15,14.12,72588,10.27,2026-09-10
CCHHL,EQ,12.65,12.96,12.5,12.5,12.59,34264,4.33,2026-09-10
CCL,EQ,1104.7,1104.7,1088.0,1096.8,1104.7,86618,948.56,2026-09-10
CDSL,EQ,1360.9,1372.9,1352.0,1355.0,1368.6,771857,10513.01,2026-09-10
CEATLTD,EQ,3292.3,3313.5,3280.1,3295.7,3293.2,43713,1441.32,2026-09-10
CEIGALL,EQ,377.0,389.25,369.55,379.1,376.4,1175462,4483.5,2026-09-10
CEINSYS,EQ,692.6,696.05,680.0,685.0,688.1,70255,482.75,2026-09-10
CELEBRITY,EQ,6.84,6.99,6.62,6.72,6.71,4935,0.33,2026-09-10
CELLO,EQ,337.45,341.2,337.0,338.9,337.4,141109,478.95,2026-09-10
CEMNTGROWW,EQ,14.32,14.49,14.17,14.34,14.33,41538,5.93,2026-09-10
CEMPRO,EQ,1265.0,1278.4,1250.0,1251.9,1269.1,124816,1573.3,2026-09-10
CENTENKA,EQ,573.3,576.2,563.9,569.1,570.8,139334,793.04,2026-09-10
CENTEXT,EQ,22.5,23.0,22.0,22.8,21.94,526048,118.75,2026-09-10
CENTRALBK,EQ,30.6,31.23,30.53,30.82,30.58,5496244,1697.64,2026-09-10
CENTRUM,EQ,22.4,22.68,21.7,21.91,22.4,617593,135.97,2026-09-10
CENTUM,EQ,4242.5,4309.0,4192.1,4210.4,4250.5,21690,919.66,2026-09-10
CENTURYPLY,EQ,735.5,743.05,731.05,734.05,738.7,43744,321.63,2026-09-10
CERA,EQ,5698.5,5736.0,5601.0,5614.0,5698.5,2852,160.85,2026-09-10
CESC,EQ,150.0,152.48,147.1,147.58,149.67,1501069,2238.02,2026-09-10
CEWATER,EQ,289.9,289.9,275.0,279.9,280.3,285665,801.63,2026-09-10
CFEL,EQ,43.0,46.38,40.32,44.92,38.65,1072863,482.35,2026-09-10
CGCL,EQ,274.5,275.65,268.15,272.25,272.4,6527437,17764.76,2026-09-10
CGPOWER,EQ,928.0,931.0,905.0,914.55,926.95,1989359,18197.99,2026-09-10
CGVAK,EQ,151.9,151.9,140.2,146.25,144.84,1871,2.72,2026-09-10
CHALET,EQ,889.7,896.1,863.2,875.55,889.7,119737,1047.38,2026-09-10
CHAMBLFERT,EQ,415.5,423.15,415.3,417.75,415.6,523104,2192.55,2026-09-10
CHEMBOND,EQ,220.86,232.8,220.25,225.82,220.36,47695,107.99,2026-09-10
CHEMCRUX,EQ,83.4,86.8,81.5,85.52,82.57,4525,3.8,2026-09-10
CHEMFAB,EQ,370.2,399.5,370.2,384.5,373.75,14633,56.74,2026-09-10
CHEMICAL,EQ,30.87,30.87,30.01,30.1,30.12,247365,74.52,2026-09-10
CHEMPLASTS,EQ,178.03,183.18,175.15,176.15,176.88,347681,621.64,2026-09-10
CHENNPETRO,EQ,1604.4,1663.3,1568.9,1626.4,1604.4,3754568,60595.36,2026-09-10
CHEVIOT,EQ,1198.0,1205.0,1180.1,1195.9,1184.9,1408,16.85,2026-09-10
CHOICEGOLD,EQ,151.2,152.68,150.83,151.84,151.13,3020,4.58,2026-09-10
CHOICEIN,EQ,750.0,775.95,750.0,770.4,750.65,549144,4214.13,2026-09-10
CHOLAFIN,EQ,1827.1,1868.2,1804.2,1859.0,1829.0,2679971,49655.34,2026-09-10
CHOLAHLDNG,EQ,1520.6,1540.5,1519.0,1532.0,1530.6,44664,683.73,2026-09-10
CIEINDIA,EQ,381.0,386.25,380.6,381.8,381.65,321229,1232.32,2026-09-10
CIFL,EQ,20.3,20.3,19.91,20.19,20.12,95083,19.08,2026-09-10
CINELINE,EQ,93.96,95.39,93.42,93.58,93.96,10986,10.37,2026-09-10
CINEVISTA,EQ,15.0,15.0,14.06,14.36,14.24,1546,0.22,2026-09-10
CIPLA,EQ,1366.8,1380.0,1363.1,1373.3,1363.1,826221,11335.7,2026-09-10
CLEAN,EQ,825.7,862.3,825.55,848.45,825.7,951510,8077.99,2026-09-10
CLEANMAX,EQ,1400.0,1411.3,1393.0,1399.0,1397.6,108482,1518.23,2026-09-10
CLEDUCATE,EQ,58.0,60.11,57.2,59.98,58.74,18408,10.78,2026-09-10
CLSEL,EQ,304.8,305.35,299.35,302.55,305.2,57907,174.84,2026-09-10
CMLL,EQ,489.9,489.9,468.0,470.8,486.3,333760,1584.66,2026-09-10
CMPDI,EQ,231.0,232.31,217.5,218.77,230.88,4598066,10165.99,2026-09-10
CMRGREEN,EQ,217.8,221.64,217.71,220.45,217.29,283687,624.2,2026-09-10
CMSINFO,EQ,231.25,233.39,226.7,227.69,231.25,955879,2191.29,2026-09-10
CNL,EQ,1139.9,1139.9,1075.0,1086.3,1141.4,44305,485.23,2026-09-10
COALINDIA,EQ,433.0,436.3,430.0,432.0,431.0,8811171,38169.48,2026-09-10
COASTCORP,EQ,40.89,40.95,39.0,39.43,40.55,93128,37.15,2026-09-10
COCHINSHIP,EQ,1556.1,1571.8,1520.4,1520.4,1556.0,1052635,16249.17,2026-09-10
COCKERILL,EQ,8198.5,8264.5,7980.0,8009.0,8140.0,3961,321.04,2026-09-10
COFFEEDAY,EQ,33.16,33.59,31.71,31.99,33.15,600390,195.43,2026-09-10
COFORGE,EQ,1842.0,1878.0,1821.0,1833.1,1845.0,2691550,49610.42,2026-09-10
COHANCE,EQ,443.35,453.3,440.7,445.3,443.35,1241899,5557.34,2026-09-10
COLPAL,EQ,1804.5,1810.0,1796.9,1808.5,1800.0,125826,2268.11,2026-09-10
COMFINTE,EQ,6.1,6.2,5.97,6.09,6.13,185838,11.27,2026-09-10
COMMOIETF,EQ,99.37,99.38,98.3,98.57,99.31,438771,433.44,2026-09-10
COMPEAU,EQ,368.0,368.0,351.0,360.0,364.65,902,3.27,2026-09-10
COMPUSOFT,EQ,13.05,13.34,13.05,13.21,13.21,11612,1.53,2026-09-10
COMSYN,EQ,301.7,304.45,297.05,299.0,301.15,468907,1404.7,2026-09-10
CONCOR,EQ,508.0,509.95,503.7,504.15,510.0,932939,4727.05,2026-09-10
CONCORDBIO,EQ,1472.2,1472.2,1432.0,1452.8,1464.5,106007,1537.95,2026-09-10
CONFIPET,EQ,90.95,90.95,87.01,87.84,90.66,3216537,2837.28,2026-09-10
CONS,EQ,11.9,11.9,11.83,11.88,11.9,828806,98.06,2026-09-10
CONSUMAXIS,EQ,118.78,119.68,118.34,118.4,119.12,7375,8.76,2026-09-10
CONSUMBEES,EQ,129.47,129.47,128.01,128.34,128.84,69199,88.85,2026-09-10
CONSUMER,EQ,12.14,12.47,11.5,11.88,11.9,97361,11.57,2026-09-10
CONSUMIETF,EQ,119.24,119.88,118.97,119.33,119.01,3898,4.65,2026-09-10
CONTROLPR,EQ,584.45,590.85,571.1,572.95,587.4,20559,118.9,2026-09-10
CORALFINAC,EQ,32.99,32.99,31.84,32.88,32.69,15844,5.18,2026-09-10
CORDELIA,EQ,105.65,109.46,104.18,109.44,104.25,3659034,3993.34,2026-09-10
CORDSCABLE,EQ,370.0,384.0,355.6,363.1,362.65,376600,1392.13,2026-09-10
COROMANDEL,EQ,1948.8,1972.0,1947.0,1961.9,1962.7,38962,761.97,2026-09-10
CORONA,EQ,2208.2,2225.0,2060.5,2200.8,2197.2,354692,7621.02,2026-09-10
COSMOFIRST,EQ,903.0,914.7,877.6,880.65,906.75,56270,502.23,2026-09-10
CPCAP,EQ,137.89,137.89,132.23,134.49,133.6,27963,37.83,2026-09-10
CPEDU,EQ,188.45,190.0,181.0,185.58,190.18,5171,9.66,2026-09-10
CPL,EQ,67.5,67.81,65.24,66.38,67.81,138561,91.65,2026-09-10
CPPLUS,EQ,3662.0,3879.9,3662.0,3829.1,3746.1,215710,8175.17,2026-09-10
CPSEETF,EQ,95.9,95.9,94.51,94.78,94.79,565197,536.93,2026-09-10
CRAFTSMAN,EQ,11800.0,11999.0,11231.0,11851.0,11806.0,71337,8345.45,2026-09-10
CRAMC,EQ,238.5,241.0,238.0,240.05,238.7,189075,453.13,2026-09-10
CRAVATEX,EQ,313.35,324.9,313.0,318.3,325.4,1421,4.47,2026-09-10
CREATIVEYE,EQ,6.77,6.77,5.16,6.07,6.13,130775,7.96,2026-09-10
CREDITACC,EQ,1397.1,1414.6,1394.0,1403.2,1396.2,88216,1238.62,2026-09-10
CREST,EQ,360.15,375.0,350.0,357.4,361.35,6487,23.28,2026-09-10
CRESTO,EQ,16.0,16.61,15.5,16.01,16.0,59749,9.67,2026-09-10
CRISIL,EQ,4690.1,4779.6,4680.0,4721.7,4690.6,22193,1048.59,2026-09-10
CRIZAC,EQ,177.0,180.99,174.12,179.7,176.04,242717,431.16,2026-09-10
CROMPTON,EQ,234.0,234.0,229.74,230.0,232.96,2559289,5914.69,2026-09-10
CROWN,EQ,117.4,119.9,113.1,114.47,116.15,12728,14.87,2026-09-10
CSBBANK,EQ,314.9,315.7,306.55,307.6,311.1,353998,1098.99,2026-09-10
CSLFINANCE,EQ,244.1,245.0,239.5,241.04,243.4,59861,144.53,2026-09-10
CSM,EQ,92.85,97.64,92.28,94.96,93.31,892772,839.88,2026-09-10
CUB,EQ,232.0,232.99,224.95,226.45,231.67,1464969,3357.57,2026-09-10
CUBEXTUB,EQ,81.7,81.88,76.8,77.2,79.99,75588,59.36,2026-09-10
CUMMINSIND,EQ,5170.5,5237.0,5069.5,5155.0,5170.5,817252,42295.79,2026-09-10
CUPID,EQ,280.0,282.8,276.0,277.45,279.7,9575089,26822.31,2026-09-10
CURAA,EQ,75.88,75.88,75.88,75.88,75.88,1,0.0,2026-09-10
CYIENT,EQ,1075.1,1089.9,1070.0,1076.4,1075.1,187031,2018.78,2026-09-10
CYIENTDLM,EQ,947.9,967.75,916.0,923.3,945.65,452175,4261.23,2026-09-10
DABUR,EQ,370.45,377.75,369.0,376.45,371.55,2119982,7938.43,2026-09-10
DALBHARAT,EQ,1730.0,1762.2,1712.0,1745.3,1733.6,79405,1385.53,2026-09-10
DALMIASUG,EQ,430.0,442.5,429.0,431.5,433.0,150046,652.01,2026-09-10
DAMCAPITAL,EQ,144.4,146.0,142.5,142.78,144.87,189257,271.65,2026-09-10
DANGEE,EQ,2.81,2.91,2.81,2.82,2.83,17138,0.49,2026-09-10
DATAMATICS,EQ,776.6,783.9,760.2,780.45,773.05,84196,651.54,2026-09-10
DATAPATTNS,EQ,4908.6,4928.2,4722.4,4777.2,4883.2,554842,26649.4,2026-09-10
DAVANGERE,EQ,1.75,1.92,1.75,1.91,1.75,34419354,639.67,2026-09-10
DBCORP,EQ,191.79,193.8,189.0,189.67,190.55,65563,125.42,2026-09-10
DBEIL,EQ,7.05,7.24,7.02,7.11,7.21,148523,10.55,2026-09-10
DBL,EQ,429.0,439.7,403.55,407.75,393.0,6474417,27189.39,2026-09-10
DBOL,EQ,122.0,124.06,120.0,120.38,123.12,152749,186.23,2026-09-10
DBREALTY,EQ,99.4,102.36,99.4,100.19,99.26,1079190,1086.82,2026-09-10
DCAL,EQ,171.1,172.13,166.98,167.49,170.59,134059,226.28,2026-09-10
DCBBANK,EQ,227.95,229.79,225.79,227.13,228.1,925685,2100.71,2026-09-10
DCI,EQ,271.1,282.5,271.1,274.6,270.8,202786,562.14,2026-09-10
DCMFINSERV,EQ,5.07,5.24,5.07,5.22,5.1,8291,0.43,2026-09-10
DCMNVL,EQ,176.25,179.0,175.01,175.2,177.0,11541,20.39,2026-09-10
DCMSHRIRAM,EQ,997.0,1014.8,994.0,1007.5,997.6,46045,463.43,2026-09-10
DCMSIL,EQ,69.1,75.4,69.1,72.36,69.78,139970,101.82,2026-09-10
DCMSRIND,EQ,42.88,43.31,41.42,41.76,42.41,242444,102.13,2026-09-10
DCW,EQ,48.0,48.85,46.85,47.06,48.14,1159726,554.32,2026-09-10
DCXINDIA,EQ,171.01,172.97,166.52,167.56,171.27,339818,574.93,2026-09-10
DDEVPLSTIK,EQ,266.35,266.9,253.1,256.0,265.55,282659,732.8,2026-09-10
DECCANCE,EQ,570.75,574.9,560.4,571.75,565.5,21447,122.0,2026-09-10
DECNGOLD,EQ,221.39,228.9,219.62,225.88,219.36,1682664,3786.73,2026-09-10
DEEDEV,EQ,674.7,680.2,645.35,653.45,674.75,300005,1966.81,2026-09-10
DEEP,EQ,37.0,42.9,36.96,40.98,36.89,209619,86.39,2026-09-10
DEEPA,EQ,203.1,203.8,193.6,196.04,201.23,4712667,9402.19,2026-09-10
DEEPAKFERT,EQ,1357.8,1364.8,1330.0,1335.6,1357.8,150640,2024.55,2026-09-10
DEEPAKNTR,EQ,1642.0,1664.8,1633.5,1645.8,1641.9,414991,6829.7,2026-09-10
DEEPINDS,EQ,796.6,804.9,780.1,782.8,792.7,243710,1926.2,2026-09-10
DEFENCE,EQ,84.27,84.27,82.13,82.35,83.36,388395,320.52,2026-09-10
DELHIVERY,EQ,449.0,451.15,444.2,447.7,451.2,1333939,5972.44,2026-09-10
DELTACORP,EQ,55.01,55.59,54.2,54.34,55.25,782143,427.92,2026-09-10
DELTAMAGNT,EQ,58.99,58.99,55.4,56.82,57.1,10076,5.7,2026-09-10
DEN,EQ,27.0,27.36,27.0,27.05,27.21,269174,73.03,2026-09-10
DENORA,EQ,801.8,814.4,801.0,802.05,805.75,1190,9.6,2026-09-10
DENTA,EQ,285.45,293.9,284.7,287.45,283.2,152520,440.41,2026-09-10
DEVIT,EQ,23.91,24.75,23.8,23.97,23.9,75383,18.11,2026-09-10
DEVX,EQ,33.69,33.8,32.79,32.99,33.63,92173,30.67,2026-09-10
DEVYANI,EQ,138.0,140.1,135.26,135.92,137.17,978937,1343.8,2026-09-10
DGCONTENT,EQ,24.9,25.18,23.91,24.09,24.72,7989,1.96,2026-09-10
DHAMPURSUG,EQ,170.0,172.79,165.25,166.33,170.93,379032,637.66,2026-09-10
DHANBANK,EQ,30.35,31.07,30.35,30.73,30.68,221381,68.19,2026-09-10
DHANUKA,EQ,976.0,984.7,972.6,979.7,975.4,12867,126.1,2026-09-10
DHARMAJ,EQ,269.95,271.0,267.3,270.0,270.2,24634,66.44,2026-09-10
DHATRE,EQ,4.28,4.7,3.8,4.14,4.46,101237,4.26,2026-09-10
DHOOTTRANS,EQ,1607.0,1609.5,1550.9,1571.6,1596.5,1411231,22326.84,2026-09-10
DHRUV,EQ,24.05,24.12,22.63,22.79,23.0,1902,0.44,2026-09-10
DHUNINV,EQ,1003.0,1015.0,982.0,991.5,999.9,605,6.02,2026-09-10
DIAMINESQ,EQ,254.0,261.0,250.5,258.09,253.24,6347,16.31,2026-09-10
DIAMONDYD,EQ,1123.6,1126.8,1101.6,1115.6,1123.6,14173,157.71,2026-09-10
DICIND,EQ,620.0,630.0,598.0,601.25,617.6,2387,14.63,2026-09-10
DIFFNKG,EQ,442.0,457.95,436.1,449.55,440.55,213290,953.51,2026-09-10
DIGIDRIVE,EQ,17.48,17.73,17.2,17.47,17.46,5299,0.93,2026-09-10
DIGISPICE,EQ,16.48,16.82,16.01,16.53,16.31,109229,18.04,2026-09-10
DIGITIDE,EQ,93.0,94.14,87.8,88.28,92.69,360528,324.22,2026-09-10
DIGJAMLMTD,EQ,52.98,61.84,52.97,61.84,51.54,732362,450.42,2026-09-10
DISAQ,EQ,11990.0,11999.0,11712.0,11849.0,11929.0,277,32.78,2026-09-10
DISHTV,EQ,2.5,2.51,2.39,2.39,2.5,1705526,41.44,2026-09-10
DIVGIITTS,EQ,1150.0,1198.0,1127.3,1171.3,1149.6,229899,2666.13,2026-09-10
DIVIDEND,EQ,35.24,35.3,35.0,35.0,35.07,2543,0.89,2026-09-10
DIVISLAB,EQ,9600.5,9604.0,9386.5,9438.5,9488.0,338181,31976.34,2026-09-10
DIVOPPBEES,EQ,76.73,76.73,74.95,75.31,75.23,35088,26.39,2026-09-10
DIXON,EQ,13845.0,13867.0,13355.0,13500.0,13845.0,467984,63421.67,2026-09-10
DJML,EQ,84.0,84.95,79.7,81.75,82.03,104674,85.48,2026-09-10
DLF,EQ,653.6,662.4,651.9,655.85,655.1,2509591,16519.29,2026-09-10
DLINKINDIA,EQ,436.0,439.2,432.1,433.8,436.05,44139,192.11,2026-09-10
DMART,EQ,3725.1,3735.0,3664.0,3690.0,3735.0,265194,9761.57,2026-09-10
DMCC,EQ,290.8,297.4,284.1,291.95,288.9,40701,118.68,2026-09-10
DNAMEDIA,EQ,2.48,2.59,2.45,2.48,2.51,47020,1.17,2026-09-10
DODLA,EQ,1086.1,1099.8,1065.0,1090.1,1096.9,14361,156.36,2026-09-10
DOLATALGO,EQ,69.6,70.95,69.01,69.77,69.38,80374,56.33,2026-09-10
DOLLAR,EQ,274.9,275.2,268.05,271.8,273.1,81680,222.01,2026-09-10
DOLPHIN,EQ,685.0,694.55,645.3,654.0,685.0,33629,222.81,2026-09-10
DOMS,EQ,2195.0,2198.5,2155.1,2165.6,2190.8,14571,317.17,2026-09-10
DONEAR,EQ,85.01,87.19,85.01,85.21,85.54,11551,9.87,2026-09-10
DPABHUSHAN,EQ,1397.7,1406.7,1355.0,1369.3,1397.7,19756,272.68,2026-09-10
DRAGARWQ,EQ,5266.5,5348.0,5266.5,5306.0,5241.5,2708,143.65,2026-09-10
DRCSYSTEMS,EQ,13.19,13.19,12.68,12.86,12.97,30616,3.92,2026-09-10
DREAMFOLKS,EQ,68.3,69.0,66.82,67.12,68.55,30293,20.53,2026-09-10
DREDGECORP,EQ,1042.0,1054.0,1022.1,1030.7,1040.5,57460,594.7,2026-09-10
DRREDDY,EQ,1140.0,1147.2,1134.9,1143.0,1145.0,1684792,19208.67,2026-09-10
DSSL,EQ,1033.6,1040.8,1022.0,1032.2,1022.0,22889,235.56,2026-09-10
DUCON,EQ,1.82,1.83,1.76,1.78,1.8,1751220,31.42,2026-09-10
DVL,EQ,290.85,291.5,280.05,285.1,289.2,17742,50.71,2026-09-10
DWARKESH,EQ,46.99,47.44,45.4,45.78,46.72,1547426,715.84,2026-09-10
DYCL,EQ,457.7,477.0,452.0,454.65,456.5,856388,3977.33,2026-09-10
DYNAMATECH,EQ,11625.0,11785.0,11402.0,11543.0,11625.0,12225,1421.25,2026-09-10
DYNPRO,EQ,239.76,244.0,232.5,237.05,235.09,19689,47.14,2026-09-10
EASEMYTRIP,EQ,5.99,5.99,5.78,5.79,5.97,32925809,1919.68,2026-09-10
EASTWEST,EQ,2.3,2.36,2.28,2.34,2.3,16616,0.39,2026-09-10
EBANK10,EQ,16.46,16.5,16.21,16.25,16.38,842,0.14,2026-09-10
EBANKNIFTY,EQ,56.87,57.24,56.87,57.06,57.15,305,0.17,2026-09-10
EBBETF0430,EQ,1609.16,1617.8,1609.16,1612.2,1612.43,2701,43.56,2026-09-10
EBBETF0431,EQ,1442.0,1442.0,1431.07,1439.23,1435.07,1272,18.26,2026-09-10
EBBETF0433,EQ,1318.99,1318.99,1306.31,1309.17,1313.47,1674,21.96,2026-09-10
EBGNG,EQ,685.0,704.9,663.0,677.95,675.8,1283090,8751.63,2026-09-10
ECAPINSURE,EQ,23.4,23.5,23.23,23.28,23.47,159679,37.23,2026-09-10
ECLERX,EQ,1930.0,1930.1,1890.4,1899.8,1922.6,72761,1388.71,2026-09-10
ECORECO,EQ,444.45,452.9,435.0,437.25,444.45,14410,63.26,2026-09-10
ECOSMOBLTY,EQ,111.97,112.99,111.1,111.73,111.44,36273,40.55,2026-09-10
EDELWEISS,EQ,132.21,140.9,131.2,136.74,133.63,16928746,23104.4,2026-09-10
EFCIL,EQ,189.0,190.74,186.45,188.04,189.52,109913,206.9,2026-09-10
EGOLD,EQ,153.7,153.7,152.2,152.6,152.2,811853,1238.93,2026-09-10
EICHERMOT,EQ,7713.0,7746.0,7637.5,7697.0,7734.5,289058,22178.3,2026-09-10
EIDPARRY,EQ,750.0,761.0,731.6,733.95,756.7,342075,2537.09,2026-09-10
EIEL,EQ,211.03,215.74,209.0,211.65,206.06,5829468,12379.52,2026-09-10
EIHAHOTELS,EQ,292.1,295.15,290.0,291.55,293.3,9363,27.34,2026-09-10
EIHOTEL,EQ,288.95,290.0,281.35,285.05,289.35,131511,376.62,2026-09-10
EIMCOELECO,EQ,2205.1,2344.5,2205.0,2291.4,2221.6,45900,1051.95,2026-09-10
EKC,EQ,103.3,104.08,102.0,102.39,103.3,89007,91.55,2026-09-10
EKI,EQ,71.01,72.5,70.0,70.73,71.38,15668,11.1,2026-09-10
ELANTAS,EQ,13618.0,13899.0,13351.0,13397.0,13618.0,3335,452.16,2026-09-10
ELCIDIN,EQ,105590.0,107995.0,105590.0,106400.0,108000.0,14,14.93,2026-09-10
ELDEHSG,EQ,799.0,799.0,775.0,781.6,775.4,205,1.6,2026-09-10
ELECON,EQ,419.55,423.85,418.0,420.5,419.4,155904,656.07,2026-09-10
ELECTCAST,EQ,78.2,80.49,78.19,79.86,78.24,1266962,1009.34,2026-09-10
ELECTHERM,EQ,963.45,968.3,940.0,943.0,965.0,13574,129.12,2026-09-10
ELGIEQUIP,EQ,621.8,624.9,602.5,621.6,618.85,574129,3521.36,2026-09-10
ELGIRUBCO,EQ,62.82,63.54,59.36,59.87,62.82,62106,38.01,2026-09-10
ELIN,EQ,95.51,96.95,92.2,92.62,96.29,217355,203.93,2026-09-10
ELIQUID,EQ,1047.08,1047.1,1047.08,1047.09,1046.97,22275,233.24,2026-09-10
ELITECON,EQ,7.08,7.82,7.08,7.8,7.45,33059819,2560.81,2026-09-10
ELLEN,EQ,359.0,378.6,345.5,373.5,355.05,3092748,11257.33,2026-09-10
ELM250,EQ,16.65,16.8,16.12,16.3,16.52,114662,18.87,2026-09-10
ELMDIV,EQ,35.81,36.05,35.4,35.81,35.6,9467,3.41,2026-09-10
ELPROINTL,EQ,175.8,175.8,173.45,173.76,174.87,11047,19.23,2026-09-10
EMAMILTD,EQ,370.45,374.85,369.1,370.85,369.1,3326974,12393.21,2026-09-10
EMAMIREAL,EQ,72.0,72.45,70.0,72.31,69.0,43862,31.68,2026-09-10
EMBDL,EQ,57.3,58.7,57.06,57.6,57.34,1393725,805.6,2026-09-10
EMCURE,EQ,1926.1,1988.0,1914.5,1962.8,1914.4,248776,4893.25,2026-09-10
EMETAL,EQ,13.53,13.53,13.22,13.49,13.4,4489,0.6,2026-09-10
EMIL,EQ,182.4,196.4,180.23,191.82,182.65,7121916,13577.92,2026-09-10
EMKAY,EQ,253.5,254.7,248.6,249.2,250.75,10735,26.97,2026-09-10
EMMVEE,EQ,328.9,344.9,328.6,342.65,328.9,5005240,17010.1,2026-09-10
EMPIND,EQ,1077.0,1077.5,1041.2,1062.5,1076.6,7162,75.48,2026-09-10
EMPOWER,EQ,2.13,2.2,2.13,2.19,2.1,18816331,412.26,2026-09-10
EMSLIMITED,EQ,386.95,393.0,382.0,391.4,385.8,298288,1155.4,2026-09-10
EMUDHRA,EQ,511.2,515.35,492.35,497.9,511.5,167411,846.09,2026-09-10
EMULTIMQ,EQ,42.55,42.64,41.9,42.1,42.19,14928,6.28,2026-09-10
ENDURANCE,EQ,2743.5,2762.2,2691.0,2715.9,2755.7,119092,3229.01,2026-09-10
ENERGY,EQ,38.71,38.94,38.39,38.42,38.71,423910,163.23,2026-09-10
ENERGYAXIS,EQ,19.4,19.7,19.1,19.18,19.3,9880,1.9,2026-09-10
ENERGYDEV,EQ,14.89,15.3,14.36,15.12,14.89,43848,6.5,2026-09-10
ENEXT50,EQ,72.97,72.97,72.1,72.1,72.6,1048,0.76,2026-09-10
ENGINERSIN,EQ,273.6,277.8,270.1,272.05,273.1,1648920,4514.95,2026-09-10
ENIFTY,EQ,23.58,23.71,23.58,23.61,23.7,12198,2.89,2026-09-10
ENIL,EQ,100.25,104.72,100.25,101.74,100.72,11082,11.29,2026-09-10
ENKEIWHEL,EQ,403.0,408.5,388.0,392.2,402.9,4532,18.02,2026-09-10
ENRIN,EQ,3215.7,3228.2,3167.2,3179.1,3183.7,212471,6766.61,2026-09-10
ENTERO,EQ,1835.7,1850.0,1779.7,1792.9,1828.3,166179,2987.45,2026-09-10
EPACK,EQ,188.0,189.77,186.81,188.14,188.15,315594,594.52,2026-09-10
EPACKPEB,EQ,249.39,249.71,238.2,239.03,248.14,358765,867.17,2026-09-10
EPIGRAL,EQ,1166.1,1175.0,1140.0,1149.8,1163.9,35996,413.81,2026-09-10
EPL,EQ,246.3,251.2,244.25,245.25,246.7,1241067,3062.03,2026-09-10
EQUAL200,EQ,13.69,13.69,13.61,13.64,13.69,10136,1.38,2026-09-10
EQUAL50,EQ,325.0,325.49,323.87,324.87,325.08,3966,12.89,2026-09-10
EQUAL50ADD,EQ,337.54,337.54,335.33,335.86,336.38,6652,22.34,2026-09-10
EQUITASBNK,EQ,72.9,73.35,71.96,72.63,72.7,1259639,912.12,2026-09-10
ERIS,EQ,1335.0,1360.9,1325.0,1356.6,1335.0,39505,532.38,2026-09-10
ESABINDIA,EQ,5903.5,5953.0,5813.0,5824.0,5932.0,3495,204.65,2026-09-10
ESCORTS,EQ,2989.2,3002.2,2951.0,2958.4,2989.2,25353,753.36,2026-09-10
ESDS,EQ,1520.0,1582.7,1330.0,1582.2,1438.85,15676632,234907.03,2026-09-10
ESENSEX,EQ,75.49,75.54,75.1,75.45,75.63,1089,0.82,2026-09-10
ESG,EQ,40.37,40.39,40.18,40.18,40.42,64497,25.92,2026-09-10
ESILVER,EQ,234.15,236.17,233.0,233.29,232.93,24359,57.2,2026-09-10
ESSARSHPNG,EQ,16.1,16.22,16.01,16.1,16.04,67976,10.96,2026-09-10
ESSENTIA,EQ,1.07,1.09,1.06,1.06,1.06,1170605,12.51,2026-09-10
ESTER,EQ,91.45,92.5,90.03,90.54,91.02,50678,46.28,2026-09-10
ETERNAL,EQ,322.7,322.9,317.55,322.1,320.6,15557911,49898.78,2026-09-10
ETHOSLTD,EQ,2762.2,2778.0,2652.7,2687.4,2744.0,68034,1846.92,2026-09-10
EUREKAFORB,EQ,403.0,406.75,395.6,397.35,399.35,147592,589.69,2026-09-10
EUROBOND,EQ,154.0,154.0,148.0,150.0,150.15,929,1.39,2026-09-10
EUROPRATIK,EQ,252.15,256.9,244.8,247.75,254.4,261511,662.07,2026-09-10
EVEREADY,EQ,348.0,369.4,347.65,366.2,349.4,742503,2672.09,2026-09-10
EVIETF,EQ,32.27,32.84,32.0,32.14,32.24,44236,14.23,2026-09-10
EVINDIA,EQ,32.26,32.34,32.08,32.13,32.26,156859,50.53,2026-09-10
EXCELINDUS,EQ,989.4,1001.0,989.4,992.6,989.4,4803,47.75,2026-09-10
EXCELSOFT,EQ,74.6,83.4,74.06,80.08,75.23,9554776,7707.13,2026-09-10
EXICOM,EQ,180.42,183.8,175.1,176.73,180.42,1218667,2177.42,2026-09-10
EXIDEIND,EQ,411.0,424.0,411.0,420.85,410.75,3849629,16209.28,2026-09-10
EXPLEOSOL,EQ,877.6,898.0,875.35,883.8,877.6,17439,154.25,2026-09-10
EXXARO,EQ,6.64,6.64,6.23,6.37,6.45,396906,25.31,2026-09-10
FABTECH,EQ,149.9,154.45,146.15,147.42,147.65,213570,320.53,2026-09-10
FACT,EQ,787.0,809.55,785.0,789.95,786.4,167703,1330.65,2026-09-10
FAZE3Q,EQ,486.1,492.25,482.1,486.4,484.8,8746,42.59,2026-09-10
FCL,EQ,58.65,61.73,58.05,58.71,58.43,30215858,17973.18,2026-09-10
FCSSOFT,EQ,1.42,1.43,1.4,1.41,1.42,1067673,15.13,2026-09-10
FDC,EQ,356.75,356.75,344.55,345.35,354.3,115269,401.39,2026-09-10
FEDDERSHOL,EQ,49.5,50.32,48.4,48.42,48.5,4104988,2004.9,2026-09-10
FEDERALBNK,EQ,343.85,347.05,343.75,346.0,345.0,5314983,18357.1,2026-09-10
FEDFINA,EQ,157.25,160.38,156.82,158.88,156.94,454377,720.89,2026-09-10
FERMENTA,EQ,494.75,499.45,479.5,483.65,494.4,54975,266.94,2026-09-10
FIBERWEB,EQ,26.24,27.0,26.0,26.98,26.11,24076,6.42,2026-09-10
FIEMIND,EQ,2010.0,2022.9,1980.0,1986.8,2021.6,61931,1239.55,2026-09-10
FILATEX,EQ,75.4,76.53,75.16,76.25,75.55,654464,496.89,2026-09-10
FILATFASH,EQ,0.18,0.19,0.18,0.18,0.18,19161585,35.21,2026-09-10
FINCABLES,EQ,1355.0,1429.0,1336.7,1418.4,1353.4,2351771,32693.76,2026-09-10
FINEORG,EQ,5172.0,5188.5,5122.0,5156.0,5148.5,12118,624.8,2026-09-10
FINIETF,EQ,32.67,32.67,32.13,32.36,32.32,290087,93.68,2026-09-10
FINKURVE,EQ,68.11,70.49,66.5,66.73,67.57,129793,88.43,2026-09-10
FINOPB,EQ,137.9,141.54,137.41,139.95,137.64,463691,647.93,2026-09-10
FINPIPE,EQ,156.0,158.5,156.0,157.08,156.71,286323,449.05,2026-09-10
FIRSTCRY,EQ,172.0,174.52,170.0,171.38,172.52,814837,1400.12,2026-09-10
FISCHER,EQ,35.01,35.55,34.59,34.9,34.78,451549,157.67,2026-09-10
FIVESTAR,EQ,531.05,534.85,527.3,530.65,533.05,155615,825.04,2026-09-10
FLAIR,EQ,241.9,241.9,236.56,238.54,238.56,98152,235.62,2026-09-10
FLEXIADD,EQ,9.97,10.17,9.77,9.79,9.85,112300,11.03,2026-09-10
FLUOROCHEM,EQ,4737.8,4887.9,4737.8,4786.3,4754.8,170274,8193.13,2026-09-10
FMCGADD,EQ,46.05,46.05,45.36,45.4,46.15,23131,10.54,2026-09-10
FMCGIETF,EQ,49.39,49.39,48.56,48.65,48.89,1894394,923.61,2026-09-10
FMGOETZE,EQ,460.0,463.55,441.3,443.55,455.45,503177,2268.88,2026-09-10
FMNL,EQ,9.07,9.73,9.07,9.15,9.31,34831,3.24,2026-09-10
FOODSIN,EQ,59.0,59.7,55.35,56.77,57.98,116129,67.32,2026-09-10
FORCEMOT,EQ,17419.0,18339.0,17349.0,18175.0,17355.0,222791,40180.05,2026-09-10
FORTIS,EQ,914.65,915.0,900.6,902.45,915.0,963139,8743.42,2026-09-10
FOSECOIND,EQ,6060.0,6324.0,6060.0,6194.0,6080.0,10101,629.01,2026-09-10
FRACTAL,EQ,780.0,784.3,764.55,766.65,777.65,244109,1890.48,2026-09-10
FREDUN,EQ,1460.0,1493.0,1418.2,1461.2,1439.2,44072,641.78,2026-09-10
FRONTSP,EQ,1272.2,1275.1,1250.0,1255.0,1263.9,7869,99.29,2026-09-10
FSL,EQ,254.95,257.35,250.3,251.35,254.75,332027,841.79,2026-09-10
FUSION,EQ,195.65,196.68,189.98,190.68,194.93,702387,1348.11,2026-09-10
GABRIEL,EQ,1360.8,1368.0,1328.4,1338.7,1360.8,97710,1319.12,2026-09-10
GAEL,EQ,168.15,170.95,164.0,164.8,166.39,646957,1075.84,2026-09-10
GAIL,EQ,174.0,176.5,173.25,174.49,174.9,4397343,7681.71,2026-09-10
GAJA,EQ,160.24,163.9,153.25,155.33,158.69,1928025,3048.09,2026-09-10
GALAPREC,EQ,1054.8,1054.9,1015.0,1038.0,1048.1,21452,221.0,2026-09-10
GALAXYSURF,EQ,2300.1,2330.0,2226.0,2247.4,2288.9,40182,915.87,2026-09-10
GALLANTT,EQ,557.1,568.7,550.0,553.25,557.1,52214,290.47,2026-09-10
GANDHAR,EQ,269.0,278.0,269.0,271.3,265.85,1490894,4087.89,2026-09-10
GANDHITUBE,EQ,900.0,902.95,889.1,899.3,898.8,2826,25.37,2026-09-10
GANECOS,EQ,1023.7,1062.4,1009.6,1048.6,1020.5,110267,1152.63,2026-09-10
GANESHCP,EQ,168.67,170.0,165.5,166.98,167.58,317609,530.55,2026-09-10
GANESHHOU,EQ,757.3,784.1,754.7,772.95,758.5,23060,178.29,2026-09-10
GANGAFORGE,EQ,1.63,1.63,1.55,1.6,1.59,3183731,51.04,2026-09-10
GANGESSECU,EQ,116.99,119.46,115.5,115.62,115.99,1949,2.27,2026-09-10
GARFIBRES,EQ,810.3,829.9,771.25,784.5,814.6,216497,1746.04,2026-09-10
GARUDA,EQ,181.99,183.19,177.65,179.29,181.95,680295,1228.41,2026-09-10
GATEWAY,EQ,53.35,54.5,53.35,53.65,53.51,347943,186.81,2026-09-10
GAYAHWS,EQ,1.94,1.95,1.85,1.9,1.94,125320,2.4,2026-09-10
GAYAPROJ,EQ,23.7,24.82,23.3,24.8,23.64,2185895,536.64,2026-09-10
GCSL,EQ,605.0,616.9,603.85,614.8,601.9,241437,1472.28,2026-09-10
GEEKAYWIRE,EQ,27.9,29.84,27.8,28.62,27.91,49534,14.15,2026-09-10
GEMAROMA,EQ,166.67,172.6,163.5,165.09,164.83,111999,187.71,2026-09-10
GENCON,EQ,42.98,42.98,41.4,41.91,42.03,381933,161.48,2026-09-10
GENESYS,EQ,274.31,323.23,265.63,299.67,274.31,9166324,28108.69,2026-09-10
GENUSPAPER,EQ,12.45,13.09,11.85,12.1,12.19,393870,48.57,2026-09-10
GENUSPOWER,EQ,329.0,332.3,325.05,326.15,329.0,788425,2580.4,2026-09-10
GEOJITFSL,EQ,80.12,80.93,79.01,79.47,80.12,255965,203.82,2026-09-10
GESHIP,EQ,1394.0,1426.9,1393.0,1400.2,1393.4,1104013,15509.62,2026-09-10
GFLLIMITED,EQ,57.5,59.9,57.16,58.44,57.35,107699,63.07,2026-09-10
GFSTEELS,EQ,19.96,19.96,19.96,19.96,18.15,2461,0.49,2026-09-10
GHCL,EQ,426.3,428.9,421.0,424.7,426.3,92301,391.72,2026-09-10
GHCLTEXTIL,EQ,134.72,134.88,130.5,132.54,133.67,233354,308.6,2026-09-10
GICHSGFIN,EQ,137.31,138.51,135.6,136.12,137.15,77138,105.46,2026-09-10
GICL,EQ,23.75,24.7,23.5,24.33,24.4,218956,53.22,2026-09-10
GICRE,EQ,349.45,350.2,342.95,343.7,349.9,350856,1214.76,2026-09-10
GILLANDERS,EQ,104.0,105.49,102.0,102.37,102.2,2570,2.63,2026-09-10
GILLETTE,EQ,7479.5,7480.0,7365.5,7385.5,7479.5,5223,386.52,2026-09-10
GILT10BETA,EQ,26.79,26.79,26.28,26.71,26.79,917,0.24,2026-09-10
GILT5BETA,EQ,67.2,67.2,65.99,67.19,67.02,1611,1.08,2026-09-10
GILT5YBEES,EQ,66.54,66.54,66.26,66.28,66.36,105046,69.69,2026-09-10
GIPCL,EQ,202.0,204.49,200.01,201.3,201.04,352513,711.66,2026-09-10
GKB,EQ,68.0,68.0,64.0,65.09,66.43,5467,3.55,2026-09-10
GKENERGY,EQ,132.0,132.0,127.5,128.01,127.21,515968,665.95,2026-09-10
GKSL,EQ,175.0,177.01,172.87,173.22,176.02,142017,248.04,2026-09-10
GKWLIMITED,EQ,1570.4,1572.2,1550.0,1556.3,1588.8,114,1.77,2026-09-10
GLAND,EQ,3031.0,3031.0,2918.9,2946.9,3026.2,368835,10947.11,2026-09-10
GLAXO,EQ,2934.8,2961.8,2832.2,2840.9,2890.2,38562,1112.64,2026-09-10
GLENMARK,EQ,2445.9,2449.9,2403.1,2415.0,2435.0,262107,6348.89,2026-09-10
GLFL,EQ,5.37,5.4,5.13,5.26,5.37,13469,0.71,2026-09-10
GLOBAL,EQ,126.0,128.54,121.94,123.56,125.94,81499,102.48,2026-09-10
GLOBALE,EQ,11.19,11.3,10.75,10.85,11.3,2969,0.32,2026-09-10
GLOBALVECT,EQ,140.4,140.4,138.0,138.35,139.03,5519,7.65,2026-09-10
GLOBE,EQ,1.85,1.87,1.8,1.85,1.82,328839,6.0,2026-09-10
GLOBECIVIL,EQ,43.75,45.97,43.75,44.55,44.72,23740,10.69,2026-09-10
GLOBUSSPR,EQ,854.0,854.7,835.0,837.55,849.8,88143,741.4,2026-09-10
GLOSTERLTD,EQ,607.5,607.5,590.0,599.45,597.55,653,3.93,2026-09-10
GLOTTIS,EQ,59.89,60.37,58.5,58.74,59.03,43296,25.92,2026-09-10
GMBREW,EQ,917.7,926.0,911.0,912.5,917.7,19971,183.22,2026-09-10
GMDCLTD,EQ,578.8,601.0,577.0,580.4,574.55,4880225,28799.89,2026-09-10
GMMPFAUDLR,EQ,1305.4,1325.8,1290.6,1319.2,1305.4,385507,5037.85,2026-09-10
GMRAIRPORT,EQ,98.61,98.61,96.82,97.46,98.65,9680394,9448.44,2026-09-10
GMRP&UI,EQ,94.82,97.05,92.58,96.51,94.82,1607477,1529.51,2026-09-10
GNA,EQ,543.7,559.0,540.0,553.95,539.55,297519,1637.98,2026-09-10
GNFC,EQ,572.0,575.0,564.45,570.75,574.6,432189,2462.26,2026-09-10
GNRL,EQ,109.71,110.29,107.31,107.73,109.03,76155,82.88,2026-09-10
GOACARBON,EQ,484.0,484.0,433.65,440.25,463.5,627318,2873.09,2026-09-10
GOCLCORP,EQ,432.1,437.55,429.9,432.2,431.7,82309,356.04,2026-09-10
GOCOLORS,EQ,326.0,326.0,316.4,318.45,325.85,53673,172.43,2026-09-10
GODAVARIB,EQ,238.46,240.6,233.91,235.82,238.46,78228,185.35,2026-09-10
GODFRYPHLP,EQ,1976.2,2002.9,1961.0,1972.0,1978.5,190824,3776.76,2026-09-10
GODIGIT,EQ,253.3,255.7,250.1,250.75,253.3,93062,234.04,2026-09-10
GODREJAGRO,EQ,675.05,683.5,663.8,673.05,674.65,424433,2860.17,2026-09-10
GODREJCP,EQ,863.8,872.8,859.0,869.9,863.8,697924,6054.31,2026-09-10
GODREJIND,EQ,1135.0,1135.4,1120.0,1122.3,1133.4,90792,1021.46,2026-09-10
GODREJPROP,EQ,1850.0,1874.8,1836.0,1872.0,1857.1,686220,12742.04,2026-09-10
GOKEX,EQ,781.0,792.15,770.5,774.2,785.45,208650,1616.17,2026-09-10
GOKUL,EQ,43.8,43.8,41.6,42.61,42.78,242171,103.69,2026-09-10
GOKULAGRO,EQ,232.0,232.09,226.0,226.4,230.56,248041,565.84,2026-09-10
GOLD1,EQ,127.9,128.12,127.22,127.4,126.95,3017812,3853.46,2026-09-10
GOLD360,EQ,148.6,149.8,148.45,149.15,148.25,7224,10.79,2026-09-10
GOLDADD,EQ,14.8,14.92,14.8,14.83,14.8,3792185,563.86,2026-09-10
GOLDAXIS,EQ,127.65,127.99,127.05,127.19,126.81,475888,607.26,2026-09-10
GOLDBEES,EQ,126.41,126.93,126.05,126.2,125.78,15916449,20128.99,2026-09-10
GOLDBETA,EQ,128.5,129.2,128.35,128.5,128.25,685844,882.13,2026-09-10
GOLDBND,EQ,152.1,153.88,151.82,152.51,152.03,22899,35.04,2026-09-10
GOLDCASE,EQ,24.03,24.18,24.02,24.04,23.96,8411361,2026.17,2026-09-10
GOLDETF,EQ,148.2,149.15,148.2,148.46,148.05,1309123,1946.71,2026-09-10
GOLDIAM,EQ,330.0,333.05,325.6,327.8,329.8,299837,985.4,2026-09-10
GOLDIETF,EQ,130.65,131.53,130.6,130.75,130.37,4267231,5591.54,2026-09-10
GOODLUCK,EQ,515.8,533.3,515.05,517.9,515.8,811696,4253.75,2026-09-10
GOODYEAR,EQ,730.0,733.65,720.0,724.7,729.35,3645,26.5,2026-09-10
GOPAL,EQ,261.9,263.85,259.0,260.5,261.85,86921,226.51,2026-09-10
GOYALALUM,EQ,6.16,6.3,6.1,6.14,6.16,85898,5.31,2026-09-10
GPIL,EQ,254.0,254.6,247.25,252.23,253.04,1594175,3999.67,2026-09-10
GPPL,EQ,159.16,163.34,159.16,162.27,158.59,1620378,2628.69,2026-09-10
GPTHEALTH,EQ,161.16,165.4,160.1,161.29,162.63,145904,237.94,2026-09-10
GPTINFRA,EQ,113.0,114.8,112.12,113.47,111.39,239257,271.69,2026-09-10
GRADIENTE,EQ,2.6,2.61,2.51,2.53,2.55,1077579,27.6,2026-09-10
GRANDOAK,EQ,37.2,37.2,36.15,36.88,36.26,3734,1.37,2026-09-10
GRANULES,EQ,870.1,905.85,870.1,899.25,884.8,1597031,14260.62,2026-09-10
GRAPHITE,EQ,839.15,868.95,820.1,824.8,844.65,11528239,97581.5,2026-09-10
GRASIM,EQ,3290.0,3324.4,3279.9,3319.0,3300.0,1056285,34956.64,2026-09-10
GRAUWEIL,EQ,72.0,77.47,72.0,76.48,72.67,1086631,821.88,2026-09-10
GRAVISSHO,EQ,29.16,35.59,28.65,35.59,29.66,491934,173.07,2026-09-10
GRAVITA,EQ,1679.9,1720.6,1675.0,1698.7,1696.4,117013,1986.17,2026-09-10
GREAVESCOT,EQ,192.0,199.4,191.1,193.6,192.38,1100510,2159.52,2026-09-10
GREENLAM,EQ,236.25,238.9,235.7,236.39,236.25,15103,35.75,2026-09-10
GREENPANEL,EQ,162.0,163.95,159.5,159.99,160.67,645667,1037.91,2026-09-10
GREENPLY,EQ,294.95,298.5,291.0,296.7,293.65,114718,337.96,2026-09-10
GREENPOWER,EQ,9.55,9.59,9.35,9.36,9.54,3898629,367.18,2026-09-10
GRINDWELL,EQ,1875.0,1940.2,1865.1,1907.7,1893.1,25898,492.85,2026-09-10
GRINFRA,EQ,858.5,892.95,841.25,850.55,858.5,44767,386.39,2026-09-10
GRMOVER,EQ,88.0,88.99,86.37,87.48,88.14,1190958,1039.86,2026-09-10
GROBTEA,EQ,940.05,980.05,940.05,960.0,945.95,127,1.23,2026-09-10
GROWW,EQ,193.99,197.8,193.45,195.84,194.63,16339114,32016.12,2026-09-10
GROWWCAPM,EQ,11.58,11.58,11.25,11.31,11.35,354935,40.13,2026-09-10
GROWWCHEM,EQ,30.1,30.29,29.85,30.05,30.1,51883,15.57,2026-09-10
GROWWDEFNC,EQ,99.26,99.6,97.38,97.96,99.25,385355,377.6,2026-09-10
GROWWEV,EQ,32.78,32.78,31.96,32.12,32.21,202888,65.13,2026-09-10
GROWWGOLD,EQ,14.97,15.0,14.9,14.91,14.87,2119446,316.77,2026-09-10
GROWWHOSPI,EQ,53.91,53.91,52.52,52.65,52.6,207236,109.29,2026-09-10
GROWWLIQID,EQ,110.79,110.79,110.68,110.68,110.67,585938,648.53,2026-09-10
GROWWLOVOL,EQ,10.25,10.25,10.14,10.2,10.18,6224,0.63,2026-09-10
GROWWMC150,EQ,234.5,234.5,228.51,229.09,230.9,517,1.19,2026-09-10
GROWWMETAL,EQ,12.56,12.88,12.1,12.7,12.7,276340,35.07,2026-09-10
GROWWMOM50,EQ,11.18,11.18,11.01,11.09,11.12,162153,18.01,2026-09-10
GROWWN200,EQ,11.09,11.22,11.09,11.14,11.17,38526,4.29,2026-09-10
GROWWNET,EQ,10.92,11.05,10.76,10.83,10.77,355262,38.5,2026-09-10
GROWWNIFTY,EQ,9.63,9.63,9.47,9.5,9.51,681596,64.75,2026-09-10
GROWWNXT50,EQ,73.25,73.52,72.81,73.06,73.82,10598,7.75,2026-09-10
GROWWPOWER,EQ,11.57,11.57,11.31,11.36,11.43,1267675,144.3,2026-09-10
GROWWPSE,EQ,98.5,99.48,96.53,98.38,98.5,2343,2.31,2026-09-10
GROWWPSUBK,EQ,84.7,85.2,83.11,84.45,84.06,1245,1.05,2026-09-10
GROWWRAIL,EQ,28.05,28.05,27.6,27.64,27.78,863789,239.43,2026-09-10
GROWWRLTY,EQ,9.9,9.9,9.68,9.76,9.84,430062,41.98,2026-09-10
GROWWSC250,EQ,10.75,10.75,10.56,10.66,10.65,113543,12.09,2026-09-10
GROWWSLVR,EQ,23.1,23.2,22.88,22.92,22.77,1297875,299.71,2026-09-10
GRPLTD,EQ,2024.9,2024.9,1983.1,1992.5,2026.9,608,12.14,2026-09-10
GRSE,EQ,2498.0,2508.6,2419.0,2435.3,2493.9,370821,9113.46,2026-09-10
GRWRHITECH,EQ,6752.5,7030.0,6752.5,6905.0,6752.5,59432,4128.2,2026-09-10
GSEC10ADD,EQ,26.48,26.83,26.48,26.83,26.8,377,0.1,2026-09-10
GSEC10IETF,EQ,264.96,264.96,262.33,262.33,262.81,186,0.49,2026-09-10
GSEC10YEAR,EQ,30.58,30.61,30.25,30.61,30.44,5088,1.54,2026-09-10
GSEC5IETF,EQ,66.57,66.8,66.17,66.19,66.24,9292,6.19,2026-09-10
GSFC,EQ,160.0,161.9,159.1,160.38,160.03,1757556,2814.61,2026-09-10
GSLSU,EQ,28.0,28.0,26.45,27.22,27.84,53432,14.37,2026-09-10
GSPCROP,EQ,490.0,494.6,470.0,471.75,491.35,252463,1203.34,2026-09-10
GSS,EQ,11.13,11.13,10.4,10.47,10.88,100600,10.62,2026-09-10
GTL,EQ,7.17,7.29,7.13,7.2,7.16,181256,13.1,2026-09-10
GTLINFRA,EQ,1.16,1.18,1.16,1.16,1.16,22019197,257.75,2026-09-10
GTPL,EQ,58.75,61.59,58.29,59.75,58.29,99581,59.38,2026-09-10
GUFICBIO,EQ,429.9,432.2,419.1,422.65,428.85,59276,251.64,2026-09-10
GUJALKALI,EQ,712.55,727.0,707.05,718.75,712.55,61375,439.88,2026-09-10
GUJAPOLLO,EQ,348.3,349.0,336.0,338.35,345.0,8316,28.45,2026-09-10
GUJENERGY,EQ,258.97,264.3,253.81,254.8,258.97,2198796,5644.54,2026-09-10
GUJRAFFIA,EQ,42.45,42.45,40.63,41.17,40.9,3927,1.64,2026-09-10
GUJTHEM,EQ,435.4,445.0,426.1,430.1,430.75,1458568,6277.94,2026-09-10
GULFOILLUB,EQ,1077.0,1080.0,1064.3,1073.0,1081.1,49771,532.65,2026-09-10
GULPOLY,EQ,179.86,180.75,176.4,176.68,179.86,155336,276.77,2026-09-10
GVPIL,EQ,653.0,666.9,653.0,654.5,659.25,101615,668.33,2026-09-10
GVT&D,EQ,4645.0,4666.9,4525.0,4545.0,4673.0,685310,31284.82,2026-09-10
GYFTR,EQ,182.93,187.19,180.37,185.32,181.7,18925,34.55,2026-09-10
HAL,EQ,5015.0,5052.4,4914.6,4950.0,5000.5,688500,34212.97,2026-09-10
HALDER,EQ,287.0,287.0,275.0,281.9,282.45,21256,60.39,2026-09-10
HALEOSLABS,EQ,1498.0,1498.0,1450.0,1450.6,1470.9,171,2.49,2026-09-10
HAMPTON,EQ,8.46,8.46,8.26,8.4,8.49,361241,30.35,2026-09-10
HAPPSTMNDS,EQ,338.75,340.9,331.2,332.4,339.5,807094,2709.82,2026-09-10
HAPPYFORGE,EQ,2253.2,2301.0,2211.0,2233.4,2256.7,58774,1319.84,2026-09-10
HARDWYN,EQ,9.05,9.54,9.01,9.12,8.93,1908231,176.54,2026-09-10
HARIOMPIPE,EQ,366.15,369.75,360.15,361.8,366.15,46893,171.03,2026-09-10
HARRMALAYA,EQ,190.83,190.83,186.25,186.8,187.72,6407,12.01,2026-09-10
HARSHA,EQ,453.4,455.0,445.1,447.2,453.4,86970,390.94,2026-09-10
HATHWAY,EQ,10.15,10.3,10.1,10.17,10.22,976509,99.61,2026-09-10
HATSUN,EQ,1203.8,1205.0,1180.0,1194.5,1199.1,31094,370.98,2026-09-10
HAVELLS,EQ,1121.0,1126.0,1105.5,1116.0,1120.4,1093884,12183.22,2026-09-10
HAVISHA,EQ,1.35,1.37,1.33,1.34,1.35,32100,0.43,2026-09-10
HAWKINCOOK,EQ,8637.5,8637.5,8333.0,8408.0,8504.5,2639,222.19,2026-09-10
HAZOOR,EQ,20.24,20.24,19.41,19.7,19.88,89734,17.77,2026-09-10
HBESD,EQ,74.0,74.0,70.1,71.26,72.81,837,0.6,2026-09-10
HBLENGINE,EQ,726.45,737.85,717.35,720.9,730.1,1338416,9730.33,2026-09-10
HBPOR,EQ,62.8,62.8,58.6,58.9,59.37,533,0.32,2026-09-10
HBSL,EQ,53.4,54.98,53.4,54.37,52.86,3048,1.65,2026-09-10
HCC,EQ,23.41,23.63,22.63,22.81,23.43,19958126,4605.44,2026-09-10
HCG,EQ,716.0,717.2,693.75,700.9,712.55,225989,1596.21,2026-09-10
HCL-INSYS,EQ,10.18,10.32,10.1,10.12,10.09,188728,19.21,2026-09-10
HCLTECH,EQ,1224.8,1237.0,1196.9,1207.0,1229.8,2197859,26647.09,2026-09-10
HDBFS,EQ,672.1,680.85,668.05,677.7,675.05,261702,1763.02,2026-09-10
HDFCAMC,EQ,2430.0,2448.1,2401.0,2433.8,2440.0,370540,8999.38,2026-09-10
HDFCBANK,EQ,687.1,694.5,686.2,693.8,687.1,27108053,187125.4,2026-09-10
HDFCBSE500,EQ,37.79,37.79,36.54,36.8,37.0,4283337,1576.07,2026-09-10
HDFCGOLD,EQ,130.36,131.14,130.26,130.49,130.06,2125971,2777.28,2026-09-10
HDFCGROWTH,EQ,115.5,116.14,115.32,115.49,116.15,8374,9.68,2026-09-10
HDFCLIFE,EQ,515.15,526.15,508.7,526.15,514.0,4125818,21375.85,2026-09-10
HDFCLIQUID,EQ,1077.12,1077.26,1077.12,1077.25,1077.12,13555,146.02,2026-09-10
HDFCLOWVOL,EQ,20.1,20.11,19.96,19.98,20.1,5195,1.04,2026-09-10
HDFCMID150,EQ,23.34,23.35,23.17,23.24,23.3,264279,61.44,2026-09-10
HDFCMOMENT,EQ,31.51,31.56,31.11,31.12,31.36,110804,34.61,2026-09-10
HDFCNEXT50,EQ,74.57,74.76,73.97,74.08,74.58,56218,41.76,2026-09-10
HDFCNIF100,EQ,25.55,25.55,25.45,25.47,25.55,44229,11.27,2026-09-10
HDFCNIFBAN,EQ,58.16,58.37,57.89,58.03,58.16,676174,392.63,2026-09-10
HDFCNIFIT,EQ,31.05,31.27,30.65,30.85,30.9,110521,34.12,2026-09-10
HDFCNIFTY,EQ,267.94,267.94,264.06,264.33,265.24,202749,536.18,2026-09-10
HDFCNIMEG,EQ,137.33,137.33,132.71,133.04,133.99,3912,5.22,2026-09-10
HDFCPSUBK,EQ,84.91,85.77,84.45,84.7,84.75,29587,25.2,2026-09-10
HDFCPVTBAN,EQ,28.58,28.58,27.72,27.74,27.89,92402,25.7,2026-09-10
HDFCQUAL,EQ,57.72,57.94,57.4,57.4,57.72,6054,3.49,2026-09-10
HDFCSENSEX,EQ,85.32,85.92,84.33,84.74,85.46,90184,76.7,2026-09-10
HDFCSILVER,EQ,224.2,226.35,223.12,223.54,222.54,2256708,5075.02,2026-09-10
HDFCSML250,EQ,185.46,186.46,185.36,186.25,185.46,988207,1838.03,2026-09-10
HDFCVALUE,EQ,122.89,122.89,122.15,122.37,122.89,3273,4.01,2026-09-10
HEADSUP,EQ,6.78,7.17,6.78,6.9,6.94,5294,0.37,2026-09-10
HEALTHADD,EQ,17.1,17.1,16.63,16.66,16.75,117567,19.65,2026-09-10
HEALTHAXIS,EQ,168.64,169.22,167.52,168.13,168.88,1495,2.52,2026-09-10
HEALTHCARE,EQ,21.99,21.99,21.65,21.68,21.79,42640,9.27,2026-09-10
HEALTHIETF,EQ,170.13,170.93,169.13,169.47,170.12,45541,77.29,2026-09-10
HEALTHX,EQ,299.75,306.4,285.0,305.35,299.5,19198,56.64,2026-09-10
HEALTHY,EQ,17.27,17.29,16.9,17.0,17.05,182029,31.01,2026-09-10
HECPROJECT,EQ,121.0,123.2,119.22,119.55,122.14,1791,2.16,2026-09-10
HEIDELBERG,EQ,160.0,160.26,158.01,158.79,159.86,467802,744.85,2026-09-10
HEMIPROP,EQ,123.0,123.75,120.51,120.95,123.18,409114,498.03,2026-09-10
HERANBA,EQ,171.77,176.18,171.77,172.3,173.93,18572,32.29,2026-09-10
HERITGFOOD,EQ,380.1,403.5,376.3,398.05,380.1,2057299,8130.83,2026-09-10
HEROMOTOCO,EQ,5235.0,5280.0,5169.0,5280.0,5218.0,501164,26186.43,2026-09-10
HESTERBIO,EQ,2323.0,2343.9,2267.5,2279.0,2322.6,3073,70.58,2026-09-10
HEXATRADEX,EQ,157.0,158.0,155.15,156.88,156.24,660,1.04,2026-09-10
HEXT,EQ,512.9,516.4,501.0,502.95,509.9,174991,884.89,2026-09-10
HGINFRA,EQ,478.0,495.0,476.0,487.25,478.55,83596,408.55,2026-09-10
HGM,EQ,50.13,51.6,49.11,49.57,50.49,1327,0.66,2026-09-10
HGS,EQ,386.65,390.0,382.3,383.85,384.75,5883,22.7,2026-09-10
HIKAL,EQ,241.5,245.0,233.1,234.78,240.69,774444,1845.15,2026-09-10
HILINFRA,EQ,44.0,44.0,41.51,42.59,43.28,101361,43.34,2026-09-10
HILTON,EQ,18.45,18.7,18.2,18.28,18.44,61751,11.39,2026-09-10
HIMATSEIDE,EQ,69.49,69.98,68.52,68.85,69.44,246426,169.89,2026-09-10
HINDADH,EQ,365.0,372.75,362.0,365.3,367.2,1601,5.86,2026-09-10
HINDALCO,EQ,1027.5,1029.5,1007.8,1014.0,1026.9,2172772,22045.37,2026-09-10
HINDALUMI,EQ,99.0,99.0,96.1,96.57,97.38,1213,1.18,2026-09-10
HINDCOMPOS,EQ,387.05,393.0,380.0,381.45,387.05,3422,13.17,2026-09-10
HINDCON,EQ,23.55,24.24,23.31,23.34,23.71,15364,3.64,2026-09-10
HINDCOPPER,EQ,539.15,543.0,525.7,527.3,532.3,8458321,45295.45,2026-09-10
HINDOILEXP,EQ,192.0,195.98,187.0,187.66,195.83,1268291,2411.47,2026-09-10
HINDPETRO,EQ,347.0,353.85,346.95,352.65,348.9,2991765,10507.02,2026-09-10
HINDUNILVR,EQ,1940.0,1950.0,1936.0,1942.3,1945.0,1232506,23943.14,2026-09-10
HINDWAREAP,EQ,180.3,191.95,180.12,181.67,179.66,253483,466.72,2026-09-10
HINDZINC,EQ,608.5,610.9,592.25,593.6,605.4,4559807,27450.57,2026-09-10
HIRECT,EQ,1290.3,1299.0,1244.9,1248.9,1273.6,57042,725.14,2026-09-10
HISARMETAL,EQ,160.85,160.85,155.0,155.28,153.91,338,0.53,2026-09-10
HITECH,EQ,76.6,79.7,76.31,77.4,76.79,1896207,1484.82,2026-09-10
HLEGLAS,EQ,369.0,396.6,364.35,367.6,367.95,1484997,5689.97,2026-09-10
HLVLTD,EQ,6.47,6.47,6.31,6.38,6.47,119034,7.6,2026-09-10
HMAAGRO,EQ,20.02,20.36,19.09,19.98,20.02,10117074,2022.02,2026-09-10
HNDFDS,EQ,610.0,623.9,610.0,619.95,615.25,33284,206.05,2026-09-10
HNGSNGBEES,EQ,465.99,466.98,463.82,466.06,466.33,61122,284.47,2026-09-10
HOMEFIRST,EQ,1202.3,1214.8,1196.4,1209.4,1202.3,168561,2029.14,2026-09-10
HONASA,EQ,471.0,483.9,469.65,475.65,471.05,657000,3137.65,2026-09-10
HONAUT,EQ,34370.0,34400.0,33875.0,34150.0,34180.0,1828,623.42,2026-09-10
HONDAPOWER,EQ,1988.0,1988.0,1945.0,1969.5,1964.2,2818,55.45,2026-09-10
HORIZONIND,EQ,55.5,56.15,54.99,55.55,55.67,1975842,1095.92,2026-09-10
HPAL,EQ,35.1,37.0,34.0,36.61,35.67,76830,27.67,2026-09-10
HPIL,EQ,121.1,121.1,120.0,120.03,121.0,622,0.75,2026-09-10
HPL,EQ,296.0,304.0,294.9,295.8,298.65,64754,193.49,2026-09-10
HRYNSHP,EQ,101.55,102.0,98.32,99.32,99.95,1274,1.28,2026-09-10
HSBCGOLD,EQ,132.25,134.8,132.25,132.9,132.63,2342,3.12,2026-09-10
HSCL,EQ,666.5,671.0,662.0,663.75,667.05,906421,6031.57,2026-09-10
HTMEDIA,EQ,24.68,25.25,23.91,24.32,24.67,86924,21.32,2026-09-10
HUBTOWN,EQ,183.98,185.82,182.0,183.22,184.0,202127,371.13,2026-09-10
HUDCO,EQ,174.63,177.23,173.2,174.08,175.35,1349166,2358.4,2026-09-10
HUHTAMAKI,EQ,265.1,277.7,260.1,262.05,267.85,799014,2144.62,2026-09-10
HYBRIDETF,EQ,10.08,10.39,10.05,10.09,10.12,12382,1.25,2026-09-10
HYUNDAI,EQ,2188.0,2227.0,2170.3,2205.0,2182.4,907669,20041.59,2026-09-10
IBULLSLTD,EQ,25.0,25.46,24.29,24.9,25.05,37845470,9428.78,2026-09-10
ICEMAKE,EQ,725.7,760.0,721.0,727.9,725.7,17732,130.61,2026-09-10
ICICIAMC,EQ,3003.5,3055.5,2991.8,3033.5,3003.5,237958,7222.52,2026-09-10
ICICIB22,EQ,115.88,115.88,112.1,113.5,113.61,245107,278.32,2026-09-10
ICICIBANK,EQ,1385.9,1393.0,1373.9,1384.5,1389.1,10580641,146203.37,2026-09-10
ICICIGI,EQ,1473.7,1476.0,1459.1,1465.0,1474.0,312999,4583.42,2026-09-10
ICICIPRULI,EQ,462.05,475.15,455.3,471.0,462.5,2174563,10135.12,2026-09-10
ICIL,EQ,445.0,471.25,434.7,439.45,445.55,1682911,7570.32,2026-09-10
ICRA,EQ,4800.0,4822.0,4715.0,4726.2,4776.5,25291,1207.15,2026-09-10
IDBI,EQ,81.6,82.39,80.96,81.62,81.56,8241363,6747.1,2026-09-10
IDEA,EQ,15.7,15.7,14.82,14.9,15.52,888431120,134892.56,2026-09-10
IDEAFORGE,EQ,747.45,757.3,739.0,743.45,747.45,192541,1439.56,2026-09-10
IDFCFIRSTB,EQ,86.0,87.4,85.82,86.84,86.0,14637414,12705.35,2026-09-10
IDFNIFTYET,EQ,258.86,259.93,258.68,259.15,259.96,1016,2.64,2026-09-10
IEX,EQ,117.95,118.63,116.06,116.63,117.95,2469793,2885.79,2026-09-10
IFBAGRO,EQ,871.0,896.25,867.0,874.8,879.55,3778,33.12,2026-09-10
IFBIND,EQ,1268.3,1294.7,1256.3,1283.2,1266.8,23672,302.11,2026-09-10
IFCI,EQ,89.34,90.4,84.6,85.15,88.96,106219079,91983.11,2026-09-10
IFGLEXPOR,EQ,215.7,219.05,211.0,212.54,214.65,56193,120.99,2026-09-10
IGARASHI,EQ,412.1,415.45,406.0,408.3,410.3,39876,164.06,2026-09-10
IGCL,EQ,72.75,72.99,72.1,72.4,72.74,105778,76.73,2026-09-10
IGIL,EQ,312.0,317.0,310.3,311.2,311.5,433610,1360.4,2026-09-10
IGL,EQ,152.35,154.45,152.0,153.46,152.92,622240,956.0,2026-09-10
IGPL,EQ,562.0,565.0,552.0,553.5,557.2,44341,248.18,2026-09-10
IIFL,EQ,609.8,616.5,601.25,607.65,605.15,2214842,13452.52,2026-09-10
IIFLCAPS,EQ,337.6,340.0,337.05,337.3,338.05,337784,1142.01,2026-09-10
IITL,EQ,149.29,155.3,145.51,147.23,147.09,109487,164.56,2026-09-10
IKIO,EQ,220.4,235.0,220.4,231.73,219.94,2436372,5595.64,2026-09-10
IKS,EQ,1782.0,1802.2,1770.7,1783.7,1792.1,76060,1359.89,2026-09-10
IMAGICAA,EQ,55.0,55.1,52.2,53.2,54.8,683962,367.0,2026-09-10
IMFA,EQ,1302.0,1313.0,1275.0,1279.1,1301.2,78648,1015.63,2026-09-10
IMPAL,EQ,1145.0,1155.0,1124.0,1127.7,1128.7,3127,35.63,2026-09-10
INA,EQ,90.6,94.89,90.6,93.0,90.72,605182,563.14,2026-09-10
INCREDIBLE,EQ,32.0,32.48,30.51,30.98,32.17,9793,3.06,2026-09-10
INDBANK,EQ,26.61,28.5,26.45,27.72,26.61,201918,55.91,2026-09-10
INDGN,EQ,586.0,589.95,575.15,577.35,586.35,258395,1500.04,2026-09-10
INDHOTEL,EQ,718.4,720.6,712.55,715.75,722.75,991880,7115.23,2026-09-10
INDIACEM,EQ,352.0,353.65,346.6,347.95,351.55,36131,126.3,2026-09-10
INDIAMART,EQ,1672.3,1683.2,1626.0,1637.7,1671.9,135778,2229.06,2026-09-10
INDIANB,EQ,859.5,869.85,850.6,856.5,856.65,1181088,10142.67,2026-09-10
INDIANCARD,EQ,216.81,216.81,208.05,209.36,216.81,815,1.72,2026-09-10
INDIANHUME,EQ,377.3,380.75,365.4,367.0,379.55,77703,287.58,2026-09-10
INDIASHLTR,EQ,662.05,676.2,662.05,672.15,668.2,109631,735.59,2026-09-10
INDIGO,EQ,4964.5,4966.0,4877.0,4945.0,4975.0,813491,40005.18,2026-09-10
INDIGOPNTS,EQ,1113.8,1118.6,1073.0,1077.8,1111.2,74559,810.54,2026-09-10
INDIQUBE,EQ,205.67,209.9,201.2,205.56,204.34,29531,60.45,2026-09-10
INDNIPPON,EQ,1347.9,1564.0,1336.5,1369.0,1313.3,2823252,41045.65,2026-09-10
INDOBORAX,EQ,511.0,517.5,476.2,483.45,510.95,238232,1163.09,2026-09-10
INDOCO,EQ,234.94,269.9,229.0,254.25,231.18,6015331,15495.6,2026-09-10
INDOFARM,EQ,142.54,143.94,140.0,140.32,144.18,86499,122.19,2026-09-10
INDOKEM,EQ,654.0,654.0,616.1,620.45,623.45,2599,16.16,2026-09-10
INDOMIM,EQ,996.0,1028.5,996.0,1006.55,984.55,3303971,33490.95,2026-09-10
INDORAMA,EQ,85.68,90.0,81.75,82.93,86.13,3197552,2752.45,2026-09-10
INDOSTAR,EQ,247.7,250.0,245.3,246.89,247.49,90897,225.42,2026-09-10
INDOTECH,EQ,3610.0,3670.0,3600.0,3602.4,3657.9,7017,254.25,2026-09-10
INDOTHAI,EQ,43.43,43.43,43.43,43.43,41.37,97714,42.44,2026-09-10
INDOUS,EQ,81.2,81.25,78.01,79.54,80.25,5668,4.53,2026-09-10
INDOWIND,EQ,9.1,9.19,9.0,9.08,9.02,157093,14.28,2026-09-10
INDPRUD,EQ,6270.0,6270.0,6200.0,6211.5,6164.5,58,3.61,2026-09-10
INDRAMEDCO,EQ,362.55,362.55,358.0,360.0,360.2,106996,385.06,2026-09-10
INDSWFTLAB,EQ,387.45,387.45,375.25,377.5,388.55,372420,1420.01,2026-09-10
INDTERRAIN,EQ,29.9,29.9,28.51,28.68,29.34,15017,4.36,2026-09-10
INDUSINDBK,EQ,1001.9,1002.7,986.7,993.3,1004.0,972483,9653.01,2026-09-10
INDUSTOWER,EQ,376.2,376.2,368.7,372.0,373.7,4491149,16693.64,2026-09-10
INFOBEAN,EQ,155.0,157.43,154.5,155.2,155.56,144218,224.47,2026-09-10
INFOMEDIA,EQ,5.46,5.46,5.07,5.23,5.46,13607,0.72,2026-09-10
INFRA,EQ,12.02,12.03,11.94,11.96,12.01,76663,9.18,2026-09-10
INFRABEES,EQ,944.32,947.43,940.5,944.9,944.32,3893,36.71,2026-09-10
INFRAIETF,EQ,94.32,94.32,93.36,93.54,93.91,148954,139.67,2026-09-10
INFY,EQ,1039.6,1046.6,1027.3,1036.5,1035.0,8998529,93142.46,2026-09-10
INGERRAND,EQ,4693.0,4738.9,4570.1,4604.8,4693.5,20067,923.09,2026-09-10
INNOVACAP,EQ,1188.7,1192.7,1165.0,1167.4,1188.7,32787,385.36,2026-09-10
INNOVANA,EQ,300.0,315.7,299.4,309.3,303.2,92386,283.65,2026-09-10
INNOVISION,EQ,276.0,276.0,265.2,266.8,280.3,55275,149.7,2026-09-10
INOXGREEN,EQ,174.51,179.0,172.65,178.12,175.76,2617527,4609.04,2026-09-10
INOXINDIA,EQ,2192.1,2339.5,2192.1,2295.8,2185.5,853734,19470.39,2026-09-10
INOXWIND,EQ,77.39,77.85,75.81,76.02,77.39,9773988,7493.28,2026-09-10
INSECTICID,EQ,623.6,630.4,610.0,612.5,623.6,11623,71.99,2026-09-10
INSPIRISYS,EQ,89.9,91.9,85.5,86.25,88.68,3886,3.39,2026-09-10
INSUREIETF,EQ,14.7,14.85,14.6,14.77,14.72,115430,16.96,2026-09-10
INTELLECT,EQ,685.9,693.6,680.5,685.05,684.9,188883,1295.33,2026-09-10
INTENTECH,EQ,78.5,81.85,78.5,79.12,78.96,16617,13.24,2026-09-10
INTERARCH,EQ,1772.4,1772.5,1722.0,1729.4,1761.0,27908,484.68,2026-09-10
INTERNET,EQ,14.64,14.68,14.57,14.59,14.63,73790,10.79,2026-09-10
INTLCONV,EQ,77.96,78.69,76.71,77.16,76.96,28120,21.85,2026-09-10
INVENTURE,EQ,0.91,0.92,0.91,0.91,0.91,605206,5.55,2026-09-10
IOB,EQ,33.0,33.24,32.77,32.86,32.98,1617716,532.91,2026-09-10
IOC,EQ,134.31,136.15,134.31,134.94,135.6,6629384,8971.38,2026-09-10
IOLCP,EQ,209.0,215.5,208.07,211.43,209.29,3234389,6857.55,2026-09-10
IONEXCHANG,EQ,435.0,448.65,433.55,435.45,437.45,480368,2112.79,2026-09-10
IPCALAB,EQ,1954.6,1979.9,1953.1,1970.9,1963.6,209376,4127.62,2026-09-10
IPL,EQ,136.88,137.5,135.05,135.74,136.06,45366,61.77,2026-09-10
IPRINGLTD,EQ,154.15,159.0,145.0,147.85,153.39,5036,7.57,2026-09-10
IRB,EQ,19.9,20.6,19.28,19.91,19.07,78742444,15673.43,2026-09-10
IRCON,EQ,115.14,118.87,115.0,115.21,115.08,1891140,2201.03,2026-09-10
IRCTC,EQ,470.85,476.4,467.0,467.75,469.5,675989,3174.57,2026-09-10
IREDA,EQ,111.99,114.75,111.83,113.32,111.99,5082162,5772.76,2026-09-10
IRFC,EQ,81.39,82.67,80.76,81.08,81.39,8521418,6950.98,2026-09-10
IRIS,EQ,252.23,256.0,248.37,249.08,253.91,8537,21.56,2026-09-10
IRISDOREME,EQ,61.36,63.8,60.7,62.29,61.3,1407913,879.57,2026-09-10
IRMENERGY,EQ,280.5,286.7,278.8,281.25,282.85,71084,201.11,2026-09-10
ISFT,EQ,82.76,84.37,80.7,81.17,82.55,135437,110.65,2026-09-10
ISGEC,EQ,784.55,830.0,783.0,810.15,784.55,160580,1308.66,2026-09-10
ISHANCH,EQ,44.5,46.46,44.23,44.82,44.82,17305,7.82,2026-09-10
ISTLTD,EQ,672.9,672.9,641.0,661.0,663.65,851,5.62,2026-09-10
IT,EQ,32.55,32.55,31.95,32.06,32.13,363757,116.83,2026-09-10
ITADD,EQ,30.71,31.11,30.54,30.59,30.68,22534,6.92,2026-09-10
ITAXIS,EQ,320.3,320.85,316.75,317.69,319.85,1103,3.51,2026-09-10
ITBEES,EQ,32.94,32.94,32.0,32.06,32.15,8419582,2709.98,2026-09-10
ITBETA,EQ,306.16,314.0,302.53,309.14,305.6,782,2.38,2026-09-10
ITC,EQ,261.0,263.9,259.1,259.3,260.8,17541602,45726.23,2026-09-10
ITCHOTELS,EQ,155.6,156.68,153.88,154.13,155.31,1213995,1878.41,2026-09-10
ITDC,EQ,629.65,736.6,629.0,664.6,629.65,8077461,57065.94,2026-09-10
ITETF,EQ,30.79,31.05,30.5,30.56,30.64,293507,90.01,2026-09-10
ITI,EQ,267.45,269.55,263.0,263.5,267.45,171410,455.26,2026-09-10
ITIETF,EQ,32.36,32.6,32.03,32.09,32.18,474066,152.44,2026-09-10
ITL,EQ,364.1,372.95,362.05,368.3,364.1,2083,7.66,2026-09-10
IVALUE,EQ,237.29,237.29,226.0,226.62,233.71,83324,191.99,2026-09-10
IVC,EQ,9.95,10.06,9.48,9.68,9.97,1347693,131.31,2026-09-10
IVZBANKNF,EQ,56.42,56.42,56.22,56.22,56.42,298,0.17,2026-09-10
IVZINGOLD,EQ,133.5,133.65,132.5,133.25,132.35,30437,40.55,2026-09-10
IVZINNIFTY,EQ,276.66,276.66,268.52,269.07,269.92,479,1.29,2026-09-10
IVZSENSEX,EQ,75.06,75.95,74.64,74.64,75.06,3263,2.44,2026-09-10
IWP,EQ,34.49,34.99,34.0,34.27,34.49,2152,0.74,2026-09-10
IXIGO,EQ,166.59,168.79,159.45,161.92,167.54,1880574,3061.99,2026-09-10
IZMO,EQ,910.5,923.3,895.0,900.2,912.3,80261,727.77,2026-09-10
J&KBANK,EQ,145.19,147.29,144.76,145.77,145.81,1192519,1738.78,2026-09-10
JAGRAN,EQ,62.3,62.75,61.36,62.01,62.35,268360,166.45,2026-09-10
JAGSNPHARM,EQ,235.39,239.17,231.11,232.99,235.39,47327,111.09,2026-09-10
JAIBALAJI,EQ,68.0,68.87,67.25,67.53,68.7,491607,335.74,2026-09-10
JAICORPLTD,EQ,97.55,98.45,96.32,96.84,97.5,249253,241.85,2026-09-10
JAINREC,EQ,296.0,298.5,290.05,291.45,295.85,516476,1513.12,2026-09-10
JAIPURKURT,EQ,24.6,25.5,24.0,25.03,24.65,7233,1.81,2026-09-10
JAMNAAUTO,EQ,128.7,133.96,127.8,131.86,128.93,3397638,4489.0,2026-09-10
JARO,EQ,437.95,467.0,433.0,456.25,437.95,185812,832.47,2026-09-10
JASH,EQ,518.75,527.9,512.05,521.45,518.75,189537,989.22,2026-09-10
JAYAGROGN,EQ,259.0,265.0,253.0,258.18,256.9,75360,196.3,2026-09-10
JAYBARMARU,EQ,117.0,121.95,115.7,117.53,117.28,464405,549.28,2026-09-10
JAYKAY,EQ,169.0,170.69,162.72,165.09,168.94,235338,390.08,2026-09-10
JAYNECOIND,EQ,91.5,92.54,89.84,91.29,91.36,2838428,2581.67,2026-09-10
JAYSREETEA,EQ,95.69,97.42,93.2,95.08,94.88,67073,64.3,2026-09-10
JBMA,EQ,610.2,617.3,602.35,604.25,614.25,219691,1337.59,2026-09-10
JENBURPH,EQ,1026.6,1047.0,1000.0,1026.8,1023.7,3349,34.14,2026-09-10
JETFREIGHT,EQ,20.35,20.59,20.03,20.2,20.11,52709,10.66,2026-09-10
JGCHEM,EQ,625.0,629.0,585.7,595.0,619.5,463039,2789.51,2026-09-10
JHS,EQ,7.91,8.35,7.9,8.03,8.11,36289,2.94,2026-09-10
JINDALPHOT,EQ,1029.3,1029.3,1001.0,1001.6,1019.2,1501,15.08,2026-09-10
JINDALPOLY,EQ,675.7,689.75,675.05,677.3,675.7,6824,46.54,2026-09-10
JINDALSAW,EQ,314.0,320.0,308.6,317.5,311.7,3368101,10622.35,2026-09-10
JINDALSTEL,EQ,1149.7,1151.7,1131.0,1137.0,1146.5,554299,6315.01,2026-09-10
JINDRILL,EQ,674.95,704.4,646.15,654.2,673.75,777024,5256.41,2026-09-10
JINDWORLD,EQ,57.09,57.49,55.0,55.64,55.44,21274518,11925.91,2026-09-10
JIOFIN,EQ,230.82,232.27,229.1,230.25,231.0,8980169,20736.19,2026-09-10
JISLDVREQS,EQ,21.3,21.86,20.83,20.84,21.54,6608,1.4,2026-09-10
JISLJALEQS,EQ,30.5,30.84,29.83,30.02,30.51,1433440,434.65,2026-09-10
JITFINFRA,EQ,304.85,310.0,297.55,300.95,304.95,38698,117.67,2026-09-10
JKCEMENT,EQ,4991.5,5004.5,4887.0,4915.5,4990.5,37586,1850.7,2026-09-10
JKIL,EQ,483.3,489.9,481.1,483.4,483.55,23678,114.87,2026-09-10
JKIPL,EQ,93.65,93.96,90.35,91.6,93.63,27294,25.08,2026-09-10
JKLAKSHMI,EQ,499.2,507.7,497.0,505.9,499.2,89497,449.16,2026-09-10
JKPAPER,EQ,408.25,422.9,406.05,415.15,408.85,748718,3109.07,2026-09-10
JKTYRE,EQ,358.7,359.0,355.6,357.65,356.25,361289,1291.62,2026-09-10
JLHL,EQ,282.0,284.55,279.0,281.0,282.0,23187,65.44,2026-09-10
JMA,EQ,94.5,97.9,94.5,95.51,97.14,16704,16.02,2026-09-10
JMFINANCIL,EQ,126.9,128.8,126.5,127.24,126.73,1485582,1893.22,2026-09-10
JNKINDIA,EQ,433.05,438.2,420.2,428.85,430.85,92881,398.26,2026-09-10
JNPR,EQ,263.0,263.0,257.3,259.05,260.5,177801,461.27,2026-09-10
JOCIL,EQ,155.0,156.0,148.0,149.87,152.29,5247,7.93,2026-09-10
JPOLYINVST,EQ,992.3,1000.5,986.1,996.7,994.05,2795,27.79,2026-09-10
JPPOWER,EQ,16.41,16.59,16.16,16.23,16.4,29091889,4749.24,2026-09-10
JSFB,EQ,525.0,534.4,508.6,514.75,533.95,348693,1814.11,2026-09-10
JSL,EQ,785.0,790.5,760.1,762.15,783.3,960367,7446.94,2026-09-10
JSLL,EQ,506.2,535.15,505.4,518.3,506.2,993037,5208.76,2026-09-10
JSWCEMENT,EQ,120.5,121.32,120.35,120.77,120.7,681977,824.24,2026-09-10
JSWDULUX,EQ,3179.2,3199.7,3161.6,3179.7,3179.2,6736,214.33,2026-09-10
JSWENERGY,EQ,529.9,534.05,527.5,530.45,534.8,973912,5171.29,2026-09-10
JSWHL,EQ,11418.0,11567.0,11311.0,11444.0,11344.0,4370,500.8,2026-09-10
JSWINFRA,EQ,341.95,345.0,339.3,342.45,341.4,2842351,9738.34,2026-09-10
JSWSTEEL,EQ,1301.0,1311.3,1292.7,1304.0,1310.0,1102536,14333.82,2026-09-10
JTEKTINDIA,EQ,121.8,121.8,119.5,119.93,121.26,172948,208.56,2026-09-10
JTLIND,EQ,87.8,91.36,87.17,89.6,87.8,4005608,3591.64,2026-09-10
JUBLCPL,EQ,2204.7,2211.7,2093.0,2101.0,2191.1,11340,239.53,2026-09-10
JUBLFOOD,EQ,474.95,480.9,467.95,473.8,475.95,962855,4556.97,2026-09-10
JUBLINGREA,EQ,674.9,680.6,665.0,666.6,672.75,101717,682.53,2026-09-10
JUBLPHARMA,EQ,1015.0,1027.15,1007.9,1025.65,1019.0,173412,1768.67,2026-09-10
JUNIORBEES,EQ,791.82,791.82,784.5,785.79,789.37,187309,1473.88,2026-09-10
JUNIPER,EQ,210.01,233.99,210.01,227.39,213.41,1039859,2361.21,2026-09-10
JUSTDIAL,EQ,678.45,684.45,658.05,668.75,678.45,225131,1506.64,2026-09-10
JWL,EQ,242.5,247.9,240.25,241.56,241.01,990155,2418.06,2026-09-10
JYOTHYLAB,EQ,195.11,196.27,193.5,195.65,195.1,488496,953.29,2026-09-10
JYOTICNC,EQ,1002.0,1018.0,996.6,1003.9,1009.05,356066,3578.85,2026-09-10
JYOTIRES,EQ,865.45,889.7,857.0,875.9,865.45,5330,46.39,2026-09-10
JYOTISTRUC,EQ,10.15,10.23,9.93,9.98,10.08,3647204,367.21,2026-09-10
KABRAEXTRU,EQ,659.9,717.0,655.0,707.55,662.95,773333,5428.34,2026-09-10
KAJARIACER,EQ,1239.2,1254.2,1224.5,1243.9,1239.2,70866,881.7,2026-09-10
KAKATCEM,EQ,111.9,114.79,108.01,109.42,110.97,5438,6.05,2026-09-10
KALAMANDIR,EQ,84.75,85.95,83.48,83.64,84.92,564322,477.03,2026-09-10
KALPATARU,EQ,266.5,269.8,266.0,267.4,266.35,19849,53.07,2026-09-10
KALYANKJIL,EQ,609.0,620.35,603.5,615.2,607.6,6066311,37251.26,2026-09-10
KAMAHOLD,EQ,2313.1,2344.9,2280.0,2285.0,2297.5,5128,117.95,2026-09-10
KAMANWALA,EQ,16.36,17.25,15.6,17.02,16.0,10112,1.71,2026-09-10
KAMATHOTEL,EQ,225.9,228.4,220.2,224.68,226.46,79870,178.94,2026-09-10
KAMOPAINTS,EQ,4.54,4.54,4.16,4.29,4.49,445052,19.22,2026-09-10
KANANIIND,EQ,1.53,1.53,1.5,1.51,1.5,113593,1.72,2026-09-10
KANCHI,EQ,396.2,409.0,391.3,403.75,405.5,4127,16.47,2026-09-10
KANCOTEA,EQ,55.89,55.94,52.29,52.29,55.95,860,0.46,2026-09-10
KANPRPLA,EQ,251.2,254.2,248.0,251.7,251.4,10832,27.11,2026-09-10
KANSAINER,EQ,190.0,192.4,189.71,191.11,191.2,109221,208.31,2026-09-10
KAPSTON,EQ,568.0,589.9,563.0,584.95,564.3,77377,448.54,2026-09-10
KARMAENG,EQ,37.82,40.98,37.25,37.88,37.82,69650,26.69,2026-09-10
KARURVYSYA,EQ,337.25,340.0,334.5,335.3,340.6,979196,3296.27,2026-09-10
KAVDEFENCE,EQ,63.0,75.82,61.0,74.77,63.19,2362626,1719.14,2026-09-10
KAYNES,EQ,3612.0,3632.5,3480.0,3499.0,3615.0,848357,30083.07,2026-09-10
KCP,EQ,162.02,163.25,161.11,162.21,161.91,59944,97.27,2026-09-10
KDDL,EQ,3905.5,3960.0,3876.0,3891.4,3912.2,16584,647.08,2026-09-10
KDGREEN,EQ,50.2,51.75,48.65,50.14,50.01,95699,47.96,2026-09-10
KEC,EQ,393.85,415.95,393.85,413.45,393.2,2448087,10008.74,2026-09-10
KECL,EQ,121.0,128.3,120.51,126.36,122.64,126560,159.06,2026-09-10
KEEPLEARN,EQ,1.86,1.92,1.86,1.89,1.93,11004,0.21,2026-09-10
KEI,EQ,4679.5,4686.0,4580.0,4640.0,4669.5,999943,46116.25,2026-09-10
KELLTONTEC,EQ,13.6,13.75,13.45,13.51,13.65,1023316,138.87,2026-09-10
KENNAMET,EQ,4747.0,5136.0,4645.0,5027.9,4746.7,72699,3626.44,2026-09-10
KERNEX,EQ,1727.7,1794.4,1690.1,1709.5,1716.2,189892,3288.21,2026-09-10
KEYFINSERV,EQ,250.0,250.0,242.2,242.95,247.4,597,1.45,2026-09-10
KFINTECH,EQ,908.0,911.8,897.0,899.0,908.0,312327,2825.39,2026-09-10
KHAICHEM,EQ,52.56,53.58,52.48,52.68,52.97,63268,33.51,2026-09-10
KHAITANLTD,EQ,162.01,166.0,158.0,159.12,162.87,4363,7.11,2026-09-10
KHANDSE,EQ,18.01,18.38,16.7,16.97,17.7,14089,2.4,2026-09-10
KICL,EQ,5122.0,5144.0,5010.0,5083.5,5021.5,1083,54.91,2026-09-10
KIMS,EQ,762.1,779.0,762.1,772.8,761.55,256634,1983.94,2026-09-10
KINGFA,EQ,6201.0,6347.0,6127.0,6227.5,6157.5,56247,3512.87,2026-09-10
KIOCL,EQ,373.25,381.0,365.0,367.9,373.75,80371,298.45,2026-09-10
KIRANVYPAR,EQ,210.0,212.0,205.06,206.99,204.87,8867,18.59,2026-09-10
KIRIINDUS,EQ,548.55,556.4,520.55,523.1,550.75,1189208,6358.23,2026-09-10
KIRLFER,EQ,470.85,472.45,463.3,466.1,467.25,75301,352.05,2026-09-10
KIRLOSBROS,EQ,1836.8,1858.2,1811.0,1818.3,1850.2,25548,467.85,2026-09-10
KIRLOSENG,EQ,2208.0,2250.6,2184.5,2209.0,2219.9,310849,6896.96,2026-09-10
KIRLOSIND,EQ,3628.3,3636.0,3550.8,3576.8,3634.1,2662,95.87,2026-09-10
KIRLPNU,EQ,718.8,735.35,718.0,719.7,724.85,127082,921.07,2026-09-10
KISSHT,EQ,323.0,337.9,321.05,333.9,322.85,1514881,5016.5,2026-09-10
KITEX,EQ,126.6,128.95,125.0,125.65,126.68,189187,238.86,2026-09-10
KJMCFIN,EQ,62.0,63.95,60.22,61.58,62.64,1795,1.1,2026-09-10
KKCL,EQ,513.55,518.9,500.0,501.7,513.55,27395,138.54,2026-09-10
KLBRENG-B,EQ,465.05,490.45,465.05,477.4,466.4,381171,1840.14,2026-09-10
KMCSHIL,EQ,139.15,139.99,136.5,137.45,138.25,85875,117.98,2026-09-10
KMEW,EQ,2963.8,2993.3,2886.6,2915.6,2964.0,51447,1507.87,2026-09-10
KMSUGAR,EQ,29.7,30.47,29.7,30.1,29.67,106327,32.05,2026-09-10
KNACK,EQ,184.45,189.39,183.46,186.96,182.1,703290,1318.7,2026-09-10
KNAGRI,EQ,198.21,199.9,194.0,195.02,198.21,11321,22.13,2026-09-10
KNRCON,EQ,122.95,127.7,122.17,123.68,122.9,2823405,3542.81,2026-09-10
KOHINOOR,EQ,31.05,31.19,29.75,30.17,30.87,154095,47.19,2026-09-10
KOKUYOCMLN,EQ,79.9,79.99,78.2,78.94,78.9,17115,13.54,2026-09-10
KOLTEPATIL,EQ,462.65,484.9,442.3,451.15,442.8,1110209,5112.91,2026-09-10
KOPRAN,EQ,235.5,242.9,234.3,235.82,234.37,282347,673.01,2026-09-10
KOTAKBANK,EQ,413.7,416.55,412.8,416.55,414.0,7755254,32137.07,2026-09-10
KOTHARIPET,EQ,147.42,148.58,142.51,143.21,148.9,80350,116.39,2026-09-10
KOTHARIPRO,EQ,68.01,68.01,65.5,65.76,66.5,7310,4.83,2026-09-10
KOTIC,EQ,136.9,159.97,136.1,151.21,135.54,804224,1232.45,2026-09-10
KOVAI,EQ,6180.0,6444.0,6117.5,6292.0,6149.5,15697,984.49,2026-09-10
KPEL,EQ,235.8,235.8,223.0,224.13,232.83,438999,996.89,2026-09-10
KPIGREEN,EQ,291.8,294.4,286.5,287.5,291.55,834609,2412.62,2026-09-10
KPIL,EQ,1402.0,1439.0,1402.0,1432.0,1408.5,138417,1968.09,2026-09-10
KPITTECH,EQ,554.5,559.5,548.75,550.95,553.1,1114138,6159.68,2026-09-10
KPL,EQ,3619.9,3619.9,3464.0,3511.6,3577.0,18178,638.92,2026-09-10
KPRMILL,EQ,1133.3,1139.0,1120.0,1127.3,1140.3,186138,2100.07,2026-09-10
KRBL,EQ,435.45,437.2,422.0,423.25,434.45,473016,2021.56,2026-09-10
KREBSBIO,EQ,61.0,64.5,59.99,61.47,60.14,79985,50.08,2026-09-10
KRIDHANINF,EQ,2.1,2.1,1.96,1.99,2.0,159781,3.23,2026-09-10
KRISHANA,EQ,182.8,184.99,179.8,183.5,181.93,617085,1123.59,2026-09-10
KRISHIVAL,EQ,416.7,419.9,416.7,418.15,417.65,11235,47.01,2026-09-10
KRISHNADEF,EQ,1094.0,1099.7,1062.7,1070.0,1087.2,65190,706.2,2026-09-10
KRITI,EQ,60.6,63.47,60.6,62.9,60.95,4601,2.87,2026-09-10
KRITIKA,EQ,5.4,5.47,5.33,5.37,5.37,87201,4.69,2026-09-10
KRITINUT,EQ,81.8,83.49,81.0,81.98,82.05,12535,10.22,2026-09-10
KRN,EQ,1597.3,1624.1,1579.4,1584.6,1597.3,88038,1403.99,2026-09-10
KROSS,EQ,220.75,240.8,220.0,231.54,219.67,8960812,20905.74,2026-09-10
KRSNAA,EQ,560.05,565.5,556.7,564.4,560.95,56292,317.12,2026-09-10
KRYSTAL,EQ,631.0,636.0,623.0,624.45,634.25,4591,28.82,2026-09-10
KSB,EQ,808.95,808.95,797.05,804.2,806.7,88865,712.68,2026-09-10
KSCL,EQ,720.0,729.25,712.0,718.05,722.05,49514,357.52,2026-09-10
KSE,EQ,177.85,180.0,177.69,178.69,177.85,13610,24.33,2026-09-10
KSHINTL,EQ,1157.5,1184.25,1142.05,1174.3,1152.05,187021,2187.27,2026-09-10
KSHITIJPOL,EQ,3.27,3.6,3.27,3.43,3.44,4029786,134.83,2026-09-10
KSL,EQ,906.0,992.6,906.0,968.2,910.4,661316,6426.05,2026-09-10
KSOLVES,EQ,268.1,273.55,257.3,259.1,269.45,59528,156.32,2026-09-10
KSR,EQ,39.19,41.14,39.0,40.93,39.19,116736,47.59,2026-09-10
KTKBANK,EQ,331.25,336.05,329.6,332.55,331.25,1448556,4816.88,2026-09-10
KUANTUM,EQ,75.62,77.65,75.0,75.49,75.61,87247,66.39,2026-09-10
KUSUMGAR,EQ,564.25,578.4,561.05,566.0,564.15,120072,682.84,2026-09-10
KWIL,EQ,40.8,42.25,40.6,41.53,40.84,13096961,5426.15,2026-09-10
LADDERUP,EQ,54.9,61.93,53.0,61.93,51.61,9326,5.72,2026-09-10
LAGNAM,EQ,76.39,76.39,70.56,72.53,74.53,18623,13.4,2026-09-10
LAHOTIOV,EQ,41.38,42.8,37.64,41.14,41.37,32788,12.95,2026-09-10
LAL,EQ,9.37,9.37,8.8,8.89,9.1,46049,4.13,2026-09-10
LALITHAA,EQ,341.0,343.9,329.0,337.6,334.45,6296249,21155.62,2026-09-10
LALPATHLAB,EQ,1917.2,1927.0,1880.9,1916.7,1919.7,165825,3158.19,2026-09-10
LAMBODHARA,EQ,134.1,140.49,132.5,137.22,134.12,17199,23.59,2026-09-10
LANCER,EQ,12.58,12.97,12.58,12.83,12.65,205672,26.32,2026-09-10
LANDMARK,EQ,491.5,494.8,480.25,484.1,491.5,72927,355.74,2026-09-10
LANDSMILL,EQ,0.56,0.58,0.56,0.57,0.56,1722350,9.86,2026-09-10
LAOPALA,EQ,168.4,168.4,162.0,162.4,167.46,237695,390.71,2026-09-10
LARGEMID50,EQ,35.9,35.9,35.8,35.83,35.9,1490,0.53,2026-09-10
LASERPOWER,EQ,296.75,299.45,289.8,290.65,296.65,479560,1404.74,2026-09-10
LATENTVIEW,EQ,260.5,262.0,255.0,255.8,260.15,288214,744.08,2026-09-10
LATTEYS,EQ,21.61,21.95,21.2,21.53,21.52,20743,4.47,2026-09-10
LAURUSLABS,EQ,1932.6,1950.5,1920.9,1945.0,1937.0,1067622,20711.75,2026-09-10
LAXMICOT,EQ,13.4,13.69,13.07,13.18,13.16,2377,0.31,2026-09-10
LAXMIDENTL,EQ,202.0,205.0,199.75,202.56,201.14,94776,192.42,2026-09-10
LAXMIINDIA,EQ,132.91,134.87,126.35,127.88,132.05,377674,495.43,2026-09-10
LCCINFOTEC,EQ,3.64,3.68,3.19,3.19,3.54,328095,10.76,2026-09-10
LCL,EQ,548.0,567.3,539.1,561.25,544.7,451525,2504.99,2026-09-10
LEAPIND,EQ,144.99,146.69,140.29,140.96,144.91,2862305,4083.2,2026-09-10
LEMERITE,EQ,21.26,21.92,20.36,20.71,21.26,268746,56.0,2026-09-10
LEMONTREE,EQ,106.17,106.67,105.51,105.7,106.17,1099344,1166.48,2026-09-10
LENSKART,EQ,701.9,703.5,690.35,693.3,693.9,6256637,43483.46,2026-09-10
LEXUS,EQ,13.37,13.8,13.3,13.45,13.35,4026,0.55,2026-09-10
LFIC,EQ,153.0,153.0,144.0,145.32,152.52,6118,9.01,2026-09-10
LGBBROSLTD,EQ,1721.9,1735.9,1711.0,1715.4,1729.7,9004,154.99,2026-09-10
LGEINDIA,EQ,1643.0,1654.1,1626.1,1650.0,1647.8,794840,13101.76,2026-09-10
LGHL,EQ,170.0,198.01,168.66,189.49,172.23,52140,94.89,2026-09-10
LIBAS,EQ,9.9,10.75,9.7,10.69,9.99,413944,43.43,2026-09-10
LIBERTSHOE,EQ,233.05,239.45,228.1,229.41,233.05,20773,48.49,2026-09-10
LICHSGFIN,EQ,558.0,558.0,543.8,552.3,555.0,2842584,15647.59,2026-09-10
LICI,EQ,407.5,407.65,402.35,405.6,407.5,7670673,31053.82,2026-09-10
LICMFGOLD,EQ,137.25,138.15,137.0,137.2,136.9,67573,92.97,2026-09-10
LICNETFGSC,EQ,29.37,29.45,29.31,29.37,29.37,20937,6.14,2026-09-10
LICNETFN50,EQ,264.24,264.24,262.41,263.43,264.24,602,1.58,2026-09-10
LICNETFSEN,EQ,847.64,848.51,844.02,844.02,849.25,11,0.09,2026-09-10
LICNFNHGP,EQ,270.86,271.05,270.33,270.35,274.86,134,0.36,2026-09-10
LICNMID100,EQ,62.77,63.23,62.5,62.54,62.77,2961,1.86,2026-09-10
LIKHITHA,EQ,222.0,228.84,212.11,213.71,221.61,76883,168.5,2026-09-10
LINC,EQ,97.49,98.75,95.0,97.3,98.1,12355,12.04,2026-09-10
LINCOLN,EQ,641.6,647.05,631.0,634.4,637.5,27777,176.43,2026-09-10
LINDEINDIA,EQ,6352.5,6384.0,6180.5,6227.5,6352.5,13975,876.45,2026-09-10
LIQGRWBEES,EQ,1054.92,1054.94,1054.92,1054.92,1054.8,72953,769.61,2026-09-10
LIQUID,EQ,999.99,1000.0,999.99,999.99,999.99,61337,613.37,2026-09-10
LIQUID1,EQ,1121.86,1121.98,1121.86,1121.97,1121.84,510212,5724.42,2026-09-10
LIQUIDADD,EQ,1144.04,1144.09,1144.03,1144.03,1143.91,661314,7565.65,2026-09-10
LIQUIDBEES,EQ,999.99,1000.01,999.99,999.99,999.99,2258098,22580.88,2026-09-10
LIQUIDBETA,EQ,1007.41,1007.41,1007.39,1007.41,1007.41,36,0.36,2026-09-10
LIQUIDBETF,EQ,1098.13,1098.15,1098.13,1098.14,1098.02,93280,1024.34,2026-09-10
LIQUIDCASE,EQ,115.84,115.86,115.84,115.84,115.83,13485192,15622.3,2026-09-10
LIQUIDETF,EQ,1000.0,1000.01,999.99,999.99,999.99,74338,743.38,2026-09-10
LIQUIDIETF,EQ,1000.0,1000.01,999.99,1000.0,999.99,731161,7311.61,2026-09-10
LIQUIDPLUS,EQ,1102.51,1102.53,1102.51,1102.52,1102.39,444694,4902.87,2026-09-10
LIQUIDSBI,EQ,999.99,1000.01,999.99,1000.0,999.99,30988,309.88,2026-09-10
LIQUIDSHRI,EQ,1120.81,1120.81,1120.79,1120.8,1120.66,8838,99.06,2026-09-10
LKPSEC,EQ,15.8,16.66,15.2,15.96,15.84,15839,2.53,2026-09-10
LLOYDSENGG,EQ,81.04,82.09,80.5,80.55,81.31,3477682,2821.51,2026-09-10
LLOYDSENT,EQ,70.18,70.95,69.7,70.01,70.43,1005206,706.83,2026-09-10
LLOYDSME,EQ,1805.5,1826.0,1805.0,1814.3,1807.6,191914,3488.28,2026-09-10
LMW,EQ,18150.0,18376.0,17451.0,17614.0,18032.0,7775,1376.05,2026-09-10
LODHA,EQ,1163.9,1172.9,1140.0,1163.4,1166.0,2078548,24075.85,2026-09-10
LOKESHMACH,EQ,358.6,359.9,345.0,347.25,356.85,31555,109.94,2026-09-10
LORDSCHLO,EQ,139.8,142.44,136.01,139.08,139.66,13339,18.56,2026-09-10
LOTUSCHO,EQ,590.6,605.0,590.0,597.1,587.7,1262,7.51,2026-09-10
LOTUSEYE,EQ,110.89,113.39,110.0,111.62,110.96,16890,18.84,2026-09-10
LOVABLE,EQ,69.2,72.48,69.0,71.85,69.62,30146,21.34,2026-09-10
LOWVOL,EQ,200.93,200.93,200.27,200.52,200.73,1478,2.96,2026-09-10
LOWVOL1,EQ,20.65,20.65,20.37,20.46,20.58,2789517,574.17,2026-09-10
LOWVOLIETF,EQ,22.1,22.1,21.46,21.51,21.57,506919,108.95,2026-09-10
LOYALTEX,EQ,216.88,217.96,210.1,217.6,215.81,61,0.13,2026-09-10
LPDC,EQ,6.1,6.43,6.1,6.14,6.38,31595,1.96,2026-09-10
LT,EQ,3949.4,3965.5,3910.0,3955.0,3922.6,1376951,54098.31,2026-09-10
LTF,EQ,309.05,311.4,306.3,311.3,310.4,4503846,13927.68,2026-09-10
LTFOODS,EQ,453.0,454.05,440.1,441.5,453.55,337240,1501.22,2026-09-10
LTGILTBEES,EQ,29.85,29.95,29.83,29.84,29.91,2244670,670.1,2026-09-10
LTGILTCASE,EQ,30.55,30.55,30.39,30.4,30.42,23450,7.13,2026-09-10
LTM,EQ,4377.5,4434.5,4306.6,4374.0,4412.0,402440,17557.01,2026-09-10
LTTS,EQ,3364.0,3411.2,3352.5,3377.9,3364.0,47576,1605.93,2026-09-10
LUMAXIND,EQ,6230.0,6230.0,5766.0,5861.0,6214.0,76489,4505.3,2026-09-10
LUMAXTECH,EQ,1996.1,1997.1,1926.9,1942.6,1990.6,83841,1642.96,2026-09-10
LUMINO,EQ,106.49,110.75,102.5,107.93,106.32,19091007,20195.9,2026-09-10
LUPIN,EQ,2090.0,2098.2,2060.3,2077.8,2100.0,624838,12986.58,2026-09-10
LUXIND,EQ,1122.6,1136.8,1105.1,1109.2,1122.6,8661,96.69,2026-09-10
LXCHEM,EQ,177.5,179.0,170.0,170.63,178.56,1814676,3134.81,2026-09-10
M&M,EQ,3141.7,3146.9,3097.7,3123.8,3150.0,2140618,66910.9,2026-09-10
M&MFIN,EQ,362.5,365.0,356.5,359.25,363.75,2598186,9338.35,2026-09-10
MAANALU,EQ,112.98,113.01,109.82,110.79,111.27,92719,103.12,2026-09-10
MACPOWER,EQ,1864.0,1889.7,1860.0,1870.4,1863.8,15621,292.61,2026-09-10
MADHAV,EQ,35.89,37.7,35.1,36.89,34.82,27934,10.21,2026-09-10
MADHAVIPL,EQ,8.17,8.17,7.89,7.92,7.96,87558,6.95,2026-09-10
MADRASFERT,EQ,63.34,63.79,62.3,62.6,63.03,54809,34.5,2026-09-10
MAFANG,EQ,222.35,238.47,215.0,225.7,228.06,1093904,2478.83,2026-09-10
MAFATIND,EQ,120.3,124.19,120.02,122.85,121.6,37271,45.34,2026-09-10
MAGADSUGAR,EQ,562.2,569.0,551.0,554.65,562.2,15235,85.37,2026-09-10
MAGNUM,EQ,19.2,20.24,18.55,19.1,18.99,63106,12.24,2026-09-10
MAHABANK,EQ,84.56,86.25,83.75,84.35,84.56,15415768,13134.42,2026-09-10
MAHAPEXLTD,EQ,52.21,57.5,51.56,56.23,52.53,79709,44.49,2026-09-10
MAHEPC,EQ,102.14,103.73,102.01,102.65,102.14,22418,23.07,2026-09-10
MAHKTECH,EQ,23.37,23.8,22.06,22.24,22.8,1344798,300.6,2026-09-10
MAHLIFE,EQ,366.15,370.0,358.1,359.65,370.1,68036,247.75,2026-09-10
MAHLOG,EQ,403.45,404.3,396.9,400.1,401.75,75748,303.16,2026-09-10
MAHSCOOTER,EQ,13399.0,13399.0,13050.0,13098.0,13270.0,4084,538.25,2026-09-10
MAHSEAMLES,EQ,676.2,724.0,673.6,718.95,676.2,1256187,8943.34,2026-09-10
MAITHANALL,EQ,1087.0,1094.55,1050.0,1055.6,1077.0,80381,863.78,2026-09-10
MAKEINDIA,EQ,165.92,165.92,163.6,163.9,165.28,66888,109.55,2026-09-10
MAKERSL,EQ,188.45,191.0,176.98,177.97,184.89,8848,15.84,2026-09-10
MALLCOM,EQ,973.55,999.0,972.0,976.3,977.85,1439,14.09,2026-09-10
MALUPAPER,EQ,34.81,35.95,33.2,34.39,34.81,53157,18.45,2026-09-10
MAMATA,EQ,419.0,419.65,407.1,409.45,419.4,36419,150.04,2026-09-10
MANAKALUCO,EQ,38.98,39.39,37.37,37.69,38.74,60432,23.2,2026-09-10
MANAKCOAT,EQ,126.87,133.28,123.3,124.37,126.42,2551453,3307.33,2026-09-10
MANAKSIA,EQ,67.2,73.1,66.85,70.51,66.21,553126,392.16,2026-09-10
MANALIPETC,EQ,87.5,89.55,85.72,86.27,87.15,1530559,1340.57,2026-09-10
MANAPPURAM,EQ,319.4,335.1,318.25,330.8,320.0,6953151,22865.08,2026-09-10
MANBA,EQ,129.14,134.0,129.14,131.48,130.16,66636,87.63,2026-09-10
MANCREDIT,EQ,221.72,222.19,216.5,218.58,220.19,155276,342.0,2026-09-10
MANGALAM,EQ,31.99,34.88,31.71,34.88,31.71,284790,97.96,2026-09-10
MANGLMCEM,EQ,1034.6,1057.0,1005.5,1026.7,1049.6,77092,804.42,2026-09-10
MANINDS,EQ,781.0,944.0,772.65,876.45,792.55,8839846,77658.46,2026-09-10
MANINFRA,EQ,129.1,129.65,127.42,128.66,128.72,1843204,2372.31,2026-09-10
MANIPALHOS,EQ,735.15,750.0,728.1,733.25,729.95,1384611,10251.83,2026-09-10
MANKIND,EQ,2260.0,2276.5,2235.1,2238.4,2265.0,180515,4076.57,2026-09-10
MANOMAY,EQ,233.2,235.59,230.0,234.86,229.73,143102,334.44,2026-09-10
MANORAMA,EQ,2088.0,2137.0,2078.8,2085.0,2093.3,216714,4570.69,2026-09-10
MANORG,EQ,486.55,492.3,457.0,458.8,480.7,15595,72.75,2026-09-10
MANUFGBEES,EQ,164.6,164.6,161.82,162.21,162.22,4433,7.19,2026-09-10
MANYAVAR,EQ,589.5,589.5,572.8,576.6,581.35,183468,1062.48,2026-09-10
MAPMYINDIA,EQ,955.0,967.0,933.1,939.9,955.2,121948,1159.49,2026-09-10
MARALOVER,EQ,64.99,65.0,61.25,62.65,64.79,19059,11.94,2026-09-10
MARATHON,EQ,439.9,443.95,431.6,438.5,436.9,113729,498.6,2026-09-10
MARICO,EQ,813.9,813.9,799.55,803.0,813.9,2060230,16528.41,2026-09-10
MARINE,EQ,422.5,427.65,403.0,408.85,421.05,475404,1962.17,2026-09-10
MARKOLINES,EQ,174.6,174.6,170.61,171.42,173.48,150146,258.13,2026-09-10
MARKSANS,EQ,329.0,334.55,323.8,330.4,330.15,1295256,4279.82,2026-09-10
MARSONS,EQ,135.19,141.76,125.01,125.38,135.08,6404815,8457.01,2026-09-10
MARUTI,EQ,12679.0,12693.0,12517.0,12590.0,12618.0,338613,42713.91,2026-09-10
MASFIN,EQ,290.0,295.9,287.3,294.45,288.9,137458,400.23,2026-09-10
MASKINVEST,EQ,160.0,160.0,146.5,148.62,153.29,47,0.07,2026-09-10
MASPTOP50,EQ,104.4,104.4,91.0,95.58,100.76,1041142,995.28,2026-09-10
MASTEK,EQ,1605.8,1635.0,1603.1,1610.0,1623.5,76128,1233.49,2026-09-10
MASTERTR,EQ,92.73,94.05,90.81,92.35,93.07,627564,581.07,2026-09-10
MATRIMONY,EQ,514.0,514.95,508.6,510.6,515.75,7124,36.41,2026-09-10
MAWANASUG,EQ,140.0,142.09,135.13,135.7,139.79,199436,275.25,2026-09-10
MAXESTATES,EQ,549.85,562.65,537.55,559.75,546.1,122478,677.22,2026-09-10
MAXHEALTH,EQ,1040.1,1040.2,1029.3,1038.6,1037.5,2579310,26665.76,2026-09-10
MAXIND,EQ,148.55,150.0,147.03,147.42,148.65,45761,67.89,2026-09-10
MAYURUNIQ,EQ,743.3,765.9,735.25,756.55,735.95,128849,971.95,2026-09-10
MAZDOCK,EQ,2408.8,2417.2,2374.0,2383.2,2408.8,395925,9468.47,2026-09-10
MBAPL,EQ,162.14,162.54,158.74,161.2,162.03,812278,1302.84,2026-09-10
MBEL,EQ,263.1,268.7,257.1,259.35,265.15,146192,381.06,2026-09-10
MBLINFRA,EQ,23.16,24.16,22.82,23.13,23.27,13590,3.19,2026-09-10
MCCHRLS-B,EQ,683.5,683.5,679.0,679.0,683.5,5086,34.59,2026-09-10
MCL,EQ,60.6,61.41,58.86,59.86,58.95,59426,35.57,2026-09-10
MCLEODRUSS,EQ,44.36,45.04,43.74,44.05,44.54,176730,78.17,2026-09-10
MCLOUD,EQ,25.81,26.16,25.8,25.99,25.94,1096841,284.85,2026-09-10
MCX,EQ,3311.9,3335.5,3285.0,3300.0,3350.0,1308638,43271.54,2026-09-10
MEDANTA,EQ,1487.9,1487.9,1445.0,1459.6,1480.4,337547,4929.42,2026-09-10
MEDIASSIST,EQ,327.05,330.9,319.6,323.05,328.65,112697,367.45,2026-09-10
MEDICAMEQ,EQ,317.35,326.85,301.35,307.5,312.9,204862,649.8,2026-09-10
MEDICAPQ,EQ,32.79,36.8,29.96,35.22,30.74,493535,172.2,2026-09-10
MEDICO,EQ,35.5,36.49,34.92,35.42,35.44,378559,134.63,2026-09-10
MEDPLUS,EQ,669.95,669.95,655.0,658.05,669.95,61424,406.35,2026-09-10
MEESHO,EQ,216.0,220.72,212.51,217.91,216.7,15406554,33426.74,2026-09-10
MEGASTAR,EQ,286.0,290.0,279.9,284.95,285.1,910,2.61,2026-09-10
MEIL,EQ,285.3,285.45,278.45,280.2,283.45,23529,66.32,2026-09-10
MERCANTILE,EQ,24.12,24.94,23.27,24.03,24.12,8086,1.94,2026-09-10
MERCURYEV,EQ,38.44,41.61,37.73,41.61,37.83,3794734,1533.67,2026-09-10
METAL,EQ,13.69,13.69,13.37,13.39,13.51,1397566,188.06,2026-09-10
METALIETF,EQ,13.57,13.57,13.3,13.34,13.44,4803124,643.26,2026-09-10
METROBRAND,EQ,959.0,959.0,936.0,952.1,959.0,27109,257.52,2026-09-10
METROGLOBL,EQ,143.0,143.0,137.01,140.97,142.31,1446,2.04,2026-09-10
METROPOLIS,EQ,605.15,607.5,590.6,595.65,602.1,291883,1743.05,2026-09-10
MFML,EQ,19.45,19.9,18.3,18.94,18.38,12083,2.35,2026-09-10
MFSL,EQ,1465.8,1483.7,1452.0,1479.9,1468.5,258122,3790.66,2026-09-10
MGEL,EQ,16.6,16.6,15.54,16.03,15.84,1085311,174.35,2026-09-10
MGL,EQ,1081.5,1107.0,1081.5,1100.8,1084.3,198415,2181.08,2026-09-10
MHRIL,EQ,199.99,200.63,193.0,196.57,199.36,313310,613.9,2026-09-10
MID150,EQ,23.4,23.43,23.13,23.14,23.4,93509,21.72,2026-09-10
MID150BEES,EQ,235.64,242.99,235.64,236.62,238.02,996484,2359.11,2026-09-10
MID150CASE,EQ,11.57,11.61,11.5,11.51,11.57,885766,102.28,2026-09-10
MIDBANKADD,EQ,17.46,17.46,17.33,17.4,17.42,2014,0.35,2026-09-10
MIDCAP,EQ,18.41,18.41,18.3,18.32,18.41,279001,51.18,2026-09-10
MIDCAPADD,EQ,23.0,23.05,22.9,22.98,23.1,1439,0.33,2026-09-10
MIDCAPBETA,EQ,232.55,234.9,231.5,232.43,233.03,636,1.48,2026-09-10
MIDCAPETF,EQ,23.52,23.57,23.4,23.41,23.52,1525556,357.89,2026-09-10
MIDCAPIETF,EQ,23.86,23.9,23.67,23.73,23.86,1791013,425.36,2026-09-10
MIDHANI,EQ,464.0,481.4,460.4,463.35,463.8,3378828,15920.3,2026-09-10
MIDQ50ADD,EQ,24.45,24.51,24.33,24.39,24.54,31657,7.73,2026-09-10
MIDSELIETF,EQ,19.78,19.84,19.59,19.65,19.78,135506,26.72,2026-09-10
MIDSMALL,EQ,52.19,52.19,51.42,51.56,51.64,161308,83.17,2026-09-10
MIDWESTLTD,EQ,1060.6,1076.8,1043.3,1065.5,1059.1,77450,814.53,2026-09-10
MIIL,EQ,692.9,717.45,678.2,687.2,688.4,66187,452.44,2026-09-10
MILKYMIST,EQ,267.0,278.83,265.32,278.83,265.56,8013334,21879.49,2026-09-10
MINDACORP,EQ,704.9,709.5,697.5,703.1,700.8,74618,525.21,2026-09-10
MINDTECK,EQ,166.9,167.06,159.0,160.0,162.68,45843,74.18,2026-09-10
MIRZAINT,EQ,31.15,31.74,30.68,30.81,31.28,63473,19.72,2026-09-10
MITCON,EQ,81.01,86.0,80.0,81.65,82.27,7795,6.51,2026-09-10
MITTAL,EQ,0.88,0.9,0.82,0.83,0.88,1556381,13.41,2026-09-10
MKEXIM,EQ,66.1,66.1,63.25,65.73,64.88,7037,4.6,2026-09-10
MKPL,EQ,4.03,4.06,4.0,4.01,4.03,79304,3.19,2026-09-10
MLKFOOD,EQ,86.9,86.9,81.0,83.42,84.97,7365,6.07,2026-09-10
MMFL,EQ,621.0,648.35,616.1,644.1,616.95,213941,1355.06,2026-09-10
MMP,EQ,463.25,468.7,436.8,447.8,460.25,50469,229.22,2026-09-10
MMTC,EQ,62.76,63.5,62.1,62.23,62.76,1012634,633.78,2026-09-10
MMWL,EQ,13.83,14.2,13.45,13.87,13.83,28053,3.85,2026-09-10
MNC,EQ,33.0,33.0,32.83,32.9,32.89,17281,5.69,2026-09-10
MOALPHA50,EQ,57.7,57.7,56.24,56.43,56.57,10269,5.8,2026-09-10
MOBANK10,EQ,16.55,16.57,16.5,16.51,16.55,4532,0.75,2026-09-10
MOBIKWIK,EQ,194.8,198.24,193.35,194.68,195.3,722711,1415.31,2026-09-10
MOCAPITAL,EQ,53.9,53.99,53.52,53.63,53.99,571593,307.05,2026-09-10
MODEFENCE,EQ,109.0,112.0,107.41,107.62,108.87,895581,967.41,2026-09-10
MODINATUR,EQ,346.15,362.0,346.1,355.3,349.1,4303,15.32,2026-09-10
MODIRUBBER,EQ,125.89,128.99,124.0,125.39,125.89,815,1.02,2026-09-10
MODIS,EQ,370.5,379.0,368.1,373.85,371.45,11202,41.69,2026-09-10
MODISONLTD,EQ,485.05,514.8,485.05,514.8,490.3,170543,870.36,2026-09-10
MODTHREAD,EQ,54.17,54.17,50.02,51.62,53.91,4689,2.47,2026-09-10
MOENERGY,EQ,39.08,39.08,38.0,38.15,38.7,128914,49.59,2026-09-10
MOGOLD,EQ,151.65,151.75,150.65,150.75,150.25,16445,24.87,2026-09-10
MOGSEC,EQ,65.69,65.7,65.1,65.64,65.14,2464,1.61,2026-09-10
MOHEALTH,EQ,52.14,52.66,51.74,51.83,52.14,60963,31.78,2026-09-10
MOHITE,EQ,2.78,2.84,2.7,2.75,2.74,35555,0.98,2026-09-10
MOHITIND,EQ,24.1,24.24,23.04,23.55,23.23,4348,1.02,2026-09-10
MOIL,EQ,251.95,256.0,249.0,250.18,251.95,780689,1968.91,2026-09-10
MOINFRA,EQ,58.93,58.93,58.66,58.93,58.41,685,0.4,2026-09-10
MOIPO,EQ,48.81,48.81,48.5,48.68,48.81,14286,6.95,2026-09-10
MOKSH,EQ,10.36,10.57,10.05,10.18,10.3,57711,5.88,2026-09-10
MOL,EQ,63.5,64.91,62.2,62.55,63.54,607889,386.54,2026-09-10
MOLBIO,EQ,1271.0,1509.4,1271.0,1509.4,1257.9,11329700,160243.98,2026-09-10
MOLDTKPAC,EQ,690.8,692.8,685.0,685.45,690.2,14862,102.32,2026-09-10
MOLOWVOL,EQ,35.43,35.44,35.3,35.41,35.59,52262,18.46,2026-09-10
MOM100,EQ,67.62,68.06,67.07,67.31,67.61,291771,196.62,2026-09-10
MOM30IETF,EQ,31.69,31.73,31.3,31.39,31.54,416351,131.02,2026-09-10
MOM50,EQ,245.0,246.4,221.55,245.5,246.16,3932,9.67,2026-09-10
MOMENTUM,EQ,30.78,31.7,30.78,31.33,31.57,46660,14.64,2026-09-10
MOMENTUM30,EQ,31.15,31.15,30.84,30.9,31.15,21034,6.51,2026-09-10
MOMENTUM50,EQ,55.2,55.2,54.41,54.6,54.96,275611,150.78,2026-09-10
MOMETAL,EQ,13.4,13.42,13.23,13.28,13.4,19317,2.58,2026-09-10
MOMGF,EQ,161.99,164.0,160.97,161.04,162.24,2434,3.93,2026-09-10
MOMIDMTM,EQ,64.95,64.95,64.22,64.35,64.92,27821,17.95,2026-09-10
MOMMIDCAP,EQ,13.12,13.14,12.96,12.99,13.12,2379012,309.85,2026-09-10
MOMNC,EQ,31.92,31.98,31.8,31.97,32.0,31991,10.21,2026-09-10
MOMOMENTUM,EQ,62.68,62.96,62.11,62.29,62.68,72120,45.15,2026-09-10
MON100,EQ,349.0,349.0,329.01,333.21,340.57,1232723,4122.61,2026-09-10
MON50EQUAL,EQ,32.67,33.0,32.5,32.68,32.77,2146,0.7,2026-09-10
MONARCH,EQ,373.4,378.25,368.4,370.95,370.95,130223,483.09,2026-09-10
MONEXT50,EQ,72.86,73.5,72.43,72.67,72.96,2291,1.67,2026-09-10
MONEYBOXX,EQ,40.75,40.75,35.85,37.15,44.81,1459080,548.64,2026-09-10
MONIFTY100,EQ,25.3,25.87,24.55,24.62,24.8,26273,6.57,2026-09-10
MONIFTY500,EQ,23.6,23.6,23.45,23.5,23.6,835686,196.64,2026-09-10
MONQ50,EQ,218.33,225.0,181.07,199.89,213.01,1264631,2492.4,2026-09-10
MONTECARLO,EQ,553.0,560.6,553.0,556.05,553.3,28781,160.1,2026-09-10
MOOILGAS,EQ,11.3,11.3,11.01,11.04,11.08,15409,1.71,2026-09-10
MOPSE,EQ,100.02,102.5,99.29,99.68,99.77,1174,1.17,2026-09-10
MOQUALITY,EQ,197.1,197.3,195.39,195.85,197.32,4153,8.13,2026-09-10
MOREALTY,EQ,90.0,90.0,86.9,87.52,87.89,422152,369.06,2026-09-10
MOREPENLAB,EQ,116.93,119.95,114.32,115.28,116.54,9814569,11498.29,2026-09-10
MOSCHIP,EQ,211.69,213.03,205.9,206.69,211.41,1247416,2602.41,2026-09-10
MOSERVICE,EQ,30.1,30.15,29.98,30.13,30.18,1550,0.47,2026-09-10
MOSILVER,EQ,232.0,233.75,230.61,230.84,229.79,184460,426.25,2026-09-10
MOSMALL250,EQ,18.52,18.58,18.45,18.51,18.5,544558,100.92,2026-09-10
MOTHERSON,EQ,163.7,164.7,162.33,163.2,163.7,5599332,9141.5,2026-09-10
MOTILALOFS,EQ,1023.0,1024.9,1008.0,1015.0,1025.0,338388,3434.29,2026-09-10
MOTISONS,EQ,16.25,16.54,15.86,16.01,16.25,15121349,2446.85,2026-09-10
MOTOGENFIN,EQ,27.04,27.79,26.52,26.87,27.04,15852,4.26,2026-09-10
MOTOUR,EQ,77.19,77.19,76.5,76.58,77.19,8818,6.78,2026-09-10
MOVALUE,EQ,111.5,112.78,111.22,111.59,112.0,39373,44.05,2026-09-10
MPHASIS,EQ,2320.0,2329.0,2290.2,2291.7,2307.5,454003,10483.58,2026-09-10
MPSLTD,EQ,2783.4,2799.0,2700.1,2705.9,2783.4,10462,286.08,2026-09-10
MRF,EQ,128400.0,129245.0,128000.0,128270.0,128315.0,2102,2699.93,2026-09-10
MRPL,EQ,184.98,191.9,176.01,181.32,184.46,31180630,57077.12,2026-09-10
MSCI360,EQ,9.95,10.0,9.88,9.96,10.15,16266,1.62,2026-09-10
MSCIADD,EQ,28.96,29.04,28.94,28.95,29.13,747,0.22,2026-09-10
MSCIINDIA,EQ,29.36,29.38,29.23,29.29,29.31,6800,1.99,2026-09-10
MSL,EQ,150.96,154.9,147.98,149.0,148.0,1412,2.11,2026-09-10
MSPL,EQ,34.46,34.87,34.2,34.4,34.43,340364,117.29,2026-09-10
MSTCLTD,EQ,764.0,766.25,733.05,737.55,764.1,326755,2430.56,2026-09-10
MSUMI,EQ,36.95,36.95,36.31,36.34,36.72,8339844,3039.85,2026-09-10
MTNL,EQ,25.21,25.49,25.04,25.1,25.21,458177,115.54,2026-09-10
MUFIN,EQ,135.0,135.95,133.7,135.22,134.83,475498,641.75,2026-09-10
MUFTI,EQ,74.95,77.0,73.21,74.09,74.66,86212,64.58,2026-09-10
MUKANDLTD,EQ,139.99,146.5,139.69,142.57,139.69,329153,471.66,2026-09-10
MUKESHB,EQ,132.0,132.5,130.0,132.5,135.0,2650,3.48,2026-09-10
MUKKA,EQ,30.35,31.0,29.87,30.57,29.86,873584,266.38,2026-09-10
MULTICAP,EQ,17.01,17.01,16.52,16.53,16.6,124668,20.65,2026-09-10
MUNJALAU,EQ,109.9,111.08,108.41,109.17,109.83,231004,252.55,2026-09-10
MUNJALSHOW,EQ,127.51,128.9,126.82,127.07,128.19,15778,20.13,2026-09-10
MURUDCERA,EQ,30.98,30.98,29.86,30.0,30.83,10188,3.06,2026-09-10
MUTHOOTCAP,EQ,238.0,240.25,230.37,232.44,235.33,8204,19.21,2026-09-10
MUTHOOTFIN,EQ,2815.4,2853.9,2807.4,2841.5,2815.0,408226,11567.41,2026-09-10
MUTHOOTMF,EQ,196.21,198.3,195.78,196.13,197.1,140143,275.57,2026-09-10
MVELECTRO,EQ,911.45,911.45,826.1,835.45,917.5,5082721,43828.26,2026-09-10
MVGJL,EQ,215.5,222.0,208.0,208.78,214.64,258423,550.13,2026-09-10
MWL,EQ,38.01,43.93,37.43,39.56,37.76,18773791,7833.88,2026-09-10
NACLIND,EQ,164.32,165.39,157.1,159.49,164.32,443221,712.99,2026-09-10
NAGREEKCAP,EQ,22.99,23.24,22.02,22.87,22.66,971,0.22,2026-09-10
NAGREEKEXP,EQ,22.31,22.89,21.91,22.33,22.42,9698,2.17,2026-09-10
NAHARCAP,EQ,264.4,264.4,255.5,256.9,257.65,2468,6.44,2026-09-10
NAHARINDUS,EQ,135.31,136.59,133.1,133.89,134.1,14916,20.15,2026-09-10
NAHARPOLY,EQ,237.16,239.04,232.42,233.77,236.55,4604,10.83,2026-09-10
NAHARSPING,EQ,278.55,280.1,268.0,270.8,277.3,42431,116.78,2026-09-10
NAM-INDIA,EQ,1156.6,1186.3,1152.4,1185.0,1164.8,1085689,12720.04,2026-09-10
NARMADA,EQ,14.45,14.8,13.68,14.05,14.59,458942,65.89,2026-09-10
NATCOPHARM,EQ,825.55,832.15,816.0,818.65,826.3,236487,1940.91,2026-09-10
NATHBIOGEN,EQ,153.0,153.45,151.01,152.51,151.67,2248,3.42,2026-09-10
NATIONALUM,EQ,382.0,383.0,371.05,373.35,377.6,3376100,12703.79,2026-09-10
NATIONSTD,EQ,115.05,120.0,111.11,115.89,114.4,78107,90.55,2026-09-10
NAUKRI,EQ,1266.9,1277.9,1246.9,1265.0,1267.0,981803,12420.51,2026-09-10
NAVA,EQ,561.15,565.15,556.05,558.35,561.15,96940,542.86,2026-09-10
NAVINFLUOR,EQ,8748.0,8771.5,8622.0,8700.5,8775.5,65488,5691.3,2026-09-10
NAVKARCORP,EQ,94.03,95.1,92.34,93.85,94.3,339324,316.86,2026-09-10
NAVNETEDUL,EQ,128.0,128.39,127.2,127.69,127.0,41286,52.72,2026-09-10
NAZARA,EQ,373.95,380.0,369.2,374.65,374.4,1606579,6033.85,2026-09-10
NBCC,EQ,83.2,84.7,83.2,83.94,83.6,4868776,4083.87,2026-09-10
NBIFIN,EQ,2015.0,2024.9,1971.1,2010.0,1993.0,5037,99.75,2026-09-10
NCC,EQ,145.49,146.75,141.67,143.15,145.33,2615966,3751.74,2026-09-10
NCLIND,EQ,179.04,180.8,176.05,178.11,179.12,32644,58.06,2026-09-10
NDGL,EQ,2730.7,2750.0,2700.1,2716.0,2727.6,255,6.93,2026-09-10
NDL,EQ,2.98,2.98,2.89,2.9,2.93,876630,25.6,2026-09-10
NDLVENTURE,EQ,126.5,129.99,122.53,126.46,124.69,14377,18.39,2026-09-10
NDRAUTO,EQ,714.0,719.0,693.0,702.25,714.9,16993,120.14,2026-09-10
NDTV,EQ,73.8,74.95,71.0,72.29,73.73,48449,35.3,2026-09-10
NEAGI,EQ,3469.0,3469.0,3469.0,3469.0,3470.0,1,0.03,2026-09-10
NECLIFE,EQ,12.09,12.2,11.9,11.93,11.98,87468,10.48,2026-09-10
NELCAST,EQ,114.0,115.88,109.27,110.0,113.94,147086,164.28,2026-09-10
NELCO,EQ,957.05,973.2,935.0,937.55,958.3,166262,1580.41,2026-09-10
NEOGEN,EQ,2240.0,2400.0,2231.0,2388.9,2255.2,410092,9639.84,2026-09-10
NEPHROPLUS,EQ,733.1,751.15,731.05,747.25,733.45,204920,1520.48,2026-09-10
NESCO,EQ,1090.0,1120.3,1090.0,1091.2,1096.9,46666,513.02,2026-09-10
NESTLEIND,EQ,1396.8,1402.8,1377.7,1386.2,1393.0,568997,7889.25,2026-09-10
NETF,EQ,256.9,257.0,254.7,256.7,255.83,1013,2.59,2026-09-10
NETWEB,EQ,4910.0,5054.0,4900.0,5013.5,4898.5,1532072,76624.75,2026-09-10
NETWORK18,EQ,26.87,27.24,26.76,26.83,26.92,2802426,755.14,2026-09-10
NEULANDLAB,EQ,23265.0,24150.0,23235.0,23800.0,23195.0,55257,13152.27,2026-09-10
NEWGEN,EQ,516.0,521.6,505.15,507.9,512.85,531174,2725.18,2026-09-10
NEXT30ADD,EQ,42.57,42.65,42.49,42.64,42.7,1656,0.71,2026-09-10
NEXT50,EQ,754.88,754.88,748.21,748.86,753.29,49990,374.97,2026-09-10
NEXT50ADD,EQ,73.19,74.75,72.9,74.55,73.43,993,0.73,2026-09-10
NEXT50BETA,EQ,79.0,79.0,78.12,78.34,78.75,46573,36.57,2026-09-10
NEXT50ETF,EQ,73.89,73.89,73.0,73.21,73.89,9415,6.89,2026-09-10
NEXT50IETF,EQ,78.92,78.92,76.57,76.7,77.0,454650,349.21,2026-09-10
NEXTMEDIA,EQ,3.87,4.07,3.77,3.89,3.88,117633,4.59,2026-09-10
NFL,EQ,69.99,71.1,69.24,69.45,69.98,738161,516.42,2026-09-10
NGIL,EQ,36.06,36.6,34.11,34.68,35.04,11130,3.9,2026-09-10
NGLFINE,EQ,2776.3,2790.4,2700.0,2725.7,2758.3,4059,111.19,2026-09-10
NH,EQ,1900.0,1920.0,1881.0,1909.7,1890.6,140237,2678.71,2026-09-10
NHPC,EQ,76.69,76.85,75.93,76.35,76.69,9030454,6887.18,2026-09-10
NIACL,EQ,205.9,207.45,196.26,197.35,205.51,5001728,10019.04,2026-09-10
NIBE,EQ,1314.0,1319.9,1287.1,1298.2,1313.3,34841,452.39,2026-09-10
NIBL,EQ,30.6,31.66,30.05,30.58,30.6,3827,1.18,2026-09-10
NICCOPAR,EQ,80.5,81.5,79.0,80.02,80.27,662,0.53,2026-09-10
NIF100BEES,EQ,260.52,264.91,260.52,261.06,262.29,45272,118.22,2026-09-10
NIF100IETF,EQ,27.69,27.69,27.41,27.49,27.6,65991,18.16,2026-09-10
NIF500BETA,EQ,36.33,37.06,36.33,36.94,37.08,881,0.33,2026-09-10
NIFTY1,EQ,263.83,263.83,260.0,260.24,261.13,107738,280.69,2026-09-10
NIFTY100EW,EQ,35.0,35.0,34.59,34.6,35.0,54048,18.74,2026-09-10
NIFTYADD,EQ,247.86,247.94,246.74,247.15,247.86,14792,36.62,2026-09-10
NIFTYAXIS,EQ,261.29,261.29,259.45,259.69,260.47,182222,473.68,2026-09-10
NIFTYBEES,EQ,273.51,273.51,266.0,267.17,268.15,5384617,14409.0,2026-09-10
NIFTYBETA,EQ,263.57,263.57,259.91,260.06,260.87,23635,61.53,2026-09-10
NIFTYBETF,EQ,242.97,242.97,240.9,241.36,242.2,1464,3.54,2026-09-10
NIFTYCASE,EQ,9.46,9.54,9.4,9.41,9.45,841327,79.3,2026-09-10
NIFTYETF,EQ,255.83,256.0,254.82,255.09,255.83,146073,372.81,2026-09-10
NIFTYIETF,EQ,267.59,267.59,265.6,265.84,266.76,573236,1525.78,2026-09-10
NIFTYJBLK,EQ,11.74,12.11,11.74,12.0,12.05,68602,8.25,2026-09-10
NIFTYQLITY,EQ,20.9,20.96,20.74,20.8,20.92,34816,7.26,2026-09-10
NIITLTD,EQ,95.46,95.46,93.5,94.09,94.99,140966,132.72,2026-09-10
NIITMTS,EQ,222.99,226.8,221.01,224.64,221.54,64725,145.28,2026-09-10
NILAINFRA,EQ,6.8,6.97,6.66,6.73,6.8,121635,8.27,2026-09-10
NILASPACES,EQ,12.16,12.41,12.1,12.14,12.16,579752,70.62,2026-09-10
NILE,EQ,1479.0,1490.0,1450.0,1457.0,1479.7,1998,29.25,2026-09-10
NILKAMAL,EQ,2056.7,2085.3,2036.2,2077.4,2056.7,11826,244.17,2026-09-10
NIMBSPROJ,EQ,152.06,163.63,150.0,157.56,155.84,114752,180.81,2026-09-10
NINSYS,EQ,710.0,714.25,701.15,708.45,710.75,3174,22.48,2026-09-10
NIPPOBATRY,EQ,325.0,325.0,320.0,322.45,323.0,1939,6.23,2026-09-10
NIRAJ,EQ,28.0,28.7,27.3,27.76,28.07,20039,5.6,2026-09-10
NIRLON,EQ,622.65,622.65,619.0,620.05,619.7,3618,22.44,2026-09-10
NITCO,EQ,92.4,95.5,92.4,95.23,92.53,246641,232.1,2026-09-10
NITINSPIN,EQ,652.65,665.5,633.35,649.5,651.25,188865,1232.58,2026-09-10
NITIRAJ,EQ,230.0,235.0,225.1,231.16,229.46,3966,9.09,2026-09-10
NITTAGELA,EQ,1633.7,1718.9,1633.7,1654.4,1667.0,1675,27.8,2026-09-10
NIVABUPA,EQ,79.2,79.79,78.86,79.42,79.59,290644,230.62,2026-09-10
NKIND,EQ,63.88,63.88,56.58,56.6,58.07,1867,1.06,2026-09-10
NLCINDIA,EQ,272.0,274.95,270.0,270.4,271.55,1073393,2925.13,2026-09-10
NMDC,EQ,86.0,86.12,84.17,84.6,85.8,9878920,8383.96,2026-09-10
NOCIL,EQ,188.28,200.49,187.12,195.31,188.28,7274037,14259.17,2026-09-10
NOIDATOLL,EQ,4.02,4.05,3.97,3.99,4.02,61659,2.47,2026-09-10
NORBTEAEXP,EQ,65.21,67.4,64.02,64.14,67.2,1992,1.29,2026-09-10
NORTHARC,EQ,308.0,315.25,307.05,309.15,308.35,1349056,4206.04,2026-09-10
NOVARTIND,EQ,2260.0,2588.8,2232.1,2428.2,2186.4,2292871,56376.85,2026-09-10
NPBET,EQ,284.3,290.0,282.41,282.93,292.4,3160,8.97,2026-09-10
NPST,EQ,1680.5,1742.0,1664.1,1718.5,1680.5,25134,431.81,2026-09-10
NRAIL,EQ,614.5,635.2,588.1,595.3,611.2,39747,241.77,2026-09-10
NRBBEARING,EQ,481.0,518.0,481.0,515.95,484.55,1397242,7077.99,2026-09-10
NSIL,EQ,5648.5,5668.5,5594.0,5604.0,5621.0,1715,96.26,2026-09-10
NSLNISP,EQ,45.25,45.52,43.7,43.86,45.04,3875085,1717.86,2026-09-10
NTCIND,EQ,137.0,137.0,131.0,131.7,132.41,559,0.75,2026-09-10
NTPC,EQ,335.65,335.7,333.1,335.0,334.5,6905905,23105.34,2026-09-10
NTPCGREEN,EQ,88.05,88.12,87.55,87.72,88.03,1225146,1075.9,2026-09-10
NUCLEUS,EQ,706.0,708.95,698.0,701.05,706.1,13973,98.17,2026-09-10
NUVAMA,EQ,1788.0,1789.0,1742.3,1757.9,1781.3,247136,4344.44,2026-09-10
NUVOCO,EQ,334.75,338.5,328.7,331.3,334.75,256455,852.55,2026-09-10
NV20,EQ,13.68,13.68,13.54,13.57,13.62,101535,13.78,2026-09-10
NV20BEES,EQ,136.78,137.0,135.75,135.96,136.53,22269,30.3,2026-09-10
NV20IETF,EQ,13.3,13.34,13.22,13.24,13.3,378550,50.18,2026-09-10
NYKAA,EQ,343.05,345.4,339.1,341.95,343.0,3136550,10776.76,2026-09-10
OAL,EQ,537.0,559.7,521.8,524.7,540.3,64967,352.49,2026-09-10
OBCL,EQ,55.99,56.54,54.94,55.89,55.98,4444,2.48,2026-09-10
OBEROIRLTY,EQ,1799.8,1806.4,1777.5,1792.0,1800.0,233031,4160.68,2026-09-10
ODIGMA,EQ,22.15,23.59,22.01,22.33,22.47,35868,8.13,2026-09-10
ODYCORP,EQ,7.29,7.49,6.95,7.03,7.17,40410,2.92,2026-09-10
OFSS,EQ,11680.0,11814.0,11627.0,11725.0,11630.0,167438,19596.67,2026-09-10
OIL,EQ,503.9,514.45,497.75,500.3,498.95,4397946,22244.58,2026-09-10
OILIETF,EQ,11.25,11.31,11.15,11.17,11.24,691135,77.54,2026-09-10
OLAELEC,EQ,37.31,40.51,37.31,39.15,37.31,180771099,71362.38,2026-09-10
OLECTRA,EQ,1203.0,1218.9,1203.0,1206.7,1206.6,243403,2944.16,2026-09-10
OMAXAUTO,EQ,175.0,179.45,174.0,176.44,175.79,38738,68.15,2026-09-10
OMAXE,EQ,122.85,124.75,121.0,122.42,121.36,742271,911.07,2026-09-10
OMINFRAL,EQ,81.67,83.31,79.61,80.8,81.67,56813,46.05,2026-09-10
OMNI,EQ,534.6,572.0,534.6,563.35,534.6,1296012,7229.19,2026-09-10
OMPOWER,EQ,169.8,171.0,167.0,168.11,168.7,35105,59.3,2026-09-10
ONEGLOBAL,EQ,546.0,549.0,527.05,546.0,540.4,15825,85.52,2026-09-10
ONEPOINT,EQ,58.07,59.4,57.42,57.74,58.07,661574,387.42,2026-09-10
ONESOURCE,EQ,1526.0,1567.8,1526.0,1541.9,1530.1,247132,3832.66,2026-09-10
ONGC,EQ,236.1,239.8,235.6,237.27,234.02,12771340,30306.39,2026-09-10
ONIDA,EQ,34.26,34.48,32.65,32.98,34.26,466678,156.07,2026-09-10
ONIXSOLAR,EQ,462.0,464.2,432.55,459.4,455.3,690257,3072.4,2026-09-10
ONWARDTEC,EQ,282.15,298.0,282.15,288.65,285.75,55205,160.85,2026-09-10
OPTIEMUS,EQ,545.0,569.0,545.0,557.65,541.95,286523,1599.46,2026-09-10
OPTIFIN,EQ,14.49,16.0,14.3,14.57,14.2,44190,6.54,2026-09-10
ORCHASP,EQ,1.47,1.48,1.42,1.44,1.42,185081,2.71,2026-09-10
ORCHPHARMA,EQ,1025.8,1029.95,1000.2,1016.1,1024.85,43310,440.45,2026-09-10
ORICONENT,EQ,52.0,53.69,51.27,51.65,52.08,19885,10.32,2026-09-10
ORIENTALTL,EQ,5.08,5.2,5.03,5.09,5.12,70328,3.57,2026-09-10
ORIENTBELL,EQ,420.0,421.8,410.1,412.0,420.1,16716,69.24,2026-09-10
ORIENTCEM,EQ,126.0,126.68,125.1,126.06,126.28,320950,403.93,2026-09-10
ORIENTCER,EQ,47.35,48.5,46.2,46.68,47.3,140327,66.05,2026-09-10
ORIENTELEC,EQ,176.25,176.25,173.06,173.64,175.11,45431,79.21,2026-09-10
ORIENTHOT,EQ,140.11,142.11,138.8,139.81,139.98,352137,492.2,2026-09-10
ORIENTPPR,EQ,17.93,18.79,17.73,18.06,17.93,440501,80.1,2026-09-10
ORIENTTECH,EQ,230.0,244.17,230.0,235.36,229.65,266345,633.91,2026-09-10
ORIRAIL,EQ,126.65,127.73,120.4,122.3,126.65,86819,107.61,2026-09-10
ORISSAMINE,EQ,4156.2,4241.9,4057.1,4074.5,4153.5,5995,248.6,2026-09-10
ORKLAINDIA,EQ,585.0,588.9,576.0,578.5,586.3,46377,270.51,2026-09-10
ORTINGLOBE,EQ,15.5,16.3,15.22,16.3,15.53,31447,5.1,2026-09-10
OSWALAGRO,EQ,35.6,36.0,34.0,34.34,35.83,61424,21.69,2026-09-10
OSWALGREEN,EQ,20.2,20.35,19.5,19.79,20.15,123485,24.59,2026-09-10
OSWALPUMPS,EQ,290.0,293.6,281.45,283.6,282.75,919613,2636.07,2026-09-10
OSWALSEEDS,EQ,13.7,15.6,13.2,14.75,13.08,1573719,232.05,2026-09-10
PACEDIGITK,EQ,161.0,161.9,158.3,159.0,160.68,517537,828.1,2026-09-10
PACIFICI,EQ,141.79,145.0,137.0,137.82,141.79,106,0.15,2026-09-10
PAGEIND,EQ,35300.0,35900.0,34960.0,35750.0,35395.0,15704,5576.41,2026-09-10
PAISALO,EQ,79.5,83.5,79.2,83.05,79.92,21159038,17360.8,2026-09-10
PAKKA,EQ,78.6,78.6,76.01,76.28,78.13,93909,72.35,2026-09-10
PALASHSECU,EQ,88.0,89.89,86.2,87.99,88.86,416,0.37,2026-09-10
PALREDTEC,EQ,50.81,53.28,50.0,53.28,50.75,8304,4.4,2026-09-10
PANACEABIO,EQ,396.4,399.0,387.45,388.65,393.8,101111,395.66,2026-09-10
PANAMAPET,EQ,500.0,502.7,488.15,491.65,498.4,169128,834.75,2026-09-10
PANORAMA,EQ,48.0,56.2,48.0,52.92,47.56,1538580,807.06,2026-09-10
PANSARI,EQ,295.0,295.0,287.5,293.0,281.2,1891,5.53,2026-09-10
PARACABLES,EQ,66.45,68.24,65.51,65.69,66.45,1118932,746.67,2026-09-10
PARADEEP,EQ,157.5,159.91,156.11,157.11,157.92,2248464,3533.89,2026-09-10
PARAGMILK,EQ,254.4,275.0,253.3,264.85,253.6,7361793,19733.46,2026-09-10
PARAS,EQ,1472.0,1499.0,1441.5,1453.3,1470.0,745689,10926.25,2026-09-10
PARASPETRO,EQ,2.2,2.26,2.15,2.15,2.18,172139,3.77,2026-09-10
PARKHOSPS,EQ,282.0,287.95,270.5,280.8,281.85,281714,799.37,2026-09-10
PARKHOTELS,EQ,113.19,113.19,110.6,111.63,111.64,74993,83.53,2026-09-10
PARNAXLAB,EQ,141.7,149.5,104.0,127.48,130.0,1783,2.33,2026-09-10
PASHUPATI,EQ,82.3,86.0,80.08,80.24,81.0,142256,117.11,2026-09-10
PATANJALI,EQ,340.95,342.0,337.75,339.75,341.0,1115935,3789.36,2026-09-10
PATELENG,EQ,27.01,27.49,26.65,26.87,27.1,2216158,600.82,2026-09-10
PATELRMART,EQ,214.93,218.01,210.63,211.9,214.93,59871,128.2,2026-09-10
PAUSHAKLTD,EQ,754.3,757.9,730.0,734.05,754.3,31771,234.6,2026-09-10
PAVNAIND,EQ,15.21,15.83,14.81,15.08,15.17,91488,13.86,2026-09-10
PAYTM,EQ,1750.0,1757.0,1720.1,1739.0,1751.5,1479094,25734.2,2026-09-10
PBMPOLY,EQ,60.5,60.5,57.15,60.0,60.86,103,0.06,2026-09-10
PCBL,EQ,335.0,346.0,333.1,334.8,334.95,3387384,11537.97,2026-09-10
PCJEWELLER,EQ,13.95,14.35,13.68,13.83,13.87,530933799,74425.74,2026-09-10
PDMJEPAPER,EQ,97.21,103.3,95.82,98.77,96.74,864939,868.87,2026-09-10
PDSL,EQ,345.9,352.2,343.05,348.2,345.7,160889,558.84,2026-09-10
PEARLPOLY,EQ,15.7,15.92,15.51,15.62,15.61,3058,0.48,2026-09-10
PENIND,EQ,178.0,181.08,177.0,177.34,178.08,318619,569.73,2026-09-10
PENINLAND,EQ,15.56,16.16,15.12,15.32,15.56,128977,20.29,2026-09-10
PERMAGN,EQ,843.0,879.0,834.95,869.5,843.3,3537,30.48,2026-09-10
PERNIASPOP,EQ,562.95,585.0,556.75,575.5,563.9,720934,4148.48,2026-09-10
PERSISTENT,EQ,5404.5,5560.0,5370.5,5509.5,5419.0,516940,28431.52,2026-09-10
PETRONET,EQ,284.0,290.7,283.05,288.7,285.9,2585212,7461.58,2026-09-10
PFC,EQ,350.0,354.75,349.3,352.8,351.4,7286720,25633.48,2026-09-10
PFIZER,EQ,4175.8,4195.1,4080.0,4095.4,4171.0,267140,11030.36,2026-09-10
PFOCUS,EQ,318.45,321.0,311.15,313.55,316.3,374526,1180.74,2026-09-10
PFS,EQ,27.15,27.74,26.4,27.47,27.21,585575,160.38,2026-09-10
PGEL,EQ,542.5,548.25,538.5,542.0,542.5,786316,4270.88,2026-09-10
PGHH,EQ,7629.5,7665.5,7570.0,7581.5,7615.0,5960,453.07,2026-09-10
PGHL,EQ,5442.0,5505.0,5405.0,5425.5,5475.0,15867,866.61,2026-09-10
PGIL,EQ,2295.1,2424.9,2286.4,2378.4,2277.9,292926,6971.8,2026-09-10
PHARMABEES,EQ,27.5,27.65,27.21,27.27,27.5,3713168,1014.92,2026-09-10
PHOENIXLTD,EQ,1887.5,1914.8,1883.1,1890.0,1885.3,383380,7269.89,2026-09-10
PHOENXINTL,EQ,29.61,30.8,29.59,30.15,30.2,1802,0.53,2026-09-10
PICCADIL,EQ,599.8,611.4,598.0,600.5,599.8,127719,769.57,2026-09-10
PIDILITIND,EQ,1572.0,1577.9,1553.5,1569.0,1572.0,475698,7435.42,2026-09-10
PIGL,EQ,104.9,106.97,103.41,104.11,104.98,58444,61.59,2026-09-10
PIIND,EQ,2386.9,2397.6,2352.0,2365.0,2394.0,275516,6511.79,2026-09-10
PILANIINVS,EQ,4176.0,4292.7,4154.6,4235.8,4109.8,2590,109.5,2026-09-10
PILITA,EQ,7.75,8.14,7.75,7.88,7.85,42014,3.33,2026-09-10
PINELABS,EQ,174.99,176.58,172.22,173.17,175.08,15911117,27727.92,2026-09-10
PIONEEREMB,EQ,20.83,21.0,20.01,20.42,20.83,16041,3.28,2026-09-10
PIRAMALFIN,EQ,2290.7,2316.0,2258.0,2295.6,2310.5,335744,7681.68,2026-09-10
PITTIENG,EQ,1171.9,1180.0,1156.1,1171.4,1171.6,71222,833.41,2026-09-10
PIXTRANS,EQ,1741.8,1753.0,1721.0,1728.3,1746.4,7959,138.4,2026-09-10
PKTEA,EQ,1169.0,1169.0,1072.4,1094.2,1136.3,10161,113.97,2026-09-10
PLASTIBLEN,EQ,188.14,197.0,188.14,194.15,189.3,42721,82.86,2026-09-10
PLATIND,EQ,226.0,228.99,217.6,221.04,226.04,35143,78.47,2026-09-10
PLAZACABLE,EQ,61.35,62.08,58.01,60.51,59.68,193003,115.69,2026-09-10
PML,EQ,499.95,504.35,485.3,486.75,487.95,221,1.08,2026-09-10
PNB,EQ,115.5,118.2,115.47,116.85,115.61,18231772,21379.16,2026-09-10
PNBGILTS,EQ,79.46,83.0,79.46,80.36,79.46,476519,386.36,2026-09-10
PNBHOUSING,EQ,1142.5,1186.4,1132.8,1179.0,1142.0,1084833,12716.89,2026-09-10
PNC,EQ,17.39,17.39,16.22,16.52,16.56,6498,1.1,2026-09-10
PNCINFRA,EQ,179.6,180.12,176.55,177.41,179.0,188698,335.43,2026-09-10
PNGJL,EQ,612.0,615.35,604.15,611.05,611.45,248496,1512.15,2026-09-10
PNGSREVA,EQ,519.7,520.95,503.0,504.7,519.7,121081,616.87,2026-09-10
POCL,EQ,464.0,470.0,454.05,457.55,466.95,411795,1899.12,2026-09-10
PODDARMENT,EQ,297.0,324.6,290.8,299.4,295.85,122057,376.34,2026-09-10
POEL,EQ,144.0,144.73,140.0,140.7,143.02,19534,27.67,2026-09-10
POKARNA,EQ,781.05,879.95,768.8,780.45,779.35,1363747,11146.72,2026-09-10
POLICYBZR,EQ,1790.1,1808.1,1780.5,1800.0,1800.0,414006,7442.89,2026-09-10
POLYCAB,EQ,8330.5,8387.5,8272.5,8358.0,8354.0,259270,21640.93,2026-09-10
POLYMED,EQ,1720.3,1757.0,1719.0,1747.7,1724.0,99923,1746.12,2026-09-10
POLYPLEX,EQ,1140.1,1152.2,1112.2,1125.3,1140.0,75614,850.76,2026-09-10
POLYSPIN,EQ,29.0,29.0,28.5,28.5,29.0,431,0.12,2026-09-10
PONNIERODE,EQ,373.15,378.15,361.0,363.45,373.2,29127,108.23,2026-09-10
POONAWALLA,EQ,447.45,455.65,445.5,449.4,448.6,502977,2261.23,2026-09-10
POWERGRID,EQ,265.85,271.75,265.3,271.75,265.85,12187656,32939.28,2026-09-10
POWERICA,EQ,547.95,583.45,547.95,575.85,547.1,626654,3556.7,2026-09-10
POWERINDIA,EQ,31450.0,31595.0,31050.0,31195.0,31580.0,49644,15541.55,2026-09-10
POWERMECH,EQ,2445.5,2452.9,2374.7,2379.4,2430.1,36315,872.36,2026-09-10
PPLPHARMA,EQ,218.0,218.99,211.81,212.49,218.0,2726382,5853.86,2026-09-10
PRABHA,EQ,250.0,252.1,244.43,247.58,246.58,118160,292.71,2026-09-10
PRAENG,EQ,22.91,23.51,21.88,22.2,22.92,59683,13.45,2026-09-10
PRAJIND,EQ,326.0,334.0,323.6,326.85,326.7,459946,1507.1,2026-09-10
PRAKASH,EQ,126.0,127.96,123.5,123.78,126.41,461514,577.15,2026-09-10
PRAKASHSTL,EQ,3.76,3.88,3.75,3.79,3.8,90649,3.44,2026-09-10
PRAVEG,EQ,262.65,271.5,260.55,266.5,263.8,25343,67.91,2026-09-10
PRAXIS,EQ,4.8,4.88,4.51,4.71,4.72,220518,10.3,2026-09-10
PRECAM,EQ,120.02,121.74,117.5,118.05,119.91,86119,102.47,2026-09-10
PRECOT,EQ,656.05,690.0,656.05,670.75,660.15,2297,15.45,2026-09-10
PRECWIRE,EQ,474.05,476.0,461.45,464.65,474.35,415746,1949.49,2026-09-10
PREMCO,EQ,389.95,390.0,385.05,386.3,386.05,742,2.87,2026-09-10
PREMEXPLN,EQ,667.5,672.0,666.0,667.05,666.6,239866,1600.55,2026-09-10
PREMIERENE,EQ,977.0,981.8,962.2,967.9,975.9,992989,9613.2,2026-09-10
PREMIERPOL,EQ,90.04,92.39,87.02,87.99,89.73,189665,167.62,2026-09-10
PRESTIGE,EQ,1534.8,1544.0,1518.6,1543.6,1540.4,296169,4545.46,2026-09-10
PRICOLLTD,EQ,746.0,753.1,736.1,739.6,745.8,208612,1546.86,2026-09-10
PRIMESECU,EQ,280.5,282.0,274.05,276.75,280.1,24310,67.95,2026-09-10
PRIMO,EQ,21.7,22.1,21.26,21.7,21.27,167025,36.1,2026-09-10
PRINCEPIPE,EQ,282.0,285.65,278.55,279.9,280.75,138600,390.34,2026-09-10
PRISMX,EQ,0.58,0.61,0.56,0.59,0.57,209988,1.23,2026-09-10
PRIVISCL,EQ,3505.1,3535.2,3440.3,3495.6,3537.9,104437,3634.27,2026-09-10
PROSTARM,EQ,136.53,139.0,132.8,134.78,135.64,217946,295.51,2026-09-10
PROTEAN,EQ,495.95,499.05,483.55,492.75,493.35,207573,1023.27,2026-09-10
PROZONER,EQ,49.99,52.6,48.52,52.3,49.88,493674,253.76,2026-09-10
PRSMJOHNSN,EQ,112.45,117.59,112.03,115.22,112.45,1164917,1345.35,2026-09-10
PRUDENT,EQ,3302.4,3355.0,3291.7,3318.8,3302.5,8339,277.29,2026-09-10
PSB,EQ,22.6,22.81,22.46,22.6,22.64,1124783,254.1,2026-09-10
PSPPROJECT,EQ,874.1,882.7,864.0,865.05,879.95,17189,149.55,2026-09-10
PSUBANK,EQ,83.97,85.01,83.76,84.03,83.96,69642,58.74,2026-09-10
PSUBANKADD,EQ,85.0,85.81,84.42,84.62,84.81,6679,5.68,2026-09-10
PSUBNKBEES,EQ,93.49,94.65,93.35,93.54,93.58,1625906,1529.51,2026-09-10
PSUBNKIETF,EQ,84.61,86.0,84.49,84.67,84.83,85050,72.61,2026-09-10
PTC,EQ,153.12,156.4,153.01,153.69,153.12,1569043,2423.59,2026-09-10
PTCIL,EQ,22705.0,22880.0,22300.0,22385.0,22780.0,16490,3705.5,2026-09-10
PTL,EQ,38.23,38.47,38.03,38.17,38.03,21129,8.08,2026-09-10
PUNJABCHEM,EQ,1097.1,1113.7,1088.0,1091.8,1096.1,2534,27.89,2026-09-10
PURVA,EQ,218.0,218.34,212.0,214.16,216.25,148029,316.94,2026-09-10
PVP,EQ,65.0,67.2,63.49,66.1,64.54,1507975,993.17,2026-09-10
PVRINOX,EQ,1175.0,1227.0,1159.9,1221.3,1169.2,746014,8966.83,2026-09-10
PVSL,EQ,100.2,102.0,99.13,100.53,100.6,10011,10.08,2026-09-10
PVTBANIETF,EQ,27.64,27.67,27.45,27.54,27.55,471821,130.15,2026-09-10
PVTBANK,EQ,27.3,27.43,27.3,27.35,27.4,18361,5.03,2026-09-10
PVTBANKADD,EQ,27.77,27.81,27.63,27.76,27.82,11031,3.06,2026-09-10
PVTBKGROWW,EQ,27.21,27.53,27.21,27.33,27.44,6087,1.67,2026-09-10
PWL,EQ,125.79,130.62,125.79,126.73,125.37,13200512,16992.27,2026-09-10
PYRAMID,EQ,151.93,155.48,151.39,154.59,150.51,24175,37.14,2026-09-10
QGOLDHALF,EQ,126.2,127.19,124.0,126.42,126.0,252215,318.65,2026-09-10
QNIFTY,EQ,259.0,259.38,257.6,258.22,258.85,2028,5.25,2026-09-10
QPOWER,EQ,1501.0,1511.7,1441.0,1458.2,1513.2,213213,3148.26,2026-09-10
QUADFUTURE,EQ,439.95,447.4,429.25,435.8,439.85,431820,1882.75,2026-09-10
QUAL30IETF,EQ,20.65,20.72,20.53,20.56,20.63,93934,19.31,2026-09-10
QUALITY30,EQ,20.28,20.34,20.15,20.22,20.34,3960,0.8,2026-09-10
QUESS,EQ,355.1,359.85,348.0,355.1,355.0,420571,1488.8,2026-09-10
QUICKHEAL,EQ,152.5,153.51,146.5,147.48,152.36,73128,109.18,2026-09-10
QUINT,EQ,39.5,39.9,39.1,39.23,39.51,5768,2.27,2026-09-10
RACE,EQ,98.78,99.0,96.0,96.43,96.38,3620,3.51,2026-09-10
RACLGEAR,EQ,1643.9,1669.9,1568.5,1588.2,1633.9,35327,573.09,2026-09-10
RADAAN,EQ,2.99,2.99,2.86,2.87,2.94,34059,0.98,2026-09-10
RADHIKAJWE,EQ,87.49,90.38,83.15,84.15,87.14,2401430,2088.9,2026-09-10
RADIANTCMS,EQ,38.2,38.2,36.4,37.53,40.25,577686,214.47,2026-09-10
RADICO,EQ,4396.2,4485.0,4396.2,4460.0,4414.0,119989,5324.72,2026-09-10
RADIOCITY,EQ,6.62,6.62,6.2,6.21,6.47,57135,3.63,2026-09-10
RAILTEL,EQ,264.3,268.2,262.05,262.7,263.8,543638,1440.11,2026-09-10
RAIN,EQ,223.1,224.97,216.2,217.28,222.5,4114741,9050.08,2026-09-10
RAINBOW,EQ,1449.0,1478.9,1442.5,1460.1,1451.1,75652,1109.54,2026-09-10
RAJMET,EQ,3.33,3.33,3.21,3.26,3.29,251800,8.26,2026-09-10
RAJPALAYAM,EQ,775.0,784.2,735.6,751.1,762.65,2021,15.28,2026-09-10
RAJRATAN,EQ,528.65,534.8,505.85,509.65,520.85,120155,620.11,2026-09-10
RAJSREESUG,EQ,35.57,35.57,33.5,33.66,35.22,30972,10.62,2026-09-10
RAJTV,EQ,8.02,8.41,7.8,7.82,8.21,73915,5.86,2026-09-10
RALLIS,EQ,204.01,205.1,201.95,203.06,204.01,593140,1207.36,2026-09-10
RAMANEWS,EQ,33.02,33.02,32.1,32.15,32.69,8566,2.77,2026-09-10
RAMAPHO,EQ,123.26,125.99,122.5,123.57,123.07,12925,16.0,2026-09-10
RAMBHAJO,EQ,283.0,289.0,263.0,267.51,277.98,742523,2048.3,2026-09-10
RAMCOCEM,EQ,866.85,875.4,853.45,869.75,866.85,555763,4790.33,2026-09-10
RAMCOIND,EQ,319.35,321.9,314.6,319.55,319.45,75109,239.52,2026-09-10
RAMCOSYS,EQ,596.1,616.8,595.1,610.6,596.7,71037,432.26,2026-09-10
RAMKY,EQ,338.5,340.5,335.0,335.9,339.0,15021,50.7,2026-09-10
RAMRAT,EQ,529.0,547.45,527.9,536.75,527.35,205735,1109.29,2026-09-10
RANASUG,EQ,14.75,15.19,14.75,14.85,14.8,247543,36.79,2026-09-10
RANEHOLDIN,EQ,1686.4,1717.7,1675.0,1704.8,1686.4,6820,115.6,2026-09-10
RATEGAIN,EQ,841.0,872.0,833.25,866.45,841.4,296382,2545.72,2026-09-10
RATNAMANI,EQ,2870.4,2889.0,2785.0,2823.0,2859.2,93487,2654.9,2026-09-10
RATNAVEER,EQ,301.25,312.2,299.0,310.6,299.9,3836811,11744.98,2026-09-10
RAYMOND,EQ,811.05,859.4,810.45,853.85,808.45,3307236,27698.87,2026-09-10
RAYMONDLSL,EQ,670.45,720.0,668.7,687.65,670.45,570900,3970.4,2026-09-10
RAYMONDREL,EQ,575.65,580.95,567.1,572.05,580.65,277667,1592.19,2026-09-10
RBA,EQ,100.95,100.95,96.24,96.82,100.5,2882594,2832.62,2026-09-10
RBLBANK,EQ,413.0,417.2,409.05,410.8,416.0,2711005,11151.39,2026-09-10
RCF,EQ,112.8,117.59,112.0,112.57,112.64,1662821,1890.29,2026-09-10
RECLTD,EQ,313.9,316.9,312.65,313.8,314.5,3526950,11092.26,2026-09-10
REDINGTON,EQ,389.0,403.25,380.3,392.0,378.05,23154564,90661.05,2026-09-10
REDTAPE,EQ,116.6,117.68,114.75,115.06,116.57,148573,172.24,2026-09-10
REFEX,EQ,274.8,275.6,268.6,269.95,273.15,160584,435.51,2026-09-10
REGAAL,EQ,85.9,87.25,85.5,85.73,85.8,110269,95.18,2026-09-10
REGENCERAM,EQ,37.0,37.0,34.51,36.05,35.49,3715,1.33,2026-09-10
RELAXO,EQ,331.0,352.05,323.55,326.9,326.1,638940,2142.38,2026-09-10
RELCHEMQ,EQ,115.38,116.8,112.3,113.69,115.38,993,1.14,2026-09-10
RELIABLE,EQ,138.11,139.19,134.01,135.95,135.9,34606,47.38,2026-09-10
RELIANCE,EQ,1278.5,1285.3,1266.3,1274.0,1279.0,9296079,118382.7,2026-09-10
RELIGARE,EQ,255.3,261.59,254.35,258.78,256.65,1470503,3778.11,2026-09-10
RELTD,EQ,152.01,161.1,151.16,155.08,151.94,231262,363.49,2026-09-10
REMSONSIND,EQ,98.11,98.99,95.15,96.32,98.1,83542,81.18,2026-09-10
RENUKA,EQ,24.51,25.34,24.35,24.82,24.35,18011981,4495.65,2026-09-10
REPCOHOME,EQ,355.5,360.0,352.55,353.8,356.8,64220,228.07,2026-09-10
REPRO,EQ,315.2,315.2,303.25,306.9,314.0,154399,480.7,2026-09-10
RESPONIND,EQ,166.0,174.8,164.0,169.54,169.59,2901744,4938.51,2026-09-10
RETAIL,EQ,16.85,17.57,16.3,16.6,17.24,6568,1.1,2026-09-10
RGL,EQ,146.5,158.0,144.57,156.48,147.19,2423183,3717.89,2026-09-10
RHETAN,EQ,25.27,25.27,25.27,25.27,26.6,90500,22.87,2026-09-10
RHIM,EQ,377.6,383.9,376.0,378.7,376.9,234053,889.6,2026-09-10
RHL,EQ,168.76,172.35,166.5,166.59,167.0,816,1.38,2026-09-10
RICOAUTO,EQ,130.25,131.5,129.6,130.31,130.42,416899,543.83,2026-09-10
RIIL,EQ,733.0,733.85,711.0,714.85,724.95,52712,380.02,2026-09-10
RIR,EQ,184.01,191.1,176.05,177.38,184.9,2170322,4011.14,2026-09-10
RISHABH,EQ,816.85,824.75,793.55,809.55,815.9,171348,1379.92,2026-09-10
RITCO,EQ,317.0,317.55,303.1,305.35,317.45,50250,156.46,2026-09-10
RITES,EQ,212.1,216.07,209.68,210.8,211.13,455292,965.67,2026-09-10
RKDL,EQ,18.7,18.7,18.3,18.32,18.21,1859,0.34,2026-09-10
RKEC,EQ,20.04,20.55,19.05,19.17,19.96,73562,14.36,2026-09-10
RKFORGE,EQ,721.9,737.8,719.05,727.05,720.7,717946,5240.3,2026-09-10
RKSWAMY,EQ,94.41,95.06,90.3,91.47,93.04,25219,23.28,2026-09-10
RMC,EQ,222.51,230.8,211.35,215.96,222.51,104694,233.31,2026-09-10
RML,EQ,1363.5,1440.0,1361.7,1408.9,1364.3,187566,2641.19,2026-09-10
ROHLTD,EQ,304.5,312.8,304.5,307.2,304.75,11856,36.51,2026-09-10
ROLEXRINGS,EQ,177.16,181.0,172.0,173.15,175.47,2475259,4364.02,2026-09-10
ROML,EQ,41.1,43.0,41.1,42.13,42.18,1352,0.57,2026-09-10
ROSSARI,EQ,454.95,461.2,448.0,449.5,452.1,46876,212.3,2026-09-10
ROSSELLIND,EQ,57.49,57.49,55.83,56.1,57.19,18934,10.65,2026-09-10
ROSSTECH,EQ,1191.0,1215.2,1177.1,1206.6,1193.7,82882,995.63,2026-09-10
ROTO,EQ,66.16,67.18,64.66,65.07,65.67,325196,214.54,2026-09-10
ROUTE,EQ,501.1,506.95,499.2,500.75,502.75,59372,297.78,2026-09-10
RPEL,EQ,1675.0,1793.8,1675.0,1743.5,1670.8,213981,3731.2,2026-09-10
RPGLIFE,EQ,2789.0,2844.0,2745.0,2782.7,2812.0,11654,322.54,2026-09-10
RPOWER,EQ,22.14,22.28,21.76,21.84,22.01,14929226,3272.45,2026-09-10
RPPINFRA,EQ,61.9,65.39,60.32,63.03,62.0,349542,222.07,2026-09-10
RPSGVENT,EQ,860.0,863.6,836.5,840.2,863.7,43298,367.11,2026-09-10
RPTECH,EQ,797.3,814.8,765.0,806.45,794.6,423199,3346.77,2026-09-10
RRECL,EQ,132.0,132.0,126.0,126.0,132.04,61,0.08,2026-09-10
RRIL,EQ,16.1,16.64,15.8,15.97,16.1,5782,0.93,2026-09-10
RRKABEL,EQ,2428.9,2478.0,2415.1,2437.0,2419.8,571293,13955.41,2026-09-10
RSL,EQ,191.33,192.61,186.0,186.7,190.09,172767,326.3,2026-09-10
RSSOFTWARE,EQ,29.48,29.68,29.0,29.21,29.48,11425,3.34,2026-09-10
RSYSTEMS,EQ,242.89,245.15,240.04,243.05,243.27,107915,261.82,2026-09-10
RTNINDIA,EQ,27.7,27.83,27.5,27.6,27.61,600161,165.88,2026-09-10
RTNPOWER,EQ,7.27,7.35,7.2,7.25,7.25,14701929,1069.02,2026-09-10
RTSPOWR,EQ,88.66,91.89,88.0,88.07,88.66,1842,1.63,2026-09-10
RUBFILA,EQ,69.0,69.0,67.05,68.09,67.89,24306,16.54,2026-09-10
RUBICON,EQ,1816.1,1816.2,1777.0,1790.0,1810.5,143377,2574.17,2026-09-10
RUBYMILLS,EQ,485.0,485.0,441.2,445.9,474.85,31500,143.92,2026-09-10
RUCHINFRA,EQ,5.77,5.8,5.61,5.68,5.6,50981,2.9,2026-09-10
RUCHIRA,EQ,109.8,112.8,108.8,110.54,109.8,73974,82.11,2026-09-10
RUDRA,EQ,20.47,20.47,19.71,20.0,19.98,74633,14.9,2026-09-10
RUPA,EQ,141.03,143.23,140.11,140.45,141.03,120378,169.97,2026-09-10
RUSHIL,EQ,16.24,16.25,16.0,16.01,16.07,144936,23.28,2026-09-10
RUSTOMJEE,EQ,352.35,353.4,350.0,350.5,352.35,18773,65.95,2026-09-10
RVHL,EQ,39.5,41.19,39.0,39.45,40.23,13468,5.3,2026-09-10
RVNL,EQ,208.0,211.25,205.0,205.6,207.0,5012189,10415.28,2026-09-10
RVTH,EQ,790.0,793.95,755.0,762.5,787.3,1557,12.03,2026-09-10
S&SPOWER,EQ,331.3,355.9,331.3,342.6,342.05,3172,11.06,2026-09-10
SAATVIKGL,EQ,422.0,422.0,400.0,402.05,416.0,65004,264.75,2026-09-10
SAB,EQ,175.03,175.05,175.03,175.05,183.0,6,0.01,2026-09-10
SADBHAV,EQ,8.43,8.43,7.9,8.06,8.3,158176,12.8,2026-09-10
SAFARI,EQ,1517.1,1548.9,1496.4,1501.6,1534.2,13725,208.09,2026-09-10
SAGARDEEP,EQ,24.0,24.17,23.7,24.04,23.7,9234,2.22,2026-09-10
SAGCEM,EQ,151.0,153.74,148.0,150.34,150.94,50091,75.73,2026-09-10
SAGILITY,EQ,45.1,45.14,44.3,44.41,45.2,9850961,4391.66,2026-09-10
SAHLIBHFI,EQ,84.2,85.0,80.35,82.33,82.88,22392,18.58,2026-09-10
SAHYADRI,EQ,377.2,386.55,369.65,383.35,377.05,11752,44.55,2026-09-10
SAICAPI,EQ,153.99,159.9,147.15,155.34,144.2,1950,3.0,2026-09-10
SAIL,EQ,186.51,187.03,183.1,183.75,186.4,8060794,14909.5,2026-09-10
SAILIFE,EQ,1675.4,1675.4,1585.0,1591.1,1675.4,1174342,18945.84,2026-09-10
SAIPARENT,EQ,529.0,529.0,516.0,522.55,526.15,61345,319.2,2026-09-10
SAKAR,EQ,1149.0,1165.9,1084.0,1117.3,1152.35,91278,1020.55,2026-09-10
SAKHTISUG,EQ,19.55,19.88,19.11,19.19,19.55,60402,11.81,2026-09-10
SAKSOFT,EQ,151.42,151.54,145.43,146.87,151.41,236398,350.07,2026-09-10
SAKUMA,EQ,1.62,1.63,1.57,1.59,1.6,672649,10.77,2026-09-10
SALASAR,EQ,5.1,5.12,5.02,5.03,5.08,3374525,170.51,2026-09-10
SALONA,EQ,269.0,269.0,256.55,262.75,264.25,28,0.07,2026-09-10
SALSTEEL,EQ,78.35,79.59,75.5,76.63,79.19,288268,224.61,2026-09-10
SALZERELEC,EQ,550.0,557.4,543.85,550.15,552.15,30610,168.31,2026-09-10
SAMBANDAM,EQ,113.01,113.01,113.01,113.01,113.01,200,0.23,2026-09-10
SAMBHAAV,EQ,5.78,6.05,5.65,5.82,5.78,60377,3.55,2026-09-10
SAMBHV,EQ,130.0,135.9,129.43,132.51,130.44,2348033,3122.94,2026-09-10
SAMHI,EQ,151.1,172.5,151.1,160.2,152.43,14028183,23116.52,2026-09-10
SAMMAANCAP,EQ,150.5,152.22,147.5,149.77,150.13,5094753,7633.8,2026-09-10
SAMPANN,EQ,24.89,24.89,23.67,24.11,23.99,30605,7.34,2026-09-10
SANATHAN,EQ,479.0,492.7,477.55,483.1,480.35,210461,1021.76,2026-09-10
SANDESH,EQ,1042.9,1045.6,1016.0,1021.1,1028.7,377,3.86,2026-09-10
SANDHAR,EQ,622.5,644.0,621.15,627.25,625.0,168956,1069.42,2026-09-10
SANDUMA,EQ,201.01,202.55,195.73,196.74,201.01,364928,725.31,2026-09-10
SANGAMIND,EQ,578.0,584.35,573.8,577.05,581.8,6591,38.09,2026-09-10
SANGHVIMOV,EQ,444.0,444.85,431.3,434.15,443.05,129546,565.42,2026-09-10
SANOFI,EQ,3101.0,3120.0,3095.5,3106.0,3104.2,10873,337.85,2026-09-10
SANOFICONR,EQ,4046.7,4180.0,4025.0,4089.6,4049.5,4993,202.52,2026-09-10
SANSERA,EQ,4120.0,4136.0,4047.0,4107.9,4135.9,157289,6442.19,2026-09-10
SANSTAR,EQ,109.62,110.0,106.5,107.38,108.99,86730,93.97,2026-09-10
SAPPHIRE,EQ,228.0,230.01,223.15,224.11,227.61,418375,942.16,2026-09-10
SAPPL,EQ,290.35,298.85,281.3,286.05,287.5,4761,13.85,2026-09-10
SARDAEN,EQ,555.0,555.0,535.15,537.25,545.85,752808,4090.72,2026-09-10
SAREGAMA,EQ,503.5,515.0,500.85,505.15,500.55,434404,2214.43,2026-09-10
SARLAPOLY,EQ,101.6,102.78,100.7,101.31,101.46,31694,32.18,2026-09-10
SARVESHWAR,EQ,3.77,4.12,3.71,3.99,3.78,10094104,403.51,2026-09-10
SASKEN,EQ,1860.5,1894.0,1770.0,1777.6,1857.1,32982,593.57,2026-09-10
SATIA,EQ,66.2,69.45,66.2,68.57,66.51,185198,126.09,2026-09-10
SATIN,EQ,214.87,217.9,210.0,217.21,214.88,307384,654.54,2026-09-10
SAURASHCEM,EQ,55.78,56.16,55.0,55.48,55.78,30104,16.73,2026-09-10
SAYAJIHOTL,EQ,308.4,331.0,300.0,325.2,302.35,274,0.9,2026-09-10
SAYAJIIND,EQ,115.99,115.99,115.99,115.99,116.0,25,0.03,2026-09-10
SBC,EQ,48.92,49.38,48.0,48.05,48.68,10039752,4854.07,2026-09-10
SBCL,EQ,1144.7,1148.2,1100.4,1112.0,1136.5,138832,1555.13,2026-09-10
SBFC,EQ,99.59,99.87,97.41,98.48,99.59,716501,706.19,2026-09-10
SBGLP,EQ,24.05,24.28,19.2,22.44,23.99,485912,99.53,2026-09-10
SBIBPB,EQ,49.25,49.34,48.51,48.7,48.72,44509,21.72,2026-09-10
SBICARD,EQ,663.0,671.0,660.55,666.3,668.4,1286184,8568.54,2026-09-10
SBIETFCON,EQ,120.47,120.47,118.45,118.65,119.01,56326,66.84,2026-09-10
SBIETFIT,EQ,323.88,324.89,319.51,320.35,320.89,7497,24.07,2026-09-10
SBIETFPB,EQ,283.89,283.89,278.31,278.52,280.11,930,2.6,2026-09-10
SBIETFQLTY,EQ,217.04,218.12,215.91,216.53,218.0,638,1.38,2026-09-10
SBIFUNDS,EQ,551.0,555.8,550.05,551.0,552.65,591646,3271.27,2026-09-10
SBILIFE,EQ,1684.0,1706.2,1674.5,1700.6,1684.0,855621,14501.17,2026-09-10
SBILIQETF,EQ,1055.27,1055.29,1055.27,1055.27,1055.16,348800,3680.78,2026-09-10
SBIMIDMOM,EQ,63.99,63.99,63.35,63.53,63.99,42707,27.15,2026-09-10
SBIN,EQ,1002.0,1011.9,1001.0,1009.7,1000.5,5504031,55406.63,2026-09-10
SBINEQWETF,EQ,32.8,32.91,32.6,32.7,32.8,11822,3.87,2026-09-10
SBINMID150,EQ,23.09,23.1,22.92,22.95,23.09,14339,3.3,2026-09-10
SBISILVER,EQ,230.0,231.99,228.71,229.15,227.94,953345,2197.49,2026-09-10
SBISMLETF,EQ,18.4,18.64,18.28,18.46,18.48,87267,16.08,2026-09-10
SBIVALETF,EQ,14.83,14.83,14.54,14.62,14.62,56826,8.28,2026-09-10
SCHAEFFLER,EQ,3934.9,3992.8,3930.1,3940.2,3933.8,19467,769.6,2026-09-10
SCHAND,EQ,135.03,136.0,134.1,135.42,135.01,11634,15.72,2026-09-10
SCHNEIDER,EQ,1199.7,1202.3,1170.4,1194.9,1193.8,223993,2643.12,2026-09-10
SCI,EQ,287.75,291.15,284.4,285.2,287.35,1123388,3221.97,2026-09-10
SCILAL,EQ,38.43,38.95,38.0,38.46,38.43,200962,77.27,2026-09-10
SCODATUBES,EQ,132.01,132.08,128.82,129.21,130.99,92022,119.56,2026-09-10
SDBL,EQ,71.6,72.29,70.69,70.87,71.68,425579,302.98,2026-09-10
SEAMECLTD,EQ,1778.2,1806.4,1765.0,1772.9,1772.6,55736,995.47,2026-09-10
SECMARK,EQ,147.99,159.0,145.25,149.16,141.47,17484,26.79,2026-09-10
SECURKLOUD,EQ,17.0,17.19,16.7,16.92,16.96,6278,1.05,2026-09-10
SEDEMAC,EQ,2824.3,2935.6,2824.3,2915.7,2850.4,105717,3076.12,2026-09-10
SEIL,EQ,197.73,197.73,189.94,195.02,195.28,213881,414.41,2026-09-10
SEJALLTD,EQ,650.25,676.0,646.65,672.0,645.6,3755,25.06,2026-09-10
SEKURITIND,EQ,112.82,113.17,111.42,112.43,111.7,20279,22.78,2026-09-10
SELECTIPO,EQ,49.5,49.56,48.41,48.48,48.59,27809,13.49,2026-09-10
SEMAC,EQ,277.1,279.85,277.1,279.85,279.85,127,0.35,2026-09-10
SENCO,EQ,355.5,358.45,348.4,349.9,355.8,392329,1383.75,2026-09-10
SENORES,EQ,1489.8,1495.0,1460.0,1463.1,1488.6,91237,1345.77,2026-09-10
SENSEXADD,EQ,77.34,77.44,77.22,77.42,77.68,606,0.47,2026-09-10
SENSEXAXIS,EQ,78.05,78.16,77.01,77.22,77.73,8976,6.96,2026-09-10
SENSEXBETA,EQ,834.0,844.0,828.5,840.98,834.77,1979,16.47,2026-09-10
SENSEXETF,EQ,77.89,77.89,77.1,77.19,77.42,26434,20.42,2026-09-10
SENSEXIETF,EQ,869.0,873.9,859.01,860.55,863.68,10282,88.56,2026-09-10
SEPC,EQ,5.36,5.4,5.25,5.29,5.36,6530129,347.29,2026-09-10
SERVOTECH,EQ,77.84,79.29,77.06,77.62,77.84,221576,173.26,2026-09-10
SESHAPAPER,EQ,242.0,250.19,239.01,246.96,243.68,102354,252.29,2026-09-10
SETF10GILT,EQ,264.18,265.44,263.08,264.48,264.18,1190,3.14,2026-09-10
SETFGOLD,EQ,130.66,130.9,129.85,130.26,129.83,6272437,8179.45,2026-09-10
SETFNIF50,EQ,259.76,259.76,252.16,252.61,253.43,1118773,2827.62,2026-09-10
SETFNIFBK,EQ,581.12,582.41,578.2,578.83,581.06,25458,147.47,2026-09-10
SETFNN50,EQ,780.74,784.0,772.91,777.83,782.29,19264,150.2,2026-09-10
SETL,EQ,445.2,445.9,440.05,445.9,424.7,344586,1534.2,2026-09-10
SFL,EQ,683.5,702.0,667.65,697.95,687.0,356525,2459.55,2026-09-10
SGFIN,EQ,679.5,683.2,666.2,672.0,678.8,153561,1036.48,2026-09-10
SGIL,EQ,600.55,606.4,600.0,602.0,600.55,3236,19.43,2026-09-10
SGL,EQ,10.32,10.32,9.87,9.9,10.07,11807,1.17,2026-09-10
SGLRES,EQ,2.52,2.52,2.35,2.36,2.47,63379,1.52,2026-09-10
SGMART,EQ,776.05,785.0,763.0,766.55,772.9,400244,3092.78,2026-09-10
SGRL,EQ,669.25,669.25,620.0,631.65,665.9,42088,266.86,2026-09-10
SHADOWFAX,EQ,251.2,255.7,247.0,255.1,251.2,2613346,6604.2,2026-09-10
SHAH,EQ,3.54,3.66,3.46,3.54,3.51,3922764,140.03,2026-09-10
SHAILY,EQ,3450.0,3466.3,3360.1,3383.2,3455.0,102807,3506.65,2026-09-10
SHAKTIPUMP,EQ,506.9,524.45,493.05,503.2,467.8,13943643,70591.27,2026-09-10
SHALBY,EQ,148.99,149.99,145.25,145.96,148.48,87771,128.99,2026-09-10
SHANKARA,EQ,148.99,148.99,148.29,148.41,148.29,109702,162.79,2026-09-10
SHANKESH,EQ,98.49,101.0,97.3,98.41,97.93,3637976,3596.94,2026-09-10
SHANTI,EQ,6.26,6.5,6.17,6.2,6.26,11010,0.69,2026-09-10
SHANTIGEAR,EQ,696.05,743.0,689.1,725.45,707.75,312598,2269.61,2026-09-10
SHANTIGOLD,EQ,261.19,264.5,254.52,257.29,261.29,1253608,3264.16,2026-09-10
SHARDACROP,EQ,786.0,786.0,776.1,781.35,783.5,72793,568.17,2026-09-10
SHARDAMOTR,EQ,919.5,959.0,900.1,946.25,909.3,220362,2062.04,2026-09-10
SHAREINDIA,EQ,191.48,212.33,191.01,196.32,189.46,58611177,120575.72,2026-09-10
SHARIABEES,EQ,441.35,441.93,437.1,438.57,439.96,10553,46.3,2026-09-10
SHBAJRG,EQ,159.6,159.97,157.12,159.5,158.99,486,0.77,2026-09-10
SHERVANI,EQ,312.0,312.0,305.0,311.0,310.35,15,0.05,2026-09-10
SHILCTECH,EQ,4131.0,4185.0,4099.0,4158.6,4089.2,12554,518.96,2026-09-10
SHILGRAVQ,EQ,153.8,177.38,153.8,168.4,151.61,93780,161.02,2026-09-10
SHILPAMED,EQ,968.95,974.0,931.3,939.9,960.6,682900,6505.77,2026-09-10
SHINDL,EQ,160.05,162.5,160.0,161.98,160.76,305847,494.01,2026-09-10
SHIPROCKET,EQ,132.6,133.34,128.5,129.17,132.37,2568729,3349.94,2026-09-10
SHIVAAGRO,EQ,42.0,42.0,39.5,40.32,41.99,1492,0.6,2026-09-10
SHIVACEM,EQ,15.52,16.3,15.52,16.04,15.89,46357,7.46,2026-09-10
SHIVALIK,EQ,398.0,411.8,362.75,366.8,384.9,375449,1437.11,2026-09-10
SHIVAMAUTO,EQ,17.39,17.39,16.66,16.68,16.86,23256,3.94,2026-09-10
SHIVAMILLS,EQ,63.34,63.34,59.25,60.38,60.47,215,0.13,2026-09-10
SHIVATEX,EQ,179.0,183.0,172.25,179.18,176.64,10363,18.38,2026-09-10
SHIVAUM,EQ,465.0,476.0,400.0,461.45,464.35,898031,3790.12,2026-09-10
SHK,EQ,146.4,146.73,143.01,143.58,144.98,216431,313.23,2026-09-10
SHOPERSTOP,EQ,377.05,390.0,375.2,377.55,379.3,19659,74.63,2026-09-10
SHRADDHA,EQ,155.11,155.11,142.2,150.02,151.05,9404,13.98,2026-09-10
SHRADHA,EQ,30.99,32.0,29.9,31.19,30.84,19799,6.09,2026-09-10
SHREDIGCEM,EQ,70.62,71.47,68.4,69.09,70.96,114970,80.01,2026-09-10
SHREECEM,EQ,22910.0,22990.0,22700.0,22785.0,22950.0,9990,2277.01,2026-09-10
SHREEJISPG,EQ,716.5,721.5,704.1,713.1,713.1,1182838,8436.7,2026-09-10
SHREEPUSHK,EQ,503.4,511.45,489.1,491.6,501.2,85810,426.22,2026-09-10
SHREERAMA,EQ,46.49,47.3,44.22,45.88,45.0,207997,95.7,2026-09-10
SHREYANIND,EQ,134.31,136.66,133.53,135.46,132.98,8075,10.89,2026-09-10
SHRIKRISH,EQ,37.99,38.0,37.0,37.39,36.15,159,0.06,2026-09-10
SHRINGARMS,EQ,219.99,220.0,216.1,216.79,218.7,186044,404.55,2026-09-10
SHRIPISTON,EQ,4500.8,4516.2,4432.0,4447.4,4500.8,29116,1302.64,2026-09-10
SHRIRAMFIN,EQ,1030.0,1039.0,1020.9,1038.0,1029.0,2757241,28478.36,2026-09-10
SHRIRAMPPS,EQ,72.5,73.99,72.3,72.62,72.51,214076,155.89,2026-09-10
SHRJAGP,EQ,664.0,674.8,640.0,643.45,652.0,466,3.05,2026-09-10
SHUKRAPHAR,EQ,57.69,58.2,53.91,53.97,56.1,4087812,2228.93,2026-09-10
SHYAMMETL,EQ,1081.0,1088.7,1074.2,1086.1,1073.7,128947,1397.33,2026-09-10
SHYAMTEL,EQ,11.44,11.58,11.1,11.5,11.43,4900,0.56,2026-09-10
SICAGEN,EQ,55.63,56.37,55.0,55.24,56.36,20126,11.19,2026-09-10
SIEL,EQ,29.0,29.35,29.0,29.35,29.35,379,0.11,2026-09-10
SIEMENS,EQ,3949.0,3987.9,3905.2,3954.4,3949.1,227398,8936.96,2026-09-10
SIGACHI,EQ,35.6,38.77,35.36,37.56,35.27,13529422,5123.62,2026-09-10
SIGMA,EQ,46.49,46.5,44.26,44.97,45.83,111147,50.54,2026-09-10
SIGNATURE,EQ,785.0,791.75,770.0,772.35,786.8,193242,1504.58,2026-09-10
SIGNPOST,EQ,271.0,279.95,265.3,267.8,270.75,83178,226.01,2026-09-10
SIKA,EQ,999.9,1059.5,989.95,1024.85,993.4,75059,775.42,2026-09-10
SIL,EQ,18.34,18.99,18.0,18.1,18.35,51287,9.46,2026-09-10
SILGO,EQ,71.09,72.8,70.5,71.74,71.09,11423,8.11,2026-09-10
SILINV,EQ,460.0,467.3,445.25,451.0,461.45,1527,6.9,2026-09-10
SILVER,EQ,234.81,236.36,233.12,233.49,232.45,1037175,2436.52,2026-09-10
SILVER001,EQ,23.6,23.9,23.6,23.6,23.5,12981,3.08,2026-09-10
SILVER1,EQ,22.82,23.0,22.67,22.71,22.61,21027856,4810.91,2026-09-10
SILVER360,EQ,231.08,232.8,229.41,230.33,229.05,18794,43.52,2026-09-10
SILVERADD,EQ,22.62,22.85,22.51,22.55,22.42,4334709,983.93,2026-09-10
SILVERAG,EQ,228.9,230.51,227.09,227.93,226.5,278333,636.71,2026-09-10
SILVERAXIS,EQ,235.3,235.3,232.05,232.4,231.19,147010,344.13,2026-09-10
SILVERBEES,EQ,224.95,226.4,223.25,223.53,222.59,16509484,37155.54,2026-09-10
SILVERBETA,EQ,226.6,228.58,225.4,225.65,224.56,512145,1163.71,2026-09-10
SILVERBND,EQ,235.84,237.07,233.46,233.85,233.12,15782,37.13,2026-09-10
SILVERCASE,EQ,23.84,24.01,23.67,23.72,23.6,11933662,2850.02,2026-09-10
SILVERIETF,EQ,234.45,236.32,233.1,233.48,232.34,3084086,7248.44,2026-09-10
SILVERTUC,EQ,161.1,161.1,143.97,152.0,159.96,2242513,3338.67,2026-09-10
SIMPLEXINF,EQ,262.0,265.8,252.6,255.75,259.35,100611,261.64,2026-09-10
SIMPLXREA,EQ,138.0,138.8,127.0,132.5,132.23,414,0.57,2026-09-10
SINCLAIR,EQ,82.0,83.69,80.36,81.58,82.96,20693,16.97,2026-09-10
SINDHUTRAD,EQ,25.16,25.16,23.65,23.81,24.99,1497012,360.56,2026-09-10
SINGERIND,EQ,74.3,76.0,69.0,74.02,74.38,385095,278.03,2026-09-10
SINTERCOM,EQ,84.73,84.74,79.4,79.82,83.9,51758,41.37,2026-09-10
SIRCA,EQ,431.95,441.8,429.0,431.55,430.6,313161,1357.39,2026-09-10
SIS,EQ,429.6,429.6,421.4,422.95,426.55,439487,1871.99,2026-09-10
SIYSIL,EQ,533.9,551.0,533.1,547.0,530.45,34024,184.82,2026-09-10
SJS,EQ,2296.9,2349.9,2281.2,2342.6,2295.2,97579,2266.82,2026-09-10
SJVN,EQ,66.95,68.29,66.37,67.2,66.88,3722427,2516.15,2026-09-10
SKFINDIA,EQ,1532.9,1540.0,1522.9,1531.6,1533.5,15804,242.09,2026-09-10
SKFINDUS,EQ,3035.0,3035.0,2905.0,2935.4,2971.7,42276,1254.49,2026-09-10
SKIPPER,EQ,593.9,596.15,574.5,583.0,593.95,1056778,6166.63,2026-09-10
SKMEGGPROD,EQ,250.85,253.8,246.8,247.9,250.9,149927,373.28,2026-09-10
SKYGOLD,EQ,831.1,843.9,820.0,830.3,832.2,750031,6254.47,2026-09-10
SKYWAYS,EQ,114.0,114.2,109.3,111.19,113.59,2803163,3139.26,2026-09-10
SMALL250,EQ,18.98,18.98,18.45,18.51,18.52,120772,22.35,2026-09-10
SMALLADD,EQ,18.81,18.81,18.5,18.51,18.61,16578,3.07,2026-09-10
SMALLCAP,EQ,49.24,49.59,49.24,49.44,49.35,1636202,808.12,2026-09-10
SMALLGROWW,EQ,49.6,49.93,48.74,49.16,49.43,6211,3.07,2026-09-10
SMALLIETF,EQ,18.52,18.56,18.37,18.47,18.52,34009,6.29,2026-09-10
SMARTWORKS,EQ,547.95,550.7,531.7,535.55,547.95,112126,602.79,2026-09-10
SMCGLOBAL,EQ,84.0,95.0,82.5,85.64,83.93,35904423,32138.41,2026-09-10
SML100CASE,EQ,11.53,11.53,11.26,11.32,11.41,2173190,247.59,2026-09-10
SMLMAH,EQ,6510.0,6654.0,6241.5,6278.0,6570.0,70105,4482.52,2026-09-10
SMLT,EQ,63.39,63.9,59.8,61.44,62.15,5764,3.55,2026-09-10
SMSPHARMA,EQ,410.55,421.0,407.0,417.45,407.3,561774,2326.33,2026-09-10
SNOWMAN,EQ,36.33,36.81,36.0,36.16,36.82,97879,35.49,2026-09-10
SNXT30BEES,EQ,41.7,42.55,41.7,42.47,42.55,1883,0.8,2026-09-10
SNXT50BETA,EQ,95.58,95.58,92.1,93.19,94.62,3299,3.08,2026-09-10
SOBHA,EQ,1234.0,1255.0,1217.0,1235.7,1229.5,181083,2214.57,2026-09-10
SOFTTECH,EQ,452.7,452.7,425.1,435.0,441.65,1259,5.46,2026-09-10
SOLARA,EQ,691.0,749.8,690.0,707.25,690.5,1463549,10588.98,2026-09-10
SOLARINDS,EQ,22350.0,22495.0,22180.0,22370.0,22355.0,58690,13126.75,2026-09-10
SOLARWORLD,EQ,145.01,146.39,140.5,140.98,145.59,292863,416.21,2026-09-10
SOLEX,EQ,720.3,724.9,651.2,705.25,715.6,22358,158.36,2026-09-10
SOMANYCERA,EQ,556.85,572.65,554.15,559.7,553.5,88278,495.56,2026-09-10
SOMATEX,EQ,87.44,87.44,84.1,84.48,84.05,3736,3.17,2026-09-10
SOMICONVEY,EQ,90.11,102.59,90.06,92.76,90.87,99320,96.22,2026-09-10
SONACOMS,EQ,798.0,813.15,792.2,803.5,799.5,1517259,12208.68,2026-09-10
SONAL,EQ,89.0,91.99,89.0,90.08,88.58,240,0.22,2026-09-10
SONATSOFTW,EQ,269.9,270.35,259.2,260.1,267.7,1071987,2835.64,2026-09-10
SOTL,EQ,692.7,705.35,685.0,697.1,689.6,257147,1784.86,2026-09-10
SOUTHBANK,EQ,46.48,46.48,45.76,46.08,46.41,5591541,2573.83,2026-09-10
SOUTHWEST,EQ,228.02,230.45,215.31,216.19,226.81,370671,818.33,2026-09-10
SPAL,EQ,1009.3,1059.0,1009.3,1029.7,1012.5,54077,560.87,2026-09-10
SPANDANA,EQ,232.76,235.18,229.93,232.17,232.61,102678,238.82,2026-09-10
SPARC,EQ,200.58,204.6,196.25,196.91,200.58,700852,1393.0,2026-09-10
SPCENET,EQ,3.57,3.64,3.46,3.47,3.57,500547,17.55,2026-09-10
SPENCERS,EQ,29.5,29.8,28.15,28.64,29.22,81409,23.43,2026-09-10
SPIC,EQ,70.1,71.12,68.76,69.3,70.13,457757,319.6,2026-09-10
SPLIL,EQ,31.0,31.01,30.5,30.5,31.33,1637,0.5,2026-09-10
SPLPETRO,EQ,816.0,843.8,810.15,828.15,813.55,413527,3419.72,2026-09-10
SPMLINFRA,EQ,173.93,176.55,172.5,173.0,173.93,97588,169.75,2026-09-10
SPORTKING,EQ,217.0,220.0,211.99,215.83,217.39,180996,390.54,2026-09-10
SRD,EQ,39.6,40.0,38.09,38.5,39.33,61667,24.02,2026-09-10
SREEL,EQ,350.5,400.0,350.5,370.3,345.01,487582,1846.7,2026-09-10
SRF,EQ,2517.0,2551.7,2504.0,2519.0,2520.0,210831,5321.95,2026-09-10
SRGHFL,EQ,195.0,224.85,195.0,195.0,243.75,126947,249.13,2026-09-10
SRHHYPOLTD,EQ,533.3,534.55,514.0,517.1,531.9,18403,95.81,2026-09-10
SRM,EQ,452.85,459.45,445.95,447.7,452.85,35913,161.97,2026-09-10
SRTL,EQ,37.11,38.1,36.53,37.39,37.02,38337,14.37,2026-09-10
SSDL,EQ,58.65,67.84,58.5,67.84,56.54,296352,194.99,2026-09-10
SSWL,EQ,371.0,375.0,363.15,373.6,371.45,696576,2574.46,2026-09-10
STANLEY,EQ,139.31,139.45,136.14,137.43,138.41,89312,122.91,2026-09-10
STAR,EQ,1189.0,1223.0,1159.7,1217.0,1195.7,304120,3651.26,2026-09-10
STARCEMENT,EQ,192.3,195.48,190.5,194.68,192.32,219251,425.91,2026-09-10
STARHEALTH,EQ,569.8,584.1,565.55,576.25,571.95,426891,2458.61,2026-09-10
STARPAPER,EQ,158.56,172.5,158.02,169.84,159.17,131116,220.39,2026-09-10
STARTECK,EQ,243.5,248.9,239.3,245.2,246.15,233,0.57,2026-09-10
STCINDIA,EQ,114.0,114.78,113.21,113.25,113.74,13252,15.07,2026-09-10
STEELCAS,EQ,323.0,330.35,321.5,323.55,324.8,45339,147.44,2026-09-10
STEELCITY,EQ,84.68,93.0,84.2,91.4,84.07,183418,166.63,2026-09-10
STEELXIND,EQ,12.25,12.9,12.0,12.17,12.0,28145206,3524.84,2026-09-10
STEL,EQ,579.2,603.75,579.2,590.2,590.0,4036,23.83,2026-09-10
STLNETWORK,EQ,34.76,34.86,33.63,34.86,33.2,8127111,2804.36,2026-09-10
STLSTRINF,EQ,18.64,18.9,17.4,17.67,18.64,2419,0.44,2026-09-10
STOVEKRAFT,EQ,839.3,847.9,835.1,840.05,839.3,48566,408.39,2026-09-10
STUDDS,EQ,417.3,421.0,414.0,418.4,414.6,46750,195.51,2026-09-10
STYL,EQ,391.7,394.5,381.1,385.9,388.75,85709,333.17,2026-09-10
STYLAMIND,EQ,3383.0,3383.2,3300.0,3310.6,3382.3,14083,469.37,2026-09-10
STYLEBAAZA,EQ,397.7,401.0,387.8,388.95,397.7,379221,1492.72,2026-09-10
STYRENIX,EQ,2159.0,2170.0,2135.0,2142.9,2146.5,28582,616.19,2026-09-10
SUBEXLTD,EQ,18.96,19.99,18.9,19.76,18.8,15258452,2998.91,2026-09-10
SUBROS,EQ,729.0,729.0,703.55,712.6,729.0,45641,325.59,2026-09-10
SUDARCOLOR,EQ,384.35,385.2,380.1,380.9,380.55,2765,10.56,2026-09-10
SUDARSCHEM,EQ,1261.0,1287.4,1246.5,1270.8,1262.3,490526,6262.79,2026-09-10
SUDEEPPHRM,EQ,1226.0,1259.8,1213.5,1213.5,1277.3,283504,3467.73,2026-09-10
SUKHJITS,EQ,161.2,162.76,159.05,159.99,160.03,24992,40.29,2026-09-10
SULA,EQ,139.0,141.3,138.07,138.28,139.35,341494,475.35,2026-09-10
SUMEDHA,EQ,39.0,41.95,39.0,39.0,40.01,4591,1.84,2026-09-10
SUMEETINDS,EQ,11.39,11.39,10.8,10.95,11.28,1464680,162.09,2026-09-10
SUMICHEM,EQ,478.35,485.5,473.15,480.9,481.75,699446,3340.34,2026-09-10
SUMIT,EQ,51.6,51.6,48.81,48.93,49.99,13255,6.54,2026-09-10
SUMMITSEC,EQ,1425.0,1465.0,1415.2,1438.6,1411.8,5431,78.48,2026-09-10
SUNCLAY,EQ,1288.4,1311.0,1282.0,1295.2,1286.0,4028,52.25,2026-09-10
SUNDARAM,EQ,1.22,1.22,1.2,1.2,1.2,230555,2.79,2026-09-10
SUNDARMFIN,EQ,4750.0,4750.0,4651.3,4703.0,4728.0,17626,828.74,2026-09-10
SUNDRMFAST,EQ,1226.0,1347.2,1226.0,1256.1,1219.4,2102293,27103.05,2026-09-10
SUNDROP,EQ,668.5,685.0,662.05,669.15,668.1,37446,252.17,2026-09-10
SUNFLAG,EQ,330.0,347.0,330.0,345.4,331.35,295191,1006.96,2026-09-10
SUNLOC,EQ,78.78,78.78,75.5,75.5,78.0,173,0.14,2026-09-10
SUNPHARMA,EQ,1865.9,1875.3,1840.5,1861.0,1864.9,1178648,21833.55,2026-09-10
SUNRAKSHAK,EQ,374.0,376.95,373.0,375.55,372.7,11408,42.78,2026-09-10
SUNSHIEL,EQ,1240.0,1251.8,1204.1,1231.7,1225.3,3247,40.02,2026-09-10
SUNSHINE,EQ,485.0,522.0,483.65,509.7,481.2,2019949,10288.05,2026-09-10
SUNTECK,EQ,293.95,293.95,288.0,289.8,291.7,102409,297.87,2026-09-10
SUNTV,EQ,451.0,459.8,450.3,455.55,449.3,289944,1323.78,2026-09-10
SUPERHOUSE,EQ,183.0,186.7,168.15,171.67,180.05,37503,65.27,2026-09-10
SUPRAJIT,EQ,486.85,505.0,481.05,500.3,485.45,143145,710.63,2026-09-10
SUPREME,EQ,35.0,35.82,34.32,34.7,35.17,38829,13.63,2026-09-10
SUPREMEIND,EQ,3502.6,3512.2,3477.1,3510.0,3516.9,54496,1907.93,2026-09-10
SUPREMEINF,EQ,86.56,92.25,83.05,88.73,85.54,288397,255.57,2026-09-10
SUPRIYA,EQ,912.0,933.15,902.8,917.45,911.4,244416,2244.18,2026-09-10
SURAJEST,EQ,170.0,179.47,170.0,177.0,169.91,362659,636.74,2026-09-10
SURAJLTD,EQ,200.0,204.79,198.0,200.66,204.06,3232,6.41,2026-09-10
SURAKSHA,EQ,338.35,338.35,325.65,327.85,335.65,44852,149.05,2026-09-10
SURANASOL,EQ,25.76,25.98,25.2,25.63,25.78,15426,3.96,2026-09-10
SURANAT&P,EQ,16.15,16.3,16.0,16.05,16.24,37061,5.96,2026-09-10
SURYALA,EQ,418.95,418.95,395.1,398.55,401.05,981,4.02,2026-09-10
SURYALAXMI,EQ,58.5,59.49,57.8,58.12,58.21,1209,0.7,2026-09-10
SURYAROSNI,EQ,218.8,221.49,215.55,216.05,219.57,322557,703.84,2026-09-10
SURYODAY,EQ,153.0,153.9,150.5,151.06,153.42,132570,201.3,2026-09-10
SUVEN,EQ,357.75,366.7,357.75,360.7,357.5,297186,1075.07,2026-09-10
SUVIDHAA,EQ,2.49,2.49,2.31,2.41,2.41,164465,3.98,2026-09-10
SUYOG,EQ,691.0,700.0,662.2,669.4,689.35,27272,186.45,2026-09-10
SUZLON,EQ,45.44,45.68,44.1,44.22,45.45,43668900,19563.7,2026-09-10
SVGLOBAL,EQ,150.33,150.35,140.7,140.8,147.65,711,1.01,2026-09-10
SVPGLOB,EQ,3.67,3.67,3.37,3.42,3.5,18905,0.66,2026-09-10
SWANCORP,EQ,276.7,315.35,274.5,298.15,277.65,53152302,161571.69,2026-09-10
SWARAJENG,EQ,3594.3,3600.0,3541.6,3551.0,3594.3,7542,269.07,2026-09-10
SWARNSAR,EQ,41.7,44.0,39.0,41.61,40.78,75776,31.62,2026-09-10
SWELECTES,EQ,576.4,581.55,563.0,568.15,576.6,11018,62.98,2026-09-10
SWIGGY,EQ,284.1,284.45,278.6,279.0,282.75,11468920,32250.26,2026-09-10
SWSOLAR,EQ,182.1,192.5,181.2,182.65,182.03,2401702,4451.33,2026-09-10
SYMBIOTEC,EQ,1142.0,1193.7,1115.35,1138.95,1133.7,2805864,32508.21,2026-09-10
SYMPHONY,EQ,609.05,617.9,602.0,606.95,618.6,96158,586.15,2026-09-10
SYNCOMF,EQ,20.25,20.28,19.06,19.26,20.14,8403583,1639.15,2026-09-10
SYNGENE,EQ,390.0,390.0,383.0,384.0,386.8,187712,723.2,2026-09-10
SYRMA,EQ,1616.0,1639.9,1594.0,1598.8,1622.4,738911,11909.91,2026-09-10
TAALTECH,EQ,4889.9,5260.0,4850.0,5198.7,4886.6,24471,1236.23,2026-09-10
TAINWALCHM,EQ,209.0,213.5,207.0,210.02,209.11,3826,8.04,2026-09-10
TAJGVK,EQ,332.15,347.7,330.05,342.6,332.15,188257,636.76,2026-09-10
TAKE,EQ,16.78,16.78,16.78,16.78,15.99,44087,7.4,2026-09-10
TALBROAUTO,EQ,417.35,422.9,415.0,420.2,420.45,72274,302.42,2026-09-10
TANAA,EQ,277.7,279.0,243.25,251.5,272.75,64866,166.95,2026-09-10
TANLA,EQ,509.4,518.0,501.2,503.85,509.3,273285,1390.56,2026-09-10
TARACHAND,EQ,47.95,47.95,46.8,47.24,47.05,59324,27.99,2026-09-10
TARAPUR,EQ,13.08,13.21,12.11,12.74,12.95,23544,2.97,2026-09-10
TARC,EQ,130.0,132.49,128.0,128.56,129.78,496359,643.65,2026-09-10
TARIL,EQ,297.5,299.25,288.85,289.95,296.9,1129752,3298.46,2026-09-10
TARMAT,EQ,60.99,62.4,59.3,60.66,59.71,27556,16.81,2026-09-10
TARSONS,EQ,316.0,333.9,311.35,317.65,321.35,136445,439.56,2026-09-10
TASTYBITE,EQ,9809.0,10368.0,9734.0,10201.0,9824.0,6020,611.91,2026-09-10
TATACAP,EQ,362.0,365.55,360.65,363.15,363.0,664000,2411.45,2026-09-10
TATACHEM,EQ,603.05,617.05,603.05,610.55,603.05,692580,4229.63,2026-09-10
TATACOMM,EQ,1760.0,1782.0,1753.7,1764.4,1772.8,187640,3317.73,2026-09-10
TATACONSUM,EQ,1004.0,1005.6,992.5,999.6,1001.0,1001929,10020.76,2026-09-10
TATAELXSI,EQ,3384.0,3456.9,3370.0,3409.0,3383.0,208936,7138.65,2026-09-10
TATAGOLD,EQ,14.88,14.92,14.82,14.83,14.79,42926312,6382.87,2026-09-10
TATAINVEST,EQ,620.0,679.4,620.0,645.15,618.8,8165222,53408.84,2026-09-10
TATAPOWER,EQ,369.7,369.7,363.95,367.0,370.0,2896528,10617.74,2026-09-10
TATASTEEL,EQ,189.0,189.0,185.0,186.78,188.75,23334612,43537.85,2026-09-10
TATATECH,EQ,789.9,803.0,773.0,779.05,787.65,739884,5826.77,2026-09-10
TATSILV,EQ,22.97,22.99,22.66,22.69,22.6,39043618,8927.43,2026-09-10
TATVA,EQ,1692.0,1750.0,1650.3,1659.2,1688.4,96077,1639.38,2026-09-10
TBOTEK,EQ,1710.1,1715.2,1666.0,1671.6,1721.1,100199,1683.09,2026-09-10
TBZ,EQ,511.0,542.9,501.25,501.25,527.6,1594014,8184.77,2026-09-10
TCC,EQ,52.2,58.97,51.81,53.62,51.5,56803097,32040.38,2026-09-10
TCI,EQ,867.45,872.9,853.0,856.9,867.95,21739,187.51,2026-09-10
TCIEXP,EQ,537.4,542.45,532.35,535.4,540.05,15584,83.81,2026-09-10
TCPLPACK,EQ,3822.0,3950.0,3822.0,3856.1,3819.7,9504,367.44,2026-09-10
TCS,EQ,2199.0,2232.0,2190.6,2204.1,2208.0,2490912,54931.46,2026-09-10
TDPOWERSYS,EQ,756.0,772.0,748.25,762.75,755.1,1289222,9799.78,2026-09-10
TEAMGTY,EQ,242.89,242.89,235.0,235.32,238.43,977,2.3,2026-09-10
TEAMLEASE,EQ,1265.6,1280.5,1251.2,1253.9,1281.5,11448,144.98,2026-09-10
TECH,EQ,31.76,32.12,31.51,31.7,31.76,19988,6.34,2026-09-10
TECHM,EQ,1511.9,1544.7,1498.1,1525.8,1508.0,1405653,21451.15,2026-09-10
TECHNOCRAF,EQ,410.0,453.0,410.0,439.4,409.0,4534860,19931.21,2026-09-10
TECHNOE,EQ,991.0,1012.7,975.1,977.85,985.3,258265,2576.67,2026-09-10
TECHNVISN,EQ,4950.0,4950.0,4682.5,4808.0,4928.5,135,6.48,2026-09-10
TECILCHEM,EQ,9.98,9.98,9.35,9.43,9.52,11648,1.1,2026-09-10
TEGA,EQ,1700.9,1780.6,1692.0,1721.6,1678.3,1131990,19807.88,2026-09-10
TEJASNET,EQ,575.9,592.05,546.35,549.8,575.9,4076904,23025.05,2026-09-10
TEMBO,EQ,57.05,57.89,57.0,57.12,57.45,345675,197.86,2026-09-10
TEMPSENS,EQ,600.0,602.4,575.8,581.3,588.65,2165254,12721.01,2026-09-10
TENNIND,EQ,517.0,526.65,517.0,519.25,518.4,601567,3138.75,2026-09-10
TERAI,EQ,129.99,129.99,124.0,125.85,123.31,546,0.69,2026-09-10
TERASOFT,EQ,256.0,263.8,250.4,253.55,255.4,14181,36.46,2026-09-10
TEXINFRA,EQ,113.79,116.78,113.51,114.21,115.23,277127,318.86,2026-09-10
TEXMOPIPES,EQ,58.3,61.9,55.8,56.44,57.59,789095,466.04,2026-09-10
TEXRAIL,EQ,115.5,119.8,115.31,117.77,115.16,3303257,3909.8,2026-09-10
TFCILTD,EQ,141.77,144.18,141.0,143.17,141.69,4319155,6147.89,2026-09-10
TFL,EQ,12.74,12.74,12.0,12.11,11.92,3804,0.47,2026-09-10
TGBHOTELS,EQ,10.17,10.17,9.57,9.86,9.82,7344,0.73,2026-09-10
TGVSL,EQ,106.52,110.0,105.6,107.45,106.92,158109,170.19,2026-09-10
THAKDEV,EQ,138.5,139.0,132.0,138.99,138.5,745,0.99,2026-09-10
THANGAMAYL,EQ,5129.0,5178.0,5031.5,5081.5,5118.0,90183,4609.32,2026-09-10
THEINVEST,EQ,99.2,100.0,96.5,97.34,97.46,5406,5.33,2026-09-10
THEJO,EQ,2140.7,2220.0,2140.7,2197.4,2150.1,8107,177.24,2026-09-10
THELEELA,EQ,535.75,557.0,530.0,554.15,531.45,343941,1886.56,2026-09-10
THEMISMED,EQ,132.71,134.0,131.5,132.07,132.71,80188,106.11,2026-09-10
THERMAX,EQ,3632.1,3719.8,3625.3,3645.4,3638.6,112142,4113.88,2026-09-10
THOMASCOOK,EQ,109.2,110.9,107.71,108.35,109.13,494762,539.73,2026-09-10
THOMASCOTT,EQ,252.0,260.9,238.35,243.9,250.6,124120,310.81,2026-09-10
THYROCARE,EQ,568.9,569.55,553.65,557.7,566.85,303873,1698.58,2026-09-10
TI,EQ,529.5,549.35,528.6,535.75,530.9,370739,2001.98,2026-09-10
TIGERLOGS,EQ,27.58,27.88,27.36,27.73,27.36,64523,17.88,2026-09-10
TIIL,EQ,3170.0,3202.2,3099.9,3157.1,3170.2,44509,1407.42,2026-09-10
TIINDIA,EQ,2670.0,2674.5,2632.5,2652.0,2678.3,174561,4625.86,2026-09-10
TIMETECHNO,EQ,184.6,187.44,183.0,184.87,184.99,2051244,3789.84,2026-09-10
TIMEX,EQ,625.0,638.65,618.3,627.1,623.35,232843,1465.68,2026-09-10
TIMKEN,EQ,3189.3,3321.0,3120.0,3297.2,3173.4,72555,2368.4,2026-09-10
TINNARUBR,EQ,1051.0,1055.9,1020.15,1028.6,1047.9,40611,419.08,2026-09-10
TIPSFILMS,EQ,329.85,331.95,326.0,327.4,326.65,1392,4.58,2026-09-10
TIPSMUSIC,EQ,658.55,674.4,644.05,658.4,650.8,528038,3492.19,2026-09-10
TIRUMALCHM,EQ,158.84,163.7,157.0,157.52,157.81,474593,756.47,2026-09-10
TITAGARH,EQ,878.0,901.8,855.6,859.2,876.35,970891,8555.74,2026-09-10
TITAN,EQ,5000.5,5021.0,4974.5,5021.0,5005.0,336565,16846.46,2026-09-10
TMB,EQ,927.0,928.45,918.5,923.65,922.25,51371,474.34,2026-09-10
TMCV,EQ,444.0,445.2,437.5,439.25,444.95,4477525,19725.48,2026-09-10
TMPV,EQ,303.0,304.0,300.05,300.5,303.0,7512877,22660.1,2026-09-10
TNIDETF,EQ,88.42,90.0,88.0,88.6,88.43,80115,70.84,2026-09-10
TNPETRO,EQ,137.86,139.69,132.14,133.14,137.6,854501,1159.04,2026-09-10
TNPL,EQ,156.58,158.49,153.5,154.03,155.34,364842,568.51,2026-09-10
TNTELE,EQ,8.93,9.03,8.81,8.94,8.89,26707,2.39,2026-09-10
TOKYOPLAST,EQ,78.0,78.0,75.15,76.81,74.65,353,0.27,2026-09-10
TOLINS,EQ,91.2,92.86,90.7,90.96,91.45,31876,29.08,2026-09-10
TOP100CASE,EQ,10.45,10.45,10.3,10.31,10.37,827470,85.67,2026-09-10
TOP10ADD,EQ,85.46,85.46,84.8,84.89,85.46,732020,622.98,2026-09-10
TOP15IETF,EQ,9.57,9.81,9.52,9.56,9.57,213037,20.37,2026-09-10
TOP20,EQ,8.67,8.68,8.65,8.65,8.67,26579,2.3,2026-09-10
TORNTPHARM,EQ,5000.0,5000.0,4921.0,4930.0,4930.0,190249,9416.69,2026-09-10
TORNTPOWER,EQ,1305.7,1309.3,1287.8,1296.3,1305.7,110609,1431.24,2026-09-10
TOUCHWOOD,EQ,62.4,63.0,61.13,61.16,61.0,1415,0.88,2026-09-10
TOYAMSL,EQ,0.67,0.68,0.63,0.63,0.65,2174611,14.48,2026-09-10
TPLPLASTEH,EQ,68.68,68.99,67.33,68.2,68.03,129788,88.7,2026-09-10
TRACXN,EQ,29.15,29.44,28.0,28.61,29.15,267220,76.85,2026-09-10
TRANSCOR,EQ,25.86,27.0,25.05,25.05,25.95,6327,1.65,2026-09-10
TRANSRAILL,EQ,424.0,424.9,417.55,419.2,424.05,357838,1504.42,2026-09-10
TRAVELFOOD,EQ,1298.0,1298.0,1278.1,1285.9,1298.6,16562,213.35,2026-09-10
TREEHOUSE,EQ,5.96,6.29,5.9,5.95,5.94,13053,0.78,2026-09-10
TREJHARA,EQ,149.4,149.8,145.0,145.33,147.76,7570,11.15,2026-09-10
TREL,EQ,27.39,27.53,26.7,26.94,26.99,70457,19.02,2026-09-10
TRENT,EQ,2811.0,2835.0,2800.0,2818.7,2820.0,503802,14170.32,2026-09-10
TRF,EQ,229.4,232.0,218.35,220.8,228.79,27500,61.52,2026-09-10
TRIDENT,EQ,23.82,23.96,23.5,23.59,23.79,2209137,523.22,2026-09-10
TRIGYN,EQ,58.4,59.39,56.2,57.03,57.39,31717,18.45,2026-09-10
TRITONV,EQ,1140.6,1155.0,1121.6,1133.3,1140.6,3031,34.55,2026-09-10
TRITURBINE,EQ,565.1,574.45,555.1,560.85,565.05,1145463,6445.93,2026-09-10
TRIVENI,EQ,268.5,273.0,263.0,263.95,268.8,411213,1094.31,2026-09-10
TRU,EQ,4.33,4.33,4.13,4.28,4.18,85955,3.66,2026-09-10
TRUALT,EQ,423.05,424.05,414.35,419.65,421.15,92623,387.31,2026-09-10
TSFINV,EQ,422.1,444.3,420.6,441.15,422.9,183455,800.52,2026-09-10
TTKHLTCARE,EQ,1190.6,1193.3,1117.0,1134.4,1184.0,64448,736.22,2026-09-10
TTKPRESTIG,EQ,545.0,547.55,536.6,540.2,541.35,31877,172.79,2026-09-10
TTL,EQ,6.84,6.99,6.41,6.73,6.84,375671,24.95,2026-09-10
TTML,EQ,36.14,36.64,35.9,35.91,36.13,1248091,450.36,2026-09-10
TURTLEMINT,EQ,135.59,137.0,130.2,131.84,134.62,894619,1194.5,2026-09-10
TUTIALKA,EQ,57.15,59.45,56.25,58.48,58.38,22118,12.75,2026-09-10
TVSELECT,EQ,411.1,417.2,409.0,410.45,414.85,15852,65.21,2026-09-10
TVSHLTD,EQ,13119.0,13250.0,13000.0,13134.0,13119.0,3702,486.29,2026-09-10
TVSMOTOR,EQ,4151.1,4184.8,4098.7,4121.5,4151.1,550990,22768.19,2026-09-10
TVSSCS,EQ,124.6,130.39,123.0,128.73,124.65,952295,1206.37,2026-09-10
TVSSRICHAK,EQ,5169.0,5287.5,5118.0,5222.5,5169.0,5894,307.43,2026-09-10
TVTODAY,EQ,110.07,112.63,108.63,109.7,110.06,25559,28.11,2026-09-10
TWCGOLDETF,EQ,149.1,152.68,149.1,152.05,151.54,2212,3.36,2026-09-10
UBL,EQ,1260.4,1274.0,1253.6,1256.7,1266.7,43033,542.97,2026-09-10
UCOBANK,EQ,23.99,24.2,23.76,23.93,23.98,3531333,846.51,2026-09-10
UDAYJEW,EQ,176.0,180.89,175.0,175.12,174.55,90402,161.52,2026-09-10
UDS,EQ,206.0,215.13,203.0,214.07,207.42,328911,690.02,2026-09-10
UEL,EQ,200.0,206.8,196.8,196.8,207.15,34173,68.15,2026-09-10
UFLEX,EQ,690.0,690.05,670.0,672.6,680.15,104598,707.56,2026-09-10
UFO,EQ,63.74,63.9,63.0,63.08,63.13,6766,4.29,2026-09-10
UGARSUGAR,EQ,50.78,51.56,49.5,49.92,50.49,298195,150.61,2026-09-10
UGROCAP,EQ,83.52,84.25,82.99,83.17,83.44,114156,95.3,2026-09-10
UJJIVANSFB,EQ,64.85,66.73,64.05,66.52,64.12,14339627,9460.52,2026-09-10
ULTRACEMCO,EQ,10896.0,10979.0,10858.0,10979.0,10900.0,270894,29604.69,2026-09-10
ULTRAMAR,EQ,428.95,436.8,426.1,433.35,427.5,54884,236.94,2026-09-10
UMESLTD,EQ,5.07,5.08,4.96,5.01,5.08,6984,0.35,2026-09-10
UMIYA-MRO,EQ,97.0,97.95,93.6,94.84,99.46,19475,18.66,2026-09-10
UNICHEMLAB,EQ,543.5,549.5,527.55,532.7,542.7,73010,392.57,2026-09-10
UNIECOM,EQ,85.21,86.0,84.35,84.77,85.5,121873,103.41,2026-09-10
UNIENTER,EQ,94.0,94.0,91.5,91.55,92.56,4203,3.88,2026-09-10
UNIINFO,EQ,11.0,11.54,10.91,11.27,11.25,2330,0.26,2026-09-10
UNIMECH,EQ,1600.1,1602.3,1557.1,1568.1,1586.4,132067,2078.13,2026-09-10
UNIONBANK,EQ,182.69,184.44,177.62,179.2,183.89,8544176,15446.42,2026-09-10
UNIONGOLD,EQ,148.05,150.45,148.05,149.35,149.0,3497,5.24,2026-09-10
UNIPARTS,EQ,900.0,910.0,889.95,893.85,894.05,208073,1873.99,2026-09-10
UNITDSPR,EQ,1405.2,1416.1,1391.4,1400.0,1405.2,432902,6083.18,2026-09-10
UNITECH,EQ,3.92,4.31,3.92,4.22,3.92,17405158,739.43,2026-09-10
UNITEDPOLY,EQ,43.0,44.0,42.3,43.07,42.93,88234,38.07,2026-09-10
UNITEDTEA,EQ,439.9,444.75,435.0,435.8,439.9,5789,25.32,2026-09-10
UNIVCABLES,EQ,1545.5,1577.2,1522.8,1556.9,1543.6,65126,1007.71,2026-09-10
UNOMINDA,EQ,1239.4,1241.0,1218.2,1224.8,1229.0,474437,5815.68,2026-09-10
UPHOT,EQ,1360.0,1450.0,1360.0,1428.0,1400.0,259,3.62,2026-09-10
UPL,EQ,578.0,578.6,572.5,575.3,575.7,1242223,7157.72,2026-09-10
URBANCO,EQ,171.5,173.0,163.6,164.56,171.59,6694497,11180.17,2026-09-10
URJA,EQ,9.1,9.14,8.99,9.0,9.05,505944,45.7,2026-09-10
USHAMART,EQ,495.0,497.4,490.25,495.75,498.65,781944,3858.02,2026-09-10
USK,EQ,21.49,21.49,20.42,20.56,20.86,32729,6.74,2026-09-10
UTIAMC,EQ,894.0,923.0,890.0,921.45,900.9,208731,1909.95,2026-09-10
UTKARSHBNK,EQ,15.75,15.9,14.01,14.8,15.9,53894436,7945.95,2026-09-10
UTLSOLAR,EQ,454.65,458.25,437.0,441.25,451.5,198307,878.79,2026-09-10
UTTAMSUGAR,EQ,285.6,287.0,278.2,282.4,283.75,179791,506.53,2026-09-10
V2RETAIL,EQ,219.0,220.5,217.11,218.13,219.67,528322,1155.94,2026-09-10
VADILALIND,EQ,7436.5,7521.0,7161.0,7256.5,7462.0,18654,1375.43,2026-09-10
VADILENT,EQ,10400.0,10401.0,10400.0,10400.0,10401.0,105,10.92,2026-09-10
VAIBHAVGBL,EQ,213.5,221.79,213.0,215.96,214.25,257975,559.91,2026-09-10
VAISHALI,EQ,8.3,8.69,8.01,8.57,8.14,204884,17.15,2026-09-10
VAKRANGEE,EQ,5.5,5.55,5.4,5.47,5.52,939918,51.51,2026-09-10
VAL30IETF,EQ,15.04,15.14,15.02,15.06,15.05,110430,16.65,2026-09-10
VALUE,EQ,16.08,16.13,16.0,16.04,16.06,15691,2.52,2026-09-10
VALUEAXIS,EQ,32.73,32.86,32.16,32.54,32.73,122454,39.88,2026-09-10
VAML,EQ,445.8,449.6,436.1,437.05,445.3,4113436,18120.54,2026-09-10
VARDMNPOLY,EQ,6.03,6.06,5.91,5.94,5.91,130934,7.84,2026-09-10
VARROC,EQ,842.35,889.95,842.35,884.4,839.4,1468228,12871.55,2026-09-10
VASCONEQ,EQ,29.68,30.33,29.65,30.15,29.7,225491,67.84,2026-09-10
VASUPRADA,EQ,103.0,103.0,103.0,103.0,103.0,51,0.05,2026-09-10
VASWANI,EQ,46.52,47.21,46.0,46.41,45.75,33025,15.42,2026-09-10
VBL,EQ,409.0,415.5,405.35,410.5,407.0,7713560,31665.41,2026-09-10
VEDAVAAG,EQ,18.7,22.21,18.51,22.21,18.51,526243,111.96,2026-09-10
VEDL,EQ,273.75,275.1,268.8,269.05,272.5,4834991,13116.96,2026-09-10
VEDPOWER,EQ,34.39,34.5,33.81,33.96,34.28,10913217,3707.32,2026-09-10
VEEDOL,EQ,1442.4,1455.0,1432.5,1437.7,1437.0,5202,74.91,2026-09-10
VENKEYS,EQ,1690.0,1740.0,1682.1,1706.7,1694.7,83868,1436.17,2026-09-10
VENTIVE,EQ,558.3,573.95,558.3,569.8,569.7,49112,279.43,2026-09-10
VENUSPIPES,EQ,1931.8,1992.2,1909.6,1949.1,1930.1,171606,3357.69,2026-09-10
VERANDA,EQ,235.49,235.59,229.65,230.51,233.79,90890,210.72,2026-09-10
VERTOZ,EQ,37.8,40.65,37.8,39.42,38.1,128888,50.81,2026-09-10
VESUVIUS,EQ,421.0,424.95,413.2,416.1,420.85,123836,517.97,2026-09-10
VGCL,EQ,50.31,50.5,48.27,49.42,48.27,4211,2.08,2026-09-10
VGL,EQ,56.7,58.31,54.5,57.78,54.77,279228,158.63,2026-09-10
VGUARD,EQ,327.9,331.7,324.3,328.75,326.95,389120,1276.48,2026-09-10
VHL,EQ,3470.9,3549.9,3404.5,3443.0,3453.6,512,17.75,2026-09-10
VIDHIING,EQ,347.45,349.9,338.1,338.9,350.2,17805,60.86,2026-09-10
VIDYAWIRES,EQ,90.33,91.5,89.31,90.21,89.76,700002,631.21,2026-09-10
VIJAYA,EQ,1495.0,1516.8,1494.7,1498.8,1498.9,87796,1320.64,2026-09-10
VIJSOLX,EQ,642.5,652.0,611.0,625.9,642.5,1932,11.93,2026-09-10
VIKASECO,EQ,1.06,1.08,1.04,1.05,1.06,3504047,37.12,2026-09-10
VIKASLIFE,EQ,1.25,1.26,1.22,1.23,1.25,1778465,22.19,2026-09-10
VIKRAMSOLR,EQ,167.38,168.3,165.1,165.61,166.59,960872,1598.53,2026-09-10
VIKRAN,EQ,58.2,59.1,57.5,57.64,58.5,769420,447.21,2026-09-10
VIMTALABS,EQ,625.1,641.25,625.1,634.95,628.15,104764,664.27,2026-09-10
VINATIORGA,EQ,1330.0,1337.6,1308.0,1312.4,1334.4,42615,561.95,2026-09-10
VINCOFE,EQ,179.0,183.0,176.18,176.93,178.4,3362417,6030.26,2026-09-10
VINDHYATEL,EQ,2930.0,2948.6,2800.1,2818.3,2916.4,61035,1745.66,2026-09-10
VINEETLAB,EQ,37.14,37.65,35.5,35.79,37.14,61159,22.38,2026-09-10
VINNY,EQ,1.02,1.02,1.0,1.0,1.0,323408,3.26,2026-09-10
VINYLINDIA,EQ,222.9,225.89,220.11,221.63,222.62,4739,10.58,2026-09-10
VIPCLOTHNG,EQ,21.86,22.43,20.65,21.26,21.47,103793,22.47,2026-09-10
VIPIND,EQ,305.2,307.85,300.3,301.55,305.0,348354,1054.24,2026-09-10
VIRAT,EQ,432.35,460.35,432.35,450.35,450.2,13675,61.62,2026-09-10
VIRINCHI,EQ,14.15,14.25,14.02,14.16,14.17,55005,7.78,2026-09-10
VISACHROME,EQ,35.74,36.32,34.55,34.9,35.09,26010,9.12,2026-09-10
VISAKAIND,EQ,91.2,94.8,91.2,91.91,91.99,216486,201.29,2026-09-10
VISHAL,EQ,18.57,18.57,17.81,18.17,18.21,58458,10.6,2026-09-10
VISHNU,EQ,709.7,731.0,709.7,723.8,709.05,82846,598.41,2026-09-10
VISHWARAJ,EQ,5.75,5.79,5.61,5.62,5.66,346180,19.69,2026-09-10
VISL,EQ,33.4,33.88,33.21,33.37,33.38,11464492,3838.73,2026-09-10
VITAL,EQ,56.99,57.99,52.69,55.96,55.46,24027,12.94,2026-09-10
VIVIANA,EQ,762.4,795.0,758.0,769.15,769.55,24002,186.04,2026-09-10
VIVIDHA,EQ,0.51,0.53,0.51,0.51,0.52,134051,0.7,2026-09-10
VIVOBIOT,EQ,18.82,18.82,16.75,16.99,18.64,112181,19.31,2026-09-10
VIYASH,EQ,261.0,263.4,255.45,260.45,261.9,3107823,8080.87,2026-09-10
VLEGOV,EQ,10.32,10.56,9.83,9.87,10.34,229029,22.84,2026-09-10
VLSFINANCE,EQ,245.22,248.4,243.61,244.68,246.31,7585,18.6,2026-09-10
VMART,EQ,805.0,825.0,800.1,817.8,821.2,60366,492.18,2026-09-10
VMM,EQ,103.15,103.4,102.51,103.4,103.18,4752690,4887.67,2026-09-10
VMSTMT,EQ,44.03,44.45,44.0,44.09,44.11,9836,4.34,2026-09-10
VOEPL,EQ,550.0,555.75,528.2,531.85,552.45,76519,413.34,2026-09-10
VOGL,EQ,36.46,37.19,36.25,36.37,36.27,23606914,8652.03,2026-09-10
VOITHPAPR,EQ,1499.0,1499.0,1453.0,1484.7,1488.4,453,6.71,2026-09-10
VOLTAMP,EQ,11110.0,11179.0,10872.0,10924.0,11069.0,19205,2111.19,2026-09-10
VOLTAS,EQ,1142.5,1158.9,1131.4,1158.5,1143.8,517423,5938.67,2026-09-10
VPRPL,EQ,35.0,39.0,34.7,37.12,35.11,2532059,940.33,2026-09-10
VRAJ,EQ,125.43,129.0,122.06,126.31,124.5,20881,26.47,2026-09-10
VRLLOG,EQ,287.95,290.45,284.1,288.8,288.35,155343,448.07,2026-09-10
VSSL,EQ,365.6,423.85,363.0,392.0,362.75,8306199,33680.59,2026-09-10
VSTIND,EQ,208.59,208.77,205.7,206.46,208.59,96791,200.18,2026-09-10
VSTL,EQ,123.5,124.9,120.0,120.17,123.41,5743,7.0,2026-09-10
VSTTILLERS,EQ,4076.9,4120.3,4062.1,4081.3,4074.3,5896,240.95,2026-09-10
VTL,EQ,580.1,587.6,572.35,575.6,583.0,287496,1659.65,2026-09-10
VTMLTD,EQ,55.65,56.68,50.8,52.72,55.8,43596,23.42,2026-09-10
WAAREEENER,EQ,2570.0,2591.0,2530.8,2548.0,2568.0,629037,16038.12,2026-09-10
WAAREEINDO,EQ,261.0,262.95,257.5,258.25,261.1,59046,152.98,2026-09-10
WAAREERTL,EQ,830.2,841.65,830.0,833.85,833.5,94942,793.04,2026-09-10
WABAG,EQ,2134.9,2224.3,2116.8,2211.8,2130.9,1260627,27577.69,2026-09-10
WAKEFIT,EQ,153.82,155.43,151.84,152.44,152.64,510817,783.83,2026-09-10
WALCHANNAG,EQ,212.0,214.99,207.41,208.92,211.78,264577,557.7,2026-09-10
WANBURY,EQ,244.35,249.7,240.4,241.45,244.75,60101,146.9,2026-09-10
WARDINMOBI,EQ,5.73,5.93,5.73,5.78,5.73,382818,22.32,2026-09-10
WATERBASE,EQ,47.17,48.05,46.51,46.55,47.17,7837,3.69,2026-09-10
WCIL,EQ,85.49,86.99,83.91,84.42,84.14,102129,86.86,2026-09-10
WEALTH,EQ,839.9,853.0,823.9,839.3,848.35,1604,13.36,2026-09-10
WEBELSOLAR,EQ,78.99,79.35,75.1,75.39,78.36,1982685,1508.24,2026-09-10
WEIZMANIND,EQ,74.0,74.0,71.0,71.57,72.57,1984,1.42,2026-09-10
WEL,EQ,74.5,76.49,73.28,74.2,72.85,1202294,901.35,2026-09-10
WELCORP,EQ,2614.0,2784.8,2606.5,2776.9,2608.5,4261554,116838.6,2026-09-10
WELENT,EQ,790.0,802.0,780.1,797.95,782.85,305587,2423.68,2026-09-10
WELSPLSOL,EQ,57.29,57.61,55.88,56.42,56.95,451059,255.91,2026-09-10
WELSPUNLIV,EQ,210.28,213.2,208.49,210.5,210.28,1879096,3956.47,2026-09-10
WENDT,EQ,8284.0,8939.0,8225.0,8669.5,8230.5,98896,8673.3,2026-09-10
WESTLIFE,EQ,561.5,567.85,552.05,561.95,561.5,29578,165.51,2026-09-10
WEWIN,EQ,42.05,43.2,42.05,42.99,42.05,1324,0.56,2026-09-10
WEWORK,EQ,672.05,686.0,667.6,676.95,674.7,114321,775.98,2026-09-10
WHBRADY,EQ,484.0,488.0,480.0,480.5,484.0,14,0.07,2026-09-10
WHEELS,EQ,2470.0,2498.0,2176.0,2313.0,2400.6,2648322,63430.89,2026-09-10
WHIRLPOOL,EQ,795.15,800.75,788.75,795.65,795.0,113037,897.86,2026-09-10
WILLAMAGOR,EQ,25.0,25.0,23.58,24.49,24.02,6072,1.46,2026-09-10
WINDLAS,EQ,1140.0,1157.0,1125.05,1129.4,1142.45,57449,655.24,2026-09-10
WINDMACHIN,EQ,301.7,305.0,296.6,298.9,301.45,31335,94.39,2026-09-10
WIPL,EQ,169.2,169.5,163.0,164.55,169.52,4170,6.9,2026-09-10
WIPRO,EQ,167.9,169.19,166.0,166.3,167.0,9586645,16006.79,2026-09-10
WOCKPHARMA,EQ,2250.0,2267.0,2197.0,2220.6,2248.8,693525,15496.46,2026-09-10
WONDERLA,EQ,519.0,521.45,517.15,519.05,517.1,17917,93.03,2026-09-10
WORTHPERI,EQ,151.32,151.32,148.05,149.96,151.93,6840,10.21,2026-09-10
WPIL,EQ,429.45,445.0,425.05,444.2,427.75,144403,635.36,2026-09-10
WSI,EQ,60.47,60.47,57.61,58.83,59.11,29567,17.42,2026-09-10
WSTCSTPAPR,EQ,668.6,714.8,667.1,710.1,667.55,528781,3712.65,2026-09-10
XCHANGING,EQ,64.0,64.23,62.96,63.62,63.28,69094,43.94,2026-09-10
XELPMOC,EQ,77.5,78.5,74.0,76.21,77.47,17649,13.38,2026-09-10
XPROINDIA,EQ,1311.8,1311.8,1251.0,1265.5,1301.4,53097,682.23,2026-09-10
XTGLOBAL,EQ,31.4,31.4,30.0,30.04,30.87,30411,9.3,2026-09-10
XTRANET,EQ,294.11,304.8,278.3,285.59,293.37,4898567,14299.4,2026-09-10
YASHO,EQ,3988.9,4049.5,3938.9,3960.0,3988.9,26451,1055.91,2026-09-10
YATHARTH,EQ,989.7,1005.7,970.5,977.2,989.7,249886,2471.58,2026-09-10
YATRA,EQ,115.25,116.7,113.56,113.98,115.17,790965,907.15,2026-09-10
YESBANK,EQ,22.4,22.48,22.24,22.3,22.42,47990386,10724.23,2026-09-10
YOGI,EQ,169.0,169.0,155.0,155.37,161.94,180,0.29,2026-09-10
YUKEN,EQ,1079.7,1134.7,1061.3,1085.7,1067.7,120552,1319.83,2026-09-10
ZAGGLE,EQ,176.76,185.85,176.13,183.93,177.06,2600981,4760.0,2026-09-10
ZEEL,EQ,84.4,85.1,80.26,80.95,85.71,22803793,18715.58,2026-09-10
ZEEMEDIA,EQ,7.64,7.81,7.64,7.67,7.7,1117559,86.22,2026-09-10
ZENITHEXPO,EQ,204.98,204.98,204.98,204.98,204.98,7,0.01,2026-09-10
ZENITHSTL,EQ,6.45,6.45,5.6,5.99,6.06,144436,8.76,2026-09-10
ZENSARTECH,EQ,437.0,439.4,426.45,427.4,436.95,865424,3731.1,2026-09-10
ZENTEC,EQ,1769.8,1771.9,1745.6,1749.9,1762.3,238930,4190.85,2026-09-10
ZFCVINDIA,EQ,2468.9,2534.9,2448.0,2528.4,2469.9,81482,2035.14,2026-09-10
ZFSTEERING,EQ,683.0,794.95,681.2,743.4,680.05,96970,726.65,2026-09-10
ZIMLAB,EQ,133.35,144.49,133.35,136.43,133.35,458670,634.31,2026-09-10
ZODIAC,EQ,232.3,235.0,230.0,230.88,233.46,6529,15.17,2026-09-10
ZODIACLOTH,EQ,71.75,71.99,68.0,70.42,71.03,8772,6.12,2026-09-10
ZOTA,EQ,1115.0,1118.8,1081.9,1099.5,1114.3,37277,411.05,2026-09-10
ZSARACOM,EQ,11277.0,11277.0,10590.0,11190.0,11002.0,26,2.85,2026-09-10
ZUARI,EQ,224.0,226.59,221.5,223.04,225.63,37607,84.33,2026-09-10
ZUARIIND,EQ,273.4,276.4,270.8,271.5,273.55,33644,91.54,2026-09-10
ZYDUSLIFE,EQ,1130.0,1136.3,1108.1,1117.8,1127.4,937267,10496.22,2026-09-10
ZYDUSWELL,EQ,554.95,571.65,554.95,566.3,554.2,368281,2084.64,2026-09-10
