SYMBOL,SERIES,OPEN_PRICE,HIGH_PRICE,LOW_PRICE,CLOSE_PRICE,PREV_CLOSE,TTL_TRD_QNTY,TURNOVER_LACS,DATE
20MICRONS,EQ,212.16,216.45,209.02,212.8,212.94,54062,115.14,2026-09-29
21STCENMGM,EQ,39.64,39.64,38.85,39.37,39.64,2715,1.07,2026-09-29
360ONE,EQ,1040.0,1052.1,1019.4,1029.2,1045.0,2488489,25807.85,2026-09-29
3BBLACKBIO,EQ,1575.1,1635.0,1532.9,1622.7,1584.8,31539,503.32,2026-09-29
3MINDIA,EQ,33200.0,33400.0,31600.0,31890.0,33415.0,29335,9396.49,2026-09-29
3PLAND,EQ,32.48,32.48,30.05,31.87,30.83,294,0.09,2026-09-29
5PAISA,EQ,303.05,307.45,301.0,304.9,305.15,13569,41.37,2026-09-29
63MOONS,EQ,818.8,827.4,803.95,810.8,818.6,195169,1589.39,2026-09-29
A2ZINFRA,EQ,14.29,14.66,14.29,14.51,14.66,150724,21.7,2026-09-29
AAATECH,EQ,99.4,100.7,97.06,99.94,99.53,304150,299.87,2026-09-29
AADHARHFC,EQ,435.1,443.95,427.3,432.5,436.95,376339,1623.0,2026-09-29
AAKASH,EQ,8.62,8.99,8.51,8.59,8.8,56400,4.89,2026-09-29
AAREYDRUGS,EQ,99.53,101.69,97.24,99.92,99.53,131399,130.92,2026-09-29
AARON,EQ,122.0,124.0,119.15,122.01,121.62,6277,7.62,2026-09-29
AARTIDRUGS,EQ,427.5,444.0,422.05,428.6,429.65,570194,2458.76,2026-09-29
AARTIIND,EQ,475.0,482.9,468.0,469.9,476.6,392844,1868.25,2026-09-29
AARTIPHARM,EQ,912.0,985.05,906.2,972.8,914.0,812673,7743.99,2026-09-29
AARVI,EQ,135.0,138.0,135.0,136.21,135.74,8359,11.39,2026-09-29
AASTHA,EQ,38.71,38.71,36.61,37.53,39.3,689221,257.46,2026-09-29
AAVAS,EQ,1277.1,1282.4,1233.6,1248.4,1282.4,63420,796.91,2026-09-29
ABANSENT,EQ,27.3,27.3,26.13,26.87,26.84,4321,1.16,2026-09-29
ABB,EQ,6950.0,6953.0,6660.5,6660.5,6972.5,213768,14636.68,2026-09-29
ABBOTINDIA,EQ,26735.0,27850.0,26650.0,27270.0,26740.0,20582,5643.13,2026-09-29
ABCAPITAL,EQ,381.0,383.0,376.05,378.0,382.7,4503197,17089.33,2026-09-29
ABCOTS,EQ,203.9,203.9,190.4,198.84,200.15,13070,25.98,2026-09-29
ABDL,EQ,719.85,726.9,706.4,716.5,723.45,510230,3657.46,2026-09-29
ABFRL,EQ,47.59,47.72,46.0,46.24,47.59,12856547,5988.92,2026-09-29
ABGSEC,EQ,112.91,113.36,112.91,112.92,113.85,59,0.07,2026-09-29
ABLBL,EQ,77.13,84.43,75.06,76.98,77.17,32556815,26291.03,2026-09-29
ABMKNO,EQ,170.0,174.95,165.13,168.59,175.13,361,0.61,2026-09-29
ABREL,EQ,1192.1,1194.7,1155.6,1160.6,1191.5,170053,1992.55,2026-09-29
ABSL10BANK,EQ,157.3,165.0,154.62,160.58,161.91,25520,40.85,2026-09-29
ABSLAMC,EQ,984.0,999.9,950.3,955.9,987.7,167070,1609.72,2026-09-29
ABSLBANETF,EQ,54.58,56.58,54.58,55.83,55.98,170695,94.55,2026-09-29
ABSLLIQUID,EQ,999.99,1000.01,999.99,999.99,1000.0,1096,10.96,2026-09-29
ABSLMSCIN,EQ,28.01,28.37,27.93,28.21,28.15,60,0.02,2026-09-29
ABSLNN50ET,EQ,74.47,75.53,72.83,74.11,74.47,30606,22.67,2026-09-29
ABSLPSE,EQ,10.01,10.01,9.69,9.82,9.81,113339,11.1,2026-09-29
ACC,EQ,1215.5,1224.5,1188.1,1202.6,1213.5,731645,8788.51,2026-09-29
ACCELYA,EQ,1099.0,1108.7,1085.0,1095.4,1099.9,9213,100.94,2026-09-29
ACE,EQ,1205.0,1229.7,1199.0,1205.8,1212.9,232653,2826.54,2026-09-29
ACEINTEG,EQ,16.7,16.95,16.1,16.4,17.02,3269,0.54,2026-09-29
ACGL,EQ,1684.0,1696.9,1619.9,1633.5,1695.9,2291,37.61,2026-09-29
ACI,EQ,484.45,497.2,480.0,490.6,482.75,529773,2593.88,2026-09-29
ACL,EQ,40.78,40.78,38.4,39.56,39.94,25165,9.9,2026-09-29
ACMESOLAR,EQ,438.95,440.8,427.9,437.95,437.9,1067318,4656.45,2026-09-29
ACUTAAS,EQ,3290.0,3340.0,3202.1,3304.1,3214.4,999485,32834.76,2026-09-29
ADANIENSOL,EQ,1287.8,1328.0,1275.2,1305.8,1287.9,2592098,33864.8,2026-09-29
ADANIENT,EQ,2834.6,2972.9,2793.7,2972.9,2831.1,4062231,118567.74,2026-09-29
ADANIGREEN,EQ,1235.0,1260.0,1223.6,1260.0,1235.0,1615165,20076.41,2026-09-29
ADANIPORTS,EQ,1755.2,1822.0,1738.4,1822.0,1743.7,4214197,75267.4,2026-09-29
ADANIPOWER,EQ,196.3,199.84,192.45,196.3,196.14,33801685,66429.7,2026-09-29
ADDIND,EQ,80.0,82.0,76.99,78.4,77.5,2807,2.21,2026-09-29
ADFFOODS,EQ,265.0,270.25,261.5,268.3,266.6,67714,180.02,2026-09-29
ADL,EQ,77.0,77.0,68.4,70.0,72.17,52,0.04,2026-09-29
ADOR,EQ,1620.3,1631.0,1592.2,1612.0,1611.7,30103,486.99,2026-09-29
ADROITINFO,EQ,13.98,14.97,13.25,14.23,13.51,767644,110.32,2026-09-29
ADSL,EQ,114.0,114.3,108.27,109.99,116.66,594717,656.81,2026-09-29
ADVAIT,EQ,1862.0,1911.0,1838.0,1903.6,1867.4,40598,762.97,2026-09-29
ADVANCE,EQ,123.77,123.78,119.51,120.19,121.5,115011,138.88,2026-09-29
ADVANIHOTR,EQ,48.79,48.79,47.01,47.4,48.13,24199,11.48,2026-09-29
ADVENTHTL,EQ,124.5,127.39,121.0,124.7,124.62,135289,168.05,2026-09-29
ADVENZYMES,EQ,285.05,286.95,279.75,282.15,283.15,204966,579.18,2026-09-29
ADVIKCA,EQ,0.96,0.99,0.96,0.97,0.97,226781,2.21,2026-09-29
AEGISLOG,EQ,1308.1,1342.5,1279.8,1299.8,1308.1,563303,7376.45,2026-09-29
AEGISVOPAK,EQ,298.0,298.0,288.1,294.25,298.55,869693,2546.95,2026-09-29
AEPL,EQ,15.3,15.49,14.4,14.72,15.14,13148,1.96,2026-09-29
AEQUS,EQ,260.0,273.0,249.03,271.63,260.1,11417115,29945.57,2026-09-29
AEROENTER,EQ,121.7,126.0,118.81,124.7,121.66,382082,470.96,2026-09-29
AEROFLEX,EQ,511.3,543.65,508.1,539.6,513.4,1421036,7539.13,2026-09-29
AERONEU,EQ,75.0,75.0,72.21,72.98,75.18,31159,22.9,2026-09-29
AEROPLANE,EQ,200.05,204.78,195.32,202.08,201.09,702329,1407.19,2026-09-29
AETHER,EQ,1746.9,1773.7,1707.0,1749.9,1739.2,521059,9068.74,2026-09-29
AFCONS,EQ,253.0,253.05,244.9,245.1,251.65,562757,1390.24,2026-09-29
AFFLE,EQ,1542.2,1548.4,1494.5,1501.0,1548.4,193607,2919.6,2026-09-29
AFFORDABLE,EQ,165.12,175.4,165.12,173.52,170.74,15470,26.43,2026-09-29
AFIL,EQ,7.91,8.1,7.49,7.85,7.89,1137489,88.17,2026-09-29
AFSL,EQ,201.0,202.5,201.0,201.04,201.0,4509,9.07,2026-09-29
AGARIND,EQ,398.35,400.0,389.1,391.2,397.15,24191,95.35,2026-09-29
AGARWALEYE,EQ,501.95,501.95,488.25,495.25,503.6,606157,2996.23,2026-09-29
AGI,EQ,804.8,808.4,781.1,792.9,804.8,100537,795.3,2026-09-29
AGIIL,EQ,277.55,279.9,263.35,264.85,271.6,706302,1906.64,2026-09-29
AGL,EQ,13.19,13.35,12.8,13.19,13.21,1032031,135.07,2026-09-29
AGRITECH,EQ,95.0,95.4,92.5,93.19,93.99,2513,2.35,2026-09-29
AGROPHOS,EQ,23.51,24.04,23.47,23.96,23.95,4890,1.16,2026-09-29
AHCL,EQ,36.39,36.39,35.5,36.39,34.66,9537815,3468.8,2026-09-29
AHLADA,EQ,38.57,38.57,37.06,37.15,38.57,7808,2.92,2026-09-29
AHLEAST,EQ,134.4,137.39,134.25,134.54,136.14,251,0.34,2026-09-29
AHLUCONT,EQ,568.05,572.1,544.1,551.55,572.4,238960,1324.24,2026-09-29
AIAENG,EQ,3850.0,3859.5,3805.0,3835.7,3841.4,36731,1409.07,2026-09-29
AIIL,EQ,548.25,556.0,536.9,541.8,548.25,167804,914.51,2026-09-29
AIRAN,EQ,16.88,16.88,16.0,16.4,16.69,52427,8.53,2026-09-29
AIROLAM,EQ,90.25,91.0,88.79,89.06,88.79,165,0.15,2026-09-29
AJANTPHARM,EQ,3524.9,3589.0,3500.0,3557.5,3525.2,85009,3019.07,2026-09-29
AJAXENGG,EQ,600.0,602.5,578.95,591.65,589.9,88197,519.59,2026-09-29
AJMERA,EQ,118.74,121.0,114.61,120.16,119.62,237553,280.08,2026-09-29
AJOONI,EQ,3.16,3.16,3.11,3.14,3.14,112283,3.51,2026-09-29
AKASH,EQ,24.55,25.5,24.5,25.32,25.02,5273,1.32,2026-09-29
AKCAPIT,EQ,1746.5,1772.0,1706.0,1728.1,1758.0,728,12.75,2026-09-29
AKG,EQ,9.8,9.84,9.65,9.8,9.76,3597,0.35,2026-09-29
AKSHAR,EQ,0.42,0.42,0.39,0.41,0.41,2658117,10.96,2026-09-29
AKUMS,EQ,800.0,828.0,800.0,819.55,799.95,179399,1462.88,2026-09-29
ALANKIT,EQ,7.72,7.79,7.5,7.56,7.72,101890,7.72,2026-09-29
ALBERTDAVD,EQ,864.3,898.0,842.05,876.35,846.95,13163,114.65,2026-09-29
ALEMBICLTD,EQ,106.95,112.0,105.34,108.44,106.91,1919395,2098.3,2026-09-29
ALFREDHE,EQ,2710.0,2823.0,2710.0,2823.0,2740.0,9,0.25,2026-09-29
ALGOQUANT,EQ,69.4,69.4,64.79,65.64,69.55,2269037,1497.9,2026-09-29
ALICON,EQ,714.0,740.0,702.05,724.85,716.85,64416,465.75,2026-09-29
ALIVUS,EQ,1337.0,1370.0,1328.6,1356.8,1345.5,245623,3308.96,2026-09-29
ALKEM,EQ,5166.5,5306.5,5152.0,5250.0,5175.0,244410,12844.83,2026-09-29
ALKYLAMINE,EQ,1799.8,1826.0,1771.2,1781.3,1799.8,29151,523.66,2026-09-29
ALLCARGO,EQ,10.77,10.77,10.5,10.53,10.82,5539499,586.4,2026-09-29
ALLDIGI,EQ,778.95,785.55,771.0,775.8,775.9,5852,45.47,2026-09-29
ALLTIME,EQ,199.5,199.5,192.45,193.18,197.91,95447,186.39,2026-09-29
ALOKINDS,EQ,7.24,7.25,7.02,7.06,7.22,22686291,1613.95,2026-09-29
ALPA,EQ,59.49,59.85,58.3,59.76,59.21,5289,3.12,2026-09-29
ALPHA,EQ,51.44,52.45,50.81,52.26,51.44,1808022,935.63,2026-09-29
ALPHAETF,EQ,26.06,26.06,25.17,25.4,25.43,614197,155.57,2026-09-29
ALPINETEX,EQ,48.36,50.95,47.22,48.95,48.36,170617,83.05,2026-09-29
ALPL30IETF,EQ,26.54,26.7,26.37,26.49,26.54,135459,35.86,2026-09-29
ALUFLUOR,EQ,609.95,649.0,580.0,632.55,604.7,57672,362.65,2026-09-29
AMAGI,EQ,561.0,573.95,553.05,563.85,560.0,538606,3047.67,2026-09-29
AMAL,EQ,659.8,690.0,654.05,682.1,665.55,5117,34.27,2026-09-29
AMARJOTHI,EQ,150.7,152.45,147.05,152.0,150.7,456,0.69,2026-09-29
AMBER,EQ,6915.5,7001.0,6606.5,6606.5,6990.0,286219,19331.24,2026-09-29
AMBICAAGAR,EQ,24.88,24.88,24.11,24.37,24.88,3594,0.87,2026-09-29
AMBIKCO,EQ,1568.0,1582.0,1525.0,1527.1,1568.0,9578,147.0,2026-09-29
AMBUJACEM,EQ,373.5,373.6,365.75,365.75,374.35,1769537,6527.55,2026-09-29
AMJLAND,EQ,37.5,38.87,37.5,38.04,38.05,16749,6.43,2026-09-29
AMNPLST,EQ,169.0,171.8,162.0,170.18,166.82,107852,181.57,2026-09-29
AMRUTANJAN,EQ,505.05,508.0,499.15,505.25,506.55,17570,88.41,2026-09-29
ANANDRATHI,EQ,2150.0,2168.9,2077.3,2100.6,2146.2,1341769,28249.83,2026-09-29
ANANTRAJ,EQ,605.0,613.6,599.0,602.3,607.95,1194043,7210.93,2026-09-29
ANDHRAPAP,EQ,72.98,72.98,71.01,72.32,72.62,212077,152.69,2026-09-29
ANDHRSUGAR,EQ,95.13,96.83,92.7,94.4,95.13,214302,201.56,2026-09-29
ANDREWYU,EQ,25.82,26.49,25.05,25.84,25.81,87815,22.56,2026-09-29
ANGELONE,EQ,279.2,280.0,273.5,273.5,279.2,4376351,12075.83,2026-09-29
ANIKINDS,EQ,44.55,44.55,42.16,43.98,43.03,4840,2.09,2026-09-29
ANNAPURNA,EQ,127.66,129.59,126.31,127.22,127.66,15493,19.78,2026-09-29
ANNU,EQ,47.86,49.0,46.73,47.84,47.86,394589,187.94,2026-09-29
ANSALBU,EQ,88.57,92.0,78.65,85.96,90.38,4740,4.13,2026-09-29
ANTELOPUS,EQ,1165.0,1234.9,1112.05,1162.5,1159.45,1431803,16870.48,2026-09-29
ANTGRAPHIC,EQ,0.72,0.72,0.69,0.7,0.69,151675,1.07,2026-09-29
ANTHEM,EQ,855.0,880.0,852.05,869.75,851.1,689600,5976.57,2026-09-29
ANUHPHR,EQ,89.0,91.35,87.9,89.68,89.46,106661,95.84,2026-09-29
ANUP,EQ,1635.0,1644.8,1580.0,1591.2,1632.0,74671,1191.49,2026-09-29
ANURAS,EQ,1187.2,1196.5,1165.0,1177.8,1187.1,192300,2268.01,2026-09-29
AONEGOLD,EQ,13.74,13.77,13.57,13.62,13.71,257103,35.09,2026-09-29
AONELIQUID,EQ,1078.86,1078.88,1078.86,1078.86,1078.72,16578,178.85,2026-09-29
AONENIFTY,EQ,9.61,9.65,9.36,9.42,9.42,158764,14.93,2026-09-29
AONESILVER,EQ,8.44,8.55,8.37,8.4,8.46,602587,50.67,2026-09-29
AONETMMQ50,EQ,9.91,10.0,9.8,9.95,9.91,95276,9.4,2026-09-29
AONETOTAL,EQ,11.64,11.64,11.26,11.37,11.41,143752,16.32,2026-09-29
APARINDS,EQ,17337.0,18062.0,17150.0,17803.0,17263.0,199491,35273.78,2026-09-29
APCL,EQ,95.1,97.0,93.0,94.92,94.64,4184,3.94,2026-09-29
APCOTEXIND,EQ,589.95,603.6,580.0,595.45,586.0,58105,346.0,2026-09-29
APEX,EQ,338.65,348.4,334.5,343.1,338.65,112135,384.01,2026-09-29
APLAPOLLO,EQ,2191.9,2217.8,2172.1,2188.6,2197.0,639577,14085.97,2026-09-29
APLLTD,EQ,853.9,868.0,837.5,861.5,854.35,457488,3911.96,2026-09-29
APOLLO,EQ,411.7,411.7,399.1,402.6,408.3,5919584,23925.31,2026-09-29
APOLLOHOSP,EQ,8885.0,8906.0,8657.5,8659.0,8860.0,609210,53265.78,2026-09-29
APOLLOPIPE,EQ,521.2,530.0,511.1,513.7,521.2,305274,1598.64,2026-09-29
APOLLOTYRE,EQ,390.75,429.0,386.3,406.75,389.6,5125753,20720.36,2026-09-29
APOLSINHOT,EQ,1185.0,1199.9,1160.4,1166.2,1172.9,595,6.99,2026-09-29
APOORVA,EQ,31.82,33.14,31.82,33.0,33.49,299,0.1,2026-09-29
APTECHT,EQ,91.5,91.5,86.99,88.61,90.27,90136,79.65,2026-09-29
APTUS,EQ,238.1,238.54,231.33,233.34,237.47,4037956,9417.59,2026-09-29
AQYLON,EQ,18.34,18.34,17.1,17.11,18.0,715504,123.05,2026-09-29
ARCHIDPLY,EQ,107.69,107.69,101.07,101.98,102.76,10384,10.59,2026-09-29
ARCHIES,EQ,12.85,12.85,12.34,12.43,12.58,10512,1.31,2026-09-29
ARCIL,EQ,142.71,147.98,141.1,142.51,142.71,3558859,5157.07,2026-09-29
ARCL,EQ,240.25,241.89,231.5,233.0,241.99,4370,10.39,2026-09-29
ARDEE,EQ,51.99,52.0,50.01,51.17,51.99,2231592,1134.54,2026-09-29
ARE&M,EQ,775.0,778.95,764.0,766.3,774.95,325892,2507.32,2026-09-29
ARENTERP,EQ,32.84,33.49,31.12,32.95,32.67,608,0.2,2026-09-29
ARFIN,EQ,88.29,90.48,87.35,88.16,88.48,1365354,1218.12,2026-09-29
ARIHANT,EQ,913.95,914.05,870.0,888.9,914.05,1106,9.83,2026-09-29
ARIHANTCAP,EQ,89.81,91.62,87.2,90.58,89.81,296536,264.63,2026-09-29
ARIHANTSUP,EQ,236.0,236.0,228.25,230.25,236.25,1353,3.13,2026-09-29
ARIS,EQ,132.02,138.0,129.33,135.0,132.61,1264189,1701.16,2026-09-29
ARKADE,EQ,124.07,124.51,120.12,121.92,123.22,134893,164.74,2026-09-29
ARMANFIN,EQ,1708.5,1752.0,1685.0,1711.4,1700.1,60370,1037.22,2026-09-29
AROGRANITE,EQ,23.12,24.07,22.8,22.81,23.12,1134,0.26,2026-09-29
ARROWGREEN,EQ,897.8,899.05,848.9,872.5,891.85,46136,400.26,2026-09-29
ARSSBL,EQ,497.0,506.35,495.0,500.45,500.6,122318,613.02,2026-09-29
ARTEMISMED,EQ,364.15,369.6,360.4,366.6,365.9,522715,1908.73,2026-09-29
ARTNIRMAN,EQ,39.0,39.0,36.41,36.52,38.3,258,0.09,2026-09-29
ARVEE,EQ,244.0,249.0,230.0,232.85,234.5,27843,66.24,2026-09-29
ARVIND,EQ,545.05,552.1,540.15,545.45,543.6,291616,1594.3,2026-09-29
ARVINDFASN,EQ,411.0,413.5,390.55,410.15,413.75,413765,1664.75,2026-09-29
ARVSMART,EQ,612.95,621.9,606.2,609.7,615.75,78068,478.5,2026-09-29
ARYAMAN,EQ,625.0,631.6,610.0,620.0,625.0,529,3.3,2026-09-29
ASAHIINDIA,EQ,934.0,980.0,923.0,957.95,933.55,286875,2763.6,2026-09-29
ASAL,EQ,429.0,434.45,424.05,428.0,429.2,8484,36.34,2026-09-29
ASALCBR,EQ,646.0,646.95,628.25,634.6,641.55,42132,267.95,2026-09-29
ASHAPURMIN,EQ,500.1,524.25,497.5,518.8,502.6,439076,2258.52,2026-09-29
ASHIANA,EQ,383.7,403.95,382.6,390.55,388.8,42912,168.9,2026-09-29
ASHIMASYN,EQ,15.85,16.2,15.81,16.08,15.85,42495,6.8,2026-09-29
ASHOKA,EQ,109.2,109.83,107.25,108.53,110.17,595433,645.9,2026-09-29
ASHOKAMET,EQ,15.98,16.1,15.0,15.15,15.37,31273,4.77,2026-09-29
ASHOKLEY,EQ,155.5,155.5,152.48,153.44,155.22,14351744,22117.66,2026-09-29
ASIANENE,EQ,476.25,484.5,459.8,478.25,474.15,249852,1185.45,2026-09-29
ASIANHOTNR,EQ,373.5,373.5,356.0,361.35,372.0,8278,30.18,2026-09-29
ASIANPAINT,EQ,2417.5,2425.3,2381.0,2415.0,2420.0,909789,21947.67,2026-09-29
ASIANTILES,EQ,50.0,50.6,49.22,50.1,50.16,2959007,1476.07,2026-09-29
ASIANTNE,EQ,9.13,9.39,8.76,9.02,9.17,9774,0.88,2026-09-29
ASKAUTOLTD,EQ,643.0,646.2,611.0,619.85,650.35,710889,4407.44,2026-09-29
ASMS,EQ,6.49,6.49,5.1,6.08,6.33,524327,30.56,2026-09-29
ASPINWALL,EQ,248.85,251.7,242.25,242.5,247.65,554,1.35,2026-09-29
ASTAR,EQ,708.0,708.0,661.4,685.35,708.8,171,1.16,2026-09-29
ASTEC,EQ,705.0,715.3,686.8,696.25,711.8,30244,211.14,2026-09-29
ASTERDM,EQ,745.0,751.95,718.5,733.95,747.35,4132919,30422.02,2026-09-29
ASTRAL,EQ,1370.5,1384.2,1346.5,1375.0,1370.5,933913,12781.66,2026-09-29
ASTRAMICRO,EQ,1585.0,1670.0,1577.6,1652.6,1590.1,651062,10664.99,2026-09-29
ASTRAZEN,EQ,6235.0,6355.0,6195.5,6254.5,6280.0,8506,534.53,2026-09-29
ATALREAL,EQ,13.4,13.4,11.92,12.03,13.24,5203592,631.69,2026-09-29
ATAM,EQ,56.12,57.74,54.45,54.91,55.81,15097,8.52,2026-09-29
ATGL,EQ,598.1,599.4,586.0,588.4,594.45,603219,3570.73,2026-09-29
ATHERENERG,EQ,1460.2,1460.2,1403.8,1407.0,1454.9,5655784,80438.54,2026-09-29
ATL,EQ,24.86,24.94,24.12,24.47,24.85,143546,34.99,2026-09-29
ATLANTAA,EQ,35.7,39.0,35.15,36.69,35.32,336131,125.59,2026-09-29
ATLANTAELE,EQ,1605.0,1657.4,1584.2,1634.2,1613.3,157786,2558.44,2026-09-29
ATLASCYCLE,EQ,93.0,100.0,91.66,94.86,91.43,40780,39.35,2026-09-29
ATUL,EQ,5975.0,6086.5,5950.0,5982.5,5991.0,30980,1865.75,2026-09-29
ATULAUTO,EQ,438.6,440.7,432.6,438.75,440.55,45338,198.16,2026-09-29
AUBANK,EQ,990.0,1005.2,984.5,1005.2,995.3,1870471,18560.18,2026-09-29
AUGMONT,EQ,1022.0,1062.2,1022.0,1062.2,965.65,1711349,17922.64,2026-09-29
AURIONPRO,EQ,644.25,654.0,632.05,634.2,642.5,119838,768.24,2026-09-29
AUROPHARMA,EQ,1697.0,1713.7,1690.7,1697.7,1697.5,1159038,19742.18,2026-09-29
AURUM,EQ,217.4,222.16,217.08,220.31,218.95,64994,142.58,2026-09-29
AURUS,EQ,4.62,4.73,4.21,4.57,4.58,35099,1.58,2026-09-29
AUSOMENT,EQ,142.31,146.75,140.0,143.75,143.89,3948,5.61,2026-09-29
AUSTENG,EQ,160.0,160.0,152.01,158.0,159.23,6599,10.44,2026-09-29
AUTOAXLES,EQ,1675.0,1709.0,1665.1,1699.6,1689.2,8595,144.94,2026-09-29
AUTOBEES,EQ,276.78,276.78,271.1,272.72,274.3,219809,599.57,2026-09-29
AUTOIETF,EQ,28.02,28.11,27.11,27.29,27.56,415767,113.41,2026-09-29
AUTOIND,EQ,83.4,83.4,80.6,81.99,81.86,82896,68.01,2026-09-29
AVADHSUGAR,EQ,805.2,812.0,785.55,793.45,808.4,75190,600.89,2026-09-29
AVALON,EQ,2300.0,2343.0,2240.0,2302.0,2310.2,210915,4855.53,2026-09-29
AVANCE,EQ,0.85,0.87,0.83,0.85,0.86,6148649,51.97,2026-09-29
AVANTEL,EQ,151.25,153.0,147.1,149.22,151.37,1309329,1959.26,2026-09-29
AVANTIFEED,EQ,740.9,754.6,730.1,747.5,741.5,628946,4677.42,2026-09-29
AVL,EQ,597.5,597.5,584.0,585.8,595.15,91169,535.98,2026-09-29
AVONMORE,EQ,12.66,13.24,12.36,12.99,12.66,257037,32.7,2026-09-29
AVROIND,EQ,7.0,7.0,6.83,6.98,6.94,72252,5.02,2026-09-29
AVTNPL,EQ,86.71,93.5,85.0,92.2,86.61,555777,499.01,2026-09-29
AWFIS,EQ,250.4,251.7,244.05,247.1,250.2,471717,1165.89,2026-09-29
AWHCL,EQ,369.0,377.8,361.0,364.35,367.65,64886,237.69,2026-09-29
AWL,EQ,180.66,181.45,172.6,178.75,180.66,10388939,18450.29,2026-09-29
AXISBANK,EQ,1202.0,1212.1,1190.5,1212.1,1209.9,7260302,87369.72,2026-09-29
AXISCADES,EQ,2034.0,2067.4,1970.8,2067.4,1879.5,793589,16264.09,2026-09-29
AXITA,EQ,7.96,7.98,7.79,7.81,7.9,1346408,105.74,2026-09-29
AXTEL,EQ,439.75,450.0,427.5,443.65,439.75,4989,21.92,2026-09-29
AYE,EQ,163.3,163.3,156.72,159.7,162.49,931769,1485.6,2026-09-29
AYMSYNTEX,EQ,292.0,299.0,276.15,285.95,291.15,214490,610.71,2026-09-29
AZAD,EQ,2779.0,2998.0,2751.1,2914.2,2723.2,5323693,154674.64,2026-09-29
AZADIND,EQ,82.55,85.4,79.0,80.62,82.3,122844,99.62,2026-09-29
BAGFILMS,EQ,4.25,4.32,4.0,4.1,4.2,100884,4.11,2026-09-29
BAIDFIN,EQ,10.61,11.2,10.39,10.45,10.61,77641,8.34,2026-09-29
BAJAJ-AUTO,EQ,11016.0,11020.0,10805.0,10811.0,11024.0,527929,57332.68,2026-09-29
BAJAJCON,EQ,480.05,499.8,474.55,493.0,480.05,996143,4897.67,2026-09-29
BAJAJELEC,EQ,313.15,313.35,304.0,309.85,314.65,348608,1074.32,2026-09-29
BAJAJFINSV,EQ,1758.8,1758.8,1730.0,1742.4,1752.0,858895,14987.49,2026-09-29
BAJAJHCARE,EQ,336.0,341.1,332.1,335.0,336.6,128214,431.23,2026-09-29
BAJAJHFL,EQ,82.5,82.5,81.06,81.26,82.52,2829444,2306.1,2026-09-29
BAJAJHIND,EQ,20.32,20.4,19.83,19.98,20.45,11722083,2353.22,2026-09-29
BAJAJHLDNG,EQ,10730.0,10873.0,10600.0,10600.0,10800.0,65092,6966.67,2026-09-29
BAJAJINDEF,EQ,212.06,215.99,209.05,213.11,210.31,11971,25.33,2026-09-29
BAJAJST,EQ,341.0,352.5,339.0,345.1,338.8,3869,13.31,2026-09-29
BAJEL,EQ,169.01,171.6,166.62,170.2,169.47,153241,259.58,2026-09-29
BAJFINANCE,EQ,977.5,979.7,961.4,973.8,985.0,8612123,83525.26,2026-09-29
BALAJEE,EQ,25.0,25.94,24.51,25.43,25.25,24908,6.21,2026-09-29
BALAJITELE,EQ,93.92,93.92,90.7,91.74,93.87,95613,87.83,2026-09-29
BALAMINES,EQ,2150.0,2207.4,2132.1,2142.1,2153.9,100677,2170.76,2026-09-29
BALAXI,EQ,22.39,23.45,22.05,23.02,22.39,18116,4.13,2026-09-29
BALKRISHNA,EQ,16.11,16.58,15.8,15.87,16.44,13114,2.11,2026-09-29
BALKRISIND,EQ,2151.3,2162.8,2115.8,2126.2,2153.8,142506,3044.08,2026-09-29
BALMLAWRIE,EQ,162.3,162.47,160.11,161.59,162.48,73371,118.29,2026-09-29
BALPHARMA,EQ,105.39,114.63,105.06,112.11,104.77,237163,264.26,2026-09-29
BALRAMCHIN,EQ,680.7,681.5,670.0,672.9,680.7,602496,4067.95,2026-09-29
BALUFORGE,EQ,495.1,508.15,483.5,501.15,495.1,687035,3423.34,2026-09-29
BANARBEADS,EQ,119.6,119.8,113.1,115.25,117.27,3610,4.18,2026-09-29
BANARISUG,EQ,3393.6,3393.6,3301.6,3305.0,3383.7,554,18.52,2026-09-29
BANCOINDIA,EQ,592.7,599.9,583.3,595.65,594.2,64135,379.66,2026-09-29
BANDHANBNK,EQ,181.2,185.31,179.3,185.31,181.0,9533177,17379.31,2026-09-29
BANG,EQ,32.4,32.68,31.42,31.68,31.69,11450,3.66,2026-09-29
BANK10ADD,EQ,16.17,16.17,15.83,16.11,16.19,234324,37.41,2026-09-29
BANK10BETF,EQ,20.3,20.3,19.37,19.45,19.9,17628,3.46,2026-09-29
BANKA,EQ,72.0,72.4,70.5,70.52,73.09,3034,2.15,2026-09-29
BANKADD,EQ,55.73,56.02,55.1,55.89,55.83,22998,12.74,2026-09-29
BANKBARODA,EQ,227.5,230.57,223.82,227.68,227.5,7198395,16348.54,2026-09-29
BANKBEES,EQ,568.15,568.15,558.31,564.42,565.32,800119,4493.9,2026-09-29
BANKBETA,EQ,56.6,56.75,55.1,56.25,56.52,499548,279.56,2026-09-29
BANKBETF,EQ,55.6,55.64,54.73,55.43,55.6,53243,29.41,2026-09-29
BANKETF,EQ,554.39,554.84,548.7,553.83,556.29,95277,526.2,2026-09-29
BANKIETF,EQ,56.0,56.11,55.33,55.97,56.11,1206875,671.08,2026-09-29
BANKINDIA,EQ,130.0,131.83,128.55,130.11,129.99,9187360,11997.44,2026-09-29
BANKNIFTY1,EQ,54.98,57.28,54.98,56.5,56.68,2595241,1462.08,2026-09-29
BANKPSU,EQ,81.1,81.11,80.0,80.9,81.1,10321,8.33,2026-09-29
BANSALWIRE,EQ,319.75,330.0,319.75,327.65,317.6,125973,409.76,2026-09-29
BANSWRAS,EQ,109.9,109.9,106.21,107.31,107.62,9777,10.5,2026-09-29
BASF,EQ,3495.8,3520.9,3411.0,3435.6,3495.8,16267,564.07,2026-09-29
BATAINDIA,EQ,624.7,628.9,613.0,620.35,624.7,137084,850.11,2026-09-29
BATLIBOI,EQ,84.6,85.9,82.55,85.24,83.19,24049,20.33,2026-09-29
BAYERCROP,EQ,3648.0,3669.6,3575.0,3602.7,3671.8,148960,5379.11,2026-09-29
BBETF0432,EQ,1333.5,1338.49,1330.1,1337.31,1333.5,2380,31.76,2026-09-29
BBL,EQ,2120.5,2169.7,2053.1,2123.7,2112.2,21374,453.84,2026-09-29
BBNPNBETF,EQ,54.65,55.43,53.71,53.73,54.35,1328,0.72,2026-09-29
BBNPPGOLD,EQ,141.9,142.0,139.9,141.1,141.9,4187,5.9,2026-09-29
BBOX,EQ,786.0,828.4,783.0,812.8,783.15,1236329,9949.16,2026-09-29
BBTC,EQ,1415.0,1415.0,1350.0,1355.0,1415.7,240571,3280.3,2026-09-29
BBTCL,EQ,234.9,234.9,226.57,228.15,228.12,4181,9.59,2026-09-29
BCG,EQ,9.37,9.44,9.2,9.28,9.37,3577362,331.59,2026-09-29
BCLIND,EQ,32.51,32.8,31.75,32.42,32.52,318329,102.49,2026-09-29
BCONCEPTS,EQ,146.0,146.0,138.0,139.25,146.02,24778,34.61,2026-09-29
BCPL,EQ,69.65,69.65,67.25,68.12,67.98,2531,1.72,2026-09-29
BDL,EQ,1112.7,1117.0,1085.1,1085.1,1115.0,1081355,11867.27,2026-09-29
BEARDSELL,EQ,24.58,24.99,23.07,23.32,24.58,138284,32.49,2026-09-29
BECTORFOOD,EQ,211.47,212.94,207.39,208.7,211.52,454443,952.61,2026-09-29
BEDMUTHA,EQ,110.32,112.2,106.62,107.46,109.23,2521,2.72,2026-09-29
BEEKAY,EQ,422.2,446.8,416.15,433.3,434.4,2827,12.12,2026-09-29
BEL,EQ,385.5,388.0,382.2,387.75,385.5,13517154,52164.68,2026-09-29
BELLACASA,EQ,279.5,279.5,252.81,255.51,266.5,18265,47.1,2026-09-29
BELRISE,EQ,249.45,249.45,239.2,240.52,248.62,1783755,4332.74,2026-09-29
BEML,EQ,1985.0,1990.4,1944.0,1966.6,1995.1,235405,4627.46,2026-09-29
BENARAS,EQ,10399.0,10500.0,10067.0,10215.0,10150.0,166,17.02,2026-09-29
BENGALASM,EQ,6005.0,6220.5,5950.0,6161.5,5938.5,689,41.76,2026-09-29
BEPL,EQ,126.45,126.95,123.5,124.0,125.38,813546,1017.7,2026-09-29
BERGEPAINT,EQ,451.95,456.4,441.1,448.2,452.85,610722,2746.75,2026-09-29
BESTAGRO,EQ,17.81,18.0,17.3,17.86,17.69,469015,82.67,2026-09-29
BETA,EQ,2040.0,2084.8,2010.5,2064.9,2040.3,12014,244.92,2026-09-29
BFINVEST,EQ,436.5,439.3,432.05,436.15,435.2,19909,86.73,2026-09-29
BFSI,EQ,25.22,26.4,25.22,25.58,25.69,265239,67.61,2026-09-29
BFUTILITIE,EQ,515.2,518.45,502.0,508.9,515.9,69674,354.19,2026-09-29
BHAGCHEM,EQ,241.45,243.1,237.9,240.25,241.1,63799,153.55,2026-09-29
BHAGERIA,EQ,380.65,387.4,371.0,377.85,380.85,112369,425.15,2026-09-29
BHAGYANGR,EQ,404.05,412.5,397.15,408.1,411.35,89524,362.44,2026-09-29
BHANDARI,EQ,2.88,2.94,2.87,2.9,2.9,148872,4.33,2026-09-29
BHARATCOAL,EQ,32.62,33.67,32.32,33.5,32.51,13101283,4338.96,2026-09-29
BHARATFORG,EQ,1950.0,1958.0,1917.0,1942.0,1957.0,1101271,21304.13,2026-09-29
BHARATRAS,EQ,1049.7,1055.0,1000.0,1005.7,1046.2,66905,679.75,2026-09-29
BHARATSE,EQ,212.45,215.23,207.91,213.61,212.45,92513,196.37,2026-09-29
BHARATWIRE,EQ,166.71,169.68,162.5,167.18,166.35,155514,258.75,2026-09-29
BHARTIARTL,EQ,1764.0,1787.5,1762.0,1771.2,1771.4,9811381,174359.58,2026-09-29
BHARTIHEXA,EQ,1429.7,1432.4,1398.0,1409.4,1426.5,171619,2425.66,2026-09-29
BHEL,EQ,410.3,414.9,402.6,413.35,411.9,6607415,27097.78,2026-09-29
BIGBLOC,EQ,38.68,40.4,38.2,38.64,39.37,26802,10.36,2026-09-29
BIKAJI,EQ,552.0,554.9,523.6,531.15,557.9,904191,4828.66,2026-09-29
BIL,EQ,998.2,1008.7,990.0,1000.7,1001.2,7606,75.92,2026-09-29
BIMETAL,EQ,640.1,652.0,629.8,635.65,640.15,482,3.09,2026-09-29
BIOCON,EQ,376.05,379.95,373.25,377.0,374.9,2779766,10483.62,2026-09-29
BIOFILCHEM,EQ,31.36,31.99,31.3,31.52,31.51,8360,2.64,2026-09-29
BIRLACABLE,EQ,353.85,368.95,344.0,368.95,351.4,427890,1549.56,2026-09-29
BIRLACORPN,EQ,836.0,853.7,828.35,849.9,839.1,57453,483.61,2026-09-29
BIRLAMONEY,EQ,114.71,115.78,112.01,114.29,115.31,31654,36.11,2026-09-29
BIRLANU,EQ,1441.0,1442.8,1390.0,1406.0,1441.0,7707,108.67,2026-09-29
BLACKBUCK,EQ,603.75,625.0,598.4,622.4,601.2,703713,4338.97,2026-09-29
BLACKROSE,EQ,118.98,118.98,109.99,113.25,116.32,41795,47.0,2026-09-29
BLAL,EQ,160.06,164.99,158.61,163.65,160.69,18397,29.7,2026-09-29
BLBLIMITED,EQ,17.34,17.38,16.72,16.84,17.18,103341,17.62,2026-09-29
BLEL,EQ,449.05,451.0,436.1,447.05,445.1,251670,1118.56,2026-09-29
BLIL,EQ,65.0,65.49,64.72,64.91,65.56,98538,64.01,2026-09-29
BLKASHYAP,EQ,52.06,52.06,49.87,50.9,51.9,441623,224.56,2026-09-29
BLS,EQ,221.6,224.6,218.0,219.55,221.22,784993,1735.04,2026-09-29
BLSE,EQ,322.55,324.0,315.65,321.1,320.65,253804,813.65,2026-09-29
BLUECLOUDS,EQ,21.74,21.74,19.89,20.23,21.71,7984831,1627.79,2026-09-29
BLUECOAST,EQ,22.99,22.99,21.61,22.7,21.99,1393,0.31,2026-09-29
BLUEDART,EQ,4747.2,4751.9,4523.0,4576.0,4749.6,88233,4064.74,2026-09-29
BLUEJET,EQ,558.95,566.6,544.8,549.6,557.3,763828,4228.03,2026-09-29
BLUESTARCO,EQ,1572.9,1578.5,1526.9,1529.5,1575.4,1003421,15548.25,2026-09-29
BLUESTONE,EQ,789.0,815.95,740.35,806.05,786.2,2316818,18024.41,2026-09-29
BLUSPRING,EQ,149.0,152.5,142.0,143.11,149.44,351924,516.15,2026-09-29
BMWVENTLTD,EQ,51.6,52.49,51.4,51.49,51.4,83375,43.07,2026-09-29
BNAGROCHEM,EQ,208.0,218.0,197.6,207.24,208.0,918,1.93,2026-09-29
BNKETFAXIS,EQ,561.33,562.34,555.36,562.34,563.13,9056,50.39,2026-09-29
BOHRAIND,EQ,15.79,15.79,15.01,15.01,15.79,7861,1.19,2026-09-29
BOMDYEING,EQ,108.0,108.0,105.01,106.7,107.39,351757,373.96,2026-09-29
BONLON,EQ,40.16,42.0,39.56,40.16,40.16,4226,1.72,2026-09-29
BORANA,EQ,294.15,300.6,286.1,296.4,296.2,28915,85.16,2026-09-29
BOROLTD,EQ,281.0,282.26,272.01,276.21,280.8,461628,1278.14,2026-09-29
BORORENEW,EQ,452.25,459.95,449.1,452.5,452.25,392825,1781.93,2026-09-29
BOROSCI,EQ,114.47,118.56,113.22,114.84,114.13,176023,203.47,2026-09-29
BOSCH-HCIL,EQ,1795.0,1964.9,1780.0,1934.4,1802.4,201421,3847.98,2026-09-29
BOSCHLTD,EQ,47145.0,47240.0,45700.0,45700.0,47020.0,14828,6876.63,2026-09-29
BPCL,EQ,302.25,303.45,296.5,299.35,302.25,4538466,13605.73,2026-09-29
BPL,EQ,46.99,47.99,45.1,46.5,46.41,87265,40.43,2026-09-29
BPLPHARMA,EQ,2159.9,2222.0,1820.0,1926.0,2149.8,64591,1278.39,2026-09-29
BRAHMINFRA,EQ,145.6,156.0,142.01,149.26,148.23,33835,49.38,2026-09-29
BRIGADE,EQ,579.05,584.85,557.55,563.05,583.9,326005,1852.61,2026-09-29
BRIGHOTEL,EQ,55.4,56.98,55.21,56.14,55.52,127096,71.21,2026-09-29
BRIGHTBR,EQ,249.1,252.0,241.0,248.85,248.1,683,1.69,2026-09-29
BRITANNIA,EQ,4899.0,4907.5,4798.0,4835.0,4915.0,524981,25364.51,2026-09-29
BRNL,EQ,16.28,16.87,15.99,16.45,16.43,30174,4.9,2026-09-29
BROOKS,EQ,57.11,57.94,55.65,56.51,56.55,26984,15.28,2026-09-29
BSE,EQ,3100.0,3200.0,3100.0,3200.0,3097.5,30101047,957856.91,2026-09-29
BSE500IETF,EQ,37.9,37.98,37.31,37.73,37.7,85333,32.0,2026-09-29
BSHSL,EQ,84.99,88.13,81.53,85.9,84.99,13135,11.13,2026-09-29
BSL,EQ,120.79,121.9,117.01,118.16,118.49,2047,2.43,2026-09-29
BSLGOLDETF,EQ,129.38,129.74,127.66,128.49,129.35,810457,1041.08,2026-09-29
BSLNIFTY,EQ,26.81,28.0,26.56,27.06,26.81,979590,262.67,2026-09-29
BSLSENETFG,EQ,73.32,74.43,72.8,73.03,73.78,2292,1.68,2026-09-29
BSOFT,EQ,270.65,273.4,267.4,269.05,271.25,916800,2473.09,2026-09-29
BTML,EQ,7.15,7.25,6.96,7.03,7.15,105273,7.51,2026-09-29
BUILDPRO,EQ,1261.3,1279.1,1229.5,1244.2,1256.7,50034,628.36,2026-09-29
BUTTERFLY,EQ,563.0,567.4,559.5,561.25,564.05,7600,42.69,2026-09-29
BVCL,EQ,40.06,41.3,40.06,40.87,40.53,5203,2.13,2026-09-29
BYKE,EQ,29.9,29.9,28.08,28.93,29.13,57741,16.66,2026-09-29
CAMLINFINE,EQ,95.97,96.42,92.75,93.17,95.4,518550,485.94,2026-09-29
CAMPUS,EQ,211.0,212.27,208.71,209.76,211.04,244297,514.28,2026-09-29
CAMS,EQ,685.0,689.95,665.05,666.0,691.55,2128456,14311.96,2026-09-29
CANBK,EQ,120.0,120.34,118.03,119.51,120.65,20596639,24540.98,2026-09-29
CANFINHOME,EQ,737.6,743.75,730.0,731.7,737.6,182975,1345.66,2026-09-29
CANHLIFE,EQ,146.55,152.49,144.55,149.62,147.78,1474938,2188.52,2026-09-29
CANTABIL,EQ,231.0,234.43,228.21,232.5,230.67,92666,213.91,2026-09-29
CAPACITE,EQ,185.1,186.68,180.5,182.61,184.41,350639,642.18,2026-09-29
CAPILLARY,EQ,576.35,576.35,551.4,568.05,576.35,142990,808.65,2026-09-29
CAPITALSFB,EQ,280.0,281.95,274.55,279.65,280.2,33988,94.54,2026-09-29
CAPLIPOINT,EQ,2852.0,2869.0,2735.0,2744.0,2854.0,93586,2604.85,2026-09-29
CARBORUNIV,EQ,1241.7,1255.0,1194.0,1200.5,1247.8,279910,3418.59,2026-09-29
CARERATING,EQ,1627.9,1647.6,1603.4,1637.8,1628.4,70064,1139.94,2026-09-29
CARRARO,EQ,522.2,525.0,516.8,520.8,523.7,39095,203.8,2026-09-29
CARTRADE,EQ,2872.8,2937.0,2837.8,2907.5,2880.1,245679,7132.7,2026-09-29
CARYSIL,EQ,1038.0,1072.0,1016.1,1056.5,1038.3,92819,969.9,2026-09-29
CASHIETF,EQ,1081.41,1081.57,1081.41,1081.56,1081.41,272398,2946.16,2026-09-29
CASTROLIND,EQ,200.2,202.8,198.1,199.83,201.04,5827158,11713.89,2026-09-29
CCAVENUE,EQ,15.4,15.6,14.96,15.36,15.41,11575582,1766.68,2026-09-29
CCCL,EQ,13.38,13.95,13.0,13.47,13.38,222828,29.75,2026-09-29
CCHHL,EQ,12.89,13.17,12.71,12.9,12.83,4917,0.63,2026-09-29
CCL,EQ,1030.0,1036.3,1000.0,1006.2,1031.6,125455,1274.53,2026-09-29
CDSL,EQ,1289.0,1290.0,1261.3,1261.9,1289.0,1412255,18018.44,2026-09-29
CEATLTD,EQ,3275.1,3282.6,3215.9,3240.0,3274.7,45813,1483.79,2026-09-29
CEIGALL,EQ,378.75,384.8,373.0,377.55,378.55,417159,1583.96,2026-09-29
CEINSYS,EQ,682.0,690.0,668.0,681.85,685.15,47994,325.68,2026-09-29
CELEBRITY,EQ,6.7,6.7,6.34,6.46,6.68,22678,1.47,2026-09-29
CELLO,EQ,332.6,336.5,325.6,333.35,332.6,213489,707.36,2026-09-29
CEMNTGROWW,EQ,14.08,14.09,13.68,13.72,13.93,87435,12.05,2026-09-29
CEMPRO,EQ,1229.0,1245.5,1214.0,1223.3,1224.5,121284,1487.29,2026-09-29
CENTENKA,EQ,558.6,560.2,541.0,549.5,553.05,20056,109.85,2026-09-29
CENTEXT,EQ,18.29,18.3,18.0,18.16,18.14,68265,12.37,2026-09-29
CENTRALBK,EQ,30.59,30.6,29.92,30.04,30.59,6815993,2055.81,2026-09-29
CENTRUM,EQ,21.33,22.2,19.95,20.56,20.85,473508,96.8,2026-09-29
CENTUM,EQ,4530.0,4995.0,4460.2,4920.7,4571.2,480139,23344.68,2026-09-29
CENTURYPLY,EQ,679.05,683.9,655.05,665.0,679.05,515533,3437.93,2026-09-29
CERA,EQ,5196.0,5238.5,5100.0,5124.5,5196.0,6588,337.99,2026-09-29
CESC,EQ,136.11,136.59,132.5,133.87,136.18,4045341,5438.23,2026-09-29
CEWATER,EQ,259.0,261.95,250.25,259.6,258.25,57475,147.32,2026-09-29
CGCL,EQ,248.6,249.95,244.55,246.9,248.9,1745741,4311.27,2026-09-29
CGPOWER,EQ,865.0,873.0,855.0,858.05,865.0,2197467,18997.65,2026-09-29
CGVAK,EQ,151.65,151.69,143.0,148.97,151.69,769,1.16,2026-09-29
CHALET,EQ,861.5,893.95,830.2,840.75,868.95,1019411,8650.99,2026-09-29
CHAMBLFERT,EQ,417.0,417.8,411.7,413.55,418.45,665522,2764.95,2026-09-29
CHEMBOND,EQ,194.0,194.0,182.0,182.87,189.43,11920,21.99,2026-09-29
CHEMCON,EQ,221.55,222.92,211.0,213.81,220.81,42417,91.37,2026-09-29
CHEMCRUX,EQ,78.8,80.0,76.3,78.01,78.78,5752,4.5,2026-09-29
CHEMFAB,EQ,340.55,349.8,334.45,343.5,340.55,3068,10.51,2026-09-29
CHEMICAL,EQ,28.71,28.84,28.01,28.11,28.69,1022878,289.27,2026-09-29
CHEMPLASTS,EQ,195.15,199.25,191.09,192.35,195.88,198535,385.92,2026-09-29
CHENNPETRO,EQ,1413.0,1485.0,1395.5,1436.9,1408.1,2928658,42395.46,2026-09-29
CHEVIOT,EQ,1175.5,1193.9,1171.0,1176.0,1187.9,620,7.29,2026-09-29
CHOICEGOLD,EQ,143.1,145.45,143.1,145.05,145.35,5639,8.17,2026-09-29
CHOICEIN,EQ,755.5,756.95,738.5,741.15,756.9,331488,2483.98,2026-09-29
CHOLAFIN,EQ,1620.0,1644.0,1600.2,1627.3,1634.2,1489025,24250.57,2026-09-29
CHOLAHLDNG,EQ,1389.7,1402.0,1341.0,1371.8,1390.4,479726,6608.41,2026-09-29
CIEINDIA,EQ,384.8,384.8,374.8,376.45,383.35,206872,781.42,2026-09-29
CIFL,EQ,22.49,22.49,20.4,21.36,21.73,304436,65.79,2026-09-29
CINELINE,EQ,88.52,89.9,87.62,88.13,88.02,29030,25.62,2026-09-29
CINEVISTA,EQ,14.25,14.25,13.4,13.64,13.82,9908,1.35,2026-09-29
CIPLA,EQ,1390.0,1401.8,1376.2,1379.3,1383.7,1479526,20487.01,2026-09-29
CLEAN,EQ,786.0,788.8,766.0,775.75,781.7,385864,2990.8,2026-09-29
CLEANMAX,EQ,1372.0,1422.0,1345.6,1382.4,1373.1,1799568,25042.05,2026-09-29
CLEDUCATE,EQ,55.01,55.98,53.05,55.43,54.28,11735,6.4,2026-09-29
CLSEL,EQ,285.5,286.45,280.8,282.25,285.75,20941,59.36,2026-09-29
CMLL,EQ,526.0,552.05,513.65,542.9,524.8,1050819,5679.16,2026-09-29
CMPDI,EQ,204.58,214.65,203.02,213.12,204.58,2376372,5024.96,2026-09-29
CMRGREEN,EQ,221.8,232.0,218.6,227.91,221.77,1088405,2478.83,2026-09-29
CMSINFO,EQ,228.6,230.74,224.63,229.17,228.01,425261,968.98,2026-09-29
CNL,EQ,1067.2,1125.9,1049.0,1097.7,1072.7,14640,158.75,2026-09-29
COALINDIA,EQ,420.55,426.0,420.55,425.0,422.5,7457218,31632.0,2026-09-29
COASTCORP,EQ,36.95,36.95,35.3,35.55,36.18,47459,16.94,2026-09-29
COCHINSHIP,EQ,1327.6,1359.3,1290.0,1359.3,1329.0,1450465,19068.31,2026-09-29
COCKERILL,EQ,7860.0,7999.5,7681.0,7883.0,7824.5,3946,307.45,2026-09-29
COFFEEDAY,EQ,30.0,30.73,29.8,30.51,29.92,488933,147.9,2026-09-29
COFORGE,EQ,1784.0,1813.8,1722.0,1722.0,1773.0,1932111,34370.92,2026-09-29
COHANCE,EQ,452.8,469.75,449.6,457.9,453.3,1477420,6793.19,2026-09-29
COLPAL,EQ,1833.2,1836.0,1785.1,1785.1,1845.9,262461,4751.31,2026-09-29
COMFINTE,EQ,7.04,7.15,6.38,6.73,7.21,827066,56.33,2026-09-29
COMMOIETF,EQ,97.3,97.3,94.5,95.27,95.39,36019,34.27,2026-09-29
COMPEAU,EQ,383.9,383.9,349.05,369.7,353.05,1518,5.52,2026-09-29
COMPUSOFT,EQ,13.06,13.8,13.06,13.36,13.1,22196,2.98,2026-09-29
COMSYN,EQ,281.9,282.85,258.25,261.95,280.85,1255588,3419.73,2026-09-29
CONCOR,EQ,450.0,452.05,443.3,443.5,450.0,1737443,7788.27,2026-09-29
CONCORDBIO,EQ,1393.0,1435.6,1393.0,1410.7,1392.7,153198,2167.32,2026-09-29
CONFIPET,EQ,86.0,88.72,84.66,87.19,85.65,1929278,1679.98,2026-09-29
CONS,EQ,11.62,11.89,11.45,11.72,11.71,11940,1.39,2026-09-29
CONSUMAXIS,EQ,115.78,117.78,115.0,115.71,116.14,2410,2.8,2026-09-29
CONSUMBEES,EQ,128.51,128.51,124.53,125.07,125.98,66699,83.43,2026-09-29
CONSUMER,EQ,11.42,11.53,11.31,11.34,11.42,126063,14.3,2026-09-29
CONSUMIETF,EQ,120.0,120.0,115.8,116.41,117.21,11852,13.81,2026-09-29
CONTROLPR,EQ,593.0,610.0,593.0,608.5,599.2,49346,298.76,2026-09-29
CORALFINAC,EQ,31.98,32.85,31.06,32.17,31.42,28066,8.96,2026-09-29
CORDELIA,EQ,103.75,104.65,101.0,102.56,102.64,1147541,1181.12,2026-09-29
COROMANDEL,EQ,1900.0,1900.1,1772.1,1792.9,1899.1,374773,6781.17,2026-09-29
CORONA,EQ,2053.0,2108.2,2001.1,2078.4,2053.3,70858,1460.18,2026-09-29
COSMOFIRST,EQ,844.0,862.0,825.2,834.8,842.75,39721,331.38,2026-09-29
CPCAP,EQ,153.8,153.8,147.41,150.35,150.22,16103,24.09,2026-09-29
CPEDU,EQ,173.92,184.8,172.05,179.6,173.92,5458,9.82,2026-09-29
CPL,EQ,62.52,62.86,61.72,62.16,62.86,15463,9.63,2026-09-29
CPPLUS,EQ,3739.0,3841.9,3714.1,3817.6,3723.4,224859,8499.97,2026-09-29
CPSEETF,EQ,91.4,92.5,90.1,91.36,91.4,500003,455.33,2026-09-29
CRAFTSMAN,EQ,10566.0,10646.0,10405.0,10505.0,10534.0,27697,2922.18,2026-09-29
CRAMC,EQ,227.5,228.0,222.15,223.55,225.4,244217,546.28,2026-09-29
CRAVATEX,EQ,340.05,355.95,332.25,343.95,361.8,281,0.97,2026-09-29
CREATIVEYE,EQ,6.18,6.18,5.63,6.03,5.72,15364,0.89,2026-09-29
CREDITACC,EQ,1255.0,1255.6,1209.1,1216.3,1255.2,368535,4522.21,2026-09-29
CREST,EQ,361.9,361.9,355.0,356.9,359.9,768,2.73,2026-09-29
CRESTO,EQ,22.85,23.97,22.2,23.59,23.83,42943,9.92,2026-09-29
CRISIL,EQ,4640.2,4640.2,4437.1,4464.1,4650.6,36620,1654.57,2026-09-29
CRIZAC,EQ,177.0,177.0,168.0,169.08,177.14,428888,729.64,2026-09-29
CROMPTON,EQ,219.0,219.0,211.37,211.37,218.8,5902708,12658.98,2026-09-29
CROWN,EQ,115.99,118.0,113.81,115.73,113.72,18332,21.22,2026-09-29
CSBBANK,EQ,323.75,323.75,315.1,316.2,323.75,474185,1510.68,2026-09-29
CSLFINANCE,EQ,211.79,214.74,208.81,211.4,212.07,26104,55.06,2026-09-29
CSM,EQ,98.69,99.97,95.21,98.16,98.31,100639,98.36,2026-09-29
CUB,EQ,217.16,217.48,210.69,214.91,215.99,1556485,3337.52,2026-09-29
CUMMINSIND,EQ,4850.0,4875.0,4795.0,4800.0,4855.0,796818,38410.26,2026-09-29
CUPID,EQ,264.0,292.25,262.0,288.0,264.5,37060879,103690.91,2026-09-29
CYIENT,EQ,1075.0,1093.5,1044.0,1055.3,1082.3,481634,5152.26,2026-09-29
CYIENTDLM,EQ,914.0,932.0,885.45,921.15,917.95,439697,3972.43,2026-09-29
DABUR,EQ,383.85,384.45,378.0,380.4,385.75,6185956,23624.53,2026-09-29
DALBHARAT,EQ,1651.6,1664.3,1630.1,1637.4,1651.6,51490,846.67,2026-09-29
DALMIASUG,EQ,414.9,419.3,406.25,412.2,414.8,170040,701.66,2026-09-29
DAMCAPITAL,EQ,157.95,159.23,152.23,155.76,158.66,3480805,5426.84,2026-09-29
DANGEE,EQ,2.94,2.96,2.74,2.79,2.94,229714,6.41,2026-09-29
DATAMATICS,EQ,783.0,829.9,770.0,821.4,784.2,242433,1973.31,2026-09-29
DATAPATTNS,EQ,4287.0,4298.0,4190.0,4221.6,4276.8,369866,15669.68,2026-09-29
DAVANGERE,EQ,2.49,2.49,2.3,2.34,2.48,9874250,235.61,2026-09-29
DBCORP,EQ,178.0,179.88,174.72,175.73,178.55,102069,179.62,2026-09-29
DBEIL,EQ,6.67,6.75,6.37,6.54,6.54,159976,10.49,2026-09-29
DBL,EQ,406.3,412.8,400.1,410.9,406.9,103780,423.77,2026-09-29
DBOL,EQ,124.0,126.25,119.76,124.49,122.77,275265,340.94,2026-09-29
DBREALTY,EQ,96.07,98.99,95.2,97.82,96.28,865694,843.83,2026-09-29
DCAL,EQ,164.3,166.49,160.99,161.39,164.27,260096,422.41,2026-09-29
DCBBANK,EQ,206.05,206.06,201.1,202.37,207.46,977372,1983.57,2026-09-29
DCI,EQ,334.0,336.3,316.2,325.7,326.65,114901,376.64,2026-09-29
DCM,EQ,75.1,75.8,75.0,75.0,75.1,1394,1.05,2026-09-29
DCMFINSERV,EQ,5.2,5.2,4.88,4.93,5.06,11982,0.6,2026-09-29
DCMNVL,EQ,177.05,177.59,172.01,175.13,173.11,17098,29.8,2026-09-29
DCMSHRIRAM,EQ,944.0,944.0,903.0,907.8,944.6,424951,3868.33,2026-09-29
DCMSIL,EQ,81.0,81.5,75.6,77.56,78.98,82867,64.25,2026-09-29
DCMSRIND,EQ,39.05,39.76,38.21,39.34,39.01,181267,70.76,2026-09-29
DCW,EQ,47.0,47.01,45.72,45.98,46.81,1027636,474.91,2026-09-29
DCXINDIA,EQ,159.0,161.78,157.01,158.81,159.24,296344,472.08,2026-09-29
DDEVPLSTIK,EQ,252.0,253.65,241.0,248.75,252.6,96122,239.98,2026-09-29
DECCANCE,EQ,542.55,551.9,535.0,540.1,542.55,9821,53.05,2026-09-29
DECNGOLD,EQ,205.65,206.98,200.0,201.41,205.1,1086490,2202.43,2026-09-29
DEEDEV,EQ,653.9,663.9,645.8,653.5,655.5,127706,834.47,2026-09-29
DEEPA,EQ,198.9,203.35,185.25,188.89,202.54,4117606,8017.91,2026-09-29
DEEPAKFERT,EQ,1349.0,1349.2,1296.0,1308.9,1350.5,171551,2273.07,2026-09-29
DEEPAKNTR,EQ,1552.8,1555.0,1512.3,1529.0,1550.8,187781,2877.95,2026-09-29
DEEPINDS,EQ,768.0,794.9,760.05,782.5,768.0,277380,2161.09,2026-09-29
DEFENCE,EQ,76.96,77.44,76.11,76.93,76.95,168380,129.26,2026-09-29
DELHIVERY,EQ,409.0,418.3,405.25,417.4,407.5,5622866,23332.93,2026-09-29
DELTACORP,EQ,72.45,81.56,71.02,78.69,72.2,12538926,9548.88,2026-09-29
DELTAMAGNT,EQ,57.98,58.6,55.35,57.07,55.87,2389,1.38,2026-09-29
DEN,EQ,25.75,26.4,25.52,25.91,26.0,205763,53.22,2026-09-29
DENORA,EQ,748.0,752.6,717.6,741.35,738.0,9296,68.62,2026-09-29
DENTA,EQ,268.7,273.95,264.0,266.6,267.7,60442,161.8,2026-09-29
DEVIT,EQ,21.99,22.0,21.21,21.59,22.16,28270,6.12,2026-09-29
DEVX,EQ,36.31,36.31,35.59,36.12,36.13,23115,8.32,2026-09-29
DEVYANI,EQ,131.0,133.3,126.56,130.72,131.09,2134376,2779.4,2026-09-29
DGCONTENT,EQ,24.4,25.95,23.23,25.24,23.37,126064,31.06,2026-09-29
DHAMPURSUG,EQ,172.88,173.49,168.51,171.8,172.42,382799,656.82,2026-09-29
DHANBANK,EQ,28.0,28.9,27.79,28.37,28.23,268647,75.71,2026-09-29
DHANUKA,EQ,950.0,962.5,922.0,930.55,954.4,26244,246.88,2026-09-29
DHARMAJ,EQ,289.85,290.7,274.0,278.75,291.05,78435,219.7,2026-09-29
DHATRE,EQ,3.91,4.09,3.9,3.97,3.96,59326,2.36,2026-09-29
DHOOTTRANS,EQ,1508.9,1524.9,1477.7,1504.6,1504.2,617575,9296.56,2026-09-29
DHRUV,EQ,20.9,20.9,20.33,20.89,21.4,12631,2.59,2026-09-29
DHUNINV,EQ,970.0,991.0,951.0,972.35,968.5,256,2.49,2026-09-29
DIAMINESQ,EQ,236.59,244.0,236.15,239.88,240.18,1394,3.34,2026-09-29
DIAMONDYD,EQ,1069.3,1069.3,1037.7,1051.1,1066.2,28880,303.2,2026-09-29
DICIND,EQ,626.65,647.65,612.05,619.95,637.15,1907,11.89,2026-09-29
DIFFNKG,EQ,447.15,450.6,428.5,448.15,444.15,128120,564.98,2026-09-29
DIGIDRIVE,EQ,17.99,18.2,17.6,17.81,17.75,28906,5.14,2026-09-29
DIGISPICE,EQ,15.79,15.79,14.95,15.35,15.68,169468,25.71,2026-09-29
DIGITIDE,EQ,76.55,77.06,74.8,75.12,76.55,268468,203.42,2026-09-29
DISAQ,EQ,11802.0,12150.0,11720.0,11804.0,11972.0,281,33.34,2026-09-29
DISHTV,EQ,2.24,2.24,2.15,2.15,2.26,2598068,56.06,2026-09-29
DIVGIITTS,EQ,1220.0,1249.0,1200.0,1212.9,1218.6,143797,1759.12,2026-09-29
DIVIDEND,EQ,34.31,34.31,33.88,33.99,34.35,10827,3.68,2026-09-29
DIVISLAB,EQ,9562.0,9610.5,9431.0,9431.0,9550.0,652089,61990.43,2026-09-29
DIVOPPBEES,EQ,74.9,74.9,72.21,72.76,73.6,87944,63.86,2026-09-29
DIXON,EQ,13640.0,13686.0,13250.0,13250.0,13640.0,305508,41428.81,2026-09-29
DJML,EQ,70.63,72.79,70.2,71.62,71.35,40710,29.08,2026-09-29
DLF,EQ,660.5,675.0,653.0,653.0,663.55,4736174,31423.93,2026-09-29
DLINKINDIA,EQ,416.95,418.0,403.0,414.2,418.45,82273,339.06,2026-09-29
DMART,EQ,3803.5,3849.0,3746.2,3750.0,3803.5,656759,24926.52,2026-09-29
DMCC,EQ,305.45,319.9,300.0,314.45,302.8,263536,825.08,2026-09-29
DNAMEDIA,EQ,2.53,2.53,2.32,2.41,2.47,36350,0.89,2026-09-29
DODLA,EQ,1000.3,1020.3,993.4,1011.1,1008.7,21646,218.04,2026-09-29
DOLATALGO,EQ,66.9,66.9,64.71,65.51,65.79,69225,45.27,2026-09-29
DOLLAR,EQ,265.5,282.95,265.5,280.25,269.5,218402,605.68,2026-09-29
DOLLEX,EQ,37.6,39.55,35.9,38.9,36.1,80171,30.34,2026-09-29
DOLPHIN,EQ,659.9,669.45,641.3,650.75,648.0,41024,268.98,2026-09-29
DOMS,EQ,2040.2,2083.0,2020.0,2052.4,2046.5,56107,1148.56,2026-09-29
DONEAR,EQ,81.75,81.77,81.0,81.12,81.58,9832,8.0,2026-09-29
DPABHUSHAN,EQ,1384.0,1665.8,1376.4,1665.8,1388.2,975157,15414.22,2026-09-29
DRAGARWQ,EQ,5219.0,5219.0,5075.0,5129.5,5186.5,2216,113.44,2026-09-29
DRCSYSTEMS,EQ,12.52,12.75,12.25,12.31,12.52,27456,3.42,2026-09-29
DREAMFOLKS,EQ,62.23,62.59,61.3,61.91,62.03,29459,18.23,2026-09-29
DREDGECORP,EQ,941.0,952.0,925.1,932.9,941.4,86237,810.77,2026-09-29
DRREDDY,EQ,1243.2,1252.8,1229.0,1251.9,1221.0,5347128,66440.3,2026-09-29
DSFCL,EQ,30.51,30.98,28.98,29.1,30.5,97473,28.9,2026-09-29
DSSL,EQ,1023.9,1024.1,986.0,993.0,1011.3,27471,274.0,2026-09-29
DUCON,EQ,1.42,1.46,1.42,1.42,1.49,3114371,44.23,2026-09-29
DVL,EQ,282.1,289.0,276.45,287.65,281.9,15774,44.45,2026-09-29
DWARKESH,EQ,43.19,43.89,42.65,43.33,43.37,1233809,534.49,2026-09-29
DYCL,EQ,434.4,438.5,420.8,433.9,435.15,478495,2056.71,2026-09-29
DYNAMATECH,EQ,13049.0,13149.0,12723.0,13065.0,13139.0,34803,4510.79,2026-09-29
DYNPRO,EQ,224.01,228.87,221.71,222.6,224.7,17051,38.16,2026-09-29
EASEMYTRIP,EQ,5.96,5.96,5.85,5.88,5.97,7428490,437.12,2026-09-29
EASTWEST,EQ,2.25,2.32,2.25,2.27,2.29,34964,0.8,2026-09-29
EBANK10,EQ,15.93,16.08,15.63,16.04,15.98,1713,0.27,2026-09-29
EBANKNIFTY,EQ,54.53,55.63,54.48,54.94,55.18,2170,1.19,2026-09-29
EBBETF0430,EQ,1600.69,1612.9,1577.34,1607.4,1609.53,7638,122.7,2026-09-29
EBBETF0431,EQ,1423.5,1434.0,1423.22,1425.71,1425.38,5894,84.06,2026-09-29
EBBETF0433,EQ,1298.0,1299.32,1286.29,1298.53,1299.14,7062,91.4,2026-09-29
EBGNG,EQ,672.05,690.95,666.1,674.8,672.15,544371,3700.14,2026-09-29
ECAPINSURE,EQ,22.9,22.95,22.45,22.58,22.9,161207,36.48,2026-09-29
ECLERX,EQ,1818.0,1829.9,1762.0,1769.7,1816.2,175169,3130.87,2026-09-29
ECORECO,EQ,403.6,405.0,386.0,403.3,404.8,25903,102.37,2026-09-29
ECOSMOBLTY,EQ,107.3,107.3,104.1,105.07,106.36,47947,50.47,2026-09-29
EDELWEISS,EQ,135.0,138.43,132.71,137.77,135.45,4623007,6298.85,2026-09-29
EFCIL,EQ,174.05,176.41,173.65,174.28,175.24,128858,225.03,2026-09-29
EGOLD,EQ,146.85,146.85,145.05,145.85,146.55,54421,79.39,2026-09-29
EICHERMOT,EQ,7213.5,7268.0,7164.5,7179.0,7213.5,596560,42972.45,2026-09-29
EIDPARRY,EQ,708.5,708.5,690.05,696.25,706.45,275246,1920.21,2026-09-29
EIEL,EQ,192.68,193.35,188.6,191.48,193.0,453947,867.42,2026-09-29
EIHAHOTELS,EQ,289.0,294.35,286.0,292.35,290.0,11583,33.63,2026-09-29
EIHOTEL,EQ,298.0,309.0,294.7,301.85,295.1,2110585,6411.76,2026-09-29
EIMCOELECO,EQ,2265.6,2304.2,2239.4,2278.3,2268.9,15830,358.41,2026-09-29
EKC,EQ,107.35,108.96,104.81,107.74,107.03,219635,234.36,2026-09-29
EKI,EQ,92.7,100.26,83.3,98.57,91.15,318373,302.94,2026-09-29
ELANTAS,EQ,13720.0,13839.0,13403.0,13649.0,13819.0,1687,229.34,2026-09-29
ELCIDIN,EQ,103500.0,103500.0,101500.0,102665.0,103500.0,6,6.18,2026-09-29
ELDEHSG,EQ,768.1,768.1,747.0,751.75,756.6,277,2.1,2026-09-29
ELECON,EQ,477.85,487.5,468.0,480.4,480.75,1322812,6328.08,2026-09-29
ELECTCAST,EQ,72.94,79.0,71.15,76.53,72.35,26225369,20079.41,2026-09-29
ELECTHERM,EQ,806.6,806.65,775.0,778.35,806.65,11981,94.25,2026-09-29
ELGIEQUIP,EQ,598.95,605.8,591.35,594.85,598.85,241659,1445.29,2026-09-29
ELGIRUBCO,EQ,53.02,53.51,51.5,52.9,52.25,30247,15.88,2026-09-29
ELIN,EQ,86.62,86.98,85.21,86.65,87.29,57766,49.82,2026-09-29
ELIQUID,EQ,1049.69,1049.71,1049.69,1049.7,1049.55,77793,816.59,2026-09-29
ELITECON,EQ,8.84,8.84,8.2,8.2,8.63,3594963,297.88,2026-09-29
ELLEN,EQ,394.95,394.95,358.65,369.35,359.05,7447433,27713.74,2026-09-29
ELM250,EQ,15.96,15.99,15.52,15.7,15.86,103427,16.38,2026-09-29
ELMDIV,EQ,34.93,34.93,34.93,34.93,34.76,9,0.0,2026-09-29
ELPROINTL,EQ,172.54,172.88,169.81,170.47,172.52,23149,39.75,2026-09-29
EMAMILTD,EQ,388.6,388.6,376.75,381.05,388.75,2619527,10050.24,2026-09-29
EMAMIREAL,EQ,68.2,68.2,66.2,66.94,67.14,2736,1.82,2026-09-29
EMBDL,EQ,56.03,56.64,55.05,56.33,56.03,1237266,690.41,2026-09-29
EMCURE,EQ,1922.1,1987.1,1912.0,1959.1,1927.8,330808,6460.0,2026-09-29
EMETAL,EQ,12.88,13.04,12.75,12.76,12.93,2041,0.26,2026-09-29
EMIL,EQ,193.0,198.0,189.8,191.71,192.89,2513420,4878.43,2026-09-29
EMKAY,EQ,290.0,295.05,281.0,282.6,288.7,139872,403.41,2026-09-29
EMMVEE,EQ,314.05,319.0,312.45,314.55,315.55,1669860,5264.1,2026-09-29
EMPIND,EQ,1032.1,1053.8,1032.1,1046.2,1041.4,631,6.57,2026-09-29
EMPOWER,EQ,1.7,1.7,1.7,1.7,1.78,3592503,61.07,2026-09-29
EMSLIMITED,EQ,340.0,342.5,334.6,337.5,342.55,106018,358.47,2026-09-29
EMUDHRA,EQ,650.2,651.0,621.1,627.15,649.25,487802,3107.53,2026-09-29
EMULTIMQ,EQ,40.98,40.98,40.05,40.45,40.53,13091,5.29,2026-09-29
ENDURANCE,EQ,2699.0,2714.2,2637.0,2654.8,2700.4,68032,1824.85,2026-09-29
ENERGY,EQ,37.0,37.37,36.56,36.95,37.0,189506,69.77,2026-09-29
ENERGYAXIS,EQ,18.33,18.77,18.04,18.43,18.41,33344,6.15,2026-09-29
ENERGYDEV,EQ,14.6,14.9,14.59,14.6,14.83,17191,2.53,2026-09-29
ENEXT50,EQ,70.19,71.09,67.64,67.91,70.4,3943,2.72,2026-09-29
ENGINERSIN,EQ,310.1,316.8,304.75,310.2,313.9,4987436,15510.66,2026-09-29
ENIFTY,EQ,23.64,25.33,22.63,24.03,23.07,5844,1.37,2026-09-29
ENIL,EQ,98.74,98.74,95.12,95.33,96.01,9925,9.53,2026-09-29
ENKEIWHEL,EQ,385.05,400.95,385.0,397.8,392.85,1147,4.48,2026-09-29
ENRIN,EQ,3189.5,3246.0,3164.1,3199.0,3189.0,346891,11119.84,2026-09-29
ENTERO,EQ,1780.0,1797.8,1745.8,1764.9,1790.1,120363,2138.41,2026-09-29
EPACK,EQ,179.65,179.65,174.01,177.93,178.23,253210,447.71,2026-09-29
EPACKPEB,EQ,241.74,249.43,238.41,243.32,241.74,456672,1118.27,2026-09-29
EPIGRAL,EQ,1045.0,1052.4,1013.1,1018.1,1038.0,35053,359.08,2026-09-29
EPL,EQ,236.35,236.35,231.1,233.05,235.0,655107,1526.58,2026-09-29
EQUAL200,EQ,13.12,13.19,13.04,13.13,13.23,33768,4.43,2026-09-29
EQUAL50,EQ,313.52,315.6,313.18,314.93,316.38,3465,10.9,2026-09-29
EQUAL50ADD,EQ,327.01,327.01,322.0,325.79,327.0,59385,192.74,2026-09-29
EQUITASBNK,EQ,66.08,67.79,65.5,67.07,66.02,2421082,1621.56,2026-09-29
ERIS,EQ,1231.0,1293.0,1180.1,1219.3,1236.3,859869,10537.24,2026-09-29
ESABINDIA,EQ,5530.0,5546.0,5447.0,5510.0,5518.5,2344,128.85,2026-09-29
ESCORTS,EQ,2740.7,2761.8,2701.0,2706.2,2740.7,40955,1116.89,2026-09-29
ESDS,EQ,1588.9,1588.9,1588.9,1588.9,1672.5,21769,345.89,2026-09-29
ESENSEX,EQ,74.38,74.41,72.98,74.4,73.54,1110,0.81,2026-09-29
ESG,EQ,39.0,39.0,38.73,38.87,39.1,8601,3.34,2026-09-29
ESILVER,EQ,220.0,220.13,217.96,218.25,220.84,48279,105.52,2026-09-29
ESSARSHPNG,EQ,16.21,18.0,15.7,16.95,15.63,710896,118.24,2026-09-29
ESSENTIA,EQ,1.01,1.02,1.0,1.0,1.01,1958147,19.77,2026-09-29
ESTER,EQ,85.13,85.82,83.0,84.55,85.23,44511,37.44,2026-09-29
ETERNAL,EQ,333.0,333.0,323.65,327.85,330.95,30822496,100840.1,2026-09-29
ETHOSLTD,EQ,2502.0,2516.8,2410.4,2489.8,2518.2,138768,3416.61,2026-09-29
EUREKAFORB,EQ,358.4,365.8,350.0,362.95,361.3,561407,2006.43,2026-09-29
EUROBOND,EQ,149.0,149.0,145.05,147.12,149.93,1612,2.36,2026-09-29
EUROPRATIK,EQ,206.4,206.45,198.55,202.05,206.4,257897,520.03,2026-09-29
EUROTEXIND,EQ,13.1,14.1,12.5,13.0,12.92,2224,0.3,2026-09-29
EVEREADY,EQ,319.95,324.3,315.85,318.9,321.75,45033,144.01,2026-09-29
EVIETF,EQ,31.49,31.49,30.5,30.73,30.95,168058,51.63,2026-09-29
EVINDIA,EQ,31.6,31.6,30.55,30.69,30.98,214872,66.03,2026-09-29
EXCELINDUS,EQ,942.8,942.8,917.1,924.8,942.8,23883,222.41,2026-09-29
EXCELSOFT,EQ,85.0,85.0,82.05,83.39,84.13,798928,665.73,2026-09-29
EXICOM,EQ,156.4,157.0,150.22,152.97,156.07,645786,985.2,2026-09-29
EXIDEIND,EQ,411.0,414.5,403.15,407.0,411.75,2034310,8297.66,2026-09-29
EXPLEOSOL,EQ,868.1,869.85,855.5,858.3,870.35,8798,75.73,2026-09-29
EXXARO,EQ,6.16,6.17,6.01,6.09,6.15,172278,10.48,2026-09-29
FABTECH,EQ,144.0,148.4,142.61,147.47,144.26,61853,90.13,2026-09-29
FACT,EQ,760.65,781.9,740.1,757.2,767.5,710398,5386.84,2026-09-29
FAZE3Q,EQ,427.25,429.75,418.0,422.2,427.25,9297,39.47,2026-09-29
FCL,EQ,57.39,58.42,55.55,57.94,57.4,19042160,10893.43,2026-09-29
FCSSOFT,EQ,1.38,1.43,1.37,1.39,1.4,2848817,39.39,2026-09-29
FDC,EQ,341.3,351.9,340.15,350.1,343.6,111778,387.2,2026-09-29
FEDDERSHOL,EQ,62.97,64.08,59.11,60.69,61.89,3808343,2355.95,2026-09-29
FEDERALBNK,EQ,325.65,326.85,320.2,320.2,325.0,9570469,30928.05,2026-09-29
FEDFINA,EQ,150.1,150.46,147.33,148.86,150.72,1080152,1610.4,2026-09-29
FERMENTA,EQ,501.0,575.1,496.4,551.35,479.3,3374367,18530.97,2026-09-29
FIBERWEB,EQ,26.4,27.46,26.03,26.79,26.4,12963,3.41,2026-09-29
FIEMIND,EQ,1926.0,1939.7,1901.3,1921.1,1926.0,36157,694.16,2026-09-29
FILATEX,EQ,111.48,113.94,109.21,112.0,110.75,4756161,5331.76,2026-09-29
FILATFASH,EQ,0.19,0.19,0.18,0.18,0.18,16791914,30.65,2026-09-29
FINCABLES,EQ,1408.1,1459.8,1396.4,1435.5,1408.1,769597,11049.01,2026-09-29
FINEORG,EQ,5090.0,5162.0,5070.0,5140.0,5124.0,11866,608.44,2026-09-29
FINIETF,EQ,31.0,31.0,30.1,30.42,30.56,471231,142.73,2026-09-29
FINKURVE,EQ,69.48,73.02,68.8,69.37,69.32,49299,34.71,2026-09-29
FINOPB,EQ,127.65,130.05,125.05,129.23,127.23,175313,224.07,2026-09-29
FINPIPE,EQ,151.0,152.2,149.65,151.15,151.61,414515,626.48,2026-09-29
FIRSTCRY,EQ,184.72,190.0,178.78,184.37,184.72,8233520,15266.31,2026-09-29
FISCHER,EQ,34.9,35.5,32.85,33.68,34.08,1344456,457.27,2026-09-29
FIVESTAR,EQ,517.05,517.5,491.0,497.25,518.35,1439331,7217.47,2026-09-29
FLAIR,EQ,234.46,237.95,230.0,230.38,235.06,105035,243.94,2026-09-29
FLEXIADD,EQ,9.84,9.84,9.38,9.45,9.6,1273684,121.8,2026-09-29
FLUOROCHEM,EQ,4443.7,4472.3,4360.0,4406.2,4443.7,57702,2542.9,2026-09-29
FMCGADD,EQ,45.67,45.88,45.06,45.19,45.67,16005,7.23,2026-09-29
FMCGIETF,EQ,48.76,49.05,48.16,48.35,48.76,1556607,752.46,2026-09-29
FMGOETZE,EQ,458.65,462.2,452.55,460.1,458.65,99572,456.17,2026-09-29
FMNL,EQ,8.05,8.17,7.61,7.97,7.94,68724,5.45,2026-09-29
FOODSIN,EQ,52.83,53.24,50.5,51.46,52.83,105082,54.7,2026-09-29
FORCEMOT,EQ,17100.0,17146.0,16761.0,16905.0,17100.0,82027,13896.92,2026-09-29
FORTIS,EQ,833.0,838.05,815.2,822.0,830.75,2532368,20825.21,2026-09-29
FOSECOIND,EQ,6298.0,6400.0,6210.5,6335.0,6298.0,9967,629.5,2026-09-29
FRACTAL,EQ,742.45,759.7,740.25,753.15,742.1,1079289,8108.9,2026-09-29
FREDUN,EQ,1393.8,1424.9,1295.0,1392.4,1387.0,91403,1285.44,2026-09-29
FRONTSP,EQ,1431.0,1431.0,1339.0,1394.1,1447.0,52600,728.75,2026-09-29
FSL,EQ,256.0,257.0,248.0,248.9,256.0,406764,1020.96,2026-09-29
FUSION,EQ,170.71,176.58,168.35,173.3,171.93,1397767,2417.8,2026-09-29
GABRIEL,EQ,1355.0,1355.1,1294.0,1303.9,1349.2,218766,2884.12,2026-09-29
GAEL,EQ,158.93,163.14,157.15,161.75,160.47,452046,725.46,2026-09-29
GAIL,EQ,172.34,173.26,168.43,170.04,172.45,12119087,20739.03,2026-09-29
GAJA,EQ,141.3,142.79,139.4,140.42,140.93,304080,428.46,2026-09-29
GALAPREC,EQ,1140.0,1190.9,1119.6,1157.7,1140.2,60527,705.15,2026-09-29
GALAXYSURF,EQ,2191.0,2325.0,2188.9,2301.2,2190.7,34404,778.2,2026-09-29
GALLANTT,EQ,540.9,547.0,527.55,539.1,536.55,53198,286.7,2026-09-29
GANDHAR,EQ,261.9,274.55,258.0,273.55,262.05,691116,1855.27,2026-09-29
GANDHITUBE,EQ,948.0,988.65,937.1,966.55,952.5,23674,228.55,2026-09-29
GANECOS,EQ,1011.0,1030.0,1000.0,1010.6,1019.2,45421,460.62,2026-09-29
GANESHCP,EQ,158.01,158.99,152.0,153.08,156.36,110782,170.48,2026-09-29
GANESHHOU,EQ,720.65,724.95,702.35,706.65,718.55,28836,204.19,2026-09-29
GANGAFORGE,EQ,1.35,1.47,1.35,1.47,1.4,1779126,25.81,2026-09-29
GARFIBRES,EQ,775.45,777.4,750.0,753.85,772.85,26654,203.69,2026-09-29
GARUDA,EQ,178.8,178.8,174.07,176.56,178.81,301597,532.5,2026-09-29
GATEWAY,EQ,51.71,52.35,51.42,51.57,51.88,709691,367.96,2026-09-29
GAUDIUMIVF,EQ,111.5,115.5,111.5,113.9,112.2,223577,254.15,2026-09-29
GAYAHWS,EQ,1.84,1.85,1.75,1.84,1.84,120182,2.18,2026-09-29
GAYAPROJ,EQ,22.23,22.89,21.51,22.44,21.96,541787,119.37,2026-09-29
GCSL,EQ,667.5,671.0,657.7,666.25,667.35,378027,2505.48,2026-09-29
GEEKAYWIRE,EQ,31.51,32.11,30.31,30.5,31.87,190025,58.67,2026-09-29
GEMAROMA,EQ,156.0,158.88,153.08,157.76,156.62,46771,73.16,2026-09-29
GENCON,EQ,38.0,38.21,36.5,37.12,37.75,364800,135.97,2026-09-29
GENESYS,EQ,282.13,282.4,275.0,277.68,282.13,211324,589.07,2026-09-29
GENUSPAPER,EQ,10.11,11.4,9.25,10.25,10.11,353410,35.74,2026-09-29
GENUSPOWER,EQ,294.0,301.0,290.0,293.65,294.05,2057886,6087.76,2026-09-29
GEOJITFSL,EQ,77.22,79.28,76.16,76.76,78.3,378266,292.46,2026-09-29
GESHIP,EQ,1533.4,1582.0,1526.1,1537.8,1533.4,2264928,35250.67,2026-09-29
GFLLIMITED,EQ,56.99,57.0,54.0,55.7,55.99,55498,30.57,2026-09-29
GHCL,EQ,410.5,410.5,396.0,404.55,410.6,600220,2409.9,2026-09-29
GHCLTEXTIL,EQ,135.6,135.65,128.16,132.27,134.83,524448,692.76,2026-09-29
GICHSGFIN,EQ,136.0,136.6,132.63,133.71,135.72,116666,155.92,2026-09-29
GICRE,EQ,329.2,329.75,319.0,320.25,329.3,691287,2229.14,2026-09-29
GILLANDERS,EQ,114.0,114.0,106.17,110.75,107.38,17774,19.51,2026-09-29
GILLETTE,EQ,6930.0,7020.0,6870.0,6963.5,6925.5,30311,2101.11,2026-09-29
GILT10BETA,EQ,26.65,27.17,25.5,26.06,26.52,234,0.06,2026-09-29
GILT5BETA,EQ,66.12,66.44,65.61,65.62,66.14,1637,1.08,2026-09-29
GILT5YBEES,EQ,67.34,67.34,65.49,65.79,65.7,162764,107.04,2026-09-29
GIPCL,EQ,183.0,184.94,179.17,181.56,182.22,251494,456.28,2026-09-29
GKB,EQ,65.37,67.0,65.0,65.93,65.37,4600,3.05,2026-09-29
GKENERGY,EQ,120.99,121.81,118.99,119.4,121.87,444548,532.97,2026-09-29
GKSL,EQ,175.4,178.0,172.11,175.89,174.83,627188,1099.68,2026-09-29
GKWLIMITED,EQ,1525.1,1550.0,1501.8,1542.0,1531.7,404,6.18,2026-09-29
GLAND,EQ,2896.6,3024.0,2896.6,2989.7,2896.0,876878,26202.01,2026-09-29
GLASSWALL,EQ,271.0,297.0,264.15,286.55,270.32,11915458,33227.3,2026-09-29
GLAXO,EQ,2888.0,2899.9,2770.6,2783.8,2896.4,49829,1408.48,2026-09-29
GLENMARK,EQ,2330.4,2441.5,2292.0,2441.5,2325.7,1277155,30070.93,2026-09-29
GLFL,EQ,5.25,5.27,5.25,5.27,5.02,30420,1.6,2026-09-29
GLOBAL,EQ,134.4,135.03,132.1,133.01,133.61,79535,106.07,2026-09-29
GLOBALE,EQ,10.27,11.32,10.27,10.64,10.8,5574,0.61,2026-09-29
GLOBALVECT,EQ,136.25,136.25,129.0,131.98,135.44,4033,5.31,2026-09-29
GLOBE,EQ,2.2,2.2,2.12,2.14,2.2,601492,13.06,2026-09-29
GLOBECIVIL,EQ,43.5,43.75,41.66,42.06,43.3,26879,11.36,2026-09-29
GLOBUSSPR,EQ,820.0,820.05,801.1,804.8,819.15,69920,565.5,2026-09-29
GLOSTERLTD,EQ,559.9,559.9,536.2,539.25,545.5,1121,6.08,2026-09-29
GLOTTIS,EQ,62.44,62.44,59.11,61.02,62.44,48803,29.65,2026-09-29
GMBREW,EQ,966.45,981.0,953.15,962.95,966.6,36309,349.9,2026-09-29
GMDCLTD,EQ,521.0,521.8,510.05,513.2,522.25,728657,3755.48,2026-09-29
GMMPFAUDLR,EQ,1475.4,1505.7,1455.0,1477.1,1480.1,478619,7077.15,2026-09-29
GMRAIRPORT,EQ,94.1,94.74,93.5,93.75,94.75,10060323,9463.41,2026-09-29
GMRP&UI,EQ,101.8,102.0,99.4,100.72,101.9,1380706,1392.49,2026-09-29
GNA,EQ,597.0,600.0,575.4,593.75,594.7,499013,2935.74,2026-09-29
GNFC,EQ,619.0,627.55,609.85,611.5,620.65,588636,3640.59,2026-09-29
GNRL,EQ,99.12,99.12,96.9,98.16,98.46,76012,74.43,2026-09-29
GOACARBON,EQ,407.85,409.85,396.55,408.85,405.75,14749,59.7,2026-09-29
GOCLCORP,EQ,381.05,381.05,359.75,363.65,379.0,220064,802.82,2026-09-29
GOCOLORS,EQ,305.7,312.7,301.0,304.3,304.8,74604,229.2,2026-09-29
GODAVARIB,EQ,227.78,237.79,226.01,236.48,229.45,60955,141.01,2026-09-29
GODFRYPHLP,EQ,1941.9,1944.2,1862.0,1862.0,1931.5,297806,5653.55,2026-09-29
GODIGIT,EQ,263.1,263.1,251.8,253.2,263.25,3238407,8225.19,2026-09-29
GODREJAGRO,EQ,640.1,643.15,626.7,631.7,642.5,96669,614.78,2026-09-29
GODREJCP,EQ,868.0,870.0,850.0,855.0,868.0,1360604,11650.47,2026-09-29
GODREJIND,EQ,1070.9,1074.8,1051.0,1055.7,1076.1,40543,430.74,2026-09-29
GODREJPROP,EQ,1666.0,1671.3,1634.4,1634.4,1669.8,410924,6772.26,2026-09-29
GOKEX,EQ,666.0,687.55,666.0,678.55,671.85,506154,3431.34,2026-09-29
GOKUL,EQ,39.28,40.45,38.87,39.41,39.47,162016,64.25,2026-09-29
GOKULAGRO,EQ,216.16,217.98,212.32,215.23,216.16,284570,612.78,2026-09-29
GOLD1,EQ,122.12,122.25,121.0,121.78,122.16,1778304,2165.01,2026-09-29
GOLD360,EQ,143.35,143.35,141.5,142.05,142.95,11095,15.77,2026-09-29
GOLDADD,EQ,14.27,14.3,14.08,14.16,14.24,7563524,1069.89,2026-09-29
GOLDAXIS,EQ,121.67,121.79,120.46,121.37,121.46,2222190,2697.34,2026-09-29
GOLDBEES,EQ,120.93,121.09,119.8,120.64,121.17,28612025,34501.39,2026-09-29
GOLDBETA,EQ,123.5,123.5,122.0,123.0,123.65,659494,810.27,2026-09-29
GOLDBND,EQ,146.98,146.98,145.0,146.11,146.43,37455,54.68,2026-09-29
GOLDCASE,EQ,23.03,23.12,22.82,22.97,23.08,11868737,2726.69,2026-09-29
GOLDETF,EQ,142.12,143.63,141.12,142.06,143.02,1407805,1999.1,2026-09-29
GOLDIAM,EQ,312.6,330.9,310.0,322.85,312.6,931591,3004.55,2026-09-29
GOLDIETF,EQ,125.27,125.47,124.08,124.94,125.45,5511528,6888.76,2026-09-29
GOODLUCK,EQ,522.75,533.0,513.6,528.6,522.0,328494,1715.05,2026-09-29
GOODYEAR,EQ,700.0,714.7,697.55,702.55,704.05,3148,22.17,2026-09-29
GOPAL,EQ,255.45,255.45,247.6,253.0,254.8,79078,198.89,2026-09-29
GOYALALUM,EQ,6.04,6.04,5.8,5.88,5.97,59801,3.55,2026-09-29
GPIL,EQ,225.6,225.6,220.1,221.35,225.46,1239698,2765.62,2026-09-29
GPPL,EQ,159.6,161.46,157.66,160.54,159.88,1153476,1842.96,2026-09-29
GPTHEALTH,EQ,156.1,157.2,153.11,153.8,156.1,47460,73.59,2026-09-29
GPTINFRA,EQ,116.27,117.69,113.94,115.72,116.27,228789,265.36,2026-09-29
GRANDOAK,EQ,34.1,35.8,34.0,35.72,34.1,4390,1.55,2026-09-29
GRANULES,EQ,850.0,876.95,847.0,866.75,851.4,1132457,9804.06,2026-09-29
GRAPHITE,EQ,791.2,805.45,778.8,801.55,799.0,1043628,8280.07,2026-09-29
GRASIM,EQ,3149.2,3151.5,3089.0,3100.0,3150.0,1153762,35928.31,2026-09-29
GRAUWEIL,EQ,83.1,84.78,82.26,82.78,83.96,349190,290.3,2026-09-29
GRAVITA,EQ,1470.0,1488.1,1441.1,1446.9,1475.4,218555,3190.48,2026-09-29
GREAVESCOT,EQ,230.7,238.3,228.87,234.99,230.4,2928868,6856.65,2026-09-29
GREENLAM,EQ,218.8,218.8,210.95,214.3,217.51,69454,148.87,2026-09-29
GREENPANEL,EQ,159.0,160.86,155.5,159.05,159.21,154127,244.32,2026-09-29
GREENPLY,EQ,279.9,284.8,272.45,280.25,279.75,238151,663.32,2026-09-29
GREENPOWER,EQ,8.68,8.9,8.58,8.85,8.81,2035250,178.0,2026-09-29
GRINDWELL,EQ,1908.6,1930.9,1901.2,1916.7,1918.2,21270,407.91,2026-09-29
GRINFRA,EQ,799.3,820.0,789.15,816.25,799.3,16367,131.43,2026-09-29
GRMOVER,EQ,80.0,80.0,78.11,78.76,80.01,812391,640.72,2026-09-29
GROBTEA,EQ,919.0,919.0,882.4,899.0,919.1,54,0.48,2026-09-29
GROWW,EQ,183.39,185.39,179.35,183.52,183.39,26593111,48365.05,2026-09-29
GROWWCAPM,EQ,11.09,11.09,10.69,10.79,10.87,336145,36.34,2026-09-29
GROWWCHEM,EQ,29.04,29.28,28.29,28.5,28.74,44109,12.59,2026-09-29
GROWWDEFNC,EQ,92.4,96.0,90.84,93.06,92.4,171105,157.06,2026-09-29
GROWWEV,EQ,30.95,31.02,30.15,30.28,30.94,241395,73.79,2026-09-29
GROWWGOLD,EQ,14.29,14.34,14.16,14.25,14.33,1509304,215.1,2026-09-29
GROWWHOSPI,EQ,51.31,51.56,50.32,50.48,51.06,166419,84.21,2026-09-29
GROWWLIQID,EQ,110.94,110.95,110.94,110.94,110.92,281604,312.42,2026-09-29
GROWWLOVOL,EQ,10.0,10.16,9.85,9.89,10.0,14447,1.44,2026-09-29
GROWWMC150,EQ,220.93,225.48,216.1,222.58,222.81,436,0.96,2026-09-29
GROWWMETAL,EQ,12.05,12.5,12.05,12.26,12.25,168540,20.6,2026-09-29
GROWWMOM50,EQ,10.74,10.74,10.5,10.6,10.63,131746,13.93,2026-09-29
GROWWN200,EQ,10.79,10.99,10.57,10.61,10.82,60712,6.47,2026-09-29
GROWWNET,EQ,10.0,10.34,9.89,10.21,10.15,945445,95.56,2026-09-29
GROWWNIFTY,EQ,9.39,9.39,9.15,9.25,9.24,861131,79.24,2026-09-29
GROWWNXT50,EQ,70.68,70.7,69.75,70.4,70.83,5506,3.87,2026-09-29
GROWWPOWER,EQ,10.85,11.01,10.7,10.9,10.84,1594097,172.3,2026-09-29
GROWWPSE,EQ,96.48,96.48,93.37,95.16,95.15,3070,2.9,2026-09-29
GROWWPSUBK,EQ,82.28,82.89,79.43,80.87,81.4,3090,2.48,2026-09-29
GROWWRAIL,EQ,26.02,26.45,25.9,26.23,26.33,748444,195.38,2026-09-29
GROWWRLTY,EQ,9.54,9.8,9.31,9.36,9.57,161501,15.26,2026-09-29
GROWWSC250,EQ,10.12,10.43,10.12,10.3,10.32,99403,10.21,2026-09-29
GROWWSLVR,EQ,21.59,21.66,21.36,21.44,21.56,1330369,285.41,2026-09-29
GRPLTD,EQ,1949.2,1952.0,1890.0,1899.4,1950.4,2313,44.12,2026-09-29
GRSE,EQ,2234.0,2242.7,2191.9,2206.1,2245.3,428953,9482.01,2026-09-29
GRWRHITECH,EQ,6665.5,7048.0,6555.0,7016.5,6653.5,70353,4853.84,2026-09-29
GSEC10ABSL,EQ,111.92,111.92,111.92,111.92,111.87,1,0.0,2026-09-29
GSEC10ADD,EQ,26.54,26.54,26.54,26.54,26.77,1,0.0,2026-09-29
GSEC10IETF,EQ,262.12,262.12,262.12,262.12,262.05,16,0.04,2026-09-29
GSEC10YEAR,EQ,30.1,30.1,29.75,29.81,30.1,5045,1.51,2026-09-29
GSEC5IETF,EQ,66.29,66.29,65.8,65.92,65.97,20021,13.2,2026-09-29
GSFC,EQ,153.04,153.12,151.0,151.65,153.04,493454,749.97,2026-09-29
GSLSU,EQ,30.05,31.56,29.12,30.74,30.07,37143,11.21,2026-09-29
GSPCROP,EQ,480.05,498.45,467.0,469.45,483.1,307995,1496.44,2026-09-29
GSS,EQ,10.79,10.79,10.08,10.25,10.26,24185,2.48,2026-09-29
GTECJAINX,EQ,29.66,29.66,29.66,29.66,26.97,14074,4.17,2026-09-29
GTL,EQ,6.98,7.0,6.65,6.75,6.94,238653,16.16,2026-09-29
GTLINFRA,EQ,1.1,1.1,1.07,1.08,1.09,31011505,336.9,2026-09-29
GTPL,EQ,54.89,55.88,53.75,54.11,54.86,13819,7.54,2026-09-29
GUFICBIO,EQ,421.0,445.0,416.35,436.5,420.4,146625,636.98,2026-09-29
GUJALKALI,EQ,606.4,645.0,604.7,627.15,606.2,251288,1576.94,2026-09-29
GUJAPOLLO,EQ,342.4,343.7,329.0,330.65,341.45,11411,38.15,2026-09-29
GUJENERGY,EQ,234.99,241.02,229.4,236.61,235.07,2304043,5423.03,2026-09-29
GUJRAFFIA,EQ,39.0,40.4,39.0,40.21,40.44,565,0.23,2026-09-29
GUJTHEM,EQ,395.4,410.0,392.6,406.5,397.55,166047,670.41,2026-09-29
GULFOILLUB,EQ,1110.5,1118.3,1088.2,1105.8,1110.5,29989,331.11,2026-09-29
GULPOLY,EQ,165.4,166.94,162.0,165.15,166.05,70194,115.48,2026-09-29
GVPIL,EQ,656.95,683.95,645.05,683.95,651.4,143048,960.43,2026-09-29
GVT&D,EQ,4198.8,4229.0,4110.9,4130.3,4203.0,903170,37552.47,2026-09-29
GYFTR,EQ,159.68,164.59,153.41,156.36,162.25,257670,412.15,2026-09-29
HAL,EQ,4723.0,4723.1,4549.3,4549.3,4738.0,1096291,50872.14,2026-09-29
HALDER,EQ,248.4,248.4,237.05,241.0,247.15,26808,64.87,2026-09-29
HALDYNGL,EQ,151.87,155.95,150.0,154.15,152.35,85821,132.38,2026-09-29
HALEOSLABS,EQ,1495.5,1499.9,1485.8,1487.9,1513.5,234,3.49,2026-09-29
HAMPTON,EQ,8.17,8.17,7.8,8.0,7.9,11667,0.92,2026-09-29
HAPPSTMNDS,EQ,306.9,311.4,303.3,308.7,307.15,544433,1670.18,2026-09-29
HAPPYFORGE,EQ,1995.2,2096.5,1961.0,2074.8,1996.7,193351,4030.03,2026-09-29
HARDWYN,EQ,9.26,9.43,9.18,9.26,9.23,220896,20.42,2026-09-29
HARIOMPIPE,EQ,342.1,351.65,335.4,345.1,342.1,89236,306.8,2026-09-29
HARRMALAYA,EQ,171.7,178.44,165.55,175.61,167.9,22733,39.05,2026-09-29
HARSHA,EQ,468.0,469.7,455.0,465.05,465.55,89042,413.5,2026-09-29
HATHWAY,EQ,9.35,10.88,9.21,9.49,9.37,2799216,262.06,2026-09-29
HATSUN,EQ,1119.4,1130.0,1093.0,1099.7,1119.4,28612,316.53,2026-09-29
HAVELLS,EQ,1080.6,1081.5,1043.3,1043.3,1085.0,1014330,10754.6,2026-09-29
HAVISHA,EQ,1.44,1.44,1.29,1.32,1.38,134689,1.78,2026-09-29
HAWKINCOOK,EQ,8085.0,8085.0,7851.0,7904.0,8082.5,3390,269.19,2026-09-29
HAZOOR,EQ,19.04,19.48,18.65,18.83,18.98,240792,45.81,2026-09-29
HBESD,EQ,75.0,75.9,69.02,73.98,71.5,3398,2.52,2026-09-29
HBLENGINE,EQ,784.0,811.6,773.65,808.3,785.65,2224069,17725.69,2026-09-29
HBPOR,EQ,60.0,60.65,59.99,60.39,59.75,634,0.38,2026-09-29
HBSL,EQ,55.0,56.55,55.0,55.28,55.8,5510,3.07,2026-09-29
HCC,EQ,20.5,20.97,20.17,20.71,20.55,12456726,2565.53,2026-09-29
HCG,EQ,695.45,708.0,684.0,703.6,691.2,113331,791.74,2026-09-29
HCL-INSYS,EQ,10.39,10.39,10.02,10.11,10.05,112671,11.42,2026-09-29
HCLTECH,EQ,1252.6,1261.0,1222.0,1222.0,1252.6,5604932,68860.15,2026-09-29
HDBFS,EQ,636.0,640.9,626.45,630.9,637.4,234737,1490.52,2026-09-29
HDFCAMC,EQ,2286.1,2303.0,2223.3,2223.3,2302.3,1311015,29725.58,2026-09-29
HDFCBANK,EQ,713.7,722.7,706.25,722.7,719.05,42755901,305285.95,2026-09-29
HDFCBSE500,EQ,35.79,35.95,35.37,35.75,35.78,757606,270.33,2026-09-29
HDFCGOLD,EQ,125.15,125.15,123.9,124.76,125.41,8470158,10557.47,2026-09-29
HDFCGROWTH,EQ,113.62,114.18,111.4,111.63,113.62,10750,12.01,2026-09-29
HDFCLIFE,EQ,526.2,528.35,518.6,523.55,531.6,7693601,40233.06,2026-09-29
HDFCLIQUID,EQ,1080.86,1080.86,1075.75,1079.9,1079.76,17322,187.05,2026-09-29
HDFCLOWVOL,EQ,19.48,19.99,19.37,19.73,19.63,5222,1.02,2026-09-29
HDFCMID150,EQ,22.6,22.6,22.06,22.23,22.4,875335,194.39,2026-09-29
HDFCMOMENT,EQ,29.85,30.11,29.68,29.97,29.84,187750,56.01,2026-09-29
HDFCNEXT50,EQ,73.2,73.2,71.22,71.63,72.01,94864,67.84,2026-09-29
HDFCNIF100,EQ,25.3,25.3,24.53,24.57,24.8,178496,43.94,2026-09-29
HDFCNIFBAN,EQ,56.03,56.25,55.41,56.09,56.17,359708,200.43,2026-09-29
HDFCNIFIT,EQ,30.61,30.61,29.45,29.62,30.01,64691,19.24,2026-09-29
HDFCNIFTY,EQ,264.01,264.01,255.05,256.61,257.58,518570,1326.34,2026-09-29
HDFCNIMEG,EQ,128.86,134.0,127.5,129.53,128.86,2349,3.02,2026-09-29
HDFCPSUBK,EQ,81.01,82.37,80.26,81.41,81.23,38507,31.09,2026-09-29
HDFCPVTBAN,EQ,27.09,27.09,26.67,26.93,27.09,309934,83.05,2026-09-29
HDFCQUAL,EQ,55.94,56.02,55.42,55.66,56.22,10597,5.9,2026-09-29
HDFCSENSEX,EQ,84.2,85.02,82.0,82.73,82.95,118759,97.81,2026-09-29
HDFCSILVER,EQ,209.78,210.14,208.2,209.02,210.33,2243596,4690.76,2026-09-29
HDFCSML250,EQ,179.91,182.46,178.1,181.07,180.5,1732641,3121.16,2026-09-29
HDFCVALUE,EQ,120.57,120.97,117.45,118.43,119.18,15786,18.68,2026-09-29
HEADSUP,EQ,6.5,6.95,6.27,6.45,6.61,18622,1.19,2026-09-29
HEALTHADD,EQ,16.99,16.99,16.59,16.81,16.74,11644,1.94,2026-09-29
HEALTHAXIS,EQ,169.5,169.5,168.02,168.43,168.19,13386,22.54,2026-09-29
HEALTHCARE,EQ,21.71,21.81,21.6,21.71,21.63,24708,5.36,2026-09-29
HEALTHIETF,EQ,171.41,171.41,169.0,169.98,169.72,130367,221.52,2026-09-29
HEALTHX,EQ,287.0,291.0,275.0,285.05,285.15,19728,55.36,2026-09-29
HEALTHY,EQ,17.03,17.25,16.95,17.14,17.03,279445,47.82,2026-09-29
HECPROJECT,EQ,112.55,116.0,110.5,114.82,112.86,7066,7.98,2026-09-29
HEGAM,EQ,241.75,242.0,235.25,238.25,240.0,663791,1582.47,2026-09-29
HEIDELBERG,EQ,131.45,131.91,129.01,130.29,131.45,194472,253.16,2026-09-29
HEMIPROP,EQ,115.9,115.95,113.11,114.94,115.95,747785,856.32,2026-09-29
HERANBA,EQ,180.05,182.82,176.1,178.57,179.94,89075,159.57,2026-09-29
HERITGFOOD,EQ,400.15,406.55,397.2,401.2,402.05,206267,830.76,2026-09-29
HEROMOTOCO,EQ,5375.0,5384.0,5208.0,5208.0,5390.0,681672,36244.41,2026-09-29
HEROMOTORS,EQ,137.48,140.78,132.62,138.71,135.06,92851990,127872.23,2026-09-29
HESTERBIO,EQ,2156.6,2192.9,2125.2,2165.0,2147.3,3358,72.37,2026-09-29
HEXATRADEX,EQ,155.16,158.68,155.1,155.3,155.0,5566,8.66,2026-09-29
HEXT,EQ,488.9,493.85,476.25,482.1,489.25,152135,732.42,2026-09-29
HGINFRA,EQ,444.0,448.0,435.0,438.25,444.55,173913,764.91,2026-09-29
HGM,EQ,42.14,43.5,40.31,42.85,41.25,1914,0.8,2026-09-29
HGS,EQ,368.1,373.4,363.65,366.05,372.35,8101,29.79,2026-09-29
HIKAL,EQ,208.9,219.5,207.21,218.05,208.8,740019,1590.79,2026-09-29
HILINFRA,EQ,42.75,43.55,41.55,43.26,42.61,80120,34.13,2026-09-29
HILTON,EQ,16.56,17.28,16.26,16.45,16.78,183520,30.58,2026-09-29
HIMATSEIDE,EQ,65.9,66.05,64.51,64.9,66.13,312472,203.72,2026-09-29
HINDADH,EQ,394.95,394.95,377.55,385.25,384.45,578,2.23,2026-09-29
HINDALCO,EQ,955.9,963.5,947.1,955.2,955.9,5092531,48620.27,2026-09-29
HINDALUMI,EQ,93.0,93.0,88.0,90.15,91.43,2229,2.02,2026-09-29
HINDCOMPOS,EQ,380.1,387.6,370.2,377.5,379.2,2145,8.07,2026-09-29
HINDCON,EQ,33.39,33.39,32.4,33.39,30.36,210313,70.22,2026-09-29
HINDCOPPER,EQ,475.55,479.95,470.0,474.35,479.6,9198111,43656.12,2026-09-29
HINDOILEXP,EQ,173.35,177.0,171.55,173.91,172.98,394733,688.25,2026-09-29
HINDPETRO,EQ,340.7,349.35,337.2,349.2,342.45,4074720,14038.95,2026-09-29
HINDUNILVR,EQ,1896.0,1898.9,1863.8,1863.8,1896.0,2057852,38529.26,2026-09-29
HINDWAREAP,EQ,170.34,171.5,165.0,170.2,170.34,88868,150.27,2026-09-29
HINDZINC,EQ,569.0,576.55,563.2,563.3,573.0,4801573,27319.21,2026-09-29
HIRECT,EQ,1182.0,1189.5,1150.7,1171.4,1179.4,26079,304.59,2026-09-29
HISARMETAL,EQ,151.97,154.0,149.2,151.39,151.96,774,1.17,2026-09-29
HITECH,EQ,73.25,73.95,70.74,73.19,73.34,540643,390.98,2026-09-29
HLEGLAS,EQ,419.05,436.95,406.2,434.65,419.35,256043,1096.0,2026-09-29
HLVLTD,EQ,6.33,6.5,6.31,6.39,6.37,64436,4.11,2026-09-29
HMAAGRO,EQ,24.02,24.02,23.43,23.8,24.02,614209,145.85,2026-09-29
HNDFDS,EQ,602.15,604.8,577.0,596.85,602.15,168762,992.17,2026-09-29
HNGSNGBEES,EQ,467.62,467.62,450.8,452.96,456.22,127847,579.97,2026-09-29
HOMEFIRST,EQ,1094.0,1109.2,1057.2,1094.4,1094.0,190918,2091.0,2026-09-29
HONASA,EQ,454.0,457.05,439.3,441.65,466.05,20795107,93569.4,2026-09-29
HONAUT,EQ,33660.0,35470.0,33505.0,33980.0,33855.0,27480,9330.23,2026-09-29
HONDAPOWER,EQ,1884.7,1910.0,1828.1,1886.0,1862.8,3476,64.61,2026-09-29
HORIZONIND,EQ,51.69,52.15,50.61,51.02,51.79,2934473,1506.66,2026-09-29
HPAL,EQ,34.5,35.99,34.1,34.44,34.77,35257,12.19,2026-09-29
HPIL,EQ,117.0,117.0,114.2,115.37,115.4,363,0.42,2026-09-29
HPL,EQ,272.8,273.65,266.65,270.15,270.95,86592,233.74,2026-09-29
HRYNSHP,EQ,96.1,99.0,96.01,96.01,96.01,460,0.44,2026-09-29
HSBCGOLD,EQ,128.8,134.8,126.14,129.08,127.28,256143,325.5,2026-09-29
HSCL,EQ,666.9,676.6,663.4,667.6,669.95,1686772,11320.4,2026-09-29
HTEL,EQ,65.41,70.39,65.01,69.52,65.64,2012461,1377.47,2026-09-29
HTMEDIA,EQ,23.1,23.6,22.52,23.46,23.1,61616,14.26,2026-09-29
HUBTOWN,EQ,168.0,169.6,165.55,166.41,167.87,253127,421.07,2026-09-29
HUDCO,EQ,168.0,169.7,164.0,165.57,168.66,3647277,6050.41,2026-09-29
HUHTAMAKI,EQ,238.85,238.95,231.1,235.7,234.2,78853,185.27,2026-09-29
HYBRIDETF,EQ,9.82,9.84,9.8,9.84,9.8,10486,1.03,2026-09-29
HYBRIDFIN,EQ,18.0,18.0,16.7,17.82,17.36,12018,2.12,2026-09-29
HYUNDAI,EQ,2051.1,2100.0,2009.6,2100.0,2050.7,763311,15670.62,2026-09-29
IBULLSLTD,EQ,28.8,30.19,28.45,29.93,28.9,12006735,3572.11,2026-09-29
ICEMAKE,EQ,648.0,648.0,632.65,634.0,648.75,42018,268.22,2026-09-29
ICICIAMC,EQ,3220.0,3265.0,3167.0,3233.0,3214.5,769671,24663.57,2026-09-29
ICICIB22,EQ,111.9,111.9,109.31,110.35,110.69,160744,176.88,2026-09-29
ICICIBANK,EQ,1295.7,1304.8,1291.0,1292.2,1302.0,14811396,191965.51,2026-09-29
ICICIGI,EQ,1532.0,1550.0,1498.2,1515.0,1540.0,756660,11443.54,2026-09-29
ICICIPRULI,EQ,452.05,455.45,442.95,444.55,458.7,2919254,13098.73,2026-09-29
ICIL,EQ,439.9,448.55,433.0,434.95,440.2,420236,1840.49,2026-09-29
ICRA,EQ,4311.0,4373.9,4274.0,4297.9,4310.4,14911,641.96,2026-09-29
IDBI,EQ,83.9,84.9,82.6,83.32,84.39,7662555,6406.11,2026-09-29
IDEA,EQ,13.6,13.68,13.26,13.56,13.47,1150179404,155022.39,2026-09-29
IDEAFORGE,EQ,716.9,724.0,707.0,719.7,716.4,117154,839.59,2026-09-29
IDFCFIRSTB,EQ,80.4,80.63,78.6,79.46,80.55,36206575,28925.03,2026-09-29
IDFNIFTYET,EQ,253.9,255.0,249.25,250.81,252.64,1985,4.97,2026-09-29
IEX,EQ,111.35,111.4,106.35,106.39,111.35,7359823,7967.47,2026-09-29
IFBAGRO,EQ,844.0,948.0,844.0,905.45,844.0,12900,115.58,2026-09-29
IFBIND,EQ,1214.8,1234.5,1199.0,1201.0,1214.2,40295,486.8,2026-09-29
IFCI,EQ,70.06,71.65,69.53,70.97,70.55,38909344,27500.08,2026-09-29
IFGLEXPOR,EQ,194.1,194.1,186.91,189.61,192.71,25577,48.71,2026-09-29
IGARASHI,EQ,414.9,417.95,406.3,411.55,416.2,50834,209.58,2026-09-29
IGCL,EQ,59.1,59.88,56.5,57.15,58.25,70886,40.54,2026-09-29
IGIL,EQ,321.55,326.8,317.7,324.3,323.15,607317,1954.8,2026-09-29
IGL,EQ,143.5,144.79,139.2,142.02,143.44,3801920,5413.56,2026-09-29
IGPL,EQ,580.0,591.9,575.0,584.3,581.55,44273,258.25,2026-09-29
IIFL,EQ,595.05,614.05,588.75,607.5,598.15,2559619,15450.44,2026-09-29
IIFLCAPS,EQ,343.55,347.45,343.55,344.95,343.7,460188,1587.95,2026-09-29
IITL,EQ,132.85,132.85,123.85,125.64,131.58,111438,145.04,2026-09-29
IKIO,EQ,199.4,200.34,194.31,197.3,199.62,153590,302.24,2026-09-29
IKS,EQ,1768.0,1822.3,1750.7,1779.4,1768.4,203931,3653.62,2026-09-29
IMAGICAA,EQ,51.31,54.3,50.1,51.3,51.29,1504303,780.26,2026-09-29
IMFA,EQ,1202.0,1226.4,1184.1,1206.5,1207.8,88124,1066.67,2026-09-29
IMPAL,EQ,1054.0,1054.0,1035.3,1042.6,1043.1,1933,20.13,2026-09-29
INA,EQ,89.0,89.5,87.1,87.63,89.08,318802,281.33,2026-09-29
INCREDIBLE,EQ,32.6,33.2,31.55,31.6,33.26,3488,1.11,2026-09-29
INDBANK,EQ,25.6,26.0,24.21,25.06,25.6,25410,6.38,2026-09-29
INDGN,EQ,613.0,627.0,598.35,605.15,613.3,1828353,11190.86,2026-09-29
INDHOTEL,EQ,709.0,725.9,704.6,714.35,711.0,26142773,186925.66,2026-09-29
INDIACEM,EQ,314.5,314.55,302.05,303.7,312.4,130348,398.59,2026-09-29
INDIAGLYCO,EQ,301.5,307.7,292.6,304.5,297.5,501115,1510.16,2026-09-29
INDIAMART,EQ,1638.3,1638.4,1600.0,1612.9,1637.0,69706,1130.22,2026-09-29
INDIANB,EQ,802.5,808.8,794.75,795.25,802.45,1349036,10801.74,2026-09-29
INDIANCARD,EQ,193.75,193.75,183.0,183.72,189.69,5044,9.29,2026-09-29
INDIANHUME,EQ,350.35,358.0,345.35,355.8,350.35,66941,235.62,2026-09-29
INDIASHLTR,EQ,640.7,646.95,620.15,639.75,647.3,284396,1807.12,2026-09-29
INDIGO,EQ,4870.0,4898.0,4851.0,4872.0,4874.5,409270,19949.67,2026-09-29
INDIGOPNTS,EQ,1110.6,1115.5,1072.5,1078.9,1110.0,64558,701.04,2026-09-29
INDIQUBE,EQ,199.8,199.8,193.23,196.14,199.44,57862,113.56,2026-09-29
INDNIPPON,EQ,1295.1,1311.6,1226.0,1244.8,1290.6,71735,902.83,2026-09-29
INDOAMIN,EQ,140.0,149.6,137.65,145.45,137.47,626536,908.66,2026-09-29
INDOBORAX,EQ,487.8,497.5,465.55,489.5,477.55,1031179,4983.22,2026-09-29
INDOCO,EQ,249.8,284.77,249.2,269.15,249.06,19854651,54469.37,2026-09-29
INDOFARM,EQ,134.66,136.0,132.02,133.17,134.27,56934,76.04,2026-09-29
INDOKEM,EQ,607.0,626.35,595.0,617.0,609.0,5978,36.36,2026-09-29
INDOMIM,EQ,1230.0,1288.9,1210.0,1248.15,1227.6,1464214,18329.34,2026-09-29
INDORAMA,EQ,101.55,104.45,94.8,103.44,100.8,1899725,1911.7,2026-09-29
INDOSTAR,EQ,208.0,217.19,208.0,209.04,210.85,139436,295.52,2026-09-29
INDOTECH,EQ,3225.0,3270.0,3079.9,3186.2,3133.7,17139,543.77,2026-09-29
INDOTHAI,EQ,30.03,31.93,29.0,31.93,30.41,1236632,377.27,2026-09-29
INDOUS,EQ,77.47,79.0,77.0,77.42,77.9,3010,2.36,2026-09-29
INDOWIND,EQ,8.79,8.92,8.48,8.86,8.64,87824,7.66,2026-09-29
INDPRUD,EQ,6100.0,6450.0,6100.0,6358.0,6092.5,83,5.25,2026-09-29
INDRAMEDCO,EQ,360.0,363.15,352.0,354.8,360.0,406266,1444.71,2026-09-29
INDSWFTLAB,EQ,409.1,417.25,403.15,413.1,408.1,445415,1827.57,2026-09-29
INDTERRAIN,EQ,29.6,29.6,29.02,29.3,29.49,14638,4.27,2026-09-29
INDUSINDBK,EQ,905.1,908.1,878.0,878.0,909.7,3205911,28606.52,2026-09-29
INDUSTOWER,EQ,359.0,373.05,358.2,367.55,360.0,8836110,32563.8,2026-09-29
INFOBEAN,EQ,144.0,146.38,142.25,143.78,144.42,135403,195.59,2026-09-29
INFOMEDIA,EQ,5.19,5.48,5.06,5.19,5.17,8965,0.47,2026-09-29
INFRA,EQ,11.49,11.52,11.39,11.48,11.5,39577,4.54,2026-09-29
INFRABEES,EQ,911.99,911.99,900.23,908.55,911.99,10881,98.7,2026-09-29
INFRAIETF,EQ,92.32,92.32,89.77,90.62,90.51,52214,47.12,2026-09-29
INFY,EQ,1002.6,1015.4,980.4,1015.4,1003.2,12992711,129220.93,2026-09-29
INGERRAND,EQ,4226.8,4238.6,4180.0,4195.0,4226.8,5857,246.6,2026-09-29
INNOVACAP,EQ,1265.0,1314.8,1259.1,1271.2,1271.2,147937,1900.67,2026-09-29
INNOVANA,EQ,295.8,299.75,285.0,291.5,289.65,31625,91.75,2026-09-29
INNOVISION,EQ,251.7,255.0,251.5,253.7,251.7,4268,10.8,2026-09-29
INOXGREEN,EQ,170.0,171.0,162.8,163.96,170.0,2050781,3402.85,2026-09-29
INOXINDIA,EQ,2056.5,2092.4,2032.2,2070.4,2051.1,363480,7501.5,2026-09-29
INOXWIND,EQ,72.0,73.04,70.57,71.5,72.0,8301480,5970.8,2026-09-29
INSECTICID,EQ,600.1,600.1,580.5,588.9,598.35,13561,79.69,2026-09-29
INSPIRISYS,EQ,85.49,87.99,84.51,85.92,84.99,5984,5.11,2026-09-29
INSUREIETF,EQ,14.78,14.78,14.51,14.61,14.78,1232738,179.51,2026-09-29
INTELLECT,EQ,628.6,629.9,609.4,613.25,631.55,262246,1626.85,2026-09-29
INTENTECH,EQ,81.25,82.98,81.25,82.63,83.05,4813,3.97,2026-09-29
INTERARCH,EQ,1718.6,1718.6,1678.7,1690.2,1706.2,24515,415.27,2026-09-29
INTERNET,EQ,13.91,13.91,13.5,13.68,13.92,479174,65.22,2026-09-29
INTLCONV,EQ,79.9,80.86,79.9,80.0,79.9,35739,28.63,2026-09-29
INVENTURE,EQ,0.87,0.87,0.85,0.86,0.87,1105528,9.57,2026-09-29
IOB,EQ,31.74,31.98,30.51,30.95,31.74,15845308,4918.05,2026-09-29
IOC,EQ,133.32,134.31,131.02,131.33,133.32,10116269,13399.58,2026-09-29
IOLCP,EQ,196.25,202.75,196.24,201.48,196.29,1550901,3103.33,2026-09-29
IONEXCHANG,EQ,420.4,424.05,406.35,410.2,422.9,190265,789.65,2026-09-29
IPCALAB,EQ,1919.7,1980.0,1919.7,1938.1,1919.3,246042,4789.77,2026-09-29
IPL,EQ,131.8,133.85,128.05,133.12,131.56,241268,315.54,2026-09-29
IPRINGLTD,EQ,135.99,144.14,135.1,136.13,136.17,2024,2.81,2026-09-29
IRB,EQ,17.12,17.12,16.75,16.98,17.14,14681424,2488.98,2026-09-29
IRCON,EQ,103.0,104.4,101.6,102.47,103.25,1966663,2022.82,2026-09-29
IRCTC,EQ,454.0,456.0,448.55,452.55,453.5,645641,2920.77,2026-09-29
IREDA,EQ,114.82,116.54,111.0,111.0,114.82,8686276,9873.38,2026-09-29
IRFC,EQ,78.7,80.26,77.07,80.26,78.55,15747317,12350.58,2026-09-29
IRIS,EQ,228.94,234.85,223.0,230.23,226.57,26828,60.84,2026-09-29
IRISDOREME,EQ,63.0,66.17,62.11,62.8,62.78,537555,344.18,2026-09-29
IRMENERGY,EQ,261.65,269.0,259.05,267.25,265.4,96668,257.07,2026-09-29
ISGEC,EQ,890.0,890.0,872.2,880.1,886.45,49547,435.6,2026-09-29
ISHANCH,EQ,48.05,50.81,46.5,47.35,50.07,19242,9.23,2026-09-29
ISTLTD,EQ,635.05,655.0,635.0,640.0,639.6,171,1.1,2026-09-29
IT,EQ,31.32,31.47,30.6,30.72,31.31,319509,98.6,2026-09-29
ITADD,EQ,30.01,30.2,29.18,29.5,29.9,13380,3.95,2026-09-29
ITAXIS,EQ,308.0,312.0,305.0,311.83,308.97,5777,17.78,2026-09-29
ITBEES,EQ,31.23,31.85,30.75,30.8,31.23,9287804,2873.18,2026-09-29
ITBETA,EQ,294.1,294.1,290.8,292.46,295.33,707,2.07,2026-09-29
ITC,EQ,265.45,266.75,263.3,265.1,265.2,14419948,38212.07,2026-09-29
ITCHOTELS,EQ,158.02,162.0,156.33,160.53,158.57,1965803,3136.95,2026-09-29
ITDC,EQ,662.5,670.85,645.55,657.15,662.5,96658,635.9,2026-09-29
ITETF,EQ,29.87,30.45,29.19,29.35,29.87,447506,131.82,2026-09-29
ITI,EQ,245.9,247.65,240.1,243.4,245.8,179421,437.55,2026-09-29
ITIETF,EQ,30.52,31.41,30.52,30.82,31.31,492189,152.37,2026-09-29
ITL,EQ,361.6,361.6,343.05,353.0,357.7,2146,7.5,2026-09-29
IVALUE,EQ,218.47,228.4,215.82,224.61,219.21,118885,263.76,2026-09-29
IVC,EQ,7.88,7.9,7.62,7.68,7.81,134792,10.43,2026-09-29
IVZBANKNF,EQ,53.97,55.8,53.5,54.46,54.37,558,0.3,2026-09-29
IVZINGOLD,EQ,127.5,127.5,126.05,127.25,127.7,63981,81.39,2026-09-29
IVZINNIFTY,EQ,269.42,269.42,260.1,261.7,262.85,1197,3.13,2026-09-29
IVZSENSEX,EQ,73.0,73.97,72.15,73.03,73.01,1281,0.93,2026-09-29
IWP,EQ,39.95,42.4,34.36,36.88,40.96,466683,182.38,2026-09-29
IXIGO,EQ,155.16,160.5,152.51,160.24,155.08,643712,1017.68,2026-09-29
IZMO,EQ,879.0,902.9,873.6,888.2,873.55,57013,506.0,2026-09-29
J&KBANK,EQ,142.63,143.64,138.0,138.52,142.25,2354937,3289.87,2026-09-29
JAGRAN,EQ,62.23,62.4,61.3,62.01,62.05,151788,93.97,2026-09-29
JAGSNPHARM,EQ,239.02,240.87,232.3,234.71,241.02,93102,220.08,2026-09-29
JAIBALAJI,EQ,63.55,64.36,62.05,63.35,63.51,338779,214.75,2026-09-29
JAICORPLTD,EQ,92.49,92.49,89.64,91.8,92.18,253730,230.68,2026-09-29
JAINREC,EQ,282.0,294.45,277.1,287.65,281.75,1712900,4916.59,2026-09-29
JAIPURKURT,EQ,25.0,26.0,24.61,25.86,25.48,4946,1.27,2026-09-29
JAMNAAUTO,EQ,139.4,139.4,134.91,136.27,139.68,1537760,2101.85,2026-09-29
JARO,EQ,423.0,428.3,418.5,421.55,423.4,88930,376.47,2026-09-29
JASH,EQ,591.05,602.8,583.0,598.4,588.75,588225,3508.37,2026-09-29
JAYAGROGN,EQ,231.2,233.48,223.0,225.44,230.42,23666,53.85,2026-09-29
JAYBARMARU,EQ,123.5,127.9,120.61,124.6,122.52,649558,810.64,2026-09-29
JAYKAY,EQ,208.0,209.99,197.0,205.01,203.81,572922,1163.43,2026-09-29
JAYNECOIND,EQ,87.2,94.4,86.77,92.66,87.98,5809490,5351.58,2026-09-29
JAYSREETEA,EQ,86.8,87.95,85.0,85.75,86.83,36212,31.22,2026-09-29
JBMA,EQ,571.05,576.35,561.0,563.15,571.05,211192,1193.38,2026-09-29
JENBURPH,EQ,926.1,954.0,919.1,924.0,926.1,2829,26.25,2026-09-29
JETFREIGHT,EQ,21.45,21.78,20.51,20.63,21.01,289665,61.02,2026-09-29
JGCHEM,EQ,624.95,667.2,611.05,658.65,620.8,1558962,10178.97,2026-09-29
JHS,EQ,8.99,10.57,8.58,10.38,8.81,2324625,233.77,2026-09-29
JINDALPHOT,EQ,1047.1,1054.9,1040.4,1043.4,1051.0,1109,11.57,2026-09-29
JINDALPOLY,EQ,679.95,685.35,667.05,675.3,679.65,10340,69.71,2026-09-29
JINDALSAW,EQ,277.6,279.9,272.3,277.7,276.15,904937,2503.07,2026-09-29
JINDALSTEL,EQ,1137.5,1149.0,1126.9,1130.0,1139.6,760609,8643.18,2026-09-29
JINDRILL,EQ,620.9,620.9,596.4,599.95,624.15,389254,2363.12,2026-09-29
JINDWORLD,EQ,48.77,48.77,46.52,47.07,48.69,3110654,1464.9,2026-09-29
JIOFIN,EQ,220.5,220.5,215.36,217.56,220.5,17125032,37282.87,2026-09-29
JISLDVREQS,EQ,19.37,19.93,19.01,19.46,19.8,15311,2.98,2026-09-29
JISLJALEQS,EQ,28.77,29.17,28.3,28.97,28.88,1693123,487.74,2026-09-29
JITFINFRA,EQ,284.9,285.95,275.0,277.15,284.15,11547,32.16,2026-09-29
JKCEMENT,EQ,4993.5,4993.5,4810.5,4824.5,4993.5,29444,1436.36,2026-09-29
JKIL,EQ,461.9,462.25,450.0,451.4,461.25,54972,249.18,2026-09-29
JKIPL,EQ,95.46,98.07,95.05,97.69,97.41,2440,2.36,2026-09-29
JKLAKSHMI,EQ,493.45,493.45,482.05,490.15,494.8,450744,2200.9,2026-09-29
JKPAPER,EQ,398.2,403.9,388.35,391.35,398.15,252465,991.24,2026-09-29
JKTYRE,EQ,338.8,340.25,333.1,334.8,337.8,481192,1617.02,2026-09-29
JLHL,EQ,263.7,264.8,254.2,262.05,263.85,1466095,3804.22,2026-09-29
JMA,EQ,88.97,90.5,85.34,89.34,87.81,7272,6.42,2026-09-29
JMFINANCIL,EQ,124.1,126.7,123.19,125.78,125.25,2566558,3211.93,2026-09-29
JNKINDIA,EQ,422.85,464.0,413.7,451.75,420.0,713779,3211.84,2026-09-29
JNPR,EQ,265.0,275.0,263.25,272.3,269.95,899121,2427.4,2026-09-29
JOCIL,EQ,146.4,148.47,143.1,145.17,147.0,1114,1.62,2026-09-29
JPOLYINVST,EQ,927.8,976.9,909.1,950.0,911.5,6912,64.38,2026-09-29
JPPOWER,EQ,15.55,15.62,15.15,15.26,15.52,34858936,5340.7,2026-09-29
JSFB,EQ,500.0,506.65,486.95,503.7,499.2,605661,3017.06,2026-09-29
JSL,EQ,746.9,750.0,726.0,738.3,745.7,614585,4554.72,2026-09-29
JSLL,EQ,501.9,515.85,486.6,509.45,501.9,1183266,5908.51,2026-09-29
JSWCEMENT,EQ,112.49,112.99,111.02,112.58,112.49,1286428,1443.95,2026-09-29
JSWDULUX,EQ,3169.8,3169.8,3005.2,3034.4,3169.8,187186,5697.14,2026-09-29
JSWENERGY,EQ,495.0,501.15,489.1,501.15,495.0,1639218,8127.66,2026-09-29
JSWHL,EQ,10920.0,11169.0,10881.0,11000.0,11026.0,1807,198.71,2026-09-29
JSWINFRA,EQ,347.25,353.3,342.05,350.0,348.75,2469980,8601.55,2026-09-29
JSWSTEEL,EQ,1260.7,1272.4,1246.6,1272.4,1264.1,2499215,31568.72,2026-09-29
JTEKTINDIA,EQ,116.55,117.76,114.2,115.84,116.21,66051,76.48,2026-09-29
JTLIND,EQ,88.5,90.5,85.98,88.88,87.87,2186784,1932.57,2026-09-29
JUBLCPL,EQ,2124.6,2154.7,2094.2,2107.4,2117.3,6652,141.15,2026-09-29
JUBLFOOD,EQ,478.5,478.55,460.2,463.0,478.7,2376051,11080.55,2026-09-29
JUBLINGREA,EQ,657.1,657.2,635.2,639.1,654.8,250387,1617.4,2026-09-29
JUBLPHARMA,EQ,1058.0,1089.65,1036.2,1048.2,1060.45,1060299,11186.17,2026-09-29
JUNIORBEES,EQ,765.0,765.0,753.66,761.66,761.9,412917,3131.28,2026-09-29
JUNIPER,EQ,216.62,216.62,212.35,213.95,214.76,93329,200.07,2026-09-29
JUSTDIAL,EQ,662.6,665.0,642.4,656.5,658.95,97629,639.98,2026-09-29
JWL,EQ,223.71,223.71,218.45,219.82,222.23,627200,1385.26,2026-09-29
JYOTHYLAB,EQ,189.5,189.75,184.0,184.26,189.66,469986,870.56,2026-09-29
JYOTICNC,EQ,1044.0,1076.95,1035.25,1059.3,1046.1,703728,7445.17,2026-09-29
JYOTIRES,EQ,854.9,855.0,831.25,840.95,841.9,7605,64.1,2026-09-29
JYOTISTRUC,EQ,8.76,9.26,8.62,9.07,8.75,9980402,899.41,2026-09-29
KABRAEXTRU,EQ,831.1,841.9,820.0,829.8,863.15,317848,2622.15,2026-09-29
KAJARIACER,EQ,1179.6,1223.7,1167.0,1190.5,1189.5,2954458,35185.22,2026-09-29
KAKATCEM,EQ,105.61,107.9,105.61,107.83,106.84,418,0.45,2026-09-29
KALAMANDIR,EQ,78.99,79.5,75.37,76.19,78.14,739776,568.97,2026-09-29
KALPATARU,EQ,275.8,292.0,268.25,278.8,275.8,108375,297.94,2026-09-29
KALYANKJIL,EQ,566.0,580.0,561.45,568.85,564.0,9165283,52375.7,2026-09-29
KAMAHOLD,EQ,2217.9,2284.8,2217.8,2241.1,2203.6,5222,117.34,2026-09-29
KAMANWALA,EQ,16.5,17.1,16.5,17.1,17.49,3229,0.53,2026-09-29
KAMATHOTEL,EQ,236.26,238.4,229.25,236.71,233.18,58707,137.41,2026-09-29
KAMDHENU,EQ,38.26,38.85,37.41,38.41,39.0,838480,319.97,2026-09-29
KAMOPAINTS,EQ,4.18,4.18,4.06,4.1,4.12,158679,6.51,2026-09-29
KANANIIND,EQ,1.37,1.38,1.33,1.36,1.35,60761,0.82,2026-09-29
KANCHI,EQ,380.0,394.7,370.0,391.0,379.9,3227,12.44,2026-09-29
KANCOTEA,EQ,54.9,54.9,53.9,54.55,54.55,142,0.08,2026-09-29
KANOHAR,EQ,819.0,877.8,805.0,862.75,811.15,3500592,29836.94,2026-09-29
KANPRPLA,EQ,261.85,262.0,243.45,245.2,250.9,17259,43.06,2026-09-29
KANSAINER,EQ,178.06,182.59,173.6,181.33,177.48,670486,1189.45,2026-09-29
KAPSTON,EQ,549.6,568.95,539.1,555.7,537.8,642974,3542.58,2026-09-29
KARAMTARA,EQ,357.45,363.0,346.35,359.45,357.8,1239083,4413.62,2026-09-29
KARMAENG,EQ,38.95,39.14,35.11,37.9,39.14,7088,2.66,2026-09-29
KARURVYSYA,EQ,320.75,325.4,312.7,318.15,320.75,2868750,9095.3,2026-09-29
KAYNES,EQ,3650.0,3707.2,3500.0,3511.5,3658.0,1474271,53171.79,2026-09-29
KCP,EQ,156.51,157.84,153.21,156.19,157.28,62111,96.9,2026-09-29
KDDL,EQ,4014.1,4069.9,3874.0,3931.6,4014.1,23844,950.94,2026-09-29
KDGREEN,EQ,48.8,48.88,46.16,48.53,46.76,29728,14.21,2026-09-29
KEC,EQ,390.35,390.35,375.1,378.35,390.55,1237151,4717.46,2026-09-29
KECL,EQ,119.15,122.9,118.0,121.4,120.07,121001,146.06,2026-09-29
KEEPLEARN,EQ,1.92,1.92,1.82,1.84,1.87,26860,0.5,2026-09-29
KEI,EQ,4500.0,4521.0,4457.5,4461.0,4516.0,622806,27958.05,2026-09-29
KELLTONTEC,EQ,13.14,13.26,12.65,13.05,13.09,1990721,258.47,2026-09-29
KENNAMET,EQ,4167.9,4172.9,4012.5,4039.6,4134.1,30755,1251.98,2026-09-29
KERNEX,EQ,1713.8,1763.0,1682.8,1744.1,1713.8,139115,2411.52,2026-09-29
KESORAMIND,EQ,10.87,11.24,10.52,10.84,11.02,995639,107.18,2026-09-29
KEYFINSERV,EQ,230.0,237.6,225.0,233.0,223.7,1236,2.87,2026-09-29
KFINTECH,EQ,880.2,889.45,838.2,838.2,884.05,1459780,12529.24,2026-09-29
KHAICHEM,EQ,49.3,50.35,49.0,49.22,49.51,86844,43.08,2026-09-29
KHAITANLTD,EQ,144.0,153.8,135.4,150.01,146.69,4152,6.05,2026-09-29
KHANDSE,EQ,17.4,18.4,16.86,17.06,17.5,11517,1.96,2026-09-29
KICL,EQ,4940.0,4940.0,4750.5,4773.0,4869.5,1097,52.61,2026-09-29
KIMS,EQ,766.0,781.75,759.35,769.9,766.45,403013,3110.12,2026-09-29
KINGFA,EQ,6384.0,6594.5,6376.5,6524.5,6384.0,22165,1441.61,2026-09-29
KIOCL,EQ,332.1,338.0,328.0,336.1,331.0,57228,190.95,2026-09-29
KIRANVYPAR,EQ,185.0,195.0,169.82,189.66,185.17,29509,53.04,2026-09-29
KIRIINDUS,EQ,542.0,560.0,538.5,543.45,541.95,476341,2611.35,2026-09-29
KIRLFER,EQ,469.4,476.8,461.0,474.4,468.95,99857,470.19,2026-09-29
KIRLOSBROS,EQ,1732.3,1936.1,1714.1,1848.3,1732.3,457358,8314.45,2026-09-29
KIRLOSENG,EQ,2141.2,2444.0,2124.3,2402.0,2141.2,5298949,124044.32,2026-09-29
KIRLOSIND,EQ,3543.0,3640.0,3465.1,3578.6,3520.5,7323,259.92,2026-09-29
KIRLPNU,EQ,675.3,690.0,669.6,684.4,678.65,133945,913.52,2026-09-29
KISSHT,EQ,345.05,362.55,340.05,358.65,344.9,2096454,7419.52,2026-09-29
KITEX,EQ,115.98,116.63,114.36,115.56,116.13,260341,300.13,2026-09-29
KJMCFIN,EQ,58.12,60.0,57.8,59.0,58.12,3969,2.31,2026-09-29
KKCL,EQ,462.05,471.35,455.0,467.1,462.15,34175,158.35,2026-09-29
KLBRENG-B,EQ,515.0,532.0,500.5,525.55,514.4,393122,2051.43,2026-09-29
KMCSHIL,EQ,165.32,165.32,160.0,161.98,165.33,300278,487.82,2026-09-29
KMEW,EQ,2965.1,3099.9,2892.7,3064.8,2876.9,644521,19469.22,2026-09-29
KMSUGAR,EQ,32.67,33.0,31.01,31.86,32.67,282268,89.2,2026-09-29
KNACK,EQ,177.05,183.0,176.0,176.58,176.65,468586,834.91,2026-09-29
KNAGRI,EQ,205.98,205.98,195.3,199.92,205.05,4172,8.31,2026-09-29
KNRCON,EQ,117.39,120.9,115.64,119.33,117.39,879023,1036.76,2026-09-29
KOHINOOR,EQ,30.29,31.45,29.27,30.99,30.07,264191,79.97,2026-09-29
KOKUYOCMLN,EQ,74.6,75.8,74.0,74.72,74.64,16933,12.6,2026-09-29
KOLTEPATIL,EQ,425.5,431.9,418.0,427.05,425.6,42087,177.95,2026-09-29
KOPRAN,EQ,277.86,292.3,275.77,290.9,277.97,1181235,3391.2,2026-09-29
KOTAKBANK,EQ,401.25,409.25,394.7,406.0,401.55,32613940,131775.79,2026-09-29
KOTHARIPET,EQ,131.22,133.84,127.35,128.97,130.84,55694,72.71,2026-09-29
KOTHARIPRO,EQ,64.6,66.64,64.6,65.09,66.01,3197,2.08,2026-09-29
KOTIC,EQ,149.07,154.65,147.42,150.12,151.06,10324,15.46,2026-09-29
KOTYARK,EQ,26.95,30.9,24.55,29.39,26.47,1583442,438.82,2026-09-29
KOVAI,EQ,6079.5,6079.5,5974.0,6013.5,6025.0,3341,200.27,2026-09-29
KPEL,EQ,220.0,225.0,215.64,224.03,220.54,215474,475.57,2026-09-29
KPIGREEN,EQ,356.0,373.5,351.5,371.25,357.35,3575742,13055.11,2026-09-29
KPIL,EQ,1378.0,1390.0,1345.1,1365.1,1375.6,186265,2548.3,2026-09-29
KPITTECH,EQ,510.25,519.7,495.5,519.7,509.0,3351279,17008.87,2026-09-29
KPL,EQ,3565.4,3691.4,3558.9,3625.1,3576.9,18009,653.53,2026-09-29
KPRMILL,EQ,1099.8,1102.9,1066.3,1081.5,1101.2,160547,1744.83,2026-09-29
KRBL,EQ,382.0,390.0,379.25,386.2,382.95,320487,1233.04,2026-09-29
KREBSBIO,EQ,58.75,58.75,55.2,56.42,57.58,6270,3.55,2026-09-29
KRIDHANINF,EQ,1.9,1.9,1.83,1.88,1.89,17885,0.33,2026-09-29
KRISHANA,EQ,186.99,186.99,183.5,185.19,186.42,331174,614.39,2026-09-29
KRISHIVAL,EQ,414.0,415.0,400.25,403.95,413.65,18076,73.6,2026-09-29
KRISHNADEF,EQ,995.8,1030.0,986.6,1013.0,995.8,49354,497.23,2026-09-29
KRITI,EQ,60.27,62.5,60.27,62.41,60.27,7772,4.81,2026-09-29
KRITIKA,EQ,5.12,5.12,4.62,5.01,5.0,160481,7.81,2026-09-29
KRITINUT,EQ,75.99,75.99,71.91,72.52,75.54,40415,29.4,2026-09-29
KRN,EQ,1409.0,1455.0,1362.1,1443.1,1387.4,385834,5432.15,2026-09-29
KROSS,EQ,260.0,267.93,251.94,261.83,260.23,849539,2213.04,2026-09-29
KRSNAA,EQ,540.0,559.0,529.0,553.6,534.05,158426,863.34,2026-09-29
KRYSTAL,EQ,621.4,624.0,612.0,619.75,621.65,3889,24.06,2026-09-29
KSB,EQ,801.25,855.0,796.55,824.8,801.25,755002,6184.95,2026-09-29
KSCL,EQ,770.0,785.0,731.25,742.1,769.5,375646,2802.41,2026-09-29
KSE,EQ,179.9,180.9,176.0,177.99,179.32,5760,10.23,2026-09-29
KSHINTL,EQ,988.0,1035.0,985.25,1028.4,984.55,216731,2195.11,2026-09-29
KSL,EQ,953.0,976.8,934.0,964.35,952.35,77343,741.35,2026-09-29
KSOLVES,EQ,245.6,249.6,243.05,247.4,245.5,25013,61.71,2026-09-29
KTKBANK,EQ,322.0,326.1,317.35,324.25,321.85,1248849,4027.42,2026-09-29
KUANTUM,EQ,76.94,79.59,76.0,76.73,76.71,117773,91.71,2026-09-29
KUSUMGAR,EQ,619.9,628.85,600.05,606.25,617.35,228768,1411.19,2026-09-29
KWIL,EQ,40.09,41.8,39.61,41.0,39.81,14145023,5779.49,2026-09-29
LAGNAM,EQ,73.99,73.99,71.12,72.02,73.02,12935,9.33,2026-09-29
LAHOTIOV,EQ,41.0,41.0,39.19,39.26,40.2,4167,1.66,2026-09-29
LAKSHMIMIL,EQ,7600.0,7799.5,7500.5,7620.0,7689.5,65,4.92,2026-09-29
LAL,EQ,8.76,8.76,8.53,8.55,8.69,4755,0.41,2026-09-29
LALITHAA,EQ,358.0,375.0,357.35,375.0,357.15,6239745,23271.58,2026-09-29
LALPATHLAB,EQ,1943.6,1971.4,1930.6,1950.4,1942.1,401450,7853.05,2026-09-29
LAMBODHARA,EQ,137.79,137.99,131.5,135.41,135.19,14809,19.8,2026-09-29
LANCER,EQ,11.41,11.95,10.68,11.41,11.62,178590,20.3,2026-09-29
LANDMARK,EQ,484.0,537.85,475.0,487.0,475.9,16779945,87208.19,2026-09-29
LANDSMILL,EQ,0.85,0.88,0.76,0.88,0.74,18968243,159.36,2026-09-29
LAOPALA,EQ,156.0,157.99,153.01,156.71,155.88,79146,122.92,2026-09-29
LARGEMID50,EQ,34.58,34.62,34.35,34.54,34.69,5096,1.76,2026-09-29
LASERPOWER,EQ,263.9,273.7,257.15,270.45,262.4,755964,2014.3,2026-09-29
LATENTVIEW,EQ,241.5,244.5,234.25,235.5,241.6,1133664,2688.99,2026-09-29
LATTEYS,EQ,20.75,20.95,20.33,20.59,20.75,29919,6.16,2026-09-29
LAURUSLABS,EQ,2020.7,2024.9,1979.0,1979.0,2010.7,2431575,48714.53,2026-09-29
LAXMICOT,EQ,13.1,13.4,12.69,12.85,13.25,9658,1.28,2026-09-29
LAXMIDENTL,EQ,193.26,194.9,191.22,192.49,192.7,34056,65.67,2026-09-29
LAXMIINDIA,EQ,118.84,121.0,114.51,118.84,118.26,141482,167.73,2026-09-29
LCCINFOTEC,EQ,4.06,4.16,3.82,3.9,4.02,165072,6.6,2026-09-29
LCCPROJECT,EQ,149.5,152.5,148.12,150.82,149.35,1143036,1723.23,2026-09-29
LCL,EQ,571.35,589.1,564.25,581.65,570.2,282585,1636.1,2026-09-29
LEAPIND,EQ,135.0,139.6,133.94,137.44,135.36,1202434,1647.32,2026-09-29
LEMERITE,EQ,19.15,20.3,19.01,19.95,20.01,618998,119.69,2026-09-29
LEMONTREE,EQ,103.82,104.7,102.0,104.17,103.82,1918428,1987.66,2026-09-29
LENSKART,EQ,655.2,682.6,648.3,674.6,655.2,6208921,41518.62,2026-09-29
LEXUS,EQ,12.44,12.44,11.32,11.82,12.18,25447,3.03,2026-09-29
LFIC,EQ,130.0,132.9,129.06,129.51,131.49,1151,1.49,2026-09-29
LGBBROSLTD,EQ,1730.4,1742.5,1699.8,1730.1,1730.6,26837,462.68,2026-09-29
LGEINDIA,EQ,1724.0,1743.9,1704.1,1739.2,1730.7,622387,10771.35,2026-09-29
LGHL,EQ,184.92,185.0,178.0,178.72,181.28,7220,13.18,2026-09-29
LIBAS,EQ,11.52,12.29,11.21,11.98,11.47,62782,7.36,2026-09-29
LIBERTSHOE,EQ,229.06,229.06,221.05,225.54,226.2,15992,35.86,2026-09-29
LICHSGFIN,EQ,564.55,566.75,548.5,548.5,564.15,2870480,16068.23,2026-09-29
LICI,EQ,400.0,401.0,390.0,390.0,400.65,9662972,38339.54,2026-09-29
LICMFGOLD,EQ,132.6,132.7,130.75,131.75,132.2,36707,48.36,2026-09-29
LICNETFGSC,EQ,28.98,29.12,28.9,29.06,28.98,204722,59.39,2026-09-29
LICNETFN50,EQ,262.57,262.57,254.06,256.9,256.17,463,1.18,2026-09-29
LICNETFSEN,EQ,824.0,824.0,804.15,804.15,824.3,2,0.02,2026-09-29
LICNFNHGP,EQ,270.81,271.47,258.0,268.85,265.5,181,0.48,2026-09-29
LICNMID100,EQ,61.35,62.55,59.26,60.29,62.75,30506,18.46,2026-09-29
LIKHITHA,EQ,228.63,228.63,221.0,222.85,228.63,23060,51.71,2026-09-29
LINC,EQ,89.86,91.73,88.0,88.84,89.65,132429,118.99,2026-09-29
LINCOLN,EQ,583.0,595.9,582.0,584.3,581.85,15006,87.81,2026-09-29
LINDEINDIA,EQ,6190.0,6335.0,6175.0,6199.5,6191.0,32043,1997.34,2026-09-29
LIQGRWBEES,EQ,1057.37,1057.39,1057.36,1057.36,1057.23,121996,1289.94,2026-09-29
LIQUID,EQ,999.99,1000.0,999.99,999.99,999.99,319932,3199.3,2026-09-29
LIQUID1,EQ,1124.7,1147.04,1122.98,1124.68,1124.55,1751016,19695.87,2026-09-29
LIQUIDADD,EQ,1152.4,1152.4,1146.82,1146.82,1146.67,706908,8107.06,2026-09-29
LIQUIDBEES,EQ,1000.0,1000.01,994.99,1000.0,999.99,6333869,63338.8,2026-09-29
LIQUIDBETF,EQ,1100.77,1100.77,1100.75,1100.75,1100.63,290803,3201.04,2026-09-29
LIQUIDCASE,EQ,116.12,116.14,116.12,116.12,116.11,28943277,33610.97,2026-09-29
LIQUIDETF,EQ,999.99,1000.01,999.99,999.99,999.99,68481,684.81,2026-09-29
LIQUIDIETF,EQ,1000.0,1000.01,999.99,999.99,999.99,235047,2350.47,2026-09-29
LIQUIDPLUS,EQ,1106.75,1110.62,1105.23,1105.23,1105.09,560381,6193.6,2026-09-29
LIQUIDSBI,EQ,999.99,1000.01,999.99,1000.0,999.99,2804,28.04,2026-09-29
LIQUIDSHRI,EQ,1123.4,1123.42,1123.4,1123.41,1123.27,4650,52.24,2026-09-29
LKPSEC,EQ,13.9,14.44,13.7,14.27,13.76,4705,0.66,2026-09-29
LLOYDSENGG,EQ,95.97,103.45,95.1,102.19,95.97,39990276,40090.47,2026-09-29
LLOYDSENT,EQ,76.3,80.4,75.12,79.13,76.33,4987982,3913.06,2026-09-29
LLOYDSME,EQ,1840.3,1908.1,1822.7,1902.2,1836.3,459165,8628.42,2026-09-29
LMW,EQ,16967.0,17111.0,16761.0,16957.0,16966.0,2629,445.81,2026-09-29
LODHA,EQ,1121.0,1128.0,1096.3,1106.6,1117.1,7960815,88424.1,2026-09-29
LOKESHMACH,EQ,335.0,347.65,319.0,341.55,326.1,34155,114.45,2026-09-29
LORDSCHLO,EQ,151.0,151.0,139.01,140.34,148.2,26426,37.56,2026-09-29
LOTUSCHO,EQ,556.1,567.0,544.0,554.55,564.2,5152,28.42,2026-09-29
LOTUSEYE,EQ,115.0,117.0,112.62,113.2,114.78,11294,12.9,2026-09-29
LOVABLE,EQ,70.99,71.78,69.75,71.0,70.21,8575,6.03,2026-09-29
LOWVOL,EQ,195.08,195.39,194.4,195.1,195.72,1124,2.19,2026-09-29
LOWVOL1,EQ,20.31,20.31,19.84,19.88,20.16,157672,31.48,2026-09-29
LOWVOLIETF,EQ,21.12,21.39,20.59,20.85,21.0,959949,200.04,2026-09-29
LOYALTEX,EQ,210.1,212.99,206.25,207.28,211.73,475,0.99,2026-09-29
LPDC,EQ,6.14,6.53,6.14,6.22,6.41,66105,4.1,2026-09-29
LT,EQ,3768.0,3791.8,3740.2,3749.1,3766.4,2546475,95767.48,2026-09-29
LTF,EQ,279.5,281.3,269.45,271.05,280.85,13974932,38141.36,2026-09-29
LTFOODS,EQ,407.0,413.8,401.2,402.8,408.5,351308,1428.52,2026-09-29
LTGILTBEES,EQ,29.52,29.6,29.52,29.55,29.52,1180432,348.86,2026-09-29
LTGILTCASE,EQ,30.69,30.69,30.1,30.15,30.09,70790,21.34,2026-09-29
LTM,EQ,4091.4,4183.6,3936.0,3936.0,4091.4,1014142,41401.17,2026-09-29
LTTS,EQ,3211.6,3227.3,3051.8,3081.6,3211.6,114793,3575.08,2026-09-29
LUMAXIND,EQ,5651.0,5861.5,5607.0,5691.5,5676.0,25442,1460.11,2026-09-29
LUMAXTECH,EQ,2032.0,2035.9,1972.3,2011.7,2032.0,79524,1597.9,2026-09-29
LUMINO,EQ,104.61,106.45,103.53,104.4,104.79,3576565,3748.37,2026-09-29
LUPIN,EQ,2076.0,2097.1,2052.1,2052.1,2062.0,942745,19551.85,2026-09-29
LUXIND,EQ,1112.1,1130.9,1094.5,1103.6,1124.6,19114,212.25,2026-09-29
LXCHEM,EQ,177.56,178.99,172.72,176.49,177.47,922542,1625.92,2026-09-29
M&M,EQ,2986.0,2991.0,2947.8,2947.8,2995.0,3270487,96949.64,2026-09-29
M&MFIN,EQ,327.0,331.35,325.3,328.05,331.75,1791118,5882.37,2026-09-29
MAANALU,EQ,102.9,102.9,99.76,100.62,100.86,25135,25.35,2026-09-29
MACPOWER,EQ,2190.0,2190.0,2085.3,2128.1,2194.6,55501,1175.69,2026-09-29
MADHAV,EQ,35.1,35.5,34.2,34.81,35.82,107,0.04,2026-09-29
MADHAVIPL,EQ,7.4,7.6,7.21,7.41,7.39,57075,4.24,2026-09-29
MADHUCON,EQ,4.14,4.14,3.88,4.05,3.99,18329,0.73,2026-09-29
MADRASFERT,EQ,60.4,60.4,58.11,58.55,59.18,29421,17.23,2026-09-29
MAFANG,EQ,241.35,243.44,231.08,238.14,236.35,450616,1073.61,2026-09-29
MAFATIND,EQ,115.3,116.99,115.2,115.29,115.41,17637,20.44,2026-09-29
MAGADSUGAR,EQ,544.85,545.1,528.1,536.7,541.2,12714,68.18,2026-09-29
MAGNUM,EQ,19.0,19.0,18.52,18.57,18.88,6746,1.26,2026-09-29
MAHABANK,EQ,80.7,80.74,79.16,79.16,80.85,23053186,18434.32,2026-09-29
MAHAPEXLTD,EQ,50.65,52.5,50.21,50.82,51.08,5068,2.61,2026-09-29
MAHEPC,EQ,98.9,98.9,95.3,96.78,97.06,12834,12.4,2026-09-29
MAHESHWARI,EQ,72.0,74.5,70.8,73.53,71.61,15307,11.11,2026-09-29
MAHKTECH,EQ,21.93,22.08,21.61,21.9,21.94,521137,114.11,2026-09-29
MAHLIFE,EQ,361.0,364.1,354.4,361.0,363.1,88650,319.42,2026-09-29
MAHLOG,EQ,420.1,436.4,415.8,425.7,421.8,458867,1970.58,2026-09-29
MAHSCOOTER,EQ,12804.0,12804.0,12110.0,12341.0,12804.0,33036,4069.61,2026-09-29
MAHSEAMLES,EQ,710.8,726.65,698.0,721.85,714.35,534025,3817.01,2026-09-29
MAITHANALL,EQ,940.0,941.45,921.55,928.2,939.0,39509,367.38,2026-09-29
MAKEINDIA,EQ,160.83,160.83,157.75,158.6,159.19,37833,59.92,2026-09-29
MAKERSL,EQ,180.05,188.3,179.99,181.38,181.13,1347,2.44,2026-09-29
MALLCOM,EQ,937.7,949.55,935.0,939.65,937.9,535,5.04,2026-09-29
MALUPAPER,EQ,31.7,32.29,31.25,31.68,31.9,6545,2.07,2026-09-29
MAMATA,EQ,400.0,407.95,392.0,399.5,401.2,54563,218.1,2026-09-29
MANAKALUCO,EQ,35.4,35.4,34.1,34.71,34.39,34937,12.03,2026-09-29
MANAKCOAT,EQ,125.54,128.59,125.13,127.29,125.54,216998,275.47,2026-09-29
MANAKSIA,EQ,60.02,62.4,58.53,61.66,60.19,78476,47.55,2026-09-29
MANALIPETC,EQ,82.09,82.44,78.82,80.18,82.02,1173799,943.74,2026-09-29
MANAPPURAM,EQ,312.5,317.8,308.55,316.45,313.0,9763639,30661.58,2026-09-29
MANBA,EQ,137.11,140.89,136.5,136.52,137.68,206749,285.08,2026-09-29
MANCREDIT,EQ,216.0,220.0,213.82,217.36,217.4,150144,327.56,2026-09-29
MANGALAM,EQ,30.5,32.19,30.11,31.39,30.9,30962,9.68,2026-09-29
MANGLMCEM,EQ,1000.0,1023.0,981.7,985.8,1000.5,47664,474.57,2026-09-29
MANINDS,EQ,950.1,970.2,900.15,959.6,953.35,1000872,9441.18,2026-09-29
MANINFRA,EQ,126.95,130.0,125.11,127.9,127.43,2651032,3375.86,2026-09-29
MANIPALHOS,EQ,719.9,760.0,717.1,747.75,722.5,1423408,10582.41,2026-09-29
MANKIND,EQ,2436.8,2559.0,2436.8,2545.0,2435.6,1973968,49810.11,2026-09-29
MANOMAY,EQ,230.9,238.0,229.18,236.46,228.58,363665,853.17,2026-09-29
MANORAMA,EQ,1865.1,1895.4,1832.5,1863.5,1865.1,162648,3036.35,2026-09-29
MANORG,EQ,452.15,459.7,445.0,447.7,446.55,4540,20.48,2026-09-29
MANUFGBEES,EQ,158.0,158.0,153.83,156.03,157.89,17175,26.86,2026-09-29
MANYAVAR,EQ,540.0,540.0,529.05,531.7,541.3,127295,677.58,2026-09-29
MAPMYINDIA,EQ,870.1,873.9,840.0,845.2,866.1,329311,2804.94,2026-09-29
MARALOVER,EQ,61.29,64.75,60.0,61.09,59.37,23652,14.64,2026-09-29
MARATHON,EQ,389.65,400.0,382.2,384.9,392.8,56359,218.56,2026-09-29
MARICO,EQ,805.1,809.1,787.15,787.15,813.25,1626109,13000.95,2026-09-29
MARINE,EQ,429.3,444.5,423.0,438.25,428.2,1949017,8513.7,2026-09-29
MARKOLINES,EQ,168.61,168.78,165.1,167.82,168.21,83177,139.46,2026-09-29
MARKSANS,EQ,333.0,347.4,332.95,342.75,331.55,4594619,15735.36,2026-09-29
MARSONS,EQ,120.13,121.9,117.5,117.96,120.13,1466921,1749.49,2026-09-29
MARUTI,EQ,12046.0,12046.0,11831.0,11877.0,12008.0,519770,61990.32,2026-09-29
MASFIN,EQ,279.0,287.0,273.15,281.4,279.1,224150,623.26,2026-09-29
MASKINVEST,EQ,148.0,148.79,141.71,147.18,141.71,57,0.08,2026-09-29
MASPTOP50,EQ,96.57,101.0,96.31,99.5,98.54,546525,537.71,2026-09-29
MASTEK,EQ,1559.8,1569.0,1518.0,1523.4,1555.9,56384,865.62,2026-09-29
MASTERTR,EQ,82.5,83.66,81.95,83.11,83.13,120809,100.03,2026-09-29
MATRIMONY,EQ,524.9,530.95,511.0,519.25,521.35,11775,61.66,2026-09-29
MAWANASUG,EQ,146.5,147.65,141.7,145.05,145.9,302819,438.25,2026-09-29
MAXESTATES,EQ,574.9,576.95,559.4,569.25,571.85,80560,457.2,2026-09-29
MAXHEALTH,EQ,993.0,1000.1,979.0,982.1,1000.1,2611378,25811.51,2026-09-29
MAXIND,EQ,153.27,162.0,152.75,160.24,155.35,144805,227.18,2026-09-29
MAYURUNIQ,EQ,717.05,739.5,708.95,727.25,717.05,74060,539.06,2026-09-29
MAZDOCK,EQ,2136.0,2137.4,2087.1,2087.1,2138.0,738710,15548.43,2026-09-29
MBAPL,EQ,166.0,170.5,164.02,166.84,166.81,1701743,2861.55,2026-09-29
MBEL,EQ,250.35,254.95,245.8,251.5,251.85,90202,226.13,2026-09-29
MBLINFRA,EQ,20.8,21.84,20.71,21.77,20.8,141641,30.55,2026-09-29
MCCHRLS-B,EQ,702.0,702.0,655.0,695.35,677.9,848,5.58,2026-09-29
MCL,EQ,58.02,58.79,57.06,57.64,58.6,44594,25.87,2026-09-29
MCLEODRUSS,EQ,42.92,44.18,42.92,43.56,43.67,185587,80.81,2026-09-29
MCLOUD,EQ,23.96,26.2,23.52,25.12,23.95,10129306,2565.76,2026-09-29
MCX,EQ,3248.0,3344.0,3232.0,3232.0,3263.5,2094968,69153.64,2026-09-29
MEDANTA,EQ,1440.8,1452.5,1402.0,1415.1,1433.4,205609,2908.86,2026-09-29
MEDIASSIST,EQ,308.0,310.35,303.0,306.7,307.75,251204,772.25,2026-09-29
MEDICO,EQ,22.51,23.69,20.47,21.84,22.3,1914068,419.28,2026-09-29
MEDPLUS,EQ,656.0,657.55,652.0,654.0,653.0,90377,591.32,2026-09-29
MEESHO,EQ,216.83,226.41,211.77,223.21,216.83,31046538,68171.81,2026-09-29
MEGASTAR,EQ,262.0,271.9,236.05,253.15,248.3,19735,50.72,2026-09-29
MEIL,EQ,269.35,269.35,261.2,266.4,269.35,37214,98.53,2026-09-29
MENONBE,EQ,289.5,304.45,275.0,291.1,290.85,161630,465.58,2026-09-29
MERCANTILE,EQ,22.02,22.7,22.0,22.14,23.16,434,0.1,2026-09-29
MERCURYEV,EQ,38.37,38.92,36.27,38.69,38.93,192944,73.28,2026-09-29
METAL,EQ,13.28,13.28,12.37,13.02,12.96,1791595,232.64,2026-09-29
METALIETF,EQ,12.91,13.06,12.78,13.02,12.91,6311086,815.19,2026-09-29
METROBRAND,EQ,879.0,881.9,856.05,872.15,875.15,17677,153.4,2026-09-29
METROGLOBL,EQ,131.99,132.0,127.1,131.9,130.0,461,0.6,2026-09-29
METROPOLIS,EQ,572.85,580.85,560.2,562.3,572.3,249077,1409.92,2026-09-29
MFML,EQ,18.11,19.51,18.11,18.46,18.46,1442,0.28,2026-09-29
MFSL,EQ,1459.9,1459.9,1381.0,1392.4,1444.0,955322,13328.97,2026-09-29
MGEL,EQ,16.08,16.2,15.55,16.11,15.97,591494,94.49,2026-09-29
MGL,EQ,1048.8,1063.5,1035.0,1050.5,1048.8,113670,1195.15,2026-09-29
MHRIL,EQ,195.92,196.82,192.85,194.49,195.92,55373,107.82,2026-09-29
MID150,EQ,22.2,22.88,22.06,22.23,22.51,178874,40.35,2026-09-29
MID150BEES,EQ,229.99,229.99,226.11,227.38,228.59,1006465,2289.32,2026-09-29
MID150CASE,EQ,11.41,11.41,11.0,11.06,11.14,1753428,194.17,2026-09-29
MIDBANKADD,EQ,16.5,16.7,16.26,16.46,16.52,105024,17.11,2026-09-29
MIDCAP,EQ,17.64,17.66,17.39,17.52,17.64,744225,130.39,2026-09-29
MIDCAPADD,EQ,22.62,22.62,21.91,22.06,22.18,8405,1.85,2026-09-29
MIDCAPBETA,EQ,225.0,227.49,221.7,224.61,229.85,9566,21.36,2026-09-29
MIDCAPETF,EQ,22.65,22.65,22.35,22.44,22.58,2885175,648.22,2026-09-29
MIDCAPIETF,EQ,22.91,22.95,22.6,22.75,22.9,1267300,288.29,2026-09-29
MIDHANI,EQ,412.3,427.0,406.05,419.1,416.0,937182,3923.93,2026-09-29
MIDQ50ADD,EQ,24.25,24.25,23.67,23.78,24.01,106238,25.24,2026-09-29
MIDSELIETF,EQ,18.82,18.98,18.56,18.72,18.82,277242,51.81,2026-09-29
MIDSMALL,EQ,50.26,50.39,49.75,49.98,50.25,254332,127.2,2026-09-29
MIDWESTLTD,EQ,895.1,901.1,869.0,877.0,899.9,60800,537.34,2026-09-29
MIIL,EQ,697.0,702.0,676.65,692.05,686.65,59879,409.51,2026-09-29
MINDACORP,EQ,670.0,678.25,661.0,672.75,673.0,509602,3422.77,2026-09-29
MINDTECK,EQ,152.61,156.5,150.8,153.34,153.62,18274,28.05,2026-09-29
MIRZAINT,EQ,29.0,29.0,28.0,28.09,28.68,100699,28.4,2026-09-29
MITCON,EQ,82.0,85.5,79.0,82.66,83.2,82800,67.92,2026-09-29
MITTAL,EQ,0.72,0.73,0.71,0.72,0.71,626550,4.51,2026-09-29
MKEXIM,EQ,69.99,69.99,65.65,66.72,69.35,9728,6.52,2026-09-29
MKPL,EQ,4.04,4.04,3.9,3.92,3.97,133265,5.25,2026-09-29
MLKFOOD,EQ,84.06,85.0,80.0,84.24,83.65,8471,6.98,2026-09-29
MMFL,EQ,604.0,617.5,596.2,612.5,604.5,48405,294.29,2026-09-29
MMP,EQ,452.25,461.65,442.7,447.55,452.25,88251,398.98,2026-09-29
MMTC,EQ,56.1,57.68,55.72,56.76,56.4,1284719,728.56,2026-09-29
MMWL,EQ,14.9,14.9,13.99,14.12,14.56,4355,0.62,2026-09-29
MNC,EQ,32.0,32.97,31.2,31.77,31.93,121051,38.54,2026-09-29
MOALPHA50,EQ,54.65,56.5,52.79,54.9,54.64,18602,10.1,2026-09-29
MOBANK10,EQ,16.38,16.48,15.9,16.04,16.2,1562,0.25,2026-09-29
MOBIKWIK,EQ,198.25,199.18,192.82,194.93,199.06,715786,1398.02,2026-09-29
MOCAPITAL,EQ,53.01,53.01,51.2,51.55,51.77,714705,368.78,2026-09-29
MODEFENCE,EQ,101.6,101.76,99.81,101.29,101.45,1106009,1114.15,2026-09-29
MODINATUR,EQ,339.7,347.9,333.25,339.65,338.6,2579,8.77,2026-09-29
MODIRUBBER,EQ,120.9,122.5,111.0,121.89,121.0,5863,6.96,2026-09-29
MODIS,EQ,360.1,373.0,356.1,367.15,362.85,59405,219.15,2026-09-29
MODTHREAD,EQ,47.8,47.98,47.19,47.19,47.75,2325,1.11,2026-09-29
MOENERGY,EQ,37.04,37.48,36.31,36.92,37.05,93404,34.32,2026-09-29
MOGOLD,EQ,145.45,145.45,143.65,144.45,145.05,17008,24.58,2026-09-29
MOGSEC,EQ,65.12,65.3,64.65,64.66,64.51,5204,3.38,2026-09-29
MOHEALTH,EQ,50.78,52.89,50.78,52.21,52.09,27494,14.31,2026-09-29
MOHITE,EQ,2.46,2.54,2.37,2.53,2.4,25190,0.62,2026-09-29
MOHITIND,EQ,23.0,23.48,22.63,22.97,22.89,11464,2.64,2026-09-29
MOIL,EQ,242.75,244.5,237.1,243.96,242.05,474777,1147.64,2026-09-29
MOINFRA,EQ,56.88,56.88,56.0,56.62,56.77,4097,2.31,2026-09-29
MOIPO,EQ,46.36,46.59,45.22,46.43,46.36,4149,1.92,2026-09-29
MOKSH,EQ,10.0,10.0,9.51,9.6,9.8,71208,6.88,2026-09-29
MOL,EQ,56.9,57.88,56.05,57.27,56.96,538823,307.29,2026-09-29
MOLBIO,EQ,1231.2,1275.0,1221.0,1255.6,1237.5,435362,5440.81,2026-09-29
MOLDTKPAC,EQ,650.0,653.05,637.0,642.95,649.4,52648,338.52,2026-09-29
MOLOWVOL,EQ,34.71,34.71,33.62,34.57,34.75,1001288,342.16,2026-09-29
MOM100,EQ,64.83,65.19,63.97,64.55,64.83,403190,259.5,2026-09-29
MOM30IETF,EQ,30.19,30.5,29.93,30.3,30.19,1034536,312.29,2026-09-29
MOM50,EQ,241.95,241.95,237.0,239.16,239.55,4690,11.17,2026-09-29
MOMENTUM,EQ,30.25,30.25,29.55,30.01,29.95,35857,10.73,2026-09-29
MOMENTUM30,EQ,29.24,30.2,29.24,29.86,29.72,12864,3.84,2026-09-29
MOMENTUM50,EQ,52.05,52.76,52.01,52.47,52.45,856684,448.2,2026-09-29
MOMETAL,EQ,12.9,13.43,12.6,13.02,12.7,19366,2.49,2026-09-29
MOMGF,EQ,157.08,157.08,152.55,155.86,156.3,830,1.28,2026-09-29
MOMIDMTM,EQ,62.22,62.95,61.6,61.96,62.22,46592,28.94,2026-09-29
MOMMIDCAP,EQ,12.51,12.58,12.41,12.51,12.51,1369326,171.14,2026-09-29
MOMNC,EQ,31.03,31.03,30.0,30.67,30.88,1394,0.42,2026-09-29
MOMOMENTUM,EQ,60.3,60.38,59.3,60.34,59.82,162377,97.2,2026-09-29
MOMSBELIEF,EQ,234.0,267.61,232.0,255.96,223.01,2681284,6876.53,2026-09-29
MON100,EQ,320.62,328.0,318.18,319.64,323.86,1057693,3404.58,2026-09-29
MON50EQUAL,EQ,31.6,32.26,31.45,31.74,31.78,16116,5.1,2026-09-29
MONARCH,EQ,348.05,352.05,334.75,343.05,350.1,93763,321.57,2026-09-29
MONEXT50,EQ,70.39,70.95,69.3,70.31,70.39,3769,2.64,2026-09-29
MONEYBOXX,EQ,49.84,51.08,46.22,51.08,48.65,101060,49.3,2026-09-29
MONIFTY100,EQ,24.43,24.43,23.92,24.08,24.19,22657,5.45,2026-09-29
MONIFTY500,EQ,22.97,22.99,22.58,22.79,22.88,648591,147.21,2026-09-29
MONQ50,EQ,194.0,194.7,179.61,188.41,188.62,841441,1579.3,2026-09-29
MONTECARLO,EQ,515.75,519.85,509.0,516.75,514.05,32099,165.09,2026-09-29
MOOILGAS,EQ,10.85,10.95,10.52,10.72,10.84,6786,0.72,2026-09-29
MOPSE,EQ,94.1,98.0,94.1,96.74,96.15,1470,1.41,2026-09-29
MOQUALITY,EQ,194.0,194.0,186.53,188.62,191.33,10959,20.72,2026-09-29
MOREALTY,EQ,85.34,85.58,84.27,84.51,85.33,249162,211.15,2026-09-29
MOREPENLAB,EQ,120.8,122.69,117.37,118.8,120.71,12759041,15270.23,2026-09-29
MOSCHIP,EQ,199.61,201.49,195.3,198.47,200.21,1162679,2306.88,2026-09-29
MOSERVICE,EQ,29.38,29.4,29.1,29.32,29.24,4597,1.35,2026-09-29
MOSILVER,EQ,217.02,217.98,215.7,216.31,217.92,24908,53.9,2026-09-29
MOSMALL250,EQ,18.0,18.1,17.75,17.92,18.0,1164979,208.7,2026-09-29
MOTHERSON,EQ,162.08,163.24,158.56,158.56,162.37,14156331,22832.55,2026-09-29
MOTILALOFS,EQ,1002.0,1013.8,995.5,996.2,1011.6,873780,8769.38,2026-09-29
MOTISONS,EQ,18.08,18.2,17.5,17.62,18.04,38419101,6818.63,2026-09-29
MOTOGENFIN,EQ,26.65,26.65,25.5,25.57,25.7,14323,3.7,2026-09-29
MOTOUR,EQ,75.25,76.97,74.48,75.66,75.95,10272,7.75,2026-09-29
MOVALUE,EQ,109.6,109.6,106.71,107.9,108.52,59763,64.19,2026-09-29
MPHASIS,EQ,2238.0,2238.9,2154.4,2154.4,2237.5,420858,9223.13,2026-09-29
MPIMANIPAL,EQ,393.7,458.0,388.7,417.4,387.1,13139195,56132.89,2026-09-29
MPSLTD,EQ,2611.0,2684.8,2601.1,2634.7,2631.7,12743,336.65,2026-09-29
MRF,EQ,123550.0,124290.0,122750.0,123080.0,123425.0,2824,3478.94,2026-09-29
MRPL,EQ,169.5,177.49,168.06,171.65,169.8,15901075,27641.92,2026-09-29
MSCI360,EQ,9.89,9.89,9.56,9.77,9.64,11703,1.13,2026-09-29
MSCIADD,EQ,28.06,28.08,27.83,27.95,28.45,2793,0.78,2026-09-29
MSCIINDIA,EQ,28.28,28.78,27.66,28.04,28.3,49618,13.92,2026-09-29
MSPL,EQ,32.76,34.85,32.64,33.55,32.99,1388148,468.01,2026-09-29
MSTCLTD,EQ,711.95,719.95,705.5,713.05,710.4,158293,1128.87,2026-09-29
MSUMI,EQ,34.8,34.87,33.93,34.36,34.8,8000741,2755.39,2026-09-29
MTNL,EQ,22.62,23.32,22.57,23.18,22.94,691310,159.04,2026-09-29
MUFIN,EQ,129.5,133.99,127.9,132.15,130.16,2236803,2948.6,2026-09-29
MUFTI,EQ,69.01,70.19,68.51,69.28,69.49,40683,28.26,2026-09-29
MUKANDLTD,EQ,170.4,174.2,165.41,172.49,171.03,821432,1405.01,2026-09-29
MUKTAARTS,EQ,56.89,56.89,55.11,56.57,57.12,513,0.29,2026-09-29
MULTICAP,EQ,16.38,16.38,15.86,15.96,16.06,364187,58.25,2026-09-29
MUNJALAU,EQ,105.71,107.9,104.12,106.48,106.87,155908,164.72,2026-09-29
MUNJALSHOW,EQ,124.26,127.3,122.36,126.32,124.26,46785,58.76,2026-09-29
MURUDCERA,EQ,28.05,28.3,27.86,28.0,28.12,33172,9.32,2026-09-29
MUTHOOTCAP,EQ,221.17,226.75,216.44,217.07,221.17,19275,42.22,2026-09-29
MUTHOOTFIN,EQ,2748.0,2764.1,2706.5,2736.8,2760.0,1190791,32657.53,2026-09-29
MUTHOOTMF,EQ,178.96,180.55,175.44,177.64,178.84,151414,269.1,2026-09-29
MVELECTRO,EQ,789.9,859.0,781.3,838.05,786.35,1626209,13463.27,2026-09-29
MVGJL,EQ,216.3,219.54,207.0,212.6,215.94,172011,365.71,2026-09-29
MWL,EQ,43.76,44.89,43.06,43.4,43.46,396017,174.35,2026-09-29
NACLIND,EQ,136.86,137.96,129.75,132.45,136.53,1047618,1401.29,2026-09-29
NAGREEKCAP,EQ,25.5,27.5,25.5,26.05,26.32,3154,0.83,2026-09-29
NAGREEKEXP,EQ,21.42,22.75,20.99,22.09,22.31,35608,7.65,2026-09-29
NAHARCAP,EQ,249.5,249.5,230.0,237.6,243.75,8969,21.11,2026-09-29
NAHARINDUS,EQ,130.05,132.99,126.24,130.17,127.47,34383,44.92,2026-09-29
NAHARPOLY,EQ,224.94,235.0,221.11,230.27,221.85,3674,8.35,2026-09-29
NAHARSPING,EQ,278.0,278.55,259.2,261.75,267.3,46373,121.28,2026-09-29
NAM-INDIA,EQ,1090.0,1097.7,1068.0,1068.0,1093.9,983587,10653.7,2026-09-29
NARMADA,EQ,13.05,13.3,12.65,12.75,13.05,210383,27.04,2026-09-29
NATCOPHARM,EQ,832.45,851.0,827.75,843.1,828.55,636356,5351.3,2026-09-29
NATHBIOGEN,EQ,145.0,147.0,141.0,142.22,144.12,8389,11.91,2026-09-29
NATIONALUM,EQ,346.45,346.95,341.0,346.65,349.0,7334608,25291.24,2026-09-29
NATIONSTD,EQ,115.62,116.75,113.02,114.54,114.48,4773,5.45,2026-09-29
NAUKRI,EQ,1238.1,1251.3,1232.3,1245.0,1253.9,1242585,15430.16,2026-09-29
NAVA,EQ,543.9,553.55,540.2,545.95,547.0,263953,1449.07,2026-09-29
NAVINFLUOR,EQ,8434.5,8483.5,8211.0,8234.5,8432.5,136712,11341.61,2026-09-29
NAVKARCORP,EQ,86.86,87.99,85.5,86.6,86.86,317322,275.3,2026-09-29
NAVKARURB,EQ,0.91,0.91,0.84,0.86,0.88,1504717,12.87,2026-09-29
NAVNETEDUL,EQ,121.5,122.9,120.35,121.42,121.73,84166,102.27,2026-09-29
NAZARA,EQ,379.0,391.1,372.0,388.4,379.65,2459398,9466.44,2026-09-29
NBCC,EQ,80.16,80.67,78.01,78.01,80.21,8592936,6834.68,2026-09-29
NBIFIN,EQ,1965.2,1966.0,1860.0,1876.6,1948.2,239,4.51,2026-09-29
NCC,EQ,133.83,137.3,126.65,128.27,130.29,28505185,37520.65,2026-09-29
NCLIND,EQ,176.68,178.99,174.0,176.86,175.81,43191,75.76,2026-09-29
NDGL,EQ,2500.0,2540.0,2470.0,2478.1,2509.1,119,2.96,2026-09-29
NDL,EQ,2.73,2.75,2.57,2.62,2.67,1455788,38.48,2026-09-29
NDLVENTURE,EQ,121.43,123.15,119.08,121.49,121.43,5638,6.83,2026-09-29
NDRAUTO,EQ,719.4,746.3,716.05,739.9,721.6,20057,147.48,2026-09-29
NDTV,EQ,69.11,70.25,68.6,69.06,69.11,61864,42.95,2026-09-29
NEAGI,EQ,3483.5,3483.5,3483.5,3483.5,3400.0,2,0.07,2026-09-29
NECLIFE,EQ,10.63,11.08,10.63,10.71,10.72,93379,10.12,2026-09-29
NELCAST,EQ,115.0,121.0,112.6,118.93,116.65,251768,297.5,2026-09-29
NELCO,EQ,922.0,933.45,894.0,922.3,916.45,268542,2455.92,2026-09-29
NEOGEN,EQ,2388.1,2458.5,2370.0,2435.3,2396.3,157182,3818.52,2026-09-29
NEPHROPLUS,EQ,679.95,679.95,660.0,663.4,674.0,599435,4006.36,2026-09-29
NESCO,EQ,1082.3,1082.3,1030.1,1040.5,1086.4,172385,1800.97,2026-09-29
NESTLEIND,EQ,1341.0,1349.1,1333.6,1345.7,1346.0,1748621,23453.11,2026-09-29
NETF,EQ,249.1,251.87,247.0,247.71,249.28,3891,9.64,2026-09-29
NETWEB,EQ,4550.0,4664.0,4453.0,4613.0,4566.5,822138,37567.85,2026-09-29
NETWORK18,EQ,25.98,26.02,25.28,25.88,25.98,2746331,704.74,2026-09-29
NEULANDLAB,EQ,21690.0,21920.0,21170.0,21375.0,21440.0,83910,17986.86,2026-09-29
NEWGEN,EQ,480.0,493.4,465.4,473.0,474.4,2459936,11736.9,2026-09-29
NEXT30ADD,EQ,41.12,41.27,40.82,41.11,41.31,1678,0.69,2026-09-29
NEXT50,EQ,730.65,730.66,718.5,721.7,727.01,81627,591.51,2026-09-29
NEXT50ADD,EQ,70.45,70.74,70.05,70.4,70.89,7188,5.06,2026-09-29
NEXT50BETA,EQ,77.5,77.5,75.3,76.02,76.1,98671,74.73,2026-09-29
NEXT50ETF,EQ,70.99,73.0,70.2,70.98,70.99,91582,65.01,2026-09-29
NEXT50IETF,EQ,74.59,74.59,73.03,73.81,74.42,1548313,1145.02,2026-09-29
NEXTMEDIA,EQ,3.54,3.76,3.54,3.7,3.68,12395,0.45,2026-09-29
NFL,EQ,65.44,65.44,63.7,64.79,65.76,751312,485.3,2026-09-29
NGIL,EQ,40.38,41.75,39.2,39.72,41.2,20795,8.27,2026-09-29
NGLFINE,EQ,2736.0,2948.0,2715.1,2870.9,2730.0,22597,650.76,2026-09-29
NH,EQ,1820.1,1863.0,1761.0,1789.9,1820.1,966399,17346.59,2026-09-29
NHPC,EQ,74.05,74.7,73.3,73.32,74.5,11242484,8276.96,2026-09-29
NIACL,EQ,170.0,171.95,160.05,168.29,169.84,4230836,7106.26,2026-09-29
NIBE,EQ,1237.4,1265.4,1226.8,1238.5,1237.4,37110,462.45,2026-09-29
NIBL,EQ,31.31,32.5,30.91,31.52,31.65,15737,4.96,2026-09-29
NICCOPAR,EQ,80.5,83.0,80.5,81.0,80.5,1332,1.08,2026-09-29
NIF100BEES,EQ,255.0,255.0,251.11,253.21,254.39,44390,112.17,2026-09-29
NIF100IETF,EQ,27.47,27.47,26.43,26.64,26.8,142348,37.86,2026-09-29
NIF500BETA,EQ,36.77,38.25,35.86,37.58,35.86,1011,0.38,2026-09-29
NIFTY1,EQ,253.69,253.69,251.5,252.64,253.69,388108,978.96,2026-09-29
NIFTY100EW,EQ,34.17,34.17,33.46,33.67,33.67,88148,29.75,2026-09-29
NIFTYADD,EQ,243.19,243.19,238.01,239.94,240.87,10717,25.67,2026-09-29
NIFTYAXIS,EQ,252.97,253.62,250.5,252.45,252.96,250413,632.81,2026-09-29
NIFTYBEES,EQ,260.49,260.49,257.9,259.47,260.47,16338797,42297.79,2026-09-29
NIFTYBETA,EQ,254.99,254.99,250.95,252.39,253.56,62271,156.77,2026-09-29
NIFTYBETF,EQ,235.5,237.67,233.0,234.69,235.5,7383,17.29,2026-09-29
NIFTYCASE,EQ,9.32,9.32,8.95,9.16,9.18,1578992,144.16,2026-09-29
NIFTYETF,EQ,248.88,248.88,245.5,247.15,248.49,719461,1774.3,2026-09-29
NIFTYIETF,EQ,259.14,259.14,256.57,257.98,259.14,1178543,3033.37,2026-09-29
NIFTYJBLK,EQ,12.01,12.01,11.56,11.64,11.72,234199,27.25,2026-09-29
NIFTYQLITY,EQ,19.72,20.45,19.72,20.07,20.23,30297,6.08,2026-09-29
NIITLTD,EQ,87.0,87.23,85.49,86.37,86.92,152140,131.31,2026-09-29
NIITMTS,EQ,206.07,209.98,202.72,204.96,205.39,58070,119.17,2026-09-29
NILAINFRA,EQ,6.76,7.04,6.66,6.71,6.83,92036,6.18,2026-09-29
NILASPACES,EQ,11.1,11.35,10.88,11.16,11.0,584546,64.85,2026-09-29
NILE,EQ,1280.0,1305.0,1250.0,1264.7,1279.4,7248,92.64,2026-09-29
NILKAMAL,EQ,1930.9,1969.9,1891.0,1898.9,1918.0,23084,442.97,2026-09-29
NIMBSPROJ,EQ,194.95,198.8,188.82,194.12,198.75,22967,44.68,2026-09-29
NINSYS,EQ,715.8,741.45,696.6,737.15,706.15,5977,43.05,2026-09-29
NIPPOBATRY,EQ,322.7,325.0,317.3,322.7,323.2,640,2.06,2026-09-29
NIRAJ,EQ,28.46,28.9,27.8,28.36,27.9,81568,22.96,2026-09-29
NIRLON,EQ,605.1,609.0,591.05,605.85,608.0,6431,38.78,2026-09-29
NITCO,EQ,84.05,87.5,82.6,86.75,84.61,1505725,1289.68,2026-09-29
NITINSPIN,EQ,593.1,617.0,592.0,606.15,596.45,75325,455.0,2026-09-29
NITIRAJ,EQ,219.65,219.65,203.0,215.74,218.87,2040,4.33,2026-09-29
NITTAGELA,EQ,1718.2,1718.2,1674.2,1702.8,1718.2,2116,35.95,2026-09-29
NIVABUPA,EQ,75.25,75.69,71.98,73.28,75.73,8812877,6462.11,2026-09-29
NKIND,EQ,60.9,62.0,57.0,61.99,61.07,527,0.31,2026-09-29
NLCINDIA,EQ,256.85,260.8,251.2,255.75,256.7,2549158,6535.45,2026-09-29
NMDC,EQ,77.4,77.86,76.02,77.0,77.43,19014554,14661.05,2026-09-29
NOCIL,EQ,175.0,175.0,166.64,169.31,175.17,2487591,4237.93,2026-09-29
NOIDATOLL,EQ,3.64,3.88,3.59,3.65,3.58,469676,17.33,2026-09-29
NORBTEAEXP,EQ,68.0,68.0,64.03,64.9,66.62,3670,2.42,2026-09-29
NORTHARC,EQ,291.15,295.15,287.05,290.75,291.1,1241312,3617.5,2026-09-29
NOVAAGRI,EQ,22.48,22.98,22.2,22.28,22.48,34484,7.7,2026-09-29
NOVARTIND,EQ,1952.9,1990.0,1905.0,1924.1,1935.0,21732,420.04,2026-09-29
NPBET,EQ,272.0,276.0,270.76,274.8,275.23,963,2.64,2026-09-29
NPST,EQ,1634.4,1662.6,1524.0,1653.0,1635.0,122885,1956.72,2026-09-29
NRAIL,EQ,668.45,685.0,640.0,660.5,647.6,15189,100.96,2026-09-29
NRBBEARING,EQ,541.5,549.3,531.8,541.05,541.5,366094,1972.18,2026-09-29
NSIL,EQ,5350.5,5400.0,5340.0,5350.0,5398.5,1228,65.85,2026-09-29
NSLNISP,EQ,41.88,42.42,41.21,41.79,41.78,5493176,2299.8,2026-09-29
NTCIND,EQ,132.52,138.8,130.0,136.46,132.52,519,0.7,2026-09-29
NTPC,EQ,320.5,325.0,317.55,323.5,321.1,11956206,38531.61,2026-09-29
NTPCGREEN,EQ,91.5,92.19,89.65,89.99,92.21,2417700,2192.12,2026-09-29
NUCLEUS,EQ,661.6,661.6,647.7,652.55,661.5,22285,145.61,2026-09-29
NUVAMA,EQ,1635.0,1677.2,1615.7,1652.1,1640.6,295343,4866.98,2026-09-29
NUVOCO,EQ,327.0,337.0,321.5,330.2,325.85,442330,1470.24,2026-09-29
NV20,EQ,13.21,13.39,13.05,13.26,13.21,105531,13.92,2026-09-29
NV20BEES,EQ,133.62,140.0,130.75,132.43,132.3,39737,52.36,2026-09-29
NV20IETF,EQ,12.82,13.15,12.75,12.83,12.89,687742,88.11,2026-09-29
NYKAA,EQ,325.5,329.8,319.25,327.35,325.5,4395026,14324.07,2026-09-29
OAL,EQ,555.0,555.0,530.2,541.85,553.15,18459,99.67,2026-09-29
OBCL,EQ,58.4,58.69,54.51,54.68,56.9,7991,4.46,2026-09-29
OBEROIRLTY,EQ,1825.0,1826.6,1761.5,1762.9,1830.0,395959,7082.75,2026-09-29
ODIGMA,EQ,20.8,21.9,20.5,21.41,20.87,29726,6.34,2026-09-29
ODYCORP,EQ,6.85,7.09,6.8,7.08,6.86,4156,0.29,2026-09-29
OFSS,EQ,10800.0,10876.0,10406.0,10406.0,10800.0,181154,19210.82,2026-09-29
OIL,EQ,466.5,467.8,459.4,459.45,468.0,2140454,9923.23,2026-09-29
OILIETF,EQ,10.85,10.91,10.71,10.8,10.85,1059436,114.44,2026-09-29
OLAELEC,EQ,37.84,38.48,36.3,37.42,37.86,118182493,44161.67,2026-09-29
OLECTRA,EQ,1179.0,1183.0,1134.0,1136.9,1173.8,359867,4138.66,2026-09-29
OMAXAUTO,EQ,197.12,208.0,196.36,198.48,200.55,70700,141.2,2026-09-29
OMAXE,EQ,110.1,112.09,108.46,109.48,110.27,449814,494.65,2026-09-29
OMINFRAL,EQ,78.91,78.91,77.5,77.67,78.75,35469,27.67,2026-09-29
OMNI,EQ,526.0,565.75,519.05,560.4,525.85,851262,4681.63,2026-09-29
OMPOWER,EQ,163.19,163.99,159.0,163.18,162.71,69412,112.41,2026-09-29
ONEGLOBAL,EQ,551.0,551.0,525.0,534.15,544.95,7975,42.69,2026-09-29
ONEPOINT,EQ,69.73,74.0,68.07,71.62,69.43,7409814,5344.45,2026-09-29
ONESOURCE,EQ,1570.0,1605.0,1562.7,1583.3,1565.8,463289,7348.09,2026-09-29
ONGC,EQ,230.0,231.7,227.8,230.0,230.0,13380638,30774.18,2026-09-29
ONIDA,EQ,31.51,32.65,31.1,31.75,32.0,313966,99.84,2026-09-29
ONIXSOLAR,EQ,344.0,352.95,339.8,344.5,339.8,162654,562.5,2026-09-29
ONWARDTEC,EQ,292.0,292.0,281.45,287.4,285.0,24567,70.38,2026-09-29
OPTIEMUS,EQ,810.9,810.9,781.15,796.2,809.95,744867,5924.65,2026-09-29
OPTIFIN,EQ,14.53,15.88,13.61,14.82,14.53,73034,10.84,2026-09-29
ORBTEXP,EQ,233.6,267.0,225.11,262.01,227.15,93205,232.49,2026-09-29
ORCHASP,EQ,1.34,1.35,1.31,1.33,1.34,86228,1.15,2026-09-29
ORCHPHARMA,EQ,1023.4,1040.9,991.6,1014.9,1023.4,146800,1483.38,2026-09-29
ORICONENT,EQ,53.0,53.87,50.59,51.83,52.36,1200606,616.25,2026-09-29
ORIENTALTL,EQ,5.13,5.13,4.85,4.86,4.94,72604,3.55,2026-09-29
ORIENTBELL,EQ,393.95,405.4,390.05,402.6,395.7,39951,159.66,2026-09-29
ORIENTCEM,EQ,119.4,122.0,116.7,118.42,119.43,704241,830.81,2026-09-29
ORIENTCER,EQ,45.54,46.4,45.01,45.6,45.86,46273,21.13,2026-09-29
ORIENTELEC,EQ,160.78,165.0,155.0,156.62,160.0,300753,473.59,2026-09-29
ORIENTHOT,EQ,138.03,141.5,136.5,139.34,138.03,1048759,1464.96,2026-09-29
ORIENTPPR,EQ,16.65,16.74,16.25,16.43,16.61,124950,20.52,2026-09-29
ORIENTTECH,EQ,233.81,234.76,228.26,231.5,233.81,81882,188.91,2026-09-29
ORIRAIL,EQ,124.5,127.0,121.44,122.81,126.15,80038,100.02,2026-09-29
ORISSAMINE,EQ,3667.6,3749.9,3586.2,3673.3,3667.6,8027,292.58,2026-09-29
ORKLAINDIA,EQ,550.1,550.75,530.15,540.05,554.3,191761,1031.38,2026-09-29
ORTINGLOBE,EQ,15.0,15.21,13.92,14.72,14.65,24048,3.46,2026-09-29
OSWALAGRO,EQ,33.01,35.5,33.01,34.9,33.67,136463,47.59,2026-09-29
OSWALGREEN,EQ,19.35,19.84,19.1,19.41,19.57,88692,17.15,2026-09-29
OSWALPUMPS,EQ,268.55,270.7,265.35,266.25,268.55,271978,727.12,2026-09-29
OSWALSEEDS,EQ,12.5,12.8,12.05,12.52,12.45,77507,9.66,2026-09-29
PACEDIGITK,EQ,160.92,163.35,158.8,162.3,161.81,418674,674.56,2026-09-29
PACIFICI,EQ,135.0,135.0,130.2,132.96,135.14,59,0.08,2026-09-29
PAGEIND,EQ,37130.0,37400.0,36580.0,36580.0,37500.0,25120,9320.16,2026-09-29
PAISALO,EQ,79.08,80.23,77.01,78.59,79.6,8530685,6717.39,2026-09-29
PAKKA,EQ,72.7,73.39,72.02,72.83,73.77,97327,70.75,2026-09-29
PALASHSECU,EQ,86.0,88.0,84.1,84.25,88.9,1544,1.31,2026-09-29
PALREDTEC,EQ,45.82,46.05,44.0,45.99,46.05,2263,1.02,2026-09-29
PANACEABIO,EQ,366.45,380.0,362.05,375.25,366.45,64320,239.13,2026-09-29
PANAMAPET,EQ,472.45,489.8,463.35,480.5,467.35,160114,757.88,2026-09-29
PANCHMAHQ,EQ,290.0,290.0,290.0,290.0,298.0,16,0.05,2026-09-29
PANORAMA,EQ,57.5,59.3,52.77,57.77,59.25,1380319,773.4,2026-09-29
PANSARI,EQ,273.15,283.0,271.0,274.55,289.0,528,1.44,2026-09-29
PARACABLES,EQ,56.35,58.6,55.33,57.85,56.35,1550828,885.56,2026-09-29
PARADEEP,EQ,155.47,156.17,151.6,154.08,155.7,2094420,3226.61,2026-09-29
PARAGMILK,EQ,277.0,280.5,265.1,268.55,274.95,2258239,6195.29,2026-09-29
PARAS,EQ,1315.0,1336.9,1288.1,1325.0,1315.0,699385,9209.16,2026-09-29
PARASPETRO,EQ,2.03,2.09,2.03,2.07,2.03,106545,2.2,2026-09-29
PARIN,EQ,735.0,735.0,695.0,720.35,720.1,31415,222.53,2026-09-29
PARKHOSPS,EQ,277.75,277.75,271.7,275.45,276.5,868008,2376.28,2026-09-29
PARKHOTELS,EQ,103.78,104.25,100.62,102.02,103.57,314706,320.89,2026-09-29
PARNAXLAB,EQ,118.0,118.0,105.0,113.37,112.78,32458,36.19,2026-09-29
PASHUPATI,EQ,77.27,92.72,75.6,92.72,77.27,219755,185.13,2026-09-29
PASUPTAC,EQ,72.0,75.5,71.05,75.2,72.45,212785,156.3,2026-09-29
PATANJALI,EQ,390.0,391.6,368.9,371.4,390.8,3725050,13971.49,2026-09-29
PATELENG,EQ,27.11,27.15,26.21,26.45,26.9,1584797,419.82,2026-09-29
PATELRMART,EQ,204.0,215.25,202.55,213.59,204.0,90056,188.77,2026-09-29
PATINTLOG,EQ,13.3,14.35,13.1,13.51,13.15,390223,53.84,2026-09-29
PAUSHAKLTD,EQ,655.0,679.45,647.35,668.3,655.75,27031,180.89,2026-09-29
PAVNAIND,EQ,15.31,16.0,15.05,15.77,15.53,28866,4.5,2026-09-29
PAYTM,EQ,1635.8,1691.7,1624.4,1683.0,1635.8,3925804,65540.05,2026-09-29
PBMPOLY,EQ,61.0,61.0,61.0,61.0,59.66,965,0.59,2026-09-29
PCBL,EQ,330.5,334.9,328.55,330.45,332.55,671406,2227.26,2026-09-29
PCJEWELLER,EQ,13.52,13.68,13.01,13.23,13.52,261661117,34746.12,2026-09-29
PDMJEPAPER,EQ,94.16,96.0,90.86,94.67,93.78,172693,161.19,2026-09-29
PDSL,EQ,349.5,364.9,344.15,348.95,349.5,597046,2121.89,2026-09-29
PEARLPOLY,EQ,17.5,17.5,16.8,16.92,17.64,8476,1.44,2026-09-29
PENIND,EQ,183.47,184.9,178.56,180.28,182.17,775949,1412.07,2026-09-29
PENINLAND,EQ,15.51,15.84,15.2,15.48,15.76,115681,17.91,2026-09-29
PERMAGN,EQ,822.0,842.1,818.05,837.1,825.7,1604,13.33,2026-09-29
PERNIASPOP,EQ,517.4,534.9,512.2,530.75,517.85,63013,331.93,2026-09-29
PERSISTENT,EQ,5328.0,5348.5,5162.0,5162.0,5328.5,294063,15433.41,2026-09-29
PETRONET,EQ,284.7,288.5,281.75,282.95,289.85,2819999,8033.36,2026-09-29
PFC,EQ,330.25,330.6,320.8,324.1,330.0,13111275,42593.32,2026-09-29
PFIZER,EQ,3966.1,3988.0,3888.6,3912.9,3968.0,174412,6842.71,2026-09-29
PFOCUS,EQ,316.75,321.4,310.0,317.5,315.2,3725970,11794.1,2026-09-29
PFS,EQ,27.04,28.99,26.41,28.0,27.12,4112305,1134.62,2026-09-29
PGEL,EQ,504.55,509.95,493.15,493.15,507.0,1964023,9809.67,2026-09-29
PGHH,EQ,6900.0,6946.0,6804.0,6871.5,6888.5,25253,1736.32,2026-09-29
PGHL,EQ,5403.0,5880.0,5400.5,5696.0,5399.5,91841,5233.32,2026-09-29
PGIL,EQ,1294.0,1333.0,1276.8,1290.4,1296.1,153191,1997.78,2026-09-29
PHARMABEES,EQ,28.11,28.11,27.56,27.79,27.56,4751571,1317.81,2026-09-29
PHOENIXLTD,EQ,1946.3,1957.3,1916.7,1929.0,1952.2,381228,7372.07,2026-09-29
PHOENXINTL,EQ,29.3,29.3,27.8,28.05,29.3,2269,0.64,2026-09-29
PICCADIL,EQ,606.4,607.85,591.55,602.85,600.5,84778,509.49,2026-09-29
PIDILITIND,EQ,1493.0,1500.4,1461.0,1461.0,1503.0,1073488,15891.75,2026-09-29
PIGL,EQ,95.9,98.99,94.9,96.92,96.0,41941,40.38,2026-09-29
PIIND,EQ,2327.5,2339.0,2288.8,2288.8,2349.0,186578,4305.17,2026-09-29
PILANIINVS,EQ,4024.0,4127.5,3965.0,4027.7,3997.5,2381,96.07,2026-09-29
PILITA,EQ,7.48,7.71,7.3,7.34,7.59,31206,2.33,2026-09-29
PINELABS,EQ,172.75,172.9,167.7,171.55,173.02,18280064,31163.4,2026-09-29
PIONEEREMB,EQ,21.15,21.59,20.3,20.79,21.15,4907,1.02,2026-09-29
PIRAMALFIN,EQ,2142.0,2174.4,2057.2,2127.5,2149.0,1703600,36223.09,2026-09-29
PITTIENG,EQ,1136.0,1152.2,1115.7,1131.4,1136.8,51812,588.45,2026-09-29
PIXTRANS,EQ,1714.1,1750.0,1714.1,1728.1,1724.8,10656,184.14,2026-09-29
PLASTIBLEN,EQ,198.04,205.99,196.27,204.5,199.86,44950,90.86,2026-09-29
PLATIND,EQ,205.1,209.04,202.5,205.7,205.91,44189,90.77,2026-09-29
PLAZACABLE,EQ,56.05,59.9,56.05,59.9,57.05,77690,45.64,2026-09-29
PML,EQ,481.3,483.0,461.0,472.7,488.1,245,1.14,2026-09-29
PNB,EQ,112.55,113.98,110.56,111.75,112.6,25885049,29028.59,2026-09-29
PNBGILTS,EQ,73.2,73.2,70.9,71.89,73.28,377184,271.39,2026-09-29
PNBHOUSING,EQ,1078.5,1123.5,1073.4,1098.2,1085.0,907413,10011.93,2026-09-29
PNC,EQ,16.98,17.5,15.7,17.4,16.68,27003,4.59,2026-09-29
PNCINFRA,EQ,131.25,132.54,128.32,129.8,131.26,1025015,1334.02,2026-09-29
PNGJL,EQ,585.35,592.2,572.7,585.05,585.35,379690,2219.01,2026-09-29
PNGSREVA,EQ,506.05,520.0,502.25,513.4,506.05,81209,414.3,2026-09-29
POCL,EQ,453.0,467.15,444.6,461.6,452.65,270171,1238.27,2026-09-29
PODDARMENT,EQ,257.65,266.0,253.7,259.05,257.8,12257,31.63,2026-09-29
POEL,EQ,144.91,144.91,139.52,139.89,141.35,30180,42.74,2026-09-29
POKARNA,EQ,718.0,729.9,711.0,718.05,718.15,55054,396.62,2026-09-29
POLICYBZR,EQ,1162.1,1162.3,1077.0,1081.0,1151.3,19346053,212234.93,2026-09-29
POLYCAB,EQ,8195.0,8256.0,8102.5,8102.5,8191.0,1645809,134088.24,2026-09-29
POLYMED,EQ,1636.7,1668.5,1626.8,1644.7,1636.7,168312,2771.39,2026-09-29
POLYPLEX,EQ,1061.0,1078.3,1050.0,1061.3,1063.1,51486,547.3,2026-09-29
POLYSPIN,EQ,32.0,32.0,28.0,31.46,31.78,772,0.22,2026-09-29
PONNIERODE,EQ,391.05,392.0,382.0,384.15,390.0,14553,56.3,2026-09-29
POONAWALLA,EQ,446.0,450.05,437.4,443.0,445.15,1017550,4515.39,2026-09-29
POWERGRID,EQ,262.3,269.2,259.55,261.5,261.85,25174350,66043.44,2026-09-29
POWERICA,EQ,564.9,605.0,557.05,599.75,562.95,755551,4475.83,2026-09-29
POWERINDIA,EQ,30250.0,30930.0,29865.0,30735.0,30260.0,387016,118205.66,2026-09-29
POWERMECH,EQ,2399.0,2459.5,2380.7,2397.2,2364.3,153659,3710.43,2026-09-29
PPLPHARMA,EQ,206.8,212.05,206.66,209.07,206.59,5062059,10585.53,2026-09-29
PRABHA,EQ,223.0,227.68,215.6,224.41,223.39,87334,193.16,2026-09-29
PRAENG,EQ,23.0,23.0,21.4,21.76,22.86,64641,14.3,2026-09-29
PRAJIND,EQ,310.65,313.75,306.4,307.75,311.95,341879,1055.48,2026-09-29
PRAKASH,EQ,115.66,122.8,114.4,121.62,115.68,1059864,1277.26,2026-09-29
PRAKASHSTL,EQ,3.64,3.64,3.46,3.59,3.61,76849,2.75,2026-09-29
PRANAV,EQ,101.39,102.38,98.78,100.18,101.39,1894008,1903.22,2026-09-29
PRASOLCHEM,EQ,799.9,840.15,692.8,840.15,763.8,3815494,30634.8,2026-09-29
PRAVEG,EQ,246.15,253.95,241.05,242.6,249.5,23598,57.64,2026-09-29
PRAXIS,EQ,5.0,5.0,4.73,4.83,4.84,95061,4.58,2026-09-29
PRECAM,EQ,115.9,118.69,114.01,117.16,116.78,77134,90.04,2026-09-29
PRECOT,EQ,613.0,644.7,582.05,638.55,617.8,13331,80.32,2026-09-29
PRECWIRE,EQ,480.0,513.7,476.55,500.15,480.65,1563376,7829.78,2026-09-29
PREMCO,EQ,396.8,403.8,396.8,398.3,395.4,279,1.11,2026-09-29
PREMEXPLN,EQ,675.0,679.4,673.55,675.3,677.05,178136,1204.7,2026-09-29
PREMIERENE,EQ,906.0,917.6,853.6,870.0,906.0,3053623,26660.46,2026-09-29
PREMIERPOL,EQ,95.49,97.38,91.11,95.89,92.81,448654,425.75,2026-09-29
PRESTIGE,EQ,1465.0,1465.0,1417.5,1417.5,1470.8,746201,10694.8,2026-09-29
PRICOLLTD,EQ,752.0,758.25,741.0,749.35,753.1,283435,2126.27,2026-09-29
PRIMESECU,EQ,298.95,304.5,293.05,302.5,301.85,18619,56.05,2026-09-29
PRIMO,EQ,28.99,29.12,25.94,27.38,28.13,1302676,355.77,2026-09-29
PRINCEPIPE,EQ,258.0,259.9,251.8,255.85,257.75,75234,192.3,2026-09-29
PRIORITY,EQ,295.65,302.0,279.87,293.64,300.93,379091,1089.06,2026-09-29
PRISMX,EQ,0.54,0.55,0.52,0.53,0.53,142967,0.76,2026-09-29
PRITI,EQ,32.0,32.48,30.5,32.14,31.33,6072,1.91,2026-09-29
PRITIKAUTO,EQ,19.85,19.85,17.56,18.4,18.87,1329969,247.7,2026-09-29
PRIVISCL,EQ,3607.2,3705.0,3568.7,3605.5,3605.3,418867,15228.57,2026-09-29
PROSTARM,EQ,136.33,138.58,133.0,135.83,136.33,164167,223.35,2026-09-29
PROTEAN,EQ,690.0,699.4,661.35,666.65,691.5,859577,5848.42,2026-09-29
PROZONER,EQ,56.05,56.81,55.41,56.2,56.26,817910,458.83,2026-09-29
PRSMJOHNSN,EQ,115.09,115.15,108.2,109.27,115.15,1164484,1279.7,2026-09-29
PRUDENT,EQ,3170.0,3170.0,3060.0,3098.7,3171.3,98288,3039.09,2026-09-29
PRUDMOULI,EQ,13.98,13.98,13.5,13.98,13.93,2209,0.3,2026-09-29
PSB,EQ,21.31,21.32,20.95,21.11,21.31,1263412,266.36,2026-09-29
PSPPROJECT,EQ,778.0,793.5,772.1,782.65,779.1,68855,539.6,2026-09-29
PSUBANK,EQ,80.66,80.66,78.86,79.67,80.58,160761,128.35,2026-09-29
PSUBANKADD,EQ,82.18,82.38,80.2,81.28,81.39,21665,17.5,2026-09-29
PSUBNKBEES,EQ,90.0,90.99,88.61,89.71,89.92,958562,855.81,2026-09-29
PSUBNKIETF,EQ,81.39,81.9,80.37,81.49,81.65,138717,112.2,2026-09-29
PTC,EQ,155.2,156.09,153.53,155.75,154.88,1273851,1975.54,2026-09-29
PTCIL,EQ,21685.0,22690.0,21555.0,22535.0,21685.0,19622,4360.07,2026-09-29
PTL,EQ,37.99,38.84,37.03,38.2,37.9,28735,10.94,2026-09-29
PUNJABCHEM,EQ,1078.9,1078.9,1024.4,1035.8,1054.6,3891,40.51,2026-09-29
PURVA,EQ,208.8,210.88,199.5,204.84,209.99,240427,490.93,2026-09-29
PVP,EQ,57.3,57.94,55.91,55.91,58.85,2985074,1675.72,2026-09-29
PVRINOX,EQ,1230.0,1230.0,1181.2,1190.1,1225.0,816749,9766.88,2026-09-29
PVSL,EQ,97.2,102.5,95.23,97.01,97.66,24960,24.18,2026-09-29
PVTBANIETF,EQ,26.83,26.83,26.44,26.72,26.83,1688640,449.59,2026-09-29
PVTBANK,EQ,26.61,27.4,26.0,27.01,26.72,39520,10.54,2026-09-29
PVTBANKADD,EQ,26.76,26.94,26.54,26.8,26.9,70320,18.77,2026-09-29
PVTBKGROWW,EQ,26.5,26.59,26.31,26.47,26.6,4714,1.24,2026-09-29
PWL,EQ,128.07,128.32,124.39,125.15,128.07,5275797,6627.39,2026-09-29
PYRAMID,EQ,159.5,162.24,155.05,156.54,161.11,38974,61.37,2026-09-29
QGOLDHALF,EQ,121.6,121.6,120.1,120.8,121.37,274708,331.98,2026-09-29
QNIFTY,EQ,257.77,257.77,249.0,250.71,251.49,2154,5.39,2026-09-29
QPOWER,EQ,1608.0,1638.0,1552.3,1614.3,1592.7,378939,6040.1,2026-09-29
QUADFUTURE,EQ,535.0,554.0,521.1,542.15,531.5,682032,3680.68,2026-09-29
QUAL30IETF,EQ,20.04,20.05,19.79,19.82,20.04,122305,24.28,2026-09-29
QUALITY30,EQ,19.53,19.88,19.29,19.4,19.64,1365,0.27,2026-09-29
QUESS,EQ,339.75,343.0,335.9,342.1,340.9,190530,648.48,2026-09-29
QUICKHEAL,EQ,143.82,148.29,141.7,145.92,143.4,77600,112.9,2026-09-29
QUINTEGRA,EQ,1.22,1.22,1.22,1.22,1.17,1020,0.01,2026-09-29
RACE,EQ,121.7,123.13,117.9,119.85,121.7,49879,60.17,2026-09-29
RACLGEAR,EQ,1606.6,1626.0,1535.3,1588.6,1613.1,42673,681.46,2026-09-29
RADAAN,EQ,3.02,3.09,2.9,2.96,3.02,22851,0.68,2026-09-29
RADIANTCMS,EQ,35.4,36.48,35.02,35.65,35.7,169177,60.42,2026-09-29
RADICO,EQ,4478.0,4478.0,4364.0,4364.0,4478.3,238687,10531.47,2026-09-29
RADIOCITY,EQ,5.99,6.05,5.92,6.01,5.99,192865,11.6,2026-09-29
RAILTEL,EQ,255.0,261.95,252.05,259.25,256.15,637058,1642.92,2026-09-29
RAIN,EQ,215.95,217.44,210.1,215.41,215.45,2705102,5794.44,2026-09-29
RAINBOW,EQ,1374.8,1385.7,1351.1,1367.8,1372.6,229899,3147.6,2026-09-29
RAJMET,EQ,3.1,3.12,3.04,3.06,3.08,201847,6.21,2026-09-29
RAJPALAYAM,EQ,758.0,776.0,757.0,757.8,758.05,1623,12.32,2026-09-29
RAJRATAN,EQ,461.0,473.6,453.5,466.15,460.95,52250,242.85,2026-09-29
RAJSREESUG,EQ,31.46,31.46,30.01,30.58,30.84,21238,6.49,2026-09-29
RAJTV,EQ,11.49,11.6,10.59,10.59,11.14,130949,13.99,2026-09-29
RALLIS,EQ,199.75,200.85,196.76,199.96,199.42,628858,1252.96,2026-09-29
RAMANEWS,EQ,30.19,31.58,30.17,30.31,31.11,10643,3.25,2026-09-29
RAMAPHO,EQ,122.4,122.4,119.31,120.33,120.0,9762,11.76,2026-09-29
RAMBHAJO,EQ,266.7,291.53,263.21,290.97,265.03,1672071,4761.82,2026-09-29
RAMCOCEM,EQ,849.7,850.0,822.05,844.25,848.65,339013,2838.31,2026-09-29
RAMCOIND,EQ,310.9,313.7,305.0,310.1,310.9,85458,264.38,2026-09-29
RAMCOSYS,EQ,563.5,563.95,550.0,553.7,563.8,40081,223.28,2026-09-29
RAMKY,EQ,309.05,309.05,290.15,294.05,306.25,113032,339.16,2026-09-29
RAMRAT,EQ,568.2,590.0,564.6,583.8,568.2,258622,1498.58,2026-09-29
RANASUG,EQ,13.62,14.0,13.6,13.67,13.86,98422,13.5,2026-09-29
RANEHOLDIN,EQ,1565.6,1575.1,1531.0,1541.3,1584.4,11509,178.27,2026-09-29
RATEGAIN,EQ,827.0,833.0,817.0,830.0,828.7,203669,1684.8,2026-09-29
RATNAMANI,EQ,2722.5,2918.4,2722.5,2833.3,2748.4,72241,2058.01,2026-09-29
RATNAVEER,EQ,332.3,335.5,323.8,331.15,330.95,4872949,16123.5,2026-09-29
RAYMOND,EQ,1183.4,1203.85,1162.5,1185.75,1179.95,1469467,17389.2,2026-09-29
RAYMONDLSL,EQ,672.15,672.15,654.0,660.55,672.0,136756,907.05,2026-09-29
RAYMONDREL,EQ,670.1,685.15,652.0,672.55,672.95,1056909,7110.17,2026-09-29
RBA,EQ,92.0,92.35,90.32,91.98,91.61,1645563,1505.12,2026-09-29
RBLBANK,EQ,406.0,407.8,401.45,402.0,407.0,4214429,17040.01,2026-09-29
RCF,EQ,109.55,109.67,107.15,108.11,109.95,1140274,1237.45,2026-09-29
RECLTD,EQ,302.2,303.15,292.2,292.45,303.25,39781303,116932.78,2026-09-29
REDINGTON,EQ,404.75,411.1,401.05,405.45,404.85,2957867,12011.41,2026-09-29
REDTAPE,EQ,119.91,119.91,115.33,117.48,119.97,1234073,1446.25,2026-09-29
REFEX,EQ,274.45,276.6,270.6,272.05,275.8,158081,431.0,2026-09-29
REGAAL,EQ,89.79,90.99,87.5,88.64,88.56,233388,208.22,2026-09-29
REGENCERAM,EQ,36.92,39.16,31.2,32.51,32.64,246224,92.0,2026-09-29
RELAXO,EQ,291.1,296.3,286.55,291.5,290.75,115867,336.69,2026-09-29
RELCHEMQ,EQ,114.55,118.99,112.0,113.09,115.51,3263,3.74,2026-09-29
RELIABLE,EQ,146.69,147.0,142.0,145.17,144.24,59849,87.69,2026-09-29
RELIANCE,EQ,1193.8,1198.3,1181.8,1182.0,1197.6,24191416,287229.13,2026-09-29
RELIGARE,EQ,234.0,236.24,228.94,232.05,234.32,1613223,3743.66,2026-09-29
RELTD,EQ,147.51,151.0,145.02,149.12,148.07,114620,170.81,2026-09-29
REMSONSIND,EQ,119.95,119.95,110.1,111.56,120.39,807024,919.82,2026-09-29
RENTOMOJO,EQ,489.0,507.9,485.55,502.15,491.35,2191503,10892.15,2026-09-29
RENUKA,EQ,22.73,22.88,22.36,22.54,22.91,7648950,1726.95,2026-09-29
REPCOHOME,EQ,344.0,345.0,339.05,343.65,346.75,53494,182.97,2026-09-29
REPL,EQ,61.0,61.19,60.0,61.14,61.2,715,0.43,2026-09-29
REPRO,EQ,333.0,333.0,310.1,317.05,333.8,46679,148.47,2026-09-29
RESPONIND,EQ,162.4,172.69,160.22,168.09,161.6,1341506,2258.65,2026-09-29
RETAIL,EQ,28.88,28.88,28.8,28.88,24.07,117010,33.79,2026-09-29
RGL,EQ,163.69,166.0,160.56,164.27,163.23,348391,570.95,2026-09-29
RHETAN,EQ,16.69,16.7,16.69,16.69,15.91,11749535,1961.79,2026-09-29
RHIM,EQ,386.6,399.6,379.35,393.2,386.6,714917,2801.79,2026-09-29
RHL,EQ,164.9,165.0,162.99,164.99,163.9,1539,2.53,2026-09-29
RICOAUTO,EQ,127.0,127.01,123.51,126.22,127.36,583280,732.14,2026-09-29
RIIL,EQ,684.05,684.05,670.0,677.05,685.6,38584,260.86,2026-09-29
RIR,EQ,186.21,191.0,182.75,188.08,186.21,588043,1103.23,2026-09-29
RISHABH,EQ,717.5,728.85,699.65,723.85,713.5,83308,596.64,2026-09-29
RITCO,EQ,278.15,287.5,271.75,280.85,277.2,73429,204.58,2026-09-29
RITES,EQ,196.11,196.11,191.25,192.31,196.11,387673,748.68,2026-09-29
RKDL,EQ,18.03,18.5,17.8,18.36,18.02,7635,1.39,2026-09-29
RKEC,EQ,22.5,25.9,21.39,23.61,22.78,139704,33.59,2026-09-29
RKFORGE,EQ,703.0,723.45,700.0,714.65,703.1,843189,6038.2,2026-09-29
RKSWAMY,EQ,89.93,93.41,87.01,89.48,88.5,25503,22.51,2026-09-29
RMC,EQ,209.59,214.15,206.02,210.37,208.96,16004,33.67,2026-09-29
RML,EQ,1334.8,1407.1,1298.5,1380.9,1325.9,66084,896.9,2026-09-29
ROHLTD,EQ,298.1,310.2,296.1,306.35,299.05,14020,42.22,2026-09-29
ROLEXRINGS,EQ,194.0,196.81,189.15,190.58,193.45,2165701,4173.16,2026-09-29
ROML,EQ,42.82,43.75,41.5,41.91,42.91,1934,0.82,2026-09-29
ROSSARI,EQ,437.0,438.1,426.0,427.7,440.4,74365,319.41,2026-09-29
ROSSELLIND,EQ,50.1,51.98,50.1,51.03,51.18,19856,10.11,2026-09-29
ROSSTECH,EQ,1409.9,1490.0,1375.8,1481.7,1398.8,315207,4565.68,2026-09-29
ROTO,EQ,62.9,64.01,62.18,63.26,62.55,332694,210.04,2026-09-29
ROUTE,EQ,452.5,454.05,444.1,447.2,453.45,97047,435.23,2026-09-29
RPEL,EQ,1700.0,1722.1,1665.0,1718.1,1703.9,42157,717.28,2026-09-29
RPGLIFE,EQ,2935.0,3125.0,2926.3,3089.2,2955.1,96080,2900.37,2026-09-29
RPOWER,EQ,19.9,20.15,19.45,19.77,19.96,32861231,6504.5,2026-09-29
RPPINFRA,EQ,50.55,52.34,50.25,50.8,51.52,33805,17.23,2026-09-29
RPSGVENT,EQ,848.0,848.0,828.0,833.85,842.05,25190,209.83,2026-09-29
RPTECH,EQ,883.95,935.0,871.55,925.35,883.95,557981,5065.55,2026-09-29
RRECL,EQ,122.3,131.0,118.0,129.19,119.32,1323,1.64,2026-09-29
RRIL,EQ,15.36,15.66,15.3,15.48,15.66,27693,4.29,2026-09-29
RRKABEL,EQ,2459.8,2546.5,2440.3,2523.2,2459.8,240700,6034.64,2026-09-29
RSL,EQ,168.54,168.9,164.0,165.45,167.41,635959,1054.24,2026-09-29
RSSOFTWARE,EQ,31.0,31.0,29.53,29.97,30.85,4580,1.38,2026-09-29
RSWM,EQ,209.29,215.29,206.58,212.37,211.35,57039,120.41,2026-09-29
RSYSTEMS,EQ,290.0,305.98,285.2,298.69,275.21,67292815,198724.61,2026-09-29
RTNINDIA,EQ,26.29,26.35,25.25,25.66,26.2,3231261,826.49,2026-09-29
RTNPOWER,EQ,6.86,6.91,6.71,6.87,6.86,16028573,1091.39,2026-09-29
RTSPOWR,EQ,136.77,138.05,116.05,118.18,125.5,274598,362.07,2026-09-29
RUBFILA,EQ,62.37,64.5,61.61,63.85,62.37,41304,25.92,2026-09-29
RUBICON,EQ,1593.6,1646.4,1583.2,1609.0,1592.8,701771,11258.38,2026-09-29
RUBYMILLS,EQ,510.6,510.65,485.0,491.8,510.6,22908,114.15,2026-09-29
RUCHINFRA,EQ,5.19,5.19,5.03,5.05,5.09,47504,2.42,2026-09-29
RUCHIRA,EQ,107.8,107.8,104.0,104.29,106.92,20128,21.18,2026-09-29
RUDRA,EQ,18.55,18.6,18.01,18.03,18.55,30405,5.54,2026-09-29
RUPA,EQ,132.98,133.57,130.0,132.39,132.75,100141,131.87,2026-09-29
RUSHIL,EQ,15.84,16.45,15.84,16.13,15.96,250310,40.51,2026-09-29
RUSTOMJEE,EQ,357.1,367.2,355.1,362.95,359.9,94347,338.95,2026-09-29
RVHL,EQ,38.2,39.48,37.7,38.28,38.66,12470,4.77,2026-09-29
RVNL,EQ,202.0,202.0,195.32,197.9,202.75,7345733,14571.8,2026-09-29
RVTH,EQ,635.0,680.0,633.25,664.9,633.25,592,3.93,2026-09-29
S&SPOWER,EQ,298.2,311.0,298.05,301.25,311.1,5052,15.31,2026-09-29
SAATVIKGL,EQ,420.0,422.0,404.35,414.5,422.4,186910,769.64,2026-09-29
SADBHAV,EQ,7.19,7.19,6.9,6.93,7.19,369279,25.78,2026-09-29
SADBHIN,EQ,2.57,2.6,2.5,2.56,2.57,87828,2.23,2026-09-29
SAFARI,EQ,1464.5,1464.5,1412.5,1430.9,1453.2,31021,443.9,2026-09-29
SAGARDEEP,EQ,23.18,23.6,22.76,23.44,23.29,6760,1.55,2026-09-29
SAGCEM,EQ,149.0,150.92,146.6,147.45,149.64,29148,43.06,2026-09-29
SAGILITY,EQ,43.45,43.47,42.11,42.54,43.45,11366184,4837.58,2026-09-29
SAHLIBHFI,EQ,78.09,79.15,76.87,78.37,75.61,17549,13.75,2026-09-29
SAHYADRI,EQ,353.5,353.9,346.1,349.2,351.3,3181,11.11,2026-09-29
SAICAPI,EQ,154.45,155.85,153.99,155.09,155.85,138,0.21,2026-09-29
SAIL,EQ,182.53,186.86,181.21,181.82,184.2,21241634,39073.81,2026-09-29
SAILIFE,EQ,1576.0,1594.5,1550.0,1559.9,1582.8,356685,5600.59,2026-09-29
SAIPARENT,EQ,504.7,514.05,501.0,502.5,509.95,64324,325.77,2026-09-29
SAKAR,EQ,1087.0,1129.0,1081.65,1121.85,1089.65,47204,524.7,2026-09-29
SAKHTISUG,EQ,18.75,18.75,17.86,18.11,18.42,85154,15.47,2026-09-29
SAKSOFT,EQ,142.5,142.68,139.0,139.78,141.81,179876,252.77,2026-09-29
SAKUMA,EQ,1.61,1.61,1.53,1.55,1.61,1090164,17.04,2026-09-29
SALASAR,EQ,4.51,4.54,3.82,4.16,4.51,22936188,954.07,2026-09-29
SALONA,EQ,270.0,270.0,260.2,266.95,272.95,441,1.17,2026-09-29
SALSTEEL,EQ,95.3,97.68,92.0,97.08,93.03,1208259,1151.84,2026-09-29
SALZERELEC,EQ,537.15,544.45,530.15,535.65,535.55,36625,196.75,2026-09-29
SAMBANDAM,EQ,106.24,110.15,105.0,109.98,106.24,212,0.23,2026-09-29
SAMBHAAV,EQ,5.6,6.09,5.56,5.92,5.8,95530,5.66,2026-09-29
SAMBHV,EQ,154.0,163.8,152.5,162.24,154.0,8688235,13942.44,2026-09-29
SAMHI,EQ,149.55,150.85,145.55,149.34,150.16,888234,1317.63,2026-09-29
SAMMAANCAP,EQ,139.08,139.2,135.68,136.48,138.82,4111952,5641.41,2026-09-29
SAMPANN,EQ,25.25,25.25,23.75,23.82,24.29,18697,4.49,2026-09-29
SANATHAN,EQ,525.95,530.95,510.2,515.0,517.55,88348,461.17,2026-09-29
SANDESH,EQ,1020.1,1049.4,1001.0,1029.6,1027.9,218,2.23,2026-09-29
SANDHAR,EQ,579.2,585.4,568.85,582.7,576.55,68787,398.56,2026-09-29
SANDUMA,EQ,181.9,184.0,178.53,182.69,181.51,448066,814.25,2026-09-29
SANGAMIND,EQ,633.55,658.9,625.05,645.55,629.3,157857,1020.5,2026-09-29
SANGHVIMOV,EQ,444.0,459.6,437.4,454.0,444.3,249409,1122.67,2026-09-29
SANOFI,EQ,3103.5,3112.1,3061.2,3072.1,3103.5,10918,336.56,2026-09-29
SANOFICONR,EQ,3971.1,3971.1,3813.0,3867.0,3976.2,41560,1599.58,2026-09-29
SANSERA,EQ,4380.0,4550.0,4154.6,4362.2,4457.2,1016129,43627.27,2026-09-29
SANSTAR,EQ,106.5,107.08,104.62,105.9,106.9,123874,130.98,2026-09-29
SAPPHIRE,EQ,216.0,224.13,206.1,211.05,216.68,4093215,8699.04,2026-09-29
SAPPL,EQ,293.0,298.0,276.0,293.55,279.95,2179,6.32,2026-09-29
SARDAEN,EQ,500.45,504.75,493.0,500.35,501.3,260686,1300.09,2026-09-29
SAREGAMA,EQ,489.85,502.4,473.0,493.45,489.6,1317275,6470.97,2026-09-29
SARLAPOLY,EQ,98.7,98.7,95.3,95.67,97.7,22199,21.34,2026-09-29
SARVESHWAR,EQ,3.55,3.59,3.4,3.44,3.49,1542269,53.29,2026-09-29
SASKEN,EQ,1681.0,1690.0,1611.7,1658.8,1658.2,29675,485.55,2026-09-29
SATIA,EQ,68.1,69.0,66.96,68.48,68.1,127525,86.97,2026-09-29
SATIN,EQ,235.5,244.0,231.56,237.69,234.4,386081,920.88,2026-09-29
SAURASHCEM,EQ,53.4,54.49,53.4,54.1,53.35,93956,50.7,2026-09-29
SAYAJIHOTL,EQ,302.0,305.95,302.0,304.0,325.95,7,0.02,2026-09-29
SAYAJIIND,EQ,112.01,120.95,110.5,118.7,116.09,4247,4.88,2026-09-29
SBC,EQ,54.31,55.26,53.93,54.73,53.54,14185608,7756.53,2026-09-29
SBCL,EQ,1096.8,1129.3,1090.8,1111.3,1110.2,154486,1721.22,2026-09-29
SBFC,EQ,86.78,88.3,83.61,84.46,86.82,5969074,5080.97,2026-09-29
SBGLP,EQ,23.9,24.2,21.0,22.98,23.67,107126,24.17,2026-09-29
SBIBPB,EQ,46.95,47.29,46.01,46.66,46.83,97593,45.14,2026-09-29
SBICARD,EQ,593.05,594.0,581.0,581.0,591.0,1392600,8181.31,2026-09-29
SBIETFCON,EQ,117.78,117.78,115.0,115.9,116.37,1766,2.05,2026-09-29
SBIETFIT,EQ,314.0,314.0,307.0,307.5,311.71,8027,24.75,2026-09-29
SBIETFPB,EQ,271.38,271.5,267.56,270.52,271.4,3754,10.1,2026-09-29
SBIETFQLTY,EQ,210.55,210.55,207.0,209.05,210.55,23225,48.27,2026-09-29
SBIFUNDS,EQ,523.35,524.0,516.5,517.8,522.9,788800,4088.7,2026-09-29
SBILIFE,EQ,1731.6,1746.0,1711.0,1735.0,1728.1,1598671,27634.29,2026-09-29
SBILIQETF,EQ,1057.87,1057.89,1057.87,1057.87,1057.74,31066,328.64,2026-09-29
SBIMIDMOM,EQ,60.5,61.74,60.5,61.33,61.14,351391,215.48,2026-09-29
SBIN,EQ,960.9,968.1,953.0,964.7,962.0,26781498,256946.63,2026-09-29
SBINEQWETF,EQ,31.92,31.92,31.5,31.65,31.77,43731,13.82,2026-09-29
SBINMID150,EQ,22.58,22.58,21.75,22.34,22.21,217628,47.62,2026-09-29
SBISILVER,EQ,215.5,215.54,213.55,214.53,216.0,885060,1898.27,2026-09-29
SBISMLETF,EQ,17.9,18.97,17.7,17.84,17.99,221299,39.95,2026-09-29
SBIVALETF,EQ,14.03,14.12,13.97,14.06,14.14,7748,1.09,2026-09-29
SCHAEFFLER,EQ,3955.5,3955.5,3900.0,3920.0,3955.5,91928,3598.61,2026-09-29
SCHAND,EQ,147.5,149.05,142.78,147.29,144.65,40487,59.0,2026-09-29
SCHNEIDER,EQ,1193.8,1214.0,1182.4,1192.7,1188.2,159472,1907.5,2026-09-29
SCI,EQ,270.7,275.95,267.25,272.9,272.05,1448173,3934.58,2026-09-29
SCILAL,EQ,36.9,36.91,36.4,36.69,36.9,179920,65.89,2026-09-29
SCODATUBES,EQ,130.02,132.47,128.7,130.14,130.53,241476,314.69,2026-09-29
SDBL,EQ,80.5,80.5,77.86,79.05,80.62,2249578,1775.93,2026-09-29
SEAMECLTD,EQ,1684.2,1686.8,1644.0,1653.2,1684.3,46114,764.3,2026-09-29
SECLEDBETA,EQ,14.1,14.1,13.85,13.93,14.01,7208,1.0,2026-09-29
SECMARK,EQ,141.28,143.7,133.41,142.75,141.28,28,0.04,2026-09-29
SECURKLOUD,EQ,17.44,17.44,16.62,17.06,17.14,23462,4.0,2026-09-29
SEDEMAC,EQ,3523.9,3596.0,3450.6,3485.6,3547.8,437207,15461.92,2026-09-29
SEIL,EQ,188.0,195.0,185.41,188.92,190.06,121217,227.84,2026-09-29
SEJALLTD,EQ,664.6,664.6,645.0,648.75,664.6,5509,35.8,2026-09-29
SEKURITIND,EQ,107.62,112.0,107.62,109.55,108.12,19727,21.61,2026-09-29
SELECTIPO,EQ,47.23,47.23,45.8,46.32,46.31,61455,28.34,2026-09-29
SEMAC,EQ,245.0,245.0,237.0,243.95,247.9,808,1.94,2026-09-29
SENCO,EQ,321.75,331.5,320.9,328.3,318.3,1459192,4781.04,2026-09-29
SENORES,EQ,1352.5,1435.0,1352.5,1403.7,1351.8,506799,7114.06,2026-09-29
SENSEXADD,EQ,75.0,75.12,74.55,74.74,75.51,1703,1.27,2026-09-29
SENSEXAXIS,EQ,75.8,75.99,74.76,75.45,75.8,11031,8.31,2026-09-29
SENSEXBETA,EQ,808.0,808.0,794.05,804.77,809.63,3092,24.79,2026-09-29
SENSEXETF,EQ,75.12,75.13,74.48,74.91,75.25,49424,36.98,2026-09-29
SENSEXIETF,EQ,838.01,846.0,830.57,836.33,839.98,20543,171.35,2026-09-29
SEPC,EQ,5.0,5.15,4.92,5.1,4.96,10955991,553.73,2026-09-29
SERVOTECH,EQ,72.75,74.0,69.76,71.34,72.34,811420,582.86,2026-09-29
SESHAPAPER,EQ,241.07,245.16,241.0,242.53,242.23,8410,20.37,2026-09-29
SETF10GILT,EQ,259.8,261.85,259.8,261.83,260.71,4141,10.83,2026-09-29
SETFGOLD,EQ,124.95,124.95,123.57,124.44,124.97,4944395,6148.27,2026-09-29
SETFNIF50,EQ,252.22,252.22,243.59,245.02,246.07,1135277,2775.14,2026-09-29
SETFNIFBK,EQ,560.9,566.0,553.35,561.34,560.87,45053,251.05,2026-09-29
SETFNN50,EQ,758.5,758.5,748.26,754.68,756.63,58980,443.13,2026-09-29
SETL,EQ,434.7,437.65,416.1,428.95,422.65,717715,3064.17,2026-09-29
SFL,EQ,630.0,638.95,616.95,631.5,629.3,150092,945.55,2026-09-29
SGFIN,EQ,589.75,604.45,573.7,595.3,589.75,246626,1452.74,2026-09-29
SGIL,EQ,656.7,669.45,634.8,657.35,650.75,10083,65.87,2026-09-29
SGL,EQ,9.55,9.55,8.85,9.35,9.12,13277,1.25,2026-09-29
SGLRES,EQ,2.3,2.42,2.25,2.33,2.35,27251,0.63,2026-09-29
SGMART,EQ,729.8,770.5,725.9,755.95,729.5,491934,3716.05,2026-09-29
SGRL,EQ,675.0,688.95,645.0,665.75,680.05,20692,138.96,2026-09-29
SHADOWFAX,EQ,274.05,284.9,270.5,280.85,274.05,4932256,13763.59,2026-09-29
SHAH,EQ,3.2,3.2,3.11,3.15,3.18,858603,27.01,2026-09-29
SHAILY,EQ,3046.5,3091.0,3011.9,3040.8,3033.5,109791,3356.03,2026-09-29
SHAKTIPUMP,EQ,463.0,463.4,455.8,458.0,465.15,263497,1209.47,2026-09-29
SHALBY,EQ,143.73,144.4,141.0,142.01,143.25,57757,82.48,2026-09-29
SHANKARA,EQ,128.61,131.6,124.77,127.47,127.34,23889,30.3,2026-09-29
SHANKESH,EQ,90.5,91.0,88.11,88.8,90.42,1519099,1363.22,2026-09-29
SHANTI,EQ,5.67,5.95,5.26,5.57,5.67,47911,2.72,2026-09-29
SHANTIGEAR,EQ,625.0,625.0,601.65,601.65,633.3,81490,492.29,2026-09-29
SHANTIGOLD,EQ,310.0,314.99,296.85,306.85,308.77,3338239,10240.82,2026-09-29
SHARDACROP,EQ,721.0,737.15,716.0,721.45,729.1,120611,874.99,2026-09-29
SHARDAMOTR,EQ,948.0,976.5,931.0,971.25,945.1,50632,486.08,2026-09-29
SHAREINDIA,EQ,206.1,213.12,202.22,205.68,206.1,1274403,2638.26,2026-09-29
SHARIABEES,EQ,443.36,443.36,421.0,425.18,432.55,14218,60.59,2026-09-29
SHBAJRG,EQ,169.99,172.0,165.0,169.16,169.72,13884,23.5,2026-09-29
SHEMAROO,EQ,121.7,123.0,116.56,117.95,121.65,3375,4.06,2026-09-29
SHERVANI,EQ,325.0,325.0,325.0,325.0,348.55,10,0.03,2026-09-29
SHILCTECH,EQ,4061.0,4143.9,4003.0,4032.7,4061.3,42437,1730.57,2026-09-29
SHILGRAVQ,EQ,143.36,148.8,138.0,139.82,143.36,4090,5.73,2026-09-29
SHILPAMED,EQ,1033.1,1071.1,1018.7,1055.75,1025.25,875494,9164.14,2026-09-29
SHINDL,EQ,159.49,160.99,158.05,160.1,160.03,126506,201.46,2026-09-29
SHIPROCKET,EQ,120.5,122.1,118.75,119.99,120.9,2378663,2864.32,2026-09-29
SHIVAAGRO,EQ,39.0,39.9,38.0,39.13,38.99,4117,1.6,2026-09-29
SHIVACEM,EQ,15.01,15.49,14.7,14.91,15.21,104609,15.71,2026-09-29
SHIVALIK,EQ,411.0,419.55,401.7,411.35,407.95,66902,274.78,2026-09-29
SHIVAMAUTO,EQ,17.3,17.99,16.51,16.7,17.22,59079,9.98,2026-09-29
SHIVAMILLS,EQ,58.06,60.0,57.53,60.0,60.55,3075,1.8,2026-09-29
SHIVATEX,EQ,175.0,175.0,165.45,168.97,165.91,1956,3.32,2026-09-29
SHIVAUM,EQ,544.0,548.8,542.0,545.4,544.2,13192,71.92,2026-09-29
SHK,EQ,137.02,142.28,136.23,140.33,137.78,276049,385.55,2026-09-29
SHOPERSTOP,EQ,417.45,423.15,405.55,418.95,421.8,121522,504.53,2026-09-29
SHRADDHA,EQ,151.55,151.55,146.11,147.91,150.9,3246,4.82,2026-09-29
SHRADHA,EQ,30.25,30.25,29.55,29.58,29.48,667,0.2,2026-09-29
SHREDIGCEM,EQ,66.24,67.19,65.21,66.41,66.61,31536,20.93,2026-09-29
SHREECEM,EQ,22170.0,22360.0,21550.0,21900.0,22170.0,450209,98429.08,2026-09-29
SHREEJISPG,EQ,755.0,767.1,754.0,763.3,752.8,864463,6582.9,2026-09-29
SHREEPUSHK,EQ,492.4,494.95,476.55,481.9,496.85,30375,147.99,2026-09-29
SHREERAMA,EQ,43.03,43.95,43.01,43.71,43.39,39201,17.1,2026-09-29
SHREYANIND,EQ,130.29,130.29,129.0,129.0,129.0,5110,6.6,2026-09-29
SHRIKRISH,EQ,36.0,36.11,36.0,36.1,35.2,129,0.05,2026-09-29
SHRINGARMS,EQ,219.78,221.4,214.5,215.91,218.04,319671,696.27,2026-09-29
SHRIPISTON,EQ,4647.5,4841.1,4558.6,4749.2,4645.3,272659,12836.08,2026-09-29
SHRIRAMFIN,EQ,975.0,986.2,967.9,971.5,976.3,6176420,60303.57,2026-09-29
SHRIRAMPPS,EQ,70.01,70.1,68.51,69.86,70.09,219843,152.41,2026-09-29
SHRJAGP,EQ,637.7,637.7,620.1,634.35,637.25,251,1.57,2026-09-29
SHUKRAPHAR,EQ,60.25,62.49,59.0,60.3,59.43,8970388,5427.62,2026-09-29
SHYAMMETL,EQ,1064.0,1085.7,1056.0,1074.0,1068.7,236237,2535.28,2026-09-29
SHYAMTEL,EQ,11.14,11.46,10.3,10.86,11.16,15046,1.63,2026-09-29
SICAGEN,EQ,51.86,52.4,50.5,51.18,52.12,7947,4.08,2026-09-29
SIEL,EQ,30.5,30.5,30.5,30.5,30.5,11,0.0,2026-09-29
SIEMENS,EQ,3769.6,3814.6,3710.0,3710.0,3785.5,344496,12992.1,2026-09-29
SIGACHI,EQ,28.98,29.95,28.05,28.76,28.77,4607371,1335.6,2026-09-29
SIGMA,EQ,44.06,44.74,43.07,43.9,44.74,65048,28.55,2026-09-29
SIGNATURE,EQ,775.95,775.95,751.0,754.45,780.35,298048,2282.77,2026-09-29
SIGNPOST,EQ,262.05,265.7,255.6,257.85,264.4,36505,95.0,2026-09-29
SIKA,EQ,1032.0,1032.0,999.2,1025.45,1021.35,24835,253.03,2026-09-29
SIL,EQ,16.5,16.89,15.9,16.42,16.63,36876,5.99,2026-09-29
SILGO,EQ,69.03,71.52,68.5,70.49,68.31,113792,78.93,2026-09-29
SILINV,EQ,440.0,453.0,432.2,436.6,444.7,1251,5.48,2026-09-29
SILVER,EQ,219.71,219.71,217.67,218.64,220.19,825833,1805.35,2026-09-29
SILVER001,EQ,21.84,22.5,21.84,22.12,22.27,110840,24.53,2026-09-29
SILVER1,EQ,21.37,21.37,21.14,21.23,21.41,5236811,1111.99,2026-09-29
SILVER360,EQ,217.0,217.0,214.78,215.68,217.62,7026,15.15,2026-09-29
SILVERADD,EQ,21.19,21.19,20.99,21.07,21.19,2489623,524.47,2026-09-29
SILVERAG,EQ,214.0,214.06,212.17,213.24,214.33,196016,417.79,2026-09-29
SILVERAXIS,EQ,218.83,218.83,216.6,217.68,219.23,317194,690.13,2026-09-29
SILVERBEES,EQ,209.85,210.3,208.37,209.15,210.65,17086240,35748.52,2026-09-29
SILVERBETA,EQ,212.01,212.16,210.37,211.4,212.36,363511,767.86,2026-09-29
SILVERBND,EQ,221.03,221.03,218.7,219.43,221.03,27963,61.45,2026-09-29
SILVERCASE,EQ,22.29,22.29,22.08,22.17,22.35,5221929,1158.52,2026-09-29
SILVERIETF,EQ,219.5,219.5,217.56,218.43,220.2,2136335,4667.5,2026-09-29
SILVERTUC,EQ,145.0,147.27,139.26,140.59,145.8,260831,369.75,2026-09-29
SIMPLEXINF,EQ,241.15,245.75,237.3,242.85,241.1,67083,162.31,2026-09-29
SIMPLXREA,EQ,130.88,130.88,130.88,130.88,126.69,1,0.0,2026-09-29
SINCLAIR,EQ,78.5,79.15,77.0,77.43,78.47,15996,12.45,2026-09-29
SINDHUTRAD,EQ,22.99,23.19,22.65,22.86,23.24,152237,34.97,2026-09-29
SINGERIND,EQ,76.2,77.68,75.21,76.79,77.43,60317,46.1,2026-09-29
SINTERCOM,EQ,77.5,77.5,74.7,76.96,76.78,2593,1.98,2026-09-29
SIRCA,EQ,406.0,413.0,401.0,408.05,406.6,147126,600.25,2026-09-29
SIS,EQ,394.2,424.4,394.15,418.65,394.2,413495,1700.84,2026-09-29
SIYSIL,EQ,534.9,543.95,525.15,541.4,533.35,28804,154.69,2026-09-29
SJS,EQ,2262.5,2377.1,2260.0,2309.8,2261.7,271747,6309.53,2026-09-29
SJVN,EQ,61.1,61.35,59.42,59.83,61.06,10622257,6368.88,2026-09-29
SKFINDIA,EQ,1512.0,1536.4,1476.2,1514.0,1511.8,164121,2469.66,2026-09-29
SKFINDUS,EQ,2881.0,2881.0,2721.3,2789.0,2881.7,190210,5277.07,2026-09-29
SKIPPER,EQ,533.5,544.5,529.65,541.55,535.65,508233,2738.47,2026-09-29
SKMEGGPROD,EQ,211.5,220.7,208.3,219.1,211.35,184627,399.31,2026-09-29
SKYGOLD,EQ,799.65,831.85,795.0,820.85,796.95,1433357,11635.53,2026-09-29
SKYWAYS,EQ,119.5,119.7,114.85,115.31,119.21,2023181,2367.55,2026-09-29
SMALL250,EQ,17.94,18.6,17.73,17.9,17.94,661963,118.2,2026-09-29
SMALLADD,EQ,18.35,18.35,17.61,17.85,17.99,22836,4.08,2026-09-29
SMALLCAP,EQ,47.58,48.98,47.35,47.72,47.89,1606755,767.64,2026-09-29
SMALLGROWW,EQ,48.49,48.49,47.23,47.9,48.54,10786,5.16,2026-09-29
SMALLIETF,EQ,17.9,18.21,17.6,17.8,17.94,117491,20.87,2026-09-29
SMARTWORKS,EQ,509.65,517.25,499.7,514.25,511.65,190804,973.6,2026-09-29
SMCGLOBAL,EQ,97.0,107.0,89.4,92.98,97.23,24531586,23639.25,2026-09-29
SML100CASE,EQ,11.05,11.35,10.88,11.12,10.99,2956680,326.02,2026-09-29
SMLMAH,EQ,6575.0,6660.0,6485.5,6616.5,6515.5,34312,2261.25,2026-09-29
SMLT,EQ,60.9,60.9,58.23,59.31,58.81,1905,1.13,2026-09-29
SMSPHARMA,EQ,462.0,482.8,453.65,479.4,462.15,613848,2885.41,2026-09-29
SNOWMAN,EQ,35.2,35.39,34.3,34.69,35.09,111336,38.76,2026-09-29
SNXT30BEES,EQ,40.5,41.74,40.5,41.0,41.13,9338,3.83,2026-09-29
SNXT50BETA,EQ,91.12,91.49,89.08,90.13,90.67,1432,1.28,2026-09-29
SOBHA,EQ,1221.4,1227.8,1192.0,1216.5,1218.7,101240,1227.03,2026-09-29
SOFTTECH,EQ,505.0,510.0,484.55,502.85,495.0,16051,79.41,2026-09-29
SOLARA,EQ,735.0,767.9,730.1,749.85,736.3,423670,3190.59,2026-09-29
SOLARINDS,EQ,19125.0,19400.0,18650.0,18650.0,19150.0,226436,43284.76,2026-09-29
SOLARWORLD,EQ,131.03,132.53,126.2,128.98,131.49,305013,394.05,2026-09-29
SOLEX,EQ,695.45,698.6,678.8,688.55,695.45,38674,266.41,2026-09-29
SOMANYCERA,EQ,614.45,624.95,610.7,613.85,620.05,68751,424.45,2026-09-29
SOMATEX,EQ,80.0,81.99,77.8,81.52,80.35,15615,12.49,2026-09-29
SOMICONVEY,EQ,91.68,91.68,88.26,88.62,89.18,5800,5.15,2026-09-29
SONACOMS,EQ,808.0,827.8,797.7,815.65,807.9,4300310,35104.29,2026-09-29
SONAL,EQ,87.5,91.75,87.4,91.72,92.0,508,0.44,2026-09-29
SONATSOFTW,EQ,272.05,276.2,258.2,260.85,274.05,2520359,6642.86,2026-09-29
SOTL,EQ,703.5,721.0,694.1,717.0,699.3,192685,1366.89,2026-09-29
SOUTHBANK,EQ,48.54,49.41,47.85,48.71,48.64,10559473,5129.29,2026-09-29
SOUTHWEST,EQ,188.8,197.05,182.82,183.41,189.85,110534,205.2,2026-09-29
SPAL,EQ,950.0,953.8,930.6,935.8,948.5,19945,187.82,2026-09-29
SPANDANA,EQ,228.35,231.3,225.1,226.67,228.35,96391,219.29,2026-09-29
SPARC,EQ,204.5,211.0,203.3,208.85,202.85,1452486,3016.41,2026-09-29
SPCENET,EQ,3.23,3.36,3.15,3.19,3.29,569986,18.31,2026-09-29
SPENCERS,EQ,27.41,27.99,27.06,27.4,27.41,21309,5.83,2026-09-29
SPIC,EQ,62.53,63.9,62.06,63.47,62.75,215758,135.76,2026-09-29
SPLIL,EQ,29.76,30.5,29.6,29.89,29.87,1527,0.46,2026-09-29
SPLPETRO,EQ,867.0,881.9,820.05,831.85,864.85,902463,7589.79,2026-09-29
SPMLINFRA,EQ,160.0,165.0,158.98,162.07,161.42,105856,171.64,2026-09-29
SPORTKING,EQ,208.0,213.9,203.31,212.16,207.42,247793,520.28,2026-09-29
SRD,EQ,39.05,39.5,37.98,38.78,39.03,27031,10.36,2026-09-29
SRF,EQ,2491.8,2498.7,2417.9,2420.1,2491.5,290746,7120.63,2026-09-29
SRGHFL,EQ,137.2,139.45,135.05,138.7,140.95,3048,4.18,2026-09-29
SRHHYPOLTD,EQ,570.0,595.95,560.1,575.5,570.0,37670,216.04,2026-09-29
SRM,EQ,408.55,415.2,400.4,408.25,407.35,37125,151.94,2026-09-29
SRTL,EQ,37.75,38.0,36.5,37.35,37.2,12493,4.65,2026-09-29
SSDL,EQ,86.52,86.78,82.19,83.92,81.52,411654,344.25,2026-09-29
SSRETAIL,EQ,742.15,775.75,691.0,746.85,716.95,16835075,122067.83,2026-09-29
SSWL,EQ,390.85,404.7,378.6,400.65,388.65,2695286,10611.54,2026-09-29
STANLEY,EQ,133.35,145.0,133.34,137.58,135.81,340920,473.09,2026-09-29
STAR,EQ,1143.1,1182.5,1131.0,1172.6,1151.4,229635,2668.5,2026-09-29
STARCEMENT,EQ,182.33,182.33,175.2,178.1,182.42,649952,1156.09,2026-09-29
STARHEALTH,EQ,550.0,561.65,535.9,538.1,552.5,631624,3422.57,2026-09-29
STARPAPER,EQ,152.0,153.8,150.0,153.03,151.52,7247,11.03,2026-09-29
STARTECK,EQ,340.0,350.0,315.6,335.4,314.0,57813,191.03,2026-09-29
STCINDIA,EQ,107.7,107.95,105.0,106.98,106.91,12618,13.41,2026-09-29
STEAMHOUSE,EQ,107.52,114.0,106.0,110.86,107.57,4482102,4949.13,2026-09-29
STEELCAS,EQ,368.0,380.6,363.1,371.8,370.75,208433,780.06,2026-09-29
STEELCITY,EQ,80.52,82.39,80.52,82.18,81.88,3684,3.0,2026-09-29
STEELXIND,EQ,11.11,11.29,10.94,11.19,11.1,4198763,467.43,2026-09-29
STEL,EQ,611.8,618.45,592.75,597.95,608.7,1691,10.25,2026-09-29
STERTOOLS,EQ,226.0,226.0,215.28,221.24,224.13,27442,60.36,2026-09-29
STLNETWORK,EQ,51.0,51.09,49.46,49.46,52.06,16727248,8327.9,2026-09-29
STLSTRINF,EQ,23.0,24.5,22.5,23.0,23.8,4936,1.16,2026-09-29
STOVEKRAFT,EQ,796.0,820.1,795.0,813.65,797.15,55896,452.25,2026-09-29
STUDDS,EQ,400.0,400.0,395.0,395.65,398.0,27815,110.74,2026-09-29
STYL,EQ,373.75,383.35,360.3,368.8,370.35,243419,893.52,2026-09-29
STYLAMIND,EQ,3281.3,3410.0,3252.1,3336.4,3281.3,99369,3326.85,2026-09-29
STYLEBAAZA,EQ,395.15,407.95,385.0,405.0,394.5,2149007,8530.73,2026-09-29
STYRENIX,EQ,2035.4,2035.4,1969.7,2000.8,2036.4,85384,1704.05,2026-09-29
SUBEXLTD,EQ,20.31,20.65,19.73,20.35,20.33,8281592,1671.9,2026-09-29
SUBROS,EQ,702.65,712.7,689.0,702.2,700.3,45674,321.11,2026-09-29
SUDARCOLOR,EQ,394.9,394.9,380.55,383.7,387.9,1632,6.27,2026-09-29
SUDARSCHEM,EQ,1205.0,1209.8,1166.5,1197.3,1199.6,146487,1748.97,2026-09-29
SUDEEPPHRM,EQ,1138.8,1195.7,1138.8,1195.2,1138.8,314140,3733.81,2026-09-29
SUKHJITS,EQ,159.05,159.84,156.69,157.95,157.1,7250,11.47,2026-09-29
SULA,EQ,133.5,135.0,131.55,131.77,133.5,176993,234.21,2026-09-29
SUMEDHA,EQ,43.92,45.03,43.0,43.63,43.96,394,0.17,2026-09-29
SUMEETINDS,EQ,11.28,11.5,11.06,11.2,11.59,655070,73.25,2026-09-29
SUMICHEM,EQ,435.0,435.1,424.6,431.15,433.75,221398,952.62,2026-09-29
SUMIT,EQ,51.0,51.0,47.07,49.97,49.52,19588,9.69,2026-09-29
SUMMITSEC,EQ,1352.7,1352.7,1312.1,1322.6,1337.4,1753,23.2,2026-09-29
SUNCLAY,EQ,1245.2,1272.0,1228.0,1231.5,1229.9,6088,75.46,2026-09-29
SUNDARAM,EQ,1.13,1.15,1.1,1.1,1.13,586450,6.58,2026-09-29
SUNDARMFIN,EQ,4462.8,4462.8,4310.1,4334.8,4453.4,51607,2243.66,2026-09-29
SUNDRMBRAK,EQ,681.0,694.5,669.0,671.75,698.8,1060,7.17,2026-09-29
SUNDRMFAST,EQ,1169.8,1170.9,1132.8,1143.2,1166.6,696456,8019.7,2026-09-29
SUNDROP,EQ,734.0,753.0,715.95,750.75,740.2,23591,175.05,2026-09-29
SUNFLAG,EQ,459.4,469.0,435.15,464.3,449.2,2158845,9818.77,2026-09-29
SUNLOC,EQ,68.0,68.0,68.0,68.0,70.9,2,0.0,2026-09-29
SUNPHARMA,EQ,1853.9,1865.0,1836.6,1865.0,1838.0,3083083,57065.39,2026-09-29
SUNRAKSHAK,EQ,366.9,368.3,357.0,365.6,359.65,4961,17.94,2026-09-29
SUNSHIEL,EQ,1134.9,1139.0,1080.0,1087.5,1113.5,3514,39.03,2026-09-29
SUNSHINE,EQ,449.85,457.05,431.4,445.05,448.85,1277165,5670.52,2026-09-29
SUNTECK,EQ,276.0,285.45,268.55,280.3,276.75,327510,906.63,2026-09-29
SUNTV,EQ,519.6,559.95,510.45,553.25,519.9,3444850,18645.95,2026-09-29
SUPERHOUSE,EQ,160.77,164.87,159.0,159.9,160.77,1609,2.58,2026-09-29
SUPRAJIT,EQ,481.2,495.0,475.55,492.1,483.6,94276,460.75,2026-09-29
SUPREME,EQ,30.2,31.75,29.06,29.77,31.55,58980,17.99,2026-09-29
SUPREMEIND,EQ,3499.0,3499.0,3444.0,3445.8,3499.8,129446,4484.08,2026-09-29
SUPREMEINF,EQ,82.4,82.4,76.16,77.83,79.72,32183,25.32,2026-09-29
SUPRIYA,EQ,986.0,1019.8,971.0,985.05,984.75,548198,5469.82,2026-09-29
SURAJEST,EQ,217.89,217.89,207.01,209.06,217.27,102634,216.94,2026-09-29
SURAJLTD,EQ,198.0,198.01,193.02,193.14,193.45,1326,2.61,2026-09-29
SURAKSHA,EQ,343.5,359.4,340.0,355.05,347.05,88441,311.84,2026-09-29
SURANASOL,EQ,24.83,25.01,24.3,24.51,25.13,46832,11.52,2026-09-29
SURANAT&P,EQ,15.89,16.0,15.52,15.87,15.72,28165,4.44,2026-09-29
SURYALA,EQ,382.0,387.7,376.05,376.65,382.0,309,1.18,2026-09-29
SURYALAXMI,EQ,57.0,57.56,56.11,56.63,56.5,770,0.44,2026-09-29
SURYAROSNI,EQ,220.0,224.89,218.55,220.75,220.1,377814,835.28,2026-09-29
SURYODAY,EQ,145.22,146.18,143.33,144.68,144.99,140702,203.31,2026-09-29
SUVEN,EQ,321.6,331.8,320.0,324.75,321.65,1068199,3486.67,2026-09-29
SUVIDHAA,EQ,2.2,2.26,2.02,2.09,2.21,169861,3.61,2026-09-29
SUYOG,EQ,643.8,710.0,625.8,689.95,641.9,60550,406.89,2026-09-29
SUZLON,EQ,39.66,39.87,38.9,39.5,39.66,61795397,24372.14,2026-09-29
SVGLOBAL,EQ,157.0,157.0,142.0,143.2,144.06,1243,1.82,2026-09-29
SVLL,EQ,821.35,828.0,810.0,813.35,821.35,39361,318.86,2026-09-29
SVPGLOB,EQ,3.15,3.28,3.01,3.15,3.16,52099,1.6,2026-09-29
SWANCORP,EQ,288.75,289.5,282.5,284.05,289.7,542922,1552.87,2026-09-29
SWARAJENG,EQ,3552.5,3561.8,3527.0,3548.2,3552.5,5922,209.91,2026-09-29
SWARNSAR,EQ,38.6,43.9,38.0,41.29,40.18,13331,5.24,2026-09-29
SWELECTES,EQ,592.15,592.15,572.0,582.65,590.4,7730,45.27,2026-09-29
SWIGGY,EQ,255.5,255.95,251.0,253.7,256.0,13619762,34507.88,2026-09-29
SWSOLAR,EQ,170.1,171.63,168.2,171.08,170.74,708082,1204.44,2026-09-29
SYMBIOTEC,EQ,1051.0,1149.85,1045.05,1144.2,1055.75,2887817,32385.99,2026-09-29
SYMPHONY,EQ,586.0,589.85,574.6,580.4,585.95,41970,244.33,2026-09-29
SYNCOMF,EQ,22.46,26.64,22.03,26.18,22.2,237186557,58940.79,2026-09-29
SYNGENE,EQ,376.0,376.95,365.0,367.2,376.0,582282,2154.2,2026-09-29
SYRMA,EQ,1745.0,1746.4,1685.0,1692.6,1746.4,1111808,18952.05,2026-09-29
TAALTECH,EQ,1084.9,1084.9,1025.0,1044.4,1069.1,31867,333.11,2026-09-29
TAINWALCHM,EQ,205.1,209.0,202.51,205.36,206.26,1735,3.57,2026-09-29
TAJGVK,EQ,316.2,319.0,310.8,316.55,315.25,38238,120.46,2026-09-29
TAKE,EQ,14.01,14.01,14.01,14.01,14.74,53056,7.43,2026-09-29
TALBROAUTO,EQ,437.85,447.4,431.1,433.2,437.85,261069,1143.22,2026-09-29
TANAA,EQ,355.6,365.0,326.9,335.0,352.85,53123,182.67,2026-09-29
TANLA,EQ,497.7,498.4,488.45,490.65,497.3,273875,1347.49,2026-09-29
TARACHAND,EQ,47.51,49.0,46.5,47.27,47.44,62680,29.71,2026-09-29
TARAPUR,EQ,11.87,12.4,10.8,12.03,11.87,23557,2.74,2026-09-29
TARC,EQ,127.24,128.92,125.33,127.02,126.53,308230,391.44,2026-09-29
TARIL,EQ,272.0,275.85,266.6,272.85,270.45,1066716,2899.15,2026-09-29
TARMAT,EQ,55.0,59.4,55.0,57.03,56.87,19634,11.34,2026-09-29
TARSONS,EQ,339.9,342.0,327.55,330.35,338.0,116179,390.77,2026-09-29
TASTYBITE,EQ,9665.0,9665.0,9491.0,9611.0,9633.0,1178,112.8,2026-09-29
TATACAP,EQ,326.0,333.3,321.55,331.35,328.1,3110270,10133.89,2026-09-29
TATACHEM,EQ,632.5,640.5,609.8,613.85,641.45,3290504,20442.87,2026-09-29
TATACOMM,EQ,1642.2,1674.1,1630.0,1654.7,1655.3,215427,3565.52,2026-09-29
TATACONSUM,EQ,961.7,969.0,953.9,967.7,960.0,2410899,23203.26,2026-09-29
TATAELXSI,EQ,3190.0,3211.7,3106.1,3211.7,3191.0,522063,16489.7,2026-09-29
TATAGOLD,EQ,14.21,14.25,14.1,14.19,14.26,46258772,6563.13,2026-09-29
TATAINVEST,EQ,635.0,637.0,621.1,625.45,644.45,508671,3201.28,2026-09-29
TATAPOWER,EQ,358.0,360.7,353.95,359.0,361.9,10743181,38513.21,2026-09-29
TATASTEEL,EQ,184.78,189.0,184.24,188.0,186.3,28159048,52708.93,2026-09-29
TATATECH,EQ,701.5,706.2,683.7,686.75,707.05,584827,4053.05,2026-09-29
TATSILV,EQ,21.3,21.37,21.16,21.25,21.38,27646459,5876.06,2026-09-29
TATVA,EQ,1768.0,1830.0,1727.4,1806.4,1760.2,88197,1576.76,2026-09-29
TBOTEK,EQ,1650.0,1698.3,1633.0,1684.7,1654.8,113052,1897.81,2026-09-29
TCC,EQ,49.2,50.82,48.18,50.09,49.35,319661,157.84,2026-09-29
TCI,EQ,867.2,880.0,846.0,868.7,864.85,426394,3675.26,2026-09-29
TCIEXP,EQ,499.2,583.2,495.25,531.85,486.0,5534726,30922.85,2026-09-29
TCIFINANCE,EQ,14.75,15.3,14.02,14.48,14.75,13901,2.01,2026-09-29
TCPLPACK,EQ,3999.9,4202.2,3826.0,4117.4,3987.8,13649,555.21,2026-09-29
TCS,EQ,2065.0,2085.1,2032.4,2032.4,2070.7,4437783,90772.79,2026-09-29
TDPOWERSYS,EQ,719.0,799.0,714.0,777.35,722.0,7602887,57934.29,2026-09-29
TEAMGTY,EQ,242.95,242.95,235.0,235.0,235.01,640,1.5,2026-09-29
TEAMLEASE,EQ,1144.0,1163.9,1117.9,1148.6,1140.2,27808,317.98,2026-09-29
TECH,EQ,30.9,32.0,30.3,31.29,30.85,40531,12.4,2026-09-29
TECHM,EQ,1542.3,1557.5,1510.5,1510.5,1542.2,3218354,49261.94,2026-09-29
TECHNOCRAF,EQ,478.5,492.0,477.0,480.85,476.95,1003368,4858.73,2026-09-29
TECHNOE,EQ,979.9,1027.6,966.2,1010.15,981.85,271404,2737.4,2026-09-29
TECHNVISN,EQ,3966.0,3989.0,3799.5,3896.5,3966.0,174,6.76,2026-09-29
TECILCHEM,EQ,9.8,9.8,8.92,9.21,9.12,7526,0.7,2026-09-29
TEGA,EQ,2013.4,2089.9,1988.6,2060.6,2011.5,342283,7025.29,2026-09-29
TEJASNET,EQ,491.1,495.9,480.65,490.4,491.1,1223062,5974.88,2026-09-29
TEMBO,EQ,57.75,58.51,57.0,57.99,57.75,680807,393.8,2026-09-29
TEMPSENS,EQ,531.1,549.0,524.0,529.3,530.5,1354439,7241.95,2026-09-29
TENNIND,EQ,503.9,513.5,498.5,508.6,502.15,903915,4575.44,2026-09-29
TERAI,EQ,115.8,115.8,115.8,115.8,116.0,1,0.0,2026-09-29
TERASOFT,EQ,215.0,225.0,206.0,209.25,215.7,31347,67.3,2026-09-29
TEXINFRA,EQ,116.0,116.8,114.71,115.54,116.56,40220,46.57,2026-09-29
TEXMOPIPES,EQ,55.5,55.51,52.3,53.72,55.48,154189,82.69,2026-09-29
TEXRAIL,EQ,123.1,126.95,120.28,125.67,123.14,3055571,3807.36,2026-09-29
TFCILTD,EQ,139.68,141.43,138.2,138.92,139.68,18454638,25762.93,2026-09-29
TFL,EQ,11.65,11.89,11.47,11.64,11.67,2822,0.33,2026-09-29
TGBHOTELS,EQ,9.16,9.34,9.09,9.13,9.16,20980,1.93,2026-09-29
TGVSL,EQ,121.89,125.0,117.51,122.47,121.88,923146,1125.5,2026-09-29
THACKER,EQ,999.0,1085.0,975.0,996.8,975.0,18,0.19,2026-09-29
THAKDEV,EQ,135.0,137.0,135.0,135.0,141.37,21,0.03,2026-09-29
THANGAMAYL,EQ,5010.0,5262.0,4916.5,5204.5,5011.5,177094,9080.54,2026-09-29
THEINVEST,EQ,93.0,94.86,90.0,90.53,92.37,9698,8.88,2026-09-29
THEJO,EQ,2158.2,2169.9,2086.2,2110.3,2146.5,9710,205.74,2026-09-29
THELEELA,EQ,549.45,572.15,522.15,533.6,547.9,1415534,7663.9,2026-09-29
THEMISMED,EQ,118.0,121.04,116.02,119.95,116.85,106694,126.27,2026-09-29
THERMAX,EQ,3369.0,3375.9,3269.1,3291.0,3386.0,164479,5453.43,2026-09-29
THOMASCOOK,EQ,102.0,105.45,101.01,103.92,102.18,749468,774.37,2026-09-29
THOMASCOTT,EQ,255.0,270.5,244.55,250.35,238.35,143024,363.28,2026-09-29
THYROCARE,EQ,549.95,555.55,545.0,547.1,548.3,105491,579.36,2026-09-29
TI,EQ,560.0,562.0,550.0,550.85,561.65,606083,3361.25,2026-09-29
TIGERLOGS,EQ,27.16,27.16,25.8,26.17,26.4,80402,21.02,2026-09-29
TIIL,EQ,2920.4,2980.5,2914.6,2926.4,2929.4,24064,707.09,2026-09-29
TIINDIA,EQ,2455.3,2455.3,2397.8,2413.0,2459.0,392266,9482.41,2026-09-29
TIMETECHNO,EQ,183.25,185.9,180.94,183.92,183.44,4160921,7649.59,2026-09-29
TIMEX,EQ,702.65,747.0,683.1,729.1,703.65,986170,7185.68,2026-09-29
TIMKEN,EQ,3180.6,3213.8,3065.0,3086.2,3180.5,51275,1594.08,2026-09-29
TINNARUBR,EQ,954.9,968.85,919.45,955.2,947.4,37917,356.31,2026-09-29
TIPSFILMS,EQ,345.0,369.4,335.1,339.55,331.8,38117,134.61,2026-09-29
TIPSMUSIC,EQ,657.35,659.0,639.2,647.2,657.35,276147,1802.81,2026-09-29
TIRUMALCHM,EQ,155.01,157.29,150.0,152.39,155.04,355416,541.83,2026-09-29
TITAGARH,EQ,817.0,829.75,808.15,819.35,818.65,308740,2525.09,2026-09-29
TITAN,EQ,4808.0,4818.5,4675.0,4675.0,4819.5,1188414,56069.1,2026-09-29
TMB,EQ,861.75,871.65,845.1,863.55,861.75,169572,1457.5,2026-09-29
TMCV,EQ,430.6,434.8,426.5,430.15,432.95,4991805,21505.8,2026-09-29
TMPV,EQ,279.0,281.4,272.2,280.95,281.75,18903507,52375.45,2026-09-29
TNIDETF,EQ,86.22,86.22,83.2,83.49,84.53,67094,56.07,2026-09-29
TNPETRO,EQ,125.61,128.28,123.0,125.67,124.99,826447,1040.33,2026-09-29
TNPL,EQ,146.22,152.9,143.78,151.8,147.64,327768,486.96,2026-09-29
TNTELE,EQ,13.5,14.26,13.11,14.26,11.89,510371,70.5,2026-09-29
TOKYOPLAST,EQ,74.3,74.9,72.0,73.5,72.62,1109,0.83,2026-09-29
TOLINS,EQ,86.2,86.99,85.0,86.21,86.91,36061,30.99,2026-09-29
TOP100CASE,EQ,10.27,10.27,9.98,10.05,10.07,1278984,128.22,2026-09-29
TOP10ADD,EQ,82.6,83.45,81.96,82.71,82.59,235506,193.69,2026-09-29
TOP15IETF,EQ,9.16,9.29,9.11,9.18,9.25,143643,13.18,2026-09-29
TOP20,EQ,8.43,8.43,8.36,8.39,8.45,74222,6.23,2026-09-29
TORNTPHARM,EQ,4884.5,4948.0,4833.5,4894.0,4869.0,725626,35491.77,2026-09-29
TORNTPOWER,EQ,1237.3,1243.9,1211.5,1220.2,1237.2,224598,2756.69,2026-09-29
TOUCHWOOD,EQ,59.7,60.0,58.12,59.99,60.13,1035,0.62,2026-09-29
TOYAMSL,EQ,0.75,0.77,0.74,0.74,0.77,1663494,12.48,2026-09-29
TPLPLASTEH,EQ,64.1,67.5,63.15,65.26,64.9,97097,62.67,2026-09-29
TRACXN,EQ,32.98,33.0,31.7,32.94,32.33,229392,74.64,2026-09-29
TRANSCOR,EQ,24.39,24.9,23.52,23.85,24.39,6605,1.58,2026-09-29
TRANSRAILL,EQ,451.95,459.0,437.3,451.65,449.65,766338,3429.94,2026-09-29
TRAVELFOOD,EQ,1213.5,1213.5,1171.0,1196.6,1203.0,356445,4271.31,2026-09-29
TREEHOUSE,EQ,5.88,5.93,5.46,5.81,5.88,19318,1.09,2026-09-29
TREJHARA,EQ,144.95,144.95,132.98,135.7,139.74,44520,60.79,2026-09-29
TREL,EQ,28.89,28.94,27.7,28.4,28.89,112132,31.68,2026-09-29
TRENT,EQ,2626.0,2642.7,2580.4,2635.0,2626.0,1548590,40416.36,2026-09-29
TRF,EQ,210.07,210.73,202.0,202.9,207.55,24268,49.45,2026-09-29
TRIDENT,EQ,22.93,22.99,22.28,22.49,22.93,3025645,684.27,2026-09-29
TRIGYN,EQ,53.6,53.8,52.34,53.03,53.12,30084,15.93,2026-09-29
TRITONV,EQ,1080.4,1093.3,1060.1,1075.4,1093.3,967,10.42,2026-09-29
TRITURBINE,EQ,547.0,550.85,535.8,543.55,551.65,643808,3491.87,2026-09-29
TRIVENI,EQ,242.0,243.75,236.95,239.15,242.4,773286,1853.82,2026-09-29
TRU,EQ,4.06,4.18,4.05,4.06,4.11,50438,2.06,2026-09-29
TRUALT,EQ,459.9,464.0,452.7,458.4,458.15,258126,1184.85,2026-09-29
TSFINV,EQ,434.7,435.95,412.6,421.45,434.7,522272,2193.12,2026-09-29
TTKHLTCARE,EQ,1016.6,1042.6,1000.0,1033.7,1013.6,10420,106.53,2026-09-29
TTKPRESTIG,EQ,515.35,551.5,515.35,533.75,513.85,484427,2594.82,2026-09-29
TTL,EQ,7.33,8.25,7.12,7.71,7.33,878500,65.97,2026-09-29
TTML,EQ,35.71,35.9,33.93,35.18,36.19,11819456,4086.86,2026-09-29
TURTLEMINT,EQ,84.0,84.05,78.8,79.52,83.29,2538324,2036.98,2026-09-29
TUTIALKA,EQ,55.0,55.85,52.56,54.74,55.22,7605,4.09,2026-09-29
TVSELECT,EQ,378.85,379.65,367.1,374.3,378.85,25816,96.15,2026-09-29
TVSHLTD,EQ,12436.0,12497.0,12050.0,12298.0,12436.0,10491,1279.53,2026-09-29
TVSMOTOR,EQ,4075.0,4149.0,4037.2,4091.1,4095.0,765737,31460.92,2026-09-29
TVSSCS,EQ,128.3,132.62,125.74,131.3,128.5,838113,1091.9,2026-09-29
TVSSRICHAK,EQ,4445.0,4495.0,4370.0,4435.0,4490.5,5321,235.6,2026-09-29
TVTODAY,EQ,105.2,106.75,102.0,103.84,105.06,13158,13.66,2026-09-29
TWCGOLDETF,EQ,145.89,145.89,144.96,145.45,145.89,24430,35.55,2026-09-29
UBL,EQ,1213.0,1228.2,1169.5,1210.2,1217.4,116267,1393.33,2026-09-29
UCOBANK,EQ,23.4,23.45,22.97,23.05,23.33,4035725,932.78,2026-09-29
UDAYJEW,EQ,173.03,173.03,166.0,168.37,167.02,19048,31.99,2026-09-29
UDS,EQ,207.84,208.98,202.56,207.79,207.84,53770,111.11,2026-09-29
UEL,EQ,193.6,193.6,183.05,184.75,190.14,11518,21.36,2026-09-29
UFLEX,EQ,640.15,660.9,636.8,647.7,641.95,162208,1055.85,2026-09-29
UFO,EQ,58.99,60.48,56.3,58.93,58.87,64364,37.31,2026-09-29
UGARSUGAR,EQ,62.0,62.41,57.2,57.81,62.29,1013983,603.51,2026-09-29
UGROCAP,EQ,80.53,82.19,79.2,81.07,80.29,434421,349.0,2026-09-29
UJJIVANSFB,EQ,63.05,65.4,62.56,65.26,63.09,12425218,8025.85,2026-09-29
ULTRACEMCO,EQ,11010.0,11027.0,10826.0,10829.0,11025.0,514924,56243.29,2026-09-29
ULTRAMAR,EQ,423.9,423.9,412.3,418.5,419.1,18454,77.11,2026-09-29
UMESLTD,EQ,4.71,4.71,4.35,4.41,4.59,14937,0.66,2026-09-29
UMIYA-MRO,EQ,97.46,97.9,94.42,94.8,97.54,9754,9.28,2026-09-29
UNICHEMLAB,EQ,537.0,608.0,530.0,568.4,536.4,4127586,24050.93,2026-09-29
UNIDT,EQ,229.31,234.59,222.68,229.83,229.31,29891,68.37,2026-09-29
UNIECOM,EQ,82.81,83.16,81.01,82.45,82.18,161740,133.0,2026-09-29
UNIENTER,EQ,89.07,91.98,88.67,89.01,89.07,7461,6.65,2026-09-29
UNIINFO,EQ,11.1,11.3,11.0,11.08,11.3,1610,0.18,2026-09-29
UNIMECH,EQ,1622.0,1710.0,1591.6,1675.0,1616.2,595622,9936.37,2026-09-29
UNIONBANK,EQ,172.0,172.44,166.0,166.0,171.75,19452924,32929.94,2026-09-29
UNIONGOLD,EQ,143.65,143.65,141.7,143.0,142.95,4431,6.33,2026-09-29
UNIPARTS,EQ,837.1,847.5,829.55,843.55,837.1,47603,400.28,2026-09-29
UNITDSPR,EQ,1408.0,1414.2,1356.1,1363.0,1415.4,8761343,119808.42,2026-09-29
UNITECH,EQ,3.95,4.0,3.81,3.92,3.95,3452169,134.56,2026-09-29
UNITEDPOLY,EQ,46.23,47.1,45.0,46.87,45.28,136680,62.85,2026-09-29
UNITEDTEA,EQ,425.1,429.65,421.05,421.6,425.05,2379,10.11,2026-09-29
UNIVCABLES,EQ,1427.1,1479.9,1404.4,1468.4,1427.1,81266,1177.12,2026-09-29
UNOMINDA,EQ,1173.3,1179.0,1149.5,1162.0,1173.0,546120,6358.55,2026-09-29
UPHOT,EQ,1515.0,1530.0,1515.0,1530.0,1503.0,35,0.53,2026-09-29
UPL,EQ,546.0,547.55,532.6,538.0,549.5,3270756,17561.98,2026-09-29
URBANCO,EQ,161.0,164.89,158.6,163.71,161.21,3747128,6075.22,2026-09-29
URJA,EQ,8.75,9.0,8.55,8.9,8.75,675563,59.04,2026-09-29
USHAMART,EQ,506.0,509.35,495.15,498.9,508.0,418393,2104.79,2026-09-29
USK,EQ,19.7,20.21,19.06,19.57,19.31,21138,4.16,2026-09-29
UTIAMC,EQ,895.0,907.9,872.05,877.6,893.9,119110,1049.0,2026-09-29
UTKARSHBNK,EQ,13.56,14.0,13.26,13.91,13.59,5856546,798.53,2026-09-29
UTLSOLAR,EQ,405.05,420.0,395.05,407.7,409.05,276123,1115.29,2026-09-29
UTTAMSUGAR,EQ,293.65,293.9,284.0,290.8,294.75,181656,524.69,2026-09-29
V2RETAIL,EQ,211.93,211.93,207.0,209.43,211.22,697065,1461.48,2026-09-29
VADILALIND,EQ,7440.0,7543.0,7224.0,7277.0,7397.5,9371,693.68,2026-09-29
VADILENT,EQ,10200.0,10200.0,10200.0,10200.0,10201.0,2,0.2,2026-09-29
VAIBHAVGBL,EQ,199.0,204.49,198.16,202.89,199.72,268287,542.11,2026-09-29
VAISHALI,EQ,8.6,8.94,8.33,8.39,8.5,239530,20.27,2026-09-29
VAKRANGEE,EQ,5.27,5.27,5.08,5.18,5.18,869571,44.94,2026-09-29
VAL30IETF,EQ,14.5,14.62,14.34,14.55,14.57,190527,27.54,2026-09-29
VALIANTORG,EQ,395.0,409.95,380.9,404.6,397.75,59107,231.65,2026-09-29
VALUE,EQ,15.47,15.47,15.3,15.4,15.48,37094,5.7,2026-09-29
VALUEAXIS,EQ,32.41,32.41,31.07,31.19,31.62,273820,85.41,2026-09-29
VAML,EQ,420.15,479.0,416.55,434.45,420.05,56303173,243738.96,2026-09-29
VARDMNPOLY,EQ,5.96,6.09,5.45,5.81,5.8,311301,18.21,2026-09-29
VARMORA,EQ,155.0,163.77,148.1,152.19,148.0,51633016,79804.54,2026-09-29
VARROC,EQ,846.0,848.85,826.95,837.4,848.35,339439,2845.19,2026-09-29
VASCONEQ,EQ,35.05,35.23,33.01,33.97,34.96,707643,240.8,2026-09-29
VASWANI,EQ,45.0,47.0,44.4,44.51,44.62,39639,17.93,2026-09-29
VBL,EQ,428.65,432.9,425.15,430.0,430.0,8308533,35745.82,2026-09-29
VEDAVAAG,EQ,23.38,23.38,21.66,22.06,22.93,54384,12.11,2026-09-29
VEDL,EQ,259.0,260.5,256.1,260.0,259.0,9517563,24593.49,2026-09-29
VEDPOWER,EQ,32.17,34.8,31.8,34.25,32.15,35097382,11807.87,2026-09-29
VEEDOL,EQ,1364.1,1366.1,1352.0,1356.5,1364.1,6638,90.14,2026-09-29
VENKEYS,EQ,1625.0,1640.7,1599.0,1633.0,1632.8,27001,437.57,2026-09-29
VENTIVE,EQ,556.0,563.4,548.8,559.85,558.9,20278,112.85,2026-09-29
VENUSPIPES,EQ,2125.1,2225.0,2101.0,2195.8,2132.6,163257,3543.65,2026-09-29
VENUSREM,EQ,1629.8,1710.6,1629.8,1710.6,1629.2,44957,759.63,2026-09-29
VERANDA,EQ,239.86,239.91,220.0,223.31,238.02,2104745,4720.29,2026-09-29
VERTOZ,EQ,36.17,37.29,34.98,35.64,36.17,40122,14.26,2026-09-29
VESUVIUS,EQ,386.55,433.8,385.6,400.2,385.4,2664864,11005.88,2026-09-29
VETO,EQ,147.7,150.99,143.25,146.25,147.7,109301,159.77,2026-09-29
VGCL,EQ,46.85,47.66,46.58,47.5,46.58,1959,0.92,2026-09-29
VGL,EQ,64.8,66.29,63.0,64.73,64.26,35195,22.6,2026-09-29
VGUARD,EQ,305.4,310.65,302.8,307.05,307.25,269210,828.08,2026-09-29
VHL,EQ,3310.3,3366.7,3273.0,3305.3,3329.3,284,9.41,2026-09-29
VIDHIING,EQ,357.0,361.15,345.0,359.4,354.0,27204,97.22,2026-09-29
VIDYAWIRES,EQ,92.9,94.9,89.41,93.54,91.07,1523338,1413.22,2026-09-29
VIJAYA,EQ,1497.7,1512.9,1460.2,1475.0,1501.4,80593,1197.23,2026-09-29
VIJSOLX,EQ,636.9,650.0,636.9,649.3,636.1,11,0.07,2026-09-29
VIKASECO,EQ,1.03,1.04,1.01,1.02,1.03,2234550,22.82,2026-09-29
VIKASLIFE,EQ,1.22,1.24,1.21,1.21,1.23,1887874,23.07,2026-09-29
VIKRAMSOLR,EQ,163.92,164.99,160.0,160.05,160.08,4651540,7499.71,2026-09-29
VIKRAN,EQ,57.25,63.0,56.5,60.88,57.26,6766925,4108.22,2026-09-29
VIMTALABS,EQ,585.0,599.0,583.05,591.4,585.35,171430,1016.85,2026-09-29
VINATIORGA,EQ,1195.0,1210.9,1172.4,1174.3,1191.0,67018,793.76,2026-09-29
VINCOFE,EQ,179.0,184.0,174.68,182.56,179.97,1354650,2430.61,2026-09-29
VINDHYATEL,EQ,2592.1,2691.5,2508.1,2653.3,2598.4,59364,1545.97,2026-09-29
VINEETLAB,EQ,35.89,37.08,34.85,36.72,35.33,917482,336.82,2026-09-29
VINNY,EQ,0.91,0.92,0.89,0.9,0.91,301852,2.72,2026-09-29
VINYLINDIA,EQ,215.5,221.8,212.0,214.68,218.59,11038,23.83,2026-09-29
VIPCLOTHNG,EQ,21.78,21.8,20.21,20.44,21.09,34950,7.21,2026-09-29
VIPIND,EQ,295.65,296.8,289.15,293.2,296.25,126136,369.43,2026-09-29
VIRAT,EQ,365.0,374.9,331.6,340.2,358.4,8054,28.04,2026-09-29
VIRINCHI,EQ,13.72,14.0,13.16,13.37,13.72,78601,10.57,2026-09-29
VISACHROME,EQ,33.36,35.02,31.81,35.02,33.36,1571547,510.96,2026-09-29
VISHAL,EQ,17.78,18.2,17.25,17.92,17.86,37725,6.73,2026-09-29
VISHNU,EQ,688.05,696.8,669.8,673.9,691.95,153858,1048.68,2026-09-29
VISHWARAJ,EQ,5.43,5.43,5.24,5.26,5.4,206295,10.96,2026-09-29
VISL,EQ,31.4,32.99,31.1,32.85,31.42,21043260,6789.04,2026-09-29
VITAL,EQ,53.5,53.9,51.5,52.82,54.06,5574,2.91,2026-09-29
VIVIANA,EQ,709.3,724.95,700.0,704.7,710.65,16300,115.3,2026-09-29
VIVIDHA,EQ,0.52,0.53,0.51,0.52,0.52,325093,1.71,2026-09-29
VIVOBIOT,EQ,17.44,17.44,16.11,17.05,16.26,39020,6.56,2026-09-29
VIYASH,EQ,239.5,245.9,235.8,238.05,241.0,4039716,9704.94,2026-09-29
VLEGOV,EQ,10.33,10.44,10.15,10.2,10.34,41646,4.27,2026-09-29
VLSFINANCE,EQ,237.38,237.4,230.9,234.96,237.4,7305,17.08,2026-09-29
VMART,EQ,766.4,769.8,748.65,760.05,766.5,65456,496.24,2026-09-29
VMM,EQ,100.81,104.3,98.0,104.3,100.81,15659999,15702.89,2026-09-29
VMSTMT,EQ,48.02,49.99,48.02,48.99,48.25,105910,51.89,2026-09-29
VOEPL,EQ,495.15,511.95,491.9,497.95,497.5,45543,228.08,2026-09-29
VOGL,EQ,33.3,34.35,32.93,33.96,33.3,40629240,13685.96,2026-09-29
VOITHPAPR,EQ,1435.0,1460.5,1405.5,1408.2,1435.3,242,3.43,2026-09-29
VOLTAMP,EQ,10513.0,10669.0,10443.0,10624.0,10513.0,10908,1155.41,2026-09-29
VOLTAS,EQ,1135.2,1137.9,1090.0,1090.0,1135.5,1279969,14169.92,2026-09-29
VPRPL,EQ,31.0,32.8,28.89,28.99,31.09,2626247,798.88,2026-09-29
VRAJ,EQ,125.53,127.69,123.2,125.16,124.66,11399,14.25,2026-09-29
VRLLOG,EQ,285.5,288.4,281.5,282.4,287.0,166349,471.73,2026-09-29
VSSL,EQ,410.5,410.5,397.8,405.85,407.75,64367,260.21,2026-09-29
VSTIND,EQ,204.68,204.8,202.05,202.96,204.0,92063,186.98,2026-09-29
VSTL,EQ,111.45,111.95,110.05,110.81,111.23,3440,3.81,2026-09-29
VSTTILLERS,EQ,4285.8,4488.0,4232.2,4427.4,4307.3,9068,393.64,2026-09-29
VTL,EQ,540.5,545.2,526.7,529.55,540.55,501166,2685.44,2026-09-29
VTMLTD,EQ,38.54,41.77,37.75,39.93,38.07,179086,70.05,2026-09-29
WAAREEENER,EQ,2455.0,2460.0,2380.0,2380.0,2455.0,724573,17459.98,2026-09-29
WAAREEINDO,EQ,218.6,221.4,208.45,210.65,219.35,172505,366.57,2026-09-29
WAAREERTL,EQ,824.9,827.7,812.85,821.4,826.05,94415,775.13,2026-09-29
WABAG,EQ,1977.2,2099.8,1956.8,2093.8,1977.2,703056,14412.77,2026-09-29
WAKEFIT,EQ,139.01,145.1,136.7,144.06,138.57,435263,617.15,2026-09-29
WALCHANNAG,EQ,202.15,206.23,198.95,203.24,203.03,432314,876.06,2026-09-29
WANBURY,EQ,221.8,229.95,216.05,216.95,222.25,242042,535.89,2026-09-29
WARDINMOBI,EQ,5.54,5.54,5.16,5.49,5.43,314645,16.85,2026-09-29
WATERBASE,EQ,44.16,50.3,44.16,46.86,44.56,47588,22.42,2026-09-29
WCIL,EQ,92.2,95.5,89.51,94.91,92.75,231054,216.73,2026-09-29
WEALTH,EQ,846.75,918.0,837.8,887.5,832.8,5500,48.53,2026-09-29
WEBELSOLAR,EQ,71.99,71.99,69.5,70.62,71.75,1776300,1249.85,2026-09-29
WEIZMANIND,EQ,72.5,72.5,69.51,70.86,72.54,3367,2.38,2026-09-29
WEL,EQ,73.75,74.94,71.0,72.57,73.72,346612,251.18,2026-09-29
WELCORP,EQ,2712.3,2900.0,2680.5,2842.0,2739.7,3094471,87257.9,2026-09-29
WELENT,EQ,749.5,769.5,736.05,744.3,749.5,531075,3979.64,2026-09-29
WELSPLSOL,EQ,53.11,54.46,52.35,52.69,53.81,344119,181.99,2026-09-29
WELSPUNLIV,EQ,226.21,228.5,222.62,225.21,227.95,1833544,4133.68,2026-09-29
WENDT,EQ,8490.5,8651.0,8340.0,8395.0,8459.0,8552,722.77,2026-09-29
WESTLIFE,EQ,579.85,602.0,570.2,596.6,579.85,286746,1686.84,2026-09-29
WEWIN,EQ,48.59,48.59,47.5,48.1,48.59,2401,1.14,2026-09-29
WEWORK,EQ,645.65,679.8,641.3,667.15,650.65,204957,1361.45,2026-09-29
WHBRADY,EQ,491.0,491.0,491.0,491.0,491.0,2,0.01,2026-09-29
WHEELS,EQ,2300.0,2300.0,2191.0,2204.0,2323.8,138348,3095.62,2026-09-29
WHIRLPOOL,EQ,912.55,912.55,873.0,888.2,917.1,1761949,15687.56,2026-09-29
WILLAMAGOR,EQ,23.45,23.45,21.21,22.31,22.11,4087,0.9,2026-09-29
WINDLAS,EQ,1090.05,1123.95,1085.0,1096.25,1102.55,109383,1208.25,2026-09-29
WINDMACHIN,EQ,298.1,304.9,290.95,300.0,300.25,158312,473.66,2026-09-29
WIPL,EQ,166.7,169.9,163.22,163.72,166.74,418,0.69,2026-09-29
WIPRO,EQ,161.0,162.43,156.79,156.79,161.56,164453787,258286.96,2026-09-29
WOCKPHARMA,EQ,2199.0,2255.0,2148.0,2194.2,2187.6,1274737,27900.21,2026-09-29
WONDERLA,EQ,504.0,504.95,491.25,501.45,505.55,43971,219.88,2026-09-29
WORTHPERI,EQ,143.16,147.0,142.05,144.85,146.86,20329,29.79,2026-09-29
WPIL,EQ,422.35,438.9,416.0,431.5,422.35,53460,230.22,2026-09-29
WSI,EQ,55.97,56.31,55.11,55.62,55.7,8869,4.93,2026-09-29
WSTCSTPAPR,EQ,724.0,724.9,694.0,703.45,722.35,169050,1200.21,2026-09-29
XCHANGING,EQ,60.89,60.89,59.2,60.22,60.04,37926,22.72,2026-09-29
XELPMOC,EQ,89.2,91.9,83.56,85.53,89.57,34299,29.91,2026-09-29
XPROINDIA,EQ,1142.2,1170.0,1121.2,1160.4,1142.2,43568,500.33,2026-09-29
XTGLOBAL,EQ,29.0,31.0,29.0,29.43,28.91,25775,7.64,2026-09-29
XTRANET,EQ,285.97,285.97,271.48,271.48,285.76,730316,2020.92,2026-09-29
YASHO,EQ,4100.0,4117.5,3965.0,4061.3,4117.9,21869,881.7,2026-09-29
YATHARTH,EQ,1091.0,1117.5,1085.0,1108.0,1100.4,309227,3411.76,2026-09-29
YATRA,EQ,102.2,102.32,98.52,101.37,101.67,769697,775.45,2026-09-29
YESBANK,EQ,21.18,21.33,20.71,20.71,21.18,137347987,28809.25,2026-09-29
YOGI,EQ,162.0,162.0,156.0,156.67,162.0,850,1.34,2026-09-29
YUKEN,EQ,1121.7,1141.0,1103.1,1130.7,1125.85,15657,175.67,2026-09-29
ZAGGLE,EQ,175.0,176.26,172.25,173.84,175.55,563415,979.09,2026-09-29
ZEEL,EQ,76.5,76.85,73.31,74.14,76.5,15872606,11818.55,2026-09-29
ZEELEARN,EQ,6.78,6.85,6.01,6.25,6.65,562426,36.12,2026-09-29
ZEEMEDIA,EQ,7.29,7.3,7.01,7.18,7.29,936126,67.18,2026-09-29
ZENITHEXPO,EQ,203.0,203.0,193.4,199.53,203.0,53,0.11,2026-09-29
ZENITHSTL,EQ,5.22,5.23,5.03,5.19,5.17,78952,4.07,2026-09-29
ZENSARTECH,EQ,436.9,438.9,427.5,429.0,436.7,677413,2928.78,2026-09-29
ZENTEC,EQ,1642.0,1649.2,1606.0,1619.8,1642.8,305781,4962.33,2026-09-29
ZFCVINDIA,EQ,2325.0,2331.4,2285.0,2297.8,2332.8,85803,1972.85,2026-09-29
ZFSTEERING,EQ,750.0,750.0,708.65,710.85,729.7,3274,23.44,2026-09-29
ZIMLAB,EQ,137.55,138.1,132.0,134.89,137.55,123508,166.88,2026-09-29
ZODIAC,EQ,227.99,227.99,201.35,208.6,219.2,44250,92.94,2026-09-29
ZODIACLOTH,EQ,68.05,69.99,68.01,68.23,69.0,1648,1.13,2026-09-29
ZOTA,EQ,1315.6,1346.9,1291.0,1300.2,1322.2,53539,703.79,2026-09-29
ZSARACOM,EQ,10058.0,10299.0,9834.0,10233.0,10008.0,30,3.06,2026-09-29
ZUARI,EQ,215.4,222.47,213.16,221.66,217.12,56240,123.11,2026-09-29
ZUARIIND,EQ,278.5,283.85,272.55,281.85,276.85,56493,157.17,2026-09-29
ZYDUSLIFE,EQ,1217.6,1232.1,1200.5,1200.5,1215.0,2372609,28838.58,2026-09-29
ZYDUSWELL,EQ,523.55,528.8,503.05,506.1,524.4,308220,1594.55,2026-09-29
