SYMBOL,SERIES,OPEN_PRICE,HIGH_PRICE,LOW_PRICE,CLOSE_PRICE,PREV_CLOSE,TTL_TRD_QNTY,TURNOVER_LACS,DATE
20MICRONS,EQ,196.0,198.7,193.51,196.12,194.81,67881,133.67,2026-10-09
21STCENMGM,EQ,42.95,43.12,41.55,43.12,41.07,22609,9.66,2026-10-09
360ONE,EQ,1041.3,1048.0,1031.0,1048.0,1041.1,253881,2639.72,2026-10-09
3BBLACKBIO,EQ,1554.7,1596.0,1526.1,1586.4,1530.0,11178,175.6,2026-10-09
3MINDIA,EQ,30140.0,30355.0,29790.0,30170.0,30025.0,1743,524.81,2026-10-09
3PLAND,EQ,30.0,30.9,29.8,30.65,30.77,3243,0.98,2026-10-09
5PAISA,EQ,333.05,355.45,333.05,339.55,338.2,85063,295.8,2026-10-09
63MOONS,EQ,761.95,779.45,759.35,766.3,761.55,98604,758.56,2026-10-09
A2ZINFRA,EQ,13.7,14.4,13.35,14.0,13.72,227015,31.7,2026-10-09
AAATECH,EQ,104.14,112.0,102.05,107.92,103.44,543936,582.84,2026-10-09
AADHARHFC,EQ,446.65,452.0,442.8,443.65,450.55,120965,541.53,2026-10-09
AAKASH,EQ,8.02,8.28,8.02,8.14,8.2,65036,5.27,2026-10-09
AAREYDRUGS,EQ,102.01,105.7,100.54,104.08,103.89,152052,157.25,2026-10-09
AARON,EQ,122.0,132.0,121.1,127.13,121.05,22164,27.86,2026-10-09
AARTIDRUGS,EQ,415.0,419.0,408.05,413.3,414.0,78159,323.6,2026-10-09
AARTIIND,EQ,478.0,486.4,459.3,460.15,478.05,738046,3442.79,2026-10-09
AARTIPHARM,EQ,880.7,892.0,850.0,855.5,879.05,444377,3845.17,2026-10-09
AARVI,EQ,138.26,140.99,137.56,138.54,138.26,2140,2.97,2026-10-09
AASTHA,EQ,28.5,28.84,27.4,27.65,28.68,463503,128.76,2026-10-09
AAVAS,EQ,1190.5,1206.4,1180.0,1193.0,1190.5,31732,378.97,2026-10-09
ABANSENT,EQ,30.0,30.9,29.02,30.17,28.45,52653,15.92,2026-10-09
ABB,EQ,6795.0,6798.0,6575.0,6780.0,6770.0,336748,22683.04,2026-10-09
ABBOTINDIA,EQ,25580.0,26040.0,25580.0,26000.0,25580.0,3422,886.07,2026-10-09
ABCAPITAL,EQ,371.0,385.5,370.5,380.7,368.65,6519404,24770.69,2026-10-09
ABCOTS,EQ,190.67,195.99,185.9,193.88,190.67,2691,5.19,2026-10-09
ABDL,EQ,693.45,722.2,690.1,711.55,693.45,1078501,7661.71,2026-10-09
ABFRL,EQ,43.3,43.93,43.07,43.65,43.18,2708597,1181.48,2026-10-09
ABGSEC,EQ,113.44,113.44,112.61,113.15,112.99,73,0.08,2026-10-09
ABLBL,EQ,71.95,73.4,71.78,72.46,71.95,1264107,916.63,2026-10-09
ABMKNO,EQ,160.0,162.0,156.0,161.22,161.27,749,1.2,2026-10-09
ABREL,EQ,1018.0,1031.5,1002.3,1022.3,1018.0,315769,3225.68,2026-10-09
ABSL10BANK,EQ,163.05,165.0,163.05,163.61,161.32,166,0.27,2026-10-09
ABSLAMC,EQ,1004.9,1013.8,990.5,1004.05,1004.9,133287,1338.25,2026-10-09
ABSLBANETF,EQ,56.28,56.93,56.09,56.76,55.92,308051,174.79,2026-10-09
ABSLLIQUID,EQ,1000.0,1000.01,1000.0,1000.0,1000.0,11685,116.85,2026-10-09
ABSLMSCIN,EQ,27.47,27.68,27.47,27.68,27.34,87,0.02,2026-10-09
ABSLNN50ET,EQ,73.25,73.25,71.3,72.02,73.75,19064,13.7,2026-10-09
ABSLPSE,EQ,9.44,9.72,9.4,9.48,9.44,93543,8.87,2026-10-09
ACC,EQ,1132.1,1142.4,1124.6,1133.0,1130.1,118169,1337.08,2026-10-09
ACCELYA,EQ,1045.7,1067.0,1016.0,1061.6,1094.4,48021,500.16,2026-10-09
ACCURACY,EQ,4.12,4.17,4.05,4.12,4.12,26589,1.1,2026-10-09
ACE,EQ,1190.0,1209.4,1169.3,1176.9,1179.8,321543,3821.5,2026-10-09
ACEINTEG,EQ,16.37,17.49,16.15,17.2,16.45,3102,0.53,2026-10-09
ACEVECTOR,EQ,29.0,31.7,28.7,30.58,29.12,60598129,18477.59,2026-10-09
ACGL,EQ,1681.7,1702.8,1671.0,1676.4,1690.1,472,7.94,2026-10-09
ACI,EQ,463.9,465.1,451.35,455.05,462.2,225673,1035.79,2026-10-09
ACL,EQ,39.49,39.49,38.62,39.26,38.97,3310,1.3,2026-10-09
ACMESOLAR,EQ,420.4,423.3,411.5,418.1,420.4,584873,2435.72,2026-10-09
ACUTAAS,EQ,3059.0,3190.0,3031.1,3160.6,3056.7,365667,11476.12,2026-10-09
ADANIENSOL,EQ,1264.9,1285.2,1256.1,1262.0,1251.5,993699,12612.21,2026-10-09
ADANIENT,EQ,2605.1,2653.0,2582.3,2634.4,2596.0,1611868,42277.08,2026-10-09
ADANIGREEN,EQ,1240.0,1275.0,1238.4,1255.8,1235.7,2735030,34381.3,2026-10-09
ADANIPORTS,EQ,1710.1,1770.0,1699.1,1761.0,1708.0,9906351,173332.5,2026-10-09
ADANIPOWER,EQ,188.0,191.6,187.25,189.0,188.0,18864523,35727.81,2026-10-09
ADDIND,EQ,73.89,79.99,70.01,76.56,72.46,1603,1.18,2026-10-09
ADFFOODS,EQ,290.0,290.15,281.4,289.7,288.3,103320,298.08,2026-10-09
ADL,EQ,73.0,73.0,70.5,71.0,73.64,60,0.04,2026-10-09
ADOR,EQ,1490.0,1520.0,1470.0,1479.6,1486.1,17659,262.75,2026-10-09
ADSL,EQ,98.82,115.4,98.82,109.97,98.42,4125965,4575.34,2026-10-09
ADVAIT,EQ,1878.9,1900.0,1832.0,1888.8,1871.6,30880,578.02,2026-10-09
ADVANCE,EQ,113.88,116.52,112.1,113.27,113.85,384379,437.54,2026-10-09
ADVANIHOTR,EQ,48.07,48.07,47.02,47.41,47.23,6975,3.3,2026-10-09
ADVENTHTL,EQ,118.45,121.58,115.83,120.25,118.45,76802,90.9,2026-10-09
ADVENZYMES,EQ,268.0,273.7,266.05,267.15,264.9,236224,636.31,2026-10-09
ADVIKCA,EQ,1.0,1.01,0.97,0.99,0.98,114766,1.14,2026-10-09
AEGISLOG,EQ,1383.0,1413.2,1366.1,1388.9,1382.3,596347,8282.86,2026-10-09
AEGISVOPAK,EQ,286.2,290.0,273.9,284.8,285.2,1171591,3286.12,2026-10-09
AEPL,EQ,14.85,15.34,14.43,14.75,14.85,30457,4.51,2026-10-09
AEQUS,EQ,268.45,276.0,260.6,273.5,268.0,3217255,8707.42,2026-10-09
AEROENTER,EQ,125.48,127.29,122.51,123.31,125.45,319734,396.71,2026-10-09
AEROFLEX,EQ,535.0,546.9,514.0,520.5,529.0,1089632,5696.64,2026-10-09
AERONEU,EQ,70.9,70.9,68.95,69.52,68.4,51072,35.64,2026-10-09
AEROPLANE,EQ,216.05,220.8,213.19,218.41,216.09,1092045,2379.78,2026-10-09
AETHER,EQ,1749.4,1759.7,1701.2,1748.1,1744.1,139555,2412.49,2026-10-09
AFCONS,EQ,241.98,243.41,239.76,242.04,242.11,326416,788.98,2026-10-09
AFFLE,EQ,1405.1,1438.5,1405.1,1417.5,1401.4,88030,1253.77,2026-10-09
AFFORDABLE,EQ,160.94,162.0,158.0,159.8,158.28,6962,11.15,2026-10-09
AFIL,EQ,7.73,7.85,7.35,7.59,7.58,262054,20.02,2026-10-09
AFSL,EQ,201.5,201.5,201.0,201.07,201.0,1540,3.1,2026-10-09
AGARIND,EQ,372.65,380.0,364.55,374.8,369.15,25639,94.97,2026-10-09
AGARWALEYE,EQ,470.0,482.5,459.15,477.75,471.0,245391,1169.88,2026-10-09
AGI,EQ,786.3,787.85,766.3,770.45,782.6,62751,487.43,2026-10-09
AGIIL,EQ,250.95,256.1,248.0,254.1,250.05,245340,621.69,2026-10-09
AGL,EQ,12.28,12.51,12.06,12.24,12.15,1232033,150.32,2026-10-09
AGRITECH,EQ,93.45,102.28,90.0,95.7,92.99,16437,16.1,2026-10-09
AGROPHOS,EQ,22.01,23.09,22.01,22.91,21.89,12471,2.82,2026-10-09
AHCL,EQ,26.6,28.11,25.51,28.11,26.78,20427857,5527.8,2026-10-09
AHLADA,EQ,37.49,37.88,36.0,37.28,36.78,6011,2.21,2026-10-09
AHLEAST,EQ,132.8,135.9,132.8,135.27,132.78,306,0.41,2026-10-09
AHLUCONT,EQ,550.0,562.85,549.0,557.6,554.05,35359,196.16,2026-10-09
AIAENG,EQ,3783.5,3790.9,3663.0,3737.7,3742.9,25677,955.55,2026-10-09
AIIL,EQ,550.0,556.35,547.0,549.7,550.1,70587,388.08,2026-10-09
AIRAN,EQ,14.95,15.18,14.39,14.75,14.95,131916,19.44,2026-10-09
AIROLAM,EQ,87.8,89.88,86.52,87.39,86.52,510,0.45,2026-10-09
AJANTPHARM,EQ,3437.9,3478.2,3364.4,3410.1,3435.6,124419,4238.99,2026-10-09
AJAXENGG,EQ,578.7,580.0,567.2,570.4,571.25,31597,180.89,2026-10-09
AJMERA,EQ,115.21,119.5,114.83,116.92,115.77,216918,253.38,2026-10-09
AJOONI,EQ,3.01,3.05,3.0,3.03,3.01,101506,3.07,2026-10-09
AKASH,EQ,24.2,24.48,24.1,24.39,24.45,560,0.14,2026-10-09
AKCAPIT,EQ,1793.9,1793.9,1725.0,1751.7,1728.4,2089,36.49,2026-10-09
AKG,EQ,9.44,9.45,9.32,9.41,9.4,13881,1.3,2026-10-09
AKSHAR,EQ,0.42,0.43,0.41,0.41,0.42,737884,3.09,2026-10-09
AKUMS,EQ,780.8,791.9,740.8,751.85,786.7,438753,3333.76,2026-10-09
ALANKIT,EQ,7.61,7.85,7.4,7.49,7.6,175439,13.23,2026-10-09
ALBERTDAVD,EQ,790.0,804.95,785.75,791.65,793.9,2061,16.34,2026-10-09
ALEMBICLTD,EQ,100.5,101.0,98.83,99.25,99.72,433035,432.11,2026-10-09
ALFREDHE,EQ,2710.9,2722.0,2650.0,2650.0,2740.0,46,1.24,2026-10-09
ALGOQUANT,EQ,67.21,68.1,66.2,67.25,67.5,1195064,805.59,2026-10-09
ALICON,EQ,859.0,869.75,841.05,861.7,859.0,43292,370.6,2026-10-09
ALIVUS,EQ,1332.0,1350.5,1298.0,1326.3,1337.2,131728,1740.98,2026-10-09
ALKEM,EQ,5252.0,5299.0,5225.0,5279.0,5249.5,96074,5056.83,2026-10-09
ALKYLAMINE,EQ,1820.1,1853.8,1797.4,1807.6,1827.3,51603,939.15,2026-10-09
ALLCARGO,EQ,9.99,10.7,9.87,10.53,9.99,10980147,1147.87,2026-10-09
ALLDIGI,EQ,786.6,796.45,778.3,791.1,782.75,5121,40.27,2026-10-09
ALLTIME,EQ,178.78,182.01,170.63,179.55,175.43,253581,449.49,2026-10-09
ALOKINDS,EQ,9.06,9.29,8.43,9.0,9.0,58778669,5156.05,2026-10-09
ALPA,EQ,56.0,57.0,55.15,56.99,56.38,10206,5.73,2026-10-09
ALPHA,EQ,52.93,52.93,51.36,52.61,51.64,1248040,651.28,2026-10-09
ALPHAETF,EQ,24.87,25.2,24.64,25.03,24.75,267356,66.81,2026-10-09
ALPINETEX,EQ,45.02,45.4,43.56,44.3,45.11,115035,50.75,2026-10-09
ALPL30IETF,EQ,25.31,25.6,25.27,25.48,25.31,199460,50.9,2026-10-09
ALUFLUOR,EQ,636.15,701.0,636.15,682.8,645.0,31045,209.74,2026-10-09
AMAGI,EQ,555.35,565.0,550.0,559.4,555.3,153725,852.32,2026-10-09
AMAL,EQ,783.0,794.0,756.1,764.95,774.8,7961,61.16,2026-10-09
AMARJOTHI,EQ,148.0,148.05,145.05,146.47,147.3,151,0.22,2026-10-09
AMBER,EQ,6602.5,6620.0,6380.0,6445.0,6555.0,164400,10604.52,2026-10-09
AMBICAAGAR,EQ,23.3,23.97,22.71,22.94,23.31,9568,2.22,2026-10-09
AMBIKCO,EQ,1497.0,1497.2,1460.2,1472.8,1483.3,4295,63.33,2026-10-09
AMBUJACEM,EQ,344.55,351.5,341.3,351.5,341.0,2615221,9053.69,2026-10-09
AMJLAND,EQ,37.39,37.39,35.91,36.26,36.66,20096,7.29,2026-10-09
AMNPLST,EQ,165.5,190.01,163.0,174.75,165.87,30901,54.11,2026-10-09
AMRUTANJAN,EQ,502.0,512.0,502.0,508.9,503.05,30552,155.01,2026-10-09
ANANDRATHI,EQ,2125.0,2135.0,2038.0,2038.7,2138.9,1089771,22397.93,2026-10-09
ANANTRAJ,EQ,588.0,590.65,568.35,570.75,582.5,1446522,8343.72,2026-10-09
ANDHRAPAP,EQ,66.8,69.5,66.25,67.21,67.45,108115,72.52,2026-10-09
ANDHRSUGAR,EQ,90.4,90.45,87.66,88.43,89.83,302912,268.51,2026-10-09
ANDREWYU,EQ,24.41,24.7,23.36,24.01,24.3,73232,17.58,2026-10-09
ANGELONE,EQ,296.5,297.6,288.1,292.0,295.0,3482836,10181.16,2026-10-09
ANIKINDS,EQ,42.99,43.0,41.01,41.34,42.2,11864,4.93,2026-10-09
ANNAPURNA,EQ,125.9,129.8,124.0,125.14,124.0,34440,43.73,2026-10-09
ANNU,EQ,46.7,47.65,45.5,47.01,46.33,525821,246.32,2026-10-09
ANSALBU,EQ,82.0,90.0,78.0,81.49,82.42,5285,4.31,2026-10-09
ANTELOPUS,EQ,1119.7,1134.3,1095.0,1101.5,1105.8,142976,1590.07,2026-10-09
ANTGRAPHIC,EQ,0.69,0.7,0.69,0.69,0.69,52804,0.37,2026-10-09
ANTHEM,EQ,872.55,880.2,842.2,862.3,872.55,187250,1621.94,2026-10-09
ANUHPHR,EQ,81.79,82.98,81.01,82.02,81.79,37636,30.77,2026-10-09
ANUP,EQ,1502.0,1515.0,1480.0,1488.2,1498.2,17643,263.08,2026-10-09
ANURAS,EQ,1104.9,1146.9,1083.8,1132.4,1097.7,583323,6514.54,2026-10-09
AONEGOLD,EQ,13.88,13.9,13.72,13.84,13.66,592091,82.03,2026-10-09
AONELIQUID,EQ,1085.57,1085.57,1080.6,1080.61,1080.17,35085,379.13,2026-10-09
AONENIFTY,EQ,9.35,9.35,8.5,9.3,9.21,124487,11.56,2026-10-09
AONESILVER,EQ,8.31,8.41,8.31,8.4,8.25,378084,31.71,2026-10-09
AONESTEELS,EQ,415.95,417.0,396.2,407.1,416.95,527019,2153.39,2026-10-09
AONETMMQ50,EQ,9.99,9.99,9.7,9.83,9.79,43150,4.23,2026-10-09
AONETOTAL,EQ,11.29,11.46,11.07,11.2,11.07,111558,12.47,2026-10-09
APARINDS,EQ,17940.0,18241.0,17815.0,17984.0,17816.0,99015,17815.63,2026-10-09
APCL,EQ,93.33,93.33,88.5,89.1,92.87,10427,9.42,2026-10-09
APCOTEXIND,EQ,576.9,583.9,570.6,578.35,576.9,39738,229.27,2026-10-09
APEX,EQ,332.8,335.0,326.2,331.3,330.6,53918,178.47,2026-10-09
APLAPOLLO,EQ,2052.2,2120.6,2026.2,2114.1,2040.0,397189,8293.61,2026-10-09
APLLTD,EQ,801.0,806.2,788.75,800.95,800.5,187843,1501.96,2026-10-09
APOLLO,EQ,395.0,397.65,383.75,388.35,395.15,5526596,21516.9,2026-10-09
APOLLOHOSP,EQ,7950.0,8027.5,7775.5,8027.5,7666.0,1449612,114804.78,2026-10-09
APOLLOPIPE,EQ,508.0,519.3,500.0,513.7,506.9,177953,911.0,2026-10-09
APOLLOTYRE,EQ,401.7,403.8,396.35,400.05,401.7,276049,1104.38,2026-10-09
APOLSINHOT,EQ,1164.2,1179.0,1135.0,1137.4,1159.1,319,3.64,2026-10-09
APTECHT,EQ,85.05,86.5,84.34,84.86,85.05,55532,47.22,2026-10-09
APTUS,EQ,215.52,218.53,212.61,215.73,216.92,1402416,3025.48,2026-10-09
AQYLON,EQ,16.09,16.55,15.12,15.75,15.77,2665776,420.09,2026-10-09
ARCHIDPLY,EQ,100.8,101.98,99.2,99.75,101.0,26996,27.02,2026-10-09
ARCHIES,EQ,12.29,12.36,12.01,12.02,12.01,5395,0.66,2026-10-09
ARCIL,EQ,156.0,157.55,148.91,150.54,156.18,1012850,1542.59,2026-10-09
ARCL,EQ,224.0,242.73,220.0,221.6,221.87,636,1.44,2026-10-09
ARDEE,EQ,49.2,49.69,46.6,47.87,48.96,1905173,924.52,2026-10-09
ARE&M,EQ,721.15,729.0,716.1,721.0,720.3,270068,1950.74,2026-10-09
ARENTERP,EQ,33.49,33.49,32.4,33.34,32.87,24,0.01,2026-10-09
ARFIN,EQ,106.74,113.83,102.28,105.14,107.52,12777249,13883.1,2026-10-09
ARIHANT,EQ,951.0,980.0,909.9,923.0,939.75,4459,41.62,2026-10-09
ARIHANTCAP,EQ,95.62,98.0,93.53,96.19,95.62,496996,479.47,2026-10-09
ARIHANTSUP,EQ,223.89,223.89,198.83,219.32,219.51,29121,61.42,2026-10-09
ARIS,EQ,137.4,145.0,134.25,140.31,136.42,2923927,4128.47,2026-10-09
ARKADE,EQ,118.53,119.9,116.55,118.88,117.67,183408,216.59,2026-10-09
ARMANFIN,EQ,1709.0,1725.9,1675.3,1694.2,1703.9,24717,420.64,2026-10-09
ARMEE,EQ,260.0,262.0,252.05,253.9,256.4,529600,1351.04,2026-10-09
AROGRANITE,EQ,22.75,23.14,21.99,22.34,22.76,8706,1.95,2026-10-09
ARROWGREEN,EQ,845.1,863.0,822.6,855.65,847.45,28809,241.74,2026-10-09
ARSSBL,EQ,540.95,548.95,531.05,539.6,537.55,187035,1009.04,2026-10-09
ARTEMISMED,EQ,308.25,315.95,308.25,313.2,308.45,221613,691.96,2026-10-09
ARTNIRMAN,EQ,38.0,39.4,37.09,38.9,38.0,493,0.19,2026-10-09
ARVEE,EQ,208.01,214.99,205.0,207.0,212.08,3771,7.86,2026-10-09
ARVIND,EQ,512.85,515.15,499.1,509.45,510.5,611156,3095.18,2026-10-09
ARVINDFASN,EQ,393.05,406.0,387.55,402.8,392.1,354592,1407.4,2026-10-09
ARVSMART,EQ,607.05,608.95,591.4,598.2,608.5,81744,490.88,2026-10-09
ARYAMAN,EQ,600.0,624.0,600.0,623.75,610.0,18,0.11,2026-10-09
ASAHIINDIA,EQ,939.75,957.4,932.4,945.95,938.8,40788,385.02,2026-10-09
ASAL,EQ,401.0,408.8,400.0,405.4,395.55,9481,38.33,2026-10-09
ASALCBR,EQ,573.0,587.45,568.0,570.3,573.2,58160,332.99,2026-10-09
ASHAPURMIN,EQ,470.0,478.05,467.15,470.8,469.35,168370,796.03,2026-10-09
ASHIANA,EQ,374.4,374.4,362.95,372.55,372.25,18749,69.33,2026-10-09
ASHIMASYN,EQ,14.5,14.5,13.91,14.26,14.08,39164,5.57,2026-10-09
ASHOKA,EQ,101.5,103.25,100.31,102.02,101.4,519359,529.94,2026-10-09
ASHOKAMET,EQ,14.6,14.8,14.42,14.44,14.6,8930,1.31,2026-10-09
ASHOKLEY,EQ,146.0,147.31,143.65,145.06,145.02,11102691,16181.42,2026-10-09
ASIANENE,EQ,455.8,468.7,438.3,450.1,459.45,308354,1391.87,2026-10-09
ASIANHOTNR,EQ,330.8,342.3,327.45,334.4,329.5,15714,53.12,2026-10-09
ASIANPAINT,EQ,2324.0,2362.9,2322.2,2339.1,2311.6,248707,5839.01,2026-10-09
ASIANTILES,EQ,46.23,46.3,45.31,45.59,45.79,611984,279.31,2026-10-09
ASIANTNE,EQ,8.37,9.05,8.21,8.81,8.21,36824,3.22,2026-10-09
ASKAUTOLTD,EQ,591.05,598.95,580.1,588.15,594.6,246190,1449.68,2026-10-09
ASMS,EQ,5.88,5.98,5.83,5.9,5.81,83260,4.92,2026-10-09
ASPINWALL,EQ,240.1,245.8,229.75,234.98,241.52,14733,35.37,2026-10-09
ASSAMENT,EQ,800.0,828.0,756.0,827.55,789.55,19,0.15,2026-10-09
ASTAR,EQ,641.6,642.0,590.0,604.75,641.6,350,2.12,2026-10-09
ASTEC,EQ,710.1,740.0,700.1,729.3,714.75,34137,247.65,2026-10-09
ASTERDM,EQ,682.0,704.95,675.9,699.85,677.15,894693,6207.62,2026-10-09
ASTRAL,EQ,1408.1,1430.9,1405.0,1409.8,1408.5,171437,2422.7,2026-10-09
ASTRAMICRO,EQ,1630.8,1668.8,1610.0,1652.9,1630.8,311004,5099.22,2026-10-09
ASTRAZEN,EQ,5720.0,5875.5,5640.0,5837.0,5719.5,8979,521.41,2026-10-09
ATALREAL,EQ,11.64,11.85,11.3,11.34,11.63,672402,76.91,2026-10-09
ATAM,EQ,55.5,55.5,53.65,54.05,54.91,5656,3.09,2026-10-09
ATGL,EQ,564.9,572.75,561.55,563.45,562.2,448293,2536.39,2026-10-09
ATHERENERG,EQ,1406.0,1438.0,1368.6,1434.4,1406.0,3741866,52612.38,2026-10-09
ATL,EQ,25.08,26.5,24.32,26.18,25.18,274559,70.77,2026-10-09
ATLANTAA,EQ,35.11,35.46,34.21,34.7,35.15,41349,14.4,2026-10-09
ATLANTAELE,EQ,1840.0,1840.0,1741.1,1769.5,1806.6,168656,2994.77,2026-10-09
ATLASCYCLE,EQ,92.99,93.0,91.21,91.99,91.53,540,0.5,2026-10-09
ATUL,EQ,5923.0,5980.5,5860.5,5882.5,5923.0,11975,706.02,2026-10-09
ATULAUTO,EQ,410.35,418.0,410.0,416.6,410.35,43607,180.35,2026-10-09
AUBANK,EQ,981.8,991.5,975.2,982.0,975.0,1196069,11752.73,2026-10-09
AUGMONT,EQ,1300.0,1337.8,1249.3,1337.8,1274.1,629196,8249.16,2026-10-09
AURIONPRO,EQ,597.95,617.5,597.1,601.6,596.55,168128,1018.22,2026-10-09
AUROPHARMA,EQ,1645.9,1697.9,1633.0,1693.0,1645.0,699038,11745.12,2026-10-09
AURUM,EQ,227.0,235.0,226.36,232.77,227.39,87841,202.73,2026-10-09
AURUS,EQ,4.28,4.35,4.07,4.17,4.29,24148,1.02,2026-10-09
AUSOMENT,EQ,146.8,151.0,142.5,148.6,143.29,2657,3.92,2026-10-09
AUSTENG,EQ,152.12,157.8,152.1,153.38,151.39,691,1.07,2026-10-09
AUTOAXLES,EQ,1616.8,1620.7,1596.3,1600.1,1608.8,4379,70.21,2026-10-09
AUTOBEES,EQ,255.0,258.78,253.12,257.87,254.92,192422,494.0,2026-10-09
AUTOIETF,EQ,25.62,25.93,25.4,25.85,25.53,512768,132.15,2026-10-09
AUTOIND,EQ,81.8,82.98,78.08,82.11,80.06,119166,96.33,2026-10-09
AVADHSUGAR,EQ,949.0,965.0,925.0,945.75,939.55,125036,1187.59,2026-10-09
AVALON,EQ,2302.0,2345.0,2250.0,2300.5,2302.0,188472,4332.64,2026-10-09
AVANCE,EQ,0.79,0.81,0.78,0.78,0.78,4187069,33.23,2026-10-09
AVANTEL,EQ,146.0,147.1,142.71,143.98,145.31,740876,1072.45,2026-10-09
AVANTIFEED,EQ,705.0,710.9,694.25,699.1,698.65,206443,1447.78,2026-10-09
AVG,EQ,163.15,163.5,157.0,161.89,161.98,12932,20.89,2026-10-09
AVL,EQ,600.0,600.05,575.2,581.05,604.45,217078,1265.37,2026-10-09
AVONMORE,EQ,12.43,12.88,12.21,12.3,12.43,55314,6.82,2026-10-09
AVROIND,EQ,5.93,6.24,5.34,5.43,5.87,567299,31.86,2026-10-09
AVTNPL,EQ,85.11,100.23,83.1,94.78,85.45,10258801,9860.13,2026-10-09
AWFIS,EQ,239.84,248.5,236.4,247.03,238.12,1697677,4151.39,2026-10-09
AWHCL,EQ,339.95,340.7,332.75,334.05,339.25,81978,274.76,2026-10-09
AWL,EQ,183.95,183.95,180.86,182.18,182.81,1468028,2676.07,2026-10-09
AXISBANK,EQ,1249.0,1266.0,1240.1,1259.1,1245.0,5173548,65138.57,2026-10-09
AXISCADES,EQ,2061.0,2150.3,2027.6,2082.3,2077.6,194911,4066.72,2026-10-09
AXITA,EQ,7.41,7.47,7.36,7.38,7.41,465760,34.4,2026-10-09
AXTEL,EQ,432.8,434.9,419.05,420.7,432.8,6494,27.63,2026-10-09
AYE,EQ,159.49,160.9,155.84,156.94,160.79,689022,1086.52,2026-10-09
AYMSYNTEX,EQ,272.0,275.45,269.4,272.65,271.75,30772,83.69,2026-10-09
AZAD,EQ,2898.0,2950.0,2817.0,2910.2,2883.7,495620,14377.21,2026-10-09
AZADIND,EQ,82.98,84.99,81.61,82.42,82.56,42981,35.56,2026-10-09
BAGFILMS,EQ,4.07,4.1,3.9,4.02,4.07,63489,2.55,2026-10-09
BAIDFIN,EQ,10.36,10.45,10.0,10.12,10.17,39169,3.98,2026-10-09
BAJAJ-AUTO,EQ,9663.0,9968.0,9645.0,9778.0,9637.0,249546,24547.21,2026-10-09
BAJAJCON,EQ,493.75,508.8,490.55,506.95,489.15,551446,2772.44,2026-10-09
BAJAJELEC,EQ,291.0,300.35,291.0,298.0,290.05,87536,259.28,2026-10-09
BAJAJFINSV,EQ,1713.0,1751.0,1711.5,1734.7,1708.0,772498,13414.32,2026-10-09
BAJAJHCARE,EQ,316.05,326.0,311.1,320.0,314.85,124154,397.55,2026-10-09
BAJAJHFL,EQ,82.15,82.8,81.41,81.51,82.14,2834991,2322.85,2026-10-09
BAJAJHIND,EQ,20.19,20.65,19.84,20.42,20.04,10391539,2103.55,2026-10-09
BAJAJHLDNG,EQ,10628.0,10820.0,10596.0,10820.0,10600.0,11706,1253.98,2026-10-09
BAJAJINDEF,EQ,203.8,205.19,197.0,203.47,199.24,14767,29.86,2026-10-09
BAJAJST,EQ,331.95,340.0,326.4,333.95,324.3,6524,21.75,2026-10-09
BAJEL,EQ,157.6,158.46,154.78,157.26,156.63,101984,159.54,2026-10-09
BAJFINANCE,EQ,951.95,968.0,950.7,960.0,955.95,7684275,73808.93,2026-10-09
BALAJEE,EQ,24.0,24.0,23.01,23.6,23.77,19966,4.66,2026-10-09
BALAJITELE,EQ,87.0,92.0,85.1,91.04,86.08,499249,450.79,2026-10-09
BALAMINES,EQ,2100.0,2130.6,2032.0,2040.8,2085.5,173579,3595.63,2026-10-09
BALAXI,EQ,22.4,22.79,22.09,22.33,22.09,13772,3.09,2026-10-09
BALKRISHNA,EQ,15.99,16.25,15.6,15.9,15.73,4123,0.66,2026-10-09
BALKRISIND,EQ,2005.0,2024.0,1983.7,2010.3,1996.9,134321,2698.5,2026-10-09
BALMLAWRIE,EQ,155.95,157.4,154.13,156.98,156.08,106520,166.08,2026-10-09
BALRAMCHIN,EQ,689.4,697.35,675.5,678.15,689.45,738592,5059.05,2026-10-09
BALUFORGE,EQ,495.0,498.0,476.2,481.2,489.45,556624,2694.29,2026-10-09
BANARBEADS,EQ,111.3,112.29,107.0,108.41,110.28,1842,2.02,2026-10-09
BANARISUG,EQ,3300.1,3317.1,3205.3,3301.4,3300.0,364,12.01,2026-10-09
BANCOINDIA,EQ,590.35,596.95,582.5,590.8,588.9,41466,244.86,2026-10-09
BANDHANBNK,EQ,157.0,161.3,153.79,157.0,155.54,10436631,16488.11,2026-10-09
BANG,EQ,34.15,34.15,32.21,32.67,33.7,15052,4.97,2026-10-09
BANK10ADD,EQ,16.19,16.45,16.19,16.41,16.19,14377,2.35,2026-10-09
BANK10BETF,EQ,19.61,20.3,19.52,19.99,19.61,1541536,310.7,2026-10-09
BANKA,EQ,66.81,69.98,66.81,68.1,68.35,899,0.62,2026-10-09
BANKADD,EQ,56.43,56.8,56.43,56.53,55.86,813299,459.81,2026-10-09
BANKBARODA,EQ,234.77,238.25,234.55,235.8,234.0,3744454,8857.41,2026-10-09
BANKBEES,EQ,567.31,574.15,564.95,572.92,564.48,885539,5065.71,2026-10-09
BANKBETA,EQ,56.68,57.45,56.56,57.22,56.37,369030,211.2,2026-10-09
BANKBETF,EQ,55.95,56.46,55.68,56.22,55.41,20663,11.6,2026-10-09
BANKETF,EQ,558.13,565.63,557.99,564.6,555.21,21186,119.3,2026-10-09
BANKIETF,EQ,56.09,56.99,56.09,56.85,55.99,569394,323.39,2026-10-09
BANKINDIA,EQ,133.0,134.9,132.1,134.46,132.35,7400969,9884.26,2026-10-09
BANKNIFTY1,EQ,55.21,57.63,55.21,57.48,56.63,281981,161.6,2026-10-09
BANKPSU,EQ,80.87,82.15,80.87,81.78,80.87,20947,17.11,2026-10-09
BANSALWIRE,EQ,314.8,324.25,310.05,315.8,313.2,64291,201.92,2026-10-09
BANSWRAS,EQ,105.0,105.0,102.31,102.48,102.16,5540,5.7,2026-10-09
BASF,EQ,3346.8,3374.7,3318.1,3347.4,3346.8,12674,424.04,2026-10-09
BASML,EQ,20.75,21.75,20.75,21.03,20.74,77409,16.38,2026-10-09
BATAINDIA,EQ,604.0,615.2,600.15,613.25,603.35,89772,546.23,2026-10-09
BATLIBOI,EQ,96.9,96.9,91.0,92.28,93.98,20525,19.18,2026-10-09
BAYERCROP,EQ,3381.6,3529.0,3370.8,3492.0,3381.6,32726,1134.0,2026-10-09
BBETF0432,EQ,1334.76,1338.0,1334.75,1335.12,1337.13,489,6.53,2026-10-09
BBL,EQ,2065.2,2199.9,2034.8,2189.0,2075.3,60106,1289.58,2026-10-09
BBNPNBETF,EQ,55.63,55.74,55.61,55.61,54.8,10,0.01,2026-10-09
BBNPPGOLD,EQ,142.3,144.3,142.0,143.95,141.65,1134,1.63,2026-10-09
BBOX,EQ,858.0,935.0,858.0,892.1,856.55,6686307,60936.38,2026-10-09
BBTC,EQ,1225.1,1232.5,1205.5,1222.1,1224.6,54764,668.7,2026-10-09
BBTCL,EQ,229.9,235.0,223.52,227.72,225.54,10163,23.15,2026-10-09
BCG,EQ,9.03,9.1,8.95,9.05,8.99,3958130,356.81,2026-10-09
BCLIND,EQ,29.93,30.58,29.79,30.26,29.88,451153,135.75,2026-10-09
BCONCEPTS,EQ,144.0,146.9,142.0,143.39,142.47,5186,7.41,2026-10-09
BCPL,EQ,65.0,66.4,64.11,64.53,64.91,12674,8.27,2026-10-09
BDL,EQ,1056.0,1084.7,1051.6,1075.9,1050.5,890171,9543.51,2026-10-09
BEARDSELL,EQ,22.19,22.19,21.26,21.5,21.77,13269,2.88,2026-10-09
BECTORFOOD,EQ,208.0,208.67,204.52,205.41,205.64,316616,652.52,2026-10-09
BEDMUTHA,EQ,108.05,112.0,108.05,109.99,108.5,2204,2.44,2026-10-09
BEEKAY,EQ,428.1,441.0,418.95,422.25,421.05,596,2.53,2026-10-09
BEL,EQ,367.3,371.4,360.5,368.15,367.3,17198740,63049.59,2026-10-09
BELLACASA,EQ,248.92,252.77,243.42,251.41,246.27,2592,6.47,2026-10-09
BELRISE,EQ,236.2,238.38,230.95,234.17,234.8,1718749,4023.83,2026-10-09
BEML,EQ,1924.5,1947.0,1875.6,1894.7,1911.2,334232,6361.17,2026-10-09
BENARAS,EQ,10136.0,10250.0,10135.0,10211.0,10200.0,292,29.7,2026-10-09
BENGALASM,EQ,5859.5,6056.0,5852.0,5961.5,5901.5,331,19.59,2026-10-09
BEPL,EQ,124.0,126.15,120.42,124.89,123.44,1665384,2055.29,2026-10-09
BERGEPAINT,EQ,467.3,473.8,461.1,471.9,467.95,203201,953.47,2026-10-09
BESTAGRO,EQ,16.72,17.15,16.62,16.78,16.88,429934,72.43,2026-10-09
BETA,EQ,1910.0,1974.0,1703.1,1950.2,1898.0,158957,2884.4,2026-10-09
BFINVEST,EQ,426.5,430.95,420.0,427.1,426.0,7047,30.15,2026-10-09
BFSI,EQ,25.6,26.06,25.6,25.97,25.6,289225,75.16,2026-10-09
BFUTILITIE,EQ,474.15,476.05,463.0,469.1,471.05,42146,197.59,2026-10-09
BHAGCHEM,EQ,222.95,226.0,221.0,222.13,222.87,150000,335.72,2026-10-09
BHAGERIA,EQ,370.0,383.7,358.0,364.9,367.0,162959,600.35,2026-10-09
BHANDARI,EQ,2.83,2.83,2.76,2.79,2.76,118052,3.31,2026-10-09
BHARATCOAL,EQ,31.31,31.45,31.0,31.12,31.31,3235570,1009.38,2026-10-09
BHARATFORG,EQ,1791.0,1818.8,1773.2,1816.9,1790.6,403807,7286.03,2026-10-09
BHARATRAS,EQ,970.0,975.0,958.1,964.7,966.8,13672,131.68,2026-10-09
BHARATSE,EQ,200.95,228.61,197.29,210.18,200.84,2421267,5232.94,2026-10-09
BHARATWIRE,EQ,166.0,172.51,165.19,167.78,165.73,141715,239.48,2026-10-09
BHARTIARTL,EQ,1804.6,1820.0,1801.4,1805.1,1804.6,3362523,60801.46,2026-10-09
BHARTIHEXA,EQ,1490.0,1534.9,1485.3,1531.9,1500.7,101028,1538.3,2026-10-09
BHEL,EQ,433.6,438.7,420.65,433.6,429.6,11017851,47563.55,2026-10-09
BIGBLOC,EQ,35.8,36.7,34.1,35.46,34.63,57654,20.46,2026-10-09
BIKAJI,EQ,468.65,476.9,464.5,472.05,468.65,120318,564.61,2026-10-09
BIL,EQ,1048.0,1078.55,1036.05,1042.1,1048.55,8461,89.09,2026-10-09
BIMETAL,EQ,638.0,650.5,626.0,627.8,638.0,257,1.63,2026-10-09
BIOCON,EQ,349.55,351.0,343.95,349.4,350.0,1890577,6568.76,2026-10-09
BIOFILCHEM,EQ,29.52,30.75,29.16,30.15,29.52,5201,1.57,2026-10-09
BIRLACABLE,EQ,369.0,385.2,357.75,385.2,366.9,381833,1452.78,2026-10-09
BIRLACORPN,EQ,814.0,824.0,793.65,817.3,794.85,51817,420.47,2026-10-09
BIRLAMONEY,EQ,113.14,116.59,110.15,115.34,113.14,18195,20.83,2026-10-09
BIRLANU,EQ,1288.0,1316.0,1260.1,1308.1,1284.7,8717,112.53,2026-10-09
BLACKBUCK,EQ,589.4,599.0,585.75,592.05,587.6,165708,979.07,2026-10-09
BLACKROSE,EQ,109.22,110.9,106.45,107.3,107.27,12558,13.53,2026-10-09
BLAL,EQ,156.27,158.57,152.01,157.25,156.16,17032,26.42,2026-10-09
BLBLIMITED,EQ,16.69,17.0,16.6,16.72,16.69,61609,10.37,2026-10-09
BLEL,EQ,488.5,502.6,471.4,495.6,486.95,880475,4308.96,2026-10-09
BLIL,EQ,64.92,65.68,64.31,64.56,64.92,53991,34.94,2026-10-09
BLKASHYAP,EQ,52.14,57.24,50.48,55.27,52.14,1149698,624.21,2026-10-09
BLS,EQ,216.2,218.28,213.74,216.23,215.08,401006,868.93,2026-10-09
BLSE,EQ,157.55,158.9,147.55,149.35,157.55,1192487,1815.16,2026-10-09
BLUECLOUDS,EQ,20.04,20.14,19.26,19.86,19.96,4438466,875.39,2026-10-09
BLUECOAST,EQ,22.0,22.6,20.0,21.27,20.63,956,0.21,2026-10-09
BLUEDART,EQ,4556.1,4586.1,4481.2,4560.4,4557.0,46400,2112.7,2026-10-09
BLUEJET,EQ,518.55,527.9,512.5,514.6,518.55,190639,987.34,2026-10-09
BLUESTARCO,EQ,1539.9,1589.0,1534.6,1574.0,1519.0,545619,8557.6,2026-10-09
BLUESTONE,EQ,806.0,829.75,794.05,817.65,799.25,702082,5745.94,2026-10-09
BLUSPRING,EQ,136.3,153.0,136.3,146.96,135.79,1090575,1587.09,2026-10-09
BMWVENTLTD,EQ,50.01,59.66,50.01,57.95,49.72,1739109,975.58,2026-10-09
BNAGROCHEM,EQ,209.65,210.5,179.46,179.56,199.39,7307,13.7,2026-10-09
BNKETFAXIS,EQ,568.99,571.57,568.51,570.92,561.85,6143,34.98,2026-10-09
BOHRAIND,EQ,14.6,14.6,14.26,14.37,14.23,833,0.12,2026-10-09
BOMDYEING,EQ,98.46,99.59,95.4,97.11,97.73,627287,609.03,2026-10-09
BONLON,EQ,39.0,40.92,39.0,39.98,39.33,3997,1.59,2026-10-09
BORANA,EQ,256.55,261.95,249.25,258.2,259.8,26971,69.34,2026-10-09
BOROLTD,EQ,269.75,276.0,268.6,270.2,269.15,97998,266.18,2026-10-09
BORORENEW,EQ,430.1,436.8,425.65,430.4,430.1,158004,681.79,2026-10-09
BOROSCI,EQ,108.88,111.85,105.64,107.27,108.11,80719,86.96,2026-10-09
BOSCH-HCIL,EQ,1943.8,1997.0,1937.2,1980.2,1943.8,51134,1008.98,2026-10-09
BOSCHLTD,EQ,43155.0,43585.0,42675.0,43545.0,43155.0,27986,12110.16,2026-10-09
BPCL,EQ,287.9,289.4,283.75,287.8,286.25,2382763,6821.8,2026-10-09
BPL,EQ,42.25,43.39,42.05,42.21,42.5,22336,9.5,2026-10-09
BPLPHARMA,EQ,1909.9,1950.0,1830.2,1864.0,1892.8,10131,192.24,2026-10-09
BRAHMINFRA,EQ,143.23,149.9,139.21,142.72,140.49,28164,40.92,2026-10-09
BRIGADE,EQ,550.0,552.85,543.85,548.8,547.2,160130,878.15,2026-10-09
BRIGHOTEL,EQ,56.0,56.56,54.6,55.48,55.6,51234,28.4,2026-10-09
BRIGHTBR,EQ,229.0,241.95,221.15,222.4,228.0,325,0.73,2026-10-09
BRITANNIA,EQ,4769.8,4856.0,4760.1,4825.0,4745.6,106346,5129.23,2026-10-09
BRNL,EQ,15.25,15.82,15.25,15.45,15.6,26396,4.07,2026-10-09
BROOKS,EQ,74.9,75.6,69.31,70.13,69.46,1060555,776.3,2026-10-09
BSE,EQ,3330.0,3348.8,3262.8,3287.2,3334.8,3243473,107063.69,2026-10-09
BSE500IETF,EQ,37.41,37.41,35.77,37.06,36.5,594335,220.09,2026-10-09
BSHSL,EQ,83.95,84.3,79.2,83.58,78.36,13998,11.54,2026-10-09
BSL,EQ,119.99,123.99,119.5,121.33,119.57,4083,4.94,2026-10-09
BSLGOLDETF,EQ,129.26,130.75,129.26,130.37,128.62,332692,433.57,2026-10-09
BSLNIFTY,EQ,25.8,26.77,25.8,26.5,26.15,1036800,274.47,2026-10-09
BSLSENETFG,EQ,73.0,73.36,72.46,73.36,72.28,896,0.65,2026-10-09
BSOFT,EQ,273.95,288.7,273.95,285.3,271.8,3547369,10080.26,2026-10-09
BTML,EQ,6.99,7.17,6.8,7.02,6.88,277386,19.29,2026-10-09
BUILDPRO,EQ,247.5,249.0,241.1,246.5,250.2,178792,439.7,2026-10-09
BUTTERFLY,EQ,538.3,547.0,533.05,542.45,538.3,5520,29.73,2026-10-09
BVCL,EQ,40.6,40.99,39.5,40.15,41.15,14547,5.91,2026-10-09
BYKE,EQ,30.0,30.4,29.05,29.88,29.5,64814,19.45,2026-10-09
CAMLINFINE,EQ,89.34,90.5,88.16,89.98,88.84,381235,340.65,2026-10-09
CAMPUS,EQ,199.0,200.0,195.78,197.0,199.0,517804,1020.45,2026-10-09
CAMS,EQ,665.05,675.0,660.8,672.5,662.5,1069377,7152.44,2026-10-09
CANBK,EQ,117.99,119.95,117.38,119.59,117.35,9660573,11510.32,2026-10-09
CANFINHOME,EQ,722.7,729.6,716.45,718.15,723.75,117601,849.07,2026-10-09
CANHLIFE,EQ,143.77,143.87,138.51,139.22,145.56,824787,1163.05,2026-10-09
CANTABIL,EQ,234.0,239.84,230.6,238.23,232.76,169058,399.18,2026-10-09
CAPACITE,EQ,177.36,179.83,171.35,172.56,177.19,398001,698.22,2026-10-09
CAPILLARY,EQ,559.9,568.7,551.0,566.65,553.8,116005,652.63,2026-10-09
CAPITALSFB,EQ,272.0,275.95,264.05,269.2,268.95,12269,32.88,2026-10-09
CAPLIPOINT,EQ,2541.0,2576.4,2431.1,2460.8,2548.8,188948,4683.95,2026-10-09
CARBORUNIV,EQ,1205.0,1225.7,1182.4,1202.6,1209.4,171054,2057.05,2026-10-09
CARERATING,EQ,1533.3,1557.5,1520.0,1544.2,1542.3,21706,334.8,2026-10-09
CARRARO,EQ,509.8,514.4,503.15,508.5,509.8,62989,320.73,2026-10-09
CARTRADE,EQ,2840.0,2967.0,2814.6,2951.0,2837.9,261153,7604.53,2026-10-09
CARYSIL,EQ,1011.2,1027.0,998.0,1021.3,1011.8,54669,552.8,2026-10-09
CASHIETF,EQ,1083.0,1083.32,1083.0,1083.3,1082.84,950683,10298.75,2026-10-09
CASTROLIND,EQ,195.7,197.19,193.59,194.67,196.08,1859242,3626.66,2026-10-09
CCAVENUE,EQ,15.05,15.2,14.86,14.9,15.02,10475038,1571.09,2026-10-09
CCCL,EQ,13.08,13.08,12.65,12.78,12.79,69818,8.94,2026-10-09
CCHHL,EQ,12.49,13.5,12.2,13.05,12.3,21857,2.81,2026-10-09
CCL,EQ,1050.9,1061.5,1046.5,1051.5,1050.6,70120,739.46,2026-10-09
CDSL,EQ,1255.0,1268.0,1244.2,1260.0,1258.0,716634,9021.53,2026-10-09
CEATLTD,EQ,3231.1,3281.0,3196.1,3262.3,3226.2,27040,878.24,2026-10-09
CEIGALL,EQ,374.1,376.05,362.75,369.0,374.1,373117,1373.97,2026-10-09
CEINSYS,EQ,673.8,673.8,653.55,656.15,666.45,44419,293.38,2026-10-09
CELEBRITY,EQ,5.82,6.29,5.82,6.08,6.0,10699,0.64,2026-10-09
CELLO,EQ,374.0,379.3,363.15,364.95,375.7,877132,3257.33,2026-10-09
CEMNTGROWW,EQ,13.24,13.39,13.18,13.33,13.24,29386,3.9,2026-10-09
CEMPRO,EQ,1150.0,1158.4,1122.1,1125.1,1140.8,160149,1814.54,2026-10-09
CENTENKA,EQ,555.0,562.0,546.25,559.2,555.55,24789,137.11,2026-10-09
CENTEXT,EQ,18.99,18.99,17.66,17.87,18.6,139958,25.26,2026-10-09
CENTRALBK,EQ,30.06,30.24,29.82,30.1,29.99,3006590,903.93,2026-10-09
CENTRUM,EQ,19.94,19.94,19.32,19.58,19.44,132209,25.86,2026-10-09
CENTUM,EQ,4230.0,4275.0,4045.2,4076.7,4142.1,66326,2752.63,2026-10-09
CENTURYPLY,EQ,654.15,668.35,654.15,665.7,659.85,26451,175.61,2026-10-09
CERA,EQ,4960.0,5024.5,4925.0,5002.5,4949.5,3249,161.78,2026-10-09
CESC,EQ,129.96,133.9,128.59,133.23,128.73,2196217,2888.62,2026-10-09
CEWATER,EQ,266.9,266.9,254.0,257.95,254.8,26481,68.16,2026-10-09
CGCL,EQ,242.1,246.5,240.42,241.82,241.54,2783867,6746.23,2026-10-09
CGPOWER,EQ,862.05,865.7,840.15,855.55,862.05,2308023,19728.53,2026-10-09
CGVAK,EQ,140.45,140.45,130.0,130.51,137.73,5105,6.73,2026-10-09
CHALET,EQ,823.9,830.25,815.0,820.9,825.55,89647,737.16,2026-10-09
CHAMBLFERT,EQ,379.0,381.9,371.25,374.3,378.65,943228,3531.72,2026-10-09
CHEMBOND,EQ,185.3,208.0,180.1,189.25,181.76,36710,72.25,2026-10-09
CHEMCON,EQ,217.2,217.2,209.76,212.05,215.12,43228,91.54,2026-10-09
CHEMCRUX,EQ,83.71,85.95,80.6,83.74,86.03,8053,6.71,2026-10-09
CHEMFAB,EQ,325.0,351.8,316.8,332.3,327.6,4832,16.2,2026-10-09
CHEMICAL,EQ,28.74,28.74,27.87,28.12,28.04,124286,34.88,2026-10-09
CHEMPLASTS,EQ,212.95,216.69,208.28,214.68,212.38,293756,622.54,2026-10-09
CHENNPETRO,EQ,1531.0,1547.7,1477.0,1487.7,1531.0,1737905,26068.92,2026-10-09
CHEVIOT,EQ,1137.8,1149.3,1127.1,1136.0,1138.0,1055,11.97,2026-10-09
CHOICEGOLD,EQ,146.0,147.91,145.4,147.08,145.09,6608,9.72,2026-10-09
CHOICEIN,EQ,711.95,723.2,707.3,713.1,710.65,213032,1525.7,2026-10-09
CHOLAFIN,EQ,1547.0,1597.4,1543.5,1587.6,1544.0,1660199,26245.85,2026-10-09
CHOLAHLDNG,EQ,1375.0,1404.4,1357.7,1400.4,1370.4,74624,1033.0,2026-10-09
CIEINDIA,EQ,374.65,374.65,368.3,370.75,371.65,126837,471.16,2026-10-09
CIFL,EQ,20.58,20.58,19.3,20.07,20.17,169220,33.93,2026-10-09
CINELINE,EQ,91.88,91.9,89.15,91.53,90.75,15503,14.1,2026-10-09
CINEVISTA,EQ,14.89,14.89,14.11,14.39,14.6,18848,2.71,2026-10-09
CIPLA,EQ,1310.5,1316.4,1295.3,1301.0,1306.8,653621,8541.37,2026-10-09
CLEAN,EQ,799.35,805.6,790.15,794.4,796.8,149138,1186.35,2026-10-09
CLEANMAX,EQ,1351.9,1358.0,1313.8,1323.0,1348.3,162994,2176.6,2026-10-09
CLEDUCATE,EQ,48.28,51.8,48.05,50.95,49.84,4335,2.16,2026-10-09
CLSEL,EQ,289.25,293.8,284.0,287.4,289.25,34016,97.79,2026-10-09
CMLL,EQ,515.15,533.2,508.1,529.25,515.15,274876,1431.98,2026-10-09
CMPDI,EQ,207.0,209.5,203.71,206.18,206.65,603338,1245.23,2026-10-09
CMRGREEN,EQ,218.01,219.85,215.2,216.94,217.22,208863,452.45,2026-10-09
CMSINFO,EQ,215.32,216.05,210.5,213.85,214.35,544126,1160.22,2026-10-09
CNL,EQ,1054.9,1081.3,1026.6,1041.8,1060.2,20057,210.18,2026-10-09
COALINDIA,EQ,408.45,412.25,404.5,411.55,409.35,4000746,16418.55,2026-10-09
COASTCORP,EQ,34.35,36.99,33.81,36.33,34.25,93354,33.1,2026-10-09
COCHINSHIP,EQ,1214.9,1257.0,1213.0,1230.0,1200.0,2284003,28169.7,2026-10-09
COCKERILL,EQ,7800.0,7804.5,7675.0,7730.0,7727.5,2936,226.67,2026-10-09
COFFEEDAY,EQ,31.49,31.49,30.47,30.81,30.53,1223292,378.83,2026-10-09
COFORGE,EQ,1839.3,1884.1,1839.0,1867.9,1814.3,2303224,42922.73,2026-10-09
COHANCE,EQ,444.9,445.3,434.25,441.0,442.4,460250,2026.03,2026-10-09
COLPAL,EQ,1736.2,1868.9,1736.2,1817.8,1735.7,3596661,66172.84,2026-10-09
COMFINTE,EQ,6.38,6.38,6.14,6.19,6.23,83336,5.2,2026-10-09
COMMOIETF,EQ,90.32,91.31,90.08,91.14,90.32,58014,52.73,2026-10-09
COMPEAU,EQ,355.55,356.0,340.15,347.4,362.0,131,0.46,2026-10-09
COMPUSOFT,EQ,12.76,13.0,12.7,12.79,12.9,28218,3.6,2026-10-09
COMSYN,EQ,255.5,263.45,252.7,261.15,256.5,137457,354.85,2026-10-09
CONCOR,EQ,435.05,446.65,434.3,442.0,434.0,493953,2179.28,2026-10-09
CONCORDBIO,EQ,1336.0,1370.0,1326.0,1361.4,1330.8,128354,1735.04,2026-10-09
CONFIPET,EQ,85.75,86.25,83.5,83.67,84.9,2054817,1736.96,2026-10-09
CONS,EQ,11.13,11.26,11.13,11.26,11.09,5610,0.63,2026-10-09
CONSUMAXIS,EQ,111.65,112.71,111.65,112.45,111.01,509,0.57,2026-10-09
CONSUMBEES,EQ,121.38,122.26,120.01,121.95,120.01,103571,126.04,2026-10-09
CONSUMER,EQ,11.21,11.21,10.97,11.09,10.99,150572,16.71,2026-10-09
CONSUMIETF,EQ,111.69,113.55,111.69,113.44,111.67,4569,5.16,2026-10-09
CONTROLPR,EQ,618.0,625.0,605.0,611.35,613.4,17301,106.45,2026-10-09
CORALFINAC,EQ,30.8,31.4,30.05,30.73,30.26,21430,6.58,2026-10-09
CORDELIA,EQ,104.5,106.5,100.21,100.98,102.9,2341280,2394.4,2026-10-09
COROMANDEL,EQ,1673.0,1709.0,1651.1,1703.4,1673.7,229839,3884.79,2026-10-09
CORONA,EQ,2000.0,2039.0,1960.0,2024.0,1993.5,13287,266.5,2026-10-09
COSMOFIRST,EQ,812.7,818.0,792.25,813.05,812.7,26057,210.3,2026-10-09
CPCAP,EQ,156.0,156.0,145.7,146.39,152.17,61197,91.88,2026-10-09
CPEDU,EQ,180.0,184.52,180.0,183.95,178.82,1289,2.34,2026-10-09
CPL,EQ,60.78,61.5,59.28,61.04,60.06,27033,16.32,2026-10-09
CPPLUS,EQ,4021.2,4262.4,3920.0,4185.2,3972.2,887678,36778.74,2026-10-09
CPSEETF,EQ,89.32,89.32,86.9,87.85,87.15,609342,534.12,2026-10-09
CRAFTSMAN,EQ,10051.0,10243.0,10000.0,10183.0,10038.0,25800,2620.39,2026-10-09
CRAMC,EQ,222.01,223.79,219.0,219.95,220.79,476028,1049.85,2026-10-09
CRAVATEX,EQ,337.0,364.75,336.2,344.85,344.65,150,0.52,2026-10-09
CREATIVEYE,EQ,6.06,6.34,5.92,6.09,6.0,10476,0.63,2026-10-09
CREDITACC,EQ,1263.4,1293.3,1250.4,1267.5,1263.4,158963,2022.51,2026-10-09
CREST,EQ,347.2,364.0,347.15,358.35,351.8,817,2.91,2026-10-09
CRISIL,EQ,4405.0,4448.8,4356.1,4423.8,4404.0,17221,762.07,2026-10-09
CRIZAC,EQ,163.5,167.15,159.05,162.94,159.97,127093,206.16,2026-10-09
CROMPTON,EQ,205.39,210.43,204.5,205.11,204.34,3010374,6228.85,2026-10-09
CROWN,EQ,110.4,111.6,108.6,111.33,108.11,5504,6.05,2026-10-09
CSBBANK,EQ,301.9,304.25,299.3,300.35,301.75,338115,1016.28,2026-10-09
CSLFINANCE,EQ,203.01,205.99,202.06,203.28,202.53,15817,32.11,2026-10-09
CSM,EQ,92.0,92.18,88.3,89.5,90.35,72148,64.56,2026-10-09
CUB,EQ,221.85,233.0,221.47,231.42,220.07,3671884,8393.06,2026-10-09
CUMMINSIND,EQ,4740.9,4859.0,4671.1,4830.0,4740.9,429821,20675.81,2026-10-09
CUPID,EQ,358.65,368.0,331.0,366.1,356.65,33720165,121867.55,2026-10-09
CYBERTECH,EQ,130.6,135.29,130.17,131.58,132.25,20304,26.87,2026-10-09
CYIENT,EQ,1086.5,1182.0,1086.5,1158.8,1084.7,4226963,48809.46,2026-10-09
CYIENTDLM,EQ,977.0,988.8,941.6,952.35,981.3,335996,3223.67,2026-10-09
DABUR,EQ,377.2,387.35,376.6,386.7,376.8,886309,3410.22,2026-10-09
DALBHARAT,EQ,1600.9,1615.7,1591.9,1598.6,1592.9,21444,342.82,2026-10-09
DALMIASUG,EQ,428.0,448.0,427.45,435.55,428.95,246867,1088.07,2026-10-09
DAMCAPITAL,EQ,142.13,145.85,139.59,143.45,141.38,204761,292.32,2026-10-09
DANGEE,EQ,3.2,3.3,3.07,3.2,3.13,40338,1.28,2026-10-09
DATAMATICS,EQ,745.0,750.7,734.0,745.8,744.8,32054,238.32,2026-10-09
DATAPATTNS,EQ,4117.1,4133.0,4047.2,4084.8,4097.1,285002,11666.46,2026-10-09
DAVANGERE,EQ,2.28,2.32,2.23,2.26,2.28,5051063,114.74,2026-10-09
DBCORP,EQ,169.0,174.0,167.4,172.95,167.39,64126,109.8,2026-10-09
DBEIL,EQ,6.37,6.66,6.1,6.38,6.39,143046,9.07,2026-10-09
DBL,EQ,397.4,401.2,393.1,395.65,397.4,75875,300.81,2026-10-09
DBOL,EQ,142.51,145.0,135.61,141.33,140.43,757711,1067.5,2026-10-09
DBREALTY,EQ,85.97,85.99,83.44,84.98,84.72,786974,665.93,2026-10-09
DCAL,EQ,147.75,151.79,145.37,149.68,146.66,134069,199.63,2026-10-09
DCBBANK,EQ,196.8,208.4,196.8,203.79,196.56,2106232,4310.64,2026-10-09
DCI,EQ,352.0,352.0,337.55,341.05,345.2,22551,76.95,2026-10-09
DCM,EQ,70.8,71.4,67.75,71.17,69.84,5583,3.94,2026-10-09
DCMFINSERV,EQ,4.89,5.3,4.75,4.81,4.88,26624,1.31,2026-10-09
DCMSHRIRAM,EQ,955.8,973.0,944.9,955.55,955.75,44697,428.14,2026-10-09
DCMSIL,EQ,74.65,78.0,74.65,76.02,75.72,67968,51.8,2026-10-09
DCMSRIND,EQ,38.5,39.18,38.3,38.91,38.42,102637,39.77,2026-10-09
DCW,EQ,44.74,45.01,43.5,44.19,44.3,1093719,485.42,2026-10-09
DCXINDIA,EQ,153.21,153.21,147.6,150.41,153.51,685617,1026.36,2026-10-09
DDEVPLSTIK,EQ,246.5,246.98,242.11,244.17,244.15,76137,185.67,2026-10-09
DECCANCE,EQ,548.0,558.15,530.35,547.75,532.95,17204,93.87,2026-10-09
DECNGOLD,EQ,192.0,199.9,187.34,197.53,191.16,930337,1809.25,2026-10-09
DEEDEV,EQ,624.8,624.8,597.4,604.15,608.6,202654,1233.56,2026-10-09
DEEPA,EQ,236.0,249.9,229.51,245.53,232.8,8983959,21606.55,2026-10-09
DEEPAKFERT,EQ,1390.0,1408.4,1376.1,1392.6,1390.2,211841,2956.53,2026-10-09
DEEPAKNTR,EQ,1585.0,1634.0,1585.0,1621.9,1584.1,371537,5999.76,2026-10-09
DEEPINDS,EQ,775.0,777.0,743.0,746.4,777.6,251986,1896.21,2026-10-09
DEFENCE,EQ,72.88,76.27,72.88,75.32,74.75,137782,103.43,2026-10-09
DELHIVERY,EQ,400.0,403.0,393.9,400.5,397.0,1476920,5900.04,2026-10-09
DELTACORP,EQ,78.32,82.74,76.0,81.31,78.32,11493641,9253.78,2026-10-09
DELTAMAGNT,EQ,56.2,56.25,54.12,55.03,56.63,1564,0.86,2026-10-09
DEN,EQ,25.25,26.25,25.02,25.85,25.1,372064,95.21,2026-10-09
DENORA,EQ,709.5,720.4,702.85,706.0,717.35,4028,28.56,2026-10-09
DENTA,EQ,259.0,263.9,258.05,259.8,258.7,45015,117.26,2026-10-09
DEVIT,EQ,19.3,21.0,18.61,19.39,19.47,112812,22.18,2026-10-09
DEVX,EQ,39.02,40.3,38.53,39.92,39.02,154302,61.24,2026-10-09
DEVYANI,EQ,124.17,126.35,121.2,123.59,123.23,2254134,2782.16,2026-10-09
DGCONTENT,EQ,23.01,23.56,22.5,23.52,23.68,22457,5.18,2026-10-09
DHAMPURSUG,EQ,183.0,188.64,183.0,184.58,182.91,547287,1016.56,2026-10-09
DHANBANK,EQ,32.5,34.34,31.67,33.96,32.65,3865722,1290.03,2026-10-09
DHANUKA,EQ,887.55,897.65,851.0,860.0,893.35,124970,1085.1,2026-10-09
DHARMAJ,EQ,265.1,266.9,256.35,259.45,263.1,33723,88.56,2026-10-09
DHATRE,EQ,3.9,3.99,3.8,3.87,3.89,16334,0.64,2026-10-09
DHOOTTRANS,EQ,1440.0,1489.2,1408.7,1447.3,1440.4,765002,11146.42,2026-10-09
DHRUV,EQ,21.3,23.03,21.3,23.03,20.94,17086,3.88,2026-10-09
DHUNINV,EQ,933.0,933.0,908.0,911.65,933.35,653,5.96,2026-10-09
DIAMINESQ,EQ,235.0,240.0,233.0,235.01,235.73,1234,2.91,2026-10-09
DIAMONDYD,EQ,1041.1,1058.0,1022.3,1049.4,1044.7,25734,269.35,2026-10-09
DICIND,EQ,595.4,612.75,595.4,603.1,600.75,257,1.55,2026-10-09
DIFFNKG,EQ,441.0,441.0,422.0,428.25,427.25,123016,526.86,2026-10-09
DIGIDRIVE,EQ,17.89,18.2,17.7,18.1,17.51,13825,2.48,2026-10-09
DIGISPICE,EQ,14.77,16.41,14.77,15.62,15.02,70276,10.78,2026-10-09
DIGITIDE,EQ,72.39,72.44,69.1,69.9,71.65,431104,305.3,2026-10-09
DISAQ,EQ,11670.0,11680.0,11350.0,11385.0,11359.0,12,1.38,2026-10-09
DISHTV,EQ,2.08,2.09,2.02,2.05,2.03,1993181,40.92,2026-10-09
DIVGIITTS,EQ,1030.0,1038.9,1005.0,1016.3,1025.6,63693,650.22,2026-10-09
DIVIDEND,EQ,33.2,33.42,33.18,33.36,32.86,1485,0.5,2026-10-09
DIVISLAB,EQ,9417.0,9460.5,9273.0,9340.0,9361.0,378861,35397.71,2026-10-09
DIVOPPBEES,EQ,71.9,71.92,70.43,71.78,70.64,42871,30.71,2026-10-09
DIXON,EQ,12730.0,12875.0,12602.0,12774.0,12650.0,164138,20907.39,2026-10-09
DJML,EQ,72.95,72.99,70.61,72.05,71.76,32280,23.01,2026-10-09
DLF,EQ,638.95,650.4,634.45,648.6,636.95,1531100,9884.06,2026-10-09
DLINKINDIA,EQ,409.8,413.8,403.55,407.1,406.7,34562,140.56,2026-10-09
DMART,EQ,3577.9,3603.9,3497.7,3516.8,3585.0,490650,17401.71,2026-10-09
DMCC,EQ,342.0,347.95,328.8,332.7,337.1,136035,455.67,2026-10-09
DNAMEDIA,EQ,2.44,2.48,2.4,2.43,2.44,9600,0.23,2026-10-09
DODLA,EQ,1007.0,1008.8,994.1,995.7,997.5,13027,129.98,2026-10-09
DOLATALGO,EQ,60.0,60.55,58.36,59.58,59.72,205893,122.15,2026-10-09
DOLLAR,EQ,279.0,282.0,269.6,271.5,279.55,72715,199.19,2026-10-09
DOLLEX,EQ,37.58,37.98,36.0,37.16,37.21,17378,6.37,2026-10-09
DOLPHIN,EQ,647.6,651.45,614.0,640.05,620.05,62921,402.32,2026-10-09
DOMS,EQ,2066.8,2067.1,2041.0,2059.4,2057.4,13281,273.2,2026-10-09
DONEAR,EQ,79.7,81.39,79.6,81.1,79.95,2484,2.0,2026-10-09
DPABHUSHAN,EQ,2259.0,2408.5,2222.1,2363.8,2258.9,295689,6921.47,2026-10-09
DPWIRES,EQ,216.99,233.9,216.99,224.88,215.64,119374,268.78,2026-10-09
DRAGARWQ,EQ,5180.0,5180.0,5106.5,5161.5,5160.5,421,21.72,2026-10-09
DRCSYSTEMS,EQ,12.79,13.0,12.54,12.85,12.57,13352,1.71,2026-10-09
DREAMFOLKS,EQ,60.45,60.45,59.02,59.61,59.41,32548,19.39,2026-10-09
DREDGECORP,EQ,907.3,913.9,881.05,884.95,905.05,59481,531.9,2026-10-09
DRREDDY,EQ,1180.0,1200.8,1172.0,1197.0,1180.0,1510336,18032.49,2026-10-09
DSSL,EQ,1049.65,1049.65,988.1,1015.45,1030.1,48447,491.19,2026-10-09
DUCON,EQ,1.48,1.48,1.37,1.39,1.44,1258029,17.81,2026-10-09
DVL,EQ,271.7,282.0,271.7,279.3,270.25,7185,19.93,2026-10-09
DWARKESH,EQ,44.6,45.12,43.86,44.6,44.0,1107999,493.12,2026-10-09
DYCL,EQ,427.2,428.95,417.5,420.6,423.9,167916,707.68,2026-10-09
DYNAMATECH,EQ,13394.0,13600.0,13111.0,13321.0,13391.0,14541,1932.45,2026-10-09
DYNPRO,EQ,223.23,230.96,222.31,229.42,223.23,4624,10.54,2026-10-09
EASEMYTRIP,EQ,5.8,5.83,5.72,5.76,5.78,6608890,381.29,2026-10-09
EASTWEST,EQ,2.3,2.35,2.23,2.27,2.32,65007,1.47,2026-10-09
EBANK10,EQ,16.09,16.3,16.09,16.22,16.09,2018,0.33,2026-10-09
EBANKNIFTY,EQ,55.26,56.0,55.26,55.98,55.3,4896,2.73,2026-10-09
EBBETF0430,EQ,1611.9,1611.9,1600.56,1607.03,1609.82,34106,547.82,2026-10-09
EBBETF0431,EQ,1426.55,1437.15,1426.0,1435.45,1426.59,4977,71.28,2026-10-09
EBBETF0433,EQ,1301.0,1301.0,1295.0,1296.43,1300.7,1634,21.19,2026-10-09
EBGNG,EQ,697.25,697.5,665.0,685.5,692.15,518126,3532.05,2026-10-09
ECAPINSURE,EQ,22.99,23.39,22.62,23.07,22.75,28774,6.61,2026-10-09
ECLERX,EQ,1846.4,1883.9,1838.1,1866.8,1846.8,56337,1047.94,2026-10-09
ECORECO,EQ,410.1,418.9,401.0,402.7,411.95,5797,23.67,2026-10-09
ECOSMOBLTY,EQ,107.9,108.95,102.21,104.66,107.43,49230,51.85,2026-10-09
EDELWEISS,EQ,128.0,130.3,126.33,127.89,127.71,2956310,3790.79,2026-10-09
EFCIL,EQ,170.38,170.38,165.59,169.35,167.07,165939,278.44,2026-10-09
EGOLD,EQ,147.0,148.7,147.0,148.25,146.45,59239,87.81,2026-10-09
EICHERMOT,EQ,6815.0,7078.0,6801.0,7050.0,6767.5,551231,38647.69,2026-10-09
EIDPARRY,EQ,680.05,690.95,673.1,688.9,677.15,151305,1034.33,2026-10-09
EIEL,EQ,180.96,183.49,177.27,179.96,180.96,361966,652.06,2026-10-09
EIHAHOTELS,EQ,289.6,292.95,287.3,290.65,291.05,5486,15.93,2026-10-09
EIHOTEL,EQ,291.25,293.5,287.55,291.3,291.2,118509,345.26,2026-10-09
EIMCOELECO,EQ,2261.0,2328.9,2246.3,2261.8,2234.2,30328,691.4,2026-10-09
EKC,EQ,101.31,104.6,101.31,102.88,101.67,166409,171.85,2026-10-09
ELANTAS,EQ,13736.0,13976.0,13312.0,13707.0,13597.0,2464,337.63,2026-10-09
ELCIDIN,EQ,97000.0,102000.0,97000.0,101000.0,99260.0,8,8.04,2026-10-09
ELDEHSG,EQ,769.9,806.0,769.9,786.45,762.95,804,6.36,2026-10-09
ELECON,EQ,416.95,422.6,411.75,416.4,416.95,502214,2099.0,2026-10-09
ELECTCAST,EQ,74.7,76.14,73.46,75.18,74.26,2134842,1597.65,2026-10-09
ELECTHERM,EQ,699.9,704.4,683.5,690.8,683.75,12319,86.08,2026-10-09
ELEVATE,EQ,331.0,338.95,321.1,323.6,329.85,1390897,4595.32,2026-10-09
ELGIEQUIP,EQ,579.0,585.75,568.0,583.15,579.0,188588,1090.78,2026-10-09
ELGIRUBCO,EQ,53.4,55.0,53.4,53.8,54.24,27437,14.92,2026-10-09
ELIN,EQ,75.0,76.55,74.1,75.03,75.56,122420,92.04,2026-10-09
ELIQUID,EQ,1051.41,1051.43,1051.41,1051.42,1050.97,13938,146.55,2026-10-09
ELITECON,EQ,7.34,7.48,7.08,7.2,7.2,4057869,296.27,2026-10-09
ELLEN,EQ,352.8,355.2,341.3,348.15,350.4,657106,2285.34,2026-10-09
ELM250,EQ,15.46,15.7,15.39,15.47,15.46,178243,27.77,2026-10-09
ELMDIV,EQ,33.92,34.13,33.92,34.13,33.92,1011,0.35,2026-10-09
ELPROINTL,EQ,174.94,174.94,172.11,172.49,174.53,4955,8.56,2026-10-09
EMAMILTD,EQ,369.8,374.3,367.5,369.45,367.25,342137,1267.14,2026-10-09
EMAMIREAL,EQ,68.0,71.0,67.7,68.93,67.76,6996,4.79,2026-10-09
EMBDL,EQ,56.85,56.85,55.1,55.51,56.26,1318375,733.8,2026-10-09
EMCURE,EQ,1864.7,1899.0,1816.1,1833.5,1851.5,59497,1094.01,2026-10-09
EMETAL,EQ,12.15,12.6,11.9,12.44,11.91,16837,2.02,2026-10-09
EMIL,EQ,196.0,199.58,190.0,191.17,193.31,2270371,4409.34,2026-10-09
EMKAY,EQ,278.6,278.6,261.8,267.9,265.65,43208,116.21,2026-10-09
EMMBI,EQ,83.61,86.44,83.0,83.98,85.32,5673,4.77,2026-10-09
EMMVEE,EQ,303.0,306.9,299.0,300.05,302.0,901961,2728.22,2026-10-09
EMPIND,EQ,1005.7,1021.7,987.5,1004.0,1021.7,2855,28.65,2026-10-09
EMPOWER,EQ,1.88,1.92,1.86,1.91,1.83,36004719,688.79,2026-10-09
EMSLIMITED,EQ,326.0,329.0,318.55,320.05,321.7,110663,356.09,2026-10-09
EMUDHRA,EQ,570.95,586.7,568.0,570.15,569.9,290080,1667.29,2026-10-09
EMULTIMQ,EQ,39.34,40.07,39.02,39.91,39.34,18022,7.16,2026-10-09
ENDURANCE,EQ,2433.5,2451.0,2402.0,2407.5,2433.5,36304,876.47,2026-10-09
ENERGY,EQ,36.65,36.65,35.63,36.1,35.93,138801,50.0,2026-10-09
ENERGYAXIS,EQ,17.95,18.2,17.75,17.98,17.95,12866,2.3,2026-10-09
ENERGYDEV,EQ,14.15,14.64,14.14,14.27,14.14,11991,1.71,2026-10-09
ENEXT50,EQ,68.42,68.49,68.25,68.25,67.76,290,0.2,2026-10-09
ENGINERSIN,EQ,290.0,296.9,287.65,293.1,289.0,4370925,12754.01,2026-10-09
ENIFTY,EQ,22.62,22.88,22.48,22.71,22.51,4236,0.96,2026-10-09
ENIL,EQ,93.29,93.29,87.66,90.15,91.51,9982,9.03,2026-10-09
ENKEIWHEL,EQ,386.0,395.0,386.0,393.85,390.1,380,1.48,2026-10-09
ENRIN,EQ,3189.0,3190.9,3049.0,3101.0,3180.0,732770,22835.02,2026-10-09
ENTERO,EQ,1699.9,1721.6,1652.6,1676.2,1688.8,93478,1563.17,2026-10-09
EPACK,EQ,167.0,171.4,165.46,170.47,165.16,263696,445.11,2026-10-09
EPACKPEB,EQ,262.0,262.5,251.84,253.62,256.33,765196,1955.0,2026-10-09
EPIGRAL,EQ,1012.2,1017.9,988.6,996.4,1012.2,19953,199.14,2026-10-09
EPL,EQ,233.9,234.25,228.75,232.43,232.03,1015678,2347.85,2026-10-09
EQUAL200,EQ,12.8,12.93,12.8,12.9,12.82,9377,1.21,2026-10-09
EQUAL50,EQ,308.2,309.61,307.79,308.66,304.4,18721,57.83,2026-10-09
EQUAL50ADD,EQ,317.21,323.0,316.05,319.72,314.87,24348,77.68,2026-10-09
EQUITASBNK,EQ,66.26,66.96,65.69,66.02,66.44,697889,462.52,2026-10-09
ERIS,EQ,1155.0,1181.5,1150.0,1170.7,1155.1,72434,847.45,2026-10-09
ESABINDIA,EQ,5389.0,5400.0,5308.5,5394.5,5360.5,1932,103.64,2026-10-09
ESCORTS,EQ,2757.6,2765.1,2721.3,2730.5,2773.6,34161,935.11,2026-10-09
ESDS,EQ,1422.0,1498.2,1355.6,1498.2,1426.9,2079207,30019.36,2026-10-09
ESENSEX,EQ,72.86,73.4,72.64,73.07,72.15,3777,2.75,2026-10-09
ESG,EQ,38.39,38.58,38.35,38.43,38.01,38606,14.84,2026-10-09
ESILVER,EQ,218.23,219.77,218.18,219.07,215.67,155353,340.32,2026-10-09
ESSARSHPNG,EQ,16.2,16.69,15.91,16.25,16.06,146766,23.78,2026-10-09
ESSENTIA,EQ,1.01,1.02,1.0,1.0,1.0,1274847,12.84,2026-10-09
ESTER,EQ,96.0,96.0,92.8,93.27,94.67,47439,44.67,2026-10-09
ETERNAL,EQ,322.1,325.45,317.15,323.45,319.05,12981184,41884.52,2026-10-09
ETHOSLTD,EQ,2600.3,2650.0,2525.0,2563.1,2600.3,71325,1844.86,2026-10-09
EUREKAFORB,EQ,340.1,341.9,335.0,339.0,339.75,138704,468.65,2026-10-09
EUROBOND,EQ,137.19,142.0,131.51,134.13,134.54,1694,2.27,2026-10-09
EUROPRATIK,EQ,173.55,178.72,171.9,176.69,173.98,78001,136.57,2026-10-09
EUROTEXIND,EQ,14.56,14.56,14.56,14.56,15.32,9018,1.31,2026-10-09
EVEREADY,EQ,318.3,327.0,312.55,321.15,318.6,175999,565.53,2026-10-09
EVERESTIND,EQ,485.0,485.0,468.25,472.15,480.3,10505,49.72,2026-10-09
EVIETF,EQ,29.46,29.63,29.06,29.54,29.38,89780,26.45,2026-10-09
EVINDIA,EQ,29.37,29.8,29.09,29.51,29.37,170141,50.05,2026-10-09
EXCELINDUS,EQ,919.7,930.0,912.0,923.6,918.7,6773,62.27,2026-10-09
EXCELSOFT,EQ,81.1,82.54,80.5,81.13,80.99,316492,257.47,2026-10-09
EXICOM,EQ,147.79,149.63,144.11,145.43,147.13,548255,803.98,2026-10-09
EXIDEIND,EQ,394.9,397.35,391.1,394.4,394.9,891250,3507.75,2026-10-09
EXPLEOSOL,EQ,851.8,870.0,845.1,861.9,851.8,14666,125.95,2026-10-09
EXXARO,EQ,6.28,6.28,6.02,6.09,6.12,107420,6.55,2026-10-09
FABTECH,EQ,138.0,138.0,131.0,133.22,138.98,176633,236.04,2026-10-09
FACT,EQ,723.6,736.45,716.1,729.4,717.75,64504,469.11,2026-10-09
FAIRCHEMOR,EQ,728.9,760.0,712.75,748.7,720.9,43850,323.43,2026-10-09
FAZE3Q,EQ,424.15,428.35,406.9,408.3,424.1,60047,247.07,2026-10-09
FCL,EQ,56.08,58.45,54.95,57.94,55.99,22165919,12677.03,2026-10-09
FCSSOFT,EQ,1.38,1.47,1.36,1.42,1.37,1921900,26.91,2026-10-09
FDC,EQ,325.9,331.85,321.3,330.15,324.05,76570,250.03,2026-10-09
FEDDERSHOL,EQ,61.5,62.32,59.1,59.78,61.76,2104247,1282.74,2026-10-09
FEDERALBNK,EQ,321.0,331.0,320.9,330.0,321.0,5254910,17231.27,2026-10-09
FEDFINA,EQ,146.0,146.99,143.0,146.39,145.31,608211,884.37,2026-10-09
FERMENTA,EQ,548.55,549.95,513.25,517.55,539.6,110040,580.64,2026-10-09
FIBERWEB,EQ,26.5,26.5,25.21,25.63,25.63,12250,3.14,2026-10-09
FIEMIND,EQ,1746.9,1768.7,1732.2,1747.7,1746.6,37064,648.79,2026-10-09
FILATEX,EQ,110.39,110.67,105.49,109.06,109.74,1524085,1654.07,2026-10-09
FILATFASH,EQ,0.18,0.19,0.18,0.18,0.18,12270671,22.43,2026-10-09
FINCABLES,EQ,1404.8,1428.3,1377.9,1388.7,1402.2,376357,5271.06,2026-10-09
FINEORG,EQ,5380.0,5460.0,5280.5,5410.5,5380.5,21311,1145.39,2026-10-09
FINIETF,EQ,29.92,30.33,29.83,30.06,29.92,196315,59.18,2026-10-09
FINKURVE,EQ,68.65,70.0,67.01,69.46,67.41,17839,12.2,2026-10-09
FINOPB,EQ,140.0,145.3,137.51,139.42,145.53,2686762,3823.61,2026-10-09
FINPIPE,EQ,149.99,151.91,148.54,151.16,149.76,224710,338.86,2026-10-09
FIRSTCRY,EQ,169.7,174.0,168.02,169.17,168.56,2327987,3984.08,2026-10-09
FISCHER,EQ,32.58,32.58,29.9,30.37,31.96,1144863,349.78,2026-10-09
FIVESTAR,EQ,503.4,509.2,495.2,502.25,502.2,365773,1834.71,2026-10-09
FLAIR,EQ,225.0,225.0,220.0,220.52,224.44,40243,89.05,2026-10-09
FLEXIADD,EQ,9.29,9.63,9.29,9.47,9.29,43237,4.07,2026-10-09
FLUOROCHEM,EQ,4460.0,4500.0,4408.0,4476.8,4440.1,87190,3889.21,2026-10-09
FMCGADD,EQ,44.55,45.49,44.44,45.15,44.19,10451,4.71,2026-10-09
FMCGIETF,EQ,48.54,48.54,47.35,48.35,47.36,933289,449.16,2026-10-09
FMGOETZE,EQ,435.0,454.0,430.2,443.2,434.85,139691,614.93,2026-10-09
FMNL,EQ,8.19,8.5,7.79,8.15,8.15,13629,1.11,2026-10-09
FOCUS,EQ,55.79,55.79,51.1,52.24,54.96,44942,23.81,2026-10-09
FOODSIN,EQ,48.44,49.0,46.71,48.69,47.69,52092,24.98,2026-10-09
FORCEMOT,EQ,16800.0,16944.0,16560.0,16900.0,16700.0,37724,6339.8,2026-10-09
FORTIS,EQ,788.0,806.0,778.0,786.25,763.0,3638882,28745.78,2026-10-09
FOSECOIND,EQ,6373.5,6373.5,6175.0,6236.5,6343.5,6442,403.67,2026-10-09
FRACTAL,EQ,702.9,723.95,700.75,707.6,700.65,628692,4463.19,2026-10-09
FREDUN,EQ,1560.8,1638.2,1517.9,1552.3,1531.7,450916,7127.39,2026-10-09
FRONTSP,EQ,1409.8,1411.9,1366.2,1378.0,1395.9,13816,190.96,2026-10-09
FSL,EQ,265.7,271.45,264.4,268.1,266.35,1996292,5362.39,2026-10-09
FUSION,EQ,162.14,166.0,161.52,164.03,162.35,325980,534.71,2026-10-09
GABRIEL,EQ,1335.4,1385.2,1319.0,1362.2,1335.4,246287,3347.24,2026-10-09
GAEL,EQ,157.0,166.0,156.28,163.43,158.47,995235,1628.04,2026-10-09
GAIL,EQ,167.07,168.47,166.31,166.64,167.7,5427059,9072.49,2026-10-09
GAJA,EQ,145.99,148.0,142.32,147.07,145.1,196637,285.41,2026-10-09
GALAPREC,EQ,1100.0,1113.0,1050.0,1071.9,1103.2,59728,640.6,2026-10-09
GALAXYSURF,EQ,2401.1,2518.5,2387.9,2502.2,2406.7,95245,2354.03,2026-10-09
GALLANTT,EQ,513.8,513.85,500.0,503.75,503.15,73498,371.88,2026-10-09
GANDHAR,EQ,301.4,304.65,292.1,296.55,296.45,1267314,3792.19,2026-10-09
GANDHITUBE,EQ,951.6,964.75,940.05,948.65,951.5,3933,37.33,2026-10-09
GANECOS,EQ,953.3,975.1,951.9,966.1,961.3,57461,552.8,2026-10-09
GANESHCP,EQ,151.59,153.5,147.71,152.08,150.66,280524,425.54,2026-10-09
GANESHHOU,EQ,691.8,703.45,681.3,699.5,691.8,22928,159.79,2026-10-09
GANGAFORGE,EQ,1.53,1.53,1.45,1.48,1.51,1199220,17.78,2026-10-09
GANGESSECU,EQ,115.99,115.99,112.0,113.97,113.75,156,0.18,2026-10-09
GARFIBRES,EQ,760.9,768.2,753.6,765.1,765.15,27608,210.51,2026-10-09
GARUDA,EQ,165.65,168.03,162.93,163.63,165.42,312902,515.1,2026-10-09
GATEWAY,EQ,50.54,51.42,50.04,51.01,50.33,740838,376.46,2026-10-09
GAUDIUMIVF,EQ,105.6,107.0,102.62,105.8,104.38,146636,153.28,2026-10-09
GAYAHWS,EQ,1.84,1.86,1.75,1.82,1.8,131689,2.38,2026-10-09
GAYAPROJ,EQ,20.0,21.0,19.0,21.0,20.0,1378136,269.21,2026-10-09
GCSL,EQ,705.0,705.0,689.15,701.0,697.75,325976,2270.6,2026-10-09
GEECEE,EQ,359.75,359.75,325.5,337.8,352.7,4688,16.05,2026-10-09
GEEKAYWIRE,EQ,32.29,32.7,31.57,32.14,31.63,65522,21.06,2026-10-09
GEMAROMA,EQ,148.0,149.59,145.64,148.11,146.56,37518,55.35,2026-10-09
GENCON,EQ,36.79,37.04,35.51,35.8,36.34,523878,188.55,2026-10-09
GENESYS,EQ,278.0,284.25,275.0,276.05,279.6,342097,951.37,2026-10-09
GENUSPAPER,EQ,10.29,10.48,10.2,10.25,10.29,21024,2.18,2026-10-09
GENUSPOWER,EQ,289.55,299.0,283.6,296.55,288.2,1471761,4304.29,2026-10-09
GEOJITFSL,EQ,75.06,76.8,74.73,75.55,74.94,199208,150.16,2026-10-09
GERMAN,EQ,117.65,117.65,111.82,112.46,115.62,1145116,1300.21,2026-10-09
GESHIP,EQ,1533.0,1559.0,1525.0,1533.7,1529.7,387543,5960.46,2026-10-09
GFLLIMITED,EQ,54.5,56.53,54.5,55.6,54.91,43711,24.31,2026-10-09
GHCL,EQ,388.05,388.5,382.1,386.25,388.05,86161,332.39,2026-10-09
GHCLTEXTIL,EQ,126.25,126.74,120.65,124.05,125.1,626981,768.38,2026-10-09
GICHSGFIN,EQ,132.0,132.55,131.0,131.53,131.3,63850,83.95,2026-10-09
GICRE,EQ,309.15,315.6,308.3,312.6,309.1,630348,1970.35,2026-10-09
GILLANDERS,EQ,104.15,108.0,99.2,100.14,104.15,12854,13.09,2026-10-09
GILLETTE,EQ,7234.5,7262.0,7075.5,7100.5,7263.5,13859,991.39,2026-10-09
GILT10BETA,EQ,26.35,26.35,25.84,26.34,26.21,277,0.07,2026-10-09
GILT5BETA,EQ,66.31,66.31,65.8,66.12,66.34,1643,1.09,2026-10-09
GILT5YBEES,EQ,65.46,65.75,65.46,65.54,65.46,125631,82.38,2026-10-09
GIPCL,EQ,166.46,168.19,163.74,166.58,164.94,207735,344.78,2026-10-09
GKB,EQ,62.5,63.78,59.99,60.28,62.91,2385,1.46,2026-10-09
GKENERGY,EQ,115.0,115.0,112.1,113.08,113.17,193792,220.2,2026-10-09
GKSL,EQ,181.99,185.2,180.0,184.09,180.71,448619,821.12,2026-10-09
GKWLIMITED,EQ,1550.0,1555.2,1531.0,1544.9,1562.3,6765,104.89,2026-10-09
GLAND,EQ,3059.1,3121.9,3008.2,3061.8,3079.1,181216,5559.6,2026-10-09
GLASSWALL,EQ,272.1,278.55,262.65,267.6,267.1,4902831,13158.61,2026-10-09
GLAXO,EQ,2534.4,2565.0,2485.0,2540.3,2534.4,41351,1048.04,2026-10-09
GLENMARK,EQ,2207.0,2293.0,2203.0,2293.0,2192.2,414339,9351.57,2026-10-09
GLFL,EQ,5.2,5.7,5.2,5.58,5.6,12606,0.67,2026-10-09
GLOBAL,EQ,141.51,143.76,140.11,142.2,141.41,114393,162.37,2026-10-09
GLOBALE,EQ,12.55,12.68,11.55,12.01,11.53,20066,2.46,2026-10-09
GLOBALVECT,EQ,124.4,128.88,124.4,126.24,124.2,3710,4.68,2026-10-09
GLOBE,EQ,2.04,2.16,2.04,2.07,2.07,431918,9.17,2026-10-09
GLOBECIVIL,EQ,40.82,41.59,40.05,40.6,40.82,13515,5.46,2026-10-09
GLOBUSSPR,EQ,785.0,797.6,777.3,780.95,783.45,62879,492.46,2026-10-09
GLOSTERLTD,EQ,542.3,542.95,531.0,534.75,542.3,556,2.97,2026-10-09
GLOTTIS,EQ,56.83,57.48,54.7,55.61,56.62,42393,23.58,2026-10-09
GMBREW,EQ,910.0,928.5,881.55,885.75,887.45,239875,2154.78,2026-10-09
GMDCLTD,EQ,465.5,471.25,458.05,462.15,463.35,694388,3228.96,2026-10-09
GMMPFAUDLR,EQ,1348.7,1358.4,1285.5,1299.8,1340.4,171311,2238.84,2026-10-09
GMRAIRPORT,EQ,88.89,92.31,88.6,92.31,87.77,65561091,58769.67,2026-10-09
GMRP&UI,EQ,97.11,100.11,97.11,98.1,97.11,598275,590.12,2026-10-09
GNA,EQ,560.0,570.0,543.2,554.55,557.7,341444,1904.82,2026-10-09
GNFC,EQ,604.95,612.5,590.0,592.7,599.25,335320,2011.45,2026-10-09
GNRL,EQ,95.7,97.7,94.38,95.78,95.52,637233,606.02,2026-10-09
GOACARBON,EQ,405.0,405.0,395.0,401.8,394.8,9106,36.37,2026-10-09
GOCLCORP,EQ,362.0,364.75,354.85,357.5,357.6,35867,128.53,2026-10-09
GOCOLORS,EQ,298.3,302.0,292.0,292.75,296.9,105541,312.44,2026-10-09
GODAVARIB,EQ,221.0,224.08,219.07,221.26,221.02,33076,73.2,2026-10-09
GODFRYPHLP,EQ,1777.0,1819.4,1777.0,1813.2,1771.0,151621,2736.07,2026-10-09
GODIGIT,EQ,264.0,276.75,260.85,272.85,261.45,1800160,4905.1,2026-10-09
GODREJAGRO,EQ,640.0,646.3,624.2,628.45,639.95,112214,713.51,2026-10-09
GODREJCP,EQ,867.0,873.9,858.1,860.5,865.0,619093,5377.61,2026-10-09
GODREJIND,EQ,1002.4,1004.8,982.2,985.4,1002.4,53522,529.49,2026-10-09
GODREJPROP,EQ,1541.6,1561.2,1533.1,1550.0,1534.0,295279,4572.14,2026-10-09
GOKEX,EQ,651.95,672.95,650.1,667.7,652.35,138431,913.97,2026-10-09
GOKUL,EQ,37.5,38.99,37.28,38.05,37.8,139275,52.9,2026-10-09
GOKULAGRO,EQ,206.5,211.05,205.01,206.74,205.54,194554,403.73,2026-10-09
GOLD1,EQ,123.5,124.27,123.21,123.98,122.19,1581956,1958.63,2026-10-09
GOLD360,EQ,145.0,145.25,144.1,144.5,143.0,6546,9.48,2026-10-09
GOLDADD,EQ,14.39,14.47,14.35,14.43,14.22,3382332,488.01,2026-10-09
GOLDAXIS,EQ,122.9,124.07,122.9,123.76,121.77,2679938,3314.81,2026-10-09
GOLDBEES,EQ,122.12,122.99,122.12,122.75,120.94,15608040,19135.0,2026-10-09
GOLDBETA,EQ,124.15,125.15,124.15,124.85,123.15,662302,826.76,2026-10-09
GOLDBND,EQ,147.16,148.83,147.16,148.52,146.43,17901,26.57,2026-10-09
GOLDCASE,EQ,23.26,23.4,23.23,23.35,23.01,10332612,2410.15,2026-10-09
GOLDETF,EQ,143.39,144.57,143.39,144.16,142.24,3263688,4704.77,2026-10-09
GOLDIAM,EQ,306.0,310.0,303.85,305.9,305.75,189055,579.38,2026-10-09
GOLDIETF,EQ,126.67,127.68,126.51,127.35,125.32,7639588,9723.46,2026-10-09
GOODLUCK,EQ,494.1,508.4,494.1,500.25,496.8,248940,1249.32,2026-10-09
GOODYEAR,EQ,677.25,681.8,675.0,676.85,677.05,2838,19.25,2026-10-09
GOPAL,EQ,252.55,255.35,250.05,253.35,252.4,74003,186.36,2026-10-09
GOYALALUM,EQ,5.63,5.8,5.63,5.72,5.6,38667,2.22,2026-10-09
GPIL,EQ,207.0,209.24,203.82,206.47,205.63,1373248,2831.95,2026-10-09
GPPL,EQ,166.64,171.2,166.07,167.9,166.64,803344,1356.75,2026-10-09
GPTHEALTH,EQ,141.0,145.8,138.18,139.62,140.12,83497,117.42,2026-10-09
GPTINFRA,EQ,122.52,127.99,119.82,121.88,121.19,216420,264.36,2026-10-09
GRANDOAK,EQ,37.09,39.6,34.12,37.62,36.0,12613,4.68,2026-10-09
GRANULES,EQ,815.05,835.85,809.65,815.25,815.05,603580,4964.5,2026-10-09
GRAPHITE,EQ,806.2,816.0,791.15,806.6,802.15,896793,7216.79,2026-10-09
GRASIM,EQ,2863.8,2894.9,2857.8,2890.0,2856.8,222643,6417.85,2026-10-09
GRAUWEIL,EQ,79.5,84.8,77.09,81.32,78.0,1562711,1278.83,2026-10-09
GRAVITA,EQ,1510.2,1541.8,1440.1,1466.4,1482.3,343285,5097.41,2026-10-09
GREAVESCOT,EQ,210.18,214.52,206.1,207.22,211.61,1007887,2105.79,2026-10-09
GREENLAM,EQ,207.8,209.8,203.21,206.34,206.86,46668,95.71,2026-10-09
GREENPANEL,EQ,154.17,155.4,152.31,153.78,154.17,121907,187.33,2026-10-09
GREENPLY,EQ,303.4,308.6,298.3,306.7,305.7,126215,383.16,2026-10-09
GREENPOWER,EQ,8.35,9.7,8.27,8.56,8.34,1926503,164.23,2026-10-09
GRINDWELL,EQ,2003.3,2025.9,1973.4,1990.6,2007.0,16639,332.04,2026-10-09
GRINFRA,EQ,785.05,797.8,779.0,787.55,789.4,12184,96.29,2026-10-09
GRMOVER,EQ,80.0,80.75,79.01,80.02,79.68,945553,753.96,2026-10-09
GROBTEA,EQ,892.0,892.0,889.9,889.95,890.7,22,0.2,2026-10-09
GROWW,EQ,193.2,193.51,189.5,192.39,192.6,13619125,26124.38,2026-10-09
GROWWCAPM,EQ,11.0,11.01,10.78,10.95,10.96,274693,29.94,2026-10-09
GROWWCHEM,EQ,28.24,28.4,27.81,28.06,27.92,10767,3.02,2026-10-09
GROWWDEFNC,EQ,89.86,90.49,88.6,90.19,89.86,182927,164.11,2026-10-09
GROWWEV,EQ,29.5,29.95,29.1,29.38,29.41,227142,66.82,2026-10-09
GROWWGOLD,EQ,14.45,14.53,14.41,14.49,14.27,1724240,249.8,2026-10-09
GROWWHOSPI,EQ,46.48,47.13,46.03,46.8,45.81,535633,249.9,2026-10-09
GROWWLIQID,EQ,111.12,111.12,111.11,111.11,111.07,94751,105.28,2026-10-09
GROWWLOVOL,EQ,9.8,9.8,9.6,9.69,9.61,8794,0.85,2026-10-09
GROWWMC150,EQ,214.9,220.78,214.2,216.69,214.93,65,0.14,2026-10-09
GROWWMETAL,EQ,11.09,11.65,11.09,11.48,11.38,559906,64.03,2026-10-09
GROWWMOM50,EQ,10.5,10.63,10.38,10.57,10.54,112653,11.83,2026-10-09
GROWWN200,EQ,10.74,10.78,10.5,10.62,10.53,47138,4.98,2026-10-09
GROWWNET,EQ,9.99,10.14,9.91,9.97,9.99,374075,37.43,2026-10-09
GROWWNIFTY,EQ,9.19,9.19,9.03,9.14,9.02,586928,53.41,2026-10-09
GROWWNXT50,EQ,69.95,69.95,67.85,68.85,69.0,7060,4.84,2026-10-09
GROWWPOWER,EQ,10.53,10.67,10.39,10.52,10.52,2040506,214.62,2026-10-09
GROWWPSE,EQ,91.25,91.99,89.3,91.96,91.25,3282,3.01,2026-10-09
GROWWPSUBK,EQ,81.95,81.95,79.8,81.32,81.24,1249,1.01,2026-10-09
GROWWRAIL,EQ,25.56,25.7,25.3,25.55,25.32,289570,73.96,2026-10-09
GROWWRLTY,EQ,9.03,9.1,8.87,9.01,8.87,190091,17.12,2026-10-09
GROWWSC250,EQ,10.16,10.25,10.02,10.17,10.16,60449,6.14,2026-10-09
GROWWSLVR,EQ,21.34,21.55,21.34,21.47,21.11,741089,159.11,2026-10-09
GRPLTD,EQ,1735.6,1818.0,1735.0,1795.0,1728.7,1095,19.52,2026-10-09
GRSE,EQ,2033.1,2072.0,2000.0,2046.0,2014.0,428518,8748.07,2026-10-09
GRWRHITECH,EQ,6929.0,7065.0,6851.5,6997.5,6929.0,49095,3424.38,2026-10-09
GSEC10IETF,EQ,258.0,260.8,258.0,260.8,258.58,160,0.42,2026-10-09
GSEC10YEAR,EQ,29.77,30.6,29.73,30.6,29.87,2531,0.75,2026-10-09
GSEC5IETF,EQ,65.82,66.1,65.39,65.78,65.82,2721,1.79,2026-10-09
GSFC,EQ,147.01,149.0,146.11,147.28,146.5,433474,639.47,2026-10-09
GSLSU,EQ,28.75,28.75,26.1,26.43,27.44,119018,31.86,2026-10-09
GSPCROP,EQ,490.05,496.35,480.0,482.9,492.1,255982,1247.49,2026-10-09
GSS,EQ,10.33,10.34,9.9,9.94,10.23,66023,6.61,2026-10-09
GTECJAINX,EQ,34.5,36.0,33.74,33.74,35.51,10093,3.54,2026-10-09
GTL,EQ,6.85,6.85,6.58,6.64,6.71,218940,14.6,2026-10-09
GTLINFRA,EQ,1.06,1.08,1.05,1.06,1.05,25081222,267.03,2026-10-09
GTPL,EQ,55.1,56.2,54.61,55.39,54.56,12088,6.68,2026-10-09
GUFICBIO,EQ,405.0,412.85,401.1,406.3,404.05,74116,300.25,2026-10-09
GUJALKALI,EQ,604.55,609.25,590.2,605.45,596.65,36432,218.57,2026-10-09
GUJAPOLLO,EQ,331.55,338.85,324.6,326.5,332.0,10419,34.48,2026-10-09
GUJENERGY,EQ,220.0,224.4,220.0,223.7,219.86,662800,1478.54,2026-10-09
GUJRAFFIA,EQ,43.53,45.99,42.31,42.44,43.47,6091,2.72,2026-10-09
GUJTHEM,EQ,368.05,373.6,359.6,363.5,367.95,391458,1433.99,2026-10-09
GULFOILLUB,EQ,1086.0,1088.6,1073.3,1077.3,1089.3,15957,172.22,2026-10-09
GULPOLY,EQ,159.37,161.9,158.36,160.21,159.84,36117,57.66,2026-10-09
GVPIL,EQ,663.45,672.7,638.6,656.65,656.15,215599,1415.12,2026-10-09
GVT&D,EQ,4201.0,4252.2,4101.4,4194.4,4200.0,583166,24497.56,2026-10-09
GYFTR,EQ,168.05,172.78,165.51,168.63,171.38,151726,256.27,2026-10-09
HAL,EQ,4650.0,4696.0,4590.0,4655.6,4647.4,503087,23437.96,2026-10-09
HALDER,EQ,252.28,254.0,231.0,239.76,257.82,24203,61.03,2026-10-09
HALDYNGL,EQ,138.43,140.84,136.22,139.87,140.89,51013,70.59,2026-10-09
HALEOSLABS,EQ,1597.4,1597.4,1529.9,1563.7,1567.8,903,14.08,2026-10-09
HAMPTON,EQ,8.28,8.47,7.67,7.9,8.09,13633,1.11,2026-10-09
HAPPSTMNDS,EQ,302.6,310.5,302.3,306.1,300.2,639365,1958.6,2026-10-09
HAPPYFORGE,EQ,1959.9,1988.9,1906.2,1922.6,1940.9,72271,1396.7,2026-10-09
HARDWYN,EQ,9.19,9.36,9.06,9.19,9.13,416077,38.17,2026-10-09
HARIOMPIPE,EQ,328.4,337.95,322.0,334.85,326.55,95998,314.99,2026-10-09
HARRMALAYA,EQ,170.0,172.9,166.36,172.2,169.2,2910,4.95,2026-10-09
HARSHA,EQ,444.0,448.55,430.2,441.95,442.4,92560,405.74,2026-10-09
HATHWAY,EQ,9.21,9.86,9.21,9.75,9.21,2568862,245.99,2026-10-09
HATSUN,EQ,1135.2,1135.2,1113.4,1121.8,1120.7,15366,172.23,2026-10-09
HAVELLS,EQ,1019.0,1044.0,1017.9,1041.5,1023.7,612108,6340.82,2026-10-09
HAVISHA,EQ,1.59,1.59,1.42,1.44,1.41,37058,0.54,2026-10-09
HAWKINCOOK,EQ,8000.0,8044.0,7880.0,8014.0,7979.5,1118,89.41,2026-10-09
HAZOOR,EQ,17.34,17.39,16.11,16.27,17.07,523668,86.65,2026-10-09
HBESD,EQ,75.0,77.5,74.4,74.43,74.4,4150,3.11,2026-10-09
HBLENGINE,EQ,730.0,734.2,717.1,719.05,725.15,846425,6123.65,2026-10-09
HBPOR,EQ,64.75,64.75,59.5,61.12,61.99,287,0.17,2026-10-09
HBSL,EQ,54.44,57.55,53.1,57.4,54.44,136,0.07,2026-10-09
HCC,EQ,18.81,19.2,18.35,19.01,18.75,16705845,3147.84,2026-10-09
HCG,EQ,623.9,628.0,583.2,589.2,638.75,701717,4233.23,2026-10-09
HCL-INSYS,EQ,9.93,10.05,9.91,10.0,9.92,109536,10.92,2026-10-09
HCLTECH,EQ,1176.9,1221.0,1175.0,1216.7,1176.9,2934650,35470.58,2026-10-09
HDBFS,EQ,588.95,592.0,585.0,588.65,586.4,484652,2845.89,2026-10-09
HDFCAMC,EQ,2248.6,2291.7,2232.3,2262.5,2245.0,934253,21236.82,2026-10-09
HDFCBANK,EQ,696.6,710.15,695.3,707.25,692.25,18397972,129640.35,2026-10-09
HDFCBSE500,EQ,34.97,37.47,34.8,35.56,34.96,828909,292.34,2026-10-09
HDFCGOLD,EQ,126.04,127.06,126.04,126.81,125.02,2951998,3739.75,2026-10-09
HDFCGROWTH,EQ,108.44,109.61,108.16,108.82,108.44,28041,30.54,2026-10-09
HDFCLIFE,EQ,548.7,562.35,547.35,556.65,544.5,2712798,15128.78,2026-10-09
HDFCLIQUID,EQ,1081.65,1081.67,1081.65,1081.65,1081.2,25523,276.07,2026-10-09
HDFCLOWVOL,EQ,19.03,19.22,18.98,19.1,19.03,2734,0.52,2026-10-09
HDFCMID150,EQ,21.7,22.0,21.59,21.93,21.7,327206,71.46,2026-10-09
HDFCMOMENT,EQ,29.36,29.63,29.0,29.53,29.36,128558,37.84,2026-10-09
HDFCNEXT50,EQ,69.44,69.92,68.99,69.63,69.46,126753,88.27,2026-10-09
HDFCNIF100,EQ,24.37,24.42,24.15,24.37,24.13,15460,3.77,2026-10-09
HDFCNIFBAN,EQ,56.48,57.17,56.41,57.01,56.19,418982,238.64,2026-10-09
HDFCNIFIT,EQ,29.56,30.74,29.56,30.52,29.56,491649,149.83,2026-10-09
HDFCNIFTY,EQ,244.82,260.0,244.82,254.97,251.1,101302,257.7,2026-10-09
HDFCNIMEG,EQ,118.0,120.8,118.0,119.8,118.94,82752,98.55,2026-10-09
HDFCPSUBK,EQ,79.94,82.27,79.94,82.14,80.78,36831,30.17,2026-10-09
HDFCPVTBAN,EQ,27.46,27.9,27.44,27.74,27.42,154894,42.9,2026-10-09
HDFCQUAL,EQ,54.17,56.9,54.17,55.43,54.02,7205,3.95,2026-10-09
HDFCSENSEX,EQ,82.07,82.81,81.51,82.48,81.68,45136,37.11,2026-10-09
HDFCSILVER,EQ,208.4,210.16,208.34,209.56,205.84,1133017,2372.45,2026-10-09
HDFCSML250,EQ,177.26,177.97,174.61,177.14,176.41,1366724,2415.39,2026-10-09
HDFCVALUE,EQ,117.56,118.61,117.06,118.23,116.56,2790,3.3,2026-10-09
HEADSUP,EQ,6.59,6.59,5.95,6.02,6.49,22741,1.39,2026-10-09
HEALTHADD,EQ,15.91,16.09,15.82,16.02,15.84,5645,0.9,2026-10-09
HEALTHAXIS,EQ,159.69,162.0,159.69,161.95,160.0,7351,11.84,2026-10-09
HEALTHCARE,EQ,20.69,20.78,20.48,20.71,20.5,27120,5.6,2026-10-09
HEALTHIETF,EQ,161.82,163.24,160.64,162.08,160.49,225514,366.32,2026-10-09
HEALTHX,EQ,303.0,303.0,286.0,291.25,292.9,2562,7.46,2026-10-09
HEALTHY,EQ,15.9,16.49,15.9,16.29,16.16,185111,30.14,2026-10-09
HECPROJECT,EQ,111.0,117.1,111.0,112.02,110.66,12582,14.41,2026-10-09
HEGAM,EQ,238.1,239.0,229.01,233.56,237.17,1329186,3092.36,2026-10-09
HEIDELBERG,EQ,126.98,126.98,123.76,124.27,125.48,197778,246.21,2026-10-09
HEMIPROP,EQ,110.0,111.01,108.15,110.35,109.24,231973,254.71,2026-10-09
HERANBA,EQ,163.21,165.05,160.2,162.05,162.05,42463,68.74,2026-10-09
HERITGFOOD,EQ,387.5,392.5,383.0,390.15,383.75,200716,779.44,2026-10-09
HEROMOTOCO,EQ,4864.0,4953.0,4825.0,4895.5,4856.5,305913,15025.02,2026-10-09
HEROMOTORS,EQ,164.7,165.0,152.05,158.48,164.35,30346470,47549.46,2026-10-09
HESTERBIO,EQ,2067.5,2090.9,2030.5,2058.7,2069.9,2598,53.44,2026-10-09
HEXATRADEX,EQ,158.0,158.5,154.16,157.02,155.1,2418,3.78,2026-10-09
HEXT,EQ,533.0,574.5,526.2,538.5,511.4,30418657,167306.78,2026-10-09
HGINFRA,EQ,402.25,407.2,398.6,401.75,403.0,87029,350.82,2026-10-09
HGM,EQ,40.59,40.59,38.23,39.45,39.83,1972,0.77,2026-10-09
HGS,EQ,355.2,361.8,351.55,355.55,358.95,13308,47.27,2026-10-09
HIKAL,EQ,214.98,217.0,211.3,213.66,212.21,293602,629.43,2026-10-09
HILINFRA,EQ,48.0,50.4,47.48,49.59,47.69,308271,150.38,2026-10-09
HILTON,EQ,16.69,16.69,16.05,16.19,16.34,63427,10.28,2026-10-09
HIMATSEIDE,EQ,60.35,61.13,58.95,59.52,60.32,784019,467.72,2026-10-09
HINDADH,EQ,386.0,388.1,376.15,388.0,386.75,2062,7.9,2026-10-09
HINDALCO,EQ,893.85,900.6,886.8,900.35,890.15,3499215,31369.99,2026-10-09
HINDALUMI,EQ,90.4,90.4,89.5,89.5,89.9,344,0.31,2026-10-09
HINDCOMPOS,EQ,418.0,440.9,418.0,426.85,417.0,48303,207.58,2026-10-09
HINDCOPPER,EQ,470.0,473.9,462.25,468.85,467.5,4386003,20600.27,2026-10-09
HINDOILEXP,EQ,168.57,170.68,166.31,169.34,169.4,324790,550.19,2026-10-09
HINDPETRO,EQ,330.4,331.8,323.25,326.0,326.6,6392568,20843.67,2026-10-09
HINDUNILVR,EQ,1843.5,1868.9,1839.1,1856.7,1844.5,1300930,24204.11,2026-10-09
HINDWAREAP,EQ,169.02,171.15,166.82,170.5,169.01,40792,68.87,2026-10-09
HINDZINC,EQ,537.0,547.0,531.1,543.5,531.75,2024919,10932.84,2026-10-09
HIRECT,EQ,1110.0,1144.6,1083.5,1113.7,1096.1,47706,528.31,2026-10-09
HISARMETAL,EQ,144.27,145.22,142.05,142.93,144.26,1846,2.66,2026-10-09
HITECH,EQ,71.23,71.74,70.19,70.94,70.8,429718,304.93,2026-10-09
HLEGLAS,EQ,430.2,438.65,423.7,423.7,446.0,215922,920.41,2026-10-09
HLVLTD,EQ,6.06,6.32,6.01,6.11,6.06,108016,6.64,2026-10-09
HMAAGRO,EQ,23.7,23.96,22.68,23.28,23.62,1129587,262.09,2026-10-09
HNDFDS,EQ,569.45,577.15,565.1,573.0,572.6,20162,115.25,2026-10-09
HNGSNGBEES,EQ,460.21,461.0,454.36,460.89,455.65,34905,160.27,2026-10-09
HOMEFIRST,EQ,1072.0,1097.7,1070.6,1076.6,1071.9,105063,1139.72,2026-10-09
HONASA,EQ,470.75,474.7,465.3,468.7,467.5,356252,1672.09,2026-10-09
HONAUT,EQ,32555.0,32905.0,32310.0,32495.0,32465.0,2188,711.84,2026-10-09
HONDAPOWER,EQ,1855.0,1855.0,1820.0,1827.0,1839.8,3954,72.33,2026-10-09
HORIZONIND,EQ,48.45,49.67,48.02,49.05,48.47,1969905,964.61,2026-10-09
HPAL,EQ,33.5,34.24,32.99,33.9,33.5,37743,12.77,2026-10-09
HPIL,EQ,118.3,118.45,117.5,118.45,116.48,247,0.29,2026-10-09
HPL,EQ,256.65,260.95,253.5,257.9,256.45,71601,184.16,2026-10-09
HRYNSHP,EQ,93.41,97.88,92.0,92.61,96.0,909,0.85,2026-10-09
HSBCGOLD,EQ,128.49,129.5,128.49,129.34,127.45,10808,13.97,2026-10-09
HSCL,EQ,662.0,665.45,650.1,659.95,660.05,1229039,8072.26,2026-10-09
HTEL,EQ,95.79,95.79,89.0,90.37,97.27,6083687,5555.67,2026-10-09
HTMEDIA,EQ,21.91,22.55,21.91,22.26,22.06,17441,3.86,2026-10-09
HUBTOWN,EQ,156.17,157.88,153.86,155.42,155.13,445395,692.8,2026-10-09
HUDCO,EQ,157.49,160.0,156.42,159.75,156.99,1603099,2545.97,2026-10-09
HUHTAMAKI,EQ,225.0,227.4,222.86,225.25,225.67,76227,171.72,2026-10-09
HYBRIDETF,EQ,9.69,9.73,9.69,9.73,9.67,3542,0.34,2026-10-09
HYBRIDFIN,EQ,18.0,18.25,17.2,17.62,17.81,8495,1.52,2026-10-09
HYUNDAI,EQ,1929.0,1944.4,1897.2,1940.0,1915.0,392721,7567.12,2026-10-09
IBULLSLTD,EQ,35.3,37.28,33.72,36.62,34.88,36655938,13313.18,2026-10-09
ICEMAKE,EQ,659.95,663.8,641.25,661.0,660.25,20001,130.86,2026-10-09
ICICIAMC,EQ,3055.2,3088.6,3014.0,3030.3,3066.4,301279,9154.89,2026-10-09
ICICIB22,EQ,106.52,108.5,106.37,108.11,106.52,132833,143.21,2026-10-09
ICICIBANK,EQ,1355.4,1359.4,1342.3,1355.0,1349.0,5507667,74482.06,2026-10-09
ICICIGI,EQ,1625.0,1699.4,1620.0,1690.2,1624.0,1546424,25969.13,2026-10-09
ICICIPRULI,EQ,454.1,464.65,452.9,460.55,457.0,669480,3090.76,2026-10-09
ICIL,EQ,449.0,457.7,433.3,436.3,449.0,314190,1380.62,2026-10-09
ICRA,EQ,4284.5,4440.0,4266.1,4424.8,4299.4,14125,619.13,2026-10-09
IDBI,EQ,83.85,84.44,81.95,83.09,83.18,6715116,5585.35,2026-10-09
IDEA,EQ,12.9,13.11,12.86,13.0,12.8,253450627,32908.28,2026-10-09
IDEAFORGE,EQ,663.0,683.45,649.15,668.6,669.2,207565,1385.08,2026-10-09
IDFCFIRSTB,EQ,78.34,79.8,78.12,79.52,78.46,8635723,6850.12,2026-10-09
IDFNIFTYET,EQ,247.94,249.65,247.85,249.08,248.66,549,1.37,2026-10-09
IEX,EQ,104.0,105.55,103.81,104.78,103.75,3369146,3531.62,2026-10-09
IFBAGRO,EQ,846.0,867.6,845.0,862.0,866.95,3552,30.28,2026-10-09
IFBIND,EQ,1181.6,1190.9,1149.9,1161.0,1186.8,25962,302.1,2026-10-09
IFCI,EQ,67.5,68.77,65.69,67.35,66.43,71521523,47954.37,2026-10-09
IFGLEXPOR,EQ,179.5,188.76,179.5,180.51,179.72,24653,44.88,2026-10-09
IGARASHI,EQ,394.4,399.25,388.25,396.1,393.1,22253,87.53,2026-10-09
IGCL,EQ,56.73,56.73,54.63,55.09,55.61,348212,191.71,2026-10-09
IGIL,EQ,307.95,311.5,304.1,309.05,307.05,380286,1171.59,2026-10-09
IGL,EQ,142.0,147.74,140.72,146.15,142.03,2395557,3479.25,2026-10-09
IGPL,EQ,565.5,576.95,561.65,566.8,568.4,47220,267.25,2026-10-09
IIFL,EQ,580.45,605.5,580.45,597.7,579.15,2000049,11904.8,2026-10-09
IIFLCAPS,EQ,343.0,348.0,343.0,343.75,344.2,632545,2174.46,2026-10-09
IITL,EQ,130.11,130.2,123.0,125.67,128.19,111825,143.0,2026-10-09
IKIO,EQ,181.05,185.56,176.28,179.27,181.05,193297,349.01,2026-10-09
IKS,EQ,1745.0,1773.9,1708.1,1716.6,1751.1,132974,2310.33,2026-10-09
IMAGICAA,EQ,47.0,47.41,46.19,46.86,47.11,287050,134.24,2026-10-09
IMFA,EQ,1160.2,1192.0,1157.6,1182.5,1165.1,67063,786.42,2026-10-09
IMPAL,EQ,996.0,1010.0,980.0,1007.4,996.5,1477,14.73,2026-10-09
INA,EQ,79.72,81.74,78.0,79.67,79.73,565012,450.65,2026-10-09
INCREDIBLE,EQ,30.59,31.89,30.06,31.45,30.0,5240,1.61,2026-10-09
INDBANK,EQ,25.79,26.0,25.04,25.58,25.14,30212,7.73,2026-10-09
INDGN,EQ,586.0,590.1,571.45,580.1,586.15,334971,1937.81,2026-10-09
INDHOTEL,EQ,712.5,723.45,709.75,715.65,711.65,1043907,7501.33,2026-10-09
INDIACEM,EQ,293.15,299.0,291.55,297.45,294.6,140167,413.24,2026-10-09
INDIAGLYCO,EQ,359.0,360.0,327.0,329.6,356.9,1266097,4280.73,2026-10-09
INDIAMART,EQ,1594.3,1625.0,1575.5,1606.8,1602.7,65546,1050.02,2026-10-09
INDIANB,EQ,816.0,831.45,808.0,829.8,807.8,1471855,12093.09,2026-10-09
INDIANCARD,EQ,180.95,188.0,178.2,182.61,180.95,3615,6.59,2026-10-09
INDIANHUME,EQ,337.0,349.4,337.0,342.2,338.8,18186,62.42,2026-10-09
INDIASHLTR,EQ,650.95,656.75,635.95,643.45,643.5,32404,209.92,2026-10-09
INDIGO,EQ,4821.0,4884.0,4783.0,4833.0,4813.1,1418223,68463.3,2026-10-09
INDIGOPNTS,EQ,1028.2,1045.7,1020.0,1022.7,1035.7,26415,271.74,2026-10-09
INDIQUBE,EQ,190.41,195.9,187.51,194.47,191.89,33184,64.01,2026-10-09
INDNIPPON,EQ,1187.4,1209.4,1166.6,1188.0,1187.4,36800,437.12,2026-10-09
INDOAMIN,EQ,150.8,159.4,145.35,157.72,151.7,575379,885.11,2026-10-09
INDOBORAX,EQ,482.2,484.6,472.0,476.2,482.2,42463,202.76,2026-10-09
INDOCO,EQ,236.9,241.0,228.25,230.7,236.9,212368,492.35,2026-10-09
INDOFARM,EQ,134.1,136.0,132.54,133.54,134.66,54275,72.7,2026-10-09
INDOKEM,EQ,691.1,692.0,600.0,619.1,692.8,134575,863.73,2026-10-09
INDOMIM,EQ,1262.0,1299.0,1244.8,1272.6,1238.6,1258559,16041.08,2026-10-09
INDORAMA,EQ,88.99,94.3,87.1,92.39,88.1,1404729,1297.06,2026-10-09
INDOSTAR,EQ,196.0,197.08,187.8,188.95,196.6,205760,391.95,2026-10-09
INDOTECH,EQ,3150.0,3224.0,3065.0,3121.7,3148.8,19628,610.9,2026-10-09
INDOTHAI,EQ,36.76,37.69,36.75,36.75,38.68,1757861,647.95,2026-10-09
INDOUS,EQ,72.75,74.7,71.5,73.96,72.75,10129,7.4,2026-10-09
INDOWIND,EQ,8.41,8.5,8.21,8.28,8.39,98457,8.18,2026-10-09
INDPRUD,EQ,6250.0,6400.0,6225.0,6300.0,6300.0,131,8.24,2026-10-09
INDRAMEDCO,EQ,320.0,331.8,319.9,329.05,319.9,145432,476.01,2026-10-09
INDSWFTLAB,EQ,367.0,375.7,350.0,360.9,366.1,600512,2158.88,2026-10-09
INDTERRAIN,EQ,29.22,29.5,29.15,29.25,29.15,10376,3.03,2026-10-09
INDUSINDBK,EQ,868.0,869.35,858.0,861.65,864.0,1131803,9769.57,2026-10-09
INDUSTOWER,EQ,378.0,382.0,375.0,380.85,373.0,2726912,10328.7,2026-10-09
INFOBEAN,EQ,146.18,164.66,146.11,156.19,146.17,3935996,6267.3,2026-10-09
INFOMEDIA,EQ,5.45,5.58,5.22,5.46,5.45,15430,0.82,2026-10-09
INFRA,EQ,11.36,11.36,11.1,11.22,11.15,17306,1.94,2026-10-09
INFRABEES,EQ,881.82,898.0,878.0,889.52,881.81,5890,52.13,2026-10-09
INFRAIETF,EQ,88.52,88.8,87.43,88.35,87.61,48921,43.1,2026-10-09
INFY,EQ,1007.3,1030.9,1007.3,1023.4,997.0,14094234,144046.48,2026-10-09
INGERRAND,EQ,3999.0,4059.1,3955.1,4026.5,4001.2,7859,315.12,2026-10-09
INNOVACAP,EQ,1129.5,1140.0,1104.0,1110.0,1129.5,56717,633.04,2026-10-09
INNOVANA,EQ,286.0,304.8,280.95,301.5,283.2,20653,59.69,2026-10-09
INNOVISION,EQ,253.15,254.9,249.95,252.1,252.85,9774,24.6,2026-10-09
INOXGREEN,EQ,117.04,135.0,112.0,128.92,115.08,73589336,94318.89,2026-10-09
INOXINDIA,EQ,2040.0,2079.0,1980.0,2056.9,2039.3,142672,2923.09,2026-10-09
INOXWIND,EQ,63.32,67.3,62.78,66.65,62.43,37432425,24602.21,2026-10-09
INSECTICID,EQ,569.2,585.0,567.65,581.3,571.5,5085,29.32,2026-10-09
INSPIRISYS,EQ,84.0,86.0,83.0,84.99,84.39,1117,0.94,2026-10-09
INSURADD,EQ,14.59,14.95,14.5,14.71,14.45,23542151,3465.21,2026-10-09
INSUREIETF,EQ,14.57,14.93,14.52,14.77,14.48,20866065,3066.98,2026-10-09
INTELLECT,EQ,573.15,593.7,572.05,584.1,567.35,1238813,7235.81,2026-10-09
INTENTECH,EQ,80.55,82.0,79.11,79.75,82.44,8936,7.19,2026-10-09
INTERARCH,EQ,1690.0,1712.0,1666.0,1700.1,1694.4,42377,719.31,2026-10-09
INTERNET,EQ,13.47,13.99,13.38,13.69,13.43,424022,57.48,2026-10-09
INTLCONV,EQ,80.0,80.5,77.0,77.15,79.14,77957,61.63,2026-10-09
INVENTURE,EQ,0.83,0.83,0.81,0.81,0.81,498260,4.1,2026-10-09
IOB,EQ,30.48,30.79,30.21,30.58,30.48,2149589,656.68,2026-10-09
IOC,EQ,126.05,127.13,125.64,126.35,126.25,7316124,9237.37,2026-10-09
IOLCP,EQ,206.1,211.0,199.38,201.15,205.55,2768843,5665.96,2026-10-09
IONEXCHANG,EQ,392.15,394.1,383.6,390.75,392.15,121644,474.84,2026-10-09
IPCALAB,EQ,1942.9,1952.5,1905.0,1915.4,1938.4,94285,1812.08,2026-10-09
IPL,EQ,128.79,129.71,127.67,128.95,130.03,111265,143.25,2026-10-09
IPRINGLTD,EQ,138.23,141.0,138.23,140.9,138.23,2218,3.1,2026-10-09
IRB,EQ,17.81,17.87,17.36,17.48,17.53,12226657,2147.26,2026-10-09
IRCON,EQ,103.8,105.12,102.67,104.56,103.29,1958162,2039.78,2026-10-09
IRCTC,EQ,450.4,464.8,448.4,458.8,449.85,1257448,5774.46,2026-10-09
IREDA,EQ,103.86,105.07,103.6,104.4,103.8,3140513,3278.18,2026-10-09
IRFC,EQ,74.3,75.2,74.06,74.7,74.3,10148242,7591.2,2026-10-09
IRIS,EQ,212.68,220.49,212.52,214.82,212.68,28227,60.77,2026-10-09
IRISDOREME,EQ,58.8,61.98,57.12,59.81,58.71,886583,530.89,2026-10-09
IRMENERGY,EQ,258.05,259.25,254.0,255.8,256.0,33007,84.51,2026-10-09
ISGEC,EQ,920.0,935.0,900.1,909.7,918.4,108132,990.7,2026-10-09
ISHANCH,EQ,47.45,47.45,44.03,45.3,46.44,21631,9.88,2026-10-09
ISTLTD,EQ,639.0,655.0,612.0,625.7,628.25,578,3.6,2026-10-09
IT,EQ,30.14,31.98,30.14,31.73,30.76,832173,263.65,2026-10-09
ITADD,EQ,29.67,30.61,29.5,30.37,29.53,62657,18.91,2026-10-09
ITAXIS,EQ,310.38,316.99,302.81,313.86,310.38,115525,362.89,2026-10-09
ITBEES,EQ,31.0,31.94,30.75,31.84,30.8,17610279,5581.23,2026-10-09
ITBETA,EQ,296.0,301.9,288.57,293.8,291.6,1401,4.19,2026-10-09
ITC,EQ,255.45,268.05,255.1,266.0,255.0,31030528,81919.19,2026-10-09
ITCHOTELS,EQ,155.3,157.76,154.3,154.52,154.63,1783964,2771.72,2026-10-09
ITDC,EQ,663.0,669.6,655.25,658.2,661.55,70374,466.11,2026-10-09
ITETF,EQ,29.31,30.49,29.3,30.35,29.4,693859,210.02,2026-10-09
ITI,EQ,238.2,241.85,236.53,240.13,237.18,120588,288.63,2026-10-09
ITIETF,EQ,31.55,31.99,30.77,31.87,30.79,905841,287.35,2026-10-09
ITL,EQ,390.0,390.0,350.1,364.4,364.85,1563,5.66,2026-10-09
IVALUE,EQ,230.02,235.0,226.21,232.43,227.52,130805,302.37,2026-10-09
IVC,EQ,7.85,8.5,7.7,7.86,7.87,190794,15.1,2026-10-09
IVZINGOLD,EQ,129.0,130.5,128.55,129.9,127.75,64185,83.31,2026-10-09
IVZINNIFTY,EQ,262.97,262.97,256.2,259.2,256.56,2290,5.94,2026-10-09
IVZSENSEX,EQ,70.06,73.3,70.06,72.79,71.86,804,0.58,2026-10-09
IWP,EQ,36.02,37.4,34.2,35.97,36.02,18190,6.47,2026-10-09
IXIGO,EQ,154.33,154.65,149.5,150.75,153.96,1974978,2973.65,2026-10-09
IZMO,EQ,880.0,880.0,850.7,858.25,861.4,63439,547.25,2026-10-09
J&KBANK,EQ,135.83,139.08,135.54,138.23,135.5,1951857,2680.44,2026-10-09
JAGRAN,EQ,61.71,61.89,61.11,61.49,61.42,69668,42.83,2026-10-09
JAGSNPHARM,EQ,228.64,232.4,224.5,225.6,231.7,50851,115.74,2026-10-09
JAIBALAJI,EQ,68.8,69.5,66.02,68.4,68.61,992053,676.19,2026-10-09
JAICORPLTD,EQ,86.46,87.42,84.21,86.03,86.52,329027,281.2,2026-10-09
JAINREC,EQ,289.1,291.35,278.75,288.7,281.05,867711,2480.04,2026-10-09
JAIPURKURT,EQ,33.0,33.0,29.0,29.59,32.4,120119,36.26,2026-10-09
JAMNAAUTO,EQ,148.0,148.87,142.0,142.67,147.95,2217616,3211.85,2026-10-09
JARO,EQ,405.0,408.35,397.7,405.0,404.0,97211,392.62,2026-10-09
JASH,EQ,569.95,582.65,552.0,560.95,565.85,266390,1501.05,2026-10-09
JAYAGROGN,EQ,210.0,215.11,209.8,212.86,208.96,8719,18.57,2026-10-09
JAYBARMARU,EQ,129.75,129.75,124.5,126.68,128.0,603495,764.18,2026-10-09
JAYKAY,EQ,242.0,246.05,228.84,230.5,240.24,998954,2340.93,2026-10-09
JAYNECOIND,EQ,92.25,92.81,90.27,91.4,91.48,1979706,1809.14,2026-10-09
JAYSREETEA,EQ,83.08,83.08,81.1,81.95,82.32,15269,12.51,2026-10-09
JBMA,EQ,530.0,534.55,523.25,528.6,526.6,141965,750.85,2026-10-09
JENBURPH,EQ,963.0,963.0,944.25,947.1,954.2,924,8.77,2026-10-09
JETFREIGHT,EQ,18.81,19.85,18.81,19.63,19.03,60638,11.71,2026-10-09
JGCHEM,EQ,638.7,650.95,625.3,630.75,638.7,206108,1317.33,2026-10-09
JINDALPHOT,EQ,1043.8,1043.8,1020.0,1021.6,1021.2,899,9.2,2026-10-09
JINDALPOLY,EQ,640.0,658.0,631.05,646.8,635.05,8049,51.48,2026-10-09
JINDALSAW,EQ,269.05,272.45,264.7,269.6,270.2,1252076,3366.19,2026-10-09
JINDALSTEL,EQ,1014.7,1029.2,1006.1,1016.7,1010.0,1388342,14120.34,2026-10-09
JINDRILL,EQ,576.05,584.95,570.1,572.35,575.8,83583,482.48,2026-10-09
JINDWORLD,EQ,42.7,43.62,42.15,42.62,42.94,1502196,644.58,2026-10-09
JIOFIN,EQ,211.0,215.75,210.75,214.62,211.0,13554417,28994.8,2026-10-09
JISLDVREQS,EQ,19.0,20.5,18.52,19.55,18.71,25675,4.91,2026-10-09
JISLJALEQS,EQ,26.9,27.39,26.63,27.02,27.02,2218856,599.51,2026-10-09
JITFINFRA,EQ,275.9,275.9,265.1,268.25,269.55,15241,41.07,2026-10-09
JKCEMENT,EQ,4970.0,4974.0,4853.5,4874.0,4966.5,39703,1949.93,2026-10-09
JKIL,EQ,434.3,436.65,425.0,431.45,432.15,83948,362.31,2026-10-09
JKIPL,EQ,103.48,113.82,99.01,113.4,103.48,105309,117.02,2026-10-09
JKLAKSHMI,EQ,469.0,476.0,464.85,467.3,470.0,121018,565.53,2026-10-09
JKPAPER,EQ,369.15,372.75,360.55,365.5,367.35,315900,1151.63,2026-10-09
JKTYRE,EQ,331.0,334.75,327.0,333.4,330.25,277241,920.31,2026-10-09
JLHL,EQ,247.1,257.3,247.1,255.7,247.1,81734,207.56,2026-10-09
JMA,EQ,86.79,87.3,85.0,85.48,86.79,16448,14.09,2026-10-09
JMFINANCIL,EQ,121.04,122.17,116.9,117.82,120.6,2691543,3199.11,2026-10-09
JNKINDIA,EQ,431.25,434.9,417.0,424.35,426.2,94181,398.52,2026-10-09
JNPR,EQ,277.15,278.45,270.5,275.25,274.45,407817,1123.16,2026-10-09
JOCIL,EQ,144.0,147.35,142.65,144.2,146.44,486,0.7,2026-10-09
JPOLYINVST,EQ,870.0,945.0,870.0,936.4,878.2,6814,62.18,2026-10-09
JPPOWER,EQ,14.31,14.62,14.12,14.53,14.31,37604579,5418.8,2026-10-09
JSFB,EQ,484.1,502.7,484.1,489.35,482.3,590922,2927.83,2026-10-09
JSIPL,EQ,165.1,174.95,161.01,167.84,175.88,4432023,7421.94,2026-10-09
JSL,EQ,710.0,714.45,702.9,709.05,705.6,260251,1840.98,2026-10-09
JSLL,EQ,381.0,388.8,359.75,385.15,381.25,3255837,12162.16,2026-10-09
JSWCEMENT,EQ,112.91,113.03,110.73,112.43,112.97,1238038,1386.16,2026-10-09
JSWDULUX,EQ,2990.0,3029.5,2978.1,3005.1,2989.1,12749,382.99,2026-10-09
JSWENERGY,EQ,467.15,468.9,461.0,462.3,466.85,1015759,4706.22,2026-10-09
JSWHL,EQ,11213.0,11379.0,11120.0,11346.0,11158.0,38141,4284.72,2026-10-09
JSWINFRA,EQ,335.0,342.55,333.0,338.75,333.75,3524783,11935.5,2026-10-09
JSWSTEEL,EQ,1185.0,1192.0,1163.3,1168.0,1175.2,1084351,12707.37,2026-10-09
JTEKTINDIA,EQ,112.42,114.08,111.3,111.75,113.1,106844,119.96,2026-10-09
JTLIND,EQ,85.4,85.85,81.63,83.98,83.81,4169556,3497.36,2026-10-09
JUBLCPL,EQ,1930.0,1952.4,1875.0,1906.8,1927.2,5201,99.1,2026-10-09
JUBLFOOD,EQ,428.0,431.65,421.25,422.75,427.6,1804965,7669.51,2026-10-09
JUBLINGREA,EQ,621.0,628.55,612.3,625.8,620.3,309836,1927.89,2026-10-09
JUBLPHARMA,EQ,940.4,950.0,917.6,931.9,932.2,123186,1142.86,2026-10-09
JUNIORBEES,EQ,738.3,740.28,730.25,738.11,734.61,428420,3156.73,2026-10-09
JUNIPER,EQ,211.81,216.86,211.81,214.58,215.33,63859,136.77,2026-10-09
JUSTDIAL,EQ,630.0,652.05,630.0,648.05,631.65,126838,817.39,2026-10-09
JWL,EQ,215.0,218.75,213.2,214.4,216.43,684668,1471.48,2026-10-09
JYOTHYLAB,EQ,187.45,188.58,183.7,187.94,186.29,281120,522.93,2026-10-09
JYOTICNC,EQ,1010.0,1028.0,983.2,999.7,1009.9,492521,4929.8,2026-10-09
JYOTIRES,EQ,838.0,850.0,834.65,839.1,836.65,5333,44.9,2026-10-09
JYOTISTRUC,EQ,8.85,9.09,8.75,8.93,8.75,3686282,329.37,2026-10-09
KAJARIACER,EQ,1206.3,1230.0,1204.0,1215.4,1210.6,233411,2832.91,2026-10-09
KAKATCEM,EQ,103.0,103.01,97.05,99.03,102.33,4235,4.25,2026-10-09
KALAMANDIR,EQ,74.3,75.38,73.72,75.14,74.3,271674,202.72,2026-10-09
KALPATARU,EQ,264.6,265.45,259.0,260.9,259.9,21897,57.25,2026-10-09
KALYANKJIL,EQ,556.1,559.95,550.05,554.0,553.5,3811128,21108.43,2026-10-09
KAMAHOLD,EQ,2262.5,2262.5,2222.2,2242.2,2227.6,859,19.25,2026-10-09
KAMANWALA,EQ,16.5,17.0,16.5,16.5,17.0,2083,0.34,2026-10-09
KAMATHOTEL,EQ,255.0,257.0,243.62,251.05,251.72,74158,184.77,2026-10-09
KAMDHENU,EQ,36.71,37.23,35.68,36.47,36.71,1146557,416.89,2026-10-09
KAMOPAINTS,EQ,4.13,4.13,4.02,4.06,4.08,155064,6.28,2026-10-09
KANANIIND,EQ,1.3,1.31,1.29,1.3,1.3,97242,1.27,2026-10-09
KANCHI,EQ,375.0,377.4,365.0,369.4,366.25,228,0.84,2026-10-09
KANCOTEA,EQ,49.5,54.85,49.5,54.85,52.93,21,0.01,2026-10-09
KANOHAR,EQ,1163.0,1163.8,1094.0,1137.3,1183.25,10750937,121489.25,2026-10-09
KANPRPLA,EQ,236.01,244.0,236.01,239.17,236.96,4182,10.07,2026-10-09
KANSAINER,EQ,181.05,183.49,178.31,181.29,180.75,144130,259.66,2026-10-09
KAPSTON,EQ,539.7,548.95,536.0,539.3,542.4,37336,201.88,2026-10-09
KARAMTARA,EQ,400.7,412.85,372.45,405.9,393.8,3461243,13586.29,2026-10-09
KARMAENG,EQ,34.51,35.0,33.91,33.99,34.51,7373,2.51,2026-10-09
KARURVYSYA,EQ,328.0,342.65,328.0,339.9,329.2,2923419,9903.81,2026-10-09
KAYNES,EQ,3259.9,3290.7,3200.1,3264.0,3233.0,595137,19360.17,2026-10-09
KCP,EQ,151.51,153.4,150.0,152.23,152.67,59923,90.99,2026-10-09
KDDL,EQ,3874.7,3941.9,3740.0,3759.2,3873.2,30288,1150.39,2026-10-09
KDGREEN,EQ,49.88,50.4,47.41,49.49,48.76,105213,51.97,2026-10-09
KEC,EQ,360.0,384.0,349.5,369.85,349.6,16496749,61302.71,2026-10-09
KECL,EQ,125.0,125.0,119.5,121.37,123.13,112381,136.33,2026-10-09
KEEPLEARN,EQ,1.81,1.85,1.66,1.74,1.84,77621,1.34,2026-10-09
KEI,EQ,4610.0,4626.9,4534.9,4585.0,4580.0,172610,7909.3,2026-10-09
KELLTONTEC,EQ,11.9,12.1,11.8,11.97,11.83,1168359,139.59,2026-10-09
KENNAMET,EQ,4115.1,4197.4,4056.3,4165.7,4115.1,11738,485.9,2026-10-09
KERNEX,EQ,1748.7,1766.5,1705.2,1736.3,1700.5,133086,2309.38,2026-10-09
KESORAMIND,EQ,10.5,11.61,10.5,11.06,10.56,1288988,144.24,2026-10-09
KEYFINSERV,EQ,238.0,244.49,233.18,244.0,238.0,137,0.33,2026-10-09
KFINTECH,EQ,839.0,859.9,837.0,842.35,838.2,812371,6903.49,2026-10-09
KHAICHEM,EQ,48.73,48.73,47.26,48.13,47.6,55113,26.42,2026-10-09
KHAITANLTD,EQ,148.99,148.99,141.0,145.75,148.99,625,0.89,2026-10-09
KHANDSE,EQ,17.5,17.5,16.91,17.17,17.21,168,0.03,2026-10-09
KICL,EQ,4919.0,4919.0,4720.8,4820.6,4692.0,663,31.8,2026-10-09
KILITCH,EQ,242.5,253.99,236.2,241.61,244.3,61595,151.19,2026-10-09
KIMS,EQ,685.0,714.9,682.5,705.5,687.15,514123,3621.5,2026-10-09
KINGFA,EQ,6888.0,6888.0,6564.5,6611.0,6804.0,11588,773.67,2026-10-09
KIOCL,EQ,350.0,365.4,346.25,358.75,350.55,205716,733.48,2026-10-09
KIRANVYPAR,EQ,195.3,198.89,185.0,195.58,199.19,6635,12.92,2026-10-09
KIRIINDUS,EQ,543.5,550.5,537.1,544.25,542.55,228923,1245.75,2026-10-09
KIRLFER,EQ,464.65,467.75,452.25,458.7,464.65,138783,640.79,2026-10-09
KIRLOSBROS,EQ,1669.0,1695.4,1640.0,1690.1,1667.2,37480,628.37,2026-10-09
KIRLOSENG,EQ,2171.4,2223.6,2107.6,2210.4,2163.0,298993,6514.58,2026-10-09
KIRLOSIND,EQ,3473.2,3550.0,3461.0,3512.3,3473.1,2877,100.64,2026-10-09
KIRLPNU,EQ,672.0,680.0,657.0,667.25,670.3,61968,412.23,2026-10-09
KISSHT,EQ,373.65,376.3,367.0,369.1,372.15,609163,2260.31,2026-10-09
KITEX,EQ,116.0,117.0,113.11,115.01,115.11,228868,262.47,2026-10-09
KJMCFIN,EQ,57.69,57.69,55.7,57.05,57.69,880,0.5,2026-10-09
KKCL,EQ,489.9,489.9,453.3,460.1,472.5,102733,477.52,2026-10-09
KLBRENG-B,EQ,502.1,519.2,500.6,503.25,500.15,129719,658.97,2026-10-09
KMCSHIL,EQ,177.48,181.93,168.1,169.77,177.28,327242,569.79,2026-10-09
KMEW,EQ,3256.7,3338.0,3115.6,3207.8,3256.7,267896,8672.77,2026-10-09
KNACK,EQ,204.41,209.0,199.71,207.14,202.16,2130143,4387.69,2026-10-09
KNAGRI,EQ,204.92,204.92,199.98,201.37,202.6,5025,10.13,2026-10-09
KNRCON,EQ,111.6,114.17,110.0,112.92,111.61,1027163,1151.7,2026-10-09
KOHINOOR,EQ,29.26,29.81,28.7,29.29,28.88,63862,18.63,2026-10-09
KOKUYOCMLN,EQ,74.65,74.65,72.0,72.65,73.26,9819,7.15,2026-10-09
KOLTEPATIL,EQ,420.95,470.0,418.5,427.9,423.4,2348408,10566.11,2026-10-09
KOPRAN,EQ,253.4,261.05,248.1,251.05,254.3,333480,848.31,2026-10-09
KOTAKBANK,EQ,438.0,445.25,437.85,441.0,435.0,31536992,139738.22,2026-10-09
KOTHARIPET,EQ,121.1,123.25,117.55,118.43,121.1,54381,64.84,2026-10-09
KOTHARIPRO,EQ,63.73,64.75,62.0,62.26,63.51,13166,8.24,2026-10-09
KOTIC,EQ,157.0,165.0,155.0,162.99,155.14,232044,376.61,2026-10-09
KOTYARK,EQ,31.3,33.2,30.45,32.28,31.06,358087,114.79,2026-10-09
KOVAI,EQ,5897.5,5944.5,5874.0,5876.0,5891.5,3377,198.96,2026-10-09
KPEL,EQ,206.98,209.96,203.58,208.13,206.87,179829,372.62,2026-10-09
KPIGREEN,EQ,325.1,331.1,320.75,325.3,323.25,802487,2614.87,2026-10-09
KPIL,EQ,1402.0,1409.5,1375.6,1391.9,1401.5,81940,1137.54,2026-10-09
KPITTECH,EQ,473.6,489.5,473.6,479.0,471.0,1979891,9515.61,2026-10-09
KPL,EQ,3539.0,3608.7,3475.0,3564.3,3533.3,13563,482.05,2026-10-09
KPRMILL,EQ,1053.3,1061.7,1027.4,1053.8,1053.3,335591,3523.39,2026-10-09
KRBL,EQ,387.0,398.8,383.4,389.2,386.05,284167,1112.83,2026-10-09
KREBSBIO,EQ,57.5,59.49,55.11,56.0,57.96,29630,16.82,2026-10-09
KRIDHANINF,EQ,1.8,2.0,1.8,2.0,1.82,86436,1.69,2026-10-09
KRISHANA,EQ,189.3,200.0,184.21,197.11,188.69,2164858,4269.53,2026-10-09
KRISHIVAL,EQ,387.2,390.9,380.0,380.3,383.7,8924,34.12,2026-10-09
KRISHNADEF,EQ,1246.9,1280.0,1189.0,1230.3,1240.8,115394,1403.5,2026-10-09
KRITI,EQ,56.49,57.9,55.64,57.01,55.55,7523,4.27,2026-10-09
KRITIKA,EQ,4.86,5.04,4.8,4.85,4.86,72264,3.51,2026-10-09
KRITINUT,EQ,70.33,73.0,70.0,72.33,72.26,8909,6.39,2026-10-09
KRN,EQ,1405.0,1425.0,1363.4,1386.1,1414.5,270635,3776.09,2026-10-09
KROSS,EQ,241.8,247.65,234.05,243.05,239.7,988643,2399.56,2026-10-09
KRSNAA,EQ,531.55,548.95,529.2,535.5,531.95,28069,149.61,2026-10-09
KRYSTAL,EQ,626.8,650.0,621.25,626.75,633.2,46707,296.66,2026-10-09
KSB,EQ,775.0,788.65,771.5,784.55,776.7,63909,498.02,2026-10-09
KSCL,EQ,679.0,692.45,669.3,676.8,679.0,123638,842.5,2026-10-09
KSE,EQ,173.34,177.9,173.34,176.02,175.48,5056,8.88,2026-10-09
KSHINTL,EQ,1027.0,1031.2,992.4,1001.5,1017.7,143737,1446.51,2026-10-09
KSL,EQ,938.9,949.9,921.6,935.55,945.05,53434,498.99,2026-10-09
KSOLVES,EQ,240.0,243.9,237.62,242.37,241.68,28977,69.54,2026-10-09
KTKBANK,EQ,320.8,329.6,318.8,328.2,320.8,1329287,4316.4,2026-10-09
KUANTUM,EQ,73.3,76.94,73.08,75.92,74.07,61407,46.49,2026-10-09
KUSUMGAR,EQ,620.0,625.0,591.5,595.55,608.0,127923,771.78,2026-10-09
KWIL,EQ,37.0,37.81,36.45,37.36,36.91,7835218,2910.72,2026-10-09
LAGNAM,EQ,73.99,74.0,71.21,73.49,71.14,470,0.35,2026-10-09
LAHOTIOV,EQ,39.27,40.0,38.55,39.99,38.5,1259,0.5,2026-10-09
LAKSHMIMIL,EQ,7634.0,7634.0,7634.0,7634.0,7634.0,3,0.23,2026-10-09
LAL,EQ,8.41,8.69,8.36,8.41,8.53,11908,1.0,2026-10-09
LALITHAA,EQ,376.0,388.5,364.65,382.6,376.45,5861573,22104.57,2026-10-09
LALPATHLAB,EQ,1898.9,1942.8,1882.8,1933.6,1898.9,167905,3215.1,2026-10-09
LAMBODHARA,EQ,129.24,132.38,127.0,128.24,128.09,5149,6.67,2026-10-09
LANCER,EQ,10.8,11.39,10.8,11.02,10.83,170351,18.65,2026-10-09
LANDMARK,EQ,470.1,490.75,460.05,464.7,468.65,72033,335.46,2026-10-09
LAOPALA,EQ,153.6,155.7,152.02,154.76,153.98,106902,165.02,2026-10-09
LARGEMID50,EQ,33.88,34.17,33.82,34.12,33.76,1566,0.53,2026-10-09
LASERPOWER,EQ,272.5,275.75,265.5,267.35,272.5,354539,955.05,2026-10-09
LATENTVIEW,EQ,232.75,241.7,231.05,232.01,230.26,680459,1604.98,2026-10-09
LATTEYS,EQ,20.91,21.2,19.84,20.65,20.91,86394,17.56,2026-10-09
LAURUSLABS,EQ,1997.9,2048.0,1988.9,2036.6,1997.9,1358268,27466.18,2026-10-09
LAXMICOT,EQ,12.31,12.88,12.15,12.52,12.62,2168,0.27,2026-10-09
LAXMIDENTL,EQ,194.44,196.88,190.44,195.92,192.52,54187,105.62,2026-10-09
LAXMIINDIA,EQ,106.66,108.91,105.25,106.22,106.66,72549,77.51,2026-10-09
LCCPROJECT,EQ,145.1,146.19,142.02,143.86,145.08,348121,500.06,2026-10-09
LCL,EQ,609.9,641.95,598.55,630.85,608.7,790907,4946.24,2026-10-09
LEAPIND,EQ,141.5,143.8,138.18,139.93,141.42,1567836,2203.45,2026-10-09
LEMERITE,EQ,19.29,19.76,18.71,19.1,18.77,124288,23.54,2026-10-09
LEMONTREE,EQ,110.05,111.2,108.58,110.43,110.05,1920832,2116.66,2026-10-09
LENSKART,EQ,657.55,682.0,650.35,677.65,653.95,2487958,16746.82,2026-10-09
LEXUS,EQ,9.99,10.3,9.2,9.89,9.7,76248,7.54,2026-10-09
LFIC,EQ,128.69,129.12,126.25,128.06,126.22,277,0.35,2026-10-09
LGBBROSLTD,EQ,1670.2,1695.9,1651.0,1663.7,1676.4,58861,986.46,2026-10-09
LGEINDIA,EQ,1740.0,1764.8,1714.9,1757.0,1723.0,429250,7514.01,2026-10-09
LGHL,EQ,215.0,219.9,206.61,215.72,213.87,38896,83.08,2026-10-09
LIBAS,EQ,11.23,11.79,10.79,11.24,11.39,15896,1.78,2026-10-09
LIBERTSHOE,EQ,210.4,213.2,210.0,210.31,210.18,13075,27.59,2026-10-09
LICHSGFIN,EQ,537.0,554.35,535.25,551.65,537.0,5310443,29188.91,2026-10-09
LICI,EQ,380.0,394.7,380.0,394.25,379.25,5557459,21626.93,2026-10-09
LICMFGOLD,EQ,132.25,133.9,132.25,133.3,131.8,29893,39.86,2026-10-09
LICNETFGSC,EQ,29.06,29.23,28.89,28.89,28.92,53336,15.45,2026-10-09
LICNETFN50,EQ,250.23,254.32,250.23,254.32,251.56,139,0.35,2026-10-09
LICNETFSEN,EQ,807.47,849.75,807.47,842.65,804.17,85,0.7,2026-10-09
LICNFNHGP,EQ,260.1,264.0,258.01,260.31,252.43,233,0.61,2026-10-09
LICNMID100,EQ,58.19,59.45,58.11,58.75,58.19,8904,5.24,2026-10-09
LIKHITHA,EQ,227.79,231.49,222.55,222.94,226.08,18643,41.82,2026-10-09
LINC,EQ,84.6,85.97,81.0,81.54,84.57,42671,35.18,2026-10-09
LINCOLN,EQ,558.0,574.95,553.6,558.3,561.7,19349,108.62,2026-10-09
LINDEINDIA,EQ,6033.0,6075.5,5952.0,5996.0,6026.0,10247,614.37,2026-10-09
LIQGRWBEES,EQ,1058.99,1059.01,1058.99,1059.0,1058.57,21285,225.41,2026-10-09
LIQUID,EQ,999.99,1000.0,999.99,999.99,999.99,200229,2002.29,2026-10-09
LIQUID1,EQ,1125.97,1127.64,1124.27,1126.42,1125.96,1077918,12141.89,2026-10-09
LIQUIDADD,EQ,1148.65,1148.67,1148.64,1148.65,1148.18,421555,4842.22,2026-10-09
LIQUIDBEES,EQ,1000.0,1000.01,999.99,999.99,1000.0,3366250,33662.41,2026-10-09
LIQUIDBETA,EQ,1011.55,1011.55,1011.55,1011.55,1011.11,1,0.01,2026-10-09
LIQUIDBETF,EQ,1100.5,1103.55,1100.44,1102.52,1102.07,232821,2566.82,2026-10-09
LIQUIDCASE,EQ,116.31,116.33,116.31,116.32,116.27,22449607,26114.71,2026-10-09
LIQUIDETF,EQ,999.99,1000.01,999.99,1000.0,999.99,385733,3857.33,2026-10-09
LIQUIDIETF,EQ,1000.0,1000.01,999.92,999.99,999.99,274027,2740.27,2026-10-09
LIQUIDPLUS,EQ,1106.76,1107.09,1106.1,1107.08,1106.61,182173,2016.8,2026-10-09
LIQUIDSBI,EQ,999.99,1000.0,999.99,1000.0,999.99,2094,20.94,2026-10-09
LIQUIDSHRI,EQ,1125.13,1125.15,1125.13,1125.13,1124.71,8684,97.71,2026-10-09
LKPSEC,EQ,13.62,13.92,13.25,13.63,13.62,4668,0.63,2026-10-09
LLOYDSENGG,EQ,96.67,98.45,93.0,94.42,96.18,9866616,9432.56,2026-10-09
LLOYDSENT,EQ,74.96,75.88,73.19,73.73,74.37,2663952,1973.8,2026-10-09
LLOYDSME,EQ,1799.7,1847.9,1792.0,1815.5,1795.6,514915,9384.37,2026-10-09
LMW,EQ,16488.0,16488.0,16025.0,16133.0,16346.0,4051,655.13,2026-10-09
LODHA,EQ,1067.7,1076.2,1051.2,1064.8,1065.6,1120857,11906.4,2026-10-09
LOKESHMACH,EQ,455.2,465.0,448.7,450.75,447.85,154914,705.34,2026-10-09
LORDSCHLO,EQ,138.59,138.59,135.5,137.03,136.01,4440,6.07,2026-10-09
LOTUSCHO,EQ,616.6,616.6,553.2,565.1,658.9,76176,436.08,2026-10-09
LOTUSEYE,EQ,115.07,115.49,113.06,113.93,113.94,5872,6.69,2026-10-09
LOVABLE,EQ,67.56,70.8,65.75,68.96,67.23,13387,9.13,2026-10-09
LOWVOL,EQ,191.2,192.2,191.2,192.01,189.02,290,0.56,2026-10-09
LOWVOL1,EQ,19.49,19.74,19.4,19.55,19.22,194869,38.23,2026-10-09
LOWVOLIETF,EQ,20.68,20.68,20.18,20.47,20.18,2902882,594.94,2026-10-09
LOYALTEX,EQ,206.55,209.9,203.76,203.89,206.55,508,1.05,2026-10-09
LPDC,EQ,6.21,6.34,6.15,6.18,6.21,25868,1.61,2026-10-09
LT,EQ,3648.0,3709.2,3627.2,3703.3,3625.1,1339156,49366.58,2026-10-09
LTF,EQ,257.9,263.1,255.5,261.2,257.4,2600387,6775.95,2026-10-09
LTFOODS,EQ,405.55,411.2,403.15,408.05,405.45,280965,1144.56,2026-10-09
LTGILTBEES,EQ,29.4,29.52,29.35,29.38,29.45,1887784,555.26,2026-10-09
LTGILTCASE,EQ,30.01,30.18,29.91,30.0,30.01,172950,51.99,2026-10-09
LTM,EQ,3925.0,4091.8,3925.0,4070.0,3915.0,368658,14905.77,2026-10-09
LTTS,EQ,3200.0,3316.0,3182.2,3270.1,3176.6,60589,1957.62,2026-10-09
LUMAXIND,EQ,5270.0,5324.5,5211.5,5270.0,5294.0,6395,336.86,2026-10-09
LUMAXTECH,EQ,1789.9,1842.0,1765.0,1827.4,1770.2,117254,2129.16,2026-10-09
LUMINO,EQ,102.66,103.11,99.81,101.17,101.95,4117795,4169.0,2026-10-09
LUPIN,EQ,1948.0,1968.9,1942.0,1956.5,1936.9,362459,7090.14,2026-10-09
LUXIND,EQ,1110.0,1149.6,1091.0,1130.2,1108.5,16465,184.23,2026-10-09
LXCHEM,EQ,182.45,185.11,179.35,180.34,182.03,940479,1709.12,2026-10-09
M&M,EQ,2763.9,2820.0,2747.9,2796.2,2751.2,1241688,34718.42,2026-10-09
M&MFIN,EQ,312.0,320.85,309.75,319.45,310.5,1454193,4621.56,2026-10-09
MAANALU,EQ,100.89,103.0,98.0,102.47,98.97,46354,47.12,2026-10-09
MACPOWER,EQ,1971.9,2029.3,1851.0,1898.8,1981.0,64950,1243.71,2026-10-09
MADHAV,EQ,32.69,35.4,31.7,32.28,32.1,2331,0.76,2026-10-09
MADHAVIPL,EQ,7.21,7.3,7.02,7.18,7.21,85200,6.08,2026-10-09
MADHUCON,EQ,3.79,4.16,3.79,4.11,3.79,45192,1.83,2026-10-09
MADRASFERT,EQ,57.99,57.99,57.22,57.41,57.54,12905,7.42,2026-10-09
MAFANG,EQ,285.0,292.37,269.0,287.07,280.37,1284131,3624.26,2026-10-09
MAFATIND,EQ,113.97,113.97,107.98,110.71,111.07,45438,50.08,2026-10-09
MAGADSUGAR,EQ,550.6,553.95,534.6,538.9,544.65,19902,107.88,2026-10-09
MAGNUM,EQ,17.82,18.19,17.6,17.61,17.82,11070,1.95,2026-10-09
MAHABANK,EQ,82.7,84.13,81.88,83.16,82.05,10807572,8972.61,2026-10-09
MAHAPEXLTD,EQ,51.77,52.85,50.12,51.61,50.77,1508,0.78,2026-10-09
MAHEPC,EQ,99.19,99.59,97.0,97.86,98.16,12752,12.51,2026-10-09
MAHESHWARI,EQ,70.72,71.9,68.52,71.1,70.72,9267,6.49,2026-10-09
MAHKTECH,EQ,23.19,23.19,22.2,22.38,22.63,695887,157.83,2026-10-09
MAHLIFE,EQ,341.1,350.7,335.7,349.1,342.1,544305,1864.38,2026-10-09
MAHLOG,EQ,394.9,404.35,391.0,400.35,395.4,125071,499.3,2026-10-09
MAHSCOOTER,EQ,12000.0,12276.0,11951.0,12155.0,12048.0,3114,376.91,2026-10-09
MAHSEAMLES,EQ,645.3,648.95,615.25,618.1,644.25,407344,2549.3,2026-10-09
MAITHANALL,EQ,886.0,898.1,875.0,879.25,887.55,46024,407.92,2026-10-09
MAKEINDIA,EQ,152.41,152.67,150.08,152.11,151.43,23161,35.18,2026-10-09
MAKERSL,EQ,179.5,180.5,177.0,177.07,179.5,2971,5.34,2026-10-09
MALLCOM,EQ,887.0,918.55,885.05,900.95,900.85,577,5.19,2026-10-09
MALUPAPER,EQ,30.98,31.28,30.65,31.0,30.68,4155,1.28,2026-10-09
MAMATA,EQ,388.9,393.0,382.95,390.2,385.7,29794,115.77,2026-10-09
MANAKALUCO,EQ,32.0,32.0,31.02,31.88,31.22,30259,9.58,2026-10-09
MANAKCOAT,EQ,126.33,129.0,125.0,127.53,126.33,228621,290.85,2026-10-09
MANAKSIA,EQ,57.69,58.0,56.63,57.36,56.82,24298,13.95,2026-10-09
MANALIPETC,EQ,86.0,87.87,85.1,85.87,85.88,1584998,1370.31,2026-10-09
MANAPPURAM,EQ,305.95,315.25,305.5,314.8,304.15,4766370,14860.5,2026-10-09
MANBA,EQ,150.0,150.79,140.8,141.56,146.82,160279,230.48,2026-10-09
MANCREDIT,EQ,223.5,229.7,221.76,227.2,223.63,12164,27.35,2026-10-09
MANGALAM,EQ,31.66,34.62,30.5,31.06,31.48,181357,59.16,2026-10-09
MANGLMCEM,EQ,951.0,956.8,935.25,954.3,950.8,36238,344.06,2026-10-09
MANIKA,EQ,57.8,57.8,50.66,54.21,55.46,2251163,1203.2,2026-10-09
MANINDS,EQ,860.4,891.5,852.9,867.9,857.85,377286,3303.27,2026-10-09
MANINFRA,EQ,117.5,119.3,116.51,117.16,117.74,1485860,1750.44,2026-10-09
MANIPALHOS,EQ,683.45,716.0,683.45,701.3,684.05,1391905,9758.52,2026-10-09
MANKIND,EQ,2380.0,2389.8,2342.0,2368.5,2380.0,306899,7272.84,2026-10-09
MANOMAY,EQ,237.0,240.18,230.0,239.33,232.54,372117,878.28,2026-10-09
MANORAMA,EQ,1999.2,2050.0,1969.6,2043.4,1998.5,186151,3763.11,2026-10-09
MANORG,EQ,432.0,435.0,423.45,430.7,427.25,4090,17.47,2026-10-09
MANUFGBEES,EQ,149.5,150.93,148.2,150.23,149.43,16404,24.54,2026-10-09
MANYAVAR,EQ,491.0,504.0,483.8,500.75,489.9,127741,632.8,2026-10-09
MAPMYINDIA,EQ,872.0,890.95,856.2,873.1,874.7,87144,759.93,2026-10-09
MARALOVER,EQ,57.02,59.5,56.12,57.27,56.41,4936,2.87,2026-10-09
MARATHON,EQ,364.25,365.5,352.7,353.65,361.2,41797,148.61,2026-10-09
MARICO,EQ,781.1,791.2,781.1,786.15,777.25,933937,7349.86,2026-10-09
MARINE,EQ,455.05,463.0,451.0,455.65,452.6,806212,3675.58,2026-10-09
MARKOLINES,EQ,166.01,170.68,163.5,169.24,164.44,169615,286.74,2026-10-09
MARKSANS,EQ,308.5,316.4,308.0,309.1,307.8,1140146,3549.77,2026-10-09
MARSONS,EQ,127.51,136.5,127.51,131.11,126.79,8400475,11140.55,2026-10-09
MARUTI,EQ,11291.0,11455.0,11247.0,11420.0,11228.0,353177,40236.82,2026-10-09
MASFIN,EQ,262.95,268.0,261.7,266.7,262.95,63479,168.89,2026-10-09
MASPTOP50,EQ,114.46,116.0,112.79,115.11,111.67,958323,1101.82,2026-10-09
MASTEK,EQ,1656.2,1732.0,1656.2,1679.9,1651.2,196011,3329.12,2026-10-09
MASTERTR,EQ,82.82,85.59,81.74,82.52,81.6,648176,539.56,2026-10-09
MATRIMONY,EQ,510.0,533.2,510.0,528.75,517.8,12146,63.74,2026-10-09
MAWANASUG,EQ,146.97,150.9,145.06,146.44,145.11,173010,254.31,2026-10-09
MAXESTATES,EQ,535.65,535.65,526.1,529.55,531.75,33339,176.45,2026-10-09
MAXHEALTH,EQ,896.8,917.05,879.2,883.8,873.4,5377260,48095.41,2026-10-09
MAXIND,EQ,158.0,160.09,153.0,154.73,158.42,30083,46.77,2026-10-09
MAYURUNIQ,EQ,750.3,795.0,745.2,788.4,749.9,232886,1809.91,2026-10-09
MAZDOCK,EQ,2024.0,2024.0,1987.7,2010.0,1990.0,883444,17700.08,2026-10-09
MBAPL,EQ,164.15,166.37,160.9,165.32,163.42,424263,697.2,2026-10-09
MBEL,EQ,266.9,269.72,261.77,266.61,265.56,271509,722.48,2026-10-09
MBLINFRA,EQ,23.6,24.78,22.16,23.67,23.88,56217,13.23,2026-10-09
MCCHRLS-B,EQ,676.0,686.95,665.0,677.95,675.15,80,0.54,2026-10-09
MCL,EQ,54.83,55.92,53.0,53.95,53.75,38830,21.0,2026-10-09
MCLEODRUSS,EQ,41.6,41.99,40.1,41.23,40.63,163973,67.17,2026-10-09
MCLOUD,EQ,24.29,24.76,24.13,24.5,24.3,1351617,332.93,2026-10-09
MCX,EQ,3265.0,3342.0,3221.0,3318.2,3255.6,1632264,54010.96,2026-10-09
MEDANTA,EQ,1290.0,1322.6,1288.8,1312.7,1276.5,235514,3082.74,2026-10-09
MEDIASSIST,EQ,295.2,304.85,294.05,301.15,295.2,96232,288.06,2026-10-09
MEDICO,EQ,22.2,23.15,21.0,22.8,21.83,309864,68.67,2026-10-09
MEDPLUS,EQ,631.9,631.9,619.1,625.3,631.9,109815,686.46,2026-10-09
MEESHO,EQ,232.5,233.71,224.31,232.74,232.19,6032710,13883.66,2026-10-09
MEGASTAR,EQ,292.31,304.98,290.01,292.53,292.31,17182,50.55,2026-10-09
MEIL,EQ,266.2,311.5,258.05,277.25,266.2,2270327,6701.3,2026-10-09
MENONBE,EQ,287.2,293.85,280.15,289.15,287.1,65337,186.61,2026-10-09
MERCANTILE,EQ,20.71,21.98,20.13,21.0,20.7,1605,0.33,2026-10-09
MERCURYEV,EQ,36.0,37.49,36.0,36.97,36.48,184506,68.04,2026-10-09
METAL,EQ,12.32,12.32,11.96,12.12,12.02,1446902,175.11,2026-10-09
METALIETF,EQ,12.09,12.12,11.92,12.08,12.09,5727492,689.74,2026-10-09
METROBRAND,EQ,846.15,870.0,834.55,864.65,840.65,30100,257.93,2026-10-09
METROGLOBL,EQ,126.28,128.5,120.01,125.87,126.28,552,0.67,2026-10-09
METROPOLIS,EQ,525.85,532.5,516.0,529.25,525.85,108778,572.82,2026-10-09
MFML,EQ,18.37,19.2,18.35,18.35,18.3,1115,0.21,2026-10-09
MFSL,EQ,1316.0,1332.2,1301.0,1309.7,1322.4,809621,10672.8,2026-10-09
MGEL,EQ,15.9,15.98,15.71,15.81,15.9,122983,19.46,2026-10-09
MGL,EQ,1046.0,1052.0,1032.5,1042.8,1043.9,137813,1438.48,2026-10-09
MHRIL,EQ,187.23,189.0,184.91,188.02,187.23,138037,257.47,2026-10-09
MID150,EQ,22.04,22.04,21.73,21.94,22.04,93760,20.55,2026-10-09
MID150BEES,EQ,222.0,224.0,220.51,223.72,221.17,697160,1554.06,2026-10-09
MID150CASE,EQ,10.84,10.91,10.74,10.88,10.75,1262277,136.8,2026-10-09
MIDBANKADD,EQ,16.08,16.39,16.07,16.39,16.07,11648,1.88,2026-10-09
MIDCAP,EQ,17.39,17.39,16.9,17.18,16.97,379272,64.83,2026-10-09
MIDCAPADD,EQ,21.95,22.0,21.4,21.79,21.52,97817,21.1,2026-10-09
MIDCAPBETA,EQ,218.14,220.0,216.09,216.83,219.23,907,1.97,2026-10-09
MIDCAPETF,EQ,22.37,22.37,21.79,22.09,21.83,1865104,410.23,2026-10-09
MIDCAPIETF,EQ,22.16,22.45,22.07,22.4,22.11,604630,134.74,2026-10-09
MIDHANI,EQ,443.6,448.45,434.1,440.5,442.55,496242,2189.55,2026-10-09
MIDQ50ADD,EQ,23.38,25.67,23.24,23.51,23.38,19363,4.54,2026-10-09
MIDSELIETF,EQ,18.2,18.48,18.12,18.32,18.1,291419,53.42,2026-10-09
MIDSMALL,EQ,49.39,49.84,48.93,49.59,49.11,146354,72.37,2026-10-09
MIDWESTLTD,EQ,1010.0,1019.0,977.05,990.05,989.8,32740,325.51,2026-10-09
MIIL,EQ,676.0,677.95,663.75,666.55,670.85,47709,318.26,2026-10-09
MINDACORP,EQ,635.05,643.45,630.6,636.3,635.15,153138,977.58,2026-10-09
MINDTECK,EQ,136.4,142.0,135.41,139.37,135.08,31466,43.58,2026-10-09
MIRZAINT,EQ,27.46,27.92,27.11,27.27,27.44,43176,11.86,2026-10-09
MITCON,EQ,77.84,77.84,73.15,75.52,77.85,8108,6.11,2026-10-09
MITTAL,EQ,0.69,0.72,0.67,0.7,0.69,1378808,9.56,2026-10-09
MKEXIM,EQ,57.75,60.18,56.56,57.81,57.76,10950,6.4,2026-10-09
MKPL,EQ,3.98,4.03,3.88,3.97,3.92,84090,3.33,2026-10-09
MLKFOOD,EQ,85.15,87.95,84.91,87.16,85.15,4342,3.73,2026-10-09
MMFL,EQ,550.0,560.25,542.5,552.15,553.7,46393,255.53,2026-10-09
MMP,EQ,492.85,509.0,480.0,501.35,483.25,101936,505.06,2026-10-09
MMTC,EQ,55.49,55.79,53.95,54.87,54.27,949224,520.61,2026-10-09
MMWL,EQ,19.99,21.6,17.81,21.04,19.77,5052991,1066.83,2026-10-09
MNC,EQ,30.95,30.95,30.3,30.68,30.45,34434,10.53,2026-10-09
MOALPHA50,EQ,53.59,54.92,53.59,54.79,53.59,7558,4.12,2026-10-09
MOBANK10,EQ,16.28,16.42,16.28,16.42,16.15,1586,0.26,2026-10-09
MOBIKWIK,EQ,243.1,263.95,241.25,245.49,244.52,28401891,72621.07,2026-10-09
MOCAPITAL,EQ,52.02,52.48,51.42,52.07,52.02,516203,268.76,2026-10-09
MODEFENCE,EQ,99.37,99.5,97.56,98.83,98.39,1202234,1183.79,2026-10-09
MODINATUR,EQ,294.3,344.75,287.2,315.75,288.65,38882,123.95,2026-10-09
MODIRUBBER,EQ,117.0,120.0,117.0,118.07,118.67,1307,1.54,2026-10-09
MODIS,EQ,376.15,404.95,375.8,398.05,375.25,120637,474.2,2026-10-09
MODTHREAD,EQ,46.2,48.9,45.16,48.72,46.2,3110,1.48,2026-10-09
MOENERGY,EQ,36.1,36.38,35.55,36.05,35.98,68800,24.74,2026-10-09
MOGOLD,EQ,144.65,147.2,144.65,146.45,144.6,29420,43.04,2026-10-09
MOGSEC,EQ,64.77,65.0,64.35,64.84,64.77,1294,0.83,2026-10-09
MOHEALTH,EQ,49.36,49.98,48.37,49.67,49.36,70513,34.94,2026-10-09
MOHITE,EQ,2.42,2.48,2.42,2.46,2.45,11618,0.29,2026-10-09
MOHITIND,EQ,22.49,23.5,21.61,22.99,22.01,10018,2.26,2026-10-09
MOIL,EQ,231.0,235.7,229.0,234.96,229.58,383956,897.47,2026-10-09
MOINFRA,EQ,54.85,55.27,54.72,55.1,54.59,4261,2.35,2026-10-09
MOIPO,EQ,45.4,46.45,45.35,46.1,45.34,1422,0.65,2026-10-09
MOKSH,EQ,9.39,9.39,8.83,8.89,9.17,209611,18.8,2026-10-09
MOL,EQ,58.13,59.2,56.9,58.41,57.74,433570,252.57,2026-10-09
MOLBIO,EQ,1481.2,1488.9,1427.1,1438.6,1479.2,779885,11349.01,2026-10-09
MOLDTKPAC,EQ,328.45,329.95,317.7,326.35,652.1,100970,327.78,2026-10-09
MOLOWVOL,EQ,33.84,35.0,33.51,33.72,33.27,5972,2.02,2026-10-09
MOM100,EQ,62.74,64.3,62.53,63.65,62.74,324497,205.38,2026-10-09
MOM30IETF,EQ,30.17,30.17,29.26,29.64,29.44,748938,221.99,2026-10-09
MOM50,EQ,233.78,237.05,233.73,235.34,231.28,7026,16.59,2026-10-09
MOMENTUM,EQ,29.32,29.79,28.91,29.61,29.32,16113,4.74,2026-10-09
MOMENTUM30,EQ,28.95,29.94,28.75,29.62,28.99,640180,186.86,2026-10-09
MOMENTUM50,EQ,51.79,52.4,51.2,51.99,51.71,705839,365.85,2026-10-09
MOMETAL,EQ,12.07,12.3,11.87,12.05,12.08,36175,4.35,2026-10-09
MOMGF,EQ,149.22,149.94,147.98,149.84,149.22,1554,2.32,2026-10-09
MOMIDMTM,EQ,60.9,61.78,60.5,61.37,60.95,29656,18.13,2026-10-09
MOMMIDCAP,EQ,12.24,12.45,12.15,12.38,12.24,497431,61.44,2026-10-09
MOMNC,EQ,29.65,29.85,29.5,29.82,29.51,1464,0.43,2026-10-09
MOMOMENTUM,EQ,58.66,59.6,58.07,59.28,58.67,37347,21.99,2026-10-09
MOMSBELIEF,EQ,218.1,228.5,214.03,215.56,218.49,323552,703.61,2026-10-09
MON100,EQ,325.15,328.5,320.5,324.48,325.15,783564,2539.02,2026-10-09
MON50EQUAL,EQ,31.31,31.31,30.56,31.09,30.7,2319,0.72,2026-10-09
MONARCH,EQ,328.0,339.75,328.0,337.05,330.05,25271,84.86,2026-10-09
MONEXT50,EQ,67.94,68.5,67.88,68.29,67.27,1525,1.04,2026-10-09
MONEYVIEW,EQ,57.0,63.5,55.71,62.39,57.89,450972326,273122.92,2026-10-09
MONIFTY100,EQ,23.97,23.97,23.55,23.7,23.63,4029,0.95,2026-10-09
MONIFTY500,EQ,22.1,22.43,22.0,22.34,22.1,1189075,265.31,2026-10-09
MONQ50,EQ,249.82,262.77,243.05,252.03,243.73,1467931,3728.85,2026-10-09
MONTECARLO,EQ,518.05,521.0,509.65,511.55,514.7,26313,135.12,2026-10-09
MOOILGAS,EQ,10.67,10.67,10.34,10.37,10.46,14251,1.48,2026-10-09
MOPSE,EQ,92.12,92.98,92.0,92.98,92.12,89,0.08,2026-10-09
MOQUALITY,EQ,184.48,187.33,184.43,187.31,182.84,4974,9.22,2026-10-09
MOREALTY,EQ,81.12,81.26,79.9,80.32,80.26,217203,174.9,2026-10-09
MOREPENLAB,EQ,138.5,141.96,127.14,129.55,136.55,17770995,23672.89,2026-10-09
MOSCHIP,EQ,187.87,191.74,186.91,189.1,186.71,787186,1492.62,2026-10-09
MOSERVICE,EQ,29.1,29.43,29.1,29.43,28.74,567,0.17,2026-10-09
MOSILVER,EQ,216.2,217.28,215.91,216.25,213.07,35797,77.45,2026-10-09
MOSMALL250,EQ,18.01,18.01,17.44,17.63,17.58,592526,104.45,2026-10-09
MOTHERSON,EQ,154.0,154.94,151.37,153.0,153.08,8648185,13213.86,2026-10-09
MOTILALOFS,EQ,1014.0,1038.1,1000.8,1026.0,1014.3,828221,8452.47,2026-10-09
MOTISONS,EQ,17.7,18.45,17.56,18.06,17.57,48499457,8734.25,2026-10-09
MOTOGENFIN,EQ,25.69,25.99,25.28,25.98,25.21,265,0.07,2026-10-09
MOTOUR,EQ,73.82,74.56,73.6,74.43,73.82,4740,3.52,2026-10-09
MOVALUE,EQ,105.65,106.0,104.4,105.76,104.61,45845,48.36,2026-10-09
MPHASIS,EQ,2323.5,2393.0,2321.0,2360.0,2303.4,753747,17850.78,2026-10-09
MPIMANIPAL,EQ,364.0,369.95,357.0,362.0,361.8,378692,1377.7,2026-10-09
MPSLTD,EQ,2550.0,2551.2,2370.1,2473.2,2573.8,45473,1116.83,2026-10-09
MRF,EQ,122900.0,122980.0,121870.0,122090.0,122465.0,2594,3169.47,2026-10-09
MRPL,EQ,175.11,176.19,170.88,172.13,173.85,5646953,9751.23,2026-10-09
MSCI360,EQ,9.33,9.7,9.33,9.43,9.37,2927,0.27,2026-10-09
MSCIADD,EQ,27.49,27.68,27.49,27.63,27.32,30,0.01,2026-10-09
MSCIINDIA,EQ,27.78,28.0,27.71,27.77,27.6,13243,3.68,2026-10-09
MSL,EQ,139.39,155.29,135.0,136.67,136.69,1217,1.75,2026-10-09
MSPL,EQ,30.19,30.6,29.48,30.34,30.19,594965,179.02,2026-10-09
MSTCLTD,EQ,668.45,682.8,654.0,672.0,668.4,184897,1236.47,2026-10-09
MSUMI,EQ,32.97,33.71,32.91,33.55,32.97,3280032,1094.13,2026-10-09
MTNL,EQ,22.88,23.19,22.71,22.91,22.81,656968,150.4,2026-10-09
MUFIN,EQ,133.0,134.98,130.01,130.42,133.08,455974,601.47,2026-10-09
MUFTI,EQ,69.7,69.7,67.42,68.61,68.26,50664,34.57,2026-10-09
MUKANDLTD,EQ,175.0,178.06,173.5,175.99,174.29,284601,501.25,2026-10-09
MUKESHB,EQ,123.0,123.0,123.0,123.0,123.0,8,0.01,2026-10-09
MUKTAARTS,EQ,56.4,58.08,53.51,54.36,57.0,1327,0.73,2026-10-09
MULTICAP,EQ,15.68,15.84,15.61,15.77,15.61,98057,15.45,2026-10-09
MUNJALAU,EQ,103.39,103.39,100.33,101.32,101.51,165219,168.49,2026-10-09
MUNJALSHOW,EQ,121.79,122.99,119.29,121.31,120.7,28558,34.59,2026-10-09
MURUDCERA,EQ,27.1,28.0,27.1,27.53,27.04,9602,2.65,2026-10-09
MUTHOOTCAP,EQ,205.0,214.18,205.0,209.49,207.66,5713,12.0,2026-10-09
MUTHOOTFIN,EQ,2585.0,2659.9,2584.9,2624.7,2559.6,701715,18425.76,2026-10-09
MUTHOOTMF,EQ,169.34,170.85,166.91,168.46,168.21,142667,241.36,2026-10-09
MVELECTRO,EQ,877.95,905.0,851.5,888.6,879.25,2250329,19894.22,2026-10-09
MVGJL,EQ,209.7,213.76,203.85,207.87,208.29,197543,410.69,2026-10-09
MWL,EQ,40.5,41.89,39.79,41.56,40.76,288363,118.24,2026-10-09
NACLIND,EQ,129.96,131.38,128.0,129.11,129.1,221054,286.16,2026-10-09
NAGREEKCAP,EQ,26.5,28.25,26.5,27.79,27.26,7,0.0,2026-10-09
NAGREEKEXP,EQ,20.81,21.69,20.8,21.03,21.3,6471,1.36,2026-10-09
NAHARCAP,EQ,231.79,237.15,227.84,231.39,230.64,1230,2.83,2026-10-09
NAHARINDUS,EQ,126.36,129.75,126.21,127.29,125.25,10162,12.94,2026-10-09
NAHARPOLY,EQ,224.96,225.38,220.1,222.08,223.85,1858,4.12,2026-10-09
NAHARSPING,EQ,256.3,259.75,247.55,253.3,251.4,11339,28.68,2026-10-09
NAM-INDIA,EQ,1041.9,1052.3,1032.1,1045.0,1039.4,250897,2619.86,2026-10-09
NARMADA,EQ,11.05,11.49,11.01,11.13,11.15,191440,21.37,2026-10-09
NATCOPHARM,EQ,795.4,801.7,787.45,789.4,795.4,233109,1849.73,2026-10-09
NATHBIOGEN,EQ,136.0,138.3,134.99,137.79,136.1,2136,2.92,2026-10-09
NATIONALUM,EQ,314.1,317.95,309.9,315.9,313.1,2959217,9323.47,2026-10-09
NATIONSTD,EQ,105.42,106.88,100.4,105.26,104.9,5435,5.61,2026-10-09
NAUKRI,EQ,1189.8,1235.0,1189.8,1219.0,1182.8,1672590,20372.07,2026-10-09
NAVA,EQ,544.65,554.0,539.0,549.1,544.5,218022,1193.1,2026-10-09
NAVINFLUOR,EQ,8465.0,8498.0,8310.0,8352.5,8417.5,43911,3678.81,2026-10-09
NAVKARCORP,EQ,83.85,85.14,83.02,84.58,83.33,200936,169.14,2026-10-09
NAVKARURB,EQ,0.89,0.89,0.86,0.87,0.87,186245,1.63,2026-10-09
NAVNETEDUL,EQ,121.9,122.59,120.87,121.15,121.66,28188,34.22,2026-10-09
NAZARA,EQ,376.3,381.25,374.0,377.65,376.0,1319027,4977.19,2026-10-09
NBCC,EQ,74.47,75.15,73.9,74.46,74.0,3708122,2763.85,2026-10-09
NBIFIN,EQ,1874.7,1874.7,1840.0,1843.0,1813.9,57,1.06,2026-10-09
NCC,EQ,125.0,127.74,122.36,125.06,119.93,17923816,22361.2,2026-10-09
NCLIND,EQ,160.5,166.0,160.5,165.42,160.54,39600,64.81,2026-10-09
NDGL,EQ,2356.0,2418.9,2302.1,2399.3,2324.0,158,3.73,2026-10-09
NDL,EQ,2.58,2.62,2.55,2.58,2.58,597686,15.4,2026-10-09
NDLVENTURE,EQ,117.6,123.68,117.0,119.74,117.51,5998,7.17,2026-10-09
NDRAUTO,EQ,679.8,688.0,668.0,682.35,677.65,12395,84.22,2026-10-09
NDTV,EQ,64.35,64.97,63.1,63.79,64.35,66846,42.69,2026-10-09
NEAGI,EQ,3250.0,3250.0,3250.0,3250.0,3194.6,3,0.1,2026-10-09
NECCLTD,EQ,18.69,19.9,17.93,19.43,18.31,213378,40.92,2026-10-09
NECLIFE,EQ,10.26,10.59,10.03,10.13,10.55,206786,21.09,2026-10-09
NELCAST,EQ,139.9,145.0,136.1,142.48,141.52,449004,633.59,2026-10-09
NELCO,EQ,870.0,877.9,841.6,853.35,865.0,201785,1727.07,2026-10-09
NEOGEN,EQ,2391.0,2464.0,2362.0,2378.2,2379.7,115494,2793.41,2026-10-09
NEPHROPLUS,EQ,629.8,631.15,608.0,616.4,626.95,229573,1413.1,2026-10-09
NESCO,EQ,1030.0,1045.0,1018.6,1038.5,1027.8,16937,174.46,2026-10-09
NESTLEIND,EQ,1321.2,1346.8,1314.3,1333.0,1319.0,1657324,22085.52,2026-10-09
NETF,EQ,243.99,246.29,243.5,246.0,242.25,3535,8.66,2026-10-09
NETWEB,EQ,4740.0,4834.9,4644.6,4721.6,4715.1,1003567,47484.44,2026-10-09
NETWORK18,EQ,24.5,24.93,24.4,24.69,24.39,2815614,696.2,2026-10-09
NEULANDLAB,EQ,21025.0,21395.0,20790.0,20890.0,21015.0,24573,5153.81,2026-10-09
NEWGEN,EQ,446.1,456.7,444.15,449.3,442.55,1046904,4709.18,2026-10-09
NEXT30ADD,EQ,39.22,39.59,39.22,39.58,39.03,1341,0.53,2026-10-09
NEXT50,EQ,699.38,706.76,696.36,704.61,699.37,27892,196.16,2026-10-09
NEXT50ADD,EQ,68.32,68.87,68.28,68.7,68.32,3234,2.22,2026-10-09
NEXT50BETA,EQ,73.63,74.13,72.73,73.8,73.27,148355,109.15,2026-10-09
NEXT50ETF,EQ,68.39,69.8,68.0,68.37,68.58,26722,18.32,2026-10-09
NEXT50IETF,EQ,73.24,73.24,71.25,72.1,71.46,828347,596.48,2026-10-09
NEXTMEDIA,EQ,3.42,3.55,3.42,3.54,3.49,7010,0.24,2026-10-09
NFL,EQ,61.34,62.06,61.16,61.74,61.34,500967,309.11,2026-10-09
NGIL,EQ,38.49,38.49,36.98,37.49,37.75,6892,2.58,2026-10-09
NGLFINE,EQ,3001.0,3029.9,2900.0,2925.0,2998.9,3060,89.9,2026-10-09
NH,EQ,1693.0,1746.3,1693.0,1719.5,1695.3,151191,2603.76,2026-10-09
NHPC,EQ,71.65,72.99,71.35,72.99,71.65,5018040,3624.97,2026-10-09
NIACL,EQ,159.0,163.97,159.0,162.23,158.14,2303810,3736.69,2026-10-09
NIBE,EQ,1231.0,1235.6,1207.5,1213.2,1224.7,35585,434.57,2026-10-09
NIBL,EQ,31.49,31.75,30.11,30.75,30.97,8420,2.6,2026-10-09
NICCOPAR,EQ,74.85,76.95,72.8,75.88,76.9,763,0.57,2026-10-09
NIF100BEES,EQ,248.29,257.98,247.6,250.36,247.39,27226,67.94,2026-10-09
NIF100IETF,EQ,26.26,26.44,26.0,26.39,26.01,64333,16.92,2026-10-09
NIF500BETA,EQ,35.08,38.13,35.0,37.24,34.68,2046,0.73,2026-10-09
NIFTY1,EQ,247.2,253.97,247.2,250.85,247.2,80336,200.85,2026-10-09
NIFTY100EW,EQ,31.86,33.48,31.86,32.78,32.51,37219,12.17,2026-10-09
NIFTYADD,EQ,237.02,238.38,234.85,238.33,234.67,2562,6.08,2026-10-09
NIFTYAXIS,EQ,251.65,251.65,246.88,250.11,246.72,112377,280.24,2026-10-09
NIFTYBEES,EQ,256.29,257.7,253.93,257.35,253.76,5570363,14290.99,2026-10-09
NIFTYBETA,EQ,249.82,252.99,246.0,251.27,247.32,65076,162.43,2026-10-09
NIFTYBETF,EQ,229.55,232.91,229.55,232.82,229.55,5911,13.67,2026-10-09
NIFTYCASE,EQ,9.18,9.18,8.96,9.06,8.96,818158,74.07,2026-10-09
NIFTYETF,EQ,248.17,248.17,242.26,245.75,242.12,189590,464.97,2026-10-09
NIFTYIETF,EQ,250.65,256.4,250.65,255.93,252.65,813429,2078.44,2026-10-09
NIFTYJBLK,EQ,11.65,11.69,11.43,11.61,11.43,106725,12.3,2026-10-09
NIFTYQLITY,EQ,19.65,20.3,19.65,19.9,19.53,83576,16.46,2026-10-09
NIITLTD,EQ,82.0,82.86,81.1,82.08,81.78,131545,107.75,2026-10-09
NIITMTS,EQ,201.6,202.0,195.02,200.98,200.01,70391,140.82,2026-10-09
NILAINFRA,EQ,6.48,6.68,6.33,6.59,6.47,99115,6.46,2026-10-09
NILASPACES,EQ,11.2,11.2,10.66,10.97,11.01,556510,61.26,2026-10-09
NILE,EQ,1215.0,1248.0,1206.0,1242.9,1216.4,1653,20.4,2026-10-09
NILKAMAL,EQ,1838.8,1846.9,1770.0,1776.0,1854.3,29605,533.02,2026-10-09
NIMBSPROJ,EQ,190.88,190.9,185.5,185.9,189.88,7140,13.27,2026-10-09
NINSYS,EQ,815.0,815.6,776.1,803.1,816.45,9918,78.71,2026-10-09
NIPPOBATRY,EQ,317.85,320.0,309.5,311.9,311.7,802,2.52,2026-10-09
NIRAJ,EQ,27.0,28.1,26.62,27.28,27.32,14765,4.12,2026-10-09
NIRLON,EQ,617.4,629.0,617.4,626.7,620.0,4928,30.91,2026-10-09
NITCO,EQ,78.9,80.02,77.0,77.63,78.9,586920,461.23,2026-10-09
NITINSPIN,EQ,600.8,612.3,591.4,608.8,596.4,70145,421.84,2026-10-09
NITIRAJ,EQ,207.79,209.91,199.03,209.9,203.69,574,1.18,2026-10-09
NITTAGELA,EQ,1623.0,1687.9,1623.0,1652.6,1652.2,584,9.66,2026-10-09
NIVABUPA,EQ,78.0,78.0,75.8,77.65,77.83,886715,682.68,2026-10-09
NKIND,EQ,58.09,59.89,57.1,57.85,57.0,42,0.02,2026-10-09
NLCINDIA,EQ,242.95,245.9,239.5,243.55,241.45,807888,1965.46,2026-10-09
NMDC,EQ,71.02,72.33,70.75,71.8,70.69,16569636,11900.8,2026-10-09
NOCIL,EQ,167.82,172.9,163.65,164.84,165.76,578858,962.75,2026-10-09
NOIDATOLL,EQ,4.02,4.02,3.83,3.85,3.83,76695,3.01,2026-10-09
NORBTEAEXP,EQ,62.8,68.0,59.32,64.18,61.99,4175,2.7,2026-10-09
NORTHARC,EQ,282.8,284.95,275.25,281.45,280.7,555038,1554.45,2026-10-09
NOVAAGRI,EQ,22.39,22.39,21.32,21.94,21.95,21310,4.65,2026-10-09
NOVARTIND,EQ,1997.6,2095.0,1943.1,2049.0,1987.7,49497,993.62,2026-10-09
NPBET,EQ,281.9,283.0,280.5,280.5,279.11,215,0.61,2026-10-09
NPST,EQ,1790.4,1806.8,1692.4,1752.2,1790.2,82674,1430.55,2026-10-09
NRAIL,EQ,652.05,662.1,625.35,636.15,651.15,17252,111.9,2026-10-09
NRBBEARING,EQ,512.0,528.65,502.0,524.95,510.2,352766,1831.08,2026-10-09
NSIL,EQ,5107.5,5130.0,5051.5,5093.5,5108.0,1173,59.84,2026-10-09
NSLNISP,EQ,39.1,39.85,38.86,39.23,39.1,2929880,1153.65,2026-10-09
NTCIND,EQ,137.69,137.69,127.0,128.72,135.03,4334,5.6,2026-10-09
NTPC,EQ,309.75,314.35,309.55,312.0,309.7,7374305,22985.76,2026-10-09
NTPCGREEN,EQ,90.8,93.4,90.06,92.6,90.8,3998223,3691.17,2026-10-09
NUCLEUS,EQ,619.8,642.95,614.0,639.75,619.8,25518,160.27,2026-10-09
NUVAMA,EQ,1740.0,1773.1,1710.3,1764.4,1737.4,254851,4423.62,2026-10-09
NUVOCO,EQ,321.35,325.35,315.5,317.1,321.9,233998,743.74,2026-10-09
NV20,EQ,13.07,13.17,13.04,13.14,12.99,35553,4.66,2026-10-09
NV20BEES,EQ,129.92,133.6,129.9,132.49,129.65,25939,34.07,2026-10-09
NV20IETF,EQ,12.63,12.85,12.63,12.81,12.63,513281,65.56,2026-10-09
NYKAA,EQ,333.0,344.65,333.0,343.0,332.3,5152542,17545.26,2026-10-09
OAL,EQ,515.85,528.9,510.0,518.0,512.0,18803,97.76,2026-10-09
OBCL,EQ,54.84,56.01,54.22,55.19,54.84,1977,1.09,2026-10-09
OBEROIRLTY,EQ,1680.0,1707.9,1668.9,1698.8,1663.3,361578,6106.91,2026-10-09
ODIGMA,EQ,20.66,21.0,20.52,20.71,20.67,5391,1.12,2026-10-09
ODYCORP,EQ,6.99,6.99,6.56,6.64,6.86,3743,0.25,2026-10-09
OFSS,EQ,10401.0,10646.0,10387.0,10510.0,10400.0,211500,22229.08,2026-10-09
OIL,EQ,444.0,448.15,441.45,443.5,447.0,625338,2776.24,2026-10-09
OILIETF,EQ,10.6,10.6,10.45,10.52,10.51,1662526,174.91,2026-10-09
OLAELEC,EQ,35.3,35.5,34.22,35.13,34.63,69338643,24164.96,2026-10-09
OLECTRA,EQ,1058.1,1060.9,1033.9,1044.8,1041.5,207282,2174.34,2026-10-09
OMAXAUTO,EQ,207.0,207.0,197.0,200.45,200.16,34313,68.6,2026-10-09
OMAXE,EQ,98.95,102.3,98.67,100.19,98.42,410279,412.54,2026-10-09
OMFREIGHT,EQ,108.6,110.5,104.43,107.46,106.72,65339,69.65,2026-10-09
OMINFRAL,EQ,71.34,71.34,68.07,69.59,68.86,43308,29.98,2026-10-09
OMNI,EQ,635.0,640.0,602.75,634.1,636.5,654815,4071.07,2026-10-09
OMPOWER,EQ,165.74,167.39,162.0,162.93,166.11,46918,76.76,2026-10-09
ONEGLOBAL,EQ,580.0,586.0,561.05,576.4,561.3,4657,26.52,2026-10-09
ONEPOINT,EQ,78.21,81.85,78.21,80.36,78.45,5768618,4647.36,2026-10-09
ONESOURCE,EQ,1479.0,1491.1,1438.2,1461.3,1478.2,194585,2840.86,2026-10-09
ONGC,EQ,220.0,222.19,218.91,221.27,219.8,8103203,17896.36,2026-10-09
ONIDA,EQ,29.69,29.94,28.42,28.79,29.5,237442,68.66,2026-10-09
ONIXSOLAR,EQ,357.05,386.6,352.65,380.15,371.2,298121,1091.93,2026-10-09
ONWARDTEC,EQ,295.5,311.4,293.4,307.0,294.6,117358,357.56,2026-10-09
OPTIEMUS,EQ,815.0,839.9,795.8,815.85,816.85,516472,4231.0,2026-10-09
OPTIFIN,EQ,14.01,14.45,13.91,14.17,14.29,21208,3.01,2026-10-09
ORBTEXP,EQ,235.0,261.0,233.0,246.05,235.75,7004,17.29,2026-10-09
ORCHASP,EQ,1.38,1.38,1.26,1.34,1.31,275516,3.6,2026-10-09
ORCHPHARMA,EQ,990.0,1001.75,961.55,983.95,981.2,75527,742.11,2026-10-09
ORICONENT,EQ,50.45,52.66,50.45,51.1,50.72,17050,8.81,2026-10-09
ORIENTALTL,EQ,4.83,4.86,4.6,4.76,4.79,41976,2.0,2026-10-09
ORIENTBELL,EQ,419.2,421.0,397.55,400.4,413.0,36042,146.45,2026-10-09
ORIENTCABL,EQ,394.55,396.9,376.0,380.8,386.85,1660667,6346.59,2026-10-09
ORIENTCEM,EQ,111.0,112.3,109.29,111.62,110.08,222825,247.02,2026-10-09
ORIENTCER,EQ,41.55,43.45,41.55,42.15,41.94,51930,22.05,2026-10-09
ORIENTELEC,EQ,162.48,166.77,160.91,164.77,162.95,220462,362.51,2026-10-09
ORIENTHOT,EQ,138.42,141.32,138.1,140.01,139.12,209210,293.99,2026-10-09
ORIENTPPR,EQ,15.8,15.94,15.6,15.8,15.73,54593,8.6,2026-10-09
ORIENTTECH,EQ,236.0,239.0,231.0,233.41,234.94,356331,833.68,2026-10-09
ORIRAIL,EQ,119.03,119.84,114.25,115.13,119.28,83984,97.8,2026-10-09
ORISSAMINE,EQ,3482.7,3570.0,3435.0,3530.0,3460.4,4723,165.43,2026-10-09
ORKLAINDIA,EQ,551.9,573.2,550.35,559.2,549.7,122628,692.82,2026-10-09
ORTINGLOBE,EQ,14.67,14.67,13.5,13.83,14.38,11036,1.58,2026-10-09
OSWALAGRO,EQ,31.63,32.2,31.33,31.69,31.96,10712,3.39,2026-10-09
OSWALGREEN,EQ,19.1,19.33,18.85,19.01,19.0,68509,13.0,2026-10-09
OSWALPUMPS,EQ,254.0,256.75,251.1,254.35,255.45,229795,584.72,2026-10-09
OSWALSEEDS,EQ,12.15,12.2,11.41,11.88,11.91,54908,6.5,2026-10-09
PACEDIGITK,EQ,168.0,171.56,163.72,165.13,161.85,2304433,3842.9,2026-10-09
PACIFICI,EQ,135.69,144.95,135.69,144.95,133.01,158,0.21,2026-10-09
PAGEIND,EQ,36645.0,37040.0,36455.0,36875.0,36450.0,11109,4079.26,2026-10-09
PAISALO,EQ,80.0,81.89,79.64,80.9,81.13,6056965,4889.03,2026-10-09
PAKKA,EQ,71.68,72.0,70.28,70.84,71.69,40751,28.88,2026-10-09
PALASHSECU,EQ,86.0,86.0,84.02,84.94,87.1,246,0.21,2026-10-09
PALREDTEC,EQ,39.55,43.3,39.25,42.02,41.25,6870,2.87,2026-10-09
PANACEABIO,EQ,345.05,350.9,338.25,345.25,344.5,58030,200.74,2026-10-09
PANAMAPET,EQ,501.45,502.5,485.35,495.9,501.3,194664,964.73,2026-10-09
PANCHMAHQ,EQ,276.7,276.7,269.0,271.9,269.0,8,0.02,2026-10-09
PANORAMA,EQ,64.02,64.88,57.07,61.62,63.65,784726,480.07,2026-10-09
PANSARI,EQ,266.95,273.95,255.0,257.15,266.95,988,2.59,2026-10-09
PARACABLES,EQ,55.69,57.0,54.59,55.85,55.05,970597,540.52,2026-10-09
PARADEEP,EQ,150.1,151.76,145.7,146.75,150.55,1593920,2365.82,2026-10-09
PARAGMILK,EQ,305.0,310.0,300.0,306.4,303.25,1113427,3389.27,2026-10-09
PARAS,EQ,1246.0,1281.7,1215.2,1267.9,1241.9,712791,8957.5,2026-10-09
PARASPETRO,EQ,2.02,2.06,2.01,2.02,2.02,24507,0.5,2026-10-09
PARIN,EQ,705.0,705.0,688.05,694.95,691.9,2617,18.19,2026-10-09
PARKHOSPS,EQ,262.15,272.95,262.15,270.8,260.85,634471,1696.43,2026-10-09
PARKHOTELS,EQ,101.82,103.4,99.41,102.61,101.16,109856,111.74,2026-10-09
PARNAXLAB,EQ,113.64,119.06,113.02,115.16,113.07,3073,3.53,2026-10-09
PASHUPATI,EQ,70.5,71.01,68.67,69.09,69.68,73742,51.36,2026-10-09
PASUPTAC,EQ,71.4,74.33,69.47,73.24,70.33,233296,169.11,2026-10-09
PATANJALI,EQ,354.8,360.45,353.75,360.45,355.0,1763630,6302.73,2026-10-09
PATELENG,EQ,25.09,25.37,24.6,24.98,24.88,1595243,399.66,2026-10-09
PATELRMART,EQ,231.2,240.77,230.01,238.28,229.61,277592,655.65,2026-10-09
PATINTLOG,EQ,12.75,13.18,12.75,12.97,12.9,12505,1.62,2026-10-09
PAUSHAKLTD,EQ,688.35,713.0,670.8,700.35,671.65,42559,296.97,2026-10-09
PAVNAIND,EQ,15.01,15.5,15.01,15.3,15.08,26781,4.12,2026-10-09
PAYTM,EQ,1638.0,1682.2,1627.8,1636.0,1641.5,4837555,79983.27,2026-10-09
PBMPOLY,EQ,58.61,60.0,51.01,56.08,60.24,752,0.43,2026-10-09
PCBL,EQ,320.8,323.75,311.0,312.4,319.25,746133,2351.99,2026-10-09
PCJEWELLER,EQ,14.21,15.0,13.96,14.81,13.9,895898449,130910.51,2026-10-09
PDMJEPAPER,EQ,91.4,93.78,90.0,92.2,92.37,165515,151.34,2026-10-09
PDSL,EQ,337.0,340.6,332.15,336.0,336.95,50295,169.42,2026-10-09
PEARLPOLY,EQ,17.28,17.28,16.5,16.63,17.09,11662,1.96,2026-10-09
PENIND,EQ,172.29,175.51,170.2,171.5,171.89,338504,583.45,2026-10-09
PENINLAND,EQ,14.99,15.0,14.32,14.5,14.6,85433,12.57,2026-10-09
PERMAGN,EQ,858.8,864.9,841.0,853.75,855.75,2916,24.72,2026-10-09
PERNIASPOP,EQ,528.55,530.4,520.0,521.65,528.55,14438,75.58,2026-10-09
PERSISTENT,EQ,5499.0,5789.0,5499.0,5770.0,5468.0,773886,43808.99,2026-10-09
PETRONET,EQ,289.85,295.45,289.15,291.5,288.5,2081631,6079.76,2026-10-09
PFC,EQ,324.2,330.0,323.55,327.8,323.7,4802235,15758.96,2026-10-09
PFIZER,EQ,3750.0,3817.4,3738.5,3808.2,3750.0,15805,597.97,2026-10-09
PFOCUS,EQ,272.85,273.9,257.65,261.1,271.95,4397059,11586.1,2026-10-09
PFS,EQ,26.4,26.79,26.06,26.6,26.39,424022,111.83,2026-10-09
PGEL,EQ,515.2,521.65,506.0,511.8,510.6,601541,3079.45,2026-10-09
PGHH,EQ,6857.0,6994.5,6801.0,6942.5,6857.0,7837,542.92,2026-10-09
PGHL,EQ,5156.0,5275.0,5115.0,5205.0,5156.5,7412,385.71,2026-10-09
PGIL,EQ,1278.1,1307.4,1262.9,1281.1,1272.3,56778,725.87,2026-10-09
PHARMABEES,EQ,26.03,26.8,26.0,26.72,26.56,5096033,1358.07,2026-10-09
PHOENIXLTD,EQ,1789.1,1822.0,1784.2,1813.1,1771.2,674943,12225.43,2026-10-09
PHOENXINTL,EQ,28.39,28.39,27.8,27.87,27.84,381,0.11,2026-10-09
PICCADIL,EQ,572.0,587.1,568.0,580.7,573.1,90859,525.38,2026-10-09
PIDILITIND,EQ,1466.4,1488.9,1466.1,1482.0,1460.1,312874,4626.7,2026-10-09
PIGL,EQ,96.19,96.22,93.0,94.15,96.22,31251,29.43,2026-10-09
PIIND,EQ,2120.0,2143.5,2106.0,2118.2,2100.0,119140,2528.88,2026-10-09
PILANIINVS,EQ,3998.0,3998.0,3916.1,3937.7,3948.5,1163,45.92,2026-10-09
PILITA,EQ,7.7,7.7,7.25,7.35,7.34,14878,1.09,2026-10-09
PINELABS,EQ,170.71,171.0,161.62,163.07,169.79,20233695,33490.53,2026-10-09
PIONEEREMB,EQ,20.99,21.0,20.22,20.43,20.55,2640,0.54,2026-10-09
PIRAMALFIN,EQ,1961.0,1980.0,1921.0,1971.2,1956.4,207851,4048.19,2026-10-09
PITTIENG,EQ,1066.1,1079.9,990.0,1023.6,1066.1,192571,1968.22,2026-10-09
PIXTRANS,EQ,1753.5,1784.5,1728.0,1753.3,1755.1,10787,188.63,2026-10-09
PLASTIBLEN,EQ,203.5,208.0,200.01,201.79,199.47,156929,318.65,2026-10-09
PLATIND,EQ,196.4,199.5,193.01,198.44,195.17,44532,87.64,2026-10-09
PLAZACABLE,EQ,56.59,59.47,55.88,58.36,56.46,46371,26.93,2026-10-09
PML,EQ,462.55,504.75,460.25,481.75,453.5,404,1.98,2026-10-09
PNB,EQ,115.5,117.95,114.9,116.98,115.29,12666514,14792.99,2026-10-09
PNBGILTS,EQ,68.4,71.7,67.71,70.44,68.39,461418,323.86,2026-10-09
PNBHOUSING,EQ,1155.0,1174.6,1152.5,1158.0,1150.0,833012,9675.57,2026-10-09
PNC,EQ,16.76,17.4,16.0,16.27,16.76,6020,0.99,2026-10-09
PNCINFRA,EQ,134.9,136.6,132.8,134.74,134.49,415367,560.85,2026-10-09
PNGJL,EQ,609.9,614.9,578.3,599.95,586.3,2477382,14727.33,2026-10-09
PNGSREVA,EQ,680.0,720.95,663.9,687.75,701.95,2860095,19767.1,2026-10-09
POCL,EQ,434.95,444.6,427.05,441.2,432.4,175594,766.8,2026-10-09
PODDARMENT,EQ,254.7,258.35,250.5,255.6,250.2,5536,14.13,2026-10-09
POEL,EQ,128.25,130.75,123.75,124.85,128.25,23794,29.85,2026-10-09
POKARNA,EQ,686.8,697.0,675.15,687.05,678.25,81383,559.41,2026-10-09
POLICYBZR,EQ,993.0,1026.9,992.9,1012.0,996.0,1914977,19452.87,2026-10-09
POLYCAB,EQ,8161.0,8295.5,8060.0,8255.0,8151.0,335752,27575.57,2026-10-09
POLYMED,EQ,1596.0,1617.6,1545.6,1587.1,1605.2,87914,1393.21,2026-10-09
POLYPLEX,EQ,1005.0,1014.9,990.0,1001.3,998.9,38546,385.58,2026-10-09
POLYSPIN,EQ,29.11,29.64,27.57,28.73,29.96,2620,0.74,2026-10-09
PONNIERODE,EQ,350.2,353.45,343.5,345.6,348.35,23639,81.96,2026-10-09
POONAWALLA,EQ,441.9,450.9,436.9,447.3,437.9,1356186,6033.71,2026-10-09
POWERGRID,EQ,246.15,251.1,246.15,249.15,244.65,11518140,28804.52,2026-10-09
POWERICA,EQ,580.6,594.0,560.05,585.45,585.0,165565,957.36,2026-10-09
POWERINDIA,EQ,30850.0,31025.0,29955.0,30605.0,30935.0,110554,33733.1,2026-10-09
POWERMECH,EQ,2434.4,2460.1,2391.1,2419.0,2445.9,33389,808.14,2026-10-09
PPL,EQ,241.55,259.8,241.55,249.2,243.65,67297,169.44,2026-10-09
PPLPHARMA,EQ,197.0,199.0,194.02,196.88,196.43,1396417,2749.96,2026-10-09
PRABHA,EQ,210.01,219.8,210.0,219.22,212.31,102770,221.47,2026-10-09
PRADPME,EQ,598.75,645.0,587.8,635.35,587.75,115635,729.83,2026-10-09
PRAENG,EQ,18.48,20.05,18.25,19.74,18.17,127938,24.42,2026-10-09
PRAJIND,EQ,290.1,293.45,284.65,285.8,289.75,422712,1214.02,2026-10-09
PRAKASH,EQ,115.23,121.6,115.03,118.7,115.31,481603,572.18,2026-10-09
PRAKASHSTL,EQ,3.41,3.55,3.36,3.5,3.41,101237,3.51,2026-10-09
PRANAV,EQ,96.8,100.93,95.34,98.4,95.73,5610906,5505.44,2026-10-09
PRASOLCHEM,EQ,886.0,933.1,841.05,847.5,878.2,590320,5222.93,2026-10-09
PRAVEG,EQ,233.74,238.23,232.32,235.95,233.64,10062,23.69,2026-10-09
PRAXIS,EQ,4.65,4.65,3.93,3.98,4.36,425847,17.47,2026-10-09
PRECAM,EQ,109.41,113.76,108.96,111.2,109.92,103148,114.39,2026-10-09
PRECOT,EQ,590.65,598.9,580.0,589.95,590.65,6136,36.2,2026-10-09
PRECWIRE,EQ,494.0,502.2,479.3,482.7,493.15,324124,1581.64,2026-10-09
PREMCO,EQ,395.0,395.0,386.0,386.9,395.65,545,2.12,2026-10-09
PREMEXPLN,EQ,689.05,692.0,686.1,687.05,689.05,106402,731.43,2026-10-09
PREMIERENE,EQ,889.1,903.45,882.1,895.35,884.65,501749,4477.0,2026-10-09
PREMIERPOL,EQ,99.25,104.0,95.0,102.85,98.25,656892,657.03,2026-10-09
PRESTIGE,EQ,1413.1,1426.5,1402.3,1406.8,1411.0,230713,3263.1,2026-10-09
PRICOLLTD,EQ,650.0,675.0,636.25,670.85,650.1,599330,3929.23,2026-10-09
PRIMESECU,EQ,298.65,301.9,292.1,299.45,296.5,43248,128.52,2026-10-09
PRIMO,EQ,24.76,26.8,24.51,26.3,24.58,310931,80.13,2026-10-09
PRINCEPIPE,EQ,249.25,252.95,246.95,248.95,249.25,94203,234.43,2026-10-09
PRIORITY,EQ,313.0,327.0,303.5,325.55,310.05,601565,1926.2,2026-10-09
PRISMX,EQ,0.5,0.52,0.49,0.5,0.49,219198,1.11,2026-10-09
PRITI,EQ,32.3,32.3,30.75,31.28,31.66,3335,1.05,2026-10-09
PRITIKAUTO,EQ,15.6,16.37,15.13,15.86,15.41,172383,26.91,2026-10-09
PRIVISCL,EQ,3447.2,3467.6,3360.0,3424.1,3446.3,56809,1949.2,2026-10-09
PROSTARM,EQ,128.3,129.33,124.71,127.46,126.46,154525,196.23,2026-10-09
PROTEAN,EQ,638.7,656.8,637.3,640.65,638.7,284551,1842.18,2026-10-09
PROZONER,EQ,52.75,54.5,52.5,53.62,52.5,230990,123.58,2026-10-09
PRSMJOHNSN,EQ,97.2,98.32,94.68,97.47,96.87,233089,225.67,2026-10-09
PRUDENT,EQ,3241.1,3274.1,3147.0,3254.7,3210.6,27536,892.93,2026-10-09
PRUDMOULI,EQ,14.0,15.0,13.06,14.72,13.9,28422,4.02,2026-10-09
PSB,EQ,20.93,21.09,20.64,21.01,20.8,838209,175.56,2026-10-09
PSPPROJECT,EQ,753.4,764.5,739.4,747.45,747.45,93455,700.98,2026-10-09
PSUBANK,EQ,80.39,81.52,80.07,81.02,80.39,336784,273.01,2026-10-09
PSUBANKADD,EQ,81.5,82.32,80.92,81.97,81.16,16481,13.52,2026-10-09
PSUBNKBEES,EQ,90.69,91.06,89.23,90.76,89.31,1934490,1752.44,2026-10-09
PSUBNKIETF,EQ,79.47,82.56,79.47,82.14,81.1,113099,92.87,2026-10-09
PTC,EQ,149.01,149.55,146.5,148.0,148.57,1098100,1621.42,2026-10-09
PTCIL,EQ,24470.0,24900.0,24200.0,24535.0,24470.0,28898,7080.14,2026-10-09
PTL,EQ,37.99,38.99,37.76,38.34,37.79,78762,30.15,2026-10-09
PUNJABCHEM,EQ,1010.2,1031.7,983.1,1009.4,1026.0,8258,82.79,2026-10-09
PURVA,EQ,202.41,209.9,201.72,207.26,202.39,93813,193.65,2026-10-09
PVP,EQ,50.65,52.76,50.46,50.97,50.25,1742501,906.96,2026-10-09
PVRINOX,EQ,1310.9,1340.2,1309.0,1327.2,1309.2,608467,8064.7,2026-10-09
PVSL,EQ,93.9,94.5,89.0,91.22,92.06,13283,12.09,2026-10-09
PVTBANIETF,EQ,27.18,27.7,27.18,27.62,27.18,1508848,416.15,2026-10-09
PVTBANK,EQ,27.22,27.43,27.22,27.36,26.96,657,0.18,2026-10-09
PVTBANKADD,EQ,27.6,27.85,27.4,27.74,27.35,28453,7.88,2026-10-09
PVTBKGROWW,EQ,27.38,27.49,26.66,27.29,26.98,22513,6.15,2026-10-09
PWL,EQ,140.31,144.9,135.05,143.69,140.48,14048838,19797.19,2026-10-09
PYRAMID,EQ,151.08,151.08,148.21,149.18,150.68,17903,26.76,2026-10-09
QGOLDHALF,EQ,122.03,123.26,122.03,123.0,121.22,80541,99.05,2026-10-09
QNIFTY,EQ,246.4,249.0,246.0,248.61,245.25,2930,7.27,2026-10-09
QPOWER,EQ,1543.9,1569.0,1480.1,1547.4,1532.2,261494,3990.43,2026-10-09
QUADFUTURE,EQ,508.0,524.7,502.0,511.25,505.75,533438,2740.76,2026-10-09
QUAL30IETF,EQ,19.5,19.73,19.43,19.65,19.28,46588,9.14,2026-10-09
QUALITY30,EQ,19.04,19.3,19.04,19.27,18.93,2148,0.41,2026-10-09
QUESS,EQ,322.9,326.4,316.25,321.35,320.75,132897,426.52,2026-10-09
QUICKHEAL,EQ,138.0,139.8,136.9,137.75,137.03,66134,91.23,2026-10-09
QUINTEGRA,EQ,1.69,1.69,1.69,1.69,1.61,18,0.0,2026-10-09
RACE,EQ,102.24,104.33,101.6,103.4,101.06,33746,34.71,2026-10-09
RACLGEAR,EQ,1500.1,1516.2,1439.1,1460.6,1502.0,56124,822.13,2026-10-09
RADAAN,EQ,2.88,2.92,2.8,2.89,2.82,13813,0.39,2026-10-09
RADIANTCMS,EQ,33.2,34.2,33.2,33.54,33.45,88751,29.84,2026-10-09
RADICO,EQ,4449.9,4579.0,4425.3,4550.0,4415.0,332390,15042.54,2026-10-09
RADIOCITY,EQ,5.79,5.86,5.65,5.72,5.71,11078,0.63,2026-10-09
RAILTEL,EQ,250.05,252.0,246.45,248.15,248.1,697569,1730.08,2026-10-09
RAIN,EQ,212.1,218.4,211.42,215.42,211.6,2288755,4933.08,2026-10-09
RAINBOW,EQ,1240.0,1260.0,1226.7,1250.2,1230.7,85099,1056.08,2026-10-09
RAJMET,EQ,3.08,3.12,3.06,3.08,3.06,191860,5.92,2026-10-09
RAJOOENG,EQ,60.02,60.99,57.5,59.45,59.92,939402,554.19,2026-10-09
RAJPALAYAM,EQ,715.0,729.0,711.1,720.0,721.0,285,2.05,2026-10-09
RAJRATAN,EQ,450.0,456.0,442.1,450.8,444.25,46369,209.06,2026-10-09
RAJSREESUG,EQ,27.75,27.83,27.01,27.5,27.26,48462,13.32,2026-10-09
RALLIS,EQ,196.07,198.65,193.4,198.06,195.76,351681,691.99,2026-10-09
RAMANEWS,EQ,28.31,30.97,28.31,30.49,28.59,18996,5.64,2026-10-09
RAMAPHO,EQ,110.5,110.5,106.0,109.52,110.09,45828,49.48,2026-10-09
RAMBHAJO,EQ,359.0,369.9,348.3,357.45,356.55,717341,2564.29,2026-10-09
RAMCOCEM,EQ,820.45,823.8,803.0,807.55,817.9,115818,938.71,2026-10-09
RAMCOIND,EQ,290.75,296.4,286.1,291.8,290.75,107160,310.88,2026-10-09
RAMCOSYS,EQ,540.0,546.7,529.25,542.9,537.45,53401,287.2,2026-10-09
RAMKY,EQ,271.65,275.25,266.1,267.5,269.8,29949,80.59,2026-10-09
RAMRAT,EQ,608.0,610.65,582.2,584.25,611.15,193889,1146.67,2026-10-09
RANASUG,EQ,13.47,13.64,13.1,13.18,13.46,276801,36.61,2026-10-09
RANEHOLDIN,EQ,1513.1,1526.6,1492.0,1517.6,1513.1,2430,36.65,2026-10-09
RATEGAIN,EQ,830.0,874.3,828.0,853.65,830.95,300830,2576.61,2026-10-09
RATNAMANI,EQ,2519.2,2570.0,2465.0,2523.6,2498.9,26313,661.71,2026-10-09
RATNAVEER,EQ,331.0,349.1,327.3,343.6,331.35,5179011,17753.68,2026-10-09
RAYMOND,EQ,1182.1,1209.8,1143.2,1186.6,1167.1,1248779,14716.08,2026-10-09
RAYMONDLSL,EQ,603.95,607.9,592.35,596.4,596.4,156244,935.72,2026-10-09
RAYMONDREL,EQ,681.05,718.0,673.5,698.2,679.9,1558911,10878.25,2026-10-09
RBA,EQ,92.95,93.95,90.04,91.1,92.61,1910175,1741.89,2026-10-09
RBLBANK,EQ,400.65,419.35,400.0,418.0,400.7,3772524,15664.16,2026-10-09
RCF,EQ,103.5,104.95,103.1,104.44,103.5,560936,584.87,2026-10-09
RECLTD,EQ,295.0,300.15,294.0,300.0,295.0,3107695,9278.71,2026-10-09
REDINGTON,EQ,388.1,399.45,377.95,380.0,388.0,2893774,11168.26,2026-10-09
REDTAPE,EQ,115.0,115.06,111.55,112.77,113.16,204572,230.07,2026-10-09
REFEX,EQ,258.15,259.75,251.4,254.4,258.7,225810,576.78,2026-10-09
REGAAL,EQ,83.01,85.0,81.7,84.09,83.34,461395,383.06,2026-10-09
REGENCERAM,EQ,29.65,31.4,29.65,30.83,30.86,7411,2.26,2026-10-09
RELAXO,EQ,283.9,289.2,281.35,286.0,281.8,70455,200.48,2026-10-09
RELCHEMQ,EQ,113.59,115.0,112.12,114.19,111.33,986,1.12,2026-10-09
RELIABLE,EQ,138.0,141.89,137.21,139.8,139.76,3673,5.11,2026-10-09
RELIANCE,EQ,1179.0,1179.0,1160.2,1170.3,1178.0,12086708,141468.64,2026-10-09
RELIGARE,EQ,219.77,222.75,216.05,217.59,220.57,839067,1833.39,2026-10-09
RELTD,EQ,143.1,145.39,140.29,141.49,143.81,65280,92.4,2026-10-09
REMSONSIND,EQ,99.14,106.5,97.11,101.46,98.95,584247,600.2,2026-10-09
RENTOMOJO,EQ,607.5,607.5,581.6,590.35,600.45,1778853,10512.16,2026-10-09
RENUKA,EQ,21.8,22.15,21.6,21.72,21.63,6301032,1376.16,2026-10-09
REPCOHOME,EQ,339.0,339.0,328.1,329.4,337.1,72033,238.88,2026-10-09
REPL,EQ,55.4,58.55,55.13,56.66,55.78,2870,1.66,2026-10-09
REPRO,EQ,295.25,303.4,290.1,294.0,295.95,17682,52.29,2026-10-09
RESPONIND,EQ,154.0,154.89,151.1,151.72,152.99,109847,167.52,2026-10-09
RGL,EQ,157.0,163.0,153.11,160.74,155.63,484036,768.62,2026-10-09
RHETAN,EQ,17.35,18.25,17.35,17.4,18.26,5129784,902.32,2026-10-09
RHIM,EQ,371.55,376.2,363.05,369.1,367.1,250788,928.39,2026-10-09
RHL,EQ,161.0,164.49,161.0,162.05,161.29,3239,5.22,2026-10-09
RICOAUTO,EQ,119.49,119.7,114.3,115.18,117.88,793747,920.72,2026-10-09
RIIL,EQ,684.95,688.85,670.05,683.4,682.6,46663,317.83,2026-10-09
RIR,EQ,175.2,177.5,170.64,174.12,173.34,361155,627.71,2026-10-09
RISHABH,EQ,642.3,692.25,621.2,677.9,644.9,752424,4980.21,2026-10-09
RITCO,EQ,272.35,279.0,269.45,272.55,272.5,23328,63.45,2026-10-09
RITES,EQ,195.0,200.96,193.1,198.66,195.85,588514,1162.61,2026-10-09
RKDL,EQ,16.49,16.89,16.1,16.68,16.2,17606,2.91,2026-10-09
RKFORGE,EQ,696.0,705.4,678.55,685.45,700.75,644453,4446.62,2026-10-09
RKSWAMY,EQ,87.9,88.98,86.0,87.22,87.4,10809,9.44,2026-10-09
RMC,EQ,189.99,192.34,182.56,184.33,186.46,32159,59.78,2026-10-09
RML,EQ,1275.0,1314.0,1255.1,1285.2,1279.6,24853,320.26,2026-10-09
ROHLTD,EQ,294.9,295.0,286.0,287.55,294.9,54284,156.99,2026-10-09
ROLEXRINGS,EQ,171.0,172.04,165.87,169.14,170.14,1460918,2462.94,2026-10-09
ROML,EQ,41.16,41.99,41.0,41.02,41.16,2509,1.03,2026-10-09
ROSSARI,EQ,412.2,416.5,407.2,409.8,409.8,77278,317.79,2026-10-09
ROSSELLIND,EQ,50.99,53.0,50.6,52.75,51.25,7794,4.05,2026-10-09
ROSSTECH,EQ,1565.0,1613.9,1529.2,1574.8,1570.1,176795,2783.82,2026-10-09
ROTO,EQ,61.12,61.5,58.9,60.09,60.73,468363,281.58,2026-10-09
ROUTE,EQ,415.7,426.2,414.25,416.7,414.8,149228,625.69,2026-10-09
RPEL,EQ,1710.1,1769.0,1710.1,1734.1,1717.2,35411,618.04,2026-10-09
RPGLIFE,EQ,2811.7,2862.3,2671.1,2719.2,2811.7,32707,894.8,2026-10-09
RPOWER,EQ,19.75,20.13,19.59,20.01,19.8,18108205,3602.61,2026-10-09
RPPINFRA,EQ,52.3,53.99,51.25,51.62,53.44,29302,15.28,2026-10-09
RPSGVENT,EQ,856.95,899.65,840.05,891.3,844.65,82123,721.57,2026-10-09
RPTECH,EQ,902.0,916.7,869.9,889.7,898.8,236367,2102.49,2026-10-09
RRECL,EQ,131.0,133.96,120.2,132.05,133.96,195,0.26,2026-10-09
RRIL,EQ,15.64,16.2,15.51,15.76,15.97,22900,3.64,2026-10-09
RRKABEL,EQ,2700.0,2733.3,2659.0,2705.6,2696.4,252367,6816.55,2026-10-09
RSL,EQ,172.87,174.8,170.29,172.04,171.94,180215,310.49,2026-10-09
RSSOFTWARE,EQ,28.51,29.2,28.01,28.53,28.66,12846,3.65,2026-10-09
RSWM,EQ,197.79,197.85,192.01,195.63,195.79,18729,36.49,2026-10-09
RSYSTEMS,EQ,245.8,284.6,245.55,274.3,242.85,33296077,90968.84,2026-10-09
RTNINDIA,EQ,25.3,25.68,23.89,24.95,25.03,2145403,535.3,2026-10-09
RTNPOWER,EQ,6.35,6.59,6.35,6.54,6.43,10757944,697.86,2026-10-09
RUBFILA,EQ,63.75,64.69,61.94,62.01,63.72,69201,43.29,2026-10-09
RUBICON,EQ,1535.4,1559.4,1503.5,1548.5,1535.4,147742,2259.18,2026-10-09
RUBYMILLS,EQ,488.5,496.25,465.75,479.0,485.05,30978,150.08,2026-10-09
RUCHINFRA,EQ,4.72,4.98,4.61,4.72,4.79,65109,3.13,2026-10-09
RUCHIRA,EQ,100.21,103.0,100.21,102.06,100.35,9984,10.16,2026-10-09
RUDRA,EQ,19.0,19.6,19.0,19.28,19.38,10004,1.94,2026-10-09
RUNWALENTR,EQ,267.0,273.4,258.85,262.55,263.2,427686,1127.06,2026-10-09
RUPA,EQ,125.0,126.48,122.0,124.74,124.14,139385,172.61,2026-10-09
RUSHIL,EQ,15.4,16.0,14.71,15.62,14.94,344516,52.84,2026-10-09
RUSTOMJEE,EQ,359.0,366.0,355.55,361.2,359.0,43140,156.04,2026-10-09
RVHL,EQ,38.09,38.4,36.9,38.0,37.31,4798,1.82,2026-10-09
RVNL,EQ,188.25,191.84,187.6,190.65,187.2,3974632,7553.8,2026-10-09
RVTH,EQ,729.65,747.0,710.0,737.4,728.55,628,4.54,2026-10-09
S&SPOWER,EQ,284.6,284.6,267.5,277.7,275.2,10769,29.55,2026-10-09
SAATVIKGL,EQ,397.0,399.4,389.8,395.95,397.25,61157,240.92,2026-10-09
SADBHAV,EQ,6.83,6.85,6.36,6.72,6.72,104477,7.0,2026-10-09
SADBHIN,EQ,2.56,2.72,2.48,2.63,2.67,125986,3.3,2026-10-09
SAFARI,EQ,1290.0,1326.0,1283.8,1319.6,1289.3,20759,270.91,2026-10-09
SAGARDEEP,EQ,22.79,23.8,22.0,23.23,22.4,9179,2.13,2026-10-09
SAGCEM,EQ,144.37,145.51,141.15,142.51,144.37,36522,52.37,2026-10-09
SAGILITY,EQ,43.5,44.63,43.4,44.0,43.35,15687806,6924.9,2026-10-09
SAHLIBHFI,EQ,78.8,79.0,76.15,77.12,77.91,4141,3.19,2026-10-09
SAHYADRI,EQ,335.05,339.95,325.0,327.35,338.9,10196,33.75,2026-10-09
SAICAPI,EQ,145.89,156.0,145.89,150.98,143.05,107,0.16,2026-10-09
SAIL,EQ,168.0,175.84,167.72,171.55,166.25,42339535,73213.18,2026-10-09
SAILIFE,EQ,1509.8,1518.9,1470.6,1487.9,1505.6,429336,6394.51,2026-10-09
SAIPARENT,EQ,500.0,508.0,485.0,493.9,500.45,145255,723.97,2026-10-09
SAKAR,EQ,1002.0,1030.3,941.9,1011.5,1002.4,243394,2374.02,2026-10-09
SAKHTISUG,EQ,18.15,18.39,17.91,18.11,17.88,57881,10.48,2026-10-09
SAKSOFT,EQ,132.05,145.0,132.05,138.79,132.8,1913238,2683.73,2026-10-09
SAKUMA,EQ,1.49,1.53,1.48,1.52,1.49,523298,7.86,2026-10-09
SALASAR,EQ,4.09,4.13,3.99,4.08,4.09,3446934,140.33,2026-10-09
SALONA,EQ,272.0,278.0,266.05,269.55,277.0,219,0.59,2026-10-09
SALSTEEL,EQ,87.51,91.1,85.33,85.89,88.93,1108442,975.76,2026-10-09
SALZERELEC,EQ,510.3,511.0,492.05,497.25,510.3,59710,296.83,2026-10-09
SAMBHAAV,EQ,6.14,6.15,5.16,5.68,5.61,100892,5.81,2026-10-09
SAMBHV,EQ,158.0,163.59,154.65,160.41,157.31,2597526,4154.68,2026-10-09
SAMHI,EQ,143.93,145.0,140.91,141.9,143.89,783713,1116.31,2026-10-09
SAMMAANCAP,EQ,128.8,128.94,125.66,126.44,127.82,4678834,5938.58,2026-10-09
SAMPANN,EQ,24.29,24.29,23.22,23.62,23.78,7720,1.82,2026-10-09
SANATHAN,EQ,505.15,514.45,500.45,503.2,502.65,24539,123.69,2026-10-09
SANDESH,EQ,1008.0,1016.0,991.0,1014.55,990.35,368,3.71,2026-10-09
SANDHAR,EQ,537.7,540.3,525.1,530.3,534.15,109550,583.79,2026-10-09
SANDUMA,EQ,177.2,180.0,175.01,177.68,179.15,519668,917.97,2026-10-09
SANGAMIND,EQ,611.2,615.0,599.65,604.8,602.95,12875,77.98,2026-10-09
SANGHVIMOV,EQ,390.9,398.15,379.55,392.6,389.2,327756,1272.13,2026-10-09
SANOFI,EQ,2967.1,2992.1,2914.1,2945.4,2979.7,12385,365.02,2026-10-09
SANOFICONR,EQ,3600.5,3619.0,3540.0,3581.7,3600.5,5792,206.45,2026-10-09
SANSERA,EQ,4095.0,4190.0,4000.0,4124.7,4129.4,263202,10806.75,2026-10-09
SANSTAR,EQ,97.25,102.5,97.25,101.9,97.42,196520,197.93,2026-10-09
SAPPHIRE,EQ,204.5,208.91,203.0,207.08,205.11,690049,1422.69,2026-10-09
SAPPL,EQ,334.0,334.0,304.05,319.25,328.4,998,3.16,2026-10-09
SARDAEN,EQ,490.0,495.0,480.0,481.15,491.9,267382,1302.07,2026-10-09
SAREGAMA,EQ,482.95,490.65,481.55,485.6,481.85,184810,897.18,2026-10-09
SARLAPOLY,EQ,94.11,97.0,93.91,96.89,93.69,48070,46.22,2026-10-09
SARVESHWAR,EQ,3.58,3.75,3.55,3.66,3.57,2194604,79.97,2026-10-09
SASKEN,EQ,1616.5,1616.5,1551.0,1566.1,1598.1,18939,299.46,2026-10-09
SATIA,EQ,67.65,68.44,67.5,68.06,67.64,61491,41.75,2026-10-09
SATIN,EQ,217.72,224.89,216.41,223.87,217.39,167402,370.33,2026-10-09
SAURASHCEM,EQ,49.35,50.05,48.2,49.25,49.68,96274,47.4,2026-10-09
SAYAJIIND,EQ,115.98,118.5,115.0,115.0,115.41,998,1.17,2026-10-09
SBC,EQ,63.2,63.35,61.55,62.43,63.21,17654008,11035.62,2026-10-09
SBCL,EQ,1040.0,1060.0,1026.0,1041.6,1050.6,116992,1223.2,2026-10-09
SBFC,EQ,81.28,84.73,81.25,84.4,81.28,1798045,1501.28,2026-10-09
SBGLP,EQ,22.49,22.94,22.05,22.2,22.5,38949,8.7,2026-10-09
SBIBPB,EQ,46.86,47.41,46.54,47.29,46.59,47375,22.38,2026-10-09
SBICARD,EQ,552.95,565.8,552.85,562.0,547.65,790400,4436.3,2026-10-09
SBIETFCON,EQ,112.67,113.15,111.92,112.54,111.17,3473,3.92,2026-10-09
SBIETFIT,EQ,312.48,319.09,307.0,316.22,308.48,8660,27.35,2026-10-09
SBIETFPB,EQ,277.53,279.96,275.75,278.4,275.45,1254,3.49,2026-10-09
SBIETFQLTY,EQ,204.96,207.23,204.09,206.77,204.35,3700,7.61,2026-10-09
SBIFUNDS,EQ,499.95,503.15,494.0,500.0,499.95,1052906,5242.41,2026-10-09
SBILIFE,EQ,1677.7,1708.0,1672.4,1684.6,1682.5,1204479,20380.54,2026-10-09
SBILIQETF,EQ,1059.62,1059.64,1059.62,1059.62,1059.18,120203,1273.7,2026-10-09
SBIMIDMOM,EQ,60.1,60.95,59.6,60.72,60.02,12256,7.43,2026-10-09
SBIN,EQ,942.0,959.9,938.1,959.1,940.0,6050801,57697.07,2026-10-09
SBINEQWETF,EQ,30.72,31.12,30.67,31.09,30.67,13167,4.08,2026-10-09
SBINMID150,EQ,21.61,21.73,21.42,21.69,21.52,3753,0.81,2026-10-09
SBISILVER,EQ,213.14,215.5,213.14,215.06,211.15,567807,1219.16,2026-10-09
SBISMLETF,EQ,17.64,17.97,17.38,17.61,17.56,48728,8.55,2026-10-09
SBIVALETF,EQ,13.39,13.83,13.39,13.68,13.6,32572,4.46,2026-10-09
SCHAEFFLER,EQ,3736.7,3756.0,3621.2,3667.6,3736.7,61956,2274.03,2026-10-09
SCHAND,EQ,141.01,143.8,139.21,140.88,141.85,25930,36.57,2026-10-09
SCHNEIDER,EQ,1192.6,1208.9,1154.9,1176.9,1191.4,205311,2410.87,2026-10-09
SCI,EQ,279.85,281.3,274.65,277.25,280.75,1184879,3292.12,2026-10-09
SCILAL,EQ,36.98,37.4,36.7,37.03,36.95,128953,47.71,2026-10-09
SCODATUBES,EQ,120.99,121.2,118.11,120.24,119.69,132010,157.61,2026-10-09
SDBL,EQ,70.82,72.49,70.0,71.2,70.48,458328,326.65,2026-10-09
SEAMECLTD,EQ,1578.0,1590.9,1520.0,1571.2,1572.7,68637,1072.23,2026-10-09
SECLEDBETA,EQ,13.97,13.97,13.65,13.8,14.12,9511,1.31,2026-10-09
SECMARK,EQ,141.95,159.2,138.01,149.52,139.8,16554,24.7,2026-10-09
SECURKLOUD,EQ,15.45,15.45,14.91,15.12,15.17,39336,6.02,2026-10-09
SEDEMAC,EQ,3246.2,3317.1,3210.2,3229.8,3232.1,206643,6761.63,2026-10-09
SEIL,EQ,178.17,181.49,176.82,178.68,178.12,124912,223.57,2026-10-09
SEJALLTD,EQ,678.6,689.0,650.15,670.3,678.55,9204,61.89,2026-10-09
SEKURITIND,EQ,107.5,108.8,105.21,106.98,107.41,18684,20.05,2026-10-09
SELECTIPO,EQ,45.35,45.7,45.0,45.57,45.21,38512,17.48,2026-10-09
SEMAC,EQ,218.9,232.98,218.9,230.16,217.81,1206,2.72,2026-10-09
SENCO,EQ,335.85,338.05,323.85,334.75,337.1,5075919,16806.94,2026-10-09
SENORES,EQ,1328.8,1344.4,1306.3,1320.0,1325.6,141415,1868.56,2026-10-09
SENSEXADD,EQ,74.01,75.3,74.01,75.01,74.01,1830,1.37,2026-10-09
SENSEXAXIS,EQ,74.33,75.56,74.33,75.2,74.33,6386,4.8,2026-10-09
SENSEXBETA,EQ,796.0,811.79,793.34,800.77,793.67,1769,14.17,2026-10-09
SENSEXETF,EQ,73.9,75.1,72.44,75.01,73.92,42572,31.81,2026-10-09
SENSEXIETF,EQ,826.58,836.98,826.46,833.07,822.46,8733,72.7,2026-10-09
SEPC,EQ,4.96,5.47,4.86,5.28,4.93,77230352,4088.18,2026-10-09
SERVOTECH,EQ,68.23,69.88,67.51,69.05,68.56,376203,259.33,2026-10-09
SESHAPAPER,EQ,230.2,232.31,219.99,222.49,229.99,102155,229.55,2026-10-09
SETF10GILT,EQ,261.0,261.0,258.95,260.8,260.51,483,1.26,2026-10-09
SETFGOLD,EQ,126.12,126.89,125.81,126.61,124.77,3098688,3921.2,2026-10-09
SETFNIF50,EQ,239.71,243.49,239.05,243.23,239.71,529474,1283.44,2026-10-09
SETFNIFBK,EQ,562.0,569.6,562.0,568.75,559.43,108046,612.78,2026-10-09
SETFNN50,EQ,729.0,734.49,723.22,731.64,728.39,26226,191.36,2026-10-09
SETL,EQ,401.0,408.0,387.95,387.95,408.35,1281256,4989.39,2026-10-09
SFL,EQ,606.0,613.1,595.5,603.65,606.05,94248,568.36,2026-10-09
SGFIN,EQ,651.1,688.8,639.3,676.05,645.9,844383,5657.59,2026-10-09
SGIL,EQ,618.65,638.2,605.0,616.2,606.35,3629,22.22,2026-10-09
SGL,EQ,9.3,9.64,9.03,9.49,9.14,19327,1.83,2026-10-09
SGLRES,EQ,2.27,2.48,2.24,2.42,2.26,78323,1.86,2026-10-09
SGMART,EQ,744.0,779.85,736.0,775.6,743.45,305426,2335.25,2026-10-09
SGRL,EQ,719.85,719.85,671.35,678.65,706.25,18591,128.49,2026-10-09
SHADOWFAX,EQ,288.0,301.25,286.15,294.85,286.1,5710244,16752.18,2026-10-09
SHAH,EQ,2.95,3.02,2.92,2.96,2.95,310751,9.24,2026-10-09
SHAILY,EQ,3063.0,3078.5,3011.0,3063.4,3053.0,58708,1785.93,2026-10-09
SHAKTIPUMP,EQ,427.3,430.5,416.05,419.0,426.65,577981,2428.69,2026-10-09
SHALBY,EQ,131.0,132.89,129.9,131.84,130.42,51038,66.91,2026-10-09
SHANKARA,EQ,116.01,121.82,113.01,117.57,115.3,127411,147.43,2026-10-09
SHANKESH,EQ,92.19,93.94,90.11,93.03,91.84,1980739,1821.46,2026-10-09
SHANTI,EQ,5.68,5.69,5.5,5.68,5.56,30037,1.69,2026-10-09
SHANTIGEAR,EQ,557.0,566.8,532.15,562.4,557.0,72990,403.71,2026-10-09
SHANTIGOLD,EQ,356.0,389.9,351.0,380.55,350.65,10493143,39410.05,2026-10-09
SHARDACROP,EQ,725.0,733.0,720.1,723.9,725.8,40201,292.66,2026-10-09
SHARDAMOTR,EQ,888.85,894.15,869.1,872.3,884.4,48253,425.1,2026-10-09
SHAREINDIA,EQ,187.28,191.39,181.0,182.71,185.9,1540477,2880.87,2026-10-09
SHARIABEES,EQ,416.86,423.47,416.73,422.16,415.89,9293,39.07,2026-10-09
SHBAJRG,EQ,161.0,167.79,158.5,166.63,161.66,2770,4.55,2026-10-09
SHEMAROO,EQ,102.95,105.78,98.51,101.86,102.95,6223,6.31,2026-10-09
SHILCTECH,EQ,3947.0,3994.0,3902.2,3925.3,3944.0,6613,260.14,2026-10-09
SHILGRAVQ,EQ,144.0,147.0,140.9,142.42,141.99,2187,3.14,2026-10-09
SHILPAMED,EQ,1025.4,1048.2,991.4,1021.7,1025.3,397778,4046.68,2026-10-09
SHINDL,EQ,157.8,157.8,155.0,155.8,158.39,98028,153.44,2026-10-09
SHIPROCKET,EQ,129.9,133.11,126.69,130.18,129.1,2934274,3824.18,2026-10-09
SHIVAAGRO,EQ,39.2,40.0,38.5,40.0,39.03,687,0.27,2026-10-09
SHIVACEM,EQ,12.9,13.19,12.57,12.79,12.95,86117,11.01,2026-10-09
SHIVALIK,EQ,351.95,353.9,343.4,349.45,351.95,35157,122.65,2026-10-09
SHIVAMAUTO,EQ,17.76,18.38,16.9,18.0,16.84,202603,36.25,2026-10-09
SHIVAMILLS,EQ,60.09,60.09,58.0,59.58,60.11,321,0.19,2026-10-09
SHIVATEX,EQ,165.03,168.51,165.02,165.1,165.29,842,1.41,2026-10-09
SHIVAUM,EQ,551.5,555.0,551.5,552.75,551.5,1567,8.67,2026-10-09
SHK,EQ,135.11,139.0,135.11,136.61,136.13,182502,249.8,2026-10-09
SHOPERSTOP,EQ,381.0,392.45,377.1,385.1,384.7,19629,75.02,2026-10-09
SHRADDHA,EQ,161.99,163.89,160.1,161.45,158.87,13979,22.63,2026-10-09
SHRADHA,EQ,30.59,30.59,29.1,29.53,30.03,2251,0.67,2026-10-09
SHREDIGCEM,EQ,62.4,63.48,60.61,62.68,62.4,71101,44.27,2026-10-09
SHREECEM,EQ,21610.0,22200.0,21560.0,22080.0,21600.0,22022,4832.38,2026-10-09
SHREEJISPG,EQ,810.0,812.0,804.15,811.8,800.75,1365619,11060.39,2026-10-09
SHREEPUSHK,EQ,484.1,497.25,482.6,491.0,488.2,52864,258.42,2026-10-09
SHREERAMA,EQ,42.19,43.47,41.22,42.56,41.34,36494,15.35,2026-10-09
SHREYANIND,EQ,128.8,129.95,128.8,129.0,129.02,6617,8.54,2026-10-09
SHRIKRISH,EQ,34.82,35.0,32.75,32.75,35.0,465,0.15,2026-10-09
SHRINGARMS,EQ,219.01,222.83,216.51,221.13,218.59,514016,1133.74,2026-10-09
SHRIPISTON,EQ,4290.0,4317.8,4227.3,4284.5,4270.4,60286,2574.28,2026-10-09
SHRIRAMFIN,EQ,923.85,944.9,921.1,940.45,917.25,4965497,46481.27,2026-10-09
SHRIRAMPPS,EQ,65.98,67.8,65.05,66.83,65.8,256825,169.73,2026-10-09
SHRJAGP,EQ,643.95,650.0,639.0,648.9,650.5,321,2.07,2026-10-09
SHUKRAPHAR,EQ,67.7,69.45,66.74,66.94,66.78,4237781,2862.06,2026-10-09
SHYAMCENT,EQ,4.8,5.0,4.8,4.86,4.92,57125,2.8,2026-10-09
SHYAMMETL,EQ,1062.6,1072.0,1051.4,1060.1,1066.8,160796,1707.34,2026-10-09
SHYAMTEL,EQ,11.0,11.24,10.28,10.64,11.14,3493,0.38,2026-10-09
SICAGEN,EQ,50.6,51.55,47.9,50.45,49.82,6115,3.08,2026-10-09
SIEMENS,EQ,3668.0,3668.0,3502.0,3595.0,3639.0,353854,12665.67,2026-10-09
SIGACHI,EQ,28.65,29.78,28.3,28.52,28.57,1020518,291.48,2026-10-09
SIGMA,EQ,45.44,46.0,43.52,44.17,44.48,72429,32.02,2026-10-09
SIGNATURE,EQ,714.8,718.2,706.05,710.05,711.25,215154,1535.37,2026-10-09
SIGNPOST,EQ,262.9,264.45,254.6,260.3,260.75,21861,56.6,2026-10-09
SIKA,EQ,1028.7,1041.3,1010.7,1020.4,1028.7,14567,148.95,2026-10-09
SIL,EQ,15.81,16.4,15.46,15.54,15.81,49013,7.71,2026-10-09
SILGO,EQ,69.75,70.99,69.44,70.42,69.75,54031,37.87,2026-10-09
SILINV,EQ,460.05,473.8,454.55,469.45,462.1,3167,14.84,2026-10-09
SILVER,EQ,217.5,219.49,217.5,218.97,215.21,630552,1378.98,2026-10-09
SILVER001,EQ,22.02,22.21,22.02,22.2,21.8,9055,2.0,2026-10-09
SILVER1,EQ,21.1,21.33,21.1,21.24,20.89,5970219,1268.2,2026-10-09
SILVER360,EQ,215.33,216.12,214.66,215.52,212.39,9599,20.68,2026-10-09
SILVERADD,EQ,21.12,21.19,21.02,21.12,20.74,3505037,739.57,2026-10-09
SILVERAG,EQ,212.25,214.1,212.25,213.56,209.82,223235,476.63,2026-10-09
SILVERAXIS,EQ,216.15,218.61,216.15,217.9,214.62,113447,247.15,2026-10-09
SILVERBEES,EQ,208.12,210.2,208.12,209.68,205.87,14496035,30359.21,2026-10-09
SILVERBETA,EQ,210.9,212.25,210.59,211.7,207.81,217578,460.14,2026-10-09
SILVERBND,EQ,219.02,220.96,218.72,219.92,215.97,11772,25.92,2026-10-09
SILVERCASE,EQ,22.01,22.25,22.01,22.18,21.81,3762734,834.43,2026-10-09
SILVERIETF,EQ,217.31,219.36,217.31,218.78,214.97,3099986,6776.95,2026-10-09
SILVERTUC,EQ,127.0,142.17,127.0,131.18,125.98,1137975,1530.65,2026-10-09
SIMPLEXINF,EQ,241.25,252.18,241.25,246.13,243.35,79056,194.79,2026-10-09
SIMPLXREA,EQ,131.67,131.67,131.0,131.65,125.4,234,0.31,2026-10-09
SINCLAIR,EQ,74.5,74.99,73.6,74.46,74.83,9699,7.23,2026-10-09
SINDHUTRAD,EQ,20.9,21.59,20.61,20.86,21.01,221223,46.55,2026-10-09
SINGERIND,EQ,76.3,77.69,75.1,75.19,75.8,75664,57.65,2026-10-09
SINTERCOM,EQ,77.0,77.0,73.03,74.87,73.41,719,0.54,2026-10-09
SIRCA,EQ,402.25,405.0,398.9,402.7,402.2,66070,265.91,2026-10-09
SIS,EQ,410.0,418.0,409.1,416.3,411.4,89348,371.96,2026-10-09
SIYSIL,EQ,544.0,558.0,536.2,539.65,542.55,14353,77.89,2026-10-09
SJS,EQ,1972.0,2010.7,1918.0,1994.8,1980.3,210176,4135.39,2026-10-09
SJVN,EQ,54.22,55.7,53.66,55.27,54.24,4370936,2390.88,2026-10-09
SKFINDIA,EQ,1419.2,1419.2,1393.2,1398.8,1407.7,32285,453.21,2026-10-09
SKFINDUS,EQ,2610.0,2683.8,2580.0,2655.9,2622.6,25704,681.15,2026-10-09
SKIPPER,EQ,517.5,536.15,512.0,530.25,517.5,738256,3881.82,2026-10-09
SKMEGGPROD,EQ,207.14,210.24,204.12,206.97,207.1,102032,211.09,2026-10-09
SKYGOLD,EQ,888.0,936.0,868.1,921.0,884.5,2291187,20818.5,2026-10-09
SKYWAYS,EQ,111.9,112.9,108.98,109.47,111.14,1237806,1363.35,2026-10-09
SMALL250,EQ,17.97,18.0,17.42,17.62,17.54,486031,85.59,2026-10-09
SMALLADD,EQ,17.59,18.35,17.5,17.9,17.59,48092,8.56,2026-10-09
SMALLCAP,EQ,47.59,47.59,46.76,47.26,47.21,824153,389.29,2026-10-09
SMALLGROWW,EQ,48.17,48.17,46.95,47.54,48.2,6354,3.0,2026-10-09
SMALLIETF,EQ,17.67,18.08,17.4,17.76,17.56,36687,6.46,2026-10-09
SMARTWORKS,EQ,490.0,490.0,473.0,474.3,482.35,65158,311.89,2026-10-09
SMCGLOBAL,EQ,107.83,124.0,106.9,115.95,107.83,82142124,97464.69,2026-10-09
SML100CASE,EQ,11.03,11.03,10.71,10.88,10.81,1093322,118.65,2026-10-09
SMLMAH,EQ,5960.0,6026.0,5775.0,5811.5,5850.5,46289,2731.46,2026-10-09
SMLT,EQ,77.79,80.75,75.0,77.36,76.26,85832,67.27,2026-10-09
SMSPHARMA,EQ,448.05,452.1,435.55,444.65,446.75,296160,1317.2,2026-10-09
SNOWMAN,EQ,34.99,34.99,33.77,34.16,34.35,70296,24.07,2026-10-09
SNXT30BEES,EQ,39.07,39.52,38.88,39.52,38.88,4507,1.77,2026-10-09
SNXT50BETA,EQ,87.8,88.9,87.8,88.49,87.67,1853,1.64,2026-10-09
SOBHA,EQ,1197.0,1207.5,1154.1,1161.7,1183.9,177353,2074.55,2026-10-09
SOFTTECH,EQ,452.2,457.8,443.0,448.3,450.8,9244,41.72,2026-10-09
SOLARA,EQ,654.0,666.25,640.1,644.35,654.9,199638,1300.56,2026-10-09
SOLARINDS,EQ,19890.0,20060.0,19787.0,20000.0,19870.0,93913,18725.91,2026-10-09
SOLARWORLD,EQ,125.72,130.0,125.0,129.06,124.91,154935,198.89,2026-10-09
SOLEX,EQ,654.0,654.25,638.2,643.65,653.15,29893,192.75,2026-10-09
SOMANYCERA,EQ,596.05,605.95,578.3,591.45,600.6,71425,420.7,2026-10-09
SOMATEX,EQ,74.25,78.9,74.25,75.55,76.71,3551,2.69,2026-10-09
SOMICONVEY,EQ,84.0,84.0,81.91,82.42,82.84,3867,3.19,2026-10-09
SONA,EQ,99.76,102.0,95.41,97.88,99.77,151326,148.42,2026-10-09
SONACOMS,EQ,792.8,795.25,774.5,783.3,793.0,2197655,17195.93,2026-10-09
SONAL,EQ,80.0,85.0,77.0,81.49,85.0,163,0.13,2026-10-09
SONATSOFTW,EQ,241.1,253.2,238.0,239.15,240.9,2319197,5674.85,2026-10-09
SOTL,EQ,771.65,774.7,755.45,764.8,764.2,189615,1451.12,2026-10-09
SOUTHBANK,EQ,46.15,48.24,46.15,47.91,46.39,12917963,6127.25,2026-10-09
SOUTHWEST,EQ,186.05,193.49,186.05,189.24,187.46,39193,74.01,2026-10-09
SPAL,EQ,927.0,932.1,905.0,913.6,922.8,27703,253.06,2026-10-09
SPANDANA,EQ,210.5,215.3,209.18,211.08,209.1,66403,140.27,2026-10-09
SPARC,EQ,188.75,192.06,184.05,185.6,187.74,828265,1547.33,2026-10-09
SPCENET,EQ,3.27,3.31,3.21,3.28,3.27,128235,4.2,2026-10-09
SPENCERS,EQ,27.3,27.62,27.3,27.45,27.11,17701,4.86,2026-10-09
SPIC,EQ,62.13,62.13,60.6,61.15,61.77,219823,134.64,2026-10-09
SPLIL,EQ,30.0,30.0,29.1,29.29,30.0,2832,0.83,2026-10-09
SPLPETRO,EQ,784.0,795.95,775.25,788.55,783.65,129656,1020.65,2026-10-09
SPMLINFRA,EQ,156.16,156.16,150.0,152.18,153.72,237139,361.58,2026-10-09
SPORTKING,EQ,198.75,198.75,194.22,196.45,196.39,152233,297.9,2026-10-09
SRD,EQ,37.99,38.9,36.44,36.8,37.21,47358,17.71,2026-10-09
SRF,EQ,2490.6,2522.5,2473.8,2519.5,2485.2,171915,4303.78,2026-10-09
SRGHFL,EQ,119.77,121.3,114.93,115.81,120.97,57060,65.86,2026-10-09
SRHHYPOLTD,EQ,532.0,547.95,519.2,533.85,534.75,13993,74.38,2026-10-09
SRM,EQ,409.6,412.95,401.05,408.35,406.3,16780,68.18,2026-10-09
SRTL,EQ,37.3,37.3,36.15,36.2,36.8,14079,5.13,2026-10-09
SSDL,EQ,65.85,68.87,65.28,66.89,65.01,59551,39.98,2026-10-09
SSRETAIL,EQ,684.75,713.95,684.75,705.85,681.45,3528828,24714.32,2026-10-09
SSWL,EQ,410.0,416.9,404.0,406.8,410.5,617552,2528.67,2026-10-09
STANLEY,EQ,126.5,129.19,126.0,128.34,127.29,49956,63.83,2026-10-09
STAR,EQ,1095.0,1102.2,1072.0,1085.3,1095.3,189136,2055.63,2026-10-09
STARCEMENT,EQ,170.0,172.39,166.5,168.46,169.65,120075,202.57,2026-10-09
STARHEALTH,EQ,545.5,553.95,542.6,552.1,545.5,209111,1148.51,2026-10-09
STARPAPER,EQ,148.0,151.99,146.01,147.49,149.08,3390,5.0,2026-10-09
STARTECK,EQ,276.95,276.95,253.15,257.75,264.25,1069,2.79,2026-10-09
STCINDIA,EQ,102.3,106.38,100.55,102.24,102.08,31542,32.42,2026-10-09
STEAMHOUSE,EQ,121.99,133.33,120.99,127.9,121.21,20550747,26866.3,2026-10-09
STEELCAS,EQ,364.9,364.9,350.65,356.5,360.25,63799,227.46,2026-10-09
STEELCITY,EQ,79.5,81.58,79.5,81.42,79.97,3046,2.47,2026-10-09
STEELXIND,EQ,10.25,10.44,10.04,10.37,10.32,5260411,540.82,2026-10-09
STEL,EQ,561.0,566.5,536.9,545.25,567.75,6421,35.24,2026-10-09
STERTOOLS,EQ,229.01,238.95,222.01,225.24,231.69,54304,126.36,2026-10-09
STLNETWORK,EQ,47.82,48.75,45.82,46.35,48.07,6627588,3114.13,2026-10-09
STOVEKRAFT,EQ,803.15,817.85,794.0,802.1,803.1,79858,645.2,2026-10-09
STUDDS,EQ,414.0,466.55,410.0,414.5,416.0,3768699,16650.54,2026-10-09
STYL,EQ,359.6,360.75,345.3,349.05,354.25,50151,176.1,2026-10-09
STYLAMIND,EQ,3240.0,3330.3,3203.0,3271.0,3243.8,22030,721.08,2026-10-09
STYLEBAAZA,EQ,374.35,383.1,366.15,376.05,372.35,469417,1764.79,2026-10-09
STYRENIX,EQ,1989.0,2029.5,1980.0,1999.2,1990.5,21450,430.08,2026-10-09
SUBEXLTD,EQ,18.42,19.7,18.03,19.18,18.41,17374996,3317.17,2026-10-09
SUBROS,EQ,667.5,682.4,656.0,676.75,664.5,33572,224.47,2026-10-09
SUDARCOLOR,EQ,351.6,360.1,346.0,350.4,351.9,5949,21.07,2026-10-09
SUDARSCHEM,EQ,1184.0,1194.0,1145.9,1166.8,1176.8,127952,1492.54,2026-10-09
SUDEEPPHRM,EQ,1110.0,1117.2,1035.8,1050.3,1114.9,543547,5731.22,2026-10-09
SUKHJITS,EQ,146.67,149.35,144.0,145.63,146.67,8717,12.72,2026-10-09
SULA,EQ,132.0,132.4,130.01,130.96,130.58,126966,166.58,2026-10-09
SUMEDHA,EQ,41.0,41.0,40.0,40.07,41.95,1206,0.49,2026-10-09
SUMEETINDS,EQ,11.23,11.85,11.01,11.74,11.4,1038955,118.74,2026-10-09
SUMICHEM,EQ,415.0,422.05,410.3,417.3,411.4,169451,705.18,2026-10-09
SUMIT,EQ,48.0,49.0,46.85,47.58,45.92,8440,4.02,2026-10-09
SUMMITSEC,EQ,1325.0,1339.9,1301.0,1330.8,1305.0,2403,31.95,2026-10-09
SUNCLAY,EQ,1124.7,1285.0,1087.0,1224.4,1100.8,249860,3103.66,2026-10-09
SUNDARAM,EQ,1.07,1.07,1.01,1.03,1.05,616218,6.41,2026-10-09
SUNDARMFIN,EQ,4144.3,4159.3,4095.3,4113.6,4110.6,40316,1663.02,2026-10-09
SUNDRMBRAK,EQ,652.4,680.0,652.4,669.25,669.7,1717,11.48,2026-10-09
SUNDRMFAST,EQ,1115.0,1139.0,1103.9,1127.8,1108.3,89346,1004.6,2026-10-09
SUNDROP,EQ,742.95,751.4,677.4,682.1,743.55,191622,1339.35,2026-10-09
SUNFLAG,EQ,450.25,457.15,436.2,439.8,450.7,276426,1236.24,2026-10-09
SUNLOC,EQ,70.51,70.86,66.0,66.0,72.5,114,0.08,2026-10-09
SUNPHARMA,EQ,1756.2,1776.8,1751.0,1760.0,1759.8,1346107,23758.18,2026-10-09
SUNRAKSHAK,EQ,359.8,361.9,354.0,360.4,353.8,12492,44.97,2026-10-09
SUNSHIEL,EQ,1055.5,1080.0,1050.0,1073.6,1048.3,440,4.69,2026-10-09
SUNSHINE,EQ,436.3,446.45,426.95,440.2,432.8,126656,553.39,2026-10-09
SUNTECK,EQ,272.85,274.35,266.1,271.15,271.6,79246,214.79,2026-10-09
SUNTV,EQ,613.0,639.95,608.6,635.9,614.2,1787414,11297.48,2026-10-09
SUPERHOUSE,EQ,150.1,155.0,150.1,153.08,152.11,3957,6.06,2026-10-09
SUPRAJIT,EQ,466.1,466.2,452.4,457.65,470.85,103712,474.9,2026-10-09
SUPREME,EQ,30.0,30.0,29.12,29.63,29.96,4084,1.21,2026-10-09
SUPREMEIND,EQ,3464.7,3504.6,3414.1,3474.8,3462.0,178497,6164.83,2026-10-09
SUPREMEINF,EQ,51.5,52.67,45.29,51.14,49.92,477457,236.68,2026-10-09
SUPRIYA,EQ,864.3,872.3,840.1,847.65,861.35,137536,1172.09,2026-10-09
SURAJEST,EQ,197.0,204.33,195.15,202.34,196.86,65341,130.28,2026-10-09
SURAJLTD,EQ,184.01,205.0,184.01,203.68,184.57,5819,11.4,2026-10-09
SURAKSHA,EQ,311.45,333.0,303.85,316.25,309.4,28941,90.72,2026-10-09
SURANASOL,EQ,23.95,23.96,23.3,23.41,23.73,14383,3.4,2026-10-09
SURANAT&P,EQ,15.68,15.98,15.17,15.54,15.61,21260,3.32,2026-10-09
SURYALA,EQ,376.25,394.9,376.25,378.95,376.35,411,1.56,2026-10-09
SURYALAXMI,EQ,55.61,57.0,55.32,55.5,55.6,2124,1.18,2026-10-09
SURYAROSNI,EQ,213.3,214.1,207.21,208.33,213.0,262056,549.51,2026-10-09
SURYODAY,EQ,149.0,153.15,147.0,147.93,149.05,275822,411.2,2026-10-09
SUTLEJTEX,EQ,35.99,36.52,34.12,34.23,35.25,356934,122.93,2026-10-09
SUVEN,EQ,288.9,290.65,280.7,282.75,288.9,583282,1656.87,2026-10-09
SUVIDHAA,EQ,2.07,2.15,2.02,2.11,2.07,68041,1.43,2026-10-09
SUYOG,EQ,651.35,661.95,638.05,645.05,643.3,12824,83.13,2026-10-09
SUZLON,EQ,36.63,37.74,36.31,37.6,36.43,57534896,21370.91,2026-10-09
SVGLOBAL,EQ,134.0,137.99,132.31,135.98,136.06,606,0.82,2026-10-09
SVLL,EQ,799.3,833.3,787.3,795.9,801.3,5932,47.47,2026-10-09
SVPGLOB,EQ,3.13,3.44,2.9,3.44,3.13,337131,11.03,2026-10-09
SWANCORP,EQ,260.0,265.35,255.0,261.5,260.25,1028060,2671.53,2026-10-09
SWARAJENG,EQ,3510.0,3510.0,3416.5,3439.1,3491.6,7927,272.69,2026-10-09
SWARNSAR,EQ,39.89,41.24,39.06,39.07,39.1,8959,3.58,2026-10-09
SWELECTES,EQ,584.0,646.75,573.05,618.05,581.6,169423,1051.92,2026-10-09
SWIGGY,EQ,235.5,237.9,232.4,234.2,234.95,9760923,22948.79,2026-10-09
SWSOLAR,EQ,163.5,163.85,159.5,162.12,160.09,815781,1319.46,2026-10-09
SYMBIOTEC,EQ,1081.0,1112.5,1078.1,1087.5,1093.8,402278,4392.55,2026-10-09
SYMPHONY,EQ,540.0,544.85,534.25,540.75,538.85,31566,170.59,2026-10-09
SYNCOMF,EQ,23.73,24.15,22.15,23.28,23.57,14864967,3463.33,2026-10-09
SYNGENE,EQ,346.1,351.95,344.45,347.4,346.0,379586,1322.26,2026-10-09
SYRMA,EQ,1683.0,1734.0,1675.8,1719.9,1680.9,980252,16768.81,2026-10-09
TAALTECH,EQ,1069.8,1078.9,1010.0,1018.4,1041.5,28184,292.15,2026-10-09
TAINWALCHM,EQ,204.0,229.45,198.0,219.26,203.35,21625,47.12,2026-10-09
TAJGVK,EQ,324.8,330.05,320.1,325.9,322.4,117581,382.32,2026-10-09
TAKE,EQ,13.35,13.35,13.35,13.35,12.72,79070,10.56,2026-10-09
TALBROAUTO,EQ,405.0,409.9,398.8,402.05,405.35,94099,379.77,2026-10-09
TANAA,EQ,331.05,341.55,322.55,325.9,330.35,44650,147.55,2026-10-09
TANLA,EQ,492.0,509.1,492.0,498.35,493.35,412653,2069.23,2026-10-09
TARACHAND,EQ,46.5,46.99,45.02,46.05,46.11,33470,15.35,2026-10-09
TARAPUR,EQ,16.4,16.58,16.1,16.58,13.82,810771,134.13,2026-10-09
TARC,EQ,118.32,120.0,113.75,117.47,117.55,845541,985.97,2026-10-09
TARIL,EQ,283.45,293.7,278.1,290.65,282.75,2355379,6756.97,2026-10-09
TARMAT,EQ,55.15,57.8,55.15,55.84,55.15,4346,2.43,2026-10-09
TARSONS,EQ,330.55,331.75,319.65,320.95,327.65,74185,240.57,2026-10-09
TASTYBITE,EQ,8976.5,9151.0,8692.5,8758.0,8999.0,1934,170.62,2026-10-09
TATACAP,EQ,315.0,319.4,312.85,318.7,314.9,997155,3167.54,2026-10-09
TATACHEM,EQ,598.75,605.3,586.45,589.75,592.95,965015,5757.06,2026-10-09
TATACOMM,EQ,1677.1,1677.3,1621.0,1656.7,1677.4,307617,5048.48,2026-10-09
TATACONSUM,EQ,950.0,959.1,948.4,955.0,951.9,947397,9034.06,2026-10-09
TATAELXSI,EQ,3014.9,3165.0,3010.6,3130.0,2996.0,627867,19561.33,2026-10-09
TATAGOLD,EQ,14.33,14.46,14.33,14.42,14.21,30995307,4466.16,2026-10-09
TATAINVEST,EQ,607.65,609.85,596.0,599.25,609.3,292603,1755.38,2026-10-09
TATAPOWER,EQ,335.55,342.15,333.6,342.15,335.65,4378116,14871.6,2026-10-09
TATASTEEL,EQ,171.0,174.44,170.23,173.8,171.96,13053584,22618.28,2026-10-09
TATATECH,EQ,698.75,736.0,695.1,715.85,694.65,2592329,18776.12,2026-10-09
TATSILV,EQ,21.15,21.36,21.15,21.31,20.9,26623905,5668.05,2026-10-09
TATVA,EQ,1850.1,1880.9,1782.1,1804.8,1855.6,77489,1409.89,2026-10-09
TBOTEK,EQ,1670.5,1679.9,1636.0,1666.4,1666.5,209266,3475.88,2026-10-09
TCC,EQ,44.9,45.22,43.5,43.93,44.84,292590,129.01,2026-10-09
TCI,EQ,867.15,867.15,825.0,851.45,877.05,26266,224.35,2026-10-09
TCIEXP,EQ,485.0,487.0,460.55,466.15,477.2,70741,331.43,2026-10-09
TCIFINANCE,EQ,13.26,14.69,13.26,14.13,14.11,20730,2.9,2026-10-09
TCPLPACK,EQ,4090.0,4298.0,3996.4,4274.7,3994.4,45318,1907.09,2026-10-09
TCS,EQ,2086.0,2204.0,2086.0,2156.0,2076.0,11692314,253572.01,2026-10-09
TDPOWERSYS,EQ,795.0,813.0,773.85,793.75,793.5,2207016,17599.27,2026-10-09
TEAMGTY,EQ,240.45,249.6,235.0,243.02,235.75,1628,3.91,2026-10-09
TEAMLEASE,EQ,1080.0,1109.0,1056.0,1068.0,1076.9,23274,247.94,2026-10-09
TECH,EQ,30.48,31.5,30.41,31.26,30.48,127599,39.85,2026-10-09
TECHM,EQ,1500.0,1536.6,1496.2,1514.1,1496.2,2021871,30784.13,2026-10-09
TECHNOCRAF,EQ,472.5,483.6,465.1,474.15,472.5,900005,4287.3,2026-10-09
TECHNOE,EQ,945.2,959.0,938.6,954.9,942.7,70648,672.46,2026-10-09
TECHNVISN,EQ,4500.0,4599.0,4379.8,4487.7,4384.5,795,35.67,2026-10-09
TECILCHEM,EQ,9.69,9.7,8.96,9.32,9.47,13519,1.3,2026-10-09
TEGA,EQ,1971.1,2005.4,1928.5,1935.0,1958.1,328913,6449.64,2026-10-09
TEJASNET,EQ,456.0,461.0,445.7,447.2,451.15,1161684,5228.28,2026-10-09
TEMBO,EQ,56.06,56.72,53.35,55.06,55.91,2078306,1141.43,2026-10-09
TEMPSENS,EQ,563.5,583.1,551.0,576.4,561.0,1782494,10131.04,2026-10-09
TENNIND,EQ,468.8,479.0,465.0,473.7,468.8,686322,3251.36,2026-10-09
TERAI,EQ,118.75,140.01,114.0,140.01,116.68,25082,34.6,2026-10-09
TERASOFT,EQ,219.0,229.49,217.66,225.64,217.16,25779,57.78,2026-10-09
TEXINFRA,EQ,120.2,120.98,115.2,118.07,120.04,393940,468.19,2026-10-09
TEXMOPIPES,EQ,51.5,52.65,51.0,51.21,51.42,53564,27.59,2026-10-09
TEXRAIL,EQ,107.75,114.1,105.05,110.99,107.08,5259219,5804.28,2026-10-09
TFCILTD,EQ,147.39,150.2,145.0,147.05,146.65,27675622,40752.38,2026-10-09
TFL,EQ,11.7,12.2,11.51,12.05,11.88,43818,5.27,2026-10-09
TGBHOTELS,EQ,9.18,9.38,8.85,9.08,8.99,13772,1.24,2026-10-09
TGVSL,EQ,121.8,124.0,117.72,121.4,120.82,212393,254.84,2026-10-09
THACKER,EQ,893.0,944.0,893.0,902.0,938.75,162,1.49,2026-10-09
THAKDEV,EQ,126.5,129.0,126.35,126.36,133.0,119,0.15,2026-10-09
THANGAMAYL,EQ,4800.5,4920.0,4792.5,4889.5,4810.5,38850,1897.97,2026-10-09
THEINVEST,EQ,91.89,92.8,89.0,89.44,90.72,3796,3.42,2026-10-09
THEJO,EQ,2079.6,2081.9,2010.1,2025.5,2073.8,6740,137.1,2026-10-09
THELEELA,EQ,589.9,609.0,576.2,587.5,586.95,227500,1341.73,2026-10-09
THEMISMED,EQ,109.49,113.0,107.25,108.57,108.71,75032,82.72,2026-10-09
THERMAX,EQ,3202.0,3352.0,3180.5,3256.3,3138.1,574697,18803.88,2026-10-09
THOMASCOOK,EQ,98.55,99.75,96.5,96.75,98.53,397056,387.26,2026-10-09
THOMASCOTT,EQ,269.05,272.35,261.0,269.7,266.4,23545,62.82,2026-10-09
THYROCARE,EQ,503.0,503.5,490.9,499.7,501.0,346025,1726.23,2026-10-09
TI,EQ,543.7,550.4,529.45,541.0,548.05,1535658,8285.69,2026-10-09
TIGERLOGS,EQ,25.0,25.0,22.68,23.59,24.88,305706,72.21,2026-10-09
TIIL,EQ,2581.8,2685.0,2581.8,2631.1,2581.9,31941,843.2,2026-10-09
TIINDIA,EQ,2245.5,2272.7,2213.0,2213.0,2241.0,841286,18833.09,2026-10-09
TIMETECHNO,EQ,180.0,182.55,175.63,176.35,179.68,1622533,2909.29,2026-10-09
TIMEX,EQ,709.9,730.0,692.8,724.4,709.25,352976,2510.29,2026-10-09
TIMKEN,EQ,3030.4,3044.4,2953.0,2962.8,3015.6,17063,508.07,2026-10-09
TINNARUBR,EQ,872.8,909.85,870.2,885.85,879.6,41596,370.0,2026-10-09
TIPSFILMS,EQ,318.25,324.5,311.6,316.25,318.2,9595,30.57,2026-10-09
TIPSMUSIC,EQ,621.95,642.0,621.95,636.35,618.15,147283,930.77,2026-10-09
TIRUMALCHM,EQ,143.97,144.95,141.52,142.72,142.84,157730,225.68,2026-10-09
TITAGARH,EQ,779.9,789.0,770.2,777.2,778.0,196581,1531.25,2026-10-09
TITAN,EQ,4375.1,4430.7,4360.2,4410.0,4359.5,591677,26039.95,2026-10-09
TMB,EQ,855.5,879.2,852.5,874.8,855.45,130870,1135.73,2026-10-09
TMCV,EQ,415.0,419.0,408.6,410.3,413.2,4593192,18980.81,2026-10-09
TMPV,EQ,275.8,280.95,274.6,279.9,273.0,6477363,18075.92,2026-10-09
TNIDETF,EQ,81.3,85.0,81.3,84.88,83.24,36711,31.06,2026-10-09
TNPETRO,EQ,119.05,121.5,116.22,118.51,118.98,551508,659.0,2026-10-09
TNPL,EQ,138.2,143.1,136.21,141.31,137.95,140009,195.68,2026-10-09
TOKYOPLAST,EQ,69.89,71.48,68.0,68.1,69.89,161,0.11,2026-10-09
TOLINS,EQ,88.45,88.69,86.23,86.89,86.56,16498,14.36,2026-10-09
TOP100CASE,EQ,9.95,9.96,9.8,9.92,9.8,580930,57.43,2026-10-09
TOP10ADD,EQ,82.88,84.28,82.88,84.06,82.5,125236,104.89,2026-10-09
TOP15IETF,EQ,9.1,9.27,9.1,9.19,9.09,29357,2.71,2026-10-09
TOP20,EQ,8.3,8.4,8.3,8.38,8.24,190204,15.91,2026-10-09
TORNTPHARM,EQ,4618.0,4660.0,4590.0,4656.9,4617.1,341921,15851.39,2026-10-09
TORNTPOWER,EQ,1220.0,1220.1,1178.5,1188.6,1214.6,380383,4528.46,2026-10-09
TOUCHWOOD,EQ,58.41,59.69,57.2,59.68,58.54,245,0.14,2026-10-09
TOYAMSL,EQ,0.76,0.76,0.75,0.76,0.73,187212,1.42,2026-10-09
TPLPLASTEH,EQ,68.7,68.92,66.85,67.08,67.69,112592,76.37,2026-10-09
TRACXN,EQ,32.62,35.0,32.5,34.66,33.06,356006,121.39,2026-10-09
TRANSCOR,EQ,24.48,24.48,23.36,24.45,23.98,434,0.11,2026-10-09
TRANSRAILL,EQ,474.0,476.0,462.65,464.65,472.15,390123,1820.59,2026-10-09
TRAVELFOOD,EQ,1186.2,1193.0,1166.0,1183.9,1186.2,46223,545.43,2026-10-09
TREEHOUSE,EQ,5.62,5.95,5.54,5.79,5.65,4723,0.27,2026-10-09
TREJHARA,EQ,129.0,134.97,124.52,130.56,124.43,22326,29.0,2026-10-09
TREL,EQ,25.41,26.19,25.1,25.77,25.75,45535,11.68,2026-10-09
TRENT,EQ,2876.3,2930.5,2855.0,2918.2,2876.3,753581,21942.49,2026-10-09
TRF,EQ,192.73,224.0,190.0,216.94,191.78,56466,120.13,2026-10-09
TRIDENT,EQ,22.05,22.12,21.6,21.96,21.83,2978289,651.44,2026-10-09
TRIGYN,EQ,52.0,52.2,50.0,51.55,51.59,12939,6.62,2026-10-09
TRITONV,EQ,1050.0,1060.4,1020.0,1036.4,1029.9,1957,20.32,2026-10-09
TRITURBINE,EQ,518.0,523.0,503.85,511.1,516.45,980158,4983.26,2026-10-09
TRIVENI,EQ,243.1,243.59,234.33,235.67,237.86,463098,1102.73,2026-10-09
TRU,EQ,4.49,4.54,4.17,4.47,4.36,72974,3.24,2026-10-09
TRUALT,EQ,427.15,428.5,411.95,427.2,424.05,296304,1250.04,2026-10-09
TSFINV,EQ,398.0,406.9,396.1,403.9,397.55,53142,213.43,2026-10-09
TTKHLTCARE,EQ,1025.0,1025.0,998.0,1016.6,1007.0,6689,67.64,2026-10-09
TTKPRESTIG,EQ,513.0,517.7,506.05,515.15,513.0,26664,136.97,2026-10-09
TTL,EQ,7.11,7.27,6.9,6.96,7.11,95825,6.73,2026-10-09
TTML,EQ,33.0,33.34,32.63,32.89,32.95,1507076,495.6,2026-10-09
TURTLEMINT,EQ,69.3,70.4,67.83,68.31,69.53,658026,453.73,2026-10-09
TUTIALKA,EQ,53.49,55.5,52.04,52.21,52.41,5687,2.99,2026-10-09
TVSELECT,EQ,386.7,389.95,377.1,385.9,386.7,33672,128.98,2026-10-09
TVSHLTD,EQ,11619.0,11619.0,11402.0,11441.0,11529.0,3517,404.73,2026-10-09
TVSMOTOR,EQ,3830.0,3892.9,3741.9,3866.8,3839.4,1088205,41806.45,2026-10-09
TVSSCS,EQ,125.92,126.9,123.42,124.54,125.92,431448,538.67,2026-10-09
TVSSRICHAK,EQ,4274.0,4430.0,4250.0,4374.2,4255.2,6538,285.0,2026-10-09
TVTODAY,EQ,102.5,106.38,101.54,102.32,103.3,17590,18.29,2026-10-09
TWCGOLDETF,EQ,147.67,148.33,147.51,147.96,146.0,3445,5.1,2026-10-09
UBL,EQ,1165.5,1194.0,1164.8,1168.2,1162.7,110222,1295.57,2026-10-09
UCOBANK,EQ,23.09,23.41,22.9,23.25,22.96,2973032,690.77,2026-10-09
UDAYJEW,EQ,168.6,197.9,166.94,181.76,168.73,601862,1117.08,2026-10-09
UDS,EQ,208.9,209.0,199.0,199.8,210.09,161754,326.13,2026-10-09
UEL,EQ,213.0,214.94,205.1,214.94,195.4,117105,250.46,2026-10-09
UFLEX,EQ,628.0,629.35,616.0,621.7,617.05,76093,473.25,2026-10-09
UFO,EQ,55.98,56.45,53.9,55.49,54.9,39272,21.85,2026-10-09
UGROCAP,EQ,79.9,82.0,78.66,79.93,79.72,142038,112.9,2026-10-09
UJJIVANSFB,EQ,62.35,62.94,61.1,61.45,62.3,18832375,11645.1,2026-10-09
ULTRACEMCO,EQ,10485.0,10684.0,10479.0,10675.0,10426.0,157341,16699.33,2026-10-09
ULTRAMAR,EQ,400.1,403.2,396.35,398.55,400.8,84996,339.77,2026-10-09
UMESLTD,EQ,4.66,4.66,4.3,4.4,4.57,21749,0.98,2026-10-09
UMIYA-MRO,EQ,93.17,93.17,91.56,92.24,92.71,826,0.76,2026-10-09
UNICHEMLAB,EQ,534.0,539.5,519.0,531.1,530.9,74517,394.19,2026-10-09
UNIDT,EQ,227.5,229.18,216.63,218.61,226.24,28841,64.26,2026-10-09
UNIECOM,EQ,79.61,83.16,79.11,82.82,79.9,281360,229.26,2026-10-09
UNIENTER,EQ,87.0,87.64,85.05,87.2,86.39,764,0.66,2026-10-09
UNIINFO,EQ,11.38,11.69,10.93,11.5,11.16,725,0.08,2026-10-09
UNIMECH,EQ,1752.0,1795.0,1727.8,1734.8,1751.9,106141,1857.56,2026-10-09
UNIONBANK,EQ,173.0,174.65,171.0,173.06,171.51,6981361,12050.89,2026-10-09
UNIONGOLD,EQ,144.8,145.5,144.8,145.0,143.35,424,0.62,2026-10-09
UNIPARTS,EQ,776.6,793.3,749.65,757.95,776.6,163992,1247.56,2026-10-09
UNITDSPR,EQ,1319.9,1366.0,1318.3,1366.0,1318.2,988261,13409.28,2026-10-09
UNITECH,EQ,4.02,4.22,4.01,4.06,4.01,7649788,313.78,2026-10-09
UNITEDPOLY,EQ,48.49,52.0,44.81,50.12,47.56,1538149,756.8,2026-10-09
UNITEDTEA,EQ,403.3,414.0,403.2,407.45,403.0,357,1.45,2026-10-09
UNIVCABLES,EQ,1568.0,1571.0,1505.0,1518.8,1549.9,64028,979.92,2026-10-09
UNOMINDA,EQ,1087.4,1115.0,1086.5,1108.0,1085.0,328752,3636.52,2026-10-09
UPHOT,EQ,1600.0,1600.0,1585.0,1585.0,1597.0,30,0.48,2026-10-09
UPL,EQ,482.95,493.85,481.9,488.45,481.05,1335383,6545.05,2026-10-09
URBANCO,EQ,161.45,162.8,159.31,159.76,160.25,2197839,3533.18,2026-10-09
URJA,EQ,8.32,8.47,8.31,8.33,8.36,455001,38.07,2026-10-09
USHAMART,EQ,505.0,509.4,496.05,502.05,503.95,638061,3201.73,2026-10-09
USK,EQ,19.39,20.84,18.8,18.96,18.72,17186,3.32,2026-10-09
UTIAMC,EQ,875.25,884.95,868.05,877.7,877.2,44976,394.94,2026-10-09
UTKARSHBNK,EQ,13.38,13.91,13.21,13.58,13.64,6601254,889.84,2026-10-09
UTLSOLAR,EQ,409.2,414.45,402.7,409.05,409.2,129592,529.07,2026-10-09
UTTAMSUGAR,EQ,294.75,302.5,294.15,298.05,291.55,151371,451.48,2026-10-09
V2RETAIL,EQ,155.99,157.19,151.0,154.5,154.87,1967549,3031.2,2026-10-09
VADILALIND,EQ,7181.0,7221.0,7115.5,7162.0,7167.5,3806,272.91,2026-10-09
VADILENT,EQ,9810.0,9810.0,9740.0,9800.0,9822.0,7,0.69,2026-10-09
VAIBHAVGBL,EQ,199.4,206.0,199.4,201.67,199.55,280921,568.84,2026-10-09
VAISHALI,EQ,8.38,8.38,7.81,7.92,7.99,86580,6.94,2026-10-09
VAKRANGEE,EQ,5.06,5.09,5.0,5.04,5.04,994840,50.09,2026-10-09
VAL30IETF,EQ,14.05,15.18,14.0,14.32,13.99,102405,14.49,2026-10-09
VALIANTORG,EQ,450.0,472.05,428.3,467.7,450.6,131081,592.28,2026-10-09
VALUE,EQ,14.85,15.02,14.85,14.98,14.82,36225,5.42,2026-10-09
VALUEAXIS,EQ,30.52,30.98,30.25,30.55,30.37,38416,11.71,2026-10-09
VAML,EQ,376.0,377.3,368.2,371.65,374.45,10848362,40327.3,2026-10-09
VARDHACRLC,EQ,42.75,43.99,41.51,42.75,42.7,52781,22.58,2026-10-09
VARDMNPOLY,EQ,5.39,5.5,5.19,5.26,5.25,376738,19.89,2026-10-09
VARMORA,EQ,135.0,136.01,133.0,134.21,134.16,1449786,1945.27,2026-10-09
VARROC,EQ,802.9,806.95,784.65,793.6,802.9,123172,979.63,2026-10-09
VASCONEQ,EQ,30.34,30.89,29.83,30.68,30.34,254583,77.6,2026-10-09
VASUPRADA,EQ,103.91,103.91,99.5,99.5,98.97,41,0.04,2026-10-09
VASWANI,EQ,42.46,44.18,42.46,43.74,43.37,7019,3.06,2026-10-09
VBL,EQ,430.55,441.0,430.15,441.0,432.0,2906521,12745.95,2026-10-09
VEDAVAAG,EQ,22.33,23.3,22.22,23.19,22.22,20088,4.62,2026-10-09
VEDL,EQ,254.6,264.5,254.35,264.0,253.1,11577993,30232.14,2026-10-09
VEDPOWER,EQ,31.79,32.16,31.19,31.59,31.89,7104650,2255.61,2026-10-09
VEEDOL,EQ,1356.6,1369.0,1345.0,1352.2,1357.8,6248,84.69,2026-10-09
VEEGALAND,EQ,139.9,139.9,133.23,133.9,136.9,399618,541.84,2026-10-09
VENKEYS,EQ,1614.7,1635.0,1580.0,1595.8,1608.2,23569,379.34,2026-10-09
VENTIVE,EQ,563.55,573.5,549.5,551.7,563.55,22458,124.77,2026-10-09
VENUSPIPES,EQ,2160.1,2171.7,2001.3,2041.4,2119.8,274899,5646.16,2026-10-09
VERTOZ,EQ,32.05,33.04,31.51,32.19,32.43,34762,11.16,2026-10-09
VESUVIUS,EQ,408.0,411.0,397.3,409.0,406.65,69533,282.11,2026-10-09
VETO,EQ,135.0,135.79,131.06,131.63,135.63,46125,61.24,2026-10-09
VGCL,EQ,48.08,52.88,48.03,49.99,48.08,362279,181.11,2026-10-09
VGL,EQ,63.69,64.49,61.92,62.44,62.41,68591,42.92,2026-10-09
VGUARD,EQ,292.9,293.75,287.45,288.2,291.85,394667,1142.52,2026-10-09
VHL,EQ,3650.0,3685.0,3570.0,3650.0,3578.8,2153,78.15,2026-10-09
VIDHIING,EQ,333.4,333.9,326.0,332.4,331.0,9003,29.73,2026-10-09
VIDYAWIRES,EQ,99.0,101.27,95.58,98.06,98.03,1638627,1615.28,2026-10-09
VIJAYA,EQ,1423.0,1452.0,1417.6,1436.6,1431.1,47126,677.27,2026-10-09
VIJSOLX,EQ,661.0,679.95,645.0,659.6,661.0,591,3.87,2026-10-09
VIKASECO,EQ,1.01,1.05,1.01,1.01,1.01,1546247,15.78,2026-10-09
VIKASLIFE,EQ,1.19,1.22,1.18,1.19,1.18,1708839,20.49,2026-10-09
VIKRAMSOLR,EQ,143.99,144.5,141.0,142.32,143.31,1566297,2234.36,2026-10-09
VIKRAN,EQ,57.13,57.79,55.4,55.84,56.76,822631,461.94,2026-10-09
VIMTALABS,EQ,553.0,554.05,525.75,537.45,553.0,133418,720.97,2026-10-09
VINATIORGA,EQ,1127.0,1139.3,1116.2,1124.5,1120.8,40190,451.64,2026-10-09
VINCOFE,EQ,176.5,179.04,171.31,173.46,175.79,1249045,2179.01,2026-10-09
VINDHYATEL,EQ,2784.9,2856.6,2777.0,2814.4,2776.7,57692,1623.34,2026-10-09
VINEETLAB,EQ,37.9,37.9,34.61,37.45,36.5,54462,19.86,2026-10-09
VINNY,EQ,0.89,0.9,0.85,0.86,0.89,214573,1.88,2026-10-09
VINYLINDIA,EQ,209.8,213.99,198.0,201.71,209.8,21163,42.84,2026-10-09
VIPCLOTHNG,EQ,20.5,20.5,19.8,20.14,19.97,8306,1.68,2026-10-09
VIPIND,EQ,275.2,277.35,267.15,269.55,275.2,265449,717.23,2026-10-09
VIRAT,EQ,406.0,446.85,406.0,435.4,406.25,46752,205.32,2026-10-09
VIRINCHI,EQ,12.77,13.05,12.6,12.81,12.76,73082,9.38,2026-10-09
VISACHROME,EQ,33.95,34.46,32.51,33.9,33.31,13191,4.49,2026-10-09
VISHAL,EQ,16.48,17.5,16.29,17.14,16.48,51778,8.81,2026-10-09
VISHNU,EQ,667.6,675.95,653.0,654.85,665.65,60193,396.69,2026-10-09
VISHWARAJ,EQ,5.4,5.57,5.25,5.33,5.35,320959,17.29,2026-10-09
VISL,EQ,28.7,29.4,27.9,29.09,28.46,13878922,3997.48,2026-10-09
VITAL,EQ,52.5,52.5,48.0,51.99,52.5,5772,2.89,2026-10-09
VIVIANA,EQ,850.05,869.7,809.7,817.85,844.35,35169,289.95,2026-10-09
VIVIDHA,EQ,0.51,0.52,0.5,0.51,0.5,379342,1.93,2026-10-09
VIVOBIOT,EQ,14.54,15.2,14.05,14.93,14.51,36581,5.43,2026-10-09
VIYASH,EQ,236.01,239.76,232.29,234.06,235.86,1638950,3847.53,2026-10-09
VLEGOV,EQ,9.29,9.65,8.92,9.08,9.44,405771,38.19,2026-10-09
VLSFINANCE,EQ,226.5,233.0,218.4,221.43,228.67,9016,20.21,2026-10-09
VMART,EQ,811.15,847.7,801.0,821.95,811.15,144267,1193.74,2026-10-09
VMM,EQ,97.5,97.95,96.6,97.5,97.0,6697179,6527.15,2026-10-09
VMSTMT,EQ,44.42,45.76,44.16,44.61,44.66,24064,10.79,2026-10-09
VOEPL,EQ,535.0,539.5,510.35,524.95,532.6,110434,578.09,2026-10-09
VOGL,EQ,29.94,30.54,29.12,30.1,29.87,18199503,5474.16,2026-10-09
VOITHPAPR,EQ,1398.7,1424.0,1366.6,1373.1,1398.7,542,7.51,2026-10-09
VOLTAMP,EQ,10358.0,10473.0,10161.0,10302.0,10399.0,10796,1111.79,2026-10-09
VOLTAS,EQ,1035.4,1048.5,1028.6,1033.7,1032.0,236986,2461.47,2026-10-09
VPRPL,EQ,27.4,27.78,26.76,27.11,27.4,326648,88.4,2026-10-09
VRAJ,EQ,118.33,121.7,117.0,120.1,119.85,7339,8.73,2026-10-09
VRLLOG,EQ,284.5,287.9,282.8,284.15,284.1,211064,601.09,2026-10-09
VSSL,EQ,376.15,379.0,365.3,373.4,376.15,72211,267.63,2026-10-09
VSTIND,EQ,200.55,202.56,200.0,201.58,200.86,89035,178.77,2026-10-09
VSTL,EQ,104.95,105.95,100.0,101.24,104.78,28882,29.59,2026-10-09
VSTTILLERS,EQ,4257.2,4264.1,4163.3,4235.1,4211.5,4630,195.44,2026-10-09
VTL,EQ,527.0,537.35,524.45,528.2,527.35,120814,638.6,2026-10-09
VTMLTD,EQ,31.99,37.89,30.41,37.89,31.58,416468,151.51,2026-10-09
WAAREEENER,EQ,2326.0,2345.0,2281.8,2323.0,2317.0,349115,8081.42,2026-10-09
WAAREEINDO,EQ,202.5,202.5,196.24,198.04,197.0,92283,183.41,2026-10-09
WAAREERTL,EQ,799.7,814.8,798.8,802.45,795.95,125233,1007.59,2026-10-09
WABAG,EQ,1943.9,1957.6,1921.3,1936.8,1934.1,270798,5240.87,2026-10-09
WAKEFIT,EQ,130.6,133.91,128.71,131.39,130.51,710663,931.29,2026-10-09
WALCHANNAG,EQ,210.0,215.5,206.5,207.3,208.01,795148,1678.58,2026-10-09
WANBURY,EQ,192.0,201.0,190.89,196.42,194.2,356358,699.63,2026-10-09
WATERBASE,EQ,44.16,44.84,43.81,44.31,44.12,6687,2.95,2026-10-09
WCIL,EQ,92.8,97.8,92.8,97.52,93.3,571502,549.0,2026-10-09
WEALTH,EQ,833.5,949.85,833.0,911.3,836.7,5461,48.61,2026-10-09
WEBELSOLAR,EQ,66.35,67.25,65.0,65.57,66.4,1407005,931.22,2026-10-09
WEIZMANIND,EQ,70.31,71.99,70.25,71.46,71.07,373,0.26,2026-10-09
WEL,EQ,75.25,76.0,74.21,75.54,75.25,134919,100.91,2026-10-09
WELCORP,EQ,2657.9,2691.6,2601.7,2640.4,2651.3,760698,20077.79,2026-10-09
WELENT,EQ,740.0,744.4,725.05,735.9,732.35,124975,915.97,2026-10-09
WELSPLSOL,EQ,49.0,49.5,48.31,48.98,48.92,446585,218.56,2026-10-09
WELSPUNLIV,EQ,225.93,230.31,220.01,223.75,225.07,2587725,5795.94,2026-10-09
WENDT,EQ,7720.0,7844.0,7612.0,7748.5,7712.0,5264,406.28,2026-10-09
WESTLIFE,EQ,574.9,584.2,571.9,580.6,577.2,64759,375.18,2026-10-09
WEWIN,EQ,50.5,52.0,50.4,51.33,51.36,814,0.41,2026-10-09
WEWORK,EQ,664.0,674.35,656.0,669.45,664.1,96372,642.61,2026-10-09
WHBRADY,EQ,471.75,471.75,471.75,471.75,471.75,1,0.0,2026-10-09
WHEELS,EQ,2193.1,2241.8,2143.0,2207.2,2208.2,73512,1624.1,2026-10-09
WHIRLPOOL,EQ,830.45,836.0,810.0,816.75,823.15,493704,4039.11,2026-10-09
WILLAMAGOR,EQ,20.29,21.4,20.0,20.18,19.91,3934,0.8,2026-10-09
WINDLAS,EQ,1001.9,1007.1,936.0,949.2,991.6,129137,1234.76,2026-10-09
WINDMACHIN,EQ,289.8,298.95,287.1,296.2,288.1,37371,109.37,2026-10-09
WIPL,EQ,160.69,162.9,160.01,160.37,160.69,2086,3.34,2026-10-09
WIPRO,EQ,158.3,164.3,158.3,162.57,158.38,23916315,38951.49,2026-10-09
WOCKPHARMA,EQ,2045.8,2064.0,1986.1,1996.4,2029.6,687125,13812.73,2026-10-09
WONDERLA,EQ,505.7,514.0,500.0,508.55,509.45,45100,227.64,2026-10-09
WORTHPERI,EQ,136.2,164.61,136.0,154.9,137.18,115180,178.12,2026-10-09
WPIL,EQ,426.85,435.5,422.55,430.9,421.0,19698,84.45,2026-10-09
WSI,EQ,52.8,53.99,51.5,53.74,52.89,27302,14.4,2026-10-09
WSTCSTPAPR,EQ,715.0,735.4,709.85,727.65,713.1,187634,1358.13,2026-10-09
XCHANGING,EQ,59.58,60.97,59.05,60.3,58.96,35050,20.94,2026-10-09
XELPMOC,EQ,90.39,94.25,87.0,87.94,90.39,6307,5.65,2026-10-09
XPROINDIA,EQ,1088.1,1111.8,1088.1,1095.0,1088.1,34540,379.42,2026-10-09
XTGLOBAL,EQ,26.61,27.0,26.0,26.76,26.85,20182,5.35,2026-10-09
XTRANET,EQ,288.45,301.95,278.55,287.5,287.6,604762,1769.22,2026-10-09
YASHO,EQ,4150.0,4219.4,3981.1,4125.0,4114.7,26040,1071.01,2026-10-09
YATHARTH,EQ,1020.5,1055.0,1012.8,1022.2,1014.2,283350,2927.27,2026-10-09
YATRA,EQ,97.13,97.16,94.5,94.74,96.1,702482,669.47,2026-10-09
YESBANK,EQ,20.48,20.69,20.42,20.5,20.45,49563814,10181.26,2026-10-09
YOGI,EQ,156.0,160.0,156.0,159.99,156.35,1503,2.35,2026-10-09
YUKEN,EQ,1120.0,1147.7,1065.1,1089.2,1135.3,42988,471.47,2026-10-09
ZAGGLE,EQ,167.55,169.04,165.8,168.3,166.43,662813,1111.4,2026-10-09
ZEEL,EQ,68.7,70.5,68.16,69.97,68.37,14228095,9894.08,2026-10-09
ZEELEARN,EQ,6.2,6.24,5.99,6.07,6.2,178544,10.97,2026-10-09
ZEEMEDIA,EQ,7.07,7.14,7.0,7.03,7.05,1103292,77.75,2026-10-09
ZENITHSTL,EQ,5.19,5.28,5.06,5.2,5.11,30992,1.61,2026-10-09
ZENSARTECH,EQ,445.0,462.0,443.2,448.55,441.8,1677315,7622.49,2026-10-09
ZENTEC,EQ,1510.0,1534.7,1485.0,1528.8,1514.2,238886,3619.76,2026-10-09
ZFCVINDIA,EQ,2105.9,2120.8,2075.0,2082.2,2116.2,28388,593.8,2026-10-09
ZFSTEERING,EQ,685.25,693.75,681.3,688.65,683.1,1082,7.44,2026-10-09
ZIMLAB,EQ,141.0,153.94,138.69,150.47,140.53,554208,827.28,2026-10-09
ZODIAC,EQ,214.0,214.0,205.0,205.97,207.2,6441,13.36,2026-10-09
ZODIACLOTH,EQ,66.04,67.97,64.41,65.31,66.19,9956,6.53,2026-10-09
ZOTA,EQ,1322.0,1331.9,1300.0,1324.1,1322.4,27310,360.46,2026-10-09
ZSARACOM,EQ,9636.0,9900.0,9636.0,9900.0,9901.0,3,0.29,2026-10-09
ZUARI,EQ,208.51,209.91,206.0,206.98,208.18,54843,113.82,2026-10-09
ZUARIIND,EQ,268.05,271.2,265.4,268.6,268.7,25414,68.07,2026-10-09
ZYDUSLIFE,EQ,1112.0,1123.7,1105.4,1117.5,1112.0,529822,5920.63,2026-10-09
ZYDUSWELL,EQ,494.05,498.25,489.6,490.7,495.8,72845,359.24,2026-10-09
