SYMBOL,SERIES,OPEN_PRICE,HIGH_PRICE,LOW_PRICE,CLOSE_PRICE,PREV_CLOSE,TTL_TRD_QNTY,TURNOVER_LACS,DATE
20MICRONS,EQ,207.77,209.0,204.62,208.28,205.71,45744,94.7,2026-09-18
21STCENMGM,EQ,38.81,39.29,38.81,38.98,38.62,135,0.05,2026-09-18
360ONE,EQ,1060.5,1086.1,1060.5,1073.1,1061.3,519067,5594.95,2026-09-18
3BBLACKBIO,EQ,1313.5,1328.7,1289.8,1319.3,1290.8,6766,87.92,2026-09-18
3MINDIA,EQ,32530.0,34450.0,32380.0,34095.0,32530.0,8040,2706.74,2026-09-18
3PLAND,EQ,31.5,31.5,30.5,31.09,31.4,721,0.22,2026-09-18
5PAISA,EQ,314.1,323.0,314.1,321.35,315.4,21347,68.25,2026-09-18
63MOONS,EQ,872.65,890.15,864.45,884.75,872.65,231331,2036.73,2026-09-18
A2ZINFRA,EQ,15.31,15.31,14.87,14.89,15.01,43624,6.52,2026-09-18
AAATECH,EQ,88.0,88.0,84.05,86.95,84.57,107337,92.76,2026-09-18
AADHARHFC,EQ,467.0,470.7,453.7,461.65,469.35,2175228,10049.29,2026-09-18
AAKASH,EQ,8.92,9.18,8.8,8.88,8.92,78109,7.02,2026-09-18
AAREYDRUGS,EQ,103.0,103.5,98.81,102.13,101.72,289834,295.43,2026-09-18
AARON,EQ,124.42,126.99,115.0,119.92,124.42,38147,45.48,2026-09-18
AARTIDRUGS,EQ,428.35,435.2,426.0,431.8,428.35,88332,381.04,2026-09-18
AARTIIND,EQ,476.65,493.45,476.25,491.15,476.6,541708,2643.75,2026-09-18
AARTIPHARM,EQ,827.0,845.7,812.4,820.4,826.95,1901494,15632.53,2026-09-18
AARVI,EQ,141.9,141.9,138.12,139.95,140.82,3984,5.56,2026-09-18
AASTHA,EQ,77.99,77.99,74.24,76.25,76.78,240248,182.18,2026-09-18
AAVAS,EQ,1296.0,1304.9,1273.8,1284.6,1291.8,164549,2121.69,2026-09-18
ABANSENT,EQ,26.61,27.46,26.0,26.07,26.61,7320,1.94,2026-09-18
ABB,EQ,7185.5,7307.0,7151.0,7270.5,7130.5,383030,27671.62,2026-09-18
ABBOTINDIA,EQ,26035.0,27490.0,26035.0,27270.0,25910.0,38339,10381.22,2026-09-18
ABCAPITAL,EQ,390.5,410.05,390.5,410.05,390.0,4888619,19711.99,2026-09-18
ABCOTS,EQ,221.0,222.01,206.05,209.85,210.83,219982,473.94,2026-09-18
ABDL,EQ,649.9,659.55,641.0,647.6,653.1,437696,2846.31,2026-09-18
ABFRL,EQ,50.6,50.77,49.8,50.16,50.45,3238057,1626.97,2026-09-18
ABGSEC,EQ,114.2,114.2,113.19,114.2,113.07,8,0.01,2026-09-18
ABLBL,EQ,82.75,82.75,80.81,81.17,82.41,1106286,901.07,2026-09-18
ABMKNO,EQ,178.0,187.9,170.05,170.5,174.37,1382,2.37,2026-09-18
ABREL,EQ,1264.0,1279.0,1249.2,1266.2,1257.4,171318,2167.67,2026-09-18
ABSL10BANK,EQ,165.5,166.3,165.0,166.04,164.39,281,0.47,2026-09-18
ABSLAMC,EQ,1083.0,1107.9,1053.4,1060.4,1090.1,378189,4098.41,2026-09-18
ABSLBANETF,EQ,57.65,57.92,57.53,57.72,57.61,10671,6.16,2026-09-18
ABSLLIQUID,EQ,995.0,1004.94,995.0,1000.0,1000.0,8812,88.12,2026-09-18
ABSLMSCIN,EQ,28.82,28.93,28.68,28.69,28.72,608,0.17,2026-09-18
ABSLNN50ET,EQ,74.81,75.99,73.87,75.87,74.81,7289,5.5,2026-09-18
ABSLPSE,EQ,10.1,10.1,9.97,10.05,9.93,46993,4.71,2026-09-18
ACC,EQ,1236.6,1279.9,1236.6,1259.7,1232.5,386560,4852.96,2026-09-18
ACCELYA,EQ,1131.8,1132.0,1117.0,1123.0,1122.0,3559,39.93,2026-09-18
ACE,EQ,1212.3,1241.5,1202.0,1229.2,1205.6,881443,10808.64,2026-09-18
ACEINTEG,EQ,17.8,17.81,17.11,17.37,18.0,2419,0.42,2026-09-18
ACGL,EQ,1798.0,1836.9,1725.1,1737.2,1774.0,1004,17.74,2026-09-18
ACI,EQ,463.65,473.0,458.0,467.15,462.4,327739,1528.52,2026-09-18
ACL,EQ,42.8,42.99,41.52,42.66,41.98,6820,2.9,2026-09-18
ACMESOLAR,EQ,411.5,440.7,411.5,435.25,411.3,12038412,52008.26,2026-09-18
ACUTAAS,EQ,3334.0,3462.0,3302.5,3440.3,3315.1,521496,17723.02,2026-09-18
ADANIENSOL,EQ,1380.9,1436.5,1380.9,1436.1,1386.8,2145921,30511.23,2026-09-18
ADANIENT,EQ,2933.0,3020.0,2924.6,3020.0,2923.2,1628125,48687.8,2026-09-18
ADANIGREEN,EQ,1274.2,1337.9,1274.2,1334.5,1274.2,2597171,34142.11,2026-09-18
ADANIPORTS,EQ,1748.0,1824.0,1744.0,1824.0,1738.3,4148803,74139.05,2026-09-18
ADANIPOWER,EQ,206.05,209.6,205.64,206.6,205.92,18185888,37759.45,2026-09-18
ADDIND,EQ,83.0,83.0,82.65,82.65,78.45,3,0.0,2026-09-18
ADFFOODS,EQ,265.1,265.9,260.2,261.45,267.75,88038,231.3,2026-09-18
ADL,EQ,75.4,75.4,70.0,70.06,72.03,261,0.18,2026-09-18
ADOR,EQ,1570.1,1613.0,1568.9,1592.1,1564.3,19186,303.72,2026-09-18
ADROITINFO,EQ,10.82,11.7,10.82,11.14,11.22,39432,4.46,2026-09-18
ADSL,EQ,96.98,97.46,95.5,96.29,96.99,57062,54.82,2026-09-18
ADVAIT,EQ,2030.0,2030.4,1985.0,2003.6,1990.4,19625,393.41,2026-09-18
ADVANCE,EQ,112.75,112.75,110.0,110.48,111.67,87868,97.37,2026-09-18
ADVANIHOTR,EQ,48.35,49.34,47.62,47.89,47.62,13516,6.52,2026-09-18
ADVENTHTL,EQ,128.11,132.9,125.46,129.15,127.04,174166,222.36,2026-09-18
ADVENZYMES,EQ,291.0,291.85,286.45,287.8,288.1,243137,701.56,2026-09-18
ADVIKCA,EQ,0.97,1.0,0.95,0.98,0.97,216964,2.11,2026-09-18
AEGISLOG,EQ,1362.9,1429.7,1360.0,1415.4,1353.8,1333662,18710.35,2026-09-18
AEGISVOPAK,EQ,313.0,317.0,300.65,314.95,310.7,2342046,7260.72,2026-09-18
AEPL,EQ,15.7,16.5,15.7,15.92,15.78,15668,2.52,2026-09-18
AEQUS,EQ,228.98,233.47,227.0,231.67,229.33,859211,1976.93,2026-09-18
AEROENTER,EQ,122.94,126.9,120.9,125.49,122.94,751302,930.97,2026-09-18
AEROFLEX,EQ,510.0,514.0,497.1,510.9,497.6,890374,4514.18,2026-09-18
AERONEU,EQ,66.28,68.0,66.28,67.09,66.61,28643,19.21,2026-09-18
AEROPLANE,EQ,193.0,203.25,192.12,201.49,193.7,778122,1558.09,2026-09-18
AETHER,EQ,1624.3,1651.3,1618.1,1630.0,1623.3,94450,1547.27,2026-09-18
AFCONS,EQ,264.0,264.4,255.8,263.4,267.3,3352350,8733.06,2026-09-18
AFFLE,EQ,1545.6,1623.5,1535.0,1603.5,1545.6,434146,6888.04,2026-09-18
AFFORDABLE,EQ,164.0,175.0,162.93,172.31,167.31,29285,49.66,2026-09-18
AFIL,EQ,8.96,8.96,8.34,8.61,8.37,302606,25.72,2026-09-18
AFSL,EQ,202.45,202.45,201.0,201.0,201.0,7974,16.03,2026-09-18
AGARIND,EQ,407.8,417.9,405.6,412.65,407.75,17291,70.77,2026-09-18
AGARWALEYE,EQ,500.25,503.0,495.2,500.45,500.15,105331,525.54,2026-09-18
AGI,EQ,740.0,756.0,723.0,745.05,733.75,155939,1150.38,2026-09-18
AGIIL,EQ,266.15,274.0,266.0,270.45,266.15,660624,1785.37,2026-09-18
AGL,EQ,13.94,14.11,13.56,13.8,13.88,1221013,168.34,2026-09-18
AGRITECH,EQ,97.8,99.48,97.55,98.33,96.42,1770,1.74,2026-09-18
AGROPHOS,EQ,24.38,24.38,22.51,23.64,23.44,5479,1.29,2026-09-18
AHCL,EQ,22.68,24.78,22.11,22.9,21.84,145565213,34298.71,2026-09-18
AHLADA,EQ,38.9,39.64,37.2,37.33,39.33,8224,3.1,2026-09-18
AHLEAST,EQ,135.12,139.71,132.01,135.59,134.97,5283,7.05,2026-09-18
AHLUCONT,EQ,568.0,590.0,564.0,584.7,567.6,63766,366.48,2026-09-18
AIAENG,EQ,3967.5,4039.8,3900.0,3973.3,3983.4,75514,2985.08,2026-09-18
AIIL,EQ,531.95,562.0,527.5,559.0,527.2,762508,4213.93,2026-09-18
AIRAN,EQ,16.59,16.9,16.2,16.69,16.7,56051,9.3,2026-09-18
AIROLAM,EQ,89.8,92.0,85.5,89.0,86.15,12571,11.25,2026-09-18
AJANTPHARM,EQ,3535.0,3630.0,3531.5,3563.6,3500.5,201322,7197.82,2026-09-18
AJAXENGG,EQ,563.0,570.2,554.0,559.75,566.6,86718,487.16,2026-09-18
AJMERA,EQ,114.37,116.9,112.73,115.6,113.8,307767,353.12,2026-09-18
AJOONI,EQ,3.24,3.39,3.24,3.28,3.27,714622,23.68,2026-09-18
AKASH,EQ,24.7,24.72,24.27,24.29,24.26,2440,0.6,2026-09-18
AKCAPIT,EQ,1731.4,1755.0,1701.3,1746.4,1748.4,1185,20.59,2026-09-18
AKG,EQ,10.48,10.68,10.02,10.37,10.32,8242,0.85,2026-09-18
AKSHAR,EQ,0.42,0.42,0.41,0.41,0.41,990838,4.13,2026-09-18
AKUMS,EQ,767.1,790.0,767.1,783.7,766.7,330477,2573.85,2026-09-18
ALANKIT,EQ,7.95,7.95,7.6,7.74,7.67,109982,8.52,2026-09-18
ALBERTDAVD,EQ,835.15,841.45,831.0,833.6,838.45,1809,15.1,2026-09-18
ALEMBICLTD,EQ,102.1,106.0,102.1,102.63,102.72,829029,857.92,2026-09-18
ALFREDHE,EQ,2830.0,2830.0,2815.0,2830.0,2820.0,52,1.47,2026-09-18
ALGOQUANT,EQ,70.84,76.2,70.13,72.27,70.13,3786684,2774.55,2026-09-18
ALICON,EQ,710.0,735.0,687.4,729.35,695.15,33801,241.47,2026-09-18
ALIVUS,EQ,1395.1,1443.0,1387.0,1430.8,1387.8,304330,4331.73,2026-09-18
ALKALI,EQ,73.06,87.66,72.05,87.66,73.05,133798,112.65,2026-09-18
ALKEM,EQ,5378.5,5466.5,5310.5,5466.5,5348.5,320770,17211.65,2026-09-18
ALKYLAMINE,EQ,1846.5,1878.0,1838.9,1863.0,1843.8,55371,1029.31,2026-09-18
ALLCARGO,EQ,11.0,11.32,10.84,11.11,11.03,7521321,831.12,2026-09-18
ALLDIGI,EQ,788.5,805.65,767.5,776.3,784.55,12122,94.31,2026-09-18
ALLTIME,EQ,207.94,218.0,207.0,208.4,208.01,65171,136.94,2026-09-18
ALMONDZ,EQ,19.24,19.24,17.92,18.52,18.41,264761,49.07,2026-09-18
ALOKINDS,EQ,7.05,7.15,6.98,7.05,7.05,21523794,1521.75,2026-09-18
ALPA,EQ,60.85,60.85,58.51,59.35,59.64,17399,10.31,2026-09-18
ALPHA,EQ,54.18,54.18,52.86,53.72,52.86,2753171,1475.55,2026-09-18
ALPHAETF,EQ,26.2,26.46,26.16,26.33,26.02,696150,183.29,2026-09-18
ALPINETEX,EQ,52.05,54.0,52.05,52.66,52.9,133099,70.53,2026-09-18
ALPL30IETF,EQ,27.01,27.19,26.98,27.04,27.01,241054,65.23,2026-09-18
ALUFLUOR,EQ,494.85,542.5,494.85,537.15,492.2,28768,152.15,2026-09-18
AMAGI,EQ,574.35,575.45,559.2,569.5,574.35,232661,1319.42,2026-09-18
AMAL,EQ,735.0,749.0,707.0,722.4,723.0,25482,183.88,2026-09-18
AMARJOTHI,EQ,148.95,149.95,146.0,147.07,148.88,1260,1.84,2026-09-18
AMBER,EQ,7080.5,7164.5,7075.0,7125.0,7046.0,75972,5416.18,2026-09-18
AMBICAAGAR,EQ,25.14,25.62,24.7,24.89,25.14,5850,1.46,2026-09-18
AMBIKCO,EQ,1585.0,1609.0,1570.0,1602.0,1568.8,8106,129.16,2026-09-18
AMBUJACEM,EQ,384.55,396.0,383.9,388.3,383.25,2583375,10080.08,2026-09-18
AMJLAND,EQ,36.44,37.69,36.3,37.18,36.48,691,0.26,2026-09-18
AMNPLST,EQ,164.95,190.0,164.95,171.51,163.0,9478,16.56,2026-09-18
AMRUTANJAN,EQ,490.25,497.0,489.35,493.8,491.0,19221,94.82,2026-09-18
ANANDRATHI,EQ,2201.1,2268.4,2201.1,2229.4,2207.4,880377,19693.31,2026-09-18
ANANTRAJ,EQ,595.0,607.5,595.0,606.15,596.9,1464027,8819.61,2026-09-18
ANDHRAPAP,EQ,71.6,74.99,71.38,74.62,71.88,950746,701.29,2026-09-18
ANDHRSUGAR,EQ,93.59,94.53,91.75,94.1,93.59,257513,239.51,2026-09-18
ANDREWYU,EQ,25.98,26.66,25.75,26.27,26.08,49555,13.04,2026-09-18
ANGELONE,EQ,295.0,301.75,295.0,299.1,295.0,3531096,10580.91,2026-09-18
ANIKINDS,EQ,42.25,44.98,42.25,44.59,44.1,6672,2.96,2026-09-18
ANNAPURNA,EQ,137.65,138.06,130.0,132.55,136.08,45381,60.28,2026-09-18
ANNU,EQ,49.05,52.4,49.05,50.46,49.28,1339255,682.91,2026-09-18
ANSALBU,EQ,82.99,82.99,78.0,78.97,83.0,110,0.09,2026-09-18
ANTELOPUS,EQ,1131.55,1142.15,1090.25,1104.85,1130.85,555265,6143.62,2026-09-18
ANTGRAPHIC,EQ,0.72,0.74,0.7,0.71,0.71,304156,2.17,2026-09-18
ANTHEM,EQ,934.0,952.9,916.55,928.5,927.4,5490000,50985.65,2026-09-18
ANUHPHR,EQ,94.14,95.07,92.0,93.48,93.68,95805,89.38,2026-09-18
ANUP,EQ,1646.6,1683.0,1613.7,1638.3,1646.6,35387,583.92,2026-09-18
ANURAS,EQ,1179.1,1219.0,1179.1,1207.7,1181.3,465185,5597.73,2026-09-18
AONEGOLD,EQ,14.28,14.33,14.15,14.3,14.04,691851,98.85,2026-09-18
AONELIQUID,EQ,1077.55,1077.59,1077.55,1077.58,1077.17,55374,596.7,2026-09-18
AONENIFTY,EQ,9.38,9.82,9.38,9.65,9.63,163521,15.77,2026-09-18
AONESILVER,EQ,8.95,8.99,8.79,8.96,8.66,807684,71.82,2026-09-18
AONETMMQ50,EQ,9.92,10.24,9.92,10.19,10.12,109369,11.14,2026-09-18
AONETOTAL,EQ,11.39,11.83,11.39,11.68,11.62,71974,8.39,2026-09-18
APARINDS,EQ,17800.0,19080.0,17745.0,18858.0,17801.0,271798,50278.48,2026-09-18
APCL,EQ,99.5,99.5,96.94,97.85,96.37,14530,14.28,2026-09-18
APCOTEXIND,EQ,598.4,612.85,596.1,604.85,599.4,77596,470.79,2026-09-18
APEX,EQ,351.2,354.1,342.0,345.35,350.95,103075,356.47,2026-09-18
APLAPOLLO,EQ,2154.9,2270.1,2146.3,2270.1,2148.5,1115754,24627.56,2026-09-18
APLLTD,EQ,828.0,860.0,828.0,845.75,826.0,634938,5387.03,2026-09-18
APOLLO,EQ,380.2,391.8,368.5,370.7,378.25,9146349,34683.87,2026-09-18
APOLLOHOSP,EQ,8800.0,8944.5,8798.0,8944.5,8768.5,344265,30500.91,2026-09-18
APOLLOPIPE,EQ,525.05,549.5,522.35,543.6,525.85,313076,1672.67,2026-09-18
APOLLOTYRE,EQ,414.75,418.75,407.9,409.3,412.15,2365364,9695.43,2026-09-18
APOLSINHOT,EQ,1212.1,1240.0,1211.0,1214.9,1211.1,374,4.55,2026-09-18
APOORVA,EQ,31.2,31.2,29.0,31.05,29.75,1516,0.47,2026-09-18
APTUS,EQ,239.2,243.6,233.12,237.68,239.16,3101354,7349.41,2026-09-18
AQYLON,EQ,19.18,19.18,17.94,17.98,18.88,38267346,6880.49,2026-09-18
ARCHIDPLY,EQ,102.24,105.5,102.21,104.8,101.48,14610,15.28,2026-09-18
ARCHIES,EQ,12.4,12.4,12.01,12.29,12.25,10999,1.35,2026-09-18
ARCIL,EQ,135.55,138.7,124.5,136.37,137.02,6345147,8447.56,2026-09-18
ARCL,EQ,260.46,272.98,250.0,262.0,260.57,3408,8.77,2026-09-18
ARDEE,EQ,49.0,49.52,48.36,49.28,48.97,1819919,891.88,2026-09-18
ARE&M,EQ,795.3,804.9,790.3,796.0,795.3,760908,6069.33,2026-09-18
ARENTERP,EQ,35.3,35.3,33.02,33.02,34.2,287,0.1,2026-09-18
ARFIN,EQ,87.91,94.23,87.88,89.62,87.88,2628465,2409.08,2026-09-18
ARIHANT,EQ,900.0,947.4,900.0,936.35,896.7,2240,20.75,2026-09-18
ARIHANTCAP,EQ,80.71,81.99,79.31,80.29,81.21,109582,87.8,2026-09-18
ARIHANTSUP,EQ,231.0,231.0,222.0,227.2,228.95,4595,10.36,2026-09-18
ARIS,EQ,129.6,136.5,129.1,133.33,127.27,3619098,4859.59,2026-09-18
ARKADE,EQ,117.0,122.0,117.0,118.85,117.22,162908,194.2,2026-09-18
ARMANFIN,EQ,1939.7,1976.0,1938.9,1961.0,1956.4,11273,221.1,2026-09-18
AROGRANITE,EQ,23.22,23.69,23.15,23.15,23.1,673,0.16,2026-09-18
ARROWGREEN,EQ,899.0,924.0,877.9,889.25,902.5,50512,454.93,2026-09-18
ARSSBL,EQ,503.6,503.6,497.95,502.05,500.55,65352,327.38,2026-09-18
ARTEMISMED,EQ,334.15,344.95,332.5,338.5,330.85,335686,1141.59,2026-09-18
ARTNIRMAN,EQ,40.78,40.78,39.0,39.0,40.57,14,0.01,2026-09-18
ARVEE,EQ,168.1,176.5,168.1,174.06,172.08,791,1.38,2026-09-18
ARVIND,EQ,543.2,554.8,542.4,552.6,541.6,627060,3448.76,2026-09-18
ARVINDFASN,EQ,429.0,433.35,422.0,428.1,425.05,132261,565.68,2026-09-18
ARVSMART,EQ,553.45,562.8,540.35,550.1,553.45,118593,653.41,2026-09-18
ARYAMAN,EQ,634.0,634.0,625.0,629.25,610.0,138,0.87,2026-09-18
ASAHIINDIA,EQ,950.7,968.0,950.7,961.05,950.7,98471,946.05,2026-09-18
ASAL,EQ,446.8,452.5,444.6,449.7,445.85,7762,34.77,2026-09-18
ASALCBR,EQ,658.05,666.0,649.05,659.55,656.95,20148,132.0,2026-09-18
ASHAPURMIN,EQ,522.0,527.25,517.0,525.35,517.6,170804,893.64,2026-09-18
ASHIANA,EQ,351.0,366.7,350.0,354.75,351.45,53770,192.23,2026-09-18
ASHIMASYN,EQ,16.25,16.4,15.4,15.65,16.12,194419,30.6,2026-09-18
ASHOKA,EQ,108.8,114.54,108.2,113.43,108.8,780308,873.75,2026-09-18
ASHOKAMET,EQ,14.81,15.25,14.54,15.1,14.6,58651,8.79,2026-09-18
ASHOKLEY,EQ,159.1,163.12,158.51,163.0,158.62,17546400,28436.0,2026-09-18
ASIANENE,EQ,490.1,502.0,478.5,492.25,486.2,232493,1137.94,2026-09-18
ASIANHOTNR,EQ,376.9,385.0,371.0,374.9,375.8,25728,96.72,2026-09-18
ASIANPAINT,EQ,2455.7,2474.0,2438.0,2451.3,2454.0,1000730,24549.84,2026-09-18
ASIANTILES,EQ,49.97,51.29,49.21,50.65,49.97,2493341,1252.87,2026-09-18
ASIANTNE,EQ,9.53,9.78,9.2,9.28,9.34,8933,0.83,2026-09-18
ASKAUTOLTD,EQ,620.0,659.8,620.0,656.25,618.9,515555,3335.98,2026-09-18
ASPINWALL,EQ,253.5,255.0,250.1,251.55,255.0,636,1.6,2026-09-18
ASSAMENT,EQ,780.0,780.0,780.0,780.0,780.0,1,0.01,2026-09-18
ASTAR,EQ,807.3,807.35,760.35,807.35,672.8,13851,111.26,2026-09-18
ASTEC,EQ,760.0,767.6,717.45,726.7,755.15,101375,740.85,2026-09-18
ASTERDM,EQ,761.1,769.6,747.0,755.05,760.65,1616337,12228.71,2026-09-18
ASTRAL,EQ,1400.0,1427.7,1397.5,1427.7,1398.9,1389183,19608.53,2026-09-18
ASTRAMICRO,EQ,1611.0,1650.6,1611.0,1631.2,1607.8,199551,3246.9,2026-09-18
ASTRAZEN,EQ,6678.0,6769.0,6678.0,6751.5,6669.0,4635,312.28,2026-09-18
ATALREAL,EQ,14.29,16.02,14.29,14.36,15.87,18623657,2770.12,2026-09-18
ATAM,EQ,60.0,60.0,56.2,57.58,59.29,15055,8.69,2026-09-18
ATGL,EQ,587.4,674.8,587.4,660.7,587.0,39305845,256512.52,2026-09-18
ATHERENERG,EQ,1550.0,1640.0,1548.1,1640.0,1550.0,5010015,80301.8,2026-09-18
ATL,EQ,24.21,24.81,24.2,24.24,24.5,95340,23.31,2026-09-18
ATLANTAA,EQ,36.21,37.6,35.4,36.04,36.21,24208,8.75,2026-09-18
ATLANTAELE,EQ,1641.8,1699.9,1637.9,1666.1,1633.3,104958,1749.87,2026-09-18
ATLASCYCLE,EQ,89.05,89.14,87.6,88.19,89.76,16554,14.62,2026-09-18
ATUL,EQ,6133.5,6201.0,6110.5,6170.5,6133.5,21266,1310.22,2026-09-18
ATULAUTO,EQ,441.65,453.0,441.65,446.45,441.4,52416,233.86,2026-09-18
AUBANK,EQ,1040.5,1058.6,1033.3,1058.6,1039.3,1251837,13068.93,2026-09-18
AUGMONT,EQ,815.0,884.0,813.0,874.35,811.1,898791,7716.56,2026-09-18
AURIONPRO,EQ,702.0,704.4,680.7,685.6,705.0,183275,1262.93,2026-09-18
AUROPHARMA,EQ,1683.2,1734.0,1676.1,1734.0,1690.0,1209478,20530.86,2026-09-18
AURUM,EQ,222.5,222.5,218.47,219.78,221.11,149650,329.12,2026-09-18
AURUS,EQ,4.72,4.96,4.72,4.87,4.72,15310,0.75,2026-09-18
AUSOMENT,EQ,148.11,154.0,146.95,152.15,149.23,9808,14.82,2026-09-18
AUSTENG,EQ,130.0,137.0,130.0,131.41,127.71,2596,3.43,2026-09-18
AUTOAXLES,EQ,1687.3,1712.9,1661.4,1701.2,1679.4,4894,82.94,2026-09-18
AUTOBEES,EQ,282.41,283.66,281.55,282.71,282.4,85935,242.68,2026-09-18
AUTOIETF,EQ,28.3,28.4,28.22,28.35,28.3,993774,281.33,2026-09-18
AUTOIND,EQ,79.4,79.41,77.37,78.34,78.1,88494,69.36,2026-09-18
AVADHSUGAR,EQ,721.0,739.6,708.0,730.45,721.0,74170,535.23,2026-09-18
AVALON,EQ,2236.2,2618.0,2218.3,2537.7,2230.0,4310981,106718.11,2026-09-18
AVANCE,EQ,0.78,0.83,0.77,0.8,0.78,2535570,20.32,2026-09-18
AVANTEL,EQ,146.37,148.53,146.3,147.23,146.37,619077,911.93,2026-09-18
AVANTIFEED,EQ,772.0,778.35,754.0,774.45,770.85,318512,2443.46,2026-09-18
AVL,EQ,638.0,642.0,630.6,636.95,633.25,147990,942.02,2026-09-18
AVONMORE,EQ,12.2,12.5,12.09,12.46,12.02,98361,12.1,2026-09-18
AVROIND,EQ,7.9,8.1,7.66,7.94,7.84,153863,12.12,2026-09-18
AVTNPL,EQ,85.5,86.78,85.5,85.7,85.45,59925,51.52,2026-09-18
AWFIS,EQ,264.7,279.0,263.5,275.75,264.7,539359,1462.73,2026-09-18
AWHCL,EQ,385.0,385.3,362.3,364.9,379.6,403982,1494.95,2026-09-18
AWL,EQ,184.04,187.55,183.49,186.98,184.04,2593357,4831.76,2026-09-18
AXISBANK,EQ,1244.0,1257.0,1240.5,1257.0,1240.0,5693016,71135.14,2026-09-18
AXISCADES,EQ,1872.0,1879.0,1785.7,1811.2,1852.3,286095,5256.51,2026-09-18
AXITA,EQ,8.02,8.02,7.96,7.99,7.99,327258,26.17,2026-09-18
AXTEL,EQ,444.25,444.25,431.5,440.05,443.65,7910,34.81,2026-09-18
AYE,EQ,181.64,188.52,180.0,185.72,180.98,854592,1585.87,2026-09-18
AYMSYNTEX,EQ,280.05,286.8,278.4,283.15,281.95,33688,94.91,2026-09-18
AZAD,EQ,2605.3,2816.0,2605.3,2790.3,2605.3,700873,19246.49,2026-09-18
AZADIND,EQ,85.04,88.49,80.34,82.18,85.07,36707,31.19,2026-09-18
BAGFILMS,EQ,4.4,4.56,4.3,4.35,4.32,58850,2.58,2026-09-18
BAIDFIN,EQ,10.69,11.43,10.45,10.89,10.55,238710,26.35,2026-09-18
BAJAJ-AUTO,EQ,11501.0,11540.0,11406.0,11414.0,11500.0,296757,33970.66,2026-09-18
BAJAJCON,EQ,500.0,524.95,495.45,512.15,502.45,942030,4845.94,2026-09-18
BAJAJELEC,EQ,323.3,329.25,321.0,323.05,325.3,113896,368.31,2026-09-18
BAJAJFINSV,EQ,1857.2,1872.6,1852.5,1852.5,1859.2,719520,13380.28,2026-09-18
BAJAJHCARE,EQ,329.0,332.65,326.5,330.55,328.35,42148,138.77,2026-09-18
BAJAJHFL,EQ,82.83,86.45,82.71,85.58,82.7,5168608,4375.13,2026-09-18
BAJAJHIND,EQ,19.38,19.8,19.01,19.53,19.38,14869475,2864.32,2026-09-18
BAJAJHLDNG,EQ,11094.0,11363.0,11070.0,11282.0,11010.0,56100,6312.49,2026-09-18
BAJAJINDEF,EQ,220.24,221.59,214.6,214.94,221.0,29344,63.31,2026-09-18
BAJAJST,EQ,358.65,358.8,348.8,352.2,353.45,4283,15.09,2026-09-18
BAJEL,EQ,173.0,175.89,170.1,171.91,173.08,153833,265.9,2026-09-18
BAJFINANCE,EQ,1025.9,1040.3,1019.1,1040.3,1015.0,8201656,84514.81,2026-09-18
BALAJEE,EQ,25.01,25.5,24.82,25.31,25.03,22788,5.73,2026-09-18
BALAJITELE,EQ,95.33,96.99,93.6,95.25,95.97,146529,140.0,2026-09-18
BALAMINES,EQ,2155.0,2196.8,2142.1,2171.5,2148.9,97030,2109.56,2026-09-18
BALAXI,EQ,22.7,23.6,22.7,23.55,23.04,17900,4.2,2026-09-18
BALKRISHNA,EQ,16.66,16.93,16.31,16.43,16.66,8085,1.33,2026-09-18
BALKRISIND,EQ,2170.7,2296.0,2166.0,2265.3,2170.8,616772,13860.28,2026-09-18
BALMLAWRIE,EQ,163.5,169.0,162.84,167.41,162.47,149297,246.92,2026-09-18
BALPHARMA,EQ,102.88,103.94,100.1,100.67,102.46,24581,24.96,2026-09-18
BALRAMCHIN,EQ,676.6,679.9,662.0,672.6,675.7,1086980,7281.64,2026-09-18
BALUFORGE,EQ,504.0,525.8,504.0,522.15,501.6,1043655,5410.52,2026-09-18
BANARBEADS,EQ,110.85,114.2,110.85,113.05,110.54,790,0.89,2026-09-18
BANARISUG,EQ,3290.9,3329.4,3290.9,3316.7,3302.8,629,20.86,2026-09-18
BANCOINDIA,EQ,596.0,608.65,596.0,604.0,593.05,92889,561.03,2026-09-18
BANDHANBNK,EQ,173.0,178.3,172.5,175.0,171.5,20360613,35948.78,2026-09-18
BANG,EQ,33.85,34.85,33.26,33.5,33.19,35579,12.05,2026-09-18
BANK10ADD,EQ,16.54,16.66,16.52,16.62,16.52,3296,0.55,2026-09-18
BANK10BETF,EQ,20.22,20.52,20.22,20.47,20.27,6250,1.28,2026-09-18
BANKA,EQ,77.2,81.0,75.6,79.96,77.2,1630,1.26,2026-09-18
BANKADD,EQ,57.53,57.88,57.42,57.63,57.45,10688,6.15,2026-09-18
BANKBARODA,EQ,233.56,234.94,231.92,234.94,232.3,7110561,16604.69,2026-09-18
BANKBEES,EQ,583.0,584.89,581.78,583.58,581.64,369452,2154.6,2026-09-18
BANKBETA,EQ,58.17,58.46,58.08,58.37,58.07,39047,22.77,2026-09-18
BANKBETF,EQ,55.96,57.5,55.96,57.3,57.1,6890,3.94,2026-09-18
BANKETF,EQ,571.2,576.4,571.2,574.99,572.55,12315,70.71,2026-09-18
BANKIETF,EQ,58.0,58.03,57.68,57.9,57.8,95206,55.11,2026-09-18
BANKINDIA,EQ,138.78,140.0,138.02,140.0,138.17,4269930,5942.98,2026-09-18
BANKNIFTY1,EQ,58.29,58.64,58.29,58.54,58.29,106721,62.44,2026-09-18
BANKPSU,EQ,83.49,83.96,83.35,83.89,83.41,13954,11.67,2026-09-18
BANSALWIRE,EQ,310.4,320.0,306.3,310.6,313.25,81678,255.3,2026-09-18
BANSWRAS,EQ,111.95,112.1,105.99,108.49,110.32,57722,62.54,2026-09-18
BASF,EQ,3617.0,3641.6,3566.5,3605.7,3601.6,35931,1291.82,2026-09-18
BATAINDIA,EQ,639.95,656.0,624.9,638.3,636.65,1089830,6934.73,2026-09-18
BATLIBOI,EQ,81.8,81.89,78.11,81.09,78.73,54989,43.81,2026-09-18
BAYERCROP,EQ,3891.0,3899.1,3761.1,3779.5,3893.4,87483,3339.11,2026-09-18
BBETF0432,EQ,1340.79,1343.44,1335.89,1337.8,1340.89,437,5.85,2026-09-18
BBL,EQ,2180.3,2219.0,2180.3,2207.9,2203.4,15471,340.54,2026-09-18
BBNPNBETF,EQ,55.49,57.02,55.49,56.75,56.62,372,0.21,2026-09-18
BBNPPGOLD,EQ,148.7,148.7,145.0,147.95,145.45,5669,8.32,2026-09-18
BBOX,EQ,770.0,804.0,764.55,801.15,766.4,640804,5076.72,2026-09-18
BBTC,EQ,1409.7,1534.2,1409.7,1512.1,1399.4,2468226,36871.38,2026-09-18
BBTCL,EQ,235.89,235.89,227.0,230.53,230.63,509,1.18,2026-09-18
BCG,EQ,9.9,10.39,9.87,10.26,9.86,9727064,984.92,2026-09-18
BCLIND,EQ,33.12,33.39,32.63,33.06,33.17,347328,114.57,2026-09-18
BCONCEPTS,EQ,157.01,157.03,150.3,153.1,154.23,5600,8.53,2026-09-18
BCPL,EQ,68.95,68.95,65.81,66.92,67.63,10426,6.94,2026-09-18
BDL,EQ,1151.9,1196.6,1151.0,1196.6,1151.9,741593,8686.69,2026-09-18
BEARDSELL,EQ,24.95,24.95,23.56,23.87,24.23,11453,2.77,2026-09-18
BECTORFOOD,EQ,222.55,224.5,217.34,221.55,220.81,1369086,3019.04,2026-09-18
BEDMUTHA,EQ,104.98,106.0,102.5,104.74,104.98,2278,2.4,2026-09-18
BEEKAY,EQ,421.25,439.35,420.3,430.05,426.55,1478,6.34,2026-09-18
BEL,EQ,397.4,399.2,393.3,393.3,395.45,11862641,47077.23,2026-09-18
BELLACASA,EQ,259.0,263.23,250.35,262.53,255.25,9510,24.55,2026-09-18
BELRISE,EQ,230.15,242.89,229.62,240.18,229.37,10829670,25810.27,2026-09-18
BEML,EQ,2030.4,2155.0,2030.4,2135.0,2013.3,1380251,28948.57,2026-09-18
BENARAS,EQ,10612.0,10700.0,10551.0,10588.0,10800.0,37,3.95,2026-09-18
BENGALASM,EQ,6213.0,6241.5,6195.0,6199.5,6212.5,151,9.38,2026-09-18
BEPL,EQ,127.56,130.3,126.62,128.95,127.47,834218,1072.51,2026-09-18
BERGEPAINT,EQ,449.95,461.8,448.6,458.65,448.6,1220340,5574.35,2026-09-18
BESTAGRO,EQ,18.61,18.7,18.25,18.51,18.42,285469,52.93,2026-09-18
BETA,EQ,2095.2,2147.9,2025.0,2055.2,2095.0,14462,301.47,2026-09-18
BFINVEST,EQ,437.35,452.4,436.35,445.25,438.95,25663,114.25,2026-09-18
BFSI,EQ,27.03,27.03,26.38,26.58,26.38,75368,19.99,2026-09-18
BFUTILITIE,EQ,523.95,564.75,523.95,542.0,521.05,206053,1125.1,2026-09-18
BHAGCHEM,EQ,246.8,251.95,245.1,246.85,247.95,146748,365.33,2026-09-18
BHAGYANGR,EQ,465.0,467.9,438.0,446.7,446.5,329482,1493.29,2026-09-18
BHANDARI,EQ,2.96,3.03,2.96,2.99,2.98,92258,2.75,2026-09-18
BHARATCOAL,EQ,32.24,32.95,32.2,32.69,32.14,3195446,1037.49,2026-09-18
BHARATFORG,EQ,1940.1,1994.9,1940.1,1962.1,1918.7,1602315,31682.74,2026-09-18
BHARATRAS,EQ,1169.5,1182.1,1155.0,1168.8,1164.0,11371,133.21,2026-09-18
BHARATSE,EQ,210.72,215.82,210.26,214.02,209.22,96601,206.03,2026-09-18
BHARATWIRE,EQ,173.06,174.18,169.97,173.05,171.69,72882,125.39,2026-09-18
BHARTIARTL,EQ,1843.0,1893.3,1835.3,1893.3,1836.0,14189780,265930.41,2026-09-18
BHARTIHEXA,EQ,1482.0,1558.9,1477.8,1540.1,1481.1,307475,4686.05,2026-09-18
BHEL,EQ,428.4,439.9,427.25,439.9,429.2,7669374,33295.24,2026-09-18
BIGBLOC,EQ,39.8,40.92,39.8,40.4,39.45,25873,10.4,2026-09-18
BIKAJI,EQ,553.0,592.0,550.4,580.25,552.65,153843,884.38,2026-09-18
BIL,EQ,1044.4,1079.9,1012.3,1040.85,1023.45,9486,99.5,2026-09-18
BIMETAL,EQ,654.0,654.0,640.0,640.2,641.3,332,2.14,2026-09-18
BIOCON,EQ,380.05,388.0,379.3,385.0,380.0,7901211,30385.98,2026-09-18
BIOFILCHEM,EQ,32.7,33.49,32.0,32.83,32.86,16681,5.47,2026-09-18
BIRLACABLE,EQ,414.85,418.8,390.0,409.5,401.65,573898,2345.22,2026-09-18
BIRLACORPN,EQ,815.0,842.15,804.8,823.6,811.15,124135,1018.45,2026-09-18
BIRLAMONEY,EQ,120.65,121.8,118.41,120.49,120.63,18286,22.0,2026-09-18
BIRLANU,EQ,1395.0,1400.0,1365.1,1380.1,1381.1,5947,81.93,2026-09-18
BLACKBUCK,EQ,616.0,645.0,609.0,632.4,611.5,1667349,10553.56,2026-09-18
BLAL,EQ,162.47,164.99,160.01,162.99,162.37,20633,33.48,2026-09-18
BLBLIMITED,EQ,16.29,16.29,15.86,16.0,15.99,122807,19.67,2026-09-18
BLEL,EQ,437.9,444.3,434.2,440.4,436.1,370777,1624.36,2026-09-18
BLIL,EQ,67.7,68.48,66.97,67.1,67.62,110370,74.47,2026-09-18
BLKASHYAP,EQ,52.55,54.0,52.1,52.74,52.87,424616,225.44,2026-09-18
BLS,EQ,227.89,230.8,226.0,226.5,227.74,748096,1702.74,2026-09-18
BLSE,EQ,313.95,322.0,313.55,316.5,314.5,224022,710.37,2026-09-18
BLUECLOUDS,EQ,19.65,19.65,19.25,19.34,19.57,493433,95.7,2026-09-18
BLUECOAST,EQ,22.6,22.6,20.99,20.99,21.68,963,0.21,2026-09-18
BLUEDART,EQ,4810.5,4851.0,4770.0,4821.0,4811.3,10165,489.58,2026-09-18
BLUEJET,EQ,570.45,577.85,567.0,575.25,568.2,207881,1190.49,2026-09-18
BLUESTARCO,EQ,1551.2,1571.5,1531.8,1531.8,1553.0,798646,12420.78,2026-09-18
BLUESTONE,EQ,838.7,863.0,821.0,827.5,831.2,1018859,8557.23,2026-09-18
BLUSPRING,EQ,123.06,127.14,122.66,123.34,123.72,141114,174.44,2026-09-18
BMWVENTLTD,EQ,50.77,53.4,50.32,51.9,50.22,185490,95.93,2026-09-18
BNAGROCHEM,EQ,207.0,207.0,200.0,207.0,207.86,944,1.94,2026-09-18
BNKETFAXIS,EQ,580.87,582.38,578.96,581.87,580.22,772,4.48,2026-09-18
BODALCHEM,EQ,184.99,191.23,184.05,191.23,182.13,1686113,3198.1,2026-09-18
BOHRAIND,EQ,13.0,13.88,12.41,12.71,13.34,36792,4.69,2026-09-18
BOMDYEING,EQ,108.0,112.9,108.0,111.3,107.55,1069497,1185.05,2026-09-18
BONLON,EQ,37.82,39.85,37.82,39.13,37.07,2577,1.01,2026-09-18
BORANA,EQ,298.15,304.0,296.0,297.1,299.5,25153,75.2,2026-09-18
BOROLTD,EQ,256.25,263.1,252.6,259.21,253.4,133921,344.25,2026-09-18
BORORENEW,EQ,455.0,461.4,447.95,459.5,449.35,460974,2095.76,2026-09-18
BOROSCI,EQ,118.29,121.8,117.0,119.56,118.29,21927,26.1,2026-09-18
BOSCH-HCIL,EQ,1668.3,1705.0,1660.0,1694.0,1668.3,36229,613.48,2026-09-18
BOSCHLTD,EQ,47850.0,48650.0,47000.0,47000.0,47735.0,27389,13088.19,2026-09-18
BPCL,EQ,308.55,314.2,308.25,314.0,307.0,9439555,29485.03,2026-09-18
BPL,EQ,46.5,46.8,45.5,45.79,45.85,13947,6.39,2026-09-18
BPLPHARMA,EQ,1541.2,1564.0,1499.9,1509.7,1534.0,843,12.93,2026-09-18
BRAHMINFRA,EQ,163.01,163.01,158.6,162.36,159.63,20632,33.29,2026-09-18
BRIGADE,EQ,621.0,629.3,616.25,621.7,620.9,666470,4154.47,2026-09-18
BRIGHOTEL,EQ,56.52,56.59,56.15,56.23,56.52,35906,20.21,2026-09-18
BRIGHTBR,EQ,240.05,254.15,240.0,248.45,245.0,836,2.06,2026-09-18
BRITANNIA,EQ,4982.0,5026.5,4968.0,4998.0,4982.0,346885,17370.48,2026-09-18
BRNL,EQ,16.41,16.75,16.03,16.25,16.41,29263,4.78,2026-09-18
BROOKS,EQ,61.24,63.89,61.02,61.53,61.23,38012,23.52,2026-09-18
BSE,EQ,3259.0,3296.0,3241.0,3266.4,3259.0,2075360,67634.24,2026-09-18
BSE500IETF,EQ,38.4,38.84,38.26,38.76,38.45,58159,22.46,2026-09-18
BSHSL,EQ,89.25,93.0,86.2,87.87,88.25,3480,3.07,2026-09-18
BSL,EQ,116.8,119.49,116.8,118.26,117.32,3489,4.13,2026-09-18
BSLGOLDETF,EQ,134.3,134.8,133.48,134.53,132.57,327089,439.77,2026-09-18
BSLNIFTY,EQ,27.38,28.62,27.36,27.46,27.38,690033,189.47,2026-09-18
BSLSENETFG,EQ,75.96,75.96,74.88,75.15,75.21,4943,3.71,2026-09-18
BSOFT,EQ,285.0,285.05,278.45,280.4,283.8,1305483,3658.64,2026-09-18
BTML,EQ,7.49,7.49,7.14,7.25,7.25,704020,52.0,2026-09-18
BUILDPRO,EQ,1254.9,1270.0,1198.5,1253.8,1244.9,123781,1521.4,2026-09-18
BUTTERFLY,EQ,577.9,589.0,566.75,585.8,578.85,26618,153.41,2026-09-18
BVCL,EQ,40.69,41.3,40.5,40.76,40.89,7122,2.9,2026-09-18
CAMLINFINE,EQ,100.55,101.47,95.65,97.28,99.63,1375944,1348.42,2026-09-18
CAMPUS,EQ,212.0,212.95,210.51,212.12,211.98,306540,650.16,2026-09-18
CAMS,EQ,712.65,723.6,708.05,708.05,714.95,1128255,8068.57,2026-09-18
CANBK,EQ,123.81,123.89,123.01,123.78,123.9,11489793,14182.63,2026-09-18
CANFINHOME,EQ,777.6,787.6,769.0,778.5,774.4,539763,4197.5,2026-09-18
CANHLIFE,EQ,155.33,156.25,151.79,153.59,155.36,807851,1240.51,2026-09-18
CANTABIL,EQ,242.4,246.0,240.2,242.63,243.0,143791,349.99,2026-09-18
CAPACITE,EQ,191.9,199.02,191.9,195.71,192.73,235892,463.58,2026-09-18
CAPILLARY,EQ,448.95,489.0,443.1,484.05,448.95,532692,2506.55,2026-09-18
CAPITALSFB,EQ,276.1,283.4,274.15,278.9,279.9,8706,24.38,2026-09-18
CAPLIPOINT,EQ,2596.5,2780.0,2596.0,2748.6,2596.6,308471,8388.27,2026-09-18
CARBORUNIV,EQ,1084.0,1141.3,1078.4,1124.4,1083.6,533148,5978.95,2026-09-18
CARERATING,EQ,1645.5,1674.7,1614.8,1668.6,1643.7,46640,769.6,2026-09-18
CARRARO,EQ,522.1,533.0,517.6,524.65,515.05,169514,892.59,2026-09-18
CARTRADE,EQ,2949.9,3127.7,2946.7,2988.9,2938.0,650048,19776.98,2026-09-18
CARYSIL,EQ,1111.2,1138.7,1106.0,1131.3,1111.1,62416,701.03,2026-09-18
CASHIETF,EQ,1079.83,1080.28,1078.82,1080.26,1079.83,122070,1318.69,2026-09-18
CASTROLIND,EQ,192.34,197.85,192.0,197.14,191.72,9615337,18798.46,2026-09-18
CCAVENUE,EQ,16.39,16.64,15.99,16.08,16.32,15304318,2486.38,2026-09-18
CCCL,EQ,13.69,13.95,13.69,13.76,13.69,57075,7.88,2026-09-18
CCHHL,EQ,12.8,13.1,12.6,13.01,12.86,25484,3.29,2026-09-18
CCL,EQ,1065.7,1076.3,1058.2,1065.6,1062.3,92827,991.08,2026-09-18
CDSL,EQ,1348.0,1390.0,1346.5,1390.0,1349.4,1694146,23327.79,2026-09-18
CEATLTD,EQ,3430.0,3529.0,3418.1,3468.9,3431.1,113245,3947.33,2026-09-18
CEIGALL,EQ,391.6,391.8,372.05,373.75,390.0,307512,1167.2,2026-09-18
CEINSYS,EQ,692.4,715.0,672.05,675.35,684.3,73862,509.82,2026-09-18
CELEBRITY,EQ,6.9,6.9,6.69,6.83,6.79,7755,0.52,2026-09-18
CELLO,EQ,328.0,330.0,320.0,322.45,327.6,240397,778.34,2026-09-18
CEMNTGROWW,EQ,14.09,14.3,14.01,14.22,13.99,45103,6.4,2026-09-18
CEMPRO,EQ,1265.0,1287.4,1246.6,1263.5,1255.1,233345,2963.66,2026-09-18
CENTENKA,EQ,570.75,570.75,551.85,561.45,564.4,33970,190.65,2026-09-18
CENTEXT,EQ,19.0,19.55,19.0,19.16,19.05,123725,23.77,2026-09-18
CENTRALBK,EQ,30.42,32.4,30.41,31.73,30.4,56472458,17821.34,2026-09-18
CENTRUM,EQ,22.69,22.69,21.65,21.94,22.25,41442,9.19,2026-09-18
CENTUM,EQ,4398.0,4421.0,4300.0,4333.3,4343.4,41693,1826.94,2026-09-18
CENTURYPLY,EQ,725.0,735.0,714.05,722.65,718.95,83789,607.64,2026-09-18
CERA,EQ,5592.0,5785.0,5592.0,5645.0,5592.0,14398,814.98,2026-09-18
CESC,EQ,141.99,142.93,140.71,141.53,141.56,3878798,5480.78,2026-09-18
CEWATER,EQ,252.8,286.0,252.8,279.25,256.5,750844,2083.93,2026-09-18
CGCL,EQ,263.0,273.65,262.0,270.65,262.35,6367147,17186.25,2026-09-18
CGPOWER,EQ,883.65,911.0,881.3,892.0,880.0,3114673,28082.28,2026-09-18
CGVAK,EQ,147.0,152.0,144.0,149.8,146.5,2553,3.77,2026-09-18
CHALET,EQ,845.0,874.25,839.55,865.65,842.3,566679,4891.65,2026-09-18
CHAMBLFERT,EQ,414.7,420.0,410.9,414.9,413.9,470769,1950.4,2026-09-18
CHEMBOND,EQ,197.03,203.45,185.6,192.77,196.18,12271,23.53,2026-09-18
CHEMCRUX,EQ,82.0,84.19,78.0,80.78,82.7,4816,3.87,2026-09-18
CHEMFAB,EQ,355.0,373.5,355.0,369.4,356.15,2010,7.38,2026-09-18
CHEMICAL,EQ,28.55,29.58,28.55,29.43,29.13,279002,81.7,2026-09-18
CHEMPLASTS,EQ,167.8,175.1,167.09,171.48,167.8,443500,760.69,2026-09-18
CHENNPETRO,EQ,1414.0,1437.1,1390.1,1416.6,1414.1,1081342,15221.89,2026-09-18
CHEVIOT,EQ,1174.9,1179.9,1161.8,1174.7,1161.5,820,9.61,2026-09-18
CHOICEGOLD,EQ,149.5,152.21,149.5,151.99,149.3,2964,4.49,2026-09-18
CHOICEIN,EQ,739.95,775.7,738.45,763.85,738.0,989378,7554.16,2026-09-18
CHOLAFIN,EQ,1769.3,1804.4,1766.0,1800.0,1764.5,1509978,26982.68,2026-09-18
CHOLAHLDNG,EQ,1510.0,1541.0,1482.0,1507.7,1499.2,395533,5943.55,2026-09-18
CIEINDIA,EQ,388.0,391.5,382.9,387.15,385.7,376545,1454.79,2026-09-18
CIFL,EQ,19.86,20.49,19.86,19.98,20.03,45611,9.13,2026-09-18
CINELINE,EQ,91.1,93.6,90.0,90.36,92.95,6895,6.29,2026-09-18
CINEVISTA,EQ,13.8,14.74,13.8,14.13,13.94,6423,0.92,2026-09-18
CIPLA,EQ,1371.7,1394.5,1371.7,1394.5,1376.3,1386584,19202.52,2026-09-18
CLEAN,EQ,831.0,872.85,826.7,851.9,828.15,891352,7646.3,2026-09-18
CLEANMAX,EQ,1296.4,1299.4,1272.0,1279.4,1291.1,102176,1309.36,2026-09-18
CLEDUCATE,EQ,54.99,56.18,54.51,54.81,54.63,7979,4.4,2026-09-18
CLSEL,EQ,296.45,299.15,292.25,294.9,295.55,32143,94.86,2026-09-18
CMLL,EQ,483.0,484.7,471.0,477.7,482.7,165073,785.12,2026-09-18
CMPDI,EQ,207.85,217.23,204.69,214.58,205.69,2923381,6151.55,2026-09-18
CMRGREEN,EQ,214.79,234.58,214.79,231.87,213.26,1840718,4242.51,2026-09-18
CMSINFO,EQ,231.15,232.72,228.52,230.93,231.04,952449,2196.7,2026-09-18
CNL,EQ,1078.9,1140.1,1077.5,1127.1,1078.9,17388,194.45,2026-09-18
COALINDIA,EQ,418.0,419.95,409.65,409.9,418.0,7700870,31718.68,2026-09-18
COASTCORP,EQ,36.17,39.1,36.01,38.84,35.46,131467,49.71,2026-09-18
COCHINSHIP,EQ,1335.0,1398.0,1333.0,1398.0,1334.3,1456165,20001.91,2026-09-18
COCKERILL,EQ,8029.0,8220.0,8006.5,8164.0,8029.0,3914,317.45,2026-09-18
COFFEEDAY,EQ,30.86,31.33,30.07,30.52,30.86,346468,105.81,2026-09-18
COFORGE,EQ,1793.0,1841.0,1754.2,1841.0,1793.0,2489460,44462.35,2026-09-18
COHANCE,EQ,439.95,446.65,429.25,438.0,439.95,699254,3055.41,2026-09-18
COLPAL,EQ,1841.5,1917.8,1836.9,1917.8,1840.3,601910,11341.38,2026-09-18
COMFINTE,EQ,6.18,6.18,5.86,5.98,5.99,71837,4.29,2026-09-18
COMMOIETF,EQ,97.15,97.93,97.15,97.5,97.15,21581,21.05,2026-09-18
COMPEAU,EQ,360.0,369.9,360.0,365.0,360.0,714,2.58,2026-09-18
COMPUSOFT,EQ,12.98,14.6,12.95,13.63,12.94,299192,41.78,2026-09-18
COMSYN,EQ,294.0,314.45,293.55,306.55,293.0,869871,2669.18,2026-09-18
CONCOR,EQ,489.0,504.55,485.1,504.55,488.15,2242132,11147.34,2026-09-18
CONCORDBIO,EQ,1459.5,1519.9,1459.4,1494.4,1461.1,170417,2552.25,2026-09-18
CONFIPET,EQ,87.25,92.61,86.71,91.95,86.76,5542393,5058.29,2026-09-18
CONS,EQ,11.86,11.89,11.78,11.88,11.81,3928,0.46,2026-09-18
CONSUMAXIS,EQ,118.43,118.6,117.73,118.57,118.06,851,1.0,2026-09-18
CONSUMBEES,EQ,128.26,128.66,127.42,128.32,126.99,39495,50.54,2026-09-18
CONSUMER,EQ,11.74,11.83,11.74,11.8,11.73,73605,8.67,2026-09-18
CONSUMIETF,EQ,119.0,119.7,118.68,119.09,119.86,4906,5.84,2026-09-18
CONTROLPR,EQ,610.0,613.7,598.0,600.9,603.5,28633,173.1,2026-09-18
CORALFINAC,EQ,33.28,33.28,32.13,32.56,32.35,23368,7.6,2026-09-18
CORDELIA,EQ,109.68,115.16,109.68,115.15,109.68,2435983,2796.73,2026-09-18
CORDSCABLE,EQ,360.0,381.4,355.8,364.15,355.3,176486,648.62,2026-09-18
COROMANDEL,EQ,1929.8,2019.9,1919.5,1999.5,1929.8,302340,6003.63,2026-09-18
CORONA,EQ,2175.0,2208.0,2166.6,2201.8,2169.6,12123,265.63,2026-09-18
COSMOFIRST,EQ,883.0,884.45,866.05,871.25,879.9,34649,302.67,2026-09-18
CPCAP,EQ,142.46,152.0,141.01,145.19,141.05,107712,157.53,2026-09-18
CPEDU,EQ,174.01,175.9,171.0,171.66,173.3,5691,9.83,2026-09-18
CPL,EQ,67.3,68.24,63.5,64.49,65.39,41073,27.15,2026-09-18
CPPLUS,EQ,3378.4,3500.0,3321.0,3355.1,3378.4,880079,29834.33,2026-09-18
CPSEETF,EQ,92.36,92.99,92.1,92.58,92.29,392825,363.37,2026-09-18
CRAFTSMAN,EQ,10890.0,11300.0,10871.0,11138.0,10937.0,207605,23141.22,2026-09-18
CRAMC,EQ,236.0,237.6,232.6,234.0,234.35,275239,645.83,2026-09-18
CRAVATEX,EQ,333.0,339.9,320.0,324.55,337.25,1798,6.06,2026-09-18
CREATIVEYE,EQ,5.88,5.88,5.5,5.7,5.59,11299,0.65,2026-09-18
CREDITACC,EQ,1370.0,1394.9,1360.0,1387.6,1370.8,149069,2049.67,2026-09-18
CREST,EQ,374.0,385.0,356.35,365.75,371.0,2310,8.44,2026-09-18
CRESTO,EQ,16.35,16.43,15.93,16.39,15.88,6035,0.99,2026-09-18
CRISIL,EQ,4560.0,4615.0,4540.0,4577.5,4560.0,81962,3750.77,2026-09-18
CRIZAC,EQ,176.55,177.63,172.0,173.73,176.56,149317,260.73,2026-09-18
CROMPTON,EQ,226.0,227.12,225.11,227.12,225.1,1405047,3182.57,2026-09-18
CROWN,EQ,109.99,111.99,108.11,108.48,108.95,8079,8.9,2026-09-18
CSBBANK,EQ,323.4,340.0,319.95,336.15,328.35,1075560,3602.33,2026-09-18
CSLFINANCE,EQ,216.14,220.31,214.81,218.24,216.92,12818,27.95,2026-09-18
CSM,EQ,104.0,114.9,101.5,109.85,102.64,9116969,9924.56,2026-09-18
CUB,EQ,231.6,238.95,231.6,235.79,231.82,2196738,5200.05,2026-09-18
CUBEXTUB,EQ,86.0,87.0,80.26,85.32,81.63,247242,208.17,2026-09-18
CUMMINSIND,EQ,5000.0,5119.0,5000.0,5099.5,5020.0,502366,25594.66,2026-09-18
CUPID,EQ,280.3,282.0,251.1,265.0,279.15,27287571,73028.94,2026-09-18
CYIENT,EQ,1064.8,1079.5,1047.6,1073.3,1064.0,668011,7139.9,2026-09-18
CYIENTDLM,EQ,893.45,945.0,890.0,940.7,893.5,469640,4366.57,2026-09-18
DABUR,EQ,384.6,395.25,382.95,395.25,384.55,2455500,9556.21,2026-09-18
DALBHARAT,EQ,1695.0,1805.0,1685.1,1761.4,1693.3,374184,6508.79,2026-09-18
DALMIASUG,EQ,394.0,398.2,382.4,390.5,390.5,148278,576.4,2026-09-18
DAMCAPITAL,EQ,137.0,139.0,136.52,137.92,136.73,176661,243.1,2026-09-18
DANGEE,EQ,2.71,2.75,2.69,2.73,2.72,22988,0.62,2026-09-18
DATAMATICS,EQ,763.9,772.0,753.0,765.95,758.35,43182,328.9,2026-09-18
DATAPATTNS,EQ,4429.7,4550.0,4415.6,4513.3,4411.1,606762,27237.31,2026-09-18
DAVANGERE,EQ,2.08,2.1,2.03,2.06,2.06,6216386,128.53,2026-09-18
DBCORP,EQ,187.82,189.56,183.6,184.06,187.82,107079,198.94,2026-09-18
DBEIL,EQ,7.3,7.3,6.95,7.12,7.05,686235,48.39,2026-09-18
DBL,EQ,408.35,428.5,408.35,425.5,408.35,638580,2702.99,2026-09-18
DBOL,EQ,115.22,117.3,109.74,116.27,115.81,181653,205.47,2026-09-18
DBREALTY,EQ,95.69,97.3,94.0,95.68,94.73,1389676,1325.05,2026-09-18
DCAL,EQ,162.0,171.69,157.6,170.52,162.11,727114,1201.66,2026-09-18
DCBBANK,EQ,218.99,223.02,217.0,218.35,218.51,1445096,3175.04,2026-09-18
DCI,EQ,287.8,288.9,277.25,278.95,282.75,78388,220.88,2026-09-18
DCM,EQ,78.0,79.79,77.01,77.21,76.36,4286,3.36,2026-09-18
DCMFINSERV,EQ,5.26,5.26,4.78,5.18,5.13,5895,0.31,2026-09-18
DCMNVL,EQ,175.02,182.79,172.52,180.2,174.84,8381,15.0,2026-09-18
DCMSHRIRAM,EQ,990.0,1005.0,982.4,995.0,984.0,69400,689.52,2026-09-18
DCMSIL,EQ,70.64,72.0,67.99,70.26,70.29,110121,76.86,2026-09-18
DCMSRIND,EQ,38.81,39.68,38.0,38.24,38.39,225676,86.42,2026-09-18
DCW,EQ,45.18,45.64,45.05,45.18,45.42,560676,253.99,2026-09-18
DCXINDIA,EQ,165.29,167.08,161.97,163.1,164.32,307226,502.66,2026-09-18
DDEVPLSTIK,EQ,255.8,257.55,252.8,254.95,255.15,71638,182.35,2026-09-18
DECCANCE,EQ,567.3,572.45,562.5,567.45,569.2,36914,208.78,2026-09-18
DECNGOLD,EQ,219.47,220.74,216.0,217.21,217.85,714192,1556.38,2026-09-18
DEEDEV,EQ,636.95,668.75,636.8,668.75,636.95,288664,1923.21,2026-09-18
DEEP,EQ,49.0,49.0,46.11,46.72,47.23,24429,11.64,2026-09-18
DEEPA,EQ,175.3,191.49,171.38,188.31,173.34,7608515,14075.57,2026-09-18
DEEPAKFERT,EQ,1324.1,1350.0,1313.2,1343.2,1324.6,209549,2798.73,2026-09-18
DEEPAKNTR,EQ,1606.9,1623.5,1577.2,1586.3,1604.8,426779,6799.2,2026-09-18
DEEPINDS,EQ,734.7,747.6,732.55,743.35,734.7,137404,1018.46,2026-09-18
DEFENCE,EQ,78.09,78.96,78.0,78.72,77.67,216860,170.49,2026-09-18
DELHIVERY,EQ,426.1,433.55,425.85,428.0,425.95,1686221,7243.14,2026-09-18
DELTACORP,EQ,56.5,58.85,56.03,58.34,56.15,1668878,963.45,2026-09-18
DELTAMAGNT,EQ,56.9,56.9,53.5,54.95,55.2,898,0.5,2026-09-18
DEN,EQ,26.45,26.75,26.31,26.62,26.45,72184,19.15,2026-09-18
DENORA,EQ,787.85,790.55,770.0,782.25,784.85,1861,14.5,2026-09-18
DENTA,EQ,279.3,281.95,276.55,279.35,278.4,61071,170.65,2026-09-18
DEVIT,EQ,23.31,23.9,23.05,23.13,23.43,15846,3.69,2026-09-18
DEVX,EQ,33.0,33.69,31.21,32.21,33.31,103136,33.38,2026-09-18
DEVYANI,EQ,139.43,141.49,138.19,140.62,138.51,2466888,3452.98,2026-09-18
DGCONTENT,EQ,23.8,24.55,23.71,24.49,24.0,19907,4.86,2026-09-18
DHAMPURSUG,EQ,152.45,160.0,148.61,156.22,151.72,762354,1169.7,2026-09-18
DHANBANK,EQ,28.88,29.75,28.85,29.47,28.88,262185,76.67,2026-09-18
DHANUKA,EQ,980.05,990.0,970.05,973.3,982.25,13511,132.55,2026-09-18
DHARMAJ,EQ,274.0,286.9,272.0,276.15,271.1,40591,113.04,2026-09-18
DHATRE,EQ,4.4,4.4,4.08,4.18,4.12,31872,1.36,2026-09-18
DHOOTTRANS,EQ,1575.0,1603.8,1558.0,1590.7,1579.8,1187578,18831.9,2026-09-18
DHRUV,EQ,21.0,22.77,21.0,21.4,21.69,14049,3.11,2026-09-18
DHUNINV,EQ,998.8,1008.0,980.0,1001.95,981.75,799,7.94,2026-09-18
DIAMINESQ,EQ,258.0,259.86,252.03,256.77,255.04,2884,7.39,2026-09-18
DIAMONDYD,EQ,1107.0,1122.0,1079.2,1088.1,1100.4,15018,164.61,2026-09-18
DICIND,EQ,630.5,642.0,618.0,632.5,628.45,7309,46.17,2026-09-18
DIFFNKG,EQ,438.0,452.0,436.2,445.8,435.85,86835,385.71,2026-09-18
DIGIDRIVE,EQ,17.24,17.78,17.11,17.43,17.48,22287,3.87,2026-09-18
DIGISPICE,EQ,16.26,17.09,16.15,16.99,16.28,300569,50.59,2026-09-18
DIGITIDE,EQ,85.0,85.94,83.0,83.45,84.82,146398,123.0,2026-09-18
DISAQ,EQ,12165.0,12165.0,11716.0,12062.0,11923.0,137,16.43,2026-09-18
DISHTV,EQ,2.62,2.65,2.52,2.56,2.59,2364283,61.37,2026-09-18
DIVGIITTS,EQ,1122.2,1141.7,1118.7,1130.2,1122.2,45303,511.21,2026-09-18
DIVIDEND,EQ,34.77,34.89,34.69,34.85,34.81,2339,0.81,2026-09-18
DIVISLAB,EQ,9346.5,9445.0,9328.5,9375.0,9323.0,691534,64844.78,2026-09-18
DIVOPPBEES,EQ,75.25,75.25,74.44,74.71,74.88,25029,18.69,2026-09-18
DIXON,EQ,13290.0,13383.0,13005.0,13005.0,13290.0,371296,48905.61,2026-09-18
DJML,EQ,79.09,81.3,77.01,77.65,78.28,19162,14.9,2026-09-18
DLF,EQ,640.0,653.7,640.0,644.35,640.0,2890331,18761.82,2026-09-18
DLINKINDIA,EQ,427.8,434.8,424.1,430.05,424.6,46171,197.71,2026-09-18
DMART,EQ,3711.1,3755.8,3680.0,3749.9,3711.2,881497,32753.03,2026-09-18
DMCC,EQ,263.0,284.0,261.3,280.65,261.7,122609,339.22,2026-09-18
DNAMEDIA,EQ,2.44,2.5,2.25,2.47,2.31,39981,0.96,2026-09-18
DODLA,EQ,1054.0,1095.0,1048.5,1083.6,1049.6,28490,304.07,2026-09-18
DOLATALGO,EQ,67.99,68.38,67.05,67.32,67.86,98529,66.53,2026-09-18
DOLLAR,EQ,268.0,278.0,266.85,273.25,267.0,161698,442.8,2026-09-18
DOLLEX,EQ,37.95,38.5,36.85,37.2,37.05,14860,5.6,2026-09-18
DOLPHIN,EQ,678.0,684.75,659.0,665.5,673.7,27025,180.9,2026-09-18
DOMS,EQ,2121.6,2122.9,2097.4,2105.3,2121.6,20153,424.53,2026-09-18
DONEAR,EQ,82.0,84.18,82.0,83.79,82.81,7103,5.91,2026-09-18
DPABHUSHAN,EQ,1330.0,1482.0,1330.0,1448.3,1337.0,37904,536.28,2026-09-18
DRAGARWQ,EQ,5339.5,5380.0,5251.0,5371.5,5255.0,708,37.62,2026-09-18
DRCSYSTEMS,EQ,12.81,12.81,12.31,12.63,12.59,12957,1.63,2026-09-18
DREAMFOLKS,EQ,65.98,65.98,64.32,64.76,65.17,30395,19.71,2026-09-18
DREDGECORP,EQ,985.6,1006.0,985.0,992.3,988.0,36676,364.84,2026-09-18
DRREDDY,EQ,1182.6,1207.5,1182.1,1185.0,1175.0,3002566,35793.22,2026-09-18
DSSL,EQ,1042.4,1042.4,1010.5,1013.4,1008.6,13842,140.63,2026-09-18
DUCON,EQ,1.22,1.29,1.15,1.23,1.27,6489613,79.72,2026-09-18
DVL,EQ,280.45,293.25,280.45,290.0,278.8,11439,33.1,2026-09-18
DWARKESH,EQ,40.52,41.51,39.86,41.15,40.53,1861792,756.75,2026-09-18
DYCL,EQ,443.9,464.0,443.55,457.4,442.35,419341,1910.04,2026-09-18
DYNAMATECH,EQ,11819.0,12215.0,11743.0,12061.0,11819.0,12437,1502.02,2026-09-18
DYNPRO,EQ,230.05,232.0,228.0,229.89,227.85,4824,11.07,2026-09-18
EASEMYTRIP,EQ,5.81,5.81,5.71,5.76,5.79,13670746,786.69,2026-09-18
EASTWEST,EQ,2.23,2.27,2.1,2.25,2.21,56253,1.23,2026-09-18
EBANK10,EQ,16.59,16.59,16.57,16.57,16.28,109,0.02,2026-09-18
EBANKNIFTY,EQ,56.83,56.98,56.53,56.96,56.74,1676,0.95,2026-09-18
EBBETF0430,EQ,1639.4,1639.4,1604.01,1610.9,1607.25,3456,55.6,2026-09-18
EBBETF0431,EQ,1438.47,1439.97,1429.21,1431.44,1432.11,2826,40.49,2026-09-18
EBBETF0433,EQ,1304.2,1309.0,1301.08,1303.19,1304.44,2911,38.0,2026-09-18
EBGNG,EQ,668.25,711.25,664.55,703.05,661.65,1067215,7423.06,2026-09-18
ECAPINSURE,EQ,23.78,24.01,23.48,23.61,23.54,24238,5.71,2026-09-18
ECLERX,EQ,1919.4,1938.8,1898.7,1915.6,1923.0,177527,3401.57,2026-09-18
ECORECO,EQ,442.8,445.95,424.0,432.1,435.85,8812,38.28,2026-09-18
ECOSMOBLTY,EQ,107.45,108.5,106.5,108.12,106.89,30641,32.94,2026-09-18
EDELWEISS,EQ,128.42,136.9,128.42,136.25,128.34,9148549,12274.42,2026-09-18
EFCIL,EQ,179.89,180.5,176.85,178.67,177.95,216644,385.91,2026-09-18
EGOLD,EQ,151.65,153.15,151.65,152.8,150.45,71864,109.63,2026-09-18
EICHERMOT,EQ,7523.5,7569.0,7477.0,7516.0,7493.5,419526,31544.28,2026-09-18
EIDPARRY,EQ,694.65,708.15,682.75,700.7,703.1,854169,5940.64,2026-09-18
EIEL,EQ,201.0,202.0,196.06,200.01,199.64,574560,1142.27,2026-09-18
EIHAHOTELS,EQ,294.95,307.8,294.05,303.5,294.95,37838,114.15,2026-09-18
EIHOTEL,EQ,304.0,321.15,299.95,317.9,299.9,1308371,4115.08,2026-09-18
EIMCOELECO,EQ,2247.0,2292.8,2240.0,2248.4,2247.4,15042,339.41,2026-09-18
EKC,EQ,100.1,101.88,99.21,101.07,101.01,92899,93.37,2026-09-18
EKI,EQ,67.51,69.89,67.5,68.34,68.36,6068,4.15,2026-09-18
ELANTAS,EQ,13747.0,14400.0,13561.0,14228.0,13686.0,3136,441.06,2026-09-18
ELCIDIN,EQ,109735.0,109735.0,103820.0,105130.0,106270.0,13,13.86,2026-09-18
ELDEHSG,EQ,788.0,789.95,770.25,781.7,767.1,209,1.64,2026-09-18
ELECON,EQ,414.6,424.95,414.0,421.2,414.6,301790,1266.34,2026-09-18
ELECTCAST,EQ,74.25,75.3,72.9,73.38,74.07,1797787,1322.54,2026-09-18
ELECTHERM,EQ,932.0,947.0,920.0,925.5,932.65,12959,120.14,2026-09-18
ELGIEQUIP,EQ,593.9,613.3,593.3,609.55,593.3,398074,2412.88,2026-09-18
ELGIRUBCO,EQ,60.81,62.38,60.81,61.6,60.81,74237,45.79,2026-09-18
ELIN,EQ,89.51,90.29,87.9,88.53,89.88,71187,63.09,2026-09-18
ELIQUID,EQ,1048.39,1048.4,1048.39,1048.4,1047.99,9883,103.61,2026-09-18
ELITECON,EQ,7.37,8.13,7.37,7.99,7.75,15604333,1225.7,2026-09-18
ELLEN,EQ,371.0,387.0,370.7,373.1,371.0,733301,2768.66,2026-09-18
ELM250,EQ,16.36,16.45,16.01,16.15,16.27,73569,11.94,2026-09-18
ELMDIV,EQ,35.39,35.5,35.39,35.5,35.22,4,0.0,2026-09-18
ELPROINTL,EQ,172.86,174.58,170.97,172.53,173.26,15621,26.9,2026-09-18
EMAMILTD,EQ,380.0,380.05,366.55,368.45,376.1,3703471,13743.55,2026-09-18
EMAMIREAL,EQ,69.4,69.4,66.15,67.18,67.87,3888,2.6,2026-09-18
EMBDL,EQ,55.0,55.0,53.5,53.88,54.91,2229839,1203.1,2026-09-18
EMCURE,EQ,1915.9,2100.7,1915.1,2003.8,1909.8,1744754,34908.05,2026-09-18
EMETAL,EQ,12.99,13.1,12.87,13.05,12.99,6609,0.85,2026-09-18
EMIL,EQ,186.85,202.86,185.1,196.28,185.07,15751870,31095.81,2026-09-18
EMKAY,EQ,248.95,253.75,244.95,248.9,248.95,11664,29.0,2026-09-18
EMMVEE,EQ,328.65,333.0,326.6,328.0,325.5,974170,3209.28,2026-09-18
EMPIND,EQ,1043.8,1064.8,1043.4,1057.1,1065.3,968,10.23,2026-09-18
EMPOWER,EQ,2.38,2.38,2.38,2.38,2.5,1202346,28.62,2026-09-18
EMSLIMITED,EQ,364.5,371.25,362.0,366.65,364.5,104833,383.34,2026-09-18
EMUDHRA,EQ,633.25,638.1,601.1,613.45,633.35,1272884,7815.94,2026-09-18
EMULTIMQ,EQ,41.28,41.55,40.94,41.35,41.29,9268,3.84,2026-09-18
ENDURANCE,EQ,2680.8,2743.6,2680.8,2732.0,2690.8,88695,2416.35,2026-09-18
ENERGY,EQ,38.08,38.2,37.21,38.14,37.6,124531,47.34,2026-09-18
ENERGYAXIS,EQ,18.94,19.19,18.75,18.96,18.76,10923,2.06,2026-09-18
ENERGYDEV,EQ,14.66,15.01,14.5,14.68,14.66,18897,2.8,2026-09-18
ENEXT50,EQ,70.89,72.41,70.89,71.6,70.89,406,0.29,2026-09-18
ENGINERSIN,EQ,265.0,268.5,263.5,266.35,263.75,1732303,4612.45,2026-09-18
ENIFTY,EQ,24.07,24.07,23.45,23.6,23.49,4415,1.04,2026-09-18
ENIL,EQ,100.0,102.8,99.5,101.9,100.85,13770,13.85,2026-09-18
ENKEIWHEL,EQ,388.0,404.9,385.4,395.1,392.6,827,3.24,2026-09-18
ENRIN,EQ,3116.0,3250.0,3110.0,3228.0,3109.1,740325,23687.2,2026-09-18
ENTERO,EQ,1669.9,1737.8,1669.9,1732.3,1666.6,244661,4181.23,2026-09-18
EPACK,EQ,181.01,183.01,178.4,178.84,180.82,161343,289.38,2026-09-18
EPACKPEB,EQ,225.0,231.61,224.41,226.26,222.26,315915,720.31,2026-09-18
EPIGRAL,EQ,1101.9,1119.4,1093.1,1105.3,1101.4,25007,276.07,2026-09-18
EPL,EQ,234.0,241.1,233.75,239.35,231.4,2325889,5556.41,2026-09-18
EQUAL200,EQ,13.48,13.6,13.48,13.6,13.43,2868,0.39,2026-09-18
EQUAL50,EQ,323.08,323.77,322.59,323.77,323.05,2038,6.59,2026-09-18
EQUAL50ADD,EQ,333.64,334.5,333.05,334.35,333.34,6164,20.59,2026-09-18
EQUITASBNK,EQ,72.05,74.9,71.89,74.09,72.13,2395159,1762.67,2026-09-18
ERIS,EQ,1315.1,1355.1,1303.1,1321.3,1310.7,143139,1895.39,2026-09-18
ESABINDIA,EQ,5618.5,5659.5,5600.5,5627.5,5618.5,3207,180.53,2026-09-18
ESCORTS,EQ,2830.0,2836.8,2769.4,2798.2,2830.0,81690,2289.58,2026-09-18
ESDS,EQ,1565.0,1594.0,1564.55,1564.55,1646.85,582208,9135.28,2026-09-18
ESENSEX,EQ,75.39,75.51,74.84,75.51,75.15,1311,0.98,2026-09-18
ESG,EQ,40.11,40.29,40.01,40.24,39.92,5616,2.25,2026-09-18
ESILVER,EQ,228.98,235.1,228.98,234.3,226.68,255075,597.16,2026-09-18
ESSARSHPNG,EQ,16.46,16.53,16.06,16.19,16.14,112302,18.27,2026-09-18
ESSENTIA,EQ,1.03,1.04,1.02,1.03,1.02,1591457,16.39,2026-09-18
ESTER,EQ,87.56,88.9,86.6,87.67,86.76,36137,31.56,2026-09-18
ETERNAL,EQ,328.5,329.75,325.7,326.85,322.35,17696853,57984.0,2026-09-18
ETHOSLTD,EQ,2655.0,2682.6,2612.6,2661.5,2651.0,27302,724.71,2026-09-18
EUREKAFORB,EQ,393.4,395.25,383.0,385.3,391.1,438600,1692.28,2026-09-18
EUROBOND,EQ,150.0,154.0,147.03,148.05,148.49,4198,6.25,2026-09-18
EUROPRATIK,EQ,232.0,235.7,229.1,231.75,234.85,211870,491.89,2026-09-18
EVEREADY,EQ,334.1,341.5,328.5,331.0,334.1,178458,593.61,2026-09-18
EVIETF,EQ,31.92,32.95,31.73,32.04,31.71,133816,42.78,2026-09-18
EVINDIA,EQ,32.48,32.48,31.78,32.0,31.84,100432,32.08,2026-09-18
EXCELINDUS,EQ,963.8,979.9,945.1,958.2,963.8,12412,118.72,2026-09-18
EXCELSOFT,EQ,80.0,80.19,77.24,78.08,79.8,372636,292.79,2026-09-18
EXICOM,EQ,160.0,165.2,160.0,163.68,160.09,730474,1192.06,2026-09-18
EXIDEIND,EQ,419.35,444.7,419.35,435.85,418.6,5570954,24227.64,2026-09-18
EXPLEOSOL,EQ,898.05,900.9,875.0,881.95,898.05,20658,183.49,2026-09-18
EXXARO,EQ,6.2,6.39,6.2,6.25,6.26,115668,7.24,2026-09-18
FABTECH,EQ,147.4,148.98,146.92,147.93,146.92,41486,61.34,2026-09-18
FACT,EQ,764.95,767.65,753.05,764.2,759.8,66764,508.02,2026-09-18
FAZE3Q,EQ,442.0,448.0,438.0,442.95,442.15,11314,50.04,2026-09-18
FCL,EQ,53.31,57.75,52.9,57.02,52.99,26160940,14560.99,2026-09-18
FCSSOFT,EQ,1.42,1.43,1.41,1.41,1.42,856983,12.13,2026-09-18
FDC,EQ,353.15,354.15,347.7,352.5,352.15,115044,403.96,2026-09-18
FEDDERSHOL,EQ,52.8,53.39,52.7,52.9,52.29,4766815,2526.98,2026-09-18
FEDERALBNK,EQ,332.8,335.4,325.4,332.75,332.75,14568034,48139.6,2026-09-18
FEDFINA,EQ,152.27,156.0,151.82,155.25,152.27,792266,1221.58,2026-09-18
FERMENTA,EQ,465.7,478.9,465.7,474.15,465.7,26096,123.14,2026-09-18
FIBERWEB,EQ,26.49,26.57,25.8,26.1,26.4,9330,2.44,2026-09-18
FIEMIND,EQ,1907.0,1963.9,1907.0,1937.3,1900.9,71600,1392.13,2026-09-18
FILATEX,EQ,90.32,94.5,87.73,93.83,90.35,6299414,5797.54,2026-09-18
FILATFASH,EQ,0.19,0.19,0.17,0.17,0.18,16682906,30.14,2026-09-18
FINCABLES,EQ,1399.0,1434.7,1390.2,1411.2,1395.8,1061919,14990.17,2026-09-18
FINEORG,EQ,5219.5,5271.0,5160.0,5199.0,5202.0,45907,2388.64,2026-09-18
FINIETF,EQ,32.17,32.46,32.06,32.28,31.93,140103,45.1,2026-09-18
FINKURVE,EQ,74.93,76.9,72.14,73.1,75.05,35407,26.08,2026-09-18
FINOPB,EQ,135.87,137.7,135.0,135.48,136.43,82685,112.45,2026-09-18
FINPIPE,EQ,154.0,156.0,153.03,154.63,154.43,484153,749.01,2026-09-18
FIRSTCRY,EQ,169.8,173.0,163.37,172.15,169.25,6662007,11185.36,2026-09-18
FISCHER,EQ,33.31,33.76,32.71,33.15,33.3,361136,119.61,2026-09-18
FIVESTAR,EQ,527.5,545.9,524.0,538.45,530.95,741259,3960.27,2026-09-18
FLAIR,EQ,239.99,240.0,232.2,235.23,237.13,44067,103.76,2026-09-18
FLEXIADD,EQ,9.72,9.85,9.71,9.79,9.73,103179,10.06,2026-09-18
FLUOROCHEM,EQ,4490.0,4613.9,4490.0,4586.7,4471.8,225937,10315.46,2026-09-18
FMCGADD,EQ,46.18,46.18,45.75,46.02,45.96,16877,7.76,2026-09-18
FMCGIETF,EQ,49.49,49.49,48.87,49.28,49.12,1479012,726.27,2026-09-18
FMGOETZE,EQ,447.5,455.0,444.45,446.15,447.5,117700,528.95,2026-09-18
FMNL,EQ,8.75,9.35,8.53,9.24,8.91,103859,9.28,2026-09-18
FOODSIN,EQ,53.55,55.29,53.12,54.57,54.79,62580,33.88,2026-09-18
FORCEMOT,EQ,17622.0,17882.0,17488.0,17488.0,17650.0,63130,11189.62,2026-09-18
FORTIS,EQ,884.7,899.7,884.7,886.0,886.1,1928099,17201.31,2026-09-18
FOSECOIND,EQ,6787.5,6974.5,6622.5,6677.5,6765.5,44756,3030.71,2026-09-18
FRACTAL,EQ,755.0,768.0,744.9,764.35,750.75,203930,1546.27,2026-09-18
FREDUN,EQ,1300.2,1324.0,1288.1,1303.5,1278.2,65181,850.34,2026-09-18
FRONTSP,EQ,1199.0,1226.9,1178.0,1198.4,1197.4,15604,187.18,2026-09-18
FSL,EQ,272.0,275.5,269.4,273.45,273.1,1243136,3398.18,2026-09-18
FUSION,EQ,184.02,186.02,181.82,185.12,184.45,511372,940.79,2026-09-18
GABRIEL,EQ,1290.1,1336.0,1290.0,1321.8,1283.7,293065,3871.37,2026-09-18
GAEL,EQ,160.1,160.6,156.25,156.95,159.41,962051,1523.3,2026-09-18
GAIL,EQ,172.0,174.65,172.0,173.9,172.0,8527161,14799.33,2026-09-18
GAJA,EQ,145.84,145.84,142.0,142.5,145.03,198526,283.94,2026-09-18
GALAPREC,EQ,1005.9,1024.9,1001.5,1011.2,998.9,12068,122.21,2026-09-18
GALAXYSURF,EQ,2271.0,2271.1,2201.0,2215.2,2257.0,22064,491.37,2026-09-18
GALLANTT,EQ,545.85,553.95,541.0,547.15,537.7,73721,404.33,2026-09-18
GANDHAR,EQ,268.2,277.2,268.0,276.2,269.4,670870,1834.92,2026-09-18
GANDHITUBE,EQ,897.0,904.0,865.0,899.2,894.0,7643,67.77,2026-09-18
GANECOS,EQ,992.0,1015.0,982.2,1002.0,990.6,99501,995.49,2026-09-18
GANESHCP,EQ,165.97,171.24,163.51,169.2,164.47,98944,165.48,2026-09-18
GANESHHOU,EQ,758.0,758.0,735.25,741.45,751.65,25397,188.8,2026-09-18
GANGAFORGE,EQ,1.57,1.58,1.55,1.55,1.57,1827820,28.62,2026-09-18
GANGESSECU,EQ,116.79,117.0,114.15,114.15,113.05,669,0.77,2026-09-18
GARFIBRES,EQ,799.7,840.0,791.3,819.0,799.7,56698,461.15,2026-09-18
GARUDA,EQ,175.8,176.84,174.16,175.53,174.82,180277,316.47,2026-09-18
GATEWAY,EQ,53.33,53.33,52.65,52.87,52.75,660523,349.42,2026-09-18
GAUDIUMIVF,EQ,118.96,118.96,114.23,116.22,114.79,155323,180.78,2026-09-18
GAYAHWS,EQ,1.87,1.95,1.82,1.9,1.89,253808,4.82,2026-09-18
GAYAPROJ,EQ,23.78,24.8,23.57,24.72,23.62,1572098,386.9,2026-09-18
GCSL,EQ,588.6,620.5,588.6,618.55,594.35,622465,3800.67,2026-09-18
GEEKAYWIRE,EQ,34.0,35.0,33.06,33.25,33.46,814069,277.96,2026-09-18
GEMAROMA,EQ,152.4,155.3,147.65,149.1,151.9,145529,217.67,2026-09-18
GENCON,EQ,39.81,41.5,39.12,40.01,39.56,237077,95.34,2026-09-18
GENESYS,EQ,286.0,296.0,281.25,285.19,284.42,496070,1433.96,2026-09-18
GENUSPAPER,EQ,11.18,11.45,11.18,11.41,11.18,40231,4.54,2026-09-18
GENUSPOWER,EQ,305.0,315.65,304.6,310.75,303.15,3184194,9896.8,2026-09-18
GEOJITFSL,EQ,80.12,83.5,79.56,81.99,80.12,713593,586.9,2026-09-18
GESHIP,EQ,1425.0,1439.7,1413.7,1432.1,1425.1,465939,6646.51,2026-09-18
GFLLIMITED,EQ,56.02,56.98,55.16,56.43,55.7,23959,13.45,2026-09-18
GHCL,EQ,422.0,428.0,418.3,421.7,420.1,157583,665.1,2026-09-18
GHCLTEXTIL,EQ,125.4,125.6,122.5,124.51,124.33,222126,275.3,2026-09-18
GICHSGFIN,EQ,136.3,141.0,135.62,139.35,135.97,89007,122.72,2026-09-18
GICRE,EQ,340.75,353.25,340.55,351.0,339.8,1183930,4130.01,2026-09-18
GILLANDERS,EQ,103.0,106.0,98.6,104.52,103.87,1721,1.78,2026-09-18
GILLETTE,EQ,7340.0,7340.0,7031.5,7073.0,7307.0,52262,3722.21,2026-09-18
GILT10BETA,EQ,26.14,26.67,26.14,26.66,26.65,641,0.17,2026-09-18
GILT5BETA,EQ,65.28,66.6,65.28,66.59,66.59,117,0.08,2026-09-18
GILT5YBEES,EQ,65.95,65.96,65.75,65.8,65.81,117989,77.68,2026-09-18
GIPCL,EQ,186.0,189.06,185.26,188.35,186.12,253911,476.44,2026-09-18
GKB,EQ,62.6,69.89,62.6,67.44,65.13,10541,6.95,2026-09-18
GKENERGY,EQ,119.92,123.0,118.22,119.77,118.98,561130,672.99,2026-09-18
GKSL,EQ,178.14,186.0,178.13,181.25,177.82,273151,500.01,2026-09-18
GKWLIMITED,EQ,1604.9,1604.9,1566.0,1587.1,1604.9,208,3.3,2026-09-18
GLAND,EQ,2907.2,2978.0,2904.0,2961.9,2907.8,492452,14562.9,2026-09-18
GLASSWALL,EQ,267.98,304.2,258.35,269.51,257.82,73819973,207448.94,2026-09-18
GLAXO,EQ,2800.0,2900.0,2800.0,2838.8,2799.9,125265,3547.64,2026-09-18
GLENMARK,EQ,2409.8,2447.4,2396.8,2447.4,2416.0,545520,13200.68,2026-09-18
GLFL,EQ,5.35,5.35,5.03,5.06,5.11,320,0.02,2026-09-18
GLOBAL,EQ,127.8,131.0,125.06,130.16,127.17,143869,185.31,2026-09-18
GLOBALE,EQ,10.95,11.85,10.93,11.0,11.5,8037,0.91,2026-09-18
GLOBALVECT,EQ,127.7,132.78,125.0,131.58,125.52,6742,8.7,2026-09-18
GLOBE,EQ,1.79,2.1,1.75,2.07,1.78,2740470,53.54,2026-09-18
GLOBECIVIL,EQ,43.8,43.8,42.0,42.26,42.46,21470,9.06,2026-09-18
GLOBUSSPR,EQ,837.45,841.35,815.3,819.75,830.75,68570,563.56,2026-09-18
GLOSTERLTD,EQ,578.5,587.0,578.2,586.2,578.0,325,1.9,2026-09-18
GLOTTIS,EQ,57.71,59.7,57.71,59.48,58.0,24282,14.38,2026-09-18
GMBREW,EQ,937.05,964.95,934.0,953.95,937.05,70274,670.19,2026-09-18
GMDCLTD,EQ,551.0,559.8,551.0,556.45,549.15,635840,3530.88,2026-09-18
GMMPFAUDLR,EQ,1370.0,1475.0,1370.0,1467.0,1363.4,1207844,17445.59,2026-09-18
GMRAIRPORT,EQ,95.51,99.3,95.41,99.3,95.04,21945461,21419.55,2026-09-18
GMRP&UI,EQ,92.11,94.88,91.0,92.31,92.13,1263129,1170.85,2026-09-18
GNA,EQ,539.95,588.8,539.95,558.55,536.55,2062341,11664.29,2026-09-18
GNFC,EQ,578.85,594.35,574.0,588.9,584.85,1359872,7968.32,2026-09-18
GNRL,EQ,101.6,103.99,96.69,98.43,101.05,205527,204.63,2026-09-18
GOACARBON,EQ,387.0,387.0,375.0,377.6,378.3,21751,82.9,2026-09-18
GOCLCORP,EQ,458.15,461.4,442.15,446.1,456.15,522016,2350.45,2026-09-18
GOCOLORS,EQ,309.8,310.75,304.1,306.0,308.1,44609,137.04,2026-09-18
GODAVARIB,EQ,242.41,243.0,238.55,241.01,243.31,80755,194.41,2026-09-18
GODFRYPHLP,EQ,1948.0,2018.0,1943.7,2018.0,1943.0,404029,8053.85,2026-09-18
GODIGIT,EQ,255.5,255.9,235.8,239.0,255.5,3424067,8269.83,2026-09-18
GODREJAGRO,EQ,656.3,670.0,645.7,661.6,653.6,161090,1060.27,2026-09-18
GODREJCP,EQ,875.3,886.0,870.45,880.0,873.0,1410736,12417.02,2026-09-18
GODREJIND,EQ,1127.3,1132.4,1095.1,1107.4,1127.3,114004,1259.43,2026-09-18
GODREJPROP,EQ,1686.9,1721.3,1686.6,1691.1,1678.2,659676,11214.83,2026-09-18
GOKEX,EQ,732.1,743.9,723.1,727.75,727.55,166162,1214.82,2026-09-18
GOKUL,EQ,40.48,40.9,39.69,40.43,39.74,137161,54.91,2026-09-18
GOKULAGRO,EQ,219.0,226.98,219.0,224.24,218.17,245236,545.85,2026-09-18
GOLD1,EQ,126.8,128.17,126.64,127.68,125.62,1925096,2455.6,2026-09-18
GOLD360,EQ,148.45,149.85,147.95,149.1,147.25,6821,10.16,2026-09-18
GOLDADD,EQ,14.73,14.93,14.72,14.86,14.63,7975560,1186.32,2026-09-18
GOLDAXIS,EQ,126.6,128.16,126.42,127.67,125.24,2006311,2558.26,2026-09-18
GOLDBEES,EQ,125.51,126.95,125.47,126.48,124.43,28783409,36365.17,2026-09-18
GOLDBETA,EQ,127.35,129.05,127.35,128.6,126.85,806701,1035.37,2026-09-18
GOLDBND,EQ,153.56,154.0,150.71,153.21,150.55,44050,67.24,2026-09-18
GOLDCASE,EQ,23.86,24.2,23.86,24.07,23.69,8804176,2117.48,2026-09-18
GOLDETF,EQ,147.29,149.02,147.29,148.57,146.44,2707257,4017.96,2026-09-18
GOLDIAM,EQ,325.9,329.2,322.1,326.75,325.6,282706,920.75,2026-09-18
GOLDIETF,EQ,129.82,131.62,129.82,131.16,128.97,4606964,6032.51,2026-09-18
GOODLUCK,EQ,509.9,523.5,509.9,517.25,509.75,363708,1887.24,2026-09-18
GOODYEAR,EQ,704.6,716.55,702.0,704.85,706.15,5290,37.36,2026-09-18
GOPAL,EQ,252.25,257.4,248.25,256.75,252.25,121271,305.47,2026-09-18
GOYALALUM,EQ,5.85,5.99,5.3,5.77,5.9,189846,10.76,2026-09-18
GPIL,EQ,238.39,239.42,232.3,233.47,238.39,1620482,3801.96,2026-09-18
GPPL,EQ,162.9,163.2,158.35,160.35,162.59,1713766,2737.42,2026-09-18
GPTHEALTH,EQ,164.3,170.4,163.61,166.21,163.61,319398,535.49,2026-09-18
GPTINFRA,EQ,119.17,123.32,116.35,118.96,113.56,3008060,3602.1,2026-09-18
GRANDOAK,EQ,35.48,35.48,33.55,34.23,34.07,2900,1.0,2026-09-18
GRANULES,EQ,874.0,890.4,865.9,875.5,870.4,1200729,10541.67,2026-09-18
GRAPHITE,EQ,815.0,838.0,810.0,830.85,814.1,2312208,19162.48,2026-09-18
GRASIM,EQ,3175.0,3209.2,3174.5,3209.2,3173.1,682793,21812.5,2026-09-18
GRAUWEIL,EQ,83.0,88.53,82.25,86.62,79.09,14617872,12698.94,2026-09-18
GRAVITA,EQ,1611.6,1636.0,1585.7,1598.4,1611.6,377745,6058.9,2026-09-18
GREAVESCOT,EQ,192.1,200.13,192.1,197.35,191.72,1549231,3059.18,2026-09-18
GREENLAM,EQ,236.0,238.19,228.96,231.51,236.73,75198,174.17,2026-09-18
GREENPANEL,EQ,158.5,159.9,154.48,157.83,158.4,701624,1096.78,2026-09-18
GREENPLY,EQ,291.25,296.95,288.55,292.85,293.2,221495,648.54,2026-09-18
GREENPOWER,EQ,9.4,9.4,9.0,9.05,9.05,3333043,304.05,2026-09-18
GRINDWELL,EQ,1862.0,1914.0,1862.0,1895.6,1862.2,41705,790.31,2026-09-18
GRINFRA,EQ,823.15,837.8,815.1,825.9,829.05,47000,388.4,2026-09-18
GRMOVER,EQ,80.0,82.38,79.76,81.64,80.13,1123465,915.47,2026-09-18
GROBTEA,EQ,925.0,925.0,921.0,921.9,930.0,139,1.28,2026-09-18
GROWW,EQ,189.0,195.5,185.7,191.76,187.44,73111303,139391.44,2026-09-18
GROWWCAPM,EQ,11.29,11.29,11.1,11.24,11.12,516604,57.93,2026-09-18
GROWWCHEM,EQ,29.37,29.37,28.76,29.3,29.06,29833,8.73,2026-09-18
GROWWDEFNC,EQ,93.38,94.35,92.31,93.86,92.31,167199,156.66,2026-09-18
GROWWEV,EQ,32.18,32.18,31.69,31.94,31.69,137774,43.85,2026-09-18
GROWWGOLD,EQ,14.81,14.99,14.81,14.94,14.69,1882882,280.85,2026-09-18
GROWWHOSPI,EQ,52.22,53.16,52.14,53.01,52.22,266394,140.89,2026-09-18
GROWWLIQID,EQ,110.81,110.82,110.81,110.81,110.77,102618,113.71,2026-09-18
GROWWLOVOL,EQ,10.08,10.24,10.08,10.12,10.08,13538,1.37,2026-09-18
GROWWMC150,EQ,226.64,228.98,226.44,228.5,226.57,165,0.38,2026-09-18
GROWWMETAL,EQ,12.2,12.44,12.2,12.37,12.2,443476,54.83,2026-09-18
GROWWMOM50,EQ,10.8,10.96,10.77,10.88,10.77,144864,15.73,2026-09-18
GROWWN200,EQ,11.04,11.22,10.91,11.12,11.04,14116,1.56,2026-09-18
GROWWNET,EQ,10.68,11.05,10.68,10.92,10.73,446972,48.66,2026-09-18
GROWWNIFTY,EQ,9.65,9.65,9.4,9.48,9.42,375003,35.44,2026-09-18
GROWWNXT50,EQ,71.46,72.75,71.46,72.64,71.56,1327,0.96,2026-09-18
GROWWPOWER,EQ,11.06,11.26,10.98,11.21,11.07,1720753,192.39,2026-09-18
GROWWPSE,EQ,96.57,98.8,94.6,98.36,96.57,2729,2.65,2026-09-18
GROWWPSUBK,EQ,81.11,84.6,81.11,83.61,82.61,12152,10.12,2026-09-18
GROWWRAIL,EQ,27.12,27.59,26.95,27.44,26.99,641865,175.42,2026-09-18
GROWWRLTY,EQ,9.49,9.56,9.39,9.54,9.39,2189718,208.29,2026-09-18
GROWWSC250,EQ,10.69,10.69,10.38,10.54,10.38,183371,19.25,2026-09-18
GROWWSLVR,EQ,22.5,23.06,22.5,22.92,22.17,2841992,650.12,2026-09-18
GRPLTD,EQ,2018.3,2021.5,1974.2,2008.2,1971.9,1162,23.24,2026-09-18
GRSE,EQ,2349.0,2430.0,2345.0,2411.8,2339.8,531793,12763.9,2026-09-18
GRWRHITECH,EQ,6520.0,6761.5,6520.0,6724.5,6502.5,29770,1988.78,2026-09-18
GSEC10IETF,EQ,263.97,263.97,263.97,263.97,263.89,2,0.01,2026-09-18
GSEC10YEAR,EQ,30.35,30.35,30.19,30.31,30.35,279,0.08,2026-09-18
GSEC5IETF,EQ,65.64,66.4,65.64,66.4,66.14,563,0.37,2026-09-18
GSFC,EQ,153.05,153.72,150.35,151.92,152.27,1280620,1943.16,2026-09-18
GSLSU,EQ,27.27,28.78,27.27,28.04,28.17,24429,6.83,2026-09-18
GSPCROP,EQ,482.0,493.85,479.0,482.1,484.05,277176,1342.93,2026-09-18
GSS,EQ,10.28,10.6,10.08,10.37,10.02,31000,3.21,2026-09-18
GTECJAINX,EQ,26.78,28.38,26.0,26.86,27.33,8169,2.26,2026-09-18
GTL,EQ,7.02,7.15,7.02,7.09,7.06,57543,4.06,2026-09-18
GTLINFRA,EQ,1.14,1.17,1.13,1.15,1.14,29685116,341.31,2026-09-18
GTPL,EQ,57.68,57.9,56.8,56.96,56.62,73098,41.76,2026-09-18
GUFICBIO,EQ,422.3,439.9,422.3,436.0,425.5,58865,255.98,2026-09-18
GUJALKALI,EQ,661.55,668.8,631.1,638.7,673.75,217900,1398.52,2026-09-18
GUJAPOLLO,EQ,333.95,354.95,324.0,350.1,324.0,36321,123.4,2026-09-18
GUJENERGY,EQ,239.95,251.0,238.4,244.64,239.43,6160841,15073.16,2026-09-18
GUJRAFFIA,EQ,40.91,41.8,40.05,40.25,40.91,3547,1.44,2026-09-18
GUJTHEM,EQ,420.15,440.0,418.5,427.4,420.15,580582,2514.33,2026-09-18
GULFOILLUB,EQ,1070.9,1073.1,1061.3,1070.1,1064.0,30222,323.18,2026-09-18
GULPOLY,EQ,171.25,172.0,168.17,169.99,171.05,99834,169.57,2026-09-18
GVPIL,EQ,631.0,656.1,628.85,656.1,624.9,128144,833.11,2026-09-18
GVT&D,EQ,4389.8,4433.9,4357.5,4385.0,4341.0,809572,35523.76,2026-09-18
GYFTR,EQ,177.51,182.49,168.18,171.05,176.12,223375,382.68,2026-09-18
HAL,EQ,4804.9,4890.0,4780.0,4800.3,4788.0,972849,47052.32,2026-09-18
HALDER,EQ,286.2,293.1,277.0,280.95,297.15,482,1.38,2026-09-18
HALEOSLABS,EQ,1493.5,1524.9,1470.0,1497.6,1493.0,777,11.61,2026-09-18
HAMPTON,EQ,8.99,8.99,7.93,8.22,8.26,115275,9.47,2026-09-18
HAPPSTMNDS,EQ,329.0,329.8,319.0,321.55,327.9,860696,2782.38,2026-09-18
HAPPYFORGE,EQ,2177.8,2180.9,2140.0,2148.3,2143.2,61172,1320.0,2026-09-18
HARDWYN,EQ,9.12,9.24,9.02,9.16,9.07,693563,63.28,2026-09-18
HARIOMPIPE,EQ,354.95,369.95,348.9,362.9,349.65,170163,616.25,2026-09-18
HARRMALAYA,EQ,183.45,183.45,178.0,178.49,180.71,10216,18.38,2026-09-18
HARSHA,EQ,435.25,451.0,435.25,440.45,433.85,92889,411.92,2026-09-18
HATHWAY,EQ,10.02,10.1,9.91,9.98,10.02,1165234,116.59,2026-09-18
HATSUN,EQ,1186.9,1186.9,1125.1,1139.1,1181.6,78526,899.58,2026-09-18
HAVELLS,EQ,1086.0,1132.4,1086.0,1132.4,1092.0,745375,8255.61,2026-09-18
HAVISHA,EQ,1.38,1.38,1.31,1.33,1.32,14206,0.19,2026-09-18
HAWKINCOOK,EQ,8364.5,8364.5,8250.0,8286.0,8251.5,937,77.75,2026-09-18
HAZOOR,EQ,18.55,19.9,17.75,19.3,18.55,2904804,556.35,2026-09-18
HBESD,EQ,70.0,74.5,69.3,73.57,71.61,1323,0.95,2026-09-18
HBLENGINE,EQ,754.0,768.0,751.0,760.0,756.75,1898943,14430.79,2026-09-18
HBPOR,EQ,61.5,62.93,60.68,61.0,61.49,788,0.48,2026-09-18
HBSL,EQ,53.33,53.33,52.0,52.68,53.33,1597,0.84,2026-09-18
HCC,EQ,21.72,21.9,21.37,21.77,21.56,16759566,3626.67,2026-09-18
HCG,EQ,693.45,715.0,693.2,708.25,687.15,82273,582.57,2026-09-18
HCL-INSYS,EQ,10.2,10.6,10.05,10.47,10.08,494275,51.23,2026-09-18
HCLTECH,EQ,1258.3,1260.8,1235.6,1249.3,1258.3,2886447,35938.0,2026-09-18
HDBFS,EQ,678.0,701.55,674.15,698.4,681.45,780230,5398.24,2026-09-18
HDFCAMC,EQ,2405.6,2439.0,2401.2,2425.0,2387.7,1040790,25239.46,2026-09-18
HDFCBANK,EQ,715.25,733.8,715.25,731.0,713.0,39400710,286838.51,2026-09-18
HDFCBSE500,EQ,36.31,37.61,36.31,36.91,36.67,202980,74.84,2026-09-18
HDFCGOLD,EQ,130.0,131.06,129.67,130.64,128.68,3837028,5008.85,2026-09-18
HDFCGROWTH,EQ,115.6,115.64,114.3,114.77,115.6,17188,19.71,2026-09-18
HDFCLIFE,EQ,557.1,564.95,550.95,550.95,557.0,5599030,31267.17,2026-09-18
HDFCLIQUID,EQ,1078.61,1078.63,1078.61,1078.63,1078.18,10808,116.58,2026-09-18
HDFCLOWVOL,EQ,19.6,20.29,19.6,19.9,20.0,5708,1.14,2026-09-18
HDFCMID150,EQ,23.3,23.3,22.92,23.12,22.84,361504,83.32,2026-09-18
HDFCMOMENT,EQ,30.4,30.83,30.4,30.72,30.36,113697,34.9,2026-09-18
HDFCNEXT50,EQ,73.05,73.99,73.05,73.88,73.05,38062,28.01,2026-09-18
HDFCNIF100,EQ,25.34,25.4,25.26,25.35,25.29,50524,12.8,2026-09-18
HDFCNIFBAN,EQ,57.86,58.15,57.81,57.99,57.81,31923,18.5,2026-09-18
HDFCNIFIT,EQ,31.27,31.27,30.6,30.69,31.12,256307,78.74,2026-09-18
HDFCNIFTY,EQ,264.61,264.62,262.62,263.56,263.02,1788313,4703.47,2026-09-18
HDFCNIMEG,EQ,128.33,130.05,128.33,129.9,128.33,15389,19.98,2026-09-18
HDFCPSUBK,EQ,83.75,84.18,83.47,84.13,83.64,41351,34.62,2026-09-18
HDFCPVTBAN,EQ,28.01,28.01,27.74,27.83,27.74,50848,14.16,2026-09-18
HDFCQUAL,EQ,56.55,57.05,56.55,56.72,56.92,11934,6.78,2026-09-18
HDFCSENSEX,EQ,84.77,85.2,84.35,84.78,84.77,51347,43.42,2026-09-18
HDFCSILVER,EQ,221.28,225.17,221.1,223.95,216.47,3863924,8623.54,2026-09-18
HDFCSML250,EQ,182.87,184.95,181.9,184.55,181.9,1274357,2344.94,2026-09-18
HDFCVALUE,EQ,121.91,124.5,121.52,121.96,121.91,7148,8.74,2026-09-18
HEADSUP,EQ,7.24,7.24,6.61,6.71,6.97,14036,0.94,2026-09-18
HEALTHADD,EQ,16.8,16.86,16.72,16.8,16.65,37211,6.25,2026-09-18
HEALTHAXIS,EQ,168.49,169.9,168.36,169.67,167.94,1483,2.5,2026-09-18
HEALTHCARE,EQ,21.98,22.03,21.7,21.84,21.6,22617,4.94,2026-09-18
HEALTHIETF,EQ,170.0,171.44,169.81,170.91,170.03,124667,212.69,2026-09-18
HEALTHX,EQ,319.0,319.0,294.0,300.0,300.0,1400,4.19,2026-09-18
HEALTHY,EQ,17.43,17.43,17.01,17.14,17.01,168153,28.78,2026-09-18
HECPROJECT,EQ,116.84,121.42,114.31,119.77,116.84,8152,9.72,2026-09-18
HEIDELBERG,EQ,141.83,149.0,141.16,145.92,141.57,145888,210.46,2026-09-18
HEMIPROP,EQ,120.15,122.29,120.0,120.77,120.81,245577,297.36,2026-09-18
HERANBA,EQ,166.95,168.88,163.79,167.02,165.78,35651,59.12,2026-09-18
HERITGFOOD,EQ,406.25,421.0,402.5,418.1,405.45,567662,2334.96,2026-09-18
HEROMOTOCO,EQ,5325.0,5362.5,5285.5,5285.5,5325.0,688654,36549.32,2026-09-18
HESTERBIO,EQ,2245.0,2275.5,2162.8,2195.6,2245.8,5041,111.26,2026-09-18
HEXATRADEX,EQ,158.7,172.0,155.31,158.29,156.61,2261,3.66,2026-09-18
HEXT,EQ,525.25,527.2,516.45,524.55,526.45,191368,1002.52,2026-09-18
HGINFRA,EQ,460.65,466.3,441.2,442.45,460.65,172786,777.06,2026-09-18
HGM,EQ,49.33,49.33,47.4,48.51,47.79,546,0.27,2026-09-18
HGS,EQ,383.0,383.0,378.05,379.4,386.35,19544,74.33,2026-09-18
HIKAL,EQ,225.29,232.34,224.6,226.04,225.29,382596,873.77,2026-09-18
HILINFRA,EQ,43.07,46.74,43.07,43.92,43.07,415937,187.29,2026-09-18
HILTON,EQ,16.81,17.73,16.16,16.38,17.01,395977,65.94,2026-09-18
HIMATSEIDE,EQ,63.7,65.44,62.94,64.66,63.65,578349,371.44,2026-09-18
HINDADH,EQ,376.0,379.7,372.0,374.9,376.8,2455,9.2,2026-09-18
HINDALCO,EQ,982.9,999.3,979.4,986.5,980.5,8310236,82066.65,2026-09-18
HINDALUMI,EQ,95.5,96.0,92.05,94.27,93.7,1778,1.67,2026-09-18
HINDCOMPOS,EQ,371.95,390.0,365.65,378.65,369.9,7703,29.12,2026-09-18
HINDCON,EQ,23.73,24.64,23.4,23.81,23.73,32398,7.76,2026-09-18
HINDCOPPER,EQ,490.7,499.25,487.05,497.4,485.5,9888264,48897.42,2026-09-18
HINDOILEXP,EQ,182.3,182.78,178.35,180.29,180.95,525134,950.06,2026-09-18
HINDPETRO,EQ,352.4,359.0,350.5,359.0,350.6,6539998,23202.77,2026-09-18
HINDUNILVR,EQ,1950.0,1959.6,1932.0,1932.0,1942.2,1994635,38839.28,2026-09-18
HINDWAREAP,EQ,176.58,178.84,171.0,172.08,176.95,124952,216.79,2026-09-18
HINDZINC,EQ,578.3,596.0,578.3,596.0,572.3,7197021,42233.43,2026-09-18
HIRECT,EQ,1225.0,1279.0,1214.2,1242.8,1211.9,50557,633.79,2026-09-18
HISARMETAL,EQ,153.1,158.0,153.1,154.53,155.38,148,0.23,2026-09-18
HITECH,EQ,74.2,76.7,73.66,76.14,73.74,751081,564.89,2026-09-18
HLEGLAS,EQ,415.95,457.2,413.0,446.9,415.65,1020903,4546.0,2026-09-18
HLVLTD,EQ,6.78,6.85,6.65,6.75,6.66,114147,7.71,2026-09-18
HMAAGRO,EQ,23.0,24.36,22.86,23.77,23.08,3564052,842.97,2026-09-18
HNDFDS,EQ,620.0,629.0,613.0,625.7,620.35,57146,356.79,2026-09-18
HNGSNGBEES,EQ,467.6,467.6,461.4,463.3,462.97,56641,262.38,2026-09-18
HOMEFIRST,EQ,1165.0,1265.0,1158.2,1241.3,1173.3,873253,10675.48,2026-09-18
HONASA,EQ,458.1,481.5,458.1,479.55,460.1,1065010,5066.06,2026-09-18
HONAUT,EQ,33915.0,36485.0,33885.0,35445.0,33915.0,15555,5513.11,2026-09-18
HONDAPOWER,EQ,1959.9,1975.0,1902.0,1930.3,1934.1,4755,92.21,2026-09-18
HORIZONIND,EQ,51.9,54.5,51.89,54.23,52.17,2786457,1496.76,2026-09-18
HPAL,EQ,34.83,35.4,34.61,34.76,34.83,28109,9.82,2026-09-18
HPIL,EQ,118.01,123.99,118.0,118.99,117.86,737,0.89,2026-09-18
HPL,EQ,280.35,286.85,279.4,284.3,280.4,113357,321.05,2026-09-18
HRYNSHP,EQ,97.55,101.25,96.1,97.19,97.5,1604,1.55,2026-09-18
HSBCGOLD,EQ,131.01,133.5,130.94,132.91,130.65,13418,17.71,2026-09-18
HSCL,EQ,656.5,678.85,654.1,675.35,653.35,2687060,17997.87,2026-09-18
HTEL,EQ,73.75,79.38,71.26,76.77,72.05,3939738,2995.95,2026-09-18
HTMEDIA,EQ,24.12,24.7,23.26,23.69,24.0,100997,24.05,2026-09-18
HUBTOWN,EQ,175.0,180.0,174.66,177.69,173.76,745087,1317.48,2026-09-18
HUDCO,EQ,170.2,176.5,169.71,174.92,169.55,3438429,5984.98,2026-09-18
HUHTAMAKI,EQ,247.1,248.0,241.0,245.0,243.6,136211,331.74,2026-09-18
HYBRIDETF,EQ,9.94,10.0,9.94,10.0,9.94,38244,3.81,2026-09-18
HYUNDAI,EQ,2176.0,2208.8,2155.5,2208.8,2160.0,764325,16679.79,2026-09-18
IBULLSLTD,EQ,30.0,31.0,29.51,30.39,29.65,34084914,10358.24,2026-09-18
ICEMAKE,EQ,668.0,694.0,668.0,685.6,668.9,53006,361.23,2026-09-18
ICICIAMC,EQ,3085.2,3286.0,3073.7,3206.7,3098.0,1632087,52000.73,2026-09-18
ICICIB22,EQ,113.12,113.12,111.97,112.46,112.0,154083,173.11,2026-09-18
ICICIBANK,EQ,1351.9,1359.8,1338.9,1338.9,1347.6,7509409,100856.09,2026-09-18
ICICIGI,EQ,1485.7,1486.8,1458.1,1458.1,1486.7,925599,13633.22,2026-09-18
ICICIPRULI,EQ,494.0,501.45,491.1,492.0,490.5,2240637,11126.07,2026-09-18
ICIL,EQ,436.7,449.0,435.0,447.35,435.5,300607,1337.08,2026-09-18
ICRA,EQ,4642.6,4642.6,4525.1,4544.7,4584.6,33473,1524.08,2026-09-18
IDBI,EQ,82.3,84.89,81.8,83.06,81.89,20869049,17384.85,2026-09-18
IDEA,EQ,14.34,14.37,13.92,13.92,14.22,350366817,49614.96,2026-09-18
IDEAFORGE,EQ,721.0,734.8,713.55,729.6,717.95,103895,750.96,2026-09-18
IDFCFIRSTB,EQ,86.0,87.17,85.92,85.92,86.33,27340008,23673.79,2026-09-18
IDFNIFTYET,EQ,258.31,259.0,255.75,259.0,257.03,363,0.93,2026-09-18
IEX,EQ,113.0,115.46,113.0,115.46,113.4,2248423,2572.07,2026-09-18
IFBAGRO,EQ,867.7,899.0,855.1,888.0,865.15,3866,34.02,2026-09-18
IFBIND,EQ,1208.1,1234.9,1208.1,1225.1,1217.9,22497,274.69,2026-09-18
IFCI,EQ,77.56,77.97,75.4,76.51,77.09,60473703,46157.49,2026-09-18
IFGLEXPOR,EQ,198.62,205.49,197.42,199.03,197.64,28261,56.6,2026-09-18
IGARASHI,EQ,433.7,439.9,428.6,432.35,428.8,77496,335.17,2026-09-18
IGCL,EQ,66.22,68.75,65.15,67.05,66.22,121706,80.96,2026-09-18
IGIL,EQ,318.8,337.9,316.95,330.95,314.9,2435441,7978.36,2026-09-18
IGL,EQ,148.5,151.79,148.1,148.56,148.67,4539547,6758.68,2026-09-18
IGPL,EQ,554.55,562.15,542.0,550.15,554.55,52110,289.34,2026-09-18
IIFL,EQ,602.0,614.25,598.5,600.2,596.55,2243955,13589.63,2026-09-18
IIFLCAPS,EQ,336.9,346.85,336.8,345.1,336.95,1665584,5715.55,2026-09-18
IITL,EQ,149.9,149.96,142.0,143.37,148.03,110592,163.06,2026-09-18
IKIO,EQ,206.62,217.9,205.68,210.25,205.83,516858,1097.51,2026-09-18
IKS,EQ,1721.0,1795.5,1721.0,1779.9,1728.9,451923,8043.45,2026-09-18
IMAGICAA,EQ,51.43,54.79,51.19,52.82,51.18,1607686,860.8,2026-09-18
IMFA,EQ,1264.1,1290.5,1249.0,1252.2,1273.7,49098,619.39,2026-09-18
IMPAL,EQ,1084.0,1112.8,1058.5,1065.6,1077.7,1932,20.7,2026-09-18
INA,EQ,88.66,93.5,87.81,91.7,87.38,561788,508.14,2026-09-18
INCREDIBLE,EQ,34.45,34.45,32.12,32.37,33.31,3415,1.11,2026-09-18
INDBANK,EQ,25.7,26.26,25.35,25.56,25.66,27153,6.97,2026-09-18
INDGN,EQ,595.55,611.7,590.5,600.1,591.75,469267,2801.29,2026-09-18
INDHOTEL,EQ,725.85,743.0,722.6,732.75,726.65,3256156,23967.9,2026-09-18
INDIACEM,EQ,349.45,356.15,342.6,344.8,351.7,229613,800.97,2026-09-18
INDIAGLYCO,EQ,250.1,282.0,250.1,263.7,248.7,1678037,4515.26,2026-09-18
INDIAMART,EQ,1651.4,1667.0,1622.4,1646.3,1662.7,709316,11655.53,2026-09-18
INDIANB,EQ,845.0,848.85,835.0,839.8,840.5,1400080,11774.42,2026-09-18
INDIANCARD,EQ,209.0,214.0,209.0,210.0,209.0,144,0.3,2026-09-18
INDIANHUME,EQ,356.3,370.0,355.25,365.3,354.85,81339,296.0,2026-09-18
INDIASHLTR,EQ,673.0,685.0,668.9,681.85,670.2,62948,426.64,2026-09-18
INDIGO,EQ,4925.0,4970.0,4881.0,4920.0,4845.0,732347,36121.83,2026-09-18
INDIGOPNTS,EQ,1108.9,1108.9,1080.0,1099.7,1098.9,43988,480.97,2026-09-18
INDIQUBE,EQ,200.0,202.87,190.9,192.85,202.45,81977,160.13,2026-09-18
INDNIPPON,EQ,1272.0,1279.6,1250.0,1260.0,1262.1,32358,409.18,2026-09-18
INDOBORAX,EQ,466.75,481.65,466.75,472.6,466.75,40484,191.26,2026-09-18
INDOCO,EQ,254.44,259.65,247.0,249.01,254.44,205516,522.66,2026-09-18
INDOFARM,EQ,135.9,137.74,135.02,136.78,135.07,92008,125.24,2026-09-18
INDOKEM,EQ,643.15,668.0,602.0,620.0,643.15,13991,88.88,2026-09-18
INDOMIM,EQ,999.0,1064.0,990.5,1055.9,993.2,3925761,40697.94,2026-09-18
INDORAMA,EQ,89.87,93.49,87.43,91.05,89.19,1163975,1062.97,2026-09-18
INDOSTAR,EQ,232.69,244.9,227.59,241.05,229.49,121475,289.6,2026-09-18
INDOTECH,EQ,3429.0,3459.0,3350.0,3394.7,3411.4,8364,285.78,2026-09-18
INDOTHAI,EQ,33.56,36.5,33.56,33.56,35.32,3760631,1291.34,2026-09-18
INDOUS,EQ,78.92,81.2,76.5,78.0,79.34,5215,4.1,2026-09-18
INDOWIND,EQ,9.15,9.15,8.82,8.92,8.93,72495,6.53,2026-09-18
INDPRUD,EQ,6304.5,6304.5,6150.0,6227.5,6273.5,64,3.95,2026-09-18
INDRAMEDCO,EQ,360.55,366.9,360.05,362.9,363.65,134873,491.0,2026-09-18
INDSWFTLAB,EQ,377.55,385.15,368.0,373.25,378.25,399757,1500.57,2026-09-18
INDTERRAIN,EQ,28.86,29.98,28.12,28.91,28.9,57089,16.57,2026-09-18
INDUSINDBK,EQ,963.8,969.3,955.3,966.3,958.2,6250679,60280.04,2026-09-18
INDUSTOWER,EQ,380.9,382.5,375.9,375.9,381.35,4696284,17736.71,2026-09-18
INFOBEAN,EQ,151.16,152.4,150.01,151.27,150.41,99135,149.66,2026-09-18
INFOMEDIA,EQ,5.56,5.56,4.91,5.28,5.29,35771,1.85,2026-09-18
INFRA,EQ,11.9,11.9,11.72,11.85,11.67,16540,1.95,2026-09-18
INFRABEES,EQ,933.6,938.0,931.37,935.62,928.63,5322,49.78,2026-09-18
INFRAIETF,EQ,92.74,93.3,92.6,92.96,92.3,203080,188.5,2026-09-18
INFY,EQ,1061.9,1061.9,1038.0,1051.4,1058.6,22124953,231854.51,2026-09-18
INGERRAND,EQ,4226.0,4275.9,4135.0,4155.7,4225.2,41603,1745.27,2026-09-18
INNOVACAP,EQ,1150.0,1183.6,1150.0,1179.8,1149.5,32076,375.48,2026-09-18
INNOVANA,EQ,300.2,306.0,297.3,303.25,298.95,35756,107.79,2026-09-18
INNOVISION,EQ,254.35,254.8,251.6,253.1,254.45,8009,20.26,2026-09-18
INOXGREEN,EQ,174.64,175.93,170.07,171.32,174.64,536646,923.39,2026-09-18
INOXINDIA,EQ,2030.0,2104.6,2016.0,2098.8,2014.8,229005,4762.83,2026-09-18
INOXWIND,EQ,74.33,76.8,74.29,76.8,74.1,10976663,8289.72,2026-09-18
INSECTICID,EQ,597.55,608.25,597.35,605.6,598.85,5335,32.14,2026-09-18
INSPIRISYS,EQ,85.79,85.79,82.05,83.16,84.44,2161,1.82,2026-09-18
INSUREIETF,EQ,15.13,15.21,15.09,15.11,15.09,308060,46.7,2026-09-18
INTELLECT,EQ,651.7,656.9,641.4,647.45,651.3,290091,1880.91,2026-09-18
INTENTECH,EQ,77.46,80.0,76.92,78.14,77.45,11763,9.16,2026-09-18
INTERARCH,EQ,1701.0,1719.9,1684.1,1705.8,1692.2,35940,611.73,2026-09-18
INTERNET,EQ,14.56,14.74,14.56,14.72,14.45,297012,43.47,2026-09-18
INTLCONV,EQ,76.49,77.48,76.26,76.6,76.49,17876,13.74,2026-09-18
INVENTURE,EQ,0.89,0.9,0.89,0.89,0.89,358172,3.2,2026-09-18
IOB,EQ,32.18,32.32,32.0,32.17,32.1,1954679,628.4,2026-09-18
IOC,EQ,135.02,137.0,134.6,137.0,134.27,11505787,15661.16,2026-09-18
IOLCP,EQ,198.5,206.0,195.7,203.15,197.49,4695376,9450.63,2026-09-18
IONEXCHANG,EQ,424.35,446.8,423.25,442.3,424.35,491666,2153.21,2026-09-18
IPCALAB,EQ,1972.3,2038.0,1964.0,2009.6,1970.3,527501,10568.37,2026-09-18
IPL,EQ,139.38,140.04,134.1,134.67,138.69,496519,675.53,2026-09-18
IPRINGLTD,EQ,138.5,141.99,137.1,139.95,137.0,2570,3.58,2026-09-18
IRB,EQ,18.99,18.99,18.38,18.48,18.85,21372707,3972.8,2026-09-18
IRCON,EQ,107.9,110.75,107.0,109.85,107.86,2642536,2887.9,2026-09-18
IRCTC,EQ,458.0,480.0,457.15,476.75,457.0,1670118,7872.26,2026-09-18
IREDA,EQ,109.79,114.32,109.21,114.32,108.99,5072770,5662.12,2026-09-18
IRFC,EQ,79.32,81.5,79.32,81.5,79.31,14377921,11591.19,2026-09-18
IRIS,EQ,240.1,241.8,235.91,238.09,237.13,5209,12.41,2026-09-18
IRISDOREME,EQ,62.85,66.3,61.0,64.58,62.55,2408240,1527.55,2026-09-18
IRMENERGY,EQ,278.15,278.15,268.0,270.2,269.1,69769,188.31,2026-09-18
ISFT,EQ,98.97,98.97,88.53,95.16,90.26,414668,391.92,2026-09-18
ISGEC,EQ,773.45,790.0,769.15,786.25,769.6,50228,392.39,2026-09-18
ISHANCH,EQ,50.0,53.25,49.5,51.04,49.43,41286,21.26,2026-09-18
ISTLTD,EQ,661.05,687.8,655.5,663.85,683.9,583,3.88,2026-09-18
IT,EQ,31.67,32.8,31.67,31.94,32.49,639140,204.21,2026-09-18
ITADD,EQ,30.6,30.65,30.36,30.5,30.93,25542,7.79,2026-09-18
ITAXIS,EQ,323.98,323.98,315.39,316.58,320.02,2163,6.85,2026-09-18
ITBEES,EQ,33.1,33.1,31.81,31.94,32.39,13607369,4347.37,2026-09-18
ITBETA,EQ,302.28,310.64,301.55,302.55,309.39,798,2.41,2026-09-18
ITC,EQ,266.6,266.6,262.3,262.3,266.2,14399150,38055.82,2026-09-18
ITCHOTELS,EQ,154.99,159.5,154.4,158.8,154.33,2982731,4719.46,2026-09-18
ITDC,EQ,662.7,667.4,655.6,658.3,662.7,46546,306.56,2026-09-18
ITETF,EQ,30.95,31.0,30.35,30.47,30.84,500010,152.46,2026-09-18
ITI,EQ,254.8,257.45,252.0,256.3,255.3,79274,202.73,2026-09-18
ITIETF,EQ,32.46,32.46,31.83,32.0,32.46,825230,264.29,2026-09-18
ITL,EQ,358.0,371.7,355.0,356.85,362.5,1046,3.76,2026-09-18
IVALUE,EQ,229.0,229.16,218.1,222.03,228.08,132240,295.95,2026-09-18
IVC,EQ,7.79,8.0,7.79,7.9,7.85,144297,11.38,2026-09-18
IVZBANKNF,EQ,55.99,56.37,55.99,56.06,55.99,12191,6.84,2026-09-18
IVZINGOLD,EQ,132.55,134.0,131.9,133.75,131.1,33465,44.69,2026-09-18
IVZINNIFTY,EQ,274.2,274.2,266.9,267.76,267.52,209,0.56,2026-09-18
IVZSENSEX,EQ,74.5,74.6,74.4,74.56,74.6,2023,1.51,2026-09-18
IWP,EQ,35.95,35.95,33.62,34.73,34.71,9946,3.44,2026-09-18
IXIGO,EQ,159.6,167.84,159.6,165.65,160.06,3132025,5207.1,2026-09-18
IZMO,EQ,923.0,944.6,913.6,934.35,913.25,130243,1212.37,2026-09-18
J&KBANK,EQ,147.6,149.7,145.0,146.58,147.28,3653479,5399.54,2026-09-18
JAGRAN,EQ,62.5,62.5,61.5,62.36,61.96,110739,68.73,2026-09-18
JAGSNPHARM,EQ,228.78,230.49,226.0,228.42,227.24,48985,111.6,2026-09-18
JAIBALAJI,EQ,63.55,65.24,63.2,64.48,63.81,524099,337.81,2026-09-18
JAICORPLTD,EQ,93.2,94.8,93.2,94.42,93.17,148952,139.95,2026-09-18
JAINREC,EQ,275.0,278.55,272.0,276.25,274.05,555155,1527.68,2026-09-18
JAIPURKURT,EQ,24.7,25.3,24.21,24.85,24.74,3279,0.81,2026-09-18
JAMNAAUTO,EQ,126.6,128.0,122.4,125.03,126.96,2670217,3311.59,2026-09-18
JARO,EQ,476.55,477.0,462.15,465.4,471.05,98491,460.2,2026-09-18
JASH,EQ,514.0,527.5,508.9,521.15,514.0,166601,863.65,2026-09-18
JAYAGROGN,EQ,228.3,229.5,225.02,227.39,225.41,6086,13.83,2026-09-18
JAYBARMARU,EQ,114.7,114.7,109.9,111.15,113.4,160918,179.8,2026-09-18
JAYKAY,EQ,158.32,169.75,153.55,167.18,157.06,966066,1575.04,2026-09-18
JAYNECOIND,EQ,89.08,89.75,88.6,89.26,88.94,1630439,1452.48,2026-09-18
JAYSREETEA,EQ,90.9,91.79,88.5,89.38,89.74,31481,28.33,2026-09-18
JBMA,EQ,593.65,605.0,593.65,599.1,593.6,200524,1203.14,2026-09-18
JENBURPH,EQ,985.0,997.0,972.6,979.9,983.4,1916,18.77,2026-09-18
JETFREIGHT,EQ,19.4,22.5,18.4,22.14,19.43,1486253,313.59,2026-09-18
JGCHEM,EQ,593.25,619.95,592.2,612.4,588.15,346503,2116.82,2026-09-18
JHS,EQ,8.84,8.84,8.41,8.54,8.59,41482,3.59,2026-09-18
JINDALPHOT,EQ,1129.7,1135.0,1109.8,1125.6,1129.4,7243,81.39,2026-09-18
JINDALPOLY,EQ,726.95,735.95,708.9,718.45,726.0,16484,118.34,2026-09-18
JINDALSAW,EQ,293.0,294.8,288.05,289.5,291.2,2085677,6056.97,2026-09-18
JINDALSTEL,EQ,1128.9,1140.2,1119.5,1119.5,1128.4,1056818,11912.35,2026-09-18
JINDRILL,EQ,584.0,599.95,575.25,594.85,582.7,269661,1585.92,2026-09-18
JINDWORLD,EQ,49.4,51.5,47.78,49.7,49.0,11061999,5570.97,2026-09-18
JIOFIN,EQ,230.0,232.0,229.89,229.89,229.3,11847025,27345.92,2026-09-18
JISLDVREQS,EQ,21.29,21.97,20.55,20.94,21.18,12202,2.54,2026-09-18
JISLJALEQS,EQ,31.0,31.9,29.24,30.42,30.2,5621238,1717.96,2026-09-18
JITFINFRA,EQ,292.0,293.65,280.4,284.75,286.4,18410,52.75,2026-09-18
JKCEMENT,EQ,5010.0,5139.0,4990.0,5064.5,5027.0,60794,3080.24,2026-09-18
JKIL,EQ,477.6,488.3,474.8,486.55,475.55,65328,316.01,2026-09-18
JKIPL,EQ,96.17,99.78,95.1,98.6,96.2,4652,4.52,2026-09-18
JKLAKSHMI,EQ,510.4,535.0,510.1,530.2,510.4,278231,1456.69,2026-09-18
JKPAPER,EQ,417.0,433.0,416.95,430.6,418.05,572207,2446.25,2026-09-18
JKTYRE,EQ,352.25,352.3,344.4,349.35,348.55,621396,2161.23,2026-09-18
JLHL,EQ,279.0,285.65,276.2,280.05,277.75,240514,674.45,2026-09-18
JMA,EQ,89.55,93.0,89.55,90.21,90.29,11223,10.22,2026-09-18
JMFINANCIL,EQ,122.75,126.79,122.4,126.3,122.51,5637377,7064.72,2026-09-18
JNKINDIA,EQ,412.2,424.0,410.4,413.9,411.95,58911,245.88,2026-09-18
JNPR,EQ,259.8,267.0,256.5,265.15,257.2,720178,1903.01,2026-09-18
JOCIL,EQ,147.41,152.35,141.05,145.95,147.04,6159,8.94,2026-09-18
JPOLYINVST,EQ,987.8,988.5,977.0,980.75,982.25,1447,14.23,2026-09-18
JPPOWER,EQ,15.25,15.49,15.17,15.37,15.26,37304111,5725.26,2026-09-18
JSFB,EQ,516.7,534.1,514.4,527.3,520.1,1405254,7413.58,2026-09-18
JSL,EQ,724.5,754.95,724.5,750.95,724.45,2671236,19933.56,2026-09-18
JSLL,EQ,494.4,513.0,494.0,510.4,490.75,341598,1723.13,2026-09-18
JSWCEMENT,EQ,117.2,118.1,116.23,117.44,116.64,1513300,1775.22,2026-09-18
JSWDULUX,EQ,3099.9,3235.9,3057.1,3188.8,3074.0,21480,675.83,2026-09-18
JSWENERGY,EQ,512.0,526.0,509.0,526.0,512.0,3397652,17557.6,2026-09-18
JSWHL,EQ,11146.0,11504.0,10931.0,11282.0,11146.0,3808,424.63,2026-09-18
JSWINFRA,EQ,329.9,356.95,326.1,348.25,326.65,25470641,88366.29,2026-09-18
JSWSTEEL,EQ,1270.1,1278.7,1262.7,1275.6,1253.4,2378010,30260.15,2026-09-18
JTEKTINDIA,EQ,118.9,121.94,117.15,117.77,118.87,217543,258.24,2026-09-18
JTLIND,EQ,88.01,92.25,86.15,87.67,87.32,2943629,2609.32,2026-09-18
JUBLCPL,EQ,2013.3,2043.2,1980.0,2000.1,2020.4,6169,123.46,2026-09-18
JUBLFOOD,EQ,483.95,502.0,480.3,500.0,480.2,2900829,14377.28,2026-09-18
JUBLINGREA,EQ,638.5,642.6,612.0,624.9,633.25,923659,5728.91,2026-09-18
JUBLPHARMA,EQ,1012.1,1086.0,1012.1,1065.4,1012.1,308313,3230.74,2026-09-18
JUNIORBEES,EQ,778.3,782.0,766.15,781.11,771.94,180919,1408.86,2026-09-18
JUNIPER,EQ,217.0,226.48,215.46,224.33,215.44,274539,609.69,2026-09-18
JUSTDIAL,EQ,674.05,684.4,660.2,669.0,674.05,174274,1168.58,2026-09-18
JWL,EQ,232.5,233.99,228.16,230.13,231.23,1093397,2521.37,2026-09-18
JYOTHYLAB,EQ,193.5,196.6,192.69,195.07,193.84,713471,1390.47,2026-09-18
JYOTICNC,EQ,980.85,1065.0,979.0,1049.7,980.85,3979254,41424.91,2026-09-18
JYOTIRES,EQ,837.9,856.45,832.7,841.0,837.9,2378,19.97,2026-09-18
JYOTISTRUC,EQ,9.18,9.42,9.09,9.29,9.11,4504436,415.34,2026-09-18
KABRAEXTRU,EQ,640.25,690.0,639.7,681.6,632.75,233883,1572.37,2026-09-18
KAJARIACER,EQ,1211.1,1216.9,1197.0,1202.7,1217.2,194896,2344.14,2026-09-18
KAKATCEM,EQ,107.4,109.9,107.0,107.33,108.23,1116,1.2,2026-09-18
KALAMANDIR,EQ,77.06,78.93,76.56,78.26,76.79,532981,413.75,2026-09-18
KALPATARU,EQ,259.75,279.95,257.2,274.45,257.2,59103,158.65,2026-09-18
KALYANKJIL,EQ,585.0,588.5,580.0,581.85,581.45,5379085,31454.8,2026-09-18
KAMAHOLD,EQ,2288.7,2288.7,2244.1,2249.9,2278.8,5489,123.54,2026-09-18
KAMANWALA,EQ,17.8,17.8,16.51,16.51,16.5,414,0.07,2026-09-18
KAMATHOTEL,EQ,220.1,232.38,220.1,229.3,219.45,48978,110.93,2026-09-18
KAMOPAINTS,EQ,4.45,4.45,4.25,4.39,4.35,124231,5.44,2026-09-18
KANANIIND,EQ,1.43,1.44,1.4,1.42,1.41,132727,1.88,2026-09-18
KANCHI,EQ,389.0,394.5,383.1,386.65,389.0,439,1.7,2026-09-18
KANCOTEA,EQ,55.62,55.62,55.62,55.62,55.62,1,0.0,2026-09-18
KANOHAR,EQ,825.0,855.0,780.1,786.8,817.0,7345005,59776.94,2026-09-18
KANPRPLA,EQ,262.35,262.35,243.9,246.1,259.75,26773,66.87,2026-09-18
KANSAINER,EQ,183.73,185.1,181.6,183.96,184.2,672383,1236.44,2026-09-18
KAPSTON,EQ,583.8,589.95,575.85,584.3,577.3,40257,235.22,2026-09-18
KARAMTARA,EQ,369.0,377.9,331.3,355.55,352.0,29625649,104685.0,2026-09-18
KARMAENG,EQ,40.2,43.0,39.96,41.27,39.91,18883,7.72,2026-09-18
KARURVYSYA,EQ,334.35,339.85,329.5,332.15,331.5,3218547,10757.29,2026-09-18
KAYNES,EQ,3528.0,3605.9,3475.0,3515.0,3520.0,1266788,44853.26,2026-09-18
KCP,EQ,158.12,166.0,156.29,161.95,157.92,136817,219.04,2026-09-18
KDDL,EQ,3851.0,3875.0,3820.0,3858.4,3837.6,7233,278.55,2026-09-18
KDGREEN,EQ,48.47,50.0,48.01,49.35,49.46,44221,21.84,2026-09-18
KEC,EQ,404.0,409.15,396.65,404.25,401.95,1338287,5373.7,2026-09-18
KECL,EQ,119.4,123.54,118.88,122.78,119.42,66064,80.48,2026-09-18
KEEPLEARN,EQ,1.95,1.95,1.84,1.86,1.84,16221,0.3,2026-09-18
KEI,EQ,4560.0,4650.0,4532.0,4650.0,4560.0,573397,26298.88,2026-09-18
KELLTONTEC,EQ,13.99,13.99,13.4,13.61,13.57,1105458,151.25,2026-09-18
KENNAMET,EQ,4321.6,4399.0,4231.0,4281.5,4321.6,23629,1014.01,2026-09-18
KERNEX,EQ,1731.9,1743.5,1700.0,1732.5,1722.6,104121,1793.71,2026-09-18
KEYFINSERV,EQ,247.95,247.95,240.0,245.95,246.25,123,0.3,2026-09-18
KFINTECH,EQ,900.0,930.0,894.95,930.0,897.0,539201,4924.86,2026-09-18
KHAICHEM,EQ,50.52,51.5,49.36,49.94,49.97,135895,68.33,2026-09-18
KHAITANLTD,EQ,153.4,156.0,149.0,152.13,154.95,3145,4.75,2026-09-18
KHANDSE,EQ,18.35,18.35,17.89,18.09,17.58,894,0.16,2026-09-18
KICL,EQ,4825.0,5028.0,4825.0,5009.5,4822.0,2638,131.24,2026-09-18
KIMS,EQ,793.4,819.0,784.0,809.85,791.85,1242321,9995.45,2026-09-18
KINGFA,EQ,5907.0,5950.0,5799.0,5828.0,5855.5,6576,385.24,2026-09-18
KIOCL,EQ,337.7,344.75,336.0,340.65,337.7,77819,264.75,2026-09-18
KIRANVYPAR,EQ,218.0,218.0,202.5,207.34,207.0,1367,2.83,2026-09-18
KIRIINDUS,EQ,539.0,541.9,528.2,531.75,535.45,384478,2054.1,2026-09-18
KIRLFER,EQ,479.75,489.0,474.0,480.65,474.35,201207,970.99,2026-09-18
KIRLOSBROS,EQ,1757.1,1838.6,1757.1,1811.4,1770.8,50634,916.34,2026-09-18
KIRLOSENG,EQ,2106.8,2169.9,2106.7,2160.1,2120.6,473818,10162.22,2026-09-18
KIRLOSIND,EQ,3780.6,3845.9,3680.0,3699.8,3780.6,21797,810.07,2026-09-18
KIRLPNU,EQ,695.0,701.85,686.3,698.65,693.85,252323,1758.62,2026-09-18
KISSHT,EQ,358.0,373.0,347.0,356.05,359.95,4153061,14733.38,2026-09-18
KITEX,EQ,121.3,121.3,119.2,119.5,120.58,262500,314.29,2026-09-18
KJMCFIN,EQ,62.0,63.49,60.51,63.2,61.02,620,0.39,2026-09-18
KKCL,EQ,489.65,490.9,481.6,485.6,489.65,9200,44.7,2026-09-18
KLBRENG-B,EQ,462.35,474.5,455.0,471.0,460.1,93229,433.19,2026-09-18
KMCSHIL,EQ,157.0,158.33,148.0,150.26,156.74,467949,718.52,2026-09-18
KMEW,EQ,2842.3,2920.5,2830.0,2885.6,2828.1,56943,1636.87,2026-09-18
KMSUGAR,EQ,28.99,29.28,28.16,28.62,28.44,136758,39.08,2026-09-18
KNACK,EQ,184.9,187.97,182.0,182.6,184.16,753950,1390.58,2026-09-18
KNAGRI,EQ,204.0,205.78,192.81,196.06,202.24,10201,20.26,2026-09-18
KNRCON,EQ,122.0,125.8,121.11,124.8,120.86,3109057,3843.53,2026-09-18
KOHINOOR,EQ,31.2,33.0,30.43,30.55,31.2,72393,22.65,2026-09-18
KOKUYOCMLN,EQ,76.23,78.2,76.11,77.79,76.21,18695,14.45,2026-09-18
KOLTEPATIL,EQ,433.1,438.05,423.0,431.75,433.1,117469,506.37,2026-09-18
KOPRAN,EQ,267.59,282.1,261.1,277.6,268.59,2434887,6672.69,2026-09-18
KOTAKBANK,EQ,415.5,419.2,412.5,412.5,416.5,15461137,64328.87,2026-09-18
KOTHARIPET,EQ,132.64,137.98,132.63,136.47,132.64,101963,138.4,2026-09-18
KOTHARIPRO,EQ,64.44,64.99,62.2,63.11,64.09,4933,3.13,2026-09-18
KOTIC,EQ,135.69,152.0,131.6,144.41,135.69,87682,127.99,2026-09-18
KOVAI,EQ,6071.5,6290.0,6071.5,6226.0,6112.0,3229,199.47,2026-09-18
KPEL,EQ,212.7,220.99,212.7,216.88,212.48,216598,470.0,2026-09-18
KPIGREEN,EQ,280.0,287.0,276.65,284.45,278.75,1041400,2944.41,2026-09-18
KPIL,EQ,1404.9,1457.0,1402.0,1445.5,1399.3,224766,3228.81,2026-09-18
KPITTECH,EQ,559.3,559.5,532.0,532.0,559.3,3944020,21439.54,2026-09-18
KPL,EQ,3471.2,3564.9,3430.1,3471.2,3452.1,28652,996.81,2026-09-18
KPRMILL,EQ,1090.0,1154.4,1086.4,1141.4,1095.4,265730,2995.39,2026-09-18
KRBL,EQ,393.45,398.0,390.3,392.45,395.4,358622,1409.24,2026-09-18
KREBSBIO,EQ,56.94,62.8,55.8,57.31,55.48,54497,31.93,2026-09-18
KRIDHANINF,EQ,1.88,1.89,1.82,1.83,1.82,6829,0.13,2026-09-18
KRISHANA,EQ,183.0,185.0,178.34,179.89,182.04,358867,651.25,2026-09-18
KRISHIVAL,EQ,417.5,420.75,411.55,419.3,409.45,7573,31.48,2026-09-18
KRISHNADEF,EQ,1018.6,1033.0,1005.3,1030.0,1010.3,49863,509.16,2026-09-18
KRITI,EQ,62.99,62.99,58.91,59.44,59.95,30068,18.05,2026-09-18
KRITIKA,EQ,5.13,5.25,5.13,5.2,5.17,65954,3.42,2026-09-18
KRITINUT,EQ,84.47,84.47,80.61,81.34,80.45,6156,5.08,2026-09-18
KRN,EQ,1434.0,1455.0,1404.8,1446.2,1392.8,245619,3517.17,2026-09-18
KROSS,EQ,244.77,248.77,237.36,239.19,242.05,1324987,3222.36,2026-09-18
KRSNAA,EQ,541.05,547.7,533.0,541.15,541.05,121588,653.98,2026-09-18
KRYSTAL,EQ,675.95,685.0,640.25,646.35,674.9,46393,308.39,2026-09-18
KSB,EQ,780.0,819.6,778.35,813.1,777.8,277580,2234.13,2026-09-18
KSCL,EQ,703.35,709.7,685.0,696.35,703.35,71585,500.22,2026-09-18
KSE,EQ,179.6,180.0,176.0,178.37,177.33,5194,9.28,2026-09-18
KSHINTL,EQ,1044.4,1076.0,1034.15,1046.95,1045.55,274277,2872.89,2026-09-18
KSHITIJPOL,EQ,4.2,4.21,4.2,4.2,4.01,6675034,280.81,2026-09-18
KSL,EQ,975.0,983.4,951.55,955.05,970.55,67867,653.14,2026-09-18
KSOLVES,EQ,260.0,262.8,250.4,251.6,259.75,55291,139.93,2026-09-18
KTKBANK,EQ,315.05,317.75,312.2,313.8,313.9,1649339,5196.9,2026-09-18
KUANTUM,EQ,76.75,79.68,76.0,78.77,76.07,286124,220.93,2026-09-18
KUSUMGAR,EQ,551.95,594.0,551.95,591.2,551.5,504398,2941.08,2026-09-18
KWIL,EQ,40.15,41.45,39.48,41.22,39.91,11630941,4716.06,2026-09-18
LAGNAM,EQ,73.0,73.0,68.1,72.34,70.24,15924,11.33,2026-09-18
LAHOTIOV,EQ,39.32,40.48,39.2,39.26,39.31,5598,2.2,2026-09-18
LAKSHMIMIL,EQ,7654.0,7654.0,7654.0,7654.0,7968.5,1,0.08,2026-09-18
LAL,EQ,8.96,8.96,8.65,8.86,8.54,223610,19.4,2026-09-18
LALITHAA,EQ,280.0,304.9,277.0,304.9,290.4,8505145,25001.77,2026-09-18
LALPATHLAB,EQ,1930.1,1959.4,1885.0,1896.9,1924.7,477275,9115.92,2026-09-18
LAMBODHARA,EQ,120.0,121.2,118.6,120.21,118.74,6550,7.85,2026-09-18
LANCER,EQ,12.6,12.6,12.0,12.11,12.39,346283,42.22,2026-09-18
LANDMARK,EQ,488.75,515.0,482.9,504.5,492.1,67669,336.38,2026-09-18
LANDSMILL,EQ,0.57,0.58,0.56,0.56,0.56,1697340,9.55,2026-09-18
LAOPALA,EQ,157.59,164.98,157.12,162.6,156.13,310800,502.91,2026-09-18
LARGEMID50,EQ,35.53,35.56,35.36,35.55,35.31,1014,0.36,2026-09-18
LASERPOWER,EQ,270.5,284.0,270.4,280.75,269.0,1116298,3108.63,2026-09-18
LATENTVIEW,EQ,256.05,256.5,253.6,255.35,255.0,254240,648.64,2026-09-18
LATTEYS,EQ,20.34,21.2,20.34,20.69,20.76,40204,8.29,2026-09-18
LAURUSLABS,EQ,1962.0,1982.0,1954.0,1954.0,1948.1,2655873,52252.95,2026-09-18
LAXMICOT,EQ,13.0,13.28,12.6,12.72,13.08,5476,0.7,2026-09-18
LAXMIDENTL,EQ,199.49,202.0,197.0,197.95,198.23,29411,58.5,2026-09-18
LAXMIINDIA,EQ,124.96,127.5,123.5,126.98,123.61,133652,168.55,2026-09-18
LCCINFOTEC,EQ,3.44,3.44,3.44,3.44,3.28,47268,1.63,2026-09-18
LCCPROJECT,EQ,159.63,163.7,153.09,155.78,170.1,11654009,18101.7,2026-09-18
LCL,EQ,527.45,547.05,527.35,538.6,524.95,322072,1736.97,2026-09-18
LEAPIND,EQ,137.25,143.02,135.34,140.47,136.31,2759097,3840.2,2026-09-18
LEMERITE,EQ,18.35,19.54,17.81,18.35,18.74,249153,46.34,2026-09-18
LEMONTREE,EQ,104.12,106.9,104.12,106.47,104.06,2070198,2186.17,2026-09-18
LENSKART,EQ,683.0,725.0,677.55,707.2,679.95,25690503,181024.29,2026-09-18
LEXUS,EQ,13.75,13.9,12.36,13.0,13.27,39290,5.13,2026-09-18
LFIC,EQ,135.4,136.02,130.21,132.74,135.41,2724,3.6,2026-09-18
LGBBROSLTD,EQ,1718.1,1764.9,1698.6,1730.4,1718.5,25696,442.56,2026-09-18
LGEINDIA,EQ,1660.0,1706.9,1658.9,1696.9,1652.9,1337344,22632.86,2026-09-18
LGHL,EQ,188.95,188.95,180.0,181.12,185.56,25458,46.98,2026-09-18
LIBAS,EQ,12.25,12.9,11.3,12.1,12.0,272411,33.62,2026-09-18
LIBERTSHOE,EQ,215.98,224.0,215.98,221.28,216.0,20763,45.66,2026-09-18
LICHSGFIN,EQ,548.6,552.0,543.6,548.15,545.9,2234836,12234.39,2026-09-18
LICI,EQ,400.0,407.7,398.8,407.7,400.0,6937082,27840.22,2026-09-18
LICMFGOLD,EQ,137.25,138.1,136.45,137.65,135.3,332691,456.58,2026-09-18
LICNETFGSC,EQ,29.49,29.49,29.02,29.28,29.26,6406,1.88,2026-09-18
LICNETFN50,EQ,260.84,263.39,260.84,263.39,261.77,69,0.18,2026-09-18
LICNETFSEN,EQ,838.75,849.9,833.11,838.84,841.79,52,0.44,2026-09-18
LICNFNHGP,EQ,274.18,274.18,268.0,268.0,271.47,361,0.97,2026-09-18
LICNMID100,EQ,61.69,63.7,61.69,63.34,62.0,17461,10.88,2026-09-18
LIKHITHA,EQ,222.0,230.39,219.0,220.78,222.63,62548,139.73,2026-09-18
LINC,EQ,91.95,93.38,91.0,91.81,91.26,5818,5.33,2026-09-18
LINCOLN,EQ,597.05,612.35,597.05,604.85,600.7,18250,110.32,2026-09-18
LINDEINDIA,EQ,6139.0,6250.0,6116.0,6241.5,6094.5,20753,1289.27,2026-09-18
LIQGRWBEES,EQ,1055.79,1056.19,1055.79,1056.18,1055.78,101609,1073.18,2026-09-18
LIQUID,EQ,999.99,1000.0,999.99,999.99,999.99,107563,1075.63,2026-09-18
LIQUID1,EQ,1122.94,1125.1,1122.94,1123.38,1122.94,588053,6606.08,2026-09-18
LIQUIDADD,EQ,1145.45,1145.85,1145.21,1145.47,1145.02,335850,3847.06,2026-09-18
LIQUIDBEES,EQ,999.99,1000.01,999.99,999.99,999.99,6909810,69097.81,2026-09-18
LIQUIDBETF,EQ,1099.5,1099.5,1099.48,1099.49,1099.06,477228,5247.08,2026-09-18
LIQUIDCASE,EQ,116.01,116.01,115.99,116.0,115.95,13211859,15326.11,2026-09-18
LIQUIDETF,EQ,999.99,1000.01,999.99,1000.0,999.99,89967,899.67,2026-09-18
LIQUIDIETF,EQ,1000.0,1000.01,999.99,999.99,999.99,841690,8416.89,2026-09-18
LIQUIDPLUS,EQ,1103.9,1103.92,1103.9,1103.91,1103.47,480177,5300.7,2026-09-18
LIQUIDSBI,EQ,1000.01,1000.01,999.99,999.99,1000.01,2584,25.84,2026-09-18
LIQUIDSHRI,EQ,1122.13,1122.15,1122.13,1122.13,1121.72,5249,58.9,2026-09-18
LKPSEC,EQ,15.65,15.65,14.75,15.01,15.06,9134,1.36,2026-09-18
LLOYDSENGG,EQ,80.2,82.63,80.2,82.43,80.2,2821471,2309.37,2026-09-18
LLOYDSENT,EQ,66.75,69.79,66.75,68.84,67.0,1584258,1087.12,2026-09-18
LLOYDSME,EQ,1807.8,1831.5,1799.5,1826.7,1799.3,342148,6235.99,2026-09-18
LMW,EQ,18249.0,18509.0,17605.0,17759.0,18170.0,8747,1566.25,2026-09-18
LODHA,EQ,1110.2,1148.8,1108.6,1144.7,1103.1,4727259,53449.97,2026-09-18
LOKESHMACH,EQ,333.2,352.2,332.9,344.8,343.3,15887,54.91,2026-09-18
LORDSCHLO,EQ,134.0,137.49,132.1,136.06,132.78,10327,14.04,2026-09-18
LOTUSCHO,EQ,564.35,580.0,560.0,575.1,568.85,1912,10.86,2026-09-18
LOTUSEYE,EQ,113.12,115.2,113.0,115.1,113.12,7112,8.16,2026-09-18
LOVABLE,EQ,71.5,71.5,69.0,69.67,70.38,3538,2.47,2026-09-18
LOWVOL,EQ,199.5,199.96,199.5,199.64,199.88,1007,2.01,2026-09-18
LOWVOL1,EQ,20.14,20.5,20.14,20.37,20.34,30084,6.15,2026-09-18
LOWVOLIETF,EQ,21.59,21.59,21.32,21.41,21.36,4231155,903.72,2026-09-18
LOYALTEX,EQ,207.0,210.8,197.09,201.35,207.0,447,0.92,2026-09-18
LPDC,EQ,6.3,7.32,6.14,7.07,6.1,456816,31.67,2026-09-18
LT,EQ,3846.0,3898.0,3846.0,3885.0,3836.2,1547690,60023.34,2026-09-18
LTF,EQ,303.0,314.3,302.5,312.8,302.3,4647669,14392.22,2026-09-18
LTFOODS,EQ,420.9,426.45,416.1,423.2,421.9,459122,1935.22,2026-09-18
LTGILTBEES,EQ,29.68,29.9,29.67,29.78,29.68,1009925,300.6,2026-09-18
LTGILTCASE,EQ,30.88,30.88,30.1,30.29,30.27,228742,69.31,2026-09-18
LTM,EQ,4245.0,4300.0,4155.0,4275.1,4265.3,500645,21241.12,2026-09-18
LTTS,EQ,3340.9,3367.9,3286.8,3347.5,3324.3,103280,3442.58,2026-09-18
LUMAXIND,EQ,5740.0,5917.0,5738.5,5851.0,5724.0,10193,597.13,2026-09-18
LUMAXTECH,EQ,2011.3,2118.4,2003.6,2102.7,2018.0,190451,3987.49,2026-09-18
LUMINO,EQ,109.4,112.9,107.2,111.52,107.14,21880189,24237.82,2026-09-18
LUPIN,EQ,2088.1,2114.7,2075.0,2083.0,2098.1,1194290,24950.0,2026-09-18
LUXIND,EQ,1049.5,1169.9,1049.5,1139.2,1042.5,279753,3149.74,2026-09-18
LXCHEM,EQ,180.0,182.84,177.22,178.24,179.23,922831,1657.87,2026-09-18
M&M,EQ,3082.0,3098.2,3052.0,3052.0,3076.5,2973119,91206.11,2026-09-18
M&MFIN,EQ,349.85,356.95,347.1,353.3,345.7,3129493,11033.4,2026-09-18
MAANALU,EQ,105.85,105.94,103.61,104.77,102.89,32914,34.52,2026-09-18
MACPOWER,EQ,1930.1,2149.0,1930.1,2104.5,1921.6,237776,4962.35,2026-09-18
MADHAV,EQ,35.9,37.79,35.1,35.46,34.5,25672,9.41,2026-09-18
MADHAVIPL,EQ,7.59,8.15,7.59,7.8,7.59,146481,11.52,2026-09-18
MADRASFERT,EQ,61.4,61.64,60.8,61.28,61.16,22335,13.68,2026-09-18
MAFANG,EQ,238.66,254.0,238.66,248.07,237.77,1209212,3008.62,2026-09-18
MAFATIND,EQ,120.9,122.39,119.2,119.56,120.9,45441,54.51,2026-09-18
MAGADSUGAR,EQ,509.85,512.7,497.6,504.75,508.15,25380,127.47,2026-09-18
MAGNUM,EQ,19.53,19.98,18.81,19.19,19.53,75187,14.5,2026-09-18
MAHABANK,EQ,81.6,83.54,81.13,83.54,80.8,18030197,14913.42,2026-09-18
MAHAPEXLTD,EQ,54.2,58.8,54.02,54.72,55.26,2016,1.11,2026-09-18
MAHEPC,EQ,103.38,103.8,101.55,102.64,101.99,11732,12.05,2026-09-18
MAHESHWARI,EQ,68.3,71.49,68.28,68.7,70.0,2620,1.83,2026-09-18
MAHKTECH,EQ,21.75,22.9,21.7,21.8,21.84,1637716,359.39,2026-09-18
MAHLIFE,EQ,364.0,371.0,356.85,366.4,363.7,140424,512.13,2026-09-18
MAHLOG,EQ,393.95,394.75,387.4,392.75,389.55,101788,398.84,2026-09-18
MAHSCOOTER,EQ,13217.0,13850.0,13151.0,13729.0,13151.0,8261,1122.06,2026-09-18
MAHSEAMLES,EQ,724.0,725.9,712.15,717.55,720.2,177765,1277.72,2026-09-18
MAITHANALL,EQ,1034.7,1040.6,1006.1,1009.1,1027.45,55436,563.41,2026-09-18
MAKEINDIA,EQ,161.95,162.78,161.75,162.62,161.14,56042,90.86,2026-09-18
MAKERSL,EQ,182.0,195.13,178.2,190.88,185.13,1211,2.27,2026-09-18
MALLCOM,EQ,954.7,974.0,954.7,968.9,949.95,1230,11.88,2026-09-18
MALUPAPER,EQ,31.9,33.08,31.6,32.16,31.97,17439,5.67,2026-09-18
MAMATA,EQ,392.2,405.2,392.2,403.75,393.9,39826,160.59,2026-09-18
MANAKALUCO,EQ,36.3,36.7,35.57,35.87,35.81,30354,10.88,2026-09-18
MANAKCOAT,EQ,129.7,130.6,127.5,129.22,129.69,281064,363.16,2026-09-18
MANAKSIA,EQ,63.57,65.28,62.81,64.26,64.05,42702,27.42,2026-09-18
MANALIPETC,EQ,82.3,83.47,80.95,82.92,82.3,884970,730.16,2026-09-18
MANAPPURAM,EQ,319.0,319.9,310.0,319.15,316.05,3822669,12133.61,2026-09-18
MANBA,EQ,135.1,136.9,132.1,133.76,133.76,78068,104.72,2026-09-18
MANCREDIT,EQ,219.5,224.9,217.44,223.39,218.0,137124,303.31,2026-09-18
MANGALAM,EQ,34.4,34.95,32.5,34.26,31.97,167646,57.39,2026-09-18
MANGLMCEM,EQ,1036.6,1041.0,1024.0,1030.8,1035.2,36083,372.37,2026-09-18
MANINDS,EQ,825.0,860.5,822.35,851.55,823.0,1165509,9818.18,2026-09-18
MANINFRA,EQ,126.0,127.64,124.8,125.64,125.71,2921365,3693.8,2026-09-18
MANIPALHOS,EQ,725.0,742.5,725.0,738.95,721.55,838917,6184.16,2026-09-18
MANKIND,EQ,2300.0,2329.5,2287.7,2300.7,2300.0,484552,11208.41,2026-09-18
MANOMAY,EQ,225.0,231.0,224.29,229.68,223.55,182888,418.18,2026-09-18
MANORAMA,EQ,1953.9,1984.0,1924.1,1966.9,1939.1,97087,1911.17,2026-09-18
MANORG,EQ,450.0,458.85,450.0,456.95,448.9,8980,40.91,2026-09-18
MANUFGBEES,EQ,160.83,160.83,159.55,160.16,160.03,3663,5.87,2026-09-18
MANUGRAPH,EQ,15.04,18.22,15.04,18.09,15.19,591694,106.05,2026-09-18
MANYAVAR,EQ,570.0,570.6,536.0,544.25,567.6,2133812,11663.81,2026-09-18
MAPMYINDIA,EQ,889.8,905.2,885.6,899.4,889.8,120929,1083.44,2026-09-18
MARALOVER,EQ,60.7,60.7,58.38,59.36,59.59,3430,2.04,2026-09-18
MARATHON,EQ,414.15,419.8,405.25,409.0,414.15,86215,354.09,2026-09-18
MARICO,EQ,820.05,822.45,803.9,803.9,817.0,2848872,23126.51,2026-09-18
MARINE,EQ,373.15,382.0,372.95,379.2,373.15,395698,1496.05,2026-09-18
MARKOLINES,EQ,172.85,173.98,169.0,169.71,172.84,68615,116.7,2026-09-18
MARKSANS,EQ,321.35,325.85,318.65,320.15,319.7,975318,3131.74,2026-09-18
MARSONS,EQ,122.45,132.58,121.76,128.62,121.67,5689077,7345.65,2026-09-18
MARUTI,EQ,12350.0,12458.0,12103.0,12103.0,12338.0,659773,80534.01,2026-09-18
MASFIN,EQ,287.4,290.1,281.0,288.95,286.9,360227,1032.08,2026-09-18
MASKINVEST,EQ,143.85,143.85,140.01,143.55,137.0,345,0.5,2026-09-18
MASPTOP50,EQ,108.0,124.59,106.42,124.48,103.83,4373919,5196.78,2026-09-18
MASTEK,EQ,1642.9,1642.9,1575.1,1588.2,1630.1,200770,3205.11,2026-09-18
MASTERTR,EQ,87.2,90.3,87.2,89.74,87.47,309406,275.74,2026-09-18
MATRIMONY,EQ,533.0,538.1,528.45,535.55,530.8,5229,27.93,2026-09-18
MAWANASUG,EQ,126.91,130.44,123.5,128.21,125.54,108075,136.61,2026-09-18
MAXESTATES,EQ,575.0,595.0,575.0,594.0,577.6,201561,1186.75,2026-09-18
MAXHEALTH,EQ,1037.0,1059.9,1034.9,1049.3,1037.0,2098416,22050.15,2026-09-18
MAXIND,EQ,142.62,155.0,141.0,152.69,140.19,216930,325.12,2026-09-18
MAYURUNIQ,EQ,757.4,757.4,740.0,743.4,750.0,37518,280.46,2026-09-18
MAZDOCK,EQ,2209.0,2280.0,2205.1,2280.0,2210.0,850778,19115.92,2026-09-18
MBAPL,EQ,164.6,165.77,158.5,159.82,163.9,852099,1380.18,2026-09-18
MBEL,EQ,252.85,257.4,251.1,252.25,251.4,88783,224.98,2026-09-18
MBLINFRA,EQ,22.19,22.35,21.8,22.29,22.19,22105,4.87,2026-09-18
MCCHRLS-B,EQ,680.0,680.0,648.0,655.0,659.75,6059,39.83,2026-09-18
MCL,EQ,55.0,56.24,55.0,55.94,54.74,39011,21.66,2026-09-18
MCLEODRUSS,EQ,42.22,44.33,42.22,44.33,42.22,84730,37.04,2026-09-18
MCLOUD,EQ,25.19,25.5,25.06,25.3,25.19,881659,222.95,2026-09-18
MCX,EQ,3257.5,3314.9,3230.1,3260.0,3265.2,2197423,71704.19,2026-09-18
MEDANTA,EQ,1448.7,1520.0,1430.0,1499.4,1424.0,703445,10462.8,2026-09-18
MEDIASSIST,EQ,323.0,326.55,317.75,324.85,321.15,105999,343.14,2026-09-18
MEDICO,EQ,36.36,36.57,34.71,34.89,36.34,312783,109.69,2026-09-18
MEDPLUS,EQ,655.0,665.2,654.0,659.65,654.0,87557,576.15,2026-09-18
MEESHO,EQ,208.48,220.0,208.16,214.44,207.31,83376786,178463.17,2026-09-18
MEGASTAR,EQ,280.0,283.9,280.0,281.8,278.75,17638,49.58,2026-09-18
MEIL,EQ,272.55,274.75,270.0,271.85,270.3,23180,63.03,2026-09-18
MERCANTILE,EQ,23.48,23.96,22.17,22.7,22.47,2852,0.65,2026-09-18
MERCURYEV,EQ,41.74,41.74,39.11,39.91,40.84,456747,183.73,2026-09-18
METAL,EQ,13.32,13.32,13.0,13.15,13.0,3215331,422.5,2026-09-18
METALIETF,EQ,13.29,13.29,12.97,13.08,12.97,3650778,477.25,2026-09-18
METROBRAND,EQ,955.0,955.0,927.0,940.85,950.45,918435,8641.49,2026-09-18
METROGLOBL,EQ,134.5,134.5,132.01,132.01,134.5,59,0.08,2026-09-18
METROPOLIS,EQ,589.9,602.05,582.0,597.45,586.3,223299,1330.8,2026-09-18
MFML,EQ,18.66,19.49,18.21,18.83,18.66,2179,0.42,2026-09-18
MFSL,EQ,1538.6,1573.6,1538.0,1559.0,1554.0,898566,14042.61,2026-09-18
MGEL,EQ,15.6,15.99,15.47,15.64,15.52,241973,37.8,2026-09-18
MGL,EQ,1067.1,1087.5,1066.2,1081.7,1071.2,196402,2119.59,2026-09-18
MHRIL,EQ,195.0,201.0,194.81,199.29,195.17,169999,337.77,2026-09-18
MID150,EQ,23.2,23.22,22.93,23.18,22.93,222934,51.53,2026-09-18
MID150BEES,EQ,234.88,236.88,233.43,236.52,233.43,453893,1069.38,2026-09-18
MID150CASE,EQ,11.6,11.6,11.21,11.51,11.37,622348,71.36,2026-09-18
MIDBANKADD,EQ,17.22,17.75,17.15,17.24,17.14,12233,2.11,2026-09-18
MIDCAP,EQ,18.39,18.39,18.1,18.29,18.13,96964,17.68,2026-09-18
MIDCAPADD,EQ,22.77,24.93,22.77,23.75,22.67,1040,0.24,2026-09-18
MIDCAPBETA,EQ,229.24,230.9,228.95,230.9,227.67,5959,13.67,2026-09-18
MIDCAPETF,EQ,23.13,23.43,23.1,23.37,23.1,1444353,336.56,2026-09-18
MIDCAPIETF,EQ,23.55,23.81,23.45,23.7,23.41,934043,220.4,2026-09-18
MIDHANI,EQ,411.0,421.5,408.85,417.3,407.85,1297036,5411.57,2026-09-18
MIDQ50ADD,EQ,24.25,24.56,24.23,24.46,24.19,38319,9.33,2026-09-18
MIDSELIETF,EQ,19.8,19.8,19.44,19.63,19.43,169980,33.27,2026-09-18
MIDSMALL,EQ,51.87,51.87,50.73,51.4,50.85,137961,70.8,2026-09-18
MIDWESTLTD,EQ,980.0,990.8,973.1,980.8,976.2,10017,98.24,2026-09-18
MIIL,EQ,699.5,714.85,689.95,711.35,689.0,83235,586.35,2026-09-18
MILKYMIST,EQ,276.13,283.98,271.5,274.07,274.76,5036730,13992.03,2026-09-18
MINDACORP,EQ,685.0,696.35,681.4,691.45,681.25,90197,623.7,2026-09-18
MINDTECK,EQ,160.36,160.36,156.81,158.33,156.84,19042,30.13,2026-09-18
MIRZAINT,EQ,29.6,29.98,28.71,29.14,29.54,204304,59.35,2026-09-18
MITCON,EQ,79.03,81.59,79.0,80.01,80.23,386,0.31,2026-09-18
MITTAL,EQ,0.76,0.84,0.74,0.77,0.76,4600938,35.37,2026-09-18
MKEXIM,EQ,67.9,69.87,65.75,67.43,67.23,49723,33.87,2026-09-18
MKPL,EQ,4.07,4.17,3.96,3.97,4.07,125960,5.07,2026-09-18
MLKFOOD,EQ,83.0,86.0,77.11,79.82,79.12,3524,2.83,2026-09-18
MMFL,EQ,618.9,632.95,618.9,628.55,618.6,41604,261.35,2026-09-18
MMP,EQ,472.7,482.8,461.5,466.85,465.7,94696,447.5,2026-09-18
MMTC,EQ,60.14,60.99,60.02,60.27,60.14,733798,442.7,2026-09-18
MMWL,EQ,13.39,13.39,12.76,12.89,13.04,11336,1.48,2026-09-18
MNC,EQ,32.29,32.75,31.89,32.69,32.29,79748,25.99,2026-09-18
MOALPHA50,EQ,55.45,55.88,55.29,55.74,55.06,4637,2.57,2026-09-18
MOBANK10,EQ,16.55,16.66,16.49,16.66,16.57,1608,0.27,2026-09-18
MOBIKWIK,EQ,200.7,213.75,200.5,212.48,198.64,5135376,10684.67,2026-09-18
MOCAPITAL,EQ,53.64,53.69,53.05,53.58,53.1,811785,433.97,2026-09-18
MODEFENCE,EQ,103.05,103.6,102.21,103.28,101.87,1229387,1267.64,2026-09-18
MODINATUR,EQ,339.95,374.0,339.95,359.05,337.95,10638,38.65,2026-09-18
MODIRUBBER,EQ,123.0,123.4,119.16,120.24,123.9,577,0.69,2026-09-18
MODIS,EQ,351.1,353.85,342.0,352.4,349.05,19609,68.32,2026-09-18
MODTHREAD,EQ,49.21,50.35,47.0,47.99,50.35,5222,2.5,2026-09-18
MOENERGY,EQ,37.25,38.15,36.78,38.0,37.53,38962,14.76,2026-09-18
MOGOLD,EQ,150.95,151.7,149.85,151.35,148.95,22815,34.45,2026-09-18
MOGSEC,EQ,63.74,65.42,63.74,65.12,65.38,764,0.5,2026-09-18
MOHEALTH,EQ,52.31,52.43,51.66,52.09,51.88,230100,119.93,2026-09-18
MOHITE,EQ,2.44,2.54,2.4,2.45,2.44,64284,1.58,2026-09-18
MOHITIND,EQ,23.99,23.99,23.0,23.62,23.2,21043,4.93,2026-09-18
MOIL,EQ,244.0,245.1,240.98,243.88,243.06,344649,838.0,2026-09-18
MOINFRA,EQ,57.88,58.47,57.88,58.26,57.6,772,0.45,2026-09-18
MOIPO,EQ,48.97,49.65,47.92,48.99,49.84,22647,10.95,2026-09-18
MOKSH,EQ,9.99,10.3,9.95,10.17,9.95,406146,41.1,2026-09-18
MOL,EQ,60.0,63.8,59.6,63.05,59.93,1434815,893.79,2026-09-18
MOLBIO,EQ,1297.1,1314.8,1262.2,1288.3,1285.3,1435104,18482.64,2026-09-18
MOLDTKPAC,EQ,661.85,666.05,655.5,658.3,661.85,42442,280.09,2026-09-18
MOLOWVOL,EQ,36.52,36.52,35.31,35.58,35.63,1878,0.67,2026-09-18
MOM100,EQ,66.99,67.3,66.41,66.95,66.41,152423,101.89,2026-09-18
MOM30IETF,EQ,30.95,31.19,30.79,31.08,30.75,375419,116.55,2026-09-18
MOM50,EQ,243.85,252.85,243.82,247.42,243.83,1236,3.03,2026-09-18
MOMENTUM,EQ,30.8,30.87,30.5,30.79,30.58,22891,7.05,2026-09-18
MOMENTUM30,EQ,30.42,30.63,30.31,30.5,30.06,14003,4.27,2026-09-18
MOMENTUM50,EQ,53.2,54.1,53.16,53.97,53.14,348067,187.39,2026-09-18
MOMETAL,EQ,12.95,13.08,12.94,13.04,12.81,4082,0.53,2026-09-18
MOMGF,EQ,159.12,159.64,159.12,159.63,158.77,599,0.96,2026-09-18
MOMIDMTM,EQ,64.4,64.4,63.41,63.9,63.14,51049,32.56,2026-09-18
MOMMIDCAP,EQ,12.78,12.93,12.78,12.9,12.74,1400681,180.47,2026-09-18
MOMNC,EQ,31.56,31.61,31.43,31.54,31.46,55646,17.53,2026-09-18
MOMOMENTUM,EQ,60.84,61.83,60.84,61.55,60.84,70539,43.37,2026-09-18
MON100,EQ,328.44,330.99,325.01,330.33,322.43,750532,2470.66,2026-09-18
MON50EQUAL,EQ,32.45,32.5,32.29,32.37,32.4,2913,0.94,2026-09-18
MONARCH,EQ,369.5,370.0,363.2,366.15,367.8,96830,354.31,2026-09-18
MONEXT50,EQ,71.73,72.46,71.6,72.35,71.27,2915,2.1,2026-09-18
MONEYBOXX,EQ,54.49,54.49,54.49,54.49,51.9,24084,13.12,2026-09-18
MONIFTY100,EQ,24.54,25.4,24.54,24.83,24.54,5007,1.24,2026-09-18
MONIFTY500,EQ,23.79,23.79,23.28,23.45,23.32,206084,48.17,2026-09-18
MONQ50,EQ,349.99,396.3,330.26,396.3,330.25,2229451,8696.97,2026-09-18
MONTECARLO,EQ,558.7,561.8,547.5,553.05,554.7,129704,716.51,2026-09-18
MOOILGAS,EQ,11.0,11.04,10.9,10.98,10.9,3726,0.41,2026-09-18
MOPSE,EQ,100.87,100.87,97.92,98.73,101.1,4247,4.17,2026-09-18
MOQUALITY,EQ,193.44,195.06,193.05,194.5,193.52,690,1.34,2026-09-18
MOREALTY,EQ,84.26,85.47,83.9,85.27,83.85,283299,241.11,2026-09-18
MOREPENLAB,EQ,120.6,123.45,118.14,120.9,120.56,16816327,20286.18,2026-09-18
MOSCHIP,EQ,210.0,211.15,207.91,208.89,208.06,1271753,2659.65,2026-09-18
MOSERVICE,EQ,30.12,30.35,30.05,30.35,30.0,490,0.15,2026-09-18
MOSILVER,EQ,229.57,232.3,228.63,231.3,223.98,54487,125.41,2026-09-18
MOSMALL250,EQ,17.94,18.6,17.71,18.41,18.17,921766,168.7,2026-09-18
MOTHERSON,EQ,161.87,165.37,161.84,162.57,161.87,19068300,31208.12,2026-09-18
MOTILALOFS,EQ,988.7,1010.0,988.7,1010.0,988.7,739629,7441.71,2026-09-18
MOTISONS,EQ,18.25,19.12,17.95,18.3,17.94,114189016,21059.08,2026-09-18
MOTOGENFIN,EQ,24.84,27.84,24.84,26.19,24.96,68884,18.14,2026-09-18
MOTOUR,EQ,77.98,78.34,76.18,77.95,76.53,34945,27.01,2026-09-18
MOVALUE,EQ,110.36,111.48,109.04,110.91,110.36,33264,36.77,2026-09-18
MPHASIS,EQ,2322.9,2327.9,2275.0,2300.4,2320.0,650262,14901.88,2026-09-18
MPIMANIPAL,EQ,348.9,349.95,329.0,341.35,345.15,1721733,5830.81,2026-09-18
MPSLTD,EQ,2583.0,2689.9,2560.1,2667.3,2571.5,8970,235.21,2026-09-18
MRF,EQ,124900.0,126500.0,123815.0,125670.0,124585.0,8232,10287.19,2026-09-18
MRPL,EQ,164.36,167.1,162.64,165.38,163.77,4824765,7943.26,2026-09-18
MSCI360,EQ,9.88,10.06,9.8,9.96,9.86,3868,0.38,2026-09-18
MSCIADD,EQ,28.74,28.8,28.74,28.8,28.63,758,0.22,2026-09-18
MSCIINDIA,EQ,29.11,29.58,29.03,29.27,28.96,9841,2.87,2026-09-18
MSL,EQ,137.1,145.0,136.22,141.43,136.22,649,0.92,2026-09-18
MSPL,EQ,33.75,34.5,33.36,34.15,33.75,596227,202.87,2026-09-18
MSTCLTD,EQ,715.2,741.45,701.0,724.05,715.25,213012,1536.36,2026-09-18
MSUMI,EQ,36.1,36.2,35.38,35.67,36.07,31085866,11104.04,2026-09-18
MTNL,EQ,23.78,24.15,23.52,23.8,23.77,778801,185.67,2026-09-18
MUFIN,EQ,132.99,136.0,132.5,133.45,132.2,1191673,1602.18,2026-09-18
MUFTI,EQ,75.02,75.02,73.0,73.63,73.37,39771,29.33,2026-09-18
MUKANDLTD,EQ,134.2,136.5,133.52,134.78,134.2,48572,65.47,2026-09-18
MUKESHB,EQ,133.0,133.0,133.0,133.0,133.0,1,0.0,2026-09-18
MULTICAP,EQ,16.0,16.53,16.0,16.48,16.33,43331,7.12,2026-09-18
MUNJALAU,EQ,104.24,105.84,103.46,103.99,104.81,237389,247.7,2026-09-18
MUNJALSHOW,EQ,124.0,126.74,123.21,125.8,123.93,20341,25.54,2026-09-18
MURUDCERA,EQ,29.0,29.0,27.82,28.26,28.65,14737,4.16,2026-09-18
MUTHOOTCAP,EQ,231.62,239.98,231.62,234.28,235.03,14019,33.28,2026-09-18
MUTHOOTFIN,EQ,2796.6,2852.0,2784.3,2841.1,2770.2,654610,18550.52,2026-09-18
MUTHOOTMF,EQ,188.3,189.9,187.23,189.28,188.04,137823,260.06,2026-09-18
MVELECTRO,EQ,795.0,842.0,776.0,832.75,796.0,2320560,18929.32,2026-09-18
MVGJL,EQ,217.0,224.36,212.2,214.47,215.37,509506,1116.16,2026-09-18
MWL,EQ,40.17,44.0,40.12,42.52,40.18,3022051,1292.7,2026-09-18
NACLIND,EQ,148.33,148.88,143.1,146.75,148.88,691786,1005.2,2026-09-18
NAGREEKCAP,EQ,29.0,29.0,27.3,28.19,27.92,45262,12.86,2026-09-18
NAGREEKEXP,EQ,21.3,21.95,20.94,21.13,21.54,14284,3.01,2026-09-18
NAHARCAP,EQ,257.95,257.95,245.0,247.5,250.0,2151,5.36,2026-09-18
NAHARINDUS,EQ,131.5,136.9,130.5,131.29,133.47,6308,8.35,2026-09-18
NAHARPOLY,EQ,224.0,228.45,223.0,227.02,222.28,2119,4.78,2026-09-18
NAHARSPING,EQ,278.85,281.35,268.05,269.2,275.8,12712,34.49,2026-09-18
NAM-INDIA,EQ,1128.3,1156.1,1124.1,1155.0,1119.0,1528510,17539.97,2026-09-18
NARMADA,EQ,13.86,14.0,13.67,13.72,13.86,201618,27.75,2026-09-18
NATCOPHARM,EQ,819.0,822.65,806.9,813.4,818.25,489351,3980.57,2026-09-18
NATHBIOGEN,EQ,148.14,149.0,146.5,147.34,148.14,54186,80.2,2026-09-18
NATIONALUM,EQ,359.8,363.2,350.5,350.5,355.7,5809441,20670.06,2026-09-18
NATIONSTD,EQ,112.35,112.99,109.0,109.94,111.8,6114,6.79,2026-09-18
NAUKRI,EQ,1265.0,1284.0,1251.2,1251.2,1265.0,1486135,18835.82,2026-09-18
NAVA,EQ,548.05,571.75,548.05,562.3,546.6,664236,3759.86,2026-09-18
NAVINFLUOR,EQ,8257.0,8682.5,8231.5,8590.0,8220.0,298599,25335.53,2026-09-18
NAVKARCORP,EQ,87.8,89.25,87.26,88.91,87.56,302437,266.9,2026-09-18
NAVNETEDUL,EQ,124.9,128.44,124.06,126.89,124.89,73795,93.16,2026-09-18
NAZARA,EQ,364.5,377.0,364.5,369.35,362.55,3038750,11260.57,2026-09-18
NBCC,EQ,82.4,84.27,82.4,82.4,82.13,5214690,4333.64,2026-09-18
NBIFIN,EQ,1960.0,1979.0,1946.0,1970.8,1960.1,5088,99.13,2026-09-18
NCC,EQ,135.98,138.92,134.84,137.13,135.6,2320130,3169.35,2026-09-18
NCLIND,EQ,172.46,175.0,172.45,174.66,172.98,30414,52.86,2026-09-18
NDGL,EQ,2664.0,2690.0,2600.0,2649.5,2653.4,359,9.47,2026-09-18
NDL,EQ,2.82,2.9,2.75,2.78,2.82,967406,26.98,2026-09-18
NDLVENTURE,EQ,123.0,125.38,116.0,123.0,120.03,18292,22.58,2026-09-18
NDRAUTO,EQ,700.0,729.7,700.0,726.0,701.0,29831,213.84,2026-09-18
NDTV,EQ,71.0,73.38,70.9,71.72,71.04,77022,55.46,2026-09-18
NEAGI,EQ,3308.0,3308.0,3308.0,3308.0,3308.0,1,0.03,2026-09-18
NECLIFE,EQ,11.19,11.3,10.85,10.98,11.02,93255,10.23,2026-09-18
NELCAST,EQ,107.72,110.09,105.75,108.34,108.04,86630,93.73,2026-09-18
NELCO,EQ,969.55,1019.5,965.3,1011.85,965.25,682119,6861.38,2026-09-18
NEOGEN,EQ,2435.0,2498.2,2376.2,2488.4,2395.6,355984,8738.4,2026-09-18
NEPHROPLUS,EQ,742.0,746.95,735.1,743.35,735.1,75741,562.39,2026-09-18
NESCO,EQ,1088.3,1124.1,1076.0,1111.3,1081.5,41377,453.62,2026-09-18
NESTLEIND,EQ,1372.1,1390.0,1332.8,1372.4,1370.6,3264904,44562.65,2026-09-18
NETF,EQ,251.55,255.25,251.55,254.15,254.1,868,2.21,2026-09-18
NETWEB,EQ,4612.0,4703.5,4587.0,4664.5,4578.5,1136499,52813.59,2026-09-18
NETWORK18,EQ,26.49,27.17,26.39,27.0,26.46,5331335,1432.68,2026-09-18
NEULANDLAB,EQ,22700.0,23030.0,22440.0,22840.0,22665.0,75518,17164.97,2026-09-18
NEWGEN,EQ,493.4,499.3,487.1,497.3,489.5,622017,3073.02,2026-09-18
NEXT30ADD,EQ,42.17,42.36,42.06,42.36,41.97,7416,3.13,2026-09-18
NEXT50,EQ,739.38,748.53,736.14,745.6,735.76,22861,170.03,2026-09-18
NEXT50ADD,EQ,72.14,72.57,71.98,72.45,71.41,13052,9.45,2026-09-18
NEXT50BETA,EQ,77.77,78.09,77.03,77.88,77.1,122825,95.32,2026-09-18
NEXT50ETF,EQ,72.03,73.0,72.03,72.85,71.69,4546,3.3,2026-09-18
NEXT50IETF,EQ,76.81,76.81,74.82,76.39,75.3,466182,354.11,2026-09-18
NEXTMEDIA,EQ,3.88,3.88,3.79,3.82,3.88,1241,0.05,2026-09-18
NFL,EQ,66.99,67.41,66.5,66.79,66.84,382639,255.6,2026-09-18
NGIL,EQ,36.33,38.43,35.94,38.04,34.94,33418,12.59,2026-09-18
NGLFINE,EQ,2728.8,2780.0,2670.1,2768.2,2715.3,11325,309.1,2026-09-18
NH,EQ,1859.0,1940.0,1859.0,1928.5,1868.6,271767,5207.95,2026-09-18
NHPC,EQ,75.2,76.95,75.09,76.95,75.2,18275311,13921.38,2026-09-18
NIACL,EQ,196.76,196.76,186.0,187.66,197.05,9375719,17701.79,2026-09-18
NIBE,EQ,1252.9,1305.0,1228.3,1287.0,1250.1,46108,581.44,2026-09-18
NIBL,EQ,30.36,31.68,29.5,30.97,30.65,10685,3.31,2026-09-18
NICCOPAR,EQ,82.99,82.99,78.0,80.45,82.0,5480,4.4,2026-09-18
NIF100BEES,EQ,259.46,261.1,259.45,260.72,259.43,7950,20.7,2026-09-18
NIF100IETF,EQ,27.3,27.52,27.26,27.4,27.3,41367,11.32,2026-09-18
NIF500BETA,EQ,36.66,36.7,36.51,36.66,36.48,29211,10.69,2026-09-18
NIFTY1,EQ,261.71,261.71,258.81,259.67,259.12,68356,177.39,2026-09-18
NIFTY100EW,EQ,34.78,34.8,34.19,34.31,34.13,68217,23.4,2026-09-18
NIFTYADD,EQ,246.45,247.02,245.3,246.79,245.65,4027,9.92,2026-09-18
NIFTYAXIS,EQ,258.96,259.39,258.09,259.23,258.41,8771,22.7,2026-09-18
NIFTYBEES,EQ,267.89,267.89,265.94,266.53,266.08,3645562,9708.27,2026-09-18
NIFTYBETA,EQ,259.0,261.99,258.35,259.77,258.92,2607269,6761.18,2026-09-18
NIFTYBETF,EQ,240.7,241.19,239.23,240.79,240.35,3374,8.11,2026-09-18
NIFTYCASE,EQ,9.59,9.59,9.35,9.37,9.36,503818,47.27,2026-09-18
NIFTYETF,EQ,254.8,255.02,253.61,254.51,253.4,142854,363.31,2026-09-18
NIFTYIETF,EQ,268.5,268.5,264.37,265.13,264.67,397456,1052.72,2026-09-18
NIFTYJBLK,EQ,12.23,12.23,11.94,11.98,11.94,100363,12.01,2026-09-18
NIFTYQLITY,EQ,20.88,20.88,20.5,20.61,20.6,10693,2.2,2026-09-18
NIITLTD,EQ,87.88,94.3,86.8,91.57,87.31,391257,354.2,2026-09-18
NIITMTS,EQ,225.5,225.66,214.49,217.16,224.6,402242,877.7,2026-09-18
NILAINFRA,EQ,6.64,6.69,6.41,6.63,6.56,201803,13.19,2026-09-18
NILASPACES,EQ,12.48,12.72,12.13,12.3,12.48,1810089,222.71,2026-09-18
NILE,EQ,1493.0,1493.0,1455.0,1462.2,1456.0,1434,20.99,2026-09-18
NILKAMAL,EQ,1904.6,1934.0,1844.2,1887.5,1917.2,25774,487.83,2026-09-18
NIMBSPROJ,EQ,192.89,192.91,178.02,185.46,183.73,10487,19.86,2026-09-18
NINSYS,EQ,714.5,714.5,702.1,707.5,707.9,807,5.72,2026-09-18
NIPPOBATRY,EQ,327.0,327.0,315.2,319.8,315.2,1463,4.67,2026-09-18
NIRAJ,EQ,27.06,28.73,27.06,27.74,27.92,7255,2.01,2026-09-18
NIRLON,EQ,600.0,604.95,596.05,600.4,601.05,1961,11.78,2026-09-18
NITCO,EQ,85.95,88.46,85.12,87.0,85.94,417793,361.66,2026-09-18
NITINSPIN,EQ,617.0,634.9,613.05,619.2,616.85,58258,361.7,2026-09-18
NITIRAJ,EQ,233.0,236.7,227.5,232.01,234.07,3238,7.57,2026-09-18
NITTAGELA,EQ,1794.1,1794.1,1690.2,1711.4,1766.1,5804,100.7,2026-09-18
NIVABUPA,EQ,79.85,80.45,79.01,79.59,79.6,1273196,1014.33,2026-09-18
NLCINDIA,EQ,264.2,269.7,262.55,268.8,262.3,2578554,6902.56,2026-09-18
NMDC,EQ,81.38,81.7,79.15,79.15,80.8,18919633,15163.81,2026-09-18
NOCIL,EQ,187.3,196.87,186.34,194.56,186.36,1732771,3319.13,2026-09-18
NOIDATOLL,EQ,3.94,4.04,3.87,4.0,3.96,26530,1.05,2026-09-18
NORBTEAEXP,EQ,64.13,66.9,64.13,65.5,64.73,1847,1.2,2026-09-18
NORTHARC,EQ,311.9,315.5,308.55,313.6,310.55,1062365,3317.39,2026-09-18
NOVAAGRI,EQ,22.7,23.39,22.11,22.9,22.49,38579,8.79,2026-09-18
NOVARTIND,EQ,2082.2,2154.9,2006.0,2046.8,2082.2,76794,1596.2,2026-09-18
NPBET,EQ,283.11,283.45,283.0,283.0,282.79,8,0.02,2026-09-18
NPST,EQ,1857.1,1899.5,1803.1,1828.5,1854.9,139085,2575.3,2026-09-18
NRAIL,EQ,620.2,640.8,601.5,625.2,628.5,18686,115.41,2026-09-18
NRBBEARING,EQ,474.0,534.9,472.6,525.5,472.2,9738086,50951.57,2026-09-18
NSIL,EQ,5400.0,5550.0,5400.0,5507.5,5436.0,2466,135.82,2026-09-18
NSLNISP,EQ,41.8,43.04,41.33,42.6,41.64,6294350,2669.57,2026-09-18
NTCIND,EQ,132.03,136.0,132.03,132.85,132.03,747,1.0,2026-09-18
NTPC,EQ,329.8,330.85,323.65,323.65,329.6,9448827,30861.93,2026-09-18
NTPCGREEN,EQ,88.5,88.95,86.91,88.55,87.58,4164366,3663.66,2026-09-18
NUCLEUS,EQ,700.0,709.0,683.0,686.25,691.4,14849,102.52,2026-09-18
NUVAMA,EQ,1700.0,1720.0,1689.5,1713.7,1687.4,265082,4530.46,2026-09-18
NUVOCO,EQ,318.05,333.5,318.05,328.6,319.0,629989,2060.84,2026-09-18
NV20,EQ,13.84,13.84,13.46,13.58,13.51,58601,7.91,2026-09-18
NV20BEES,EQ,135.72,136.11,134.86,135.32,135.72,22134,29.94,2026-09-18
NV20IETF,EQ,13.22,13.29,13.14,13.2,13.22,328699,43.29,2026-09-18
NYKAA,EQ,324.15,332.15,322.7,332.15,323.75,4424240,14431.05,2026-09-18
OAL,EQ,513.8,528.9,510.0,514.15,513.5,22259,115.52,2026-09-18
OBCL,EQ,55.82,58.0,55.1,57.02,55.82,5689,3.24,2026-09-18
OBEROIRLTY,EQ,1730.1,1785.0,1721.0,1785.0,1740.7,766762,13466.53,2026-09-18
ODIGMA,EQ,20.95,21.44,20.95,21.0,21.0,20873,4.4,2026-09-18
ODYCORP,EQ,7.18,7.18,6.25,7.07,6.86,41164,2.78,2026-09-18
OFSS,EQ,11648.0,11896.0,11515.0,11896.0,11620.0,162844,19037.3,2026-09-18
OIL,EQ,479.0,482.8,472.0,475.7,477.4,3703547,17693.83,2026-09-18
OILIETF,EQ,11.03,11.19,11.01,11.14,11.02,690859,76.82,2026-09-18
OLAELEC,EQ,36.8,37.0,36.02,36.39,36.79,48738061,17705.4,2026-09-18
OLECTRA,EQ,1183.0,1206.4,1183.0,1198.8,1186.2,174712,2092.46,2026-09-18
OMAXAUTO,EQ,175.09,185.01,174.04,182.16,175.79,85580,154.75,2026-09-18
OMAXE,EQ,120.96,123.0,116.41,117.31,120.76,744348,893.62,2026-09-18
OMINFRAL,EQ,80.91,80.91,77.9,78.33,79.44,54641,43.04,2026-09-18
OMNI,EQ,569.95,588.0,544.8,556.15,568.65,6045799,33884.79,2026-09-18
OMPOWER,EQ,167.53,175.4,167.11,172.37,166.7,71555,122.45,2026-09-18
ONEGLOBAL,EQ,550.45,550.45,525.05,538.75,530.45,3309,17.69,2026-09-18
ONEPOINT,EQ,59.14,60.2,58.66,59.64,59.14,579627,345.71,2026-09-18
ONESOURCE,EQ,1575.0,1634.8,1575.0,1594.9,1580.0,335793,5381.83,2026-09-18
ONGC,EQ,232.43,234.32,231.75,232.8,232.43,11146237,25974.88,2026-09-18
ONIDA,EQ,32.28,33.4,32.23,32.89,32.29,453556,149.36,2026-09-18
ONIXSOLAR,EQ,357.4,357.4,357.4,357.4,376.2,6099,21.8,2026-09-18
ONWARDTEC,EQ,289.9,297.0,286.05,287.2,291.75,13769,40.05,2026-09-18
OPTIEMUS,EQ,614.0,622.7,585.6,590.1,610.0,190406,1136.25,2026-09-18
OPTIFIN,EQ,14.99,14.99,13.8,14.01,15.13,61040,8.61,2026-09-18
ORCHASP,EQ,1.41,1.43,1.37,1.4,1.37,375577,5.24,2026-09-18
ORCHPHARMA,EQ,958.05,999.0,958.05,989.7,958.05,56527,554.59,2026-09-18
ORICONENT,EQ,51.06,53.88,51.06,52.75,51.26,17128,9.01,2026-09-18
ORIENTALTL,EQ,4.98,5.03,4.93,4.96,4.98,55364,2.75,2026-09-18
ORIENTBELL,EQ,394.05,396.0,383.0,393.25,387.25,10141,39.68,2026-09-18
ORIENTCEM,EQ,122.03,126.2,121.83,124.55,122.09,2828940,3516.04,2026-09-18
ORIENTCER,EQ,46.89,46.9,45.62,46.52,46.11,53405,24.75,2026-09-18
ORIENTELEC,EQ,170.68,170.68,166.25,167.36,168.83,123188,206.73,2026-09-18
ORIENTHOT,EQ,142.0,144.69,140.15,143.45,141.01,1243314,1781.33,2026-09-18
ORIENTPPR,EQ,17.3,17.51,16.99,17.2,17.25,191461,32.98,2026-09-18
ORIENTTECH,EQ,236.47,239.24,235.01,236.35,236.47,156550,371.45,2026-09-18
ORIRAIL,EQ,119.23,120.41,116.3,117.09,117.94,33351,39.23,2026-09-18
ORISSAMINE,EQ,4020.0,4051.0,3800.1,3821.2,3896.4,28276,1097.63,2026-09-18
ORKLAINDIA,EQ,576.3,604.25,575.0,595.65,578.25,71578,422.63,2026-09-18
ORTINGLOBE,EQ,15.7,16.68,15.67,15.83,16.45,8090,1.29,2026-09-18
OSWALAGRO,EQ,35.99,35.99,33.22,33.88,33.91,56597,19.25,2026-09-18
OSWALGREEN,EQ,19.2,19.95,18.76,19.44,19.04,107196,20.61,2026-09-18
OSWALPUMPS,EQ,274.8,280.7,270.45,278.1,273.3,271449,745.31,2026-09-18
OSWALSEEDS,EQ,14.0,14.35,13.55,13.72,13.87,109264,15.19,2026-09-18
PACEDIGITK,EQ,155.26,158.38,154.5,156.17,153.31,521729,813.76,2026-09-18
PACIFICI,EQ,147.99,147.99,147.99,147.99,148.5,1,0.0,2026-09-18
PAGEIND,EQ,34990.0,36400.0,34900.0,36400.0,35020.0,32020,11436.56,2026-09-18
PAISALO,EQ,91.0,91.0,88.75,89.51,88.73,25898908,23200.36,2026-09-18
PAKKA,EQ,75.55,79.8,75.55,78.56,77.12,45964,36.11,2026-09-18
PALASHSECU,EQ,86.11,88.5,86.1,86.11,86.03,305,0.27,2026-09-18
PALREDTEC,EQ,46.01,46.13,46.01,46.1,46.01,161,0.07,2026-09-18
PANACEABIO,EQ,373.0,375.8,359.9,367.9,372.0,119782,438.52,2026-09-18
PANAMAPET,EQ,455.7,472.4,455.7,470.2,459.75,166705,777.59,2026-09-18
PANCHMAHQ,EQ,295.0,301.0,295.0,296.4,295.0,38,0.11,2026-09-18
PANORAMA,EQ,52.3,54.0,52.0,53.26,52.63,171382,90.78,2026-09-18
PANSARI,EQ,280.0,285.0,262.9,284.95,290.0,1081,3.05,2026-09-18
PARACABLES,EQ,60.75,62.5,60.75,62.02,60.7,1236571,764.11,2026-09-18
PARADEEP,EQ,154.0,156.56,153.06,155.62,153.81,2314244,3589.38,2026-09-18
PARAGMILK,EQ,265.5,272.4,263.5,268.5,264.6,1521408,4078.82,2026-09-18
PARAS,EQ,1375.0,1397.7,1366.4,1372.7,1370.9,613001,8444.87,2026-09-18
PARASPETRO,EQ,2.16,2.23,2.13,2.14,2.13,180581,3.92,2026-09-18
PARKHOSPS,EQ,279.4,284.3,271.2,282.05,277.9,1071510,2999.94,2026-09-18
PARKHOTELS,EQ,108.0,109.89,106.6,107.38,107.2,147877,159.55,2026-09-18
PARNAXLAB,EQ,130.0,130.0,124.0,128.2,123.79,1756,2.26,2026-09-18
PASHUPATI,EQ,84.9,84.9,79.5,80.26,81.37,350867,283.07,2026-09-18
PASUPTAC,EQ,70.65,71.89,69.2,69.98,70.31,130798,91.87,2026-09-18
PATANJALI,EQ,353.05,367.0,353.05,367.0,354.45,1999903,7231.13,2026-09-18
PATELENG,EQ,25.96,26.29,25.48,25.62,25.96,2871181,740.19,2026-09-18
PATELRMART,EQ,204.89,206.9,203.42,205.77,202.84,19068,39.15,2026-09-18
PAUSHAKLTD,EQ,719.9,730.75,708.0,716.35,719.95,16660,120.12,2026-09-18
PAVNAIND,EQ,15.0,15.88,14.96,15.67,14.95,69294,10.69,2026-09-18
PAYTM,EQ,1795.4,1849.9,1765.0,1849.9,1763.0,4640337,83485.15,2026-09-18
PBMPOLY,EQ,67.0,67.0,60.08,65.0,60.0,146,0.1,2026-09-18
PCBL,EQ,332.0,338.0,328.75,336.7,329.4,1255857,4194.58,2026-09-18
PCJEWELLER,EQ,12.51,13.04,12.37,12.72,12.35,332313201,42143.59,2026-09-18
PDMJEPAPER,EQ,103.5,103.94,100.43,101.59,102.41,236098,241.31,2026-09-18
PDSL,EQ,346.95,353.3,345.3,351.15,345.45,69980,245.22,2026-09-18
PEARLPOLY,EQ,17.36,17.36,16.16,17.09,16.73,9783,1.64,2026-09-18
PENIND,EQ,170.45,172.4,168.58,171.43,170.44,219229,373.78,2026-09-18
PENINLAND,EQ,15.86,16.0,15.1,15.36,15.55,101308,15.6,2026-09-18
PERMAGN,EQ,829.0,855.95,820.0,848.15,828.7,6294,52.69,2026-09-18
PERNIASPOP,EQ,554.4,554.4,537.0,546.45,554.5,102495,557.07,2026-09-18
PERSISTENT,EQ,5476.0,5500.0,5389.0,5416.0,5473.0,494682,26800.65,2026-09-18
PETRONET,EQ,284.85,292.6,284.1,292.6,283.45,3218273,9296.01,2026-09-18
PFC,EQ,345.0,347.1,342.55,342.55,344.95,11369930,39277.82,2026-09-18
PFIZER,EQ,4054.9,4054.9,3972.7,4002.4,4014.8,42189,1688.08,2026-09-18
PFOCUS,EQ,335.0,347.25,334.9,344.35,334.95,5344944,18285.0,2026-09-18
PFS,EQ,26.58,26.79,26.07,26.17,26.34,503737,132.08,2026-09-18
PGEL,EQ,529.35,541.45,529.15,529.15,529.35,570498,3049.29,2026-09-18
PGHH,EQ,7673.5,7680.0,7432.0,7486.0,7613.0,66505,5027.19,2026-09-18
PGHL,EQ,5455.0,5529.0,5434.0,5503.5,5434.5,5754,315.38,2026-09-18
PGIL,EQ,1134.1,1157.2,1122.2,1146.1,1143.1,101084,1157.63,2026-09-18
PHARMABEES,EQ,27.88,27.88,27.36,27.5,27.36,3520516,968.08,2026-09-18
PHOENIXLTD,EQ,1880.0,1923.2,1877.9,1877.9,1872.2,421506,8001.8,2026-09-18
PHOENXINTL,EQ,28.91,29.48,28.0,29.0,28.77,1414,0.41,2026-09-18
PICCADIL,EQ,600.55,606.9,585.95,589.4,600.55,174176,1033.32,2026-09-18
PIDILITIND,EQ,1559.9,1598.9,1559.9,1572.1,1551.5,1142486,18116.19,2026-09-18
PIGL,EQ,99.76,102.77,99.11,99.49,99.76,20728,20.74,2026-09-18
PIIND,EQ,2307.0,2366.8,2302.5,2366.8,2307.0,558327,13094.95,2026-09-18
PILANIINVS,EQ,4086.0,4119.9,4050.0,4067.0,4082.2,1314,53.47,2026-09-18
PILITA,EQ,7.85,7.85,7.37,7.48,7.75,128245,9.59,2026-09-18
PINELABS,EQ,185.0,198.65,183.16,192.04,184.48,66808323,127261.71,2026-09-18
PIONEEREMB,EQ,21.5,22.0,20.25,21.95,21.39,13799,2.98,2026-09-18
PIRAMALFIN,EQ,2260.0,2324.5,2246.8,2300.2,2253.8,529289,12094.11,2026-09-18
PITTIENG,EQ,1144.0,1178.8,1138.7,1146.1,1131.1,157561,1820.73,2026-09-18
PIXTRANS,EQ,1724.6,1749.0,1723.1,1741.1,1724.6,4141,71.93,2026-09-18
PLASTIBLEN,EQ,187.5,187.92,185.75,186.63,184.45,5737,10.72,2026-09-18
PLATIND,EQ,211.13,215.5,210.24,214.05,211.11,53556,113.8,2026-09-18
PLAZACABLE,EQ,62.2,63.0,61.0,61.06,62.31,75948,46.54,2026-09-18
PML,EQ,494.95,498.95,491.0,496.15,495.05,41,0.2,2026-09-18
PNB,EQ,117.0,117.5,116.5,117.27,116.47,16061334,18809.32,2026-09-18
PNBGILTS,EQ,79.3,80.0,77.96,79.18,78.5,317177,250.24,2026-09-18
PNBHOUSING,EQ,1105.2,1138.3,1103.0,1133.1,1103.5,1328599,14919.49,2026-09-18
PNC,EQ,16.02,17.89,16.02,16.86,16.63,122675,21.07,2026-09-18
PNCINFRA,EQ,139.66,141.21,135.71,138.87,139.55,2445538,3385.92,2026-09-18
PNGJL,EQ,606.9,610.0,596.75,604.75,601.15,323988,1957.29,2026-09-18
PNGSREVA,EQ,491.8,507.05,491.1,495.75,489.4,49612,246.06,2026-09-18
POCL,EQ,470.0,476.0,461.1,469.95,470.25,298950,1398.05,2026-09-18
PODDARMENT,EQ,270.6,284.4,270.6,284.15,276.05,1124,3.16,2026-09-18
POEL,EQ,139.1,142.42,136.5,137.16,137.82,20393,28.39,2026-09-18
POKARNA,EQ,742.0,760.0,740.0,746.85,737.5,86007,643.56,2026-09-18
POLICYBZR,EQ,1770.0,1798.0,1743.0,1743.0,1765.0,1368411,24253.21,2026-09-18
POLYCAB,EQ,8256.0,8400.0,8235.0,8400.0,8208.5,417221,34758.54,2026-09-18
POLYMED,EQ,1705.7,1748.0,1704.5,1726.0,1712.7,150328,2594.8,2026-09-18
POLYPLEX,EQ,1091.5,1093.9,1071.2,1079.3,1084.9,65825,711.15,2026-09-18
POLYSPIN,EQ,28.25,29.65,28.25,29.6,29.38,1363,0.39,2026-09-18
PONNIERODE,EQ,356.4,361.25,351.6,356.6,353.15,9320,33.29,2026-09-18
POONAWALLA,EQ,434.0,492.0,434.0,479.4,432.8,7163603,33551.65,2026-09-18
POWERGRID,EQ,264.6,270.3,263.4,270.3,263.75,17896733,47748.38,2026-09-18
POWERICA,EQ,558.8,581.0,558.8,576.3,556.7,141360,812.22,2026-09-18
POWERINDIA,EQ,31490.0,32700.0,31450.0,32700.0,31230.0,125521,40267.72,2026-09-18
POWERMECH,EQ,2345.2,2392.0,2336.6,2371.4,2339.0,37848,896.73,2026-09-18
PPLPHARMA,EQ,204.45,210.1,204.45,208.16,204.71,2926602,6088.77,2026-09-18
PRABHA,EQ,220.1,236.88,220.1,233.01,220.77,262939,608.31,2026-09-18
PRAENG,EQ,22.94,22.94,22.26,22.69,22.27,11386,2.59,2026-09-18
PRAJIND,EQ,317.1,320.0,314.15,316.05,317.1,412461,1303.99,2026-09-18
PRAKASH,EQ,117.6,119.49,116.93,118.51,116.98,371984,439.4,2026-09-18
PRAKASHSTL,EQ,3.78,3.84,3.5,3.65,3.77,85881,3.18,2026-09-18
PRANAV,EQ,110.51,111.59,106.08,107.55,111.16,5313844,5756.14,2026-09-18
PRASOLCHEM,EQ,679.0,734.9,675.3,703.4,678.8,1150866,8173.0,2026-09-18
PRAVEG,EQ,250.9,253.35,246.0,247.45,252.05,37176,92.47,2026-09-18
PRAXIS,EQ,4.25,4.29,3.91,4.09,4.11,101700,4.17,2026-09-18
PRECAM,EQ,113.83,117.6,113.44,116.41,113.34,69491,80.08,2026-09-18
PRECOT,EQ,654.9,693.8,654.55,659.65,655.15,1317,8.71,2026-09-18
PRECWIRE,EQ,450.0,488.9,448.55,478.4,449.25,1840592,8804.55,2026-09-18
PREMCO,EQ,397.9,404.0,396.25,400.1,398.85,209,0.84,2026-09-18
PREMEXPLN,EQ,668.4,670.9,668.1,668.25,668.15,60147,402.28,2026-09-18
PREMIERENE,EQ,880.0,905.8,878.3,902.0,880.0,3106714,27810.46,2026-09-18
PREMIERPOL,EQ,82.55,84.9,80.05,81.43,82.33,131946,107.89,2026-09-18
PRESTIGE,EQ,1447.0,1471.6,1435.1,1435.1,1440.1,562624,8180.85,2026-09-18
PRICOLLTD,EQ,752.5,778.0,752.05,767.5,752.5,280279,2156.36,2026-09-18
PRIMESECU,EQ,296.5,301.0,289.0,296.85,294.05,24904,73.74,2026-09-18
PRIMO,EQ,21.46,21.95,21.25,21.35,21.28,58854,12.61,2026-09-18
PRINCEPIPE,EQ,259.7,274.9,257.55,269.8,258.7,268881,719.06,2026-09-18
PRISMX,EQ,0.55,0.56,0.53,0.55,0.54,63127,0.35,2026-09-18
PRITI,EQ,34.49,34.49,33.0,33.43,32.97,3423,1.14,2026-09-18
PRIVISCL,EQ,3474.0,3503.9,3435.4,3444.9,3490.8,27058,938.62,2026-09-18
PROSTARM,EQ,130.5,132.33,128.5,129.53,131.01,162723,211.44,2026-09-18
PROTEAN,EQ,492.0,495.0,487.3,490.3,488.95,138117,677.47,2026-09-18
PROZONER,EQ,53.59,53.98,52.1,53.17,53.6,159033,84.12,2026-09-18
PRSMJOHNSN,EQ,113.44,118.48,113.18,117.05,113.44,685410,800.12,2026-09-18
PRUDENT,EQ,3309.7,3544.1,3309.7,3501.6,3320.2,57792,2014.89,2026-09-18
PSB,EQ,21.9,22.24,21.65,22.1,21.86,1335054,292.98,2026-09-18
PSPPROJECT,EQ,819.2,820.0,799.0,810.1,812.2,59163,478.35,2026-09-18
PSUBANK,EQ,82.9,83.49,82.61,83.0,82.63,73566,60.97,2026-09-18
PSUBANKADD,EQ,83.39,84.44,83.39,84.28,83.39,13145,11.05,2026-09-18
PSUBNKBEES,EQ,93.3,93.3,92.25,92.65,92.38,675075,624.39,2026-09-18
PSUBNKIETF,EQ,84.0,84.69,83.75,84.34,83.83,111967,94.31,2026-09-18
PTC,EQ,156.45,157.0,153.8,156.23,155.93,1628957,2528.37,2026-09-18
PTCIL,EQ,22835.0,23395.0,22700.0,22805.0,22670.0,28545,6579.03,2026-09-18
PTL,EQ,38.49,38.75,38.1,38.33,38.09,49373,18.91,2026-09-18
PUNJABCHEM,EQ,1063.4,1090.9,1058.0,1075.7,1062.7,8955,96.16,2026-09-18
PURVA,EQ,218.85,219.32,211.21,213.43,218.23,298969,642.48,2026-09-18
PVP,EQ,58.2,59.8,57.7,59.28,57.05,618141,363.82,2026-09-18
PVRINOX,EQ,1277.5,1339.8,1270.0,1324.7,1272.7,1050636,13780.6,2026-09-18
PVSL,EQ,99.5,105.79,98.0,98.77,98.73,24445,24.31,2026-09-18
PVTBANIETF,EQ,27.58,27.83,27.55,27.7,27.58,2501679,690.91,2026-09-18
PVTBANK,EQ,27.3,27.43,27.3,27.32,27.23,2060,0.56,2026-09-18
PVTBANKADD,EQ,27.73,27.99,27.68,27.86,27.72,106460,29.57,2026-09-18
PVTBKGROWW,EQ,27.11,27.7,27.11,27.7,27.33,4283,1.17,2026-09-18
PWL,EQ,128.0,137.5,128.0,136.6,127.8,20005965,26963.53,2026-09-18
PYRAMID,EQ,155.69,157.0,153.64,154.49,154.56,17225,26.73,2026-09-18
QGOLDHALF,EQ,125.99,127.18,125.75,126.67,124.65,110831,140.09,2026-09-18
QNIFTY,EQ,259.9,259.9,255.0,257.62,257.24,1691,4.35,2026-09-18
QPOWER,EQ,1498.0,1544.0,1489.9,1536.1,1489.8,298373,4537.56,2026-09-18
QUADFUTURE,EQ,519.7,554.4,516.2,528.2,521.5,1647848,8862.66,2026-09-18
QUAL30IETF,EQ,20.33,20.79,20.3,20.35,20.38,136727,27.8,2026-09-18
QUALITY30,EQ,20.01,20.04,19.91,19.92,19.96,11801,2.36,2026-09-18
QUESS,EQ,355.0,355.1,345.1,351.65,353.0,799867,2805.34,2026-09-18
QUICKHEAL,EQ,153.98,158.89,151.2,152.46,152.37,136800,211.38,2026-09-18
QUINT,EQ,67.52,70.02,58.56,70.02,63.66,668824,461.36,2026-09-18
RACE,EQ,96.92,97.42,96.66,96.8,96.77,11689,11.34,2026-09-18
RACLGEAR,EQ,1844.0,1844.0,1750.0,1760.9,1829.0,49043,877.1,2026-09-18
RADAAN,EQ,2.9,2.9,2.75,2.8,2.8,12431,0.35,2026-09-18
RADIANTCMS,EQ,36.0,36.69,35.26,35.42,36.26,252590,90.5,2026-09-18
RADICO,EQ,4381.0,4535.4,4381.0,4535.4,4380.0,371544,16681.31,2026-09-18
RADIOCITY,EQ,6.2,6.2,6.0,6.01,6.05,16349,0.98,2026-09-18
RAILTEL,EQ,260.5,266.9,258.3,265.0,259.25,631938,1662.12,2026-09-18
RAIN,EQ,203.0,209.0,202.41,206.92,203.02,2370944,4907.99,2026-09-18
RAINBOW,EQ,1473.4,1494.9,1447.4,1454.7,1473.4,99805,1462.41,2026-09-18
RAJMET,EQ,3.15,3.16,3.09,3.15,3.12,227668,7.13,2026-09-18
RAJPALAYAM,EQ,787.7,798.85,765.2,790.65,771.25,350,2.76,2026-09-18
RAJRATAN,EQ,440.3,461.25,440.3,452.6,438.1,152140,690.45,2026-09-18
RAJSREESUG,EQ,31.99,32.24,31.4,31.87,31.99,21536,6.83,2026-09-18
RAJTV,EQ,8.73,8.78,8.4,8.6,8.56,26834,2.34,2026-09-18
RALLIS,EQ,204.0,204.74,202.0,203.8,204.14,510589,1038.25,2026-09-18
RAMANEWS,EQ,30.4,31.9,30.4,31.33,30.94,27396,8.52,2026-09-18
RAMAPHO,EQ,116.7,121.88,116.7,120.87,116.9,11362,13.68,2026-09-18
RAMBHAJO,EQ,272.18,292.78,265.01,290.85,266.17,1439325,4095.5,2026-09-18
RAMCOCEM,EQ,857.5,881.95,857.5,869.75,858.95,212951,1856.48,2026-09-18
RAMCOIND,EQ,320.9,334.8,316.0,332.1,320.9,174010,566.57,2026-09-18
RAMCOSYS,EQ,563.0,570.0,557.0,567.25,564.85,51781,292.32,2026-09-18
RAMKY,EQ,319.4,324.8,317.0,319.35,320.7,46321,148.31,2026-09-18
RAMRAT,EQ,561.0,564.8,552.65,554.75,557.6,145032,808.5,2026-09-18
RANASUG,EQ,14.61,14.74,14.26,14.43,14.7,403187,58.36,2026-09-18
RANEHOLDIN,EQ,1618.9,1620.0,1530.9,1598.4,1626.3,45929,726.65,2026-09-18
RATEGAIN,EQ,865.8,873.85,850.1,858.4,865.45,539083,4631.22,2026-09-18
RATNAMANI,EQ,2702.6,2897.4,2701.6,2859.1,2702.6,64084,1803.62,2026-09-18
RATNAVEER,EQ,305.75,331.95,297.8,299.25,303.85,9860141,30670.8,2026-09-18
RAYMOND,EQ,982.0,1008.65,970.0,978.0,978.2,2069600,20494.81,2026-09-18
RAYMONDLSL,EQ,659.9,665.95,645.05,648.35,657.25,123035,804.36,2026-09-18
RAYMONDREL,EQ,587.0,602.35,584.8,588.3,584.55,381357,2263.58,2026-09-18
RBA,EQ,96.29,96.49,94.0,95.12,96.12,9653090,9177.26,2026-09-18
RBLBANK,EQ,406.15,415.9,405.0,415.9,404.15,3792806,15572.96,2026-09-18
RCF,EQ,109.9,110.28,107.6,109.08,109.84,961339,1043.6,2026-09-18
RECLTD,EQ,311.0,313.4,309.05,312.0,310.5,4686436,14604.89,2026-09-18
REDINGTON,EQ,405.0,413.2,396.25,399.85,400.1,10809796,43543.92,2026-09-18
REDTAPE,EQ,118.65,119.49,115.91,117.35,118.65,428381,502.17,2026-09-18
REFEX,EQ,270.0,277.6,269.95,271.85,271.75,220185,601.49,2026-09-18
REGAAL,EQ,79.9,86.16,79.89,84.03,80.08,391644,320.66,2026-09-18
REGENCERAM,EQ,34.7,34.7,32.0,32.55,35.13,3522,1.17,2026-09-18
RELAXO,EQ,314.25,315.0,289.25,291.25,313.7,2052973,6033.4,2026-09-18
RELCHEMQ,EQ,120.0,123.8,116.0,119.7,119.21,4528,5.38,2026-09-18
RELIABLE,EQ,137.44,142.0,135.61,140.2,136.41,7570,10.47,2026-09-18
RELIANCE,EQ,1245.0,1247.3,1226.4,1226.4,1243.9,15122715,186728.32,2026-09-18
RELIGARE,EQ,250.7,255.0,247.91,253.02,249.89,365894,922.57,2026-09-18
RELTD,EQ,148.0,148.92,144.91,147.59,146.16,88630,130.37,2026-09-18
REMSONSIND,EQ,95.06,103.0,94.81,98.66,95.06,290021,288.35,2026-09-18
RENTOMOJO,EQ,570.0,581.95,492.1,512.75,534.25,35242382,187754.12,2026-09-18
RENUKA,EQ,22.85,23.32,22.35,23.06,22.81,10903563,2476.84,2026-09-18
REPCOHOME,EQ,348.9,356.9,345.1,354.5,346.3,65528,230.55,2026-09-18
REPRO,EQ,297.05,307.5,296.0,305.25,296.95,5649,16.95,2026-09-18
RESPONIND,EQ,159.08,160.93,157.0,159.18,163.4,195728,312.08,2026-09-18
RETAIL,EQ,16.66,18.38,16.66,17.69,16.83,18976,3.34,2026-09-18
RGL,EQ,155.7,158.6,152.3,153.4,156.49,352268,545.65,2026-09-18
RHETAN,EQ,19.57,19.57,19.57,19.57,20.59,614120,120.18,2026-09-18
RHIM,EQ,365.95,371.5,365.0,368.7,365.95,154535,569.41,2026-09-18
RHL,EQ,178.5,182.75,169.02,179.55,173.74,8021,14.31,2026-09-18
RICOAUTO,EQ,128.04,131.19,127.02,130.58,128.04,724126,940.22,2026-09-18
RIIL,EQ,703.0,709.0,700.05,703.15,700.25,22641,159.29,2026-09-18
RIR,EQ,203.0,213.94,196.2,198.93,197.63,14823429,30540.93,2026-09-18
RISHABH,EQ,778.35,783.8,759.55,764.7,778.35,72318,558.2,2026-09-18
RITCO,EQ,300.0,300.0,289.65,291.45,299.3,43385,126.84,2026-09-18
RITES,EQ,205.5,211.2,204.3,207.23,207.93,523244,1081.75,2026-09-18
RKDL,EQ,18.21,18.7,18.21,18.49,18.3,14459,2.68,2026-09-18
RKEC,EQ,18.53,18.99,18.03,18.13,18.49,36623,6.73,2026-09-18
RKFORGE,EQ,709.0,728.0,705.45,724.1,705.45,469398,3390.15,2026-09-18
RKSWAMY,EQ,90.25,90.69,88.21,89.4,88.06,15782,14.11,2026-09-18
RMC,EQ,232.29,234.21,223.21,228.18,229.16,36568,83.49,2026-09-18
RML,EQ,1281.8,1340.0,1248.2,1324.5,1281.8,89211,1156.31,2026-09-18
ROHLTD,EQ,303.4,308.15,298.0,304.9,297.45,14584,44.29,2026-09-18
ROLEXRINGS,EQ,170.86,172.99,169.02,172.08,169.82,832907,1426.21,2026-09-18
ROML,EQ,41.0,42.23,41.0,41.35,41.42,1373,0.57,2026-09-18
ROSSARI,EQ,445.0,445.0,434.55,437.95,440.75,57950,253.68,2026-09-18
ROSSELLIND,EQ,54.38,55.65,50.43,52.64,54.38,144635,76.11,2026-09-18
ROSSTECH,EQ,1370.0,1464.9,1350.0,1374.3,1357.2,911139,12857.06,2026-09-18
ROTO,EQ,63.45,65.6,62.37,62.68,63.35,207373,130.97,2026-09-18
ROUTE,EQ,490.3,490.7,457.6,464.4,492.6,1118251,5236.64,2026-09-18
RPEL,EQ,1646.1,1678.6,1615.1,1652.4,1654.3,80692,1328.04,2026-09-18
RPGLIFE,EQ,2824.5,2882.9,2742.2,2802.4,2824.5,17373,487.29,2026-09-18
RPOWER,EQ,21.05,21.32,20.9,21.13,21.05,21881312,4622.33,2026-09-18
RPPINFRA,EQ,54.48,54.99,53.45,53.81,54.79,44911,24.24,2026-09-18
RPSGVENT,EQ,839.95,854.95,832.75,843.45,832.5,24246,204.47,2026-09-18
RPTECH,EQ,806.8,817.0,790.25,798.05,806.8,162620,1303.79,2026-09-18
RRECL,EQ,130.01,147.0,130.0,138.89,144.0,1174,1.61,2026-09-18
RRIL,EQ,16.04,16.28,15.36,15.55,15.96,36153,5.62,2026-09-18
RRKABEL,EQ,2390.0,2457.0,2382.6,2450.8,2390.5,373286,9083.45,2026-09-18
RSL,EQ,183.33,185.34,178.75,181.21,180.63,149175,271.45,2026-09-18
RSSOFTWARE,EQ,29.7,30.69,29.7,30.26,30.0,5384,1.63,2026-09-18
RSYSTEMS,EQ,246.4,247.0,241.47,242.15,245.78,107484,261.63,2026-09-18
RTNINDIA,EQ,26.4,26.75,26.33,26.54,26.37,1216905,322.41,2026-09-18
RTNPOWER,EQ,7.06,7.19,7.01,7.14,7.06,19172063,1360.0,2026-09-18
RTSPOWR,EQ,89.95,89.95,85.05,87.28,86.79,1654,1.44,2026-09-18
RUBFILA,EQ,65.77,68.3,65.01,67.36,65.72,53768,35.81,2026-09-18
RUBICON,EQ,1778.9,1827.5,1736.2,1751.1,1778.3,470413,8362.93,2026-09-18
RUBYMILLS,EQ,458.1,479.0,438.1,467.1,457.6,40821,184.08,2026-09-18
RUCHINFRA,EQ,5.27,5.27,5.1,5.2,5.14,58791,3.03,2026-09-18
RUCHIRA,EQ,108.9,109.44,108.0,108.84,107.45,25087,27.28,2026-09-18
RUDRA,EQ,20.9,21.0,20.0,20.68,20.36,180289,37.07,2026-09-18
RUPA,EQ,134.36,138.0,133.72,137.16,134.97,129316,174.98,2026-09-18
RUSHIL,EQ,15.83,18.3,15.35,17.26,15.57,1882573,320.72,2026-09-18
RUSTOMJEE,EQ,343.0,356.2,341.7,353.75,340.95,78181,275.54,2026-09-18
RVHL,EQ,39.66,40.37,38.31,39.48,38.7,1514,0.6,2026-09-18
RVNL,EQ,201.8,214.29,200.78,214.29,201.7,9469057,19675.16,2026-09-18
RVTH,EQ,670.05,724.9,670.0,697.3,666.75,995,7.04,2026-09-18
S&SPOWER,EQ,325.35,334.6,318.0,319.0,318.7,2414,7.87,2026-09-18
SAATVIKGL,EQ,404.05,413.55,400.0,411.8,404.5,95137,386.0,2026-09-18
SAB,EQ,174.15,174.15,174.15,174.15,174.18,29,0.05,2026-09-18
SADBHAV,EQ,7.61,7.89,7.57,7.73,7.52,118102,9.08,2026-09-18
SADBHIN,EQ,2.5,2.58,2.45,2.54,2.48,75422,1.91,2026-09-18
SAFARI,EQ,1506.6,1525.6,1465.0,1501.0,1511.4,111608,1663.47,2026-09-18
SAGARDEEP,EQ,23.51,24.49,23.51,23.62,23.5,2092,0.51,2026-09-18
SAGCEM,EQ,149.59,154.18,149.59,151.79,149.41,55093,83.79,2026-09-18
SAGILITY,EQ,44.59,46.23,44.59,45.66,44.56,17450697,7996.49,2026-09-18
SAHLIBHFI,EQ,76.4,79.7,75.0,76.56,78.52,17392,13.5,2026-09-18
SAHYADRI,EQ,366.6,369.05,360.45,365.35,359.25,3344,12.2,2026-09-18
SAICAPI,EQ,155.8,158.4,154.4,158.4,158.99,140,0.22,2026-09-18
SAIL,EQ,176.5,179.8,176.03,177.33,175.01,11881802,21131.5,2026-09-18
SAILIFE,EQ,1553.4,1613.9,1550.3,1600.5,1545.7,867960,13754.48,2026-09-18
SAIPARENT,EQ,514.2,520.0,510.0,510.75,510.25,34306,176.31,2026-09-18
SAKAR,EQ,1148.0,1190.5,1148.0,1179.8,1129.55,147455,1736.57,2026-09-18
SAKHTISUG,EQ,18.5,18.89,17.84,18.37,18.44,134585,24.78,2026-09-18
SAKSOFT,EQ,143.1,143.65,140.2,141.14,142.92,197325,279.02,2026-09-18
SAKUMA,EQ,1.56,1.57,1.5,1.51,1.54,991276,15.19,2026-09-18
SALASAR,EQ,4.89,4.95,4.85,4.89,4.89,2915338,142.55,2026-09-18
SALONA,EQ,266.05,269.0,255.0,263.4,266.05,1102,2.87,2026-09-18
SALSTEEL,EQ,80.01,82.26,80.01,82.26,78.35,251942,205.73,2026-09-18
SALZERELEC,EQ,551.95,558.45,543.1,550.45,550.95,37733,207.57,2026-09-18
SAMBANDAM,EQ,101.5,106.0,100.0,100.0,101.51,1107,1.13,2026-09-18
SAMBHAAV,EQ,6.13,6.13,5.72,6.09,6.0,46601,2.79,2026-09-18
SAMBHV,EQ,129.08,150.99,129.08,147.57,129.09,28285913,40852.34,2026-09-18
SAMHI,EQ,157.0,163.5,157.0,161.98,156.67,928386,1496.64,2026-09-18
SAMMAANCAP,EQ,142.5,144.5,142.4,143.92,142.22,3658484,5255.06,2026-09-18
SAMPANN,EQ,24.32,25.38,23.9,24.67,24.26,30068,7.33,2026-09-18
SANATHAN,EQ,468.95,489.0,467.5,480.85,461.95,107246,515.35,2026-09-18
SANDESH,EQ,1042.6,1042.6,1020.4,1025.8,1037.4,106,1.09,2026-09-18
SANDHAR,EQ,594.7,607.5,590.15,601.25,588.25,100399,602.68,2026-09-18
SANDUMA,EQ,183.2,186.25,183.0,185.4,182.53,462946,854.89,2026-09-18
SANGAMIND,EQ,581.3,584.95,573.85,580.0,583.05,9168,53.08,2026-09-18
SANGHVIMOV,EQ,419.65,434.0,412.05,430.7,419.65,254315,1083.16,2026-09-18
SANOFI,EQ,3093.3,3115.0,3080.0,3087.4,3085.0,12855,397.57,2026-09-18
SANOFICONR,EQ,3999.0,4078.0,3992.0,4033.4,3989.5,4359,175.61,2026-09-18
SANSERA,EQ,4042.0,4300.0,4017.5,4259.9,4017.5,287946,12133.54,2026-09-18
SANSTAR,EQ,115.55,117.0,115.0,115.7,115.54,168121,194.95,2026-09-18
SAPPHIRE,EQ,233.29,236.25,228.0,230.11,233.24,997329,2307.11,2026-09-18
SAPPL,EQ,285.0,289.9,265.3,276.15,278.75,1212,3.3,2026-09-18
SARDAEN,EQ,510.0,513.6,503.0,505.95,506.95,328485,1666.13,2026-09-18
SAREGAMA,EQ,489.25,506.6,489.25,499.9,489.25,387575,1942.99,2026-09-18
SARLAPOLY,EQ,97.36,98.25,96.47,97.48,96.49,23691,23.06,2026-09-18
SARVESHWAR,EQ,3.73,3.79,3.67,3.74,3.72,983863,36.54,2026-09-18
SASKEN,EQ,1704.4,1746.9,1701.1,1719.6,1722.1,12687,219.03,2026-09-18
SATIA,EQ,67.41,68.98,66.5,68.46,67.63,108564,73.51,2026-09-18
SATIN,EQ,218.47,221.0,217.37,219.32,219.82,162662,357.0,2026-09-18
SAURASHCEM,EQ,51.91,53.99,51.8,53.51,51.91,57241,30.51,2026-09-18
SAYAJIHOTL,EQ,314.1,319.0,314.1,319.0,319.1,52,0.16,2026-09-18
SAYAJIIND,EQ,108.1,116.75,108.0,115.0,113.0,510,0.56,2026-09-18
SBC,EQ,48.45,49.8,48.32,49.24,48.25,15020726,7369.85,2026-09-18
SBCL,EQ,1091.8,1109.8,1084.1,1096.2,1091.8,106816,1171.36,2026-09-18
SBFC,EQ,93.58,94.19,91.89,92.36,93.32,1954335,1811.61,2026-09-18
SBGLP,EQ,26.52,26.59,21.33,22.23,25.78,587657,139.8,2026-09-18
SBIBPB,EQ,47.5,48.49,47.5,48.21,47.77,61295,29.5,2026-09-18
SBICARD,EQ,635.95,651.15,630.7,651.15,636.95,3242132,20736.95,2026-09-18
SBIETFCON,EQ,119.77,119.77,118.18,118.45,118.54,2418,2.87,2026-09-18
SBIETFIT,EQ,325.23,325.23,317.36,319.25,323.24,11162,35.58,2026-09-18
SBIETFPB,EQ,283.6,283.6,277.93,279.97,278.65,2346,6.56,2026-09-18
SBIETFQLTY,EQ,214.38,215.31,213.87,215.27,214.83,1393,2.99,2026-09-18
SBIFUNDS,EQ,540.95,567.95,537.25,561.35,540.95,1779360,9888.89,2026-09-18
SBILIFE,EQ,1751.3,1770.0,1731.0,1731.0,1766.9,929365,16277.44,2026-09-18
SBILIQETF,EQ,1056.63,1056.63,1056.61,1056.62,1056.2,725607,7666.91,2026-09-18
SBIMIDMOM,EQ,63.07,63.54,62.86,63.33,62.65,79500,50.34,2026-09-18
SBIN,EQ,992.0,996.2,985.1,996.2,988.7,5699456,56532.67,2026-09-18
SBINEQWETF,EQ,31.92,32.93,31.92,32.2,32.57,90497,29.19,2026-09-18
SBINMID150,EQ,22.74,23.09,22.65,22.94,22.74,17739,4.04,2026-09-18
SBISILVER,EQ,226.86,230.64,226.76,229.44,222.1,1587770,3632.44,2026-09-18
SBISMLETF,EQ,18.0,18.56,18.0,18.38,18.16,15195,2.77,2026-09-18
SBIVALETF,EQ,14.51,14.52,14.28,14.41,14.44,23970,3.45,2026-09-18
SCHAEFFLER,EQ,4016.0,4260.0,4010.1,4217.6,3991.0,171857,7160.74,2026-09-18
SCHAND,EQ,136.14,136.68,133.5,133.87,134.88,21577,29.1,2026-09-18
SCHNEIDER,EQ,1206.6,1244.5,1206.6,1213.5,1201.9,316226,3869.11,2026-09-18
SCI,EQ,271.0,278.0,269.05,277.05,270.0,1560763,4269.57,2026-09-18
SCILAL,EQ,38.01,38.38,36.2,36.83,38.19,1140340,421.94,2026-09-18
SCODATUBES,EQ,125.33,130.77,125.33,128.51,123.97,98767,126.79,2026-09-18
SDBL,EQ,68.0,69.14,67.5,68.06,67.8,396617,270.91,2026-09-18
SEAMECLTD,EQ,1757.0,1757.0,1712.1,1726.3,1738.5,27243,470.52,2026-09-18
SECLEDBETA,EQ,15.0,15.5,14.21,14.25,14.16,20683,2.99,2026-09-18
SECMARK,EQ,145.0,146.4,132.41,144.1,139.95,2367,3.41,2026-09-18
SECURKLOUD,EQ,17.0,17.2,16.7,16.84,17.17,5429,0.92,2026-09-18
SEDEMAC,EQ,3110.6,3234.1,3110.0,3147.8,3110.6,190154,6042.42,2026-09-18
SEIL,EQ,195.24,195.24,188.05,192.19,193.07,257466,494.98,2026-09-18
SEJALLTD,EQ,690.0,715.75,669.85,714.4,681.7,36648,258.4,2026-09-18
SEKURITIND,EQ,109.99,114.0,108.39,113.44,108.72,52095,58.54,2026-09-18
SELECTIPO,EQ,48.66,48.66,47.67,48.44,47.48,24458,11.78,2026-09-18
SEMAC,EQ,270.0,280.0,262.4,273.7,270.0,315,0.86,2026-09-18
SENCO,EQ,344.5,352.8,341.1,348.0,342.35,606311,2108.81,2026-09-18
SENORES,EQ,1423.6,1441.9,1391.7,1402.6,1402.6,325710,4589.07,2026-09-18
SENSEXADD,EQ,76.18,77.3,75.91,77.29,76.96,737,0.57,2026-09-18
SENSEXAXIS,EQ,76.38,77.68,76.38,77.23,77.44,3257,2.52,2026-09-18
SENSEXBETA,EQ,825.01,838.0,821.0,832.87,830.88,1251,10.32,2026-09-18
SENSEXETF,EQ,77.29,77.5,76.85,77.16,76.91,10598,8.16,2026-09-18
SENSEXIETF,EQ,854.94,862.49,854.93,858.7,855.42,5572,47.81,2026-09-18
SEPC,EQ,5.26,5.29,5.08,5.23,5.22,12309907,636.76,2026-09-18
SERVOTECH,EQ,72.27,73.66,71.91,72.8,72.27,396912,287.6,2026-09-18
SESHAPAPER,EQ,248.0,251.7,245.04,249.77,247.82,27629,68.65,2026-09-18
SETF10GILT,EQ,263.0,263.0,261.7,262.26,261.38,2805,7.35,2026-09-18
SETFGOLD,EQ,129.2,130.84,129.2,130.52,128.39,3938423,5134.79,2026-09-18
SETFNIF50,EQ,252.88,252.88,250.92,251.95,251.29,842918,2122.16,2026-09-18
SETFNIFBK,EQ,577.83,580.29,576.44,579.47,576.31,5777,33.41,2026-09-18
SETFNN50,EQ,763.08,777.5,762.3,774.62,765.01,16704,128.9,2026-09-18
SETL,EQ,393.25,414.0,393.25,402.35,401.45,987119,3980.43,2026-09-18
SFL,EQ,679.0,682.0,651.7,657.3,673.0,213905,1418.66,2026-09-18
SGFIN,EQ,624.9,638.05,621.05,630.95,619.9,75511,475.73,2026-09-18
SGIL,EQ,582.45,606.35,582.45,589.3,592.35,2487,14.82,2026-09-18
SGL,EQ,9.68,9.79,9.17,9.35,9.68,7236,0.68,2026-09-18
SGLRES,EQ,2.49,2.6,2.37,2.43,2.49,279185,6.75,2026-09-18
SGMART,EQ,719.0,747.4,710.0,733.55,712.25,192112,1408.0,2026-09-18
SGRL,EQ,677.95,722.65,675.0,697.75,678.2,18488,130.25,2026-09-18
SHADOWFAX,EQ,252.5,253.4,247.5,251.55,251.65,1172675,2931.78,2026-09-18
SHAH,EQ,3.32,3.32,3.26,3.28,3.3,392673,12.91,2026-09-18
SHAILY,EQ,3119.5,3209.7,3107.3,3149.8,3107.2,156212,4920.8,2026-09-18
SHAKTIPUMP,EQ,465.7,470.65,458.75,460.95,464.1,460443,2134.91,2026-09-18
SHALBY,EQ,138.0,141.4,133.92,137.66,138.5,149630,205.1,2026-09-18
SHANKARA,EQ,148.3,150.0,148.3,149.26,149.29,461337,687.97,2026-09-18
SHANKESH,EQ,90.7,95.25,89.01,93.06,88.96,4370436,4071.55,2026-09-18
SHANTI,EQ,5.81,6.39,5.81,6.19,6.29,7260,0.45,2026-09-18
SHANTIGEAR,EQ,681.3,705.0,667.35,700.05,677.6,90105,619.71,2026-09-18
SHANTIGOLD,EQ,242.44,264.11,242.44,251.27,242.44,2818320,7234.98,2026-09-18
SHARDACROP,EQ,742.9,753.0,737.15,743.1,741.7,119733,890.41,2026-09-18
SHARDAMOTR,EQ,935.0,971.95,930.0,967.05,948.35,121973,1168.85,2026-09-18
SHAREINDIA,EQ,221.0,233.35,216.0,228.15,218.44,24957936,56565.5,2026-09-18
SHARIABEES,EQ,439.9,443.95,437.25,438.88,439.9,4350,19.08,2026-09-18
SHBAJRG,EQ,153.99,155.0,152.15,155.0,152.08,3122,4.83,2026-09-18
SHERVANI,EQ,360.0,360.0,349.95,352.5,332.0,54,0.19,2026-09-18
SHILCTECH,EQ,4072.6,4172.9,3976.9,4067.9,4103.4,16065,660.8,2026-09-18
SHILGRAVQ,EQ,160.0,162.99,154.5,154.69,158.0,2494,3.87,2026-09-18
SHILPAMED,EQ,958.35,1033.1,951.9,1021.1,958.35,1766385,17699.9,2026-09-18
SHINDL,EQ,164.5,164.5,160.38,161.64,161.05,430082,695.55,2026-09-18
SHIPROCKET,EQ,122.2,122.93,120.5,121.59,120.93,2264860,2751.78,2026-09-18
SHIVAAGRO,EQ,39.89,42.0,37.16,41.79,38.71,861,0.36,2026-09-18
SHIVACEM,EQ,15.49,15.69,15.3,15.45,15.3,35784,5.51,2026-09-18
SHIVALIK,EQ,368.3,378.9,359.0,372.1,369.3,87050,321.1,2026-09-18
SHIVAMAUTO,EQ,16.7,19.42,16.7,19.42,16.19,291980,56.16,2026-09-18
SHIVAMILLS,EQ,58.6,61.95,58.1,61.58,60.2,1536,0.93,2026-09-18
SHIVATEX,EQ,181.0,181.0,163.21,168.51,174.17,4948,8.39,2026-09-18
SHIVAUM,EQ,470.3,477.0,468.25,468.3,468.05,3232,15.31,2026-09-18
SHK,EQ,138.67,143.12,132.4,137.04,138.67,865394,1192.26,2026-09-18
SHOPERSTOP,EQ,405.9,415.0,395.25,399.75,413.3,72761,294.19,2026-09-18
SHRADDHA,EQ,150.73,153.7,146.7,147.14,150.73,11255,16.66,2026-09-18
SHRADHA,EQ,31.0,32.15,29.81,30.0,31.15,21953,6.66,2026-09-18
SHREDIGCEM,EQ,67.42,69.0,67.37,68.51,67.42,55328,37.65,2026-09-18
SHREECEM,EQ,22200.0,23000.0,22100.0,22600.0,21960.0,62133,14027.91,2026-09-18
SHREEJISPG,EQ,689.95,709.8,674.2,708.05,691.0,854162,5943.15,2026-09-18
SHREEPUSHK,EQ,510.0,518.0,500.1,514.3,512.5,44521,226.47,2026-09-18
SHREERAMA,EQ,44.35,46.39,44.15,44.53,44.36,43261,19.58,2026-09-18
SHREYANIND,EQ,128.01,132.0,125.65,131.13,128.01,3183,4.13,2026-09-18
SHRIKRISH,EQ,34.02,39.99,34.02,36.98,34.04,1595,0.59,2026-09-18
SHRINGARMS,EQ,214.0,216.75,208.75,210.67,211.74,569905,1214.66,2026-09-18
SHRIPISTON,EQ,4394.0,4598.0,4394.0,4576.6,4385.4,151917,6896.75,2026-09-18
SHRIRAMFIN,EQ,1004.9,1019.0,1000.5,1010.0,995.0,4870631,49261.41,2026-09-18
SHRIRAMPPS,EQ,73.15,73.15,70.81,71.22,72.91,365988,261.48,2026-09-18
SHRJAGP,EQ,643.55,657.75,630.0,637.65,642.5,176,1.13,2026-09-18
SHUKRAPHAR,EQ,54.76,57.89,54.29,55.93,54.24,3423614,1916.71,2026-09-18
SHYAMMETL,EQ,1087.0,1109.0,1079.0,1100.0,1077.0,1196160,13143.39,2026-09-18
SHYAMTEL,EQ,11.14,11.4,11.13,11.4,11.09,2221,0.25,2026-09-18
SICAGEN,EQ,52.74,53.69,52.0,52.77,52.22,7433,3.9,2026-09-18
SIEL,EQ,30.08,33.07,30.0,30.0,31.5,233,0.07,2026-09-18
SIEMENS,EQ,3781.4,3913.9,3770.0,3913.9,3763.5,666502,25535.16,2026-09-18
SIGACHI,EQ,29.35,32.15,29.32,29.6,29.33,16377369,4972.42,2026-09-18
SIGMA,EQ,47.0,47.3,46.25,47.03,46.24,50131,23.54,2026-09-18
SIGNATURE,EQ,755.0,761.0,744.0,756.95,755.3,248406,1868.21,2026-09-18
SIGNPOST,EQ,265.05,277.5,260.6,271.5,262.15,44887,119.71,2026-09-18
SIKA,EQ,1030.7,1063.7,1010.25,1021.5,1027.05,36899,381.84,2026-09-18
SIL,EQ,16.21,16.95,16.06,16.13,16.63,54990,8.95,2026-09-18
SILGO,EQ,69.46,71.99,69.46,70.8,70.18,50168,35.26,2026-09-18
SILINV,EQ,437.95,455.0,434.0,446.9,438.4,588,2.63,2026-09-18
SILVER,EQ,231.24,234.88,231.05,233.88,226.36,1124622,2621.14,2026-09-18
SILVER001,EQ,23.5,23.79,23.01,23.78,22.94,53082,12.53,2026-09-18
SILVER1,EQ,22.37,22.89,22.37,22.79,21.98,10493440,2382.56,2026-09-18
SILVER360,EQ,225.5,230.94,225.5,229.98,223.42,22855,52.37,2026-09-18
SILVERADD,EQ,22.1,22.71,22.1,22.6,21.84,4445826,1002.72,2026-09-18
SILVERAG,EQ,224.0,229.08,224.0,228.18,220.74,239735,545.07,2026-09-18
SILVERAXIS,EQ,230.05,233.79,230.03,232.82,225.27,1004472,2332.44,2026-09-18
SILVERBEES,EQ,221.1,225.0,221.1,224.07,216.64,28477957,63572.88,2026-09-18
SILVERBETA,EQ,221.68,227.34,221.68,226.15,218.54,562410,1267.97,2026-09-18
SILVERBND,EQ,232.19,236.0,231.56,235.48,227.01,25507,59.79,2026-09-18
SILVERCASE,EQ,23.48,23.82,23.46,23.73,22.95,12962915,3067.29,2026-09-18
SILVERIETF,EQ,231.22,234.96,230.97,233.89,226.19,3751667,8743.98,2026-09-18
SILVERTUC,EQ,149.08,149.09,144.4,146.28,149.08,310512,456.79,2026-09-18
SIMPLEXINF,EQ,253.3,268.0,249.1,251.4,252.4,211797,541.89,2026-09-18
SIMPLXREA,EQ,132.0,132.0,120.6,124.2,126.25,5,0.01,2026-09-18
SINCLAIR,EQ,78.87,84.39,78.55,81.93,77.56,60387,48.94,2026-09-18
SINDHUTRAD,EQ,23.54,24.94,22.62,24.72,23.27,5339301,1280.48,2026-09-18
SINGERIND,EQ,76.92,77.99,75.3,76.28,76.86,58206,44.3,2026-09-18
SINTERCOM,EQ,76.41,78.59,75.0,77.1,76.03,403,0.31,2026-09-18
SIRCA,EQ,410.25,413.0,404.0,406.25,406.55,247257,1007.03,2026-09-18
SIS,EQ,419.8,430.95,419.0,428.25,419.8,164393,703.96,2026-09-18
SIYSIL,EQ,512.55,535.85,512.55,527.4,514.45,52367,274.02,2026-09-18
SJS,EQ,2297.2,2460.0,2280.2,2422.8,2266.0,992502,23955.57,2026-09-18
SJVN,EQ,64.84,65.23,63.7,63.95,64.75,4062726,2606.56,2026-09-18
SKFINDIA,EQ,1541.0,1639.8,1515.0,1552.6,1541.0,324766,5094.89,2026-09-18
SKFINDUS,EQ,2969.9,3218.7,2942.0,2984.2,2940.3,1293995,38704.6,2026-09-18
SKIPPER,EQ,537.0,570.0,532.1,566.2,532.55,1433300,8012.07,2026-09-18
SKMEGGPROD,EQ,232.9,235.9,228.1,229.75,231.9,106551,246.03,2026-09-18
SKYGOLD,EQ,794.0,806.75,779.85,783.7,793.3,566838,4484.21,2026-09-18
SKYWAYS,EQ,126.9,135.35,122.55,124.43,117.98,92941309,120263.64,2026-09-18
SMALL250,EQ,18.15,18.45,18.12,18.38,18.1,280548,51.36,2026-09-18
SMALLADD,EQ,18.45,18.49,18.11,18.32,18.11,36311,6.66,2026-09-18
SMALLCAP,EQ,49.17,50.37,48.19,49.09,48.18,1265660,618.93,2026-09-18
SMALLGROWW,EQ,47.1,49.21,47.1,48.51,48.11,17667,8.63,2026-09-18
SMALLIETF,EQ,18.17,18.38,18.17,18.35,18.09,36738,6.7,2026-09-18
SMARTWORKS,EQ,519.85,560.95,519.85,547.35,519.9,274681,1501.81,2026-09-18
SMCGLOBAL,EQ,82.0,83.7,80.21,80.94,82.87,467005,382.04,2026-09-18
SML100CASE,EQ,11.35,11.36,11.14,11.32,11.13,1176113,132.67,2026-09-18
SMLMAH,EQ,6248.0,6484.0,6221.0,6292.5,6220.5,53178,3373.13,2026-09-18
SMLT,EQ,62.88,62.88,59.98,61.42,59.98,3265,1.99,2026-09-18
SMSPHARMA,EQ,415.8,446.2,415.8,442.95,413.75,1745125,7629.67,2026-09-18
SNOWMAN,EQ,34.9,35.4,34.0,35.25,34.72,155817,54.18,2026-09-18
SNXT30BEES,EQ,42.33,42.38,42.02,42.14,41.91,494,0.21,2026-09-18
SNXT50BETA,EQ,93.36,94.4,91.63,92.86,92.9,2181,2.03,2026-09-18
SOBHA,EQ,1192.7,1225.8,1190.5,1215.2,1189.4,120571,1462.92,2026-09-18
SOFTTECH,EQ,525.7,525.7,515.0,525.7,500.7,35070,184.03,2026-09-18
SOLARA,EQ,741.7,750.4,730.0,742.05,741.7,260108,1925.15,2026-09-18
SOLARINDS,EQ,18850.0,19080.0,18555.0,18555.0,18815.0,202858,38307.75,2026-09-18
SOLARWORLD,EQ,134.37,136.39,132.2,133.56,133.78,125558,168.24,2026-09-18
SOLEX,EQ,681.35,719.0,673.6,695.1,671.3,122265,855.91,2026-09-18
SOMANYCERA,EQ,560.75,579.25,557.95,572.6,565.85,103703,591.58,2026-09-18
SOMATEX,EQ,82.77,82.99,79.3,80.95,82.77,13997,11.33,2026-09-18
SOMICONVEY,EQ,97.59,97.59,94.0,94.25,94.6,11529,10.96,2026-09-18
SONACOMS,EQ,780.2,812.0,780.2,808.0,777.9,4201864,33823.46,2026-09-18
SONAL,EQ,87.25,87.25,84.01,84.07,83.12,270,0.23,2026-09-18
SONATSOFTW,EQ,282.0,282.05,272.2,274.0,281.65,672020,1853.29,2026-09-18
SOTL,EQ,693.0,720.0,686.05,708.05,691.4,236215,1669.52,2026-09-18
SOUTHBANK,EQ,46.0,46.54,45.78,46.07,45.88,8637328,3989.39,2026-09-18
SOUTHWEST,EQ,199.0,202.5,193.44,196.11,200.07,197258,388.46,2026-09-18
SPAL,EQ,998.2,1012.9,981.0,994.3,1003.1,23776,236.77,2026-09-18
SPANDANA,EQ,227.02,231.3,227.0,229.25,227.02,74230,169.97,2026-09-18
SPARC,EQ,193.16,198.6,192.39,193.92,193.16,682997,1330.68,2026-09-18
SPCENET,EQ,3.2,3.26,3.1,3.13,3.19,702541,22.27,2026-09-18
SPENCERS,EQ,28.5,29.4,27.62,28.38,28.17,28173,7.99,2026-09-18
SPIC,EQ,67.3,69.09,67.25,68.7,66.92,616680,421.07,2026-09-18
SPLIL,EQ,29.65,30.79,29.65,30.3,29.95,1395,0.42,2026-09-18
SPLPETRO,EQ,811.4,872.0,804.9,865.7,807.0,1234723,10543.68,2026-09-18
SPMLINFRA,EQ,170.0,174.56,167.15,168.23,170.67,101537,172.56,2026-09-18
SPORTKING,EQ,201.35,204.69,201.0,203.85,200.53,135881,276.02,2026-09-18
SRD,EQ,40.29,40.29,39.1,39.15,39.54,8341,3.31,2026-09-18
SRF,EQ,2536.6,2569.9,2512.0,2512.0,2536.0,401209,10194.3,2026-09-18
SRGHFL,EQ,132.05,132.85,127.05,128.15,126.65,45678,59.4,2026-09-18
SRHHYPOLTD,EQ,521.0,525.05,519.8,523.1,517.6,26767,140.0,2026-09-18
SRM,EQ,425.65,429.25,420.65,423.85,425.75,14465,61.28,2026-09-18
SRTL,EQ,37.9,38.39,36.5,38.02,37.98,36125,13.62,2026-09-18
SSDL,EQ,62.08,62.85,60.2,61.35,62.08,27910,17.21,2026-09-18
SSWL,EQ,351.65,378.8,350.15,372.4,348.25,1835082,6817.5,2026-09-18
STANLEY,EQ,137.01,138.99,137.01,137.45,137.63,31819,43.81,2026-09-18
STAR,EQ,1202.6,1229.4,1200.0,1219.8,1200.2,282913,3436.58,2026-09-18
STARCEMENT,EQ,188.9,195.79,188.9,194.25,188.33,271084,521.65,2026-09-18
STARHEALTH,EQ,558.0,559.65,542.1,547.05,560.55,2515581,13792.21,2026-09-18
STARPAPER,EQ,156.01,159.5,155.01,158.82,155.92,5933,9.31,2026-09-18
STARTECK,EQ,240.0,261.5,236.1,240.0,237.45,201,0.5,2026-09-18
STCINDIA,EQ,112.3,113.15,111.1,111.54,111.4,9715,10.85,2026-09-18
STEAMHOUSE,EQ,100.7,106.0,95.01,97.98,102.55,23967427,24109.91,2026-09-18
STEELCAS,EQ,306.85,323.0,306.85,319.9,303.45,92629,294.54,2026-09-18
STEELCITY,EQ,85.5,86.59,85.0,85.39,85.77,2941,2.52,2026-09-18
STEELXIND,EQ,11.18,11.9,11.18,11.74,11.2,6471920,746.04,2026-09-18
STEL,EQ,657.0,658.15,631.95,654.2,631.9,12670,82.14,2026-09-18
STLNETWORK,EQ,42.95,42.95,42.95,42.95,40.91,1250147,536.94,2026-09-18
STLSTRINF,EQ,26.0,26.9,23.12,23.47,25.15,28554,6.97,2026-09-18
STOVEKRAFT,EQ,833.65,840.45,825.25,829.3,833.65,75158,625.29,2026-09-18
STUDDS,EQ,408.8,410.1,402.75,407.1,404.35,21853,88.77,2026-09-18
STYL,EQ,366.0,369.95,355.0,360.35,365.85,182909,663.75,2026-09-18
STYLAMIND,EQ,3238.2,3308.0,3236.6,3295.5,3238.2,12878,423.48,2026-09-18
STYLEBAAZA,EQ,385.0,394.0,380.35,386.75,388.05,591675,2292.28,2026-09-18
STYRENIX,EQ,2065.9,2095.4,2050.7,2067.9,2065.9,22964,476.41,2026-09-18
SUBEXLTD,EQ,20.09,20.68,19.68,20.11,19.9,8841874,1784.0,2026-09-18
SUBROS,EQ,685.1,739.0,685.1,720.3,689.6,73793,529.09,2026-09-18
SUDARCOLOR,EQ,379.45,382.9,376.55,379.6,377.6,2802,10.62,2026-09-18
SUDARSCHEM,EQ,1203.8,1278.0,1199.4,1263.5,1205.4,318843,4018.06,2026-09-18
SUDEEPPHRM,EQ,1107.2,1160.6,1107.2,1155.0,1105.4,217226,2491.14,2026-09-18
SUKHJITS,EQ,161.8,162.98,160.36,161.95,160.71,16431,26.58,2026-09-18
SULA,EQ,135.9,136.99,134.1,134.49,135.9,213274,287.53,2026-09-18
SUMEDHA,EQ,44.16,46.39,42.52,44.4,44.61,1646,0.73,2026-09-18
SUMEETINDS,EQ,9.35,9.66,9.3,9.56,9.35,1016943,96.39,2026-09-18
SUMICHEM,EQ,456.55,469.0,455.75,460.85,455.45,605290,2800.28,2026-09-18
SUMIT,EQ,50.0,50.0,47.03,49.43,48.66,5452,2.71,2026-09-18
SUMMITSEC,EQ,1392.0,1419.9,1389.0,1412.0,1384.8,1257,17.64,2026-09-18
SUNCLAY,EQ,1270.9,1279.2,1251.0,1254.6,1252.8,2172,27.33,2026-09-18
SUNDARAM,EQ,1.18,1.21,1.16,1.16,1.18,522850,6.15,2026-09-18
SUNDARMFIN,EQ,4634.5,4790.0,4630.0,4730.6,4662.8,179114,8444.63,2026-09-18
SUNDRMFAST,EQ,1229.0,1240.6,1221.5,1228.2,1226.7,237526,2918.11,2026-09-18
SUNDROP,EQ,671.4,671.5,660.1,663.4,657.4,1428,9.49,2026-09-18
SUNFLAG,EQ,346.8,354.0,343.0,345.1,343.7,219245,761.65,2026-09-18
SUNLOC,EQ,73.49,73.49,73.49,73.49,73.49,1,0.0,2026-09-18
SUNPHARMA,EQ,1866.1,1877.2,1837.3,1837.3,1867.3,2896860,53588.56,2026-09-18
SUNRAKSHAK,EQ,369.65,369.95,363.5,368.5,362.1,3601,13.18,2026-09-18
SUNSHIEL,EQ,1242.0,1242.0,1218.8,1233.3,1215.7,2481,30.53,2026-09-18
SUNSHINE,EQ,399.0,413.5,390.65,398.3,394.0,1408607,5644.33,2026-09-18
SUNTECK,EQ,281.2,298.0,280.8,294.05,281.25,126393,366.76,2026-09-18
SUNTV,EQ,469.8,470.4,449.05,451.7,468.4,943160,4287.56,2026-09-18
SUPERHOUSE,EQ,171.95,171.95,160.1,165.1,167.58,7472,12.39,2026-09-18
SUPRAJIT,EQ,484.75,502.7,482.25,499.05,484.75,184177,914.82,2026-09-18
SUPREME,EQ,32.22,33.3,31.68,32.0,32.21,10410,3.39,2026-09-18
SUPREMEIND,EQ,3347.4,3580.3,3347.4,3580.3,3344.4,469754,16305.94,2026-09-18
SUPREMEINF,EQ,84.49,84.49,79.35,79.88,82.65,32459,26.01,2026-09-18
SUPRIYA,EQ,900.65,920.0,895.75,906.3,900.65,130367,1183.3,2026-09-18
SURAJEST,EQ,178.25,195.62,176.7,192.25,177.39,641088,1219.01,2026-09-18
SURAJLTD,EQ,201.89,201.89,197.03,200.79,201.9,436,0.87,2026-09-18
SURAKSHA,EQ,328.95,338.0,327.55,335.1,328.95,117799,394.44,2026-09-18
SURANASOL,EQ,24.9,25.95,24.86,25.5,25.03,59455,15.15,2026-09-18
SURANAT&P,EQ,15.75,17.2,15.75,16.39,15.85,133228,22.13,2026-09-18
SURYALA,EQ,405.0,405.0,395.0,395.0,400.25,39,0.15,2026-09-18
SURYALAXMI,EQ,58.07,58.87,57.0,57.76,57.79,2230,1.29,2026-09-18
SURYAROSNI,EQ,210.95,212.84,209.05,210.62,209.97,604194,1272.89,2026-09-18
SURYODAY,EQ,146.95,147.31,145.3,146.63,146.51,147616,216.1,2026-09-18
SUVEN,EQ,353.8,353.8,338.0,341.55,349.85,261686,900.6,2026-09-18
SUVIDHAA,EQ,2.2,2.3,2.2,2.22,2.2,49615,1.1,2026-09-18
SUYOG,EQ,671.5,671.5,645.2,649.4,664.25,25191,164.65,2026-09-18
SUZLON,EQ,42.9,43.75,42.67,43.14,42.54,63471191,27490.0,2026-09-18
SVGLOBAL,EQ,127.5,153.91,126.4,147.92,128.26,6683,9.5,2026-09-18
SVLL,EQ,818.45,825.0,801.0,815.85,818.35,1039,8.44,2026-09-18
SVPGLOB,EQ,3.47,3.51,3.27,3.49,3.35,18472,0.63,2026-09-18
SWANCORP,EQ,287.8,297.0,287.3,294.95,289.8,1412160,4131.42,2026-09-18
SWARAJENG,EQ,3552.4,3635.0,3542.1,3625.1,3552.9,6970,249.96,2026-09-18
SWARNSAR,EQ,38.72,38.98,37.66,38.96,38.72,862,0.33,2026-09-18
SWELECTES,EQ,560.0,560.0,550.0,556.8,552.75,8473,47.12,2026-09-18
SWIGGY,EQ,277.0,280.0,273.05,273.05,276.5,20140282,55547.9,2026-09-18
SWSOLAR,EQ,180.0,180.97,174.4,176.06,179.22,1209329,2146.99,2026-09-18
SYMBIOTEC,EQ,1050.0,1106.9,1048.0,1095.1,1045.6,1099366,11877.3,2026-09-18
SYMPHONY,EQ,581.8,604.8,580.1,598.65,584.9,71400,423.33,2026-09-18
SYNCOMF,EQ,18.8,20.25,18.8,20.04,18.78,10260532,2036.45,2026-09-18
SYNGENE,EQ,379.1,384.0,366.65,369.05,380.2,2498133,9294.35,2026-09-18
SYRMA,EQ,1614.1,1764.0,1612.0,1728.9,1617.7,10474149,180630.72,2026-09-18
TAALTECH,EQ,5359.9,5483.8,5250.1,5416.3,5349.2,11685,631.59,2026-09-18
TAINWALCHM,EQ,208.0,215.0,208.0,213.11,210.04,2239,4.78,2026-09-18
TAJGVK,EQ,335.0,336.05,331.0,334.7,333.4,51856,172.98,2026-09-18
TAKE,EQ,16.16,16.5,15.96,15.96,16.79,236867,38.0,2026-09-18
TALBROAUTO,EQ,442.0,480.8,437.5,476.7,435.2,1960823,9190.0,2026-09-18
TANAA,EQ,266.05,274.0,263.25,266.35,266.05,9722,25.89,2026-09-18
TANLA,EQ,498.5,499.05,486.8,489.25,495.15,400725,1968.33,2026-09-18
TARACHAND,EQ,47.8,48.5,46.51,47.69,46.8,34465,16.28,2026-09-18
TARAPUR,EQ,12.46,12.87,12.1,12.55,12.46,25602,3.18,2026-09-18
TARC,EQ,131.18,134.99,129.01,133.09,130.69,537993,712.91,2026-09-18
TARIL,EQ,278.1,285.25,278.1,279.85,276.0,1238672,3484.82,2026-09-18
TARMAT,EQ,59.6,59.6,57.24,57.76,56.56,3487,2.02,2026-09-18
TARSONS,EQ,311.25,317.8,303.55,306.1,307.8,133321,415.11,2026-09-18
TASTYBITE,EQ,10049.0,10095.0,9816.0,9901.0,9944.0,1518,151.04,2026-09-18
TATACAP,EQ,345.0,355.0,344.3,351.35,343.65,2404143,8409.91,2026-09-18
TATACHEM,EQ,729.0,741.35,687.1,693.25,779.3,14086032,99988.47,2026-09-18
TATACOMM,EQ,1794.8,1805.0,1743.3,1780.1,1791.6,713124,12657.31,2026-09-18
TATACONSUM,EQ,1016.2,1018.7,996.0,996.0,1013.7,2076522,20831.08,2026-09-18
TATAELXSI,EQ,3399.0,3399.0,3266.7,3266.7,3381.8,297430,9894.44,2026-09-18
TATAGOLD,EQ,14.73,14.91,14.73,14.85,14.62,55967837,8295.58,2026-09-18
TATAINVEST,EQ,688.0,707.85,682.55,702.35,719.3,2361598,16447.83,2026-09-18
TATAPOWER,EQ,364.8,374.8,360.9,374.8,369.0,5102671,18831.91,2026-09-18
TATASTEEL,EQ,186.4,187.96,185.54,185.54,187.29,29014128,54067.06,2026-09-18
TATATECH,EQ,761.4,761.4,716.1,722.45,758.75,2215517,16151.2,2026-09-18
TATSILV,EQ,22.48,22.87,22.47,22.74,21.99,58813645,13324.47,2026-09-18
TATVA,EQ,1712.0,1787.8,1702.5,1770.2,1709.6,91966,1610.04,2026-09-18
TBOTEK,EQ,1650.0,1728.7,1643.7,1710.6,1647.7,212106,3623.47,2026-09-18
TBZ,EQ,603.55,603.55,585.1,603.55,574.85,1436925,8641.7,2026-09-18
TCC,EQ,51.36,51.86,49.3,49.85,51.25,705212,352.82,2026-09-18
TCI,EQ,826.55,838.8,821.55,829.8,826.55,20300,168.18,2026-09-18
TCIEXP,EQ,494.9,497.35,481.05,485.35,490.75,20352,99.4,2026-09-18
TCIFINANCE,EQ,15.24,15.8,14.56,15.58,14.62,64732,9.81,2026-09-18
TCPLPACK,EQ,3860.6,3901.7,3826.0,3844.2,3863.4,1645,63.47,2026-09-18
TCS,EQ,2177.2,2177.3,2101.2,2105.0,2190.0,6875428,145618.29,2026-09-18
TDPOWERSYS,EQ,726.0,770.0,725.15,763.75,722.1,3139171,23653.32,2026-09-18
TEAMGTY,EQ,235.0,242.9,235.0,238.5,235.0,2034,4.78,2026-09-18
TEAMLEASE,EQ,1226.7,1238.5,1200.6,1219.0,1226.7,21622,263.96,2026-09-18
TECH,EQ,31.85,32.39,31.3,31.55,31.99,144353,45.46,2026-09-18
TECHM,EQ,1558.3,1561.2,1523.1,1537.1,1561.0,3113722,47841.98,2026-09-18
TECHNOCRAF,EQ,441.05,459.2,436.0,440.8,439.15,859607,3807.31,2026-09-18
TECHNOE,EQ,990.3,1039.0,989.6,1030.45,984.7,286285,2910.71,2026-09-18
TECHNVISN,EQ,3941.5,4351.0,3941.0,4349.0,4144.0,752,31.39,2026-09-18
TECILCHEM,EQ,9.76,10.0,9.23,9.77,9.76,3009,0.29,2026-09-18
TEGA,EQ,1888.2,1970.0,1887.3,1943.0,1920.0,1144337,22243.67,2026-09-18
TEJASNET,EQ,525.8,527.7,514.8,518.3,524.25,1522105,7909.21,2026-09-18
TEMBO,EQ,57.0,57.0,55.9,56.19,56.57,302439,170.07,2026-09-18
TEMPSENS,EQ,542.8,552.4,524.5,531.6,541.55,1265503,6789.02,2026-09-18
TENNIND,EQ,515.5,524.9,511.95,517.9,514.05,1072952,5571.83,2026-09-18
TERASOFT,EQ,231.95,243.35,226.05,236.6,225.45,26937,63.32,2026-09-18
TEXINFRA,EQ,114.88,115.89,112.67,113.54,115.13,245506,278.45,2026-09-18
TEXMOPIPES,EQ,62.7,64.4,60.82,61.49,62.24,315163,198.23,2026-09-18
TEXRAIL,EQ,112.0,116.0,111.76,114.66,111.69,2196519,2512.08,2026-09-18
TFCILTD,EQ,139.7,141.02,139.0,139.62,139.06,12165117,16972.55,2026-09-18
TFL,EQ,11.83,12.09,11.83,11.99,11.81,56,0.01,2026-09-18
TGBHOTELS,EQ,9.37,9.89,9.37,9.41,9.37,5102,0.48,2026-09-18
TGVSL,EQ,103.0,103.5,102.1,102.59,102.58,44012,45.23,2026-09-18
THACKER,EQ,1030.0,1030.0,1000.0,1030.0,949.0,21,0.21,2026-09-18
THAKDEV,EQ,127.51,127.51,127.51,127.51,128.15,6,0.01,2026-09-18
THANGAMAYL,EQ,4844.0,5051.5,4794.5,5044.5,4811.0,386791,19457.66,2026-09-18
THEINVEST,EQ,95.99,96.0,91.85,94.27,95.52,2967,2.78,2026-09-18
THEJO,EQ,2183.4,2223.6,2157.1,2199.7,2183.4,6505,143.22,2026-09-18
THELEELA,EQ,530.0,549.7,527.05,540.55,530.0,124085,669.35,2026-09-18
THEMISMED,EQ,118.82,126.58,118.82,123.97,119.85,78797,96.47,2026-09-18
THERMAX,EQ,3569.5,3599.0,3522.4,3551.9,3569.5,238396,8471.68,2026-09-18
THOMASCOOK,EQ,103.42,107.38,103.2,106.04,103.42,997099,1051.53,2026-09-18
THOMASCOTT,EQ,239.0,239.0,230.0,236.55,234.9,23906,55.81,2026-09-18
THYROCARE,EQ,561.0,568.0,553.85,555.8,559.25,244576,1369.66,2026-09-18
TI,EQ,551.0,575.6,550.55,568.7,543.85,1687493,9563.56,2026-09-18
TIGERLOGS,EQ,27.19,27.4,25.95,26.13,26.66,77418,20.48,2026-09-18
TIIL,EQ,3059.9,3118.0,3025.5,3054.1,3049.7,34329,1051.92,2026-09-18
TIINDIA,EQ,2598.9,2637.8,2571.5,2600.0,2598.8,293372,7622.89,2026-09-18
TIMETECHNO,EQ,176.25,180.67,176.05,179.24,174.54,3604165,6430.09,2026-09-18
TIMEX,EQ,613.05,729.0,613.05,714.2,611.1,6651306,46394.59,2026-09-18
TIMKEN,EQ,3172.6,3269.0,3091.0,3124.2,3185.1,132715,4169.74,2026-09-18
TINNARUBR,EQ,1000.0,1030.0,1000.0,1018.75,1000.75,22220,226.18,2026-09-18
TIPSFILMS,EQ,333.95,334.0,318.1,320.35,318.5,1585,5.09,2026-09-18
TIPSMUSIC,EQ,656.5,667.0,644.15,657.7,656.6,502106,3302.52,2026-09-18
TIRUMALCHM,EQ,155.56,163.49,155.51,158.54,155.56,657447,1051.52,2026-09-18
TITAGARH,EQ,827.15,849.9,827.15,837.65,827.15,475698,3991.25,2026-09-18
TITAN,EQ,4851.0,4864.5,4772.0,4798.5,4841.0,1066023,51260.09,2026-09-18
TMB,EQ,894.5,905.45,889.05,895.75,891.45,242023,2171.41,2026-09-18
TMCV,EQ,436.0,445.0,430.2,442.9,436.1,13129939,57641.26,2026-09-18
TMPV,EQ,309.6,310.0,301.5,303.8,314.5,18037112,54952.02,2026-09-18
TNIDETF,EQ,88.38,89.33,87.48,88.34,88.37,57856,50.96,2026-09-18
TNPETRO,EQ,128.85,129.96,122.84,125.73,127.34,848214,1061.22,2026-09-18
TNPL,EQ,144.64,149.45,144.1,148.34,144.64,256191,377.47,2026-09-18
TNTELE,EQ,8.72,9.1,8.71,8.86,8.84,7387,0.65,2026-09-18
TOKYOPLAST,EQ,77.79,77.79,74.11,75.67,75.6,400,0.3,2026-09-18
TOLINS,EQ,88.5,88.75,87.52,88.02,88.22,21237,18.7,2026-09-18
TOP100CASE,EQ,10.05,10.47,10.05,10.3,10.26,253788,26.11,2026-09-18
TOP10ADD,EQ,84.9,85.12,84.6,84.8,85.42,953150,809.29,2026-09-18
TOP15IETF,EQ,9.53,9.6,9.46,9.49,9.56,237198,22.47,2026-09-18
TOP20,EQ,8.64,8.65,8.6,8.62,8.64,220953,19.05,2026-09-18
TORNTPHARM,EQ,4874.5,4928.0,4827.0,4840.0,4875.0,486733,23637.39,2026-09-18
TORNTPOWER,EQ,1277.0,1285.7,1232.0,1258.8,1276.4,462594,5838.33,2026-09-18
TOUCHWOOD,EQ,62.44,63.78,59.6,60.93,61.52,403,0.25,2026-09-18
TOYAMSL,EQ,0.77,0.77,0.77,0.77,0.74,458115,3.53,2026-09-18
TPLPLASTEH,EQ,65.09,65.9,64.14,65.34,64.49,111552,72.54,2026-09-18
TRACXN,EQ,30.65,31.49,30.51,31.0,30.84,73768,22.77,2026-09-18
TRANSCOR,EQ,25.04,25.49,23.0,23.79,25.04,3513,0.84,2026-09-18
TRANSRAILL,EQ,411.9,413.5,407.45,408.75,410.2,228722,937.4,2026-09-18
TRAVELFOOD,EQ,1232.0,1276.8,1217.4,1256.1,1232.0,42342,526.16,2026-09-18
TREEHOUSE,EQ,5.99,6.17,5.87,5.87,5.87,37165,2.2,2026-09-18
TREJHARA,EQ,136.9,136.9,131.0,132.37,135.75,19780,26.51,2026-09-18
TREL,EQ,30.06,31.51,29.01,29.66,29.77,611021,185.8,2026-09-18
TRENT,EQ,2789.3,2824.0,2776.1,2824.0,2789.0,925467,25951.73,2026-09-18
TRF,EQ,221.7,223.7,214.0,215.25,219.49,8388,18.16,2026-09-18
TRIDENT,EQ,23.08,24.01,23.03,23.22,23.08,5955453,1390.01,2026-09-18
TRIGYN,EQ,54.6,55.78,52.94,53.56,55.18,19459,10.5,2026-09-18
TRITONV,EQ,1076.0,1114.9,1070.0,1084.3,1076.0,1647,17.98,2026-09-18
TRITURBINE,EQ,554.4,572.0,550.35,567.8,556.8,501922,2828.04,2026-09-18
TRIVENI,EQ,234.9,241.0,234.9,238.8,232.45,661400,1572.49,2026-09-18
TRU,EQ,4.0,4.3,4.0,4.21,4.09,85524,3.58,2026-09-18
TRUALT,EQ,425.0,437.65,420.5,421.7,423.95,220451,945.11,2026-09-18
TSFINV,EQ,446.8,459.9,445.5,455.65,445.95,153537,697.93,2026-09-18
TTKHLTCARE,EQ,1053.0,1089.8,1041.6,1050.0,1049.0,41244,435.12,2026-09-18
TTKPRESTIG,EQ,545.0,546.5,525.0,530.85,543.6,114198,607.72,2026-09-18
TTL,EQ,7.25,7.5,7.1,7.24,7.07,235464,17.37,2026-09-18
TTML,EQ,36.2,36.33,35.56,35.73,36.64,1516686,544.22,2026-09-18
TURTLEMINT,EQ,133.65,137.0,131.15,134.12,131.67,832911,1115.78,2026-09-18
TUTIALKA,EQ,55.68,57.0,55.67,56.56,56.57,3984,2.26,2026-09-18
TVSELECT,EQ,403.75,408.9,398.5,403.15,403.75,26441,106.43,2026-09-18
TVSHLTD,EQ,12911.0,13079.0,12540.0,12812.0,12884.0,45028,5759.65,2026-09-18
TVSMOTOR,EQ,4125.0,4195.0,4122.1,4171.3,4101.7,1304681,54452.99,2026-09-18
TVSSCS,EQ,130.1,138.15,130.1,133.85,130.09,2452803,3312.09,2026-09-18
TVSSRICHAK,EQ,4867.0,4959.5,4796.0,4844.5,4886.0,4438,216.16,2026-09-18
TVTODAY,EQ,107.5,110.0,106.68,109.29,107.72,47797,51.66,2026-09-18
TWCGOLDETF,EQ,151.45,152.93,151.32,152.54,149.93,2610,3.98,2026-09-18
UBL,EQ,1219.9,1258.0,1219.9,1251.5,1216.8,276273,3433.39,2026-09-18
UCOBANK,EQ,23.59,23.94,23.53,23.75,23.59,3517779,831.89,2026-09-18
UDAYJEW,EQ,158.7,161.95,151.99,152.2,158.62,58089,89.53,2026-09-18
UDS,EQ,191.0,191.57,187.02,189.82,188.25,72939,137.7,2026-09-18
UEL,EQ,199.98,205.0,190.27,203.73,196.19,52048,104.58,2026-09-18
UFLEX,EQ,652.95,669.9,652.0,659.45,652.95,69585,457.87,2026-09-18
UFO,EQ,62.0,62.0,60.3,60.95,61.29,14004,8.56,2026-09-18
UGARSUGAR,EQ,53.72,58.39,52.85,56.79,53.41,1345153,749.83,2026-09-18
UGROCAP,EQ,83.74,84.47,82.96,83.74,83.49,98903,82.58,2026-09-18
UJJIVANSFB,EQ,64.05,65.3,63.88,65.02,63.97,4749884,3077.58,2026-09-18
ULTRACEMCO,EQ,10890.0,11060.0,10819.0,11014.0,10764.0,458848,50438.0,2026-09-18
ULTRAMAR,EQ,412.1,430.0,412.1,424.4,412.5,78947,332.4,2026-09-18
UMESLTD,EQ,4.1,4.44,3.76,4.39,4.08,63578,2.65,2026-09-18
UMIYA-MRO,EQ,99.0,99.0,96.15,98.01,97.95,4684,4.57,2026-09-18
UNICHEMLAB,EQ,536.85,547.0,536.85,545.7,538.45,26772,145.64,2026-09-18
UNIDT,EQ,232.0,232.0,222.98,224.01,228.07,13543,30.73,2026-09-18
UNIECOM,EQ,85.0,85.0,82.5,83.21,84.45,166409,139.12,2026-09-18
UNIENTER,EQ,91.9,92.48,89.9,90.71,91.9,4951,4.5,2026-09-18
UNIINFO,EQ,11.52,11.52,10.83,11.23,11.38,2207,0.24,2026-09-18
UNIMECH,EQ,1578.5,1612.0,1568.4,1591.3,1570.6,189186,3020.58,2026-09-18
UNIONBANK,EQ,178.5,178.92,176.56,176.56,178.09,6401370,11378.67,2026-09-18
UNIONGOLD,EQ,147.0,150.4,146.95,149.65,146.95,5577,8.32,2026-09-18
UNIPARTS,EQ,878.0,885.4,824.95,831.5,878.05,220753,1876.75,2026-09-18
UNITDSPR,EQ,1382.0,1405.0,1371.0,1371.0,1390.0,842151,11629.25,2026-09-18
UNITECH,EQ,4.27,4.36,4.19,4.31,4.27,4618701,197.36,2026-09-18
UNITEDPOLY,EQ,45.0,46.05,43.2,45.85,44.36,640093,290.61,2026-09-18
UNITEDTEA,EQ,437.5,439.3,430.0,431.65,429.05,1441,6.23,2026-09-18
UNIVCABLES,EQ,1450.9,1494.9,1437.4,1477.0,1438.8,96755,1418.4,2026-09-18
UNOMINDA,EQ,1213.2,1284.0,1206.8,1284.0,1205.0,1277954,15899.68,2026-09-18
UPHOT,EQ,1478.5,1500.0,1478.5,1500.0,1480.0,121,1.79,2026-09-18
UPL,EQ,554.0,580.0,553.4,580.0,554.75,3779171,21494.29,2026-09-18
URBANCO,EQ,163.89,172.42,162.55,169.11,162.81,11152442,18874.1,2026-09-18
URJA,EQ,9.4,9.4,9.02,9.15,9.1,538147,49.31,2026-09-18
USHAMART,EQ,496.0,511.0,494.0,507.2,495.65,1588391,8030.36,2026-09-18
USK,EQ,19.81,20.87,19.81,20.07,20.32,20541,4.13,2026-09-18
UTIAMC,EQ,908.0,908.0,889.65,895.0,898.25,109250,977.99,2026-09-18
UTKARSHBNK,EQ,14.11,14.38,13.96,14.17,14.05,5303916,747.17,2026-09-18
UTLSOLAR,EQ,413.0,422.0,412.6,418.65,408.95,120238,500.37,2026-09-18
UTTAMSUGAR,EQ,254.95,261.7,249.7,260.25,252.4,127683,325.91,2026-09-18
V2RETAIL,EQ,210.01,215.81,210.0,214.03,210.4,643385,1376.13,2026-09-18
VADILALIND,EQ,7065.0,7389.0,7040.0,7362.0,7101.0,19386,1407.99,2026-09-18
VADILENT,EQ,10400.0,10575.0,10400.0,10540.0,10575.0,10,1.05,2026-09-18
VAIBHAVGBL,EQ,212.35,213.0,206.92,209.9,211.35,254747,533.37,2026-09-18
VAISHALI,EQ,9.0,9.14,8.73,8.79,8.78,189226,16.92,2026-09-18
VAKRANGEE,EQ,5.25,5.34,5.25,5.3,5.25,1102478,58.41,2026-09-18
VAL30IETF,EQ,14.81,14.92,14.77,14.88,14.88,91576,13.61,2026-09-18
VALUE,EQ,15.84,15.85,15.75,15.8,15.76,8366,1.32,2026-09-18
VALUEAXIS,EQ,32.1,32.25,32.0,32.13,32.03,39037,12.54,2026-09-18
VAML,EQ,407.4,419.0,407.35,416.5,404.3,9307238,38536.37,2026-09-18
VARDMNPOLY,EQ,5.99,5.99,5.62,5.69,5.83,430537,24.71,2026-09-18
VARROC,EQ,852.25,877.05,840.55,861.55,846.15,223364,1935.3,2026-09-18
VASCONEQ,EQ,30.4,30.94,29.5,30.35,30.51,305184,92.71,2026-09-18
VASWANI,EQ,44.7,48.47,44.4,46.47,44.61,52340,23.71,2026-09-18
VBL,EQ,416.9,425.4,416.25,421.95,415.45,7581873,31964.1,2026-09-18
VEDAVAAG,EQ,22.0,23.25,20.35,22.21,21.0,105589,23.61,2026-09-18
VEDL,EQ,258.0,267.6,258.0,267.6,257.45,8484152,22339.41,2026-09-18
VEDPOWER,EQ,31.19,31.6,30.44,31.17,31.01,12482165,3855.6,2026-09-18
VEEDOL,EQ,1381.6,1397.0,1371.0,1377.7,1385.3,9305,128.49,2026-09-18
VENKEYS,EQ,1675.0,1675.0,1616.4,1646.8,1655.6,50193,824.43,2026-09-18
VENTIVE,EQ,564.55,564.9,555.0,557.35,561.75,25567,142.71,2026-09-18
VENUSPIPES,EQ,2123.1,2309.1,2120.0,2282.9,2131.7,1274312,28423.39,2026-09-18
VERANDA,EQ,216.98,225.0,212.8,221.76,214.57,279852,612.22,2026-09-18
VERTOZ,EQ,36.72,37.95,36.2,37.04,37.12,17377,6.44,2026-09-18
VESUVIUS,EQ,402.0,414.3,400.9,405.95,400.0,129439,524.6,2026-09-18
VGCL,EQ,48.01,50.39,48.0,48.42,48.01,2553,1.24,2026-09-18
VGL,EQ,66.35,68.01,66.0,66.27,65.85,45684,30.38,2026-09-18
VGUARD,EQ,330.0,337.65,323.4,325.4,330.15,650488,2135.55,2026-09-18
VHL,EQ,3400.0,3426.7,3362.0,3377.1,3403.5,287,9.7,2026-09-18
VIDHIING,EQ,346.0,350.5,340.0,344.55,348.3,23643,81.99,2026-09-18
VIDYAWIRES,EQ,85.34,87.39,85.11,86.87,85.34,527832,455.18,2026-09-18
VIJAYA,EQ,1510.0,1569.0,1491.0,1558.9,1506.1,278137,4302.16,2026-09-18
VIJSOLX,EQ,638.0,647.95,627.05,631.5,637.85,282,1.78,2026-09-18
VIKASECO,EQ,1.05,1.05,1.04,1.04,1.04,1026403,10.73,2026-09-18
VIKASLIFE,EQ,1.22,1.24,1.21,1.21,1.22,1457205,17.77,2026-09-18
VIKRAMSOLR,EQ,164.24,165.91,163.05,165.42,163.37,864171,1420.8,2026-09-18
VIKRAN,EQ,56.25,56.68,55.79,56.31,56.0,526119,295.6,2026-09-18
VIMTALABS,EQ,604.0,610.0,599.05,603.1,599.6,91341,551.66,2026-09-18
VINATIORGA,EQ,1254.0,1255.4,1228.3,1234.9,1249.7,178913,2215.66,2026-09-18
VINCOFE,EQ,173.25,177.73,172.7,174.19,175.96,1635637,2847.55,2026-09-18
VINDHYATEL,EQ,2640.0,2687.9,2601.0,2660.0,2632.5,35119,932.75,2026-09-18
VINEETLAB,EQ,36.9,37.37,35.41,36.78,35.97,115604,41.93,2026-09-18
VINNY,EQ,0.99,0.99,0.95,0.96,0.97,264396,2.55,2026-09-18
VINYLINDIA,EQ,218.7,226.0,214.1,222.68,214.17,6877,15.27,2026-09-18
VIPCLOTHNG,EQ,20.73,21.35,20.6,20.8,20.6,75380,15.71,2026-09-18
VIPIND,EQ,305.0,310.85,292.35,299.1,304.25,1206004,3597.17,2026-09-18
VIRAT,EQ,394.9,404.8,375.35,390.85,382.25,11453,44.65,2026-09-18
VIRINCHI,EQ,13.61,14.5,13.61,14.17,13.92,62548,8.72,2026-09-18
VISACHROME,EQ,29.11,31.78,28.8,30.09,30.27,54826,16.4,2026-09-18
VISAKAIND,EQ,91.0,97.95,91.0,97.36,90.81,612789,585.91,2026-09-18
VISHAL,EQ,18.12,18.49,18.05,18.22,18.12,14567,2.67,2026-09-18
VISHNU,EQ,715.5,728.0,709.2,722.15,709.1,81466,588.0,2026-09-18
VISHWARAJ,EQ,5.25,5.35,5.25,5.31,5.25,173856,9.21,2026-09-18
VISL,EQ,32.37,32.37,30.37,30.91,31.82,23212486,7253.69,2026-09-18
VITAL,EQ,57.25,57.25,55.4,55.4,55.19,4769,2.66,2026-09-18
VIVIANA,EQ,732.15,743.75,711.45,718.8,724.7,13641,98.51,2026-09-18
VIVIDHA,EQ,0.52,0.53,0.51,0.51,0.51,328242,1.71,2026-09-18
VIVOBIOT,EQ,17.19,17.19,16.11,16.77,16.85,7955,1.32,2026-09-18
VIYASH,EQ,245.9,251.15,245.65,249.65,244.5,1418518,3526.14,2026-09-18
VLEGOV,EQ,10.25,10.47,10.07,10.19,10.45,22497,2.3,2026-09-18
VLSFINANCE,EQ,238.0,241.98,237.56,238.2,239.67,5611,13.41,2026-09-18
VMART,EQ,789.75,828.0,781.2,808.15,790.05,87125,698.54,2026-09-18
VMM,EQ,101.24,102.65,100.23,102.65,101.24,10785733,10939.11,2026-09-18
VMSTMT,EQ,50.5,50.9,47.51,49.64,50.3,133668,66.37,2026-09-18
VOEPL,EQ,499.0,510.15,491.55,506.75,491.95,30038,151.64,2026-09-18
VOGL,EQ,35.08,35.16,34.01,34.26,34.83,21433547,7366.86,2026-09-18
VOITHPAPR,EQ,1461.2,1475.8,1451.0,1457.5,1468.5,161,2.36,2026-09-18
VOLTAMP,EQ,10798.0,10964.0,10784.0,10879.0,10735.0,19415,2112.11,2026-09-18
VOLTAS,EQ,1136.0,1145.3,1110.9,1110.9,1135.0,597381,6717.02,2026-09-18
VPRPL,EQ,33.78,36.0,32.9,34.72,33.35,1120320,387.38,2026-09-18
VRAJ,EQ,124.0,128.1,123.87,127.74,123.99,20078,25.37,2026-09-18
VRLLOG,EQ,286.15,295.0,286.15,293.6,287.9,140025,407.16,2026-09-18
VSSL,EQ,406.95,411.0,397.95,404.7,406.05,154256,622.96,2026-09-18
VSTIND,EQ,206.0,214.7,202.5,208.92,204.11,257715,534.81,2026-09-18
VSTL,EQ,114.82,114.82,112.1,113.54,114.82,5909,6.68,2026-09-18
VSTTILLERS,EQ,4248.2,4322.6,4086.8,4240.0,4201.1,17107,716.74,2026-09-18
VTL,EQ,558.5,580.5,558.2,578.05,561.3,361599,2055.37,2026-09-18
VTMLTD,EQ,48.44,48.44,46.12,47.5,48.34,35040,16.77,2026-09-18
WAAREEENER,EQ,2490.1,2560.7,2486.1,2560.7,2473.0,1224265,30997.87,2026-09-18
WAAREEINDO,EQ,260.1,271.7,253.3,267.95,258.8,293556,788.41,2026-09-18
WAAREERTL,EQ,811.65,825.95,811.65,819.65,811.05,93649,766.7,2026-09-18
WABAG,EQ,2085.0,2148.8,2065.4,2132.6,2074.8,535595,11328.81,2026-09-18
WAKEFIT,EQ,146.11,148.9,144.6,146.85,145.59,179739,262.01,2026-09-18
WALCHANNAG,EQ,200.0,203.75,198.02,202.71,199.84,396972,799.93,2026-09-18
WANBURY,EQ,226.1,228.0,221.25,222.75,223.65,113160,253.85,2026-09-18
WARDINMOBI,EQ,5.77,5.79,5.6,5.72,5.68,205536,11.74,2026-09-18
WATERBASE,EQ,45.67,46.9,45.51,45.96,45.39,12534,5.76,2026-09-18
WCIL,EQ,95.8,99.99,93.95,96.86,95.21,535857,523.76,2026-09-18
WEALTH,EQ,842.1,857.7,830.0,841.55,842.1,2275,19.2,2026-09-18
WEBELSOLAR,EQ,72.99,74.49,71.65,72.94,71.74,1657255,1208.57,2026-09-18
WEIZMANIND,EQ,71.27,71.5,71.27,71.48,71.24,282,0.2,2026-09-18
WEL,EQ,70.4,72.94,68.01,72.94,69.47,546636,391.29,2026-09-18
WELCORP,EQ,2472.6,2678.7,2472.6,2660.1,2460.3,4629365,120929.47,2026-09-18
WELENT,EQ,783.8,837.75,774.65,823.35,778.7,1675361,13313.58,2026-09-18
WELSPLSOL,EQ,53.88,56.23,52.99,55.65,53.93,558795,307.05,2026-09-18
WELSPUNLIV,EQ,212.25,216.0,211.46,214.66,212.25,3513969,7525.88,2026-09-18
WENDT,EQ,8799.0,8945.0,8622.5,8767.5,8765.0,16282,1427.13,2026-09-18
WESTLIFE,EQ,544.2,566.0,544.2,564.4,549.05,64581,363.49,2026-09-18
WEWIN,EQ,43.1,43.1,41.01,43.0,42.89,3103,1.33,2026-09-18
WEWORK,EQ,682.0,692.55,676.6,681.2,682.85,191510,1305.91,2026-09-18
WHBRADY,EQ,489.0,489.0,465.3,476.05,487.0,124,0.59,2026-09-18
WHEELS,EQ,2130.0,2235.0,2116.6,2175.7,2124.6,311417,6761.3,2026-09-18
WHIRLPOOL,EQ,727.4,732.1,706.0,717.7,727.4,1683148,12069.39,2026-09-18
WILLAMAGOR,EQ,25.25,25.25,23.41,24.36,24.11,939,0.23,2026-09-18
WINDLAS,EQ,1119.85,1136.6,1104.35,1109.45,1117.6,71125,794.53,2026-09-18
WINDMACHIN,EQ,300.05,303.2,293.7,300.05,300.05,137585,412.35,2026-09-18
WIPL,EQ,171.39,171.39,164.7,165.21,167.18,1593,2.63,2026-09-18
WIPRO,EQ,166.9,166.9,163.3,166.83,166.4,23606474,39004.1,2026-09-18
WOCKPHARMA,EQ,2072.3,2109.3,2047.3,2086.1,2072.3,557349,11600.84,2026-09-18
WONDERLA,EQ,516.65,529.8,516.05,527.85,516.65,72202,379.54,2026-09-18
WORTHPERI,EQ,144.21,155.0,144.21,147.52,146.27,6705,9.95,2026-09-18
WPIL,EQ,444.6,445.0,430.5,433.7,442.4,38917,168.89,2026-09-18
WSI,EQ,58.79,58.79,57.02,58.59,56.6,15648,9.1,2026-09-18
WSTCSTPAPR,EQ,716.0,772.0,713.95,768.3,716.45,592182,4435.0,2026-09-18
XCHANGING,EQ,62.4,62.95,61.65,62.16,61.8,62678,38.84,2026-09-18
XELPMOC,EQ,75.99,75.99,73.1,74.39,74.08,4134,3.07,2026-09-18
XPROINDIA,EQ,1231.0,1251.2,1213.0,1223.0,1236.1,20472,251.7,2026-09-18
XTGLOBAL,EQ,29.45,30.0,28.6,29.54,29.45,27319,8.05,2026-09-18
XTRANET,EQ,305.49,330.0,303.11,312.16,302.42,2792260,8819.78,2026-09-18
YASHO,EQ,4003.0,4065.0,3970.0,4002.0,4003.0,16899,677.34,2026-09-18
YATHARTH,EQ,1098.0,1184.0,1082.4,1139.5,1072.4,6484052,73885.01,2026-09-18
YATRA,EQ,103.7,106.5,103.7,104.83,104.16,437182,460.14,2026-09-18
YESBANK,EQ,23.2,23.38,22.72,22.72,23.13,73563796,16939.29,2026-09-18
YOGI,EQ,163.99,164.0,163.9,163.98,163.0,15,0.02,2026-09-18
YUKEN,EQ,1123.1,1149.0,1078.4,1139.2,1123.1,26377,294.44,2026-09-18
ZAGGLE,EQ,181.24,182.24,177.25,178.56,181.38,983830,1764.62,2026-09-18
ZEEL,EQ,78.31,79.97,76.76,78.62,78.31,21977996,17196.36,2026-09-18
ZEELEARN,EQ,7.3,7.3,6.6,6.86,6.85,361589,24.58,2026-09-18
ZEEMEDIA,EQ,7.3,7.44,7.29,7.32,7.4,1273163,93.62,2026-09-18
ZENITHEXPO,EQ,196.95,203.95,196.95,203.95,196.95,2,0.0,2026-09-18
ZENITHSTL,EQ,5.48,5.69,5.48,5.58,5.56,27022,1.52,2026-09-18
ZENSARTECH,EQ,442.4,443.85,433.0,436.45,441.85,1100244,4799.08,2026-09-18
ZENTEC,EQ,1690.0,1706.0,1680.0,1687.4,1681.7,196201,3315.92,2026-09-18
ZFCVINDIA,EQ,2450.0,2451.4,2361.0,2387.0,2445.2,351520,8432.75,2026-09-18
ZFSTEERING,EQ,689.0,704.7,685.8,697.85,694.6,3521,24.54,2026-09-18
ZIMLAB,EQ,137.77,139.79,130.2,135.51,137.92,127424,170.97,2026-09-18
ZODIAC,EQ,226.5,226.5,220.1,222.25,220.25,6000,13.32,2026-09-18
ZODIACLOTH,EQ,69.12,70.88,69.1,69.52,69.1,674,0.47,2026-09-18
ZOTA,EQ,1124.9,1155.0,1124.9,1144.5,1118.8,56557,646.53,2026-09-18
ZSARACOM,EQ,10400.0,10400.0,10400.0,10400.0,10338.0,4,0.42,2026-09-18
ZUARI,EQ,216.05,221.35,215.45,220.77,216.03,66310,144.96,2026-09-18
ZUARIIND,EQ,262.15,265.0,257.05,262.45,259.3,26424,68.79,2026-09-18
ZYDUSLIFE,EQ,1150.7,1167.3,1147.7,1160.0,1135.1,2789186,32289.15,2026-09-18
ZYDUSWELL,EQ,548.0,552.9,512.0,522.25,546.15,723768,3813.92,2026-09-18
