SYMBOL,SERIES,OPEN_PRICE,HIGH_PRICE,LOW_PRICE,CLOSE_PRICE,PREV_CLOSE,TTL_TRD_QNTY,TURNOVER_LACS,DATE
20MICRONS,EQ,213.0,214.7,203.35,207.26,214.59,92549,192.69,2026-10-02
21STCENMGM,EQ,37.9,39.25,37.9,38.0,38.67,4636,1.79,2026-10-02
360ONE,EQ,1027.9,1043.0,1008.0,1040.0,1030.0,1213803,12489.3,2026-10-02
3BBLACKBIO,EQ,1690.2,1734.0,1617.9,1646.8,1710.4,27802,466.39,2026-10-02
3MINDIA,EQ,31920.0,31920.0,30550.0,30795.0,32160.0,6078,1885.01,2026-10-02
3PLAND,EQ,32.7,32.7,29.75,31.12,31.01,8529,2.59,2026-10-02
5PAISA,EQ,305.2,321.85,299.0,316.35,305.2,104625,329.53,2026-10-02
63MOONS,EQ,811.25,825.0,787.0,802.25,811.05,207253,1667.9,2026-10-02
A2ZINFRA,EQ,14.53,15.15,14.19,14.38,14.93,378693,55.08,2026-10-02
AAATECH,EQ,94.83,96.48,91.45,92.74,94.73,20399,19.17,2026-10-02
AADHARHFC,EQ,438.0,452.7,432.05,448.4,436.0,620361,2743.81,2026-10-02
AAKASH,EQ,8.74,8.74,8.3,8.34,8.44,120731,10.15,2026-10-02
AAREYDRUGS,EQ,104.3,107.85,102.49,103.85,102.72,449714,476.53,2026-10-02
AARON,EQ,125.0,125.0,120.42,123.11,124.68,7589,9.3,2026-10-02
AARTIDRUGS,EQ,431.05,431.05,414.3,421.0,430.9,171972,729.82,2026-10-02
AARTIIND,EQ,475.7,480.0,459.75,465.1,475.7,486186,2277.87,2026-10-02
AARTIPHARM,EQ,953.0,984.85,921.75,968.5,953.75,658749,6238.52,2026-10-02
AARVI,EQ,136.83,137.68,130.0,137.12,136.83,18690,25.3,2026-10-02
AASTHA,EQ,33.85,33.85,32.45,32.45,34.15,583887,190.54,2026-10-02
AAVAS,EQ,1207.0,1211.0,1167.2,1190.9,1211.9,280168,3296.53,2026-10-02
ABANSENT,EQ,26.96,27.78,26.2,27.6,26.46,8148,2.21,2026-10-02
ABB,EQ,6780.0,6947.5,6735.0,6900.0,6776.0,240835,16476.99,2026-10-02
ABBOTINDIA,EQ,27145.0,27330.0,26435.0,26840.0,27125.0,6879,1847.06,2026-10-02
ABCAPITAL,EQ,378.6,380.1,370.2,375.05,380.6,5001023,18688.07,2026-10-02
ABCOTS,EQ,200.9,200.9,181.73,189.91,196.49,8222,15.62,2026-10-02
ABDL,EQ,718.0,718.0,673.95,679.45,718.9,1056525,7284.14,2026-10-02
ABFRL,EQ,46.2,46.5,44.04,44.53,46.32,5512411,2479.22,2026-10-02
ABLBL,EQ,75.6,76.14,73.41,74.44,76.52,1647089,1227.49,2026-10-02
ABMKNO,EQ,172.9,178.9,167.0,168.07,170.98,991,1.68,2026-10-02
ABREL,EQ,1136.4,1136.4,1072.4,1100.5,1130.7,435320,4778.36,2026-10-02
ABSL10BANK,EQ,162.22,163.5,161.76,162.3,162.51,1562,2.54,2026-10-02
ABSLAMC,EQ,981.15,999.0,942.5,991.7,995.3,282008,2719.71,2026-10-02
ABSLBANETF,EQ,55.89,56.52,55.58,55.97,56.04,13067,7.32,2026-10-02
ABSLLIQUID,EQ,999.99,1000.01,999.99,1000.0,1000.0,6529,65.29,2026-10-02
ABSLMSCIN,EQ,27.88,27.88,27.38,27.68,28.33,1273,0.35,2026-10-02
ABSLNN50ET,EQ,73.58,73.7,72.0,73.05,73.58,22668,16.53,2026-10-02
ABSLPSE,EQ,9.75,9.97,9.52,9.73,9.78,174388,16.83,2026-10-02
ACC,EQ,1201.1,1203.9,1166.1,1182.8,1204.1,146983,1743.7,2026-10-02
ACCELYA,EQ,1101.0,1141.9,1089.5,1094.2,1090.3,41701,460.77,2026-10-02
ACE,EQ,1232.0,1258.9,1180.1,1212.3,1232.0,465866,5673.57,2026-10-02
ACEINTEG,EQ,16.7,17.3,16.13,17.14,16.77,1162,0.19,2026-10-02
ACGL,EQ,1636.0,1649.8,1605.0,1622.7,1638.0,696,11.25,2026-10-02
ACI,EQ,488.0,488.4,465.0,475.05,485.85,156132,738.42,2026-10-02
ACL,EQ,38.65,40.98,38.65,39.33,39.33,10720,4.24,2026-10-02
ACMESOLAR,EQ,442.0,447.2,427.95,432.55,439.0,1085604,4766.09,2026-10-02
ACUTAAS,EQ,3249.0,3282.7,3152.3,3196.5,3279.4,381484,12167.67,2026-10-02
ADANIENSOL,EQ,1318.1,1389.6,1309.1,1326.4,1314.6,7267118,98695.79,2026-10-02
ADANIENT,EQ,2900.0,2903.7,2772.0,2816.8,2903.4,2100334,59670.33,2026-10-02
ADANIGREEN,EQ,1274.1,1298.0,1260.3,1276.1,1278.0,6355094,81456.75,2026-10-02
ADANIPORTS,EQ,1786.0,1786.0,1716.0,1737.8,1798.3,2157928,37776.32,2026-10-02
ADANIPOWER,EQ,202.9,203.36,193.1,196.21,204.0,33548439,66307.76,2026-10-02
ADDIND,EQ,76.9,82.0,75.0,76.4,78.74,132,0.1,2026-10-02
ADFFOODS,EQ,269.25,285.2,265.6,281.4,273.1,266181,737.97,2026-10-02
ADL,EQ,78.1,80.0,72.35,72.52,77.6,1361,1.03,2026-10-02
ADOR,EQ,1591.8,1634.0,1540.0,1570.4,1591.8,29732,466.35,2026-10-02
ADSL,EQ,107.0,107.77,103.0,106.38,108.53,188974,199.57,2026-10-02
ADVAIT,EQ,1900.0,1900.0,1830.4,1863.0,1901.8,28363,527.13,2026-10-02
ADVANCE,EQ,121.19,121.58,115.56,116.75,121.19,704242,823.73,2026-10-02
ADVANIHOTR,EQ,48.01,48.44,46.88,46.98,48.01,33487,15.84,2026-10-02
ADVENTHTL,EQ,126.0,127.32,121.0,123.77,126.32,203366,253.09,2026-10-02
ADVENZYMES,EQ,278.3,281.0,270.0,274.25,281.6,228704,627.09,2026-10-02
ADVIKCA,EQ,1.0,1.04,0.96,1.0,1.0,192362,1.93,2026-10-02
AEGISLOG,EQ,1371.1,1415.7,1332.9,1401.1,1380.1,1061975,14745.7,2026-10-02
AEGISVOPAK,EQ,294.0,304.3,285.1,290.75,296.8,1739742,5145.37,2026-10-02
AEPL,EQ,15.57,15.57,14.32,15.34,15.18,33854,5.04,2026-10-02
AEQUS,EQ,281.0,284.75,269.95,275.05,279.48,5756074,15842.78,2026-10-02
AEROENTER,EQ,122.95,124.0,118.48,121.93,124.0,310374,376.34,2026-10-02
AEROFLEX,EQ,540.0,540.0,511.25,521.35,536.6,1183839,6194.57,2026-10-02
AERONEU,EQ,70.85,74.32,67.27,70.56,70.84,67368,48.41,2026-10-02
AEROPLANE,EQ,207.0,212.0,204.01,208.14,206.57,590536,1228.99,2026-10-02
AETHER,EQ,1680.0,1700.7,1633.1,1670.0,1699.3,373389,6185.49,2026-10-02
AFCONS,EQ,247.98,248.01,240.25,242.39,247.8,428586,1040.77,2026-10-02
AFFLE,EQ,1511.9,1511.9,1440.1,1449.6,1511.0,179131,2617.21,2026-10-02
AFFORDABLE,EQ,172.0,175.4,165.0,168.11,171.1,15039,25.3,2026-10-02
AFIL,EQ,7.72,8.07,7.71,7.86,7.93,199018,15.6,2026-10-02
AFSL,EQ,201.1,202.4,201.0,201.0,201.0,32860,66.05,2026-10-02
AGARIND,EQ,395.0,398.9,377.6,386.0,391.95,28169,108.68,2026-10-02
AGARWALEYE,EQ,472.7,492.05,471.15,486.45,479.3,413281,2000.86,2026-10-02
AGI,EQ,795.5,802.35,776.45,790.8,804.4,124574,985.38,2026-10-02
AGIIL,EQ,263.3,265.3,257.1,260.0,264.7,169356,441.8,2026-10-02
AGL,EQ,13.1,13.11,12.25,12.59,13.13,1857173,234.51,2026-10-02
AGRITECH,EQ,92.0,94.6,89.0,89.96,91.17,4536,4.15,2026-10-02
AGROPHOS,EQ,23.12,24.08,22.5,23.0,23.48,12887,3.03,2026-10-02
AHCL,EQ,32.86,32.86,32.86,32.86,34.58,1444357,474.62,2026-10-02
AHLADA,EQ,35.63,37.62,35.63,37.06,37.09,2131,0.79,2026-10-02
AHLEAST,EQ,134.0,136.0,134.0,136.0,134.44,133,0.18,2026-10-02
AHLUCONT,EQ,550.0,559.0,540.55,555.9,550.05,78249,431.2,2026-10-02
AIAENG,EQ,3865.5,3865.5,3756.9,3824.4,3869.0,30989,1181.3,2026-10-02
AIIL,EQ,540.0,554.3,527.2,539.3,546.6,224276,1202.33,2026-10-02
AIRAN,EQ,16.05,16.34,15.45,15.6,16.18,69908,11.1,2026-10-02
AIROLAM,EQ,93.0,93.9,87.35,89.58,92.85,27357,24.15,2026-10-02
AJANTPHARM,EQ,3588.0,3602.4,3489.6,3581.0,3620.8,75759,2684.85,2026-10-02
AJAXENGG,EQ,587.0,600.45,576.7,586.4,587.0,76581,449.83,2026-10-02
AJMERA,EQ,116.61,120.25,115.35,119.6,118.74,255968,300.51,2026-10-02
AJOONI,EQ,3.16,3.27,3.07,3.1,3.13,421187,13.34,2026-10-02
AKASH,EQ,25.18,25.29,24.28,24.95,24.94,1157,0.29,2026-10-02
AKCAPIT,EQ,1757.9,1757.9,1675.6,1714.1,1706.3,660,11.29,2026-10-02
AKG,EQ,9.74,9.9,9.65,9.71,9.74,8772,0.85,2026-10-02
AKSHAR,EQ,0.43,0.43,0.41,0.41,0.42,701186,2.94,2026-10-02
AKUMS,EQ,815.0,828.2,802.2,813.1,818.5,191282,1560.82,2026-10-02
ALANKIT,EQ,7.74,7.85,7.5,7.65,7.83,111640,8.56,2026-10-02
ALBERTDAVD,EQ,871.2,885.0,851.0,856.7,872.25,11319,98.28,2026-10-02
ALEMBICLTD,EQ,107.23,108.0,101.85,104.11,107.23,868233,907.59,2026-10-02
ALGOQUANT,EQ,65.6,68.36,65.35,67.51,66.03,1379737,913.71,2026-10-02
ALICON,EQ,869.75,891.4,846.9,871.95,869.8,864818,7500.72,2026-10-02
ALIVUS,EQ,1375.0,1380.5,1317.2,1374.2,1379.3,112499,1522.96,2026-10-02
ALKEM,EQ,5150.0,5220.0,5110.0,5220.0,5163.5,291015,15069.18,2026-10-02
ALKYLAMINE,EQ,1764.9,1767.7,1706.6,1741.4,1761.7,37732,654.75,2026-10-02
ALLCARGO,EQ,10.05,10.21,9.88,10.12,10.13,4561834,457.2,2026-10-02
ALLDIGI,EQ,767.25,771.0,747.0,756.35,767.25,6690,50.66,2026-10-02
ALLTIME,EQ,195.01,195.01,182.0,188.04,194.0,133472,249.4,2026-10-02
ALOKINDS,EQ,7.15,7.17,6.92,7.06,7.09,15212425,1069.61,2026-10-02
ALPA,EQ,60.49,60.49,58.5,59.26,59.51,4521,2.69,2026-10-02
ALPHA,EQ,51.8,52.28,50.63,51.28,51.9,2770317,1420.09,2026-10-02
ALPHAETF,EQ,25.19,25.4,24.66,25.04,25.23,999519,250.22,2026-10-02
ALPINETEX,EQ,48.37,48.37,45.5,46.63,47.8,144287,67.39,2026-10-02
ALPL30IETF,EQ,26.2,26.2,25.6,25.9,26.2,506513,130.61,2026-10-02
ALUFLUOR,EQ,644.0,644.0,626.05,633.8,632.7,28012,177.12,2026-10-02
AMAGI,EQ,545.0,565.25,531.2,554.05,549.45,919619,5081.95,2026-10-02
AMAL,EQ,690.85,705.0,690.2,702.4,684.5,9548,66.72,2026-10-02
AMARJOTHI,EQ,149.0,150.85,145.0,150.0,149.0,1626,2.41,2026-10-02
AMBER,EQ,6658.0,6737.5,6431.0,6500.0,6672.5,133557,8789.43,2026-10-02
AMBICAAGAR,EQ,24.93,24.93,23.67,23.89,24.4,2450,0.59,2026-10-02
AMBIKCO,EQ,1525.0,1525.0,1491.0,1505.8,1520.6,7854,118.23,2026-10-02
AMBUJACEM,EQ,371.5,371.6,356.3,362.25,374.0,3893265,14131.73,2026-10-02
AMJLAND,EQ,38.27,38.75,36.1,37.02,37.62,30216,11.24,2026-10-02
AMNPLST,EQ,178.0,178.0,164.0,165.43,171.57,4515,7.49,2026-10-02
AMRUTANJAN,EQ,516.45,517.05,498.55,513.2,514.75,97538,497.19,2026-10-02
ANANDRATHI,EQ,2100.0,2130.7,2086.0,2117.5,2120.0,284498,5998.4,2026-10-02
ANANTRAJ,EQ,595.0,598.5,569.05,577.85,598.9,1533673,8925.78,2026-10-02
ANDHRAPAP,EQ,72.92,72.92,70.0,71.36,72.68,222862,158.49,2026-10-02
ANDHRSUGAR,EQ,92.6,93.06,90.0,91.06,93.15,308635,281.1,2026-10-02
ANDREWYU,EQ,25.53,26.28,24.1,24.98,26.02,143819,36.17,2026-10-02
ANGELONE,EQ,274.0,279.85,267.8,276.8,274.0,6751156,18452.36,2026-10-02
ANIKINDS,EQ,44.44,44.44,42.6,44.0,44.45,2343,1.03,2026-10-02
ANNAPURNA,EQ,130.04,134.94,125.0,128.6,131.0,40390,52.12,2026-10-02
ANNU,EQ,48.45,48.9,46.62,47.09,48.22,610098,291.42,2026-10-02
ANSALBU,EQ,88.35,88.35,84.01,85.13,87.75,531,0.46,2026-10-02
ANTELOPUS,EQ,1124.7,1154.5,1070.0,1106.5,1125.9,496027,5500.43,2026-10-02
ANTGRAPHIC,EQ,0.71,0.72,0.69,0.69,0.71,127074,0.89,2026-10-02
ANTHEM,EQ,851.5,859.75,830.6,855.75,858.6,648832,5473.49,2026-10-02
ANUHPHR,EQ,87.0,88.94,84.42,85.85,87.4,130021,111.46,2026-10-02
ANUP,EQ,1580.1,1593.4,1535.0,1566.7,1596.3,26234,410.17,2026-10-02
ANURAS,EQ,1181.0,1187.3,1151.5,1163.7,1181.0,224878,2624.25,2026-10-02
AONEGOLD,EQ,13.68,13.84,13.67,13.68,13.72,325454,44.64,2026-10-02
AONELIQUID,EQ,1079.59,1079.59,1079.57,1079.57,1079.0,16340,176.4,2026-10-02
AONENIFTY,EQ,9.13,9.54,9.13,9.36,9.37,356413,33.1,2026-10-02
AONESILVER,EQ,8.45,8.45,8.33,8.35,8.36,419116,35.1,2026-10-02
AONESTEELS,EQ,455.0,470.0,393.7,416.55,405.0,14841745,64792.15,2026-10-02
AONETMMQ50,EQ,9.99,10.0,9.71,9.84,9.95,324411,32.06,2026-10-02
AONETOTAL,EQ,11.87,11.87,11.1,11.22,11.37,337958,37.92,2026-10-02
APARINDS,EQ,17384.0,17868.0,16955.0,17648.0,17384.0,138360,24294.07,2026-10-02
APCL,EQ,94.22,97.0,94.0,94.76,94.22,2221,2.09,2026-10-02
APCOTEXIND,EQ,596.4,600.2,575.35,593.25,595.6,84363,495.8,2026-10-02
APEX,EQ,338.2,341.95,320.3,326.3,336.5,123991,406.73,2026-10-02
APLAPOLLO,EQ,2187.2,2196.8,2059.5,2115.7,2190.1,1615913,34388.9,2026-10-02
APLLTD,EQ,816.0,827.85,803.5,815.25,825.45,327528,2669.71,2026-10-02
APOLLO,EQ,401.85,403.4,389.1,394.0,403.45,4102186,16231.01,2026-10-02
APOLLOHOSP,EQ,8090.0,8135.0,7910.0,8133.5,8165.5,939105,75489.92,2026-10-02
APOLLOPIPE,EQ,507.85,524.0,500.2,512.6,507.85,140005,715.15,2026-10-02
APOLLOTYRE,EQ,402.0,406.75,392.85,404.75,404.7,708176,2828.17,2026-10-02
APOLSINHOT,EQ,1170.0,1194.9,1146.0,1155.9,1162.6,762,8.9,2026-10-02
APTECHT,EQ,88.26,88.97,85.72,87.03,88.26,46982,40.83,2026-10-02
APTUS,EQ,231.0,231.0,223.28,226.4,232.53,1566543,3557.98,2026-10-02
AQYLON,EQ,15.97,16.0,15.45,15.46,16.26,669216,104.59,2026-10-02
ARCHIDPLY,EQ,104.49,106.85,100.01,101.79,103.5,27789,28.36,2026-10-02
ARCHIES,EQ,12.36,12.75,12.05,12.37,12.39,18310,2.26,2026-10-02
ARCIL,EQ,145.4,147.35,137.5,139.92,144.59,1662073,2347.37,2026-10-02
ARCL,EQ,236.0,245.0,229.81,229.81,241.9,7120,16.64,2026-10-02
ARDEE,EQ,50.96,50.96,48.42,48.81,50.77,2106823,1039.19,2026-10-02
ARE&M,EQ,754.55,758.25,734.65,747.4,754.55,509131,3806.4,2026-10-02
ARENTERP,EQ,33.8,33.8,32.0,33.79,33.9,56,0.02,2026-10-02
ARFIN,EQ,89.0,89.89,86.05,87.25,89.19,1211274,1061.01,2026-10-02
ARIHANT,EQ,889.4,939.4,874.8,894.1,900.7,570,5.08,2026-10-02
ARIHANTCAP,EQ,89.74,89.74,87.1,88.59,89.74,183141,161.69,2026-10-02
ARIHANTSUP,EQ,225.2,230.95,210.82,216.63,222.85,6122,13.43,2026-10-02
ARIS,EQ,143.69,143.69,134.98,138.66,143.88,1086645,1511.98,2026-10-02
ARKADE,EQ,119.89,120.5,116.2,118.69,119.39,123249,145.73,2026-10-02
ARMANFIN,EQ,1739.9,1785.0,1703.0,1764.4,1744.2,38263,666.9,2026-10-02
ARMEE,EQ,280.0,288.25,258.5,273.35,300.0,7738466,21290.76,2026-10-02
AROGRANITE,EQ,23.55,23.6,22.06,22.35,23.28,3964,0.9,2026-10-02
ARROWGREEN,EQ,861.0,876.15,829.0,865.2,856.05,40400,344.49,2026-10-02
ARSSBL,EQ,513.65,525.0,510.0,521.05,515.1,301379,1566.76,2026-10-02
ARTEMISMED,EQ,342.8,346.45,327.95,336.4,345.55,804191,2697.92,2026-10-02
ARTNIRMAN,EQ,40.35,40.36,40.0,40.0,40.24,39,0.02,2026-10-02
ARVEE,EQ,232.99,232.99,207.0,215.32,225.16,7676,16.58,2026-10-02
ARVIND,EQ,537.6,544.6,522.0,534.05,539.9,565179,3003.44,2026-10-02
ARVINDFASN,EQ,385.0,386.95,373.35,379.7,387.45,227031,862.15,2026-10-02
ARVSMART,EQ,601.75,603.9,585.15,592.5,601.75,55885,332.24,2026-10-02
ARYAMAN,EQ,620.0,624.0,620.0,624.0,630.0,14,0.09,2026-10-02
ASAHIINDIA,EQ,962.0,962.0,934.65,944.25,958.85,148204,1400.68,2026-10-02
ASAL,EQ,430.5,433.4,420.3,426.9,433.5,9400,40.14,2026-10-02
ASALCBR,EQ,615.45,620.0,596.05,611.1,615.45,48945,297.51,2026-10-02
ASHAPURMIN,EQ,502.3,502.7,485.35,489.95,504.15,247497,1221.35,2026-10-02
ASHIANA,EQ,387.15,387.15,374.65,383.95,386.0,37988,144.99,2026-10-02
ASHIMASYN,EQ,15.9,16.0,15.1,15.31,15.98,158547,24.68,2026-10-02
ASHOKA,EQ,107.75,108.08,103.5,105.31,107.75,960898,1012.49,2026-10-02
ASHOKAMET,EQ,15.01,15.58,14.4,14.53,15.18,45837,6.77,2026-10-02
ASHOKLEY,EQ,154.45,154.86,148.5,150.48,154.19,20574319,31002.27,2026-10-02
ASIANENE,EQ,472.85,473.0,451.25,466.75,471.85,229027,1055.15,2026-10-02
ASIANHOTNR,EQ,357.0,357.0,340.0,348.1,354.8,32017,112.5,2026-10-02
ASIANPAINT,EQ,2391.0,2420.0,2377.0,2407.0,2402.6,1005836,24003.89,2026-10-02
ASIANTILES,EQ,49.44,49.55,47.5,47.95,49.68,1282482,624.44,2026-10-02
ASIANTNE,EQ,9.22,9.22,8.5,8.95,9.22,3483,0.31,2026-10-02
ASKAUTOLTD,EQ,637.1,637.1,608.55,618.15,640.1,325106,2003.1,2026-10-02
ASMS,EQ,6.02,6.12,5.84,5.92,6.06,174867,10.39,2026-10-02
ASPINWALL,EQ,237.25,247.5,234.6,240.1,241.85,23169,55.78,2026-10-02
ASSAMENT,EQ,780.0,810.0,780.0,799.0,818.0,3,0.02,2026-10-02
ASTAR,EQ,660.0,689.85,660.0,664.5,679.7,325,2.17,2026-10-02
ASTEC,EQ,712.05,725.4,684.8,708.6,722.75,71196,502.68,2026-10-02
ASTERDM,EQ,694.05,712.2,684.25,708.9,697.15,1534481,10789.94,2026-10-02
ASTRAL,EQ,1368.1,1368.5,1316.1,1344.0,1370.4,299231,4007.35,2026-10-02
ASTRAMICRO,EQ,1629.6,1634.8,1605.0,1624.5,1636.7,308113,4991.21,2026-10-02
ASTRAZEN,EQ,6153.5,6172.0,5986.0,6031.0,6186.0,11473,695.92,2026-10-02
ATALREAL,EQ,12.78,13.06,11.96,12.78,12.58,2168896,269.67,2026-10-02
ATAM,EQ,57.0,57.0,54.0,55.35,56.34,5829,3.22,2026-10-02
ATGL,EQ,590.1,594.15,572.05,583.05,593.9,812043,4731.8,2026-10-02
ATHERENERG,EQ,1422.0,1429.1,1373.6,1406.1,1425.0,4210984,58778.82,2026-10-02
ATL,EQ,24.18,24.79,23.1,23.59,24.44,146141,34.68,2026-10-02
ATLANTAA,EQ,37.0,37.98,35.2,35.71,37.25,448047,162.33,2026-10-02
ATLANTAELE,EQ,1608.0,1738.8,1596.0,1716.5,1608.1,345205,5867.33,2026-10-02
ATLASCYCLE,EQ,93.54,95.68,90.7,91.74,93.53,10125,9.42,2026-10-02
ATUL,EQ,5910.0,5944.5,5798.0,5861.0,5915.5,22403,1315.4,2026-10-02
ATULAUTO,EQ,449.65,467.95,420.25,424.8,448.15,671718,2949.6,2026-10-02
AUBANK,EQ,1009.0,1009.0,974.2,987.0,1010.3,2487890,24743.27,2026-10-02
AUGMONT,EQ,1105.0,1195.2,1105.0,1195.2,1086.55,2504499,29546.7,2026-10-02
AURIONPRO,EQ,622.1,629.0,593.35,607.8,622.1,181004,1105.24,2026-10-02
AUROPHARMA,EQ,1677.9,1700.7,1654.2,1676.8,1672.0,1074057,17995.14,2026-10-02
AURUM,EQ,231.0,231.5,220.33,223.41,232.37,104235,235.06,2026-10-02
AURUS,EQ,4.43,4.62,4.32,4.4,4.43,16761,0.75,2026-10-02
AUSOMENT,EQ,140.0,140.68,138.01,139.0,140.68,1677,2.33,2026-10-02
AUSTENG,EQ,175.0,176.5,165.12,167.72,171.52,33542,57.35,2026-10-02
AUTOAXLES,EQ,1710.0,1715.0,1668.1,1683.0,1706.5,9485,160.3,2026-10-02
AUTOBEES,EQ,272.85,273.49,260.1,263.65,272.25,699626,1846.49,2026-10-02
AUTOIETF,EQ,26.61,27.49,26.06,26.54,27.3,2925083,773.99,2026-10-02
AUTOIND,EQ,82.0,83.19,78.51,81.4,82.66,141949,114.74,2026-10-02
AVADHSUGAR,EQ,807.85,807.85,744.0,764.6,800.2,124667,954.27,2026-10-02
AVALON,EQ,2288.0,2357.0,2214.3,2280.2,2296.7,321345,7352.31,2026-10-02
AVANCE,EQ,0.82,0.84,0.8,0.8,0.82,4173288,34.0,2026-10-02
AVANTEL,EQ,152.79,153.01,147.6,150.28,154.06,1236855,1856.02,2026-10-02
AVANTIFEED,EQ,713.25,724.85,700.0,711.55,717.8,325188,2314.43,2026-10-02
AVL,EQ,597.7,597.7,560.9,572.3,594.35,241841,1381.88,2026-10-02
AVONMORE,EQ,13.1,13.49,12.55,12.79,12.94,92766,12.0,2026-10-02
AVROIND,EQ,6.99,6.99,6.58,6.68,6.83,47444,3.19,2026-10-02
AVTNPL,EQ,91.2,91.2,86.0,87.85,91.29,198387,174.17,2026-10-02
AWFIS,EQ,244.1,246.6,233.51,235.26,244.1,458720,1093.69,2026-10-02
AWHCL,EQ,364.55,365.05,347.0,355.4,364.55,92442,326.99,2026-10-02
AWL,EQ,176.61,178.9,173.65,175.43,177.68,1991498,3508.48,2026-10-02
AXISBANK,EQ,1219.1,1241.6,1215.3,1217.1,1226.0,7005197,85900.64,2026-10-02
AXISCADES,EQ,2226.1,2349.6,2160.3,2307.3,2231.2,681040,15506.38,2026-10-02
AXITA,EQ,7.69,7.69,7.56,7.58,7.71,1182454,89.88,2026-10-02
AXTEL,EQ,436.25,444.0,434.15,435.45,440.8,2288,10.01,2026-10-02
AYE,EQ,154.34,164.48,152.5,163.29,155.89,1485970,2359.88,2026-10-02
AYMSYNTEX,EQ,293.15,295.9,271.65,279.95,292.15,157272,437.8,2026-10-02
AZAD,EQ,2982.0,2982.0,2825.1,2860.9,2963.2,1334621,38359.0,2026-10-02
AZADIND,EQ,85.01,88.89,84.98,85.95,84.6,233540,201.18,2026-10-02
BAGFILMS,EQ,4.18,4.18,4.01,4.07,4.1,27797,1.14,2026-10-02
BAIDFIN,EQ,10.38,10.5,10.15,10.31,10.38,42200,4.35,2026-10-02
BAJAJ-AUTO,EQ,10701.0,10714.0,9900.0,10045.0,10874.0,1491300,151003.56,2026-10-02
BAJAJCON,EQ,495.0,502.6,487.0,497.05,495.55,519447,2573.82,2026-10-02
BAJAJELEC,EQ,303.05,306.15,296.0,299.8,303.4,107359,322.33,2026-10-02
BAJAJFINSV,EQ,1723.0,1734.9,1703.4,1732.6,1731.0,2292234,39475.98,2026-10-02
BAJAJHCARE,EQ,325.0,325.5,316.35,322.95,327.2,128069,411.37,2026-10-02
BAJAJHFL,EQ,82.0,83.19,81.06,82.91,82.0,5602067,4593.51,2026-10-02
BAJAJHIND,EQ,19.5,19.54,18.8,19.19,19.54,10262513,1970.24,2026-10-02
BAJAJHLDNG,EQ,10775.0,10775.0,10415.0,10666.0,10788.0,39942,4234.99,2026-10-02
BAJAJINDEF,EQ,211.02,213.58,201.5,208.52,211.02,13085,27.07,2026-10-02
BAJAJST,EQ,349.0,350.0,326.1,335.7,345.45,10573,35.54,2026-10-02
BAJEL,EQ,164.9,165.39,159.0,163.63,164.9,151355,246.85,2026-10-02
BAJFINANCE,EQ,953.9,955.95,937.3,948.3,959.4,5698769,53981.23,2026-10-02
BALAJEE,EQ,25.72,25.72,24.6,25.2,25.2,15952,4.01,2026-10-02
BALAJITELE,EQ,91.25,92.46,88.0,90.04,91.26,383292,344.67,2026-10-02
BALAMINES,EQ,2120.0,2129.4,2011.5,2052.2,2118.5,213491,4388.85,2026-10-02
BALAXI,EQ,23.19,23.19,22.2,22.34,22.78,20508,4.61,2026-10-02
BALKRISHNA,EQ,15.76,16.5,15.36,15.94,16.29,7587,1.2,2026-10-02
BALKRISIND,EQ,2101.0,2108.0,2048.9,2083.5,2117.0,326468,6785.09,2026-10-02
BALMLAWRIE,EQ,161.16,161.26,158.1,159.3,161.16,116563,186.41,2026-10-02
BALPHARMA,EQ,109.1,110.0,104.51,105.74,109.53,54348,57.76,2026-10-02
BALRAMCHIN,EQ,660.0,666.55,638.0,649.05,662.85,838261,5463.77,2026-10-02
BALUFORGE,EQ,494.0,496.25,479.0,488.95,496.35,375442,1828.72,2026-10-02
BANARBEADS,EQ,120.85,122.0,116.0,116.0,120.75,1632,1.95,2026-10-02
BANARISUG,EQ,3300.2,3327.0,3261.0,3300.5,3300.2,1105,36.46,2026-10-02
BANCOINDIA,EQ,604.0,604.0,584.35,589.85,606.3,78841,466.96,2026-10-02
BANDHANBNK,EQ,178.25,180.93,172.86,176.0,178.23,11142144,19668.4,2026-10-02
BANG,EQ,32.98,32.98,31.3,31.44,32.27,30072,9.72,2026-10-02
BANK10ADD,EQ,16.25,16.32,15.98,15.99,16.27,41450,6.69,2026-10-02
BANK10BETF,EQ,19.98,20.15,19.37,19.76,19.89,14486081,2915.69,2026-10-02
BANKA,EQ,70.0,70.5,67.75,68.51,70.0,19107,12.96,2026-10-02
BANKADD,EQ,56.2,56.44,54.96,55.71,56.23,29494,16.59,2026-10-02
BANKBARODA,EQ,230.0,233.99,229.52,230.82,230.55,9034271,20943.94,2026-10-02
BANKBEES,EQ,567.6,570.79,560.02,565.03,567.42,858482,4861.94,2026-10-02
BANKBETA,EQ,57.19,57.19,56.01,56.42,57.02,66034,37.25,2026-10-02
BANKBETF,EQ,55.78,56.1,55.09,55.45,55.6,15677,8.71,2026-10-02
BANKETF,EQ,558.89,561.74,551.5,555.87,557.44,67918,377.95,2026-10-02
BANKIETF,EQ,57.42,57.42,55.56,56.13,56.42,253905,142.5,2026-10-02
BANKINDIA,EQ,130.0,131.11,126.73,129.48,130.24,4296454,5540.78,2026-10-02
BANKNIFTY1,EQ,56.75,57.2,56.15,56.57,56.78,288250,163.34,2026-10-02
BANKPSU,EQ,80.75,81.25,79.33,80.0,81.09,10606,8.48,2026-10-02
BANSALWIRE,EQ,325.8,325.8,317.0,323.05,323.45,76604,245.84,2026-10-02
BANSWRAS,EQ,109.05,109.5,104.41,105.1,108.61,22416,23.76,2026-10-02
BASF,EQ,3450.2,3452.0,3363.3,3417.1,3447.8,11006,375.41,2026-10-02
BATAINDIA,EQ,618.8,622.85,606.15,613.0,618.75,126719,778.11,2026-10-02
BATLIBOI,EQ,83.9,84.0,79.24,82.35,82.95,25936,21.07,2026-10-02
BAYERCROP,EQ,3620.0,3620.0,3513.0,3554.2,3627.6,22516,800.64,2026-10-02
BBETF0432,EQ,1339.4,1339.44,1333.47,1333.92,1335.5,1002,13.4,2026-10-02
BBL,EQ,2098.0,2126.4,2050.1,2069.6,2095.2,30611,635.09,2026-10-02
BBNPNBETF,EQ,55.39,56.5,54.54,55.0,55.39,576,0.32,2026-10-02
BBNPPGOLD,EQ,142.75,143.0,141.0,141.9,142.05,10260,14.56,2026-10-02
BBOX,EQ,804.85,825.55,782.65,795.85,804.8,735809,5896.86,2026-10-02
BBTC,EQ,1346.4,1351.4,1307.0,1334.2,1357.4,78135,1036.18,2026-10-02
BBTCL,EQ,233.5,233.5,227.46,229.49,228.67,2533,5.81,2026-10-02
BCG,EQ,9.18,9.8,9.0,9.52,9.22,7417823,689.83,2026-10-02
BCLIND,EQ,31.7,31.77,30.41,31.24,31.79,529504,164.81,2026-10-02
BCONCEPTS,EQ,139.95,145.32,137.42,140.41,140.66,7732,11.01,2026-10-02
BCPL,EQ,68.0,69.0,66.0,67.25,68.86,12237,8.25,2026-10-02
BDL,EQ,1103.0,1115.7,1071.2,1087.9,1110.1,928850,10127.37,2026-10-02
BEARDSELL,EQ,23.48,23.48,21.21,22.13,22.43,43859,9.64,2026-10-02
BECTORFOOD,EQ,205.5,216.14,205.03,213.03,206.74,1664376,3536.06,2026-10-02
BEDMUTHA,EQ,109.96,112.11,107.5,110.33,109.96,4916,5.43,2026-10-02
BEEKAY,EQ,462.7,475.0,431.3,435.4,452.95,3732,16.68,2026-10-02
BEL,EQ,385.2,386.15,378.65,383.1,388.3,10250149,39183.96,2026-10-02
BELLACASA,EQ,258.0,258.0,238.25,241.22,246.61,9891,24.28,2026-10-02
BELRISE,EQ,240.0,244.66,232.65,237.5,240.36,3756358,8970.23,2026-10-02
BEML,EQ,1960.0,1995.5,1930.0,1962.3,1992.4,198724,3901.62,2026-10-02
BENARAS,EQ,10202.0,10249.0,10195.0,10249.0,10215.0,82,8.36,2026-10-02
BENGALASM,EQ,6136.5,6136.5,6003.0,6088.0,6103.0,385,23.46,2026-10-02
BEPL,EQ,124.96,127.74,120.91,123.76,124.4,1534274,1907.19,2026-10-02
BERGEPAINT,EQ,455.05,457.9,445.3,452.4,455.45,386752,1748.6,2026-10-02
BESTAGRO,EQ,17.86,17.86,17.13,17.47,17.53,555610,96.98,2026-10-02
BETA,EQ,2030.0,2088.5,2020.0,2073.3,2053.0,8698,177.92,2026-10-02
BFINVEST,EQ,430.5,434.4,424.95,428.7,434.05,16511,70.78,2026-10-02
BFSI,EQ,25.66,25.85,25.34,25.52,25.66,421964,107.73,2026-10-02
BFUTILITIE,EQ,496.05,508.7,490.95,504.75,507.75,77989,389.04,2026-10-02
BHAGCHEM,EQ,237.5,238.5,228.0,236.15,238.55,139794,328.41,2026-10-02
BHAGERIA,EQ,415.8,415.8,375.0,382.05,406.45,319885,1234.95,2026-10-02
BHAGYANGR,EQ,412.7,415.0,391.1,402.65,411.15,140359,565.01,2026-10-02
BHANDARI,EQ,2.9,2.91,2.8,2.82,2.89,90509,2.59,2026-10-02
BHARATCOAL,EQ,32.75,32.76,31.18,31.75,32.8,4959413,1580.36,2026-10-02
BHARATFORG,EQ,1910.0,1915.9,1845.2,1875.0,1926.0,1151437,21575.65,2026-10-02
BHARATRAS,EQ,1003.9,1010.1,977.4,998.6,1003.9,17142,170.27,2026-10-02
BHARATSE,EQ,212.55,212.55,199.12,204.65,212.38,201132,410.04,2026-10-02
BHARATWIRE,EQ,164.0,164.0,154.44,160.12,164.36,222059,353.58,2026-10-02
BHARTIARTL,EQ,1745.0,1765.8,1726.3,1741.1,1757.0,5609657,98053.68,2026-10-02
BHARTIHEXA,EQ,1404.0,1407.6,1365.6,1379.2,1424.5,116666,1610.92,2026-10-02
BHEL,EQ,413.75,428.15,411.35,421.0,415.5,12669050,53362.66,2026-10-02
BIGBLOC,EQ,39.05,39.93,36.8,38.78,39.79,63041,24.01,2026-10-02
BIKAJI,EQ,519.35,521.75,497.65,504.05,521.8,604474,3063.92,2026-10-02
BIL,EQ,995.05,1004.0,980.4,987.55,995.1,11722,115.65,2026-10-02
BIMETAL,EQ,610.05,656.4,610.05,640.0,648.95,495,3.15,2026-10-02
BIOCON,EQ,370.55,374.25,363.6,370.7,370.3,2525268,9331.25,2026-10-02
BIOFILCHEM,EQ,30.4,30.73,29.01,29.31,30.38,15611,4.66,2026-10-02
BIRLACABLE,EQ,377.9,389.0,362.1,383.0,381.15,403264,1510.66,2026-10-02
BIRLACORPN,EQ,840.0,841.5,815.0,828.95,840.05,82178,680.22,2026-10-02
BIRLAMONEY,EQ,114.78,115.9,110.1,112.82,114.78,31523,35.33,2026-10-02
BIRLANU,EQ,1399.9,1415.8,1350.0,1391.2,1400.1,7041,97.44,2026-10-02
BLACKBUCK,EQ,605.0,615.45,595.0,606.15,607.9,431008,2600.27,2026-10-02
BLACKROSE,EQ,114.9,117.19,109.0,110.45,115.79,57092,64.96,2026-10-02
BLAL,EQ,161.0,161.38,156.06,157.83,160.26,13528,21.43,2026-10-02
BLBLIMITED,EQ,16.9,16.93,16.35,16.64,16.73,70212,11.67,2026-10-02
BLEL,EQ,482.0,495.95,461.0,467.95,485.6,1849262,8859.0,2026-10-02
BLIL,EQ,65.89,65.89,64.22,65.01,65.23,75567,48.94,2026-10-02
BLKASHYAP,EQ,50.89,51.44,48.66,50.23,50.36,497255,248.62,2026-10-02
BLS,EQ,217.0,219.8,212.0,216.51,218.26,803646,1734.72,2026-10-02
BLSE,EQ,331.0,334.8,318.3,322.05,328.6,522976,1702.4,2026-10-02
BLUECLOUDS,EQ,20.22,20.28,19.4,19.88,19.9,2430865,482.13,2026-10-02
BLUECOAST,EQ,21.63,23.16,21.63,22.0,22.07,843,0.19,2026-10-02
BLUEDART,EQ,4713.9,4793.8,4460.0,4496.8,4629.0,51320,2349.67,2026-10-02
BLUEJET,EQ,538.05,545.0,521.15,541.8,538.05,522842,2787.91,2026-10-02
BLUESTARCO,EQ,1513.0,1517.0,1444.0,1459.6,1518.0,962569,14139.69,2026-10-02
BLUESTONE,EQ,792.0,798.0,767.55,787.95,794.85,928246,7261.71,2026-10-02
BLUSPRING,EQ,141.74,149.0,139.01,147.82,141.74,346713,501.45,2026-10-02
BMWVENTLTD,EQ,51.5,51.75,50.51,50.83,51.5,49440,25.21,2026-10-02
BNAGROCHEM,EQ,219.0,228.48,219.0,227.83,217.6,434945,984.06,2026-10-02
BNKETFAXIS,EQ,565.01,580.0,558.46,571.22,575.31,5339,30.16,2026-10-02
BOHRAIND,EQ,16.1,16.1,14.74,14.74,15.51,22674,3.43,2026-10-02
BOMDYEING,EQ,104.96,105.5,101.71,102.63,105.62,517445,534.76,2026-10-02
BONLON,EQ,41.0,41.0,39.11,39.97,40.21,6490,2.59,2026-10-02
BORANA,EQ,278.15,283.7,268.1,272.95,278.2,52832,145.37,2026-10-02
BOROLTD,EQ,291.0,291.0,271.6,280.2,293.38,560059,1563.09,2026-10-02
BORORENEW,EQ,456.4,460.6,437.45,449.6,458.15,531272,2383.41,2026-10-02
BOROSCI,EQ,114.0,114.51,110.0,112.72,113.91,72726,81.74,2026-10-02
BOSCH-HCIL,EQ,1885.0,1985.0,1846.9,1967.2,1876.7,127667,2455.27,2026-10-02
BOSCHLTD,EQ,46810.0,46995.0,44410.0,45480.0,47100.0,48572,22051.28,2026-10-02
BPCL,EQ,302.0,305.05,297.1,300.6,303.2,5618518,16936.67,2026-10-02
BPL,EQ,45.4,45.9,44.45,45.29,45.59,21555,9.75,2026-10-02
BPLPHARMA,EQ,1815.7,1822.4,1667.0,1720.4,1792.8,11114,191.88,2026-10-02
BRAHMINFRA,EQ,151.3,151.3,143.0,148.85,148.08,18240,26.61,2026-10-02
BRIGADE,EQ,573.75,575.75,552.1,569.55,575.25,310825,1755.53,2026-10-02
BRIGHOTEL,EQ,56.96,57.5,55.8,56.94,56.96,186794,105.5,2026-10-02
BRIGHTBR,EQ,243.0,250.9,241.25,241.85,252.9,275,0.67,2026-10-02
BRITANNIA,EQ,4798.0,4812.3,4737.0,4778.0,4830.0,362699,17329.19,2026-10-02
BRNL,EQ,15.99,16.79,15.75,16.03,15.84,21263,3.39,2026-10-02
BROOKS,EQ,55.52,57.0,52.97,54.8,55.8,34254,18.56,2026-10-02
BSE,EQ,3089.9,3139.0,3000.0,3046.0,3092.0,6273089,191812.41,2026-10-02
BSE500IETF,EQ,37.51,38.3,36.62,37.17,37.51,608837,225.38,2026-10-02
BSHSL,EQ,86.1,86.1,83.0,83.95,86.1,2741,2.3,2026-10-02
BSL,EQ,121.5,121.5,115.05,118.2,118.28,3194,3.78,2026-10-02
BSLGOLDETF,EQ,129.45,130.0,128.6,129.24,129.46,521042,673.04,2026-10-02
BSLNIFTY,EQ,27.52,27.52,26.15,26.43,26.85,3626059,957.7,2026-10-02
BSLSENETFG,EQ,74.55,74.55,72.0,72.82,73.09,3697,2.68,2026-10-02
BSOFT,EQ,271.95,278.95,267.05,269.75,271.7,1536439,4188.19,2026-10-02
BTML,EQ,7.1,7.25,6.31,7.09,6.97,1395797,95.82,2026-10-02
BUILDPRO,EQ,1231.0,1256.4,1219.0,1249.2,1231.0,51957,645.39,2026-10-02
BUTTERFLY,EQ,558.0,569.95,522.25,550.5,552.75,36497,197.88,2026-10-02
BVCL,EQ,43.02,43.92,41.33,41.39,43.02,18667,7.84,2026-10-02
BYKE,EQ,29.4,29.4,28.18,28.81,29.12,23792,6.83,2026-10-02
CAMLINFINE,EQ,93.47,94.18,89.12,91.01,93.15,605614,553.22,2026-10-02
CAMPUS,EQ,209.4,210.0,199.54,205.83,208.83,647062,1322.55,2026-10-02
CAMS,EQ,671.0,682.0,665.45,677.25,671.0,1577224,10630.12,2026-10-02
CANBK,EQ,119.45,120.13,116.51,118.36,119.44,13953325,16523.21,2026-10-02
CANFINHOME,EQ,719.2,723.05,700.0,711.0,719.2,417879,2978.34,2026-10-02
CANHLIFE,EQ,147.9,148.0,141.91,143.85,148.51,451047,650.18,2026-10-02
CANTABIL,EQ,231.22,232.7,224.0,224.66,231.22,90583,205.13,2026-10-02
CAPACITE,EQ,182.8,182.83,176.16,180.33,182.89,276832,497.85,2026-10-02
CAPILLARY,EQ,560.0,571.7,522.55,554.7,560.45,351706,1919.64,2026-10-02
CAPITALSFB,EQ,286.0,290.75,274.05,277.5,288.6,76015,214.42,2026-10-02
CAPLIPOINT,EQ,2710.0,2719.9,2540.0,2631.9,2716.4,154382,4050.91,2026-10-02
CARBORUNIV,EQ,1250.3,1263.7,1215.1,1239.7,1252.5,384105,4772.72,2026-10-02
CARERATING,EQ,1616.7,1622.0,1581.1,1602.7,1616.7,42470,681.74,2026-10-02
CARRARO,EQ,527.5,527.5,508.45,518.1,527.5,130189,671.43,2026-10-02
CARTRADE,EQ,2892.0,2903.6,2739.8,2806.6,2899.8,312645,8799.18,2026-10-02
CARYSIL,EQ,1036.1,1054.8,995.7,1044.8,1036.1,320062,3267.01,2026-10-02
CASHIETF,EQ,1083.33,1083.33,1082.27,1082.28,1081.7,147744,1599.01,2026-10-02
CASTROLIND,EQ,200.31,201.09,196.5,199.04,200.52,2825230,5612.12,2026-10-02
CCAVENUE,EQ,15.0,15.37,14.94,15.28,15.12,13286633,2018.81,2026-10-02
CCCL,EQ,14.2,14.2,13.0,13.45,13.95,390544,53.24,2026-10-02
CCHHL,EQ,12.76,13.3,12.76,12.99,13.0,34934,4.57,2026-10-02
CCL,EQ,1013.1,1070.0,996.6,1056.6,1019.5,405128,4164.77,2026-10-02
CDSL,EQ,1264.0,1274.6,1223.9,1242.5,1264.0,1324382,16501.68,2026-10-02
CEATLTD,EQ,3266.2,3300.0,3197.0,3286.6,3264.4,49734,1610.42,2026-10-02
CEIGALL,EQ,380.85,387.7,374.0,380.1,382.75,170053,647.11,2026-10-02
CEINSYS,EQ,665.0,672.1,634.95,654.25,666.85,62531,407.12,2026-10-02
CELEBRITY,EQ,6.69,6.7,6.12,6.26,6.66,25232,1.6,2026-10-02
CELLO,EQ,325.0,327.5,314.0,323.1,325.55,260574,835.09,2026-10-02
CEMNTGROWW,EQ,13.95,13.95,13.37,13.6,13.86,169969,23.03,2026-10-02
CEMPRO,EQ,1189.0,1205.0,1160.3,1178.9,1192.2,221740,2616.88,2026-10-02
CENTENKA,EQ,547.3,550.4,530.55,537.8,554.6,29192,157.31,2026-10-02
CENTEXT,EQ,18.62,18.79,18.07,18.18,18.62,73904,13.55,2026-10-02
CENTRALBK,EQ,30.46,30.46,29.76,30.0,30.46,4707687,1415.2,2026-10-02
CENTRUM,EQ,19.63,20.43,18.71,19.9,19.61,596475,117.86,2026-10-02
CENTUM,EQ,4790.1,4851.0,4603.2,4701.7,4797.9,79168,3732.31,2026-10-02
CENTURYPLY,EQ,683.0,683.0,661.55,666.45,681.85,56697,379.94,2026-10-02
CERA,EQ,5113.5,5199.0,5008.5,5096.5,5088.0,5282,268.34,2026-10-02
CESC,EQ,133.65,133.85,129.75,131.62,133.85,1826999,2402.34,2026-10-02
CEWATER,EQ,260.4,260.4,250.0,253.45,259.6,66070,167.4,2026-10-02
CGCL,EQ,245.0,253.0,244.06,249.23,247.45,2812833,7002.22,2026-10-02
CGPOWER,EQ,861.0,889.9,859.6,879.0,854.2,4633143,40691.76,2026-10-02
CGVAK,EQ,150.8,151.0,144.42,147.24,145.69,1725,2.57,2026-10-02
CHALET,EQ,845.0,845.6,818.0,830.25,845.2,142586,1186.27,2026-10-02
CHAMBLFERT,EQ,409.95,411.25,396.5,399.3,409.25,447087,1790.91,2026-10-02
CHEMBOND,EQ,182.76,183.01,176.0,177.64,182.73,8226,14.71,2026-10-02
CHEMCON,EQ,217.92,223.47,210.87,215.93,217.28,75163,163.33,2026-10-02
CHEMCRUX,EQ,79.55,79.55,76.6,78.23,78.62,3558,2.75,2026-10-02
CHEMFAB,EQ,344.45,344.45,325.0,328.35,335.9,1966,6.49,2026-10-02
CHEMICAL,EQ,29.04,29.04,27.69,28.2,28.47,395058,110.71,2026-10-02
CHEMPLASTS,EQ,185.92,192.77,182.01,191.56,185.92,291771,546.72,2026-10-02
CHENNPETRO,EQ,1432.0,1434.9,1330.7,1346.4,1436.3,1838710,25221.91,2026-10-02
CHEVIOT,EQ,1180.6,1197.5,1166.1,1167.0,1183.2,1374,16.1,2026-10-02
CHOICEGOLD,EQ,143.36,146.74,143.36,145.74,145.54,97326,141.51,2026-10-02
CHOICEIN,EQ,724.5,729.4,706.75,719.4,726.25,433514,3103.3,2026-10-02
CHOLAFIN,EQ,1619.7,1619.7,1563.2,1580.0,1620.0,1699959,27010.05,2026-10-02
CHOLAHLDNG,EQ,1385.9,1385.9,1330.1,1369.6,1386.2,233959,3176.91,2026-10-02
CIEINDIA,EQ,383.15,383.15,370.85,376.35,386.3,259700,976.57,2026-10-02
CIFL,EQ,21.06,22.0,20.61,20.76,21.34,92756,19.54,2026-10-02
CINELINE,EQ,88.94,89.0,85.25,85.96,86.96,10501,9.16,2026-10-02
CINEVISTA,EQ,14.11,14.11,13.52,13.63,13.83,6443,0.88,2026-10-02
CIPLA,EQ,1349.1,1359.4,1333.4,1344.0,1346.0,921789,12394.82,2026-10-02
CLEAN,EQ,788.2,809.95,774.65,803.05,794.35,317480,2515.63,2026-10-02
CLEANMAX,EQ,1334.4,1337.0,1290.1,1299.8,1327.2,431038,5654.42,2026-10-02
CLEDUCATE,EQ,57.01,59.45,57.01,57.91,57.01,11448,6.59,2026-10-02
CLSEL,EQ,282.15,290.0,275.0,281.95,284.15,66745,187.59,2026-10-02
CMLL,EQ,534.5,540.1,508.0,523.05,532.05,267921,1397.42,2026-10-02
CMPDI,EQ,208.8,208.8,196.47,204.38,209.21,2709836,5466.26,2026-10-02
CMRGREEN,EQ,224.83,225.0,221.0,223.38,224.83,459122,1025.17,2026-10-02
CMSINFO,EQ,222.51,222.79,215.12,220.69,221.45,1010975,2214.66,2026-10-02
CNL,EQ,1067.3,1105.2,1065.9,1079.2,1082.2,21831,235.06,2026-10-02
COALINDIA,EQ,421.2,426.35,416.3,420.4,425.0,7514836,31636.24,2026-10-02
COASTCORP,EQ,36.89,36.89,35.2,35.82,36.97,59600,21.3,2026-10-02
COCHINSHIP,EQ,1315.0,1315.9,1265.6,1287.0,1315.0,727942,9367.8,2026-10-02
COCKERILL,EQ,7975.0,8080.0,7748.5,7989.0,7966.5,3473,274.76,2026-10-02
COFFEEDAY,EQ,30.1,32.0,28.86,29.69,30.14,5488862,1661.75,2026-10-02
COFORGE,EQ,1764.8,1831.0,1763.6,1826.0,1749.1,3419070,61564.25,2026-10-02
COHANCE,EQ,444.0,454.85,435.0,451.3,444.0,683663,3038.38,2026-10-02
COLPAL,EQ,1763.3,1775.4,1716.1,1735.0,1763.3,412868,7189.33,2026-10-02
COMFINTE,EQ,6.35,6.41,6.09,6.23,6.36,135064,8.39,2026-10-02
COMMOIETF,EQ,95.31,96.28,92.2,94.0,95.31,73560,68.9,2026-10-02
COMPEAU,EQ,362.45,362.45,362.45,362.45,368.45,1,0.0,2026-10-02
COMPUSOFT,EQ,13.54,13.54,13.01,13.05,13.48,14232,1.88,2026-10-02
COMSYN,EQ,270.0,270.05,259.0,262.4,269.7,318865,837.98,2026-10-02
CONCOR,EQ,448.0,450.85,436.35,442.0,447.5,877730,3894.98,2026-10-02
CONCORDBIO,EQ,1373.6,1400.0,1320.0,1374.1,1373.6,147229,1989.17,2026-10-02
CONFIPET,EQ,87.9,88.13,83.32,86.05,88.13,2851230,2438.57,2026-10-02
CONS,EQ,11.42,11.63,11.12,11.35,11.46,89001,10.01,2026-10-02
CONSUMAXIS,EQ,114.0,114.0,110.93,111.99,113.93,4890,5.55,2026-10-02
CONSUMBEES,EQ,123.68,124.67,120.16,121.58,123.68,163615,198.86,2026-10-02
CONSUMER,EQ,11.25,11.25,10.97,11.06,11.3,312223,34.56,2026-10-02
CONSUMIETF,EQ,114.26,119.75,111.95,113.03,115.0,33816,38.15,2026-10-02
CONTROLPR,EQ,608.0,638.75,599.55,618.0,607.35,55775,343.74,2026-10-02
CORALFINAC,EQ,31.7,31.99,30.85,31.25,31.55,13756,4.29,2026-10-02
CORDELIA,EQ,102.0,102.34,98.55,100.91,102.59,1443890,1449.4,2026-10-02
COROMANDEL,EQ,1750.2,1775.9,1701.0,1763.6,1758.2,239111,4152.8,2026-10-02
CORONA,EQ,2093.3,2093.4,1986.1,2029.4,2093.4,25676,519.65,2026-10-02
COSMOFIRST,EQ,843.85,843.85,815.05,826.85,845.6,30642,253.6,2026-10-02
CPCAP,EQ,139.4,144.29,137.42,140.85,141.59,14506,20.35,2026-10-02
CPEDU,EQ,175.1,178.4,172.1,176.36,177.45,2580,4.54,2026-10-02
CPL,EQ,61.69,64.17,59.98,62.46,63.27,51674,31.81,2026-10-02
CPPLUS,EQ,3837.9,3860.0,3756.0,3799.6,3846.5,119217,4526.54,2026-10-02
CPSEETF,EQ,90.55,91.59,88.66,89.78,90.55,808633,724.07,2026-10-02
CRAFTSMAN,EQ,10300.0,10453.0,10100.0,10266.0,10417.0,35248,3615.3,2026-10-02
CRAMC,EQ,224.0,225.95,216.0,216.52,224.7,540916,1183.6,2026-10-02
CRAVATEX,EQ,379.0,379.0,345.0,349.0,359.85,142,0.5,2026-10-02
CREATIVEYE,EQ,6.28,6.28,5.75,6.17,6.12,16224,0.98,2026-10-02
CREDITACC,EQ,1268.0,1268.0,1224.6,1239.0,1272.0,343285,4240.18,2026-10-02
CREST,EQ,368.65,370.45,358.0,362.35,366.85,3321,12.02,2026-10-02
CRISIL,EQ,4425.0,4465.5,4345.0,4428.6,4450.8,32314,1426.31,2026-10-02
CRIZAC,EQ,171.68,171.68,164.59,166.89,170.12,188899,315.99,2026-10-02
CROMPTON,EQ,208.71,209.96,201.1,202.7,208.67,4535645,9309.66,2026-10-02
CROWN,EQ,116.0,116.0,108.6,111.53,115.27,14808,16.71,2026-10-02
CSBBANK,EQ,311.25,312.3,297.05,304.75,311.0,613159,1857.96,2026-10-02
CSLFINANCE,EQ,213.5,213.5,205.0,208.34,210.85,23138,48.14,2026-10-02
CSM,EQ,102.0,102.0,93.0,94.25,98.17,165688,158.18,2026-10-02
CUB,EQ,223.5,232.0,221.67,230.04,226.05,4776469,10961.89,2026-10-02
CUMMINSIND,EQ,4789.9,4860.0,4760.0,4860.0,4760.0,393680,18976.12,2026-10-02
CUPID,EQ,313.5,314.3,308.5,312.5,311.65,25539188,79684.69,2026-10-02
CYIENT,EQ,1100.0,1112.2,1068.0,1104.6,1100.7,594962,6506.65,2026-10-02
CYIENTDLM,EQ,907.0,922.65,880.3,893.9,914.1,391174,3510.23,2026-10-02
DABUR,EQ,379.7,383.85,373.2,374.25,380.1,2455226,9313.69,2026-10-02
DALBHARAT,EQ,1672.0,1692.3,1640.2,1682.1,1683.7,77064,1291.87,2026-10-02
DALMIASUG,EQ,408.8,409.65,391.4,396.7,408.8,146859,584.81,2026-10-02
DAMCAPITAL,EQ,151.0,152.26,143.66,146.56,151.08,444502,655.01,2026-10-02
DANGEE,EQ,2.95,3.18,2.81,2.9,2.92,157889,4.69,2026-10-02
DATAMATICS,EQ,805.55,806.0,777.7,790.3,805.55,67919,537.92,2026-10-02
DATAPATTNS,EQ,4284.0,4305.2,4155.3,4251.3,4286.9,305681,12953.25,2026-10-02
DAVANGERE,EQ,2.26,2.38,2.22,2.26,2.31,8709105,198.76,2026-10-02
DBCORP,EQ,175.38,178.7,169.81,172.52,175.38,101816,175.34,2026-10-02
DBEIL,EQ,6.62,6.85,6.36,6.5,6.68,140729,9.17,2026-10-02
DBL,EQ,406.2,407.6,396.55,399.1,406.2,134401,539.12,2026-10-02
DBOL,EQ,126.1,126.1,117.7,120.91,126.1,216394,262.69,2026-10-02
DBREALTY,EQ,97.4,97.4,91.7,91.7,96.52,1272913,1187.94,2026-10-02
DCAL,EQ,156.96,157.55,149.02,150.35,157.47,448793,678.99,2026-10-02
DCBBANK,EQ,203.42,203.42,196.81,199.71,203.54,842489,1683.21,2026-10-02
DCI,EQ,333.0,346.25,327.5,342.95,335.0,212341,722.44,2026-10-02
DCM,EQ,74.0,74.0,72.02,72.83,74.0,1935,1.41,2026-10-02
DCMFINSERV,EQ,5.19,5.19,4.74,5.07,5.07,4145,0.21,2026-10-02
DCMNVL,EQ,176.99,177.0,164.0,166.47,172.6,9412,15.89,2026-10-02
DCMSHRIRAM,EQ,919.65,920.0,886.3,906.85,915.6,138672,1245.79,2026-10-02
DCMSIL,EQ,82.64,83.0,76.5,80.25,82.25,110038,87.69,2026-10-02
DCMSRIND,EQ,39.57,39.85,37.1,37.69,39.57,185807,70.59,2026-10-02
DCW,EQ,45.61,45.61,43.68,44.62,45.62,1389318,619.59,2026-10-02
DCXINDIA,EQ,160.28,161.8,155.01,158.99,161.18,314149,498.23,2026-10-02
DDEVPLSTIK,EQ,249.2,249.58,244.16,247.61,249.5,66902,165.06,2026-10-02
DECCANCE,EQ,566.0,566.0,537.25,548.95,566.5,15070,82.83,2026-10-02
DECNGOLD,EQ,199.05,200.5,188.4,195.69,200.76,1727638,3352.28,2026-10-02
DEEDEV,EQ,683.0,683.0,646.95,663.2,676.9,137963,909.55,2026-10-02
DEEPA,EQ,192.89,199.9,187.78,192.17,195.48,1918965,3715.2,2026-10-02
DEEPAKFERT,EQ,1350.0,1350.0,1286.0,1300.9,1351.0,226222,2969.22,2026-10-02
DEEPAKNTR,EQ,1529.8,1529.9,1473.1,1492.8,1529.8,157119,2349.57,2026-10-02
DEEPINDS,EQ,751.0,762.85,720.7,749.0,755.95,435585,3226.0,2026-10-02
DEFENCE,EQ,78.0,78.0,75.08,76.31,77.52,406925,310.17,2026-10-02
DELHIVERY,EQ,408.0,408.65,397.0,400.0,409.7,1371538,5503.81,2026-10-02
DELTACORP,EQ,81.55,82.99,72.0,73.48,80.51,31237756,24083.45,2026-10-02
DELTAMAGNT,EQ,59.0,59.3,53.03,54.08,57.19,7561,4.18,2026-10-02
DEN,EQ,25.99,25.99,25.12,25.41,25.93,282134,71.84,2026-10-02
DENORA,EQ,729.0,745.1,711.0,723.9,736.5,11453,83.15,2026-10-02
DENTA,EQ,268.65,268.65,254.3,260.65,265.75,79945,207.66,2026-10-02
DEVIT,EQ,21.8,22.45,20.49,20.75,21.86,85533,18.03,2026-10-02
DEVX,EQ,35.77,36.95,35.14,36.28,36.07,79144,28.46,2026-10-02
DEVYANI,EQ,129.85,129.85,125.35,127.07,130.29,1020731,1297.11,2026-10-02
DGCONTENT,EQ,25.75,26.75,24.5,25.43,25.43,92788,23.91,2026-10-02
DHAMPURSUG,EQ,171.54,173.5,164.9,171.06,171.42,633753,1074.21,2026-10-02
DHANBANK,EQ,27.5,27.5,26.0,26.97,27.52,1111767,297.17,2026-10-02
DHANUKA,EQ,928.35,940.0,908.4,935.05,928.35,35421,325.85,2026-10-02
DHARMAJ,EQ,263.6,270.35,255.85,267.65,264.35,75720,200.23,2026-10-02
DHATRE,EQ,3.92,4.08,3.92,4.02,3.98,10656,0.43,2026-10-02
DHOOTTRANS,EQ,1494.0,1499.9,1405.2,1443.4,1488.8,1004650,14500.76,2026-10-02
DHRUV,EQ,20.9,20.9,19.46,19.74,20.08,5994,1.22,2026-10-02
DHUNINV,EQ,979.8,979.8,950.0,967.3,955.65,244,2.33,2026-10-02
DIAMINESQ,EQ,237.16,241.99,235.0,236.31,238.5,1772,4.2,2026-10-02
DIAMONDYD,EQ,1100.0,1107.0,1041.5,1073.0,1108.5,24504,261.97,2026-10-02
DICIND,EQ,638.0,649.0,602.05,613.65,635.3,4422,27.5,2026-10-02
DIFFNKG,EQ,438.75,472.45,428.1,464.4,438.75,498520,2267.35,2026-10-02
DIGIDRIVE,EQ,17.99,18.8,17.6,17.61,17.89,16496,2.95,2026-10-02
DIGISPICE,EQ,14.96,15.26,14.4,14.79,14.96,52113,7.69,2026-10-02
DIGITIDE,EQ,72.55,73.94,69.96,72.34,72.85,321390,229.4,2026-10-02
DISAQ,EQ,11800.0,11800.0,11000.0,11249.0,11796.0,297,33.7,2026-10-02
DISHTV,EQ,2.06,2.16,2.05,2.15,2.06,2717434,58.38,2026-10-02
DIVGIITTS,EQ,1171.3,1184.9,1112.5,1136.4,1181.8,129545,1476.4,2026-10-02
DIVIDEND,EQ,34.0,34.0,33.31,33.63,34.04,11587,3.91,2026-10-02
DIVISLAB,EQ,9277.0,9318.0,9078.0,9249.0,9291.5,567310,52119.78,2026-10-02
DIVOPPBEES,EQ,72.3,73.48,71.03,71.98,72.88,70282,50.47,2026-10-02
DIXON,EQ,13151.0,13290.0,12651.0,12700.0,13100.0,258830,33369.16,2026-10-02
DJML,EQ,72.15,73.1,71.13,72.61,71.82,76710,55.5,2026-10-02
DLF,EQ,664.5,671.1,650.55,658.4,674.0,6264045,41411.5,2026-10-02
DLINKINDIA,EQ,411.0,413.2,400.85,406.6,411.85,61080,248.12,2026-10-02
DMART,EQ,3809.8,3880.0,3781.4,3813.0,3801.4,652283,24944.07,2026-10-02
DMCC,EQ,313.3,319.0,300.55,308.7,311.7,197626,610.42,2026-10-02
DNAMEDIA,EQ,2.45,2.45,2.38,2.42,2.44,22103,0.54,2026-10-02
DODLA,EQ,1019.4,1023.6,996.6,1006.3,1019.4,69274,695.52,2026-10-02
DOLATALGO,EQ,64.05,65.6,62.15,62.86,64.94,122351,77.44,2026-10-02
DOLLAR,EQ,276.45,276.55,267.0,272.1,277.25,150981,408.0,2026-10-02
DOLLEX,EQ,39.3,39.3,36.75,38.24,38.0,24277,9.15,2026-10-02
DOLPHIN,EQ,631.0,650.0,600.25,628.1,637.4,49914,310.61,2026-10-02
DOMS,EQ,2094.6,2110.0,2075.0,2097.5,2107.0,19783,413.44,2026-10-02
DONEAR,EQ,80.72,81.88,79.6,80.29,81.4,11952,9.63,2026-10-02
DPABHUSHAN,EQ,1774.9,1924.4,1752.1,1874.0,1788.8,784999,14611.3,2026-10-02
DRAGARWQ,EQ,5165.5,5189.0,5060.5,5159.0,5130.0,2248,115.2,2026-10-02
DRCSYSTEMS,EQ,13.3,13.75,12.65,13.02,13.15,153366,20.23,2026-10-02
DREAMFOLKS,EQ,61.66,64.42,60.81,61.5,61.66,71170,44.27,2026-10-02
DREDGECORP,EQ,917.5,929.4,881.0,895.2,920.2,91115,820.06,2026-10-02
DRREDDY,EQ,1233.0,1233.9,1194.9,1206.2,1233.0,2607818,31610.88,2026-10-02
DSSL,EQ,983.0,983.95,941.05,948.75,983.2,28151,269.18,2026-10-02
DUCON,EQ,1.37,1.39,1.3,1.3,1.36,3705446,48.86,2026-10-02
DVL,EQ,278.75,282.15,274.45,278.7,282.95,12290,34.07,2026-10-02
DWARKESH,EQ,42.45,42.48,41.0,41.96,42.66,1083964,453.14,2026-10-02
DYCL,EQ,436.5,437.75,417.5,428.0,437.15,313267,1337.42,2026-10-02
DYNAMATECH,EQ,13611.0,13996.0,13300.0,13756.0,13611.0,42592,5802.07,2026-10-02
DYNPRO,EQ,225.27,226.5,220.57,224.58,223.58,3562,7.97,2026-10-02
EASEMYTRIP,EQ,5.86,5.89,5.72,5.76,5.86,12319113,713.34,2026-10-02
EASTWEST,EQ,2.36,2.36,2.24,2.29,2.33,20920,0.48,2026-10-02
EBANK10,EQ,16.1,16.28,16.08,16.19,15.82,605,0.1,2026-10-02
EBANKNIFTY,EQ,55.66,55.79,54.59,55.24,55.41,2190,1.21,2026-10-02
EBBETF0430,EQ,1611.9,1613.99,1601.19,1601.58,1606.78,7718,123.89,2026-10-02
EBBETF0431,EQ,1431.64,1439.5,1423.82,1427.59,1427.54,17923,256.78,2026-10-02
EBBETF0433,EQ,1303.53,1303.94,1296.56,1299.69,1297.04,2062,26.8,2026-10-02
EBGNG,EQ,686.0,713.0,670.0,704.7,686.75,892168,6146.64,2026-10-02
ECAPINSURE,EQ,22.78,23.17,22.39,22.73,22.56,90120,20.4,2026-10-02
ECLERX,EQ,1811.9,1829.8,1782.8,1802.9,1819.9,106573,1922.16,2026-10-02
ECORECO,EQ,394.9,401.95,385.0,388.6,395.5,15029,58.96,2026-10-02
ECOSMOBLTY,EQ,106.5,106.5,102.0,105.01,104.73,40431,42.14,2026-10-02
EDELWEISS,EQ,142.0,142.0,136.0,137.9,142.73,6165446,8556.36,2026-10-02
EFCIL,EQ,172.78,172.78,167.05,171.2,172.21,242978,412.3,2026-10-02
EGOLD,EQ,147.1,147.75,146.25,146.85,147.1,52660,77.36,2026-10-02
EICHERMOT,EQ,7120.0,7146.0,6840.0,6920.0,7150.0,817452,56726.45,2026-10-02
EIDPARRY,EQ,682.0,685.35,672.3,674.55,685.9,341622,2313.31,2026-10-02
EIEL,EQ,188.8,192.0,182.95,184.0,189.62,775964,1444.44,2026-10-02
EIHAHOTELS,EQ,289.0,300.6,289.0,296.1,297.15,13263,39.37,2026-10-02
EIHOTEL,EQ,300.65,301.0,295.15,297.85,301.1,167855,499.52,2026-10-02
EIMCOELECO,EQ,2267.2,2285.0,2221.5,2268.8,2269.2,18996,428.24,2026-10-02
EKC,EQ,108.9,108.9,103.7,106.01,108.9,154275,163.36,2026-10-02
ELANTAS,EQ,13836.0,13839.0,13067.0,13474.0,13839.0,2435,328.05,2026-10-02
ELCIDIN,EQ,102665.0,102665.0,101110.0,102155.0,102665.0,7,7.14,2026-10-02
ELDEHSG,EQ,761.1,786.9,751.05,782.25,751.05,1460,11.34,2026-10-02
ELECON,EQ,463.0,465.0,436.1,440.0,461.8,985198,4417.22,2026-10-02
ELECTCAST,EQ,74.3,78.45,72.49,74.54,74.37,5379383,4051.37,2026-10-02
ELECTHERM,EQ,774.25,774.25,717.05,743.6,774.25,17615,130.4,2026-10-02
ELEVATE,EQ,315.0,353.0,312.25,344.8,322.95,15447430,52526.79,2026-10-02
ELGIEQUIP,EQ,604.0,605.75,574.8,584.65,608.85,435205,2545.82,2026-10-02
ELGIRUBCO,EQ,52.95,53.69,50.5,51.38,53.42,33486,17.34,2026-10-02
ELIN,EQ,86.9,86.9,78.31,79.73,86.3,424406,343.76,2026-10-02
ELIQUID,EQ,1050.38,1050.4,1050.38,1050.39,1049.84,43291,454.73,2026-10-02
ELITECON,EQ,8.09,8.22,7.7,7.79,7.98,5953979,469.37,2026-10-02
ELLEN,EQ,360.0,360.0,333.9,341.7,356.9,1714617,5869.62,2026-10-02
ELM250,EQ,15.84,15.85,15.42,15.65,15.77,193509,30.15,2026-10-02
ELMDIV,EQ,34.43,34.73,33.71,34.72,34.61,621,0.21,2026-10-02
ELPROINTL,EQ,173.13,174.75,171.25,174.31,174.0,8080,14.04,2026-10-02
EMAMILTD,EQ,376.1,377.35,370.2,372.65,379.05,2237638,8378.78,2026-10-02
EMAMIREAL,EQ,67.1,69.43,67.0,67.14,67.43,5743,3.9,2026-10-02
EMBDL,EQ,57.85,58.32,55.17,56.13,58.51,2114200,1194.8,2026-10-02
EMCURE,EQ,1927.5,1974.0,1916.1,1944.6,1943.0,69846,1354.62,2026-10-02
EMETAL,EQ,13.0,13.0,12.31,12.78,12.66,9273,1.17,2026-10-02
EMIL,EQ,204.0,207.15,197.73,204.05,205.36,4017614,8141.31,2026-10-02
EMKAY,EQ,277.0,294.9,275.1,286.8,278.2,56856,160.38,2026-10-02
EMMVEE,EQ,315.0,316.4,300.85,305.9,315.9,1383663,4248.69,2026-10-02
EMPIND,EQ,1057.3,1077.3,1046.1,1059.2,1057.1,1377,14.55,2026-10-02
EMPOWER,EQ,1.54,1.54,1.54,1.54,1.62,3581175,55.15,2026-10-02
EMSLIMITED,EQ,338.0,338.0,324.65,331.55,337.2,157212,518.72,2026-10-02
EMUDHRA,EQ,595.4,603.35,566.0,580.0,596.5,702179,4079.3,2026-10-02
EMULTIMQ,EQ,40.11,41.45,39.43,40.16,40.11,32944,13.24,2026-10-02
ENDURANCE,EQ,2635.1,2653.0,2581.3,2601.4,2656.5,123076,3229.28,2026-10-02
ENERGY,EQ,37.64,37.64,36.3,36.75,36.9,275574,101.11,2026-10-02
ENERGYAXIS,EQ,18.69,18.69,18.07,18.27,18.4,22014,4.01,2026-10-02
ENERGYDEV,EQ,14.99,14.99,14.1,14.52,14.39,10986,1.58,2026-10-02
ENEXT50,EQ,71.2,71.7,68.33,68.98,70.5,2369,1.66,2026-10-02
ENGINERSIN,EQ,308.0,318.3,303.05,312.75,309.6,7911815,24638.77,2026-10-02
ENIFTY,EQ,23.0,23.0,22.5,22.75,22.9,7147,1.62,2026-10-02
ENIL,EQ,96.0,97.89,92.55,93.36,95.59,21152,20.16,2026-10-02
ENKEIWHEL,EQ,396.55,401.0,386.05,392.6,396.55,2283,9.02,2026-10-02
ENRIN,EQ,3213.0,3358.0,3187.0,3334.0,3200.0,1649842,54720.75,2026-10-02
ENTERO,EQ,1690.1,1712.9,1622.2,1680.8,1708.9,205073,3390.47,2026-10-02
EPACK,EQ,175.95,176.75,168.61,171.59,175.35,284743,489.06,2026-10-02
EPACKPEB,EQ,243.0,250.7,236.48,242.07,243.2,598656,1459.85,2026-10-02
EPIGRAL,EQ,1016.2,1017.9,975.9,982.2,1012.5,80328,793.13,2026-10-02
EPL,EQ,236.0,236.45,226.69,232.39,237.0,2613252,6062.63,2026-10-02
EQUAL200,EQ,13.1,13.1,12.82,12.95,13.1,45092,5.82,2026-10-02
EQUAL50,EQ,310.56,311.07,305.34,309.14,312.57,19721,60.59,2026-10-02
EQUAL50ADD,EQ,323.27,323.27,316.6,320.32,323.42,41876,133.82,2026-10-02
EQUITASBNK,EQ,68.76,68.76,67.4,68.41,68.93,1588015,1080.07,2026-10-02
ERIS,EQ,1181.3,1200.0,1162.9,1189.8,1191.9,88725,1051.32,2026-10-02
ESABINDIA,EQ,5544.5,5599.0,5461.0,5500.5,5530.0,3747,207.26,2026-10-02
ESCORTS,EQ,2700.0,2701.0,2550.1,2667.3,2715.2,338525,8866.76,2026-10-02
ESDS,EQ,1434.1,1434.1,1434.1,1434.1,1509.5,23844,341.95,2026-10-02
ESENSEX,EQ,73.23,73.31,72.1,72.6,73.25,815,0.59,2026-10-02
ESG,EQ,38.7,38.78,38.16,38.47,38.83,13784,5.3,2026-10-02
ESILVER,EQ,219.99,220.04,214.2,218.28,219.2,492444,1075.06,2026-10-02
ESSARSHPNG,EQ,19.5,19.88,16.9,17.18,18.89,1584604,285.13,2026-10-02
ESSENTIA,EQ,1.0,1.02,1.0,1.0,1.0,1171955,11.78,2026-10-02
ESTER,EQ,102.0,104.8,94.22,95.52,101.22,807322,804.41,2026-10-02
ETERNAL,EQ,316.6,320.4,309.8,313.9,320.0,29716584,93283.12,2026-10-02
ETHOSLTD,EQ,2549.9,2549.9,2473.8,2531.9,2537.2,46240,1164.26,2026-10-02
EUREKAFORB,EQ,362.9,367.55,348.0,352.5,361.0,266094,956.06,2026-10-02
EUROBOND,EQ,145.31,149.2,144.0,148.29,146.25,2259,3.3,2026-10-02
EUROPRATIK,EQ,191.05,193.49,184.71,190.42,192.3,195340,370.16,2026-10-02
EUROTEXIND,EQ,15.5,15.73,15.5,15.73,14.3,30574,4.8,2026-10-02
EVEREADY,EQ,322.35,322.8,310.0,315.85,323.2,60239,190.66,2026-10-02
EVIETF,EQ,30.85,31.18,29.65,30.04,30.8,173832,52.23,2026-10-02
EVINDIA,EQ,31.38,31.38,29.63,30.0,30.76,383506,115.15,2026-10-02
EXCELINDUS,EQ,946.0,950.9,906.1,921.8,945.2,15400,141.94,2026-10-02
EXCELSOFT,EQ,81.0,81.0,76.71,78.33,81.17,514243,405.69,2026-10-02
EXICOM,EQ,152.11,156.4,147.2,151.1,152.11,840406,1277.43,2026-10-02
EXIDEIND,EQ,411.6,417.5,403.8,409.45,412.6,2369486,9731.77,2026-10-02
EXPLEOSOL,EQ,852.85,863.45,830.1,848.75,857.85,16041,135.76,2026-10-02
EXXARO,EQ,6.2,6.2,6.0,6.04,6.07,200554,12.12,2026-10-02
FABTECH,EQ,145.16,145.16,139.42,142.01,145.04,89956,128.24,2026-10-02
FACT,EQ,757.9,757.9,727.95,734.95,757.95,95867,709.11,2026-10-02
FAZE3Q,EQ,440.0,444.1,425.05,433.05,442.15,23619,101.69,2026-10-02
FCL,EQ,57.42,58.47,54.76,55.72,57.45,33188098,18696.89,2026-10-02
FCSSOFT,EQ,1.41,1.42,1.37,1.38,1.4,1584700,22.09,2026-10-02
FDC,EQ,339.0,342.85,332.2,335.9,339.4,107854,362.77,2026-10-02
FEDDERSHOL,EQ,62.27,67.62,61.2,63.63,61.51,61090409,39922.96,2026-10-02
FEDERALBNK,EQ,316.1,321.35,313.75,318.2,317.4,11278668,35934.59,2026-10-02
FEDFINA,EQ,152.0,152.0,146.21,149.77,150.96,1579564,2358.87,2026-10-02
FERMENTA,EQ,546.0,570.8,538.7,553.25,549.7,433950,2408.81,2026-10-02
FIBERWEB,EQ,28.37,28.37,26.4,26.55,27.41,12052,3.24,2026-10-02
FIEMIND,EQ,1877.2,1888.0,1785.1,1794.8,1877.6,115474,2099.02,2026-10-02
FILATEX,EQ,108.03,109.12,101.21,106.1,107.76,3522416,3680.66,2026-10-02
FILATFASH,EQ,0.18,0.19,0.18,0.18,0.18,16018624,29.14,2026-10-02
FINCABLES,EQ,1448.2,1477.5,1428.9,1458.8,1450.3,598654,8708.4,2026-10-02
FINEORG,EQ,5124.0,5185.0,5060.0,5131.0,5124.5,18279,937.13,2026-10-02
FINIETF,EQ,30.25,31.15,29.48,30.4,30.25,480477,143.45,2026-10-02
FINKURVE,EQ,67.92,72.9,67.01,70.53,67.92,86037,60.17,2026-10-02
FINOPB,EQ,127.21,129.9,125.01,128.22,127.21,146312,184.96,2026-10-02
FINPIPE,EQ,150.7,151.0,149.0,150.49,151.48,397198,595.39,2026-10-02
FIRSTCRY,EQ,179.7,181.1,172.7,174.75,179.94,2150458,3792.63,2026-10-02
FISCHER,EQ,34.39,34.39,32.61,33.46,33.55,220491,73.4,2026-10-02
FIVESTAR,EQ,513.5,513.5,498.25,506.25,516.85,547397,2765.75,2026-10-02
FLAIR,EQ,230.98,231.0,216.82,226.57,229.32,126030,282.77,2026-10-02
FLEXIADD,EQ,9.44,9.47,9.25,9.37,9.44,201216,18.76,2026-10-02
FLUOROCHEM,EQ,4406.0,4415.0,4225.4,4341.5,4405.3,156006,6724.66,2026-10-02
FMCGADD,EQ,44.79,44.93,43.75,44.29,44.79,26296,11.6,2026-10-02
FMCGIETF,EQ,47.92,48.19,46.62,47.05,47.92,4085325,1926.24,2026-10-02
FMGOETZE,EQ,442.0,451.45,433.3,444.25,445.65,212350,940.33,2026-10-02
FMNL,EQ,8.73,8.76,8.02,8.08,8.35,51611,4.35,2026-10-02
FOODSIN,EQ,51.95,51.95,48.6,49.39,50.92,98285,48.7,2026-10-02
FORCEMOT,EQ,17300.0,17389.0,16531.0,16800.0,17054.0,117482,19836.94,2026-10-02
FORTIS,EQ,763.0,786.4,745.35,785.0,770.0,6942851,53338.55,2026-10-02
FOSECOIND,EQ,6431.0,6627.0,6301.5,6382.5,6462.5,14715,946.11,2026-10-02
FRACTAL,EQ,744.95,744.95,708.3,727.35,740.2,277503,2009.68,2026-10-02
FREDUN,EQ,1404.5,1407.3,1334.1,1355.2,1404.5,38880,532.22,2026-10-02
FRONTSP,EQ,1464.8,1464.8,1392.0,1415.6,1460.2,31935,451.36,2026-10-02
FSL,EQ,254.5,255.0,247.0,250.4,255.8,646270,1621.69,2026-10-02
FUSION,EQ,175.1,175.67,168.5,171.36,175.08,510574,881.78,2026-10-02
GABRIEL,EQ,1338.3,1365.0,1290.0,1315.0,1341.8,361027,4790.63,2026-10-02
GAEL,EQ,160.04,162.6,153.23,157.69,160.21,503840,788.57,2026-10-02
GAIL,EQ,170.6,171.89,168.55,171.22,170.55,6882008,11719.09,2026-10-02
GAJA,EQ,140.76,140.76,133.0,135.27,140.05,527018,718.55,2026-10-02
GALAPREC,EQ,1197.0,1204.9,1120.0,1157.8,1197.2,62711,723.0,2026-10-02
GALAXYSURF,EQ,2370.0,2487.2,2338.3,2376.9,2332.8,216645,5246.32,2026-10-02
GALLANTT,EQ,536.9,538.45,522.15,530.15,537.5,48279,255.63,2026-10-02
GANDHAR,EQ,279.7,283.9,272.0,282.6,278.85,872149,2427.92,2026-10-02
GANDHITUBE,EQ,952.9,989.0,951.0,975.55,951.55,31132,302.51,2026-10-02
GANECOS,EQ,1000.3,1004.1,955.9,976.2,1000.6,51318,503.12,2026-10-02
GANESHCP,EQ,151.41,153.25,146.75,148.85,151.41,149872,223.03,2026-10-02
GANESHHOU,EQ,720.6,720.6,695.0,699.1,719.0,137892,964.91,2026-10-02
GANGAFORGE,EQ,1.54,1.58,1.47,1.48,1.54,2856361,42.71,2026-10-02
GANGESSECU,EQ,112.4,115.7,112.2,113.99,112.4,1092,1.23,2026-10-02
GARFIBRES,EQ,770.0,773.95,753.5,768.4,770.85,27452,209.99,2026-10-02
GARUDA,EQ,172.9,175.99,168.62,172.18,174.67,334071,573.23,2026-10-02
GATEWAY,EQ,52.35,52.56,51.3,51.88,52.04,749453,387.85,2026-10-02
GAUDIUMIVF,EQ,109.0,112.61,105.2,109.48,111.15,248603,269.12,2026-10-02
GAYAHWS,EQ,1.8,1.8,1.71,1.72,1.76,163710,2.87,2026-10-02
GAYAPROJ,EQ,22.8,23.37,21.75,22.44,22.68,442009,99.83,2026-10-02
GCSL,EQ,675.8,684.0,669.3,679.9,675.85,321775,2180.43,2026-10-02
GEEKAYWIRE,EQ,31.8,31.82,28.15,29.21,31.19,204669,62.18,2026-10-02
GEMAROMA,EQ,161.0,161.0,153.0,155.28,161.0,49391,76.76,2026-10-02
GENCON,EQ,39.54,40.99,38.6,40.75,39.54,791007,313.2,2026-10-02
GENESYS,EQ,275.0,287.0,270.0,281.35,273.43,606039,1695.54,2026-10-02
GENUSPAPER,EQ,10.7,10.77,10.3,10.53,10.64,43515,4.58,2026-10-02
GENUSPOWER,EQ,288.0,291.65,272.6,280.0,288.65,2287333,6419.49,2026-10-02
GEOJITFSL,EQ,76.71,77.9,75.06,75.7,76.59,221521,168.01,2026-10-02
GESHIP,EQ,1548.0,1554.2,1518.0,1530.6,1560.0,574389,8808.44,2026-10-02
GFLLIMITED,EQ,54.2,56.89,53.21,55.23,54.94,77608,42.62,2026-10-02
GHCL,EQ,406.5,406.8,396.0,401.75,405.5,126656,506.85,2026-10-02
GHCLTEXTIL,EQ,128.9,132.81,124.98,129.22,128.9,462761,595.31,2026-10-02
GICHSGFIN,EQ,134.0,134.42,131.7,132.88,133.87,77191,102.4,2026-10-02
GICRE,EQ,329.1,329.1,316.8,323.9,331.15,720831,2324.56,2026-10-02
GILLANDERS,EQ,114.8,114.85,107.02,112.72,114.8,29602,33.1,2026-10-02
GILLETTE,EQ,6965.0,6976.5,6860.0,6899.0,7000.0,21964,1518.44,2026-10-02
GILT10BETA,EQ,26.47,26.47,25.98,25.99,26.36,135,0.04,2026-10-02
GILT5BETA,EQ,66.35,66.55,65.86,66.51,65.82,2527,1.68,2026-10-02
GILT5YBEES,EQ,65.61,65.97,65.61,65.73,65.79,347018,228.33,2026-10-02
GIPCL,EQ,179.0,181.4,171.0,174.83,179.68,825175,1445.89,2026-10-02
GKB,EQ,64.36,66.5,64.33,64.36,64.33,1567,1.02,2026-10-02
GKENERGY,EQ,120.89,121.49,113.11,114.76,119.88,1100877,1268.03,2026-10-02
GKSL,EQ,180.1,209.8,180.0,194.27,179.05,34935174,69435.26,2026-10-02
GKWLIMITED,EQ,1560.0,1560.0,1526.0,1530.0,1550.0,5515,85.37,2026-10-02
GLAND,EQ,2876.0,2929.8,2841.1,2874.4,2899.4,327673,9420.68,2026-10-02
GLASSWALL,EQ,280.9,283.9,262.6,270.4,282.0,6135652,16633.23,2026-10-02
GLAXO,EQ,2773.7,2799.0,2724.8,2771.1,2769.3,73407,2029.19,2026-10-02
GLENMARK,EQ,2339.0,2360.0,2279.3,2331.0,2334.7,972522,22609.57,2026-10-02
GLFL,EQ,5.63,5.63,5.21,5.49,5.39,3962,0.21,2026-10-02
GLOBAL,EQ,132.0,138.2,131.81,136.51,132.8,605881,808.26,2026-10-02
GLOBALE,EQ,10.31,10.67,9.85,10.57,10.31,1715,0.17,2026-10-02
GLOBALVECT,EQ,130.0,132.35,125.01,131.04,127.58,4078,5.28,2026-10-02
GLOBE,EQ,2.14,2.15,2.01,2.11,2.14,460701,9.63,2026-10-02
GLOBECIVIL,EQ,41.53,42.5,41.0,41.49,41.53,9555,3.96,2026-10-02
GLOBUSSPR,EQ,788.6,794.4,775.0,786.9,786.45,55391,435.2,2026-10-02
GLOSTERLTD,EQ,546.1,555.0,537.2,539.0,546.1,581,3.16,2026-10-02
GLOTTIS,EQ,62.87,62.87,57.22,58.41,62.88,80507,47.82,2026-10-02
GMBREW,EQ,961.0,974.45,939.0,952.0,966.95,55565,529.55,2026-10-02
GMDCLTD,EQ,505.4,505.75,479.8,487.65,507.7,1342310,6584.46,2026-10-02
GMMPFAUDLR,EQ,1465.0,1476.9,1390.0,1443.4,1466.7,328964,4713.33,2026-10-02
GMRAIRPORT,EQ,94.49,94.81,91.63,93.16,95.15,15683898,14653.71,2026-10-02
GMRP&UI,EQ,104.69,105.49,101.0,101.87,105.38,1700842,1756.5,2026-10-02
GNA,EQ,597.05,598.3,569.0,580.7,598.35,351960,2051.41,2026-10-02
GNFC,EQ,601.0,601.0,576.0,589.15,604.4,629192,3704.02,2026-10-02
GNRL,EQ,98.5,98.99,95.96,97.18,98.26,663394,644.47,2026-10-02
GOACARBON,EQ,403.05,410.25,392.05,402.9,404.95,18528,74.67,2026-10-02
GOCLCORP,EQ,364.25,364.25,343.8,351.65,362.45,126291,443.9,2026-10-02
GOCOLORS,EQ,299.0,303.9,289.45,294.95,300.75,121488,359.33,2026-10-02
GODAVARIB,EQ,230.8,232.0,223.81,227.18,232.01,76451,174.68,2026-10-02
GODFRYPHLP,EQ,1891.8,1913.1,1830.0,1849.7,1891.8,256983,4797.87,2026-10-02
GODIGIT,EQ,258.5,260.45,252.15,256.3,260.05,305077,783.07,2026-10-02
GODREJAGRO,EQ,623.0,635.0,620.0,631.9,623.55,137009,855.04,2026-10-02
GODREJCP,EQ,852.0,852.0,838.0,840.0,850.0,838419,7071.05,2026-10-02
GODREJIND,EQ,1041.0,1041.0,985.2,1019.6,1039.4,105287,1065.09,2026-10-02
GODREJPROP,EQ,1623.3,1632.9,1566.6,1595.8,1628.5,496337,7919.2,2026-10-02
GOKEX,EQ,684.1,699.0,675.8,688.75,687.8,207663,1428.43,2026-10-02
GOKUL,EQ,39.89,39.89,38.04,38.66,39.42,210753,82.34,2026-10-02
GOKULAGRO,EQ,210.23,215.16,207.0,210.1,212.98,232856,489.96,2026-10-02
GOLD1,EQ,122.48,123.26,122.21,122.74,122.88,2061147,2529.21,2026-10-02
GOLD360,EQ,143.75,144.4,141.65,143.35,143.6,5094,7.3,2026-10-02
GOLDADD,EQ,14.28,14.39,14.21,14.28,14.28,4307436,614.81,2026-10-02
GOLDAXIS,EQ,122.29,122.97,121.8,122.36,122.48,1110357,1359.76,2026-10-02
GOLDBEES,EQ,121.32,122.0,120.81,121.43,121.59,17170693,20854.28,2026-10-02
GOLDBETA,EQ,123.7,124.2,123.1,123.7,123.85,863561,1068.45,2026-10-02
GOLDBND,EQ,147.0,147.68,145.1,146.75,147.19,27441,40.29,2026-10-02
GOLDCASE,EQ,23.08,23.3,23.01,23.18,23.16,10240971,2369.99,2026-10-02
GOLDETF,EQ,142.62,143.5,142.38,143.08,143.02,1134303,1622.22,2026-10-02
GOLDIAM,EQ,312.5,316.55,302.4,310.8,313.45,423092,1311.03,2026-10-02
GOLDIETF,EQ,125.68,126.5,125.44,125.79,126.07,5826082,7333.85,2026-10-02
GOODLUCK,EQ,504.0,504.9,475.6,499.35,508.05,720407,3542.29,2026-10-02
GOODYEAR,EQ,701.0,707.0,690.0,694.3,703.15,5259,36.65,2026-10-02
GOPAL,EQ,253.0,276.0,249.95,254.75,250.95,592656,1551.07,2026-10-02
GOYALALUM,EQ,5.98,5.98,5.83,5.91,5.86,30687,1.81,2026-10-02
GPIL,EQ,221.05,222.08,210.42,215.67,222.34,2042248,4397.47,2026-10-02
GPPL,EQ,166.75,169.9,162.7,165.88,166.75,1997403,3332.95,2026-10-02
GPTHEALTH,EQ,149.0,153.83,147.01,151.47,150.74,125173,187.89,2026-10-02
GPTINFRA,EQ,118.33,121.9,116.12,118.66,118.34,1103389,1314.98,2026-10-02
GRANDOAK,EQ,34.74,35.89,34.35,34.8,34.19,6337,2.24,2026-10-02
GRANULES,EQ,841.7,849.1,814.05,821.75,846.55,783432,6472.1,2026-10-02
GRAPHITE,EQ,763.95,791.45,756.9,786.15,764.8,1585680,12263.56,2026-10-02
GRASIM,EQ,3038.0,3045.0,2944.4,2962.0,3061.9,1385746,41146.1,2026-10-02
GRAUWEIL,EQ,81.8,83.56,79.37,81.8,82.77,531298,429.79,2026-10-02
GRAVITA,EQ,1442.3,1445.5,1388.0,1412.6,1447.4,291677,4112.05,2026-10-02
GREAVESCOT,EQ,228.95,229.99,220.2,225.98,230.28,1763832,3972.03,2026-10-02
GREENLAM,EQ,212.85,216.0,207.4,213.62,212.85,114653,242.61,2026-10-02
GREENPANEL,EQ,160.95,160.95,155.0,158.59,160.32,121066,191.08,2026-10-02
GREENPLY,EQ,300.55,304.75,295.85,303.7,299.95,393933,1182.58,2026-10-02
GREENPOWER,EQ,8.8,8.9,8.61,8.77,8.83,1489357,130.11,2026-10-02
GRINDWELL,EQ,1994.1,2005.0,1955.2,1975.8,1994.1,27469,544.25,2026-10-02
GRINFRA,EQ,796.5,802.45,775.0,790.2,800.6,20058,158.33,2026-10-02
GRMOVER,EQ,78.5,78.53,77.0,77.87,78.92,1052630,818.11,2026-10-02
GROBTEA,EQ,909.0,909.0,878.0,878.5,909.1,61,0.54,2026-10-02
GROWW,EQ,183.5,185.36,178.01,180.11,183.91,18076780,32677.14,2026-10-02
GROWWCAPM,EQ,10.98,10.98,10.54,10.67,10.76,551537,58.82,2026-10-02
GROWWCHEM,EQ,28.63,28.63,27.67,28.36,28.37,35896,10.06,2026-10-02
GROWWDEFNC,EQ,92.12,92.78,90.0,91.65,92.51,304785,278.59,2026-10-02
GROWWEV,EQ,30.59,30.84,29.59,30.05,30.59,488919,146.81,2026-10-02
GROWWGOLD,EQ,14.3,14.44,14.28,14.32,14.33,1897190,272.23,2026-10-02
GROWWHOSPI,EQ,49.0,49.0,46.3,47.85,48.11,1459703,694.26,2026-10-02
GROWWLIQID,EQ,110.52,111.02,110.52,111.01,110.95,321953,357.4,2026-10-02
GROWWLOVOL,EQ,9.82,10.15,9.65,9.82,9.86,18392,1.8,2026-10-02
GROWWMC150,EQ,224.85,224.85,215.01,217.92,227.14,5062,11.02,2026-10-02
GROWWMETAL,EQ,12.4,12.4,11.75,11.95,12.24,654449,78.35,2026-10-02
GROWWMOM50,EQ,10.8,10.8,10.4,10.55,10.59,259703,27.31,2026-10-02
GROWWN200,EQ,10.6,10.73,10.5,10.64,10.68,47147,5.01,2026-10-02
GROWWNET,EQ,10.21,10.21,9.69,9.84,10.01,772074,75.76,2026-10-02
GROWWNIFTY,EQ,9.4,9.4,9.01,9.12,9.18,1529873,139.23,2026-10-02
GROWWNXT50,EQ,70.98,70.98,68.5,70.94,70.3,13270,9.25,2026-10-02
GROWWPOWER,EQ,11.06,11.06,10.6,10.84,10.84,3023108,326.55,2026-10-02
GROWWPSE,EQ,93.75,98.0,92.06,93.62,94.02,5362,5.01,2026-10-02
GROWWPSUBK,EQ,81.81,82.0,79.05,80.03,82.17,7655,6.14,2026-10-02
GROWWRAIL,EQ,26.56,26.71,25.8,26.1,26.55,926620,241.87,2026-10-02
GROWWRLTY,EQ,9.44,9.51,9.24,9.37,9.48,279065,26.08,2026-10-02
GROWWSC250,EQ,10.39,10.39,10.06,10.19,10.32,143221,14.59,2026-10-02
GROWWSLVR,EQ,21.53,21.61,21.32,21.39,21.49,860582,184.78,2026-10-02
GRPLTD,EQ,1938.0,1938.0,1808.8,1895.0,1898.6,1678,31.44,2026-10-02
GRSE,EQ,2170.0,2173.0,2077.0,2111.1,2181.9,571755,12103.62,2026-10-02
GRWRHITECH,EQ,7015.5,7037.5,6787.5,6925.5,7015.5,29548,2045.84,2026-10-02
GSEC10ABSL,EQ,111.79,111.79,111.79,111.79,111.9,1,0.0,2026-10-02
GSEC10IETF,EQ,262.62,262.62,258.19,258.19,262.12,8759,22.89,2026-10-02
GSEC10YEAR,EQ,30.1,30.24,29.9,29.9,30.1,357,0.11,2026-10-02
GSEC5IETF,EQ,65.97,66.34,65.67,65.7,66.04,18480,12.2,2026-10-02
GSFC,EQ,150.25,150.25,145.2,146.9,150.79,1070806,1579.29,2026-10-02
GSLSU,EQ,30.6,31.25,29.45,29.96,31.0,35027,10.61,2026-10-02
GSPCROP,EQ,467.15,467.15,452.0,454.35,467.15,279531,1279.24,2026-10-02
GSS,EQ,10.16,10.6,10.16,10.33,10.37,28600,2.95,2026-10-02
GTECJAINX,EQ,35.88,35.88,35.88,35.88,32.62,8844,3.17,2026-10-02
GTL,EQ,6.95,6.95,6.78,6.82,6.88,118621,8.15,2026-10-02
GTLINFRA,EQ,1.08,1.09,1.04,1.07,1.08,46020282,491.62,2026-10-02
GTPL,EQ,55.28,57.56,54.15,55.39,54.86,45190,25.39,2026-10-02
GUFICBIO,EQ,425.0,428.8,400.0,418.4,432.0,218739,902.51,2026-10-02
GUJALKALI,EQ,611.1,615.0,590.0,603.6,618.85,66105,398.08,2026-10-02
GUJAPOLLO,EQ,330.0,333.95,320.0,324.85,330.0,12118,39.88,2026-10-02
GUJENERGY,EQ,236.5,236.5,225.5,230.07,237.58,2083752,4792.9,2026-10-02
GUJRAFFIA,EQ,41.44,41.44,39.01,40.27,40.69,1350,0.54,2026-10-02
GUJTHEM,EQ,385.0,395.0,368.6,381.8,387.6,397655,1510.43,2026-10-02
GULFOILLUB,EQ,1129.1,1129.1,1089.0,1093.0,1125.4,34205,379.35,2026-10-02
GULPOLY,EQ,165.86,167.65,158.86,161.75,165.86,91855,148.67,2026-10-02
GVPIL,EQ,685.0,693.0,652.6,679.5,678.4,212804,1433.02,2026-10-02
GVT&D,EQ,4239.9,4334.0,4213.3,4253.2,4201.0,784543,33566.21,2026-10-02
GYFTR,EQ,163.21,163.51,155.05,156.79,159.16,160086,251.68,2026-10-02
HAL,EQ,4666.0,4699.7,4559.3,4601.0,4668.0,739864,34292.02,2026-10-02
HALDER,EQ,252.0,258.8,227.6,232.73,245.75,1811,4.42,2026-10-02
HALDYNGL,EQ,154.9,155.8,144.0,146.05,154.46,83368,123.98,2026-10-02
HALEOSLABS,EQ,1499.8,1500.0,1450.0,1490.0,1501.4,885,13.19,2026-10-02
HAMPTON,EQ,7.9,8.44,7.67,8.09,8.08,3750,0.3,2026-10-02
HAPPSTMNDS,EQ,310.0,313.35,300.0,304.7,310.6,560349,1709.66,2026-10-02
HAPPYFORGE,EQ,2079.8,2099.3,1991.0,2003.7,2067.2,100454,2031.33,2026-10-02
HARDWYN,EQ,9.19,9.29,8.85,9.19,9.21,573580,52.42,2026-10-02
HARIOMPIPE,EQ,342.15,342.25,325.75,332.35,340.95,102151,340.53,2026-10-02
HARRMALAYA,EQ,180.95,182.3,172.0,179.67,179.13,8615,15.32,2026-10-02
HARSHA,EQ,472.05,484.8,454.7,474.5,470.3,401993,1902.37,2026-10-02
HATHWAY,EQ,9.38,9.41,9.1,9.32,9.45,1551707,143.72,2026-10-02
HATSUN,EQ,1099.0,1122.1,1078.3,1118.1,1099.0,22578,248.06,2026-10-02
HAVELLS,EQ,1020.0,1041.8,1019.7,1040.0,1016.0,2030089,21017.09,2026-10-02
HAVISHA,EQ,1.32,1.48,1.32,1.35,1.34,88827,1.23,2026-10-02
HAWKINCOOK,EQ,7946.5,8061.0,7890.0,8026.0,8007.5,955,76.26,2026-10-02
HAZOOR,EQ,18.2,18.58,17.81,17.94,18.65,207228,37.5,2026-10-02
HBESD,EQ,65.26,69.56,60.26,65.11,71.63,1078,0.71,2026-10-02
HBLENGINE,EQ,789.95,789.95,760.1,779.35,794.5,1396672,10842.11,2026-10-02
HBPOR,EQ,60.45,60.5,58.6,59.83,59.3,395,0.24,2026-10-02
HBSL,EQ,57.6,58.5,55.5,57.03,55.89,4313,2.46,2026-10-02
HCC,EQ,20.4,20.56,19.88,20.23,20.41,16600215,3351.73,2026-10-02
HCG,EQ,666.05,675.0,656.05,668.75,666.05,108392,721.36,2026-10-02
HCL-INSYS,EQ,10.02,10.24,9.86,10.04,10.1,313156,31.45,2026-10-02
HCLTECH,EQ,1230.0,1256.0,1228.9,1243.1,1230.0,3430282,42595.96,2026-10-02
HDBFS,EQ,620.05,622.25,602.6,618.2,621.3,440447,2699.4,2026-10-02
HDFCAMC,EQ,2282.0,2321.1,2269.7,2308.1,2280.7,1134071,26016.22,2026-10-02
HDFCBANK,EQ,708.4,721.3,707.1,721.2,708.7,37389857,267906.93,2026-10-02
HDFCBSE500,EQ,35.5,35.7,34.89,35.41,35.71,447593,157.07,2026-10-02
HDFCGOLD,EQ,125.49,126.1,125.06,125.58,125.75,3414958,4288.22,2026-10-02
HDFCGROWTH,EQ,108.03,111.98,108.03,109.96,110.8,14185,15.55,2026-10-02
HDFCLIFE,EQ,518.0,538.9,517.4,534.2,521.2,4008935,21298.57,2026-10-02
HDFCLIQUID,EQ,1081.14,1083.65,1076.65,1080.61,1080.05,57033,616.31,2026-10-02
HDFCLOWVOL,EQ,19.25,19.31,19.0,19.15,19.33,4017,0.77,2026-10-02
HDFCMID150,EQ,22.71,22.71,21.67,21.95,22.16,1164486,255.68,2026-10-02
HDFCMOMENT,EQ,29.92,31.9,29.11,30.11,29.92,500553,148.39,2026-10-02
HDFCNEXT50,EQ,71.45,71.45,69.82,70.5,71.48,229503,161.8,2026-10-02
HDFCNIF100,EQ,25.04,26.5,24.15,24.75,25.04,202276,49.32,2026-10-02
HDFCNIFBAN,EQ,56.47,56.82,55.69,56.2,56.47,60344,33.91,2026-10-02
HDFCNIFIT,EQ,29.98,30.28,29.55,29.87,29.62,244781,72.88,2026-10-02
HDFCNIFTY,EQ,262.23,262.23,251.18,254.22,255.84,342495,866.83,2026-10-02
HDFCNIMEG,EQ,127.11,127.5,122.97,124.33,128.0,47592,59.12,2026-10-02
HDFCPSUBK,EQ,81.78,81.97,79.62,80.52,81.57,21442,17.25,2026-10-02
HDFCPVTBAN,EQ,27.24,27.61,27.0,27.37,27.27,1380967,377.78,2026-10-02
HDFCQUAL,EQ,55.4,55.4,54.27,54.86,55.47,10418,5.71,2026-10-02
HDFCSENSEX,EQ,82.56,82.98,81.1,81.84,82.56,162897,133.22,2026-10-02
HDFCSILVER,EQ,209.63,210.68,208.03,208.74,209.63,2145454,4486.57,2026-10-02
HDFCSML250,EQ,179.32,179.4,175.11,177.81,179.55,2126207,3764.29,2026-10-02
HDFCVALUE,EQ,118.86,119.5,117.0,118.11,118.37,16898,19.86,2026-10-02
HEADSUP,EQ,6.85,6.85,6.27,6.4,6.75,5132,0.33,2026-10-02
HEALTHADD,EQ,16.26,16.33,16.1,16.21,16.33,54116,8.78,2026-10-02
HEALTHAXIS,EQ,164.55,164.89,161.97,163.58,164.49,15400,25.19,2026-10-02
HEALTHCARE,EQ,21.15,21.99,20.8,21.02,21.15,54599,11.43,2026-10-02
HEALTHIETF,EQ,166.5,168.5,163.22,164.59,166.5,264403,434.03,2026-10-02
HEALTHX,EQ,290.0,290.0,270.2,273.0,285.05,5260,14.36,2026-10-02
HEALTHY,EQ,16.59,16.76,16.34,16.47,16.58,1052535,173.46,2026-10-02
HECPROJECT,EQ,111.0,115.0,111.0,111.86,113.0,4772,5.35,2026-10-02
HEGAM,EQ,240.0,241.79,232.65,239.28,237.65,771383,1829.69,2026-10-02
HEIDELBERG,EQ,132.8,132.8,128.45,130.57,132.6,133605,173.86,2026-10-02
HEMIPROP,EQ,114.05,114.07,109.81,111.5,114.07,750373,836.17,2026-10-02
HERANBA,EQ,175.5,177.39,169.0,172.12,176.53,66295,114.46,2026-10-02
HERITGFOOD,EQ,400.0,415.6,394.15,402.9,402.0,324704,1317.08,2026-10-02
HEROMOTOCO,EQ,5235.0,5290.0,5051.0,5168.0,5241.0,862662,44599.73,2026-10-02
HEROMOTORS,EQ,159.99,167.8,159.03,167.8,152.55,87174697,143119.43,2026-10-02
HESTERBIO,EQ,2162.7,2167.9,2075.5,2126.8,2175.8,2718,57.57,2026-10-02
HEXATRADEX,EQ,159.4,159.4,153.5,154.96,156.85,5701,8.8,2026-10-02
HEXT,EQ,494.1,502.6,481.6,490.45,494.1,258061,1261.0,2026-10-02
HGINFRA,EQ,433.0,433.8,409.0,419.9,432.75,248381,1041.83,2026-10-02
HGM,EQ,42.0,42.0,39.8,40.36,42.56,6341,2.57,2026-10-02
HGS,EQ,374.95,375.25,363.0,367.05,370.05,9114,33.56,2026-10-02
HIKAL,EQ,218.19,224.99,213.77,218.14,217.89,942244,2074.34,2026-10-02
HILINFRA,EQ,45.42,46.8,44.01,45.06,42.75,1172963,534.71,2026-10-02
HILTON,EQ,16.65,17.15,16.15,16.86,16.34,144115,24.25,2026-10-02
HIMATSEIDE,EQ,66.0,66.01,63.0,64.15,66.4,513252,329.1,2026-10-02
HINDADH,EQ,377.55,385.0,374.0,384.0,385.4,2461,9.36,2026-10-02
HINDALCO,EQ,935.0,946.65,923.5,941.85,941.8,5877840,55050.99,2026-10-02
HINDALUMI,EQ,92.0,92.69,89.0,90.76,92.69,2057,1.88,2026-10-02
HINDCOMPOS,EQ,384.45,384.45,372.5,380.8,381.3,1341,5.09,2026-10-02
HINDCON,EQ,34.88,34.88,33.3,33.3,35.05,73537,24.84,2026-10-02
HINDCOPPER,EQ,469.85,471.2,450.0,462.15,472.65,6827265,31375.73,2026-10-02
HINDOILEXP,EQ,171.27,171.52,164.5,167.31,171.55,472707,791.25,2026-10-02
HINDPETRO,EQ,351.15,352.8,344.0,345.0,350.35,5754484,20024.99,2026-10-02
HINDUNILVR,EQ,1870.1,1873.6,1826.9,1836.0,1879.1,1331680,24567.84,2026-10-02
HINDWAREAP,EQ,169.97,172.1,167.07,170.53,169.97,129981,220.35,2026-10-02
HINDZINC,EQ,564.4,566.35,547.2,555.05,566.0,3165448,17623.92,2026-10-02
HIRECT,EQ,1142.0,1165.9,1102.5,1123.8,1147.2,50921,574.32,2026-10-02
HISARMETAL,EQ,148.98,148.98,144.1,146.92,148.97,4852,7.13,2026-10-02
HITECH,EQ,72.5,72.53,69.86,71.42,72.61,517898,367.93,2026-10-02
HLEGLAS,EQ,448.45,455.45,430.05,442.05,439.4,219734,968.07,2026-10-02
HLVLTD,EQ,6.31,6.45,6.12,6.31,6.41,154005,9.68,2026-10-02
HMAAGRO,EQ,24.04,24.11,23.04,23.47,23.92,2581703,602.98,2026-10-02
HNDFDS,EQ,567.3,583.1,567.3,574.6,574.75,70210,403.78,2026-10-02
HNGSNGBEES,EQ,450.0,465.97,450.0,455.1,457.47,94952,432.5,2026-10-02
HOMEFIRST,EQ,1102.8,1129.0,1084.2,1125.7,1104.8,187768,2078.25,2026-10-02
HONASA,EQ,427.35,431.0,413.85,427.9,431.35,1936982,8216.16,2026-10-02
HONAUT,EQ,33105.0,33760.0,33025.0,33470.0,33460.0,8388,2803.42,2026-10-02
HONDAPOWER,EQ,1896.8,1915.0,1835.0,1886.3,1874.5,2893,54.06,2026-10-02
HORIZONIND,EQ,50.1,50.31,48.11,48.65,50.28,4049133,2000.83,2026-10-02
HPAL,EQ,33.83,34.25,33.17,33.81,33.83,51014,17.05,2026-10-02
HPIL,EQ,114.5,114.89,112.0,114.44,115.37,163,0.18,2026-10-02
HPL,EQ,270.4,270.4,260.3,267.2,269.05,93293,247.66,2026-10-02
HRYNSHP,EQ,96.05,99.9,95.5,97.98,96.0,580,0.57,2026-10-02
HSBCGOLD,EQ,129.69,129.69,127.17,127.95,127.47,57399,73.39,2026-10-02
HSCL,EQ,675.25,677.75,658.7,665.15,677.8,1431438,9542.72,2026-10-02
HTEL,EQ,73.4,75.1,70.5,72.92,72.29,1986272,1446.64,2026-10-02
HTMEDIA,EQ,23.55,23.55,22.2,22.38,23.02,115588,26.15,2026-10-02
HUBTOWN,EQ,183.0,184.37,174.32,177.42,182.28,420252,756.51,2026-10-02
HUDCO,EQ,167.94,167.94,159.51,161.54,166.58,3136559,5120.17,2026-10-02
HUHTAMAKI,EQ,235.3,235.3,227.81,232.72,237.35,94577,219.11,2026-10-02
HYBRIDETF,EQ,9.8,9.83,9.71,9.72,9.8,9554,0.93,2026-10-02
HYBRIDFIN,EQ,17.9,18.25,16.8,17.36,17.94,95433,16.7,2026-10-02
HYUNDAI,EQ,2031.0,2078.6,2002.0,2024.0,2031.0,1795808,36646.93,2026-10-02
IBULLSLTD,EQ,29.55,30.14,28.58,29.43,29.61,14659328,4284.67,2026-10-02
ICEMAKE,EQ,629.55,629.9,602.0,623.65,629.55,31483,193.46,2026-10-02
ICICIAMC,EQ,3121.0,3121.1,3055.0,3084.4,3136.7,524043,16153.7,2026-10-02
ICICIB22,EQ,109.0,110.9,107.59,108.91,109.96,332463,360.5,2026-10-02
ICICIBANK,EQ,1316.0,1329.9,1308.4,1310.6,1321.7,13163495,173522.43,2026-10-02
ICICIGI,EQ,1579.0,1594.7,1562.6,1563.0,1590.0,1189772,18778.05,2026-10-02
ICICIPRULI,EQ,443.8,450.55,441.8,448.05,443.8,1267559,5653.03,2026-10-02
ICIL,EQ,461.0,466.7,435.45,443.65,460.4,435107,1951.04,2026-10-02
ICRA,EQ,4232.0,4346.5,4205.1,4318.3,4232.0,24641,1056.98,2026-10-02
IDBI,EQ,81.87,87.39,81.32,86.57,82.2,26713864,22672.18,2026-10-02
IDEA,EQ,12.95,13.14,12.5,12.64,12.95,612490273,78459.95,2026-10-02
IDEAFORGE,EQ,735.0,767.45,724.4,735.0,730.95,409863,3053.33,2026-10-02
IDFCFIRSTB,EQ,80.95,81.38,79.53,80.39,81.44,24434109,19697.28,2026-10-02
IDFNIFTYET,EQ,254.88,254.88,245.46,247.02,254.93,5604,13.92,2026-10-02
IEX,EQ,107.01,107.38,104.18,105.98,107.0,3180623,3365.33,2026-10-02
IFBAGRO,EQ,919.95,919.95,853.85,866.95,891.65,2552,22.29,2026-10-02
IFBIND,EQ,1201.0,1213.7,1152.1,1166.2,1201.0,41264,485.05,2026-10-02
IFCI,EQ,68.55,68.55,64.25,65.14,68.77,41910107,27660.49,2026-10-02
IFGLEXPOR,EQ,196.8,196.8,184.13,189.57,191.45,34168,64.53,2026-10-02
IGARASHI,EQ,402.0,405.35,387.05,398.95,403.4,68004,268.77,2026-10-02
IGCL,EQ,57.25,57.25,51.72,54.62,56.8,234071,125.85,2026-10-02
IGIL,EQ,317.4,317.95,308.4,311.95,315.9,247930,773.87,2026-10-02
IGL,EQ,143.2,143.9,139.33,142.79,145.61,2346741,3318.6,2026-10-02
IGPL,EQ,588.85,590.45,562.65,569.55,579.75,61516,353.26,2026-10-02
IIFL,EQ,600.0,606.6,577.0,583.8,600.75,1821159,10713.89,2026-10-02
IIFLCAPS,EQ,343.1,346.5,342.5,345.6,346.0,654711,2252.48,2026-10-02
IITL,EQ,133.0,139.85,128.25,132.56,133.26,91702,121.54,2026-10-02
IKIO,EQ,196.85,199.85,186.77,190.96,196.85,133638,256.28,2026-10-02
IKS,EQ,1747.0,1783.8,1726.1,1776.4,1747.5,149999,2629.09,2026-10-02
IMAGICAA,EQ,50.56,52.26,49.52,50.7,51.08,512963,260.02,2026-10-02
IMFA,EQ,1190.9,1210.0,1148.0,1176.8,1190.9,141199,1654.13,2026-10-02
IMPAL,EQ,1037.5,1050.0,998.3,1009.1,1037.5,2586,26.35,2026-10-02
INA,EQ,89.01,89.01,84.71,87.02,87.5,699639,605.13,2026-10-02
INCREDIBLE,EQ,32.98,34.0,30.51,31.37,32.61,5442,1.77,2026-10-02
INDBANK,EQ,25.4,25.5,25.05,25.2,25.36,11592,2.92,2026-10-02
INDGN,EQ,587.0,601.55,580.0,593.5,590.75,485930,2866.88,2026-10-02
INDHOTEL,EQ,728.0,732.95,712.3,718.0,728.65,4023940,29093.04,2026-10-02
INDIACEM,EQ,300.5,303.0,290.25,295.15,301.85,231935,686.56,2026-10-02
INDIAGLYCO,EQ,306.8,306.8,290.0,298.8,307.4,273493,815.05,2026-10-02
INDIAMART,EQ,1620.0,1641.0,1590.1,1620.3,1629.0,60779,976.9,2026-10-02
INDIANB,EQ,805.9,810.5,786.85,793.15,805.9,671392,5349.75,2026-10-02
INDIANCARD,EQ,192.95,192.95,183.04,188.37,186.13,2084,3.91,2026-10-02
INDIANHUME,EQ,354.5,354.5,337.85,346.1,352.8,33765,116.26,2026-10-02
INDIASHLTR,EQ,630.5,650.0,630.5,645.6,635.6,88297,566.53,2026-10-02
INDIGO,EQ,4936.0,5016.2,4878.0,4929.9,4984.0,592514,29255.3,2026-10-02
INDIGOPNTS,EQ,1078.9,1086.1,1050.0,1053.5,1091.0,75763,802.8,2026-10-02
INDIQUBE,EQ,195.0,200.0,191.15,197.49,196.38,25992,50.79,2026-10-02
INDNIPPON,EQ,1255.0,1270.0,1187.7,1224.4,1244.4,84237,1032.65,2026-10-02
INDOAMIN,EQ,145.0,146.0,133.45,136.52,142.07,293231,406.3,2026-10-02
INDOBORAX,EQ,481.45,481.5,458.8,469.5,481.45,90013,422.55,2026-10-02
INDOCO,EQ,256.0,257.7,245.3,251.75,261.67,291376,732.56,2026-10-02
INDOFARM,EQ,134.37,134.81,128.25,131.77,134.45,100442,132.28,2026-10-02
INDOKEM,EQ,602.7,609.9,590.0,603.7,600.45,5070,30.41,2026-10-02
INDOMIM,EQ,1227.0,1285.0,1215.0,1271.8,1242.45,901958,11254.18,2026-10-02
INDORAMA,EQ,98.0,101.64,91.55,95.81,100.36,1609228,1532.5,2026-10-02
INDOSTAR,EQ,214.55,214.68,199.84,206.35,213.54,113755,233.1,2026-10-02
INDOTECH,EQ,3204.3,3347.6,3141.0,3347.6,3188.2,50433,1670.68,2026-10-02
INDOTHAI,EQ,34.4,35.19,34.0,35.19,33.52,1541578,538.68,2026-10-02
INDOUS,EQ,79.0,79.0,76.3,76.75,78.22,533,0.41,2026-10-02
INDOWIND,EQ,8.84,8.84,8.21,8.44,8.69,118799,10.04,2026-10-02
INDPRUD,EQ,6494.0,6494.0,6251.0,6255.5,6336.5,97,6.1,2026-10-02
INDRAMEDCO,EQ,345.0,346.25,335.5,338.6,348.95,320580,1086.86,2026-10-02
INDSWFTLAB,EQ,388.6,409.9,379.5,395.15,388.75,749983,2965.72,2026-10-02
INDTERRAIN,EQ,29.35,29.93,29.15,29.22,29.42,6847,2.0,2026-10-02
INDUSINDBK,EQ,896.1,900.75,880.3,886.85,901.4,1761249,15667.3,2026-10-02
INDUSTOWER,EQ,371.1,384.7,370.0,376.25,373.2,9498411,36014.78,2026-10-02
INFOBEAN,EQ,141.79,149.94,141.79,143.58,143.5,237666,343.24,2026-10-02
INFOMEDIA,EQ,5.55,5.55,5.05,5.32,5.38,17374,0.9,2026-10-02
INFRA,EQ,11.49,11.5,11.21,11.4,11.5,30176,3.43,2026-10-02
INFRABEES,EQ,898.49,905.9,884.0,895.24,903.01,13161,117.61,2026-10-02
INFRAIETF,EQ,90.58,90.58,88.0,89.2,90.81,148841,132.18,2026-10-02
INFY,EQ,1010.0,1035.0,999.15,1035.0,994.1,15166446,154095.41,2026-10-02
INGERRAND,EQ,4136.0,4175.0,4075.7,4158.8,4144.0,12216,503.53,2026-10-02
INNOVACAP,EQ,1171.3,1215.0,1139.2,1168.0,1159.8,268967,3150.45,2026-10-02
INNOVANA,EQ,298.0,298.0,279.2,290.2,292.55,25514,73.69,2026-10-02
INNOVISION,EQ,250.45,256.2,250.35,253.0,252.0,21262,53.88,2026-10-02
INOXGREEN,EQ,161.49,163.73,155.36,159.0,161.07,980980,1560.11,2026-10-02
INOXINDIA,EQ,2052.5,2183.0,2013.2,2168.3,2052.5,629630,13385.25,2026-10-02
INOXWIND,EQ,69.4,70.1,67.1,68.75,69.51,9972133,6849.64,2026-10-02
INSECTICID,EQ,581.4,587.85,561.05,568.7,584.3,17552,100.31,2026-10-02
INSPIRISYS,EQ,87.0,87.98,83.0,83.83,87.16,5889,5.0,2026-10-02
INSUREIETF,EQ,14.55,14.94,14.39,14.6,14.55,3307428,480.54,2026-10-02
INTELLECT,EQ,612.7,618.9,593.2,610.95,613.65,271796,1650.17,2026-10-02
INTENTECH,EQ,84.21,84.46,81.25,81.98,84.46,19209,15.87,2026-10-02
INTERARCH,EQ,1712.9,1712.9,1641.2,1666.9,1673.4,61235,1022.6,2026-10-02
INTERNET,EQ,13.97,13.97,13.05,13.2,13.51,346733,45.98,2026-10-02
INTLCONV,EQ,80.5,80.82,79.9,80.03,80.01,43975,35.18,2026-10-02
INVENTURE,EQ,0.86,0.87,0.85,0.85,0.86,399389,3.43,2026-10-02
IOB,EQ,30.66,30.83,30.07,30.38,30.96,2774243,844.85,2026-10-02
IOC,EQ,134.0,134.1,131.2,131.34,134.93,12239747,16226.15,2026-10-02
IOLCP,EQ,206.0,213.69,202.57,209.39,207.08,4041973,8412.68,2026-10-02
IONEXCHANG,EQ,413.5,413.5,393.95,406.4,411.15,219266,883.89,2026-10-02
IPCALAB,EQ,1929.9,1966.8,1880.8,1943.2,1927.0,323967,6291.1,2026-10-02
IPL,EQ,131.5,132.48,128.25,130.68,132.72,173318,225.5,2026-10-02
IPRINGLTD,EQ,142.13,142.13,140.2,141.95,145.03,66,0.09,2026-10-02
IRB,EQ,17.2,17.2,16.82,17.0,17.49,10838420,1842.63,2026-10-02
IRCON,EQ,114.0,114.4,108.5,110.25,117.09,20851568,23127.89,2026-10-02
IRCTC,EQ,454.8,466.25,446.8,454.1,455.4,1528758,6972.23,2026-10-02
IREDA,EQ,111.5,111.86,108.53,111.0,111.68,5290233,5836.49,2026-10-02
IRFC,EQ,78.7,78.92,76.51,77.06,79.28,12764829,9905.31,2026-10-02
IRIS,EQ,228.6,229.9,222.0,225.1,223.38,11672,26.27,2026-10-02
IRISDOREME,EQ,61.55,63.0,59.23,60.46,61.55,180441,110.2,2026-10-02
IRMENERGY,EQ,263.5,263.7,253.05,257.7,264.45,60300,155.43,2026-10-02
ISGEC,EQ,879.6,929.9,865.55,919.7,883.1,203704,1839.22,2026-10-02
ISHANCH,EQ,48.02,48.98,46.2,47.3,47.82,16306,7.71,2026-10-02
ISTLTD,EQ,642.9,646.0,625.1,635.0,642.9,857,5.48,2026-10-02
IT,EQ,30.8,31.52,30.4,31.15,30.83,391831,122.1,2026-10-02
ITADD,EQ,29.94,30.11,29.49,29.78,29.55,21138,6.3,2026-10-02
ITAXIS,EQ,308.7,314.0,305.22,309.81,305.64,3151,9.78,2026-10-02
ITBEES,EQ,30.86,31.56,30.7,31.38,30.86,9614116,2997.29,2026-10-02
ITBETA,EQ,295.2,298.0,293.23,297.27,292.6,704,2.08,2026-10-02
ITC,EQ,262.7,262.7,254.65,255.9,262.75,16447266,42304.9,2026-10-02
ITCHOTELS,EQ,163.2,163.3,157.05,158.51,164.13,2346443,3740.67,2026-10-02
ITDC,EQ,676.5,678.7,660.65,665.6,687.65,162183,1086.63,2026-10-02
ITETF,EQ,29.74,30.07,29.4,29.92,29.47,816968,243.14,2026-10-02
ITI,EQ,244.8,245.8,238.13,241.54,246.4,157624,381.59,2026-10-02
ITIETF,EQ,31.2,31.45,30.63,31.07,30.9,702626,218.72,2026-10-02
ITL,EQ,358.8,358.8,340.0,348.0,351.2,4106,14.2,2026-10-02
IVALUE,EQ,222.0,230.0,216.5,219.28,222.76,195136,435.04,2026-10-02
IVC,EQ,8.08,8.08,7.66,7.81,7.8,348348,27.38,2026-10-02
IVZBANKNF,EQ,55.05,55.19,54.08,54.5,53.49,353,0.19,2026-10-02
IVZINGOLD,EQ,128.7,128.7,127.35,128.0,128.9,82216,105.17,2026-10-02
IVZINNIFTY,EQ,266.32,266.32,255.3,258.5,259.83,1374,3.54,2026-10-02
IVZSENSEX,EQ,79.9,79.9,71.69,71.97,72.77,1718,1.24,2026-10-02
IWP,EQ,38.4,38.4,34.82,36.46,37.52,33434,12.28,2026-10-02
IXIGO,EQ,163.0,163.03,159.36,161.9,162.89,665583,1075.4,2026-10-02
IZMO,EQ,889.95,889.95,832.6,855.95,874.8,79046,675.1,2026-10-02
J&KBANK,EQ,138.4,143.06,136.8,139.98,138.65,3955477,5541.35,2026-10-02
JAGRAN,EQ,61.46,61.84,61.2,61.55,62.3,207076,127.32,2026-10-02
JAGSNPHARM,EQ,237.74,238.01,225.46,231.73,237.74,144354,333.04,2026-10-02
JAIBALAJI,EQ,62.51,62.58,60.33,61.72,62.24,504237,310.56,2026-10-02
JAICORPLTD,EQ,91.4,91.4,87.6,89.54,91.69,304700,272.02,2026-10-02
JAINREC,EQ,289.85,290.85,278.65,282.5,292.35,784762,2224.74,2026-10-02
JAIPURKURT,EQ,27.0,27.0,25.5,26.49,26.69,10275,2.69,2026-10-02
JAMNAAUTO,EQ,136.35,136.4,128.41,131.66,136.35,1577845,2075.01,2026-10-02
JARO,EQ,420.0,420.85,403.4,408.4,420.1,99816,411.98,2026-10-02
JASH,EQ,591.45,591.45,560.1,576.3,591.65,408620,2358.23,2026-10-02
JAYAGROGN,EQ,222.4,222.78,209.88,211.22,223.18,68473,147.18,2026-10-02
JAYBARMARU,EQ,128.5,132.0,124.77,130.8,128.39,746037,957.46,2026-10-02
JAYKAY,EQ,204.78,209.95,198.3,201.46,204.93,437158,890.37,2026-10-02
JAYNECOIND,EQ,92.51,92.95,89.01,91.28,92.79,3192474,2903.66,2026-10-02
JAYSREETEA,EQ,85.5,86.89,82.7,83.65,85.74,30269,25.55,2026-10-02
JBMA,EQ,551.75,555.3,533.95,544.65,556.5,403885,2188.97,2026-10-02
JENBURPH,EQ,925.1,944.8,910.0,915.25,914.6,3262,30.07,2026-10-02
JETFREIGHT,EQ,20.94,20.97,19.1,19.59,20.74,232005,46.45,2026-10-02
JGCHEM,EQ,634.8,637.7,590.1,610.3,645.1,792128,4827.84,2026-10-02
JHS,EQ,13.47,13.69,11.22,11.7,12.45,4065094,513.82,2026-10-02
JINDALPHOT,EQ,1040.5,1052.8,1025.1,1031.8,1040.5,779,8.08,2026-10-02
JINDALPOLY,EQ,664.2,673.1,637.0,653.7,672.55,15020,98.23,2026-10-02
JINDALSAW,EQ,274.7,274.8,260.6,270.3,277.7,2164459,5797.84,2026-10-02
JINDALSTEL,EQ,1130.5,1132.7,1079.0,1100.5,1134.9,862948,9484.1,2026-10-02
JINDRILL,EQ,595.9,595.9,575.65,587.65,600.6,168192,985.11,2026-10-02
JINDWORLD,EQ,46.33,46.64,44.32,45.82,46.54,2785205,1268.79,2026-10-02
JIOFIN,EQ,216.0,216.2,208.5,212.5,216.88,28082023,59613.14,2026-10-02
JISLDVREQS,EQ,19.0,19.67,18.4,18.71,19.14,20071,3.75,2026-10-02
JISLJALEQS,EQ,27.89,27.89,27.01,27.3,27.93,1630361,446.74,2026-10-02
JITFINFRA,EQ,280.45,288.0,263.55,275.45,278.8,33140,90.12,2026-10-02
JKCEMENT,EQ,4986.0,5037.5,4891.0,4952.0,5076.0,335492,16602.52,2026-10-02
JKIL,EQ,457.9,465.75,442.0,461.85,463.3,85893,389.97,2026-10-02
JKIPL,EQ,96.0,98.8,94.25,96.51,97.7,10633,10.32,2026-10-02
JKLAKSHMI,EQ,490.0,491.15,471.6,476.6,492.3,290321,1387.67,2026-10-02
JKPAPER,EQ,392.0,393.2,376.0,382.6,393.7,365209,1401.62,2026-10-02
JKTYRE,EQ,346.05,346.05,334.2,340.35,347.0,487795,1657.21,2026-10-02
JLHL,EQ,253.6,261.9,248.6,259.85,253.6,143186,366.68,2026-10-02
JMA,EQ,89.6,89.6,87.2,87.64,89.6,7446,6.57,2026-10-02
JMFINANCIL,EQ,128.8,128.8,122.44,123.4,129.02,1953202,2430.76,2026-10-02
JNKINDIA,EQ,440.0,441.6,416.5,432.7,438.2,180043,772.06,2026-10-02
JNPR,EQ,273.3,276.15,263.0,268.25,273.3,469197,1268.11,2026-10-02
JOCIL,EQ,151.9,151.9,144.38,145.22,146.86,952,1.38,2026-10-02
JPOLYINVST,EQ,938.3,941.95,902.55,911.0,933.4,5263,48.2,2026-10-02
JPPOWER,EQ,15.05,15.15,14.61,14.8,15.13,41402005,6164.67,2026-10-02
JSFB,EQ,488.0,493.15,465.7,482.4,489.3,795611,3802.74,2026-10-02
JSL,EQ,736.1,745.4,728.35,732.7,747.4,764831,5615.14,2026-10-02
JSLL,EQ,500.0,502.0,474.0,480.8,500.8,905116,4360.05,2026-10-02
JSWCEMENT,EQ,113.92,113.94,109.62,111.6,113.38,1956465,2179.43,2026-10-02
JSWDULUX,EQ,3071.0,3071.0,2960.1,3020.6,3079.0,22765,683.05,2026-10-02
JSWENERGY,EQ,493.0,493.0,475.1,485.0,494.7,1851516,8976.19,2026-10-02
JSWHL,EQ,11293.0,11361.0,11130.0,11258.0,11346.0,3211,361.54,2026-10-02
JSWINFRA,EQ,355.9,361.5,340.95,357.45,356.6,3430947,11966.38,2026-10-02
JSWSTEEL,EQ,1253.0,1256.4,1214.8,1233.0,1253.4,3158301,38990.91,2026-10-02
JTEKTINDIA,EQ,116.8,117.8,114.7,115.84,116.58,131859,153.42,2026-10-02
JTLIND,EQ,88.4,88.4,83.27,86.23,88.28,2529585,2167.47,2026-10-02
JUBLCPL,EQ,2061.1,2090.0,1980.0,2037.3,2061.2,4880,99.31,2026-10-02
JUBLFOOD,EQ,453.0,453.65,437.95,443.4,456.7,1560787,6927.33,2026-10-02
JUBLINGREA,EQ,653.0,653.0,626.3,638.0,653.2,244199,1556.83,2026-10-02
JUBLPHARMA,EQ,1026.0,1028.6,980.3,999.3,1028.8,336042,3348.95,2026-10-02
JUNIORBEES,EQ,775.21,775.21,738.0,747.52,756.31,759141,5667.14,2026-10-02
JUNIPER,EQ,213.95,218.4,210.91,214.99,213.42,188659,402.5,2026-10-02
JUSTDIAL,EQ,666.15,666.15,646.3,653.15,666.15,123750,810.71,2026-10-02
JWL,EQ,229.51,229.95,220.36,223.93,233.12,2250251,5047.81,2026-10-02
JYOTHYLAB,EQ,186.66,186.66,180.01,182.91,186.7,392204,715.92,2026-10-02
JYOTICNC,EQ,1026.0,1044.0,997.7,1032.1,1039.85,652149,6654.62,2026-10-02
JYOTIRES,EQ,843.5,847.0,830.3,840.65,835.45,5241,43.98,2026-10-02
JYOTISTRUC,EQ,8.8,8.97,8.63,8.9,8.9,3855748,340.28,2026-10-02
KAJARIACER,EQ,1233.6,1262.9,1220.5,1225.1,1235.1,633743,7858.85,2026-10-02
KAKATCEM,EQ,104.02,106.8,102.8,103.09,105.18,1238,1.28,2026-10-02
KALAMANDIR,EQ,76.25,76.25,73.1,74.37,76.27,488731,364.67,2026-10-02
KALPATARU,EQ,280.0,282.7,269.05,273.5,278.7,42743,117.37,2026-10-02
KALYANKJIL,EQ,553.15,555.55,522.5,528.5,553.15,7831270,41961.79,2026-10-02
KAMAHOLD,EQ,2252.0,2300.0,2230.0,2263.0,2286.8,2071,46.76,2026-10-02
KAMANWALA,EQ,16.0,17.4,16.0,17.14,16.9,1805,0.3,2026-10-02
KAMATHOTEL,EQ,233.95,238.9,232.51,237.45,237.2,52906,124.85,2026-10-02
KAMDHENU,EQ,38.28,38.28,36.34,37.59,38.08,1112530,415.79,2026-10-02
KAMOPAINTS,EQ,4.2,4.2,4.06,4.1,4.14,98248,4.03,2026-10-02
KANANIIND,EQ,1.37,1.37,1.33,1.34,1.36,83111,1.12,2026-10-02
KANCHI,EQ,380.0,380.0,370.55,379.8,388.05,5206,19.46,2026-10-02
KANCOTEA,EQ,53.5,53.5,51.95,53.0,53.9,183,0.1,2026-10-02
KANOHAR,EQ,852.0,919.95,831.85,906.35,856.75,5002996,44279.22,2026-10-02
KANPRPLA,EQ,252.97,253.41,241.0,245.55,249.0,12538,30.87,2026-10-02
KANSAINER,EQ,178.0,178.0,173.13,175.27,177.99,242728,424.61,2026-10-02
KAPSTON,EQ,550.35,557.6,533.0,542.35,550.35,107028,578.15,2026-10-02
KARAMTARA,EQ,390.0,429.35,387.0,410.95,395.35,11786236,48661.31,2026-10-02
KARMAENG,EQ,39.0,39.0,35.6,36.33,37.43,10243,3.74,2026-10-02
KARURVYSYA,EQ,323.7,328.7,320.9,325.3,324.8,3073268,10010.42,2026-10-02
KAYNES,EQ,3510.0,3549.6,3337.2,3399.0,3501.0,964281,32983.07,2026-10-02
KCP,EQ,154.0,155.0,150.1,154.17,154.15,92889,141.63,2026-10-02
KDDL,EQ,3886.5,4019.8,3847.7,3911.2,3886.9,36409,1424.25,2026-10-02
KDGREEN,EQ,48.24,49.5,46.0,46.76,47.72,42907,20.56,2026-10-02
KEC,EQ,378.0,381.45,367.5,372.35,377.25,624895,2341.36,2026-10-02
KECL,EQ,120.64,123.89,117.5,120.43,120.64,134808,161.23,2026-10-02
KEEPLEARN,EQ,1.89,1.89,1.77,1.84,1.85,17203,0.32,2026-10-02
KEI,EQ,4455.0,4558.0,4424.2,4502.0,4455.0,320912,14436.33,2026-10-02
KELLTONTEC,EQ,12.8,12.9,12.2,12.42,12.85,2047721,255.86,2026-10-02
KENNAMET,EQ,4132.0,4322.9,4132.0,4277.5,4131.0,40122,1699.4,2026-10-02
KERNEX,EQ,1684.0,1691.8,1600.5,1643.5,1686.0,158148,2597.01,2026-10-02
KESORAMIND,EQ,10.7,10.92,10.42,10.73,10.92,601028,63.87,2026-10-02
KEYFINSERV,EQ,246.4,246.4,230.75,244.05,242.95,984,2.37,2026-10-02
KFINTECH,EQ,841.75,849.5,815.7,832.0,840.0,857914,7125.68,2026-10-02
KHAICHEM,EQ,49.13,49.89,48.0,49.22,48.76,125316,61.17,2026-10-02
KHAITANLTD,EQ,147.71,149.4,144.0,147.19,146.25,900,1.33,2026-10-02
KHANDSE,EQ,16.81,17.91,16.67,16.76,17.2,5474,0.92,2026-10-02
KICL,EQ,4715.7,4853.3,4531.0,4693.2,4799.0,6414,301.08,2026-10-02
KIMS,EQ,742.0,742.0,722.4,736.25,746.4,900776,6593.19,2026-10-02
KINGFA,EQ,6482.5,6628.0,6357.5,6586.5,6482.5,16414,1066.99,2026-10-02
KIOCL,EQ,332.3,332.3,321.0,323.85,332.3,71413,232.77,2026-10-02
KIRANVYPAR,EQ,189.02,189.02,177.0,179.21,187.15,1302,2.35,2026-10-02
KIRIINDUS,EQ,541.5,553.8,532.5,544.6,541.3,555859,3014.5,2026-10-02
KIRLFER,EQ,472.0,472.0,460.25,465.85,470.0,105289,489.62,2026-10-02
KIRLOSBROS,EQ,1770.0,1777.0,1738.7,1767.6,1774.9,131484,2302.32,2026-10-02
KIRLOSENG,EQ,2310.7,2319.0,2211.6,2242.7,2304.2,719348,16241.57,2026-10-02
KIRLOSIND,EQ,3581.1,3581.1,3460.0,3471.4,3570.7,5877,205.39,2026-10-02
KIRLPNU,EQ,676.7,691.4,667.85,681.95,676.7,97672,660.15,2026-10-02
KISSHT,EQ,367.7,386.25,354.9,371.15,369.55,3578605,13306.0,2026-10-02
KITEX,EQ,118.77,119.89,114.68,116.68,119.55,245777,288.63,2026-10-02
KJMCFIN,EQ,58.5,62.6,58.05,58.38,60.0,809,0.47,2026-10-02
KKCL,EQ,461.7,479.8,441.55,475.65,460.35,30350,139.85,2026-10-02
KLBRENG-B,EQ,528.0,529.95,509.85,523.95,523.95,193647,1007.15,2026-10-02
KMCSHIL,EQ,172.7,178.6,166.95,171.94,171.14,796289,1383.87,2026-10-02
KMEW,EQ,3020.0,3063.9,2899.8,2950.1,3041.5,138291,4093.58,2026-10-02
KNACK,EQ,181.58,183.5,178.01,180.67,180.0,634416,1145.92,2026-10-02
KNAGRI,EQ,201.0,201.0,195.07,200.5,198.13,3523,7.01,2026-10-02
KNRCON,EQ,116.0,117.78,112.5,113.29,118.58,1901783,2177.99,2026-10-02
KOHINOOR,EQ,30.52,30.98,29.6,30.03,30.58,168205,50.78,2026-10-02
KOKUYOCMLN,EQ,75.98,76.05,74.2,74.77,75.87,17633,13.25,2026-10-02
KOLTEPATIL,EQ,424.85,426.1,413.35,418.8,424.85,65771,275.62,2026-10-02
KOPRAN,EQ,279.15,284.4,264.2,282.05,278.32,714330,1960.71,2026-10-02
KOTAKBANK,EQ,426.0,435.6,416.05,418.35,417.0,76637247,327133.13,2026-10-02
KOTHARIPET,EQ,129.1,130.39,125.06,126.58,129.43,44925,57.38,2026-10-02
KOTHARIPRO,EQ,65.35,65.44,63.25,63.77,65.35,6914,4.43,2026-10-02
KOTIC,EQ,148.66,152.94,145.66,147.1,152.7,11789,17.66,2026-10-02
KOTYARK,EQ,29.83,29.83,27.31,28.23,29.83,197856,56.35,2026-10-02
KOVAI,EQ,6027.0,6050.0,5848.0,5993.5,6007.0,10377,618.61,2026-10-02
KPEL,EQ,221.89,230.0,215.6,218.0,220.41,348580,773.87,2026-10-02
KPIGREEN,EQ,361.35,362.95,339.15,345.6,358.95,1572284,5510.68,2026-10-02
KPIL,EQ,1381.8,1386.4,1345.1,1356.4,1380.6,115268,1573.68,2026-10-02
KPITTECH,EQ,502.9,509.4,484.5,492.0,499.1,1989750,9836.74,2026-10-02
KPL,EQ,3641.4,3643.1,3470.0,3564.4,3641.4,41775,1482.79,2026-10-02
KPRMILL,EQ,1091.8,1099.1,1057.5,1071.0,1103.3,104769,1124.88,2026-10-02
KRBL,EQ,381.6,381.7,366.0,375.9,381.6,470715,1762.12,2026-10-02
KREBSBIO,EQ,60.5,71.75,59.0,68.05,60.2,610828,411.35,2026-10-02
KRIDHANINF,EQ,1.89,1.96,1.84,1.85,1.88,104582,1.98,2026-10-02
KRISHANA,EQ,186.9,188.1,179.0,184.59,188.23,1805453,3320.02,2026-10-02
KRISHIVAL,EQ,405.0,407.0,392.0,394.5,401.85,10666,42.61,2026-10-02
KRISHNADEF,EQ,1026.0,1052.0,991.4,1000.9,1032.8,66116,666.29,2026-10-02
KRITI,EQ,62.0,62.0,58.3,60.77,61.0,7823,4.7,2026-10-02
KRITIKA,EQ,4.91,5.04,4.9,4.91,4.91,85581,4.22,2026-10-02
KRITINUT,EQ,71.01,71.01,66.32,66.53,69.81,44496,30.06,2026-10-02
KRN,EQ,1430.1,1436.0,1390.0,1414.7,1436.5,168444,2373.95,2026-10-02
KROSS,EQ,263.95,267.9,252.05,258.4,263.05,670329,1726.55,2026-10-02
KRSNAA,EQ,559.95,559.95,539.05,554.85,559.95,77525,428.15,2026-10-02
KRYSTAL,EQ,626.2,626.2,602.25,610.2,626.2,5346,32.63,2026-10-02
KSB,EQ,850.0,855.0,803.0,806.45,856.1,403813,3308.91,2026-10-02
KSCL,EQ,725.65,739.4,703.35,715.1,725.65,156961,1122.04,2026-10-02
KSE,EQ,179.98,179.98,174.0,174.84,177.81,6272,11.03,2026-10-02
KSHINTL,EQ,1005.0,1034.0,989.0,1028.2,1001.1,214036,2170.37,2026-10-02
KSL,EQ,965.6,965.6,890.1,913.0,965.4,248373,2289.89,2026-10-02
KSOLVES,EQ,247.0,250.38,237.5,241.14,248.8,60635,146.56,2026-10-02
KTKBANK,EQ,329.1,330.2,316.65,321.6,329.0,3306218,10653.03,2026-10-02
KUANTUM,EQ,76.58,78.5,73.5,76.71,76.35,115445,87.98,2026-10-02
KUSUMGAR,EQ,601.0,602.9,577.0,592.55,600.95,165663,979.37,2026-10-02
KWIL,EQ,39.22,39.59,37.61,38.36,39.22,8923982,3430.97,2026-10-02
LAGNAM,EQ,75.78,75.78,71.5,71.9,72.24,1327,0.96,2026-10-02
LAHOTIOV,EQ,41.0,41.0,39.2,39.26,41.25,1923,0.77,2026-10-02
LAKSHMIMIL,EQ,7620.0,7839.0,7526.0,7819.5,7632.5,11,0.84,2026-10-02
LAL,EQ,8.45,8.78,8.4,8.45,8.42,48289,4.19,2026-10-02
LALITHAA,EQ,386.05,395.0,367.3,387.85,381.9,7022551,26814.19,2026-10-02
LALPATHLAB,EQ,1975.7,2027.6,1936.2,2005.1,1987.0,542969,10852.22,2026-10-02
LAMBODHARA,EQ,130.28,135.89,125.66,128.64,129.28,16329,21.4,2026-10-02
LANCER,EQ,11.69,11.69,11.0,11.05,11.45,244904,27.38,2026-10-02
LANDMARK,EQ,471.75,473.0,456.05,463.25,475.7,205673,953.51,2026-10-02
LANDSMILL,EQ,0.96,1.05,0.87,1.05,0.96,35042099,329.85,2026-10-02
LAOPALA,EQ,156.18,158.4,153.45,156.11,156.18,104311,162.74,2026-10-02
LARGEMID50,EQ,34.29,34.36,33.74,34.05,34.42,8614,2.93,2026-10-02
LASERPOWER,EQ,263.8,265.1,254.15,262.75,263.85,1298164,3372.62,2026-10-02
LATENTVIEW,EQ,236.2,239.2,230.0,234.48,236.0,421557,987.15,2026-10-02
LATTEYS,EQ,21.11,21.43,20.51,20.91,20.91,60087,12.56,2026-10-02
LAURUSLABS,EQ,1973.6,2006.9,1952.1,1984.0,1980.0,1459687,28950.99,2026-10-02
LAXMICOT,EQ,13.0,13.6,13.0,13.3,13.01,4850,0.64,2026-10-02
LAXMIDENTL,EQ,191.5,195.7,189.45,193.87,191.42,61062,117.46,2026-10-02
LAXMIINDIA,EQ,121.0,121.0,116.63,119.02,121.1,51642,61.21,2026-10-02
LCCPROJECT,EQ,156.69,156.69,148.4,151.47,154.36,1009923,1534.53,2026-10-02
LCL,EQ,558.0,559.45,537.25,553.6,557.15,187699,1030.19,2026-10-02
LEAPIND,EQ,138.02,138.03,133.7,137.03,137.78,1240296,1682.0,2026-10-02
LEMERITE,EQ,20.2,20.2,18.94,19.28,19.93,622057,118.68,2026-10-02
LEMONTREE,EQ,104.25,111.6,104.25,107.67,104.25,32197118,35184.51,2026-10-02
LENSKART,EQ,677.0,694.5,674.5,691.15,685.05,5044066,34599.0,2026-10-02
LEXUS,EQ,11.97,11.97,9.58,10.56,11.76,173028,18.05,2026-10-02
LFIC,EQ,129.03,137.9,127.5,133.82,131.22,384,0.5,2026-10-02
LGBBROSLTD,EQ,1736.6,1738.7,1681.0,1711.1,1730.1,50389,863.6,2026-10-02
LGEINDIA,EQ,1718.1,1743.1,1692.7,1721.8,1723.5,560330,9624.22,2026-10-02
LGHL,EQ,204.04,224.82,200.15,219.47,200.04,148758,323.09,2026-10-02
LIBAS,EQ,11.84,11.84,11.15,11.29,11.87,18202,2.07,2026-10-02
LIBERTSHOE,EQ,221.01,221.01,214.02,216.78,221.01,16325,35.47,2026-10-02
LICHSGFIN,EQ,530.4,531.7,499.25,509.0,530.2,5986497,30735.44,2026-10-02
LICI,EQ,394.0,396.75,386.0,391.85,395.2,5862855,22939.47,2026-10-02
LICMFGOLD,EQ,132.6,133.2,131.7,132.25,132.35,245375,325.37,2026-10-02
LICNETFGSC,EQ,29.03,29.08,28.86,28.93,29.04,139919,40.55,2026-10-02
LICNETFN50,EQ,254.69,254.9,250.89,253.45,255.11,316,0.8,2026-10-02
LICNETFSEN,EQ,873.0,873.0,811.58,827.0,824.25,18,0.15,2026-10-02
LICNFNHGP,EQ,267.63,270.21,256.86,265.23,264.99,1034,2.67,2026-10-02
LICNMID100,EQ,60.21,60.49,57.74,58.64,59.63,15814,9.33,2026-10-02
LIKHITHA,EQ,233.0,234.48,215.0,225.62,234.29,84998,191.39,2026-10-02
LINC,EQ,89.7,89.7,85.47,86.54,88.63,25684,22.34,2026-10-02
LINCOLN,EQ,584.0,585.65,572.25,582.05,585.65,61905,359.79,2026-10-02
LINDEINDIA,EQ,6380.5,6466.0,6187.0,6247.5,6323.0,42491,2695.13,2026-10-02
LIQGRWBEES,EQ,1058.04,1058.05,1058.02,1058.04,1057.5,53307,564.01,2026-10-02
LIQUID,EQ,1000.0,1000.0,999.99,999.99,999.99,524402,5243.97,2026-10-02
LIQUID1,EQ,1147.32,1147.32,1124.0,1125.4,1124.82,1758991,19795.71,2026-10-02
LIQUIDADD,EQ,1147.57,1147.59,1147.56,1147.56,1146.97,686268,7875.39,2026-10-02
LIQUIDBEES,EQ,1001.0,1001.0,999.99,999.99,1000.0,3531595,35315.81,2026-10-02
LIQUIDBETA,EQ,1010.57,1010.57,1010.57,1010.57,1010.02,2,0.02,2026-10-02
LIQUIDBETF,EQ,1099.78,1101.47,1099.78,1101.46,1100.89,481834,5307.18,2026-10-02
LIQUIDCASE,EQ,116.2,116.22,116.2,116.2,116.15,27379736,31818.44,2026-10-02
LIQUIDETF,EQ,1000.0,1000.01,999.99,1000.0,999.99,197180,1971.8,2026-10-02
LIQUIDIETF,EQ,999.99,1000.09,999.99,999.99,999.99,187633,1876.32,2026-10-02
LIQUIDPLUS,EQ,1105.96,1105.98,1105.96,1105.97,1105.38,396983,4390.53,2026-10-02
LIQUIDSBI,EQ,999.99,1000.01,999.99,1000.0,1000.01,11600,116.0,2026-10-02
LIQUIDSHRI,EQ,1124.13,1124.13,1124.11,1124.12,1123.55,37736,424.2,2026-10-02
LKPSEC,EQ,14.3,14.83,13.93,14.56,14.14,13996,2.0,2026-10-02
LLOYDSENGG,EQ,98.14,99.25,94.65,98.31,98.64,15406969,14962.41,2026-10-02
LLOYDSENT,EQ,79.0,79.07,75.7,77.95,79.23,3290009,2541.54,2026-10-02
LLOYDSME,EQ,1878.5,1883.8,1767.0,1776.8,1884.0,982427,17670.65,2026-10-02
LMW,EQ,16862.0,16862.0,16257.0,16548.0,16862.0,3047,503.29,2026-10-02
LODHA,EQ,1116.0,1129.0,1083.3,1105.6,1135.0,2249380,24853.84,2026-10-02
LOKESHMACH,EQ,366.2,411.45,360.15,400.8,365.9,991506,3919.08,2026-10-02
LORDSCHLO,EQ,143.0,143.0,134.25,138.81,138.54,7956,10.99,2026-10-02
LOTUSCHO,EQ,542.1,563.95,536.0,540.35,550.35,2353,12.83,2026-10-02
LOTUSEYE,EQ,116.6,116.6,114.65,115.68,115.89,5854,6.78,2026-10-02
LOVABLE,EQ,69.25,70.9,67.3,68.29,71.05,10164,7.01,2026-10-02
LOWVOL,EQ,192.33,192.72,190.0,191.67,193.0,736,1.4,2026-10-02
LOWVOL1,EQ,19.77,20.67,19.4,19.71,19.67,1333744,263.01,2026-10-02
LOWVOLIETF,EQ,20.87,20.87,20.32,20.58,20.66,637860,131.04,2026-10-02
LOYALTEX,EQ,209.95,215.0,207.0,207.5,209.67,156,0.33,2026-10-02
LPDC,EQ,6.35,6.48,6.12,6.21,6.18,12938,0.81,2026-10-02
LT,EQ,3726.0,3737.3,3655.9,3693.4,3760.0,2220932,82078.01,2026-10-02
LTF,EQ,264.05,271.8,261.75,264.35,265.0,7097076,18943.84,2026-10-02
LTFOODS,EQ,399.0,402.75,389.1,399.15,400.4,813144,3239.5,2026-10-02
LTGILTBEES,EQ,29.65,29.65,29.47,29.49,29.58,1679910,495.79,2026-10-02
LTGILTCASE,EQ,29.4,30.25,29.4,30.07,30.16,202168,60.85,2026-10-02
LTM,EQ,4001.7,4079.4,3945.5,4007.0,4045.0,479221,19200.28,2026-10-02
LTTS,EQ,3199.1,3280.0,3165.0,3267.8,3228.6,80220,2586.12,2026-10-02
LUMAXIND,EQ,5510.0,5600.0,5357.0,5550.0,5568.5,16937,926.88,2026-10-02
LUMAXTECH,EQ,2063.9,2063.9,1948.1,1978.9,2076.7,238440,4712.63,2026-10-02
LUMINO,EQ,102.46,103.6,94.5,96.48,102.46,11824903,11495.79,2026-10-02
LUPIN,EQ,2030.3,2044.1,2004.2,2031.2,2030.2,825892,16666.45,2026-10-02
LUXIND,EQ,1100.0,1103.9,1070.2,1092.0,1107.0,16586,180.63,2026-10-02
LXCHEM,EQ,177.37,184.48,171.07,181.39,177.36,1470337,2616.97,2026-10-02
M&M,EQ,2926.0,2927.4,2812.0,2860.0,2950.0,5453321,155818.51,2026-10-02
M&MFIN,EQ,323.95,325.4,315.45,319.75,324.85,3088333,9875.65,2026-10-02
MAANALU,EQ,100.0,102.4,96.0,99.34,100.17,65004,63.96,2026-10-02
MACPOWER,EQ,2135.0,2234.7,2060.1,2144.8,2096.0,97223,2098.96,2026-10-02
MADHAV,EQ,35.5,36.45,33.61,34.49,34.16,2418,0.85,2026-10-02
MADHAVIPL,EQ,7.31,7.49,6.93,7.31,7.31,58715,4.3,2026-10-02
MADHUCON,EQ,4.29,4.29,3.99,3.99,4.19,53394,2.16,2026-10-02
MADRASFERT,EQ,58.55,58.55,57.06,57.46,58.77,18994,10.96,2026-10-02
MAFANG,EQ,242.0,248.55,238.02,248.21,240.79,880463,2162.49,2026-10-02
MAFATIND,EQ,117.8,118.49,114.0,114.38,117.54,19878,22.87,2026-10-02
MAGADSUGAR,EQ,533.1,533.1,504.05,511.75,531.25,32778,168.97,2026-10-02
MAGNUM,EQ,18.4,18.98,18.16,18.62,18.48,1812,0.34,2026-10-02
MAHABANK,EQ,79.37,81.13,78.87,80.5,79.37,9608211,7700.89,2026-10-02
MAHAPEXLTD,EQ,50.52,51.5,49.1,50.18,51.0,11656,5.86,2026-10-02
MAHEPC,EQ,97.07,97.9,95.0,96.3,96.74,13455,13.0,2026-10-02
MAHESHWARI,EQ,75.68,75.68,69.5,69.95,73.43,11065,7.91,2026-10-02
MAHKTECH,EQ,22.19,22.19,21.53,21.58,21.89,615456,134.46,2026-10-02
MAHLIFE,EQ,357.1,364.85,345.85,351.15,360.3,103902,367.99,2026-10-02
MAHLOG,EQ,429.8,433.0,410.2,416.4,435.85,243388,1020.65,2026-10-02
MAHSCOOTER,EQ,12686.0,12686.0,12180.0,12380.0,12576.0,7480,920.81,2026-10-02
MAHSEAMLES,EQ,732.0,734.4,682.0,698.75,737.65,458963,3227.45,2026-10-02
MAITHANALL,EQ,911.0,934.85,901.0,927.0,925.25,75762,692.54,2026-10-02
MAKEINDIA,EQ,157.7,158.48,152.68,154.68,157.7,43942,67.96,2026-10-02
MAKERSL,EQ,185.0,187.4,175.0,183.5,181.75,4971,9.01,2026-10-02
MALLCOM,EQ,938.45,945.0,920.0,935.2,938.95,3251,30.32,2026-10-02
MALUPAPER,EQ,31.45,31.5,30.47,31.04,31.47,7568,2.34,2026-10-02
MAMATA,EQ,399.6,404.9,389.3,399.9,398.8,63090,250.17,2026-10-02
MANAKALUCO,EQ,34.55,34.55,33.0,33.76,34.32,43425,14.53,2026-10-02
MANAKCOAT,EQ,126.1,127.5,124.5,126.59,126.98,539492,679.02,2026-10-02
MANAKSIA,EQ,59.63,60.75,58.22,59.56,59.99,30068,17.84,2026-10-02
MANALIPETC,EQ,81.05,81.06,75.56,78.15,80.98,1364744,1058.34,2026-10-02
MANAPPURAM,EQ,315.85,317.45,303.35,308.9,315.85,7653852,23878.73,2026-10-02
MANBA,EQ,137.3,139.7,136.0,139.01,136.84,229896,315.3,2026-10-02
MANCREDIT,EQ,218.9,224.4,216.2,218.97,220.73,98616,215.17,2026-10-02
MANGALAM,EQ,30.6,30.89,28.85,29.15,30.74,34164,10.24,2026-10-02
MANGLMCEM,EQ,989.9,998.8,968.0,984.65,993.2,188691,1853.15,2026-10-02
MANINDS,EQ,907.05,930.5,868.4,921.55,907.35,998005,9050.51,2026-10-02
MANINFRA,EQ,125.6,126.49,123.01,124.3,126.86,1251549,1559.07,2026-10-02
MANIPALHOS,EQ,701.6,710.1,683.0,696.0,708.3,977241,6800.09,2026-10-02
MANKIND,EQ,2500.0,2535.0,2476.1,2535.0,2503.8,427905,10718.19,2026-10-02
MANOMAY,EQ,245.0,245.43,235.3,240.08,240.66,323589,780.56,2026-10-02
MANORAMA,EQ,1830.1,1924.9,1824.0,1880.3,1852.8,485712,9128.89,2026-10-02
MANORG,EQ,456.9,456.9,429.65,436.8,452.25,5487,23.94,2026-10-02
MANUFGBEES,EQ,155.03,157.7,151.0,153.68,155.82,40367,61.79,2026-10-02
MANYAVAR,EQ,530.0,535.0,514.75,519.2,535.1,106163,559.53,2026-10-02
MAPMYINDIA,EQ,860.0,870.0,833.15,845.75,858.1,92181,783.17,2026-10-02
MARALOVER,EQ,58.75,59.7,56.25,57.7,60.31,20740,12.02,2026-10-02
MARATHON,EQ,388.75,393.95,373.2,388.1,389.15,84020,321.14,2026-10-02
MARICO,EQ,786.0,791.0,766.25,781.35,786.0,1777571,13834.88,2026-10-02
MARINE,EQ,425.0,439.5,419.3,436.55,429.55,1481138,6377.76,2026-10-02
MARKOLINES,EQ,168.08,169.49,161.21,167.26,167.72,208712,346.92,2026-10-02
MARKSANS,EQ,322.05,332.5,318.15,325.6,322.3,2445782,7951.58,2026-10-02
MARSONS,EQ,114.77,116.99,113.66,114.26,115.44,1908792,2189.97,2026-10-02
MARUTI,EQ,11900.0,11907.0,11305.0,11386.0,11967.0,885820,102230.04,2026-10-02
MASFIN,EQ,282.7,282.7,268.95,272.85,282.7,188700,514.53,2026-10-02
MASKINVEST,EQ,144.2,145.63,143.41,143.41,150.95,84,0.12,2026-10-02
MASPTOP50,EQ,101.0,102.0,99.31,101.54,99.66,535441,539.72,2026-10-02
MASTEK,EQ,1554.2,1586.6,1536.0,1555.6,1562.8,72494,1133.24,2026-10-02
MASTERTR,EQ,82.01,82.9,80.3,81.66,82.14,184334,149.92,2026-10-02
MATRIMONY,EQ,515.4,516.9,489.1,497.0,523.8,19572,98.08,2026-10-02
MAWANASUG,EQ,143.0,144.99,135.0,138.84,145.01,169840,235.98,2026-10-02
MAXESTATES,EQ,582.0,585.8,551.6,566.25,587.1,96922,546.58,2026-10-02
MAXHEALTH,EQ,919.85,950.0,902.05,940.95,929.8,5464461,50739.26,2026-10-02
MAXIND,EQ,159.51,164.35,154.65,162.78,160.83,73481,116.76,2026-10-02
MAYURUNIQ,EQ,723.15,731.45,701.8,711.55,734.35,79848,570.24,2026-10-02
MAZDOCK,EQ,2110.0,2115.6,2031.2,2064.0,2113.0,648362,13399.69,2026-10-02
MBAPL,EQ,170.63,172.0,163.27,165.83,170.63,867077,1450.91,2026-10-02
MBEL,EQ,248.18,254.4,246.0,251.75,249.0,116191,291.66,2026-10-02
MBLINFRA,EQ,22.85,23.95,22.22,23.11,22.85,94794,21.76,2026-10-02
MCCHRLS-B,EQ,689.85,695.0,665.0,690.0,689.85,27,0.18,2026-10-02
MCL,EQ,58.15,58.15,53.45,54.64,56.74,92121,50.72,2026-10-02
MCLEODRUSS,EQ,44.05,44.95,42.51,42.51,44.74,306748,131.94,2026-10-02
MCLOUD,EQ,25.0,25.0,24.0,24.25,25.06,969374,236.7,2026-10-02
MCX,EQ,3300.0,3331.3,3193.6,3204.0,3300.4,2002629,65105.68,2026-10-02
MEDANTA,EQ,1356.9,1386.1,1336.2,1357.3,1365.0,363086,4927.5,2026-10-02
MEDIASSIST,EQ,302.5,304.95,291.25,298.5,302.25,541713,1614.11,2026-10-02
MEDICO,EQ,21.84,22.49,21.02,21.86,21.53,361586,78.56,2026-10-02
MEDPLUS,EQ,652.15,658.45,642.6,654.3,654.9,134611,878.09,2026-10-02
MEESHO,EQ,224.75,226.65,217.3,218.69,227.75,6218981,13757.25,2026-10-02
MEGASTAR,EQ,245.0,268.0,240.03,267.18,249.05,6106,15.94,2026-10-02
MEIL,EQ,264.85,266.8,258.6,262.1,264.85,40132,105.08,2026-10-02
MENONBE,EQ,295.65,295.95,281.0,288.4,296.2,66161,190.09,2026-10-02
MERCANTILE,EQ,22.0,23.4,22.0,22.98,22.99,1264,0.28,2026-10-02
MERCURYEV,EQ,37.91,38.8,36.3,37.06,38.17,385240,143.97,2026-10-02
METAL,EQ,12.58,12.97,12.4,12.59,12.91,4090627,516.38,2026-10-02
METALIETF,EQ,12.89,13.08,12.37,12.61,12.89,11863163,1494.29,2026-10-02
METROBRAND,EQ,838.0,846.9,815.0,833.5,841.75,39313,325.87,2026-10-02
METROGLOBL,EQ,133.89,133.89,130.0,131.52,133.9,208,0.27,2026-10-02
METROPOLIS,EQ,537.95,549.0,526.3,537.9,541.7,446423,2411.07,2026-10-02
MFML,EQ,19.79,19.79,17.87,18.72,18.63,1926,0.35,2026-10-02
MFSL,EQ,1367.9,1403.1,1364.4,1392.0,1373.4,1151973,15992.39,2026-10-02
MGEL,EQ,15.95,16.5,15.18,15.34,15.89,442161,68.37,2026-10-02
MGL,EQ,1050.0,1056.3,1024.2,1045.4,1058.0,226314,2349.23,2026-10-02
MHRIL,EQ,194.5,199.49,192.0,194.85,194.25,153366,300.65,2026-10-02
MID150,EQ,22.55,22.56,21.7,22.05,22.3,135037,29.75,2026-10-02
MID150BEES,EQ,227.04,227.29,221.5,224.52,227.04,1559539,3500.04,2026-10-02
MID150CASE,EQ,11.09,11.09,10.76,10.9,11.05,3031850,330.55,2026-10-02
MIDBANKADD,EQ,16.41,16.54,16.27,16.39,16.5,356006,58.34,2026-10-02
MIDCAP,EQ,17.91,17.99,17.01,17.23,17.48,1018346,175.05,2026-10-02
MIDCAPADD,EQ,21.81,22.15,21.46,22.07,21.97,39114,8.45,2026-10-02
MIDCAPBETA,EQ,220.39,222.6,216.22,222.0,223.12,2807,6.13,2026-10-02
MIDCAPETF,EQ,22.38,22.43,21.87,22.14,22.4,5235536,1157.59,2026-10-02
MIDCAPIETF,EQ,22.13,22.77,22.11,22.44,22.7,1580229,353.94,2026-10-02
MIDHANI,EQ,438.0,439.45,415.3,433.6,437.65,835967,3581.84,2026-10-02
MIDQ50ADD,EQ,24.19,24.2,23.07,23.47,23.6,59657,13.98,2026-10-02
MIDSELIETF,EQ,18.56,18.77,18.14,18.47,18.56,417834,76.74,2026-10-02
MIDSMALL,EQ,49.92,49.94,48.75,49.41,49.88,605621,298.18,2026-10-02
MIDWESTLTD,EQ,903.2,930.0,860.0,904.15,895.0,35185,311.92,2026-10-02
MIIL,EQ,683.0,693.45,661.0,677.05,682.05,61981,417.67,2026-10-02
MINDACORP,EQ,692.0,694.45,649.35,667.35,692.85,497785,3309.59,2026-10-02
MINDTECK,EQ,154.54,154.74,147.56,150.93,153.15,18244,27.43,2026-10-02
MIRZAINT,EQ,27.7,28.36,27.5,27.65,27.94,57360,15.94,2026-10-02
MITCON,EQ,81.0,82.51,80.01,80.34,82.95,6241,5.05,2026-10-02
MITTAL,EQ,0.73,0.73,0.68,0.7,0.72,1038530,7.37,2026-10-02
MKEXIM,EQ,65.22,68.0,63.99,66.51,66.84,13691,8.98,2026-10-02
MKPL,EQ,4.03,4.03,3.88,3.9,3.99,94971,3.73,2026-10-02
MLKFOOD,EQ,85.8,85.8,82.5,84.13,83.36,10413,8.75,2026-10-02
MMFL,EQ,600.65,609.0,564.0,571.95,598.6,186619,1073.74,2026-10-02
MMP,EQ,475.0,485.0,447.6,449.6,474.85,108870,504.18,2026-10-02
MMTC,EQ,57.3,57.37,55.11,56.29,56.91,926056,520.04,2026-10-02
MMWL,EQ,15.25,15.56,15.23,15.56,14.82,428810,66.7,2026-10-02
MNC,EQ,31.41,31.41,30.6,30.9,31.41,138200,42.8,2026-10-02
MOALPHA50,EQ,53.77,53.77,52.46,53.17,53.77,8320,4.42,2026-10-02
MOBANK10,EQ,16.29,16.49,16.15,16.49,16.37,1049,0.17,2026-10-02
MOBIKWIK,EQ,196.0,201.5,191.0,196.23,196.32,992146,1949.51,2026-10-02
MOCAPITAL,EQ,51.31,51.6,50.01,50.75,51.31,1152830,583.7,2026-10-02
MODEFENCE,EQ,101.86,102.47,99.0,100.71,101.86,1434886,1439.84,2026-10-02
MODINATUR,EQ,339.95,340.05,315.1,324.45,336.0,6136,20.08,2026-10-02
MODIRUBBER,EQ,118.3,121.99,117.0,119.72,120.21,1615,1.92,2026-10-02
MODIS,EQ,370.85,373.0,362.0,367.85,372.35,31166,115.35,2026-10-02
MODTHREAD,EQ,48.64,48.64,45.02,45.66,48.64,2556,1.2,2026-10-02
MOENERGY,EQ,37.0,37.28,36.22,36.69,36.75,63964,23.47,2026-10-02
MOGOLD,EQ,145.6,146.2,143.95,145.2,145.4,48113,69.82,2026-10-02
MOGSEC,EQ,64.75,67.45,64.4,65.16,64.75,1381426,897.35,2026-10-02
MOHEALTH,EQ,51.38,51.38,49.98,50.81,51.07,101346,51.07,2026-10-02
MOHITE,EQ,2.53,2.59,2.4,2.49,2.52,63921,1.57,2026-10-02
MOHITIND,EQ,23.79,23.79,22.16,22.78,22.67,10445,2.37,2026-10-02
MOIL,EQ,238.0,239.39,230.01,232.66,237.76,545882,1276.92,2026-10-02
MOINFRA,EQ,56.75,57.7,55.17,55.79,56.81,6968,3.9,2026-10-02
MOIPO,EQ,46.0,47.0,44.63,45.5,46.42,5059,2.3,2026-10-02
MOKSH,EQ,9.51,9.78,9.03,9.19,9.51,122811,11.48,2026-10-02
MOL,EQ,55.97,56.43,54.13,55.13,56.31,739103,408.15,2026-10-02
MOLBIO,EQ,1313.0,1564.3,1312.1,1513.1,1308.9,8751936,128431.59,2026-10-02
MOLDTKPAC,EQ,660.6,665.2,648.8,658.85,660.6,94944,622.81,2026-10-02
MOLOWVOL,EQ,34.57,34.7,33.64,33.9,34.23,113077,38.24,2026-10-02
MOM100,EQ,65.89,65.89,62.56,63.69,64.29,829467,526.51,2026-10-02
MOM30IETF,EQ,30.15,30.31,29.34,29.82,30.15,1005941,299.96,2026-10-02
MOM50,EQ,236.92,254.9,233.15,235.67,236.92,20224,47.41,2026-10-02
MOMENTUM,EQ,30.24,30.42,29.25,29.76,30.01,75222,22.3,2026-10-02
MOMENTUM30,EQ,29.82,30.1,28.9,29.57,29.66,63844,18.63,2026-10-02
MOMENTUM50,EQ,52.69,52.71,51.35,52.1,52.54,3110850,1608.86,2026-10-02
MOMETAL,EQ,12.9,12.9,12.31,12.59,12.9,122968,15.41,2026-10-02
MOMGF,EQ,154.5,155.5,150.5,152.7,155.08,3721,5.65,2026-10-02
MOMIDMTM,EQ,62.0,63.01,60.35,61.49,61.77,138272,84.68,2026-10-02
MOMMIDCAP,EQ,12.46,12.48,12.16,12.33,12.46,1606900,197.92,2026-10-02
MOMNC,EQ,30.5,30.9,29.71,30.04,30.25,5890,1.77,2026-10-02
MOMOMENTUM,EQ,59.9,60.2,58.5,59.26,59.9,73693,43.66,2026-10-02
MOMSBELIEF,EQ,231.0,236.98,220.82,226.92,234.64,213669,486.88,2026-10-02
MON100,EQ,327.44,327.44,320.04,321.46,321.08,890317,2875.31,2026-10-02
MON50EQUAL,EQ,31.46,32.49,30.7,31.54,31.52,20438,6.34,2026-10-02
MONARCH,EQ,336.0,357.0,325.0,342.7,337.85,201449,680.47,2026-10-02
MONEXT50,EQ,69.5,71.05,68.22,69.39,69.98,33693,23.08,2026-10-02
MONEYVIEW,EQ,55.0,62.0,50.27,53.88,34.0,655464953,369869.74,2026-10-02
MONIFTY100,EQ,23.9,24.99,23.5,24.64,23.98,29630,7.07,2026-10-02
MONIFTY500,EQ,22.74,22.74,22.15,22.46,22.67,1336791,299.58,2026-10-02
MONQ50,EQ,189.75,201.99,189.75,193.18,194.62,730370,1434.22,2026-10-02
MONTECARLO,EQ,525.0,525.0,514.0,522.85,527.45,26728,138.95,2026-10-02
MOOILGAS,EQ,10.54,11.15,10.44,10.93,10.67,19372,2.06,2026-10-02
MOPSE,EQ,95.0,95.31,93.5,94.75,96.34,1338,1.26,2026-10-02
MOQUALITY,EQ,187.35,191.5,184.41,187.34,189.01,9070,16.85,2026-10-02
MOREALTY,EQ,84.85,85.41,82.7,84.3,84.85,565605,474.73,2026-10-02
MOREPENLAB,EQ,125.9,135.29,125.16,133.72,125.99,37973409,49973.64,2026-10-02
MOSCHIP,EQ,201.0,202.43,194.08,198.03,201.25,1364614,2707.58,2026-10-02
MOSERVICE,EQ,29.23,29.31,28.85,29.03,29.73,6286,1.83,2026-10-02
MOSILVER,EQ,217.99,217.99,215.36,215.92,217.06,42515,92.0,2026-10-02
MOSMALL250,EQ,18.28,18.28,17.41,17.72,17.93,2457669,432.39,2026-10-02
MOTHERSON,EQ,161.35,162.27,153.81,157.03,163.26,23039471,36299.09,2026-10-02
MOTILALOFS,EQ,994.0,996.7,965.05,989.9,994.0,1607962,15830.54,2026-10-02
MOTISONS,EQ,18.0,18.3,17.47,17.88,18.0,28260057,5082.59,2026-10-02
MOTOGENFIN,EQ,25.95,25.98,24.26,25.08,25.5,93418,23.47,2026-10-02
MOTOUR,EQ,75.97,78.34,74.51,75.46,76.35,24874,18.82,2026-10-02
MOVALUE,EQ,110.31,113.34,105.41,108.25,108.15,79490,84.78,2026-10-02
MPHASIS,EQ,2160.1,2265.0,2160.1,2250.2,2154.4,1178274,26298.68,2026-10-02
MPIMANIPAL,EQ,411.0,420.5,392.05,401.4,409.15,1620525,6596.14,2026-10-02
MPSLTD,EQ,2695.0,2714.3,2570.0,2628.4,2699.0,17856,470.12,2026-10-02
MRF,EQ,125100.0,125100.0,122745.0,123715.0,125280.0,3448,4259.25,2026-10-02
MRPL,EQ,167.27,168.2,161.5,164.76,169.29,12948377,21230.01,2026-10-02
MSCI360,EQ,9.6,9.6,9.4,9.47,9.56,4950,0.47,2026-10-02
MSCIADD,EQ,27.92,28.27,27.36,28.27,27.92,3796,1.04,2026-10-02
MSCIINDIA,EQ,28.61,28.61,27.57,28.03,28.58,74212,20.67,2026-10-02
MSL,EQ,128.95,145.0,127.4,144.99,137.4,498,0.72,2026-10-02
MSPL,EQ,32.99,33.31,31.66,32.52,33.0,1038333,336.24,2026-10-02
MSTCLTD,EQ,715.5,717.75,690.25,705.8,714.75,208381,1464.76,2026-10-02
MSUMI,EQ,33.9,33.98,33.07,33.53,34.07,16228437,5441.22,2026-10-02
MTNL,EQ,23.1,26.94,22.71,24.66,22.97,44121423,11145.69,2026-10-02
MUFIN,EQ,130.8,131.72,127.53,130.59,131.51,699328,911.31,2026-10-02
MUFTI,EQ,72.0,72.18,69.5,70.24,72.31,60635,42.87,2026-10-02
MUKANDLTD,EQ,178.11,183.96,170.05,172.66,180.13,858946,1520.63,2026-10-02
MUKESHB,EQ,125.0,128.8,125.0,128.8,126.0,713,0.89,2026-10-02
MUKTAARTS,EQ,55.15,58.79,53.11,55.92,57.09,1911,1.07,2026-10-02
MULTICAP,EQ,15.95,15.95,15.6,15.78,15.95,270792,42.71,2026-10-02
MUNJALAU,EQ,110.76,110.76,102.58,104.07,112.86,1200123,1281.37,2026-10-02
MUNJALSHOW,EQ,126.0,126.4,121.9,124.53,126.44,36914,45.91,2026-10-02
MURUDCERA,EQ,28.87,28.87,27.51,28.06,28.51,8347,2.34,2026-10-02
MUTHOOTCAP,EQ,219.0,225.67,211.59,218.08,218.9,8616,18.68,2026-10-02
MUTHOOTFIN,EQ,2729.9,2765.6,2676.9,2697.1,2737.1,553592,15048.95,2026-10-02
MUTHOOTMF,EQ,178.0,178.01,171.57,174.09,178.4,202480,352.77,2026-10-02
MVELECTRO,EQ,814.75,859.0,798.15,836.95,818.15,1336521,11093.06,2026-10-02
MVGJL,EQ,206.2,214.0,199.05,206.69,207.16,313628,645.84,2026-10-02
MWL,EQ,43.0,43.58,42.5,43.13,43.38,408526,175.72,2026-10-02
NACLIND,EQ,133.48,134.0,126.51,130.41,132.86,525450,679.9,2026-10-02
NAGREEKCAP,EQ,26.03,27.2,24.56,25.34,26.03,9411,2.43,2026-10-02
NAGREEKEXP,EQ,21.65,22.84,20.83,21.29,21.7,6492,1.4,2026-10-02
NAHARCAP,EQ,245.49,245.5,236.85,237.31,244.9,5098,12.26,2026-10-02
NAHARINDUS,EQ,131.44,131.95,126.01,127.74,130.13,16476,21.26,2026-10-02
NAHARPOLY,EQ,228.79,230.0,217.02,225.64,225.27,6510,14.62,2026-10-02
NAHARSPING,EQ,260.9,263.0,250.0,255.5,260.05,19419,49.46,2026-10-02
NAM-INDIA,EQ,1063.9,1070.6,1026.4,1046.0,1070.0,768278,8035.67,2026-10-02
NARMADA,EQ,12.71,12.81,12.05,12.31,12.71,289831,35.91,2026-10-02
NATCOPHARM,EQ,814.95,827.1,804.0,821.3,827.5,717435,5878.01,2026-10-02
NATHBIOGEN,EQ,145.0,145.0,135.7,137.74,142.81,9469,13.25,2026-10-02
NATIONALUM,EQ,335.0,338.85,329.5,334.9,340.95,4672624,15624.46,2026-10-02
NATIONSTD,EQ,116.15,116.16,111.0,114.91,113.87,7143,8.09,2026-10-02
NAUKRI,EQ,1215.1,1221.2,1180.3,1200.0,1219.5,2219568,26665.65,2026-10-02
NAVA,EQ,554.55,558.75,543.8,552.5,559.35,336721,1855.42,2026-10-02
NAVINFLUOR,EQ,8197.5,8262.0,8035.0,8136.5,8245.0,94936,7734.8,2026-10-02
NAVKARCORP,EQ,85.3,87.74,83.1,85.07,84.88,539258,459.51,2026-10-02
NAVKARURB,EQ,0.86,0.88,0.83,0.85,0.86,889780,7.59,2026-10-02
NAVNETEDUL,EQ,124.24,124.24,120.5,123.87,122.52,272365,333.91,2026-10-02
NAZARA,EQ,391.0,397.45,374.0,384.7,392.85,1314362,5063.38,2026-10-02
NBCC,EQ,78.3,78.86,76.07,77.4,78.5,6195124,4788.33,2026-10-02
NBIFIN,EQ,1882.3,1885.0,1854.9,1857.9,1897.5,80,1.5,2026-10-02
NCC,EQ,129.5,131.12,127.45,130.06,128.88,6751497,8737.47,2026-10-02
NCLIND,EQ,174.0,175.5,166.1,170.03,174.18,54129,91.73,2026-10-02
NDGL,EQ,2484.0,2500.0,2383.0,2411.0,2484.0,182,4.44,2026-10-02
NDL,EQ,2.6,2.63,2.51,2.54,2.61,935999,24.07,2026-10-02
NDLVENTURE,EQ,120.12,126.93,120.12,125.24,123.95,8923,11.14,2026-10-02
NDRAUTO,EQ,719.8,722.85,693.0,715.85,717.7,16545,116.88,2026-10-02
NDTV,EQ,69.0,69.03,67.85,68.08,69.14,63707,43.48,2026-10-02
NEAGI,EQ,3325.0,3325.0,3309.4,3309.4,3483.5,8,0.27,2026-10-02
NECLIFE,EQ,10.63,10.85,10.17,10.23,10.5,140521,14.59,2026-10-02
NELCAST,EQ,123.15,126.38,118.0,121.03,123.4,273249,332.6,2026-10-02
NELCO,EQ,914.5,927.35,884.5,889.2,914.5,268150,2411.28,2026-10-02
NEOGEN,EQ,2451.6,2474.5,2359.2,2407.1,2451.6,103868,2509.15,2026-10-02
NEPHROPLUS,EQ,661.95,662.0,636.85,648.95,659.75,238798,1544.8,2026-10-02
NESCO,EQ,1032.3,1042.0,1017.6,1028.2,1046.9,38262,393.5,2026-10-02
NESTLEIND,EQ,1301.9,1320.9,1295.0,1307.7,1310.0,1626876,21280.06,2026-10-02
NETF,EQ,252.76,252.76,244.04,247.6,246.6,2682,6.62,2026-10-02
NETWEB,EQ,4545.0,4620.0,4463.8,4520.3,4548.0,752580,34218.38,2026-10-02
NETWORK18,EQ,25.56,25.98,25.02,25.43,25.87,3188680,812.12,2026-10-02
NEULANDLAB,EQ,21285.0,21670.0,20715.0,21505.0,21350.0,70377,14905.04,2026-10-02
NEWGEN,EQ,465.2,477.95,452.95,456.35,467.85,629816,2907.41,2026-10-02
NEXT30ADD,EQ,40.5,41.35,39.23,39.83,40.74,607124,241.63,2026-10-02
NEXT50,EQ,724.9,724.9,704.55,713.61,721.29,84372,600.5,2026-10-02
NEXT50ADD,EQ,70.0,71.9,68.9,71.62,70.4,4035,2.81,2026-10-02
NEXT50BETA,EQ,76.35,76.35,73.79,74.7,75.35,126522,94.22,2026-10-02
NEXT50ETF,EQ,70.79,70.79,68.81,70.14,70.44,57042,39.83,2026-10-02
NEXT50IETF,EQ,75.66,75.66,72.04,72.97,73.82,1338200,975.22,2026-10-02
NEXTMEDIA,EQ,3.79,3.79,3.55,3.58,3.73,27941,1.0,2026-10-02
NFL,EQ,65.15,65.15,62.81,63.85,65.2,633608,403.86,2026-10-02
NGIL,EQ,39.11,41.42,36.26,38.43,39.11,83230,31.8,2026-10-02
NGLFINE,EQ,2885.7,2972.0,2851.0,2924.0,2909.5,15235,444.95,2026-10-02
NH,EQ,1774.9,1774.9,1714.1,1741.4,1791.4,258740,4494.98,2026-10-02
NHPC,EQ,72.75,72.9,70.25,71.75,72.81,10903143,7802.04,2026-10-02
NIACL,EQ,166.92,166.96,158.29,160.21,167.02,1814930,2932.59,2026-10-02
NIBE,EQ,1235.9,1240.0,1198.0,1234.5,1236.4,51473,627.79,2026-10-02
NIBL,EQ,32.49,32.8,30.65,31.32,31.85,10565,3.32,2026-10-02
NICCOPAR,EQ,78.6,82.95,77.28,79.5,81.36,543,0.43,2026-10-02
NIF100BEES,EQ,259.15,269.99,247.36,252.27,252.83,138406,346.21,2026-10-02
NIF100IETF,EQ,26.36,26.58,26.03,26.33,26.58,248072,65.23,2026-10-02
NIF500BETA,EQ,36.49,36.49,34.53,34.65,36.61,10461,3.68,2026-10-02
NIFTY1,EQ,251.88,251.88,247.0,249.52,252.0,491679,1228.56,2026-10-02
NIFTY100EW,EQ,33.58,34.7,32.59,33.52,33.32,118168,39.12,2026-10-02
NIFTYADD,EQ,238.09,238.88,234.99,237.09,239.83,23409,55.5,2026-10-02
NIFTYAXIS,EQ,252.55,252.55,246.5,249.43,251.36,284074,709.07,2026-10-02
NIFTYBEES,EQ,258.5,258.5,254.0,256.5,258.5,16670976,42689.67,2026-10-02
NIFTYBETA,EQ,259.13,259.13,247.19,249.91,252.81,153331,382.16,2026-10-02
NIFTYBETF,EQ,232.72,233.36,229.59,231.07,234.06,8038,18.61,2026-10-02
NIFTYCASE,EQ,9.24,9.24,8.94,9.03,9.12,3581777,323.13,2026-10-02
NIFTYETF,EQ,246.0,246.56,242.12,244.67,246.56,441572,1078.26,2026-10-02
NIFTYIETF,EQ,257.37,257.37,252.61,255.21,257.21,1692035,4305.83,2026-10-02
NIFTYJBLK,EQ,11.93,11.93,11.38,11.54,11.64,144143,16.62,2026-10-02
NIFTYQLITY,EQ,19.94,20.24,19.57,19.77,19.94,43723,8.65,2026-10-02
NIITLTD,EQ,86.15,86.33,83.01,84.94,86.17,165934,140.84,2026-10-02
NIITMTS,EQ,204.51,207.69,185.0,191.08,204.51,870142,1683.79,2026-10-02
NILAINFRA,EQ,6.83,6.9,6.5,6.57,6.71,159229,10.53,2026-10-02
NILASPACES,EQ,11.34,11.34,10.85,11.22,11.19,559126,61.95,2026-10-02
NILE,EQ,1219.0,1295.3,1211.1,1243.2,1219.5,6776,83.69,2026-10-02
NILKAMAL,EQ,1901.7,1904.0,1840.0,1871.8,1901.7,24018,447.28,2026-10-02
NIMBSPROJ,EQ,195.11,195.8,182.59,189.45,192.19,41570,78.07,2026-10-02
NINSYS,EQ,787.0,804.65,778.3,804.65,766.35,18078,144.99,2026-10-02
NIPPOBATRY,EQ,325.5,325.5,311.3,314.45,327.4,1179,3.72,2026-10-02
NIRAJ,EQ,28.4,28.4,27.11,27.74,27.66,2960,0.82,2026-10-02
NIRLON,EQ,617.95,625.4,604.8,606.8,605.0,6734,41.04,2026-10-02
NITCO,EQ,86.63,86.97,83.5,84.18,88.12,766183,658.42,2026-10-02
NITINSPIN,EQ,595.0,598.0,579.0,594.6,598.3,128807,757.39,2026-10-02
NITIRAJ,EQ,205.2,212.97,200.0,200.9,209.26,995,2.03,2026-10-02
NITTAGELA,EQ,1660.0,1729.0,1645.0,1664.3,1678.6,3600,59.78,2026-10-02
NIVABUPA,EQ,74.55,74.79,72.15,72.98,74.81,908237,666.34,2026-10-02
NKIND,EQ,58.2,62.94,53.6,59.96,58.2,2305,1.3,2026-10-02
NLCINDIA,EQ,261.2,261.25,251.85,253.2,261.7,1597038,4068.95,2026-10-02
NMDC,EQ,76.45,76.97,73.71,74.64,76.54,17077400,12856.03,2026-10-02
NOCIL,EQ,171.0,173.49,163.8,168.85,171.11,1286680,2161.75,2026-10-02
NOIDATOLL,EQ,3.87,3.87,3.47,3.56,3.85,317389,11.42,2026-10-02
NORBTEAEXP,EQ,64.1,69.5,62.95,69.04,66.25,9225,6.06,2026-10-02
NORTHARC,EQ,288.0,291.55,281.05,288.7,287.35,765513,2196.22,2026-10-02
NOVAAGRI,EQ,22.15,22.66,22.0,22.22,22.43,64818,14.36,2026-10-02
NOVARTIND,EQ,1954.9,1986.3,1900.0,1965.0,1919.0,40666,789.95,2026-10-02
NPBET,EQ,277.65,287.69,275.0,277.6,274.88,2305,6.46,2026-10-02
NPST,EQ,1760.0,1789.0,1694.2,1766.5,1764.8,65044,1132.17,2026-10-02
NRAIL,EQ,674.7,680.0,637.2,659.5,669.45,22172,145.24,2026-10-02
NRBBEARING,EQ,530.0,552.0,512.45,542.6,534.05,677742,3574.85,2026-10-02
NSIL,EQ,5325.0,5375.0,5105.0,5163.5,5324.0,2211,115.66,2026-10-02
NSLNISP,EQ,41.1,41.71,40.15,40.95,41.32,7092056,2897.7,2026-10-02
NTCIND,EQ,130.0,137.8,126.62,129.51,134.54,738,0.96,2026-10-02
NTPC,EQ,320.8,320.95,313.05,315.1,322.75,10094465,32064.08,2026-10-02
NTPCGREEN,EQ,93.4,93.4,89.05,91.09,93.37,2099127,1908.54,2026-10-02
NUCLEUS,EQ,650.8,655.55,638.05,646.95,650.25,12071,78.13,2026-10-02
NUVAMA,EQ,1665.0,1738.6,1652.9,1701.4,1652.5,856086,14597.95,2026-10-02
NUVOCO,EQ,332.0,336.7,316.5,322.1,337.8,1125207,3629.02,2026-10-02
NV20,EQ,13.31,13.33,12.97,13.1,13.18,108174,14.17,2026-10-02
NV20BEES,EQ,131.8,136.5,129.62,131.46,131.8,36840,48.14,2026-10-02
NV20IETF,EQ,12.85,12.98,12.65,12.79,12.85,824507,105.17,2026-10-02
NYKAA,EQ,317.0,324.95,316.0,324.95,320.0,7907193,25417.05,2026-10-02
OAL,EQ,531.45,549.0,510.8,532.2,533.25,64420,344.7,2026-10-02
OBCL,EQ,55.34,55.97,54.0,54.39,55.34,4435,2.43,2026-10-02
OBEROIRLTY,EQ,1765.8,1780.5,1726.6,1754.6,1765.7,282807,4952.3,2026-10-02
ODIGMA,EQ,21.6,21.6,20.53,21.11,21.35,11756,2.46,2026-10-02
ODYCORP,EQ,7.11,7.11,6.67,6.91,6.97,3157,0.22,2026-10-02
OFSS,EQ,10575.0,10661.0,10263.0,10420.0,10630.0,194062,20330.89,2026-10-02
OIL,EQ,446.0,447.75,434.65,444.0,448.65,2266203,9981.5,2026-10-02
OILIETF,EQ,11.04,11.04,10.58,10.68,10.78,1255645,134.07,2026-10-02
OLAELEC,EQ,36.92,37.3,36.33,37.08,36.92,54910840,20213.75,2026-10-02
OLECTRA,EQ,1128.0,1128.4,1076.2,1096.2,1134.2,623533,6853.98,2026-10-02
OMAXAUTO,EQ,200.32,205.0,190.81,201.14,200.32,92836,182.47,2026-10-02
OMAXE,EQ,109.5,109.69,105.35,108.78,109.76,343801,370.51,2026-10-02
OMINFRAL,EQ,77.0,77.8,73.9,76.08,77.11,79076,59.65,2026-10-02
OMNI,EQ,560.0,614.0,560.0,608.65,564.05,2667824,15929.37,2026-10-02
OMPOWER,EQ,156.72,161.38,155.05,157.74,156.95,66367,104.91,2026-10-02
ONEGLOBAL,EQ,546.95,546.95,510.65,525.4,527.9,7766,40.73,2026-10-02
ONEPOINT,EQ,72.99,74.5,72.99,74.37,73.39,6251994,4634.71,2026-10-02
ONESOURCE,EQ,1516.0,1542.2,1433.6,1508.0,1521.6,608709,8986.05,2026-10-02
ONGC,EQ,224.75,224.99,220.6,222.37,225.8,13099985,29174.93,2026-10-02
ONIDA,EQ,32.0,33.25,30.63,31.34,32.03,396392,124.05,2026-10-02
ONIXSOLAR,EQ,349.95,349.95,336.1,339.7,343.05,175792,596.44,2026-10-02
ONWARDTEC,EQ,293.95,293.95,285.2,291.3,288.35,37991,110.03,2026-10-02
OPTIEMUS,EQ,767.0,816.6,756.0,803.7,767.75,655634,5183.77,2026-10-02
OPTIFIN,EQ,15.79,15.79,13.81,14.47,15.45,82720,12.22,2026-10-02
ORBTEXP,EQ,256.5,261.0,240.4,243.65,258.51,15582,38.72,2026-10-02
ORCHASP,EQ,1.35,1.35,1.22,1.28,1.32,204474,2.66,2026-10-02
ORCHPHARMA,EQ,997.65,1012.15,964.65,990.0,997.0,92412,912.84,2026-10-02
ORICONENT,EQ,51.34,52.78,48.4,49.98,51.34,47960,24.23,2026-10-02
ORIENTALTL,EQ,4.78,4.95,4.78,4.81,4.83,36188,1.75,2026-10-02
ORIENTBELL,EQ,399.75,410.0,390.0,398.55,398.55,18312,72.9,2026-10-02
ORIENTCEM,EQ,119.53,119.53,114.3,115.91,118.77,316838,367.33,2026-10-02
ORIENTCER,EQ,45.0,46.09,43.95,44.12,44.9,109527,49.15,2026-10-02
ORIENTELEC,EQ,156.51,159.0,152.07,154.46,158.11,187771,289.15,2026-10-02
ORIENTHOT,EQ,142.36,143.6,138.61,140.0,142.36,627946,882.1,2026-10-02
ORIENTPPR,EQ,16.53,16.53,16.1,16.23,16.45,149320,24.27,2026-10-02
ORIENTTECH,EQ,231.53,232.37,225.36,229.25,231.53,78325,179.33,2026-10-02
ORIRAIL,EQ,127.21,127.21,123.02,124.15,127.31,124938,156.52,2026-10-02
ORISSAMINE,EQ,3680.0,3681.0,3500.0,3538.6,3651.5,11663,416.36,2026-10-02
ORKLAINDIA,EQ,540.15,542.75,530.05,537.2,543.0,93795,500.67,2026-10-02
ORTINGLOBE,EQ,14.32,15.03,14.11,14.52,14.32,1329,0.19,2026-10-02
OSWALAGRO,EQ,34.55,34.96,32.7,33.11,33.95,17403,5.79,2026-10-02
OSWALGREEN,EQ,20.3,20.99,19.17,19.28,20.32,103836,20.44,2026-10-02
OSWALPUMPS,EQ,265.75,268.25,259.2,264.25,266.75,337150,888.87,2026-10-02
OSWALSEEDS,EQ,12.5,12.5,12.02,12.39,12.34,68859,8.46,2026-10-02
PACEDIGITK,EQ,165.99,177.9,162.88,167.35,159.98,22773380,39044.45,2026-10-02
PACIFICI,EQ,140.0,140.0,130.01,135.99,134.5,538,0.73,2026-10-02
PAGEIND,EQ,36485.0,37135.0,36055.0,36660.0,36385.0,40495,14869.36,2026-10-02
PAISALO,EQ,77.0,80.9,77.0,79.9,76.41,15551279,12323.27,2026-10-02
PAKKA,EQ,73.0,74.0,71.55,72.26,72.89,38359,27.73,2026-10-02
PALASHSECU,EQ,84.6,85.38,84.5,84.5,84.25,1349,1.14,2026-10-02
PALREDTEC,EQ,43.99,43.99,41.67,41.77,43.86,6761,2.86,2026-10-02
PANACEABIO,EQ,362.0,364.95,350.05,359.05,366.0,65446,233.33,2026-10-02
PANAMAPET,EQ,484.3,488.95,475.2,487.1,484.25,164733,795.19,2026-10-02
PANCHMAHQ,EQ,277.0,303.0,277.0,287.5,294.95,182,0.52,2026-10-02
PANORAMA,EQ,57.02,62.2,57.01,60.91,58.29,809424,482.11,2026-10-02
PANSARI,EQ,274.0,274.0,260.0,260.0,274.0,110,0.29,2026-10-02
PARACABLES,EQ,56.82,58.47,55.1,56.51,56.36,1716908,974.2,2026-10-02
PARADEEP,EQ,154.45,154.5,148.5,151.22,154.28,1745429,2643.02,2026-10-02
PARAGMILK,EQ,271.45,271.45,258.0,264.0,271.65,916684,2422.24,2026-10-02
PARAS,EQ,1308.0,1315.0,1255.0,1276.0,1311.0,562208,7202.96,2026-10-02
PARASPETRO,EQ,2.05,2.08,2.0,2.02,2.07,42137,0.86,2026-10-02
PARIN,EQ,729.95,729.95,683.55,703.85,710.9,28292,198.46,2026-10-02
PARKHOSPS,EQ,272.3,274.2,268.5,270.8,274.95,436458,1182.43,2026-10-02
PARKHOTELS,EQ,105.0,105.52,101.33,103.55,105.92,174623,180.23,2026-10-02
PARNAXLAB,EQ,112.85,116.93,111.99,113.14,111.73,600,0.68,2026-10-02
PASHUPATI,EQ,79.0,79.42,76.2,78.99,75.4,817313,640.46,2026-10-02
PASUPTAC,EQ,71.51,73.85,68.17,69.64,72.73,243098,170.1,2026-10-02
PATANJALI,EQ,363.5,366.05,348.55,355.15,363.0,4327803,15437.73,2026-10-02
PATELENG,EQ,26.4,26.5,25.56,25.92,26.45,1951626,506.63,2026-10-02
PATELRMART,EQ,210.0,214.0,206.0,211.0,211.52,51861,108.57,2026-10-02
PATINTLOG,EQ,13.37,13.6,13.05,13.23,13.11,105462,13.95,2026-10-02
PAUSHAKLTD,EQ,657.15,662.05,634.0,650.3,665.25,23637,153.3,2026-10-02
PAVNAIND,EQ,15.82,15.82,15.11,15.36,15.46,29071,4.48,2026-10-02
PAYTM,EQ,1671.9,1690.0,1629.0,1656.0,1678.0,1936812,32126.23,2026-10-02
PBMPOLY,EQ,56.2,64.98,56.2,58.85,60.32,672,0.39,2026-10-02
PCBL,EQ,330.0,331.65,315.75,321.5,331.1,878765,2847.3,2026-10-02
PCJEWELLER,EQ,13.2,13.29,12.56,12.82,13.2,241052557,31093.68,2026-10-02
PDMJEPAPER,EQ,95.9,98.68,94.5,95.56,97.22,205004,197.29,2026-10-02
PDSL,EQ,350.0,354.95,344.1,347.55,352.3,72513,252.36,2026-10-02
PEARLPOLY,EQ,18.0,18.49,17.01,17.09,17.75,5375,0.94,2026-10-02
PENIND,EQ,184.3,184.5,172.0,173.62,184.0,1220227,2144.45,2026-10-02
PENINLAND,EQ,15.15,15.25,14.5,14.62,15.05,183619,27.07,2026-10-02
PERMAGN,EQ,832.05,879.0,821.2,861.3,832.05,3064,25.75,2026-10-02
PERNIASPOP,EQ,536.1,551.0,524.0,544.7,547.9,72414,389.15,2026-10-02
PERSISTENT,EQ,5276.0,5396.0,5250.5,5367.0,5279.0,506268,26948.07,2026-10-02
PETRONET,EQ,284.5,287.5,283.45,285.5,284.5,1678508,4789.54,2026-10-02
PFC,EQ,325.85,326.5,313.35,318.0,325.5,9777829,31136.8,2026-10-02
PFIZER,EQ,3894.5,3894.6,3792.1,3858.9,3875.3,34585,1328.36,2026-10-02
PFOCUS,EQ,315.05,319.2,297.0,301.55,316.0,3922858,12052.44,2026-10-02
PFS,EQ,29.5,30.21,28.15,28.81,29.08,1867391,546.96,2026-10-02
PGEL,EQ,494.95,496.65,476.1,481.1,493.45,1012842,4900.79,2026-10-02
PGHH,EQ,6798.5,6798.5,6579.0,6639.0,6798.5,23880,1590.61,2026-10-02
PGHL,EQ,5515.0,5534.0,5325.0,5360.0,5563.0,8710,472.22,2026-10-02
PGIL,EQ,1282.1,1286.0,1233.7,1263.0,1282.1,115643,1454.85,2026-10-02
PHARMABEES,EQ,28.0,28.0,26.76,27.11,27.32,6643167,1796.32,2026-10-02
PHOENIXLTD,EQ,1935.0,1963.1,1911.8,1930.0,1935.0,555494,10788.16,2026-10-02
PHOENXINTL,EQ,28.71,28.71,28.0,28.15,28.71,2283,0.64,2026-10-02
PICCADIL,EQ,592.45,593.85,571.0,581.05,592.35,108548,630.25,2026-10-02
PIDILITIND,EQ,1468.1,1486.9,1456.8,1464.0,1465.1,867267,12780.89,2026-10-02
PIGL,EQ,96.0,97.3,92.26,93.87,96.34,40347,38.12,2026-10-02
PIIND,EQ,2302.4,2302.4,2220.0,2236.0,2310.0,125263,2822.24,2026-10-02
PILANIINVS,EQ,3970.1,3974.0,3865.0,3892.3,3956.5,2414,94.42,2026-10-02
PILITA,EQ,7.26,7.67,7.26,7.45,7.52,19070,1.41,2026-10-02
PINELABS,EQ,171.7,174.7,165.25,167.59,171.79,13924916,23632.18,2026-10-02
PIONEEREMB,EQ,20.5,20.7,19.66,20.07,20.59,23487,4.73,2026-10-02
PIRAMALFIN,EQ,2020.0,2045.4,1978.0,2023.3,2043.9,303300,6129.35,2026-10-02
PITTIENG,EQ,1136.6,1139.4,1092.2,1123.8,1139.5,63727,712.39,2026-10-02
PIXTRANS,EQ,1726.9,1893.0,1725.0,1809.3,1726.9,1455118,26828.55,2026-10-02
PLASTIBLEN,EQ,203.96,204.0,191.06,193.62,200.29,37312,72.95,2026-10-02
PLATIND,EQ,207.0,207.0,200.0,202.0,206.85,51510,104.53,2026-10-02
PLAZACABLE,EQ,59.9,59.9,56.2,57.12,59.15,58747,33.67,2026-10-02
PML,EQ,467.0,504.0,460.7,472.65,465.85,599,2.9,2026-10-02
PNB,EQ,113.06,113.38,109.37,109.57,113.06,11365686,12663.41,2026-10-02
PNBGILTS,EQ,73.5,73.85,70.8,71.63,73.99,407422,293.64,2026-10-02
PNBHOUSING,EQ,1116.1,1121.5,1079.1,1092.0,1120.0,1090171,11998.79,2026-10-02
PNC,EQ,17.75,18.8,17.48,18.09,17.65,16348,2.92,2026-10-02
PNCINFRA,EQ,132.0,139.65,131.99,138.16,133.18,1668999,2282.17,2026-10-02
PNGJL,EQ,588.05,589.45,574.1,581.95,590.15,419974,2441.15,2026-10-02
PNGSREVA,EQ,512.0,526.7,490.05,504.4,511.65,82022,412.19,2026-10-02
POCL,EQ,450.0,456.6,432.65,437.0,452.65,333775,1472.93,2026-10-02
PODDARMENT,EQ,258.5,267.75,250.4,253.65,257.15,4370,11.2,2026-10-02
POEL,EQ,139.03,143.68,136.0,136.45,137.42,36731,50.64,2026-10-02
POKARNA,EQ,707.8,709.45,684.55,699.1,705.7,77946,541.28,2026-10-02
POLICYBZR,EQ,1050.0,1058.4,963.9,980.0,1063.9,14061779,140328.5,2026-10-02
POLYCAB,EQ,8030.0,8131.0,7883.0,7990.0,8026.0,463691,37137.73,2026-10-02
POLYMED,EQ,1662.1,1662.2,1620.1,1638.1,1673.8,91694,1498.55,2026-10-02
POLYPLEX,EQ,1055.0,1070.3,1010.0,1028.0,1055.0,41338,430.05,2026-10-02
POLYSPIN,EQ,29.25,31.14,29.25,29.5,31.22,321,0.09,2026-10-02
PONNIERODE,EQ,379.0,380.0,358.9,372.35,372.2,39422,145.34,2026-10-02
POONAWALLA,EQ,442.0,446.45,427.1,433.4,443.85,762919,3328.02,2026-10-02
POWERGRID,EQ,258.2,259.0,252.35,254.55,260.5,10976701,28036.34,2026-10-02
POWERICA,EQ,600.05,609.45,574.05,589.15,600.6,241996,1436.39,2026-10-02
POWERINDIA,EQ,30690.0,31615.0,30520.0,31290.0,30630.0,145146,45182.94,2026-10-02
POWERMECH,EQ,2475.6,2490.0,2430.2,2476.2,2490.5,52512,1292.47,2026-10-02
PPLPHARMA,EQ,205.7,206.7,195.73,197.97,206.52,3574489,7119.6,2026-10-02
PRABHA,EQ,218.98,229.8,215.05,218.31,222.03,153237,340.4,2026-10-02
PRAENG,EQ,21.2,21.47,19.8,20.09,21.18,78026,16.02,2026-10-02
PRAJIND,EQ,304.9,305.15,297.05,303.25,305.85,401299,1211.13,2026-10-02
PRAKASH,EQ,123.5,123.55,116.78,118.69,123.72,543685,649.69,2026-10-02
PRAKASHSTL,EQ,3.62,3.62,3.51,3.56,3.59,120526,4.28,2026-10-02
PRANAV,EQ,99.3,100.24,96.21,97.21,100.1,1294606,1268.19,2026-10-02
PRASOLCHEM,EQ,825.0,829.0,792.6,814.05,839.1,557879,4522.74,2026-10-02
PRAVEG,EQ,242.0,243.49,230.0,238.1,241.8,135198,317.28,2026-10-02
PRAXIS,EQ,4.72,4.72,4.37,4.39,4.59,105275,4.62,2026-10-02
PRECAM,EQ,116.25,117.85,108.35,109.9,116.78,438255,486.12,2026-10-02
PRECOT,EQ,628.15,649.7,615.15,638.35,627.7,4756,30.2,2026-10-02
PRECWIRE,EQ,491.85,508.2,484.1,501.4,492.45,696872,3473.97,2026-10-02
PREMCO,EQ,401.0,401.0,393.0,399.95,400.85,185,0.73,2026-10-02
PREMEXPLN,EQ,685.95,685.95,676.1,682.05,684.1,165290,1123.05,2026-10-02
PREMIERENE,EQ,871.0,888.4,860.1,878.05,870.1,1259157,11028.3,2026-10-02
PREMIERPOL,EQ,92.0,92.59,88.05,90.64,92.76,337345,303.24,2026-10-02
PRESTIGE,EQ,1475.6,1500.9,1445.0,1486.1,1481.9,1381292,20410.86,2026-10-02
PRICOLLTD,EQ,745.0,746.6,692.7,734.5,747.6,940627,6721.28,2026-10-02
PRIMESECU,EQ,291.0,304.85,290.55,301.5,298.45,43023,127.47,2026-10-02
PRIMO,EQ,26.96,26.96,24.67,25.41,26.64,449481,115.28,2026-10-02
PRINCEPIPE,EQ,255.25,255.25,243.2,246.9,255.75,178385,442.52,2026-10-02
PRIORITY,EQ,297.0,298.9,280.25,290.45,301.6,271376,786.57,2026-10-02
PRISMX,EQ,0.53,0.53,0.51,0.52,0.52,136581,0.71,2026-10-02
PRITI,EQ,31.5,33.0,30.65,32.79,32.71,30728,9.76,2026-10-02
PRITIKAUTO,EQ,17.0,17.0,15.8,16.11,17.08,373086,60.5,2026-10-02
PRIVISCL,EQ,3572.0,3585.8,3471.6,3573.0,3586.6,135556,4793.81,2026-10-02
PROSTARM,EQ,136.56,143.0,133.12,135.41,134.66,766410,1062.85,2026-10-02
PROTEAN,EQ,657.6,677.95,630.85,639.75,659.3,610264,3970.27,2026-10-02
PROZONER,EQ,56.81,57.17,51.89,52.53,56.52,242456,130.15,2026-10-02
PRSMJOHNSN,EQ,109.11,109.3,103.0,103.61,108.74,478189,502.85,2026-10-02
PRUDENT,EQ,3129.2,3130.0,3060.0,3119.1,3129.2,26057,805.66,2026-10-02
PRUDMOULI,EQ,13.5,13.85,13.22,13.49,13.39,725,0.1,2026-10-02
PSB,EQ,21.28,21.3,20.8,20.96,21.33,752976,158.27,2026-10-02
PSPPROJECT,EQ,767.0,770.4,731.05,747.1,767.0,75324,563.16,2026-10-02
PSUBANK,EQ,80.69,80.69,78.79,79.52,80.67,261922,208.32,2026-10-02
PSUBANKADD,EQ,80.98,81.8,79.7,80.47,81.54,32325,25.96,2026-10-02
PSUBNKBEES,EQ,88.2,89.98,87.91,88.92,89.59,1158323,1031.59,2026-10-02
PSUBNKIETF,EQ,81.2,81.95,79.9,80.66,81.68,86626,69.83,2026-10-02
PTC,EQ,155.05,155.44,153.14,154.79,155.56,1221503,1886.19,2026-10-02
PTCIL,EQ,22195.0,22435.0,21720.0,22025.0,22190.0,14332,3158.56,2026-10-02
PTL,EQ,37.99,38.24,37.61,37.87,37.87,23708,8.97,2026-10-02
PUNJABCHEM,EQ,1044.9,1053.9,1009.2,1040.9,1054.5,6287,64.96,2026-10-02
PURVA,EQ,206.34,210.0,197.41,204.64,206.34,167683,339.3,2026-10-02
PVP,EQ,51.4,51.7,50.47,50.47,53.12,953113,483.44,2026-10-02
PVRINOX,EQ,1236.6,1236.6,1189.0,1215.3,1242.7,321029,3882.83,2026-10-02
PVSL,EQ,98.5,100.0,88.61,89.86,95.5,89730,82.75,2026-10-02
PVTBANIETF,EQ,27.8,27.8,26.88,27.15,27.13,3754055,1021.53,2026-10-02
PVTBANK,EQ,26.5,27.21,26.5,26.82,26.55,951828,255.88,2026-10-02
PVTBANKADD,EQ,27.18,27.48,27.01,27.18,27.23,19537,5.32,2026-10-02
PVTBKGROWW,EQ,26.48,27.2,26.41,26.87,26.88,5224,1.41,2026-10-02
PWL,EQ,123.0,123.8,117.71,120.17,123.48,5922570,7139.67,2026-10-02
PYRAMID,EQ,160.92,160.92,151.13,154.34,156.01,49241,75.54,2026-10-02
QGOLDHALF,EQ,121.85,122.28,121.25,121.63,121.85,309888,377.12,2026-10-02
QNIFTY,EQ,246.54,256.7,245.2,247.7,249.78,10837,26.85,2026-10-02
QPOWER,EQ,1587.0,1609.9,1515.0,1564.6,1584.8,317871,4958.94,2026-10-02
QUADFUTURE,EQ,546.0,549.3,520.2,531.4,547.45,403649,2152.13,2026-10-02
QUAL30IETF,EQ,19.7,19.99,19.35,19.54,19.74,198516,38.73,2026-10-02
QUALITY30,EQ,19.4,19.8,19.0,19.48,19.4,46429,8.91,2026-10-02
QUESS,EQ,332.5,342.0,326.6,336.2,334.95,369564,1239.42,2026-10-02
QUICKHEAL,EQ,144.5,148.0,137.08,138.15,144.49,155260,217.47,2026-10-02
QUINTEGRA,EQ,1.34,1.34,1.34,1.34,1.28,298,0.0,2026-10-02
RACE,EQ,120.0,120.5,110.34,113.18,118.02,97878,112.58,2026-10-02
RACLGEAR,EQ,1587.9,1594.8,1505.0,1538.2,1594.8,34375,529.47,2026-10-02
RADAAN,EQ,3.07,3.07,2.92,2.98,3.0,15462,0.47,2026-10-02
RADIANTCMS,EQ,35.2,36.0,35.15,35.89,35.41,87383,31.18,2026-10-02
RADICO,EQ,4366.5,4394.2,4234.8,4237.0,4366.0,426809,18301.67,2026-10-02
RADIOCITY,EQ,5.99,6.12,5.41,5.88,5.99,76812,4.49,2026-10-02
RAILTEL,EQ,263.2,263.2,252.65,257.2,265.65,851720,2192.82,2026-10-02
RAIN,EQ,214.0,216.83,204.76,208.52,213.94,4313649,9053.51,2026-10-02
RAINBOW,EQ,1304.3,1306.4,1266.2,1279.8,1314.3,219253,2815.09,2026-10-02
RAJMET,EQ,3.12,3.12,3.04,3.08,3.12,179253,5.52,2026-10-02
RAJPALAYAM,EQ,752.85,773.95,730.0,738.0,749.15,1650,12.36,2026-10-02
RAJRATAN,EQ,461.75,461.8,441.8,453.55,461.6,58422,263.73,2026-10-02
RAJSREESUG,EQ,28.96,29.1,27.05,27.73,28.87,83235,23.21,2026-10-02
RALLIS,EQ,199.45,200.3,197.41,199.69,199.73,606641,1208.09,2026-10-02
RAMANEWS,EQ,30.27,30.5,29.12,29.38,30.27,15982,4.7,2026-10-02
RAMAPHO,EQ,121.29,128.0,118.02,120.05,120.09,41090,50.31,2026-10-02
RAMBHAJO,EQ,284.0,298.45,281.3,288.75,285.98,785400,2267.69,2026-10-02
RAMCOCEM,EQ,845.05,845.55,816.15,830.85,845.55,82325,681.69,2026-10-02
RAMCOIND,EQ,307.4,307.45,292.85,302.3,307.6,143152,428.66,2026-10-02
RAMCOSYS,EQ,554.5,558.0,526.9,546.25,554.6,79897,430.85,2026-10-02
RAMKY,EQ,278.5,280.8,264.5,274.6,279.1,171591,466.67,2026-10-02
RAMRAT,EQ,582.4,620.0,574.8,616.55,582.4,1005993,6084.22,2026-10-02
RANASUG,EQ,13.1,13.4,13.05,13.08,13.24,200795,26.31,2026-10-02
RANEHOLDIN,EQ,1530.1,1532.5,1481.3,1518.7,1529.8,7421,112.13,2026-10-02
RATEGAIN,EQ,854.0,881.0,828.05,840.65,851.55,373023,3186.6,2026-10-02
RATNAMANI,EQ,2725.5,2725.5,2584.4,2619.4,2725.5,45999,1212.84,2026-10-02
RATNAVEER,EQ,332.4,354.5,330.05,345.45,330.75,11559546,39645.22,2026-10-02
RAYMOND,EQ,1205.0,1209.9,1167.0,1197.2,1213.05,1191490,14149.33,2026-10-02
RAYMONDLSL,EQ,639.7,640.8,615.0,627.7,642.05,198109,1241.06,2026-10-02
RAYMONDREL,EQ,664.0,667.95,633.6,648.45,669.95,853435,5532.27,2026-10-02
RBA,EQ,91.49,93.75,89.5,92.22,91.58,3782272,3466.71,2026-10-02
RBLBANK,EQ,405.05,417.8,405.05,411.4,403.35,5387538,22207.87,2026-10-02
RCF,EQ,109.5,109.5,106.25,106.8,109.97,978326,1051.95,2026-10-02
RECLTD,EQ,298.05,298.2,286.2,287.75,299.0,9069239,26427.92,2026-10-02
REDINGTON,EQ,407.0,409.45,392.5,397.95,407.0,2795102,11160.36,2026-10-02
REDTAPE,EQ,117.6,117.6,114.1,115.29,117.6,257321,297.0,2026-10-02
REFEX,EQ,262.55,273.0,262.55,271.3,265.25,342794,921.64,2026-10-02
REGAAL,EQ,87.12,88.19,83.98,85.99,88.08,276524,237.87,2026-10-02
REGENCERAM,EQ,32.11,33.9,31.2,31.98,32.38,6327,2.02,2026-10-02
RELAXO,EQ,293.15,293.15,280.5,285.35,291.2,135396,386.13,2026-10-02
RELCHEMQ,EQ,117.5,117.5,113.0,114.36,116.23,1621,1.85,2026-10-02
RELIABLE,EQ,146.0,146.0,139.23,140.73,144.28,13042,18.4,2026-10-02
RELIANCE,EQ,1180.1,1183.9,1160.8,1167.7,1187.0,16771221,196746.09,2026-10-02
RELIGARE,EQ,229.05,230.39,223.1,224.59,228.91,840922,1901.37,2026-10-02
RELTD,EQ,149.01,149.99,141.0,146.98,149.67,127548,185.25,2026-10-02
REMSONSIND,EQ,116.99,119.58,110.1,112.55,113.93,356718,408.58,2026-10-02
RENTOMOJO,EQ,505.0,531.25,500.0,524.6,510.35,2741569,14175.72,2026-10-02
RENUKA,EQ,21.87,22.05,20.95,21.34,21.89,18593657,3978.87,2026-10-02
REPCOHOME,EQ,341.05,342.0,332.4,337.75,341.7,69261,233.08,2026-10-02
REPL,EQ,59.0,59.85,57.99,57.99,59.35,1515,0.89,2026-10-02
REPRO,EQ,315.0,322.7,296.2,303.9,318.6,24042,73.13,2026-10-02
RESPONIND,EQ,164.5,166.39,157.55,162.59,165.38,272136,441.25,2026-10-02
RETAIL,EQ,34.93,34.93,34.93,34.93,31.76,35473,12.39,2026-10-02
RGL,EQ,165.02,166.87,160.0,162.5,165.02,658380,1067.66,2026-10-02
RHETAN,EQ,16.64,16.64,16.64,16.64,17.51,234814,39.07,2026-10-02
RHIM,EQ,386.0,390.4,377.7,384.85,384.85,421822,1616.87,2026-10-02
RHL,EQ,165.0,165.99,160.3,162.92,165.18,2514,4.06,2026-10-02
RICOAUTO,EQ,126.5,126.5,119.34,121.63,126.92,864413,1057.9,2026-10-02
RIIL,EQ,677.05,677.05,657.55,666.85,677.35,37803,252.1,2026-10-02
RIR,EQ,184.9,186.0,172.89,176.97,184.1,747746,1336.43,2026-10-02
RISHABH,EQ,700.0,719.0,668.55,698.8,703.0,192446,1328.37,2026-10-02
RITCO,EQ,277.0,280.15,267.1,276.7,280.25,77829,212.8,2026-10-02
RITES,EQ,211.03,216.99,203.33,209.48,209.05,21390228,44941.93,2026-10-02
RKDL,EQ,17.9,18.47,17.0,17.24,18.17,35422,6.15,2026-10-02
RKFORGE,EQ,699.75,709.3,677.1,695.45,702.3,862927,5964.24,2026-10-02
RKSWAMY,EQ,90.09,90.09,86.02,86.46,90.09,28240,24.65,2026-10-02
RMC,EQ,212.8,212.8,198.0,202.57,209.58,50103,102.56,2026-10-02
RML,EQ,1374.0,1396.1,1304.2,1343.2,1351.9,58263,787.86,2026-10-02
ROHLTD,EQ,305.6,305.6,297.5,298.65,299.85,7190,21.55,2026-10-02
ROLEXRINGS,EQ,191.0,197.25,186.9,196.36,190.09,5245978,10164.65,2026-10-02
ROML,EQ,42.6,43.48,41.41,43.34,43.38,1318,0.56,2026-10-02
ROSSARI,EQ,419.35,434.9,413.1,427.55,417.95,65352,276.36,2026-10-02
ROSSELLIND,EQ,51.98,51.98,49.96,50.22,50.87,15225,7.68,2026-10-02
ROSSTECH,EQ,1487.1,1536.8,1467.2,1522.3,1503.2,247467,3726.52,2026-10-02
ROTO,EQ,64.0,64.57,60.77,62.66,64.58,377971,235.85,2026-10-02
ROUTE,EQ,445.0,446.2,431.7,436.4,445.0,177583,777.49,2026-10-02
RPEL,EQ,1845.0,1888.0,1750.0,1818.9,1809.0,180052,3292.56,2026-10-02
RPGLIFE,EQ,3036.5,3037.1,2874.9,2930.7,3037.1,36208,1063.75,2026-10-02
RPOWER,EQ,19.65,19.99,19.09,19.41,19.69,28326462,5543.87,2026-10-02
RPPINFRA,EQ,50.66,53.28,50.55,52.6,51.49,61267,31.95,2026-10-02
RPSGVENT,EQ,846.25,846.25,816.05,829.85,850.5,19862,165.66,2026-10-02
RPTECH,EQ,956.0,976.65,926.15,953.15,953.5,377963,3579.84,2026-10-02
RRECL,EQ,135.0,135.0,122.11,131.46,134.95,341,0.43,2026-10-02
RRIL,EQ,15.42,15.86,15.09,15.11,15.36,11914,1.82,2026-10-02
RRKABEL,EQ,2524.0,2571.5,2465.0,2518.2,2518.6,377828,9548.41,2026-10-02
RSL,EQ,170.0,178.0,167.0,174.43,168.36,591855,1028.06,2026-10-02
RSSOFTWARE,EQ,30.5,30.5,29.75,30.04,29.73,15166,4.58,2026-10-02
RSWM,EQ,206.5,211.68,199.04,202.21,208.6,47256,96.76,2026-10-02
RSYSTEMS,EQ,271.0,273.45,255.45,263.6,279.9,5804697,15337.6,2026-10-02
RTNINDIA,EQ,26.0,26.0,25.0,25.32,26.06,1283688,326.02,2026-10-02
RTNPOWER,EQ,6.82,6.83,6.66,6.74,6.89,13429275,907.05,2026-10-02
RTSPOWR,EQ,109.0,115.75,109.0,114.1,109.87,26525,30.16,2026-10-02
RUBFILA,EQ,63.95,64.0,62.5,63.25,63.05,44696,28.26,2026-10-02
RUBICON,EQ,1635.7,1670.0,1605.2,1630.9,1619.4,153955,2526.33,2026-10-02
RUBYMILLS,EQ,501.2,515.95,486.35,499.65,499.75,24508,122.77,2026-10-02
RUCHINFRA,EQ,4.71,4.94,4.71,4.84,4.91,115415,5.55,2026-10-02
RUCHIRA,EQ,102.22,103.53,100.0,101.31,103.25,19579,19.86,2026-10-02
RUDRA,EQ,19.0,19.0,18.0,18.23,18.77,38615,7.01,2026-10-02
RUPA,EQ,130.52,134.99,129.0,130.58,130.52,187383,243.3,2026-10-02
RUSHIL,EQ,15.95,16.29,15.6,15.9,16.14,172107,27.34,2026-10-02
RUSTOMJEE,EQ,361.6,363.7,357.5,361.25,361.2,71241,256.11,2026-10-02
RVHL,EQ,39.0,39.0,37.14,37.23,38.2,9907,3.76,2026-10-02
RVNL,EQ,201.5,202.45,194.05,197.0,201.76,6247340,12363.95,2026-10-02
RVTH,EQ,698.9,803.75,680.0,776.7,669.8,43662,335.0,2026-10-02
S&SPOWER,EQ,295.0,304.4,291.5,294.1,298.15,2068,6.08,2026-10-02
SAATVIKGL,EQ,411.0,413.25,396.8,405.55,413.55,46236,187.46,2026-10-02
SADBHAV,EQ,6.99,7.1,6.8,6.8,7.15,443913,30.43,2026-10-02
SADBHIN,EQ,2.71,2.71,2.52,2.62,2.6,129836,3.39,2026-10-02
SAFARI,EQ,1429.6,1433.7,1368.0,1378.8,1429.6,29387,409.8,2026-10-02
SAGARDEEP,EQ,23.01,23.66,22.05,22.52,23.13,10991,2.48,2026-10-02
SAGCEM,EQ,148.3,155.02,146.02,150.01,148.64,66762,100.52,2026-10-02
SAGILITY,EQ,42.53,43.43,42.27,43.17,42.58,11692520,5009.08,2026-10-02
SAHLIBHFI,EQ,81.9,81.9,75.95,78.74,78.84,24376,19.1,2026-10-02
SAHYADRI,EQ,351.7,360.0,340.7,355.65,346.75,11323,39.78,2026-10-02
SAICAPI,EQ,146.5,155.0,142.0,155.0,146.5,133,0.2,2026-10-02
SAIL,EQ,180.5,181.67,170.67,174.5,181.49,26206885,45942.19,2026-10-02
SAILIFE,EQ,1516.0,1556.9,1493.1,1541.2,1524.5,584535,8940.81,2026-10-02
SAIPARENT,EQ,529.35,533.35,515.0,523.65,529.3,68291,356.96,2026-10-02
SAKAR,EQ,1080.2,1108.0,1042.5,1075.0,1093.05,97461,1045.73,2026-10-02
SAKHTISUG,EQ,18.1,18.35,17.36,17.58,18.01,87103,15.44,2026-10-02
SAKSOFT,EQ,139.9,141.97,135.09,139.33,139.43,241189,334.17,2026-10-02
SAKUMA,EQ,1.56,1.58,1.5,1.54,1.56,1283553,19.7,2026-10-02
SALASAR,EQ,4.08,4.15,4.0,4.13,4.08,3680794,150.16,2026-10-02
SALONA,EQ,273.95,273.95,253.15,254.35,260.7,126,0.33,2026-10-02
SALSTEEL,EQ,98.89,102.4,94.11,98.92,99.06,1173063,1143.67,2026-10-02
SALZERELEC,EQ,535.9,537.5,520.05,530.9,536.4,37128,196.9,2026-10-02
SAMBANDAM,EQ,111.0,111.0,107.1,107.1,111.4,19,0.02,2026-10-02
SAMBHAAV,EQ,5.74,5.74,5.36,5.42,5.74,72564,3.96,2026-10-02
SAMBHV,EQ,163.61,165.79,155.85,161.45,164.9,3619878,5811.14,2026-10-02
SAMHI,EQ,153.3,155.49,149.35,154.37,153.68,1073954,1644.13,2026-10-02
SAMMAANCAP,EQ,136.4,137.3,130.0,132.48,136.54,6813037,9044.84,2026-10-02
SAMPANN,EQ,24.7,24.7,23.56,24.01,24.17,11004,2.64,2026-10-02
SANATHAN,EQ,510.0,513.2,488.8,504.35,508.15,80531,403.09,2026-10-02
SANDESH,EQ,1000.4,1000.4,980.1,990.05,999.3,302,2.98,2026-10-02
SANDHAR,EQ,590.0,591.15,550.0,563.85,585.9,194894,1097.31,2026-10-02
SANDUMA,EQ,181.0,182.85,175.0,177.67,182.18,662436,1184.31,2026-10-02
SANGAMIND,EQ,625.0,638.5,612.05,634.55,626.9,50667,317.27,2026-10-02
SANGHVIMOV,EQ,451.65,456.95,414.9,429.5,455.2,698178,2997.48,2026-10-02
SANOFI,EQ,3050.1,3056.3,3001.1,3037.4,3057.0,18669,565.36,2026-10-02
SANOFICONR,EQ,3818.0,3818.0,3691.0,3787.2,3802.8,9812,368.14,2026-10-02
SANSERA,EQ,4465.2,4465.5,4196.6,4276.6,4537.5,454154,19490.88,2026-10-02
SANSTAR,EQ,105.2,106.8,101.21,103.0,104.94,104636,108.82,2026-10-02
SAPPHIRE,EQ,210.95,210.95,204.35,209.82,212.08,546541,1139.74,2026-10-02
SAPPL,EQ,305.0,314.9,298.2,308.5,300.1,12198,37.28,2026-10-02
SARDAEN,EQ,495.0,498.95,488.0,494.75,497.3,208385,1027.89,2026-10-02
SAREGAMA,EQ,506.5,506.5,488.0,494.75,506.55,237859,1176.93,2026-10-02
SARLAPOLY,EQ,93.96,94.66,91.35,92.02,93.96,37841,35.02,2026-10-02
SARVESHWAR,EQ,3.52,3.69,3.41,3.44,3.49,1535950,53.33,2026-10-02
SASKEN,EQ,1707.8,1727.0,1636.4,1720.5,1672.7,33306,563.82,2026-10-02
SATIA,EQ,69.7,69.89,67.5,68.34,69.7,125480,85.57,2026-10-02
SATIN,EQ,230.01,231.62,224.1,227.47,232.2,233798,531.65,2026-10-02
SAURASHCEM,EQ,54.53,55.0,52.45,53.37,54.53,70178,37.79,2026-10-02
SAYAJIIND,EQ,115.0,119.79,113.91,119.5,119.9,1785,2.06,2026-10-02
SBC,EQ,58.99,59.5,56.97,58.54,58.29,31458938,18497.55,2026-10-02
SBCL,EQ,1080.9,1103.9,1034.1,1066.4,1071.7,295016,3180.59,2026-10-02
SBFC,EQ,84.68,85.4,83.05,84.19,85.48,1235866,1044.26,2026-10-02
SBGLP,EQ,22.51,23.3,22.51,22.75,22.84,32857,7.52,2026-10-02
SBIBPB,EQ,46.7,46.87,45.77,46.37,46.76,33272,15.41,2026-10-02
SBICARD,EQ,579.05,582.5,560.15,563.2,578.05,962872,5470.21,2026-10-02
SBIETFCON,EQ,115.67,117.0,111.5,112.15,114.18,4549,5.12,2026-10-02
SBIETFIT,EQ,309.98,327.99,299.52,313.26,307.98,7443,23.16,2026-10-02
SBIETFPB,EQ,273.41,288.25,270.03,278.26,273.4,2829,7.82,2026-10-02
SBIETFQLTY,EQ,207.66,210.0,203.31,209.05,207.69,2676,5.5,2026-10-02
SBIFUNDS,EQ,514.95,516.0,497.0,500.35,516.05,2817122,14142.84,2026-10-02
SBILIFE,EQ,1676.3,1730.3,1674.8,1721.6,1696.4,3329860,56710.9,2026-10-02
SBILIQETF,EQ,1058.57,1058.59,1058.57,1058.58,1058.02,147658,1563.08,2026-10-02
SBIMIDMOM,EQ,61.61,62.2,59.64,60.26,61.0,46393,27.95,2026-10-02
SBIN,EQ,953.1,965.4,945.8,954.1,959.5,7390452,70679.05,2026-10-02
SBINEQWETF,EQ,31.58,31.99,30.78,31.41,31.43,74718,23.24,2026-10-02
SBINMID150,EQ,21.85,22.28,21.4,21.69,21.97,129571,28.21,2026-10-02
SBISILVER,EQ,215.13,217.0,213.36,214.14,215.04,714267,1531.98,2026-10-02
SBISMLETF,EQ,18.09,18.15,17.39,18.01,17.92,67049,11.8,2026-10-02
SBIVALETF,EQ,14.0,14.5,13.67,14.22,14.05,21284,2.95,2026-10-02
SCHAEFFLER,EQ,3900.1,3909.0,3765.5,3885.6,3897.1,43557,1666.74,2026-10-02
SCHAND,EQ,148.08,148.08,142.05,143.57,148.08,32819,47.22,2026-10-02
SCHNEIDER,EQ,1203.0,1294.3,1195.5,1275.4,1203.4,1444982,18277.0,2026-10-02
SCI,EQ,269.0,271.85,261.15,267.05,270.5,1466021,3912.81,2026-10-02
SCILAL,EQ,36.89,37.06,36.3,36.65,36.86,196994,72.24,2026-10-02
SCODATUBES,EQ,124.78,124.78,119.4,123.0,124.87,599705,734.41,2026-10-02
SDBL,EQ,78.1,78.17,73.5,74.94,78.17,938787,705.69,2026-10-02
SEAMECLTD,EQ,1617.8,1652.5,1559.2,1594.7,1641.6,102750,1638.29,2026-10-02
SECLEDBETA,EQ,13.99,13.99,13.61,13.66,13.93,162885,22.25,2026-10-02
SECMARK,EQ,145.8,145.8,133.2,137.48,140.0,1185,1.63,2026-10-02
SECURKLOUD,EQ,17.0,17.0,16.2,16.77,16.61,5131,0.85,2026-10-02
SEDEMAC,EQ,3495.0,3524.9,3328.0,3432.8,3494.5,134911,4592.39,2026-10-02
SEIL,EQ,188.7,188.99,178.26,186.68,189.64,184080,336.82,2026-10-02
SEJALLTD,EQ,673.95,673.95,640.3,656.5,674.0,8644,56.03,2026-10-02
SEKURITIND,EQ,111.99,115.19,108.0,109.19,110.93,26220,29.25,2026-10-02
SELECTIPO,EQ,45.92,45.96,44.97,45.48,46.13,261120,118.69,2026-10-02
SEMAC,EQ,243.8,243.99,235.8,241.99,232.85,1668,4.01,2026-10-02
SENCO,EQ,320.95,321.95,311.55,317.4,320.95,538846,1707.22,2026-10-02
SENORES,EQ,1387.0,1398.0,1319.4,1349.6,1385.8,363714,4899.58,2026-10-02
SENSEXADD,EQ,74.69,76.5,73.75,75.16,75.14,5937,4.43,2026-10-02
SENSEXAXIS,EQ,73.43,75.96,73.43,74.75,75.32,36967,27.8,2026-10-02
SENSEXBETA,EQ,806.99,809.94,790.05,797.32,805.88,4559,36.31,2026-10-02
SENSEXETF,EQ,74.7,75.03,73.58,74.43,74.98,77027,57.18,2026-10-02
SENSEXIETF,EQ,832.19,837.46,821.5,829.54,836.37,29012,240.5,2026-10-02
SEPC,EQ,5.17,5.17,4.95,5.08,5.02,12035116,609.7,2026-10-02
SERVOTECH,EQ,70.15,71.39,68.0,69.2,70.25,577923,401.63,2026-10-02
SESHAPAPER,EQ,242.04,242.04,234.0,236.35,240.47,24836,59.15,2026-10-02
SETF10GILT,EQ,260.62,262.16,260.25,261.0,261.84,2248,5.86,2026-10-02
SETFGOLD,EQ,125.26,125.87,124.84,125.35,125.61,6116019,7665.26,2026-10-02
SETFNIF50,EQ,250.56,250.56,239.94,242.31,244.45,1926496,4661.64,2026-10-02
SETFNIFBK,EQ,563.0,566.62,555.48,560.84,563.39,38002,213.02,2026-10-02
SETFNN50,EQ,751.52,751.52,729.72,742.49,749.01,56768,420.48,2026-10-02
SETL,EQ,418.0,421.65,401.7,416.95,422.8,714646,2928.56,2026-10-02
SFL,EQ,634.1,637.8,613.9,616.65,634.1,197639,1229.55,2026-10-02
SGFIN,EQ,605.0,635.0,600.85,631.85,604.35,1112628,6925.32,2026-10-02
SGIL,EQ,640.05,657.95,602.1,613.85,666.2,18436,115.11,2026-10-02
SGL,EQ,8.56,8.8,8.49,8.5,8.56,13676,1.17,2026-10-02
SGLRES,EQ,2.49,2.49,2.27,2.27,2.38,91325,2.18,2026-10-02
SGMART,EQ,748.45,771.0,728.15,742.2,750.75,314856,2346.74,2026-10-02
SGRL,EQ,683.15,700.0,671.15,694.25,687.15,8511,58.32,2026-10-02
SHADOWFAX,EQ,278.0,278.9,267.2,273.15,280.25,2716747,7405.46,2026-10-02
SHAH,EQ,3.09,3.1,2.96,3.03,3.14,1378111,42.05,2026-10-02
SHAILY,EQ,3045.0,3074.4,2972.8,3009.1,3063.0,95844,2895.66,2026-10-02
SHAKTIPUMP,EQ,461.0,463.05,447.4,454.1,461.35,358429,1631.12,2026-10-02
SHALBY,EQ,137.53,138.0,129.41,133.55,138.65,213871,283.41,2026-10-02
SHANKARA,EQ,126.0,131.9,122.83,124.4,126.48,76990,97.81,2026-10-02
SHANKESH,EQ,89.88,91.09,86.58,87.93,90.25,1673043,1483.54,2026-10-02
SHANTI,EQ,5.49,5.74,5.31,5.5,5.49,29909,1.66,2026-10-02
SHANTIGEAR,EQ,570.0,608.85,568.6,573.65,579.9,149908,885.4,2026-10-02
SHANTIGOLD,EQ,309.0,311.95,292.1,303.55,308.6,2237991,6778.34,2026-10-02
SHARDACROP,EQ,720.0,720.3,697.6,709.2,723.5,128905,912.67,2026-10-02
SHARDAMOTR,EQ,962.8,977.0,916.65,928.8,956.95,56275,526.68,2026-10-02
SHAREINDIA,EQ,202.5,209.31,199.12,205.09,205.01,1139127,2328.42,2026-10-02
SHARIABEES,EQ,424.98,426.0,417.0,423.26,422.87,16440,69.11,2026-10-02
SHBAJRG,EQ,161.95,183.0,160.0,172.33,159.79,42622,74.46,2026-10-02
SHEMAROO,EQ,118.5,118.95,115.21,115.21,117.12,5349,6.23,2026-10-02
SHILCTECH,EQ,4084.0,4100.0,3985.2,4033.0,4084.0,12506,504.88,2026-10-02
SHILGRAVQ,EQ,145.9,145.9,137.0,139.35,146.05,4206,5.86,2026-10-02
SHILPAMED,EQ,1044.0,1095.0,1034.6,1064.1,1047.2,1687680,18156.23,2026-10-02
SHINDL,EQ,158.12,160.0,154.0,159.12,159.6,82053,129.06,2026-10-02
SHIPROCKET,EQ,119.74,121.0,118.2,119.98,120.16,1945076,2321.24,2026-10-02
SHIVAAGRO,EQ,39.6,39.6,36.61,39.22,39.47,8935,3.48,2026-10-02
SHIVACEM,EQ,13.76,13.94,12.8,13.34,13.76,296434,39.07,2026-10-02
SHIVALIK,EQ,399.0,403.45,373.55,394.05,403.45,99182,382.46,2026-10-02
SHIVAMAUTO,EQ,17.04,17.31,16.71,17.07,17.04,35302,5.99,2026-10-02
SHIVAMILLS,EQ,60.0,60.0,56.27,56.59,58.14,1434,0.82,2026-10-02
SHIVATEX,EQ,166.87,172.6,166.03,172.6,166.87,780,1.3,2026-10-02
SHIVAUM,EQ,559.5,559.5,551.5,554.6,557.15,2431,13.51,2026-10-02
SHK,EQ,141.0,141.35,135.0,137.86,141.02,208064,287.42,2026-10-02
SHOPERSTOP,EQ,412.75,414.5,384.3,404.7,415.0,137363,547.2,2026-10-02
SHRADDHA,EQ,159.0,159.0,146.32,155.1,152.31,25371,39.0,2026-10-02
SHRADHA,EQ,29.5,33.0,29.5,29.89,30.5,6515,1.94,2026-10-02
SHREDIGCEM,EQ,66.0,67.35,65.0,66.69,65.92,90765,59.89,2026-10-02
SHREECEM,EQ,22250.0,22275.0,21355.0,21900.0,22345.0,59306,12913.3,2026-10-02
SHREEJISPG,EQ,774.0,780.0,761.25,775.35,770.4,1026808,7923.46,2026-10-02
SHREEPUSHK,EQ,494.45,499.95,480.0,491.5,492.75,40500,197.43,2026-10-02
SHREERAMA,EQ,43.4,44.23,42.8,43.16,43.73,37590,16.23,2026-10-02
SHREYANIND,EQ,129.99,133.5,122.0,126.29,130.45,10571,13.49,2026-10-02
SHRIKRISH,EQ,37.24,37.27,34.02,35.96,33.89,1257,0.46,2026-10-02
SHRINGARMS,EQ,224.8,228.0,216.41,221.31,224.6,1103142,2460.25,2026-10-02
SHRIPISTON,EQ,4600.0,4673.8,4350.0,4490.5,4653.7,186749,8344.22,2026-10-02
SHRIRAMFIN,EQ,973.5,975.0,936.0,945.0,982.7,5599670,53265.32,2026-10-02
SHRIRAMPPS,EQ,69.0,69.53,65.59,67.36,69.21,414796,279.02,2026-10-02
SHRJAGP,EQ,665.0,704.9,660.05,673.0,665.6,868,5.95,2026-10-02
SHUKRAPHAR,EQ,62.0,65.4,61.0,61.8,62.09,7563030,4754.84,2026-10-02
SHYAMMETL,EQ,1072.5,1075.7,1027.1,1047.8,1065.0,475311,5036.28,2026-10-02
SHYAMTEL,EQ,10.7,11.23,10.24,10.32,10.99,3810,0.41,2026-10-02
SICAGEN,EQ,51.76,52.45,50.5,50.96,51.74,16580,8.46,2026-10-02
SIEL,EQ,30.0,30.46,29.85,30.46,29.01,328,0.1,2026-10-02
SIEMENS,EQ,3725.7,3804.0,3709.5,3804.0,3725.6,243713,9170.22,2026-10-02
SIGACHI,EQ,28.8,29.4,28.0,28.34,28.8,2213562,629.99,2026-10-02
SIGMA,EQ,45.8,46.5,44.51,44.91,44.25,119958,54.62,2026-10-02
SIGNATURE,EQ,726.0,745.0,713.0,737.45,727.15,227926,1650.99,2026-10-02
SIGNPOST,EQ,262.25,265.0,254.1,259.4,262.0,72245,187.57,2026-10-02
SIKA,EQ,1014.3,1029.9,991.0,1018.2,1014.35,34402,347.21,2026-10-02
SIL,EQ,15.7,16.25,15.62,15.83,15.69,44356,7.09,2026-10-02
SILGO,EQ,68.8,70.78,68.39,70.17,70.21,10640,7.44,2026-10-02
SILINV,EQ,430.0,439.7,411.0,424.55,431.45,1793,7.6,2026-10-02
SILVER,EQ,218.12,220.0,217.39,217.94,218.96,728291,1591.16,2026-10-02
SILVER001,EQ,22.5,22.63,21.61,21.99,22.19,335062,74.03,2026-10-02
SILVER1,EQ,21.32,21.39,21.11,21.18,21.28,10401667,2210.36,2026-10-02
SILVER360,EQ,217.0,217.43,214.4,214.83,216.12,10357,22.36,2026-10-02
SILVERADD,EQ,21.15,21.24,20.97,21.02,21.1,1175929,248.03,2026-10-02
SILVERAG,EQ,212.8,214.61,211.98,212.81,213.56,138990,296.04,2026-10-02
SILVERAXIS,EQ,218.23,219.16,216.6,217.05,217.94,268551,584.89,2026-10-02
SILVERBEES,EQ,209.68,210.74,208.11,208.71,209.62,14581958,30495.51,2026-10-02
SILVERBETA,EQ,212.76,212.81,210.13,210.91,211.66,441075,931.51,2026-10-02
SILVERBND,EQ,214.1,221.47,214.1,219.19,220.06,6302,13.82,2026-10-02
SILVERCASE,EQ,22.2,22.33,22.05,22.12,22.2,3705407,821.46,2026-10-02
SILVERIETF,EQ,219.2,220.0,217.35,217.95,218.88,1747341,3819.87,2026-10-02
SILVERTUC,EQ,142.49,142.5,136.41,138.68,140.49,256017,357.65,2026-10-02
SIMPLEXINF,EQ,245.7,253.0,234.8,245.01,245.5,700626,1686.94,2026-10-02
SIMPLXREA,EQ,124.65,124.65,123.5,123.5,130.0,314,0.39,2026-10-02
SINCLAIR,EQ,80.0,80.5,76.55,76.71,78.63,16873,13.07,2026-10-02
SINDHUTRAD,EQ,22.9,22.94,21.93,22.23,22.89,247880,55.41,2026-10-02
SINGERIND,EQ,75.76,78.0,73.9,74.66,77.31,79656,59.87,2026-10-02
SINTERCOM,EQ,79.91,79.91,74.0,75.87,79.91,1933,1.46,2026-10-02
SIRCA,EQ,410.0,410.1,397.0,401.55,410.1,129849,525.23,2026-10-02
SIS,EQ,419.1,419.85,407.2,412.85,419.1,85848,354.05,2026-10-02
SIYSIL,EQ,538.0,538.0,525.0,531.55,539.95,28509,151.73,2026-10-02
SJS,EQ,2250.0,2258.0,2090.8,2159.8,2258.0,310025,6655.37,2026-10-02
SJVN,EQ,59.25,59.27,56.73,57.91,59.32,4376261,2528.86,2026-10-02
SKFINDIA,EQ,1510.0,1510.0,1443.2,1450.2,1509.9,62968,921.13,2026-10-02
SKFINDUS,EQ,2760.0,2760.0,2662.0,2734.2,2767.9,35509,961.22,2026-10-02
SKIPPER,EQ,532.2,554.45,526.6,541.2,531.15,1034814,5610.17,2026-10-02
SKMEGGPROD,EQ,210.95,210.95,201.1,205.29,211.15,216666,443.68,2026-10-02
SKYGOLD,EQ,810.7,817.9,776.5,810.65,810.7,1141277,9120.43,2026-10-02
SKYWAYS,EQ,114.4,114.4,108.51,110.29,113.26,1680019,1862.98,2026-10-02
SMALL250,EQ,17.91,18.24,17.4,17.63,17.91,833083,146.74,2026-10-02
SMALLADD,EQ,18.21,18.21,17.5,17.73,18.0,119134,21.12,2026-10-02
SMALLCAP,EQ,47.98,47.98,46.7,47.43,47.86,1878881,887.26,2026-10-02
SMALLGROWW,EQ,48.2,48.65,46.97,48.21,48.3,11724,5.58,2026-10-02
SMALLIETF,EQ,18.1,18.14,17.41,17.69,17.92,88073,15.51,2026-10-02
SMARTWORKS,EQ,519.95,529.45,499.45,510.65,519.85,53593,272.58,2026-10-02
SMCGLOBAL,EQ,95.0,102.68,93.5,99.06,94.48,9500246,9327.3,2026-10-02
SML100CASE,EQ,10.98,11.13,10.7,10.83,10.98,3548987,385.16,2026-10-02
SMLMAH,EQ,6550.0,6581.0,6249.5,6251.0,6578.0,72958,4618.4,2026-10-02
SMLT,EQ,67.0,74.18,66.0,74.18,61.82,112524,81.84,2026-10-02
SMSPHARMA,EQ,473.0,481.9,456.35,471.3,476.6,393944,1848.91,2026-10-02
SNOWMAN,EQ,34.6,34.64,33.76,34.11,34.64,105331,35.88,2026-10-02
SNXT30BEES,EQ,40.65,40.65,39.48,40.1,40.69,13018,5.21,2026-10-02
SNXT50BETA,EQ,88.74,90.68,87.51,89.69,88.91,906,0.81,2026-10-02
SOBHA,EQ,1214.0,1227.6,1176.6,1213.1,1221.6,86762,1048.41,2026-10-02
SOFTTECH,EQ,475.35,492.45,468.85,474.3,493.5,3354,16.05,2026-10-02
SOLARA,EQ,726.0,736.95,698.0,714.85,725.4,244820,1752.31,2026-10-02
SOLARINDS,EQ,19588.0,19673.0,18786.0,19400.0,19700.0,204788,39336.17,2026-10-02
SOLARWORLD,EQ,129.71,132.9,123.35,125.55,129.28,444801,569.86,2026-10-02
SOLEX,EQ,677.5,680.0,655.0,670.95,678.85,24793,165.75,2026-10-02
SOMANYCERA,EQ,617.7,619.0,597.2,614.2,617.75,95859,585.0,2026-10-02
SOMATEX,EQ,79.95,79.95,75.3,75.76,79.16,8587,6.58,2026-10-02
SOMICONVEY,EQ,90.99,90.99,82.0,83.73,89.31,13867,11.85,2026-10-02
SONACOMS,EQ,828.0,828.55,783.65,805.0,830.0,3497748,28017.42,2026-10-02
SONATSOFTW,EQ,258.55,264.95,249.2,254.05,258.25,852770,2177.27,2026-10-02
SOTL,EQ,718.0,734.6,704.2,729.5,718.8,296616,2129.1,2026-10-02
SOUTHBANK,EQ,47.89,48.25,46.8,47.44,48.24,12229088,5818.13,2026-10-02
SOUTHWEST,EQ,182.49,185.0,177.54,181.7,182.49,122218,220.69,2026-10-02
SPAL,EQ,964.6,966.15,905.8,935.6,964.6,57570,533.39,2026-10-02
SPANDANA,EQ,220.97,221.03,214.0,216.34,220.76,186398,404.54,2026-10-02
SPARC,EQ,197.19,197.89,189.01,194.13,197.19,1071707,2075.34,2026-10-02
SPCENET,EQ,3.24,3.35,3.17,3.24,3.18,420090,13.65,2026-10-02
SPENCERS,EQ,27.0,27.0,25.99,26.24,26.71,37655,9.9,2026-10-02
SPIC,EQ,63.7,63.7,61.5,62.23,63.94,234104,146.05,2026-10-02
SPLIL,EQ,29.6,29.6,28.11,28.5,29.24,3855,1.11,2026-10-02
SPLPETRO,EQ,808.2,810.0,764.9,780.45,808.2,227873,1782.44,2026-10-02
SPMLINFRA,EQ,161.86,167.3,155.41,159.31,161.02,255283,409.94,2026-10-02
SPORTKING,EQ,210.88,211.77,202.16,208.54,210.5,166056,343.58,2026-10-02
SRD,EQ,38.01,38.88,38.01,38.08,38.54,3040,1.16,2026-10-02
SRF,EQ,2472.5,2494.9,2431.7,2486.2,2472.5,352530,8671.0,2026-10-02
SRGHFL,EQ,135.14,138.5,135.0,135.77,136.4,5172,7.07,2026-10-02
SRHHYPOLTD,EQ,564.0,569.3,532.75,543.6,563.9,25322,138.68,2026-10-02
SRM,EQ,401.3,408.55,391.65,398.75,404.4,48009,191.2,2026-10-02
SRTL,EQ,37.57,37.57,35.93,36.4,37.26,23749,8.65,2026-10-02
SSDL,EQ,74.11,74.51,68.12,69.39,75.81,175616,123.33,2026-10-02
SSRETAIL,EQ,738.05,745.0,692.3,714.35,749.5,8031732,57792.18,2026-10-02
SSWL,EQ,409.0,419.8,378.2,390.8,408.1,3280912,12936.52,2026-10-02
STANLEY,EQ,136.01,141.49,133.22,136.22,136.31,224510,306.55,2026-10-02
STAR,EQ,1108.4,1122.0,1076.0,1084.8,1120.0,340843,3711.93,2026-10-02
STARCEMENT,EQ,179.43,181.33,175.5,178.39,181.96,171575,305.19,2026-10-02
STARHEALTH,EQ,536.45,543.0,523.05,537.7,534.65,1268853,6698.32,2026-10-02
STARPAPER,EQ,152.52,156.4,150.01,151.81,152.52,5035,7.7,2026-10-02
STARTECK,EQ,313.9,313.9,288.05,290.95,306.95,1606,4.77,2026-10-02
STCINDIA,EQ,110.0,110.0,105.1,105.96,109.14,11515,12.23,2026-10-02
STEAMHOUSE,EQ,111.25,111.94,103.11,106.51,110.94,4239910,4538.64,2026-10-02
STEELCAS,EQ,374.9,377.0,343.95,356.45,377.2,349563,1245.21,2026-10-02
STEELCITY,EQ,82.39,82.39,80.0,80.11,81.35,6534,5.27,2026-10-02
STEELXIND,EQ,11.4,11.45,11.07,11.22,11.42,4501675,502.95,2026-10-02
STEL,EQ,551.3,580.5,551.3,574.15,570.1,2660,15.0,2026-10-02
STERTOOLS,EQ,221.0,234.9,215.0,224.28,218.31,121325,275.44,2026-10-02
STLNETWORK,EQ,48.82,50.35,46.53,47.18,48.97,13627273,6538.23,2026-10-02
STLSTRINF,EQ,22.25,23.81,21.26,21.52,22.25,7360,1.63,2026-10-02
STOVEKRAFT,EQ,796.0,816.7,787.05,809.15,794.95,170167,1367.97,2026-10-02
STUDDS,EQ,397.0,407.0,389.15,399.85,393.85,48629,191.56,2026-10-02
STYL,EQ,369.0,375.0,357.45,366.0,369.95,122778,449.35,2026-10-02
STYLAMIND,EQ,3308.2,3317.8,3158.1,3219.9,3308.7,52489,1690.29,2026-10-02
STYLEBAAZA,EQ,391.0,391.1,365.55,368.35,384.75,1627432,6053.78,2026-10-02
STYRENIX,EQ,2005.2,2072.0,1950.3,2055.0,2015.5,55786,1120.58,2026-10-02
SUBEXLTD,EQ,19.7,19.9,18.46,19.34,19.73,10635459,2043.49,2026-10-02
SUBROS,EQ,699.0,699.0,677.05,684.9,699.35,33612,230.98,2026-10-02
SUDARCOLOR,EQ,377.0,383.0,362.5,368.1,376.95,4435,16.44,2026-10-02
SUDARSCHEM,EQ,1198.2,1249.7,1184.5,1241.5,1203.9,425401,5183.24,2026-10-02
SUDEEPPHRM,EQ,1222.2,1237.3,1171.1,1199.8,1205.8,205622,2463.48,2026-10-02
SUKHJITS,EQ,155.05,158.09,150.3,150.93,156.42,15465,23.64,2026-10-02
SULA,EQ,133.3,133.5,130.0,130.94,133.3,255283,334.79,2026-10-02
SUMEDHA,EQ,45.95,45.95,43.0,43.42,45.48,4643,2.06,2026-10-02
SUMEETINDS,EQ,10.71,10.91,10.38,10.38,10.92,781688,82.01,2026-10-02
SUMICHEM,EQ,426.25,432.15,408.2,417.6,433.25,886386,3695.19,2026-10-02
SUMIT,EQ,50.0,50.0,44.0,47.76,49.59,13580,6.52,2026-10-02
SUMMITSEC,EQ,1301.0,1329.9,1301.0,1315.5,1318.9,1213,15.91,2026-10-02
SUNCLAY,EQ,1233.0,1237.1,1168.1,1183.0,1228.9,12518,150.61,2026-10-02
SUNDARAM,EQ,1.09,1.1,1.04,1.08,1.09,874908,9.3,2026-10-02
SUNDARMFIN,EQ,4354.0,4414.7,4286.0,4395.9,4355.0,39347,1703.98,2026-10-02
SUNDRMBRAK,EQ,677.4,680.4,665.0,669.95,676.05,2427,16.32,2026-10-02
SUNDRMFAST,EQ,1139.3,1142.9,1106.1,1123.6,1139.3,145775,1641.83,2026-10-02
SUNDROP,EQ,747.4,759.0,728.7,753.15,745.2,30756,227.94,2026-10-02
SUNFLAG,EQ,443.4,454.8,433.25,433.5,456.05,420955,1851.6,2026-10-02
SUNLOC,EQ,74.0,74.0,70.1,70.1,68.8,1432,1.03,2026-10-02
SUNPHARMA,EQ,1815.0,1828.7,1792.6,1801.0,1816.6,2314700,41835.05,2026-10-02
SUNRAKSHAK,EQ,358.9,363.2,350.05,358.9,358.9,5267,18.85,2026-10-02
SUNSHIEL,EQ,1054.0,1074.0,1025.7,1059.0,1054.0,3157,33.34,2026-10-02
SUNSHINE,EQ,452.95,459.7,447.5,453.0,453.65,528270,2406.91,2026-10-02
SUNTECK,EQ,277.0,281.6,270.8,279.45,277.4,137778,378.45,2026-10-02
SUNTV,EQ,588.0,610.0,574.15,599.9,605.0,6014245,35548.89,2026-10-02
SUPERHOUSE,EQ,162.94,162.94,151.06,154.66,160.05,6988,10.84,2026-10-02
SUPRAJIT,EQ,480.0,484.75,470.3,481.05,481.2,89227,425.4,2026-10-02
SUPREME,EQ,30.53,31.87,30.25,31.08,30.42,8886,2.72,2026-10-02
SUPREMEIND,EQ,3437.0,3440.0,3286.9,3380.0,3451.0,167968,5625.69,2026-10-02
SUPREMEINF,EQ,75.9,75.9,65.5,66.94,73.9,282079,192.36,2026-10-02
SUPRIYA,EQ,942.45,948.25,913.3,931.0,950.25,209232,1941.2,2026-10-02
SURAJEST,EQ,207.74,208.2,196.67,200.15,207.69,106451,214.56,2026-10-02
SURAJLTD,EQ,195.0,195.0,190.0,193.51,195.0,590,1.13,2026-10-02
SURAKSHA,EQ,355.4,355.4,336.3,350.15,355.4,93480,323.35,2026-10-02
SURANASOL,EQ,24.56,24.87,23.61,24.15,24.87,31097,7.52,2026-10-02
SURANAT&P,EQ,16.3,16.3,15.75,15.98,15.84,29325,4.65,2026-10-02
SURYALA,EQ,379.95,387.7,377.35,377.5,377.0,838,3.18,2026-10-02
SURYALAXMI,EQ,58.8,58.8,55.75,56.07,58.8,3228,1.84,2026-10-02
SURYAROSNI,EQ,220.0,229.66,212.71,220.67,221.37,1421013,3147.78,2026-10-02
SURYODAY,EQ,143.18,145.25,141.09,143.55,145.16,176795,252.66,2026-10-02
SUVEN,EQ,319.0,319.35,301.1,308.3,320.2,713418,2189.48,2026-10-02
SUVIDHAA,EQ,2.14,2.14,2.01,2.07,2.09,96333,1.99,2026-10-02
SUYOG,EQ,685.95,765.0,660.0,689.9,695.1,98151,689.09,2026-10-02
SUZLON,EQ,39.49,39.63,38.4,38.91,39.49,53247107,20774.7,2026-10-02
SVGLOBAL,EQ,138.05,146.99,128.2,132.93,137.18,270,0.37,2026-10-02
SVLL,EQ,751.0,805.0,751.0,786.75,805.8,723,5.71,2026-10-02
SVPGLOB,EQ,3.13,3.19,2.98,3.1,3.13,25217,0.77,2026-10-02
SWANCORP,EQ,277.5,279.45,267.95,272.8,280.2,731886,1997.27,2026-10-02
SWARAJENG,EQ,3536.5,3588.8,3507.3,3542.7,3546.2,11335,401.72,2026-10-02
SWARNSAR,EQ,38.03,40.0,38.0,38.44,39.96,7288,2.81,2026-10-02
SWELECTES,EQ,595.0,600.65,577.05,592.9,597.9,32383,190.78,2026-10-02
SWIGGY,EQ,248.45,249.1,235.5,238.0,250.1,13785398,33179.27,2026-10-02
SWSOLAR,EQ,169.88,170.61,163.02,164.82,171.18,1363945,2267.04,2026-10-02
SYMBIOTEC,EQ,1194.0,1246.0,1161.1,1198.0,1176.75,3713662,44810.03,2026-10-02
SYMPHONY,EQ,581.35,583.0,565.2,571.7,582.45,41980,240.26,2026-10-02
SYNCOMF,EQ,25.1,25.1,22.68,23.96,25.08,44387615,10601.36,2026-10-02
SYNGENE,EQ,365.3,365.3,353.3,361.3,365.3,530462,1903.69,2026-10-02
SYRMA,EQ,1782.9,1822.6,1710.1,1717.9,1782.9,1874242,33001.14,2026-10-02
TAALTECH,EQ,999.4,1000.0,925.1,944.0,1001.0,40666,390.02,2026-10-02
TAINWALCHM,EQ,209.8,209.8,200.37,203.29,205.19,2767,5.6,2026-10-02
TAJGVK,EQ,320.45,321.0,310.0,314.9,320.2,45698,143.75,2026-10-02
TAKE,EQ,12.65,12.65,12.65,12.65,13.31,139867,17.69,2026-10-02
TALBROAUTO,EQ,429.95,437.6,410.55,419.7,429.85,208135,874.14,2026-10-02
TANAA,EQ,340.0,347.95,319.75,324.15,338.55,45363,149.78,2026-10-02
TANLA,EQ,492.0,499.25,480.8,487.75,492.15,338612,1653.08,2026-10-02
TARACHAND,EQ,48.0,48.0,45.61,46.35,47.72,41077,19.05,2026-10-02
TARAPUR,EQ,11.76,12.25,11.76,12.2,12.16,10649,1.3,2026-10-02
TARC,EQ,126.38,127.21,123.65,125.58,125.96,360964,452.45,2026-10-02
TARIL,EQ,271.1,298.6,271.1,280.8,270.1,57280414,165527.05,2026-10-02
TARMAT,EQ,59.99,61.0,56.34,57.23,59.4,43187,25.54,2026-10-02
TARSONS,EQ,321.4,333.0,315.05,329.4,320.3,198052,644.31,2026-10-02
TASTYBITE,EQ,9505.0,9550.0,9292.5,9453.5,9487.0,2596,243.55,2026-10-02
TATACAP,EQ,327.1,327.25,313.55,319.3,327.95,2467983,7849.22,2026-10-02
TATACHEM,EQ,611.5,619.0,600.15,607.8,611.45,1216894,7419.89,2026-10-02
TATACOMM,EQ,1640.0,1697.9,1617.5,1683.0,1656.2,140782,2328.92,2026-10-02
TATACONSUM,EQ,952.0,964.8,945.0,957.0,949.5,1829307,17477.44,2026-10-02
TATAELXSI,EQ,3099.9,3164.4,3046.2,3092.8,3088.9,333513,10351.99,2026-10-02
TATAGOLD,EQ,14.26,14.35,14.23,14.28,14.3,40228009,5748.05,2026-10-02
TATAINVEST,EQ,615.1,617.45,604.0,615.05,620.05,283865,1735.92,2026-10-02
TATAPOWER,EQ,352.95,357.15,346.4,350.15,359.0,4222986,14877.94,2026-10-02
TATASTEEL,EQ,184.37,186.55,175.75,178.0,184.3,47659952,85898.74,2026-10-02
TATATECH,EQ,705.0,714.5,690.05,698.8,707.5,648223,4551.61,2026-10-02
TATSILV,EQ,21.3,21.41,21.15,21.2,21.3,46720368,9946.42,2026-10-02
TATVA,EQ,1790.0,1795.0,1682.9,1743.2,1784.2,64302,1115.29,2026-10-02
TBOTEK,EQ,1686.1,1738.8,1660.0,1671.5,1685.2,304392,5167.3,2026-10-02
TCC,EQ,49.5,49.9,46.5,47.47,49.93,752515,360.19,2026-10-02
TCI,EQ,874.95,884.0,866.3,877.1,872.5,48610,425.21,2026-10-02
TCIEXP,EQ,513.9,513.9,496.1,504.75,521.65,93406,471.6,2026-10-02
TCIFINANCE,EQ,14.92,15.0,14.38,14.69,14.78,30489,4.51,2026-10-02
TCPLPACK,EQ,4090.0,4090.0,3856.0,3927.1,4102.6,3730,147.7,2026-10-02
TCS,EQ,2052.6,2093.9,2045.1,2075.0,2050.6,3428501,70999.1,2026-10-02
TDPOWERSYS,EQ,779.9,812.85,772.9,792.15,786.05,5370306,42793.1,2026-10-02
TEAMGTY,EQ,241.9,241.9,235.1,235.1,235.0,205,0.48,2026-10-02
TEAMLEASE,EQ,1148.6,1185.0,1125.0,1179.4,1148.6,15313,176.91,2026-10-02
TECH,EQ,30.98,31.01,30.4,30.92,30.53,12463,3.82,2026-10-02
TECHM,EQ,1540.0,1554.8,1512.0,1533.0,1524.0,2663224,40798.51,2026-10-02
TECHNOCRAF,EQ,475.3,484.45,461.1,478.1,476.55,775166,3686.99,2026-10-02
TECHNOE,EQ,1009.7,1019.8,977.6,998.6,1008.75,159231,1592.33,2026-10-02
TECHNVISN,EQ,3961.5,3961.5,3763.5,3763.5,3961.5,830,31.28,2026-10-02
TECILCHEM,EQ,9.02,9.3,9.0,9.25,9.02,6820,0.62,2026-10-02
TEGA,EQ,2106.7,2132.0,2034.0,2093.4,2106.7,408456,8510.57,2026-10-02
TEJASNET,EQ,483.25,491.7,461.1,464.8,486.2,1792351,8432.32,2026-10-02
TEMBO,EQ,57.67,58.56,56.25,57.16,57.67,955699,546.14,2026-10-02
TEMPSENS,EQ,525.45,527.95,500.0,505.25,526.75,1399930,7190.07,2026-10-02
TENNIND,EQ,506.3,506.3,487.45,495.4,508.25,707391,3499.3,2026-10-02
TERASOFT,EQ,207.95,217.89,194.11,207.91,207.2,74848,152.51,2026-10-02
TEXINFRA,EQ,119.41,122.71,116.11,119.39,119.41,344580,410.26,2026-10-02
TEXMOPIPES,EQ,55.55,56.0,53.0,53.7,55.08,93086,50.35,2026-10-02
TEXRAIL,EQ,131.0,132.45,124.07,126.86,131.73,4419603,5639.61,2026-10-02
TFCILTD,EQ,141.99,144.7,137.0,138.79,141.91,6063974,8517.8,2026-10-02
TFL,EQ,11.64,12.39,10.8,11.82,11.63,6820,0.78,2026-10-02
TGBHOTELS,EQ,9.55,9.8,9.15,9.42,9.6,3582,0.33,2026-10-02
TGVSL,EQ,121.8,123.78,114.52,116.38,121.48,320394,376.81,2026-10-02
THACKER,EQ,970.0,970.0,900.1,935.0,954.3,215,1.95,2026-10-02
THAKDEV,EQ,140.0,140.0,128.56,128.74,135.0,154,0.21,2026-10-02
THANGAMAYL,EQ,5087.5,5102.5,4811.5,4861.0,5062.0,73885,3616.26,2026-10-02
THEINVEST,EQ,92.25,94.8,90.0,90.33,93.45,3064,2.83,2026-10-02
THEJO,EQ,2175.0,2189.8,2065.0,2071.4,2175.4,21919,460.03,2026-10-02
THELEELA,EQ,577.0,581.1,557.7,568.95,573.8,222623,1262.21,2026-10-02
THEMISMED,EQ,116.85,117.97,110.5,113.19,116.46,69276,78.86,2026-10-02
THERMAX,EQ,3375.0,3378.8,3312.0,3360.6,3392.2,290287,9690.96,2026-10-02
THOMASCOOK,EQ,102.39,102.48,98.6,100.7,102.39,539181,539.62,2026-10-02
THOMASCOTT,EQ,267.35,316.95,264.65,300.2,267.35,725256,2170.38,2026-10-02
THYROCARE,EQ,531.8,538.55,519.3,533.6,534.15,223853,1183.51,2026-10-02
TI,EQ,537.0,551.4,535.0,542.55,540.65,568428,3080.3,2026-10-02
TIGERLOGS,EQ,25.85,26.0,24.8,25.69,26.25,90744,23.03,2026-10-02
TIIL,EQ,2901.8,2925.0,2822.0,2893.8,2900.9,31635,909.75,2026-10-02
TIINDIA,EQ,2386.8,2405.2,2307.3,2340.0,2375.0,471021,11049.34,2026-10-02
TIMETECHNO,EQ,181.15,182.29,176.3,179.68,182.36,2060984,3705.95,2026-10-02
TIMEX,EQ,714.65,737.0,700.0,729.5,719.55,428304,3078.77,2026-10-02
TIMKEN,EQ,3112.6,3122.2,3083.1,3098.8,3136.0,44275,1372.8,2026-10-02
TINNARUBR,EQ,959.0,959.0,911.05,938.85,952.1,34386,320.89,2026-10-02
TIPSFILMS,EQ,318.25,319.9,311.0,315.4,318.25,2857,8.99,2026-10-02
TIPSMUSIC,EQ,648.3,653.0,630.1,644.2,657.85,245089,1571.95,2026-10-02
TIRUMALCHM,EQ,151.74,151.74,143.12,146.26,151.39,463985,679.06,2026-10-02
TITAGARH,EQ,811.0,813.9,792.2,805.1,818.15,373180,3002.84,2026-10-02
TITAN,EQ,4574.9,4621.8,4491.0,4515.7,4587.0,694098,31521.3,2026-10-02
TMB,EQ,870.0,885.0,853.45,872.05,871.3,205835,1791.61,2026-10-02
TMCV,EQ,416.25,420.0,404.1,415.5,421.65,7408903,30473.59,2026-10-02
TMPV,EQ,280.0,281.3,273.35,279.4,283.5,15258191,42312.42,2026-10-02
TNIDETF,EQ,83.81,84.22,80.86,81.5,82.98,126624,104.1,2026-10-02
TNPETRO,EQ,124.08,125.71,118.5,123.18,124.08,929005,1132.58,2026-10-02
TNPL,EQ,151.0,151.0,146.21,147.63,150.61,135559,200.19,2026-10-02
TNTELE,EQ,11.56,11.56,11.56,11.56,12.84,37038,4.28,2026-10-02
TOKYOPLAST,EQ,72.1,75.88,70.1,71.01,73.2,1264,0.91,2026-10-02
TOLINS,EQ,87.17,87.17,84.0,84.59,85.86,47501,40.39,2026-10-02
TOP100CASE,EQ,9.99,10.04,9.8,9.9,9.99,1632004,161.68,2026-10-02
TOP10ADD,EQ,82.64,83.05,81.53,82.41,82.45,1809048,1493.77,2026-10-02
TOP15IETF,EQ,9.28,9.35,9.03,9.13,9.19,468556,42.68,2026-10-02
TOP20,EQ,8.36,8.39,8.23,8.3,8.37,81585,6.76,2026-10-02
TORNTPHARM,EQ,4800.0,4810.5,4717.3,4767.3,4800.0,357701,17073.61,2026-10-02
TORNTPOWER,EQ,1237.8,1249.0,1212.0,1242.9,1245.9,156392,1919.45,2026-10-02
TOUCHWOOD,EQ,60.0,60.0,57.0,57.14,59.22,1063,0.61,2026-10-02
TOYAMSL,EQ,0.75,0.75,0.69,0.69,0.72,408079,2.89,2026-10-02
TPLPLASTEH,EQ,69.9,70.75,67.83,68.89,71.14,188764,130.39,2026-10-02
TRACXN,EQ,32.9,32.9,31.59,31.71,32.91,129732,41.4,2026-10-02
TRANSCOR,EQ,24.22,24.68,21.0,24.18,24.22,4834,1.1,2026-10-02
TRANSRAILL,EQ,479.0,488.4,462.85,474.9,476.4,1761167,8398.22,2026-10-02
TRAVELFOOD,EQ,1200.0,1222.1,1176.1,1208.1,1200.3,32897,393.32,2026-10-02
TREEHOUSE,EQ,5.94,5.94,5.65,5.68,5.78,9476,0.55,2026-10-02
TREJHARA,EQ,143.49,143.49,127.03,131.66,138.84,29254,38.93,2026-10-02
TREL,EQ,29.15,29.47,26.37,27.29,28.89,135689,37.9,2026-10-02
TRENT,EQ,2615.0,2624.0,2545.8,2580.0,2621.6,896919,23159.12,2026-10-02
TRF,EQ,202.0,202.0,191.19,192.33,197.82,7150,13.98,2026-10-02
TRIDENT,EQ,22.44,22.5,22.0,22.16,22.44,2837617,629.97,2026-10-02
TRIGYN,EQ,53.5,53.5,51.36,51.8,53.1,36496,19.0,2026-10-02
TRITONV,EQ,1080.1,1109.6,1061.3,1078.0,1083.8,1489,16.19,2026-10-02
TRITURBINE,EQ,536.0,541.25,526.0,530.0,539.4,473633,2520.06,2026-10-02
TRIVENI,EQ,234.95,241.98,228.61,230.92,235.7,557909,1295.31,2026-10-02
TRU,EQ,4.12,4.4,4.06,4.22,4.1,61921,2.6,2026-10-02
TRUALT,EQ,469.9,469.9,439.8,444.3,468.65,290950,1303.64,2026-10-02
TSFINV,EQ,416.0,417.0,402.25,409.15,417.15,111572,457.57,2026-10-02
TTKHLTCARE,EQ,1021.0,1022.9,990.0,1013.0,1023.0,10794,108.51,2026-10-02
TTKPRESTIG,EQ,512.6,519.75,497.0,506.4,515.85,63610,321.62,2026-10-02
TTL,EQ,8.11,8.3,7.71,7.85,8.07,236186,18.6,2026-10-02
TTML,EQ,35.44,35.55,34.15,34.82,34.3,8582189,2982.54,2026-10-02
TURTLEMINT,EQ,76.02,76.4,69.25,69.79,76.44,2761679,1976.57,2026-10-02
TUTIALKA,EQ,54.11,55.68,53.0,53.98,54.4,4106,2.21,2026-10-02
TVSELECT,EQ,415.1,415.1,384.4,397.4,416.15,222377,889.65,2026-10-02
TVSHLTD,EQ,12116.0,12117.0,11661.0,11886.0,12107.0,21777,2583.53,2026-10-02
TVSMOTOR,EQ,4090.0,4100.0,3930.1,4021.0,4106.0,1234692,49397.34,2026-10-02
TVSSCS,EQ,130.0,130.86,126.0,128.42,130.57,767101,981.04,2026-10-02
TVSSRICHAK,EQ,4426.0,4461.9,4255.0,4349.3,4437.5,5576,241.9,2026-10-02
TVTODAY,EQ,106.0,106.0,99.35,101.65,104.19,76841,77.9,2026-10-02
TWCGOLDETF,EQ,147.0,149.72,145.42,146.46,146.78,28005,41.18,2026-10-02
UBL,EQ,1158.1,1194.8,1140.3,1188.8,1158.1,143713,1673.48,2026-10-02
UCOBANK,EQ,23.22,23.35,22.81,22.93,23.28,3788182,874.19,2026-10-02
UDAYJEW,EQ,167.06,169.19,155.2,159.06,166.94,25228,40.8,2026-10-02
UDS,EQ,208.57,209.79,204.31,208.55,208.57,160461,332.23,2026-10-02
UEL,EQ,186.5,186.5,175.68,183.67,184.92,19845,35.48,2026-10-02
UFLEX,EQ,663.9,664.85,640.2,649.85,657.85,150979,982.71,2026-10-02
UFO,EQ,59.69,59.79,55.35,56.49,58.12,34623,19.91,2026-10-02
UGROCAP,EQ,82.86,83.44,80.8,82.35,83.68,149035,122.59,2026-10-02
UJJIVANSFB,EQ,66.99,67.6,65.04,65.6,67.5,9369954,6189.84,2026-10-02
ULTRACEMCO,EQ,10810.0,10879.0,10612.0,10710.0,10956.0,570684,61116.98,2026-10-02
ULTRAMAR,EQ,409.0,418.45,398.2,406.15,409.4,298654,1214.33,2026-10-02
UMESLTD,EQ,4.53,4.58,4.3,4.57,4.49,6153,0.28,2026-10-02
UMIYA-MRO,EQ,93.55,93.97,91.1,91.76,93.16,20020,18.51,2026-10-02
UNICHEMLAB,EQ,542.5,548.9,523.05,535.05,545.5,102131,548.2,2026-10-02
UNIDT,EQ,225.0,257.8,211.2,239.65,222.06,130454,306.19,2026-10-02
UNIECOM,EQ,84.15,84.15,80.2,82.58,83.9,204430,168.86,2026-10-02
UNIENTER,EQ,89.2,89.99,86.6,87.02,88.75,9036,7.92,2026-10-02
UNIINFO,EQ,11.25,11.25,10.4,10.85,10.94,4175,0.46,2026-10-02
UNIMECH,EQ,1723.9,1779.8,1693.2,1773.0,1724.0,403902,7040.59,2026-10-02
UNIONBANK,EQ,169.69,172.19,164.81,167.59,171.0,7875995,13280.88,2026-10-02
UNIONGOLD,EQ,144.5,144.95,141.6,143.9,144.5,1400,2.01,2026-10-02
UNIPARTS,EQ,830.9,834.9,801.7,819.3,836.0,141001,1151.57,2026-10-02
UNITDSPR,EQ,1340.1,1346.9,1316.5,1335.1,1354.0,1003620,13372.19,2026-10-02
UNITECH,EQ,3.95,3.99,3.85,3.93,3.96,3179973,124.53,2026-10-02
UNITEDPOLY,EQ,48.0,48.0,46.5,47.05,47.47,98775,46.71,2026-10-02
UNITEDTEA,EQ,432.2,432.2,412.7,416.95,427.9,10435,43.65,2026-10-02
UNIVCABLES,EQ,1447.8,1462.0,1400.0,1451.3,1443.0,81588,1167.41,2026-10-02
UNOMINDA,EQ,1170.0,1170.0,1099.1,1111.0,1170.0,788650,8859.32,2026-10-02
UPHOT,EQ,1530.0,1530.0,1530.0,1530.0,1530.0,26,0.4,2026-10-02
UPL,EQ,535.7,537.65,511.2,516.8,539.75,2466891,12867.84,2026-10-02
URBANCO,EQ,156.41,158.87,151.31,156.34,157.48,3669838,5702.72,2026-10-02
URJA,EQ,8.75,8.89,8.51,8.61,8.77,520756,44.88,2026-10-02
USHAMART,EQ,494.4,495.8,481.0,491.7,498.65,431464,2113.02,2026-10-02
USK,EQ,19.3,19.5,17.77,18.39,19.14,51053,9.36,2026-10-02
UTIAMC,EQ,880.05,886.25,870.05,883.7,882.4,65757,578.85,2026-10-02
UTKARSHBNK,EQ,13.79,13.79,13.22,13.43,13.76,3995033,537.86,2026-10-02
UTLSOLAR,EQ,397.7,404.4,384.1,401.65,398.45,236989,937.73,2026-10-02
UTTAMSUGAR,EQ,287.95,288.0,272.25,276.1,288.4,186895,520.26,2026-10-02
V2RETAIL,EQ,208.0,208.94,197.71,201.39,208.74,1693991,3422.94,2026-10-02
VADILALIND,EQ,7289.5,7289.5,7100.0,7187.0,7253.0,6060,434.61,2026-10-02
VADILENT,EQ,10050.0,10050.0,9910.0,9910.0,10151.0,86,8.6,2026-10-02
VAIBHAVGBL,EQ,203.25,205.78,196.88,203.53,204.32,254791,513.37,2026-10-02
VAISHALI,EQ,8.49,8.52,8.38,8.38,8.35,226659,19.05,2026-10-02
VAKRANGEE,EQ,5.13,5.16,5.07,5.12,5.14,839936,42.86,2026-10-02
VAL30IETF,EQ,14.4,14.6,14.07,14.3,14.48,480358,68.28,2026-10-02
VALIANTORG,EQ,469.0,480.6,440.0,477.15,455.1,551682,2567.28,2026-10-02
VALUE,EQ,15.33,15.33,14.95,15.14,15.33,35200,5.33,2026-10-02
VALUEAXIS,EQ,31.78,31.78,30.5,30.91,31.36,162292,50.11,2026-10-02
VAML,EQ,412.0,413.85,398.75,402.75,412.9,6985636,28350.03,2026-10-02
VARDMNPOLY,EQ,5.81,5.89,5.65,5.7,5.8,135098,7.77,2026-10-02
VARMORA,EQ,139.0,142.99,132.21,134.3,139.65,3139608,4309.04,2026-10-02
VARROC,EQ,856.0,860.15,815.6,830.6,862.95,261699,2181.45,2026-10-02
VASCONEQ,EQ,33.9,34.0,32.05,32.58,33.67,712339,232.68,2026-10-02
VASUPRADA,EQ,94.1,99.75,94.1,95.52,95.0,4200,4.17,2026-10-02
VASWANI,EQ,43.85,45.49,43.85,44.36,44.57,2864,1.27,2026-10-02
VBL,EQ,428.0,430.8,415.35,425.3,432.0,8516414,35995.91,2026-10-02
VEDAVAAG,EQ,22.79,22.79,20.93,22.16,22.24,46023,10.06,2026-10-02
VEDL,EQ,256.35,257.2,247.25,252.05,259.0,10131800,25484.77,2026-10-02
VEDPOWER,EQ,32.91,33.0,31.95,32.77,32.84,18705111,6074.53,2026-10-02
VEEDOL,EQ,1372.9,1373.3,1338.0,1356.6,1373.3,9354,126.55,2026-10-02
VENKEYS,EQ,1587.9,1652.1,1532.2,1613.0,1588.1,57612,914.14,2026-10-02
VENTIVE,EQ,564.85,564.85,548.0,552.2,558.4,26555,147.04,2026-10-02
VENUSPIPES,EQ,2153.1,2237.9,2133.0,2204.9,2147.1,161732,3535.61,2026-10-02
VENUSREM,EQ,1877.0,1880.0,1715.0,1796.7,1796.1,116523,2119.67,2026-10-02
VERANDA,EQ,222.8,228.08,212.2,213.8,220.75,522323,1144.87,2026-10-02
VERTOZ,EQ,34.8,36.45,34.7,35.66,35.59,20836,7.32,2026-10-02
VESUVIUS,EQ,422.0,422.2,401.0,404.1,424.2,306434,1259.62,2026-10-02
VETO,EQ,141.6,143.31,134.91,136.79,142.72,94273,130.09,2026-10-02
VGCL,EQ,49.4,49.4,46.23,47.89,48.66,1904,0.91,2026-10-02
VGL,EQ,64.98,67.9,62.12,63.11,64.05,65923,42.34,2026-10-02
VGUARD,EQ,297.05,299.8,290.15,294.55,296.45,359135,1056.92,2026-10-02
VHL,EQ,3400.8,3450.0,3300.0,3435.3,3400.8,1027,34.9,2026-10-02
VIDHIING,EQ,354.4,355.0,347.1,350.25,357.6,25543,89.52,2026-10-02
VIDYAWIRES,EQ,93.92,93.92,89.69,90.97,94.41,1066713,971.11,2026-10-02
VIJAYA,EQ,1435.0,1442.6,1399.2,1428.0,1437.7,188777,2682.02,2026-10-02
VIJSOLX,EQ,626.0,645.0,623.3,623.3,625.1,1064,6.81,2026-10-02
VIKASECO,EQ,1.03,1.03,1.01,1.01,1.03,1556275,15.91,2026-10-02
VIKASLIFE,EQ,1.21,1.22,1.18,1.2,1.21,2801015,33.6,2026-10-02
VIKRAMSOLR,EQ,160.2,160.46,151.6,154.35,160.01,2528456,3923.96,2026-10-02
VIKRAN,EQ,59.43,59.9,57.13,58.27,59.71,860999,501.87,2026-10-02
VIMTALABS,EQ,598.85,598.85,575.1,584.35,600.3,118361,692.38,2026-10-02
VINATIORGA,EQ,1173.5,1221.0,1143.6,1208.1,1168.3,60315,708.48,2026-10-02
VINCOFE,EQ,179.5,182.39,173.63,178.95,179.96,1031758,1838.05,2026-10-02
VINDHYATEL,EQ,2665.0,2667.0,2565.5,2617.0,2662.9,30792,804.14,2026-10-02
VINEETLAB,EQ,37.39,37.39,35.5,35.91,37.16,50068,18.15,2026-10-02
VINNY,EQ,0.91,0.92,0.89,0.9,0.89,135375,1.23,2026-10-02
VINYLINDIA,EQ,218.0,220.8,213.0,214.23,219.03,3116,6.71,2026-10-02
VIPCLOTHNG,EQ,20.5,20.79,19.7,20.11,20.51,34037,6.85,2026-10-02
VIPIND,EQ,288.1,290.2,277.85,280.75,290.95,382593,1079.81,2026-10-02
VIRAT,EQ,340.0,340.0,323.95,335.8,339.2,9885,32.88,2026-10-02
VIRINCHI,EQ,13.53,13.7,13.0,13.29,13.47,44029,5.81,2026-10-02
VISACHROME,EQ,38.59,38.6,35.61,35.91,36.77,87413,33.11,2026-10-02
VISHAL,EQ,17.95,17.95,17.2,17.38,17.66,47525,8.31,2026-10-02
VISHNU,EQ,669.95,676.95,640.05,658.25,664.5,95244,625.4,2026-10-02
VISHWARAJ,EQ,5.25,5.29,5.1,5.18,5.26,156177,8.09,2026-10-02
VISL,EQ,32.0,32.34,30.69,31.17,32.3,23116178,7222.9,2026-10-02
VITAL,EQ,53.9,53.9,51.35,53.46,53.9,1975,1.02,2026-10-02
VIVIANA,EQ,685.0,787.75,685.0,774.5,704.35,140440,1055.14,2026-10-02
VIVIDHA,EQ,0.52,0.54,0.49,0.5,0.51,606973,3.13,2026-10-02
VIVOBIOT,EQ,16.9,17.99,16.5,17.13,17.06,18186,3.13,2026-10-02
VIYASH,EQ,234.8,235.7,226.24,231.75,235.8,3532864,8146.54,2026-10-02
VLEGOV,EQ,10.3,10.3,9.5,9.6,9.99,101558,9.87,2026-10-02
VLSFINANCE,EQ,233.1,245.0,227.0,230.87,234.09,8899,20.8,2026-10-02
VMART,EQ,759.95,761.15,736.6,746.1,753.7,47930,359.27,2026-10-02
VMM,EQ,100.01,100.5,98.42,99.5,101.0,11791052,11731.35,2026-10-02
VMSTMT,EQ,49.12,50.5,46.11,46.65,49.12,162379,79.21,2026-10-02
VOEPL,EQ,503.85,503.85,482.1,493.0,493.15,39897,196.04,2026-10-02
VOGL,EQ,33.1,33.1,31.39,31.98,33.11,26250953,8398.35,2026-10-02
VOITHPAPR,EQ,1450.0,1458.8,1400.0,1407.3,1449.9,226,3.2,2026-10-02
VOLTAMP,EQ,10509.0,10575.0,10285.0,10426.0,10500.0,16047,1667.05,2026-10-02
VOLTAS,EQ,1070.0,1078.6,1040.6,1053.2,1070.0,638996,6739.35,2026-10-02
VPRPL,EQ,29.68,29.68,27.93,28.39,29.62,507617,144.91,2026-10-02
VRAJ,EQ,123.45,124.5,118.96,121.76,123.85,23186,28.28,2026-10-02
VRLLOG,EQ,284.55,289.7,282.8,285.05,287.15,147978,422.41,2026-10-02
VSSL,EQ,402.4,402.4,375.35,383.3,401.05,164787,633.13,2026-10-02
VSTIND,EQ,203.3,204.17,200.1,201.14,203.16,142755,287.04,2026-10-02
VSTL,EQ,111.9,111.9,108.09,108.85,112.09,8447,9.22,2026-10-02
VSTTILLERS,EQ,4350.0,4630.0,4260.0,4339.8,4390.0,47446,2116.39,2026-10-02
VTL,EQ,534.6,534.6,516.55,529.25,534.6,260173,1368.0,2026-10-02
VTMLTD,EQ,39.26,39.85,36.57,38.15,38.88,102484,38.72,2026-10-02
WAAREEENER,EQ,2374.0,2380.9,2301.1,2340.0,2374.4,841593,19702.59,2026-10-02
WAAREEINDO,EQ,209.95,212.0,199.46,203.39,209.95,240812,491.15,2026-10-02
WAAREERTL,EQ,819.95,822.85,798.0,808.8,819.95,129374,1045.41,2026-10-02
WABAG,EQ,2058.3,2058.3,1960.0,2004.9,2061.4,398624,7983.83,2026-10-02
WAKEFIT,EQ,146.0,146.08,138.3,139.88,143.82,172897,243.41,2026-10-02
WALCHANNAG,EQ,200.1,201.59,191.53,196.08,200.24,612063,1201.82,2026-10-02
WANBURY,EQ,199.6,203.0,191.0,197.99,199.5,563970,1106.06,2026-10-02
WARDINMOBI,EQ,5.51,5.51,5.25,5.31,5.45,253655,13.57,2026-10-02
WATERBASE,EQ,45.77,47.39,44.76,45.4,46.7,21523,9.91,2026-10-02
WCIL,EQ,92.2,93.73,91.51,93.01,93.16,72195,66.8,2026-10-02
WEALTH,EQ,895.0,931.0,882.5,889.95,907.85,4145,37.58,2026-10-02
WEBELSOLAR,EQ,70.4,70.99,67.04,68.7,70.56,2357402,1617.48,2026-10-02
WEIZMANIND,EQ,70.99,73.89,69.0,71.45,70.88,999,0.7,2026-10-02
WEL,EQ,74.0,74.0,71.21,71.7,72.63,186921,134.43,2026-10-02
WELCORP,EQ,2708.0,2731.3,2539.2,2605.8,2717.0,2309126,60315.82,2026-10-02
WELENT,EQ,736.0,749.3,717.55,724.45,742.7,396051,2906.23,2026-10-02
WELSPLSOL,EQ,54.17,54.18,51.5,52.58,53.98,821620,430.54,2026-10-02
WELSPUNLIV,EQ,226.7,244.89,226.2,239.17,227.33,22516675,53649.1,2026-10-02
WENDT,EQ,8350.0,8350.0,7950.0,8116.0,8351.5,14731,1193.77,2026-10-02
WESTLIFE,EQ,585.3,607.5,578.55,588.05,589.85,119967,711.73,2026-10-02
WEWIN,EQ,50.81,53.0,49.75,51.65,50.81,8010,4.14,2026-10-02
WEWORK,EQ,661.25,668.6,643.55,659.6,660.45,303711,1994.9,2026-10-02
WHBRADY,EQ,471.0,495.0,461.0,465.05,491.0,207,0.96,2026-10-02
WHEELS,EQ,2225.0,2274.0,2104.1,2241.3,2221.0,183997,4043.28,2026-10-02
WHIRLPOOL,EQ,880.0,897.1,852.5,861.65,890.25,1044003,9133.0,2026-10-02
WILLAMAGOR,EQ,23.4,23.4,20.53,21.19,22.99,10397,2.23,2026-10-02
WINDLAS,EQ,1091.3,1101.3,1052.6,1082.4,1091.3,63775,686.24,2026-10-02
WINDMACHIN,EQ,301.2,303.05,284.6,293.15,300.2,99959,293.36,2026-10-02
WIPL,EQ,168.39,168.5,161.0,161.0,164.8,936,1.53,2026-10-02
WIPRO,EQ,158.61,160.95,157.25,159.35,158.5,18521731,29477.15,2026-10-02
WOCKPHARMA,EQ,2110.0,2124.0,2035.6,2083.9,2116.3,784540,16306.54,2026-10-02
WONDERLA,EQ,498.0,501.9,488.0,495.1,500.3,79594,394.66,2026-10-02
WORTHPERI,EQ,146.5,147.0,142.0,143.74,146.02,1747,2.54,2026-10-02
WPIL,EQ,437.7,440.0,421.1,430.65,438.85,28634,123.35,2026-10-02
WSI,EQ,54.5,55.59,52.8,53.2,54.04,39222,20.98,2026-10-02
WSTCSTPAPR,EQ,738.7,744.5,702.95,727.65,736.6,145287,1044.92,2026-10-02
XCHANGING,EQ,61.0,61.42,59.4,59.73,61.24,58010,34.86,2026-10-02
XELPMOC,EQ,79.55,95.0,79.55,93.67,80.24,244539,223.78,2026-10-02
XPROINDIA,EQ,1161.9,1168.6,1115.0,1136.2,1161.9,42823,486.55,2026-10-02
XTGLOBAL,EQ,29.6,29.6,28.11,28.69,29.19,19992,5.8,2026-10-02
XTRANET,EQ,291.0,294.65,270.8,272.4,285.05,796522,2216.4,2026-10-02
YASHO,EQ,3945.0,4133.3,3942.0,4036.0,4005.4,22593,910.19,2026-10-02
YATHARTH,EQ,1012.0,1059.0,1012.0,1033.7,1032.5,508885,5268.99,2026-10-02
YATRA,EQ,100.0,104.0,97.4,98.83,99.89,2022495,2028.96,2026-10-02
YESBANK,EQ,20.95,21.17,20.51,20.75,20.95,80611659,16770.74,2026-10-02
YOGI,EQ,160.5,164.0,155.0,159.35,160.56,2356,3.76,2026-10-02
YUKEN,EQ,1134.4,1152.0,1072.1,1141.4,1131.1,15046,168.29,2026-10-02
ZAGGLE,EQ,172.5,176.39,168.87,171.73,173.18,843126,1453.36,2026-10-02
ZEEL,EQ,74.7,74.7,71.64,71.92,74.47,13789871,10008.59,2026-10-02
ZEELEARN,EQ,6.55,6.55,6.22,6.3,6.5,249693,15.85,2026-10-02
ZEEMEDIA,EQ,7.33,7.33,7.05,7.2,7.21,764827,54.9,2026-10-02
ZENITHEXPO,EQ,205.0,205.0,200.0,203.04,199.0,79,0.16,2026-10-02
ZENITHSTL,EQ,5.07,5.4,5.0,5.1,5.3,57191,2.94,2026-10-02
ZENSARTECH,EQ,422.5,438.0,421.05,434.35,422.1,1843893,7939.85,2026-10-02
ZENTEC,EQ,1605.2,1610.0,1550.0,1576.1,1605.2,251378,3972.51,2026-10-02
ZFCVINDIA,EQ,2335.0,2336.0,2230.0,2241.0,2341.0,154904,3501.12,2026-10-02
ZFSTEERING,EQ,715.0,729.9,702.05,708.4,714.5,1845,13.13,2026-10-02
ZIMLAB,EQ,138.94,138.94,132.1,137.02,137.97,129941,175.38,2026-10-02
ZODIAC,EQ,217.49,219.79,210.7,216.91,216.32,8175,17.51,2026-10-02
ZODIACLOTH,EQ,68.71,68.71,66.32,66.71,69.03,1851,1.24,2026-10-02
ZOTA,EQ,1299.8,1334.5,1249.6,1267.8,1294.7,225359,2945.21,2026-10-02
ZSARACOM,EQ,10320.0,10320.0,9900.0,10017.0,10140.0,23,2.32,2026-10-02
ZUARI,EQ,220.5,220.5,210.96,212.88,220.33,68426,146.71,2026-10-02
ZUARIIND,EQ,282.2,289.0,278.0,281.85,282.2,109193,311.08,2026-10-02
ZYDUSLIFE,EQ,1151.0,1158.0,1123.7,1145.7,1162.0,2547369,29113.76,2026-10-02
ZYDUSWELL,EQ,512.2,515.25,490.2,493.25,512.8,151840,755.46,2026-10-02
