SYMBOL,SERIES,OPEN_PRICE,HIGH_PRICE,LOW_PRICE,CLOSE_PRICE,PREV_CLOSE,TTL_TRD_QNTY,TURNOVER_LACS,DATE
20MICRONS,EQ,219.0,220.99,216.75,218.06,219.28,78133,170.81,2026-09-09
21STCENMGM,EQ,38.98,39.34,38.31,38.8,38.59,1472,0.57,2026-09-09
360ONE,EQ,1104.4,1109.2,1087.4,1087.4,1110.0,869898,9571.81,2026-09-09
3BBLACKBIO,EQ,1490.0,1499.0,1448.1,1476.1,1455.3,9173,135.13,2026-09-09
3MINDIA,EQ,33145.0,33145.0,32745.0,33025.0,33145.0,1275,419.69,2026-09-09
3PLAND,EQ,31.55,32.51,31.55,32.25,32.4,1886,0.61,2026-09-09
5PAISA,EQ,337.2,338.95,327.55,334.3,337.4,55842,186.33,2026-09-09
63MOONS,EQ,864.0,883.35,845.2,865.05,868.25,645891,5594.37,2026-09-09
A2ZINFRA,EQ,16.15,16.15,15.2,15.25,15.8,425561,65.46,2026-09-09
AAATECH,EQ,92.97,92.97,91.51,91.86,92.64,7328,6.74,2026-09-09
AADHARHFC,EQ,479.65,481.65,470.05,471.9,479.65,230829,1093.94,2026-09-09
AAKASH,EQ,8.48,8.6,8.27,8.49,8.49,81772,6.88,2026-09-09
AAREYDRUGS,EQ,99.8,100.4,98.0,99.98,98.03,230078,228.74,2026-09-09
AARON,EQ,125.0,141.99,123.65,134.5,125.01,25451,33.75,2026-09-09
AARTIDRUGS,EQ,421.5,430.95,421.5,423.45,421.5,108126,459.54,2026-09-09
AARTIIND,EQ,503.7,503.7,494.5,496.2,503.7,448671,2234.82,2026-09-09
AARTIPHARM,EQ,866.0,873.0,820.5,829.65,867.0,557734,4663.07,2026-09-09
AARVI,EQ,142.0,143.38,141.65,142.04,142.16,7411,10.54,2026-09-09
AASTHA,EQ,77.26,83.88,75.1,81.46,76.85,2046144,1651.84,2026-09-09
AAVAS,EQ,1290.0,1305.5,1280.0,1290.3,1293.5,80715,1043.68,2026-09-09
ABANSENT,EQ,27.77,29.0,27.5,27.99,27.77,6468,1.81,2026-09-09
ABB,EQ,7377.0,7480.0,7361.0,7401.5,7387.0,309539,22915.0,2026-09-09
ABBOTINDIA,EQ,25555.0,25705.0,25190.0,25225.0,25555.0,6053,1534.95,2026-09-09
ABCAPITAL,EQ,396.85,402.05,393.55,400.0,396.95,2144020,8554.24,2026-09-09
ABCOTS,EQ,214.2,214.2,204.0,205.71,207.99,1477,3.06,2026-09-09
ABDL,EQ,594.5,607.5,586.55,604.15,594.5,320490,1922.13,2026-09-09
ABFRL,EQ,52.19,52.22,51.23,51.33,52.24,2157046,1112.41,2026-09-09
ABLBL,EQ,84.52,85.6,83.79,84.26,84.52,494687,418.16,2026-09-09
ABMKNO,EQ,187.13,190.8,180.0,180.73,187.13,651,1.19,2026-09-09
ABREL,EQ,1372.0,1372.0,1330.0,1337.9,1372.1,111860,1502.41,2026-09-09
ABSL10BANK,EQ,167.5,167.5,165.0,165.01,167.31,1456,2.42,2026-09-09
ABSLAMC,EQ,1035.0,1070.3,1012.0,1066.5,1037.8,233592,2433.49,2026-09-09
ABSLBANETF,EQ,58.91,58.91,57.8,58.0,58.31,156871,91.16,2026-09-09
ABSLLIQUID,EQ,1000.0,1000.01,999.99,999.99,1000.0,257,2.57,2026-09-09
ABSLMSCIN,EQ,29.42,29.57,29.1,29.19,29.34,121,0.04,2026-09-09
ABSLNN50ET,EQ,76.85,77.5,76.52,76.8,76.85,5514,4.24,2026-09-09
ABSLPSE,EQ,10.1,10.23,10.1,10.19,10.13,90916,9.27,2026-09-09
ACC,EQ,1260.0,1272.0,1255.1,1257.7,1262.8,122510,1545.66,2026-09-09
ACCELYA,EQ,1129.0,1131.4,1115.0,1119.9,1124.4,4845,54.34,2026-09-09
ACE,EQ,1122.0,1163.0,1120.0,1127.0,1121.2,559419,6378.09,2026-09-09
ACEINTEG,EQ,18.36,18.36,17.21,17.54,17.37,442,0.08,2026-09-09
ACGL,EQ,1780.5,1799.8,1760.1,1795.1,1780.5,393,7.01,2026-09-09
ACI,EQ,485.9,486.65,477.0,481.25,484.7,289839,1400.55,2026-09-09
ACL,EQ,42.95,43.49,42.5,43.21,42.29,5707,2.46,2026-09-09
ACMESOLAR,EQ,406.0,417.0,401.0,401.6,412.6,862025,3515.34,2026-09-09
ACUTAAS,EQ,3182.1,3270.0,3181.5,3241.8,3182.1,282128,9109.24,2026-09-09
ADANIENSOL,EQ,1406.0,1446.0,1396.5,1423.3,1407.7,1914487,27295.61,2026-09-09
ADANIENT,EQ,2959.9,3142.0,2935.2,3104.7,2953.1,5320594,164067.23,2026-09-09
ADANIGREEN,EQ,1290.5,1339.7,1290.0,1315.0,1292.0,2491107,32933.8,2026-09-09
ADANIPORTS,EQ,1719.0,1785.9,1706.0,1775.0,1710.0,5527528,97093.71,2026-09-09
ADANIPOWER,EQ,207.1,216.1,206.5,214.9,208.4,33227588,70830.03,2026-09-09
ADDIND,EQ,77.0,79.0,77.0,79.0,79.87,41,0.03,2026-09-09
ADFFOODS,EQ,274.8,279.65,268.35,278.2,273.7,212691,583.17,2026-09-09
ADL,EQ,74.0,74.0,71.21,71.84,74.69,1535,1.11,2026-09-09
ADOR,EQ,1645.0,1697.5,1623.1,1628.2,1626.2,59288,979.64,2026-09-09
ADROITINFO,EQ,10.6,11.4,10.27,10.98,10.63,65228,7.07,2026-09-09
ADSL,EQ,101.57,102.38,99.12,99.68,101.23,92053,91.96,2026-09-09
ADVAIT,EQ,2164.0,2164.0,2076.2,2091.7,2153.9,44532,937.8,2026-09-09
ADVANCE,EQ,115.99,116.19,113.31,113.85,115.53,78694,89.92,2026-09-09
ADVANIHOTR,EQ,49.56,49.56,47.63,48.74,49.14,21032,10.26,2026-09-09
ADVENTHTL,EQ,132.39,132.88,130.0,130.32,132.78,72649,95.28,2026-09-09
ADVENZYMES,EQ,298.45,302.9,296.0,299.5,298.85,159172,477.5,2026-09-09
ADVIKCA,EQ,1.07,1.09,1.06,1.07,1.07,159333,1.72,2026-09-09
AEGISLOG,EQ,1270.6,1358.7,1268.6,1343.4,1268.1,2121597,28307.82,2026-09-09
AEGISVOPAK,EQ,291.0,299.4,288.8,297.65,290.65,1911786,5651.84,2026-09-09
AEPL,EQ,18.5,18.5,16.12,16.99,18.11,123003,21.19,2026-09-09
AEQUS,EQ,232.0,235.41,228.65,230.55,231.9,2439713,5633.05,2026-09-09
AEROENTER,EQ,151.81,152.55,140.7,142.95,152.65,1381011,2011.6,2026-09-09
AEROFLEX,EQ,572.0,573.4,554.05,561.15,573.5,865460,4879.08,2026-09-09
AERONEU,EQ,73.0,76.0,70.05,70.41,74.13,34048,24.64,2026-09-09
AEROPLANE,EQ,199.31,204.0,196.52,199.47,199.31,287505,573.72,2026-09-09
AETHER,EQ,1640.0,1678.8,1605.1,1610.9,1642.9,217203,3548.06,2026-09-09
AFCONS,EQ,280.0,283.85,273.0,274.15,280.25,924861,2563.97,2026-09-09
AFFLE,EQ,1597.6,1613.6,1576.3,1587.3,1609.4,101630,1614.97,2026-09-09
AFFORDABLE,EQ,166.0,166.0,157.21,161.71,164.23,23690,38.22,2026-09-09
AFIL,EQ,9.45,9.45,8.9,9.01,9.07,446375,40.13,2026-09-09
AFSL,EQ,201.74,204.4,201.05,201.21,201.16,4021,8.12,2026-09-09
AGARIND,EQ,439.9,449.95,435.35,447.25,440.9,29437,130.5,2026-09-09
AGARWALEYE,EQ,522.1,522.1,510.2,513.7,519.7,256670,1319.48,2026-09-09
AGI,EQ,781.0,800.0,767.3,796.15,783.8,303157,2379.56,2026-09-09
AGIIL,EQ,273.0,302.65,269.05,283.2,271.65,8760571,25477.61,2026-09-09
AGL,EQ,15.73,16.38,15.32,15.55,16.02,7575417,1202.24,2026-09-09
AGRITECH,EQ,100.0,101.89,96.1,98.25,99.75,2629,2.59,2026-09-09
AGROPHOS,EQ,23.45,23.89,21.0,21.72,23.44,143020,31.94,2026-09-09
AHCL,EQ,15.62,16.68,15.62,16.28,15.61,17458736,2831.69,2026-09-09
AHLADA,EQ,36.29,36.99,35.2,35.48,36.3,38344,13.67,2026-09-09
AHLEAST,EQ,137.0,137.88,135.4,137.08,135.38,1988,2.71,2026-09-09
AHLUCONT,EQ,605.9,619.0,593.0,596.15,607.15,63167,382.3,2026-09-09
AIAENG,EQ,4229.5,4259.1,4165.0,4172.1,4259.0,18400,772.33,2026-09-09
AIIL,EQ,524.5,524.65,512.0,513.95,526.2,100734,520.34,2026-09-09
AIRAN,EQ,17.2,18.0,17.2,17.66,17.15,343975,60.84,2026-09-09
AIROLAM,EQ,88.5,88.5,86.17,87.97,88.67,173,0.15,2026-09-09
AJANTPHARM,EQ,3605.0,3609.0,3512.3,3534.4,3579.3,41843,1487.78,2026-09-09
AJAXENGG,EQ,599.3,599.5,575.85,578.05,594.1,65391,379.53,2026-09-09
AJMERA,EQ,118.1,118.27,115.3,117.12,118.1,540312,633.28,2026-09-09
AJOONI,EQ,3.42,3.52,3.42,3.5,3.44,164411,5.72,2026-09-09
AKASH,EQ,25.09,25.79,24.65,25.45,25.09,3274,0.83,2026-09-09
AKCAPIT,EQ,1747.6,1750.2,1673.5,1691.6,1772.2,2791,48.2,2026-09-09
AKG,EQ,10.07,10.73,9.55,10.52,9.83,66537,6.96,2026-09-09
AKSHAR,EQ,0.42,0.43,0.41,0.41,0.42,1293096,5.42,2026-09-09
AKUMS,EQ,737.0,769.0,737.0,741.1,736.6,433609,3254.13,2026-09-09
ALANKIT,EQ,7.99,8.12,7.9,8.02,7.99,63127,5.07,2026-09-09
ALBERTDAVD,EQ,854.0,854.0,832.3,850.55,844.05,3812,32.23,2026-09-09
ALEMBICLTD,EQ,109.73,109.73,106.08,106.95,109.73,694090,745.45,2026-09-09
ALFREDHE,EQ,2878.0,2900.0,2877.9,2900.0,2945.0,96,2.76,2026-09-09
ALGOQUANT,EQ,63.52,65.5,63.08,63.79,63.7,1285564,820.07,2026-09-09
ALICON,EQ,695.45,743.0,663.0,737.65,695.45,108118,787.38,2026-09-09
ALIVUS,EQ,1370.0,1436.4,1370.0,1400.1,1372.0,193281,2722.78,2026-09-09
ALKALI,EQ,91.2,91.2,83.0,85.21,87.34,73247,64.48,2026-09-09
ALKEM,EQ,5181.0,5222.0,5139.0,5139.0,5181.0,106076,5488.02,2026-09-09
ALKYLAMINE,EQ,1966.0,1987.1,1941.0,1944.4,1970.7,47706,936.98,2026-09-09
ALLCARGO,EQ,13.2,13.3,12.5,12.75,13.02,22061311,2833.39,2026-09-09
ALLDIGI,EQ,809.0,818.55,800.0,802.7,804.9,5053,40.66,2026-09-09
ALLTIME,EQ,212.0,215.0,204.81,213.54,211.46,120873,255.4,2026-09-09
ALMONDZ,EQ,19.9,19.94,19.0,19.0,19.61,212289,40.77,2026-09-09
ALOKINDS,EQ,7.49,7.69,7.38,7.41,7.46,26216573,1963.62,2026-09-09
ALPA,EQ,63.8,64.4,62.49,63.24,63.17,24550,15.61,2026-09-09
ALPHA,EQ,54.13,54.49,54.1,54.22,54.14,635652,345.17,2026-09-09
ALPHAETF,EQ,27.37,27.37,26.71,26.84,26.71,249325,67.0,2026-09-09
ALPINETEX,EQ,61.95,62.9,57.8,59.63,62.6,195019,118.7,2026-09-09
ALPL30IETF,EQ,27.44,27.67,27.37,27.51,27.46,144751,39.77,2026-09-09
ALUFLUOR,EQ,500.1,503.45,483.3,500.1,503.75,3191,15.9,2026-09-09
AMAGI,EQ,577.15,588.9,560.0,583.75,576.15,513278,2949.45,2026-09-09
AMAL,EQ,761.9,763.95,736.4,740.8,757.85,6623,49.48,2026-09-09
AMARJOTHI,EQ,163.0,163.0,160.05,160.05,161.05,1108,1.79,2026-09-09
AMBER,EQ,7339.0,7362.5,7210.0,7210.0,7308.0,97425,7090.19,2026-09-09
AMBICAAGAR,EQ,25.89,25.89,24.76,25.05,25.44,34909,8.79,2026-09-09
AMBIKCO,EQ,1637.1,1640.8,1613.6,1617.2,1631.9,7772,126.21,2026-09-09
AMBUJACEM,EQ,396.3,400.8,395.0,397.0,398.3,862520,3427.74,2026-09-09
AMDIND,EQ,60.02,61.6,55.8,56.57,60.02,63479,36.81,2026-09-09
AMJLAND,EQ,39.22,39.59,38.5,38.98,39.05,2517,0.98,2026-09-09
AMNPLST,EQ,168.0,169.97,165.0,167.99,167.82,3023,5.06,2026-09-09
AMRUTANJAN,EQ,500.45,512.0,494.0,504.0,500.45,74607,377.04,2026-09-09
ANANDRATHI,EQ,2219.0,2222.3,2165.0,2180.6,2229.5,228715,5013.5,2026-09-09
ANANTRAJ,EQ,622.0,625.8,612.5,613.6,625.85,2109667,13027.55,2026-09-09
ANDHRAPAP,EQ,69.16,71.56,67.5,68.08,72.09,2940986,2030.76,2026-09-09
ANDHRSUGAR,EQ,99.4,99.57,97.1,97.75,98.79,311807,304.95,2026-09-09
ANDREWYU,EQ,26.9,27.98,26.53,26.73,27.18,70262,18.97,2026-09-09
ANGELONE,EQ,297.95,303.65,291.6,299.05,298.0,7856510,23449.04,2026-09-09
ANIKINDS,EQ,45.0,45.7,44.02,44.72,45.21,1479,0.67,2026-09-09
ANMOL,EQ,11.48,13.65,11.05,13.63,11.38,2032233,269.81,2026-09-09
ANNAPURNA,EQ,140.25,140.25,136.93,137.68,139.9,24785,34.24,2026-09-09
ANSALBU,EQ,82.5,82.5,75.0,77.15,82.5,667,0.52,2026-09-09
ANTELOPUS,EQ,1116.8,1218.3,1107.45,1169.4,1099.15,13072209,154650.4,2026-09-09
ANTGRAPHIC,EQ,0.73,0.73,0.71,0.72,0.72,406041,2.92,2026-09-09
ANTHEM,EQ,957.7,977.55,940.45,942.95,957.8,928217,8892.16,2026-09-09
ANUHPHR,EQ,96.0,99.5,96.0,96.74,95.53,626549,615.1,2026-09-09
ANUP,EQ,1721.0,1760.0,1710.1,1744.5,1725.6,16835,292.0,2026-09-09
ANURAS,EQ,1235.0,1238.5,1223.5,1229.6,1233.4,204066,2509.24,2026-09-09
AONEGOLD,EQ,14.15,14.28,14.05,14.2,14.2,191081,27.12,2026-09-09
AONELIQUID,EQ,1076.08,1076.08,1076.06,1076.06,1075.94,26546,285.65,2026-09-09
AONENIFTY,EQ,9.79,9.83,9.62,9.72,9.79,133129,12.96,2026-09-09
AONESILVER,EQ,8.86,8.94,8.81,8.88,8.82,322568,28.63,2026-09-09
AONETMMQ50,EQ,10.4,10.46,10.36,10.4,10.35,37525,3.9,2026-09-09
AONETOTAL,EQ,11.86,11.86,11.73,11.76,11.81,184344,21.7,2026-09-09
APARINDS,EQ,17639.0,18132.0,17350.0,17448.0,17635.0,105567,18566.41,2026-09-09
APCL,EQ,98.5,102.8,98.5,100.41,100.32,3129,3.14,2026-09-09
APCOTEXIND,EQ,610.15,618.9,606.05,615.45,612.15,67048,409.96,2026-09-09
APEX,EQ,385.4,385.95,376.0,380.55,384.2,93004,353.51,2026-09-09
APLAPOLLO,EQ,2182.0,2194.9,2165.0,2168.0,2185.0,270373,5892.42,2026-09-09
APLLTD,EQ,804.5,821.5,799.1,817.4,808.5,86236,701.14,2026-09-09
APOLLO,EQ,419.4,427.95,415.1,422.45,417.9,10424699,44073.88,2026-09-09
APOLLOHOSP,EQ,8825.0,8974.5,8803.5,8967.0,8837.5,375525,33558.62,2026-09-09
APOLLOPIPE,EQ,592.0,593.5,574.1,577.6,591.2,132926,774.78,2026-09-09
APOLLOTYRE,EQ,410.0,424.3,408.0,422.25,411.5,540857,2264.12,2026-09-09
APOLSINHOT,EQ,1221.5,1225.0,1208.6,1220.5,1209.1,876,10.68,2026-09-09
APOORVA,EQ,26.51,26.51,25.3,25.3,25.3,104,0.03,2026-09-09
APTUS,EQ,256.0,260.04,251.63,258.28,256.96,1132562,2907.96,2026-09-09
AQYLON,EQ,22.62,23.1,22.51,22.61,23.1,211570,48.09,2026-09-09
ARCHIDPLY,EQ,104.35,104.43,102.01,102.54,103.77,4792,4.93,2026-09-09
ARCHIES,EQ,13.0,13.9,12.26,13.03,13.14,56369,7.19,2026-09-09
ARCL,EQ,231.9,234.9,223.0,226.83,224.92,358,0.81,2026-09-09
ARDEE,EQ,54.63,55.0,52.65,53.27,54.74,3960688,2118.84,2026-09-09
ARE&M,EQ,836.3,842.4,830.0,832.15,837.8,297603,2491.9,2026-09-09
ARENTERP,EQ,33.22,34.99,33.0,34.99,33.34,924,0.31,2026-09-09
ARFIN,EQ,92.95,92.99,88.47,88.77,91.36,684659,619.87,2026-09-09
ARIHANT,EQ,917.8,918.0,860.1,887.5,919.55,1558,13.81,2026-09-09
ARIHANTCAP,EQ,78.01,78.39,76.5,77.06,78.54,98959,76.81,2026-09-09
ARIHANTSUP,EQ,231.45,231.45,217.0,221.8,232.6,31761,70.97,2026-09-09
ARIS,EQ,127.26,129.8,126.4,127.85,127.22,672875,860.79,2026-09-09
ARKADE,EQ,123.9,126.85,122.36,122.95,123.09,244733,304.57,2026-09-09
ARMANFIN,EQ,2034.0,2075.0,2000.0,2037.1,2037.5,27412,559.15,2026-09-09
AROGRANITE,EQ,24.69,24.69,24.0,24.04,24.1,4086,0.98,2026-09-09
ARSSBL,EQ,510.05,513.0,505.0,505.55,513.65,81100,411.75,2026-09-09
ARTEMISMED,EQ,340.95,355.9,336.4,354.3,342.05,813189,2845.29,2026-09-09
ARTNIRMAN,EQ,40.61,41.0,39.13,40.52,40.41,5519,2.22,2026-09-09
ARVEE,EQ,206.0,224.99,206.0,210.29,193.74,159126,343.92,2026-09-09
ARVIND,EQ,585.0,607.15,566.6,570.8,581.35,1539846,9054.15,2026-09-09
ARVINDFASN,EQ,440.5,449.0,437.3,446.05,440.35,133171,592.19,2026-09-09
ARVSMART,EQ,626.0,628.5,603.15,605.25,629.65,69778,426.46,2026-09-09
ARYAMAN,EQ,639.0,639.0,618.0,621.65,639.0,459,2.91,2026-09-09
ASAHIINDIA,EQ,955.1,984.7,950.0,968.75,955.6,220637,2139.97,2026-09-09
ASAL,EQ,463.0,477.95,463.0,468.3,468.45,9447,44.45,2026-09-09
ASALCBR,EQ,698.5,698.5,680.05,686.7,696.15,26427,182.6,2026-09-09
ASHAPURMIN,EQ,548.6,574.65,542.7,550.6,549.35,747609,4166.83,2026-09-09
ASHIANA,EQ,346.1,350.0,345.05,349.1,346.3,18098,63.02,2026-09-09
ASHIMASYN,EQ,17.35,18.4,17.11,17.22,17.36,90655,15.8,2026-09-09
ASHOKA,EQ,113.6,114.09,113.25,113.58,114.27,473674,538.27,2026-09-09
ASHOKAMET,EQ,14.87,14.87,14.22,14.54,14.44,13514,1.97,2026-09-09
ASHOKLEY,EQ,167.12,169.27,166.22,167.0,169.0,7197614,12059.38,2026-09-09
ASIANENE,EQ,552.9,562.0,532.05,535.5,553.55,475711,2607.33,2026-09-09
ASIANHOTNR,EQ,415.0,419.2,393.05,404.5,405.75,27418,110.59,2026-09-09
ASIANPAINT,EQ,2459.1,2489.0,2457.4,2489.0,2481.6,432840,10715.63,2026-09-09
ASIANTILES,EQ,49.56,50.98,49.26,50.47,50.04,3910136,1960.54,2026-09-09
ASIANTNE,EQ,9.7,9.79,8.6,9.52,9.69,7352,0.69,2026-09-09
ASKAUTOLTD,EQ,610.0,634.0,609.8,627.25,610.15,288722,1804.28,2026-09-09
ASPINWALL,EQ,254.15,254.2,249.0,251.25,254.15,803,2.02,2026-09-09
ASTAR,EQ,594.9,594.9,575.0,575.1,596.95,32,0.19,2026-09-09
ASTEC,EQ,691.0,779.35,690.0,761.0,662.8,5356635,40309.28,2026-09-09
ASTERDM,EQ,786.0,792.3,776.0,780.35,790.35,1498226,11740.56,2026-09-09
ASTRAL,EQ,1492.8,1507.0,1465.6,1474.8,1500.8,769503,11367.61,2026-09-09
ASTRAMICRO,EQ,1767.8,1794.0,1696.1,1706.1,1757.3,550424,9578.32,2026-09-09
ASTRAZEN,EQ,6870.0,6943.5,6801.0,6876.5,6875.5,5604,384.47,2026-09-09
ATALREAL,EQ,16.96,16.96,16.96,16.96,21.2,701191,118.92,2026-09-09
ATAM,EQ,56.45,56.45,54.18,55.64,55.34,4732,2.63,2026-09-09
ATGL,EQ,610.9,624.4,608.55,612.3,609.4,871019,5372.22,2026-09-09
ATHERENERG,EQ,1577.0,1599.6,1572.8,1580.0,1578.0,1669212,26444.86,2026-09-09
ATL,EQ,25.3,25.78,24.61,24.89,25.82,171806,43.05,2026-09-09
ATLANTAA,EQ,38.49,38.84,37.02,38.11,38.3,19942,7.6,2026-09-09
ATLANTAELE,EQ,1912.0,1932.8,1831.0,1848.7,1922.3,103680,1952.95,2026-09-09
ATLASCYCLE,EQ,116.0,116.0,105.0,106.47,113.03,180895,199.94,2026-09-09
ATUL,EQ,6295.0,6321.5,6203.5,6221.5,6314.5,18697,1169.83,2026-09-09
ATULAUTO,EQ,458.3,460.0,455.0,456.1,458.9,46298,211.27,2026-09-09
AUBANK,EQ,1070.9,1077.9,1060.5,1060.5,1073.7,1294481,13833.03,2026-09-09
AUGMONT,EQ,885.5,926.2,885.5,895.3,893.4,1284516,11663.99,2026-09-09
AURIONPRO,EQ,676.5,676.5,663.0,664.95,672.1,119925,800.94,2026-09-09
AUROPHARMA,EQ,1685.0,1704.0,1672.0,1698.9,1692.0,600583,10108.64,2026-09-09
AURUM,EQ,228.74,228.75,218.0,220.17,227.26,140276,311.4,2026-09-09
AURUS,EQ,4.78,4.97,4.78,4.93,4.78,26280,1.29,2026-09-09
AUSOMENT,EQ,154.01,155.95,153.2,154.19,155.86,1211,1.87,2026-09-09
AUSTENG,EQ,125.95,125.95,118.0,122.95,121.41,1041,1.27,2026-09-09
AUTOAXLES,EQ,1666.0,1667.9,1652.0,1658.5,1664.4,3945,65.56,2026-09-09
AUTOBEES,EQ,286.71,286.9,284.46,285.51,286.83,141003,402.54,2026-09-09
AUTOIETF,EQ,29.54,29.54,28.09,28.71,28.82,371777,106.58,2026-09-09
AUTOIND,EQ,87.03,87.03,85.2,86.11,87.03,109051,94.02,2026-09-09
AVADHSUGAR,EQ,842.9,843.0,805.0,822.3,836.25,118788,972.77,2026-09-09
AVALON,EQ,2290.0,2334.0,2267.0,2293.6,2290.3,206983,4747.29,2026-09-09
AVANCE,EQ,0.83,0.85,0.82,0.82,0.84,4345874,36.38,2026-09-09
AVANTEL,EQ,156.49,162.0,156.49,160.6,156.44,1405773,2244.64,2026-09-09
AVANTIFEED,EQ,842.0,842.0,803.55,807.15,837.15,414240,3367.71,2026-09-09
AVL,EQ,618.0,632.8,608.2,623.1,614.6,930980,5801.01,2026-09-09
AVONMORE,EQ,14.25,14.25,13.54,13.99,14.06,229737,32.04,2026-09-09
AVROIND,EQ,8.55,8.85,8.19,8.59,8.58,860781,72.99,2026-09-09
AVTNPL,EQ,90.0,93.05,90.0,92.42,90.35,432223,397.67,2026-09-09
AWFIS,EQ,253.75,255.5,251.05,253.9,253.0,128291,324.97,2026-09-09
AWHCL,EQ,362.65,384.0,362.55,376.15,365.75,145249,544.67,2026-09-09
AWL,EQ,187.52,188.49,185.1,187.52,187.52,1594754,2976.26,2026-09-09
AXISBANK,EQ,1236.0,1257.4,1234.7,1238.5,1244.9,6679663,83041.07,2026-09-09
AXISCADES,EQ,1870.0,1939.0,1850.0,1875.7,1848.6,347063,6555.3,2026-09-09
AXITA,EQ,8.04,8.25,7.99,8.0,7.99,640768,51.4,2026-09-09
AXTEL,EQ,452.0,454.8,425.0,436.05,408.85,26894,118.01,2026-09-09
AYE,EQ,184.8,185.78,178.2,178.83,184.78,793540,1428.72,2026-09-09
AYMSYNTEX,EQ,322.0,328.0,304.6,311.3,320.1,91725,287.31,2026-09-09
AZAD,EQ,2822.3,2868.0,2762.0,2805.0,2822.1,261391,7326.69,2026-09-09
AZADIND,EQ,90.0,90.95,87.0,89.26,89.86,31921,28.53,2026-09-09
BAGFILMS,EQ,4.79,4.79,4.52,4.59,4.7,114517,5.29,2026-09-09
BAIDFIN,EQ,12.28,12.75,12.0,12.03,12.05,273260,33.46,2026-09-09
BAJAJ-AUTO,EQ,11841.0,11896.0,11740.0,11790.0,11880.0,119472,14095.37,2026-09-09
BAJAJCON,EQ,514.1,524.0,509.0,521.45,514.1,824949,4259.45,2026-09-09
BAJAJELEC,EQ,336.55,341.9,335.7,339.8,339.95,90932,307.1,2026-09-09
BAJAJFINSV,EQ,1939.1,1951.9,1921.5,1927.0,1938.1,617280,11941.87,2026-09-09
BAJAJHCARE,EQ,339.2,339.2,331.25,333.7,336.7,83482,278.15,2026-09-09
BAJAJHFL,EQ,84.1,84.1,82.79,82.92,84.01,1812516,1506.95,2026-09-09
BAJAJHIND,EQ,22.67,22.67,21.16,21.35,22.66,26539319,5737.13,2026-09-09
BAJAJHLDNG,EQ,11049.0,11133.0,11001.0,11078.0,11046.0,18502,2049.31,2026-09-09
BAJAJINDEF,EQ,221.31,222.58,220.1,221.46,220.95,12456,27.55,2026-09-09
BAJAJST,EQ,365.0,377.45,363.0,369.85,365.0,6692,24.71,2026-09-09
BAJEL,EQ,184.49,184.9,182.0,183.93,183.62,90712,166.51,2026-09-09
BAJFINANCE,EQ,1045.1,1060.1,1038.5,1039.3,1054.1,9244698,96837.77,2026-09-09
BALAJEE,EQ,25.89,25.9,25.07,25.5,25.46,30955,7.89,2026-09-09
BALAJITELE,EQ,93.6,94.9,91.75,92.85,93.42,83298,77.07,2026-09-09
BALAMINES,EQ,2475.4,2487.1,2343.0,2359.3,2475.4,261839,6248.5,2026-09-09
BALAXI,EQ,24.18,25.05,22.7,23.68,23.34,87548,20.83,2026-09-09
BALKRISHNA,EQ,17.06,17.29,16.16,16.52,17.03,23179,3.85,2026-09-09
BALKRISIND,EQ,2220.0,2248.5,2191.3,2208.6,2258.0,491646,10876.76,2026-09-09
BALMLAWRIE,EQ,177.0,177.0,175.24,175.6,176.38,112860,198.47,2026-09-09
BALPHARMA,EQ,95.1,114.45,95.1,114.45,95.38,782802,859.49,2026-09-09
BALRAMCHIN,EQ,710.05,710.05,689.0,700.05,711.45,1337773,9322.22,2026-09-09
BALUFORGE,EQ,539.8,554.9,528.35,541.55,541.65,1038353,5623.09,2026-09-09
BANARBEADS,EQ,110.48,112.8,110.0,111.11,109.99,650,0.72,2026-09-09
BANARISUG,EQ,3748.0,3749.9,3613.6,3650.8,3743.6,1385,50.88,2026-09-09
BANCOINDIA,EQ,628.0,649.0,624.25,635.15,628.3,222414,1418.86,2026-09-09
BANDHANBNK,EQ,170.6,174.96,168.65,171.7,171.58,11130322,19172.0,2026-09-09
BANG,EQ,34.25,35.99,33.05,35.63,33.52,144212,50.6,2026-09-09
BANK10ADD,EQ,16.56,16.85,16.52,16.54,16.69,40014,6.62,2026-09-09
BANK10BETF,EQ,20.62,20.99,20.3,20.42,20.52,1824,0.37,2026-09-09
BANKA,EQ,76.21,82.39,75.15,77.56,79.1,13182,10.23,2026-09-09
BANKADD,EQ,57.93,58.12,57.72,57.81,58.41,16309,9.45,2026-09-09
BANKBARODA,EQ,236.65,237.15,234.05,234.1,236.6,14888061,35043.41,2026-09-09
BANKBEES,EQ,587.98,588.45,585.0,585.87,589.09,552845,3242.88,2026-09-09
BANKBETA,EQ,60.35,60.35,57.4,58.54,58.88,182507,106.96,2026-09-09
BANKBETF,EQ,57.6,57.87,57.23,57.49,57.87,7286,4.19,2026-09-09
BANKETF,EQ,593.49,593.49,575.1,575.63,579.02,30401,175.56,2026-09-09
BANKIETF,EQ,58.3,58.37,58.01,58.1,58.43,382479,222.43,2026-09-09
BANKINDIA,EQ,140.38,142.45,139.8,141.06,140.86,6061098,8557.18,2026-09-09
BANKNIFTY1,EQ,59.06,59.06,58.6,58.66,59.06,216941,127.63,2026-09-09
BANKPSU,EQ,84.6,85.02,84.33,84.7,84.89,32043,27.16,2026-09-09
BANSALWIRE,EQ,312.0,318.65,302.2,304.35,314.9,257221,789.58,2026-09-09
BANSWRAS,EQ,115.83,116.89,112.54,113.42,115.0,25897,29.46,2026-09-09
BASF,EQ,3760.0,3820.0,3730.1,3746.0,3788.8,19474,736.05,2026-09-09
BATAINDIA,EQ,664.0,666.95,656.4,661.05,663.85,141443,935.43,2026-09-09
BATLIBOI,EQ,86.85,89.66,86.26,87.29,87.63,45812,40.02,2026-09-09
BAYERCROP,EQ,3990.0,3999.8,3945.0,3951.1,3984.9,9019,356.87,2026-09-09
BBETF0432,EQ,1352.99,1352.99,1342.15,1345.64,1345.75,259,3.48,2026-09-09
BBL,EQ,2221.0,2281.9,2221.0,2245.5,2240.1,15266,343.99,2026-09-09
BBNPNBETF,EQ,57.15,58.55,56.75,58.44,57.13,596,0.34,2026-09-09
BBNPPGOLD,EQ,147.6,149.0,146.2,147.4,147.6,9016,13.29,2026-09-09
BBOX,EQ,769.65,777.5,755.0,763.1,770.9,261045,2003.67,2026-09-09
BBTC,EQ,1480.0,1485.1,1444.5,1448.8,1477.5,62602,911.84,2026-09-09
BBTCL,EQ,235.0,235.0,225.25,228.05,229.89,6549,15.03,2026-09-09
BCG,EQ,10.75,10.93,10.13,10.23,10.57,18035174,1879.21,2026-09-09
BCLIND,EQ,35.91,35.99,34.9,35.49,36.0,606197,214.8,2026-09-09
BCONCEPTS,EQ,167.0,167.0,157.5,161.36,166.33,27842,45.26,2026-09-09
BCPL,EQ,71.99,74.0,68.75,72.71,71.04,18800,13.52,2026-09-09
BDL,EQ,1241.0,1248.0,1209.5,1218.1,1242.5,1337188,16337.14,2026-09-09
BEARDSELL,EQ,24.77,25.48,24.45,24.96,24.77,14564,3.61,2026-09-09
BECTORFOOD,EQ,230.1,243.7,225.61,242.05,230.35,2474475,5889.01,2026-09-09
BEDMUTHA,EQ,108.01,110.0,106.33,108.39,108.0,1322,1.43,2026-09-09
BEEKAY,EQ,426.9,429.5,420.3,426.15,427.6,2146,9.12,2026-09-09
BEL,EQ,411.55,413.85,406.0,406.0,410.55,10899391,44526.51,2026-09-09
BELLACASA,EQ,245.0,250.0,240.0,246.65,241.18,8196,19.96,2026-09-09
BELRISE,EQ,227.5,231.54,227.5,228.54,227.17,1136349,2605.77,2026-09-09
BEML,EQ,2105.0,2146.0,2069.8,2097.8,2105.6,465000,9804.13,2026-09-09
BENARAS,EQ,10148.0,10555.0,10070.0,10520.0,10250.0,279,28.86,2026-09-09
BENGALASM,EQ,6206.5,6300.0,6113.5,6149.5,6222.0,6527,405.96,2026-09-09
BEPL,EQ,135.15,136.0,131.8,133.56,133.84,2507926,3364.44,2026-09-09
BERGEPAINT,EQ,483.9,483.9,468.0,470.8,479.45,397752,1891.4,2026-09-09
BESTAGRO,EQ,19.69,19.93,19.16,19.5,19.6,599344,116.5,2026-09-09
BETA,EQ,2150.5,2163.9,2105.0,2107.6,2139.8,9360,198.08,2026-09-09
BFINVEST,EQ,448.0,455.5,448.0,449.7,451.15,12979,58.52,2026-09-09
BFSI,EQ,26.88,26.88,26.42,26.47,26.78,283798,75.32,2026-09-09
BFUTILITIE,EQ,527.6,537.8,520.1,521.85,526.55,43773,229.53,2026-09-09
BHAGCHEM,EQ,258.0,265.95,256.6,262.55,259.05,43494,114.19,2026-09-09
BHAGYANGR,EQ,398.95,411.65,391.0,411.65,392.05,471785,1903.94,2026-09-09
BHANDARI,EQ,3.05,3.05,2.92,3.0,3.01,203925,6.13,2026-09-09
BHARATCOAL,EQ,34.0,34.5,33.59,33.79,33.51,5615661,1910.38,2026-09-09
BHARATFORG,EQ,1995.5,2005.0,1970.5,1979.6,2003.7,522619,10356.2,2026-09-09
BHARATRAS,EQ,1159.8,1175.0,1154.0,1167.0,1159.5,7263,84.74,2026-09-09
BHARATSE,EQ,227.49,227.84,221.01,222.0,226.85,65367,145.9,2026-09-09
BHARATWIRE,EQ,176.0,177.88,170.23,171.84,176.19,154260,267.74,2026-09-09
BHARTIARTL,EQ,1830.5,1834.8,1813.0,1814.7,1844.0,5574027,101656.11,2026-09-09
BHARTIHEXA,EQ,1549.3,1562.0,1526.1,1544.8,1549.3,74733,1153.68,2026-09-09
BHEL,EQ,422.15,436.0,421.65,433.7,422.15,8487227,36573.82,2026-09-09
BIGBLOC,EQ,40.7,41.43,40.45,40.82,41.19,33278,13.55,2026-09-09
BIKAJI,EQ,580.0,584.05,571.0,571.7,583.7,64910,372.58,2026-09-09
BIL,EQ,938.4,1124.2,915.1,1108.2,936.85,191572,2076.51,2026-09-09
BIMETAL,EQ,612.65,655.5,611.0,650.0,612.5,2520,16.3,2026-09-09
BIOCON,EQ,394.0,403.95,393.0,395.0,392.3,10271402,40866.22,2026-09-09
BIOFILCHEM,EQ,32.15,32.15,31.26,31.46,31.52,7167,2.26,2026-09-09
BIRLACABLE,EQ,326.0,356.85,326.0,356.85,339.9,1334884,4618.49,2026-09-09
BIRLACORPN,EQ,861.15,861.15,832.1,836.9,854.3,82083,692.57,2026-09-09
BIRLAMONEY,EQ,126.0,126.98,122.62,123.25,124.85,35673,44.08,2026-09-09
BIRLANU,EQ,1430.0,1432.8,1394.0,1407.8,1433.2,6435,90.97,2026-09-09
BLACKBUCK,EQ,600.4,600.5,577.65,580.05,573.4,1125030,6572.97,2026-09-09
BLAL,EQ,163.4,163.45,160.0,161.34,161.92,14801,23.94,2026-09-09
BLBLIMITED,EQ,16.9,17.01,16.42,16.5,16.88,102796,17.05,2026-09-09
BLEL,EQ,452.0,465.8,451.15,456.75,451.05,1056205,4858.78,2026-09-09
BLIL,EQ,72.35,72.43,71.5,72.01,72.43,123875,89.15,2026-09-09
BLKASHYAP,EQ,56.8,57.52,55.0,55.41,56.8,428673,239.36,2026-09-09
BLS,EQ,237.6,239.02,235.11,236.45,237.7,589949,1396.33,2026-09-09
BLSE,EQ,322.05,328.5,318.15,320.6,322.05,178708,579.2,2026-09-09
BLUECLOUDS,EQ,19.89,19.89,19.55,19.7,19.75,722640,142.15,2026-09-09
BLUECOAST,EQ,22.21,23.0,21.4,22.5,22.1,811,0.18,2026-09-09
BLUEDART,EQ,4962.3,4975.6,4920.0,4928.4,4987.2,5343,263.86,2026-09-09
BLUEJET,EQ,580.1,584.0,573.0,575.3,581.5,216832,1253.68,2026-09-09
BLUESTARCO,EQ,1462.0,1470.5,1432.3,1456.9,1460.9,714546,10437.29,2026-09-09
BLUESTONE,EQ,868.7,881.25,831.1,874.4,868.7,1010562,8737.06,2026-09-09
BLUSPRING,EQ,123.0,134.9,120.75,130.52,123.61,661581,863.38,2026-09-09
BMWVENTLTD,EQ,54.99,54.99,54.0,54.18,54.8,62136,33.69,2026-09-09
BNKETFAXIS,EQ,584.44,586.13,583.11,583.14,585.23,2147,12.53,2026-09-09
BODALCHEM,EQ,186.4,189.68,174.85,174.85,184.05,3521966,6366.06,2026-09-09
BOHRAIND,EQ,13.15,13.15,12.75,13.0,13.0,15627,2.03,2026-09-09
BOMDYEING,EQ,113.9,113.9,112.6,112.86,114.27,293411,331.79,2026-09-09
BONLON,EQ,41.08,41.79,40.1,40.1,40.88,4935,1.99,2026-09-09
BORANA,EQ,314.2,319.05,313.05,316.2,319.95,8005,25.33,2026-09-09
BOROLTD,EQ,254.0,256.7,252.14,255.46,255.54,73476,186.99,2026-09-09
BORORENEW,EQ,503.8,511.9,498.9,501.95,503.35,587336,2963.74,2026-09-09
BOROSCI,EQ,129.25,130.54,126.99,127.19,129.63,30256,38.7,2026-09-09
BOSCH-HCIL,EQ,1769.3,1838.0,1769.3,1780.3,1794.0,31513,565.49,2026-09-09
BOSCHLTD,EQ,48475.0,49100.0,48360.0,49100.0,48785.0,28278,13785.5,2026-09-09
BPCL,EQ,300.15,306.5,298.65,303.55,303.85,4492551,13642.01,2026-09-09
BPL,EQ,48.67,48.84,47.3,48.03,48.65,33481,16.15,2026-09-09
BPLPHARMA,EQ,1570.0,1582.5,1500.0,1518.6,1568.8,1692,26.21,2026-09-09
BRAHMINFRA,EQ,155.7,159.59,155.7,157.11,159.13,11358,17.81,2026-09-09
BRIGADE,EQ,687.0,689.3,656.3,662.9,687.0,347995,2325.14,2026-09-09
BRIGHOTEL,EQ,57.01,57.15,56.22,56.43,57.14,105118,59.36,2026-09-09
BRIGHTBR,EQ,260.0,263.95,252.0,261.7,259.25,452,1.16,2026-09-09
BRITANNIA,EQ,5064.0,5113.0,5023.0,5090.0,5064.0,190380,9657.2,2026-09-09
BRNL,EQ,17.0,17.12,16.5,16.78,17.12,30372,5.11,2026-09-09
BROOKS,EQ,64.61,65.5,61.15,62.99,63.3,17284,10.97,2026-09-09
BSE,EQ,3301.0,3319.9,3268.2,3289.8,3394.0,4365902,143695.67,2026-09-09
BSE500IETF,EQ,39.19,40.65,38.9,39.07,39.19,93731,36.6,2026-09-09
BSHSL,EQ,91.17,93.0,89.1,89.42,91.17,3534,3.19,2026-09-09
BSL,EQ,125.99,125.99,122.98,123.25,123.33,1297,1.61,2026-09-09
BSLGOLDETF,EQ,133.78,135.0,133.12,133.98,133.97,250162,334.92,2026-09-09
BSLNIFTY,EQ,28.57,28.57,27.57,27.61,27.88,1399208,386.59,2026-09-09
BSLSENETFG,EQ,76.56,78.0,75.67,76.07,76.54,6613,5.02,2026-09-09
BSOFT,EQ,279.85,279.85,276.1,277.2,281.65,945788,2627.16,2026-09-09
BTML,EQ,8.06,8.2,7.77,7.87,8.02,126755,10.01,2026-09-09
BUILDPRO,EQ,1300.0,1314.9,1294.0,1302.7,1301.1,36344,474.55,2026-09-09
BUTTERFLY,EQ,614.15,620.0,610.05,616.3,614.55,8492,52.22,2026-09-09
BVCL,EQ,42.99,48.0,42.28,44.02,42.68,205940,93.28,2026-09-09
CAMLINFINE,EQ,104.15,105.3,102.84,103.8,104.15,399410,415.11,2026-09-09
CAMPUS,EQ,217.0,218.0,214.5,214.86,216.81,324376,699.92,2026-09-09
CAMS,EQ,729.0,730.0,711.2,715.0,729.5,1556690,11161.13,2026-09-09
CANBK,EQ,124.42,125.38,124.04,124.08,124.68,9338510,11647.45,2026-09-09
CANFINHOME,EQ,797.6,804.65,785.0,786.9,797.6,225807,1792.69,2026-09-09
CANHLIFE,EQ,153.5,154.12,148.1,149.49,154.16,641692,964.79,2026-09-09
CANTABIL,EQ,236.87,240.9,233.5,238.8,236.87,127507,302.64,2026-09-09
CAPACITE,EQ,199.72,200.58,194.9,199.59,199.72,444240,875.93,2026-09-09
CAPILLARY,EQ,461.75,462.9,438.15,460.3,460.55,419478,1898.68,2026-09-09
CAPITALSFB,EQ,280.0,280.95,276.45,279.4,277.0,14170,39.54,2026-09-09
CAPLIPOINT,EQ,2789.9,2798.9,2707.7,2723.1,2770.1,117200,3210.14,2026-09-09
CARBORUNIV,EQ,1106.0,1106.0,1080.7,1094.1,1095.9,86399,942.01,2026-09-09
CARERATING,EQ,1735.7,1737.0,1705.1,1724.6,1721.1,27226,468.59,2026-09-09
CARRARO,EQ,542.8,542.8,533.65,538.85,538.85,48909,263.16,2026-09-09
CARTRADE,EQ,3157.4,3167.4,3011.0,3027.1,3176.7,261277,8023.35,2026-09-09
CARYSIL,EQ,1163.5,1188.9,1156.0,1180.3,1155.0,113525,1334.38,2026-09-09
CASHIETF,EQ,1078.74,1078.76,1078.74,1078.74,1078.61,503338,5429.72,2026-09-09
CASTROLIND,EQ,188.96,189.9,188.3,189.16,189.46,2950116,5580.66,2026-09-09
CCAVENUE,EQ,15.33,15.6,15.2,15.41,15.36,7132901,1096.82,2026-09-09
CCCL,EQ,14.29,14.3,13.95,14.12,14.09,229188,32.4,2026-09-09
CCHHL,EQ,12.7,12.99,12.41,12.59,12.69,12691,1.6,2026-09-09
CCL,EQ,1130.0,1130.0,1094.1,1104.7,1130.6,136573,1509.61,2026-09-09
CDSL,EQ,1393.0,1393.0,1360.0,1368.6,1400.0,1314059,18026.49,2026-09-09
CEATLTD,EQ,3302.0,3333.5,3281.0,3293.2,3313.2,61898,2043.78,2026-09-09
CEIGALL,EQ,377.0,380.0,369.0,376.4,374.85,243135,909.68,2026-09-09
CEINSYS,EQ,703.25,710.45,685.25,688.1,702.2,26064,180.91,2026-09-09
CELEBRITY,EQ,6.84,6.84,6.53,6.71,6.74,8695,0.58,2026-09-09
CELLO,EQ,344.25,344.9,336.45,337.4,343.95,252463,856.75,2026-09-09
CEMNTGROWW,EQ,14.54,14.54,14.25,14.33,14.38,131074,18.74,2026-09-09
CEMPRO,EQ,1290.0,1297.0,1265.0,1269.1,1285.1,210880,2695.47,2026-09-09
CENTENKA,EQ,593.7,596.95,566.2,570.8,589.2,131150,754.45,2026-09-09
CENTEXT,EQ,21.55,21.98,21.05,21.94,21.39,645624,139.17,2026-09-09
CENTRALBK,EQ,30.78,30.88,30.54,30.58,30.96,4467951,1371.07,2026-09-09
CENTRUM,EQ,22.58,22.63,22.07,22.4,22.57,151636,33.75,2026-09-09
CENTUM,EQ,4287.9,4450.0,4211.0,4250.5,4287.4,114623,4983.69,2026-09-09
CENTURYPLY,EQ,746.95,746.95,736.5,738.7,744.1,34000,251.64,2026-09-09
CERA,EQ,5761.5,5761.5,5676.0,5698.5,5761.5,4352,248.61,2026-09-09
CESC,EQ,145.79,153.42,145.21,149.67,146.05,7429488,11189.03,2026-09-09
CEWATER,EQ,268.75,284.3,264.05,280.3,267.0,384572,1068.39,2026-09-09
CFEL,EQ,32.5,38.65,32.05,38.65,32.21,147540,55.04,2026-09-09
CGCL,EQ,270.0,274.1,267.9,272.4,270.75,3036249,8225.07,2026-09-09
CGPOWER,EQ,910.7,930.55,910.0,926.95,910.7,3454657,31881.78,2026-09-09
CGVAK,EQ,146.54,151.99,144.02,144.84,146.54,645,0.94,2026-09-09
CHALET,EQ,890.0,899.25,885.0,889.7,897.75,87296,777.32,2026-09-09
CHAMBLFERT,EQ,414.6,417.95,414.5,415.6,418.65,446106,1854.49,2026-09-09
CHEMBOND,EQ,204.6,236.8,200.5,220.36,197.72,338501,763.94,2026-09-09
CHEMCRUX,EQ,83.57,84.0,82.0,82.57,83.52,3345,2.77,2026-09-09
CHEMFAB,EQ,364.45,398.15,351.4,373.75,354.9,15562,58.93,2026-09-09
CHEMICAL,EQ,30.32,30.32,30.02,30.12,30.13,274580,82.82,2026-09-09
CHEMPLASTS,EQ,180.5,180.91,174.12,176.88,180.76,391876,691.22,2026-09-09
CHENNPETRO,EQ,1466.5,1619.0,1466.0,1604.4,1457.8,8400385,131566.24,2026-09-09
CHEVIOT,EQ,1205.3,1224.3,1180.1,1184.9,1214.6,1489,17.83,2026-09-09
CHOICEGOLD,EQ,151.01,151.88,149.7,151.13,151.01,6629,10.01,2026-09-09
CHOICEIN,EQ,752.85,755.4,745.15,750.65,753.45,589501,4424.87,2026-09-09
CHOLAFIN,EQ,1828.4,1843.4,1809.0,1829.0,1823.4,1079333,19732.38,2026-09-09
CHOLAHLDNG,EQ,1530.0,1535.9,1510.0,1530.6,1526.2,50582,772.56,2026-09-09
CIEINDIA,EQ,383.4,386.5,381.0,381.65,383.4,261325,1001.77,2026-09-09
CIFL,EQ,20.49,20.49,19.9,20.12,20.16,95857,19.29,2026-09-09
CINELINE,EQ,95.01,97.35,93.01,93.96,95.39,26990,25.43,2026-09-09
CINEVISTA,EQ,14.7,14.7,14.12,14.24,14.21,4924,0.71,2026-09-09
CIPLA,EQ,1380.0,1388.7,1363.1,1363.1,1384.0,818773,11238.92,2026-09-09
CLEAN,EQ,831.6,834.3,821.0,825.7,830.25,162108,1341.13,2026-09-09
CLEANMAX,EQ,1390.0,1433.9,1380.8,1397.6,1399.2,152405,2141.63,2026-09-09
CLEDUCATE,EQ,58.5,60.15,57.25,58.74,59.11,7604,4.48,2026-09-09
CLSEL,EQ,308.5,315.7,303.1,305.2,305.65,117675,362.3,2026-09-09
CMLL,EQ,487.0,493.4,481.35,486.3,484.35,245505,1195.3,2026-09-09
CMPDI,EQ,236.85,237.75,229.5,230.88,236.85,1530570,3553.05,2026-09-09
CMRGREEN,EQ,222.9,223.7,216.04,217.29,222.16,376008,822.67,2026-09-09
CMSINFO,EQ,236.0,236.0,228.5,231.25,236.58,1394473,3224.18,2026-09-09
CNL,EQ,1194.8,1194.8,1130.0,1141.4,1149.2,16131,186.74,2026-09-09
COALINDIA,EQ,420.85,435.35,419.8,431.0,420.25,22791556,98553.61,2026-09-09
COASTCORP,EQ,40.96,41.04,40.01,40.55,40.69,40320,16.39,2026-09-09
COCHINSHIP,EQ,1528.2,1562.0,1502.1,1556.0,1528.2,1253871,19302.51,2026-09-09
COCKERILL,EQ,8305.5,8361.0,8105.0,8140.0,8325.5,3989,328.44,2026-09-09
COFFEEDAY,EQ,35.2,35.34,32.52,33.15,34.24,1715870,575.65,2026-09-09
COFORGE,EQ,1815.5,1877.6,1780.7,1845.0,1950.0,10837239,199614.63,2026-09-09
COHANCE,EQ,453.85,455.2,436.25,443.35,451.6,1415841,6244.19,2026-09-09
COLPAL,EQ,1815.0,1815.0,1789.8,1800.0,1819.9,518477,9326.0,2026-09-09
COMFINTE,EQ,6.19,6.19,6.04,6.13,6.11,106634,6.53,2026-09-09
COMMOIETF,EQ,98.68,99.94,98.54,99.31,98.68,29312,29.17,2026-09-09
COMPEAU,EQ,361.05,368.0,355.0,364.65,369.0,1168,4.28,2026-09-09
COMPUSOFT,EQ,13.2,13.28,13.1,13.21,13.15,7177,0.95,2026-09-09
COMSYN,EQ,305.3,307.0,298.3,301.15,301.85,618722,1856.56,2026-09-09
CONCOR,EQ,502.0,512.45,499.5,510.0,502.0,1057889,5373.9,2026-09-09
CONCORDBIO,EQ,1474.0,1479.8,1447.6,1464.5,1470.5,140985,2062.36,2026-09-09
CONFIPET,EQ,82.98,91.3,82.98,90.66,82.49,15689882,13933.93,2026-09-09
CONS,EQ,11.88,11.94,11.85,11.9,11.88,31578,3.76,2026-09-09
CONSUMAXIS,EQ,121.0,121.0,118.85,119.12,119.07,545,0.65,2026-09-09
CONSUMBEES,EQ,129.15,129.99,128.45,128.84,129.15,62177,80.06,2026-09-09
CONSUMER,EQ,12.19,12.19,11.88,11.9,11.98,302910,36.13,2026-09-09
CONSUMIETF,EQ,119.82,120.0,118.23,119.01,119.96,22580,26.96,2026-09-09
CONTROLPR,EQ,587.7,592.65,582.5,587.4,593.3,18172,106.64,2026-09-09
CORALFINAC,EQ,33.4,33.4,31.53,32.69,32.58,42237,13.57,2026-09-09
CORDELIA,EQ,106.62,108.77,103.73,104.25,106.72,1243173,1319.98,2026-09-09
CORDSCABLE,EQ,379.7,394.9,341.6,362.65,372.75,1551687,5829.56,2026-09-09
COROMANDEL,EQ,1946.1,1967.6,1918.1,1962.7,1951.1,83551,1627.1,2026-09-09
CORONA,EQ,2175.0,2246.9,2150.0,2197.2,2093.2,262842,5790.43,2026-09-09
COSMOFIRST,EQ,909.15,914.9,899.8,906.75,909.15,48300,438.27,2026-09-09
CPCAP,EQ,135.05,137.05,133.0,133.6,137.36,30258,40.88,2026-09-09
CPEDU,EQ,192.0,195.0,190.0,190.18,191.35,1441,2.75,2026-09-09
CPL,EQ,66.78,68.49,65.52,67.81,66.78,133934,90.04,2026-09-09
CPPLUS,EQ,3850.0,3887.2,3703.2,3746.1,3828.8,180329,6849.5,2026-09-09
CPSEETF,EQ,94.0,95.49,93.24,94.79,94.23,2883640,2745.5,2026-09-09
CRAFTSMAN,EQ,11406.0,11999.0,11317.0,11806.0,11406.0,52885,6161.56,2026-09-09
CRAMC,EQ,241.25,243.6,236.85,238.7,242.25,573528,1368.26,2026-09-09
CRAVATEX,EQ,316.25,331.95,313.1,325.4,317.35,374,1.19,2026-09-09
CREATIVEYE,EQ,6.19,6.19,6.01,6.13,6.09,4928,0.3,2026-09-09
CREDITACC,EQ,1417.1,1420.3,1390.4,1396.2,1417.1,124234,1744.88,2026-09-09
CREST,EQ,356.0,364.2,354.1,361.35,362.35,3154,11.29,2026-09-09
CRISIL,EQ,4765.0,4765.0,4677.2,4690.6,4754.5,17017,801.6,2026-09-09
CRIZAC,EQ,171.94,178.0,168.41,176.04,171.94,420545,728.73,2026-09-09
CROMPTON,EQ,229.95,234.42,228.57,232.96,231.9,3989754,9277.59,2026-09-09
CROWN,EQ,116.9,117.0,115.01,116.15,115.58,11540,13.41,2026-09-09
CSBBANK,EQ,314.9,315.9,306.2,311.1,312.85,1000771,3100.42,2026-09-09
CSLFINANCE,EQ,241.85,246.39,238.41,243.4,241.85,73631,178.26,2026-09-09
CSM,EQ,94.95,94.95,92.8,93.31,94.13,46723,43.58,2026-09-09
CUB,EQ,232.95,235.57,230.23,231.67,232.97,1015686,2359.87,2026-09-09
CUBEXTUB,EQ,79.9,82.0,78.33,79.99,78.88,91677,73.94,2026-09-09
CUMMINSIND,EQ,5020.0,5182.5,5020.0,5170.5,5040.0,373017,19190.49,2026-09-09
CUPID,EQ,275.4,280.6,265.45,279.7,274.8,26778485,73258.86,2026-09-09
CURAA,EQ,76.85,77.4,74.5,75.88,78.0,518,0.39,2026-09-09
CYIENT,EQ,1066.3,1091.6,1058.4,1075.1,1086.3,323893,3483.96,2026-09-09
CYIENTDLM,EQ,980.0,989.95,932.55,945.65,976.25,749695,7212.6,2026-09-09
DABUR,EQ,374.7,374.7,368.05,371.55,375.0,2451979,9078.68,2026-09-09
DALBHARAT,EQ,1710.7,1740.0,1690.0,1733.6,1700.5,41241,708.59,2026-09-09
DALMIASUG,EQ,453.0,453.0,431.1,433.0,450.35,204730,893.65,2026-09-09
DAMCAPITAL,EQ,145.2,146.31,144.01,144.87,145.29,225379,326.87,2026-09-09
DANGEE,EQ,2.94,2.94,2.81,2.83,2.88,10529,0.3,2026-09-09
DATAMATICS,EQ,732.1,790.0,732.05,773.05,739.0,212122,1631.05,2026-09-09
DATAPATTNS,EQ,4932.5,4999.9,4846.0,4883.2,4932.3,682371,33497.87,2026-09-09
DAVANGERE,EQ,1.96,2.02,1.74,1.75,1.93,161998621,3013.02,2026-09-09
DBCORP,EQ,195.98,195.98,190.22,190.55,195.3,99526,190.68,2026-09-09
DBEIL,EQ,7.43,7.44,7.16,7.21,7.26,213896,15.71,2026-09-09
DBL,EQ,393.15,399.7,391.0,393.0,393.55,82862,327.7,2026-09-09
DBOL,EQ,127.5,127.5,122.35,123.12,126.12,186892,231.99,2026-09-09
DBREALTY,EQ,102.45,102.45,99.01,99.26,101.19,1060583,1067.72,2026-09-09
DCAL,EQ,174.0,174.29,169.99,170.59,173.98,148123,254.13,2026-09-09
DCBBANK,EQ,229.0,231.96,224.95,228.1,229.55,2269401,5181.91,2026-09-09
DCI,EQ,301.95,302.05,270.2,270.8,300.75,1464705,4040.42,2026-09-09
DCMFINSERV,EQ,5.11,5.33,5.06,5.1,5.11,12518,0.64,2026-09-09
DCMNVL,EQ,184.0,184.8,172.6,177.0,180.44,24490,43.64,2026-09-09
DCMSHRIRAM,EQ,1005.0,1014.9,996.0,997.6,1008.2,45418,454.53,2026-09-09
DCMSIL,EQ,69.44,71.4,68.7,69.78,69.09,48268,33.92,2026-09-09
DCMSRIND,EQ,43.6,43.89,42.2,42.41,43.78,178527,76.36,2026-09-09
DCW,EQ,47.53,49.3,47.39,48.14,47.65,2937582,1420.32,2026-09-09
DCXINDIA,EQ,173.01,174.97,170.8,171.27,174.09,273660,471.76,2026-09-09
DDEVPLSTIK,EQ,268.1,269.45,262.95,265.55,269.45,82663,220.1,2026-09-09
DECCANCE,EQ,570.55,570.55,565.1,565.5,567.75,4122,23.32,2026-09-09
DECNGOLD,EQ,225.0,228.7,216.54,219.36,223.22,1734880,3856.64,2026-09-09
DEEDEV,EQ,701.6,709.35,668.35,674.75,701.6,340451,2309.96,2026-09-09
DEEP,EQ,36.72,38.0,35.6,36.89,35.56,25981,9.69,2026-09-09
DEEPA,EQ,196.01,203.8,194.37,201.23,194.37,14453376,28928.28,2026-09-09
DEEPAKFERT,EQ,1346.0,1363.8,1333.6,1357.8,1345.9,233902,3166.06,2026-09-09
DEEPAKNTR,EQ,1647.8,1672.0,1630.0,1641.9,1647.8,249150,4104.17,2026-09-09
DEEPINDS,EQ,825.0,825.0,781.4,792.7,818.7,624713,4998.07,2026-09-09
DEFENCE,EQ,84.59,84.59,83.13,83.36,83.81,205161,171.42,2026-09-09
DELHIVERY,EQ,451.65,454.0,448.0,451.2,454.9,1267067,5707.0,2026-09-09
DELTACORP,EQ,55.48,55.92,54.8,55.25,55.44,713513,393.62,2026-09-09
DELTAMAGNT,EQ,57.2,58.49,56.66,57.1,58.44,1728,0.99,2026-09-09
DEN,EQ,27.47,27.7,27.08,27.21,27.18,219114,59.62,2026-09-09
DENORA,EQ,806.0,830.0,802.0,805.75,805.95,4503,36.88,2026-09-09
DENTA,EQ,279.65,296.45,279.6,283.2,279.65,308512,891.85,2026-09-09
DEVIT,EQ,23.99,24.8,23.6,23.9,23.99,27608,6.6,2026-09-09
DEVX,EQ,33.0,33.99,32.9,33.63,33.75,52782,17.62,2026-09-09
DEVYANI,EQ,137.99,139.76,136.61,137.17,137.99,859550,1186.61,2026-09-09
DGCONTENT,EQ,24.75,25.77,24.55,24.72,24.54,2970,0.74,2026-09-09
DHAMPURSUG,EQ,169.0,171.4,165.51,170.93,168.88,465136,787.39,2026-09-09
DHANBANK,EQ,31.11,31.12,30.5,30.68,31.11,304141,93.38,2026-09-09
DHANUKA,EQ,998.4,998.4,969.0,975.4,994.05,24199,237.79,2026-09-09
DHARMAJ,EQ,268.8,272.5,268.8,270.2,269.75,19747,53.44,2026-09-09
DHATRE,EQ,4.77,5.09,4.25,4.46,4.69,219304,9.76,2026-09-09
DHOOTTRANS,EQ,1609.9,1610.0,1565.1,1596.5,1597.6,1174598,18619.78,2026-09-09
DHRUV,EQ,23.0,24.05,23.0,23.0,23.4,1944,0.45,2026-09-09
DHUNINV,EQ,1016.7,1017.15,991.2,999.9,1014.5,675,6.78,2026-09-09
DIAMINESQ,EQ,245.01,254.0,245.0,253.24,245.07,10555,26.42,2026-09-09
DIAMONDYD,EQ,1128.6,1131.4,1113.9,1123.6,1129.3,4765,53.62,2026-09-09
DICIND,EQ,635.9,635.9,615.0,617.6,622.85,6544,40.87,2026-09-09
DIFFNKG,EQ,451.0,464.8,436.05,440.55,442.5,301159,1354.78,2026-09-09
DIGIDRIVE,EQ,18.0,18.0,17.26,17.46,17.73,9623,1.69,2026-09-09
DIGISPICE,EQ,17.09,17.09,16.07,16.31,16.91,179178,29.27,2026-09-09
DIGITIDE,EQ,95.0,95.0,92.12,92.69,93.42,115088,107.67,2026-09-09
DIGJAMLMTD,EQ,52.9,53.5,51.5,51.54,51.78,8674,4.55,2026-09-09
DISAQ,EQ,11813.0,11999.0,11733.0,11929.0,11926.0,330,39.03,2026-09-09
DISHTV,EQ,2.56,2.56,2.48,2.5,2.54,997546,24.98,2026-09-09
DIVGIITTS,EQ,1202.6,1202.6,1142.1,1149.6,1189.3,159356,1847.56,2026-09-09
DIVIDEND,EQ,35.24,35.24,34.96,35.07,35.24,35489,12.46,2026-09-09
DIVISLAB,EQ,9575.0,9615.0,9410.0,9488.0,9575.0,385273,36547.85,2026-09-09
DIVOPPBEES,EQ,75.7,75.7,75.12,75.23,75.74,58069,43.74,2026-09-09
DIXON,EQ,14100.0,14271.0,13773.0,13845.0,14100.0,368566,51602.1,2026-09-09
DJML,EQ,74.67,82.9,74.67,82.03,76.08,227969,184.63,2026-09-09
DLF,EQ,670.2,672.1,654.7,655.1,675.1,17000327,113360.23,2026-09-09
DLINKINDIA,EQ,441.1,441.7,435.05,436.05,443.0,48956,214.6,2026-09-09
DMART,EQ,3710.0,3750.0,3705.0,3735.0,3720.2,183727,6846.22,2026-09-09
DMCC,EQ,290.4,293.8,286.45,288.9,290.4,28914,83.75,2026-09-09
DNAMEDIA,EQ,2.56,2.6,2.5,2.51,2.61,63545,1.61,2026-09-09
DODLA,EQ,1085.0,1116.6,1081.8,1096.9,1081.7,37872,415.25,2026-09-09
DOLATALGO,EQ,70.37,70.7,69.0,69.38,70.7,76139,52.99,2026-09-09
DOLLAR,EQ,263.8,276.45,261.15,273.1,264.75,189227,512.39,2026-09-09
DOLPHIN,EQ,682.8,714.9,676.2,685.0,687.75,70925,491.81,2026-09-09
DOMS,EQ,2170.0,2196.4,2159.9,2190.8,2191.4,157465,3427.57,2026-09-09
DONEAR,EQ,89.4,89.4,85.01,85.54,86.79,19989,17.17,2026-09-09
DPABHUSHAN,EQ,1402.8,1411.0,1380.0,1397.7,1411.6,16777,233.18,2026-09-09
DRAGARWQ,EQ,5254.0,5300.5,5223.0,5241.5,5267.5,644,33.92,2026-09-09
DRCSYSTEMS,EQ,12.73,13.3,12.62,12.97,12.9,72897,9.37,2026-09-09
DREAMFOLKS,EQ,64.4,70.9,64.4,68.55,65.14,175877,118.7,2026-09-09
DREDGECORP,EQ,1044.0,1066.0,1032.7,1040.5,1049.1,76183,796.63,2026-09-09
DRREDDY,EQ,1146.0,1151.0,1136.4,1145.0,1151.0,528499,6046.99,2026-09-09
DSSL,EQ,1061.7,1062.6,1018.6,1022.0,1061.7,25777,266.02,2026-09-09
DUCON,EQ,1.83,1.85,1.78,1.8,1.8,947888,17.15,2026-09-09
DVL,EQ,292.05,293.85,286.1,289.2,292.05,17683,51.27,2026-09-09
DWARKESH,EQ,48.0,48.0,46.4,46.72,47.96,1320702,619.2,2026-09-09
DYCL,EQ,460.8,468.9,449.0,456.5,460.6,426020,1959.32,2026-09-09
DYNAMATECH,EQ,11495.0,11741.0,11394.0,11625.0,11584.0,15961,1847.09,2026-09-09
DYNPRO,EQ,232.3,240.0,231.0,235.09,233.28,18946,44.79,2026-09-09
EASEMYTRIP,EQ,5.9,6.06,5.86,5.97,5.94,17088715,1018.21,2026-09-09
EASTWEST,EQ,2.36,2.36,2.26,2.3,2.36,31476,0.72,2026-09-09
EBANK10,EQ,16.5,16.93,16.37,16.38,16.54,2871,0.47,2026-09-09
EBANKNIFTY,EQ,57.23,57.38,57.0,57.15,57.48,2020,1.16,2026-09-09
EBBETF0430,EQ,1617.9,1617.9,1608.7,1612.43,1613.61,16604,267.69,2026-09-09
EBBETF0431,EQ,1433.0,1439.12,1433.0,1435.07,1435.18,6557,94.03,2026-09-09
EBBETF0433,EQ,1306.94,1313.98,1306.19,1313.47,1306.94,9974,130.85,2026-09-09
EBGNG,EQ,672.2,687.75,658.0,675.8,665.15,1154375,7799.06,2026-09-09
ECAPINSURE,EQ,23.65,23.82,23.3,23.47,23.73,96564,22.7,2026-09-09
ECLERX,EQ,1945.1,1945.1,1900.2,1922.6,1945.1,89506,1718.01,2026-09-09
ECORECO,EQ,450.4,457.5,441.25,444.45,450.4,10030,44.81,2026-09-09
ECOSMOBLTY,EQ,111.87,112.56,110.49,111.44,111.87,40648,45.39,2026-09-09
EDELWEISS,EQ,139.15,139.15,131.4,133.63,138.8,7709484,10471.38,2026-09-09
EFCIL,EQ,185.11,191.7,182.04,189.52,186.53,350498,659.8,2026-09-09
EGOLD,EQ,151.9,152.9,151.35,152.2,152.25,410909,623.74,2026-09-09
EICHERMOT,EQ,7687.0,7784.5,7664.5,7734.5,7747.5,318638,24597.86,2026-09-09
EIDPARRY,EQ,765.0,767.0,746.1,756.7,763.7,361348,2730.77,2026-09-09
EIEL,EQ,204.75,215.0,203.75,206.06,196.2,13186612,27563.33,2026-09-09
EIHAHOTELS,EQ,295.7,300.6,292.0,293.3,295.7,13571,40.1,2026-09-09
EIHOTEL,EQ,295.25,295.75,288.3,289.35,295.75,133319,388.2,2026-09-09
EIMCOELECO,EQ,2272.9,2297.6,2205.0,2221.6,2258.2,14430,323.16,2026-09-09
EKC,EQ,103.3,104.75,102.81,103.3,103.14,83747,86.86,2026-09-09
EKI,EQ,73.0,73.0,70.3,71.38,70.81,7555,5.43,2026-09-09
ELANTAS,EQ,13849.0,13850.0,13510.0,13618.0,13891.0,1998,274.31,2026-09-09
ELCIDIN,EQ,107500.0,108495.0,105340.0,108000.0,106500.0,21,22.47,2026-09-09
ELDEHSG,EQ,795.7,796.75,775.0,775.4,795.7,951,7.39,2026-09-09
ELECON,EQ,421.95,427.35,416.8,419.4,421.15,286939,1208.81,2026-09-09
ELECTCAST,EQ,79.53,80.53,77.95,78.24,79.9,1148373,903.56,2026-09-09
ELECTHERM,EQ,956.0,971.9,950.0,965.0,964.6,10148,97.77,2026-09-09
ELGIEQUIP,EQ,640.0,645.9,617.5,618.85,638.2,367633,2318.28,2026-09-09
ELGIRUBCO,EQ,57.94,64.66,57.64,62.82,59.12,308072,192.71,2026-09-09
ELIN,EQ,97.32,97.88,95.6,96.29,98.42,112960,108.92,2026-09-09
ELIQUID,EQ,1047.0,1050.75,1041.91,1046.97,1046.84,20826,218.05,2026-09-09
ELITECON,EQ,7.45,7.45,7.45,7.45,7.84,660044,49.17,2026-09-09
ELLEN,EQ,326.0,355.05,324.2,355.05,322.8,2993680,10368.7,2026-09-09
ELM250,EQ,16.55,16.75,16.41,16.52,16.47,501245,82.73,2026-09-09
ELMDIV,EQ,36.49,36.49,35.43,35.6,36.13,2844,1.02,2026-09-09
ELPROINTL,EQ,176.0,176.0,174.17,174.87,174.17,5075,8.89,2026-09-09
EMAMILTD,EQ,363.2,377.65,363.2,369.1,363.65,8039529,29814.75,2026-09-09
EMAMIREAL,EQ,65.3,69.48,65.3,69.0,66.18,19551,13.26,2026-09-09
EMBDL,EQ,57.65,58.11,57.1,57.34,58.12,3178307,1832.94,2026-09-09
EMCURE,EQ,1938.1,1938.9,1889.9,1914.4,1925.8,74957,1432.37,2026-09-09
EMETAL,EQ,13.49,13.49,13.15,13.4,13.2,8228,1.09,2026-09-09
EMIL,EQ,186.4,188.4,181.05,182.65,186.02,1903526,3492.61,2026-09-09
EMKAY,EQ,260.0,264.7,248.0,250.75,260.7,109423,278.94,2026-09-09
EMMVEE,EQ,331.0,338.0,327.95,328.9,331.25,1636507,5440.86,2026-09-09
EMPIND,EQ,1107.2,1120.0,1068.1,1076.6,1176.8,13226,143.68,2026-09-09
EMPOWER,EQ,2.06,2.11,2.05,2.1,2.01,14978502,313.38,2026-09-09
EMSLIMITED,EQ,379.9,398.95,379.9,385.8,378.4,885127,3461.26,2026-09-09
EMUDHRA,EQ,509.1,516.0,501.15,511.5,509.1,59716,304.53,2026-09-09
EMULTIMQ,EQ,42.09,42.35,41.87,42.19,42.09,12855,5.4,2026-09-09
ENDURANCE,EQ,2738.0,2823.0,2722.9,2755.7,2735.3,117170,3265.03,2026-09-09
ENERGY,EQ,39.41,39.41,38.45,38.71,38.45,382217,148.18,2026-09-09
ENERGYAXIS,EQ,19.18,19.75,19.18,19.3,19.18,21312,4.11,2026-09-09
ENERGYDEV,EQ,15.33,15.33,14.7,14.89,15.33,63369,9.41,2026-09-09
ENEXT50,EQ,72.85,72.89,72.26,72.6,72.85,10396,7.58,2026-09-09
ENGINERSIN,EQ,279.0,283.3,272.0,273.1,279.2,2222424,6149.12,2026-09-09
ENIFTY,EQ,24.48,24.48,23.68,23.7,23.89,11449,2.72,2026-09-09
ENIL,EQ,101.0,101.67,99.0,100.72,100.21,33254,33.32,2026-09-09
ENKEIWHEL,EQ,410.0,410.0,395.05,402.9,396.6,5075,20.36,2026-09-09
ENRIN,EQ,3215.0,3238.0,3160.0,3183.7,3200.1,276989,8833.63,2026-09-09
ENTERO,EQ,1856.0,1890.5,1812.0,1828.3,1851.8,90729,1674.51,2026-09-09
EPACK,EQ,187.38,192.95,185.41,188.15,187.38,491145,928.84,2026-09-09
EPACKPEB,EQ,234.0,250.9,231.21,248.14,234.0,1620115,3971.05,2026-09-09
EPIGRAL,EQ,1185.8,1189.8,1160.0,1163.9,1189.8,32831,383.19,2026-09-09
EPL,EQ,248.5,250.3,245.1,246.7,248.1,2561676,6336.12,2026-09-09
EQUAL200,EQ,13.7,13.73,13.67,13.69,13.74,16852,2.31,2026-09-09
EQUAL50,EQ,325.51,326.38,324.94,325.08,327.03,4722,15.36,2026-09-09
EQUAL50ADD,EQ,337.0,337.69,335.9,336.38,337.41,25552,86.05,2026-09-09
EQUITASBNK,EQ,72.52,73.0,71.03,72.7,72.54,1781588,1283.68,2026-09-09
ERIS,EQ,1318.0,1339.0,1318.0,1335.0,1324.7,42165,559.88,2026-09-09
ESABINDIA,EQ,6060.0,6126.0,5905.0,5932.0,6067.0,7212,432.57,2026-09-09
ESCORTS,EQ,3009.0,3036.0,2977.7,2989.2,3013.2,31863,954.76,2026-09-09
ESDS,EQ,1438.85,1438.85,1438.85,1438.85,1308.05,312887,4501.97,2026-09-09
ESENSEX,EQ,76.0,76.02,75.49,75.63,76.46,972,0.74,2026-09-09
ESG,EQ,40.39,40.55,40.29,40.42,40.54,9483,3.83,2026-09-09
ESILVER,EQ,230.45,233.5,230.45,232.93,230.45,237689,553.61,2026-09-09
ESSARSHPNG,EQ,16.12,16.24,15.96,16.04,16.05,176001,28.25,2026-09-09
ESSENTIA,EQ,1.06,1.07,1.05,1.06,1.05,2109879,22.36,2026-09-09
ESTER,EQ,91.45,92.8,90.01,91.02,91.43,156917,143.23,2026-09-09
ETERNAL,EQ,322.0,322.55,318.0,320.6,321.6,22599551,72217.48,2026-09-09
ETHOSLTD,EQ,2746.1,2781.6,2680.0,2744.0,2761.5,33321,908.43,2026-09-09
EUREKAFORB,EQ,411.25,412.0,398.65,399.35,408.55,114272,459.66,2026-09-09
EUROBOND,EQ,159.54,159.54,149.0,150.15,154.63,696,1.05,2026-09-09
EUROPRATIK,EQ,258.65,258.65,253.1,254.4,256.95,171857,440.63,2026-09-09
EVEREADY,EQ,348.85,351.6,343.2,349.4,348.85,151411,528.46,2026-09-09
EVIETF,EQ,32.4,32.79,32.1,32.24,32.48,131065,42.26,2026-09-09
EVINDIA,EQ,32.47,32.47,32.13,32.26,32.4,126162,40.68,2026-09-09
EXCELINDUS,EQ,995.0,1001.9,985.0,989.4,993.0,10303,102.19,2026-09-09
EXCELSOFT,EQ,69.49,78.8,67.0,75.23,69.06,15422814,11781.87,2026-09-09
EXICOM,EQ,180.45,185.49,170.99,180.42,181.65,3180545,5688.42,2026-09-09
EXIDEIND,EQ,418.1,420.0,409.7,410.75,418.15,2097228,8687.69,2026-09-09
EXPLEOSOL,EQ,888.0,891.55,870.6,877.6,887.95,31062,272.78,2026-09-09
EXXARO,EQ,6.35,6.55,6.35,6.45,6.51,187657,12.14,2026-09-09
FABTECH,EQ,148.0,149.93,146.52,147.65,146.91,64651,95.85,2026-09-09
FACT,EQ,790.2,798.95,784.8,786.4,791.2,99776,786.57,2026-09-09
FAZE3Q,EQ,489.25,494.95,481.0,484.8,497.3,9833,47.89,2026-09-09
FCL,EQ,58.2,62.4,57.66,58.43,58.44,71051557,42652.16,2026-09-09
FCSSOFT,EQ,1.42,1.43,1.41,1.42,1.42,1579523,22.4,2026-09-09
FDC,EQ,345.85,356.75,342.4,354.3,345.95,219983,771.17,2026-09-09
FEDDERSHOL,EQ,47.75,48.9,47.28,48.5,48.0,3134810,1517.02,2026-09-09
FEDERALBNK,EQ,341.5,345.0,341.5,345.0,344.15,3903520,13426.66,2026-09-09
FEDFINA,EQ,163.42,163.42,156.6,156.94,162.3,903186,1433.86,2026-09-09
FERMENTA,EQ,476.0,506.9,475.95,494.4,480.7,168702,834.43,2026-09-09
FIBERWEB,EQ,26.5,26.5,25.61,26.11,26.03,25253,6.6,2026-09-09
FIEMIND,EQ,2045.0,2048.6,2009.4,2021.6,2038.2,52069,1055.65,2026-09-09
FILATEX,EQ,76.07,76.91,75.06,75.55,76.44,994318,753.74,2026-09-09
FILATFASH,EQ,0.19,0.19,0.18,0.18,0.18,15486525,28.56,2026-09-09
FINCABLES,EQ,1320.0,1376.0,1295.4,1353.4,1302.3,2871412,38838.68,2026-09-09
FINEORG,EQ,5173.0,5205.0,5120.0,5148.5,5196.0,15842,816.78,2026-09-09
FINIETF,EQ,32.51,32.51,32.23,32.32,32.56,443060,143.36,2026-09-09
FINKURVE,EQ,69.42,70.98,64.62,67.57,69.09,111424,73.92,2026-09-09
FINOPB,EQ,138.57,140.0,137.1,137.64,139.97,105045,145.37,2026-09-09
FINPIPE,EQ,157.86,158.49,156.3,156.71,157.86,277310,435.47,2026-09-09
FIRSTCRY,EQ,175.0,175.65,172.0,172.52,176.24,624781,1084.64,2026-09-09
FISCHER,EQ,36.0,36.01,34.5,34.78,35.56,669109,233.87,2026-09-09
FIVESTAR,EQ,522.15,535.0,518.95,533.05,524.15,410018,2169.71,2026-09-09
FLAIR,EQ,235.05,245.95,235.0,238.56,236.96,87625,210.59,2026-09-09
FLEXIADD,EQ,10.17,10.17,9.8,9.85,9.97,189232,18.62,2026-09-09
FLUOROCHEM,EQ,4676.6,4769.9,4652.8,4754.8,4676.6,119098,5621.03,2026-09-09
FMCGADD,EQ,45.9,47.22,45.4,46.15,46.07,21150,9.67,2026-09-09
FMCGIETF,EQ,50.54,50.54,48.69,48.89,49.31,1908992,933.23,2026-09-09
FMGOETZE,EQ,470.9,477.15,451.2,455.45,469.25,550860,2553.93,2026-09-09
FMNL,EQ,9.5,9.5,9.14,9.31,9.52,24342,2.24,2026-09-09
FOODSIN,EQ,55.0,58.5,54.61,57.98,56.08,95582,55.04,2026-09-09
FORCEMOT,EQ,17588.0,17645.0,17340.0,17355.0,17625.0,36797,6416.94,2026-09-09
FORTIS,EQ,906.9,918.4,903.65,915.0,908.0,670656,6110.13,2026-09-09
FOSECOIND,EQ,6100.0,6166.5,6030.0,6080.0,6095.5,5173,314.57,2026-09-09
FRACTAL,EQ,791.85,797.0,774.1,777.65,794.75,391503,3076.97,2026-09-09
FREDUN,EQ,1369.3,1449.0,1348.0,1439.2,1356.8,63586,896.0,2026-09-09
FRONTSP,EQ,1258.0,1275.7,1242.8,1263.9,1258.2,11690,147.26,2026-09-09
FSL,EQ,258.0,258.0,254.15,254.75,257.8,318352,814.0,2026-09-09
FUSION,EQ,201.0,201.0,194.0,194.93,202.06,787463,1541.24,2026-09-09
GABRIEL,EQ,1387.0,1387.0,1354.0,1360.8,1389.6,109451,1496.21,2026-09-09
GAEL,EQ,168.0,168.64,164.22,166.39,167.3,562238,936.73,2026-09-09
GAIL,EQ,173.7,175.59,173.61,174.9,175.09,4342968,7583.87,2026-09-09
GAJA,EQ,153.65,160.0,152.61,158.69,153.64,1067431,1680.24,2026-09-09
GALAPREC,EQ,1054.0,1085.4,1038.2,1048.1,1054.9,19177,200.89,2026-09-09
GALAXYSURF,EQ,2251.9,2304.0,2231.0,2288.9,2251.9,49913,1135.62,2026-09-09
GALLANTT,EQ,564.7,574.4,554.4,557.1,561.65,45830,256.76,2026-09-09
GANDHAR,EQ,264.05,273.45,263.0,265.85,264.05,926450,2492.76,2026-09-09
GANDHITUBE,EQ,883.0,902.0,883.0,898.8,892.95,6229,55.71,2026-09-09
GANECOS,EQ,1040.4,1041.0,1004.0,1020.5,1040.4,98699,1007.12,2026-09-09
GANESHCP,EQ,170.0,174.0,166.47,167.58,169.71,362392,609.48,2026-09-09
GANESHHOU,EQ,745.0,782.0,740.0,758.5,750.8,52614,398.44,2026-09-09
GANGAFORGE,EQ,1.64,1.64,1.54,1.59,1.59,2752465,43.44,2026-09-09
GANGESSECU,EQ,120.8,120.8,114.05,115.99,118.63,8609,10.0,2026-09-09
GARFIBRES,EQ,822.4,822.4,809.0,814.6,819.15,35097,285.78,2026-09-09
GARUDA,EQ,181.99,186.79,180.29,181.95,183.61,1610615,2954.14,2026-09-09
GATEWAY,EQ,53.94,54.1,53.3,53.51,53.94,411512,221.2,2026-09-09
GAYAHWS,EQ,1.98,2.0,1.72,1.94,1.94,237823,4.58,2026-09-09
GAYAPROJ,EQ,23.85,24.42,23.3,23.64,23.26,3083761,744.83,2026-09-09
GCSL,EQ,597.8,608.0,594.3,601.9,598.25,268383,1614.13,2026-09-09
GEEKAYWIRE,EQ,29.89,29.89,27.61,27.91,29.51,193204,55.6,2026-09-09
GEMAROMA,EQ,165.0,168.0,160.3,164.83,161.86,113076,186.14,2026-09-09
GENCON,EQ,42.08,43.7,41.34,42.03,41.89,256006,107.19,2026-09-09
GENESYS,EQ,291.01,297.4,271.1,274.31,288.19,3610543,10191.64,2026-09-09
GENUSPAPER,EQ,12.86,12.92,12.08,12.19,12.86,235975,29.24,2026-09-09
GENUSPOWER,EQ,334.45,336.0,327.0,329.0,333.65,1392398,4599.54,2026-09-09
GEOJITFSL,EQ,80.25,81.25,79.47,80.12,81.08,235168,188.19,2026-09-09
GESHIP,EQ,1393.0,1402.4,1381.2,1393.4,1383.8,755591,10515.69,2026-09-09
GFLLIMITED,EQ,60.5,61.4,56.62,57.35,60.17,137857,81.27,2026-09-09
GFSTEELS,EQ,18.15,18.15,18.15,18.15,16.5,3030,0.55,2026-09-09
GHCL,EQ,434.0,434.0,423.65,426.3,433.05,136963,584.28,2026-09-09
GHCLTEXTIL,EQ,132.44,134.9,130.73,133.67,131.96,580475,772.17,2026-09-09
GICHSGFIN,EQ,139.15,139.16,136.95,137.15,138.73,73159,100.5,2026-09-09
GICL,EQ,24.02,24.49,23.63,24.4,24.53,186663,45.45,2026-09-09
GICRE,EQ,348.1,353.75,343.15,349.9,348.1,1164539,4072.16,2026-09-09
GILLANDERS,EQ,105.0,105.0,100.0,102.2,101.81,3083,3.18,2026-09-09
GILLETTE,EQ,7525.0,7540.0,7455.0,7479.5,7530.5,11889,890.36,2026-09-09
GILT10BETA,EQ,26.7,26.79,26.37,26.79,26.7,204,0.05,2026-09-09
GILT5BETA,EQ,67.13,67.23,66.01,67.02,66.8,1636,1.1,2026-09-09
GILT5YBEES,EQ,66.33,66.48,66.26,66.36,66.33,181566,120.59,2026-09-09
GIPCL,EQ,202.0,204.14,200.5,201.04,201.1,368579,744.42,2026-09-09
GKB,EQ,72.0,74.0,65.0,66.43,71.52,17482,11.52,2026-09-09
GKENERGY,EQ,129.86,129.87,126.91,127.21,129.61,328663,419.48,2026-09-09
GKSL,EQ,175.19,180.9,172.5,176.02,175.19,520724,916.57,2026-09-09
GKWLIMITED,EQ,1579.5,1600.0,1562.0,1588.8,1551.7,229,3.64,2026-09-09
GLAND,EQ,2959.3,3033.9,2938.6,3026.2,2959.3,1560855,46804.13,2026-09-09
GLAXO,EQ,2928.2,2959.6,2875.0,2890.2,2928.2,29124,850.62,2026-09-09
GLENMARK,EQ,2486.9,2486.9,2400.1,2435.0,2474.5,424753,10321.44,2026-09-09
GLFL,EQ,5.35,5.6,5.09,5.37,5.35,21316,1.12,2026-09-09
GLOBAL,EQ,126.62,128.24,123.47,125.94,126.62,118903,149.51,2026-09-09
GLOBALE,EQ,10.91,11.4,10.65,11.3,10.91,5859,0.64,2026-09-09
GLOBALVECT,EQ,140.0,140.0,136.32,139.03,139.29,7507,10.38,2026-09-09
GLOBE,EQ,1.88,1.88,1.8,1.82,1.87,384976,7.07,2026-09-09
GLOBECIVIL,EQ,45.98,45.98,43.62,44.72,45.34,25542,11.45,2026-09-09
GLOBUSSPR,EQ,864.9,865.0,847.1,849.8,861.45,114371,975.17,2026-09-09
GLOSTERLTD,EQ,601.0,610.0,595.2,597.55,598.8,418,2.51,2026-09-09
GLOTTIS,EQ,56.51,59.48,56.5,59.03,57.13,58650,34.22,2026-09-09
GMBREW,EQ,927.7,927.75,912.9,917.7,927.75,23995,220.05,2026-09-09
GMDCLTD,EQ,571.7,585.0,569.95,574.55,568.85,1869082,10819.68,2026-09-09
GMMPFAUDLR,EQ,1305.0,1352.0,1297.7,1305.4,1285.2,875591,11559.26,2026-09-09
GMRAIRPORT,EQ,97.02,98.73,96.26,98.65,97.0,11994804,11732.45,2026-09-09
GMRP&UI,EQ,96.2,96.55,94.0,94.82,95.61,1211553,1152.01,2026-09-09
GNA,EQ,558.0,562.0,536.5,539.55,553.4,303293,1660.56,2026-09-09
GNFC,EQ,564.0,579.75,556.5,574.6,589.1,850758,4814.13,2026-09-09
GNRL,EQ,110.7,112.0,108.1,109.03,108.95,149510,164.89,2026-09-09
GOACARBON,EQ,400.0,463.5,400.0,463.5,386.25,1188458,5381.29,2026-09-09
GOCLCORP,EQ,435.95,439.9,430.0,431.7,435.6,111213,482.4,2026-09-09
GOCOLORS,EQ,325.0,330.2,323.0,325.85,327.45,39458,128.23,2026-09-09
GODAVARIB,EQ,243.52,244.19,237.5,238.46,244.37,53461,128.48,2026-09-09
GODFRYPHLP,EQ,2010.0,2010.0,1972.0,1978.5,2010.0,184308,3658.64,2026-09-09
GODIGIT,EQ,256.25,259.05,252.9,253.3,259.15,187554,476.11,2026-09-09
GODREJAGRO,EQ,675.0,679.25,657.9,674.65,673.6,322590,2169.21,2026-09-09
GODREJCP,EQ,867.95,867.95,856.1,863.8,865.0,1440335,12433.63,2026-09-09
GODREJIND,EQ,1135.6,1143.0,1124.4,1133.4,1144.0,45380,514.28,2026-09-09
GODREJPROP,EQ,1905.5,1908.2,1855.0,1857.1,1906.6,538632,10117.82,2026-09-09
GOKEX,EQ,786.2,797.5,770.1,785.45,781.3,287821,2249.56,2026-09-09
GOKUL,EQ,42.54,43.27,42.12,42.78,42.54,171792,73.57,2026-09-09
GOKULAGRO,EQ,233.0,234.0,229.5,230.56,233.15,204827,474.17,2026-09-09
GOLD1,EQ,127.0,127.54,126.36,126.95,127.09,1836693,2331.24,2026-09-09
GOLD360,EQ,148.25,148.95,147.4,148.25,148.25,90083,133.79,2026-09-09
GOLDADD,EQ,14.85,14.87,14.7,14.8,14.79,2913131,431.38,2026-09-09
GOLDAXIS,EQ,126.7,127.36,126.07,126.81,126.86,1146170,1455.25,2026-09-09
GOLDBEES,EQ,125.5,126.31,125.15,125.78,125.84,15054022,18935.14,2026-09-09
GOLDBETA,EQ,128.15,128.6,127.05,128.25,128.15,523716,671.25,2026-09-09
GOLDBND,EQ,152.36,152.69,151.15,152.03,152.36,6005,9.13,2026-09-09
GOLDCASE,EQ,23.91,24.05,23.82,23.96,23.95,7654601,1832.88,2026-09-09
GOLDETF,EQ,146.55,148.46,146.55,148.05,147.88,1006579,1490.67,2026-09-09
GOLDIAM,EQ,341.0,341.1,328.25,329.8,338.2,512298,1707.34,2026-09-09
GOLDIETF,EQ,130.2,130.89,129.61,130.37,130.38,4152752,5416.25,2026-09-09
GOODLUCK,EQ,516.55,539.0,512.8,515.8,515.65,1179600,6211.8,2026-09-09
GOODYEAR,EQ,730.0,730.0,723.05,729.35,725.2,2468,17.96,2026-09-09
GOPAL,EQ,263.0,264.0,261.0,261.85,264.2,53441,140.15,2026-09-09
GOYALALUM,EQ,6.1,6.27,6.1,6.16,6.21,31666,1.96,2026-09-09
GPIL,EQ,245.0,255.0,243.99,253.04,245.71,3124495,7860.0,2026-09-09
GPPL,EQ,160.58,164.2,158.01,158.59,160.58,1549197,2485.12,2026-09-09
GPTHEALTH,EQ,159.5,163.26,158.86,162.63,160.7,119726,193.33,2026-09-09
GPTINFRA,EQ,111.24,114.71,109.92,111.39,111.42,374389,420.69,2026-09-09
GRADIENTE,EQ,2.63,2.63,2.48,2.55,2.54,2023521,52.17,2026-09-09
GRANDOAK,EQ,36.15,36.28,35.26,36.26,34.56,6576,2.38,2026-09-09
GRANULES,EQ,899.75,901.8,878.1,884.8,895.35,1406377,12503.69,2026-09-09
GRAPHITE,EQ,812.9,874.35,775.0,844.65,734.25,36292952,306095.86,2026-09-09
GRASIM,EQ,3305.0,3320.0,3279.0,3300.0,3306.8,850901,28036.94,2026-09-09
GRAUWEIL,EQ,72.09,73.8,71.04,72.67,72.01,306598,220.88,2026-09-09
GRAVISSHO,EQ,29.25,34.4,28.5,29.66,28.67,472614,152.16,2026-09-09
GRAVITA,EQ,1682.3,1724.0,1677.5,1696.4,1682.3,146729,2494.24,2026-09-09
GREAVESCOT,EQ,192.65,194.7,190.6,192.38,193.06,561514,1078.75,2026-09-09
GREENLAM,EQ,235.3,237.94,234.7,236.25,235.53,19363,45.72,2026-09-09
GREENPANEL,EQ,161.0,164.25,158.01,160.67,161.69,180431,288.77,2026-09-09
GREENPLY,EQ,299.0,299.85,292.2,293.65,299.35,148974,439.13,2026-09-09
GREENPOWER,EQ,9.14,10.49,9.06,9.54,9.14,46749101,4641.79,2026-09-09
GRINDWELL,EQ,1922.8,1923.9,1881.0,1893.1,1922.8,18388,349.23,2026-09-09
GRINFRA,EQ,853.65,869.95,852.3,858.5,859.3,9779,83.87,2026-09-09
GRMOVER,EQ,88.99,88.99,85.46,88.14,88.17,1430309,1241.24,2026-09-09
GROBTEA,EQ,967.0,968.0,940.1,945.95,966.0,50,0.48,2026-09-09
GROWW,EQ,195.0,195.5,192.18,194.63,195.24,20798963,40338.44,2026-09-09
GROWWCAPM,EQ,11.59,11.59,11.3,11.35,11.43,563044,63.91,2026-09-09
GROWWCHEM,EQ,29.9,30.21,29.9,30.1,30.21,52069,15.68,2026-09-09
GROWWDEFNC,EQ,100.01,100.73,98.14,99.25,99.97,271306,269.4,2026-09-09
GROWWEV,EQ,31.89,32.34,31.89,32.21,32.23,260637,83.76,2026-09-09
GROWWGOLD,EQ,14.84,14.94,14.77,14.87,14.85,3485550,518.22,2026-09-09
GROWWHOSPI,EQ,52.93,52.93,51.81,52.6,51.89,633992,333.19,2026-09-09
GROWWLIQID,EQ,110.66,110.68,110.54,110.67,110.66,289704,320.63,2026-09-09
GROWWLOVOL,EQ,10.4,10.4,10.14,10.18,10.2,7351,0.75,2026-09-09
GROWWMC150,EQ,232.35,232.41,229.62,230.9,230.25,587,1.36,2026-09-09
GROWWMETAL,EQ,12.79,12.8,12.4,12.7,12.48,534513,67.91,2026-09-09
GROWWMOM50,EQ,11.18,11.18,11.01,11.12,11.05,237006,26.3,2026-09-09
GROWWN200,EQ,11.17,11.32,11.1,11.17,11.17,29037,3.25,2026-09-09
GROWWNET,EQ,10.99,11.2,10.66,10.77,10.86,399148,43.15,2026-09-09
GROWWNIFTY,EQ,9.81,9.81,9.35,9.51,9.58,1082032,102.98,2026-09-09
GROWWNXT50,EQ,74.47,75.1,73.11,73.82,74.6,6879,5.05,2026-09-09
GROWWPOWER,EQ,11.59,11.59,11.31,11.43,11.34,13766421,1576.09,2026-09-09
GROWWPSE,EQ,99.48,99.48,96.2,98.5,98.16,2210,2.17,2026-09-09
GROWWPSUBK,EQ,83.71,84.7,83.57,84.06,84.49,4654,3.92,2026-09-09
GROWWRAIL,EQ,28.0,28.0,27.69,27.78,27.79,442887,123.17,2026-09-09
GROWWRLTY,EQ,10.0,10.35,9.8,9.84,10.03,540756,53.49,2026-09-09
GROWWSC250,EQ,10.64,10.72,10.62,10.65,10.64,157749,16.81,2026-09-09
GROWWSLVR,EQ,22.86,22.94,22.7,22.77,22.65,1478790,337.56,2026-09-09
GRPLTD,EQ,1980.0,2040.0,1980.0,2026.9,2001.4,1215,24.53,2026-09-09
GRSE,EQ,2525.7,2553.3,2488.1,2493.9,2525.7,237008,5934.09,2026-09-09
GRWRHITECH,EQ,6920.0,6966.0,6735.5,6752.5,6975.5,36942,2520.59,2026-09-09
GSEC10ABSL,EQ,112.93,113.27,111.82,113.27,112.93,34,0.04,2026-09-09
GSEC10ADD,EQ,26.8,26.8,26.8,26.8,26.83,6,0.0,2026-09-09
GSEC10IETF,EQ,262.43,265.05,262.43,262.81,262.18,130,0.34,2026-09-09
GSEC10YEAR,EQ,30.45,30.45,30.3,30.44,30.3,68,0.02,2026-09-09
GSEC5IETF,EQ,66.25,66.8,66.24,66.24,66.24,3785,2.52,2026-09-09
GSFC,EQ,160.9,161.75,159.47,160.03,160.81,1931299,3091.16,2026-09-09
GSLSU,EQ,29.77,29.9,27.84,27.84,29.3,51751,14.67,2026-09-09
GSPCROP,EQ,524.85,531.4,479.95,491.35,531.0,1797785,8885.13,2026-09-09
GSS,EQ,11.0,11.15,10.71,10.88,10.96,32036,3.5,2026-09-09
GTL,EQ,7.25,7.32,7.04,7.16,7.02,254178,18.28,2026-09-09
GTLINFRA,EQ,1.18,1.18,1.16,1.16,1.18,33191149,388.6,2026-09-09
GTPL,EQ,58.08,58.89,57.52,58.29,58.08,35618,20.71,2026-09-09
GUFICBIO,EQ,439.45,445.0,425.8,428.85,440.3,79726,345.74,2026-09-09
GUJALKALI,EQ,718.75,721.75,706.05,712.55,718.75,63316,450.6,2026-09-09
GUJAPOLLO,EQ,342.6,348.4,340.05,345.0,342.2,5966,20.57,2026-09-09
GUJENERGY,EQ,258.59,262.18,258.18,258.97,260.18,1102322,2859.1,2026-09-09
GUJRAFFIA,EQ,41.95,41.95,40.13,40.9,41.95,1281,0.52,2026-09-09
GUJTHEM,EQ,455.95,459.35,427.0,430.75,453.25,618616,2737.58,2026-09-09
GULFOILLUB,EQ,1057.6,1090.1,1049.6,1081.1,1057.6,87698,939.66,2026-09-09
GULPOLY,EQ,181.99,183.1,179.2,179.86,181.96,155791,281.36,2026-09-09
GVPIL,EQ,656.2,672.7,647.0,659.25,656.2,237847,1571.14,2026-09-09
GVT&D,EQ,4774.0,4825.0,4638.8,4673.0,4750.0,1094528,51721.95,2026-09-09
GYFTR,EQ,186.9,187.77,180.11,181.7,186.02,47501,86.65,2026-09-09
HAL,EQ,5031.1,5097.4,5000.5,5000.5,5031.1,1669937,84274.66,2026-09-09
HALDER,EQ,293.85,294.0,276.05,282.45,293.55,20732,60.37,2026-09-09
HALEOSLABS,EQ,1454.0,1497.3,1450.0,1470.9,1448.1,733,10.67,2026-09-09
HAMPTON,EQ,8.59,8.85,8.06,8.49,8.59,390289,33.11,2026-09-09
HAPPSTMNDS,EQ,343.1,343.1,337.1,339.5,345.65,789142,2681.67,2026-09-09
HAPPYFORGE,EQ,2230.3,2341.8,2230.3,2256.7,2230.3,53191,1206.14,2026-09-09
HARDWYN,EQ,9.15,9.2,7.61,8.93,9.14,1117076,100.07,2026-09-09
HARIOMPIPE,EQ,370.0,372.0,365.0,366.15,371.7,89526,328.78,2026-09-09
HARRMALAYA,EQ,190.59,190.59,186.7,187.72,189.92,6634,12.5,2026-09-09
HARSHA,EQ,466.8,470.95,449.05,453.4,466.8,175392,798.93,2026-09-09
HATHWAY,EQ,10.28,10.3,10.21,10.22,10.29,847215,86.75,2026-09-09
HATSUN,EQ,1200.0,1215.0,1155.1,1199.1,1198.0,122744,1453.01,2026-09-09
HAVELLS,EQ,1136.0,1143.5,1118.9,1120.4,1140.0,608049,6855.52,2026-09-09
HAVISHA,EQ,1.35,1.36,1.3,1.35,1.33,18739,0.25,2026-09-09
HAWKINCOOK,EQ,8340.0,8640.0,8337.0,8504.5,8212.0,5000,426.96,2026-09-09
HAZOOR,EQ,20.37,20.59,19.67,19.88,19.97,641192,130.1,2026-09-09
HBESD,EQ,74.25,74.25,72.09,72.81,76.66,253,0.18,2026-09-09
HBLENGINE,EQ,732.65,772.8,726.0,730.1,731.25,6705010,50300.03,2026-09-09
HBPOR,EQ,58.56,61.5,58.56,59.37,61.79,928,0.57,2026-09-09
HBSL,EQ,54.4,54.4,52.1,52.86,54.01,2927,1.55,2026-09-09
HCC,EQ,23.66,23.95,23.22,23.43,23.86,25015712,5884.28,2026-09-09
HCG,EQ,692.9,715.65,688.0,712.55,690.6,123628,874.55,2026-09-09
HCL-INSYS,EQ,10.02,10.29,10.02,10.09,10.12,166878,16.89,2026-09-09
HCLTECH,EQ,1248.8,1264.8,1222.7,1229.8,1277.0,2099173,25935.71,2026-09-09
HDBFS,EQ,680.0,684.8,673.1,675.05,683.1,424779,2868.71,2026-09-09
HDFCAMC,EQ,2444.0,2446.4,2410.9,2440.0,2447.3,455316,11046.04,2026-09-09
HDFCBANK,EQ,698.0,700.0,687.1,687.1,703.0,39173990,271661.63,2026-09-09
HDFCBSE500,EQ,37.36,37.36,36.8,37.0,37.35,2479438,917.23,2026-09-09
HDFCGOLD,EQ,129.99,130.55,129.35,130.06,130.18,2291910,2981.12,2026-09-09
HDFCGROWTH,EQ,117.02,117.02,115.71,116.15,117.33,18270,21.2,2026-09-09
HDFCLIFE,EQ,533.7,534.6,508.95,514.0,533.8,9024185,46698.47,2026-09-09
HDFCLIQUID,EQ,1077.13,1077.13,1077.11,1077.12,1077.0,21185,228.19,2026-09-09
HDFCLOWVOL,EQ,20.79,20.79,20.0,20.1,20.29,4649,0.94,2026-09-09
HDFCMID150,EQ,23.42,23.42,23.24,23.3,23.42,247192,57.64,2026-09-09
HDFCMOMENT,EQ,31.33,31.56,31.19,31.36,31.23,204344,64.08,2026-09-09
HDFCNEXT50,EQ,74.78,75.0,74.08,74.58,74.5,77234,57.59,2026-09-09
HDFCNIF100,EQ,25.71,25.96,25.53,25.55,25.71,16271,4.17,2026-09-09
HDFCNIFBAN,EQ,58.4,58.51,58.0,58.16,58.55,181659,105.92,2026-09-09
HDFCNIFIT,EQ,31.77,31.77,30.81,30.9,32.0,354288,109.81,2026-09-09
HDFCNIFTY,EQ,266.91,266.91,265.03,265.24,267.23,180394,478.96,2026-09-09
HDFCNIMEG,EQ,132.17,134.27,131.98,133.99,131.8,36595,49.01,2026-09-09
HDFCPSUBK,EQ,84.46,85.26,84.26,84.75,84.59,22385,19.01,2026-09-09
HDFCPVTBAN,EQ,28.04,28.04,27.65,27.89,28.04,69478,19.38,2026-09-09
HDFCQUAL,EQ,57.96,57.96,57.63,57.72,58.25,5316,3.07,2026-09-09
HDFCSENSEX,EQ,88.13,88.13,85.01,85.46,85.99,131101,111.82,2026-09-09
HDFCSILVER,EQ,221.31,223.65,221.31,222.54,221.31,1537585,3423.4,2026-09-09
HDFCSML250,EQ,187.12,187.12,185.01,185.46,186.57,1166407,2169.3,2026-09-09
HDFCVALUE,EQ,123.19,128.0,122.61,122.89,123.92,12597,15.49,2026-09-09
HEADSUP,EQ,7.25,7.25,6.6,6.94,7.04,23178,1.64,2026-09-09
HEALTHADD,EQ,16.81,16.92,16.71,16.75,16.67,15029,2.52,2026-09-09
HEALTHAXIS,EQ,170.43,170.9,168.18,168.88,169.31,1412,2.38,2026-09-09
HEALTHCARE,EQ,21.82,22.26,21.73,21.79,21.82,64343,14.02,2026-09-09
HEALTHIETF,EQ,172.56,172.56,169.19,170.12,170.85,68931,117.62,2026-09-09
HEALTHX,EQ,302.85,304.0,297.0,299.5,302.6,4355,13.14,2026-09-09
HEALTHY,EQ,17.17,17.25,16.95,17.05,17.09,246034,42.08,2026-09-09
HECPROJECT,EQ,126.4,126.4,122.05,122.14,122.98,6948,8.55,2026-09-09
HEIDELBERG,EQ,160.19,160.5,159.49,159.86,159.72,326934,522.64,2026-09-09
HEMIPROP,EQ,124.02,125.4,122.15,123.18,124.41,310633,383.34,2026-09-09
HERANBA,EQ,173.62,174.97,170.51,173.93,172.8,31477,54.57,2026-09-09
HERITGFOOD,EQ,382.1,383.3,377.0,380.1,382.15,279635,1062.28,2026-09-09
HEROMOTOCO,EQ,5266.5,5297.0,5205.5,5218.0,5333.5,532099,27889.08,2026-09-09
HESTERBIO,EQ,2316.9,2360.0,2257.4,2322.6,2318.3,3779,86.65,2026-09-09
HEXATRADEX,EQ,160.8,160.8,156.15,156.24,157.34,10694,16.76,2026-09-09
HEXT,EQ,517.75,518.45,506.55,509.9,518.85,138830,712.35,2026-09-09
HGINFRA,EQ,483.0,483.15,476.25,478.55,484.55,26825,128.54,2026-09-09
HGM,EQ,51.05,51.35,49.65,50.49,50.16,2341,1.18,2026-09-09
HGS,EQ,387.0,393.9,381.0,384.75,387.95,11159,43.14,2026-09-09
HIKAL,EQ,245.88,245.9,238.76,240.69,246.01,1270796,3067.87,2026-09-09
HILINFRA,EQ,43.25,43.79,43.1,43.28,43.7,40711,17.65,2026-09-09
HILTON,EQ,18.97,18.97,18.34,18.44,18.65,52156,9.68,2026-09-09
HIMATSEIDE,EQ,69.89,70.3,69.24,69.44,69.46,175080,122.05,2026-09-09
HINDADH,EQ,363.7,374.45,357.0,367.2,363.7,1390,5.09,2026-09-09
HINDALCO,EQ,1013.9,1032.4,1010.7,1026.9,1009.0,3255790,33349.13,2026-09-09
HINDALUMI,EQ,97.95,97.95,96.35,97.38,97.9,531,0.52,2026-09-09
HINDCOMPOS,EQ,395.35,400.0,380.2,387.05,395.35,4341,17.01,2026-09-09
HINDCON,EQ,24.74,24.74,23.65,23.71,24.39,28580,6.84,2026-09-09
HINDCOPPER,EQ,538.4,545.0,530.5,532.3,532.85,15102525,81262.17,2026-09-09
HINDOILEXP,EQ,194.62,201.44,193.9,195.83,193.66,3991694,7887.07,2026-09-09
HINDPETRO,EQ,345.55,350.9,343.55,348.9,347.0,5786455,20198.15,2026-09-09
HINDUNILVR,EQ,1973.0,1979.6,1936.0,1945.0,1980.0,1455307,28349.27,2026-09-09
HINDWAREAP,EQ,181.46,183.9,179.0,179.66,180.28,81549,146.78,2026-09-09
HINDZINC,EQ,595.0,608.75,593.1,605.4,595.5,6313228,38088.0,2026-09-09
HIRECT,EQ,1281.4,1318.5,1263.0,1273.6,1281.4,99771,1290.13,2026-09-09
HISARMETAL,EQ,160.01,160.01,150.8,153.91,160.26,2386,3.68,2026-09-09
HITECH,EQ,75.0,77.14,74.58,76.79,75.4,1108418,845.39,2026-09-09
HLEGLAS,EQ,333.05,367.95,333.05,367.95,334.5,846199,3066.62,2026-09-09
HLVLTD,EQ,6.33,6.57,6.32,6.47,6.4,139783,9.04,2026-09-09
HMAAGRO,EQ,20.11,20.3,19.8,20.02,20.01,1106812,221.55,2026-09-09
HNDFDS,EQ,626.0,626.0,608.55,615.25,623.5,53963,334.51,2026-09-09
HNGSNGBEES,EQ,478.64,478.64,463.82,466.33,466.97,79636,371.02,2026-09-09
HOMEFIRST,EQ,1231.0,1231.0,1190.5,1202.3,1237.1,156030,1877.28,2026-09-09
HONASA,EQ,475.0,480.55,466.2,471.05,476.05,683211,3214.77,2026-09-09
HONAUT,EQ,35190.0,35285.0,34055.0,34180.0,35060.0,3890,1337.94,2026-09-09
HONDAPOWER,EQ,1981.7,1999.7,1949.0,1964.2,1981.7,3084,60.67,2026-09-09
HORIZONIND,EQ,55.05,56.8,54.98,55.67,55.54,3383047,1895.09,2026-09-09
HPAL,EQ,35.59,36.07,35.12,35.67,35.42,61671,22.0,2026-09-09
HPIL,EQ,121.5,124.0,118.2,121.0,122.0,358,0.44,2026-09-09
HPL,EQ,302.55,305.45,298.05,298.65,303.0,83546,250.62,2026-09-09
HRYNSHP,EQ,102.5,102.5,98.11,99.95,100.62,784,0.78,2026-09-09
HSBCGOLD,EQ,129.22,134.8,129.22,132.63,132.67,8413,11.1,2026-09-09
HSCL,EQ,672.0,673.0,661.2,667.05,670.65,2178664,14542.78,2026-09-09
HTMEDIA,EQ,25.24,25.91,24.5,24.67,25.41,122745,30.46,2026-09-09
HUBTOWN,EQ,184.99,188.99,182.0,184.0,185.56,459997,855.54,2026-09-09
HUDCO,EQ,177.57,178.5,175.0,175.35,178.26,1174950,2074.68,2026-09-09
HUHTAMAKI,EQ,249.0,269.4,249.0,267.85,250.7,970555,2568.5,2026-09-09
HYBRIDETF,EQ,10.12,10.15,10.06,10.12,10.07,29314,2.97,2026-09-09
HYUNDAI,EQ,2210.0,2219.7,2152.5,2182.4,2220.0,587339,12884.08,2026-09-09
IBULLSLTD,EQ,25.86,26.85,24.92,25.05,25.95,41720731,10558.16,2026-09-09
ICEMAKE,EQ,725.0,745.0,723.0,725.7,730.35,9869,72.28,2026-09-09
ICICIAMC,EQ,3001.0,3009.9,2953.6,3003.5,3013.0,347633,10392.66,2026-09-09
ICICIB22,EQ,116.75,116.75,113.15,113.61,113.91,333198,379.91,2026-09-09
ICICIBANK,EQ,1395.9,1402.5,1385.5,1389.1,1399.4,14229080,198176.81,2026-09-09
ICICIGI,EQ,1485.2,1485.7,1460.2,1474.0,1484.4,974837,14316.39,2026-09-09
ICICIPRULI,EQ,467.7,468.0,456.9,462.5,469.3,942661,4341.22,2026-09-09
ICIL,EQ,449.75,464.0,443.55,445.55,450.85,554256,2512.02,2026-09-09
ICRA,EQ,4888.7,4888.7,4744.4,4776.5,4854.4,30824,1472.87,2026-09-09
IDBI,EQ,81.4,83.47,80.12,81.56,81.11,22159103,18153.79,2026-09-09
IDEA,EQ,15.36,15.79,15.2,15.52,15.42,539161681,83740.87,2026-09-09
IDEAFORGE,EQ,779.0,784.8,736.45,747.45,775.2,650731,4850.52,2026-09-09
IDFCFIRSTB,EQ,86.48,86.95,85.9,86.0,86.5,20235616,17487.47,2026-09-09
IDFNIFTYET,EQ,259.53,260.77,259.35,259.96,261.92,1475,3.84,2026-09-09
IEX,EQ,116.05,118.89,115.82,117.95,116.54,3287242,3869.16,2026-09-09
IFBAGRO,EQ,888.4,895.0,875.0,879.55,887.05,3776,33.31,2026-09-09
IFBIND,EQ,1298.0,1298.5,1255.0,1266.8,1296.0,51137,649.32,2026-09-09
IFCI,EQ,92.5,93.56,87.76,88.96,92.61,156503199,140188.32,2026-09-09
IFGLEXPOR,EQ,198.0,225.98,197.0,214.65,198.22,638605,1386.36,2026-09-09
IGARASHI,EQ,415.6,420.85,406.4,410.3,415.6,39856,163.7,2026-09-09
IGCL,EQ,71.15,73.0,71.15,72.74,72.54,154387,112.08,2026-09-09
IGIL,EQ,320.0,320.0,309.3,311.5,318.1,601837,1876.93,2026-09-09
IGL,EQ,154.0,155.15,151.95,152.92,154.02,978960,1504.83,2026-09-09
IGPL,EQ,587.95,587.95,555.0,557.2,584.55,102555,578.6,2026-09-09
IIFL,EQ,626.0,628.05,602.25,605.15,628.0,4680660,28611.39,2026-09-09
IIFLCAPS,EQ,340.7,341.2,337.6,338.05,339.4,492702,1668.22,2026-09-09
IITL,EQ,150.99,150.99,145.25,147.09,149.88,95334,141.05,2026-09-09
IKIO,EQ,219.73,228.78,218.12,219.94,219.73,697005,1549.58,2026-09-09
IKS,EQ,1789.0,1849.0,1762.7,1792.1,1780.0,206160,3719.73,2026-09-09
IMAGICAA,EQ,54.5,55.59,53.25,54.8,54.43,1005224,547.26,2026-09-09
IMFA,EQ,1300.0,1313.2,1288.0,1301.2,1306.7,78027,1014.56,2026-09-09
IMPAL,EQ,1132.4,1154.9,1120.0,1128.7,1151.5,4177,47.35,2026-09-09
INA,EQ,94.0,94.0,90.5,90.72,93.12,446968,410.23,2026-09-09
INCREDIBLE,EQ,31.78,32.37,31.22,32.17,31.78,2141,0.68,2026-09-09
INDBANK,EQ,27.7,28.1,26.4,26.61,27.69,179876,48.6,2026-09-09
INDGN,EQ,589.2,591.0,580.85,586.35,589.2,239296,1400.93,2026-09-09
INDHOTEL,EQ,716.15,723.25,715.0,722.75,720.0,853702,6150.04,2026-09-09
INDIACEM,EQ,354.0,354.95,350.5,351.55,353.45,36593,128.78,2026-09-09
INDIAMART,EQ,1684.0,1697.2,1670.0,1671.9,1684.5,45330,760.14,2026-09-09
INDIANB,EQ,858.95,866.7,850.55,856.65,859.9,1463841,12553.99,2026-09-09
INDIANCARD,EQ,218.57,218.57,212.6,216.81,218.81,791,1.7,2026-09-09
INDIANHUME,EQ,393.9,394.2,376.4,379.55,388.9,45110,173.48,2026-09-09
INDIASHLTR,EQ,670.95,675.2,658.0,668.2,671.7,181931,1212.12,2026-09-09
INDIGO,EQ,4950.0,5009.0,4950.0,4975.0,5000.0,443075,22082.0,2026-09-09
INDIGOPNTS,EQ,1136.9,1136.9,1105.0,1111.2,1140.3,55897,623.78,2026-09-09
INDIQUBE,EQ,202.93,206.96,195.27,204.34,205.09,37014,75.3,2026-09-09
INDNIPPON,EQ,1120.1,1346.7,1111.2,1313.3,1122.3,1613322,20564.93,2026-09-09
INDOBORAX,EQ,514.4,522.0,510.0,510.95,511.05,92970,479.59,2026-09-09
INDOCO,EQ,242.0,246.29,229.5,231.18,244.25,569994,1338.37,2026-09-09
INDOFARM,EQ,143.5,144.95,139.0,144.18,144.16,162637,231.1,2026-09-09
INDOKEM,EQ,630.0,632.0,615.5,623.45,627.4,2754,17.17,2026-09-09
INDOMIM,EQ,968.95,998.0,947.75,984.55,968.95,1874991,18184.53,2026-09-09
INDORAMA,EQ,75.3,88.2,72.76,86.13,74.98,7613089,6340.25,2026-09-09
INDOSTAR,EQ,251.0,254.29,245.62,247.49,251.29,126856,316.48,2026-09-09
INDOTECH,EQ,3756.0,3756.0,3650.1,3657.9,3696.8,8701,319.82,2026-09-09
INDOTHAI,EQ,41.37,41.37,41.37,41.37,39.4,56636,23.43,2026-09-09
INDOUS,EQ,81.33,81.33,78.0,80.25,78.85,18722,14.97,2026-09-09
INDOWIND,EQ,8.86,9.06,8.86,9.02,8.85,113384,10.23,2026-09-09
INDPRUD,EQ,6270.0,6270.0,6164.5,6164.5,6210.0,45,2.78,2026-09-09
INDRAMEDCO,EQ,352.0,362.0,352.0,360.2,355.15,217284,780.32,2026-09-09
INDSWFTLAB,EQ,389.7,404.0,381.35,388.55,388.3,704593,2754.89,2026-09-09
INDTERRAIN,EQ,30.45,30.74,29.02,29.34,30.3,30788,9.08,2026-09-09
INDUSINDBK,EQ,994.0,1010.0,994.0,1004.0,997.7,996411,9995.85,2026-09-09
INDUSTOWER,EQ,371.75,376.45,369.75,373.7,373.05,1765333,6581.4,2026-09-09
INFOBEAN,EQ,159.8,159.8,155.0,155.56,158.61,250394,390.84,2026-09-09
INFOMEDIA,EQ,5.5,5.5,5.25,5.46,5.53,6918,0.37,2026-09-09
INFRA,EQ,12.31,12.31,11.99,12.01,12.01,24842,2.99,2026-09-09
INFRABEES,EQ,947.27,949.26,941.41,944.32,947.27,12145,114.92,2026-09-09
INFRAIETF,EQ,94.46,94.7,93.32,93.91,94.76,700571,659.66,2026-09-09
INFY,EQ,1059.0,1059.0,1026.5,1035.0,1082.0,13530457,140483.86,2026-09-09
INGERRAND,EQ,4760.0,4825.0,4667.7,4693.5,4741.7,19820,936.1,2026-09-09
INNOVACAP,EQ,1200.0,1200.0,1167.0,1188.7,1171.8,84136,996.61,2026-09-09
INNOVANA,EQ,298.75,309.95,295.05,303.2,300.55,91112,275.93,2026-09-09
INNOVISION,EQ,268.0,296.45,265.0,280.3,252.0,1409333,4012.82,2026-09-09
INOXGREEN,EQ,174.0,177.1,170.97,175.76,174.42,1869097,3272.83,2026-09-09
INOXINDIA,EQ,2208.1,2235.9,2174.9,2185.5,2215.9,100850,2214.14,2026-09-09
INOXWIND,EQ,75.5,77.62,75.5,77.39,75.71,18491767,14191.58,2026-09-09
INSECTICID,EQ,603.8,634.9,601.15,623.6,610.2,36377,227.28,2026-09-09
INSPIRISYS,EQ,92.0,92.0,86.0,88.68,90.52,10044,8.76,2026-09-09
INSUREIETF,EQ,14.96,14.96,14.67,14.72,14.98,233503,34.38,2026-09-09
INTELLECT,EQ,693.6,696.25,679.5,684.9,691.8,349339,2394.62,2026-09-09
INTENTECH,EQ,79.2,80.4,78.55,78.96,79.66,9042,7.19,2026-09-09
INTERARCH,EQ,1759.9,1788.0,1725.0,1761.0,1753.5,69673,1226.79,2026-09-09
INTERNET,EQ,14.59,14.68,14.52,14.63,14.6,64335,9.39,2026-09-09
INTLCONV,EQ,79.58,79.58,75.05,76.96,79.61,88078,67.86,2026-09-09
INVENTURE,EQ,0.92,0.94,0.9,0.91,0.92,958648,8.79,2026-09-09
IOB,EQ,33.43,33.43,32.92,32.98,33.34,1407092,465.57,2026-09-09
IOC,EQ,133.3,136.14,133.06,135.6,134.35,5297849,7155.9,2026-09-09
IOLCP,EQ,210.63,216.4,206.55,209.29,210.98,4527415,9549.78,2026-09-09
IONEXCHANG,EQ,430.0,444.0,429.0,437.45,431.75,786019,3445.2,2026-09-09
IPCALAB,EQ,1956.0,1983.5,1948.0,1963.6,1967.2,126119,2476.36,2026-09-09
IPL,EQ,134.65,136.98,133.52,136.06,134.65,87601,118.53,2026-09-09
IPRINGLTD,EQ,155.0,167.78,152.5,153.39,155.0,4748,7.55,2026-09-09
IRB,EQ,19.19,19.24,19.05,19.07,19.25,5123857,979.08,2026-09-09
IRCON,EQ,116.53,117.45,115.0,115.08,116.89,1372933,1592.04,2026-09-09
IRCTC,EQ,471.95,475.0,469.0,469.5,472.45,687597,3235.34,2026-09-09
IREDA,EQ,111.62,112.69,111.62,111.99,112.2,2500536,2803.21,2026-09-09
IRFC,EQ,81.9,82.4,81.12,81.39,82.0,6686837,5468.1,2026-09-09
IRIS,EQ,257.8,257.8,249.83,253.91,254.67,16457,41.62,2026-09-09
IRISDOREME,EQ,62.03,62.58,60.61,61.3,61.62,528736,325.24,2026-09-09
IRMENERGY,EQ,282.3,285.85,281.0,282.85,282.25,58949,166.96,2026-09-09
ISFT,EQ,82.88,84.17,80.75,82.55,82.34,123639,100.76,2026-09-09
ISGEC,EQ,782.4,790.0,774.55,784.55,782.4,16428,128.93,2026-09-09
ISHANCH,EQ,44.89,45.48,43.41,44.82,44.32,22626,10.15,2026-09-09
ISTLTD,EQ,651.8,670.0,642.0,663.65,651.8,938,6.19,2026-09-09
IT,EQ,33.19,33.19,32.01,32.13,33.27,1033397,333.14,2026-09-09
ITADD,EQ,31.74,31.79,30.6,30.68,31.79,50953,15.68,2026-09-09
ITAXIS,EQ,325.0,328.55,318.25,319.85,329.35,6063,19.41,2026-09-09
ITBEES,EQ,34.1,34.1,32.06,32.15,33.27,21960305,7084.83,2026-09-09
ITBETA,EQ,310.0,310.0,304.06,305.6,315.0,2381,7.27,2026-09-09
ITC,EQ,263.65,264.5,260.2,260.8,263.5,10065188,26367.58,2026-09-09
ITCHOTELS,EQ,156.65,157.04,155.01,155.31,156.84,1636514,2551.14,2026-09-09
ITDC,EQ,634.1,636.4,627.1,629.65,638.2,40153,253.37,2026-09-09
ITETF,EQ,31.73,31.73,30.56,30.64,31.7,887118,272.77,2026-09-09
ITI,EQ,269.0,270.0,266.95,267.45,270.2,79954,214.21,2026-09-09
ITIETF,EQ,33.12,33.12,32.06,32.18,33.24,942508,304.05,2026-09-09
ITL,EQ,363.0,375.0,363.0,364.1,369.65,1725,6.29,2026-09-09
IVALUE,EQ,234.55,237.2,232.1,233.71,235.31,80752,189.34,2026-09-09
IVC,EQ,10.14,10.14,9.9,9.97,10.02,386088,38.52,2026-09-09
IVZBANKNF,EQ,56.49,56.51,56.39,56.42,56.8,650,0.37,2026-09-09
IVZINGOLD,EQ,132.9,133.4,131.5,132.35,132.9,9533,12.6,2026-09-09
IVZINNIFTY,EQ,270.47,270.92,269.37,269.92,271.87,238,0.64,2026-09-09
IVZSENSEX,EQ,77.27,77.27,74.89,75.06,75.81,4373,3.28,2026-09-09
IWP,EQ,35.04,35.4,34.0,34.49,34.7,4628,1.61,2026-09-09
IXIGO,EQ,169.96,171.37,165.28,167.54,169.96,1901710,3177.38,2026-09-09
IZMO,EQ,933.8,933.8,907.0,912.3,927.15,83938,768.03,2026-09-09
J&KBANK,EQ,147.88,147.88,145.0,145.81,147.03,1426459,2083.19,2026-09-09
JAGRAN,EQ,62.54,62.74,61.97,62.35,62.54,154323,96.15,2026-09-09
JAGSNPHARM,EQ,236.0,239.38,229.02,235.39,237.72,69845,164.7,2026-09-09
JAIBALAJI,EQ,67.82,69.75,67.82,68.7,67.86,760934,523.48,2026-09-09
JAICORPLTD,EQ,98.0,98.97,97.18,97.5,98.3,209651,204.98,2026-09-09
JAINREC,EQ,294.0,302.55,294.0,295.85,296.55,1263717,3762.2,2026-09-09
JAIPURKURT,EQ,25.73,25.75,24.4,24.65,25.71,37656,9.39,2026-09-09
JAMNAAUTO,EQ,129.9,131.19,126.49,128.93,128.92,1789554,2301.61,2026-09-09
JARO,EQ,440.2,440.95,436.5,437.95,441.4,100093,439.35,2026-09-09
JASH,EQ,522.8,528.0,513.8,518.75,518.7,167761,873.64,2026-09-09
JAYAGROGN,EQ,254.0,265.0,248.0,256.9,249.04,140900,363.08,2026-09-09
JAYBARMARU,EQ,116.1,119.79,114.35,117.28,116.5,224099,263.86,2026-09-09
JAYKAY,EQ,160.49,173.5,159.55,168.94,159.87,1531650,2605.68,2026-09-09
JAYNECOIND,EQ,90.05,92.39,90.05,91.36,90.68,3291186,3011.18,2026-09-09
JAYSREETEA,EQ,95.0,95.8,93.93,94.88,94.41,48714,46.08,2026-09-09
JBMA,EQ,617.15,618.9,611.55,614.25,615.35,158453,974.28,2026-09-09
JENBURPH,EQ,1052.5,1052.9,1021.2,1023.7,1039.9,1113,11.4,2026-09-09
JETFREIGHT,EQ,20.25,20.72,19.9,20.11,20.24,128937,26.03,2026-09-09
JGCHEM,EQ,612.45,631.0,601.05,619.5,611.2,521969,3229.24,2026-09-09
JHS,EQ,8.25,8.4,7.66,8.11,7.97,47340,3.87,2026-09-09
JINDALPHOT,EQ,1021.0,1025.6,1009.6,1019.2,1015.5,628,6.38,2026-09-09
JINDALPOLY,EQ,677.0,699.0,670.1,675.7,683.8,9912,67.42,2026-09-09
JINDALSAW,EQ,306.7,315.3,305.2,311.7,307.6,1991399,6183.56,2026-09-09
JINDALSTEL,EQ,1139.6,1158.0,1130.6,1146.5,1136.3,590734,6773.03,2026-09-09
JINDRILL,EQ,675.05,693.0,666.1,673.75,678.0,656825,4464.97,2026-09-09
JINDWORLD,EQ,55.02,57.2,53.61,55.44,55.53,40892474,22738.14,2026-09-09
JIOFIN,EQ,232.5,232.97,230.63,231.0,233.15,10774282,24936.81,2026-09-09
JISLDVREQS,EQ,21.97,21.97,21.05,21.54,21.7,23848,5.14,2026-09-09
JISLJALEQS,EQ,31.0,31.0,30.27,30.51,31.12,1453828,444.45,2026-09-09
JITFINFRA,EQ,309.7,309.7,301.25,304.95,306.5,8268,25.29,2026-09-09
JKCEMENT,EQ,5009.0,5070.0,4960.0,4990.5,4990.5,34112,1706.33,2026-09-09
JKIL,EQ,488.6,490.0,480.35,483.55,488.6,37410,181.6,2026-09-09
JKIPL,EQ,96.34,96.89,92.25,93.63,96.5,18691,17.62,2026-09-09
JKLAKSHMI,EQ,497.85,500.9,495.2,499.2,498.75,56131,280.0,2026-09-09
JKPAPER,EQ,418.9,418.9,406.8,408.85,415.3,353280,1453.14,2026-09-09
JKTYRE,EQ,364.4,364.75,355.5,356.25,364.1,661061,2365.13,2026-09-09
JLHL,EQ,283.45,287.0,280.0,282.0,283.35,51216,145.01,2026-09-09
JMA,EQ,90.0,101.0,89.15,97.14,89.14,165983,161.54,2026-09-09
JMFINANCIL,EQ,128.5,128.57,125.7,126.73,128.47,1812839,2300.77,2026-09-09
JNKINDIA,EQ,445.0,445.0,428.05,430.85,440.5,58816,255.35,2026-09-09
JNPR,EQ,261.1,262.9,257.0,260.5,264.1,500085,1301.4,2026-09-09
JOCIL,EQ,163.99,164.0,145.26,152.29,164.29,30735,46.99,2026-09-09
JPOLYINVST,EQ,992.1,997.95,988.0,994.05,994.45,2455,24.38,2026-09-09
JPPOWER,EQ,16.49,16.81,16.35,16.4,16.49,35108812,5816.58,2026-09-09
JSFB,EQ,540.0,542.25,528.7,533.95,539.8,268255,1437.84,2026-09-09
JSL,EQ,739.0,794.0,731.0,783.3,738.75,6366585,49589.25,2026-09-09
JSLL,EQ,505.45,512.25,499.9,506.2,505.45,523561,2649.18,2026-09-09
JSWCEMENT,EQ,120.7,121.45,120.41,120.7,121.62,1069054,1293.94,2026-09-09
JSWDULUX,EQ,3184.4,3200.0,3140.1,3179.2,3174.4,37589,1192.37,2026-09-09
JSWENERGY,EQ,526.5,541.7,521.5,534.8,526.5,2167753,11617.74,2026-09-09
JSWHL,EQ,11466.0,11466.0,11300.0,11344.0,11466.0,877,99.58,2026-09-09
JSWINFRA,EQ,330.15,343.45,329.1,341.4,332.0,5359382,18107.28,2026-09-09
JSWSTEEL,EQ,1303.9,1313.0,1290.1,1310.0,1297.3,1484708,19366.71,2026-09-09
JTEKTINDIA,EQ,120.15,122.0,120.0,121.26,121.28,124349,150.29,2026-09-09
JTLIND,EQ,90.04,90.04,85.7,87.8,89.55,3517545,3095.23,2026-09-09
JUBLCPL,EQ,2192.0,2223.3,2170.0,2191.1,2177.8,2958,65.12,2026-09-09
JUBLFOOD,EQ,477.1,479.25,473.0,475.95,480.4,712724,3391.63,2026-09-09
JUBLINGREA,EQ,672.3,678.1,656.5,672.75,675.3,379943,2535.15,2026-09-09
JUBLPHARMA,EQ,1000.0,1023.5,989.05,1019.0,997.75,452808,4577.44,2026-09-09
JUNIORBEES,EQ,771.84,791.99,771.84,789.37,787.59,239411,1890.25,2026-09-09
JUNIPER,EQ,217.37,217.37,212.84,213.41,215.75,120641,258.07,2026-09-09
JUSTDIAL,EQ,688.3,688.85,672.2,678.45,694.25,149701,1015.47,2026-09-09
JWL,EQ,244.0,245.4,240.5,241.01,242.41,491937,1191.53,2026-09-09
JYOTHYLAB,EQ,195.0,196.3,191.24,195.1,194.59,516334,1003.57,2026-09-09
JYOTICNC,EQ,1030.35,1055.0,1005.0,1009.05,1037.2,510588,5217.06,2026-09-09
JYOTIRES,EQ,868.85,877.0,858.05,865.45,873.95,5254,45.44,2026-09-09
JYOTISTRUC,EQ,10.47,10.47,10.0,10.08,10.42,4126612,421.58,2026-09-09
KABRAEXTRU,EQ,656.45,678.95,636.15,662.95,656.45,233277,1540.4,2026-09-09
KAJARIACER,EQ,1248.9,1248.9,1234.3,1239.2,1250.2,80907,1002.93,2026-09-09
KAKATCEM,EQ,111.05,111.05,110.0,110.97,111.14,416,0.46,2026-09-09
KALAMANDIR,EQ,85.3,85.74,84.01,84.92,85.37,518967,439.33,2026-09-09
KALPATARU,EQ,272.2,273.2,263.25,266.35,272.15,47149,126.35,2026-09-09
KALYANKJIL,EQ,612.6,617.9,603.3,607.6,612.6,7297816,44554.08,2026-09-09
KAMAHOLD,EQ,2318.8,2327.9,2289.0,2297.5,2318.7,5094,117.26,2026-09-09
KAMANWALA,EQ,16.5,16.5,16.0,16.0,16.5,10891,1.79,2026-09-09
KAMATHOTEL,EQ,230.0,233.0,223.94,226.46,232.18,131332,299.45,2026-09-09
KAMOPAINTS,EQ,4.4,4.54,4.4,4.49,4.45,180943,8.1,2026-09-09
KANANIIND,EQ,1.54,1.54,1.5,1.5,1.53,135257,2.05,2026-09-09
KANCHI,EQ,404.9,415.0,390.3,405.5,403.95,2531,10.2,2026-09-09
KANCOTEA,EQ,56.0,56.0,55.95,55.95,55.89,202,0.11,2026-09-09
KANPRPLA,EQ,243.0,253.7,239.0,251.4,242.1,24441,60.32,2026-09-09
KANSAINER,EQ,191.26,192.56,187.03,191.2,193.4,343629,653.0,2026-09-09
KAPSTON,EQ,570.0,572.7,563.0,564.3,573.65,22942,129.97,2026-09-09
KARMAENG,EQ,37.18,37.89,37.18,37.82,37.18,713,0.27,2026-09-09
KARURVYSYA,EQ,342.4,343.8,337.8,340.6,341.15,847197,2888.12,2026-09-09
KAVDEFENCE,EQ,64.5,67.83,62.2,63.19,64.62,283464,181.84,2026-09-09
KAYNES,EQ,3624.0,3650.7,3587.5,3615.0,3610.0,446465,16138.45,2026-09-09
KCP,EQ,161.85,162.44,160.52,161.91,162.11,60961,98.51,2026-09-09
KDDL,EQ,3965.0,4000.0,3875.5,3912.2,3965.7,47930,1897.07,2026-09-09
KDGREEN,EQ,47.0,50.31,46.37,50.01,47.36,109479,53.17,2026-09-09
KEC,EQ,406.0,417.9,389.15,393.2,405.7,2065963,8328.92,2026-09-09
KECL,EQ,120.95,125.53,120.6,122.64,121.14,87809,107.32,2026-09-09
KEEPLEARN,EQ,1.91,2.02,1.83,1.93,1.91,29739,0.57,2026-09-09
KEI,EQ,4722.0,4738.0,4610.0,4669.5,4697.5,773204,35984.55,2026-09-09
KELLTONTEC,EQ,13.78,13.84,13.55,13.65,13.69,1101373,150.67,2026-09-09
KENNAMET,EQ,4691.7,4880.0,4544.8,4746.7,4654.4,45818,2175.39,2026-09-09
KERNEX,EQ,1730.0,1754.9,1706.0,1716.2,1732.0,200570,3454.56,2026-09-09
KEYFINSERV,EQ,252.0,256.4,245.25,247.4,250.25,421,1.06,2026-09-09
KFINTECH,EQ,920.5,921.85,907.7,908.0,925.1,539427,4926.4,2026-09-09
KHAICHEM,EQ,52.3,53.48,52.28,52.97,52.83,110462,58.32,2026-09-09
KHAITANLTD,EQ,161.0,163.9,158.0,162.87,160.99,3223,5.22,2026-09-09
KHANDSE,EQ,18.4,18.4,17.01,17.7,18.2,1179,0.21,2026-09-09
KICL,EQ,5106.0,5134.5,5001.0,5021.5,5144.0,1227,62.02,2026-09-09
KIMS,EQ,764.5,781.65,759.35,761.55,764.5,481002,3700.52,2026-09-09
KINGFA,EQ,6070.5,6187.0,5975.0,6157.5,6037.0,23001,1401.73,2026-09-09
KIOCL,EQ,376.5,378.45,372.35,373.75,377.1,54759,205.35,2026-09-09
KIRANVYPAR,EQ,200.0,206.0,194.0,204.87,203.33,5835,11.98,2026-09-09
KIRIINDUS,EQ,596.05,600.5,546.6,550.75,588.1,2378104,13625.34,2026-09-09
KIRLFER,EQ,464.15,475.7,455.1,467.25,459.9,690407,3220.99,2026-09-09
KIRLOSBROS,EQ,1853.3,1862.5,1836.6,1850.2,1853.3,18090,334.77,2026-09-09
KIRLOSENG,EQ,2281.0,2317.1,2198.0,2219.9,2272.8,438855,9889.1,2026-09-09
KIRLOSIND,EQ,3670.2,3671.8,3606.3,3634.1,3677.6,3267,118.94,2026-09-09
KIRLPNU,EQ,741.8,749.85,724.0,724.85,745.0,133312,975.83,2026-09-09
KISSHT,EQ,329.0,333.5,321.5,322.85,331.0,1050580,3437.1,2026-09-09
KITEX,EQ,127.1,127.37,125.2,126.68,127.1,262578,331.57,2026-09-09
KJMCFIN,EQ,62.5,63.97,62.0,62.64,62.54,285,0.18,2026-09-09
KKCL,EQ,496.9,516.0,496.9,513.55,501.5,35975,184.11,2026-09-09
KLBRENG-B,EQ,459.0,479.0,450.25,466.4,459.7,326009,1522.73,2026-09-09
KMCSHIL,EQ,138.47,139.2,135.0,138.25,137.59,71949,99.21,2026-09-09
KMEW,EQ,2986.0,3037.7,2930.0,2964.0,2985.6,67251,2011.06,2026-09-09
KMSUGAR,EQ,30.25,30.4,29.61,29.67,30.31,149192,44.38,2026-09-09
KNACK,EQ,183.91,186.04,180.8,182.1,183.91,778843,1423.64,2026-09-09
KNAGRI,EQ,202.0,204.2,195.1,198.21,202.25,5602,11.17,2026-09-09
KNRCON,EQ,119.6,124.5,118.51,122.9,119.72,1894420,2314.98,2026-09-09
KOHINOOR,EQ,31.5,31.74,30.5,30.87,31.41,204820,63.25,2026-09-09
KOKUYOCMLN,EQ,78.4,79.95,78.2,78.9,79.04,19650,15.46,2026-09-09
KOLTEPATIL,EQ,441.95,451.9,431.15,442.8,441.95,92288,405.96,2026-09-09
KOPRAN,EQ,237.41,238.9,231.39,234.37,239.51,363944,855.13,2026-09-09
KOTAKBANK,EQ,418.2,420.65,413.95,414.0,419.25,10886349,45226.21,2026-09-09
KOTHARIPET,EQ,142.7,150.75,141.76,148.9,144.29,251482,371.25,2026-09-09
KOTHARIPRO,EQ,67.4,68.19,66.0,66.5,66.43,5918,3.96,2026-09-09
KOTIC,EQ,139.9,141.0,134.2,135.54,136.63,5193,7.16,2026-09-09
KOVAI,EQ,6108.0,6188.0,6099.0,6149.5,6107.0,6798,418.09,2026-09-09
KPEL,EQ,238.09,241.5,231.5,232.83,235.88,384870,909.9,2026-09-09
KPIGREEN,EQ,294.05,300.35,291.0,291.55,292.05,808169,2387.26,2026-09-09
KPIL,EQ,1399.5,1415.0,1385.1,1408.5,1397.5,132395,1852.95,2026-09-09
KPITTECH,EQ,558.3,559.25,551.25,553.1,562.0,1160555,6435.16,2026-09-09
KPL,EQ,3678.9,3798.9,3552.5,3577.0,3661.4,42952,1568.45,2026-09-09
KPRMILL,EQ,1148.9,1158.8,1128.3,1140.3,1135.0,239559,2729.14,2026-09-09
KRBL,EQ,434.45,444.6,428.15,434.45,431.05,688251,3003.33,2026-09-09
KREBSBIO,EQ,57.4,66.66,57.4,60.14,56.73,133291,83.06,2026-09-09
KRIDHANINF,EQ,2.01,2.05,1.96,2.0,1.97,76574,1.53,2026-09-09
KRISHANA,EQ,182.99,184.5,174.28,181.93,183.03,1650580,2957.56,2026-09-09
KRISHIVAL,EQ,419.05,419.05,414.5,417.65,418.0,38015,158.02,2026-09-09
KRISHNADEF,EQ,1120.2,1136.3,1080.0,1087.2,1111.6,79580,878.09,2026-09-09
KRITI,EQ,64.35,64.35,60.6,60.95,61.27,16043,9.91,2026-09-09
KRITIKA,EQ,5.33,5.46,5.33,5.37,5.32,179616,9.67,2026-09-09
KRITINUT,EQ,83.8,84.0,81.15,82.05,82.14,11043,9.08,2026-09-09
KRN,EQ,1668.6,1687.0,1586.0,1597.3,1660.2,186811,3008.67,2026-09-09
KROSS,EQ,211.0,220.9,208.91,219.67,211.28,793389,1721.07,2026-09-09
KRSNAA,EQ,546.0,565.0,542.55,560.95,546.15,114869,641.61,2026-09-09
KRYSTAL,EQ,658.0,667.65,629.9,634.25,663.95,22132,141.3,2026-09-09
KSB,EQ,824.05,828.0,804.7,806.7,824.05,106837,868.82,2026-09-09
KSCL,EQ,729.0,730.4,720.0,722.05,728.5,53257,386.0,2026-09-09
KSE,EQ,181.99,181.99,176.11,177.85,178.95,14563,25.94,2026-09-09
KSHINTL,EQ,1190.2,1198.0,1128.5,1152.05,1176.75,300648,3477.38,2026-09-09
KSHITIJPOL,EQ,3.62,3.76,3.44,3.44,3.62,1924521,67.52,2026-09-09
KSL,EQ,906.0,925.0,901.4,910.4,907.8,61181,560.03,2026-09-09
KSOLVES,EQ,265.0,271.8,265.0,269.45,268.2,27480,73.86,2026-09-09
KSR,EQ,38.1,39.19,36.53,39.19,37.33,164524,64.09,2026-09-09
KTKBANK,EQ,334.2,335.7,330.0,331.25,334.25,1849893,6149.92,2026-09-09
KUANTUM,EQ,77.93,78.44,75.0,75.61,77.92,76052,57.97,2026-09-09
KUSUMGAR,EQ,565.1,573.95,562.25,564.15,565.8,142624,809.74,2026-09-09
KWIL,EQ,41.07,41.45,40.33,40.84,41.48,7073441,2884.89,2026-09-09
LADDERUP,EQ,45.85,54.22,45.85,51.61,45.19,11637,6.0,2026-09-09
LAGNAM,EQ,75.99,76.0,73.0,74.53,74.51,3263,2.43,2026-09-09
LAHOTIOV,EQ,41.04,42.59,41.04,41.37,41.38,7847,3.27,2026-09-09
LAKSHMIMIL,EQ,7979.5,7979.5,7800.0,7800.0,7998.5,5,0.39,2026-09-09
LAL,EQ,8.93,9.97,8.65,9.1,8.93,67995,6.36,2026-09-09
LALITHAA,EQ,320.0,339.95,319.95,334.45,318.75,16094330,53826.4,2026-09-09
LALPATHLAB,EQ,1905.2,1962.0,1901.2,1919.7,1912.5,205022,3956.52,2026-09-09
LAMBODHARA,EQ,138.01,139.95,134.0,134.12,138.7,5480,7.4,2026-09-09
LANCER,EQ,12.55,13.0,12.5,12.65,12.62,376947,48.07,2026-09-09
LANDMARK,EQ,494.35,505.95,487.2,491.5,497.95,55947,276.49,2026-09-09
LANDSMILL,EQ,0.59,0.59,0.55,0.56,0.58,2833931,16.19,2026-09-09
LAOPALA,EQ,170.59,170.97,166.81,167.46,169.92,103970,175.08,2026-09-09
LARGEMID50,EQ,36.69,36.69,35.85,35.9,36.14,1823,0.66,2026-09-09
LASA,EQ,6.71,6.71,6.45,6.52,6.69,46913,3.1,2026-09-09
LASERPOWER,EQ,304.0,307.45,295.3,296.65,305.3,697253,2088.05,2026-09-09
LATENTVIEW,EQ,258.05,263.35,254.5,260.15,258.05,484772,1255.76,2026-09-09
LATTEYS,EQ,21.25,21.8,21.05,21.52,21.15,31941,6.86,2026-09-09
LAURUSLABS,EQ,1946.9,1955.0,1917.9,1937.0,1946.9,1822218,35281.94,2026-09-09
LAXMICOT,EQ,13.32,13.69,12.62,13.16,13.03,10359,1.36,2026-09-09
LAXMIDENTL,EQ,197.17,201.79,195.68,201.14,199.25,102202,203.92,2026-09-09
LAXMIINDIA,EQ,130.0,135.2,127.25,132.05,129.99,426097,561.39,2026-09-09
LCCINFOTEC,EQ,3.9,3.9,3.5,3.54,3.73,148243,5.28,2026-09-09
LCL,EQ,556.3,562.9,539.0,544.7,555.8,383959,2097.86,2026-09-09
LEAPIND,EQ,149.79,149.79,143.8,144.91,148.26,1589038,2318.46,2026-09-09
LEMERITE,EQ,21.0,21.7,20.4,21.26,20.67,211782,44.34,2026-09-09
LEMONTREE,EQ,105.13,106.86,105.13,106.17,105.73,3466400,3677.64,2026-09-09
LENSKART,EQ,695.0,697.5,681.0,693.9,695.75,7262193,50224.31,2026-09-09
LEXUS,EQ,13.8,13.8,13.07,13.35,13.47,9261,1.25,2026-09-09
LFIC,EQ,139.99,166.98,139.65,152.52,139.65,189187,299.31,2026-09-09
LGBBROSLTD,EQ,1749.0,1749.0,1714.1,1729.7,1736.7,22866,396.28,2026-09-09
LGEINDIA,EQ,1668.6,1673.0,1640.4,1647.8,1672.2,285259,4728.16,2026-09-09
LGHL,EQ,177.31,177.31,169.81,172.23,175.21,7819,13.58,2026-09-09
LIBAS,EQ,10.34,10.34,9.91,9.99,9.99,9534,0.96,2026-09-09
LIBERTSHOE,EQ,231.98,240.88,226.81,233.05,226.85,47059,110.01,2026-09-09
LICHSGFIN,EQ,560.0,564.75,550.45,555.0,563.0,2616014,14572.09,2026-09-09
LICI,EQ,410.0,410.95,406.55,407.5,410.75,5491468,22416.58,2026-09-09
LICMFGOLD,EQ,135.2,137.7,135.2,136.9,137.2,381839,523.09,2026-09-09
LICNETFGSC,EQ,29.38,29.38,29.31,29.37,29.38,1812,0.53,2026-09-09
LICNETFN50,EQ,263.93,265.25,263.93,264.24,266.6,159,0.42,2026-09-09
LICNETFSEN,EQ,851.92,852.79,847.51,849.25,858.9,214,1.82,2026-09-09
LICNFNHGP,EQ,271.8,277.23,269.7,274.86,272.42,2136,5.86,2026-09-09
LICNMID100,EQ,63.26,63.5,62.52,62.77,63.65,7891,4.96,2026-09-09
LIKHITHA,EQ,201.93,230.4,201.9,221.61,203.77,1147269,2580.98,2026-09-09
LINC,EQ,100.0,100.0,96.1,98.1,98.31,10519,10.31,2026-09-09
LINCOLN,EQ,639.9,642.9,632.35,637.5,639.8,31329,199.74,2026-09-09
LINDEINDIA,EQ,6401.0,6458.5,6322.0,6352.5,6380.0,45955,2942.35,2026-09-09
LIQGRWBEES,EQ,1054.8,1054.82,1054.8,1054.8,1054.68,17440,183.96,2026-09-09
LIQUID,EQ,999.99,1000.0,999.99,999.99,999.99,178482,1784.81,2026-09-09
LIQUID1,EQ,1121.86,1121.86,1121.7,1121.84,1121.7,1252433,14050.29,2026-09-09
LIQUIDADD,EQ,1143.89,1143.92,1143.89,1143.91,1143.76,506393,5792.67,2026-09-09
LIQUIDBEES,EQ,1000.0,1000.01,999.99,999.99,1000.0,2370214,23702.11,2026-09-09
LIQUIDBETA,EQ,1007.41,1007.41,1007.41,1007.41,1007.29,65,0.65,2026-09-09
LIQUIDBETF,EQ,1098.01,1098.03,1098.01,1098.02,1097.89,212223,2330.25,2026-09-09
LIQUIDCASE,EQ,115.83,115.85,115.83,115.83,115.82,14342054,16613.92,2026-09-09
LIQUIDETF,EQ,1000.0,1000.01,999.99,999.99,999.99,263669,2636.69,2026-09-09
LIQUIDIETF,EQ,999.99,1000.01,999.99,999.99,999.99,361471,3614.7,2026-09-09
LIQUIDPLUS,EQ,1102.25,1103.37,1102.25,1102.39,1102.26,309957,3416.95,2026-09-09
LIQUIDSBI,EQ,999.99,1000.01,999.99,999.99,999.99,1758,17.58,2026-09-09
LIQUIDSHRI,EQ,1120.66,1120.68,1120.66,1120.66,1120.55,4249,47.62,2026-09-09
LKPSEC,EQ,14.86,15.9,14.86,15.84,15.35,20009,3.11,2026-09-09
LLOYDSENGG,EQ,81.8,82.47,80.71,81.31,81.81,4107410,3344.33,2026-09-09
LLOYDSENT,EQ,71.03,71.99,70.18,70.43,71.05,1050080,744.37,2026-09-09
LLOYDSME,EQ,1799.0,1822.0,1799.0,1807.6,1799.3,188202,3408.76,2026-09-09
LMW,EQ,18600.0,18600.0,17900.0,18032.0,18603.0,6787,1229.1,2026-09-09
LODHA,EQ,1203.5,1213.3,1161.0,1166.0,1212.0,1560777,18444.62,2026-09-09
LOKESHMACH,EQ,365.0,365.0,351.8,356.85,363.5,27167,97.14,2026-09-09
LORDSCHLO,EQ,139.0,141.4,136.1,139.66,138.23,18982,26.54,2026-09-09
LOTUSCHO,EQ,591.0,603.95,581.7,587.7,590.1,2898,17.02,2026-09-09
LOTUSEYE,EQ,111.98,112.0,110.05,110.96,110.66,4252,4.72,2026-09-09
LOVABLE,EQ,71.9,71.9,69.5,69.62,70.41,8486,5.93,2026-09-09
LOWVOL,EQ,201.64,201.64,200.73,200.73,202.55,482,0.97,2026-09-09
LOWVOL1,EQ,20.85,20.85,20.5,20.58,20.85,415351,85.38,2026-09-09
LOWVOLIETF,EQ,21.7,21.77,21.52,21.57,21.73,4536922,980.55,2026-09-09
LOYALTEX,EQ,218.0,218.0,214.19,215.81,225.39,83,0.18,2026-09-09
LPDC,EQ,6.29,6.45,6.22,6.38,6.29,33202,2.09,2026-09-09
LT,EQ,3935.3,4020.2,3922.6,3922.6,3946.1,2954721,117533.43,2026-09-09
LTF,EQ,307.9,314.4,307.0,310.4,308.3,2989428,9309.66,2026-09-09
LTFOODS,EQ,453.8,458.5,449.15,453.55,455.25,485637,2202.74,2026-09-09
LTGILTBEES,EQ,29.9,29.93,29.88,29.91,29.89,1289785,385.74,2026-09-09
LTGILTCASE,EQ,30.55,30.55,30.4,30.42,30.41,134201,40.85,2026-09-09
LTM,EQ,4399.9,4437.5,4290.0,4412.0,4430.0,1051263,46110.4,2026-09-09
LTTS,EQ,3375.0,3375.0,3326.1,3364.0,3389.1,52404,1760.75,2026-09-09
LUMAXIND,EQ,6188.0,6280.0,6120.0,6214.0,6133.0,10564,656.01,2026-09-09
LUMAXTECH,EQ,1961.5,2007.6,1937.7,1990.6,1955.9,117985,2330.85,2026-09-09
LUMINO,EQ,109.6,110.25,105.41,106.32,108.12,20414218,21879.25,2026-09-09
LUPIN,EQ,2091.0,2120.0,2090.0,2100.0,2104.7,596996,12550.82,2026-09-09
LUXIND,EQ,1130.0,1138.8,1118.1,1122.6,1128.4,14747,166.36,2026-09-09
LXCHEM,EQ,182.81,185.51,177.9,178.56,184.52,1701815,3086.4,2026-09-09
M&M,EQ,3135.3,3151.3,3118.0,3150.0,3160.0,1050769,32991.12,2026-09-09
M&MFIN,EQ,373.5,374.0,362.2,363.75,374.35,2529271,9272.74,2026-09-09
MAANALU,EQ,114.98,116.7,110.5,111.27,114.34,125023,140.51,2026-09-09
MACPOWER,EQ,1884.2,1932.9,1850.0,1863.8,1874.1,28773,545.07,2026-09-09
MADHAV,EQ,36.2,36.2,34.81,34.82,35.84,3836,1.37,2026-09-09
MADHAVIPL,EQ,8.1,8.19,7.92,7.96,8.03,84238,6.79,2026-09-09
MADRASFERT,EQ,64.8,64.8,61.5,63.03,64.37,66282,41.93,2026-09-09
MAFANG,EQ,235.9,258.47,223.0,228.06,234.98,2290776,5601.82,2026-09-09
MAFATIND,EQ,121.77,123.3,120.26,121.6,120.56,19046,23.19,2026-09-09
MAGADSUGAR,EQ,563.0,566.4,553.05,562.2,563.8,10950,61.38,2026-09-09
MAGNUM,EQ,19.1,19.36,18.55,18.99,18.99,24891,4.72,2026-09-09
MAHABANK,EQ,84.78,84.8,83.6,84.56,84.79,11713367,9862.11,2026-09-09
MAHAPEXLTD,EQ,55.03,55.03,50.76,52.53,55.41,61068,31.99,2026-09-09
MAHEPC,EQ,104.18,104.45,102.0,102.14,102.75,8957,9.24,2026-09-09
MAHKTECH,EQ,23.66,23.66,22.6,22.8,23.09,544833,125.68,2026-09-09
MAHLIFE,EQ,364.15,373.0,361.2,370.1,366.15,147985,545.95,2026-09-09
MAHLOG,EQ,410.5,412.75,399.2,401.75,408.85,106299,430.7,2026-09-09
MAHSCOOTER,EQ,13354.0,13500.0,13151.0,13270.0,13267.0,2701,361.27,2026-09-09
MAHSEAMLES,EQ,679.65,683.2,668.7,676.2,680.65,167344,1128.54,2026-09-09
MAITHANALL,EQ,1065.0,1089.9,1035.6,1077.0,1061.2,283553,3031.79,2026-09-09
MAKEINDIA,EQ,165.93,165.93,164.6,165.28,165.46,23943,39.53,2026-09-09
MAKERSL,EQ,184.28,191.0,183.0,184.89,184.63,1305,2.41,2026-09-09
MALLCOM,EQ,980.3,983.45,971.25,977.85,981.65,3467,33.87,2026-09-09
MALUPAPER,EQ,34.75,35.1,34.1,34.81,34.59,20336,7.08,2026-09-09
MAMATA,EQ,428.55,439.95,417.5,419.4,425.7,100223,430.19,2026-09-09
MANAKALUCO,EQ,39.65,39.65,38.5,38.74,39.22,69652,27.11,2026-09-09
MANAKCOAT,EQ,123.0,127.9,123.0,126.42,122.93,707413,890.88,2026-09-09
MANAKSIA,EQ,68.9,68.9,65.74,66.21,67.72,48915,32.67,2026-09-09
MANALIPETC,EQ,90.6,92.0,86.5,87.15,90.08,3298224,2947.55,2026-09-09
MANAPPURAM,EQ,323.0,328.0,312.3,320.0,325.0,6844403,21802.94,2026-09-09
MANBA,EQ,130.92,132.79,129.2,130.16,130.67,108399,142.0,2026-09-09
MANCREDIT,EQ,224.0,224.0,218.24,220.19,221.22,141076,312.07,2026-09-09
MANGALAM,EQ,29.33,31.99,28.51,31.71,29.33,64156,19.82,2026-09-09
MANGLMCEM,EQ,1053.1,1068.0,1034.6,1049.6,1062.5,86283,907.02,2026-09-09
MANINDS,EQ,824.9,826.0,784.15,792.55,821.7,469853,3755.37,2026-09-09
MANINFRA,EQ,128.0,130.98,127.72,128.72,127.75,3598189,4665.09,2026-09-09
MANIPALHOS,EQ,721.3,737.75,719.45,729.95,718.95,1112481,8131.25,2026-09-09
MANKIND,EQ,2305.0,2317.6,2250.0,2265.0,2309.0,266219,6073.5,2026-09-09
MANOMAY,EQ,232.46,235.89,227.38,229.73,232.8,147302,340.09,2026-09-09
MANORAMA,EQ,2132.1,2138.9,2062.5,2093.3,2132.9,166097,3479.68,2026-09-09
MANORG,EQ,498.9,498.9,476.55,480.7,496.75,5184,25.18,2026-09-09
MANUFGBEES,EQ,163.47,163.68,162.02,162.22,162.66,6943,11.32,2026-09-09
MANYAVAR,EQ,575.95,588.9,562.65,581.35,579.55,305840,1764.9,2026-09-09
MAPMYINDIA,EQ,968.8,970.0,951.0,955.2,968.8,82810,793.34,2026-09-09
MARALOVER,EQ,67.1,67.89,62.7,64.79,65.83,35454,22.91,2026-09-09
MARATHON,EQ,447.0,448.3,435.2,436.9,446.35,92861,408.29,2026-09-09
MARICO,EQ,821.85,823.0,808.45,813.9,823.9,2389739,19432.49,2026-09-09
MARINE,EQ,416.8,431.7,416.8,421.05,416.45,483131,2049.68,2026-09-09
MARKOLINES,EQ,178.33,178.37,172.64,173.48,177.17,104732,182.68,2026-09-09
MARKSANS,EQ,336.0,340.0,328.65,330.15,335.9,1784442,5940.61,2026-09-09
MARSONS,EQ,131.0,135.8,129.25,135.08,131.07,2107683,2797.01,2026-09-09
MARUTI,EQ,12609.0,12692.0,12537.0,12618.0,12641.0,534832,67470.13,2026-09-09
MASFIN,EQ,290.15,290.15,282.0,288.9,290.15,375902,1082.03,2026-09-09
MASKINVEST,EQ,141.2,155.29,140.6,153.29,148.0,3699,5.41,2026-09-09
MASPTOP50,EQ,99.43,111.56,95.85,100.76,97.01,2197272,2323.41,2026-09-09
MASTEK,EQ,1654.0,1654.0,1605.0,1623.5,1654.2,133390,2162.69,2026-09-09
MASTERTR,EQ,91.99,96.5,90.64,93.07,92.09,1314880,1232.97,2026-09-09
MATRIMONY,EQ,514.3,528.3,508.0,515.75,516.05,15412,79.62,2026-09-09
MAWANASUG,EQ,141.58,142.11,138.48,139.79,142.51,179141,250.21,2026-09-09
MAXESTATES,EQ,541.65,551.8,531.0,546.1,538.15,63029,340.97,2026-09-09
MAXHEALTH,EQ,992.7,1040.4,992.2,1037.5,993.0,4591285,47342.04,2026-09-09
MAXIND,EQ,147.0,150.84,146.5,148.65,147.22,57870,85.95,2026-09-09
MAYURUNIQ,EQ,750.0,760.0,731.15,735.95,740.55,98651,733.06,2026-09-09
MAZDOCK,EQ,2451.0,2461.2,2395.0,2408.8,2466.4,563605,13633.76,2026-09-09
MBAPL,EQ,164.37,165.3,161.06,162.03,164.37,370774,603.71,2026-09-09
MBEL,EQ,267.7,267.75,263.55,265.15,267.7,44511,118.1,2026-09-09
MBLINFRA,EQ,24.59,24.59,23.05,23.27,23.97,15352,3.62,2026-09-09
MCCHRLS-B,EQ,684.9,684.9,672.0,683.5,670.0,41,0.28,2026-09-09
MCL,EQ,60.0,64.0,58.16,58.95,59.35,300265,185.22,2026-09-09
MCLEODRUSS,EQ,44.96,45.22,44.22,44.54,44.96,230024,102.89,2026-09-09
MCLOUD,EQ,26.0,26.12,25.75,25.94,25.92,914261,236.89,2026-09-09
MCX,EQ,3362.0,3398.0,3323.5,3350.0,3342.0,2174879,73002.93,2026-09-09
MEDANTA,EQ,1432.1,1487.4,1431.8,1480.4,1428.6,565564,8340.12,2026-09-09
MEDIASSIST,EQ,327.0,334.75,326.95,328.65,331.25,82663,271.93,2026-09-09
MEDICAMEQ,EQ,287.65,317.35,280.05,312.9,285.75,364218,1100.59,2026-09-09
MEDICAPQ,EQ,27.72,30.74,26.99,30.74,25.62,101210,30.6,2026-09-09
MEDICO,EQ,39.23,39.24,34.11,35.44,39.28,2383216,860.31,2026-09-09
MEDPLUS,EQ,664.0,677.95,660.9,669.95,663.45,72744,486.25,2026-09-09
MEESHO,EQ,211.4,217.86,210.5,216.7,211.06,17157843,36914.73,2026-09-09
MEGASTAR,EQ,285.0,292.0,280.2,285.1,288.85,3673,10.51,2026-09-09
MEIL,EQ,287.75,289.4,280.25,283.45,286.7,24599,69.62,2026-09-09
MENNPIS,EQ,85.0,85.0,79.21,80.43,84.28,158787,128.4,2026-09-09
MERCANTILE,EQ,25.5,25.75,24.06,24.12,24.72,112840,27.95,2026-09-09
MERCURYEV,EQ,38.94,38.94,37.0,37.83,38.38,463042,176.53,2026-09-09
METAL,EQ,13.61,13.61,13.1,13.51,13.28,2417735,325.76,2026-09-09
METALIETF,EQ,13.4,13.51,13.21,13.44,13.25,7227949,970.1,2026-09-09
METROBRAND,EQ,948.95,961.9,932.3,959.0,948.55,34602,329.66,2026-09-09
METROGLOBL,EQ,139.9,142.95,136.02,142.31,139.9,105,0.15,2026-09-09
METROPOLIS,EQ,582.2,605.0,580.7,602.1,582.2,472099,2814.84,2026-09-09
MFML,EQ,18.69,19.83,18.18,18.38,18.69,1806,0.33,2026-09-09
MFSL,EQ,1497.0,1497.0,1463.0,1468.5,1498.7,802373,11805.59,2026-09-09
MGEL,EQ,15.5,17.0,14.51,15.84,15.5,14242508,2214.27,2026-09-09
MGL,EQ,1101.5,1109.0,1081.0,1084.3,1103.2,156163,1712.78,2026-09-09
MHRIL,EQ,205.45,206.69,199.0,199.36,205.71,258681,520.94,2026-09-09
MID150,EQ,22.89,23.9,22.89,23.4,23.48,15755,3.69,2026-09-09
MID150BEES,EQ,233.04,242.0,233.04,238.02,239.02,580979,1384.07,2026-09-09
MID150CASE,EQ,11.79,11.79,11.55,11.57,11.63,1277038,148.07,2026-09-09
MIDBANKADD,EQ,17.4,17.46,17.4,17.42,17.43,1080,0.19,2026-09-09
MIDCAP,EQ,18.6,18.68,18.34,18.41,18.5,266667,49.12,2026-09-09
MIDCAPADD,EQ,23.03,23.16,23.0,23.1,23.1,7867,1.82,2026-09-09
MIDCAPBETA,EQ,233.26,236.8,231.97,233.03,233.87,774,1.8,2026-09-09
MIDCAPETF,EQ,23.6,23.62,23.43,23.52,23.63,10482815,2467.02,2026-09-09
MIDCAPIETF,EQ,23.86,23.99,23.77,23.86,23.91,493061,117.57,2026-09-09
MIDHANI,EQ,473.85,474.9,454.9,463.8,477.0,5087063,23610.83,2026-09-09
MIDQ50ADD,EQ,24.71,24.71,24.49,24.54,24.92,37381,9.18,2026-09-09
MIDSELIETF,EQ,19.9,19.92,19.7,19.78,19.89,257690,51.02,2026-09-09
MIDSMALL,EQ,51.92,52.0,51.53,51.64,51.97,140549,72.7,2026-09-09
MIDWESTLTD,EQ,1084.2,1084.2,1055.0,1059.1,1078.4,13692,145.15,2026-09-09
MIIL,EQ,709.2,714.95,666.55,688.4,704.6,116329,804.31,2026-09-09
MILKYMIST,EQ,274.94,274.94,262.18,265.56,275.97,8108465,21570.59,2026-09-09
MINDACORP,EQ,710.0,710.35,697.05,700.8,708.3,140743,987.88,2026-09-09
MINDTECK,EQ,165.0,167.09,162.04,162.68,165.0,24891,40.76,2026-09-09
MIRZAINT,EQ,30.5,32.3,30.5,31.28,30.73,202011,63.63,2026-09-09
MITCON,EQ,81.4,88.85,81.4,82.27,80.74,56492,48.1,2026-09-09
MITTAL,EQ,0.88,0.92,0.87,0.88,0.86,1286326,11.48,2026-09-09
MKEXIM,EQ,65.89,66.5,62.57,64.88,64.01,40623,26.39,2026-09-09
MKPL,EQ,4.05,4.05,4.0,4.03,3.99,67490,2.72,2026-09-09
MLKFOOD,EQ,86.0,87.4,82.5,84.97,84.87,1232,1.05,2026-09-09
MMFL,EQ,613.75,628.75,609.4,616.95,615.85,91871,569.64,2026-09-09
MMP,EQ,475.7,483.0,453.0,460.25,478.5,82983,388.21,2026-09-09
MMTC,EQ,63.29,63.62,62.5,62.76,63.19,972735,611.82,2026-09-09
MMWL,EQ,13.99,14.26,13.4,13.83,13.99,42797,5.84,2026-09-09
MNC,EQ,33.18,33.18,32.81,32.89,33.11,75533,24.92,2026-09-09
MOALPHA50,EQ,56.57,56.73,56.18,56.57,56.34,5752,3.25,2026-09-09
MOBANK10,EQ,16.5,16.66,16.48,16.55,16.65,8406,1.39,2026-09-09
MOBIKWIK,EQ,193.87,198.9,192.25,195.3,194.14,671589,1314.36,2026-09-09
MOCAPITAL,EQ,54.52,54.52,53.71,53.99,54.52,471099,254.51,2026-09-09
MODEFENCE,EQ,110.0,110.82,108.4,108.87,109.72,3730401,4070.49,2026-09-09
MODINATUR,EQ,363.0,363.0,345.0,349.1,353.6,3983,14.06,2026-09-09
MODIRUBBER,EQ,126.89,129.4,124.0,125.89,124.72,3150,3.97,2026-09-09
MODIS,EQ,377.05,379.95,370.0,371.45,376.0,18094,67.84,2026-09-09
MODISONLTD,EQ,515.0,522.4,481.0,490.3,499.35,268225,1344.66,2026-09-09
MODTHREAD,EQ,53.9,54.7,53.05,53.91,52.96,3023,1.63,2026-09-09
MOENERGY,EQ,38.4,38.79,38.32,38.7,38.4,154383,59.73,2026-09-09
MOGOLD,EQ,150.6,151.25,148.8,150.25,150.6,21158,31.86,2026-09-09
MOGSEC,EQ,65.69,65.7,65.13,65.14,65.4,315,0.21,2026-09-09
MOHEALTH,EQ,52.6,52.98,51.95,52.14,52.6,56801,29.75,2026-09-09
MOHITE,EQ,2.78,2.84,2.66,2.74,2.71,90916,2.49,2026-09-09
MOHITIND,EQ,24.4,24.8,23.0,23.23,23.5,6998,1.63,2026-09-09
MOIL,EQ,251.69,254.2,250.0,251.95,251.49,587080,1481.36,2026-09-09
MOINFRA,EQ,58.68,59.04,58.39,58.41,58.5,10295,6.03,2026-09-09
MOIPO,EQ,48.88,48.91,48.66,48.81,48.7,3095,1.51,2026-09-09
MOKSH,EQ,9.95,10.99,9.95,10.3,10.0,224126,23.33,2026-09-09
MOL,EQ,66.0,66.0,63.18,63.54,65.82,1003497,646.62,2026-09-09
MOLBIO,EQ,1119.0,1293.5,1111.5,1257.9,1117.5,9414132,117850.1,2026-09-09
MOLDTKPAC,EQ,694.0,699.95,685.15,690.2,697.55,63868,440.84,2026-09-09
MOLOWVOL,EQ,35.7,35.7,35.42,35.59,35.67,2171,0.77,2026-09-09
MOM100,EQ,68.1,68.1,67.36,67.61,67.91,235846,159.62,2026-09-09
MOM30IETF,EQ,32.31,32.31,31.23,31.54,31.53,471630,149.09,2026-09-09
MOM50,EQ,250.2,250.2,245.94,246.16,247.72,14108,34.84,2026-09-09
MOMENTUM,EQ,31.25,31.74,31.03,31.57,31.46,229971,72.61,2026-09-09
MOMENTUM30,EQ,31.2,31.2,30.91,31.15,30.98,676856,210.7,2026-09-09
MOMENTUM50,EQ,55.18,55.18,54.74,54.96,54.92,554699,304.91,2026-09-09
MOMETAL,EQ,13.18,13.9,13.18,13.4,13.18,27345,3.67,2026-09-09
MOMGF,EQ,162.49,162.58,161.3,162.24,161.24,310,0.5,2026-09-09
MOMIDMTM,EQ,64.81,65.0,64.65,64.92,64.87,82906,53.71,2026-09-09
MOMMIDCAP,EQ,13.12,13.17,13.05,13.12,13.09,753302,98.91,2026-09-09
MOMNC,EQ,32.06,32.06,31.86,32.0,32.1,27509,8.8,2026-09-09
MOMOMENTUM,EQ,62.79,63.3,62.51,62.68,62.43,62660,39.39,2026-09-09
MON100,EQ,353.31,354.9,335.16,340.57,344.7,1496649,5221.17,2026-09-09
MON50EQUAL,EQ,32.71,33.33,32.59,32.77,32.84,4858,1.59,2026-09-09
MONARCH,EQ,381.7,381.7,369.9,370.95,382.45,113673,424.39,2026-09-09
MONEXT50,EQ,73.84,74.84,72.62,72.96,72.83,2015,1.47,2026-09-09
MONEYBOXX,EQ,57.0,57.0,44.81,44.81,56.01,349519,163.03,2026-09-09
MONIFTY100,EQ,24.9,24.96,24.62,24.8,24.94,577647,143.01,2026-09-09
MONIFTY500,EQ,24.31,24.31,23.5,23.6,23.72,1387568,327.8,2026-09-09
MONQ50,EQ,198.0,234.92,196.0,213.01,195.77,1928274,4298.63,2026-09-09
MONTECARLO,EQ,562.15,563.8,548.35,553.3,558.5,88323,490.74,2026-09-09
MOOILGAS,EQ,11.25,11.25,11.01,11.08,11.05,8445,0.94,2026-09-09
MOPSE,EQ,99.46,103.0,99.37,99.77,99.46,10786,10.76,2026-09-09
MOQUALITY,EQ,201.26,201.26,197.32,197.32,199.27,1279,2.53,2026-09-09
MOREALTY,EQ,97.0,97.0,87.55,87.89,89.78,2572749,2266.9,2026-09-09
MOREPENLAB,EQ,117.04,118.5,113.68,116.54,117.16,12527070,14549.38,2026-09-09
MOSCHIP,EQ,213.52,215.0,210.61,211.41,214.26,1353450,2865.93,2026-09-09
MOSERVICE,EQ,30.18,30.96,30.08,30.18,30.45,6383,1.93,2026-09-09
MOSILVER,EQ,231.0,231.0,228.9,229.79,229.24,25038,57.61,2026-09-09
MOSMALL250,EQ,18.46,18.65,18.44,18.5,18.58,628553,116.61,2026-09-09
MOTHERSON,EQ,162.99,165.04,162.5,163.7,163.85,6002467,9846.8,2026-09-09
MOTILALOFS,EQ,1049.5,1049.6,1019.0,1025.0,1051.5,489071,5047.16,2026-09-09
MOTISONS,EQ,16.22,16.73,16.06,16.25,16.13,31830543,5222.97,2026-09-09
MOTOGENFIN,EQ,27.45,27.45,26.8,27.04,27.45,71800,19.55,2026-09-09
MOTOUR,EQ,78.26,78.26,77.07,77.19,77.49,10418,8.05,2026-09-09
MOVALUE,EQ,114.48,114.48,111.4,112.0,111.69,54956,61.49,2026-09-09
MPHASIS,EQ,2325.7,2326.6,2286.8,2307.5,2355.0,288892,6663.03,2026-09-09
MPSLTD,EQ,2763.9,2806.7,2678.2,2783.4,2749.1,31308,862.6,2026-09-09
MRF,EQ,128400.0,129090.0,127545.0,128315.0,128245.0,2834,3636.86,2026-09-09
MRPL,EQ,173.19,186.99,173.19,184.46,172.96,47490869,86615.14,2026-09-09
MSCI360,EQ,10.07,10.16,9.95,10.15,10.02,1082,0.11,2026-09-09
MSCIADD,EQ,29.0,29.13,28.97,29.13,29.27,857,0.25,2026-09-09
MSCIINDIA,EQ,29.44,29.5,29.26,29.31,29.47,7010,2.06,2026-09-09
MSL,EQ,134.5,149.0,134.5,148.0,140.1,307,0.45,2026-09-09
MSPL,EQ,34.6,35.1,34.2,34.43,34.95,1130276,391.48,2026-09-09
MSTCLTD,EQ,778.55,787.05,757.0,764.1,778.55,218533,1687.71,2026-09-09
MSUMI,EQ,36.53,37.05,36.43,36.72,36.61,9188167,3373.52,2026-09-09
MTNL,EQ,25.35,25.44,25.15,25.21,25.35,501277,126.64,2026-09-09
MUFIN,EQ,135.26,135.99,134.2,134.83,135.35,444682,600.01,2026-09-09
MUFTI,EQ,73.91,75.59,72.35,74.66,73.91,98309,72.54,2026-09-09
MUKANDLTD,EQ,136.7,141.0,135.21,139.69,137.66,172124,238.08,2026-09-09
MUKESHB,EQ,127.01,135.0,127.0,135.0,133.45,106,0.14,2026-09-09
MUKKA,EQ,30.49,31.2,28.16,29.86,30.72,1716557,514.93,2026-09-09
MULTICAP,EQ,17.1,17.1,16.58,16.6,16.69,1640327,272.75,2026-09-09
MUNJALAU,EQ,112.11,113.07,109.33,109.83,112.8,418680,462.85,2026-09-09
MUNJALSHOW,EQ,130.38,130.38,127.3,128.19,128.75,21573,27.65,2026-09-09
MURUDCERA,EQ,28.55,32.09,28.0,30.83,29.08,50558,15.05,2026-09-09
MUTHOOTCAP,EQ,234.47,236.0,233.0,235.33,234.39,5157,12.08,2026-09-09
MUTHOOTFIN,EQ,2854.1,2865.3,2795.6,2815.0,2899.7,1027017,29030.0,2026-09-09
MUTHOOTMF,EQ,202.0,202.0,196.0,197.1,201.57,242835,479.44,2026-09-09
MVELECTRO,EQ,887.85,948.0,880.0,917.5,883.25,16480312,152086.15,2026-09-09
MVGJL,EQ,208.0,224.33,201.6,214.64,210.72,1334420,2896.93,2026-09-09
MWL,EQ,37.87,38.5,37.2,37.76,37.65,254374,96.17,2026-09-09
NACLIND,EQ,160.23,169.78,160.0,164.32,161.0,553243,916.36,2026-09-09
NAGREEKCAP,EQ,23.0,23.38,22.3,22.66,23.38,1392,0.32,2026-09-09
NAGREEKEXP,EQ,22.21,22.75,21.92,22.42,22.39,4404,0.98,2026-09-09
NAHARCAP,EQ,258.0,262.0,254.5,257.65,258.9,1663,4.29,2026-09-09
NAHARINDUS,EQ,135.92,138.52,133.34,134.1,137.43,15546,21.05,2026-09-09
NAHARPOLY,EQ,239.02,242.19,236.0,236.55,243.18,6160,14.61,2026-09-09
NAHARSPING,EQ,278.5,281.2,276.4,277.3,277.55,26272,73.18,2026-09-09
NAM-INDIA,EQ,1188.1,1190.0,1158.0,1164.8,1188.9,588058,6874.59,2026-09-09
NARMADA,EQ,14.6,14.86,14.21,14.59,14.78,457162,66.36,2026-09-09
NATCOPHARM,EQ,827.9,838.9,815.2,826.3,825.75,537495,4438.36,2026-09-09
NATHBIOGEN,EQ,152.01,153.48,149.11,151.67,152.01,9450,14.35,2026-09-09
NATIONALUM,EQ,372.0,386.0,371.65,377.6,371.05,9139475,34717.97,2026-09-09
NATIONSTD,EQ,113.0,115.44,110.1,114.4,109.95,69353,79.19,2026-09-09
NAUKRI,EQ,1281.0,1286.6,1255.0,1267.0,1292.0,1281379,16184.11,2026-09-09
NAVA,EQ,555.35,580.0,555.05,561.15,554.55,309952,1753.76,2026-09-09
NAVINFLUOR,EQ,8740.0,8949.5,8700.0,8775.5,8731.0,294169,26074.11,2026-09-09
NAVKARCORP,EQ,94.55,95.71,94.02,94.3,94.75,176714,167.26,2026-09-09
NAVNETEDUL,EQ,130.07,131.08,126.0,127.0,130.16,181942,233.06,2026-09-09
NAZARA,EQ,367.75,378.0,363.0,374.4,368.4,1723096,6432.26,2026-09-09
NBCC,EQ,85.3,85.52,83.5,83.6,86.0,5699936,4800.61,2026-09-09
NBIFIN,EQ,1963.4,2075.0,1961.0,1993.0,1970.0,9475,187.26,2026-09-09
NCC,EQ,148.5,148.9,144.93,145.33,148.65,1300153,1909.11,2026-09-09
NCLIND,EQ,175.25,181.85,175.25,179.12,176.65,27116,48.22,2026-09-09
NDGL,EQ,2775.0,2799.0,2725.0,2727.6,2775.0,44,1.21,2026-09-09
NDL,EQ,2.93,3.0,2.88,2.93,2.92,1338011,39.32,2026-09-09
NDLVENTURE,EQ,128.4,128.99,123.0,124.69,126.18,22755,29.05,2026-09-09
NDRAUTO,EQ,721.0,721.0,706.05,714.9,717.65,8117,57.92,2026-09-09
NDTV,EQ,73.03,74.49,72.21,73.73,73.03,77952,57.37,2026-09-09
NEAGI,EQ,3470.1,3470.1,3470.0,3470.0,3470.0,29,1.01,2026-09-09
NECLIFE,EQ,12.39,12.39,11.93,11.98,12.15,122330,14.73,2026-09-09
NELCAST,EQ,114.4,117.0,113.0,113.94,114.18,47071,53.86,2026-09-09
NELCO,EQ,975.8,992.1,953.3,958.3,973.1,381192,3718.16,2026-09-09
NEOGEN,EQ,2216.0,2336.4,2216.0,2255.2,2213.0,234288,5327.96,2026-09-09
NEPHROPLUS,EQ,744.1,757.7,725.75,733.45,744.1,204496,1513.28,2026-09-09
NESCO,EQ,1101.0,1124.9,1091.4,1096.9,1117.1,42607,472.08,2026-09-09
NESTLEIND,EQ,1400.5,1405.9,1389.2,1393.0,1400.5,994121,13860.15,2026-09-09
NETF,EQ,258.9,258.9,255.15,255.83,257.91,7172,18.4,2026-09-09
NETWEB,EQ,5100.0,5127.5,4881.5,4898.5,5087.5,1696353,83836.69,2026-09-09
NETWORK18,EQ,27.25,27.33,26.83,26.92,27.3,3339531,902.59,2026-09-09
NEULANDLAB,EQ,24000.0,24225.0,23000.0,23195.0,23995.0,57976,13687.19,2026-09-09
NEWGEN,EQ,512.5,516.55,504.35,512.85,514.0,587106,3003.97,2026-09-09
NEXT30ADD,EQ,42.81,42.81,42.39,42.7,42.6,24711,10.54,2026-09-09
NEXT50,EQ,755.07,756.08,750.93,753.29,753.77,29774,224.39,2026-09-09
NEXT50ADD,EQ,73.36,73.49,73.11,73.43,73.49,417,0.31,2026-09-09
NEXT50BETA,EQ,78.91,78.91,78.51,78.75,78.52,60519,47.66,2026-09-09
NEXT50ETF,EQ,71.99,74.2,71.99,73.89,73.46,9452,6.95,2026-09-09
NEXT50IETF,EQ,75.2,77.3,75.2,77.0,77.13,501933,386.82,2026-09-09
NEXTMEDIA,EQ,3.9,3.99,3.75,3.88,3.86,19254,0.73,2026-09-09
NFL,EQ,70.24,70.37,69.7,69.98,70.35,421662,294.73,2026-09-09
NGIL,EQ,37.36,39.75,34.75,35.04,37.73,43179,15.76,2026-09-09
NGLFINE,EQ,2811.6,2834.2,2750.0,2758.3,2811.6,2466,68.53,2026-09-09
NH,EQ,1899.9,1920.6,1872.0,1890.6,1897.4,179466,3403.49,2026-09-09
NHPC,EQ,75.9,77.89,75.9,76.69,75.9,17730521,13640.59,2026-09-09
NIACL,EQ,205.22,210.2,201.38,205.51,205.22,10799389,22185.16,2026-09-09
NIBE,EQ,1331.0,1337.7,1310.0,1313.3,1331.5,25348,334.16,2026-09-09
NIBL,EQ,30.37,31.47,30.01,30.6,30.36,18028,5.53,2026-09-09
NICCOPAR,EQ,79.0,81.0,78.33,80.27,80.33,1769,1.4,2026-09-09
NIF100BEES,EQ,263.3,263.3,261.52,262.29,263.3,57443,150.61,2026-09-09
NIF100IETF,EQ,27.7,27.7,27.52,27.6,27.77,115573,31.91,2026-09-09
NIF500BETA,EQ,37.13,37.16,37.06,37.08,37.27,912,0.34,2026-09-09
NIFTY1,EQ,263.0,263.0,260.9,261.13,263.3,147677,386.3,2026-09-09
NIFTY100EW,EQ,34.73,35.84,34.64,35.0,34.77,38017,13.23,2026-09-09
NIFTYADD,EQ,249.28,249.28,247.5,247.86,250.03,16177,40.16,2026-09-09
NIFTYAXIS,EQ,262.15,262.15,260.0,260.47,262.77,72587,189.47,2026-09-09
NIFTYBEES,EQ,269.43,269.68,267.9,268.15,270.05,7537478,20245.9,2026-09-09
NIFTYBETA,EQ,262.88,262.88,260.28,260.87,262.87,65235,170.56,2026-09-09
NIFTYBETF,EQ,243.84,243.84,241.7,242.2,243.84,2211,5.36,2026-09-09
NIFTYCASE,EQ,9.75,9.75,9.43,9.45,9.52,1416249,134.03,2026-09-09
NIFTYETF,EQ,256.9,257.02,255.53,255.83,257.53,160962,412.56,2026-09-09
NIFTYIETF,EQ,268.27,268.27,266.52,266.76,268.88,901843,2410.0,2026-09-09
NIFTYJBLK,EQ,12.44,12.44,12.03,12.05,12.14,179458,21.66,2026-09-09
NIFTYQLITY,EQ,20.94,21.09,20.86,20.92,21.04,38855,8.13,2026-09-09
NIITLTD,EQ,95.2,96.28,93.71,94.99,95.34,153514,145.07,2026-09-09
NIITMTS,EQ,223.51,225.0,220.0,221.54,223.51,53748,118.94,2026-09-09
NILAINFRA,EQ,6.73,7.8,6.61,6.8,6.62,433326,30.2,2026-09-09
NILASPACES,EQ,12.81,12.98,11.97,12.16,12.78,3056613,375.19,2026-09-09
NILE,EQ,1450.7,1490.8,1450.7,1479.7,1471.7,1800,26.61,2026-09-09
NILKAMAL,EQ,2101.6,2123.5,2045.1,2056.7,2112.0,13217,273.41,2026-09-09
NIMBSPROJ,EQ,147.46,155.87,141.04,155.84,148.46,6680,9.91,2026-09-09
NINSYS,EQ,709.0,717.9,704.1,710.75,709.1,3177,22.57,2026-09-09
NIPPOBATRY,EQ,324.6,328.3,321.0,323.0,324.6,460,1.49,2026-09-09
NIRAJ,EQ,28.18,29.2,28.0,28.07,28.18,10845,3.08,2026-09-09
NIRLON,EQ,619.65,624.75,617.6,619.7,619.65,5143,31.89,2026-09-09
NITCO,EQ,93.43,94.0,92.1,92.53,93.46,262356,243.51,2026-09-09
NITINSPIN,EQ,660.95,663.0,647.2,651.25,655.1,109474,714.5,2026-09-09
NITIRAJ,EQ,232.0,232.0,225.0,229.46,230.92,3604,8.22,2026-09-09
NITTAGELA,EQ,1672.0,1689.2,1650.4,1667.0,1670.5,2041,33.97,2026-09-09
NIVABUPA,EQ,80.48,80.84,79.2,79.59,80.55,371286,296.49,2026-09-09
NKIND,EQ,60.01,60.1,58.0,58.07,61.05,341,0.2,2026-09-09
NLCINDIA,EQ,275.0,282.3,270.75,271.55,272.25,4901961,13503.22,2026-09-09
NMDC,EQ,84.7,85.89,84.53,85.8,84.71,14151248,12073.46,2026-09-09
NOCIL,EQ,184.0,189.5,181.0,188.28,185.07,2843821,5307.04,2026-09-09
NOIDATOLL,EQ,4.05,4.05,3.96,4.02,3.99,76812,3.09,2026-09-09
NORBTEAEXP,EQ,67.05,68.9,66.27,67.2,69.75,2111,1.41,2026-09-09
NORTHARC,EQ,312.0,312.0,303.55,308.35,310.85,1054140,3235.13,2026-09-09
NOVARTIND,EQ,1873.7,2186.4,1851.0,2186.4,1822.0,785816,16347.24,2026-09-09
NPBET,EQ,284.0,292.4,282.82,292.4,285.87,427,1.21,2026-09-09
NPST,EQ,1743.4,1745.0,1621.0,1680.5,1716.5,71432,1185.22,2026-09-09
NRAIL,EQ,649.9,650.0,604.95,611.2,644.35,41453,260.6,2026-09-09
NRBBEARING,EQ,490.0,495.0,478.55,484.55,489.6,309450,1507.92,2026-09-09
NSIL,EQ,5650.0,5667.5,5600.5,5621.0,5660.0,1373,77.24,2026-09-09
NSLNISP,EQ,45.2,45.65,44.82,45.04,45.02,5018996,2269.57,2026-09-09
NTCIND,EQ,139.0,139.0,130.6,132.41,136.8,3559,4.81,2026-09-09
NTPC,EQ,331.1,337.5,330.9,334.5,330.8,11795145,39504.51,2026-09-09
NTPCGREEN,EQ,87.98,89.25,87.95,88.03,88.44,2698297,2387.97,2026-09-09
NUCLEUS,EQ,713.0,717.15,704.7,706.1,717.45,9393,66.61,2026-09-09
NUVAMA,EQ,1829.0,1829.0,1765.1,1781.3,1836.4,271476,4878.46,2026-09-09
NUVOCO,EQ,340.0,343.1,332.1,334.75,339.85,302497,1013.98,2026-09-09
NV20,EQ,13.77,13.77,13.6,13.62,13.75,205240,28.01,2026-09-09
NV20BEES,EQ,137.75,137.75,136.11,136.53,137.75,29712,40.59,2026-09-09
NV20IETF,EQ,13.69,13.69,13.27,13.3,13.42,776400,103.38,2026-09-09
NYKAA,EQ,340.8,343.0,338.25,343.0,341.0,4010750,13677.15,2026-09-09
OAL,EQ,531.0,553.0,522.2,540.3,530.95,79289,431.04,2026-09-09
OBCL,EQ,54.51,55.99,54.5,55.98,55.63,1427,0.79,2026-09-09
OBEROIRLTY,EQ,1821.0,1836.2,1796.1,1800.0,1833.8,222585,4032.65,2026-09-09
ODIGMA,EQ,21.99,22.9,21.6,22.47,21.99,26469,5.87,2026-09-09
ODYCORP,EQ,6.66,7.45,6.66,7.17,7.27,51147,3.68,2026-09-09
OFSS,EQ,11762.0,11762.0,11550.0,11630.0,11780.0,156426,18213.49,2026-09-09
OIL,EQ,498.0,504.9,496.0,498.95,495.4,2471923,12365.0,2026-09-09
OILIETF,EQ,11.21,11.27,11.17,11.24,11.21,887967,99.79,2026-09-09
OLAELEC,EQ,37.4,37.57,37.06,37.31,37.63,19057493,7104.39,2026-09-09
OLECTRA,EQ,1218.0,1230.0,1203.0,1206.6,1213.7,256924,3116.02,2026-09-09
OMAXAUTO,EQ,178.7,179.0,172.21,175.79,170.75,90664,159.12,2026-09-09
OMAXE,EQ,128.9,128.9,120.77,121.36,127.58,1138054,1402.5,2026-09-09
OMINFRAL,EQ,81.6,82.94,81.05,81.67,81.96,37997,31.05,2026-09-09
OMNI,EQ,522.2,551.0,521.1,534.6,525.9,1142132,6136.31,2026-09-09
OMPOWER,EQ,170.92,171.56,168.01,168.7,170.0,34790,58.97,2026-09-09
ONEGLOBAL,EQ,550.0,550.0,525.05,540.4,531.2,11378,61.05,2026-09-09
ONEPOINT,EQ,56.08,58.7,55.11,58.07,56.36,847505,484.7,2026-09-09
ONESOURCE,EQ,1590.0,1617.0,1510.1,1530.1,1579.5,2411313,36877.86,2026-09-09
ONGC,EQ,237.8,239.27,234.02,234.02,236.0,12781171,30235.13,2026-09-09
ONIDA,EQ,34.7,34.73,33.9,34.26,34.76,346700,118.92,2026-09-09
ONIXSOLAR,EQ,446.0,462.8,446.0,455.3,444.3,462195,2106.79,2026-09-09
ONWARDTEC,EQ,285.75,290.0,280.3,285.75,286.3,35966,102.17,2026-09-09
OPTIEMUS,EQ,552.4,556.7,540.05,541.95,556.35,80387,440.31,2026-09-09
OPTIFIN,EQ,14.23,15.0,13.55,14.2,14.52,18983,2.69,2026-09-09
ORCHASP,EQ,1.43,1.49,1.38,1.42,1.36,417732,5.98,2026-09-09
ORCHPHARMA,EQ,975.8,1035.1,969.6,1024.85,965.8,161851,1640.87,2026-09-09
ORICONENT,EQ,53.16,53.97,51.88,52.08,53.16,18760,9.87,2026-09-09
ORIENTALTL,EQ,5.09,5.17,5.02,5.12,5.11,107809,5.49,2026-09-09
ORIENTBELL,EQ,413.6,422.5,395.8,420.1,410.3,41864,171.53,2026-09-09
ORIENTCEM,EQ,127.2,127.9,125.72,126.28,126.42,241975,306.48,2026-09-09
ORIENTCER,EQ,45.1,48.89,44.0,47.3,45.0,353849,166.09,2026-09-09
ORIENTELEC,EQ,176.0,176.99,171.2,175.11,175.54,324397,562.63,2026-09-09
ORIENTHOT,EQ,140.54,140.82,139.27,139.98,140.54,724013,1014.9,2026-09-09
ORIENTPPR,EQ,18.29,18.42,17.81,17.93,18.29,288440,51.76,2026-09-09
ORIENTTECH,EQ,233.43,233.52,229.0,229.65,233.43,89252,205.34,2026-09-09
ORIRAIL,EQ,127.75,129.29,125.94,126.65,128.38,59102,75.33,2026-09-09
ORISSAMINE,EQ,4191.1,4201.4,4141.5,4153.5,4198.7,4202,175.02,2026-09-09
ORKLAINDIA,EQ,590.0,593.85,582.2,586.3,589.85,44801,264.21,2026-09-09
ORTINGLOBE,EQ,15.54,16.29,15.53,15.53,15.93,2934,0.46,2026-09-09
OSWALAGRO,EQ,37.24,37.24,35.1,35.83,36.21,21502,7.68,2026-09-09
OSWALGREEN,EQ,20.11,20.34,20.1,20.15,20.29,77391,15.63,2026-09-09
OSWALPUMPS,EQ,274.8,287.75,273.0,282.75,274.8,704387,1980.42,2026-09-09
OSWALSEEDS,EQ,12.38,13.31,11.81,13.08,12.14,295909,37.54,2026-09-09
PACEDIGITK,EQ,159.7,163.5,158.8,160.68,160.31,802379,1292.49,2026-09-09
PACIFICI,EQ,141.0,142.0,134.0,141.79,140.0,313,0.44,2026-09-09
PAGEIND,EQ,35825.0,35825.0,35200.0,35395.0,35915.0,15250,5399.86,2026-09-09
PAISALO,EQ,77.76,80.5,77.11,79.92,77.72,21010428,16693.16,2026-09-09
PAKKA,EQ,78.99,81.0,76.7,78.13,78.54,152118,119.82,2026-09-09
PALASHSECU,EQ,88.11,89.9,87.99,88.86,88.14,1181,1.04,2026-09-09
PALREDTEC,EQ,53.75,53.75,50.66,50.75,53.32,1209,0.61,2026-09-09
PANACEABIO,EQ,394.8,400.0,388.1,393.8,391.85,143042,566.23,2026-09-09
PANAMAPET,EQ,484.8,505.0,481.1,498.4,483.15,791161,3932.25,2026-09-09
PANCHMAHQ,EQ,290.0,290.0,290.0,290.0,290.0,62,0.18,2026-09-09
PANORAMA,EQ,48.2,49.32,45.5,47.56,48.38,198297,95.9,2026-09-09
PANSARI,EQ,287.55,303.1,280.0,281.2,290.8,909,2.59,2026-09-09
PARACABLES,EQ,69.74,70.9,66.05,66.45,69.05,3622562,2471.64,2026-09-09
PARADEEP,EQ,159.51,160.65,157.5,157.92,159.79,1680376,2662.49,2026-09-09
PARAGMILK,EQ,254.9,256.0,252.3,253.6,254.4,521490,1325.11,2026-09-09
PARAS,EQ,1510.8,1547.4,1459.0,1470.0,1504.0,1212712,18038.88,2026-09-09
PARASPETRO,EQ,2.13,2.23,2.13,2.18,2.13,135723,2.95,2026-09-09
PARKHOSPS,EQ,282.4,285.65,281.15,281.85,282.25,209305,591.5,2026-09-09
PARKHOTELS,EQ,113.28,113.28,110.97,111.64,113.11,62584,69.97,2026-09-09
PARNAXLAB,EQ,116.0,134.95,116.0,130.0,125.9,1921,2.53,2026-09-09
PASHUPATI,EQ,82.7,82.7,80.0,81.0,81.02,41925,34.02,2026-09-09
PATANJALI,EQ,341.55,341.55,338.7,341.0,342.0,967972,3286.62,2026-09-09
PATELENG,EQ,26.91,27.22,26.75,27.1,26.93,1587356,427.86,2026-09-09
PATELRMART,EQ,215.6,216.95,213.35,214.93,215.2,67218,144.83,2026-09-09
PAUSHAKLTD,EQ,775.75,780.0,741.6,754.3,770.7,32142,242.46,2026-09-09
PAVNAIND,EQ,16.18,16.49,14.66,15.17,16.18,297906,45.47,2026-09-09
PAYTM,EQ,1677.0,1758.9,1676.1,1751.5,1670.0,8247684,143240.45,2026-09-09
PBMPOLY,EQ,60.0,61.0,59.51,60.86,61.0,478,0.29,2026-09-09
PCBL,EQ,330.9,341.5,326.15,334.95,328.8,6364541,21378.24,2026-09-09
PCJEWELLER,EQ,13.6,14.08,13.45,13.87,13.52,697754870,96373.51,2026-09-09
PDMJEPAPER,EQ,99.56,99.61,94.57,96.74,99.61,293437,284.73,2026-09-09
PDSL,EQ,344.0,354.05,341.95,345.7,346.2,233662,810.53,2026-09-09
PEARLPOLY,EQ,16.0,16.0,15.57,15.61,15.64,5371,0.84,2026-09-09
PENIND,EQ,180.62,181.42,176.21,178.08,180.62,603270,1077.46,2026-09-09
PENINLAND,EQ,16.23,16.23,15.3,15.56,15.67,70378,10.96,2026-09-09
PERMAGN,EQ,864.8,864.8,838.05,843.3,863.1,5717,48.54,2026-09-09
PERNIASPOP,EQ,558.0,567.0,537.0,563.9,557.3,677914,3776.84,2026-09-09
PERSISTENT,EQ,5490.0,5490.0,5372.5,5419.0,5560.0,599190,32539.19,2026-09-09
PETRONET,EQ,285.8,288.5,284.15,285.9,285.8,1133536,3255.04,2026-09-09
PFC,EQ,354.35,355.3,350.1,351.4,355.9,5426791,19133.88,2026-09-09
PFIZER,EQ,4310.7,4318.0,4158.4,4171.0,4310.7,125703,5283.26,2026-09-09
PFOCUS,EQ,314.95,321.35,310.35,316.3,313.15,761243,2409.19,2026-09-09
PFS,EQ,27.7,27.75,26.99,27.21,27.71,430257,117.56,2026-09-09
PGEL,EQ,553.5,557.15,539.45,542.5,553.7,1621300,8840.89,2026-09-09
PGHH,EQ,7730.0,7768.5,7600.0,7615.0,7736.0,8659,662.77,2026-09-09
PGHL,EQ,5598.0,5598.0,5451.0,5475.0,5603.0,8071,444.8,2026-09-09
PGIL,EQ,2369.1,2388.7,2215.5,2277.9,2366.8,97199,2220.37,2026-09-09
PHARMABEES,EQ,26.96,28.4,26.96,27.5,27.66,3758240,1034.36,2026-09-09
PHOENIXLTD,EQ,1892.0,1915.9,1865.2,1885.3,1885.0,299790,5682.08,2026-09-09
PHOENXINTL,EQ,29.6,30.2,29.06,30.2,29.81,2017,0.6,2026-09-09
PICCADIL,EQ,612.65,612.65,595.6,599.8,608.3,223548,1342.2,2026-09-09
PIDILITIND,EQ,1579.0,1585.6,1566.0,1572.0,1593.0,276995,4354.34,2026-09-09
PIGL,EQ,98.4,109.73,98.4,104.98,96.13,332177,350.93,2026-09-09
PIIND,EQ,2395.0,2402.0,2367.6,2394.0,2395.0,100714,2401.83,2026-09-09
PILANIINVS,EQ,4261.7,4303.9,4021.3,4109.8,4261.7,18239,746.33,2026-09-09
PILITA,EQ,7.9,8.11,7.48,7.85,7.75,63380,4.97,2026-09-09
PINELABS,EQ,170.4,176.7,167.7,175.08,169.55,40668170,70717.53,2026-09-09
PIONEEREMB,EQ,21.51,21.51,20.51,20.83,21.02,11385,2.38,2026-09-09
PIRAMALFIN,EQ,2319.0,2326.4,2278.1,2310.5,2298.5,220456,5092.55,2026-09-09
PITTIENG,EQ,1175.3,1194.9,1164.5,1171.6,1171.3,132385,1560.62,2026-09-09
PIXTRANS,EQ,1720.0,1761.9,1715.5,1746.4,1722.0,13287,231.16,2026-09-09
PKTEA,EQ,976.85,1160.0,880.0,1136.3,972.75,59199,634.44,2026-09-09
PLASTIBLEN,EQ,191.59,193.42,187.2,189.3,191.23,13063,24.97,2026-09-09
PLATIND,EQ,230.47,232.0,225.0,226.04,232.47,88798,202.28,2026-09-09
PLAZACABLE,EQ,55.61,59.68,55.61,59.68,56.84,110358,65.03,2026-09-09
PML,EQ,483.0,502.0,480.3,487.95,482.15,433,2.14,2026-09-09
PNB,EQ,115.25,117.0,115.25,115.61,116.0,11691129,13607.57,2026-09-09
PNBGILTS,EQ,81.25,81.33,79.0,79.46,81.26,283795,226.52,2026-09-09
PNBHOUSING,EQ,1165.5,1169.2,1138.2,1142.0,1167.1,320435,3698.77,2026-09-09
PNC,EQ,16.8,16.8,16.35,16.56,16.66,14249,2.35,2026-09-09
PNCINFRA,EQ,177.0,180.83,176.42,179.0,177.06,281660,503.04,2026-09-09
PNGJL,EQ,628.0,628.85,609.3,611.45,627.45,402965,2472.36,2026-09-09
PNGSREVA,EQ,548.65,550.45,513.25,519.7,546.55,265641,1393.62,2026-09-09
POCL,EQ,471.0,479.4,465.0,466.95,469.45,581693,2723.37,2026-09-09
PODDARMENT,EQ,312.75,315.0,294.0,295.85,311.45,18372,55.37,2026-09-09
POEL,EQ,144.99,145.97,142.21,143.02,144.12,24202,34.7,2026-09-09
POKARNA,EQ,785.9,786.65,768.3,779.35,786.65,84126,656.56,2026-09-09
POLICYBZR,EQ,1800.0,1814.7,1787.5,1800.0,1826.0,1177932,21254.94,2026-09-09
POLYCAB,EQ,8373.5,8407.0,8302.0,8354.0,8373.5,198567,16581.5,2026-09-09
POLYMED,EQ,1732.6,1750.4,1720.1,1724.0,1730.1,75116,1306.53,2026-09-09
POLYPLEX,EQ,1147.0,1158.8,1135.1,1140.0,1149.6,36081,413.13,2026-09-09
PONNIERODE,EQ,381.05,381.8,370.25,373.2,378.55,51562,193.39,2026-09-09
POONAWALLA,EQ,450.0,451.85,444.35,448.6,455.25,963582,4309.13,2026-09-09
POWERGRID,EQ,265.0,269.25,264.5,265.85,265.75,11738891,31308.51,2026-09-09
POWERICA,EQ,539.4,552.3,529.25,547.1,530.7,255922,1390.24,2026-09-09
POWERINDIA,EQ,31195.0,31590.0,31025.0,31580.0,31135.0,94112,29521.69,2026-09-09
POWERMECH,EQ,2418.0,2493.4,2402.0,2430.1,2415.1,123045,3017.69,2026-09-09
PPLPHARMA,EQ,227.0,227.75,217.1,218.0,226.62,3881596,8582.99,2026-09-09
PRABHA,EQ,254.0,262.8,242.46,246.58,253.55,597234,1489.78,2026-09-09
PRAENG,EQ,22.5,23.69,22.5,22.92,22.69,36814,8.49,2026-09-09
PRAJIND,EQ,338.0,338.0,324.85,326.7,338.85,676653,2245.24,2026-09-09
PRAKASH,EQ,127.9,128.19,125.47,126.41,127.3,437689,553.64,2026-09-09
PRAKASHSTL,EQ,3.76,3.82,3.75,3.8,3.75,85139,3.23,2026-09-09
PRAVEG,EQ,274.05,276.85,261.05,263.8,270.75,31869,85.11,2026-09-09
PRAXIS,EQ,4.78,4.78,4.6,4.72,4.69,161749,7.64,2026-09-09
PRECAM,EQ,121.4,122.12,119.2,119.91,121.71,107492,129.5,2026-09-09
PRECOT,EQ,675.6,686.2,658.2,660.15,682.9,9739,65.12,2026-09-09
PRECWIRE,EQ,479.0,479.5,468.15,474.35,480.2,390910,1851.87,2026-09-09
PREMCO,EQ,392.0,398.5,385.05,386.05,392.0,896,3.49,2026-09-09
PREMEXPLN,EQ,679.0,679.0,664.05,666.6,677.7,572139,3818.86,2026-09-09
PREMIERENE,EQ,990.9,994.5,972.0,975.9,988.8,583491,5746.62,2026-09-09
PREMIERPOL,EQ,91.1,93.0,88.18,89.73,90.56,201085,179.83,2026-09-09
PRESTIGE,EQ,1554.2,1557.9,1534.1,1540.4,1561.6,499802,7732.71,2026-09-09
PRICOLLTD,EQ,758.0,758.0,740.3,745.8,758.6,304363,2266.98,2026-09-09
PRIMESECU,EQ,279.9,282.95,276.2,280.1,279.45,22760,63.69,2026-09-09
PRIMO,EQ,20.63,21.74,20.26,21.27,20.41,162572,34.26,2026-09-09
PRINCEPIPE,EQ,284.35,286.45,280.25,280.75,285.75,111190,313.3,2026-09-09
PRISMX,EQ,0.57,0.58,0.55,0.57,0.55,231327,1.31,2026-09-09
PRIVISCL,EQ,3474.5,3565.0,3454.5,3537.9,3469.6,130119,4580.67,2026-09-09
PROSTARM,EQ,135.91,136.88,133.92,135.64,135.23,119684,162.02,2026-09-09
PROTEAN,EQ,499.65,499.85,491.05,493.35,499.65,135622,670.13,2026-09-09
PROZONER,EQ,48.9,50.5,47.81,49.88,48.92,263133,129.22,2026-09-09
PRSMJOHNSN,EQ,112.6,113.35,111.61,112.45,112.27,308878,347.27,2026-09-09
PRUDENT,EQ,3252.0,3329.8,3251.0,3302.5,3277.5,11980,396.14,2026-09-09
PSB,EQ,22.86,22.88,22.6,22.64,22.86,610285,138.55,2026-09-09
PSPPROJECT,EQ,865.4,896.0,865.4,879.95,875.4,48818,430.99,2026-09-09
PSUBANK,EQ,83.5,84.93,83.5,83.96,84.22,579398,486.7,2026-09-09
PSUBANKADD,EQ,85.0,85.25,84.51,84.81,85.12,7250,6.16,2026-09-09
PSUBNKBEES,EQ,93.51,94.25,93.3,93.58,93.97,1220617,1145.2,2026-09-09
PSUBNKIETF,EQ,85.0,85.51,84.65,84.83,85.1,67078,57.07,2026-09-09
PTC,EQ,153.91,154.59,152.78,153.12,154.2,1062150,1629.83,2026-09-09
PTCIL,EQ,23750.0,23950.0,22680.0,22780.0,23730.0,31474,7286.29,2026-09-09
PTL,EQ,38.41,38.78,38.0,38.03,38.43,35094,13.44,2026-09-09
PUNJABCHEM,EQ,1097.9,1104.0,1086.0,1096.1,1094.9,3866,42.26,2026-09-09
PURVA,EQ,215.1,217.0,213.02,216.25,216.39,167897,360.98,2026-09-09
PVP,EQ,63.5,65.9,60.87,64.54,64.07,2883236,1815.51,2026-09-09
PVRINOX,EQ,1231.3,1232.0,1161.5,1169.2,1231.3,564590,6714.52,2026-09-09
PVSL,EQ,102.04,102.04,100.1,100.6,101.63,12038,12.14,2026-09-09
PVTBANIETF,EQ,27.8,27.8,27.5,27.55,27.8,4144284,1144.95,2026-09-09
PVTBANK,EQ,27.48,27.56,27.33,27.4,27.62,4949,1.36,2026-09-09
PVTBANKADD,EQ,27.86,27.96,27.7,27.82,27.93,25064,6.98,2026-09-09
PVTBKGROWW,EQ,27.41,27.6,27.41,27.44,27.7,3418,0.94,2026-09-09
PWL,EQ,126.0,126.8,123.57,125.37,126.63,4582078,5746.89,2026-09-09
PYRAMID,EQ,152.04,153.54,150.0,150.51,151.67,31370,47.47,2026-09-09
QGOLDHALF,EQ,126.03,126.67,125.5,126.0,126.09,167434,211.26,2026-09-09
QNIFTY,EQ,260.14,260.67,258.2,258.85,261.76,6728,17.47,2026-09-09
QPOWER,EQ,1520.7,1568.0,1493.2,1513.2,1519.7,176606,2688.11,2026-09-09
QUADFUTURE,EQ,440.9,452.0,433.05,439.85,441.0,584350,2584.8,2026-09-09
QUAL30IETF,EQ,20.78,20.83,20.61,20.63,20.9,83422,17.25,2026-09-09
QUALITY30,EQ,20.39,20.41,20.3,20.34,20.47,2039,0.41,2026-09-09
QUESS,EQ,335.1,358.0,332.55,355.0,337.5,821596,2874.64,2026-09-09
QUICKHEAL,EQ,153.0,154.66,151.27,152.36,153.44,70585,107.9,2026-09-09
QUINT,EQ,40.4,40.4,38.67,39.51,39.85,5717,2.26,2026-09-09
RACE,EQ,97.0,99.6,95.0,96.38,97.5,2903,2.79,2026-09-09
RACLGEAR,EQ,1530.0,1647.8,1523.1,1633.9,1540.2,98666,1587.3,2026-09-09
RADAAN,EQ,2.97,3.03,2.91,2.94,2.98,16689,0.49,2026-09-09
RADHIKAJWE,EQ,87.96,91.99,85.02,87.14,87.96,5875923,5221.91,2026-09-09
RADIANTCMS,EQ,41.23,41.23,39.87,40.25,41.24,687614,277.46,2026-09-09
RADICO,EQ,4459.5,4477.5,4396.6,4414.0,4485.0,212920,9423.22,2026-09-09
RADIOCITY,EQ,6.09,7.33,5.9,6.47,6.11,196732,12.7,2026-09-09
RAILTEL,EQ,267.0,268.15,262.95,263.8,266.3,434791,1152.76,2026-09-09
RAIN,EQ,219.5,230.0,218.67,222.5,217.81,11435273,25776.35,2026-09-09
RAINBOW,EQ,1445.0,1474.7,1440.8,1451.1,1449.9,97345,1414.62,2026-09-09
RAJMET,EQ,3.32,3.35,3.21,3.29,3.25,350812,11.55,2026-09-09
RAJPALAYAM,EQ,785.05,785.05,760.0,762.65,785.0,4229,32.37,2026-09-09
RAJRATAN,EQ,496.8,529.95,490.55,520.85,496.8,285802,1477.18,2026-09-09
RAJSREESUG,EQ,35.03,36.19,35.03,35.22,35.49,26724,9.49,2026-09-09
RAJTV,EQ,8.6,8.79,8.21,8.21,8.64,103033,8.49,2026-09-09
RALLIS,EQ,204.5,205.75,202.62,204.01,205.29,450078,917.29,2026-09-09
RAMANEWS,EQ,33.9,34.5,32.66,32.69,33.74,11958,3.94,2026-09-09
RAMAPHO,EQ,124.5,125.59,122.55,123.07,124.74,10645,13.18,2026-09-09
RAMBHAJO,EQ,274.8,285.0,271.13,277.98,275.04,714676,1998.17,2026-09-09
RAMCOCEM,EQ,871.55,876.1,859.2,866.85,871.45,177473,1538.94,2026-09-09
RAMCOIND,EQ,320.8,321.9,315.1,319.45,321.5,89199,284.05,2026-09-09
RAMCOSYS,EQ,609.15,609.5,595.0,596.7,609.15,58410,350.56,2026-09-09
RAMKY,EQ,338.0,341.45,336.55,339.0,337.6,15041,50.95,2026-09-09
RAMRAT,EQ,529.7,538.5,525.0,527.35,531.25,184999,983.06,2026-09-09
RANASUG,EQ,14.9,14.96,14.77,14.8,14.9,200511,29.79,2026-09-09
RANEHOLDIN,EQ,1677.0,1703.9,1659.0,1686.4,1691.8,15103,253.09,2026-09-09
RATEGAIN,EQ,860.0,862.0,835.0,841.4,862.7,497731,4213.92,2026-09-09
RATNAMANI,EQ,2814.1,2873.8,2715.1,2859.2,2803.8,126387,3560.28,2026-09-09
RATNAVEER,EQ,298.0,303.0,290.8,299.9,297.8,2550769,7601.4,2026-09-09
RAYMOND,EQ,834.5,834.5,773.5,808.45,857.8,5497465,43963.77,2026-09-09
RAYMONDLSL,EQ,720.0,732.0,664.5,670.45,696.85,1149008,7956.77,2026-09-09
RAYMONDREL,EQ,586.0,596.15,563.6,580.65,582.5,684383,3969.25,2026-09-09
RBA,EQ,95.0,101.25,94.64,100.5,95.54,7327768,7302.55,2026-09-09
RBLBANK,EQ,415.3,420.4,414.7,416.0,418.5,3908840,16332.38,2026-09-09
RCF,EQ,112.6,113.19,112.26,112.64,113.73,668920,753.87,2026-09-09
RECLTD,EQ,316.55,317.35,313.6,314.5,317.85,3145078,9943.04,2026-09-09
REDINGTON,EQ,376.0,382.7,374.05,378.05,373.55,4173283,15791.99,2026-09-09
REDTAPE,EQ,115.0,117.15,113.15,116.57,115.58,321602,371.48,2026-09-09
REFEX,EQ,275.25,276.75,271.1,273.15,275.85,177778,486.2,2026-09-09
REGAAL,EQ,87.87,87.87,84.5,85.8,87.3,260510,223.98,2026-09-09
REGENCERAM,EQ,33.56,35.87,32.51,35.49,34.23,2140,0.75,2026-09-09
RELAXO,EQ,332.25,333.9,325.1,326.1,333.7,121497,398.36,2026-09-09
RELCHEMQ,EQ,116.0,116.0,113.3,115.38,114.09,994,1.15,2026-09-09
RELIABLE,EQ,141.93,142.5,133.21,135.9,140.67,26731,36.96,2026-09-09
RELIANCE,EQ,1283.5,1294.7,1277.2,1279.0,1294.9,12152819,156279.65,2026-09-09
RELIGARE,EQ,252.47,257.44,248.68,256.65,254.61,1660145,4222.37,2026-09-09
RELTD,EQ,154.9,156.69,150.5,151.94,155.39,99769,152.44,2026-09-09
REMSONSIND,EQ,97.82,99.13,96.32,98.1,97.26,54465,53.28,2026-09-09
RENUKA,EQ,25.11,25.2,24.12,24.35,25.19,15123230,3697.15,2026-09-09
REPCOHOME,EQ,364.85,364.85,355.35,356.8,361.35,94098,337.65,2026-09-09
REPRO,EQ,321.65,321.8,312.0,314.0,319.4,2610,8.25,2026-09-09
RESPONIND,EQ,147.15,175.2,144.88,169.59,148.23,12729406,21443.33,2026-09-09
RETAIL,EQ,17.2,17.35,16.5,17.24,17.23,2101,0.36,2026-09-09
RGL,EQ,149.01,150.9,145.25,147.19,150.0,394708,586.24,2026-09-09
RHETAN,EQ,28.51,28.9,26.6,26.6,28.0,55311416,15602.87,2026-09-09
RHIM,EQ,373.0,387.55,370.05,376.9,371.7,559435,2126.9,2026-09-09
RHL,EQ,165.5,169.0,165.5,167.0,166.66,532,0.9,2026-09-09
RICOAUTO,EQ,132.38,133.2,129.36,130.42,132.38,679050,890.59,2026-09-09
RIIL,EQ,730.8,738.3,723.3,724.95,729.7,44392,323.55,2026-09-09
RIR,EQ,185.0,191.5,181.82,184.9,183.84,932071,1738.78,2026-09-09
RISHABH,EQ,802.0,852.0,802.0,815.9,808.3,379932,3153.37,2026-09-09
RITCO,EQ,322.9,327.7,312.0,317.45,318.45,142503,455.57,2026-09-09
RITES,EQ,212.12,213.5,210.63,211.13,212.97,329531,697.73,2026-09-09
RKDL,EQ,18.36,18.36,18.2,18.21,18.36,5500,1.0,2026-09-09
RKEC,EQ,20.2,20.8,19.75,19.96,20.45,40247,8.14,2026-09-09
RKFORGE,EQ,701.2,728.8,696.4,720.7,701.3,806230,5734.03,2026-09-09
RKSWAMY,EQ,96.0,96.0,93.0,93.04,94.34,34636,32.55,2026-09-09
RMC,EQ,226.19,229.66,220.2,222.51,226.19,49359,110.99,2026-09-09
RML,EQ,1395.0,1408.8,1356.2,1364.3,1390.0,77426,1065.53,2026-09-09
ROHLTD,EQ,313.8,313.8,302.4,304.75,308.0,16081,49.13,2026-09-09
ROLEXRINGS,EQ,175.3,177.89,172.82,175.47,175.52,946177,1654.1,2026-09-09
ROML,EQ,42.36,42.39,42.0,42.18,42.26,394,0.17,2026-09-09
ROSSARI,EQ,454.6,459.45,450.3,452.1,454.6,42336,191.94,2026-09-09
ROSSELLIND,EQ,56.1,57.65,55.0,57.19,56.51,66742,37.74,2026-09-09
ROSSTECH,EQ,1220.0,1241.7,1185.5,1193.7,1218.0,189157,2300.01,2026-09-09
ROTO,EQ,65.44,67.4,64.37,65.67,65.44,863803,573.15,2026-09-09
ROUTE,EQ,500.0,506.3,497.1,502.75,502.55,76517,383.87,2026-09-09
RPEL,EQ,1694.9,1714.0,1662.0,1670.8,1692.6,57819,973.75,2026-09-09
RPGLIFE,EQ,2848.0,2961.9,2796.1,2812.0,2802.6,51216,1473.12,2026-09-09
RPOWER,EQ,21.69,22.9,21.62,22.01,21.71,72139512,16128.96,2026-09-09
RPPINFRA,EQ,54.0,63.62,53.0,62.0,53.68,1013641,612.34,2026-09-09
RPSGVENT,EQ,810.0,888.8,803.15,863.7,819.05,136757,1187.78,2026-09-09
RPTECH,EQ,818.0,820.4,784.75,794.6,817.95,390735,3123.18,2026-09-09
RRECL,EQ,130.0,133.0,130.0,132.04,130.01,450,0.59,2026-09-09
RRIL,EQ,16.12,16.48,16.01,16.1,16.12,8537,1.38,2026-09-09
RRKABEL,EQ,2450.0,2465.4,2411.0,2419.8,2448.5,386308,9407.86,2026-09-09
RSL,EQ,191.75,192.77,187.31,190.09,190.21,144256,274.04,2026-09-09
RSSOFTWARE,EQ,29.65,29.92,29.24,29.48,29.09,18618,5.52,2026-09-09
RSYSTEMS,EQ,245.02,248.74,238.63,243.27,245.89,260433,632.75,2026-09-09
RTNINDIA,EQ,28.09,28.18,27.43,27.61,28.05,1379212,380.68,2026-09-09
RTNPOWER,EQ,7.27,7.4,7.23,7.25,7.28,18178604,1326.94,2026-09-09
RTSPOWR,EQ,88.0,90.0,88.0,88.66,88.17,941,0.83,2026-09-09
RUBFILA,EQ,70.44,70.94,67.5,67.89,70.18,99559,68.85,2026-09-09
RUBICON,EQ,1868.1,1868.2,1792.5,1810.5,1860.6,189015,3452.4,2026-09-09
RUBYMILLS,EQ,454.8,488.3,444.55,474.85,450.3,50253,238.45,2026-09-09
RUCHINFRA,EQ,5.74,5.74,5.53,5.6,5.63,39452,2.22,2026-09-09
RUCHIRA,EQ,112.15,112.15,109.11,109.8,112.17,53343,58.98,2026-09-09
RUDRA,EQ,19.78,20.33,19.75,19.98,19.77,25516,5.1,2026-09-09
RUPA,EQ,141.5,143.29,140.2,141.03,142.18,97808,138.19,2026-09-09
RUSHIL,EQ,16.27,16.34,15.8,16.07,16.07,286105,45.89,2026-09-09
RUSTOMJEE,EQ,356.3,358.95,351.0,352.35,357.55,29197,103.37,2026-09-09
RVHL,EQ,40.0,42.0,39.75,40.23,39.99,9927,4.04,2026-09-09
RVNL,EQ,206.82,209.45,206.11,207.0,207.5,3171906,6589.51,2026-09-09
RVTH,EQ,752.45,799.0,752.45,787.3,752.45,4161,32.58,2026-09-09
S&SPOWER,EQ,351.1,359.9,333.4,342.05,350.7,7426,25.72,2026-09-09
SAATVIKGL,EQ,415.95,419.9,410.05,416.0,415.95,25784,106.79,2026-09-09
SAB,EQ,192.5,192.5,183.0,183.0,192.5,51,0.09,2026-09-09
SADBHAV,EQ,7.98,8.38,7.9,8.3,7.99,286011,23.65,2026-09-09
SAFARI,EQ,1533.0,1543.9,1499.9,1534.2,1533.7,36130,551.54,2026-09-09
SAGARDEEP,EQ,24.23,24.23,23.49,23.7,23.98,6387,1.52,2026-09-09
SAGCEM,EQ,152.81,155.0,149.82,150.94,151.82,52413,79.38,2026-09-09
SAGILITY,EQ,45.7,45.7,44.83,45.2,45.7,9776027,4412.5,2026-09-09
SAHLIBHFI,EQ,85.9,86.32,80.26,82.88,84.95,34749,28.76,2026-09-09
SAHYADRI,EQ,385.55,385.55,375.0,377.05,385.0,11550,43.71,2026-09-09
SAICAPI,EQ,154.15,154.15,144.2,144.2,151.11,472,0.71,2026-09-09
SAIL,EQ,185.98,189.4,185.36,186.4,186.1,13768193,25811.99,2026-09-09
SAILIFE,EQ,1647.3,1697.0,1642.0,1675.4,1647.1,1332770,22342.71,2026-09-09
SAIPARENT,EQ,524.9,533.45,521.35,526.15,529.7,68600,361.26,2026-09-09
SAKAR,EQ,1169.0,1178.95,1114.0,1152.35,1157.85,141701,1616.27,2026-09-09
SAKHTISUG,EQ,19.81,19.92,19.2,19.55,19.93,96334,18.78,2026-09-09
SAKSOFT,EQ,149.98,152.5,147.3,151.41,149.98,243104,365.75,2026-09-09
SAKUMA,EQ,1.63,1.64,1.59,1.6,1.63,538066,8.67,2026-09-09
SALASAR,EQ,5.14,5.15,5.05,5.08,5.14,3215266,164.31,2026-09-09
SALONA,EQ,261.95,269.0,255.1,264.25,259.3,246,0.65,2026-09-09
SALSTEEL,EQ,79.01,80.85,77.0,79.19,79.63,697277,550.56,2026-09-09
SALZERELEC,EQ,550.55,558.85,548.25,552.15,550.55,21705,120.0,2026-09-09
SAMBANDAM,EQ,122.0,122.0,113.01,113.01,118.0,633,0.74,2026-09-09
SAMBHAAV,EQ,5.71,6.03,5.71,5.78,5.96,21822,1.28,2026-09-09
SAMBHV,EQ,128.05,132.6,127.57,130.44,128.67,2972046,3894.57,2026-09-09
SAMHI,EQ,155.9,156.2,151.82,152.43,155.61,989725,1520.26,2026-09-09
SAMMAANCAP,EQ,153.0,153.24,149.81,150.13,153.0,4799914,7245.24,2026-09-09
SAMPANN,EQ,24.47,24.59,23.75,23.99,24.35,13466,3.25,2026-09-09
SANATHAN,EQ,475.0,488.05,472.0,480.35,470.5,243757,1172.65,2026-09-09
SANDESH,EQ,1051.1,1069.9,1020.0,1028.7,1051.1,2318,24.15,2026-09-09
SANDHAR,EQ,628.5,634.85,621.0,625.0,626.35,92102,576.22,2026-09-09
SANDUMA,EQ,195.8,202.95,195.75,201.01,196.57,974554,1950.01,2026-09-09
SANGAMIND,EQ,579.05,595.0,572.05,581.8,580.0,16843,97.94,2026-09-09
SANGHVIMOV,EQ,440.0,450.35,437.7,443.05,441.2,171856,763.88,2026-09-09
SANOFI,EQ,3114.5,3124.9,3100.0,3104.2,3114.9,13834,430.13,2026-09-09
SANOFICONR,EQ,4099.8,4099.8,4033.0,4049.5,4075.6,11920,482.72,2026-09-09
SANSERA,EQ,4013.8,4170.0,3955.0,4135.9,4033.6,470508,19185.22,2026-09-09
SANSTAR,EQ,109.0,111.47,108.5,108.99,109.62,126988,139.62,2026-09-09
SAPPHIRE,EQ,225.35,233.3,224.72,227.61,226.61,1393585,3182.3,2026-09-09
SAPPL,EQ,283.0,291.5,275.05,287.5,282.7,1192,3.39,2026-09-09
SARDAEN,EQ,520.0,554.7,519.05,545.85,519.85,5268817,28711.51,2026-09-09
SAREGAMA,EQ,497.0,516.5,493.9,500.55,497.1,742876,3763.12,2026-09-09
SARLAPOLY,EQ,102.48,103.5,100.5,101.46,101.47,45112,46.07,2026-09-09
SARVESHWAR,EQ,4.16,4.17,3.74,3.78,4.03,7131865,281.72,2026-09-09
SASKEN,EQ,1897.0,1897.5,1840.0,1857.1,1894.3,16837,312.63,2026-09-09
SATIA,EQ,66.5,68.19,66.21,66.51,67.83,119974,80.56,2026-09-09
SATIN,EQ,216.0,219.0,213.02,214.88,217.49,148870,321.07,2026-09-09
SAURASHCEM,EQ,56.35,56.66,55.5,55.78,56.11,23875,13.37,2026-09-09
SAYAJIHOTL,EQ,299.0,316.0,295.0,302.35,320.0,108,0.33,2026-09-09
SAYAJIIND,EQ,116.0,116.0,116.0,116.0,116.01,66,0.08,2026-09-09
SBC,EQ,47.04,49.0,47.04,48.68,46.77,12797508,6189.4,2026-09-09
SBCL,EQ,1112.0,1163.5,1108.6,1136.5,1105.2,383467,4349.34,2026-09-09
SBFC,EQ,97.35,99.99,96.15,99.59,97.35,1121688,1105.19,2026-09-09
SBGLP,EQ,24.52,24.7,23.67,23.99,23.81,30066,7.24,2026-09-09
SBIBPB,EQ,49.31,49.31,48.59,48.72,48.87,4978966,2427.76,2026-09-09
SBICARD,EQ,665.35,674.45,657.25,668.4,668.0,2199393,14674.79,2026-09-09
SBIETFCON,EQ,120.97,120.97,118.77,119.01,119.88,2629,3.14,2026-09-09
SBIETFIT,EQ,329.96,329.97,319.95,320.89,331.6,20685,66.53,2026-09-09
SBIETFPB,EQ,285.89,285.89,278.77,280.11,281.99,2460,6.87,2026-09-09
SBIETFQLTY,EQ,219.53,219.53,217.75,218.0,219.53,1205,2.63,2026-09-09
SBIFUNDS,EQ,553.7,557.0,550.0,552.65,555.7,653948,3617.83,2026-09-09
SBILIFE,EQ,1703.6,1703.6,1676.0,1684.0,1696.6,1020022,17193.43,2026-09-09
SBILIQETF,EQ,1055.15,1055.17,1055.15,1055.16,1055.03,5892,62.17,2026-09-09
SBIMIDMOM,EQ,64.09,64.5,63.74,63.99,64.09,55241,35.34,2026-09-09
SBIN,EQ,999.0,1012.2,992.4,1000.5,1008.0,7091386,71263.96,2026-09-09
SBINEQWETF,EQ,32.88,32.88,32.47,32.8,32.88,31916,10.45,2026-09-09
SBINMID150,EQ,23.28,23.28,22.8,23.09,23.17,16113,3.72,2026-09-09
SBISILVER,EQ,227.5,229.17,226.91,227.94,226.79,1523756,3469.74,2026-09-09
SBISMLETF,EQ,18.41,18.78,18.26,18.48,18.57,32248,5.97,2026-09-09
SBIVALETF,EQ,14.57,14.68,14.57,14.62,14.57,10839,1.58,2026-09-09
SCHAEFFLER,EQ,3954.0,3979.7,3912.0,3933.8,3954.6,76961,3023.7,2026-09-09
SCHAND,EQ,137.99,137.99,132.3,135.01,136.64,21258,28.6,2026-09-09
SCHNEIDER,EQ,1229.7,1235.0,1186.0,1193.8,1229.7,184315,2214.69,2026-09-09
SCI,EQ,288.7,291.2,287.0,287.35,288.75,1073224,3098.92,2026-09-09
SCILAL,EQ,38.78,39.0,38.27,38.43,38.77,141169,54.38,2026-09-09
SCODATUBES,EQ,130.0,132.9,129.01,130.99,129.85,228232,298.18,2026-09-09
SDBL,EQ,72.39,73.5,71.25,71.68,72.39,408987,293.68,2026-09-09
SEAMECLTD,EQ,1788.7,1812.2,1769.1,1772.6,1782.6,97645,1748.09,2026-09-09
SECMARK,EQ,148.4,149.45,138.4,141.47,139.33,4964,7.18,2026-09-09
SECURKLOUD,EQ,17.4,17.4,16.5,16.96,16.99,12897,2.19,2026-09-09
SEDEMAC,EQ,2852.6,2869.8,2813.5,2850.4,2867.5,80637,2293.77,2026-09-09
SEIL,EQ,200.01,200.01,193.06,195.28,198.59,205180,401.25,2026-09-09
SEJALLTD,EQ,656.4,657.0,645.2,645.6,651.35,2864,18.59,2026-09-09
SEKURITIND,EQ,113.8,114.19,110.25,111.7,113.19,29556,33.2,2026-09-09
SELECTIPO,EQ,48.88,48.88,48.52,48.59,48.88,55023,26.78,2026-09-09
SELMC,EQ,28.81,31.89,27.91,29.25,28.81,335077,99.62,2026-09-09
SEMAC,EQ,273.45,285.0,273.4,279.85,285.95,512,1.42,2026-09-09
SENCO,EQ,360.0,363.7,354.45,355.8,361.85,534010,1914.68,2026-09-09
SENORES,EQ,1519.9,1525.0,1460.2,1488.6,1509.8,233104,3460.03,2026-09-09
SENSEXADD,EQ,77.64,77.7,77.22,77.68,78.31,9684,7.51,2026-09-09
SENSEXAXIS,EQ,79.28,79.28,77.4,77.73,78.74,3092,2.42,2026-09-09
SENSEXBETA,EQ,839.29,840.0,831.9,834.77,841.3,3870,32.29,2026-09-09
SENSEXETF,EQ,78.17,78.17,77.31,77.42,78.19,49785,38.6,2026-09-09
SENSEXIETF,EQ,870.0,870.01,862.51,863.68,872.03,12977,112.23,2026-09-09
SEPC,EQ,5.34,5.44,5.31,5.36,5.34,6609217,355.8,2026-09-09
SERVOTECH,EQ,79.9,79.9,77.12,77.84,79.06,367678,287.8,2026-09-09
SESHAPAPER,EQ,244.29,245.4,241.5,243.68,243.98,74510,181.2,2026-09-09
SETF10GILT,EQ,264.01,265.29,263.52,264.18,265.02,6790,17.99,2026-09-09
SETFGOLD,EQ,129.65,130.26,129.08,129.83,129.84,4242284,5507.92,2026-09-09
SETFNIF50,EQ,252.65,257.91,252.65,253.43,255.36,1608380,4083.46,2026-09-09
SETFNIFBK,EQ,582.83,583.9,580.05,581.06,584.23,26284,153.02,2026-09-09
SETFNN50,EQ,776.51,784.73,776.5,782.29,781.42,41835,327.09,2026-09-09
SETL,EQ,402.0,424.7,401.4,424.7,404.5,1743094,7327.16,2026-09-09
SFL,EQ,681.6,698.6,676.0,687.0,675.95,377404,2600.54,2026-09-09
SGFIN,EQ,675.2,687.0,668.25,678.8,676.15,153142,1038.65,2026-09-09
SGIL,EQ,597.9,609.0,578.7,600.55,588.5,10782,64.23,2026-09-09
SGL,EQ,10.06,10.33,9.81,10.07,9.87,33380,3.35,2026-09-09
SGLRES,EQ,2.53,2.58,2.4,2.47,2.52,49785,1.22,2026-09-09
SGMART,EQ,809.5,816.0,766.9,772.9,809.5,336290,2641.16,2026-09-09
SGRL,EQ,702.95,708.0,653.5,665.9,696.0,15678,106.16,2026-09-09
SHADOWFAX,EQ,249.0,253.5,246.25,251.2,249.75,2461406,6148.81,2026-09-09
SHAH,EQ,3.42,3.61,3.25,3.51,3.36,4466881,154.78,2026-09-09
SHAILY,EQ,3410.0,3487.7,3391.6,3455.0,3407.8,243432,8406.76,2026-09-09
SHAKTIPUMP,EQ,472.0,477.4,466.05,467.8,473.0,389496,1832.13,2026-09-09
SHALBY,EQ,149.82,152.0,147.6,148.48,149.82,87527,130.44,2026-09-09
SHANKARA,EQ,148.99,148.99,147.5,148.29,148.34,61629,91.31,2026-09-09
SHANKESH,EQ,95.58,99.0,95.13,97.93,94.89,3732363,3633.34,2026-09-09
SHANTI,EQ,6.64,6.64,6.15,6.26,6.46,12792,0.8,2026-09-09
SHANTIGEAR,EQ,711.5,739.05,687.5,707.75,704.0,936332,6721.32,2026-09-09
SHANTIGOLD,EQ,264.28,268.8,260.0,261.29,264.26,1281587,3392.57,2026-09-09
SHARDACROP,EQ,797.0,797.4,782.0,783.5,795.9,90922,717.02,2026-09-09
SHARDAMOTR,EQ,890.75,921.75,885.05,909.3,890.75,72950,662.2,2026-09-09
SHAREINDIA,EQ,170.2,196.6,168.71,189.46,170.91,28867559,55047.24,2026-09-09
SHARIABEES,EQ,445.0,446.04,438.5,439.96,446.23,13292,58.59,2026-09-09
SHBAJRG,EQ,155.9,159.98,154.0,158.99,155.89,4905,7.68,2026-09-09
SHERVANI,EQ,305.0,324.85,305.0,310.35,324.9,6,0.02,2026-09-09
SHILCTECH,EQ,4239.9,4239.9,4063.0,4089.2,4212.5,15750,648.68,2026-09-09
SHILGRAVQ,EQ,151.0,153.0,151.0,151.61,150.21,826,1.25,2026-09-09
SHILPAMED,EQ,959.9,974.95,954.1,960.6,959.9,694978,6687.36,2026-09-09
SHINDL,EQ,161.7,161.88,160.0,160.76,160.65,153215,246.18,2026-09-09
SHIPROCKET,EQ,134.78,136.0,131.23,132.37,134.77,4190927,5566.72,2026-09-09
SHIVAAGRO,EQ,43.05,43.05,40.6,41.99,42.96,1176,0.5,2026-09-09
SHIVACEM,EQ,16.12,16.12,15.8,15.89,16.12,45230,7.21,2026-09-09
SHIVALIK,EQ,322.0,384.9,318.3,384.9,320.75,471778,1732.33,2026-09-09
SHIVAMAUTO,EQ,17.03,17.8,16.7,16.86,17.03,34231,5.91,2026-09-09
SHIVAMILLS,EQ,62.0,62.25,59.86,60.47,62.63,2344,1.42,2026-09-09
SHIVATEX,EQ,177.1,179.0,164.1,176.64,177.7,4458,7.86,2026-09-09
SHIVAUM,EQ,464.05,465.0,460.55,464.35,461.2,1445,6.7,2026-09-09
SHK,EQ,145.88,148.87,143.94,144.98,145.59,298967,437.59,2026-09-09
SHOPERSTOP,EQ,384.7,384.7,377.7,379.3,380.8,8498,32.28,2026-09-09
SHRADDHA,EQ,153.98,156.4,148.0,151.05,154.75,5567,8.38,2026-09-09
SHRADHA,EQ,30.66,31.49,30.0,30.84,30.65,9114,2.79,2026-09-09
SHREDIGCEM,EQ,71.2,72.0,70.6,70.96,72.6,94661,67.3,2026-09-09
SHREECEM,EQ,23160.0,23240.0,22900.0,22950.0,23160.0,12133,2792.0,2026-09-09
SHREEJISPG,EQ,695.2,715.0,695.1,713.1,698.2,735559,5175.79,2026-09-09
SHREEPUSHK,EQ,513.4,513.9,499.1,501.2,510.05,46803,235.34,2026-09-09
SHREERAMA,EQ,42.8,49.91,41.14,45.0,42.27,417234,193.39,2026-09-09
SHREYANIND,EQ,133.5,135.45,132.0,132.98,133.0,6056,8.08,2026-09-09
SHRIKRISH,EQ,37.16,39.0,36.1,36.15,37.15,223,0.08,2026-09-09
SHRINGARMS,EQ,218.0,220.0,216.51,218.7,217.44,104841,229.01,2026-09-09
SHRIPISTON,EQ,4438.2,4525.0,4390.0,4500.8,4438.2,101461,4555.56,2026-09-09
SHRIRAMFIN,EQ,1018.2,1034.8,1013.0,1029.0,1029.0,3641454,37394.95,2026-09-09
SHRIRAMPPS,EQ,74.43,74.95,72.2,72.51,74.63,410646,300.51,2026-09-09
SHRJAGP,EQ,637.0,665.95,622.25,652.0,638.1,253,1.64,2026-09-09
SHUKRAPHAR,EQ,54.98,57.44,54.17,56.1,54.11,2827806,1572.34,2026-09-09
SHYAMMETL,EQ,1080.5,1090.3,1070.3,1073.7,1081.9,153996,1663.34,2026-09-09
SHYAMTEL,EQ,11.06,11.97,10.72,11.43,11.47,4155,0.46,2026-09-09
SICAGEN,EQ,57.15,58.95,54.95,56.36,57.84,42516,23.84,2026-09-09
SIEL,EQ,29.55,29.55,29.34,29.35,30.2,346,0.1,2026-09-09
SIEMENS,EQ,3932.0,4003.0,3911.8,3949.1,3951.3,378664,15013.48,2026-09-09
SIGACHI,EQ,34.54,35.8,34.26,35.27,34.7,3396501,1197.34,2026-09-09
SIGMA,EQ,47.2,48.0,45.7,45.83,47.21,112657,52.26,2026-09-09
SIGNATURE,EQ,785.0,794.1,775.65,786.8,785.2,172473,1346.28,2026-09-09
SIGNPOST,EQ,265.6,284.0,259.6,270.75,264.55,1028495,2828.34,2026-09-09
SIKA,EQ,1015.15,1019.05,985.6,993.4,1015.15,26269,262.98,2026-09-09
SIL,EQ,19.19,19.29,18.26,18.35,19.1,75317,13.98,2026-09-09
SILGO,EQ,71.5,72.91,70.55,71.09,71.49,309476,220.76,2026-09-09
SILINV,EQ,453.0,465.0,453.0,461.45,462.4,1855,8.55,2026-09-09
SILLYMONKS,EQ,15.96,16.49,15.96,16.0,16.29,31902,5.14,2026-09-09
SILVER,EQ,232.39,233.64,231.33,232.45,231.1,554586,1289.63,2026-09-09
SILVER001,EQ,23.45,23.6,22.51,23.5,23.28,10116,2.35,2026-09-09
SILVER1,EQ,22.55,22.7,22.48,22.61,22.46,7579686,1714.38,2026-09-09
SILVER360,EQ,227.28,229.99,226.15,229.05,227.28,25160,57.58,2026-09-09
SILVERADD,EQ,22.48,22.58,22.33,22.42,22.3,2795835,627.79,2026-09-09
SILVERAG,EQ,223.1,227.79,223.1,226.5,225.22,73101,165.51,2026-09-09
SILVERAXIS,EQ,229.96,232.48,229.96,231.19,229.96,153962,356.46,2026-09-09
SILVERBEES,EQ,221.49,223.65,221.49,222.59,221.17,13917585,31001.59,2026-09-09
SILVERBETA,EQ,221.5,225.83,221.5,224.56,223.41,301611,678.26,2026-09-09
SILVERBND,EQ,233.05,234.89,231.84,233.12,231.9,12000,27.99,2026-09-09
SILVERCASE,EQ,23.36,23.71,23.36,23.6,23.45,7178481,1694.28,2026-09-09
SILVERIETF,EQ,230.88,233.49,230.88,232.34,230.88,1953780,4542.81,2026-09-09
SILVERTUC,EQ,161.0,165.65,157.99,159.96,161.1,418255,677.78,2026-09-09
SIMPLEXINF,EQ,256.05,264.55,255.1,259.35,257.4,75525,196.27,2026-09-09
SIMPLXREA,EQ,140.9,140.9,127.9,132.23,134.62,6,0.01,2026-09-09
SINCLAIR,EQ,84.0,84.79,81.38,82.96,84.03,54639,45.53,2026-09-09
SINDHUTRAD,EQ,25.0,25.42,24.55,24.99,25.0,11179609,2794.62,2026-09-09
SINGERIND,EQ,75.95,76.39,74.11,74.38,75.75,32579,24.52,2026-09-09
SINTERCOM,EQ,81.85,85.0,80.97,83.9,79.2,8585,7.25,2026-09-09
SIRCA,EQ,435.35,437.0,429.2,430.6,434.4,201874,870.17,2026-09-09
SIS,EQ,427.0,433.8,425.25,426.55,427.75,365193,1567.2,2026-09-09
SIYSIL,EQ,550.1,553.85,527.1,530.45,554.05,80328,429.7,2026-09-09
SJS,EQ,2280.0,2304.9,2258.5,2295.2,2286.8,88371,2019.41,2026-09-09
SJVN,EQ,65.95,68.33,65.59,66.88,65.87,5367026,3610.95,2026-09-09
SKFINDIA,EQ,1534.8,1552.7,1525.9,1533.5,1534.8,26668,409.75,2026-09-09
SKFINDUS,EQ,2940.0,3039.8,2935.7,2971.7,2953.8,36285,1088.29,2026-09-09
SKIPPER,EQ,604.0,616.8,590.1,593.95,604.7,1704618,10296.1,2026-09-09
SKMEGGPROD,EQ,252.15,254.95,249.0,250.9,253.35,123540,310.34,2026-09-09
SKYGOLD,EQ,825.0,839.0,810.1,832.2,820.0,1092277,9044.54,2026-09-09
SKYWAYS,EQ,110.5,117.95,109.33,113.59,110.22,5424457,6227.98,2026-09-09
SMALL250,EQ,18.95,18.95,18.49,18.52,18.58,431576,80.02,2026-09-09
SMALLADD,EQ,18.59,18.84,18.25,18.61,18.62,20581,3.82,2026-09-09
SMALLCAP,EQ,49.49,49.6,49.22,49.35,49.45,1617862,800.01,2026-09-09
SMALLGROWW,EQ,49.95,49.95,49.3,49.43,49.55,4260,2.11,2026-09-09
SMALLIETF,EQ,18.79,18.79,18.49,18.52,18.59,21712,4.02,2026-09-09
SMARTWORKS,EQ,557.15,558.0,541.1,547.95,552.65,63358,347.34,2026-09-09
SMCGLOBAL,EQ,85.0,85.47,83.22,83.93,85.31,804605,679.4,2026-09-09
SML100CASE,EQ,11.61,11.61,11.39,11.41,11.46,733407,83.77,2026-09-09
SMLMAH,EQ,6325.0,6629.0,6290.0,6570.0,6313.5,134865,8821.5,2026-09-09
SMLT,EQ,62.5,63.65,62.1,62.15,62.17,2857,1.79,2026-09-09
SMSPHARMA,EQ,405.0,417.7,402.05,407.3,399.15,523724,2143.12,2026-09-09
SNOWMAN,EQ,36.83,37.2,36.33,36.82,36.83,75581,27.71,2026-09-09
SNXT30BEES,EQ,42.44,43.0,42.2,42.55,42.25,15467,6.58,2026-09-09
SNXT50BETA,EQ,94.83,95.1,93.1,94.62,94.36,1586,1.5,2026-09-09
SOBHA,EQ,1255.0,1255.0,1224.0,1229.5,1255.6,40274,497.29,2026-09-09
SOFTTECH,EQ,446.95,446.95,430.15,441.65,438.0,2570,11.23,2026-09-09
SOLARA,EQ,700.0,707.95,688.05,690.5,701.8,271068,1879.66,2026-09-09
SOLARINDS,EQ,22515.0,22625.0,22230.0,22355.0,22455.0,94443,21097.24,2026-09-09
SOLARWORLD,EQ,149.0,149.0,145.05,145.59,147.99,109693,161.19,2026-09-09
SOLEX,EQ,729.8,729.8,712.8,715.6,725.05,16403,118.05,2026-09-09
SOMANYCERA,EQ,558.0,561.75,551.6,553.5,562.65,93463,518.35,2026-09-09
SOMATEX,EQ,86.98,86.98,84.0,84.05,85.27,7478,6.33,2026-09-09
SOMICONVEY,EQ,90.55,91.99,90.5,90.87,91.64,7428,6.74,2026-09-09
SONACOMS,EQ,803.05,806.4,792.55,799.5,804.0,549181,4386.9,2026-09-09
SONAL,EQ,88.85,89.4,88.5,88.58,88.85,125,0.11,2026-09-09
SONATSOFTW,EQ,274.15,274.15,265.3,267.7,274.25,909749,2440.93,2026-09-09
SOTL,EQ,681.35,698.2,675.4,689.6,681.35,375794,2583.84,2026-09-09
SOUTHBANK,EQ,46.51,46.96,46.14,46.41,46.82,8187411,3806.56,2026-09-09
SOUTHWEST,EQ,230.5,244.4,224.17,226.81,230.38,1192055,2827.68,2026-09-09
SPAL,EQ,1048.8,1054.9,1002.0,1012.5,1048.9,128022,1307.68,2026-09-09
SPANDANA,EQ,239.0,239.0,232.02,232.61,239.74,88510,207.17,2026-09-09
SPARC,EQ,204.0,204.0,200.07,200.58,203.27,519851,1045.46,2026-09-09
SPCENET,EQ,3.63,3.65,3.53,3.57,3.61,573087,20.58,2026-09-09
SPELS,EQ,147.33,148.45,145.0,145.65,146.6,22324,32.58,2026-09-09
SPENCERS,EQ,29.89,29.98,29.0,29.22,29.41,9742,2.86,2026-09-09
SPIC,EQ,71.07,71.48,69.95,70.13,71.07,398972,282.0,2026-09-09
SPLIL,EQ,30.81,31.4,30.0,31.33,30.8,4330,1.32,2026-09-09
SPLPETRO,EQ,828.0,837.6,810.0,813.55,828.4,196496,1622.75,2026-09-09
SPMLINFRA,EQ,176.42,179.1,173.0,173.93,176.31,206020,361.14,2026-09-09
SPORTKING,EQ,215.99,219.97,212.22,217.39,215.6,171997,372.59,2026-09-09
SRD,EQ,39.06,40.0,38.9,39.33,39.39,20414,8.08,2026-09-09
SREEL,EQ,288.0,345.01,287.5,345.01,287.51,635232,2134.83,2026-09-09
SRF,EQ,2519.8,2532.0,2509.7,2520.0,2522.0,68501,1726.64,2026-09-09
SRGHFL,EQ,244.9,244.9,233.0,243.75,236.65,5845,13.96,2026-09-09
SRHHYPOLTD,EQ,528.0,537.5,527.05,531.9,527.9,14320,76.42,2026-09-09
SRM,EQ,462.9,462.9,450.0,452.85,461.05,43801,198.89,2026-09-09
SRTL,EQ,37.78,37.88,36.8,37.02,37.61,24830,9.25,2026-09-09
SSDL,EQ,57.12,57.79,56.07,56.54,57.12,20816,11.77,2026-09-09
SSWL,EQ,374.95,379.05,369.15,371.45,373.1,676147,2521.46,2026-09-09
STANLEY,EQ,139.25,140.5,137.01,138.41,138.59,74144,102.74,2026-09-09
STAR,EQ,1187.4,1217.0,1181.3,1195.7,1187.4,376096,4506.51,2026-09-09
STARCEMENT,EQ,194.94,194.94,190.4,192.32,194.83,260534,500.88,2026-09-09
STARHEALTH,EQ,576.5,576.5,561.75,571.95,572.1,289071,1648.21,2026-09-09
STARPAPER,EQ,161.5,163.0,157.5,159.17,159.33,8830,14.16,2026-09-09
STARTECK,EQ,249.95,250.15,243.1,246.15,246.9,142,0.35,2026-09-09
STCINDIA,EQ,115.5,115.5,113.1,113.74,113.72,11312,12.93,2026-09-09
STEELCAS,EQ,333.8,336.2,320.35,324.8,331.6,78377,257.15,2026-09-09
STEELCITY,EQ,83.4,84.29,82.5,84.07,83.22,5821,4.84,2026-09-09
STEELXIND,EQ,11.61,12.89,11.47,12.0,11.53,57173683,7046.1,2026-09-09
STEL,EQ,605.15,607.6,577.6,590.0,601.4,4063,23.96,2026-09-09
STLNETWORK,EQ,31.95,33.2,30.71,33.2,31.62,12406425,4051.29,2026-09-09
STLSTRINF,EQ,18.2,19.5,18.2,18.64,18.11,1642,0.3,2026-09-09
STOVEKRAFT,EQ,845.0,849.8,830.55,839.3,839.45,77414,651.03,2026-09-09
STUDDS,EQ,421.85,424.0,410.0,414.6,421.85,46514,193.81,2026-09-09
STYL,EQ,385.4,398.2,375.35,388.75,383.35,178377,687.0,2026-09-09
STYLAMIND,EQ,3348.0,3430.0,3321.0,3382.3,3349.9,26241,889.33,2026-09-09
STYLEBAAZA,EQ,387.0,405.0,383.05,397.7,387.3,821639,3265.39,2026-09-09
STYRENIX,EQ,2124.9,2155.0,2102.7,2146.5,2114.9,47541,1011.86,2026-09-09
SUBEXLTD,EQ,19.3,20.28,17.61,18.8,19.23,23896769,4606.03,2026-09-09
SUBROS,EQ,696.3,738.75,692.6,729.0,697.85,96607,693.78,2026-09-09
SUDARCOLOR,EQ,385.5,385.5,380.0,380.55,385.35,3623,13.82,2026-09-09
SUDARSCHEM,EQ,1224.6,1278.0,1218.0,1262.3,1221.7,371328,4689.05,2026-09-09
SUDEEPPHRM,EQ,1354.2,1363.0,1277.0,1277.3,1344.2,318567,4143.43,2026-09-09
SUKHJITS,EQ,160.7,164.95,158.3,160.03,160.49,91683,147.87,2026-09-09
SULA,EQ,144.1,144.1,138.4,139.35,146.5,1328109,1855.24,2026-09-09
SUMEDHA,EQ,41.48,41.48,38.05,40.01,38.72,1112,0.43,2026-09-09
SUMEETINDS,EQ,11.41,11.5,11.26,11.28,11.39,957437,108.47,2026-09-09
SUMICHEM,EQ,489.9,492.0,477.8,481.75,486.7,294934,1426.16,2026-09-09
SUMIT,EQ,51.4,51.4,48.6,49.99,49.06,11078,5.49,2026-09-09
SUMMITSEC,EQ,1410.7,1460.5,1402.5,1411.8,1404.1,7674,109.44,2026-09-09
SUNCLAY,EQ,1285.5,1305.0,1285.0,1286.0,1293.4,3555,45.84,2026-09-09
SUNDARAM,EQ,1.21,1.22,1.19,1.2,1.21,366921,4.42,2026-09-09
SUNDARMFIN,EQ,4689.2,4740.6,4645.1,4728.0,4712.7,24537,1154.89,2026-09-09
SUNDRMFAST,EQ,1260.0,1265.0,1214.8,1219.4,1255.0,99959,1233.43,2026-09-09
SUNDROP,EQ,652.3,674.85,651.5,668.1,659.3,50091,334.19,2026-09-09
SUNFLAG,EQ,340.0,340.0,329.35,331.35,338.3,129992,433.93,2026-09-09
SUNLOC,EQ,77.0,80.52,77.0,78.0,79.72,189,0.15,2026-09-09
SUNPHARMA,EQ,1892.6,1898.6,1864.9,1864.9,1885.9,1396896,26165.85,2026-09-09
SUNRAKSHAK,EQ,370.5,377.5,370.5,372.7,373.75,6679,24.92,2026-09-09
SUNSHIEL,EQ,1259.9,1259.9,1180.8,1225.3,1239.4,1041,12.79,2026-09-09
SUNSHINE,EQ,490.05,498.6,476.35,481.2,489.15,850225,4150.6,2026-09-09
SUNTECK,EQ,295.8,296.95,290.45,291.7,295.9,85230,249.36,2026-09-09
SUNTV,EQ,453.95,457.9,447.7,449.3,453.5,194146,874.95,2026-09-09
SUPERHOUSE,EQ,168.5,189.0,167.04,180.05,170.7,73213,133.98,2026-09-09
SUPRAJIT,EQ,478.7,488.5,465.0,485.45,475.6,99934,482.03,2026-09-09
SUPREME,EQ,37.95,37.95,34.8,35.17,37.16,245015,87.83,2026-09-09
SUPREMEIND,EQ,3553.0,3561.4,3493.8,3516.9,3553.0,99750,3504.63,2026-09-09
SUPREMEINF,EQ,85.46,86.5,83.0,85.54,85.1,42204,35.72,2026-09-09
SUPRIYA,EQ,911.3,925.0,899.1,911.4,915.65,196499,1789.52,2026-09-09
SURAJEST,EQ,174.25,179.99,166.25,169.91,173.92,385372,656.0,2026-09-09
SURAJLTD,EQ,200.0,205.5,192.01,204.06,200.2,1117,2.28,2026-09-09
SURAKSHA,EQ,335.05,349.0,333.6,335.65,340.1,117233,401.19,2026-09-09
SURANASOL,EQ,26.26,26.27,25.72,25.78,26.03,27564,7.13,2026-09-09
SURANAT&P,EQ,16.29,16.71,16.0,16.24,16.42,49078,7.93,2026-09-09
SURYALA,EQ,419.0,419.0,400.5,401.05,410.0,126,0.51,2026-09-09
SURYALAXMI,EQ,58.98,59.74,57.55,58.21,58.32,957,0.56,2026-09-09
SURYAROSNI,EQ,217.1,222.28,215.49,219.57,216.02,831791,1815.64,2026-09-09
SURYODAY,EQ,155.0,155.5,152.1,153.42,154.86,151992,232.93,2026-09-09
SUVEN,EQ,369.9,376.75,355.05,357.5,369.9,780037,2819.09,2026-09-09
SUVIDHAA,EQ,2.29,2.49,2.2,2.41,2.31,363122,8.79,2026-09-09
SUYOG,EQ,717.5,739.8,680.4,689.35,713.65,77111,550.62,2026-09-09
SUZLON,EQ,45.65,46.4,45.3,45.45,45.5,52512738,24062.32,2026-09-09
SVGLOBAL,EQ,156.8,156.9,145.35,147.65,152.87,1965,2.93,2026-09-09
SVPGLOB,EQ,3.51,3.65,3.5,3.5,3.51,35835,1.26,2026-09-09
SWANCORP,EQ,276.3,279.9,273.65,277.65,276.8,830009,2294.29,2026-09-09
SWARAJENG,EQ,3639.0,3639.0,3572.0,3594.3,3632.6,9033,325.57,2026-09-09
SWARNSAR,EQ,43.5,45.7,39.21,40.78,41.62,123602,52.9,2026-09-09
SWELECTES,EQ,582.55,594.8,571.0,576.6,583.8,15629,91.08,2026-09-09
SWIGGY,EQ,274.0,285.55,271.8,282.75,275.7,23545618,65806.03,2026-09-09
SWSOLAR,EQ,184.94,184.94,181.7,182.03,184.08,570016,1043.16,2026-09-09
SYMBIOTEC,EQ,1095.0,1161.65,1076.2,1133.7,1094.1,3521358,39791.93,2026-09-09
SYMPHONY,EQ,605.0,627.0,603.0,618.6,613.05,331925,2049.27,2026-09-09
SYNCOMF,EQ,21.17,21.32,20.05,20.14,20.97,6347357,1306.87,2026-09-09
SYNGENE,EQ,386.8,388.6,382.6,386.8,387.55,358624,1384.39,2026-09-09
SYRMA,EQ,1639.0,1660.0,1616.0,1622.4,1639.2,1096481,17933.64,2026-09-09
TAALTECH,EQ,4550.0,4949.0,4534.0,4886.6,4532.2,45586,2198.31,2026-09-09
TAINWALCHM,EQ,212.34,216.0,209.0,209.11,212.34,2674,5.66,2026-09-09
TAJGVK,EQ,332.05,335.7,329.4,332.15,332.75,57365,190.57,2026-09-09
TAKE,EQ,15.84,15.99,15.5,15.99,15.23,796799,126.93,2026-09-09
TALBROAUTO,EQ,420.1,426.9,417.05,420.45,424.0,106061,446.01,2026-09-09
TANAA,EQ,276.0,277.35,270.0,272.75,276.95,19162,52.46,2026-09-09
TANLA,EQ,509.0,520.45,504.8,509.3,512.95,500496,2557.53,2026-09-09
TARACHAND,EQ,47.68,48.63,46.32,47.05,47.68,66478,31.37,2026-09-09
TARAPUR,EQ,12.81,13.34,12.8,12.95,12.83,24086,3.12,2026-09-09
TARC,EQ,132.9,133.9,127.11,129.78,131.53,519332,671.78,2026-09-09
TARIL,EQ,298.0,300.5,295.15,296.9,297.15,775856,2308.97,2026-09-09
TARMAT,EQ,61.51,63.57,59.1,59.71,62.25,27947,17.06,2026-09-09
TARSONS,EQ,327.3,329.05,315.05,321.35,325.15,113511,363.7,2026-09-09
TASTYBITE,EQ,9806.0,9948.0,9801.0,9824.0,9853.0,1538,151.4,2026-09-09
TATACAP,EQ,365.15,366.55,360.55,363.0,368.05,617731,2241.73,2026-09-09
TATACHEM,EQ,604.7,607.95,600.55,603.05,607.7,311583,1880.93,2026-09-09
TATACOMM,EQ,1752.0,1784.0,1734.9,1772.8,1752.8,207805,3675.79,2026-09-09
TATACONSUM,EQ,1010.8,1013.7,1001.0,1001.0,1014.1,973918,9813.69,2026-09-09
TATAELXSI,EQ,3452.5,3459.9,3380.0,3383.0,3492.0,246727,8415.64,2026-09-09
TATAGOLD,EQ,14.78,14.85,14.71,14.79,14.79,27633939,4083.68,2026-09-09
TATAINVEST,EQ,622.05,624.8,616.1,618.8,622.05,129846,802.87,2026-09-09
TATAPOWER,EQ,364.1,373.7,363.15,370.0,365.55,5668226,20967.49,2026-09-09
TATASTEEL,EQ,184.8,190.26,183.41,188.75,184.15,45985325,86271.03,2026-09-09
TATATECH,EQ,794.0,794.0,783.0,787.65,798.5,610440,4819.81,2026-09-09
TATSILV,EQ,22.44,22.72,22.44,22.6,22.44,30151602,6817.24,2026-09-09
TATVA,EQ,1680.2,1712.5,1666.6,1688.4,1680.2,32908,555.57,2026-09-09
TBOTEK,EQ,1703.0,1735.0,1682.0,1721.1,1694.5,87150,1493.43,2026-09-09
TBZ,EQ,583.05,583.05,527.55,527.6,555.3,5742152,31732.26,2026-09-09
TCC,EQ,49.1,58.88,45.6,51.5,49.07,32714581,17946.55,2026-09-09
TCI,EQ,874.8,888.0,863.3,867.95,872.5,18299,159.01,2026-09-09
TCIEXP,EQ,548.9,549.7,535.6,540.05,550.45,33793,182.85,2026-09-09
TCPLPACK,EQ,3874.7,3879.9,3802.2,3819.7,3874.7,4307,165.4,2026-09-09
TCS,EQ,2237.0,2237.0,2193.2,2208.0,2255.5,3370071,74391.43,2026-09-09
TDPOWERSYS,EQ,769.8,787.6,752.0,755.1,768.8,1286601,9875.22,2026-09-09
TEAMGTY,EQ,240.97,240.97,235.0,238.43,235.02,248,0.58,2026-09-09
TEAMLEASE,EQ,1250.0,1295.0,1240.5,1281.5,1256.5,20453,258.88,2026-09-09
TECH,EQ,32.79,32.79,31.61,31.76,32.79,122686,38.97,2026-09-09
TECHM,EQ,1531.0,1531.0,1498.0,1508.0,1559.0,1329200,20046.99,2026-09-09
TECHNOCRAF,EQ,405.9,416.5,401.0,409.0,403.85,1401837,5741.35,2026-09-09
TECHNOE,EQ,965.0,989.0,960.0,985.3,964.7,156026,1526.92,2026-09-09
TECHNVISN,EQ,4839.0,4950.0,4636.0,4928.5,4797.5,156,7.57,2026-09-09
TECILCHEM,EQ,9.59,10.2,9.5,9.52,9.26,16420,1.59,2026-09-09
TEGA,EQ,1632.5,1743.3,1625.2,1678.3,1632.4,1152710,19455.61,2026-09-09
TEJASNET,EQ,589.0,600.0,574.0,575.9,590.05,2049808,11929.21,2026-09-09
TEMBO,EQ,58.45,58.5,57.36,57.45,58.17,487518,281.3,2026-09-09
TEMPSENS,EQ,574.7,609.8,572.0,588.65,571.35,7543324,44781.37,2026-09-09
TENNIND,EQ,526.8,528.95,513.4,518.4,525.7,564878,2932.98,2026-09-09
TERAI,EQ,131.3,131.3,115.0,123.31,130.0,1258,1.55,2026-09-09
TERASOFT,EQ,272.35,272.35,251.5,255.4,272.35,40624,105.75,2026-09-09
TEXINFRA,EQ,120.01,121.29,112.52,115.23,120.03,380617,442.35,2026-09-09
TEXMOPIPES,EQ,52.3,59.2,51.31,57.59,52.52,998839,569.31,2026-09-09
TEXRAIL,EQ,117.98,118.6,114.8,115.16,118.26,1397158,1626.53,2026-09-09
TFCILTD,EQ,141.01,144.8,140.15,141.69,140.89,5715933,8132.53,2026-09-09
TFL,EQ,12.18,12.18,11.82,11.92,12.06,662,0.08,2026-09-09
TGBHOTELS,EQ,9.45,10.49,9.3,9.82,9.21,135707,13.37,2026-09-09
TGVSL,EQ,109.11,109.93,106.1,106.92,109.47,103034,110.72,2026-09-09
THACKER,EQ,1017.0,1047.0,1017.0,1045.0,1017.0,44,0.45,2026-09-09
THAKDEV,EQ,148.0,148.0,137.0,138.5,148.0,17,0.02,2026-09-09
THANGAMAYL,EQ,5366.0,5366.0,5100.5,5118.0,5366.5,89077,4618.1,2026-09-09
THEINVEST,EQ,98.0,100.8,96.0,97.46,96.28,11001,10.84,2026-09-09
THEJO,EQ,2149.9,2175.8,2095.0,2150.1,2134.1,5976,127.85,2026-09-09
THELEELA,EQ,540.95,545.0,528.0,531.45,542.5,244629,1304.05,2026-09-09
THEMISMED,EQ,131.75,136.2,130.94,132.71,132.17,305033,408.43,2026-09-09
THERMAX,EQ,3631.8,3702.0,3614.2,3638.6,3629.6,140751,5131.81,2026-09-09
THOMASCOOK,EQ,110.0,110.0,107.5,109.13,109.91,809014,878.61,2026-09-09
THOMASCOTT,EQ,256.5,257.9,249.0,250.6,255.3,69512,175.63,2026-09-09
THYROCARE,EQ,569.45,574.05,564.1,566.85,569.45,171583,974.62,2026-09-09
TI,EQ,540.45,540.85,526.8,530.9,540.35,653479,3489.9,2026-09-09
TIGERLOGS,EQ,27.82,28.86,27.1,27.36,27.82,71997,19.92,2026-09-09
TIIL,EQ,3150.0,3240.8,3119.8,3170.2,3141.0,63318,2014.68,2026-09-09
TIINDIA,EQ,2649.4,2708.6,2596.3,2678.3,2638.7,234838,6284.91,2026-09-09
TIMETECHNO,EQ,186.24,189.2,184.5,184.99,186.54,1710617,3195.69,2026-09-09
TIMEX,EQ,605.1,632.5,603.75,623.35,607.1,313646,1951.52,2026-09-09
TIMKEN,EQ,3090.0,3208.0,3087.2,3173.4,3098.9,30907,975.4,2026-09-09
TINNARUBR,EQ,1025.65,1111.0,1011.05,1047.9,1019.0,221674,2364.47,2026-09-09
TIPSFILMS,EQ,336.0,337.45,326.0,326.65,331.1,3246,10.73,2026-09-09
TIPSMUSIC,EQ,644.0,654.85,638.2,650.8,644.9,162290,1054.44,2026-09-09
TIRUMALCHM,EQ,158.49,161.0,156.71,157.81,157.9,339118,537.99,2026-09-09
TITAGARH,EQ,881.0,904.8,873.15,876.35,880.8,869717,7747.41,2026-09-09
TITAN,EQ,5010.0,5019.0,4968.0,5005.0,4987.0,502050,25080.17,2026-09-09
TMB,EQ,920.0,929.6,916.1,922.25,926.8,68604,632.98,2026-09-09
TMCV,EQ,455.05,458.35,443.55,444.95,456.05,5681388,25519.96,2026-09-09
TMPV,EQ,306.45,306.45,300.8,303.0,306.45,6971556,21146.72,2026-09-09
TNIDETF,EQ,90.12,90.29,88.2,88.43,89.67,75049,66.5,2026-09-09
TNPETRO,EQ,141.27,144.75,136.45,137.6,139.18,1993687,2802.58,2026-09-09
TNPL,EQ,161.99,162.19,155.0,155.34,161.41,188419,296.16,2026-09-09
TNTELE,EQ,8.81,9.0,8.8,8.89,8.99,9038,0.81,2026-09-09
TOKYOPLAST,EQ,77.4,78.49,74.58,74.65,78.5,2024,1.53,2026-09-09
TOLINS,EQ,91.11,92.9,90.9,91.45,92.23,31300,28.57,2026-09-09
TOP100CASE,EQ,10.64,10.64,10.35,10.37,10.43,966569,100.42,2026-09-09
TOP10ADD,EQ,86.17,86.33,85.36,85.46,86.63,638719,547.06,2026-09-09
TOP15IETF,EQ,9.63,9.66,9.56,9.57,9.68,149833,14.36,2026-09-09
TOP20,EQ,8.78,8.78,8.67,8.67,8.78,67063,5.84,2026-09-09
TORNTPHARM,EQ,4960.0,4992.0,4925.0,4930.0,4960.0,165089,8155.2,2026-09-09
TORNTPOWER,EQ,1273.0,1322.4,1271.6,1305.7,1270.2,486733,6367.88,2026-09-09
TOTAL,EQ,77.0,79.0,74.3,75.25,73.72,36891,28.27,2026-09-09
TOUCHWOOD,EQ,61.06,61.4,60.1,61.0,61.06,375,0.23,2026-09-09
TOYAMSL,EQ,0.64,0.65,0.63,0.65,0.62,326303,2.1,2026-09-09
TPLPLASTEH,EQ,67.69,68.95,67.33,68.03,67.69,115475,78.68,2026-09-09
TRACXN,EQ,29.29,29.69,28.86,29.15,29.01,375201,109.85,2026-09-09
TRANSCOR,EQ,24.99,25.97,24.99,25.95,24.99,2330,0.58,2026-09-09
TRANSRAILL,EQ,420.0,433.3,420.0,424.05,419.0,461612,1966.61,2026-09-09
TRAVELFOOD,EQ,1295.0,1304.8,1269.2,1298.6,1295.5,27394,351.81,2026-09-09
TREEHOUSE,EQ,6.07,6.13,5.6,5.94,6.07,21266,1.24,2026-09-09
TREJHARA,EQ,148.95,149.8,144.01,147.76,149.11,20042,29.46,2026-09-09
TREL,EQ,26.72,27.31,26.05,26.99,26.72,213848,57.69,2026-09-09
TRENT,EQ,2793.6,2841.8,2782.0,2820.0,2793.6,601991,16967.32,2026-09-09
TRF,EQ,231.21,232.39,227.0,228.79,230.98,3357,7.72,2026-09-09
TRIDENT,EQ,23.9,24.07,23.75,23.79,23.86,1905033,454.42,2026-09-09
TRIGYN,EQ,56.95,61.5,56.51,57.39,56.92,73190,42.93,2026-09-09
TRITONV,EQ,1135.8,1146.0,1111.0,1140.6,1124.6,2202,25.01,2026-09-09
TRITURBINE,EQ,580.6,583.6,563.8,565.05,580.6,454425,2589.12,2026-09-09
TRIVENI,EQ,270.2,274.7,265.0,268.8,272.75,445094,1199.4,2026-09-09
TRU,EQ,4.13,4.34,4.04,4.18,4.06,122358,5.12,2026-09-09
TRUALT,EQ,415.7,428.6,415.0,421.15,415.7,119790,507.28,2026-09-09
TSFINV,EQ,422.3,430.65,416.0,422.9,422.3,86541,366.73,2026-09-09
TTKHLTCARE,EQ,1217.2,1247.0,1166.3,1184.0,1191.0,244268,2972.71,2026-09-09
TTKPRESTIG,EQ,549.0,554.5,540.25,541.35,549.2,60712,330.82,2026-09-09
TTL,EQ,7.05,7.25,6.61,6.84,6.83,296238,20.1,2026-09-09
TTML,EQ,36.55,36.55,36.0,36.13,36.49,1205146,437.02,2026-09-09
TURTLEMINT,EQ,139.1,139.1,133.8,134.62,139.86,423536,576.07,2026-09-09
TUTIALKA,EQ,59.8,61.0,58.05,58.38,59.91,14318,8.49,2026-09-09
TVSELECT,EQ,410.0,427.0,410.0,414.85,411.75,30987,129.26,2026-09-09
TVSHLTD,EQ,13377.0,13399.0,13050.0,13119.0,13377.0,5346,703.73,2026-09-09
TVSMOTOR,EQ,4102.0,4217.5,4071.3,4151.1,4133.2,1044264,43188.25,2026-09-09
TVSSCS,EQ,127.0,127.38,124.26,124.65,127.23,635388,798.31,2026-09-09
TVSSRICHAK,EQ,5350.0,5367.0,5150.0,5169.0,5340.0,7739,404.26,2026-09-09
TVTODAY,EQ,110.99,112.7,110.0,110.06,110.99,17754,19.58,2026-09-09
TWCGOLDETF,EQ,154.55,154.55,150.57,151.54,151.52,12189,18.5,2026-09-09
UBL,EQ,1252.0,1279.0,1245.0,1266.7,1252.5,189906,2407.15,2026-09-09
UCOBANK,EQ,24.14,24.24,23.93,23.98,24.18,4455335,1071.88,2026-09-09
UDAYJEW,EQ,167.25,176.75,167.25,174.55,167.17,366777,638.6,2026-09-09
UDS,EQ,217.0,217.02,205.64,207.42,215.77,449284,951.72,2026-09-09
UEL,EQ,208.0,215.31,207.15,207.15,218.05,24874,51.86,2026-09-09
UFLEX,EQ,686.75,701.05,677.3,680.15,686.75,154643,1063.44,2026-09-09
UFO,EQ,65.75,65.75,63.02,63.13,64.83,57074,36.31,2026-09-09
UGARSUGAR,EQ,53.29,53.51,50.0,50.49,53.29,369523,191.3,2026-09-09
UGROCAP,EQ,85.0,85.0,83.23,83.44,85.06,164949,138.22,2026-09-09
UJJIVANSFB,EQ,64.28,65.09,63.68,64.12,64.86,14563305,9367.35,2026-09-09
ULTRACEMCO,EQ,10975.0,10998.0,10860.0,10900.0,11009.0,325637,35589.84,2026-09-09
ULTRAMAR,EQ,426.2,431.0,420.3,427.5,421.45,35369,150.35,2026-09-09
UMESLTD,EQ,5.1,5.13,4.96,5.08,5.08,1680,0.08,2026-09-09
UMIYA-MRO,EQ,98.0,102.99,95.4,99.46,98.93,15283,15.14,2026-09-09
UNICHEMLAB,EQ,564.45,564.45,534.15,542.7,555.6,94121,511.66,2026-09-09
UNIECOM,EQ,83.76,86.08,82.55,85.5,84.13,308642,259.35,2026-09-09
UNIENTER,EQ,94.01,94.99,92.07,92.56,93.55,11028,10.25,2026-09-09
UNIINFO,EQ,11.2,11.25,10.81,11.25,11.05,2923,0.33,2026-09-09
UNIMECH,EQ,1649.0,1652.8,1542.0,1586.4,1629.6,399949,6335.29,2026-09-09
UNIONBANK,EQ,181.75,183.89,180.82,183.89,183.22,7080822,12929.36,2026-09-09
UNIONGOLD,EQ,149.5,152.8,148.4,149.0,148.85,1800,2.69,2026-09-09
UNIPARTS,EQ,896.0,908.95,888.25,894.05,898.0,142933,1284.0,2026-09-09
UNITDSPR,EQ,1438.0,1439.9,1395.2,1405.2,1440.0,493439,6933.53,2026-09-09
UNITECH,EQ,4.1,4.1,3.88,3.92,4.04,6591605,259.52,2026-09-09
UNITEDPOLY,EQ,43.0,43.0,41.84,42.93,42.78,110087,47.08,2026-09-09
UNITEDTEA,EQ,444.35,445.95,436.35,439.9,441.85,5647,24.84,2026-09-09
UNIVCABLES,EQ,1536.9,1564.0,1528.5,1543.6,1524.7,91480,1416.9,2026-09-09
UNOMINDA,EQ,1230.0,1237.0,1225.7,1229.0,1237.0,375564,4625.61,2026-09-09
UPHOT,EQ,1390.0,1400.0,1390.0,1400.0,1396.5,420,5.84,2026-09-09
UPL,EQ,573.5,578.35,568.55,575.7,576.75,1763304,10102.1,2026-09-09
URBANCO,EQ,170.5,173.0,166.0,171.59,171.77,5656330,9559.47,2026-09-09
URJA,EQ,9.08,9.18,9.02,9.05,9.08,777063,70.71,2026-09-09
USHAMART,EQ,499.8,502.1,494.05,498.65,499.85,273561,1361.42,2026-09-09
USK,EQ,21.0,21.55,20.56,20.86,20.88,30662,6.49,2026-09-09
UTIAMC,EQ,899.5,903.35,896.55,900.9,900.45,57773,520.23,2026-09-09
UTKARSHBNK,EQ,15.41,16.48,15.21,15.9,15.69,50487332,7994.5,2026-09-09
UTLSOLAR,EQ,435.2,454.3,435.2,451.5,435.2,356144,1587.19,2026-09-09
UTTAMSUGAR,EQ,287.4,290.0,279.6,283.75,287.55,213906,605.61,2026-09-09
V2RETAIL,EQ,219.08,220.77,216.18,219.67,220.17,1035755,2269.04,2026-09-09
VADILALIND,EQ,7499.0,7594.5,7422.5,7462.0,7534.5,8592,646.04,2026-09-09
VADILENT,EQ,10590.0,10590.0,10400.0,10401.0,10364.0,51,5.35,2026-09-09
VAIBHAVGBL,EQ,215.98,218.12,213.1,214.25,215.98,178200,384.37,2026-09-09
VAISHALI,EQ,8.47,8.47,8.05,8.14,8.34,166181,13.56,2026-09-09
VAKRANGEE,EQ,5.62,5.66,5.5,5.52,5.62,1423887,79.04,2026-09-09
VAL30IETF,EQ,15.11,15.13,15.0,15.05,15.0,855942,128.98,2026-09-09
VALUE,EQ,15.99,16.13,15.99,16.06,15.98,17546,2.82,2026-09-09
VALUEAXIS,EQ,32.85,32.97,32.6,32.73,32.62,46207,15.12,2026-09-09
VAML,EQ,436.2,449.7,434.0,445.3,436.6,6748411,30004.81,2026-09-09
VARDMNPOLY,EQ,5.89,6.0,5.82,5.91,5.89,188275,11.1,2026-09-09
VARROC,EQ,851.0,862.2,832.75,839.4,849.45,163818,1380.8,2026-09-09
VASCONEQ,EQ,29.89,30.69,29.6,29.7,29.87,236751,70.58,2026-09-09
VASUPRADA,EQ,103.0,103.0,103.0,103.0,103.0,36,0.04,2026-09-09
VASWANI,EQ,46.09,46.5,45.0,45.75,46.5,14935,6.81,2026-09-09
VBL,EQ,396.2,407.0,396.2,407.0,405.7,11284331,45304.77,2026-09-09
VEDAVAAG,EQ,18.99,19.08,18.16,18.51,18.83,7155,1.33,2026-09-09
VEDL,EQ,271.5,275.75,268.55,272.5,272.0,8634652,23621.88,2026-09-09
VEDPOWER,EQ,34.34,34.75,34.02,34.28,34.28,8453812,2909.66,2026-09-09
VEEDOL,EQ,1457.5,1467.1,1435.6,1437.0,1454.0,8441,121.79,2026-09-09
VENKEYS,EQ,1710.0,1727.8,1680.0,1694.7,1709.0,62910,1067.87,2026-09-09
VENTIVE,EQ,572.55,574.0,554.85,569.7,571.5,66140,373.4,2026-09-09
VENUSPIPES,EQ,1945.0,1998.0,1907.0,1930.1,1949.9,287398,5641.6,2026-09-09
VERANDA,EQ,234.16,236.7,230.49,233.79,232.73,146699,341.9,2026-09-09
VERTOZ,EQ,38.8,39.0,37.8,38.1,38.38,26874,10.3,2026-09-09
VESUVIUS,EQ,423.0,438.0,419.75,420.85,421.85,175627,755.08,2026-09-09
VGCL,EQ,52.0,52.0,48.15,48.27,50.66,8103,3.99,2026-09-09
VGL,EQ,53.0,55.45,51.62,54.77,53.26,37102,20.04,2026-09-09
VGUARD,EQ,330.05,335.15,326.15,326.95,330.05,454074,1495.26,2026-09-09
VHL,EQ,3600.0,3681.0,3420.2,3453.6,3631.4,3434,119.85,2026-09-09
VIDHIING,EQ,358.4,365.0,347.55,350.2,356.45,59111,209.78,2026-09-09
VIDYAWIRES,EQ,89.09,91.7,88.67,89.76,89.09,974594,879.25,2026-09-09
VIJAYA,EQ,1501.8,1578.0,1476.7,1498.9,1503.0,569495,8707.31,2026-09-09
VIJSOLX,EQ,670.0,676.65,632.0,642.5,663.9,1478,9.52,2026-09-09
VIKASECO,EQ,1.05,1.08,1.05,1.06,1.05,1762614,18.83,2026-09-09
VIKASLIFE,EQ,1.28,1.29,1.25,1.25,1.28,1436150,18.24,2026-09-09
VIKRAMSOLR,EQ,167.55,169.43,166.1,166.59,169.28,1713809,2862.35,2026-09-09
VIKRAN,EQ,59.0,59.19,58.3,58.5,59.14,589225,346.41,2026-09-09
VIMTALABS,EQ,625.0,638.75,617.35,628.15,625.8,176456,1106.24,2026-09-09
VINATIORGA,EQ,1347.8,1348.0,1323.1,1334.4,1347.8,42455,567.78,2026-09-09
VINCOFE,EQ,177.9,179.7,174.67,178.4,178.34,2464634,4363.77,2026-09-09
VINDHYATEL,EQ,2794.0,2951.0,2777.8,2916.4,2793.7,163314,4734.4,2026-09-09
VINEETLAB,EQ,37.9,38.78,36.88,37.14,36.94,73018,27.53,2026-09-09
VINNY,EQ,1.0,1.02,0.99,1.0,1.0,234737,2.36,2026-09-09
VINYLINDIA,EQ,227.0,228.0,222.0,222.62,224.57,5240,11.75,2026-09-09
VIPCLOTHNG,EQ,20.5,22.0,20.5,21.47,20.26,204395,43.06,2026-09-09
VIPIND,EQ,308.2,311.95,303.5,305.0,309.6,340693,1045.07,2026-09-09
VIRAT,EQ,436.2,469.75,436.2,450.2,460.35,6736,30.43,2026-09-09
VIRINCHI,EQ,14.36,14.36,14.0,14.17,14.05,36907,5.23,2026-09-09
VISACHROME,EQ,37.89,38.45,35.09,35.09,36.93,102411,36.36,2026-09-09
VISAKAIND,EQ,93.1,93.1,91.35,91.99,93.12,143775,132.35,2026-09-09
VISHAL,EQ,18.8,18.8,18.11,18.21,18.39,21745,3.99,2026-09-09
VISHNU,EQ,740.8,741.0,704.25,709.05,731.55,181853,1307.85,2026-09-09
VISHWARAJ,EQ,5.94,5.94,5.62,5.66,5.86,406094,23.31,2026-09-09
VISL,EQ,34.08,34.34,33.26,33.38,33.97,30736292,10315.35,2026-09-09
VITAL,EQ,57.6,57.6,54.2,55.46,55.4,1748,0.97,2026-09-09
VIVIANA,EQ,739.9,773.9,732.05,769.55,740.85,33047,250.71,2026-09-09
VIVIDHA,EQ,0.51,0.54,0.51,0.52,0.52,132103,0.69,2026-09-09
VIVOBIOT,EQ,19.01,19.2,18.46,18.64,19.01,8752,1.64,2026-09-09
VIYASH,EQ,261.0,262.45,256.55,261.9,261.95,2327034,6039.48,2026-09-09
VLEGOV,EQ,10.31,10.8,10.12,10.34,10.36,61183,6.37,2026-09-09
VLSFINANCE,EQ,245.0,247.92,245.0,246.31,246.08,6221,15.31,2026-09-09
VMART,EQ,820.95,828.0,815.95,821.2,824.65,101696,835.16,2026-09-09
VMM,EQ,103.99,103.99,102.52,103.18,103.9,6949596,7165.85,2026-09-09
VMSTMT,EQ,44.48,44.83,44.01,44.11,44.83,22344,9.91,2026-09-09
VOEPL,EQ,549.7,558.2,531.7,552.45,549.7,107371,584.13,2026-09-09
VOGL,EQ,36.5,37.04,36.2,36.27,36.65,28877181,10529.07,2026-09-09
VOITHPAPR,EQ,1492.0,1518.0,1465.0,1488.4,1490.8,454,6.75,2026-09-09
VOLTAMP,EQ,11300.0,11425.0,11011.0,11069.0,11365.0,17603,1976.89,2026-09-09
VOLTAS,EQ,1144.0,1147.0,1136.0,1143.8,1144.8,475069,5421.5,2026-09-09
VPRPL,EQ,37.7,37.7,34.85,35.11,36.35,814216,293.37,2026-09-09
VRAJ,EQ,121.44,125.5,120.5,124.5,121.44,29237,36.25,2026-09-09
VRLLOG,EQ,294.95,294.95,287.2,288.35,293.75,119096,345.02,2026-09-09
VSSL,EQ,358.6,368.1,352.8,362.75,356.6,78919,283.72,2026-09-09
VSTIND,EQ,205.5,209.31,205.1,208.59,206.74,122818,253.96,2026-09-09
VSTL,EQ,126.0,126.0,121.5,123.41,124.44,12007,14.84,2026-09-09
VSTTILLERS,EQ,4124.0,4137.5,4064.0,4074.3,4127.5,9863,403.63,2026-09-09
VTL,EQ,587.95,591.85,579.1,583.0,584.4,175793,1025.87,2026-09-09
VTMLTD,EQ,55.26,57.98,54.0,55.8,56.58,6773,3.81,2026-09-09
WAAREEENER,EQ,2571.0,2599.0,2560.5,2568.0,2571.0,282648,7286.52,2026-09-09
WAAREEINDO,EQ,262.55,270.0,259.1,261.1,262.05,83420,220.5,2026-09-09
WAAREERTL,EQ,841.25,845.0,832.05,833.5,845.25,94062,787.8,2026-09-09
WABAG,EQ,2011.3,2188.0,2011.3,2130.9,2008.4,2441516,52360.0,2026-09-09
WAKEFIT,EQ,153.0,154.54,149.51,152.64,153.05,614979,936.29,2026-09-09
WALCHANNAG,EQ,218.43,218.43,210.68,211.78,219.1,447376,958.93,2026-09-09
WANBURY,EQ,245.1,249.75,243.1,244.75,247.7,60141,148.22,2026-09-09
WARDINMOBI,EQ,5.9,5.9,5.68,5.73,5.77,217866,12.48,2026-09-09
WATERBASE,EQ,48.1,48.2,47.0,47.17,48.03,12104,5.73,2026-09-09
WCIL,EQ,84.0,85.99,82.1,84.14,82.48,121217,102.34,2026-09-09
WEALTH,EQ,844.0,854.0,841.0,848.35,835.75,695,5.88,2026-09-09
WEBELSOLAR,EQ,75.4,78.76,75.01,78.36,75.01,3125206,2439.62,2026-09-09
WEIZMANIND,EQ,75.28,75.28,72.3,72.57,73.61,477,0.35,2026-09-09
WEL,EQ,69.39,72.85,68.04,72.85,69.39,1058750,756.89,2026-09-09
WELCORP,EQ,2602.9,2652.0,2586.1,2608.5,2599.5,759849,19847.0,2026-09-09
WELENT,EQ,789.95,790.6,776.0,782.85,790.0,160929,1260.61,2026-09-09
WELSPLSOL,EQ,57.29,59.5,56.63,56.95,57.11,914578,530.54,2026-09-09
WELSPUNLIV,EQ,211.8,214.7,207.55,210.28,207.87,8012610,16857.03,2026-09-09
WENDT,EQ,8430.0,8450.0,8200.0,8230.5,8419.0,5305,438.51,2026-09-09
WESTLIFE,EQ,538.25,579.75,533.0,561.5,538.25,543690,3048.32,2026-09-09
WEWIN,EQ,42.9,42.9,42.05,42.05,41.85,195,0.08,2026-09-09
WEWORK,EQ,662.4,685.5,661.6,674.7,667.35,134282,905.97,2026-09-09
WHBRADY,EQ,484.2,484.2,484.0,484.0,481.5,9,0.04,2026-09-09
WHEELS,EQ,2110.0,2450.0,2110.0,2400.6,2106.4,6608762,156297.18,2026-09-09
WHIRLPOOL,EQ,801.9,805.95,788.0,795.0,805.0,167593,1330.47,2026-09-09
WILLAMAGOR,EQ,24.64,24.64,23.61,24.02,23.73,1616,0.38,2026-09-09
WINDLAS,EQ,1145.0,1174.75,1132.75,1142.45,1146.1,145841,1683.13,2026-09-09
WINDMACHIN,EQ,305.4,306.2,299.65,301.45,305.6,20771,62.91,2026-09-09
WIPL,EQ,167.99,171.39,167.6,169.52,167.99,839,1.42,2026-09-09
WIPRO,EQ,168.7,169.15,166.37,167.0,171.5,12001620,20128.31,2026-09-09
WOCKPHARMA,EQ,2225.0,2272.9,2196.0,2248.8,2224.0,1394874,31286.9,2026-09-09
WONDERLA,EQ,519.4,524.95,510.2,517.1,518.4,29909,154.25,2026-09-09
WORTHPERI,EQ,159.8,159.8,150.05,151.93,155.99,15250,23.23,2026-09-09
WPIL,EQ,430.0,440.4,427.0,427.75,428.6,21399,91.94,2026-09-09
WSI,EQ,61.69,62.0,58.91,59.11,59.75,57431,34.21,2026-09-09
WSTCSTPAPR,EQ,677.1,685.5,664.0,667.55,681.2,126973,856.56,2026-09-09
XCHANGING,EQ,64.12,64.99,62.04,63.28,64.08,78595,49.35,2026-09-09
XELPMOC,EQ,77.61,79.3,76.1,77.47,77.61,6890,5.35,2026-09-09
XPROINDIA,EQ,1393.8,1393.8,1291.8,1301.4,1389.7,85041,1122.68,2026-09-09
XTGLOBAL,EQ,31.26,31.89,29.5,30.87,31.11,51263,15.78,2026-09-09
XTRANET,EQ,268.52,293.37,268.52,293.37,266.7,5261019,15031.11,2026-09-09
YASHO,EQ,4075.0,4115.9,3948.1,3988.9,4079.9,30608,1229.74,2026-09-09
YATHARTH,EQ,971.0,995.6,971.0,989.7,969.9,233441,2301.7,2026-09-09
YATRA,EQ,113.18,115.99,112.9,115.17,113.64,1456925,1670.08,2026-09-09
YESBANK,EQ,22.45,22.58,22.37,22.42,22.52,38540281,8665.84,2026-09-09
YOGI,EQ,163.0,163.0,152.0,161.94,155.05,49,0.08,2026-09-09
YUKEN,EQ,1018.0,1084.0,1000.1,1067.7,1017.35,38375,403.85,2026-09-09
ZAGGLE,EQ,180.0,181.01,176.15,177.06,180.11,813875,1447.52,2026-09-09
ZEEL,EQ,86.5,87.18,84.81,85.71,86.31,12868445,11016.89,2026-09-09
ZEEMEDIA,EQ,7.94,7.95,7.58,7.7,7.94,1750424,136.29,2026-09-09
ZENITHEXPO,EQ,205.0,206.85,204.9,204.98,197.0,18,0.04,2026-09-09
ZENITHSTL,EQ,6.1,6.2,5.99,6.06,6.1,92313,5.59,2026-09-09
ZENSARTECH,EQ,450.55,450.55,435.1,436.95,450.55,870647,3826.51,2026-09-09
ZENTEC,EQ,1820.0,1853.9,1756.5,1762.3,1825.0,447868,7994.14,2026-09-09
ZFCVINDIA,EQ,2517.4,2517.4,2446.9,2469.9,2517.4,88800,2190.81,2026-09-09
ZFSTEERING,EQ,674.0,681.95,671.05,680.05,670.3,6549,44.39,2026-09-09
ZIMLAB,EQ,128.2,135.0,126.76,133.35,129.1,170175,225.97,2026-09-09
ZODIAC,EQ,239.44,239.44,232.21,233.46,235.28,7149,16.72,2026-09-09
ZODIACLOTH,EQ,71.5,72.0,69.99,71.03,71.5,3803,2.69,2026-09-09
ZOTA,EQ,1105.8,1123.9,1095.9,1114.3,1113.1,42339,470.08,2026-09-09
ZSARACOM,EQ,11276.0,11499.0,10980.0,11002.0,11276.0,43,4.81,2026-09-09
ZUARI,EQ,226.83,228.8,224.41,225.63,227.96,42224,95.54,2026-09-09
ZUARIIND,EQ,277.55,279.5,273.0,273.55,278.45,32325,89.24,2026-09-09
ZYDUSLIFE,EQ,1150.0,1158.0,1126.5,1127.4,1145.5,1185373,13421.99,2026-09-09
ZYDUSWELL,EQ,558.25,561.35,551.4,554.2,558.15,195180,1085.37,2026-09-09
